Outbound From,Destination,ArrivalCountry,Inbound To,Departure Date,Return Date,Trip Duration (Days),Outbound Price,Inbound Price,Total Price,IATA_Departure,IATA_Destination,IATA_Return,Round_Trip_Link,Route,AvgPrice,z_score,price_yesterday,price_change_percent
Gdańsk,Oslo,Norwegia,Gdańsk,2026-08-27,2026-08-31,4,61.81,64.61,126.42,GDN,OSLO,GDN,https://www.skyscanner.net/g/referrals/v1/flights/day-view/?origin=gdn&destination=oslo&outboundDate=2026-08-27&inboundDate=2026-08-31&market=PL&locale=pl-PL&currency=PLN&mediaPartnerId=6439681,Gdańsk-Oslo,231.32893719806762,-1.9810622778247176,123.6,2.28
Gdańsk,Oslo,Norwegia,Gdańsk,2026-08-28,2026-08-31,3,61.81,64.61,126.42,GDN,OSLO,GDN,https://www.skyscanner.net/g/referrals/v1/flights/day-view/?origin=gdn&destination=oslo&outboundDate=2026-08-28&inboundDate=2026-08-31&market=PL&locale=pl-PL&currency=PLN&mediaPartnerId=6439681,Gdańsk-Oslo,231.32893719806762,-1.9810622778247176,123.6,2.28
Wrocław,Oslo,Norwegia,Gdańsk,2026-08-28,2026-08-31,3,64.61,64.61,129.22,WRO,OSLO,GDN,https://skyscanner.net/g/referrals/v1/flights/multicity/?mediaPartnerId=6439681&origin0=wro&date0=2026-08-28&destination0=oslo&origin1=oslo&date1=2026-08-31&destination1=gdn&adultsv2=1&market=PL&locale=pl-PL&currency=PLN,Wrocław-Oslo,242.39209302325582,-2.4418390117619024,126.4,2.23
Gdańsk,Oslo,Norwegia,Gdańsk,2026-08-29,2026-08-31,2,66.11,64.61,130.72,GDN,OSLO,GDN,https://www.skyscanner.net/g/referrals/v1/flights/day-view/?origin=gdn&destination=oslo&outboundDate=2026-08-29&inboundDate=2026-08-31&market=PL&locale=pl-PL&currency=PLN&mediaPartnerId=6439681,Gdańsk-Oslo,231.32893719806762,-1.8998626391460485,127.9,2.2
Gdańsk,Oslo,Norwegia,Gdańsk,2026-08-26,2026-08-31,5,66.11,64.61,130.72,GDN,OSLO,GDN,https://www.skyscanner.net/g/referrals/v1/flights/day-view/?origin=gdn&destination=oslo&outboundDate=2026-08-26&inboundDate=2026-08-31&market=PL&locale=pl-PL&currency=PLN&mediaPartnerId=6439681,Gdańsk-Oslo,231.32893719806762,-1.8998626391460485,127.9,2.2
Gdańsk,Oslo,Norwegia,Gdańsk,2026-08-22,2026-08-25,3,66.11,66.11,132.22,GDN,OSLO,GDN,https://www.skyscanner.net/g/referrals/v1/flights/day-view/?origin=gdn&destination=oslo&outboundDate=2026-08-22&inboundDate=2026-08-25&market=PL&locale=pl-PL&currency=PLN&mediaPartnerId=6439681,Gdańsk-Oslo,231.32893719806762,-1.8715371837930241,135.0,-2.06
Gdańsk,Oslo,Norwegia,Gdańsk,2026-08-21,2026-08-25,4,66.11,66.11,132.22,GDN,OSLO,GDN,https://www.skyscanner.net/g/referrals/v1/flights/day-view/?origin=gdn&destination=oslo&outboundDate=2026-08-21&inboundDate=2026-08-25&market=PL&locale=pl-PL&currency=PLN&mediaPartnerId=6439681,Gdańsk-Oslo,231.32893719806762,-1.8715371837930241,132.2,0.02
Gdańsk,Oslo,Norwegia,Gdańsk,2026-08-21,2026-08-23,2,66.11,66.11,132.22,GDN,OSLO,GDN,https://www.skyscanner.net/g/referrals/v1/flights/day-view/?origin=gdn&destination=oslo&outboundDate=2026-08-21&inboundDate=2026-08-23&market=PL&locale=pl-PL&currency=PLN&mediaPartnerId=6439681,Gdańsk-Oslo,231.32893719806762,-1.8715371837930241,132.2,0.02
Gdańsk,Oslo,Norwegia,Gdańsk,2026-08-27,2026-08-31,4,69.0,64.61,133.61,GDN,OSLO,GDN,https://www.skyscanner.net/g/referrals/v1/flights/day-view/?origin=gdn&destination=oslo&outboundDate=2026-08-27&inboundDate=2026-08-31&market=PL&locale=pl-PL&currency=PLN&mediaPartnerId=6439681,Gdańsk-Oslo,231.32893719806762,-1.8452889284992215,123.6,8.1
Gdańsk,Oslo,Norwegia,Gdańsk,2026-08-28,2026-08-31,3,69.0,64.61,133.61,GDN,OSLO,GDN,https://www.skyscanner.net/g/referrals/v1/flights/day-view/?origin=gdn&destination=oslo&outboundDate=2026-08-28&inboundDate=2026-08-31&market=PL&locale=pl-PL&currency=PLN&mediaPartnerId=6439681,Gdańsk-Oslo,231.32893719806762,-1.8452889284992215,123.6,8.1
Gdańsk,Oslo,Norwegia,Gdańsk,2026-08-26,2026-08-31,5,69.0,64.61,133.61,GDN,OSLO,GDN,https://www.skyscanner.net/g/referrals/v1/flights/day-view/?origin=gdn&destination=oslo&outboundDate=2026-08-26&inboundDate=2026-08-31&market=PL&locale=pl-PL&currency=PLN&mediaPartnerId=6439681,Gdańsk-Oslo,231.32893719806762,-1.8452889284992215,127.9,4.46
Gdańsk,Gotenburg,Szwecja,Gdańsk,2026-08-26,2026-08-30,4,68.8,66.11,134.91,GDN,GOT,GDN,https://www.skyscanner.net/g/referrals/v1/flights/day-view/?origin=gdn&destination=got&outboundDate=2026-08-26&inboundDate=2026-08-30&market=PL&locale=pl-PL&currency=PLN&mediaPartnerId=6439681,Gdańsk-Gotenburg,189.61499999999998,-1.612334351118394,134.89999999999998,0.01
Gdańsk,Gotenburg,Szwecja,Gdańsk,2026-08-26,2026-08-31,5,68.8,66.18,134.98000000000002,GDN,GOT,GDN,https://www.skyscanner.net/g/referrals/v1/flights/day-view/?origin=gdn&destination=got&outboundDate=2026-08-26&inboundDate=2026-08-31&market=PL&locale=pl-PL&currency=PLN&mediaPartnerId=6439681,Gdańsk-Gotenburg,189.61499999999998,-1.610271223349848,134.98000000000002,0.0
Gdańsk,Oslo,Norwegia,Gdańsk,2026-08-22,2026-08-26,4,66.11,68.91,135.01999999999998,GDN,OSLO,GDN,https://www.skyscanner.net/g/referrals/v1/flights/day-view/?origin=gdn&destination=oslo&outboundDate=2026-08-22&inboundDate=2026-08-26&market=PL&locale=pl-PL&currency=PLN&mediaPartnerId=6439681,Gdańsk-Oslo,231.32893719806762,-1.8186630004673796,137.8,-2.02
Gdańsk,Oslo,Norwegia,Gdańsk,2026-08-21,2026-08-26,5,66.11,68.91,135.01999999999998,GDN,OSLO,GDN,https://www.skyscanner.net/g/referrals/v1/flights/day-view/?origin=gdn&destination=oslo&outboundDate=2026-08-21&inboundDate=2026-08-26&market=PL&locale=pl-PL&currency=PLN&mediaPartnerId=6439681,Gdańsk-Oslo,231.32893719806762,-1.8186630004673796,135.0,0.01
Gdańsk,Oslo,Norwegia,Gdańsk,2026-08-25,2026-08-31,6,71.15,64.61,135.76,GDN,OSLO,GDN,https://www.skyscanner.net/g/referrals/v1/flights/day-view/?origin=gdn&destination=oslo&outboundDate=2026-08-25&inboundDate=2026-08-31&market=PL&locale=pl-PL&currency=PLN&mediaPartnerId=6439681,Gdańsk-Oslo,231.32893719806762,-1.8046891091598876,130.7,3.87
Kraków,Oslo,Norwegia,Gdańsk,2026-08-29,2026-08-31,2,71.96,64.61,136.57,KRK,OSLO,GDN,https://skyscanner.net/g/referrals/v1/flights/multicity/?mediaPartnerId=6439681&origin0=krk&date0=2026-08-29&destination0=oslo&origin1=oslo&date1=2026-08-31&destination1=gdn&adultsv2=1&market=PL&locale=pl-PL&currency=PLN,Kraków-Oslo,324.6316393442623,-2.2214368574446617,133.75,2.11
Gdańsk,Oslo,Norwegia,Gdańsk,2026-08-22,2026-08-27,5,66.11,70.76,136.87,GDN,OSLO,GDN,https://www.skyscanner.net/g/referrals/v1/flights/day-view/?origin=gdn&destination=oslo&outboundDate=2026-08-22&inboundDate=2026-08-27&market=PL&locale=pl-PL&currency=PLN&mediaPartnerId=6439681,Gdańsk-Oslo,231.32893719806762,-1.7837282721986494,139.66000000000005,-2.0
Gdańsk,Oslo,Norwegia,Gdańsk,2026-08-21,2026-08-27,6,66.11,70.76,136.87,GDN,OSLO,GDN,https://www.skyscanner.net/g/referrals/v1/flights/day-view/?origin=gdn&destination=oslo&outboundDate=2026-08-21&inboundDate=2026-08-27&market=PL&locale=pl-PL&currency=PLN&mediaPartnerId=6439681,Gdańsk-Oslo,231.32893719806762,-1.7837282721986494,136.86,0.01
Gdańsk,Oslo,Norwegia,Gdańsk,2026-08-25,2026-08-27,2,71.15,70.76,141.91000000000003,GDN,OSLO,GDN,https://www.skyscanner.net/g/referrals/v1/flights/day-view/?origin=gdn&destination=oslo&outboundDate=2026-08-25&inboundDate=2026-08-27&market=PL&locale=pl-PL&currency=PLN&mediaPartnerId=6439681,Gdańsk-Oslo,231.32893719806762,-1.6885547422124878,139.66000000000005,1.61
Kraków,Oslo,Norwegia,Gdańsk,2026-08-27,2026-08-31,4,77.49,64.61,142.1,KRK,OSLO,GDN,https://skyscanner.net/g/referrals/v1/flights/multicity/?mediaPartnerId=6439681&origin0=krk&date0=2026-08-27&destination0=oslo&origin1=oslo&date1=2026-08-31&destination1=gdn&adultsv2=1&market=PL&locale=pl-PL&currency=PLN,Kraków-Oslo,324.6316393442623,-2.156114945626265,139.2,2.08
Kraków,Oslo,Norwegia,Gdańsk,2026-08-28,2026-08-31,3,78.89,64.61,143.5,KRK,OSLO,GDN,https://skyscanner.net/g/referrals/v1/flights/multicity/?mediaPartnerId=6439681&origin0=krk&date0=2026-08-28&destination0=oslo&origin1=oslo&date1=2026-08-31&destination1=gdn&adultsv2=1&market=PL&locale=pl-PL&currency=PLN,Kraków-Oslo,324.6316393442623,-2.1395777527608484,139.2,3.09
Poznań,Oslo,Norwegia,Gdańsk,2026-08-29,2026-08-31,2,78.98,64.61,143.59,POZ,OSLO,GDN,https://skyscanner.net/g/referrals/v1/flights/multicity/?mediaPartnerId=6439681&origin0=poz&date0=2026-08-29&destination0=oslo&origin1=oslo&date1=2026-08-31&destination1=gdn&adultsv2=1&market=PL&locale=pl-PL&currency=PLN,Poznań-Oslo,245.58100000000002,-2.2915152568434927,135.22,6.19
Gdańsk,Oslo,Norwegia,Gdańsk,2026-08-27,2026-08-29,2,61.81,82.38,144.19,GDN,OSLO,GDN,https://www.skyscanner.net/g/referrals/v1/flights/day-view/?origin=gdn&destination=oslo&outboundDate=2026-08-27&inboundDate=2026-08-29&market=PL&locale=pl-PL&currency=PLN&mediaPartnerId=6439681,Gdańsk-Oslo,231.32893719806762,-1.6455000500758918,142.45999999999998,1.21
Gdańsk,Gotenburg,Szwecja,Gdańsk,2026-08-27,2026-08-30,3,79.0,66.11,145.11,GDN,GOT,GDN,https://www.skyscanner.net/g/referrals/v1/flights/day-view/?origin=gdn&destination=got&outboundDate=2026-08-27&inboundDate=2026-08-30&market=PL&locale=pl-PL&currency=PLN&mediaPartnerId=6439681,Gdańsk-Gotenburg,189.61499999999998,-1.3117071619874618,143.5,1.12
Gdańsk,Gotenburg,Szwecja,Gdańsk,2026-08-28,2026-08-30,2,79.0,66.11,145.11,GDN,GOT,GDN,https://www.skyscanner.net/g/referrals/v1/flights/day-view/?origin=gdn&destination=got&outboundDate=2026-08-28&inboundDate=2026-08-30&market=PL&locale=pl-PL&currency=PLN&mediaPartnerId=6439681,Gdańsk-Gotenburg,189.61499999999998,-1.3117071619874618,145.1,0.01
Gdańsk,Gotenburg,Szwecja,Gdańsk,2026-08-27,2026-08-31,4,79.0,66.18,145.18,GDN,GOT,GDN,https://www.skyscanner.net/g/referrals/v1/flights/day-view/?origin=gdn&destination=got&outboundDate=2026-08-27&inboundDate=2026-08-31&market=PL&locale=pl-PL&currency=PLN&mediaPartnerId=6439681,Gdańsk-Gotenburg,189.61499999999998,-1.3096440342189164,143.58,1.11
Gdańsk,Gotenburg,Szwecja,Gdańsk,2026-08-28,2026-08-31,3,79.0,66.18,145.18,GDN,GOT,GDN,https://www.skyscanner.net/g/referrals/v1/flights/day-view/?origin=gdn&destination=got&outboundDate=2026-08-28&inboundDate=2026-08-31&market=PL&locale=pl-PL&currency=PLN&mediaPartnerId=6439681,Gdańsk-Gotenburg,189.61499999999998,-1.3096440342189164,145.18,0.0
Gdańsk,Aarhus,Dania,Gdańsk,2026-08-27,2026-08-30,3,68.8,77.49,146.29,GDN,AAR,GDN,https://www.skyscanner.net/g/referrals/v1/flights/day-view/?origin=gdn&destination=aar&outboundDate=2026-08-27&inboundDate=2026-08-30&market=PL&locale=pl-PL&currency=PLN&mediaPartnerId=6439681,Gdańsk-Aarhus,180.945625,-2.067975198488764,146.2,0.06
Gdańsk,Skelleftea,Szwecja,Gdańsk,2026-08-27,2026-08-30,3,67.66,78.85,146.51,GDN,SFT,GDN,https://www.skyscanner.net/g/referrals/v1/flights/day-view/?origin=gdn&destination=sft&outboundDate=2026-08-27&inboundDate=2026-08-30&market=PL&locale=pl-PL&currency=PLN&mediaPartnerId=6439681,Gdańsk-Skelleftea,154.04333333333332,-1.1545364429341978,146.49,0.01
Gdańsk,Oslo,Norwegia,Gdańsk,2026-08-22,2026-08-29,7,66.11,82.38,148.49,GDN,OSLO,GDN,https://www.skyscanner.net/g/referrals/v1/flights/day-view/?origin=gdn&destination=oslo&outboundDate=2026-08-22&inboundDate=2026-08-29&market=PL&locale=pl-PL&currency=PLN&mediaPartnerId=6439681,Gdańsk-Oslo,231.32893719806762,-1.5643004113972223,149.56,-0.72
Gdańsk,Oslo,Norwegia,Gdańsk,2026-08-26,2026-08-29,3,66.11,82.38,148.49,GDN,OSLO,GDN,https://www.skyscanner.net/g/referrals/v1/flights/day-view/?origin=gdn&destination=oslo&outboundDate=2026-08-26&inboundDate=2026-08-29&market=PL&locale=pl-PL&currency=PLN&mediaPartnerId=6439681,Gdańsk-Oslo,231.32893719806762,-1.5643004113972223,146.76,1.18
Gdańsk,Oslo,Norwegia,Gdańsk,2026-08-22,2026-08-24,2,66.11,83.67,149.78,GDN,OSLO,GDN,https://www.skyscanner.net/g/referrals/v1/flights/day-view/?origin=gdn&destination=oslo&outboundDate=2026-08-22&inboundDate=2026-08-24&market=PL&locale=pl-PL&currency=PLN&mediaPartnerId=6439681,Gdańsk-Oslo,231.32893719806762,-1.5399405197936218,152.57,-1.83
Gdańsk,Oslo,Norwegia,Gdańsk,2026-08-21,2026-08-24,3,66.11,83.67,149.78,GDN,OSLO,GDN,https://www.skyscanner.net/g/referrals/v1/flights/day-view/?origin=gdn&destination=oslo&outboundDate=2026-08-21&inboundDate=2026-08-24&market=PL&locale=pl-PL&currency=PLN&mediaPartnerId=6439681,Gdańsk-Oslo,231.32893719806762,-1.5399405197936218,149.76999999999998,0.01
Gdańsk,Aarhus,Dania,Gdańsk,2026-08-28,2026-08-30,2,72.4,77.49,149.89,GDN,AAR,GDN,https://www.skyscanner.net/g/referrals/v1/flights/day-view/?origin=gdn&destination=aar&outboundDate=2026-08-28&inboundDate=2026-08-30&market=PL&locale=pl-PL&currency=PLN&mediaPartnerId=6439681,Gdańsk-Aarhus,180.945625,-1.8531555057387552,149.78,0.07
Wrocław,Oslo,Norwegia,Gdańsk,2026-08-27,2026-08-31,4,86.1,64.61,150.70999999999998,WRO,OSLO,GDN,https://skyscanner.net/g/referrals/v1/flights/multicity/?mediaPartnerId=6439681&origin0=wro&date0=2026-08-27&destination0=oslo&origin1=oslo&date1=2026-08-31&destination1=gdn&adultsv2=1&market=PL&locale=pl-PL&currency=PLN,Wrocław-Oslo,242.39209302325582,-1.9781635688063666,139.2,8.27
Gdańsk,Oslo,Norwegia,Gdańsk,2026-08-26,2026-08-29,3,69.0,82.38,151.38,GDN,OSLO,GDN,https://www.skyscanner.net/g/referrals/v1/flights/day-view/?origin=gdn&destination=oslo&outboundDate=2026-08-26&inboundDate=2026-08-29&market=PL&locale=pl-PL&currency=PLN&mediaPartnerId=6439681,Gdańsk-Oslo,231.32893719806762,-1.509726700750396,146.76,3.15
Gdańsk,Oslo,Norwegia,Gdańsk,2026-08-27,2026-08-29,2,69.0,82.38,151.38,GDN,OSLO,GDN,https://www.skyscanner.net/g/referrals/v1/flights/day-view/?origin=gdn&destination=oslo&outboundDate=2026-08-27&inboundDate=2026-08-29&market=PL&locale=pl-PL&currency=PLN&mediaPartnerId=6439681,Gdańsk-Oslo,231.32893719806762,-1.509726700750396,142.45999999999998,6.26
Warszawa,Bratysława,Słowacja,Warszawa,2026-08-22,2026-08-26,4,88.07,64.61,152.68,WARS,BTS,WARS,https://www.skyscanner.net/g/referrals/v1/flights/day-view/?origin=wars&destination=bts&outboundDate=2026-08-22&inboundDate=2026-08-26&market=PL&locale=pl-PL&currency=PLN&mediaPartnerId=6439681,Warszawa-Bratysława,187.3322222222222,-1.8797219265823384,,0.0
Gdańsk,Oslo,Norwegia,Gdańsk,2026-08-25,2026-08-29,4,71.15,82.38,153.53,GDN,OSLO,GDN,https://www.skyscanner.net/g/referrals/v1/flights/day-view/?origin=gdn&destination=oslo&outboundDate=2026-08-25&inboundDate=2026-08-29&market=PL&locale=pl-PL&currency=PLN&mediaPartnerId=6439681,Gdańsk-Oslo,231.32893719806762,-1.4691268814110614,149.56,2.65
Warszawa,Bratysława,Słowacja,Warszawa,2026-08-25,2026-08-27,2,77.49,77.49,154.98,WARS,BTS,WARS,https://www.skyscanner.net/g/referrals/v1/flights/day-view/?origin=wars&destination=bts&outboundDate=2026-08-25&inboundDate=2026-08-27&market=PL&locale=pl-PL&currency=PLN&mediaPartnerId=6439681,Warszawa-Bratysława,187.3322222222222,-1.7549576213261286,154.8,0.12
Kraków,Oslo,Norwegia,Gdańsk,2026-08-26,2026-08-31,5,90.41,64.61,155.01999999999998,KRK,OSLO,GDN,https://skyscanner.net/g/referrals/v1/flights/multicity/?mediaPartnerId=6439681&origin0=krk&date0=2026-08-26&destination0=oslo&origin1=oslo&date1=2026-08-31&destination1=gdn&adultsv2=1&market=PL&locale=pl-PL&currency=PLN,Kraków-Oslo,324.6316393442623,-2.003500280039704,139.2,11.36
Poznań,Oslo,Norwegia,Gdańsk,2026-08-25,2026-08-31,6,90.41,64.61,155.01999999999998,POZ,OSLO,GDN,https://skyscanner.net/g/referrals/v1/flights/multicity/?mediaPartnerId=6439681&origin0=poz&date0=2026-08-25&destination0=oslo&origin1=oslo&date1=2026-08-31&destination1=gdn&adultsv2=1&market=PL&locale=pl-PL&currency=PLN,Poznań-Oslo,245.58100000000002,-2.034708093606334,139.2,11.36
Gdańsk,Oslo,Norwegia,Gdańsk,2026-08-27,2026-08-30,3,61.81,93.86,155.67000000000002,GDN,OSLO,GDN,https://www.skyscanner.net/g/referrals/v1/flights/day-view/?origin=gdn&destination=oslo&outboundDate=2026-08-27&inboundDate=2026-08-30&market=PL&locale=pl-PL&currency=PLN&mediaPartnerId=6439681,Gdańsk-Oslo,231.32893719806762,-1.4287158984407469,148.07,5.13
Gdańsk,Oslo,Norwegia,Gdańsk,2026-08-28,2026-08-30,2,61.81,93.86,155.67000000000002,GDN,OSLO,GDN,https://www.skyscanner.net/g/referrals/v1/flights/day-view/?origin=gdn&destination=oslo&outboundDate=2026-08-28&inboundDate=2026-08-30&market=PL&locale=pl-PL&currency=PLN&mediaPartnerId=6439681,Gdańsk-Oslo,231.32893719806762,-1.4287158984407469,148.07,5.13
Gdańsk,Oslo,Norwegia,Gdańsk,2026-08-20,2026-08-23,3,90.08,66.11,156.19,GDN,OSLO,GDN,https://www.skyscanner.net/g/referrals/v1/flights/day-view/?origin=gdn&destination=oslo&outboundDate=2026-08-20&inboundDate=2026-08-23&market=PL&locale=pl-PL&currency=PLN&mediaPartnerId=6439681,Gdańsk-Oslo,231.32893719806762,-1.4188964072516987,152.37,2.51
Gdańsk,Oslo,Norwegia,Gdańsk,2026-08-20,2026-08-25,5,90.08,66.11,156.19,GDN,OSLO,GDN,https://www.skyscanner.net/g/referrals/v1/flights/day-view/?origin=gdn&destination=oslo&outboundDate=2026-08-20&inboundDate=2026-08-25&market=PL&locale=pl-PL&currency=PLN&mediaPartnerId=6439681,Gdańsk-Oslo,231.32893719806762,-1.4188964072516987,152.37,2.51
Warszawa,Bratysława,Słowacja,Warszawa,2026-08-25,2026-08-31,6,77.49,78.81,156.3,WARS,BTS,WARS,https://www.skyscanner.net/g/referrals/v1/flights/day-view/?origin=wars&destination=bts&outboundDate=2026-08-25&inboundDate=2026-08-31&market=PL&locale=pl-PL&currency=PLN&mediaPartnerId=6439681,Warszawa-Bratysława,187.3322222222222,-1.6833537591790848,165.44,-5.52
Warszawa,Kopenhaga,Dania,Gdańsk,2026-08-28,2026-08-31,3,79.0,77.49,156.49,WARS,CPH,GDN,https://skyscanner.net/g/referrals/v1/flights/multicity/?mediaPartnerId=6439681&origin0=wars&date0=2026-08-28&destination0=cph&origin1=cph&date1=2026-08-31&destination1=gdn&adultsv2=1&market=PL&locale=pl-PL&currency=PLN,Warszawa-Kopenhaga,413.8213265306122,-3.205961770974226,169.31,-7.57
Warszawa,Bratysława,Słowacja,Gdańsk,2026-08-25,2026-08-31,6,77.49,79.0,156.49,WARS,BTS,GDN,https://skyscanner.net/g/referrals/v1/flights/multicity/?mediaPartnerId=6439681&origin0=wars&date0=2026-08-25&destination0=bts&origin1=bts&date1=2026-08-31&destination1=gdn&adultsv2=1&market=PL&locale=pl-PL&currency=PLN,Warszawa-Bratysława,187.3322222222222,-1.6730471426579199,156.4,0.06
Wrocław,Oslo,Norwegia,Gdańsk,2026-08-28,2026-08-30,2,64.61,93.86,158.47,WRO,OSLO,GDN,https://skyscanner.net/g/referrals/v1/flights/multicity/?mediaPartnerId=6439681&origin0=wro&date0=2026-08-28&destination0=oslo&origin1=oslo&date1=2026-08-30&destination1=gdn&adultsv2=1&market=PL&locale=pl-PL&currency=PLN,Wrocław-Oslo,242.39209302325582,-1.810731207832194,150.87,5.04
Gdańsk,Oslo,Norwegia,Gdańsk,2026-08-20,2026-08-26,6,90.08,68.91,158.99,GDN,OSLO,GDN,https://www.skyscanner.net/g/referrals/v1/flights/day-view/?origin=gdn&destination=oslo&outboundDate=2026-08-20&inboundDate=2026-08-26&market=PL&locale=pl-PL&currency=PLN&mediaPartnerId=6439681,Gdańsk-Oslo,231.32893719806762,-1.3660222239260535,155.17000000000002,2.46
Gdańsk,Kopenhaga,Dania,Gdańsk,2026-08-25,2026-08-31,6,81.8,77.49,159.29,GDN,CPH,GDN,https://www.skyscanner.net/g/referrals/v1/flights/day-view/?origin=gdn&destination=cph&outboundDate=2026-08-25&inboundDate=2026-08-31&market=PL&locale=pl-PL&currency=PLN&mediaPartnerId=6439681,Gdańsk-Kopenhaga,306.08927536231886,-2.33941694798039,184.92,-13.86
Kraków,Oslo,Norwegia,Gdańsk,2026-08-27,2026-08-29,2,77.49,82.38,159.87,KRK,OSLO,GDN,https://skyscanner.net/g/referrals/v1/flights/multicity/?mediaPartnerId=6439681&origin0=krk&date0=2026-08-27&destination0=oslo&origin1=oslo&date1=2026-08-29&destination1=gdn&adultsv2=1&market=PL&locale=pl-PL&currency=PLN,Kraków-Oslo,324.6316393442623,-1.9462107190416529,158.06,1.15
Gdańsk,Oslo,Norwegia,Gdańsk,2026-08-26,2026-08-30,4,66.11,93.86,159.97,GDN,OSLO,GDN,https://www.skyscanner.net/g/referrals/v1/flights/day-view/?origin=gdn&destination=oslo&outboundDate=2026-08-26&inboundDate=2026-08-30&market=PL&locale=pl-PL&currency=PLN&mediaPartnerId=6439681,Gdańsk-Oslo,231.32893719806762,-1.347516259762078,152.37,4.99
Katowice,Oslo,Norwegia,Gdańsk,2026-08-29,2026-08-31,2,95.99,64.61,160.6,KTW,OSLO,GDN,https://skyscanner.net/g/referrals/v1/flights/multicity/?mediaPartnerId=6439681&origin0=ktw&date0=2026-08-29&destination0=oslo&origin1=oslo&date1=2026-08-31&destination1=gdn&adultsv2=1&market=PL&locale=pl-PL&currency=PLN,Katowice-Oslo,398.5443181818182,-2.1992965825371593,156.8,2.42
Poznań,Oslo,Norwegia,Gdańsk,2026-08-20,2026-08-25,5,94.61,66.11,160.72,POZ,OSLO,GDN,https://skyscanner.net/g/referrals/v1/flights/multicity/?mediaPartnerId=6439681&origin0=poz&date0=2026-08-20&destination0=oslo&origin1=oslo&date1=2026-08-25&destination1=gdn&adultsv2=1&market=PL&locale=pl-PL&currency=PLN,Poznań-Oslo,245.58100000000002,-1.9066415292623433,156.41,2.76
Poznań,Oslo,Norwegia,Gdańsk,2026-08-20,2026-08-23,3,94.61,66.11,160.72,POZ,OSLO,GDN,https://skyscanner.net/g/referrals/v1/flights/multicity/?mediaPartnerId=6439681&origin0=poz&date0=2026-08-20&destination0=oslo&origin1=oslo&date1=2026-08-23&destination1=gdn&adultsv2=1&market=PL&locale=pl-PL&currency=PLN,Poznań-Oslo,245.58100000000002,-1.9066415292623433,156.41,2.76
Gdańsk,Oslo,Norwegia,Gdańsk,2026-08-20,2026-08-27,7,90.08,70.76,160.84,GDN,OSLO,GDN,https://www.skyscanner.net/g/referrals/v1/flights/day-view/?origin=gdn&destination=oslo&outboundDate=2026-08-20&inboundDate=2026-08-27&market=PL&locale=pl-PL&currency=PLN&mediaPartnerId=6439681,Gdańsk-Oslo,231.32893719806762,-1.3310874956573238,157.03,2.43
Poznań,Oslo,Norwegia,Gdańsk,2026-08-25,2026-08-27,2,90.41,70.76,161.17000000000002,POZ,OSLO,GDN,https://skyscanner.net/g/referrals/v1/flights/multicity/?mediaPartnerId=6439681&origin0=poz&date0=2026-08-25&destination0=oslo&origin1=oslo&date1=2026-08-27&destination1=gdn&adultsv2=1&market=PL&locale=pl-PL&currency=PLN,Poznań-Oslo,245.58100000000002,-1.8965310110246594,148.16000000000005,8.78
Kraków,Gotenburg,Szwecja,Gdańsk,2026-08-26,2026-08-30,4,96.38,66.11,162.49,KRK,GOT,GDN,https://skyscanner.net/g/referrals/v1/flights/multicity/?mediaPartnerId=6439681&origin0=krk&date0=2026-08-26&destination0=got&origin1=got&date1=2026-08-30&destination1=gdn&adultsv2=1&market=PL&locale=pl-PL&currency=PLN,Kraków-Gotenburg,253.32533333333333,-1.3418433560189227,161.1,0.86
Kraków,Gotenburg,Szwecja,Gdańsk,2026-08-26,2026-08-31,5,96.38,66.18,162.56,KRK,GOT,GDN,https://skyscanner.net/g/referrals/v1/flights/multicity/?mediaPartnerId=6439681&origin0=krk&date0=2026-08-26&destination0=got&origin1=got&date1=2026-08-31&destination1=gdn&adultsv2=1&market=PL&locale=pl-PL&currency=PLN,Kraków-Gotenburg,253.32533333333333,-1.3408092976687802,161.18,0.86
Poznań,Kopenhaga,Dania,Gdańsk,2026-08-27,2026-08-31,4,85.13,77.49,162.62,POZ,CPH,GDN,https://skyscanner.net/g/referrals/v1/flights/multicity/?mediaPartnerId=6439681&origin0=poz&date0=2026-08-27&destination0=cph&origin1=cph&date1=2026-08-31&destination1=gdn&adultsv2=1&market=PL&locale=pl-PL&currency=PLN,Poznań-Kopenhaga,317.31814814814817,-2.233638501495825,173.38,-6.21
Gdańsk,Oslo,Norwegia,Gdańsk,2026-08-26,2026-08-30,4,69.0,93.86,162.86,GDN,OSLO,GDN,https://www.skyscanner.net/g/referrals/v1/flights/day-view/?origin=gdn&destination=oslo&outboundDate=2026-08-26&inboundDate=2026-08-30&market=PL&locale=pl-PL&currency=PLN&mediaPartnerId=6439681,Gdańsk-Oslo,231.32893719806762,-1.292942549115251,152.37,6.88
Gdańsk,Oslo,Norwegia,Gdańsk,2026-08-28,2026-08-30,2,69.0,93.86,162.86,GDN,OSLO,GDN,https://www.skyscanner.net/g/referrals/v1/flights/day-view/?origin=gdn&destination=oslo&outboundDate=2026-08-28&inboundDate=2026-08-30&market=PL&locale=pl-PL&currency=PLN&mediaPartnerId=6439681,Gdańsk-Oslo,231.32893719806762,-1.292942549115251,148.07,9.99
Gdańsk,Oslo,Norwegia,Gdańsk,2026-08-27,2026-08-30,3,69.0,93.86,162.86,GDN,OSLO,GDN,https://www.skyscanner.net/g/referrals/v1/flights/day-view/?origin=gdn&destination=oslo&outboundDate=2026-08-27&inboundDate=2026-08-30&market=PL&locale=pl-PL&currency=PLN&mediaPartnerId=6439681,Gdańsk-Oslo,231.32893719806762,-1.292942549115251,148.07,9.99
Gdańsk,Sztokholm,Szwecja,Poznań,2026-08-27,2026-08-29,2,73.43,89.82,163.25,GDN,ARN,POZ,https://skyscanner.net/g/referrals/v1/flights/multicity/?mediaPartnerId=6439681&origin0=gdn&date0=2026-08-27&destination0=arn&origin1=arn&date1=2026-08-29&destination1=poz&adultsv2=1&market=PL&locale=pl-PL&currency=PLN,Gdańsk-Sztokholm,243.69188679245283,-1.7208056396107019,165.53,-1.38
Gdańsk,Aarhus,Dania,Gdańsk,2026-08-26,2026-08-30,4,86.01,77.49,163.5,GDN,AAR,GDN,https://www.skyscanner.net/g/referrals/v1/flights/day-view/?origin=gdn&destination=aar&outboundDate=2026-08-26&inboundDate=2026-08-30&market=PL&locale=pl-PL&currency=PLN&mediaPartnerId=6439681,Gdańsk-Aarhus,180.945625,-1.0410177228699684,154.8,5.62
Gdańsk,Kopenhaga,Dania,Gdańsk,2026-08-29,2026-08-31,2,86.01,77.49,163.5,GDN,CPH,GDN,https://www.skyscanner.net/g/referrals/v1/flights/day-view/?origin=gdn&destination=cph&outboundDate=2026-08-29&inboundDate=2026-08-31&market=PL&locale=pl-PL&currency=PLN&mediaPartnerId=6439681,Gdańsk-Kopenhaga,306.08927536231886,-2.272325708417463,172.01,-4.95
Poznań,Oslo,Norwegia,Gdańsk,2026-08-20,2026-08-26,6,94.61,68.91,163.51999999999998,POZ,OSLO,GDN,https://skyscanner.net/g/referrals/v1/flights/multicity/?mediaPartnerId=6439681&origin0=poz&date0=2026-08-20&destination0=oslo&origin1=oslo&date1=2026-08-26&destination1=gdn&adultsv2=1&market=PL&locale=pl-PL&currency=PLN,Poznań-Oslo,245.58100000000002,-1.8437316380056465,159.21,2.71
Gdańsk,Oslo,Norwegia,Gdańsk,2026-08-29,2026-08-31,2,99.0,64.61,163.61,GDN,OSLO,GDN,https://www.skyscanner.net/g/referrals/v1/flights/day-view/?origin=gdn&destination=oslo&outboundDate=2026-08-29&inboundDate=2026-08-31&market=PL&locale=pl-PL&currency=PLN&mediaPartnerId=6439681,Gdańsk-Oslo,231.32893719806762,-1.2787798214387391,127.9,27.92
Gdańsk,Sztokholm,Szwecja,Poznań,2026-08-26,2026-08-29,3,74.97,89.82,164.79,GDN,ARN,POZ,https://skyscanner.net/g/referrals/v1/flights/multicity/?mediaPartnerId=6439681&origin0=gdn&date0=2026-08-26&destination0=arn&origin1=arn&date1=2026-08-29&destination1=poz&adultsv2=1&market=PL&locale=pl-PL&currency=PLN,Gdańsk-Sztokholm,243.69188679245283,-1.687862097500137,167.07,-1.36
Warszawa,Bratysława,Słowacja,Warszawa,2026-08-27,2026-08-31,4,86.01,78.81,164.82,WARS,BTS,WARS,https://www.skyscanner.net/g/referrals/v1/flights/day-view/?origin=wars&destination=bts&outboundDate=2026-08-27&inboundDate=2026-08-31&market=PL&locale=pl-PL&currency=PLN&mediaPartnerId=6439681,Warszawa-Bratysława,187.3322222222222,-1.2211833762299924,174.05,-5.3
Gdańsk,Oslo,Norwegia,Gdańsk,2026-08-25,2026-08-30,5,71.15,93.86,165.01,GDN,OSLO,GDN,https://www.skyscanner.net/g/referrals/v1/flights/day-view/?origin=gdn&destination=oslo&outboundDate=2026-08-25&inboundDate=2026-08-30&market=PL&locale=pl-PL&currency=PLN&mediaPartnerId=6439681,Gdańsk-Oslo,231.32893719806762,-1.252342729775917,155.17000000000002,6.34
Warszawa,Bratysława,Słowacja,Gdańsk,2026-08-27,2026-08-31,4,86.01,79.0,165.01,WARS,BTS,GDN,https://skyscanner.net/g/referrals/v1/flights/multicity/?mediaPartnerId=6439681&origin0=wars&date0=2026-08-27&destination0=bts&origin1=bts&date1=2026-08-31&destination1=gdn&adultsv2=1&market=PL&locale=pl-PL&currency=PLN,Warszawa-Bratysława,187.3322222222222,-1.2108767597088272,165.01,0.0
Warszawa,Bratysława,Słowacja,Warszawa,2026-08-20,2026-08-26,6,100.46,64.61,165.07,WARS,BTS,WARS,https://www.skyscanner.net/g/referrals/v1/flights/day-view/?origin=wars&destination=bts&outboundDate=2026-08-20&inboundDate=2026-08-26&market=PL&locale=pl-PL&currency=PLN&mediaPartnerId=6439681,Warszawa-Bratysława,187.3322222222222,-1.2076220387021435,,0.0
Poznań,Oslo,Norwegia,Gdańsk,2026-08-20,2026-08-27,7,94.61,70.76,165.37,POZ,OSLO,GDN,https://skyscanner.net/g/referrals/v1/flights/multicity/?mediaPartnerId=6439681&origin0=poz&date0=2026-08-20&destination0=oslo&origin1=oslo&date1=2026-08-27&destination1=gdn&adultsv2=1&market=PL&locale=pl-PL&currency=PLN,Poznań-Oslo,245.58100000000002,-1.8021661741396142,161.07,2.67
Warszawa,Bratysława,Słowacja,Warszawa,2026-08-22,2026-08-25,3,88.07,77.49,165.56,WARS,BTS,WARS,https://www.skyscanner.net/g/referrals/v1/flights/day-view/?origin=wars&destination=bts&outboundDate=2026-08-22&inboundDate=2026-08-25&market=PL&locale=pl-PL&currency=PLN&mediaPartnerId=6439681,Warszawa-Bratysława,187.3322222222222,-1.181041817147559,,0.0
Warszawa,Bratysława,Słowacja,Warszawa,2026-08-22,2026-08-27,5,88.07,77.49,165.56,WARS,BTS,WARS,https://www.skyscanner.net/g/referrals/v1/flights/day-view/?origin=wars&destination=bts&outboundDate=2026-08-22&inboundDate=2026-08-27&market=PL&locale=pl-PL&currency=PLN&mediaPartnerId=6439681,Warszawa-Bratysława,187.3322222222222,-1.181041817147559,,0.0
Warszawa,Bratysława,Słowacja,Warszawa,2026-08-25,2026-08-27,2,89.0,77.49,166.49,WARS,BTS,WARS,https://www.skyscanner.net/g/referrals/v1/flights/day-view/?origin=wars&destination=bts&outboundDate=2026-08-25&inboundDate=2026-08-27&market=PL&locale=pl-PL&currency=PLN&mediaPartnerId=6439681,Warszawa-Bratysława,187.3322222222222,-1.1305936415439604,154.8,7.55
Wrocław,Sztokholm,Szwecja,Gdańsk,2026-08-21,2026-08-25,4,95.0,71.53,166.53,WRO,ARN,GDN,https://skyscanner.net/g/referrals/v1/flights/multicity/?mediaPartnerId=6439681&origin0=wro&date0=2026-08-21&destination0=arn&origin1=arn&date1=2026-08-25&destination1=gdn&adultsv2=1&market=PL&locale=pl-PL&currency=PLN,Wrocław-Sztokholm,215.8282142857143,-1.676839964308513,166.51,0.01
Warszawa,Bratysława,Słowacja,Warszawa,2026-08-26,2026-08-31,5,88.07,78.81,166.88,WARS,BTS,WARS,https://www.skyscanner.net/g/referrals/v1/flights/day-view/?origin=wars&destination=bts&outboundDate=2026-08-26&inboundDate=2026-08-31&market=PL&locale=pl-PL&currency=PLN&mediaPartnerId=6439681,Warszawa-Bratysława,187.3322222222222,-1.1094379550005167,,0.0
Warszawa,Bratysława,Słowacja,Warszawa,2026-08-22,2026-08-26,4,88.07,78.81,166.88,WARS,BTS,WARS,https://www.skyscanner.net/g/referrals/v1/flights/day-view/?origin=wars&destination=bts&outboundDate=2026-08-22&inboundDate=2026-08-26&market=PL&locale=pl-PL&currency=PLN&mediaPartnerId=6439681,Warszawa-Bratysława,187.3322222222222,-1.1094379550005167,,0.0
Warszawa,Bratysława,Słowacja,Gdańsk,2026-08-22,2026-08-25,3,88.07,79.0,167.07,WARS,BTS,GDN,https://skyscanner.net/g/referrals/v1/flights/multicity/?mediaPartnerId=6439681&origin0=wars&date0=2026-08-22&destination0=bts&origin1=bts&date1=2026-08-25&destination1=gdn&adultsv2=1&market=PL&locale=pl-PL&currency=PLN,Warszawa-Bratysława,187.3322222222222,-1.0991313384793515,,0.0
Warszawa,Bratysława,Słowacja,Gdańsk,2026-08-26,2026-08-31,5,88.07,79.0,167.07,WARS,BTS,GDN,https://skyscanner.net/g/referrals/v1/flights/multicity/?mediaPartnerId=6439681&origin0=wars&date0=2026-08-26&destination0=bts&origin1=bts&date1=2026-08-31&destination1=gdn&adultsv2=1&market=PL&locale=pl-PL&currency=PLN,Warszawa-Bratysława,187.3322222222222,-1.0991313384793515,178.0,-6.14
Warszawa,Bratysława,Słowacja,Warszawa,2026-08-26,2026-08-31,5,89.0,78.81,167.81,WARS,BTS,WARS,https://www.skyscanner.net/g/referrals/v1/flights/day-view/?origin=wars&destination=bts&outboundDate=2026-08-26&inboundDate=2026-08-31&market=PL&locale=pl-PL&currency=PLN&mediaPartnerId=6439681,Warszawa-Bratysława,187.3322222222222,-1.058989779396918,,0.0
Warszawa,Bratysława,Słowacja,Warszawa,2026-08-25,2026-08-31,6,89.0,78.81,167.81,WARS,BTS,WARS,https://www.skyscanner.net/g/referrals/v1/flights/day-view/?origin=wars&destination=bts&outboundDate=2026-08-25&inboundDate=2026-08-31&market=PL&locale=pl-PL&currency=PLN&mediaPartnerId=6439681,Warszawa-Bratysława,187.3322222222222,-1.058989779396918,165.44,1.43
Warszawa,Bratysława,Słowacja,Gdańsk,2026-08-26,2026-08-31,5,89.0,79.0,168.0,WARS,BTS,GDN,https://skyscanner.net/g/referrals/v1/flights/multicity/?mediaPartnerId=6439681&origin0=wars&date0=2026-08-26&destination0=bts&origin1=bts&date1=2026-08-31&destination1=gdn&adultsv2=1&market=PL&locale=pl-PL&currency=PLN,Warszawa-Bratysława,187.3322222222222,-1.048683162875753,178.0,-5.62
Warszawa,Bratysława,Słowacja,Gdańsk,2026-08-25,2026-08-31,6,89.0,79.0,168.0,WARS,BTS,GDN,https://skyscanner.net/g/referrals/v1/flights/multicity/?mediaPartnerId=6439681&origin0=wars&date0=2026-08-25&destination0=bts&origin1=bts&date1=2026-08-31&destination1=gdn&adultsv2=1&market=PL&locale=pl-PL&currency=PLN,Warszawa-Bratysława,187.3322222222222,-1.048683162875753,156.4,7.42
Gdańsk,Oslo,Norwegia,Gdańsk,2026-08-21,2026-08-25,4,66.11,102.31,168.42000000000002,GDN,OSLO,GDN,https://www.skyscanner.net/g/referrals/v1/flights/day-view/?origin=gdn&destination=oslo&outboundDate=2026-08-21&inboundDate=2026-08-25&market=PL&locale=pl-PL&currency=PLN&mediaPartnerId=6439681,Gdańsk-Oslo,231.32893719806762,-1.1879495279400416,132.2,27.4
Gdańsk,Oslo,Norwegia,Gdańsk,2026-08-22,2026-08-25,3,66.11,102.31,168.42000000000002,GDN,OSLO,GDN,https://www.skyscanner.net/g/referrals/v1/flights/day-view/?origin=gdn&destination=oslo&outboundDate=2026-08-22&inboundDate=2026-08-25&market=PL&locale=pl-PL&currency=PLN&mediaPartnerId=6439681,Gdańsk-Oslo,231.32893719806762,-1.1879495279400416,135.0,24.76
Wrocław,Oslo,Norwegia,Gdańsk,2026-08-27,2026-08-29,2,86.1,82.38,168.48,WRO,OSLO,GDN,https://skyscanner.net/g/referrals/v1/flights/multicity/?mediaPartnerId=6439681&origin0=wro&date0=2026-08-27&destination0=oslo&origin1=oslo&date1=2026-08-29&destination1=gdn&adultsv2=1&market=PL&locale=pl-PL&currency=PLN,Wrocław-Oslo,242.39209302325582,-1.594752092709583,158.06,6.59
Gdańsk,Sztokholm,Szwecja,Poznań,2026-08-26,2026-08-29,3,79.0,89.82,168.82,GDN,ARN,POZ,https://skyscanner.net/g/referrals/v1/flights/multicity/?mediaPartnerId=6439681&origin0=gdn&date0=2026-08-26&destination0=arn&origin1=arn&date1=2026-08-29&destination1=poz&adultsv2=1&market=PL&locale=pl-PL&currency=PLN,Gdańsk-Sztokholm,243.69188679245283,-1.6016526983406711,167.07,1.05
Gdańsk,Sztokholm,Szwecja,Poznań,2026-08-27,2026-08-29,2,79.0,89.82,168.82,GDN,ARN,POZ,https://skyscanner.net/g/referrals/v1/flights/multicity/?mediaPartnerId=6439681&origin0=gdn&date0=2026-08-27&destination0=arn&origin1=arn&date1=2026-08-29&destination1=poz&adultsv2=1&market=PL&locale=pl-PL&currency=PLN,Gdańsk-Sztokholm,243.69188679245283,-1.6016526983406711,165.53,1.99
Kraków,Oslo,Norwegia,Gdańsk,2026-08-27,2026-08-30,3,77.49,93.86,171.35,KRK,OSLO,GDN,https://skyscanner.net/g/referrals/v1/flights/multicity/?mediaPartnerId=6439681&origin0=krk&date0=2026-08-27&destination0=oslo&origin1=oslo&date1=2026-08-30&destination1=gdn&adultsv2=1&market=PL&locale=pl-PL&currency=PLN,Kraków-Oslo,324.6316393442623,-1.8106057375452351,163.67000000000002,4.69
Gdańsk,Bratysława,Słowacja,Warszawa,2026-08-25,2026-08-27,2,94.52,77.49,172.01,GDN,BTS,WARS,https://skyscanner.net/g/referrals/v1/flights/multicity/?mediaPartnerId=6439681&origin0=gdn&date0=2026-08-25&destination0=bts&origin1=bts&date1=2026-08-27&destination1=wars&adultsv2=1&market=PL&locale=pl-PL&currency=PLN,Gdańsk-Bratysława,282.0354545454545,-1.4992782277479109,156.4,9.98
Kraków,Kopenhaga,Dania,Gdańsk,2026-08-25,2026-08-31,6,95.0,77.49,172.49,KRK,CPH,GDN,https://skyscanner.net/g/referrals/v1/flights/multicity/?mediaPartnerId=6439681&origin0=krk&date0=2026-08-25&destination0=cph&origin1=cph&date1=2026-08-31&destination1=gdn&adultsv2=1&market=PL&locale=pl-PL&currency=PLN,Kraków-Kopenhaga,340.19623188405797,-2.1248065869273,185.31,-6.92
Wrocław,Sztokholm,Szwecja,Gdańsk,2026-08-21,2026-08-26,5,95.0,77.49,172.49,WRO,ARN,GDN,https://skyscanner.net/g/referrals/v1/flights/multicity/?mediaPartnerId=6439681&origin0=wro&date0=2026-08-21&destination0=arn&origin1=arn&date1=2026-08-26&destination1=gdn&adultsv2=1&market=PL&locale=pl-PL&currency=PLN,Wrocław-Sztokholm,215.8282142857143,-1.474115254456805,161.18,7.02
Kraków,Oslo,Norwegia,Gdańsk,2026-08-28,2026-08-30,2,78.89,93.86,172.75,KRK,OSLO,GDN,https://skyscanner.net/g/referrals/v1/flights/multicity/?mediaPartnerId=6439681&origin0=krk&date0=2026-08-28&destination0=oslo&origin1=oslo&date1=2026-08-30&destination1=gdn&adultsv2=1&market=PL&locale=pl-PL&currency=PLN,Kraków-Oslo,324.6316393442623,-1.7940685446798181,163.67000000000002,5.55
Poznań,Oslo,Norwegia,Gdańsk,2026-08-25,2026-08-29,4,90.41,82.38,172.79,POZ,OSLO,GDN,https://skyscanner.net/g/referrals/v1/flights/multicity/?mediaPartnerId=6439681&origin0=poz&date0=2026-08-25&destination0=oslo&origin1=oslo&date1=2026-08-29&destination1=gdn&adultsv2=1&market=PL&locale=pl-PL&currency=PLN,Poznań-Oslo,245.58100000000002,-1.6354549623093675,158.06,9.32
Kraków,Oslo,Norwegia,Gdańsk,2026-08-26,2026-08-29,3,90.41,82.38,172.79,KRK,OSLO,GDN,https://skyscanner.net/g/referrals/v1/flights/multicity/?mediaPartnerId=6439681&origin0=krk&date0=2026-08-26&destination0=oslo&origin1=oslo&date1=2026-08-29&destination1=gdn&adultsv2=1&market=PL&locale=pl-PL&currency=PLN,Kraków-Oslo,324.6316393442623,-1.793596053455092,158.06,9.32
Gdańsk,Bratysława,Słowacja,Warszawa,2026-08-25,2026-08-31,6,94.52,78.81,173.32999999999998,GDN,BTS,WARS,https://skyscanner.net/g/referrals/v1/flights/multicity/?mediaPartnerId=6439681&origin0=gdn&date0=2026-08-25&destination0=bts&origin1=bts&date1=2026-08-31&destination1=wars&adultsv2=1&market=PL&locale=pl-PL&currency=PLN,Gdańsk-Bratysława,282.0354545454545,-1.4812910513367503,167.04000000000002,3.77
Gdańsk,Bratysława,Słowacja,Gdańsk,2026-08-25,2026-08-31,6,94.52,79.0,173.51999999999998,GDN,BTS,GDN,https://www.skyscanner.net/g/referrals/v1/flights/day-view/?origin=gdn&destination=bts&outboundDate=2026-08-25&inboundDate=2026-08-31&market=PL&locale=pl-PL&currency=PLN&mediaPartnerId=6439681,Gdańsk-Bratysława,282.0354545454545,-1.4787019880654468,158.0,9.82
Gdańsk,Oslo,Norwegia,Gdańsk,2026-08-25,2026-08-31,6,109.0,64.61,173.61,GDN,OSLO,GDN,https://www.skyscanner.net/g/referrals/v1/flights/day-view/?origin=gdn&destination=oslo&outboundDate=2026-08-25&inboundDate=2026-08-31&market=PL&locale=pl-PL&currency=PLN&mediaPartnerId=6439681,Gdańsk-Oslo,231.32893719806762,-1.0899434524185783,130.7,32.83
Gdańsk,Oslo,Norwegia,Gdańsk,2026-08-20,2026-08-24,4,90.08,83.67,173.75,GDN,OSLO,GDN,https://www.skyscanner.net/g/referrals/v1/flights/day-view/?origin=gdn&destination=oslo&outboundDate=2026-08-20&inboundDate=2026-08-24&market=PL&locale=pl-PL&currency=PLN&mediaPartnerId=6439681,Gdańsk-Oslo,231.32893719806762,-1.0872997432522962,169.94,2.24
Warszawa,Budapeszt,Węgry,Katowice,2026-08-26,2026-08-28,2,95.29,78.55,173.84,WARS,BUD,KTW,https://skyscanner.net/g/referrals/v1/flights/multicity/?mediaPartnerId=6439681&origin0=wars&date0=2026-08-26&destination0=bud&origin1=bud&date1=2026-08-28&destination1=ktw&adultsv2=1&market=PL&locale=pl-PL&currency=PLN,Warszawa-Budapeszt,297.62397260273974,-2.498077450439848,163.12,6.57
Kraków,Kopenhaga,Dania,Gdańsk,2026-08-26,2026-08-31,5,98.01,77.49,175.5,KRK,CPH,GDN,https://skyscanner.net/g/referrals/v1/flights/multicity/?mediaPartnerId=6439681&origin0=krk&date0=2026-08-26&destination0=cph&origin1=cph&date1=2026-08-31&destination1=gdn&adultsv2=1&market=PL&locale=pl-PL&currency=PLN,Kraków-Kopenhaga,340.19623188405797,-2.086670449976392,185.31,-5.29
Gdańsk,Oslo,Norwegia,Gdańsk,2026-08-28,2026-08-31,3,61.81,114.16,175.97,GDN,OSLO,GDN,https://www.skyscanner.net/g/referrals/v1/flights/day-view/?origin=gdn&destination=oslo&outboundDate=2026-08-28&inboundDate=2026-08-31&market=PL&locale=pl-PL&currency=PLN&mediaPartnerId=6439681,Gdańsk-Oslo,231.32893719806762,-1.0453780693298207,123.6,42.37
Gdańsk,Oslo,Norwegia,Gdańsk,2026-08-27,2026-08-31,4,61.81,114.16,175.97,GDN,OSLO,GDN,https://www.skyscanner.net/g/referrals/v1/flights/day-view/?origin=gdn&destination=oslo&outboundDate=2026-08-27&inboundDate=2026-08-31&market=PL&locale=pl-PL&currency=PLN&mediaPartnerId=6439681,Gdańsk-Oslo,231.32893719806762,-1.0453780693298207,123.6,42.37
Gdańsk,Wrocław,Polska,Gdańsk,2026-08-28,2026-08-31,3,94.72,81.8,176.51999999999998,GDN,WRO,GDN,https://www.skyscanner.net/g/referrals/v1/flights/day-view/?origin=gdn&destination=wro&outboundDate=2026-08-28&inboundDate=2026-08-31&market=PL&locale=pl-PL&currency=PLN&mediaPartnerId=6439681,Gdańsk-Wrocław,249.49888888888887,-1.7249341702742367,154.8,14.03
Wrocław,Sztokholm,Szwecja,Gdańsk,2026-08-21,2026-08-26,5,95.0,81.85,176.85,WRO,STO,GDN,https://skyscanner.net/g/referrals/v1/flights/multicity/?mediaPartnerId=6439681&origin0=wro&date0=2026-08-21&destination0=sto&origin1=sto&date1=2026-08-26&destination1=gdn&adultsv2=1&market=PL&locale=pl-PL&currency=PLN,Wrocław-Sztokholm,215.8282142857143,-1.3258132855048852,161.18,9.72
Poznań,Oslo,Norwegia,Gdańsk,2026-08-20,2026-08-24,4,94.61,83.67,178.28,POZ,OSLO,GDN,https://skyscanner.net/g/referrals/v1/flights/multicity/?mediaPartnerId=6439681&origin0=poz&date0=2026-08-20&destination0=oslo&origin1=oslo&date1=2026-08-24&destination1=gdn&adultsv2=1&market=PL&locale=pl-PL&currency=PLN,Poznań-Oslo,245.58100000000002,-1.5121066398096294,173.98000000000002,2.47
Wrocław,Oslo,Norwegia,Gdańsk,2026-08-28,2026-08-31,3,64.61,114.16,178.76999999999998,WRO,OSLO,GDN,https://skyscanner.net/g/referrals/v1/flights/multicity/?mediaPartnerId=6439681&origin0=wro&date0=2026-08-28&destination0=oslo&origin1=oslo&date1=2026-08-31&destination1=gdn&adultsv2=1&market=PL&locale=pl-PL&currency=PLN,Wrocław-Oslo,242.39209302325582,-1.3727316037373885,126.4,41.43
Gdańsk,Sztokholm,Szwecja,Poznań,2026-08-25,2026-08-29,4,89.0,89.82,178.82,GDN,ARN,POZ,https://skyscanner.net/g/referrals/v1/flights/multicity/?mediaPartnerId=6439681&origin0=gdn&date0=2026-08-25&destination0=arn&origin1=arn&date1=2026-08-29&destination1=poz&adultsv2=1&market=PL&locale=pl-PL&currency=PLN,Gdańsk-Sztokholm,243.69188679245283,-1.387733593726612,181.11,-1.26
Gdańsk,Sztokholm,Szwecja,Poznań,2026-08-25,2026-08-29,4,89.0,89.82,178.82,GDN,ARN,POZ,https://skyscanner.net/g/referrals/v1/flights/multicity/?mediaPartnerId=6439681&origin0=gdn&date0=2026-08-25&destination0=arn&origin1=arn&date1=2026-08-29&destination1=poz&adultsv2=1&market=PL&locale=pl-PL&currency=PLN,Gdańsk-Sztokholm,243.69188679245283,-1.387733593726612,181.11,-1.26
Kraków,Kopenhaga,Dania,Gdańsk,2026-08-29,2026-08-31,2,102.14,77.49,179.63,KRK,CPH,GDN,https://skyscanner.net/g/referrals/v1/flights/multicity/?mediaPartnerId=6439681&origin0=krk&date0=2026-08-29&destination0=cph&origin1=cph&date1=2026-08-31&destination1=gdn&adultsv2=1&market=PL&locale=pl-PL&currency=PLN,Kraków-Kopenhaga,340.19623188405797,-2.034344122532123,185.31,-3.07
Wrocław,Oslo,Norwegia,Gdańsk,2026-08-27,2026-08-30,3,86.1,93.86,179.95999999999998,WRO,OSLO,GDN,https://skyscanner.net/g/referrals/v1/flights/multicity/?mediaPartnerId=6439681&origin0=wro&date0=2026-08-27&destination0=oslo&origin1=oslo&date1=2026-08-30&destination1=gdn&adultsv2=1&market=PL&locale=pl-PL&currency=PLN,Wrocław-Oslo,242.39209302325582,-1.3470557648766583,163.67000000000002,9.95
Warszawa,Budapeszt,Węgry,Katowice,2026-08-26,2026-08-31,5,95.29,84.74,180.03,WARS,BUD,KTW,https://skyscanner.net/g/referrals/v1/flights/multicity/?mediaPartnerId=6439681&origin0=wars&date0=2026-08-26&destination0=bud&origin1=bud&date1=2026-08-31&destination1=ktw&adultsv2=1&market=PL&locale=pl-PL&currency=PLN,Warszawa-Budapeszt,297.62397260273974,-2.3731574055173246,171.22,5.15
Wrocław,Sztokholm,Szwecja,Warszawa,2026-08-21,2026-08-24,3,95.0,86.73,181.73000000000002,WRO,ARN,WARS,https://skyscanner.net/g/referrals/v1/flights/multicity/?mediaPartnerId=6439681&origin0=wro&date0=2026-08-21&destination0=arn&origin1=arn&date1=2026-08-24&destination1=wars&adultsv2=1&market=PL&locale=pl-PL&currency=PLN,Wrocław-Sztokholm,215.8282142857143,-1.1598239257605334,,0.0
Gdańsk,Sztokholm,Szwecja,Gdańsk,2026-08-27,2026-08-31,4,73.43,109.26,182.69,GDN,STO,GDN,https://www.skyscanner.net/g/referrals/v1/flights/day-view/?origin=gdn&destination=sto&outboundDate=2026-08-27&inboundDate=2026-08-31&market=PL&locale=pl-PL&currency=PLN&mediaPartnerId=6439681,Gdańsk-Sztokholm,243.69188679245283,-1.304946900240971,182.68,0.01
Gdańsk,Sztokholm,Szwecja,Gdańsk,2026-08-27,2026-08-31,4,73.43,109.26,182.69,GDN,ARN,GDN,https://www.skyscanner.net/g/referrals/v1/flights/day-view/?origin=gdn&destination=arn&outboundDate=2026-08-27&inboundDate=2026-08-31&market=PL&locale=pl-PL&currency=PLN&mediaPartnerId=6439681,Gdańsk-Sztokholm,243.69188679245283,-1.304946900240971,182.68,0.01
Gdańsk,Oslo (Wszystkie lotniska),Norwegia,Gdańsk,2026-08-28,2026-08-31,3,69.0,114.16,183.16,GDN,OOS,GDN,https://www.skyscanner.net/g/referrals/v1/flights/day-view/?origin=gdn&destination=oos&outboundDate=2026-08-28&inboundDate=2026-08-31&market=PL&locale=pl-PL&currency=PLN&mediaPartnerId=6439681,Gdańsk-Oslo (Wszystkie lotniska),320.60925000000003,-1.8083715591125142,183.16,0.0
Gdańsk,Oslo (Wszystkie lotniska),Norwegia,Gdańsk,2026-08-26,2026-08-31,5,69.0,114.16,183.16,GDN,OOS,GDN,https://www.skyscanner.net/g/referrals/v1/flights/day-view/?origin=gdn&destination=oos&outboundDate=2026-08-26&inboundDate=2026-08-31&market=PL&locale=pl-PL&currency=PLN&mediaPartnerId=6439681,Gdańsk-Oslo (Wszystkie lotniska),320.60925000000003,-1.8083715591125142,183.16,0.0
Gdańsk,Oslo (Wszystkie lotniska),Norwegia,Gdańsk,2026-08-27,2026-08-31,4,69.0,114.16,183.16,GDN,OOS,GDN,https://www.skyscanner.net/g/referrals/v1/flights/day-view/?origin=gdn&destination=oos&outboundDate=2026-08-27&inboundDate=2026-08-31&market=PL&locale=pl-PL&currency=PLN&mediaPartnerId=6439681,Gdańsk-Oslo (Wszystkie lotniska),320.60925000000003,-1.8083715591125142,183.16,0.0
Gdańsk,Sztokholm,Szwecja,Gdańsk,2026-08-25,2026-08-27,2,89.0,94.61,183.61,GDN,ARN,GDN,https://www.skyscanner.net/g/referrals/v1/flights/day-view/?origin=gdn&destination=arn&outboundDate=2026-08-25&inboundDate=2026-08-27&market=PL&locale=pl-PL&currency=PLN&mediaPartnerId=6439681,Gdańsk-Sztokholm,243.69188679245283,-1.2852663426164772,183.61,0.0
Gdańsk,Sztokholm,Szwecja,Gdańsk,2026-08-25,2026-08-27,2,89.0,94.61,183.61,GDN,ARN,GDN,https://www.skyscanner.net/g/referrals/v1/flights/day-view/?origin=gdn&destination=arn&outboundDate=2026-08-25&inboundDate=2026-08-27&market=PL&locale=pl-PL&currency=PLN&mediaPartnerId=6439681,Gdańsk-Sztokholm,243.69188679245283,-1.2852663426164772,183.61,0.0
Kraków,Gotenburg,Szwecja,Gdańsk,2026-08-25,2026-08-30,5,117.79,66.11,183.9,KRK,GOT,GDN,https://skyscanner.net/g/referrals/v1/flights/multicity/?mediaPartnerId=6439681&origin0=krk&date0=2026-08-25&destination0=got&origin1=got&date1=2026-08-30&destination1=gdn&adultsv2=1&market=PL&locale=pl-PL&currency=PLN,Kraków-Gotenburg,253.32533333333333,-1.02556922349672,161.1,14.15
Kraków,Gotenburg,Szwecja,Gdańsk,2026-08-25,2026-08-31,6,117.79,66.18,183.97000000000003,KRK,GOT,GDN,https://skyscanner.net/g/referrals/v1/flights/multicity/?mediaPartnerId=6439681&origin0=krk&date0=2026-08-25&destination0=got&origin1=got&date1=2026-08-31&destination1=gdn&adultsv2=1&market=PL&locale=pl-PL&currency=PLN,Kraków-Gotenburg,253.32533333333333,-1.0245351651465768,161.18,14.14
Gdańsk,Sztokholm,Szwecja,Gdańsk,2026-08-26,2026-08-31,5,74.97,109.26,184.23000000000002,GDN,ARN,GDN,https://www.skyscanner.net/g/referrals/v1/flights/day-view/?origin=gdn&destination=arn&outboundDate=2026-08-26&inboundDate=2026-08-31&market=PL&locale=pl-PL&currency=PLN&mediaPartnerId=6439681,Gdańsk-Sztokholm,243.69188679245283,-1.2720033581304055,184.22,0.01
Gdańsk,Sztokholm,Szwecja,Gdańsk,2026-08-26,2026-08-31,5,74.97,109.26,184.23000000000002,GDN,STO,GDN,https://www.skyscanner.net/g/referrals/v1/flights/day-view/?origin=gdn&destination=sto&outboundDate=2026-08-26&inboundDate=2026-08-31&market=PL&locale=pl-PL&currency=PLN&mediaPartnerId=6439681,Gdańsk-Sztokholm,243.69188679245283,-1.2720033581304055,184.22,0.01
Poznań,Oslo,Norwegia,Gdańsk,2026-08-25,2026-08-30,5,90.41,93.86,184.26999999999998,POZ,OSLO,GDN,https://skyscanner.net/g/referrals/v1/flights/multicity/?mediaPartnerId=6439681&origin0=poz&date0=2026-08-25&destination0=oslo&origin1=oslo&date1=2026-08-30&destination1=gdn&adultsv2=1&market=PL&locale=pl-PL&currency=PLN,Poznań-Oslo,245.58100000000002,-1.3775244081569102,163.67000000000002,12.59
Kraków,Oslo,Norwegia,Gdańsk,2026-08-26,2026-08-30,4,90.41,93.86,184.26999999999998,KRK,OSLO,GDN,https://skyscanner.net/g/referrals/v1/flights/multicity/?mediaPartnerId=6439681&origin0=krk&date0=2026-08-26&destination0=oslo&origin1=oslo&date1=2026-08-30&destination1=gdn&adultsv2=1&market=PL&locale=pl-PL&currency=PLN,Kraków-Oslo,324.6316393442623,-1.6579910719586741,163.67000000000002,12.59
Wrocław,Sztokholm,Szwecja,Gdańsk,2026-08-21,2026-08-25,4,95.0,89.68,184.68,WRO,STO,GDN,https://skyscanner.net/g/referrals/v1/flights/multicity/?mediaPartnerId=6439681&origin0=wro&date0=2026-08-21&destination0=sto&origin1=sto&date1=2026-08-25&destination1=gdn&adultsv2=1&market=PL&locale=pl-PL&currency=PLN,Wrocław-Sztokholm,215.8282142857143,-1.0594819972265508,,0.0
Wrocław,Sztokholm,Szwecja,Poznań,2026-08-21,2026-08-25,4,95.0,89.82,184.82,WRO,ARN,POZ,https://skyscanner.net/g/referrals/v1/flights/multicity/?mediaPartnerId=6439681&origin0=wro&date0=2026-08-21&destination0=arn&origin1=arn&date1=2026-08-25&destination1=poz&adultsv2=1&market=PL&locale=pl-PL&currency=PLN,Wrocław-Sztokholm,215.8282142857143,-1.05472000739782,,0.0
Poznań,Oslo,Norwegia,Gdańsk,2026-08-24,2026-08-31,7,120.43,64.61,185.04000000000002,POZ,OSLO,GDN,https://skyscanner.net/g/referrals/v1/flights/multicity/?mediaPartnerId=6439681&origin0=poz&date0=2026-08-24&destination0=oslo&origin1=oslo&date1=2026-08-31&destination1=gdn&adultsv2=1&market=PL&locale=pl-PL&currency=PLN,Poznań-Oslo,245.58100000000002,-1.3602241880613177,182.23,1.54
Warszawa,Budapeszt,Węgry,Kraków,2026-08-26,2026-08-31,5,95.29,90.11,185.4,WARS,BUD,KRK,https://skyscanner.net/g/referrals/v1/flights/multicity/?mediaPartnerId=6439681&origin0=wars&date0=2026-08-26&destination0=bud&origin1=bud&date1=2026-08-31&destination1=krk&adultsv2=1&market=PL&locale=pl-PL&currency=PLN,Warszawa-Budapeszt,297.62397260273974,-2.264785734881791,176.57999999999998,4.99
Kraków,Oslo,Norwegia,Gdańsk,2026-08-29,2026-08-31,2,71.96,114.16,186.12,KRK,OSLO,GDN,https://skyscanner.net/g/referrals/v1/flights/multicity/?mediaPartnerId=6439681&origin0=krk&date0=2026-08-29&destination0=oslo&origin1=oslo&date1=2026-08-31&destination1=gdn&adultsv2=1&market=PL&locale=pl-PL&currency=PLN,Kraków-Oslo,324.6316393442623,-1.6361383528150875,133.75,39.16
Gdańsk,Sztokholm,Szwecja,Gdańsk,2026-08-28,2026-08-31,3,77.49,109.26,186.75,GDN,STO,GDN,https://www.skyscanner.net/g/referrals/v1/flights/day-view/?origin=gdn&destination=sto&outboundDate=2026-08-28&inboundDate=2026-08-31&market=PL&locale=pl-PL&currency=PLN&mediaPartnerId=6439681,Gdańsk-Sztokholm,243.69188679245283,-1.218095743767663,186.66000000000005,0.05
Gdańsk,Sztokholm,Szwecja,Gdańsk,2026-08-28,2026-08-31,3,77.49,109.26,186.75,GDN,ARN,GDN,https://www.skyscanner.net/g/referrals/v1/flights/day-view/?origin=gdn&destination=arn&outboundDate=2026-08-28&inboundDate=2026-08-31&market=PL&locale=pl-PL&currency=PLN&mediaPartnerId=6439681,Gdańsk-Sztokholm,243.69188679245283,-1.218095743767663,186.66000000000005,0.05
Gdańsk,Sztokholm,Szwecja,Kraków,2026-08-27,2026-08-31,4,73.43,113.84,187.27,GDN,ARN,KRK,https://skyscanner.net/g/referrals/v1/flights/multicity/?mediaPartnerId=6439681&origin0=gdn&date0=2026-08-27&destination0=arn&origin1=arn&date1=2026-08-31&destination1=krk&adultsv2=1&market=PL&locale=pl-PL&currency=PLN,Gdańsk-Sztokholm,243.69188679245283,-1.2069719503277316,190.11,-1.49
Gdańsk,Sztokholm,Szwecja,Gdańsk,2026-08-26,2026-08-31,5,79.0,109.26,188.26,GDN,STO,GDN,https://www.skyscanner.net/g/referrals/v1/flights/day-view/?origin=gdn&destination=sto&outboundDate=2026-08-26&inboundDate=2026-08-31&market=PL&locale=pl-PL&currency=PLN&mediaPartnerId=6439681,Gdańsk-Sztokholm,243.69188679245283,-1.1857939589709403,184.22,2.19
Gdańsk,Sztokholm,Szwecja,Gdańsk,2026-08-26,2026-08-31,5,79.0,109.26,188.26,GDN,ARN,GDN,https://www.skyscanner.net/g/referrals/v1/flights/day-view/?origin=gdn&destination=arn&outboundDate=2026-08-26&inboundDate=2026-08-31&market=PL&locale=pl-PL&currency=PLN&mediaPartnerId=6439681,Gdańsk-Sztokholm,243.69188679245283,-1.1857939589709403,184.22,2.19
Gdańsk,Sztokholm,Szwecja,Gdańsk,2026-08-27,2026-08-31,4,79.0,109.26,188.26,GDN,STO,GDN,https://www.skyscanner.net/g/referrals/v1/flights/day-view/?origin=gdn&destination=sto&outboundDate=2026-08-27&inboundDate=2026-08-31&market=PL&locale=pl-PL&currency=PLN&mediaPartnerId=6439681,Gdańsk-Sztokholm,243.69188679245283,-1.1857939589709403,182.68,3.05
Gdańsk,Sztokholm,Szwecja,Gdańsk,2026-08-27,2026-08-31,4,79.0,109.26,188.26,GDN,ARN,GDN,https://www.skyscanner.net/g/referrals/v1/flights/day-view/?origin=gdn&destination=arn&outboundDate=2026-08-27&inboundDate=2026-08-31&market=PL&locale=pl-PL&currency=PLN&mediaPartnerId=6439681,Gdańsk-Sztokholm,243.69188679245283,-1.1857939589709403,182.68,3.05
Gdańsk,Sztokholm,Szwecja,Kraków,2026-08-26,2026-08-31,5,74.97,113.84,188.81,GDN,ARN,KRK,https://skyscanner.net/g/referrals/v1/flights/multicity/?mediaPartnerId=6439681&origin0=gdn&date0=2026-08-26&destination0=arn&origin1=arn&date1=2026-08-31&destination1=krk&adultsv2=1&market=PL&locale=pl-PL&currency=PLN,Gdańsk-Sztokholm,243.69188679245283,-1.1740284082171668,191.65,-1.48
Poznań,Oslo,Norwegia,Gdańsk,2026-08-24,2026-08-26,2,120.43,68.91,189.34,POZ,OSLO,GDN,https://skyscanner.net/g/referrals/v1/flights/multicity/?mediaPartnerId=6439681&origin0=poz&date0=2026-08-24&destination0=oslo&origin1=oslo&date1=2026-08-26&destination1=gdn&adultsv2=1&market=PL&locale=pl-PL&currency=PLN,Poznań-Oslo,245.58100000000002,-1.2636125693456763,189.33,0.01
Kraków,Wiedeń,Austria,Kraków,2026-08-27,2026-08-30,3,81.8,107.64,189.44,KRK,VIE,KRK,https://www.skyscanner.net/g/referrals/v1/flights/day-view/?origin=krk&destination=vie&outboundDate=2026-08-27&inboundDate=2026-08-30&market=PL&locale=pl-PL&currency=PLN&mediaPartnerId=6439681,Kraków-Wiedeń,306.05727272727273,-1.8433092247183216,202.13,-6.28
Gdańsk,Kopenhaga,Dania,Gdańsk,2026-08-28,2026-08-31,3,111.95,77.49,189.44,GDN,CPH,GDN,https://www.skyscanner.net/g/referrals/v1/flights/day-view/?origin=gdn&destination=cph&outboundDate=2026-08-28&inboundDate=2026-08-31&market=PL&locale=pl-PL&currency=PLN&mediaPartnerId=6439681,Gdańsk-Kopenhaga,306.08927536231886,-1.858941681276767,167.71,12.96
Poznań,Oslo,Norwegia,Gdańsk,2026-08-24,2026-08-27,3,120.43,70.76,191.19,POZ,OSLO,GDN,https://skyscanner.net/g/referrals/v1/flights/multicity/?mediaPartnerId=6439681&origin0=poz&date0=2026-08-24&destination0=oslo&origin1=oslo&date1=2026-08-27&destination1=gdn&adultsv2=1&market=PL&locale=pl-PL&currency=PLN,Poznań-Oslo,245.58100000000002,-1.2220471054796447,191.19,0.0
Gdańsk,Sztokholm,Szwecja,Kraków,2026-08-28,2026-08-31,3,77.49,113.84,191.32999999999998,GDN,ARN,KRK,https://skyscanner.net/g/referrals/v1/flights/multicity/?mediaPartnerId=6439681&origin0=gdn&date0=2026-08-28&destination0=arn&origin1=arn&date1=2026-08-31&destination1=krk&adultsv2=1&market=PL&locale=pl-PL&currency=PLN,Gdańsk-Sztokholm,243.69188679245283,-1.1201207938544242,194.09,-1.42
Kraków,Oslo,Norwegia,Gdańsk,2026-08-27,2026-08-31,4,77.49,114.16,191.64999999999998,KRK,OSLO,GDN,https://skyscanner.net/g/referrals/v1/flights/multicity/?mediaPartnerId=6439681&origin0=krk&date0=2026-08-27&destination0=oslo&origin1=oslo&date1=2026-08-31&destination1=gdn&adultsv2=1&market=PL&locale=pl-PL&currency=PLN,Kraków-Oslo,324.6316393442623,-1.5708164409966914,139.2,37.68
Wrocław,Gdańsk,Polska,Wrocław,2026-08-25,2026-08-31,6,116.12,76.42,192.54000000000002,WRO,GDN,WRO,https://www.skyscanner.net/g/referrals/v1/flights/day-view/?origin=wro&destination=gdn&outboundDate=2026-08-25&inboundDate=2026-08-31&market=PL&locale=pl-PL&currency=PLN&mediaPartnerId=6439681,Wrocław-Gdańsk,312.65478260869565,-1.8011254506444658,192.54,0.0
Gdańsk,Sztokholm,Szwecja,Kraków,2026-08-27,2026-08-31,4,79.0,113.84,192.84,GDN,ARN,KRK,https://skyscanner.net/g/referrals/v1/flights/multicity/?mediaPartnerId=6439681&origin0=gdn&date0=2026-08-27&destination0=arn&origin1=arn&date1=2026-08-31&destination1=krk&adultsv2=1&market=PL&locale=pl-PL&currency=PLN,Gdańsk-Sztokholm,243.69188679245283,-1.087819009057701,190.11,1.44
Gdańsk,Sztokholm,Szwecja,Kraków,2026-08-26,2026-08-31,5,79.0,113.84,192.84,GDN,ARN,KRK,https://skyscanner.net/g/referrals/v1/flights/multicity/?mediaPartnerId=6439681&origin0=gdn&date0=2026-08-26&destination0=arn&origin1=arn&date1=2026-08-31&destination1=krk&adultsv2=1&market=PL&locale=pl-PL&currency=PLN,Gdańsk-Sztokholm,243.69188679245283,-1.087819009057701,191.65,0.62
Kraków,Oslo,Norwegia,Gdańsk,2026-08-28,2026-08-31,3,78.89,114.16,193.05,KRK,OSLO,GDN,https://skyscanner.net/g/referrals/v1/flights/multicity/?mediaPartnerId=6439681&origin0=krk&date0=2026-08-28&destination0=oslo&origin1=oslo&date1=2026-08-31&destination1=gdn&adultsv2=1&market=PL&locale=pl-PL&currency=PLN,Kraków-Oslo,324.6316393442623,-1.5542792481312742,139.2,38.69
Poznań,Oslo,Norwegia,Gdańsk,2026-08-29,2026-08-31,2,78.98,114.16,193.14,POZ,OSLO,GDN,https://skyscanner.net/g/referrals/v1/flights/multicity/?mediaPartnerId=6439681&origin0=poz&date0=2026-08-29&destination0=oslo&origin1=oslo&date1=2026-08-31&destination1=gdn&adultsv2=1&market=PL&locale=pl-PL&currency=PLN,Poznań-Oslo,245.58100000000002,-1.1782348597830166,135.22,42.83
Gdańsk,Bratysława,Słowacja,Warszawa,2026-08-25,2026-08-29,4,94.52,99.03,193.55,GDN,BTS,WARS,https://skyscanner.net/g/referrals/v1/flights/multicity/?mediaPartnerId=6439681&origin0=gdn&date0=2026-08-25&destination0=bts&origin1=bts&date1=2026-08-29&destination1=wars&adultsv2=1&market=PL&locale=pl-PL&currency=PLN,Gdańsk-Bratysława,282.0354545454545,-1.2057602126748779,156.4,23.75
Gdańsk,Bratysława,Słowacja,Warszawa,2026-08-25,2026-08-29,4,94.52,99.1,193.62,GDN,BTS,WARS,https://skyscanner.net/g/referrals/v1/flights/multicity/?mediaPartnerId=6439681&origin0=gdn&date0=2026-08-25&destination0=bts&origin1=bts&date1=2026-08-29&destination1=wars&adultsv2=1&market=PL&locale=pl-PL&currency=PLN,Gdańsk-Bratysława,282.0354545454545,-1.2048063472591346,156.4,23.8
Warszawa,Kopenhaga,Dania,Kraków,2026-08-28,2026-08-31,3,79.0,115.18,194.18,WARS,CPH,KRK,https://skyscanner.net/g/referrals/v1/flights/multicity/?mediaPartnerId=6439681&origin0=wars&date0=2026-08-28&destination0=cph&origin1=cph&date1=2026-08-31&destination1=krk&adultsv2=1&market=PL&locale=pl-PL&currency=PLN,Warszawa-Kopenhaga,413.8213265306122,-2.7364009880835187,174.0,11.6
Kraków,Sztokholm,Szwecja,Poznań,2026-08-25,2026-08-29,4,105.29,89.82,195.11,KRK,ARN,POZ,https://skyscanner.net/g/referrals/v1/flights/multicity/?mediaPartnerId=6439681&origin0=krk&date0=2026-08-25&destination0=arn&origin1=arn&date1=2026-08-29&destination1=poz&adultsv2=1&market=PL&locale=pl-PL&currency=PLN,Kraków-Sztokholm,331.2215476190476,-1.735183437961248,196.11,-0.51
Warszawa,Kopenhaga,Dania,Gdańsk,2026-08-26,2026-08-31,5,117.79,77.49,195.28,WARS,CPH,GDN,https://skyscanner.net/g/referrals/v1/flights/multicity/?mediaPartnerId=6439681&origin0=wars&date0=2026-08-26&destination0=cph&origin1=cph&date1=2026-08-31&destination1=gdn&adultsv2=1&market=PL&locale=pl-PL&currency=PLN,Warszawa-Kopenhaga,413.8213265306122,-2.722696640479916,204.58,-4.55
Kraków,Sztokholm,Szwecja,Poznań,2026-08-27,2026-08-29,2,106.75,89.82,196.57,KRK,ARN,POZ,https://skyscanner.net/g/referrals/v1/flights/multicity/?mediaPartnerId=6439681&origin0=krk&date0=2026-08-27&destination0=arn&origin1=arn&date1=2026-08-29&destination1=poz&adultsv2=1&market=PL&locale=pl-PL&currency=PLN,Kraków-Sztokholm,331.2215476190476,-1.716570999386133,196.11,0.23
Poznań,Oslo,Norwegia,Gdańsk,2026-08-20,2026-08-25,5,94.61,102.31,196.92000000000002,POZ,OSLO,GDN,https://skyscanner.net/g/referrals/v1/flights/multicity/?mediaPartnerId=6439681&origin0=poz&date0=2026-08-20&destination0=oslo&origin1=oslo&date1=2026-08-25&destination1=gdn&adultsv2=1&market=PL&locale=pl-PL&currency=PLN,Poznań-Oslo,245.58100000000002,-1.093306506586475,156.41,25.9
Gdańsk,Kopenhaga,Dania,Kraków,2026-08-25,2026-08-31,6,81.8,115.18,196.98000000000002,GDN,CPH,KRK,https://skyscanner.net/g/referrals/v1/flights/multicity/?mediaPartnerId=6439681&origin0=gdn&date0=2026-08-25&destination0=cph&origin1=cph&date1=2026-08-31&destination1=krk&adultsv2=1&market=PL&locale=pl-PL&currency=PLN,Gdańsk-Kopenhaga,306.08927536231886,-1.73878302419732,189.61,3.89
Gdańsk,Wrocław,Polska,Gdańsk,2026-08-25,2026-08-31,6,116.26,81.8,198.06,GDN,WRO,GDN,https://www.skyscanner.net/g/referrals/v1/flights/day-view/?origin=gdn&destination=wro&outboundDate=2026-08-25&inboundDate=2026-08-31&market=PL&locale=pl-PL&currency=PLN&mediaPartnerId=6439681,Gdańsk-Wrocław,249.49888888888887,-1.215813209495071,159.10000000000002,24.49
Kraków,Sztokholm,Szwecja,Gdańsk,2026-08-25,2026-08-27,2,105.29,94.61,199.9,KRK,ARN,GDN,https://skyscanner.net/g/referrals/v1/flights/multicity/?mediaPartnerId=6439681&origin0=krk&date0=2026-08-25&destination0=arn&origin1=arn&date1=2026-08-27&destination1=gdn&adultsv2=1&market=PL&locale=pl-PL&currency=PLN,Kraków-Sztokholm,331.2215476190476,-1.6741193415401503,198.61,0.65
Warszawa,Budapeszt,Węgry,Warszawa,2026-08-26,2026-08-31,5,95.29,105.02,200.31,WARS,BUD,WARS,https://www.skyscanner.net/g/referrals/v1/flights/day-view/?origin=wars&destination=bud&outboundDate=2026-08-26&inboundDate=2026-08-31&market=PL&locale=pl-PL&currency=PLN&mediaPartnerId=6439681,Warszawa-Budapeszt,297.62397260273974,-1.963887856078104,191.51,4.6
Poznań,Kopenhaga,Dania,Kraków,2026-08-27,2026-08-31,4,85.13,115.18,200.31,POZ,CPH,KRK,https://skyscanner.net/g/referrals/v1/flights/multicity/?mediaPartnerId=6439681&origin0=poz&date0=2026-08-27&destination0=cph&origin1=cph&date1=2026-08-31&destination1=krk&adultsv2=1&market=PL&locale=pl-PL&currency=PLN,Poznań-Kopenhaga,317.31814814814817,-1.6894443005364426,178.07,12.49
Gdańsk,Kopenhaga,Dania,Kraków,2026-08-29,2026-08-31,2,86.01,115.18,201.19,GDN,CPH,KRK,https://skyscanner.net/g/referrals/v1/flights/multicity/?mediaPartnerId=6439681&origin0=gdn&date0=2026-08-29&destination0=cph&origin1=cph&date1=2026-08-31&destination1=krk&adultsv2=1&market=PL&locale=pl-PL&currency=PLN,Gdańsk-Kopenhaga,306.08927536231886,-1.671691784634393,176.7,13.86
Poznań,Sztokholm,Szwecja,Poznań,2026-08-25,2026-08-29,4,111.95,89.82,201.76999999999998,POZ,ARN,POZ,https://www.skyscanner.net/g/referrals/v1/flights/day-view/?origin=poz&destination=arn&outboundDate=2026-08-25&inboundDate=2026-08-29&market=PL&locale=pl-PL&currency=PLN&mediaPartnerId=6439681,Poznań-Sztokholm,232.97000000000003,-2.076777955535997,195.33,3.3
Poznań,Kopenhaga,Dania,Gdańsk,2026-08-29,2026-08-31,2,124.73,77.49,202.22,POZ,CPH,GDN,https://skyscanner.net/g/referrals/v1/flights/multicity/?mediaPartnerId=6439681&origin0=poz&date0=2026-08-29&destination0=cph&origin1=cph&date1=2026-08-31&destination1=gdn&adultsv2=1&market=PL&locale=pl-PL&currency=PLN,Poznań-Kopenhaga,317.31814814814817,-1.661866403910483,210.74,-4.04
Warszawa,Budapeszt,Węgry,Katowice,2026-08-28,2026-08-31,3,117.5,84.74,202.24,WARS,BUD,KTW,https://skyscanner.net/g/referrals/v1/flights/multicity/?mediaPartnerId=6439681&origin0=wars&date0=2026-08-28&destination0=bud&origin1=bud&date1=2026-08-31&destination1=ktw&adultsv2=1&market=PL&locale=pl-PL&currency=PLN,Warszawa-Budapeszt,297.62397260273974,-1.9249386336709196,,0.0
Kraków,Oslo,Norwegia,Gdańsk,2026-08-26,2026-08-31,5,90.41,114.16,204.57,KRK,OSLO,GDN,https://skyscanner.net/g/referrals/v1/flights/multicity/?mediaPartnerId=6439681&origin0=krk&date0=2026-08-26&destination0=oslo&origin1=oslo&date1=2026-08-31&destination1=gdn&adultsv2=1&market=PL&locale=pl-PL&currency=PLN,Kraków-Oslo,324.6316393442623,-1.4182017754101301,139.2,46.96
Kraków,Kopenhaga,Dania,Gdańsk,2026-08-27,2026-08-31,4,128.12,77.49,205.61,KRK,CPH,GDN,https://skyscanner.net/g/referrals/v1/flights/multicity/?mediaPartnerId=6439681&origin0=krk&date0=2026-08-27&destination0=cph&origin1=cph&date1=2026-08-31&destination1=gdn&adultsv2=1&market=PL&locale=pl-PL&currency=PLN,Kraków-Kopenhaga,340.19623188405797,-1.7051823823379064,218.44,-5.87
Gdańsk,Kopenhaga,Dania,Gdańsk,2026-08-26,2026-08-31,5,129.0,77.49,206.49,GDN,CPH,GDN,https://www.skyscanner.net/g/referrals/v1/flights/day-view/?origin=gdn&destination=cph&outboundDate=2026-08-26&inboundDate=2026-08-31&market=PL&locale=pl-PL&currency=PLN&mediaPartnerId=6439681,Gdańsk-Kopenhaga,306.08927536231886,-1.58723012912762,210.74,-2.02
Poznań,Sztokholm,Szwecja,Gdańsk,2026-08-25,2026-08-27,2,111.95,94.61,206.56,POZ,ARN,GDN,https://skyscanner.net/g/referrals/v1/flights/multicity/?mediaPartnerId=6439681&origin0=poz&date0=2026-08-25&destination0=arn&origin1=arn&date1=2026-08-27&destination1=gdn&adultsv2=1&market=PL&locale=pl-PL&currency=PLN,Poznań-Sztokholm,232.97000000000003,-1.7579392886444118,197.83,4.41
Warszawa,Budapeszt,Węgry,Kraków,2026-08-28,2026-08-31,3,117.5,90.11,207.61,WARS,BUD,KRK,https://skyscanner.net/g/referrals/v1/flights/multicity/?mediaPartnerId=6439681&origin0=wars&date0=2026-08-28&destination0=bud&origin1=bud&date1=2026-08-31&destination1=krk&adultsv2=1&market=PL&locale=pl-PL&currency=PLN,Warszawa-Budapeszt,297.62397260273974,-1.816566963035386,,0.0
Katowice,Budapeszt,Węgry,Katowice,2026-08-28,2026-08-31,3,123.26,84.74,208.0,KTW,BUD,KTW,https://www.skyscanner.net/g/referrals/v1/flights/day-view/?origin=ktw&destination=bud&outboundDate=2026-08-28&inboundDate=2026-08-31&market=PL&locale=pl-PL&currency=PLN&mediaPartnerId=6439681,Katowice-Budapeszt,362.405,-1.5681749581434095,235.7,-11.75
Warszawa,Sztokholm,Szwecja,Gdańsk,2026-08-29,2026-08-31,2,100.54,109.26,209.8,WARS,ARN,GDN,https://skyscanner.net/g/referrals/v1/flights/multicity/?mediaPartnerId=6439681&origin0=wars&date0=2026-08-29&destination0=arn&origin1=arn&date1=2026-08-31&destination1=gdn&adultsv2=1&market=PL&locale=pl-PL&currency=PLN,Warszawa-Sztokholm,303.00695652173914,-1.730422986668353,209.81,-0.0
Warszawa,Sztokholm,Szwecja,Gdańsk,2026-08-29,2026-08-31,2,100.54,109.26,209.8,WARS,STO,GDN,https://skyscanner.net/g/referrals/v1/flights/multicity/?mediaPartnerId=6439681&origin0=wars&date0=2026-08-29&destination0=sto&origin1=sto&date1=2026-08-31&destination1=gdn&adultsv2=1&market=PL&locale=pl-PL&currency=PLN,Warszawa-Sztokholm,303.00695652173914,-1.730422986668353,209.81,-0.0
Wrocław,Mediolan,Włochy,Kraków,2026-08-29,2026-08-31,2,132.52,77.49,210.01,WRO,MILA,KRK,https://skyscanner.net/g/referrals/v1/flights/multicity/?mediaPartnerId=6439681&origin0=wro&date0=2026-08-29&destination0=mila&origin1=mila&date1=2026-08-31&destination1=krk&adultsv2=1&market=PL&locale=pl-PL&currency=PLN,Wrocław-Mediolan,455.68653333333333,-2.7078715966005062,223.06,-5.85
Katowice,Oslo,Norwegia,Gdańsk,2026-08-29,2026-08-31,2,95.99,114.16,210.14999999999998,KTW,OSLO,GDN,https://skyscanner.net/g/referrals/v1/flights/multicity/?mediaPartnerId=6439681&origin0=ktw&date0=2026-08-29&destination0=oslo&origin1=oslo&date1=2026-08-31&destination1=gdn&adultsv2=1&market=PL&locale=pl-PL&currency=PLN,Katowice-Oslo,398.5443181818182,-1.7413106701295094,156.8,34.02
Kraków,Kopenhaga,Dania,Kraków,2026-08-25,2026-08-31,6,95.0,115.18,210.18,KRK,CPH,KRK,https://www.skyscanner.net/g/referrals/v1/flights/day-view/?origin=krk&destination=cph&outboundDate=2026-08-25&inboundDate=2026-08-31&market=PL&locale=pl-PL&currency=PLN&mediaPartnerId=6439681,Kraków-Kopenhaga,340.19623188405797,-1.647281337199817,190.0,10.62
Warszawa,Sztokholm,Szwecja,Poznań,2026-08-25,2026-08-29,4,120.59,89.82,210.41,WARS,ARN,POZ,https://skyscanner.net/g/referrals/v1/flights/multicity/?mediaPartnerId=6439681&origin0=wars&date0=2026-08-25&destination0=arn&origin1=arn&date1=2026-08-29&destination1=poz&adultsv2=1&market=PL&locale=pl-PL&currency=PLN,Warszawa-Sztokholm,303.00695652173914,-1.7190981021183303,190.55,10.42
Wrocław,Gdańsk,Polska,Wrocław,2026-08-25,2026-08-28,3,116.12,94.72,210.84,WRO,GDN,WRO,https://www.skyscanner.net/g/referrals/v1/flights/day-view/?origin=wro&destination=gdn&outboundDate=2026-08-25&inboundDate=2026-08-28&market=PL&locale=pl-PL&currency=PLN&mediaPartnerId=6439681,Wrocław-Gdańsk,312.65478260869565,-1.526716297741353,193.52,8.95
Kraków,Oslo,Norwegia,Wrocław,2026-08-27,2026-08-30,3,77.49,134.71,212.2,KRK,OSLO,WRO,https://skyscanner.net/g/referrals/v1/flights/multicity/?mediaPartnerId=6439681&origin0=krk&date0=2026-08-27&destination0=oslo&origin1=oslo&date1=2026-08-30&destination1=wro&adultsv2=1&market=PL&locale=pl-PL&currency=PLN,Kraków-Oslo,324.6316393442623,-1.3280740742936086,212.14,0.03
Poznań,Praga,Czechy,Poznań,2026-08-23,2026-08-28,5,150.72,62.07,212.79,POZ,PRG,POZ,https://www.skyscanner.net/g/referrals/v1/flights/day-view/?origin=poz&destination=prg&outboundDate=2026-08-23&inboundDate=2026-08-28&market=PL&locale=pl-PL&currency=PLN&mediaPartnerId=6439681,Poznań-Praga,243.16454545454545,-1.3596305821898562,191.07,11.37
Kraków,Triest,Włochy,Kraków,2026-08-24,2026-08-31,7,110.49,102.35,212.83999999999997,KRK,TRS,KRK,https://www.skyscanner.net/g/referrals/v1/flights/day-view/?origin=krk&destination=trs&outboundDate=2026-08-24&inboundDate=2026-08-31&market=PL&locale=pl-PL&currency=PLN&mediaPartnerId=6439681,Kraków-Triest,284.7633333333333,-1.1141153193823812,227.33,-6.37
Gdańsk,Oslo (Wszystkie lotniska),Norwegia,Gdańsk,2026-08-29,2026-08-31,2,99.0,114.16,213.16,GDN,OOS,GDN,https://www.skyscanner.net/g/referrals/v1/flights/day-view/?origin=gdn&destination=oos&outboundDate=2026-08-29&inboundDate=2026-08-31&market=PL&locale=pl-PL&currency=PLN&mediaPartnerId=6439681,Gdańsk-Oslo (Wszystkie lotniska),320.60925000000003,-1.4136720844091208,213.16,0.0
Kraków,Kopenhaga,Dania,Kraków,2026-08-26,2026-08-31,5,98.01,115.18,213.19,KRK,CPH,KRK,https://www.skyscanner.net/g/referrals/v1/flights/day-view/?origin=krk&destination=cph&outboundDate=2026-08-26&inboundDate=2026-08-31&market=PL&locale=pl-PL&currency=PLN&mediaPartnerId=6439681,Kraków-Kopenhaga,340.19623188405797,-1.609145200248909,190.0,12.21
Katowice,Budapeszt,Węgry,Kraków,2026-08-28,2026-08-31,3,123.26,90.11,213.37,KTW,BUD,KRK,https://skyscanner.net/g/referrals/v1/flights/multicity/?mediaPartnerId=6439681&origin0=ktw&date0=2026-08-28&destination0=bud&origin1=bud&date1=2026-08-31&destination1=krk&adultsv2=1&market=PL&locale=pl-PL&currency=PLN,Katowice-Budapeszt,362.405,-1.513635924269959,241.06,-11.49
Kraków,Oslo,Norwegia,Wrocław,2026-08-28,2026-08-30,2,78.89,134.71,213.60000000000002,KRK,OSLO,WRO,https://skyscanner.net/g/referrals/v1/flights/multicity/?mediaPartnerId=6439681&origin0=krk&date0=2026-08-28&destination0=oslo&origin1=oslo&date1=2026-08-30&destination1=wro&adultsv2=1&market=PL&locale=pl-PL&currency=PLN,Kraków-Oslo,324.6316393442623,-1.3115368814281914,212.14,0.69
Wrocław,Gdańsk,Polska,Wrocław,2026-08-24,2026-08-31,7,137.64,76.42,214.06,WRO,GDN,WRO,https://www.skyscanner.net/g/referrals/v1/flights/day-view/?origin=wro&destination=gdn&outboundDate=2026-08-24&inboundDate=2026-08-31&market=PL&locale=pl-PL&currency=PLN&mediaPartnerId=6439681,Wrocław-Gdańsk,312.65478260869565,-1.4784322828589476,205.45,4.19
Warszawa,Sztokholm,Szwecja,Kraków,2026-08-29,2026-08-31,2,100.54,113.84,214.38,WARS,ARN,KRK,https://skyscanner.net/g/referrals/v1/flights/multicity/?mediaPartnerId=6439681&origin0=wars&date0=2026-08-29&destination0=arn&origin1=arn&date1=2026-08-31&destination1=krk&adultsv2=1&market=PL&locale=pl-PL&currency=PLN,Warszawa-Sztokholm,303.00695652173914,-1.6453935256206407,217.24,-1.32
Wrocław,Mediolan,Włochy,Kraków,2026-08-27,2026-08-31,4,137.04,77.49,214.52999999999997,WRO,MILA,KRK,https://skyscanner.net/g/referrals/v1/flights/multicity/?mediaPartnerId=6439681&origin0=wro&date0=2026-08-27&destination0=mila&origin1=mila&date1=2026-08-31&destination1=krk&adultsv2=1&market=PL&locale=pl-PL&currency=PLN,Wrocław-Mediolan,455.68653333333333,-2.6580516994757466,218.53000000000003,-1.83
Kraków,Sztokholm,Szwecja,Gdańsk,2026-08-25,2026-08-31,6,105.29,109.26,214.55,KRK,ARN,GDN,https://skyscanner.net/g/referrals/v1/flights/multicity/?mediaPartnerId=6439681&origin0=krk&date0=2026-08-25&destination0=arn&origin1=arn&date1=2026-08-31&destination1=gdn&adultsv2=1&market=PL&locale=pl-PL&currency=PLN,Kraków-Sztokholm,331.2215476190476,-1.4873575435090263,213.26,0.6
Kraków,Sztokholm,Szwecja,Gdańsk,2026-08-25,2026-08-31,6,105.29,109.26,214.55,KRK,STO,GDN,https://skyscanner.net/g/referrals/v1/flights/multicity/?mediaPartnerId=6439681&origin0=krk&date0=2026-08-25&destination0=sto&origin1=sto&date1=2026-08-31&destination1=gdn&adultsv2=1&market=PL&locale=pl-PL&currency=PLN,Kraków-Sztokholm,331.2215476190476,-1.4873575435090263,213.26,0.6
Gdańsk,Oslo (Wszystkie lotniska),Norwegia,Gdańsk,2026-08-28,2026-08-30,2,69.0,145.77,214.77,GDN,OOS,GDN,https://www.skyscanner.net/g/referrals/v1/flights/day-view/?origin=gdn&destination=oos&outboundDate=2026-08-28&inboundDate=2026-08-30&market=PL&locale=pl-PL&currency=PLN&mediaPartnerId=6439681,Gdańsk-Oslo (Wszystkie lotniska),320.60925000000003,-1.392489879266705,214.77,0.0
Gdańsk,Oslo (Wszystkie lotniska),Norwegia,Gdańsk,2026-08-27,2026-08-30,3,69.0,145.77,214.77,GDN,OOS,GDN,https://www.skyscanner.net/g/referrals/v1/flights/day-view/?origin=gdn&destination=oos&outboundDate=2026-08-27&inboundDate=2026-08-30&market=PL&locale=pl-PL&currency=PLN&mediaPartnerId=6439681,Gdańsk-Oslo (Wszystkie lotniska),320.60925000000003,-1.392489879266705,214.77,0.0
Gdańsk,Oslo (Wszystkie lotniska),Norwegia,Gdańsk,2026-08-26,2026-08-30,4,69.0,145.77,214.77,GDN,OOS,GDN,https://www.skyscanner.net/g/referrals/v1/flights/day-view/?origin=gdn&destination=oos&outboundDate=2026-08-26&inboundDate=2026-08-30&market=PL&locale=pl-PL&currency=PLN&mediaPartnerId=6439681,Gdańsk-Oslo (Wszystkie lotniska),320.60925000000003,-1.392489879266705,214.77,0.0
Warszawa,Sztokholm,Szwecja,Gdańsk,2026-08-25,2026-08-27,2,120.59,94.61,215.2,WARS,ARN,GDN,https://skyscanner.net/g/referrals/v1/flights/multicity/?mediaPartnerId=6439681&origin0=wars&date0=2026-08-25&destination0=arn&origin1=arn&date1=2026-08-27&destination1=gdn&adultsv2=1&market=PL&locale=pl-PL&currency=PLN,Warszawa-Sztokholm,303.00695652173914,-1.6301699103238887,193.05,11.47
Gdańsk,Kopenhaga,Dania,Gdańsk,2026-08-27,2026-08-31,4,138.02,77.49,215.51,GDN,CPH,GDN,https://www.skyscanner.net/g/referrals/v1/flights/day-view/?origin=gdn&destination=cph&outboundDate=2026-08-27&inboundDate=2026-08-31&market=PL&locale=pl-PL&currency=PLN&mediaPartnerId=6439681,Gdańsk-Kopenhaga,306.08927536231886,-1.4434859531519426,228.35,-5.62
Kraków,Sztokholm,Szwecja,Gdańsk,2026-08-27,2026-08-31,4,106.75,109.26,216.01,KRK,ARN,GDN,https://skyscanner.net/g/referrals/v1/flights/multicity/?mediaPartnerId=6439681&origin0=krk&date0=2026-08-27&destination0=arn&origin1=arn&date1=2026-08-31&destination1=gdn&adultsv2=1&market=PL&locale=pl-PL&currency=PLN,Kraków-Sztokholm,331.2215476190476,-1.468745104933911,213.26,1.29
Kraków,Sztokholm,Szwecja,Gdańsk,2026-08-27,2026-08-31,4,106.75,109.26,216.01,KRK,STO,GDN,https://skyscanner.net/g/referrals/v1/flights/multicity/?mediaPartnerId=6439681&origin0=krk&date0=2026-08-27&destination0=sto&origin1=sto&date1=2026-08-31&destination1=gdn&adultsv2=1&market=PL&locale=pl-PL&currency=PLN,Kraków-Sztokholm,331.2215476190476,-1.468745104933911,213.26,1.29
Katowice,Oslo,Norwegia,Gdańsk,2026-08-26,2026-08-31,5,152.15,64.61,216.76,KTW,OSLO,GDN,https://skyscanner.net/g/referrals/v1/flights/multicity/?mediaPartnerId=6439681&origin0=ktw&date0=2026-08-26&destination0=oslo&origin1=oslo&date1=2026-08-31&destination1=gdn&adultsv2=1&market=PL&locale=pl-PL&currency=PLN,Katowice-Oslo,398.5443181818182,-1.6802150721271971,179.6,20.69
Poznań,Praga,Czechy,Poznań,2026-08-21,2026-08-28,7,155.02,62.07,217.09,POZ,PRG,POZ,https://www.skyscanner.net/g/referrals/v1/flights/day-view/?origin=poz&destination=prg&outboundDate=2026-08-21&inboundDate=2026-08-28&market=PL&locale=pl-PL&currency=PLN&mediaPartnerId=6439681,Poznań-Praga,243.16454545454545,-1.1671532490832468,,0.0
Kraków,Kopenhaga,Dania,Kraków,2026-08-29,2026-08-31,2,102.14,115.18,217.32,KRK,CPH,KRK,https://www.skyscanner.net/g/referrals/v1/flights/day-view/?origin=krk&destination=cph&outboundDate=2026-08-29&inboundDate=2026-08-31&market=PL&locale=pl-PL&currency=PLN&mediaPartnerId=6439681,Kraków-Kopenhaga,340.19623188405797,-1.55681887280464,190.0,14.38
Wrocław,Budapeszt,Węgry,Katowice,2026-08-26,2026-08-28,2,139.0,78.55,217.55,WRO,BUD,KTW,https://skyscanner.net/g/referrals/v1/flights/multicity/?mediaPartnerId=6439681&origin0=wro&date0=2026-08-26&destination0=bud&origin1=bud&date1=2026-08-28&destination1=ktw&adultsv2=1&market=PL&locale=pl-PL&currency=PLN,Wrocław-Budapeszt,334.8451851851852,-2.0611255137866427,205.65,5.79
Kraków,Budapeszt,Węgry,Katowice,2026-08-27,2026-08-31,4,133.29,84.74,218.02999999999997,KRK,BUD,KTW,https://skyscanner.net/g/referrals/v1/flights/multicity/?mediaPartnerId=6439681&origin0=krk&date0=2026-08-27&destination0=bud&origin1=bud&date1=2026-08-31&destination1=ktw&adultsv2=1&market=PL&locale=pl-PL&currency=PLN,Kraków-Budapeszt,404.25374999999997,-2.4677563983162387,222.19,-1.87
Gdańsk,Bukareszt,Rumunia,Gdańsk,2026-08-25,2026-08-29,4,100.37,118.41,218.78,GDN,BUCH,GDN,https://www.skyscanner.net/g/referrals/v1/flights/day-view/?origin=gdn&destination=buch&outboundDate=2026-08-25&inboundDate=2026-08-29&market=PL&locale=pl-PL&currency=PLN&mediaPartnerId=6439681,Gdańsk-Bukareszt,335.785625,-2.7092266840383905,354.54999999999995,-38.29
Kraków,Sztokholm,Szwecja,Kraków,2026-08-25,2026-08-31,6,105.29,113.84,219.13,KRK,ARN,KRK,https://www.skyscanner.net/g/referrals/v1/flights/day-view/?origin=krk&destination=arn&outboundDate=2026-08-25&inboundDate=2026-08-31&market=PL&locale=pl-PL&currency=PLN&mediaPartnerId=6439681,Kraków-Sztokholm,331.2215476190476,-1.4289705786638014,220.69,-0.71
Gdańsk,Kopenhaga,Dania,Poznań,2026-08-25,2026-08-29,4,81.8,137.79,219.58999999999997,GDN,CPH,POZ,https://skyscanner.net/g/referrals/v1/flights/multicity/?mediaPartnerId=6439681&origin0=gdn&date0=2026-08-25&destination0=cph&origin1=cph&date1=2026-08-29&destination1=poz&adultsv2=1&market=PL&locale=pl-PL&currency=PLN,Gdańsk-Kopenhaga,306.08927536231886,-1.3784664145731442,,0.0
Kraków,Wiedeń,Austria,Kraków,2026-08-27,2026-08-29,2,81.8,138.02,219.82,KRK,VIE,KRK,https://www.skyscanner.net/g/referrals/v1/flights/day-view/?origin=krk&destination=vie&outboundDate=2026-08-27&inboundDate=2026-08-29&market=PL&locale=pl-PL&currency=PLN&mediaPartnerId=6439681,Kraków-Wiedeń,306.05727272727273,-1.3631081967118914,228.33,-3.73
Kraków,Oslo,Norwegia,Gdańsk,2026-08-25,2026-08-31,6,155.79,64.61,220.39999999999998,KRK,OSLO,GDN,https://skyscanner.net/g/referrals/v1/flights/multicity/?mediaPartnerId=6439681&origin0=krk&date0=2026-08-25&destination0=oslo&origin1=oslo&date1=2026-08-31&destination1=gdn&adultsv2=1&market=PL&locale=pl-PL&currency=PLN,Kraków-Oslo,324.6316393442623,-1.2312133732247386,172.92000000000002,27.46
Kraków,Sztokholm,Szwecja,Kraków,2026-08-27,2026-08-31,4,106.75,113.84,220.59,KRK,ARN,KRK,https://www.skyscanner.net/g/referrals/v1/flights/day-view/?origin=krk&destination=arn&outboundDate=2026-08-27&inboundDate=2026-08-31&market=PL&locale=pl-PL&currency=PLN&mediaPartnerId=6439681,Kraków-Sztokholm,331.2215476190476,-1.4103581400886858,220.69,-0.05
Kraków,Gdańsk,Polska,Wrocław,2026-08-26,2026-08-31,5,144.37,76.42,220.79000000000002,KRK,GDN,WRO,https://skyscanner.net/g/referrals/v1/flights/multicity/?mediaPartnerId=6439681&origin0=krk&date0=2026-08-26&destination0=gdn&origin1=gdn&date1=2026-08-31&destination1=wro&adultsv2=1&market=PL&locale=pl-PL&currency=PLN,Kraków-Gdańsk,478.4032142857142,-1.8681004159527144,285.34,-22.62
Warszawa,Budapeszt,Węgry,Warszawa,2026-08-28,2026-08-31,3,117.5,105.02,222.51999999999998,WARS,BUD,WARS,https://www.skyscanner.net/g/referrals/v1/flights/day-view/?origin=wars&destination=bud&outboundDate=2026-08-28&inboundDate=2026-08-31&market=PL&locale=pl-PL&currency=PLN&mediaPartnerId=6439681,Warszawa-Budapeszt,297.62397260273974,-1.5156690842316995,,0.0
Poznań,Kopenhaga,Dania,Poznań,2026-08-27,2026-08-29,2,85.13,137.79,222.92,POZ,CPH,POZ,https://www.skyscanner.net/g/referrals/v1/flights/day-view/?origin=poz&destination=cph&outboundDate=2026-08-27&inboundDate=2026-08-29&market=PL&locale=pl-PL&currency=PLN&mediaPartnerId=6439681,Poznań-Kopenhaga,317.31814814814817,-1.3629855347181452,229.31,-2.79
Warszawa,Sztokholm,Szwecja,Gdańsk,2026-08-24,2026-08-26,2,145.47,77.49,222.95999999999998,WARS,ARN,GDN,https://skyscanner.net/g/referrals/v1/flights/multicity/?mediaPartnerId=6439681&origin0=wars&date0=2026-08-24&destination0=arn&origin1=arn&date1=2026-08-26&destination1=gdn&adultsv2=1&market=PL&locale=pl-PL&currency=PLN,Warszawa-Sztokholm,303.00695652173914,-1.4861025265399916,217.52,2.5
Gdańsk,Oslo (Wszystkie lotniska),Norwegia,Gdańsk,2026-08-25,2026-08-31,6,109.0,114.16,223.16,GDN,OOS,GDN,https://www.skyscanner.net/g/referrals/v1/flights/day-view/?origin=gdn&destination=oos&outboundDate=2026-08-25&inboundDate=2026-08-31&market=PL&locale=pl-PL&currency=PLN&mediaPartnerId=6439681,Gdańsk-Oslo (Wszystkie lotniska),320.60925000000003,-1.282105592841323,223.16,0.0
Kraków,Oslo,Norwegia,Gdańsk,2026-08-27,2026-08-30,3,77.49,145.77,223.26,KRK,OSLO,GDN,https://skyscanner.net/g/referrals/v1/flights/multicity/?mediaPartnerId=6439681&origin0=krk&date0=2026-08-27&destination0=oslo&origin1=oslo&date1=2026-08-30&destination1=gdn&adultsv2=1&market=PL&locale=pl-PL&currency=PLN,Kraków-Oslo,324.6316393442623,-1.1974302506568155,163.67000000000002,36.41
Kraków,Budapeszt,Węgry,Kraków,2026-08-27,2026-08-31,4,133.29,90.11,223.39999999999998,KRK,BUD,KRK,https://www.skyscanner.net/g/referrals/v1/flights/day-view/?origin=krk&destination=bud&outboundDate=2026-08-27&inboundDate=2026-08-31&market=PL&locale=pl-PL&currency=PLN&mediaPartnerId=6439681,Kraków-Budapeszt,404.25374999999997,-2.3965954864617722,227.55,-1.82
Kraków,Oslo,Norwegia,Poznań,2026-08-29,2026-08-31,2,71.96,151.45,223.40999999999997,KRK,OSLO,POZ,https://skyscanner.net/g/referrals/v1/flights/multicity/?mediaPartnerId=6439681&origin0=krk&date0=2026-08-29&destination0=oslo&origin1=oslo&date1=2026-08-31&destination1=poz&adultsv2=1&market=PL&locale=pl-PL&currency=PLN,Kraków-Oslo,324.6316393442623,-1.1956584085640927,216.97000000000003,2.97
Wrocław,Budapeszt,Węgry,Katowice,2026-08-26,2026-08-31,5,139.0,84.74,223.74,WRO,BUD,KTW,https://skyscanner.net/g/referrals/v1/flights/multicity/?mediaPartnerId=6439681&origin0=wro&date0=2026-08-26&destination0=bud&origin1=bud&date1=2026-08-31&destination1=ktw&adultsv2=1&market=PL&locale=pl-PL&currency=PLN,Wrocław-Budapeszt,334.8451851851852,-1.9523540675401796,213.75,4.67
Gdańsk,Kopenhaga,Dania,Gdańsk,2026-08-22,2026-08-26,4,150.72,73.1,223.82,GDN,CPH,GDN,https://www.skyscanner.net/g/referrals/v1/flights/day-view/?origin=gdn&destination=cph&outboundDate=2026-08-22&inboundDate=2026-08-26&market=PL&locale=pl-PL&currency=PLN&mediaPartnerId=6439681,Gdańsk-Kopenhaga,306.08927536231886,-1.3110564517818892,223.64,0.08
Warszawa,Budapeszt,Węgry,Katowice,2026-08-24,2026-08-28,4,145.69,78.55,224.24,WARS,BUD,KTW,https://skyscanner.net/g/referrals/v1/flights/multicity/?mediaPartnerId=6439681&origin0=wars&date0=2026-08-24&destination0=bud&origin1=bud&date1=2026-08-28&destination1=ktw&adultsv2=1&market=PL&locale=pl-PL&currency=PLN,Warszawa-Budapeszt,297.62397260273974,-1.4809578601175244,222.33,0.86
Kraków,Oslo,Norwegia,Gdańsk,2026-08-28,2026-08-30,2,78.89,145.77,224.66000000000003,KRK,OSLO,GDN,https://skyscanner.net/g/referrals/v1/flights/multicity/?mediaPartnerId=6439681&origin0=krk&date0=2026-08-28&destination0=oslo&origin1=oslo&date1=2026-08-30&destination1=gdn&adultsv2=1&market=PL&locale=pl-PL&currency=PLN,Kraków-Oslo,324.6316393442623,-1.1808930577913983,163.67000000000002,37.26
Kraków,Oslo,Norwegia,Wrocław,2026-08-26,2026-08-30,4,90.41,134.71,225.12,KRK,OSLO,WRO,https://skyscanner.net/g/referrals/v1/flights/multicity/?mediaPartnerId=6439681&origin0=krk&date0=2026-08-26&destination0=oslo&origin1=oslo&date1=2026-08-30&destination1=wro&adultsv2=1&market=PL&locale=pl-PL&currency=PLN,Kraków-Oslo,324.6316393442623,-1.1754594087070473,212.14,6.12
Kraków,Oslo,Norwegia,Gdańsk,2026-08-25,2026-08-27,2,155.79,70.76,226.55,KRK,OSLO,GDN,https://skyscanner.net/g/referrals/v1/flights/multicity/?mediaPartnerId=6439681&origin0=krk&date0=2026-08-25&destination0=oslo&origin1=oslo&date1=2026-08-27&destination1=gdn&adultsv2=1&market=PL&locale=pl-PL&currency=PLN,Kraków-Oslo,324.6316393442623,-1.1585678474230858,181.88,24.56
Gdańsk,Kopenhaga,Dania,Kraków,2026-08-28,2026-08-31,3,111.95,115.18,227.13,GDN,CPH,KRK,https://skyscanner.net/g/referrals/v1/flights/multicity/?mediaPartnerId=6439681&origin0=gdn&date0=2026-08-28&destination0=cph&origin1=cph&date1=2026-08-31&destination1=krk&adultsv2=1&market=PL&locale=pl-PL&currency=PLN,Gdańsk-Kopenhaga,306.08927536231886,-1.2583077574936972,172.4,31.75
Warszawa,Sztokholm,Szwecja,Gdańsk,2026-08-24,2026-08-26,2,145.47,81.85,227.32,WARS,STO,GDN,https://skyscanner.net/g/referrals/v1/flights/multicity/?mediaPartnerId=6439681&origin0=wars&date0=2026-08-24&destination0=sto&origin1=sto&date1=2026-08-26&destination1=gdn&adultsv2=1&market=PL&locale=pl-PL&currency=PLN,Warszawa-Sztokholm,303.00695652173914,-1.4051574500840904,217.52,4.51
Katowice,Budapeszt,Węgry,Warszawa,2026-08-28,2026-08-31,3,123.26,105.02,228.28,KTW,BUD,WARS,https://skyscanner.net/g/referrals/v1/flights/multicity/?mediaPartnerId=6439681&origin0=ktw&date0=2026-08-28&destination0=bud&origin1=bud&date1=2026-08-31&destination1=wars&adultsv2=1&market=PL&locale=pl-PL&currency=PLN,Katowice-Budapeszt,362.405,-1.3622063162526135,255.99,-10.82
Kraków,Oslo,Norwegia,Poznań,2026-08-27,2026-08-31,4,77.49,151.45,228.94,KRK,OSLO,POZ,https://skyscanner.net/g/referrals/v1/flights/multicity/?mediaPartnerId=6439681&origin0=krk&date0=2026-08-27&destination0=oslo&origin1=oslo&date1=2026-08-31&destination1=poz&adultsv2=1&market=PL&locale=pl-PL&currency=PLN,Kraków-Oslo,324.6316393442623,-1.1303364967456957,222.42,2.93
Wrocław,Budapeszt,Węgry,Kraków,2026-08-26,2026-08-31,5,139.0,90.11,229.11,WRO,BUD,KRK,https://skyscanner.net/g/referrals/v1/flights/multicity/?mediaPartnerId=6439681&origin0=wro&date0=2026-08-26&destination0=bud&origin1=bud&date1=2026-08-31&destination1=krk&adultsv2=1&market=PL&locale=pl-PL&currency=PLN,Wrocław-Budapeszt,334.8451851851852,-1.8579917627997098,219.11,4.56
Warszawa,Sztokholm,Szwecja,Gdańsk,2026-08-25,2026-08-31,6,120.59,109.26,229.85000000000002,WARS,STO,GDN,https://skyscanner.net/g/referrals/v1/flights/multicity/?mediaPartnerId=6439681&origin0=wars&date0=2026-08-25&destination0=sto&origin1=sto&date1=2026-08-31&destination1=gdn&adultsv2=1&market=PL&locale=pl-PL&currency=PLN,Warszawa-Sztokholm,303.00695652173914,-1.3581870272782572,207.7,10.66
Warszawa,Sztokholm,Szwecja,Gdańsk,2026-08-25,2026-08-31,6,120.59,109.26,229.85000000000002,WARS,ARN,GDN,https://skyscanner.net/g/referrals/v1/flights/multicity/?mediaPartnerId=6439681&origin0=wars&date0=2026-08-25&destination0=arn&origin1=arn&date1=2026-08-31&destination1=gdn&adultsv2=1&market=PL&locale=pl-PL&currency=PLN,Warszawa-Sztokholm,303.00695652173914,-1.3581870272782572,207.7,10.66
Gdańsk,Kopenhaga,Dania,Gdańsk,2026-08-22,2026-08-25,3,150.72,79.26,229.98000000000002,GDN,CPH,GDN,https://www.skyscanner.net/g/referrals/v1/flights/day-view/?origin=gdn&destination=cph&outboundDate=2026-08-22&inboundDate=2026-08-25&market=PL&locale=pl-PL&currency=PLN&mediaPartnerId=6439681,Gdańsk-Kopenhaga,306.08927536231886,-1.212889697457036,229.54,0.19
Kraków,Sztokholm,Szwecja,Gdańsk,2026-08-25,2026-08-29,4,105.29,124.73,230.02,KRK,ARN,GDN,https://skyscanner.net/g/referrals/v1/flights/multicity/?mediaPartnerId=6439681&origin0=krk&date0=2026-08-25&destination0=arn&origin1=arn&date1=2026-08-29&destination1=gdn&adultsv2=1&market=PL&locale=pl-PL&currency=PLN,Kraków-Sztokholm,331.2215476190476,-1.2901421840863991,224.43,2.49
Kraków,Sztokholm,Szwecja,Wrocław,2026-08-25,2026-08-29,4,105.29,124.87,230.16000000000003,KRK,ARN,WRO,https://skyscanner.net/g/referrals/v1/flights/multicity/?mediaPartnerId=6439681&origin0=krk&date0=2026-08-25&destination0=arn&origin1=arn&date1=2026-08-29&destination1=wro&adultsv2=1&market=PL&locale=pl-PL&currency=PLN,Kraków-Sztokholm,331.2215476190476,-1.2883574297024836,215.82,6.64
Kraków,Oslo,Norwegia,Poznań,2026-08-28,2026-08-31,3,78.89,151.45,230.33999999999997,KRK,OSLO,POZ,https://skyscanner.net/g/referrals/v1/flights/multicity/?mediaPartnerId=6439681&origin0=krk&date0=2026-08-28&destination0=oslo&origin1=oslo&date1=2026-08-31&destination1=poz&adultsv2=1&market=PL&locale=pl-PL&currency=PLN,Kraków-Oslo,324.6316393442623,-1.1137993038802791,222.42,3.56
Warszawa,Budapeszt,Węgry,Katowice,2026-08-24,2026-08-31,7,145.69,84.74,230.43,WARS,BUD,KTW,https://skyscanner.net/g/referrals/v1/flights/multicity/?mediaPartnerId=6439681&origin0=wars&date0=2026-08-24&destination0=bud&origin1=bud&date1=2026-08-31&destination1=ktw&adultsv2=1&market=PL&locale=pl-PL&currency=PLN,Warszawa-Budapeszt,297.62397260273974,-1.356037815195001,230.43,0.0
Kraków,Sztokholm,Szwecja,Gdańsk,2026-08-27,2026-08-29,2,106.75,124.73,231.48000000000002,KRK,ARN,GDN,https://skyscanner.net/g/referrals/v1/flights/multicity/?mediaPartnerId=6439681&origin0=krk&date0=2026-08-27&destination0=arn&origin1=arn&date1=2026-08-29&destination1=gdn&adultsv2=1&market=PL&locale=pl-PL&currency=PLN,Kraków-Sztokholm,331.2215476190476,-1.2715297455112835,224.43,3.14
Kraków,Sztokholm,Szwecja,Wrocław,2026-08-27,2026-08-29,2,106.75,124.87,231.62,KRK,ARN,WRO,https://skyscanner.net/g/referrals/v1/flights/multicity/?mediaPartnerId=6439681&origin0=krk&date0=2026-08-27&destination0=arn&origin1=arn&date1=2026-08-29&destination1=wro&adultsv2=1&market=PL&locale=pl-PL&currency=PLN,Kraków-Sztokholm,331.2215476190476,-1.2697449911273686,215.82,7.32
Wrocław,Gdańsk,Polska,Wrocław,2026-08-24,2026-08-28,4,137.64,94.72,232.35999999999999,WRO,GDN,WRO,https://www.skyscanner.net/g/referrals/v1/flights/day-view/?origin=wro&destination=gdn&outboundDate=2026-08-24&inboundDate=2026-08-28&market=PL&locale=pl-PL&currency=PLN&mediaPartnerId=6439681,Wrocław-Gdańsk,312.65478260869565,-1.2040231299558348,206.43,12.56
Kraków,Kopenhaga,Dania,Poznań,2026-08-25,2026-08-29,4,95.0,137.79,232.79,KRK,CPH,POZ,https://skyscanner.net/g/referrals/v1/flights/multicity/?mediaPartnerId=6439681&origin0=krk&date0=2026-08-25&destination0=cph&origin1=cph&date1=2026-08-29&destination1=poz&adultsv2=1&market=PL&locale=pl-PL&currency=PLN,Kraków-Kopenhaga,340.19623188405797,-1.3608168666150895,241.24,-3.5
Wrocław,Mediolan,Włochy,Warszawa,2026-08-29,2026-08-31,2,132.52,100.37,232.89000000000001,WRO,MILA,WARS,https://skyscanner.net/g/referrals/v1/flights/multicity/?mediaPartnerId=6439681&origin0=wro&date0=2026-08-29&destination0=mila&origin1=mila&date1=2026-08-31&destination1=wars&adultsv2=1&market=PL&locale=pl-PL&currency=PLN,Wrocław-Mediolan,455.68653333333333,-2.455685922659244,224.81,3.59
Warszawa,Kopenhaga,Dania,Kraków,2026-08-26,2026-08-31,5,117.79,115.18,232.97000000000003,WARS,CPH,KRK,https://skyscanner.net/g/referrals/v1/flights/multicity/?mediaPartnerId=6439681&origin0=wars&date0=2026-08-26&destination0=cph&origin1=cph&date1=2026-08-31&destination1=krk&adultsv2=1&market=PL&locale=pl-PL&currency=PLN,Warszawa-Kopenhaga,413.8213265306122,-2.2531358575892084,209.27,11.33
Warszawa,Sztokholm,Szwecja,Kraków,2026-08-25,2026-08-31,6,120.59,113.84,234.43,WARS,ARN,KRK,https://skyscanner.net/g/referrals/v1/flights/multicity/?mediaPartnerId=6439681&origin0=wars&date0=2026-08-25&destination0=arn&origin1=arn&date1=2026-08-31&destination1=krk&adultsv2=1&market=PL&locale=pl-PL&currency=PLN,Warszawa-Sztokholm,303.00695652173914,-1.273157566230545,215.13,8.97
Katowice,Oslo,Norwegia,Gdańsk,2026-08-26,2026-08-29,3,152.15,82.38,234.53,KTW,OSLO,GDN,https://skyscanner.net/g/referrals/v1/flights/multicity/?mediaPartnerId=6439681&origin0=ktw&date0=2026-08-26&destination0=oslo&origin1=oslo&date1=2026-08-29&destination1=gdn&adultsv2=1&market=PL&locale=pl-PL&currency=PLN,Katowice-Oslo,398.5443181818182,-1.5159686611588026,198.46,18.17
Warszawa,Sztokholm,Szwecja,Poznań,2026-08-24,2026-08-29,5,145.47,89.82,235.29,WARS,ARN,POZ,https://skyscanner.net/g/referrals/v1/flights/multicity/?mediaPartnerId=6439681&origin0=wars&date0=2026-08-24&destination0=arn&origin1=arn&date1=2026-08-29&destination1=poz&adultsv2=1&market=PL&locale=pl-PL&currency=PLN,Warszawa-Sztokholm,303.00695652173914,-1.2571913355534639,,0.0
Wrocław,Gdańsk,Polska,Wrocław,2026-08-27,2026-08-31,4,159.15,76.42,235.57,WRO,GDN,WRO,https://www.skyscanner.net/g/referrals/v1/flights/day-view/?origin=wro&destination=gdn&outboundDate=2026-08-27&inboundDate=2026-08-31&market=PL&locale=pl-PL&currency=PLN&mediaPartnerId=6439681,Wrocław-Gdańsk,312.65478260869565,-1.1558890654302068,,0.0
Kraków,Kopenhaga,Dania,Poznań,2026-08-26,2026-08-29,3,98.01,137.79,235.8,KRK,CPH,POZ,https://skyscanner.net/g/referrals/v1/flights/multicity/?mediaPartnerId=6439681&origin0=krk&date0=2026-08-26&destination0=cph&origin1=cph&date1=2026-08-29&destination1=poz&adultsv2=1&market=PL&locale=pl-PL&currency=PLN,Kraków-Kopenhaga,340.19623188405797,-1.3226807296641812,241.24,-2.26
Warszawa,Budapeszt,Węgry,Kraków,2026-08-24,2026-08-31,7,145.69,90.11,235.8,WARS,BUD,KRK,https://skyscanner.net/g/referrals/v1/flights/multicity/?mediaPartnerId=6439681&origin0=wars&date0=2026-08-24&destination0=bud&origin1=bud&date1=2026-08-31&destination1=krk&adultsv2=1&market=PL&locale=pl-PL&currency=PLN,Warszawa-Budapeszt,297.62397260273974,-1.2476661445594677,235.79,0.0
Kraków,Oslo,Norwegia,Gdańsk,2026-08-26,2026-08-30,4,90.41,145.77,236.18,KRK,OSLO,GDN,https://skyscanner.net/g/referrals/v1/flights/multicity/?mediaPartnerId=6439681&origin0=krk&date0=2026-08-26&destination0=oslo&origin1=oslo&date1=2026-08-30&destination1=gdn&adultsv2=1&market=PL&locale=pl-PL&currency=PLN,Kraków-Oslo,324.6316393442623,-1.0448155850702543,163.67000000000002,44.3
Warszawa,Sztokholm,Szwecja,Poznań,2026-08-27,2026-08-29,2,147.02,89.82,236.84,WARS,ARN,POZ,https://skyscanner.net/g/referrals/v1/flights/multicity/?mediaPartnerId=6439681&origin0=wars&date0=2026-08-27&destination0=arn&origin1=arn&date1=2026-08-29&destination1=poz&adultsv2=1&market=PL&locale=pl-PL&currency=PLN,Warszawa-Sztokholm,303.00695652173914,-1.2284149895657006,216.69,9.3
Warszawa,Sztokholm,Szwecja,Warszawa,2026-08-29,2026-08-31,2,100.54,136.78,237.32,WARS,ARN,WARS,https://www.skyscanner.net/g/referrals/v1/flights/day-view/?origin=wars&destination=arn&outboundDate=2026-08-29&inboundDate=2026-08-31&market=PL&locale=pl-PL&currency=PLN&mediaPartnerId=6439681,Warszawa-Sztokholm,303.00695652173914,-1.2195036050017485,,0.0
Wrocław,Mediolan,Włochy,Warszawa,2026-08-27,2026-08-31,4,137.04,100.37,237.41,WRO,MILA,WARS,https://skyscanner.net/g/referrals/v1/flights/multicity/?mediaPartnerId=6439681&origin0=wro&date0=2026-08-27&destination0=mila&origin1=mila&date1=2026-08-31&destination1=wars&adultsv2=1&market=PL&locale=pl-PL&currency=PLN,Wrocław-Mediolan,455.68653333333333,-2.4058660255344844,220.28000000000003,7.78
Kraków,Oslo,Norwegia,Gdańsk,2026-08-25,2026-08-29,4,155.79,82.38,238.17,KRK,OSLO,GDN,https://skyscanner.net/g/referrals/v1/flights/multicity/?mediaPartnerId=6439681&origin0=krk&date0=2026-08-25&destination0=oslo&origin1=oslo&date1=2026-08-29&destination1=gdn&adultsv2=1&market=PL&locale=pl-PL&currency=PLN,Kraków-Oslo,324.6316393442623,-1.0213091466401265,191.78,24.19
Kraków,Budapeszt,Węgry,Warszawa,2026-08-27,2026-08-31,4,133.29,105.02,238.31,KRK,BUD,WARS,https://skyscanner.net/g/referrals/v1/flights/multicity/?mediaPartnerId=6439681&origin0=krk&date0=2026-08-27&destination0=bud&origin1=bud&date1=2026-08-31&destination1=wars&adultsv2=1&market=PL&locale=pl-PL&currency=PLN,Kraków-Budapeszt,404.25374999999997,-2.1990146306423872,242.48,-1.72
Kraków,Gdańsk,Polska,Wrocław,2026-08-26,2026-08-28,2,144.37,94.72,239.09,KRK,GDN,WRO,https://skyscanner.net/g/referrals/v1/flights/multicity/?mediaPartnerId=6439681&origin0=krk&date0=2026-08-26&destination0=gdn&origin1=gdn&date1=2026-08-28&destination1=wro&adultsv2=1&market=PL&locale=pl-PL&currency=PLN,Kraków-Gdańsk,478.4032142857142,-1.7353966736127766,286.32,-16.5
Warszawa,Kopenhaga,Dania,Gdańsk,2026-08-28,2026-08-30,2,79.0,160.62,239.62,WARS,CPH,GDN,https://skyscanner.net/g/referrals/v1/flights/multicity/?mediaPartnerId=6439681&origin0=wars&date0=2026-08-28&destination0=cph&origin1=cph&date1=2026-08-30&destination1=gdn&adultsv2=1&market=PL&locale=pl-PL&currency=PLN,Warszawa-Kopenhaga,413.8213265306122,-2.1702868470765204,253.25,-5.38
Poznań,Kopenhaga,Dania,Kraków,2026-08-29,2026-08-31,2,124.73,115.18,239.91000000000003,POZ,CPH,KRK,https://skyscanner.net/g/referrals/v1/flights/multicity/?mediaPartnerId=6439681&origin0=poz&date0=2026-08-29&destination0=cph&origin1=cph&date1=2026-08-31&destination1=krk&adultsv2=1&market=PL&locale=pl-PL&currency=PLN,Poznań-Kopenhaga,317.31814814814817,-1.1176722029511004,215.43,11.36
Warszawa,Budapeszt,Węgry,Gdańsk,2026-08-26,2026-08-31,5,95.29,144.71,240.0,WARS,BUD,GDN,https://skyscanner.net/g/referrals/v1/flights/multicity/?mediaPartnerId=6439681&origin0=wars&date0=2026-08-26&destination0=bud&origin1=bud&date1=2026-08-31&destination1=gdn&adultsv2=1&market=PL&locale=pl-PL&currency=PLN,Warszawa-Budapeszt,297.62397260273974,-1.1629061786992743,231.18,3.82
Warszawa,Sztokholm,Szwecja,Gdańsk,2026-08-24,2026-08-27,3,145.47,94.61,240.07999999999998,WARS,ARN,GDN,https://skyscanner.net/g/referrals/v1/flights/multicity/?mediaPartnerId=6439681&origin0=wars&date0=2026-08-24&destination0=arn&origin1=arn&date1=2026-08-27&destination1=gdn&adultsv2=1&market=PL&locale=pl-PL&currency=PLN,Warszawa-Sztokholm,303.00695652173914,-1.1682631437590223,,0.0
Wrocław,Gdańsk,Polska,Lublin,2026-08-25,2026-08-28,3,116.12,124.48,240.60000000000002,WRO,GDN,LUZ,https://skyscanner.net/g/referrals/v1/flights/multicity/?mediaPartnerId=6439681&origin0=wro&date0=2026-08-25&destination0=gdn&origin1=gdn&date1=2026-08-28&destination1=luz&adultsv2=1&market=PL&locale=pl-PL&currency=PLN,Wrocław-Gdańsk,312.65478260869565,-1.0804640359710447,236.15,1.88
Kraków,Sztokholm,Szwecja,Gdańsk,2026-08-25,2026-08-30,5,105.29,136.67,241.95999999999998,KRK,STO,GDN,https://skyscanner.net/g/referrals/v1/flights/multicity/?mediaPartnerId=6439681&origin0=krk&date0=2026-08-25&destination0=sto&origin1=sto&date1=2026-08-30&destination1=gdn&adultsv2=1&market=PL&locale=pl-PL&currency=PLN,Kraków-Sztokholm,331.2215476190476,-1.1379281316296335,240.67,0.54
Kraków,Sztokholm,Szwecja,Gdańsk,2026-08-25,2026-08-30,5,105.29,136.67,241.95999999999998,KRK,ARN,GDN,https://skyscanner.net/g/referrals/v1/flights/multicity/?mediaPartnerId=6439681&origin0=krk&date0=2026-08-25&destination0=arn&origin1=arn&date1=2026-08-30&destination1=gdn&adultsv2=1&market=PL&locale=pl-PL&currency=PLN,Kraków-Sztokholm,331.2215476190476,-1.1379281316296335,237.33,1.95
Kraków,Sztokholm,Szwecja,Gdańsk,2026-08-25,2026-08-27,2,105.29,136.67,241.95999999999998,KRK,STO,GDN,https://skyscanner.net/g/referrals/v1/flights/multicity/?mediaPartnerId=6439681&origin0=krk&date0=2026-08-25&destination0=sto&origin1=sto&date1=2026-08-27&destination1=gdn&adultsv2=1&market=PL&locale=pl-PL&currency=PLN,Kraków-Sztokholm,331.2215476190476,-1.1379281316296335,240.67,0.54
Kraków,Sztokholm,Szwecja,Warszawa,2026-08-25,2026-08-31,6,105.29,136.78,242.07,KRK,ARN,WARS,https://skyscanner.net/g/referrals/v1/flights/multicity/?mediaPartnerId=6439681&origin0=krk&date0=2026-08-25&destination0=arn&origin1=arn&date1=2026-08-31&destination1=wars&adultsv2=1&market=PL&locale=pl-PL&currency=PLN,Kraków-Sztokholm,331.2215476190476,-1.1365258246137,,0.0
Gdańsk,Kopenhaga,Dania,Gdańsk,2026-08-25,2026-08-30,5,81.8,160.62,242.42000000000002,GDN,CPH,GDN,https://www.skyscanner.net/g/referrals/v1/flights/day-view/?origin=gdn&destination=cph&outboundDate=2026-08-25&inboundDate=2026-08-30&market=PL&locale=pl-PL&currency=PLN&mediaPartnerId=6439681,Gdańsk-Kopenhaga,306.08927536231886,-1.0146438494373653,,0.0
Kraków,Kopenhaga,Dania,Kraków,2026-08-27,2026-08-31,4,128.12,115.18,243.3,KRK,CPH,KRK,https://www.skyscanner.net/g/referrals/v1/flights/day-view/?origin=krk&destination=cph&outboundDate=2026-08-27&inboundDate=2026-08-31&market=PL&locale=pl-PL&currency=PLN&mediaPartnerId=6439681,Kraków-Kopenhaga,340.19623188405797,-1.2276571326104235,223.13,9.04
Kraków,Sztokholm,Szwecja,Gdańsk,2026-08-27,2026-08-30,3,106.75,136.67,243.42,KRK,ARN,GDN,https://skyscanner.net/g/referrals/v1/flights/multicity/?mediaPartnerId=6439681&origin0=krk&date0=2026-08-27&destination0=arn&origin1=arn&date1=2026-08-30&destination1=gdn&adultsv2=1&market=PL&locale=pl-PL&currency=PLN,Kraków-Sztokholm,331.2215476190476,-1.119315693054518,237.33,2.57
Kraków,Sztokholm,Szwecja,Gdańsk,2026-08-27,2026-08-30,3,106.75,136.67,243.42,KRK,STO,GDN,https://skyscanner.net/g/referrals/v1/flights/multicity/?mediaPartnerId=6439681&origin0=krk&date0=2026-08-27&destination0=sto&origin1=sto&date1=2026-08-30&destination1=gdn&adultsv2=1&market=PL&locale=pl-PL&currency=PLN,Kraków-Sztokholm,331.2215476190476,-1.119315693054518,240.67,1.14
Kraków,Sztokholm,Szwecja,Warszawa,2026-08-27,2026-08-31,4,106.75,136.78,243.53,KRK,ARN,WARS,https://skyscanner.net/g/referrals/v1/flights/multicity/?mediaPartnerId=6439681&origin0=krk&date0=2026-08-27&destination0=arn&origin1=arn&date1=2026-08-31&destination1=wars&adultsv2=1&market=PL&locale=pl-PL&currency=PLN,Kraków-Sztokholm,331.2215476190476,-1.1179133860385844,,0.0
Wrocław,Budapeszt,Węgry,Warszawa,2026-08-26,2026-08-31,5,139.0,105.02,244.01999999999998,WRO,BUD,WARS,https://skyscanner.net/g/referrals/v1/flights/multicity/?mediaPartnerId=6439681&origin0=wro&date0=2026-08-26&destination0=bud&origin1=bud&date1=2026-08-31&destination1=wars&adultsv2=1&market=PL&locale=pl-PL&currency=PLN,Wrocław-Budapeszt,334.8451851851852,-1.5959913971236577,234.04,4.26
Warszawa,Sztokholm,Szwecja,Gdańsk,2026-08-25,2026-08-29,4,120.59,124.73,245.32,WARS,ARN,GDN,https://skyscanner.net/g/referrals/v1/flights/multicity/?mediaPartnerId=6439681&origin0=wars&date0=2026-08-25&destination0=arn&origin1=arn&date1=2026-08-29&destination1=gdn&adultsv2=1&market=PL&locale=pl-PL&currency=PLN,Warszawa-Sztokholm,303.00695652173914,-1.070980528935875,218.87,12.08
Warszawa,Sztokholm,Szwecja,Wrocław,2026-08-25,2026-08-29,4,120.59,124.87,245.46,WARS,ARN,WRO,https://skyscanner.net/g/referrals/v1/flights/multicity/?mediaPartnerId=6439681&origin0=wars&date0=2026-08-25&destination0=arn&origin1=arn&date1=2026-08-29&destination1=wro&adultsv2=1&market=PL&locale=pl-PL&currency=PLN,Warszawa-Sztokholm,303.00695652173914,-1.068381375104722,210.26,16.74
Poznań,Kopenhaga,Dania,Gdańsk,2026-08-27,2026-08-30,3,85.13,160.62,245.75,POZ,CPH,GDN,https://skyscanner.net/g/referrals/v1/flights/multicity/?mediaPartnerId=6439681&origin0=poz&date0=2026-08-27&destination0=cph&origin1=cph&date1=2026-08-30&destination1=gdn&adultsv2=1&market=PL&locale=pl-PL&currency=PLN,Poznań-Kopenhaga,317.31814814814817,-1.0333502572465956,,0.0
Katowice,Oslo,Norwegia,Gdańsk,2026-08-26,2026-08-30,4,152.15,93.86,246.01,KTW,OSLO,GDN,https://skyscanner.net/g/referrals/v1/flights/multicity/?mediaPartnerId=6439681&origin0=ktw&date0=2026-08-26&destination0=oslo&origin1=oslo&date1=2026-08-30&destination1=gdn&adultsv2=1&market=PL&locale=pl-PL&currency=PLN,Katowice-Oslo,398.5443181818182,-1.409860118788675,204.07,20.55
Kraków,Praga,Czechy,Poznań,2026-08-25,2026-08-28,3,185.18,62.07,247.25,KRK,PRG,POZ,https://skyscanner.net/g/referrals/v1/flights/multicity/?mediaPartnerId=6439681&origin0=krk&date0=2026-08-25&destination0=prg&origin1=prg&date1=2026-08-28&destination1=poz&adultsv2=1&market=PL&locale=pl-PL&currency=PLN,Kraków-Praga,305.622,-1.4609734198767277,212.58,16.31
Katowice,Oslo,Norwegia,Poznań,2026-08-29,2026-08-31,2,95.99,151.45,247.44,KTW,OSLO,POZ,https://skyscanner.net/g/referrals/v1/flights/multicity/?mediaPartnerId=6439681&origin0=ktw&date0=2026-08-29&destination0=oslo&origin1=oslo&date1=2026-08-31&destination1=poz&adultsv2=1&market=PL&locale=pl-PL&currency=PLN,Katowice-Oslo,398.5443181818182,-1.3966427655143472,240.02,3.09
Gdańsk,Praga,Czechy,Poznań,2026-08-25,2026-08-28,3,185.97,62.07,248.04,GDN,PRG,POZ,https://skyscanner.net/g/referrals/v1/flights/multicity/?mediaPartnerId=6439681&origin0=gdn&date0=2026-08-25&destination0=prg&origin1=prg&date1=2026-08-28&destination1=poz&adultsv2=1&market=PL&locale=pl-PL&currency=PLN,Gdańsk-Praga,373.4428571428572,-2.3908786351311386,193.02,28.5
Warszawa,Sztokholm,Szwecja,Poznań,2026-08-26,2026-08-29,3,159.0,89.82,248.82,WARS,ARN,POZ,https://skyscanner.net/g/referrals/v1/flights/multicity/?mediaPartnerId=6439681&origin0=wars&date0=2026-08-26&destination0=arn&origin1=arn&date1=2026-08-29&destination1=poz&adultsv2=1&market=PL&locale=pl-PL&currency=PLN,Warszawa-Sztokholm,303.00695652173914,-1.0060016831570553,,0.0
Poznań,Mediolan,Włochy,Kraków,2026-08-27,2026-08-31,4,172.06,77.49,249.55,POZ,MILA,KRK,https://skyscanner.net/g/referrals/v1/flights/multicity/?mediaPartnerId=6439681&origin0=poz&date0=2026-08-27&destination0=mila&origin1=mila&date1=2026-08-31&destination1=krk&adultsv2=1&market=PL&locale=pl-PL&currency=PLN,Poznań-Mediolan,437.16519801980195,-2.415259497641783,262.37,-4.89
Warszawa,Mediolan,Włochy,Kraków,2026-08-29,2026-08-31,2,174.0,77.49,251.49,WARS,MILA,KRK,https://skyscanner.net/g/referrals/v1/flights/multicity/?mediaPartnerId=6439681&origin0=wars&date0=2026-08-29&destination0=mila&origin1=mila&date1=2026-08-31&destination1=krk&adultsv2=1&market=PL&locale=pl-PL&currency=PLN,Warszawa-Mediolan,453.52318390804595,-3.2777303705677325,260.03000000000003,-3.28
Kraków,Sztokholm,Szwecja,Wrocław,2026-08-25,2026-08-28,3,105.29,146.24,251.53000000000003,KRK,ARN,WRO,https://skyscanner.net/g/referrals/v1/flights/multicity/?mediaPartnerId=6439681&origin0=krk&date0=2026-08-25&destination0=arn&origin1=arn&date1=2026-08-28&destination1=wro&adultsv2=1&market=PL&locale=pl-PL&currency=PLN,Kraków-Sztokholm,331.2215476190476,-1.015927421243431,233.03,7.94
Wrocław,Mediolan,Włochy,Kraków,2026-08-27,2026-08-29,2,137.04,114.96,252.0,WRO,MILA,KRK,https://skyscanner.net/g/referrals/v1/flights/multicity/?mediaPartnerId=6439681&origin0=wro&date0=2026-08-27&destination0=mila&origin1=mila&date1=2026-08-29&destination1=krk&adultsv2=1&market=PL&locale=pl-PL&currency=PLN,Wrocław-Mediolan,455.68653333333333,-2.2450535699923946,240.4,4.83
Warszawa,Kopenhaga,Dania,Warszawa,2026-08-28,2026-08-31,3,79.0,176.06,255.06,WARS,CPH,WARS,https://www.skyscanner.net/g/referrals/v1/flights/day-view/?origin=wars&destination=cph&outboundDate=2026-08-28&inboundDate=2026-08-31&market=PL&locale=pl-PL&currency=PLN&mediaPartnerId=6439681,Warszawa-Kopenhaga,413.8213265306122,-1.9779276407132274,255.1,-0.02
Warszawa,Kopenhaga,Dania,Poznań,2026-08-26,2026-08-29,3,117.79,137.79,255.57999999999998,WARS,CPH,POZ,https://skyscanner.net/g/referrals/v1/flights/multicity/?mediaPartnerId=6439681&origin0=wars&date0=2026-08-26&destination0=cph&origin1=cph&date1=2026-08-29&destination1=poz&adultsv2=1&market=PL&locale=pl-PL&currency=PLN,Warszawa-Kopenhaga,413.8213265306122,-1.97144922184607,260.51,-1.89
Kraków,Kopenhaga,Dania,Gdańsk,2026-08-25,2026-08-30,5,95.0,160.62,255.62,KRK,CPH,GDN,https://skyscanner.net/g/referrals/v1/flights/multicity/?mediaPartnerId=6439681&origin0=krk&date0=2026-08-25&destination0=cph&origin1=cph&date1=2026-08-30&destination1=gdn&adultsv2=1&market=PL&locale=pl-PL&currency=PLN,Kraków-Kopenhaga,340.19623188405797,-1.0715650371834513,,0.0
Kraków,Praga,Czechy,Poznań,2026-08-25,2026-08-27,2,185.18,70.59,255.77,KRK,PRG,POZ,https://skyscanner.net/g/referrals/v1/flights/multicity/?mediaPartnerId=6439681&origin0=krk&date0=2026-08-25&destination0=prg&origin1=prg&date1=2026-08-27&destination1=poz&adultsv2=1&market=PL&locale=pl-PL&currency=PLN,Kraków-Praga,305.622,-1.247729166855592,221.11,15.68
Gdańsk,Praga,Czechy,Poznań,2026-08-25,2026-08-27,2,185.97,70.59,256.56,GDN,PRG,POZ,https://skyscanner.net/g/referrals/v1/flights/multicity/?mediaPartnerId=6439681&origin0=gdn&date0=2026-08-25&destination0=prg&origin1=prg&date1=2026-08-27&destination1=poz&adultsv2=1&market=PL&locale=pl-PL&currency=PLN,Gdańsk-Praga,373.4428571428572,-2.2284398643134073,201.55,27.29
Kraków,Kopenhaga,Dania,Gdańsk,2026-08-26,2026-08-30,4,98.01,160.62,258.63,KRK,CPH,GDN,https://skyscanner.net/g/referrals/v1/flights/multicity/?mediaPartnerId=6439681&origin0=krk&date0=2026-08-26&destination0=cph&origin1=cph&date1=2026-08-30&destination1=gdn&adultsv2=1&market=PL&locale=pl-PL&currency=PLN,Kraków-Kopenhaga,340.19623188405797,-1.0334289002325434,,0.0
Wrocław,Mediolan,Włochy,Kraków,2026-08-29,2026-08-31,2,132.52,127.05,259.57,WRO,MILA,KRK,https://skyscanner.net/g/referrals/v1/flights/multicity/?mediaPartnerId=6439681&origin0=wro&date0=2026-08-29&destination0=mila&origin1=mila&date1=2026-08-31&destination1=krk&adultsv2=1&market=PL&locale=pl-PL&currency=PLN,Wrocław-Mediolan,455.68653333333333,-2.1616162644095556,223.06,16.37
Wrocław,Mediolan,Włochy,Warszawa,2026-08-29,2026-08-31,2,132.52,129.27,261.79,WRO,MIL,WARS,https://skyscanner.net/g/referrals/v1/flights/multicity/?mediaPartnerId=6439681&origin0=wro&date0=2026-08-29&destination0=mil&origin1=mil&date1=2026-08-31&destination1=wars&adultsv2=1&market=PL&locale=pl-PL&currency=PLN,Wrocław-Mediolan,455.68653333333333,-2.1371471998925275,266.32000000000005,-1.7
Wrocław,Mediolan,Włochy,Warszawa,2026-08-29,2026-08-31,2,132.52,129.27,261.79,WRO,MILA,WARS,https://skyscanner.net/g/referrals/v1/flights/multicity/?mediaPartnerId=6439681&origin0=wro&date0=2026-08-29&destination0=mila&origin1=mila&date1=2026-08-31&destination1=wars&adultsv2=1&market=PL&locale=pl-PL&currency=PLN,Wrocław-Mediolan,455.68653333333333,-2.1371471998925275,224.81,16.45
Wrocław,Mediolan,Włochy,Kraków,2026-08-27,2026-08-31,4,137.04,127.05,264.09,WRO,MILA,KRK,https://skyscanner.net/g/referrals/v1/flights/multicity/?mediaPartnerId=6439681&origin0=wro&date0=2026-08-27&destination0=mila&origin1=mila&date1=2026-08-31&destination1=krk&adultsv2=1&market=PL&locale=pl-PL&currency=PLN,Wrocław-Mediolan,455.68653333333333,-2.111796367284796,218.53000000000003,20.85
Wrocław,Mediolan,Włochy,Warszawa,2026-08-27,2026-08-31,4,137.04,129.27,266.31,WRO,MIL,WARS,https://skyscanner.net/g/referrals/v1/flights/multicity/?mediaPartnerId=6439681&origin0=wro&date0=2026-08-27&destination0=mil&origin1=mil&date1=2026-08-31&destination1=wars&adultsv2=1&market=PL&locale=pl-PL&currency=PLN,Wrocław-Mediolan,455.68653333333333,-2.087327302767768,261.79,1.73
Katowice,Oslo,Norwegia,Gdańsk,2026-08-26,2026-08-31,5,152.15,114.16,266.31,KTW,OSLO,GDN,https://skyscanner.net/g/referrals/v1/flights/multicity/?mediaPartnerId=6439681&origin0=ktw&date0=2026-08-26&destination0=oslo&origin1=oslo&date1=2026-08-31&destination1=gdn&adultsv2=1&market=PL&locale=pl-PL&currency=PLN,Katowice-Oslo,398.5443181818182,-1.2222291597195467,179.6,48.28
Wrocław,Mediolan,Włochy,Warszawa,2026-08-27,2026-08-31,4,137.04,129.27,266.31,WRO,MILA,WARS,https://skyscanner.net/g/referrals/v1/flights/multicity/?mediaPartnerId=6439681&origin0=wro&date0=2026-08-27&destination0=mila&origin1=mila&date1=2026-08-31&destination1=wars&adultsv2=1&market=PL&locale=pl-PL&currency=PLN,Wrocław-Mediolan,455.68653333333333,-2.087327302767768,220.28000000000003,20.9
Poznań,Mediolan,Włochy,Kraków,2026-08-29,2026-08-31,2,189.27,77.49,266.76,POZ,MILA,KRK,https://skyscanner.net/g/referrals/v1/flights/multicity/?mediaPartnerId=6439681&origin0=poz&date0=2026-08-29&destination0=mila&origin1=mila&date1=2026-08-31&destination1=krk&adultsv2=1&market=PL&locale=pl-PL&currency=PLN,Poznań-Mediolan,437.16519801980195,-2.193706998733737,279.58,-4.59
Warszawa,Wenecja,Włochy,Katowice,2026-08-26,2026-08-29,3,180.64,86.47,267.11,WARS,TSF,KTW,https://skyscanner.net/g/referrals/v1/flights/multicity/?mediaPartnerId=6439681&origin0=wars&date0=2026-08-26&destination0=tsf&origin1=tsf&date1=2026-08-29&destination1=ktw&adultsv2=1&market=PL&locale=pl-PL&currency=PLN,Warszawa-Wenecja,572.1463703703703,-3.5264679870080498,270.08000000000004,-1.1
Kraków,Sofia,Bułagria,Warszawa,2026-08-24,2026-08-31,7,65.81,202.15,267.96000000000004,KRK,SOF,WARS,https://skyscanner.net/g/referrals/v1/flights/multicity/?mediaPartnerId=6439681&origin0=krk&date0=2026-08-24&destination0=sof&origin1=sof&date1=2026-08-31&destination1=wars&adultsv2=1&market=PL&locale=pl-PL&currency=PLN,Kraków-Sofia,329.10038461538466,-1.8062502114971113,336.05,-20.26
Kraków,Gdańsk,Polska,Lublin,2026-08-26,2026-08-28,2,144.37,124.48,268.85,KRK,GDN,LUZ,https://skyscanner.net/g/referrals/v1/flights/multicity/?mediaPartnerId=6439681&origin0=krk&date0=2026-08-26&destination0=gdn&origin1=gdn&date1=2026-08-28&destination1=luz&adultsv2=1&market=PL&locale=pl-PL&currency=PLN,Kraków-Gdańsk,478.4032142857142,-1.5195899319714343,328.95,-18.27
Kraków,Ryga,Łotwa,Kraków,2026-08-25,2026-08-31,6,174.04,95.0,269.03999999999996,KRK,RIX,KRK,https://www.skyscanner.net/g/referrals/v1/flights/day-view/?origin=krk&destination=rix&outboundDate=2026-08-25&inboundDate=2026-08-31&market=PL&locale=pl-PL&currency=PLN&mediaPartnerId=6439681,Kraków-Ryga,399.82,-1.780275223192094,269.04,-0.0
Poznań,Mediolan,Włochy,Kraków,2026-08-26,2026-08-31,5,193.57,77.49,271.06,POZ,MILA,KRK,https://skyscanner.net/g/referrals/v1/flights/multicity/?mediaPartnerId=6439681&origin0=poz&date0=2026-08-26&destination0=mila&origin1=mila&date1=2026-08-31&destination1=krk&adultsv2=1&market=PL&locale=pl-PL&currency=PLN,Poznań-Mediolan,437.16519801980195,-2.138351057693377,288.18,-5.94
Poznań,Mediolan,Włochy,Poznań,2026-08-26,2026-08-28,2,193.57,77.49,271.06,POZ,MILA,POZ,https://www.skyscanner.net/g/referrals/v1/flights/day-view/?origin=poz&destination=mila&outboundDate=2026-08-26&inboundDate=2026-08-28&market=PL&locale=pl-PL&currency=PLN&mediaPartnerId=6439681,Poznań-Mediolan,437.16519801980195,-2.138351057693377,279.57,-3.04
Kraków,Sofia,Bułagria,Warszawa,2026-08-28,2026-08-31,3,69.0,202.15,271.15,KRK,SOF,WARS,https://skyscanner.net/g/referrals/v1/flights/multicity/?mediaPartnerId=6439681&origin0=krk&date0=2026-08-28&destination0=sof&origin1=sof&date1=2026-08-31&destination1=wars&adultsv2=1&market=PL&locale=pl-PL&currency=PLN,Kraków-Sofia,329.10038461538466,-1.712009093929365,339.25,-20.07
Kraków,Sofia,Bułagria,Warszawa,2026-08-26,2026-08-31,5,69.0,202.15,271.15,KRK,SOF,WARS,https://skyscanner.net/g/referrals/v1/flights/multicity/?mediaPartnerId=6439681&origin0=krk&date0=2026-08-26&destination0=sof&origin1=sof&date1=2026-08-31&destination1=wars&adultsv2=1&market=PL&locale=pl-PL&currency=PLN,Kraków-Sofia,329.10038461538466,-1.712009093929365,339.25,-20.07
Gdańsk,Bukareszt,Rumunia,Gdańsk,2026-08-25,2026-08-28,3,100.37,170.95,271.32,GDN,BUCH,GDN,https://www.skyscanner.net/g/referrals/v1/flights/day-view/?origin=gdn&destination=buch&outboundDate=2026-08-25&inboundDate=2026-08-28&market=PL&locale=pl-PL&currency=PLN&mediaPartnerId=6439681,Gdańsk-Bukareszt,335.785625,-1.4926803002266973,,0.0
Warszawa,Sofia,Bułagria,Warszawa,2026-08-24,2026-08-31,7,69.81,202.15,271.96000000000004,WARS,SOF,WARS,https://www.skyscanner.net/g/referrals/v1/flights/day-view/?origin=wars&destination=sof&outboundDate=2026-08-24&inboundDate=2026-08-31&market=PL&locale=pl-PL&currency=PLN&mediaPartnerId=6439681,Warszawa-Sofia,332.4589285714286,-1.8457461394788761,340.05,-20.02
Warszawa,Sofia,Bułagria,Warszawa,2026-08-25,2026-08-31,6,69.81,202.15,271.96000000000004,WARS,SOF,WARS,https://www.skyscanner.net/g/referrals/v1/flights/day-view/?origin=wars&destination=sof&outboundDate=2026-08-25&inboundDate=2026-08-31&market=PL&locale=pl-PL&currency=PLN&mediaPartnerId=6439681,Warszawa-Sofia,332.4589285714286,-1.8457461394788761,340.05,-20.02
Warszawa,Sofia,Bułagria,Warszawa,2026-08-28,2026-08-31,3,69.81,202.15,271.96000000000004,WARS,SOF,WARS,https://www.skyscanner.net/g/referrals/v1/flights/day-view/?origin=wars&destination=sof&outboundDate=2026-08-28&inboundDate=2026-08-31&market=PL&locale=pl-PL&currency=PLN&mediaPartnerId=6439681,Warszawa-Sofia,332.4589285714286,-1.8457461394788761,340.05,-20.02
Warszawa,Sofia,Bułagria,Warszawa,2026-08-27,2026-08-31,4,69.81,202.15,271.96000000000004,WARS,SOF,WARS,https://www.skyscanner.net/g/referrals/v1/flights/day-view/?origin=wars&destination=sof&outboundDate=2026-08-27&inboundDate=2026-08-31&market=PL&locale=pl-PL&currency=PLN&mediaPartnerId=6439681,Warszawa-Sofia,332.4589285714286,-1.8457461394788761,340.05,-20.02
Poznań,Mediolan,Włochy,Warszawa,2026-08-27,2026-08-31,4,172.06,100.37,272.43,POZ,MILA,WARS,https://skyscanner.net/g/referrals/v1/flights/multicity/?mediaPartnerId=6439681&origin0=poz&date0=2026-08-27&destination0=mila&origin1=mila&date1=2026-08-31&destination1=wars&adultsv2=1&market=PL&locale=pl-PL&currency=PLN,Poznań-Mediolan,437.16519801980195,-2.120714397408425,264.12,3.15
Warszawa,Bergen,Norwegia,Gdańsk,2026-08-24,2026-08-26,2,139.0,133.92,272.91999999999996,WARS,BGO,GDN,https://skyscanner.net/g/referrals/v1/flights/multicity/?mediaPartnerId=6439681&origin0=wars&date0=2026-08-24&destination0=bgo&origin1=bgo&date1=2026-08-26&destination1=gdn&adultsv2=1&market=PL&locale=pl-PL&currency=PLN,Warszawa-Bergen,394.58647058823533,-2.201930974703757,262.92,3.8
Warszawa,Oslo,Norwegia,Gdańsk,2026-08-29,2026-08-31,2,209.0,64.61,273.61,WARS,OSLO,GDN,https://skyscanner.net/g/referrals/v1/flights/multicity/?mediaPartnerId=6439681&origin0=wars&date0=2026-08-29&destination0=oslo&origin1=oslo&date1=2026-08-31&destination1=gdn&adultsv2=1&market=PL&locale=pl-PL&currency=PLN,Warszawa-Oslo,436.12703125,-2.2063849789604593,270.8,1.04
Warszawa,Mediolan,Włochy,Warszawa,2026-08-29,2026-08-31,2,174.0,100.37,274.37,WARS,MILA,WARS,https://www.skyscanner.net/g/referrals/v1/flights/day-view/?origin=wars&destination=mila&outboundDate=2026-08-29&inboundDate=2026-08-31&market=PL&locale=pl-PL&currency=PLN&mediaPartnerId=6439681,Warszawa-Mediolan,453.52318390804595,-2.9065315930801545,261.78000000000003,4.81
Warszawa,Sofia,Bułagria,Warszawa,2026-08-29,2026-08-31,2,72.61,202.15,274.76,WARS,SOF,WARS,https://www.skyscanner.net/g/referrals/v1/flights/day-view/?origin=wars&destination=sof&outboundDate=2026-08-29&inboundDate=2026-08-31&market=PL&locale=pl-PL&currency=PLN&mediaPartnerId=6439681,Warszawa-Sofia,332.4589285714286,-1.7603216648216262,342.85,-19.86
Poznań,Wenecja,Włochy,Katowice,2026-08-23,2026-08-29,6,188.39,86.47,274.86,POZ,TSF,KTW,https://skyscanner.net/g/referrals/v1/flights/multicity/?mediaPartnerId=6439681&origin0=poz&date0=2026-08-23&destination0=tsf&origin1=tsf&date1=2026-08-29&destination1=ktw&adultsv2=1&market=PL&locale=pl-PL&currency=PLN,Poznań-Wenecja,396.8563333333333,-1.4325182612388672,259.17,6.05
Wrocław,Sofia,Bułagria,Warszawa,2026-08-29,2026-08-31,2,73.1,202.15,275.25,WRO,SOF,WARS,https://skyscanner.net/g/referrals/v1/flights/multicity/?mediaPartnerId=6439681&origin0=wro&date0=2026-08-29&destination0=sof&origin1=sof&date1=2026-08-31&destination1=wars&adultsv2=1&market=PL&locale=pl-PL&currency=PLN,Wrocław-Sofia,355.81444444444446,-1.6750794541363494,343.35,-19.83
Kraków,Bukareszt,Rumunia,Gdańsk,2026-08-22,2026-08-29,7,159.0,118.41,277.40999999999997,KRK,BUCH,GDN,https://skyscanner.net/g/referrals/v1/flights/multicity/?mediaPartnerId=6439681&origin0=krk&date0=2026-08-22&destination0=buch&origin1=buch&date1=2026-08-29&destination1=gdn&adultsv2=1&market=PL&locale=pl-PL&currency=PLN,Kraków-Bukareszt,418.9379166666667,-1.7379775958236514,349.51,-20.63
Kraków,Bukareszt,Rumunia,Gdańsk,2026-08-22,2026-08-29,7,159.0,118.41,277.40999999999997,KRK,BUCH,GDN,https://skyscanner.net/g/referrals/v1/flights/multicity/?mediaPartnerId=6439681&origin0=krk&date0=2026-08-22&destination0=buch&origin1=buch&date1=2026-08-29&destination1=gdn&adultsv2=1&market=PL&locale=pl-PL&currency=PLN,Kraków-Bukareszt,418.9379166666667,-1.7379775958236514,349.51,-20.63
Kraków,Budapeszt,Węgry,Gdańsk,2026-08-27,2026-08-31,4,133.29,144.71,278.0,KRK,BUD,GDN,https://skyscanner.net/g/referrals/v1/flights/multicity/?mediaPartnerId=6439681&origin0=krk&date0=2026-08-27&destination0=bud&origin1=bud&date1=2026-08-31&destination1=gdn&adultsv2=1&market=PL&locale=pl-PL&currency=PLN,Kraków-Budapeszt,404.25374999999997,-1.673059958109096,282.15,-1.47
Warszawa,Kopenhaga,Dania,Gdańsk,2026-08-26,2026-08-30,4,117.79,160.62,278.41,WARS,CPH,GDN,https://skyscanner.net/g/referrals/v1/flights/multicity/?mediaPartnerId=6439681&origin0=wars&date0=2026-08-26&destination0=cph&origin1=cph&date1=2026-08-30&destination1=gdn&adultsv2=1&market=PL&locale=pl-PL&currency=PLN,Warszawa-Kopenhaga,413.8213265306122,-1.6870217165822103,288.52,-3.5
Kraków,Gdańsk,Polska,Wrocław,2026-08-25,2026-08-31,6,202.24,76.42,278.66,KRK,GDN,WRO,https://skyscanner.net/g/referrals/v1/flights/multicity/?mediaPartnerId=6439681&origin0=krk&date0=2026-08-25&destination0=gdn&origin1=gdn&date1=2026-08-31&destination1=wro&adultsv2=1&market=PL&locale=pl-PL&currency=PLN,Kraków-Gdańsk,478.4032142857142,-1.448452024192484,346.91,-19.67
Poznań,Mediolan,Włochy,Kraków,2026-08-28,2026-08-31,3,202.17,77.49,279.65999999999997,POZ,MILA,KRK,https://skyscanner.net/g/referrals/v1/flights/multicity/?mediaPartnerId=6439681&origin0=poz&date0=2026-08-28&destination0=mila&origin1=mila&date1=2026-08-31&destination1=krk&adultsv2=1&market=PL&locale=pl-PL&currency=PLN,Poznań-Mediolan,437.16519801980195,-2.0276391756126566,292.49,-4.39
Katowice,Mediolan,Włochy,Kraków,2026-08-29,2026-08-31,2,202.54,77.49,280.03,KTW,MILA,KRK,https://skyscanner.net/g/referrals/v1/flights/multicity/?mediaPartnerId=6439681&origin0=ktw&date0=2026-08-29&destination0=mila&origin1=mila&date1=2026-08-31&destination1=krk&adultsv2=1&market=PL&locale=pl-PL&currency=PLN,Katowice-Mediolan,451.1714666666667,-2.778155951906574,295.06,-5.09
Poznań,Wenecja,Włochy,Katowice,2026-08-23,2026-08-25,2,188.39,92.67,281.06,POZ,TSF,KTW,https://skyscanner.net/g/referrals/v1/flights/multicity/?mediaPartnerId=6439681&origin0=poz&date0=2026-08-23&destination0=tsf&origin1=tsf&date1=2026-08-25&destination1=ktw&adultsv2=1&market=PL&locale=pl-PL&currency=PLN,Poznań-Wenecja,396.8563333333333,-1.3597159648336667,261.8,7.36
Kraków,Mediolan,Włochy,Katowice,2026-08-25,2026-08-27,2,209.0,73.43,282.43,KRK,MILA,KTW,https://skyscanner.net/g/referrals/v1/flights/multicity/?mediaPartnerId=6439681&origin0=krk&date0=2026-08-25&destination0=mila&origin1=mila&date1=2026-08-27&destination1=ktw&adultsv2=1&market=PL&locale=pl-PL&currency=PLN,Kraków-Mediolan,419.2978060413355,-2.7325267425731785,282.42,0.0
Kraków,Mediolan,Włochy,Katowice,2026-08-25,2026-08-27,2,209.0,73.43,282.43,KRK,MILA,KTW,https://skyscanner.net/g/referrals/v1/flights/multicity/?mediaPartnerId=6439681&origin0=krk&date0=2026-08-25&destination0=mila&origin1=mila&date1=2026-08-27&destination1=ktw&adultsv2=1&market=PL&locale=pl-PL&currency=PLN,Kraków-Mediolan,419.2978060413355,-2.7325267425731785,282.42,0.0
Poznań,Wenecja,Włochy,Kraków,2026-08-23,2026-08-27,4,188.39,95.0,283.39,POZ,TSF,KRK,https://skyscanner.net/g/referrals/v1/flights/multicity/?mediaPartnerId=6439681&origin0=poz&date0=2026-08-23&destination0=tsf&origin1=tsf&date1=2026-08-27&destination1=krk&adultsv2=1&market=PL&locale=pl-PL&currency=PLN,Poznań-Wenecja,396.8563333333333,-1.3323563921523576,270.33000000000004,4.83
Warszawa,Kopenhaga,Dania,Gdańsk,2026-08-24,2026-08-26,2,210.41,73.1,283.51,WARS,CPH,GDN,https://skyscanner.net/g/referrals/v1/flights/multicity/?mediaPartnerId=6439681&origin0=wars&date0=2026-08-24&destination0=cph&origin1=cph&date1=2026-08-26&destination1=gdn&adultsv2=1&market=PL&locale=pl-PL&currency=PLN,Warszawa-Kopenhaga,413.8213265306122,-1.6234833776927808,283.54999999999995,-0.01
Kraków,Mediolan,Włochy,Poznań,2026-08-25,2026-08-28,3,209.0,77.49,286.49,KRK,MILA,POZ,https://skyscanner.net/g/referrals/v1/flights/multicity/?mediaPartnerId=6439681&origin0=krk&date0=2026-08-25&destination0=mila&origin1=mila&date1=2026-08-28&destination1=poz&adultsv2=1&market=PL&locale=pl-PL&currency=PLN,Kraków-Mediolan,419.2978060413355,-2.651469999605467,286.4,0.03
Kraków,Mediolan,Włochy,Kraków,2026-08-25,2026-08-31,6,209.0,77.49,286.49,KRK,MILA,KRK,https://www.skyscanner.net/g/referrals/v1/flights/day-view/?origin=krk&destination=mila&outboundDate=2026-08-25&inboundDate=2026-08-31&market=PL&locale=pl-PL&currency=PLN&mediaPartnerId=6439681,Kraków-Mediolan,419.2978060413355,-2.651469999605467,295.01,-2.89
Kraków,Mediolan,Włochy,Kraków,2026-08-25,2026-08-31,6,209.0,77.49,286.49,KRK,MILA,KRK,https://www.skyscanner.net/g/referrals/v1/flights/day-view/?origin=krk&destination=mila&outboundDate=2026-08-25&inboundDate=2026-08-31&market=PL&locale=pl-PL&currency=PLN&mediaPartnerId=6439681,Kraków-Mediolan,419.2978060413355,-2.651469999605467,295.01,-2.89
Kraków,Mediolan,Włochy,Poznań,2026-08-25,2026-08-28,3,209.0,77.49,286.49,KRK,MILA,POZ,https://skyscanner.net/g/referrals/v1/flights/multicity/?mediaPartnerId=6439681&origin0=krk&date0=2026-08-25&destination0=mila&origin1=mila&date1=2026-08-28&destination1=poz&adultsv2=1&market=PL&locale=pl-PL&currency=PLN,Kraków-Mediolan,419.2978060413355,-2.651469999605467,286.4,0.03
Warszawa,Mediolan,Włochy,Kraków,2026-08-29,2026-08-31,2,209.0,77.49,286.49,WARS,MILA,KRK,https://skyscanner.net/g/referrals/v1/flights/multicity/?mediaPartnerId=6439681&origin0=wars&date0=2026-08-29&destination0=mila&origin1=mila&date1=2026-08-31&destination1=krk&adultsv2=1&market=PL&locale=pl-PL&currency=PLN,Warszawa-Mediolan,453.52318390804595,-2.7099000728376086,260.03000000000003,10.18
Warszawa,Mediolan,Włochy,Kraków,2026-08-29,2026-08-31,2,209.0,77.49,286.49,WARS,MILA,KRK,https://skyscanner.net/g/referrals/v1/flights/multicity/?mediaPartnerId=6439681&origin0=wars&date0=2026-08-29&destination0=mila&origin1=mila&date1=2026-08-31&destination1=krk&adultsv2=1&market=PL&locale=pl-PL&currency=PLN,Warszawa-Mediolan,453.52318390804595,-2.7099000728376086,260.03000000000003,10.18
Kraków,Mediolan,Włochy,Kraków,2026-08-29,2026-08-31,2,209.0,77.49,286.49,KRK,MILA,KRK,https://www.skyscanner.net/g/referrals/v1/flights/day-view/?origin=krk&destination=mila&outboundDate=2026-08-29&inboundDate=2026-08-31&market=PL&locale=pl-PL&currency=PLN&mediaPartnerId=6439681,Kraków-Mediolan,419.2978060413355,-2.651469999605467,295.01,-2.89
Kraków,Mediolan,Włochy,Kraków,2026-08-29,2026-08-31,2,209.0,77.49,286.49,KRK,MILA,KRK,https://www.skyscanner.net/g/referrals/v1/flights/day-view/?origin=krk&destination=mila&outboundDate=2026-08-29&inboundDate=2026-08-31&market=PL&locale=pl-PL&currency=PLN&mediaPartnerId=6439681,Kraków-Mediolan,419.2978060413355,-2.651469999605467,295.01,-2.89
Katowice,Mediolan,Włochy,Kraków,2026-08-27,2026-08-31,4,209.04,77.49,286.53,KTW,MILA,KRK,https://skyscanner.net/g/referrals/v1/flights/multicity/?mediaPartnerId=6439681&origin0=ktw&date0=2026-08-27&destination0=mila&origin1=mila&date1=2026-08-31&destination1=krk&adultsv2=1&market=PL&locale=pl-PL&currency=PLN,Katowice-Mediolan,451.1714666666667,-2.6726408243392474,301.61,-5.0
Poznań,Wenecja,Włochy,Warszawa,2026-08-23,2026-08-27,4,188.39,98.21,286.59999999999997,POZ,TSF,WARS,https://skyscanner.net/g/referrals/v1/flights/multicity/?mediaPartnerId=6439681&origin0=poz&date0=2026-08-23&destination0=tsf&origin1=tsf&date1=2026-08-27&destination1=wars&adultsv2=1&market=PL&locale=pl-PL&currency=PLN,Poznań-Wenecja,396.8563333333333,-1.2946635903038588,280.17,2.3
Katowice,Oslo,Norwegia,Wrocław,2026-08-26,2026-08-30,4,152.15,134.71,286.86,KTW,OSLO,WRO,https://skyscanner.net/g/referrals/v1/flights/multicity/?mediaPartnerId=6439681&origin0=ktw&date0=2026-08-26&destination0=oslo&origin1=oslo&date1=2026-08-30&destination1=wro&adultsv2=1&market=PL&locale=pl-PL&currency=PLN,Katowice-Oslo,398.5443181818182,-1.032287474553508,252.54,13.59
Warszawa,Mediolan,Włochy,Katowice,2026-08-24,2026-08-26,2,216.26,70.67,286.93,WARS,MILA,KTW,https://skyscanner.net/g/referrals/v1/flights/multicity/?mediaPartnerId=6439681&origin0=wars&date0=2026-08-24&destination0=mila&origin1=mila&date1=2026-08-26&destination1=ktw&adultsv2=1&market=PL&locale=pl-PL&currency=PLN,Warszawa-Mediolan,453.52318390804595,-2.7027616348090016,266.03,7.86
Poznań,Mediolan,Włochy,Kraków,2026-08-27,2026-08-29,2,172.06,114.96,287.02,POZ,MILA,KRK,https://skyscanner.net/g/referrals/v1/flights/multicity/?mediaPartnerId=6439681&origin0=poz&date0=2026-08-27&destination0=mila&origin1=mila&date1=2026-08-29&destination1=krk&adultsv2=1&market=PL&locale=pl-PL&currency=PLN,Poznań-Mediolan,437.16519801980195,-1.9328904021110167,284.24,0.98
Wrocław,Mediolan,Włochy,Gdańsk,2026-08-29,2026-08-31,2,132.52,155.14,287.65999999999997,WRO,MIL,GDN,https://skyscanner.net/g/referrals/v1/flights/multicity/?mediaPartnerId=6439681&origin0=wro&date0=2026-08-29&destination0=mil&origin1=mil&date1=2026-08-31&destination1=gdn&adultsv2=1&market=PL&locale=pl-PL&currency=PLN,Wrocław-Mediolan,455.68653333333333,-1.8520054435612148,292.19,-1.55
Wrocław,Mediolan,Włochy,Gdańsk,2026-08-29,2026-08-31,2,132.52,155.14,287.65999999999997,WRO,MILA,GDN,https://skyscanner.net/g/referrals/v1/flights/multicity/?mediaPartnerId=6439681&origin0=wro&date0=2026-08-29&destination0=mila&origin1=mila&date1=2026-08-31&destination1=gdn&adultsv2=1&market=PL&locale=pl-PL&currency=PLN,Wrocław-Mediolan,455.68653333333333,-1.8520054435612148,292.19,-1.55
Poznań,Wenecja,Włochy,Kraków,2026-08-23,2026-08-26,3,188.39,99.3,287.69,POZ,TSF,KRK,https://skyscanner.net/g/referrals/v1/flights/multicity/?mediaPartnerId=6439681&origin0=poz&date0=2026-08-23&destination0=tsf&origin1=tsf&date1=2026-08-26&destination1=krk&adultsv2=1&market=PL&locale=pl-PL&currency=PLN,Poznań-Wenecja,396.8563333333333,-1.2818644769035894,270.33000000000004,6.42
Warszawa,Kopenhaga,Dania,Gdańsk,2026-08-24,2026-08-31,7,210.41,77.49,287.9,WARS,CPH,GDN,https://skyscanner.net/g/referrals/v1/flights/multicity/?mediaPartnerId=6439681&origin0=wars&date0=2026-08-24&destination0=cph&origin1=cph&date1=2026-08-31&destination1=gdn&adultsv2=1&market=PL&locale=pl-PL&currency=PLN,Warszawa-Kopenhaga,413.8213265306122,-1.5687905722565856,300.76,-4.28
Kraków,Mediolan,Włochy,Warszawa,2026-08-25,2026-08-27,2,209.0,79.0,288.0,KRK,MILA,WARS,https://skyscanner.net/g/referrals/v1/flights/multicity/?mediaPartnerId=6439681&origin0=krk&date0=2026-08-25&destination0=mila&origin1=mila&date1=2026-08-27&destination1=wars&adultsv2=1&market=PL&locale=pl-PL&currency=PLN,Kraków-Mediolan,419.2978060413355,-2.6213232799302837,288.0,0.0
Kraków,Mediolan,Włochy,Warszawa,2026-08-25,2026-08-27,2,209.0,79.0,288.0,KRK,MILA,WARS,https://skyscanner.net/g/referrals/v1/flights/multicity/?mediaPartnerId=6439681&origin0=krk&date0=2026-08-25&destination0=mila&origin1=mila&date1=2026-08-27&destination1=wars&adultsv2=1&market=PL&locale=pl-PL&currency=PLN,Kraków-Mediolan,419.2978060413355,-2.6213232799302837,288.0,0.0
Poznań,Mediolan,Włochy,Kraków,2026-08-26,2026-08-28,2,193.57,95.0,288.57,POZ,MILA,KRK,https://skyscanner.net/g/referrals/v1/flights/multicity/?mediaPartnerId=6439681&origin0=poz&date0=2026-08-26&destination0=mila&origin1=mila&date1=2026-08-28&destination1=krk&adultsv2=1&market=PL&locale=pl-PL&currency=PLN,Poznań-Mediolan,437.16519801980195,-1.9129365163871657,297.17,-2.89
Poznań,Mediolan,Włochy,Warszawa,2026-08-29,2026-08-31,2,189.27,100.37,289.64,POZ,MILA,WARS,https://skyscanner.net/g/referrals/v1/flights/multicity/?mediaPartnerId=6439681&origin0=poz&date0=2026-08-29&destination0=mila&origin1=mila&date1=2026-08-31&destination1=wars&adultsv2=1&market=PL&locale=pl-PL&currency=PLN,Poznań-Mediolan,437.16519801980195,-1.8991618985003784,281.33,2.95
Warszawa,Mediolan,Włochy,Katowice,2026-08-24,2026-08-27,3,216.26,73.43,289.69,WARS,MILA,KTW,https://skyscanner.net/g/referrals/v1/flights/multicity/?mediaPartnerId=6439681&origin0=wars&date0=2026-08-24&destination0=mila&origin1=mila&date1=2026-08-27&destination1=ktw&adultsv2=1&market=PL&locale=pl-PL&currency=PLN,Warszawa-Mediolan,453.52318390804595,-2.6579841599022833,272.24,6.41
Kraków,Sofia,Bułagria,Kraków,2026-08-24,2026-08-31,7,65.81,224.36,290.17,KRK,SOF,KRK,https://www.skyscanner.net/g/referrals/v1/flights/day-view/?origin=krk&destination=sof&outboundDate=2026-08-24&inboundDate=2026-08-31&market=PL&locale=pl-PL&currency=PLN&mediaPartnerId=6439681,Kraków-Sofia,329.10038461538466,-1.1501075089329489,324.39,-10.55
Katowice,Mediolan,Włochy,Kraków,2026-08-28,2026-08-31,3,213.34,77.49,290.83,KTW,MILA,KRK,https://skyscanner.net/g/referrals/v1/flights/multicity/?mediaPartnerId=6439681&origin0=ktw&date0=2026-08-28&destination0=mila&origin1=mila&date1=2026-08-31&destination1=krk&adultsv2=1&market=PL&locale=pl-PL&currency=PLN,Katowice-Mediolan,451.1714666666667,-2.6028385091793234,305.91,-4.93
Warszawa,Sofia,Bułagria,Warszawa,2026-08-29,2026-08-31,2,89.0,202.15,291.15,WARS,SOF,WARS,https://www.skyscanner.net/g/referrals/v1/flights/day-view/?origin=wars&destination=sof&outboundDate=2026-08-29&inboundDate=2026-08-31&market=PL&locale=pl-PL&currency=PLN&mediaPartnerId=6439681,Warszawa-Sofia,332.4589285714286,-1.2602834006672166,342.85,-15.08
Warszawa,Sofia,Bułagria,Warszawa,2026-08-26,2026-08-31,5,89.0,202.15,291.15,WARS,SOF,WARS,https://www.skyscanner.net/g/referrals/v1/flights/day-view/?origin=wars&destination=sof&outboundDate=2026-08-26&inboundDate=2026-08-31&market=PL&locale=pl-PL&currency=PLN&mediaPartnerId=6439681,Warszawa-Sofia,332.4589285714286,-1.2602834006672166,,0.0
Wrocław,Mediolan,Włochy,Gdańsk,2026-08-27,2026-08-31,4,137.04,155.14,292.17999999999995,WRO,MILA,GDN,https://skyscanner.net/g/referrals/v1/flights/multicity/?mediaPartnerId=6439681&origin0=wro&date0=2026-08-27&destination0=mila&origin1=mila&date1=2026-08-31&destination1=gdn&adultsv2=1&market=PL&locale=pl-PL&currency=PLN,Wrocław-Mediolan,455.68653333333333,-1.8021855464364551,287.66,1.57
Wrocław,Mediolan,Włochy,Gdańsk,2026-08-27,2026-08-31,4,137.04,155.14,292.17999999999995,WRO,MIL,GDN,https://skyscanner.net/g/referrals/v1/flights/multicity/?mediaPartnerId=6439681&origin0=wro&date0=2026-08-27&destination0=mil&origin1=mil&date1=2026-08-31&destination1=gdn&adultsv2=1&market=PL&locale=pl-PL&currency=PLN,Wrocław-Mediolan,455.68653333333333,-1.8021855464364551,287.66,1.57
Warszawa,Kopenhaga,Dania,Kraków,2026-08-28,2026-08-30,2,79.0,214.07,293.07,WARS,CPH,KRK,https://skyscanner.net/g/referrals/v1/flights/multicity/?mediaPartnerId=6439681&origin0=wars&date0=2026-08-28&destination0=cph&origin1=cph&date1=2026-08-30&destination1=krk&adultsv2=1&market=PL&locale=pl-PL&currency=PLN,Warszawa-Kopenhaga,413.8213265306122,-1.5043801385196538,246.58,18.85
Kraków,Sofia,Bułagria,Kraków,2026-08-28,2026-08-31,3,69.0,224.36,293.36,KRK,SOF,KRK,https://www.skyscanner.net/g/referrals/v1/flights/day-view/?origin=krk&destination=sof&outboundDate=2026-08-28&inboundDate=2026-08-31&market=PL&locale=pl-PL&currency=PLN&mediaPartnerId=6439681,Kraków-Sofia,329.10038461538466,-1.055866391365201,327.59,-10.45
Kraków,Sofia,Bułagria,Kraków,2026-08-26,2026-08-31,5,69.0,224.36,293.36,KRK,SOF,KRK,https://www.skyscanner.net/g/referrals/v1/flights/day-view/?origin=krk&destination=sof&outboundDate=2026-08-26&inboundDate=2026-08-31&market=PL&locale=pl-PL&currency=PLN&mediaPartnerId=6439681,Kraków-Sofia,329.10038461538466,-1.055866391365201,327.59,-10.45
Warszawa,Oslo,Norwegia,Gdańsk,2026-08-28,2026-08-31,3,229.0,64.61,293.61,WARS,OSLO,GDN,https://skyscanner.net/g/referrals/v1/flights/multicity/?mediaPartnerId=6439681&origin0=wars&date0=2026-08-28&destination0=oslo&origin1=oslo&date1=2026-08-31&destination1=gdn&adultsv2=1&market=PL&locale=pl-PL&currency=PLN,Warszawa-Oslo,436.12703125,-1.934858362704914,290.8,0.97
Kraków,Bazylea,Szwajcaria,Wrocław,2026-08-27,2026-08-31,4,179.0,114.73,293.73,KRK,BSL,WRO,https://skyscanner.net/g/referrals/v1/flights/multicity/?mediaPartnerId=6439681&origin0=krk&date0=2026-08-27&destination0=bsl&origin1=bsl&date1=2026-08-31&destination1=wro&adultsv2=1&market=PL&locale=pl-PL&currency=PLN,Kraków-Bazylea,518.9557142857143,-2.416658665900805,293.73,0.0
Warszawa,Bazylea,Szwajcaria,Wrocław,2026-08-28,2026-08-31,3,179.0,114.73,293.73,WARS,BSL,WRO,https://skyscanner.net/g/referrals/v1/flights/multicity/?mediaPartnerId=6439681&origin0=wars&date0=2026-08-28&destination0=bsl&origin1=bsl&date1=2026-08-31&destination1=wro&adultsv2=1&market=PL&locale=pl-PL&currency=PLN,Warszawa-Bazylea,513.8205555555555,-2.1162703957851647,323.73,-9.27
Wrocław,Bazylea,Szwajcaria,Wrocław,2026-08-24,2026-08-31,7,179.0,114.73,293.73,WRO,BSL,WRO,https://www.skyscanner.net/g/referrals/v1/flights/day-view/?origin=wro&destination=bsl&outboundDate=2026-08-24&inboundDate=2026-08-31&market=PL&locale=pl-PL&currency=PLN&mediaPartnerId=6439681,Wrocław-Bazylea,411.25600000000003,-1.824096180735391,293.73,0.0
Warszawa,Mediolan,Włochy,Poznań,2026-08-24,2026-08-28,4,216.26,77.49,293.75,WARS,MILA,POZ,https://skyscanner.net/g/referrals/v1/flights/multicity/?mediaPartnerId=6439681&origin0=wars&date0=2026-08-24&destination0=mila&origin1=mila&date1=2026-08-28&destination1=poz&adultsv2=1&market=PL&locale=pl-PL&currency=PLN,Warszawa-Mediolan,453.52318390804595,-2.592115845365589,276.22,6.35
Warszawa,Mediolan,Włochy,Kraków,2026-08-24,2026-08-31,7,216.26,77.49,293.75,WARS,MILA,KRK,https://skyscanner.net/g/referrals/v1/flights/multicity/?mediaPartnerId=6439681&origin0=wars&date0=2026-08-24&destination0=mila&origin1=mila&date1=2026-08-31&destination1=krk&adultsv2=1&market=PL&locale=pl-PL&currency=PLN,Warszawa-Mediolan,453.52318390804595,-2.592115845365589,284.83,3.13
Warszawa,Mediolan,Włochy,Kraków,2026-08-24,2026-08-26,2,216.26,77.49,293.75,WARS,MILA,KRK,https://skyscanner.net/g/referrals/v1/flights/multicity/?mediaPartnerId=6439681&origin0=wars&date0=2026-08-24&destination0=mila&origin1=mila&date1=2026-08-26&destination1=krk&adultsv2=1&market=PL&locale=pl-PL&currency=PLN,Warszawa-Mediolan,453.52318390804595,-2.592115845365589,276.22,6.35
Warszawa,Kopenhaga,Dania,Warszawa,2026-08-26,2026-08-31,5,117.79,176.06,293.85,WARS,CPH,WARS,https://www.skyscanner.net/g/referrals/v1/flights/day-view/?origin=wars&destination=cph&outboundDate=2026-08-26&inboundDate=2026-08-31&market=PL&locale=pl-PL&currency=PLN&mediaPartnerId=6439681,Warszawa-Kopenhaga,413.8213265306122,-1.494662510218917,290.37,1.2
Poznań,Mediolan,Włochy,Warszawa,2026-08-26,2026-08-31,5,193.57,100.37,293.94,POZ,MILA,WARS,https://skyscanner.net/g/referrals/v1/flights/multicity/?mediaPartnerId=6439681&origin0=poz&date0=2026-08-26&destination0=mila&origin1=mila&date1=2026-08-31&destination1=wars&adultsv2=1&market=PL&locale=pl-PL&currency=PLN,Poznań-Mediolan,437.16519801980195,-1.843805957460018,289.93,1.38
Warszawa,Sofia,Bułagria,Kraków,2026-08-25,2026-08-31,6,69.81,224.36,294.17,WARS,SOF,KRK,https://skyscanner.net/g/referrals/v1/flights/multicity/?mediaPartnerId=6439681&origin0=wars&date0=2026-08-25&destination0=sof&origin1=sof&date1=2026-08-31&destination1=krk&adultsv2=1&market=PL&locale=pl-PL&currency=PLN,Warszawa-Sofia,332.4589285714286,-1.1681470030011802,328.39,-10.42
Warszawa,Sofia,Bułagria,Kraków,2026-08-28,2026-08-31,3,69.81,224.36,294.17,WARS,SOF,KRK,https://skyscanner.net/g/referrals/v1/flights/multicity/?mediaPartnerId=6439681&origin0=wars&date0=2026-08-28&destination0=sof&origin1=sof&date1=2026-08-31&destination1=krk&adultsv2=1&market=PL&locale=pl-PL&currency=PLN,Warszawa-Sofia,332.4589285714286,-1.1681470030011802,328.39,-10.42
Warszawa,Sofia,Bułagria,Kraków,2026-08-24,2026-08-31,7,69.81,224.36,294.17,WARS,SOF,KRK,https://skyscanner.net/g/referrals/v1/flights/multicity/?mediaPartnerId=6439681&origin0=wars&date0=2026-08-24&destination0=sof&origin1=sof&date1=2026-08-31&destination1=krk&adultsv2=1&market=PL&locale=pl-PL&currency=PLN,Warszawa-Sofia,332.4589285714286,-1.1681470030011802,328.39,-10.42
Warszawa,Sofia,Bułagria,Kraków,2026-08-27,2026-08-31,4,69.81,224.36,294.17,WARS,SOF,KRK,https://skyscanner.net/g/referrals/v1/flights/multicity/?mediaPartnerId=6439681&origin0=wars&date0=2026-08-27&destination0=sof&origin1=sof&date1=2026-08-31&destination1=krk&adultsv2=1&market=PL&locale=pl-PL&currency=PLN,Warszawa-Sofia,332.4589285714286,-1.1681470030011802,328.39,-10.42
Katowice,Zadar,Chorwacja,Gdańsk,2026-08-23,2026-08-27,4,79.0,215.49,294.49,KTW,ZAD,GDN,https://skyscanner.net/g/referrals/v1/flights/multicity/?mediaPartnerId=6439681&origin0=ktw&date0=2026-08-23&destination0=zad&origin1=zad&date1=2026-08-27&destination1=gdn&adultsv2=1&market=PL&locale=pl-PL&currency=PLN,Katowice-Zadar,480.6364516129032,-1.804036902151402,288.77,1.98
Katowice,Zadar,Chorwacja,Gdańsk,2026-08-25,2026-08-27,2,79.0,215.49,294.49,KTW,ZAD,GDN,https://skyscanner.net/g/referrals/v1/flights/multicity/?mediaPartnerId=6439681&origin0=ktw&date0=2026-08-25&destination0=zad&origin1=zad&date1=2026-08-27&destination1=gdn&adultsv2=1&market=PL&locale=pl-PL&currency=PLN,Katowice-Zadar,480.6364516129032,-1.804036902151402,288.77,1.98
Warszawa,Mediolan,Włochy,Warszawa,2026-08-24,2026-08-26,2,216.26,78.81,295.07,WARS,MILA,WARS,https://www.skyscanner.net/g/referrals/v1/flights/day-view/?origin=wars&destination=mila&outboundDate=2026-08-24&inboundDate=2026-08-26&market=PL&locale=pl-PL&currency=PLN&mediaPartnerId=6439681,Warszawa-Mediolan,453.52318390804595,-2.570700531279767,277.62,6.29
Kraków,Mediolan,Włochy,Kraków,2026-08-25,2026-08-27,2,209.0,86.1,295.1,KRK,MILA,KRK,https://www.skyscanner.net/g/referrals/v1/flights/day-view/?origin=krk&destination=mila&outboundDate=2026-08-25&inboundDate=2026-08-27&market=PL&locale=pl-PL&currency=PLN&mediaPartnerId=6439681,Kraków-Mediolan,419.2978060413355,-2.479573803311872,304.0,-2.93
Kraków,Mediolan,Włochy,Kraków,2026-08-25,2026-08-27,2,209.0,86.1,295.1,KRK,MILA,KRK,https://www.skyscanner.net/g/referrals/v1/flights/day-view/?origin=krk&destination=mila&outboundDate=2026-08-25&inboundDate=2026-08-27&market=PL&locale=pl-PL&currency=PLN&mediaPartnerId=6439681,Kraków-Mediolan,419.2978060413355,-2.479573803311872,304.0,-2.93
Warszawa,Mediolan,Włochy,Warszawa,2026-08-24,2026-08-27,3,216.26,79.0,295.26,WARS,MILA,WARS,https://www.skyscanner.net/g/referrals/v1/flights/day-view/?origin=wars&destination=mila&outboundDate=2026-08-24&inboundDate=2026-08-27&market=PL&locale=pl-PL&currency=PLN&mediaPartnerId=6439681,Warszawa-Mediolan,453.52318390804595,-2.567618023949232,277.82,6.28
Kraków,Budapeszt,Węgry,Kraków,2026-08-27,2026-08-30,3,133.29,162.17,295.46,KRK,BUD,KRK,https://www.skyscanner.net/g/referrals/v1/flights/day-view/?origin=krk&destination=bud&outboundDate=2026-08-27&inboundDate=2026-08-30&market=PL&locale=pl-PL&currency=PLN&mediaPartnerId=6439681,Kraków-Budapeszt,404.25374999999997,-1.44168760783368,317.77,-7.02
Poznań,Wenecja,Włochy,Kraków,2026-08-23,2026-08-27,4,188.39,107.72,296.11,POZ,VEN,KRK,https://skyscanner.net/g/referrals/v1/flights/multicity/?mediaPartnerId=6439681&origin0=poz&date0=2026-08-23&destination0=ven&origin1=ven&date1=2026-08-27&destination1=krk&adultsv2=1&market=PL&locale=pl-PL&currency=PLN,Poznań-Wenecja,396.8563333333333,-1.182994261462978,283.05,4.61
Poznań,Wenecja,Włochy,Kraków,2026-08-23,2026-08-27,4,188.39,107.72,296.11,POZ,VCE,KRK,https://skyscanner.net/g/referrals/v1/flights/multicity/?mediaPartnerId=6439681&origin0=poz&date0=2026-08-23&destination0=vce&origin1=vce&date1=2026-08-27&destination1=krk&adultsv2=1&market=PL&locale=pl-PL&currency=PLN,Poznań-Wenecja,396.8563333333333,-1.182994261462978,283.05,4.61
Kraków,Gdańsk,Polska,Wrocław,2026-08-25,2026-08-28,3,202.24,94.72,296.96000000000004,KRK,GDN,WRO,https://skyscanner.net/g/referrals/v1/flights/multicity/?mediaPartnerId=6439681&origin0=krk&date0=2026-08-25&destination0=gdn&origin1=gdn&date1=2026-08-28&destination1=wro&adultsv2=1&market=PL&locale=pl-PL&currency=PLN,Kraków-Gdańsk,478.4032142857142,-1.3157482818525459,347.89,-14.64
Warszawa,Sofia,Bułagria,Kraków,2026-08-29,2026-08-31,2,72.61,224.36,296.97,WARS,SOF,KRK,https://skyscanner.net/g/referrals/v1/flights/multicity/?mediaPartnerId=6439681&origin0=wars&date0=2026-08-29&destination0=sof&origin1=sof&date1=2026-08-31&destination1=krk&adultsv2=1&market=PL&locale=pl-PL&currency=PLN,Warszawa-Sofia,332.4589285714286,-1.0827225283439286,331.18999999999994,-10.33
Kraków,Bukareszt,Rumunia,Gdańsk,2026-08-23,2026-08-29,6,179.0,118.41,297.40999999999997,KRK,BUCH,GDN,https://skyscanner.net/g/referrals/v1/flights/multicity/?mediaPartnerId=6439681&origin0=krk&date0=2026-08-23&destination0=buch&origin1=buch&date1=2026-08-29&destination1=gdn&adultsv2=1&market=PL&locale=pl-PL&currency=PLN,Kraków-Bukareszt,418.9379166666667,-1.4923755073089142,369.51,-19.51
Kraków,Bukareszt,Rumunia,Gdańsk,2026-08-23,2026-08-29,6,179.0,118.41,297.40999999999997,KRK,BUCH,GDN,https://skyscanner.net/g/referrals/v1/flights/multicity/?mediaPartnerId=6439681&origin0=krk&date0=2026-08-23&destination0=buch&origin1=buch&date1=2026-08-29&destination1=gdn&adultsv2=1&market=PL&locale=pl-PL&currency=PLN,Kraków-Bukareszt,418.9379166666667,-1.4923755073089142,369.51,-19.51
Wrocław,Sofia,Bułagria,Kraków,2026-08-29,2026-08-31,2,73.1,224.36,297.46000000000004,WRO,SOF,KRK,https://skyscanner.net/g/referrals/v1/flights/multicity/?mediaPartnerId=6439681&origin0=wro&date0=2026-08-29&destination0=sof&origin1=sof&date1=2026-08-31&destination1=krk&adultsv2=1&market=PL&locale=pl-PL&currency=PLN,Wrocław-Sofia,355.81444444444446,-1.213293675894893,331.68999999999994,-10.32
Poznań,Mediolan,Włochy,Katowice,2026-08-26,2026-08-28,2,193.57,105.4,298.97,POZ,MILA,KTW,https://skyscanner.net/g/referrals/v1/flights/multicity/?mediaPartnerId=6439681&origin0=poz&date0=2026-08-26&destination0=mila&origin1=mila&date1=2026-08-28&destination1=ktw&adultsv2=1&market=PL&locale=pl-PL&currency=PLN,Poznań-Mediolan,437.16519801980195,-1.7790523799174567,307.57,-2.8
Poznań,Mediolan,Włochy,Kraków,2026-08-27,2026-08-31,4,172.06,127.05,299.11,POZ,MILA,KRK,https://skyscanner.net/g/referrals/v1/flights/multicity/?mediaPartnerId=6439681&origin0=poz&date0=2026-08-27&destination0=mila&origin1=mila&date1=2026-08-31&destination1=krk&adultsv2=1&market=PL&locale=pl-PL&currency=PLN,Poznań-Mediolan,437.16519801980195,-1.77725009346498,262.37,14.0
Warszawa,Mediolan,Włochy,Kraków,2026-08-26,2026-08-31,5,222.41,77.49,299.9,WARS,MILA,KRK,https://skyscanner.net/g/referrals/v1/flights/multicity/?mediaPartnerId=6439681&origin0=wars&date0=2026-08-26&destination0=mila&origin1=mila&date1=2026-08-31&destination1=krk&adultsv2=1&market=PL&locale=pl-PL&currency=PLN,Warszawa-Mediolan,453.52318390804595,-2.49233995019301,279.35,7.36
Warszawa,Mediolan,Włochy,Poznań,2026-08-26,2026-08-28,2,222.41,77.49,299.9,WARS,MILA,POZ,https://skyscanner.net/g/referrals/v1/flights/multicity/?mediaPartnerId=6439681&origin0=wars&date0=2026-08-26&destination0=mila&origin1=mila&date1=2026-08-28&destination1=poz&adultsv2=1&market=PL&locale=pl-PL&currency=PLN,Warszawa-Mediolan,453.52318390804595,-2.49233995019301,270.74,10.77
Katowice,Dubrovnik,Chorwacja,Katowice,2026-08-23,2026-08-25,2,86.01,214.32,300.33,KTW,DBV,KTW,https://www.skyscanner.net/g/referrals/v1/flights/day-view/?origin=ktw&destination=dbv&outboundDate=2026-08-23&inboundDate=2026-08-25&market=PL&locale=pl-PL&currency=PLN&mediaPartnerId=6439681,Katowice-Dubrovnik,505.67133333333334,-2.767114637856431,253.24,18.6
Gdańsk,Praga,Czechy,Poznań,2026-08-26,2026-08-28,2,238.76,62.07,300.83,GDN,PRG,POZ,https://skyscanner.net/g/referrals/v1/flights/multicity/?mediaPartnerId=6439681&origin0=gdn&date0=2026-08-26&destination0=prg&origin1=prg&date1=2026-08-28&destination1=poz&adultsv2=1&market=PL&locale=pl-PL&currency=PLN,Gdańsk-Praga,373.4428571428572,-1.3844064858978002,,0.0
Warszawa,Mediolan,Włochy,Kraków,2026-08-29,2026-08-31,2,174.0,127.05,301.05,WARS,MILA,KRK,https://skyscanner.net/g/referrals/v1/flights/multicity/?mediaPartnerId=6439681&origin0=wars&date0=2026-08-29&destination0=mila&origin1=mila&date1=2026-08-31&destination1=krk&adultsv2=1&market=PL&locale=pl-PL&currency=PLN,Warszawa-Mediolan,453.52318390804595,-2.4736826689818767,260.03000000000003,15.78
Poznań,Mediolan,Włochy,Warszawa,2026-08-27,2026-08-31,4,172.06,129.27,301.33000000000004,POZ,MILA,WARS,https://skyscanner.net/g/referrals/v1/flights/multicity/?mediaPartnerId=6439681&origin0=poz&date0=2026-08-27&destination0=mila&origin1=mila&date1=2026-08-31&destination1=wars&adultsv2=1&market=PL&locale=pl-PL&currency=PLN,Poznań-Mediolan,437.16519801980195,-1.7486709797185611,264.12,14.09
Poznań,Mediolan,Włochy,Warszawa,2026-08-27,2026-08-31,4,172.06,129.27,301.33000000000004,POZ,MIL,WARS,https://skyscanner.net/g/referrals/v1/flights/multicity/?mediaPartnerId=6439681&origin0=poz&date0=2026-08-27&destination0=mil&origin1=mil&date1=2026-08-31&destination1=wars&adultsv2=1&market=PL&locale=pl-PL&currency=PLN,Poznań-Mediolan,437.16519801980195,-1.7486709797185611,305.63,-1.41
Poznań,Wenecja,Włochy,Gdańsk,2026-08-23,2026-08-27,4,188.39,113.84,302.23,POZ,TSF,GDN,https://skyscanner.net/g/referrals/v1/flights/multicity/?mediaPartnerId=6439681&origin0=poz&date0=2026-08-23&destination0=tsf&origin1=tsf&date1=2026-08-27&destination1=gdn&adultsv2=1&market=PL&locale=pl-PL&currency=PLN,Poznań-Wenecja,396.8563333333333,-1.1111313495275221,286.33000000000004,5.55
Wrocław,Mediolan,Włochy,Warszawa,2026-08-29,2026-08-31,2,132.52,169.74,302.26,WRO,MILA,WARS,https://skyscanner.net/g/referrals/v1/flights/multicity/?mediaPartnerId=6439681&origin0=wro&date0=2026-08-29&destination0=mila&origin1=mila&date1=2026-08-31&destination1=wars&adultsv2=1&market=PL&locale=pl-PL&currency=PLN,Wrocław-Mediolan,455.68653333333333,-1.6910827670077868,224.81,34.45
Warszawa,Mediolan,Włochy,Kraków,2026-08-24,2026-08-27,3,216.26,86.1,302.36,WARS,MILA,KRK,https://skyscanner.net/g/referrals/v1/flights/multicity/?mediaPartnerId=6439681&origin0=wars&date0=2026-08-24&destination0=mila&origin1=mila&date1=2026-08-27&destination1=krk&adultsv2=1&market=PL&locale=pl-PL&currency=PLN,Warszawa-Mediolan,453.52318390804595,-2.452429592123978,293.82,2.91
Warszawa,Mediolan,Włochy,Warszawa,2026-08-24,2026-08-26,2,216.26,86.17,302.43,WARS,MILA,WARS,https://www.skyscanner.net/g/referrals/v1/flights/day-view/?origin=wars&destination=mila&outboundDate=2026-08-24&inboundDate=2026-08-26&market=PL&locale=pl-PL&currency=PLN&mediaPartnerId=6439681,Warszawa-Mediolan,453.52318390804595,-2.4512939315285176,277.62,8.94
Warszawa,Mediolan,Włochy,Warszawa,2026-08-24,2026-08-26,2,216.26,86.17,302.43,WARS,MIL,WARS,https://www.skyscanner.net/g/referrals/v1/flights/day-view/?origin=wars&destination=mil&outboundDate=2026-08-24&inboundDate=2026-08-26&market=PL&locale=pl-PL&currency=PLN&mediaPartnerId=6439681,Warszawa-Mediolan,453.52318390804595,-2.4512939315285176,284.99,6.12
Poznań,Mediolan,Włochy,Warszawa,2026-08-28,2026-08-31,3,202.17,100.37,302.53999999999996,POZ,MILA,WARS,https://skyscanner.net/g/referrals/v1/flights/multicity/?mediaPartnerId=6439681&origin0=poz&date0=2026-08-28&destination0=mila&origin1=mila&date1=2026-08-31&destination1=wars&adultsv2=1&market=PL&locale=pl-PL&currency=PLN,Poznań-Mediolan,437.16519801980195,-1.733094075379298,294.24,2.82
Warszawa,Mediolan,Włochy,Poznań,2026-08-26,2026-08-28,2,225.26,77.49,302.75,WARS,MILA,POZ,https://skyscanner.net/g/referrals/v1/flights/multicity/?mediaPartnerId=6439681&origin0=wars&date0=2026-08-26&destination0=mila&origin1=mila&date1=2026-08-28&destination1=poz&adultsv2=1&market=PL&locale=pl-PL&currency=PLN,Warszawa-Mediolan,453.52318390804595,-2.4461023402349853,270.74,11.82
Warszawa,Mediolan,Włochy,Kraków,2026-08-26,2026-08-31,5,225.26,77.49,302.75,WARS,MILA,KRK,https://skyscanner.net/g/referrals/v1/flights/multicity/?mediaPartnerId=6439681&origin0=wars&date0=2026-08-26&destination0=mila&origin1=mila&date1=2026-08-31&destination1=krk&adultsv2=1&market=PL&locale=pl-PL&currency=PLN,Warszawa-Mediolan,453.52318390804595,-2.4461023402349853,279.35,8.38
Lublin,Gdańsk,Polska,Wrocław,2026-08-28,2026-08-31,3,226.45,76.42,302.87,LUZ,GDN,WRO,https://skyscanner.net/g/referrals/v1/flights/multicity/?mediaPartnerId=6439681&origin0=luz&date0=2026-08-28&destination0=gdn&origin1=gdn&date1=2026-08-31&destination1=wro&adultsv2=1&market=PL&locale=pl-PL&currency=PLN,Lublin-Gdańsk,381.68375000000003,-2.23017454725328,278.68,8.68
Katowice,Mediolan,Włochy,Warszawa,2026-08-29,2026-08-31,2,202.54,100.37,302.90999999999997,KTW,MILA,WARS,https://skyscanner.net/g/referrals/v1/flights/multicity/?mediaPartnerId=6439681&origin0=ktw&date0=2026-08-29&destination0=mila&origin1=mila&date1=2026-08-31&destination1=wars&adultsv2=1&market=PL&locale=pl-PL&currency=PLN,Katowice-Mediolan,451.1714666666667,-2.4067427028695842,296.81,2.06
Warszawa,Mediolan,Włochy,Warszawa,2026-08-29,2026-08-31,2,174.0,129.27,303.27,WARS,MIL,WARS,https://www.skyscanner.net/g/referrals/v1/flights/day-view/?origin=wars&destination=mil&outboundDate=2026-08-29&inboundDate=2026-08-31&market=PL&locale=pl-PL&currency=PLN&mediaPartnerId=6439681,Warszawa-Mediolan,453.52318390804595,-2.4376660043829954,303.29,-0.01
Warszawa,Mediolan,Włochy,Warszawa,2026-08-29,2026-08-31,2,174.0,129.27,303.27,WARS,MILA,WARS,https://www.skyscanner.net/g/referrals/v1/flights/day-view/?origin=wars&destination=mila&outboundDate=2026-08-29&inboundDate=2026-08-31&market=PL&locale=pl-PL&currency=PLN&mediaPartnerId=6439681,Warszawa-Mediolan,453.52318390804595,-2.4376660043829954,261.78000000000003,15.85
Kraków,Mediolan,Włochy,Kraków,2026-08-25,2026-08-28,3,209.0,95.0,304.0,KRK,MILA,KRK,https://www.skyscanner.net/g/referrals/v1/flights/day-view/?origin=krk&destination=mila&outboundDate=2026-08-25&inboundDate=2026-08-28&market=PL&locale=pl-PL&currency=PLN&mediaPartnerId=6439681,Kraków-Mediolan,419.2978060413355,-2.301887839663441,304.0,0.0
Kraków,Mediolan,Włochy,Kraków,2026-08-25,2026-08-28,3,209.0,95.0,304.0,KRK,MILA,KRK,https://www.skyscanner.net/g/referrals/v1/flights/day-view/?origin=krk&destination=mila&outboundDate=2026-08-25&inboundDate=2026-08-28&market=PL&locale=pl-PL&currency=PLN&mediaPartnerId=6439681,Kraków-Mediolan,419.2978060413355,-2.301887839663441,304.0,0.0
Gdańsk,Stavanger,Norwegia,Gdańsk,2026-08-29,2026-08-31,2,159.0,145.77,304.77,GDN,SVG,GDN,https://www.skyscanner.net/g/referrals/v1/flights/day-view/?origin=gdn&destination=svg&outboundDate=2026-08-29&inboundDate=2026-08-31&market=PL&locale=pl-PL&currency=PLN&mediaPartnerId=6439681,Gdańsk-Stavanger,472.48266666666666,-1.803009703082183,304.77,0.0
Poznań,Mediolan,Włochy,Kraków,2026-08-26,2026-08-28,2,193.57,111.26,304.83,POZ,MILA,KRK,https://skyscanner.net/g/referrals/v1/flights/multicity/?mediaPartnerId=6439681&origin0=poz&date0=2026-08-26&destination0=mila&origin1=mila&date1=2026-08-28&destination1=krk&adultsv2=1&market=PL&locale=pl-PL&currency=PLN,Poznań-Mediolan,437.16519801980195,-1.7036138184066407,297.17,2.58
Wrocław,Mediolan,Włochy,Kraków,2026-08-29,2026-08-31,2,132.52,172.38,304.9,WRO,MIL,KRK,https://skyscanner.net/g/referrals/v1/flights/multicity/?mediaPartnerId=6439681&origin0=wro&date0=2026-08-29&destination0=mil&origin1=mil&date1=2026-08-31&destination1=krk&adultsv2=1&market=PL&locale=pl-PL&currency=PLN,Wrocław-Mediolan,455.68653333333333,-1.6619844200145644,309.43,-1.46
Wrocław,Mediolan,Włochy,Warszawa,2026-08-27,2026-08-31,4,137.04,169.74,306.78,WRO,MILA,WARS,https://skyscanner.net/g/referrals/v1/flights/multicity/?mediaPartnerId=6439681&origin0=wro&date0=2026-08-27&destination0=mila&origin1=mila&date1=2026-08-31&destination1=wars&adultsv2=1&market=PL&locale=pl-PL&currency=PLN,Wrocław-Mediolan,455.68653333333333,-1.6412628698830272,220.28000000000003,39.27
Gdańsk,Budapeszt,Węgry,Katowice,2026-08-24,2026-08-28,4,229.0,78.55,307.55,GDN,BUD,KTW,https://skyscanner.net/g/referrals/v1/flights/multicity/?mediaPartnerId=6439681&origin0=gdn&date0=2026-08-24&destination0=bud&origin1=bud&date1=2026-08-28&destination1=ktw&adultsv2=1&market=PL&locale=pl-PL&currency=PLN,Gdańsk-Budapeszt,378.15666666666664,-1.8718027745287846,305.65,0.62
Warszawa,Mediolan,Włochy,Kraków,2026-08-29,2026-08-31,2,230.59,77.49,308.08,WARS,MILA,KRK,https://skyscanner.net/g/referrals/v1/flights/multicity/?mediaPartnerId=6439681&origin0=wars&date0=2026-08-29&destination0=mila&origin1=mila&date1=2026-08-31&destination1=krk&adultsv2=1&market=PL&locale=pl-PL&currency=PLN,Warszawa-Mediolan,453.52318390804595,-2.3596298977520838,260.03000000000003,18.48
Kraków,Mediolan,Włochy,Warszawa,2026-08-25,2026-08-27,2,209.0,99.1,308.1,KRK,MILA,WARS,https://skyscanner.net/g/referrals/v1/flights/multicity/?mediaPartnerId=6439681&origin0=krk&date0=2026-08-25&destination0=mila&origin1=mila&date1=2026-08-27&destination1=wars&adultsv2=1&market=PL&locale=pl-PL&currency=PLN,Kraków-Mediolan,419.2978060413355,-2.2200325080950623,288.0,6.98
Kraków,Mediolan,Włochy,Warszawa,2026-08-25,2026-08-27,2,209.0,99.1,308.1,KRK,MIL,WARS,https://skyscanner.net/g/referrals/v1/flights/multicity/?mediaPartnerId=6439681&origin0=krk&date0=2026-08-25&destination0=mil&origin1=mil&date1=2026-08-27&destination1=wars&adultsv2=1&market=PL&locale=pl-PL&currency=PLN,Kraków-Mediolan,419.2978060413355,-2.2200325080950623,308.1,0.0
Kraków,Mediolan,Włochy,Warszawa,2026-08-25,2026-08-27,2,209.0,99.1,308.1,KRK,MILA,WARS,https://skyscanner.net/g/referrals/v1/flights/multicity/?mediaPartnerId=6439681&origin0=krk&date0=2026-08-25&destination0=mila&origin1=mila&date1=2026-08-27&destination1=wars&adultsv2=1&market=PL&locale=pl-PL&currency=PLN,Kraków-Mediolan,419.2978060413355,-2.2200325080950623,288.0,6.98
Kraków,Mediolan,Włochy,Warszawa,2026-08-25,2026-08-27,2,209.0,99.1,308.1,KRK,MIL,WARS,https://skyscanner.net/g/referrals/v1/flights/multicity/?mediaPartnerId=6439681&origin0=krk&date0=2026-08-25&destination0=mil&origin1=mil&date1=2026-08-27&destination1=wars&adultsv2=1&market=PL&locale=pl-PL&currency=PLN,Kraków-Mediolan,419.2978060413355,-2.2200325080950623,308.1,0.0
Poznań,Mediolan,Włochy,Kraków,2026-08-26,2026-08-29,3,193.57,114.96,308.53,POZ,MILA,KRK,https://skyscanner.net/g/referrals/v1/flights/multicity/?mediaPartnerId=6439681&origin0=poz&date0=2026-08-26&destination0=mila&origin1=mila&date1=2026-08-29&destination1=krk&adultsv2=1&market=PL&locale=pl-PL&currency=PLN,Poznań-Mediolan,437.16519801980195,-1.65598196216261,310.04999999999995,-0.49
Warszawa,Mediolan,Włochy,Warszawa,2026-08-29,2026-08-31,2,209.0,100.37,309.37,WARS,MILA,WARS,https://www.skyscanner.net/g/referrals/v1/flights/day-view/?origin=wars&destination=mila&outboundDate=2026-08-29&inboundDate=2026-08-31&market=PL&locale=pl-PL&currency=PLN&mediaPartnerId=6439681,Warszawa-Mediolan,453.52318390804595,-2.3387012953500306,261.78000000000003,18.18
Kraków,Mediolan,Włochy,Warszawa,2026-08-29,2026-08-31,2,209.0,100.37,309.37,KRK,MILA,WARS,https://skyscanner.net/g/referrals/v1/flights/multicity/?mediaPartnerId=6439681&origin0=krk&date0=2026-08-29&destination0=mila&origin1=mila&date1=2026-08-31&destination1=wars&adultsv2=1&market=PL&locale=pl-PL&currency=PLN,Kraków-Mediolan,419.2978060413355,-2.1946773200238816,296.76,4.25
Kraków,Mediolan,Włochy,Warszawa,2026-08-29,2026-08-31,2,209.0,100.37,309.37,KRK,MILA,WARS,https://skyscanner.net/g/referrals/v1/flights/multicity/?mediaPartnerId=6439681&origin0=krk&date0=2026-08-29&destination0=mila&origin1=mila&date1=2026-08-31&destination1=wars&adultsv2=1&market=PL&locale=pl-PL&currency=PLN,Kraków-Mediolan,419.2978060413355,-2.1946773200238816,296.76,4.25
Kraków,Mediolan,Włochy,Warszawa,2026-08-25,2026-08-31,6,209.0,100.37,309.37,KRK,MILA,WARS,https://skyscanner.net/g/referrals/v1/flights/multicity/?mediaPartnerId=6439681&origin0=krk&date0=2026-08-25&destination0=mila&origin1=mila&date1=2026-08-31&destination1=wars&adultsv2=1&market=PL&locale=pl-PL&currency=PLN,Kraków-Mediolan,419.2978060413355,-2.1946773200238816,296.76,4.25
Warszawa,Mediolan,Włochy,Warszawa,2026-08-29,2026-08-31,2,209.0,100.37,309.37,WARS,MILA,WARS,https://www.skyscanner.net/g/referrals/v1/flights/day-view/?origin=wars&destination=mila&outboundDate=2026-08-29&inboundDate=2026-08-31&market=PL&locale=pl-PL&currency=PLN&mediaPartnerId=6439681,Warszawa-Mediolan,453.52318390804595,-2.3387012953500306,261.78000000000003,18.18
Kraków,Mediolan,Włochy,Warszawa,2026-08-25,2026-08-31,6,209.0,100.37,309.37,KRK,MILA,WARS,https://skyscanner.net/g/referrals/v1/flights/multicity/?mediaPartnerId=6439681&origin0=krk&date0=2026-08-25&destination0=mila&origin1=mila&date1=2026-08-31&destination1=wars&adultsv2=1&market=PL&locale=pl-PL&currency=PLN,Kraków-Mediolan,419.2978060413355,-2.1946773200238816,296.76,4.25
Katowice,Mediolan,Włochy,Warszawa,2026-08-27,2026-08-31,4,209.04,100.37,309.40999999999997,KTW,MILA,WARS,https://skyscanner.net/g/referrals/v1/flights/multicity/?mediaPartnerId=6439681&origin0=ktw&date0=2026-08-27&destination0=mila&origin1=mila&date1=2026-08-31&destination1=wars&adultsv2=1&market=PL&locale=pl-PL&currency=PLN,Katowice-Mediolan,451.1714666666667,-2.3012275753022573,303.36,1.99
Wrocław,Mediolan,Włochy,Kraków,2026-08-27,2026-08-31,4,137.04,172.38,309.41999999999996,WRO,MIL,KRK,https://skyscanner.net/g/referrals/v1/flights/multicity/?mediaPartnerId=6439681&origin0=wro&date0=2026-08-27&destination0=mil&origin1=mil&date1=2026-08-31&destination1=krk&adultsv2=1&market=PL&locale=pl-PL&currency=PLN,Wrocław-Mediolan,455.68653333333333,-1.6121645228898047,304.9,1.48
Warszawa,Mediolan,Włochy,Kraków,2026-08-24,2026-08-28,4,216.26,95.0,311.26,WARS,MILA,KRK,https://skyscanner.net/g/referrals/v1/flights/multicity/?mediaPartnerId=6439681&origin0=wars&date0=2026-08-24&destination0=mila&origin1=mila&date1=2026-08-28&destination1=krk&adultsv2=1&market=PL&locale=pl-PL&currency=PLN,Warszawa-Mediolan,453.52318390804595,-2.3080384592726038,293.82,5.94
Warszawa,Mediolan,Włochy,Kraków,2026-08-28,2026-08-31,3,234.24,77.49,311.73,WARS,MILA,KRK,https://skyscanner.net/g/referrals/v1/flights/multicity/?mediaPartnerId=6439681&origin0=wars&date0=2026-08-28&destination0=mila&origin1=mila&date1=2026-08-31&destination1=krk&adultsv2=1&market=PL&locale=pl-PL&currency=PLN,Warszawa-Mediolan,453.52318390804595,-2.3004133095602275,276.92,12.57
Wrocław,Bolonia,Włochy,Kraków,2026-08-24,2026-08-26,2,204.05,107.91,311.96000000000004,WRO,BLQ,KRK,https://skyscanner.net/g/referrals/v1/flights/multicity/?mediaPartnerId=6439681&origin0=wro&date0=2026-08-24&destination0=blq&origin1=blq&date1=2026-08-26&destination1=krk&adultsv2=1&market=PL&locale=pl-PL&currency=PLN,Wrocław-Bolonia,437.33933333333334,-2.2270671143954828,321.44,-2.95
Warszawa,Oslo,Norwegia,Gdańsk,2026-08-26,2026-08-31,5,249.0,64.61,313.61,WARS,OSLO,GDN,https://skyscanner.net/g/referrals/v1/flights/multicity/?mediaPartnerId=6439681&origin0=wars&date0=2026-08-26&destination0=oslo&origin1=oslo&date1=2026-08-31&destination1=gdn&adultsv2=1&market=PL&locale=pl-PL&currency=PLN,Warszawa-Oslo,436.12703125,-1.6633317464493689,310.8,0.9
Warszawa,Oslo,Norwegia,Gdańsk,2026-08-27,2026-08-31,4,249.0,64.61,313.61,WARS,OSLO,GDN,https://skyscanner.net/g/referrals/v1/flights/multicity/?mediaPartnerId=6439681&origin0=wars&date0=2026-08-27&destination0=oslo&origin1=oslo&date1=2026-08-31&destination1=gdn&adultsv2=1&market=PL&locale=pl-PL&currency=PLN,Warszawa-Oslo,436.12703125,-1.6633317464493689,240.8,30.24
Katowice,Wenecja,Włochy,Katowice,2026-08-25,2026-08-29,4,227.2,86.47,313.66999999999996,KTW,TSF,KTW,https://www.skyscanner.net/g/referrals/v1/flights/day-view/?origin=ktw&destination=tsf&outboundDate=2026-08-25&inboundDate=2026-08-29&market=PL&locale=pl-PL&currency=PLN&mediaPartnerId=6439681,Katowice-Wenecja,434.06559999999996,-1.3078712389229123,303.95000000000005,3.2
Katowice,Mediolan,Włochy,Warszawa,2026-08-28,2026-08-31,3,213.34,100.37,313.71000000000004,KTW,MILA,WARS,https://skyscanner.net/g/referrals/v1/flights/multicity/?mediaPartnerId=6439681&origin0=ktw&date0=2026-08-28&destination0=mila&origin1=mila&date1=2026-08-31&destination1=wars&adultsv2=1&market=PL&locale=pl-PL&currency=PLN,Katowice-Mediolan,451.1714666666667,-2.2314252601423323,307.66,1.97
Gdańsk,Budapeszt,Węgry,Katowice,2026-08-24,2026-08-31,7,229.0,84.74,313.74,GDN,BUD,KTW,https://skyscanner.net/g/referrals/v1/flights/multicity/?mediaPartnerId=6439681&origin0=gdn&date0=2026-08-24&destination0=bud&origin1=bud&date1=2026-08-31&destination1=ktw&adultsv2=1&market=PL&locale=pl-PL&currency=PLN,Gdańsk-Budapeszt,378.15666666666664,-1.7077041175417222,313.75,-0.0
Warszawa,Tallinn,Estonia,Kraków,2026-08-26,2026-08-29,3,159.0,155.14,314.14,WARS,TLL,KRK,https://skyscanner.net/g/referrals/v1/flights/multicity/?mediaPartnerId=6439681&origin0=wars&date0=2026-08-26&destination0=tll&origin1=tll&date1=2026-08-29&destination1=krk&adultsv2=1&market=PL&locale=pl-PL&currency=PLN,Warszawa-Tallinn,454.4151428571429,-1.8949715404731489,314.14,0.0
Kraków,Mediolan,Włochy,Katowice,2026-08-25,2026-08-28,3,209.0,105.4,314.4,KRK,MILA,KTW,https://skyscanner.net/g/referrals/v1/flights/multicity/?mediaPartnerId=6439681&origin0=krk&date0=2026-08-25&destination0=mila&origin1=mila&date1=2026-08-28&destination1=ktw&adultsv2=1&market=PL&locale=pl-PL&currency=PLN,Kraków-Mediolan,419.2978060413355,-2.0942548034899935,314.4,0.0
Kraków,Mediolan,Włochy,Katowice,2026-08-25,2026-08-28,3,209.0,105.4,314.4,KRK,MILA,KTW,https://skyscanner.net/g/referrals/v1/flights/multicity/?mediaPartnerId=6439681&origin0=krk&date0=2026-08-25&destination0=mila&origin1=mila&date1=2026-08-28&destination1=ktw&adultsv2=1&market=PL&locale=pl-PL&currency=PLN,Kraków-Mediolan,419.2978060413355,-2.0942548034899935,314.4,0.0
Katowice,Zadar,Chorwacja,Warszawa,2026-08-25,2026-08-28,3,79.0,236.15,315.15,KTW,ZAD,WARS,https://skyscanner.net/g/referrals/v1/flights/multicity/?mediaPartnerId=6439681&origin0=ktw&date0=2026-08-25&destination0=zad&origin1=zad&date1=2026-08-28&destination1=wars&adultsv2=1&market=PL&locale=pl-PL&currency=PLN,Katowice-Zadar,480.6364516129032,-1.6038106712697366,286.51,10.0
Katowice,Zadar,Chorwacja,Warszawa,2026-08-23,2026-08-28,5,79.0,236.15,315.15,KTW,ZAD,WARS,https://skyscanner.net/g/referrals/v1/flights/multicity/?mediaPartnerId=6439681&origin0=ktw&date0=2026-08-23&destination0=zad&origin1=zad&date1=2026-08-28&destination1=wars&adultsv2=1&market=PL&locale=pl-PL&currency=PLN,Katowice-Zadar,480.6364516129032,-1.6038106712697366,286.51,10.0
Warszawa,Mediolan,Włochy,Warszawa,2026-08-24,2026-08-27,3,216.26,99.1,315.36,WARS,MILA,WARS,https://www.skyscanner.net/g/referrals/v1/flights/day-view/?origin=wars&destination=mila&outboundDate=2026-08-24&inboundDate=2026-08-27&market=PL&locale=pl-PL&currency=PLN&mediaPartnerId=6439681,Warszawa-Mediolan,453.52318390804595,-2.2415211958242174,277.82,13.51
Warszawa,Mediolan,Włochy,Warszawa,2026-08-24,2026-08-27,3,216.26,99.1,315.36,WARS,MIL,WARS,https://www.skyscanner.net/g/referrals/v1/flights/day-view/?origin=wars&destination=mil&outboundDate=2026-08-24&inboundDate=2026-08-27&market=PL&locale=pl-PL&currency=PLN&mediaPartnerId=6439681,Warszawa-Mediolan,453.52318390804595,-2.2415211958242174,297.92,5.85
Poznań,Mediolan,Włochy,Kraków,2026-08-29,2026-08-31,2,189.27,127.05,316.32,POZ,MILA,KRK,https://skyscanner.net/g/referrals/v1/flights/multicity/?mediaPartnerId=6439681&origin0=poz&date0=2026-08-29&destination0=mila&origin1=mila&date1=2026-08-31&destination1=krk&adultsv2=1&market=PL&locale=pl-PL&currency=PLN,Poznań-Mediolan,437.16519801980195,-1.5556975945569338,279.58,13.14
Warszawa,Mediolan,Włochy,Warszawa,2026-08-24,2026-08-31,7,216.26,100.37,316.63,WARS,MILA,WARS,https://www.skyscanner.net/g/referrals/v1/flights/day-view/?origin=wars&destination=mila&outboundDate=2026-08-24&inboundDate=2026-08-31&market=PL&locale=pl-PL&currency=PLN&mediaPartnerId=6439681,Warszawa-Mediolan,453.52318390804595,-2.2209170678780104,286.58,10.49
Kraków,Mediolan,Włochy,Kraków,2026-08-25,2026-08-27,2,209.0,107.72,316.72,KRK,MILA,KRK,https://www.skyscanner.net/g/referrals/v1/flights/day-view/?origin=krk&destination=mila&outboundDate=2026-08-25&inboundDate=2026-08-27&market=PL&locale=pl-PL&currency=PLN&mediaPartnerId=6439681,Kraków-Mediolan,419.2978060413355,-2.0479366646513,304.0,4.18
Kraków,Mediolan,Włochy,Kraków,2026-08-25,2026-08-27,2,209.0,107.72,316.72,KRK,MIL,KRK,https://www.skyscanner.net/g/referrals/v1/flights/day-view/?origin=krk&destination=mil&outboundDate=2026-08-25&inboundDate=2026-08-27&market=PL&locale=pl-PL&currency=PLN&mediaPartnerId=6439681,Kraków-Mediolan,419.2978060413355,-2.0479366646513,316.72,0.0
Kraków,Mediolan,Włochy,Kraków,2026-08-25,2026-08-27,2,209.0,107.72,316.72,KRK,MILA,KRK,https://www.skyscanner.net/g/referrals/v1/flights/day-view/?origin=krk&destination=mila&outboundDate=2026-08-25&inboundDate=2026-08-27&market=PL&locale=pl-PL&currency=PLN&mediaPartnerId=6439681,Kraków-Mediolan,419.2978060413355,-2.0479366646513,304.0,4.18
Kraków,Mediolan,Włochy,Kraków,2026-08-25,2026-08-27,2,209.0,107.72,316.72,KRK,MIL,KRK,https://www.skyscanner.net/g/referrals/v1/flights/day-view/?origin=krk&destination=mil&outboundDate=2026-08-25&inboundDate=2026-08-27&market=PL&locale=pl-PL&currency=PLN&mediaPartnerId=6439681,Kraków-Mediolan,419.2978060413355,-2.0479366646513,316.72,0.0
Warszawa,Mediolan,Włochy,Kraków,2026-08-26,2026-08-28,2,222.41,95.0,317.40999999999997,WARS,MILA,KRK,https://skyscanner.net/g/referrals/v1/flights/multicity/?mediaPartnerId=6439681&origin0=wars&date0=2026-08-26&destination0=mila&origin1=mila&date1=2026-08-28&destination1=krk&adultsv2=1&market=PL&locale=pl-PL&currency=PLN,Warszawa-Mediolan,453.52318390804595,-2.2082625641000253,288.34000000000003,10.08
Wrocław,Mediolan,Włochy,Kraków,2026-08-27,2026-08-30,3,137.04,180.87,317.90999999999997,WRO,MILA,KRK,https://skyscanner.net/g/referrals/v1/flights/multicity/?mediaPartnerId=6439681&origin0=wro&date0=2026-08-27&destination0=mila&origin1=mila&date1=2026-08-30&destination1=krk&adultsv2=1&market=PL&locale=pl-PL&currency=PLN,Wrocław-Mediolan,455.68653333333333,-1.5185868842638732,283.06,12.31
Gdańsk,Dubrovnik,Chorwacja,Katowice,2026-08-23,2026-08-25,2,104.0,214.32,318.32,GDN,DBV,KTW,https://skyscanner.net/g/referrals/v1/flights/multicity/?mediaPartnerId=6439681&origin0=gdn&date0=2026-08-23&destination0=dbv&origin1=dbv&date1=2026-08-25&destination1=ktw&adultsv2=1&market=PL&locale=pl-PL&currency=PLN,Gdańsk-Dubrovnik,447.18249999999995,-1.941420502514286,322.66,-1.35
Poznań,Mediolan,Włochy,Warszawa,2026-08-29,2026-08-31,2,189.27,129.27,318.54,POZ,MILA,WARS,https://skyscanner.net/g/referrals/v1/flights/multicity/?mediaPartnerId=6439681&origin0=poz&date0=2026-08-29&destination0=mila&origin1=mila&date1=2026-08-31&destination1=wars&adultsv2=1&market=PL&locale=pl-PL&currency=PLN,Poznań-Mediolan,437.16519801980195,-1.527118480810515,281.33,13.23
Poznań,Mediolan,Włochy,Warszawa,2026-08-29,2026-08-31,2,189.27,129.27,318.54,POZ,MIL,WARS,https://skyscanner.net/g/referrals/v1/flights/multicity/?mediaPartnerId=6439681&origin0=poz&date0=2026-08-29&destination0=mil&origin1=mil&date1=2026-08-31&destination1=wars&adultsv2=1&market=PL&locale=pl-PL&currency=PLN,Poznań-Mediolan,437.16519801980195,-1.527118480810515,322.84000000000003,-1.33
Kraków,Mediolan,Włochy,Warszawa,2026-08-25,2026-08-27,2,209.0,109.84,318.84000000000003,KRK,MILA,WARS,https://skyscanner.net/g/referrals/v1/flights/multicity/?mediaPartnerId=6439681&origin0=krk&date0=2026-08-25&destination0=mila&origin1=mila&date1=2026-08-27&destination1=wars&adultsv2=1&market=PL&locale=pl-PL&currency=PLN,Kraków-Mediolan,419.2978060413355,-2.0056114688159434,288.0,10.71
Kraków,Mediolan,Włochy,Warszawa,2026-08-25,2026-08-27,2,209.0,109.84,318.84000000000003,KRK,MILA,WARS,https://skyscanner.net/g/referrals/v1/flights/multicity/?mediaPartnerId=6439681&origin0=krk&date0=2026-08-25&destination0=mila&origin1=mila&date1=2026-08-27&destination1=wars&adultsv2=1&market=PL&locale=pl-PL&currency=PLN,Kraków-Mediolan,419.2978060413355,-2.0056114688159434,288.0,10.71
Warszawa,Mediolan,Włochy,Gdańsk,2026-08-24,2026-08-26,2,216.26,102.7,318.96,WARS,MILA,GDN,https://skyscanner.net/g/referrals/v1/flights/multicity/?mediaPartnerId=6439681&origin0=wars&date0=2026-08-24&destination0=mila&origin1=mila&date1=2026-08-26&destination1=gdn&adultsv2=1&market=PL&locale=pl-PL&currency=PLN,Warszawa-Mediolan,453.52318390804595,-2.183115793771977,285.8,11.6
Gdańsk,Budapeszt,Węgry,Kraków,2026-08-24,2026-08-31,7,229.0,90.11,319.11,GDN,BUD,KRK,https://skyscanner.net/g/referrals/v1/flights/multicity/?mediaPartnerId=6439681&origin0=gdn&date0=2026-08-24&destination0=bud&origin1=bud&date1=2026-08-31&destination1=krk&adultsv2=1&market=PL&locale=pl-PL&currency=PLN,Gdańsk-Budapeszt,378.15666666666664,-1.565343893305773,319.11,0.0
Wrocław,Zadar,Chorwacja,Gdańsk,2026-08-25,2026-08-27,2,104.0,215.49,319.49,WRO,ZAD,GDN,https://skyscanner.net/g/referrals/v1/flights/multicity/?mediaPartnerId=6439681&origin0=wro&date0=2026-08-25&destination0=zad&origin1=zad&date1=2026-08-27&destination1=gdn&adultsv2=1&market=PL&locale=pl-PL&currency=PLN,Wrocław-Zadar,648.7559302325582,-3.1795789767711327,313.77,1.82
Wrocław,Bazylea,Szwajcaria,Wrocław,2026-08-21,2026-08-26,5,159.0,160.65,319.65,WRO,BSL,WRO,https://www.skyscanner.net/g/referrals/v1/flights/day-view/?origin=wro&destination=bsl&outboundDate=2026-08-21&inboundDate=2026-08-26&market=PL&locale=pl-PL&currency=PLN&mediaPartnerId=6439681,Wrocław-Bazylea,411.25600000000003,-1.4217973446934833,319.65,0.0
Warszawa,Mediolan,Włochy,Kraków,2026-08-24,2026-08-26,2,216.26,103.41,319.66999999999996,WARS,MIL,KRK,https://skyscanner.net/g/referrals/v1/flights/multicity/?mediaPartnerId=6439681&origin0=wars&date0=2026-08-24&destination0=mil&origin1=mil&date1=2026-08-26&destination1=krk&adultsv2=1&market=PL&locale=pl-PL&currency=PLN,Warszawa-Mediolan,453.52318390804595,-2.1715969505894517,302.23,5.77
Warszawa,Mediolan,Włochy,Gdańsk,2026-08-24,2026-08-26,2,216.26,103.41,319.66999999999996,WARS,MIL,GDN,https://skyscanner.net/g/referrals/v1/flights/multicity/?mediaPartnerId=6439681&origin0=wars&date0=2026-08-24&destination0=mil&origin1=mil&date1=2026-08-26&destination1=gdn&adultsv2=1&market=PL&locale=pl-PL&currency=PLN,Warszawa-Mediolan,453.52318390804595,-2.1715969505894517,302.23,5.77
Warszawa,Mediolan,Włochy,Kraków,2026-08-24,2026-08-26,2,216.26,103.41,319.66999999999996,WARS,MILA,KRK,https://skyscanner.net/g/referrals/v1/flights/multicity/?mediaPartnerId=6439681&origin0=wars&date0=2026-08-24&destination0=mila&origin1=mila&date1=2026-08-26&destination1=krk&adultsv2=1&market=PL&locale=pl-PL&currency=PLN,Warszawa-Mediolan,453.52318390804595,-2.1715969505894517,276.22,15.73
Warszawa,Mediolan,Włochy,Gdańsk,2026-08-24,2026-08-26,2,216.26,103.41,319.66999999999996,WARS,MILA,GDN,https://skyscanner.net/g/referrals/v1/flights/multicity/?mediaPartnerId=6439681&origin0=wars&date0=2026-08-24&destination0=mila&origin1=mila&date1=2026-08-26&destination1=gdn&adultsv2=1&market=PL&locale=pl-PL&currency=PLN,Warszawa-Mediolan,453.52318390804595,-2.1715969505894517,285.8,11.85
Kraków,Mediolan,Włochy,Kraków,2026-08-25,2026-08-28,3,209.0,111.26,320.26,KRK,MILA,KRK,https://www.skyscanner.net/g/referrals/v1/flights/day-view/?origin=krk&destination=mila&outboundDate=2026-08-25&inboundDate=2026-08-28&market=PL&locale=pl-PL&currency=PLN&mediaPartnerId=6439681,Kraków-Mediolan,419.2978060413355,-1.977261573492262,304.0,5.35
Kraków,Mediolan,Włochy,Kraków,2026-08-25,2026-08-28,3,209.0,111.26,320.26,KRK,MILA,KRK,https://www.skyscanner.net/g/referrals/v1/flights/day-view/?origin=krk&destination=mila&outboundDate=2026-08-25&inboundDate=2026-08-28&market=PL&locale=pl-PL&currency=PLN&mediaPartnerId=6439681,Kraków-Mediolan,419.2978060413355,-1.977261573492262,304.0,5.35
Warszawa,Mediolan,Włochy,Kraków,2026-08-26,2026-08-28,2,225.26,95.0,320.26,WARS,MILA,KRK,https://skyscanner.net/g/referrals/v1/flights/multicity/?mediaPartnerId=6439681&origin0=wars&date0=2026-08-26&destination0=mila&origin1=mila&date1=2026-08-28&destination1=krk&adultsv2=1&market=PL&locale=pl-PL&currency=PLN,Warszawa-Mediolan,453.52318390804595,-2.1620249541420007,288.34000000000003,11.07
Poznań,Mediolan,Włochy,Kraków,2026-08-26,2026-08-31,5,193.57,127.05,320.62,POZ,MILA,KRK,https://skyscanner.net/g/referrals/v1/flights/multicity/?mediaPartnerId=6439681&origin0=poz&date0=2026-08-26&destination0=mila&origin1=mila&date1=2026-08-31&destination1=krk&adultsv2=1&market=PL&locale=pl-PL&currency=PLN,Poznań-Mediolan,437.16519801980195,-1.5003416535165734,288.18,11.26
Wrocław,Mediolan,Włochy,Gdańsk,2026-08-29,2026-08-31,2,132.52,188.77,321.29,WRO,MILA,GDN,https://skyscanner.net/g/referrals/v1/flights/multicity/?mediaPartnerId=6439681&origin0=wro&date0=2026-08-29&destination0=mila&origin1=mila&date1=2026-08-31&destination1=gdn&adultsv2=1&market=PL&locale=pl-PL&currency=PLN,Wrocław-Mediolan,455.68653333333333,-1.4813321824316408,292.19,9.96
Warszawa,Mediolan,Włochy,Katowice,2026-08-24,2026-08-28,4,216.26,105.4,321.65999999999997,WARS,MILA,KTW,https://skyscanner.net/g/referrals/v1/flights/multicity/?mediaPartnerId=6439681&origin0=wars&date0=2026-08-24&destination0=mila&origin1=mila&date1=2026-08-28&destination1=ktw&adultsv2=1&market=PL&locale=pl-PL&currency=PLN,Warszawa-Mediolan,453.52318390804595,-2.139311742232796,304.22,5.73
Katowice,Wenecja,Włochy,Kraków,2026-08-25,2026-08-27,2,227.2,95.0,322.2,KTW,TSF,KRK,https://skyscanner.net/g/referrals/v1/flights/multicity/?mediaPartnerId=6439681&origin0=ktw&date0=2026-08-25&destination0=tsf&origin1=tsf&date1=2026-08-27&destination1=krk&adultsv2=1&market=PL&locale=pl-PL&currency=PLN,Katowice-Wenecja,434.06559999999996,-1.2152088686368514,315.11,2.25
Kraków,Mediolan,Włochy,Kraków,2026-08-28,2026-08-31,3,245.2,77.49,322.69,KRK,MILA,KRK,https://www.skyscanner.net/g/referrals/v1/flights/day-view/?origin=krk&destination=mila&outboundDate=2026-08-28&inboundDate=2026-08-31&market=PL&locale=pl-PL&currency=PLN&mediaPartnerId=6439681,Kraków-Mediolan,419.2978060413355,-1.9287473160017352,331.21,-2.57
Warszawa,Mediolan,Włochy,Warszawa,2026-08-26,2026-08-31,5,222.41,100.37,322.78,WARS,MILA,WARS,https://www.skyscanner.net/g/referrals/v1/flights/day-view/?origin=wars&destination=mila&outboundDate=2026-08-26&inboundDate=2026-08-31&market=PL&locale=pl-PL&currency=PLN&mediaPartnerId=6439681,Warszawa-Mediolan,453.52318390804595,-2.121141172705432,281.1,14.83
Poznań,Mediolan,Włochy,Warszawa,2026-08-26,2026-08-31,5,193.57,129.27,322.84000000000003,POZ,MILA,WARS,https://skyscanner.net/g/referrals/v1/flights/multicity/?mediaPartnerId=6439681&origin0=poz&date0=2026-08-26&destination0=mila&origin1=mila&date1=2026-08-31&destination1=wars&adultsv2=1&market=PL&locale=pl-PL&currency=PLN,Poznań-Mediolan,437.16519801980195,-1.4717625397701546,289.93,11.35
Poznań,Mediolan,Włochy,Warszawa,2026-08-26,2026-08-31,5,193.57,129.27,322.84000000000003,POZ,MIL,WARS,https://skyscanner.net/g/referrals/v1/flights/multicity/?mediaPartnerId=6439681&origin0=poz&date0=2026-08-26&destination0=mil&origin1=mil&date1=2026-08-31&destination1=wars&adultsv2=1&market=PL&locale=pl-PL&currency=PLN,Poznań-Mediolan,437.16519801980195,-1.4717625397701546,331.44,-2.59
Warszawa,Oslo,Norwegia,Gdańsk,2026-08-28,2026-08-30,2,229.0,93.86,322.86,WARS,OSLO,GDN,https://skyscanner.net/g/referrals/v1/flights/multicity/?mediaPartnerId=6439681&origin0=wars&date0=2026-08-28&destination0=oslo&origin1=oslo&date1=2026-08-30&destination1=gdn&adultsv2=1&market=PL&locale=pl-PL&currency=PLN,Warszawa-Oslo,436.12703125,-1.5377506864311794,315.27,2.41
Warszawa,Oslo (Wszystkie lotniska),Norwegia,Gdańsk,2026-08-29,2026-08-31,2,209.0,114.16,323.15999999999997,WARS,OOS,GDN,https://skyscanner.net/g/referrals/v1/flights/multicity/?mediaPartnerId=6439681&origin0=wars&date0=2026-08-29&destination0=oos&origin1=oos&date1=2026-08-31&destination1=gdn&adultsv2=1&market=PL&locale=pl-PL&currency=PLN,Warszawa-Oslo (Wszystkie lotniska),477.6215384615385,-1.7870804406582232,323.16,-0.0
Warszawa,Oslo,Norwegia,Gdańsk,2026-08-29,2026-08-31,2,209.0,114.16,323.15999999999997,WARS,OSLO,GDN,https://skyscanner.net/g/referrals/v1/flights/multicity/?mediaPartnerId=6439681&origin0=wars&date0=2026-08-29&destination0=oslo&origin1=oslo&date1=2026-08-31&destination1=gdn&adultsv2=1&market=PL&locale=pl-PL&currency=PLN,Warszawa-Oslo,436.12703125,-1.5336777871873468,270.8,19.34
Wrocław,Bazylea,Szwajcaria,Wrocław,2026-08-28,2026-08-31,3,209.0,114.73,323.73,WRO,BSL,WRO,https://www.skyscanner.net/g/referrals/v1/flights/day-view/?origin=wro&destination=bsl&outboundDate=2026-08-28&inboundDate=2026-08-31&market=PL&locale=pl-PL&currency=PLN&mediaPartnerId=6439681,Wrocław-Bazylea,411.25600000000003,-1.358472527909108,323.73,0.0
Kraków,Mediolan,Włochy,Kraków,2026-08-25,2026-08-29,4,209.0,114.96,323.96,KRK,MILA,KRK,https://www.skyscanner.net/g/referrals/v1/flights/day-view/?origin=krk&destination=mila&outboundDate=2026-08-25&inboundDate=2026-08-29&market=PL&locale=pl-PL&currency=PLN&mediaPartnerId=6439681,Kraków-Mediolan,419.2978060413355,-1.903392127930555,316.88,2.23
Kraków,Mediolan,Włochy,Kraków,2026-08-25,2026-08-29,4,209.0,114.96,323.96,KRK,MILA,KRK,https://www.skyscanner.net/g/referrals/v1/flights/day-view/?origin=krk&destination=mila&outboundDate=2026-08-25&inboundDate=2026-08-29&market=PL&locale=pl-PL&currency=PLN&mediaPartnerId=6439681,Kraków-Mediolan,419.2978060413355,-1.903392127930555,316.88,2.23
Warszawa,Mediolan,Włochy,Kraków,2026-08-24,2026-08-27,3,216.26,107.72,323.98,WARS,MIL,KRK,https://skyscanner.net/g/referrals/v1/flights/multicity/?mediaPartnerId=6439681&origin0=wars&date0=2026-08-24&destination0=mil&origin1=mil&date1=2026-08-27&destination1=krk&adultsv2=1&market=PL&locale=pl-PL&currency=PLN,Warszawa-Mediolan,453.52318390804595,-2.101672705354684,306.54,5.69
Warszawa,Mediolan,Włochy,Kraków,2026-08-24,2026-08-27,3,216.26,107.72,323.98,WARS,MILA,KRK,https://skyscanner.net/g/referrals/v1/flights/multicity/?mediaPartnerId=6439681&origin0=wars&date0=2026-08-24&destination0=mila&origin1=mila&date1=2026-08-27&destination1=krk&adultsv2=1&market=PL&locale=pl-PL&currency=PLN,Warszawa-Mediolan,453.52318390804595,-2.101672705354684,293.82,10.26
Katowice,Mediolan,Włochy,Kraków,2026-08-27,2026-08-29,2,209.04,114.96,324.0,KTW,MILA,KRK,https://skyscanner.net/g/referrals/v1/flights/multicity/?mediaPartnerId=6439681&origin0=ktw&date0=2026-08-27&destination0=mila&origin1=mila&date1=2026-08-29&destination1=krk&adultsv2=1&market=PL&locale=pl-PL&currency=PLN,Katowice-Mediolan,451.1714666666667,-2.06438669665498,323.48,0.16
Kraków,Mediolan,Włochy,Katowice,2026-08-25,2026-08-27,2,251.04,73.43,324.47,KRK,MILA,KTW,https://skyscanner.net/g/referrals/v1/flights/multicity/?mediaPartnerId=6439681&origin0=krk&date0=2026-08-25&destination0=mila&origin1=mila&date1=2026-08-27&destination1=ktw&adultsv2=1&market=PL&locale=pl-PL&currency=PLN,Kraków-Mediolan,419.2978060413355,-1.8932101232720484,282.42,14.89
Gdańsk,Stavanger,Norwegia,Gdańsk,2026-08-28,2026-08-31,3,179.0,145.77,324.77,GDN,SVG,GDN,https://www.skyscanner.net/g/referrals/v1/flights/day-view/?origin=gdn&destination=svg&outboundDate=2026-08-28&inboundDate=2026-08-31&market=PL&locale=pl-PL&currency=PLN&mediaPartnerId=6439681,Gdańsk-Stavanger,472.48266666666666,-1.5879979524592307,324.77,0.0
Kraków,Mediolan,Włochy,Katowice,2026-08-24,2026-08-26,2,254.57,70.67,325.24,KRK,MILA,KTW,https://skyscanner.net/g/referrals/v1/flights/multicity/?mediaPartnerId=6439681&origin0=krk&date0=2026-08-24&destination0=mila&origin1=mila&date1=2026-08-26&destination1=ktw&adultsv2=1&market=PL&locale=pl-PL&currency=PLN,Kraków-Mediolan,419.2978060413355,-1.8778372927092069,329.26,-1.22
Katowice,Wenecja,Włochy,Warszawa,2026-08-25,2026-08-27,2,227.2,98.21,325.40999999999997,KTW,TSF,WARS,https://skyscanner.net/g/referrals/v1/flights/multicity/?mediaPartnerId=6439681&origin0=ktw&date0=2026-08-25&destination0=tsf&origin1=tsf&date1=2026-08-27&destination1=wars&adultsv2=1&market=PL&locale=pl-PL&currency=PLN,Katowice-Wenecja,434.06559999999996,-1.1803382697367044,324.95000000000005,0.14
Warszawa,Kopenhaga,Dania,Kraków,2026-08-24,2026-08-31,7,210.41,115.18,325.59000000000003,WARS,CPH,KRK,https://skyscanner.net/g/referrals/v1/flights/multicity/?mediaPartnerId=6439681&origin0=wars&date0=2026-08-24&destination0=cph&origin1=cph&date1=2026-08-31&destination1=krk&adultsv2=1&market=PL&locale=pl-PL&currency=PLN,Warszawa-Kopenhaga,413.8213265306122,-1.0992297893658773,305.45,6.59
Warszawa,Mediolan,Włochy,Warszawa,2026-08-26,2026-08-31,5,225.26,100.37,325.63,WARS,MILA,WARS,https://www.skyscanner.net/g/referrals/v1/flights/day-view/?origin=wars&destination=mila&outboundDate=2026-08-26&inboundDate=2026-08-31&market=PL&locale=pl-PL&currency=PLN&mediaPartnerId=6439681,Warszawa-Mediolan,453.52318390804595,-2.0749035627474073,281.1,15.84
Wrocław,Mediolan,Włochy,Gdańsk,2026-08-27,2026-08-31,4,137.04,188.77,325.81,WRO,MILA,GDN,https://skyscanner.net/g/referrals/v1/flights/multicity/?mediaPartnerId=6439681&origin0=wro&date0=2026-08-27&destination0=mila&origin1=mila&date1=2026-08-31&destination1=gdn&adultsv2=1&market=PL&locale=pl-PL&currency=PLN,Wrocław-Mediolan,455.68653333333333,-1.4315122853068811,287.66,13.26
Warszawa,Mediolan,Włochy,Warszawa,2026-08-24,2026-08-27,3,216.26,109.84,326.1,WARS,MILA,WARS,https://www.skyscanner.net/g/referrals/v1/flights/day-view/?origin=wars&destination=mila&outboundDate=2026-08-24&inboundDate=2026-08-27&market=PL&locale=pl-PL&currency=PLN&mediaPartnerId=6439681,Warszawa-Mediolan,453.52318390804595,-2.0672784130350306,277.82,17.38
Kraków,Gdańsk,Polska,Lublin,2026-08-25,2026-08-28,3,202.24,124.48,326.72,KRK,GDN,LUZ,https://skyscanner.net/g/referrals/v1/flights/multicity/?mediaPartnerId=6439681&origin0=krk&date0=2026-08-25&destination0=gdn&origin1=gdn&date1=2026-08-28&destination1=luz&adultsv2=1&market=PL&locale=pl-PL&currency=PLN,Kraków-Gdańsk,478.4032142857142,-1.099941540211204,,0.0
Warszawa,Wenecja,Włochy,Gdańsk,2026-08-26,2026-08-31,5,180.64,146.41,327.04999999999995,WARS,TSF,GDN,https://skyscanner.net/g/referrals/v1/flights/multicity/?mediaPartnerId=6439681&origin0=wars&date0=2026-08-26&destination0=tsf&origin1=tsf&date1=2026-08-31&destination1=gdn&adultsv2=1&market=PL&locale=pl-PL&currency=PLN,Warszawa-Wenecja,572.1463703703703,-2.8335129440254296,319.57000000000005,2.34
Poznań,Mediolan,Włochy,Gdańsk,2026-08-27,2026-08-31,4,172.06,155.14,327.2,POZ,MILA,GDN,https://skyscanner.net/g/referrals/v1/flights/multicity/?mediaPartnerId=6439681&origin0=poz&date0=2026-08-27&destination0=mila&origin1=mila&date1=2026-08-31&destination1=gdn&adultsv2=1&market=PL&locale=pl-PL&currency=PLN,Poznań-Mediolan,437.16519801980195,-1.415634190250162,331.5,-1.3
Poznań,Mediolan,Włochy,Gdańsk,2026-08-27,2026-08-31,4,172.06,155.14,327.2,POZ,MIL,GDN,https://skyscanner.net/g/referrals/v1/flights/multicity/?mediaPartnerId=6439681&origin0=poz&date0=2026-08-27&destination0=mil&origin1=mil&date1=2026-08-31&destination1=gdn&adultsv2=1&market=PL&locale=pl-PL&currency=PLN,Poznań-Mediolan,437.16519801980195,-1.415634190250162,331.5,-1.3
Warszawa,Mediolan,Włochy,Kraków,2026-08-24,2026-08-28,4,216.26,111.26,327.52,WARS,MILA,KRK,https://skyscanner.net/g/referrals/v1/flights/multicity/?mediaPartnerId=6439681&origin0=wars&date0=2026-08-24&destination0=mila&origin1=mila&date1=2026-08-28&destination1=krk&adultsv2=1&market=PL&locale=pl-PL&currency=PLN,Warszawa-Mediolan,453.52318390804595,-2.044240726669981,293.82,11.47
Gdańsk,Bergen,Norwegia,Warszawa,2026-08-27,2026-08-30,3,99.0,228.72,327.72,GDN,BGO,WARS,https://skyscanner.net/g/referrals/v1/flights/multicity/?mediaPartnerId=6439681&origin0=gdn&date0=2026-08-27&destination0=bgo&origin1=bgo&date1=2026-08-30&destination1=wars&adultsv2=1&market=PL&locale=pl-PL&currency=PLN,Gdańsk-Bergen,410.3251851851852,-1.4382662529552266,327.72,0.0
Gdańsk,Bergen,Norwegia,Warszawa,2026-08-27,2026-08-31,4,99.0,228.72,327.72,GDN,BGO,WARS,https://skyscanner.net/g/referrals/v1/flights/multicity/?mediaPartnerId=6439681&origin0=gdn&date0=2026-08-27&destination0=bgo&origin1=bgo&date1=2026-08-31&destination1=wars&adultsv2=1&market=PL&locale=pl-PL&currency=PLN,Gdańsk-Bergen,410.3251851851852,-1.4382662529552266,327.72,0.0
Warszawa,Mediolan,Włochy,Katowice,2026-08-26,2026-08-28,2,222.41,105.4,327.81,WARS,MILA,KTW,https://skyscanner.net/g/referrals/v1/flights/multicity/?mediaPartnerId=6439681&origin0=wars&date0=2026-08-26&destination0=mila&origin1=mila&date1=2026-08-28&destination1=ktw&adultsv2=1&market=PL&locale=pl-PL&currency=PLN,Warszawa-Mediolan,453.52318390804595,-2.0395358470602165,298.74,9.73
Kraków,Mediolan,Włochy,Katowice,2026-08-24,2026-08-27,3,254.57,73.43,328.0,KRK,MILA,KTW,https://skyscanner.net/g/referrals/v1/flights/multicity/?mediaPartnerId=6439681&origin0=krk&date0=2026-08-24&destination0=mila&origin1=mila&date1=2026-08-27&destination1=ktw&adultsv2=1&market=PL&locale=pl-PL&currency=PLN,Kraków-Mediolan,419.2978060413355,-1.8227346792631767,335.47,-2.23
Kraków,Mediolan,Włochy,Poznań,2026-08-25,2026-08-28,3,251.04,77.49,328.53,KRK,MILA,POZ,https://skyscanner.net/g/referrals/v1/flights/multicity/?mediaPartnerId=6439681&origin0=krk&date0=2026-08-25&destination0=mila&origin1=mila&date1=2026-08-28&destination1=poz&adultsv2=1&market=PL&locale=pl-PL&currency=PLN,Kraków-Mediolan,419.2978060413355,-1.8121533803043381,286.4,14.71
Kraków,Mediolan,Włochy,Kraków,2026-08-25,2026-08-31,6,251.04,77.49,328.53,KRK,MILA,KRK,https://www.skyscanner.net/g/referrals/v1/flights/day-view/?origin=krk&destination=mila&outboundDate=2026-08-25&inboundDate=2026-08-31&market=PL&locale=pl-PL&currency=PLN&mediaPartnerId=6439681,Kraków-Mediolan,419.2978060413355,-1.8121533803043381,295.01,11.36
Warszawa,Kopenhaga,Dania,Gdańsk,2026-08-26,2026-08-29,3,117.79,210.78,328.57,WARS,CPH,GDN,https://skyscanner.net/g/referrals/v1/flights/multicity/?mediaPartnerId=6439681&origin0=wars&date0=2026-08-26&destination0=cph&origin1=cph&date1=2026-08-29&destination1=gdn&adultsv2=1&market=PL&locale=pl-PL&currency=PLN,Warszawa-Kopenhaga,413.8213265306122,-1.0621034658579365,299.23,9.81
Warszawa,Mediolan,Włochy,Gdańsk,2026-08-29,2026-08-31,2,174.0,155.14,329.14,WARS,MIL,GDN,https://skyscanner.net/g/referrals/v1/flights/multicity/?mediaPartnerId=6439681&origin0=wars&date0=2026-08-29&destination0=mil&origin1=mil&date1=2026-08-31&destination1=gdn&adultsv2=1&market=PL&locale=pl-PL&currency=PLN,Warszawa-Mediolan,453.52318390804595,-2.017958295746472,329.16,-0.01
Warszawa,Mediolan,Włochy,Gdańsk,2026-08-29,2026-08-31,2,174.0,155.14,329.14,WARS,MILA,GDN,https://skyscanner.net/g/referrals/v1/flights/multicity/?mediaPartnerId=6439681&origin0=wars&date0=2026-08-29&destination0=mila&origin1=mila&date1=2026-08-31&destination1=gdn&adultsv2=1&market=PL&locale=pl-PL&currency=PLN,Warszawa-Mediolan,453.52318390804595,-2.017958295746472,329.16,-0.01
Poznań,Mediolan,Włochy,Kraków,2026-08-28,2026-08-31,3,202.17,127.05,329.21999999999997,POZ,MILA,KRK,https://skyscanner.net/g/referrals/v1/flights/multicity/?mediaPartnerId=6439681&origin0=poz&date0=2026-08-28&destination0=mila&origin1=mila&date1=2026-08-31&destination1=krk&adultsv2=1&market=PL&locale=pl-PL&currency=PLN,Poznań-Mediolan,437.16519801980195,-1.3896297714358534,292.49,12.56
Katowice,Mediolan,Włochy,Kraków,2026-08-29,2026-08-31,2,202.54,127.05,329.59,KTW,MILA,KRK,https://skyscanner.net/g/referrals/v1/flights/multicity/?mediaPartnerId=6439681&origin0=ktw&date0=2026-08-29&destination0=mila&origin1=mila&date1=2026-08-31&destination1=krk&adultsv2=1&market=PL&locale=pl-PL&currency=PLN,Katowice-Mediolan,451.1714666666667,-1.9736436869470797,295.06,11.7
Kraków,Bukareszt,Rumunia,Gdańsk,2026-08-22,2026-08-28,6,159.0,170.95,329.95,KRK,BUCH,GDN,https://skyscanner.net/g/referrals/v1/flights/multicity/?mediaPartnerId=6439681&origin0=krk&date0=2026-08-22&destination0=buch&origin1=buch&date1=2026-08-28&destination1=gdn&adultsv2=1&market=PL&locale=pl-PL&currency=PLN,Kraków-Bukareszt,418.9379166666667,-1.0927809092954366,,0.0
Kraków,Bukareszt,Rumunia,Gdańsk,2026-08-22,2026-08-28,6,159.0,170.95,329.95,KRK,BUCH,GDN,https://skyscanner.net/g/referrals/v1/flights/multicity/?mediaPartnerId=6439681&origin0=krk&date0=2026-08-22&destination0=buch&origin1=buch&date1=2026-08-28&destination1=gdn&adultsv2=1&market=PL&locale=pl-PL&currency=PLN,Kraków-Bukareszt,418.9379166666667,-1.0927809092954366,,0.0
Kraków,Mediolan,Włochy,Warszawa,2026-08-25,2026-08-27,2,251.04,79.0,330.03999999999996,KRK,MILA,WARS,https://skyscanner.net/g/referrals/v1/flights/multicity/?mediaPartnerId=6439681&origin0=krk&date0=2026-08-25&destination0=mila&origin1=mila&date1=2026-08-27&destination1=wars&adultsv2=1&market=PL&locale=pl-PL&currency=PLN,Kraków-Mediolan,419.2978060413355,-1.782006660629155,288.0,14.6
Warszawa,Mediolan,Włochy,Katowice,2026-08-26,2026-08-28,2,225.26,105.4,330.65999999999997,WARS,MILA,KTW,https://skyscanner.net/g/referrals/v1/flights/multicity/?mediaPartnerId=6439681&origin0=wars&date0=2026-08-26&destination0=mila&origin1=mila&date1=2026-08-28&destination1=ktw&adultsv2=1&market=PL&locale=pl-PL&currency=PLN,Warszawa-Mediolan,453.52318390804595,-1.9932982371021926,298.74,10.68
Warszawa,Mediolan,Włochy,Warszawa,2026-08-29,2026-08-31,2,230.59,100.37,330.96000000000004,WARS,MILA,WARS,https://www.skyscanner.net/g/referrals/v1/flights/day-view/?origin=wars&destination=mila&outboundDate=2026-08-29&inboundDate=2026-08-31&market=PL&locale=pl-PL&currency=PLN&mediaPartnerId=6439681,Warszawa-Mediolan,453.52318390804595,-1.9884311202645049,261.78000000000003,26.43
Wrocław,Mediolan,Włochy,Warszawa,2026-08-27,2026-08-30,3,137.04,194.02,331.06,WRO,MILA,WARS,https://skyscanner.net/g/referrals/v1/flights/multicity/?mediaPartnerId=6439681&origin0=wro&date0=2026-08-27&destination0=mila&origin1=mila&date1=2026-08-30&destination1=wars&adultsv2=1&market=PL&locale=pl-PL&currency=PLN,Wrocław-Mediolan,455.68653333333333,-1.3736462543544499,332.63,-0.47
Warszawa,Mediolan,Włochy,Kraków,2026-08-24,2026-08-29,5,216.26,114.96,331.21999999999997,WARS,MILA,KRK,https://skyscanner.net/g/referrals/v1/flights/multicity/?mediaPartnerId=6439681&origin0=wars&date0=2026-08-24&destination0=mila&origin1=mila&date1=2026-08-29&destination1=krk&adultsv2=1&market=PL&locale=pl-PL&currency=PLN,Warszawa-Mediolan,453.52318390804595,-1.9842129523385106,306.7,7.99
Warszawa,Oslo,Norwegia,Gdańsk,2026-08-26,2026-08-29,3,249.0,82.38,331.38,WARS,OSLO,GDN,https://skyscanner.net/g/referrals/v1/flights/multicity/?mediaPartnerId=6439681&origin0=wars&date0=2026-08-26&destination0=oslo&origin1=oslo&date1=2026-08-29&destination1=gdn&adultsv2=1&market=PL&locale=pl-PL&currency=PLN,Warszawa-Oslo,436.12703125,-1.4220803479063173,329.66,0.52
Warszawa,Oslo,Norwegia,Gdańsk,2026-08-27,2026-08-29,2,249.0,82.38,331.38,WARS,OSLO,GDN,https://skyscanner.net/g/referrals/v1/flights/multicity/?mediaPartnerId=6439681&origin0=wars&date0=2026-08-27&destination0=oslo&origin1=oslo&date1=2026-08-29&destination1=gdn&adultsv2=1&market=PL&locale=pl-PL&currency=PLN,Warszawa-Oslo,436.12703125,-1.4220803479063173,259.66,27.62
Warszawa,Tallinn,Estonia,Warszawa,2026-08-26,2026-08-31,5,159.0,172.38,331.38,WARS,TLL,WARS,https://www.skyscanner.net/g/referrals/v1/flights/day-view/?origin=wars&destination=tll&outboundDate=2026-08-26&inboundDate=2026-08-31&market=PL&locale=pl-PL&currency=PLN&mediaPartnerId=6439681,Warszawa-Tallinn,454.4151428571429,-1.6620770397630142,357.24,-7.24
Warszawa,Tallinn,Estonia,Gdańsk,2026-08-26,2026-08-31,5,159.0,172.38,331.38,WARS,TLL,GDN,https://skyscanner.net/g/referrals/v1/flights/multicity/?mediaPartnerId=6439681&origin0=wars&date0=2026-08-26&destination0=tll&origin1=tll&date1=2026-08-31&destination1=gdn&adultsv2=1&market=PL&locale=pl-PL&currency=PLN,Warszawa-Tallinn,454.4151428571429,-1.6620770397630142,331.38,0.0
Warszawa,Tallinn,Estonia,Gdańsk,2026-08-26,2026-08-28,2,159.0,172.38,331.38,WARS,TLL,GDN,https://skyscanner.net/g/referrals/v1/flights/multicity/?mediaPartnerId=6439681&origin0=wars&date0=2026-08-26&destination0=tll&origin1=tll&date1=2026-08-28&destination1=gdn&adultsv2=1&market=PL&locale=pl-PL&currency=PLN,Warszawa-Tallinn,454.4151428571429,-1.6620770397630142,331.38,0.0
Poznań,Mediolan,Włochy,Warszawa,2026-08-28,2026-08-31,3,202.17,129.27,331.44,POZ,MILA,WARS,https://skyscanner.net/g/referrals/v1/flights/multicity/?mediaPartnerId=6439681&origin0=poz&date0=2026-08-28&destination0=mila&origin1=mila&date1=2026-08-31&destination1=wars&adultsv2=1&market=PL&locale=pl-PL&currency=PLN,Poznań-Mediolan,437.16519801980195,-1.3610506576894346,294.24,12.64
Poznań,Mediolan,Włochy,Warszawa,2026-08-28,2026-08-31,3,202.17,129.27,331.44,POZ,MIL,WARS,https://skyscanner.net/g/referrals/v1/flights/multicity/?mediaPartnerId=6439681&origin0=poz&date0=2026-08-28&destination0=mil&origin1=mil&date1=2026-08-31&destination1=wars&adultsv2=1&market=PL&locale=pl-PL&currency=PLN,Poznań-Mediolan,437.16519801980195,-1.3610506576894346,335.75,-1.28
Katowice,Mediolan,Włochy,Warszawa,2026-08-29,2026-08-31,2,202.54,129.27,331.81,KTW,MIL,WARS,https://skyscanner.net/g/referrals/v1/flights/multicity/?mediaPartnerId=6439681&origin0=ktw&date0=2026-08-29&destination0=mil&origin1=mil&date1=2026-08-31&destination1=wars&adultsv2=1&market=PL&locale=pl-PL&currency=PLN,Katowice-Mediolan,451.1714666666667,-1.9376062126087001,338.32000000000005,-1.92
Katowice,Mediolan,Włochy,Warszawa,2026-08-29,2026-08-31,2,202.54,129.27,331.81,KTW,MILA,WARS,https://skyscanner.net/g/referrals/v1/flights/multicity/?mediaPartnerId=6439681&origin0=ktw&date0=2026-08-29&destination0=mila&origin1=mila&date1=2026-08-31&destination1=wars&adultsv2=1&market=PL&locale=pl-PL&currency=PLN,Katowice-Mediolan,451.1714666666667,-1.9376062126087001,296.81,11.79
Warszawa,Kopenhaga,Dania,Kraków,2026-08-26,2026-08-30,4,117.79,214.07,331.86,WARS,CPH,KRK,https://skyscanner.net/g/referrals/v1/flights/multicity/?mediaPartnerId=6439681&origin0=wars&date0=2026-08-26&destination0=cph&origin1=cph&date1=2026-08-30&destination1=krk&adultsv2=1&market=PL&locale=pl-PL&currency=PLN,Warszawa-Kopenhaga,413.8213265306122,-1.0211150080253433,281.85,17.74
Kraków,Mediolan,Włochy,Kraków,2026-08-24,2026-08-31,7,254.57,77.49,332.06,KRK,MILA,KRK,https://www.skyscanner.net/g/referrals/v1/flights/day-view/?origin=krk&destination=mila&outboundDate=2026-08-24&inboundDate=2026-08-31&market=PL&locale=pl-PL&currency=PLN&mediaPartnerId=6439681,Kraków-Mediolan,419.2978060413355,-1.7416779362954653,348.06,-4.6
Kraków,Mediolan,Włochy,Poznań,2026-08-24,2026-08-28,4,254.57,77.49,332.06,KRK,MILA,POZ,https://skyscanner.net/g/referrals/v1/flights/multicity/?mediaPartnerId=6439681&origin0=krk&date0=2026-08-24&destination0=mila&origin1=mila&date1=2026-08-28&destination1=poz&adultsv2=1&market=PL&locale=pl-PL&currency=PLN,Kraków-Mediolan,419.2978060413355,-1.7416779362954653,339.45000000000005,-2.18
Kraków,Mediolan,Włochy,Kraków,2026-08-24,2026-08-26,2,254.57,77.49,332.06,KRK,MILA,KRK,https://www.skyscanner.net/g/referrals/v1/flights/day-view/?origin=krk&destination=mila&outboundDate=2026-08-24&inboundDate=2026-08-26&market=PL&locale=pl-PL&currency=PLN&mediaPartnerId=6439681,Kraków-Mediolan,419.2978060413355,-1.7416779362954653,339.45000000000005,-2.18
Warszawa,Mediolan,Włochy,Katowice,2026-08-25,2026-08-27,2,259.3,73.43,332.73,WARS,MILA,KTW,https://skyscanner.net/g/referrals/v1/flights/multicity/?mediaPartnerId=6439681&origin0=wars&date0=2026-08-25&destination0=mila&origin1=mila&date1=2026-08-27&destination1=ktw&adultsv2=1&market=PL&locale=pl-PL&currency=PLN,Warszawa-Mediolan,453.52318390804595,-1.959715130922153,289.7,14.85
Kraków,Mediolan,Włochy,Warszawa,2026-08-24,2026-08-26,2,254.57,78.81,333.38,KRK,MILA,WARS,https://skyscanner.net/g/referrals/v1/flights/multicity/?mediaPartnerId=6439681&origin0=krk&date0=2026-08-24&destination0=mila&origin1=mila&date1=2026-08-26&destination1=wars&adultsv2=1&market=PL&locale=pl-PL&currency=PLN,Kraków-Mediolan,419.2978060413355,-1.7153245124734509,340.85,-2.19
Kraków,Mediolan,Włochy,Warszawa,2026-08-24,2026-08-27,3,254.57,79.0,333.57,KRK,MILA,WARS,https://skyscanner.net/g/referrals/v1/flights/multicity/?mediaPartnerId=6439681&origin0=krk&date0=2026-08-24&destination0=mila&origin1=mila&date1=2026-08-27&destination1=wars&adultsv2=1&market=PL&locale=pl-PL&currency=PLN,Kraków-Mediolan,419.2978060413355,-1.7115312166202823,341.05,-2.19
Warszawa,Mediolan,Włochy,Kraków,2026-08-26,2026-08-28,2,222.41,111.26,333.67,WARS,MILA,KRK,https://skyscanner.net/g/referrals/v1/flights/multicity/?mediaPartnerId=6439681&origin0=wars&date0=2026-08-26&destination0=mila&origin1=mila&date1=2026-08-28&destination1=krk&adultsv2=1&market=PL&locale=pl-PL&currency=PLN,Warszawa-Mediolan,453.52318390804595,-1.9444648314974011,288.34000000000003,15.72
Gdańsk,Budapeszt,Węgry,Warszawa,2026-08-24,2026-08-31,7,229.0,105.02,334.02,GDN,BUD,WARS,https://skyscanner.net/g/referrals/v1/flights/multicity/?mediaPartnerId=6439681&origin0=gdn&date0=2026-08-24&destination0=bud&origin1=bud&date1=2026-08-31&destination1=wars&adultsv2=1&market=PL&locale=pl-PL&currency=PLN,Gdańsk-Budapeszt,378.15666666666664,-1.1700755612093119,334.04,-0.01
Warszawa,Wenecja,Włochy,Kraków,2026-08-26,2026-08-28,2,180.64,153.82,334.46,WARS,TSF,KRK,https://skyscanner.net/g/referrals/v1/flights/multicity/?mediaPartnerId=6439681&origin0=wars&date0=2026-08-26&destination0=tsf&origin1=tsf&date1=2026-08-28&destination1=krk&adultsv2=1&market=PL&locale=pl-PL&currency=PLN,Warszawa-Wenecja,572.1463703703703,-2.747847330603654,340.06,-1.65
Warszawa,Wenecja,Włochy,Kraków,2026-08-26,2026-08-29,3,180.64,153.82,334.46,WARS,TSF,KRK,https://skyscanner.net/g/referrals/v1/flights/multicity/?mediaPartnerId=6439681&origin0=wars&date0=2026-08-26&destination0=tsf&origin1=tsf&date1=2026-08-29&destination1=krk&adultsv2=1&market=PL&locale=pl-PL&currency=PLN,Warszawa-Wenecja,572.1463703703703,-2.747847330603654,340.06,-1.65
Warszawa,Mediolan,Włochy,Warszawa,2026-08-28,2026-08-31,3,234.24,100.37,334.61,WARS,MILA,WARS,https://www.skyscanner.net/g/referrals/v1/flights/day-view/?origin=wars&destination=mila&outboundDate=2026-08-28&inboundDate=2026-08-31&market=PL&locale=pl-PL&currency=PLN&mediaPartnerId=6439681,Warszawa-Mediolan,453.52318390804595,-1.9292145320726493,278.67,20.07
Katowice,Wenecja,Włochy,Kraków,2026-08-25,2026-08-27,2,227.2,107.72,334.91999999999996,KTW,VCE,KRK,https://skyscanner.net/g/referrals/v1/flights/multicity/?mediaPartnerId=6439681&origin0=ktw&date0=2026-08-25&destination0=vce&origin1=vce&date1=2026-08-27&destination1=krk&adultsv2=1&market=PL&locale=pl-PL&currency=PLN,Katowice-Wenecja,434.06559999999996,-1.077030046826923,327.83000000000004,2.16
Katowice,Wenecja,Włochy,Kraków,2026-08-25,2026-08-27,2,227.2,107.72,334.91999999999996,KTW,VEN,KRK,https://skyscanner.net/g/referrals/v1/flights/multicity/?mediaPartnerId=6439681&origin0=ktw&date0=2026-08-25&destination0=ven&origin1=ven&date1=2026-08-27&destination1=krk&adultsv2=1&market=PL&locale=pl-PL&currency=PLN,Katowice-Wenecja,434.06559999999996,-1.077030046826923,327.83000000000004,2.16
Wrocław,Mediolan,Włochy,Kraków,2026-08-27,2026-08-29,2,137.04,198.24,335.28,WRO,MILA,KRK,https://skyscanner.net/g/referrals/v1/flights/multicity/?mediaPartnerId=6439681&origin0=wro&date0=2026-08-27&destination0=mila&origin1=mila&date1=2026-08-29&destination1=krk&adultsv2=1&market=PL&locale=pl-PL&currency=PLN,Wrocław-Mediolan,455.68653333333333,-1.3271329875698294,240.4,39.47
Wrocław,Mediolan,Włochy,Kraków,2026-08-27,2026-08-29,2,137.04,198.24,335.28,WRO,MIL,KRK,https://skyscanner.net/g/referrals/v1/flights/multicity/?mediaPartnerId=6439681&origin0=wro&date0=2026-08-27&destination0=mil&origin1=mil&date1=2026-08-29&destination1=krk&adultsv2=1&market=PL&locale=pl-PL&currency=PLN,Wrocław-Mediolan,455.68653333333333,-1.3271329875698294,330.76,1.37
Katowice,Wenecja,Włochy,Gdańsk,2026-08-29,2026-08-31,2,189.15,146.41,335.56,KTW,TSF,GDN,https://skyscanner.net/g/referrals/v1/flights/multicity/?mediaPartnerId=6439681&origin0=ktw&date0=2026-08-29&destination0=tsf&origin1=tsf&date1=2026-08-31&destination1=gdn&adultsv2=1&market=PL&locale=pl-PL&currency=PLN,Katowice-Wenecja,434.06559999999996,-1.0700776532767375,328.61,2.11
Kraków,Mediolan,Włochy,Kraków,2026-08-29,2026-08-31,2,258.11,77.49,335.6,KRK,MILA,KRK,https://www.skyscanner.net/g/referrals/v1/flights/day-view/?origin=krk&destination=mila&outboundDate=2026-08-29&inboundDate=2026-08-31&market=PL&locale=pl-PL&currency=PLN&mediaPartnerId=6439681,Kraków-Mediolan,419.2978060413355,-1.6710028451364258,295.01,13.76
Kraków,Mediolan,Włochy,Kraków,2026-08-25,2026-08-31,6,209.0,127.05,336.05,KRK,MILA,KRK,https://www.skyscanner.net/g/referrals/v1/flights/day-view/?origin=krk&destination=mila&outboundDate=2026-08-25&inboundDate=2026-08-31&market=PL&locale=pl-PL&currency=PLN&mediaPartnerId=6439681,Kraków-Mediolan,419.2978060413355,-1.6620187233789212,295.01,13.91
Kraków,Mediolan,Włochy,Kraków,2026-08-29,2026-08-31,2,209.0,127.05,336.05,KRK,MILA,KRK,https://www.skyscanner.net/g/referrals/v1/flights/day-view/?origin=krk&destination=mila&outboundDate=2026-08-29&inboundDate=2026-08-31&market=PL&locale=pl-PL&currency=PLN&mediaPartnerId=6439681,Kraków-Mediolan,419.2978060413355,-1.6620187233789212,295.01,13.91
Kraków,Mediolan,Włochy,Kraków,2026-08-25,2026-08-31,6,209.0,127.05,336.05,KRK,MILA,KRK,https://www.skyscanner.net/g/referrals/v1/flights/day-view/?origin=krk&destination=mila&outboundDate=2026-08-25&inboundDate=2026-08-31&market=PL&locale=pl-PL&currency=PLN&mediaPartnerId=6439681,Kraków-Mediolan,419.2978060413355,-1.6620187233789212,295.01,13.91
Kraków,Mediolan,Włochy,Kraków,2026-08-29,2026-08-31,2,209.0,127.05,336.05,KRK,MILA,KRK,https://www.skyscanner.net/g/referrals/v1/flights/day-view/?origin=krk&destination=mila&outboundDate=2026-08-29&inboundDate=2026-08-31&market=PL&locale=pl-PL&currency=PLN&mediaPartnerId=6439681,Kraków-Mediolan,419.2978060413355,-1.6620187233789212,295.01,13.91
Warszawa,Mediolan,Włochy,Kraków,2026-08-29,2026-08-31,2,209.0,127.05,336.05,WARS,MILA,KRK,https://skyscanner.net/g/referrals/v1/flights/multicity/?mediaPartnerId=6439681&origin0=wars&date0=2026-08-29&destination0=mila&origin1=mila&date1=2026-08-31&destination1=krk&adultsv2=1&market=PL&locale=pl-PL&currency=PLN,Warszawa-Mediolan,453.52318390804595,-1.9058523712517528,260.03000000000003,29.24
Warszawa,Mediolan,Włochy,Kraków,2026-08-29,2026-08-31,2,209.0,127.05,336.05,WARS,MILA,KRK,https://skyscanner.net/g/referrals/v1/flights/multicity/?mediaPartnerId=6439681&origin0=wars&date0=2026-08-29&destination0=mila&origin1=mila&date1=2026-08-31&destination1=krk&adultsv2=1&market=PL&locale=pl-PL&currency=PLN,Warszawa-Mediolan,453.52318390804595,-1.9058523712517528,260.03000000000003,29.24
Katowice,Mediolan,Włochy,Kraków,2026-08-27,2026-08-31,4,209.04,127.05,336.09,KTW,MILA,KRK,https://skyscanner.net/g/referrals/v1/flights/multicity/?mediaPartnerId=6439681&origin0=ktw&date0=2026-08-27&destination0=mila&origin1=mila&date1=2026-08-31&destination1=krk&adultsv2=1&market=PL&locale=pl-PL&currency=PLN,Katowice-Mediolan,451.1714666666667,-1.868128559379753,301.61,11.43
Warszawa,Mediolan,Włochy,Kraków,2026-08-26,2026-08-28,2,225.26,111.26,336.52,WARS,MILA,KRK,https://skyscanner.net/g/referrals/v1/flights/multicity/?mediaPartnerId=6439681&origin0=wars&date0=2026-08-26&destination0=mila&origin1=mila&date1=2026-08-28&destination1=krk&adultsv2=1&market=PL&locale=pl-PL&currency=PLN,Warszawa-Mediolan,453.52318390804595,-1.8982272215393774,288.34000000000003,16.71
Warszawa,Mediolan,Włochy,Poznań,2026-08-24,2026-08-26,2,216.26,120.43,336.69,WARS,MILA,POZ,https://skyscanner.net/g/referrals/v1/flights/multicity/?mediaPartnerId=6439681&origin0=wars&date0=2026-08-24&destination0=mila&origin1=mila&date1=2026-08-26&destination1=poz&adultsv2=1&market=PL&locale=pl-PL&currency=PLN,Warszawa-Mediolan,453.52318390804595,-1.895469188664688,319.25,5.46
Warszawa,Mediolan,Włochy,Poznań,2026-08-25,2026-08-28,3,259.3,77.49,336.79,WARS,MILA,POZ,https://skyscanner.net/g/referrals/v1/flights/multicity/?mediaPartnerId=6439681&origin0=wars&date0=2026-08-25&destination0=mila&origin1=mila&date1=2026-08-28&destination1=poz&adultsv2=1&market=PL&locale=pl-PL&currency=PLN,Warszawa-Mediolan,453.52318390804595,-1.8938468163854587,293.68,14.68
Warszawa,Mediolan,Włochy,Kraków,2026-08-25,2026-08-31,6,259.3,77.49,336.79,WARS,MILA,KRK,https://skyscanner.net/g/referrals/v1/flights/multicity/?mediaPartnerId=6439681&origin0=wars&date0=2026-08-25&destination0=mila&origin1=mila&date1=2026-08-31&destination1=krk&adultsv2=1&market=PL&locale=pl-PL&currency=PLN,Warszawa-Mediolan,453.52318390804595,-1.8938468163854587,302.29,11.41
Gdańsk,Mediolan,Włochy,Kraków,2026-08-29,2026-08-31,2,259.31,77.49,336.8,GDN,MILA,KRK,https://skyscanner.net/g/referrals/v1/flights/multicity/?mediaPartnerId=6439681&origin0=gdn&date0=2026-08-29&destination0=mila&origin1=mila&date1=2026-08-31&destination1=krk&adultsv2=1&market=PL&locale=pl-PL&currency=PLN,Gdańsk-Mediolan,648.5529940119761,-3.0376933612505805,367.91,-8.46
Gdańsk,Billund,Dania,Gdańsk,2026-08-26,2026-08-29,3,159.0,178.02,337.02,GDN,BLL,GDN,https://www.skyscanner.net/g/referrals/v1/flights/day-view/?origin=gdn&destination=bll&outboundDate=2026-08-26&inboundDate=2026-08-29&market=PL&locale=pl-PL&currency=PLN&mediaPartnerId=6439681,Gdańsk-Billund,411.92625,-1.9779182953559449,337.02,0.0
Kraków,Mediolan,Włochy,Kraków,2026-08-25,2026-08-27,2,251.04,86.1,337.14,KRK,MILA,KRK,https://www.skyscanner.net/g/referrals/v1/flights/day-view/?origin=krk&destination=mila&outboundDate=2026-08-25&inboundDate=2026-08-27&market=PL&locale=pl-PL&currency=PLN&mediaPartnerId=6439681,Kraków-Mediolan,419.2978060413355,-1.640257184010743,304.0,10.9
Warszawa,Mediolan,Włochy,Kraków,2026-08-26,2026-08-29,3,222.41,114.96,337.37,WARS,MILA,KRK,https://skyscanner.net/g/referrals/v1/flights/multicity/?mediaPartnerId=6439681&origin0=wars&date0=2026-08-26&destination0=mila&origin1=mila&date1=2026-08-29&destination1=krk&adultsv2=1&market=PL&locale=pl-PL&currency=PLN,Warszawa-Mediolan,453.52318390804595,-1.884437057165931,301.22,12.0
Kraków,Bergen,Norwegia,Warszawa,2026-08-29,2026-08-31,2,109.0,228.72,337.72,KRK,BGO,WARS,https://skyscanner.net/g/referrals/v1/flights/multicity/?mediaPartnerId=6439681&origin0=krk&date0=2026-08-29&destination0=bgo&origin1=bgo&date1=2026-08-31&destination1=wars&adultsv2=1&market=PL&locale=pl-PL&currency=PLN,Kraków-Bergen,487.62399999999997,-1.2050217583690939,337.72,0.0
Gdańsk,Bergen,Norwegia,Warszawa,2026-08-25,2026-08-31,6,109.0,228.72,337.72,GDN,BGO,WARS,https://skyscanner.net/g/referrals/v1/flights/multicity/?mediaPartnerId=6439681&origin0=gdn&date0=2026-08-25&destination0=bgo&origin1=bgo&date1=2026-08-31&destination1=wars&adultsv2=1&market=PL&locale=pl-PL&currency=PLN,Gdańsk-Bergen,410.3251851851852,-1.2641529391564734,337.72,0.0
Warszawa,Bergen,Norwegia,Warszawa,2026-08-28,2026-08-31,3,109.0,228.72,337.72,WARS,BGO,WARS,https://www.skyscanner.net/g/referrals/v1/flights/day-view/?origin=wars&destination=bgo&outboundDate=2026-08-28&inboundDate=2026-08-31&market=PL&locale=pl-PL&currency=PLN&mediaPartnerId=6439681,Warszawa-Bergen,394.58647058823533,-1.0291746148706262,,0.0
Gdańsk,Bergen,Norwegia,Warszawa,2026-08-25,2026-08-30,5,109.0,228.72,337.72,GDN,BGO,WARS,https://skyscanner.net/g/referrals/v1/flights/multicity/?mediaPartnerId=6439681&origin0=gdn&date0=2026-08-25&destination0=bgo&origin1=bgo&date1=2026-08-30&destination1=wars&adultsv2=1&market=PL&locale=pl-PL&currency=PLN,Gdańsk-Bergen,410.3251851851852,-1.2641529391564734,337.72,0.0
Warszawa,Bergen,Norwegia,Warszawa,2026-08-28,2026-08-30,2,109.0,228.72,337.72,WARS,BGO,WARS,https://www.skyscanner.net/g/referrals/v1/flights/day-view/?origin=wars&destination=bgo&outboundDate=2026-08-28&inboundDate=2026-08-30&market=PL&locale=pl-PL&currency=PLN&mediaPartnerId=6439681,Warszawa-Bergen,394.58647058823533,-1.0291746148706262,,0.0
Kraków,Mediolan,Włochy,Warszawa,2026-08-29,2026-08-31,2,209.0,129.27,338.27,KRK,MIL,WARS,https://skyscanner.net/g/referrals/v1/flights/multicity/?mediaPartnerId=6439681&origin0=krk&date0=2026-08-29&destination0=mil&origin1=mil&date1=2026-08-31&destination1=wars&adultsv2=1&market=PL&locale=pl-PL&currency=PLN,Kraków-Mediolan,419.2978060413355,-1.6176970560418973,338.27,0.0
Warszawa,Mediolan,Włochy,Warszawa,2026-08-29,2026-08-31,2,209.0,129.27,338.27,WARS,MIL,WARS,https://www.skyscanner.net/g/referrals/v1/flights/day-view/?origin=wars&destination=mil&outboundDate=2026-08-29&inboundDate=2026-08-31&market=PL&locale=pl-PL&currency=PLN&mediaPartnerId=6439681,Warszawa-Mediolan,453.52318390804595,-1.8698357066528712,303.29,11.53
Kraków,Mediolan,Włochy,Warszawa,2026-08-25,2026-08-31,6,209.0,129.27,338.27,KRK,MILA,WARS,https://skyscanner.net/g/referrals/v1/flights/multicity/?mediaPartnerId=6439681&origin0=krk&date0=2026-08-25&destination0=mila&origin1=mila&date1=2026-08-31&destination1=wars&adultsv2=1&market=PL&locale=pl-PL&currency=PLN,Kraków-Mediolan,419.2978060413355,-1.6176970560418973,296.76,13.99
Kraków,Mediolan,Włochy,Warszawa,2026-08-25,2026-08-31,6,209.0,129.27,338.27,KRK,MIL,WARS,https://skyscanner.net/g/referrals/v1/flights/multicity/?mediaPartnerId=6439681&origin0=krk&date0=2026-08-25&destination0=mil&origin1=mil&date1=2026-08-31&destination1=wars&adultsv2=1&market=PL&locale=pl-PL&currency=PLN,Kraków-Mediolan,419.2978060413355,-1.6176970560418973,338.27,0.0
Kraków,Mediolan,Włochy,Warszawa,2026-08-29,2026-08-31,2,209.0,129.27,338.27,KRK,MILA,WARS,https://skyscanner.net/g/referrals/v1/flights/multicity/?mediaPartnerId=6439681&origin0=krk&date0=2026-08-29&destination0=mila&origin1=mila&date1=2026-08-31&destination1=wars&adultsv2=1&market=PL&locale=pl-PL&currency=PLN,Kraków-Mediolan,419.2978060413355,-1.6176970560418973,296.76,13.99
Warszawa,Mediolan,Włochy,Warszawa,2026-08-29,2026-08-31,2,209.0,129.27,338.27,WARS,MIL,WARS,https://www.skyscanner.net/g/referrals/v1/flights/day-view/?origin=wars&destination=mil&outboundDate=2026-08-29&inboundDate=2026-08-31&market=PL&locale=pl-PL&currency=PLN&mediaPartnerId=6439681,Warszawa-Mediolan,453.52318390804595,-1.8698357066528712,303.29,11.53
Kraków,Mediolan,Włochy,Warszawa,2026-08-29,2026-08-31,2,209.0,129.27,338.27,KRK,MILA,WARS,https://skyscanner.net/g/referrals/v1/flights/multicity/?mediaPartnerId=6439681&origin0=krk&date0=2026-08-29&destination0=mila&origin1=mila&date1=2026-08-31&destination1=wars&adultsv2=1&market=PL&locale=pl-PL&currency=PLN,Kraków-Mediolan,419.2978060413355,-1.6176970560418973,296.76,13.99
Kraków,Mediolan,Włochy,Warszawa,2026-08-29,2026-08-31,2,209.0,129.27,338.27,KRK,MIL,WARS,https://skyscanner.net/g/referrals/v1/flights/multicity/?mediaPartnerId=6439681&origin0=krk&date0=2026-08-29&destination0=mil&origin1=mil&date1=2026-08-31&destination1=wars&adultsv2=1&market=PL&locale=pl-PL&currency=PLN,Kraków-Mediolan,419.2978060413355,-1.6176970560418973,338.27,0.0
Warszawa,Mediolan,Włochy,Warszawa,2026-08-29,2026-08-31,2,209.0,129.27,338.27,WARS,MILA,WARS,https://www.skyscanner.net/g/referrals/v1/flights/day-view/?origin=wars&destination=mila&outboundDate=2026-08-29&inboundDate=2026-08-31&market=PL&locale=pl-PL&currency=PLN&mediaPartnerId=6439681,Warszawa-Mediolan,453.52318390804595,-1.8698357066528712,261.78000000000003,29.22
Kraków,Mediolan,Włochy,Warszawa,2026-08-25,2026-08-31,6,209.0,129.27,338.27,KRK,MILA,WARS,https://skyscanner.net/g/referrals/v1/flights/multicity/?mediaPartnerId=6439681&origin0=krk&date0=2026-08-25&destination0=mila&origin1=mila&date1=2026-08-31&destination1=wars&adultsv2=1&market=PL&locale=pl-PL&currency=PLN,Kraków-Mediolan,419.2978060413355,-1.6176970560418973,296.76,13.99
Warszawa,Mediolan,Włochy,Warszawa,2026-08-29,2026-08-31,2,209.0,129.27,338.27,WARS,MILA,WARS,https://www.skyscanner.net/g/referrals/v1/flights/day-view/?origin=wars&destination=mila&outboundDate=2026-08-29&inboundDate=2026-08-31&market=PL&locale=pl-PL&currency=PLN&mediaPartnerId=6439681,Warszawa-Mediolan,453.52318390804595,-1.8698357066528712,261.78000000000003,29.22
Kraków,Mediolan,Włochy,Warszawa,2026-08-25,2026-08-31,6,209.0,129.27,338.27,KRK,MIL,WARS,https://skyscanner.net/g/referrals/v1/flights/multicity/?mediaPartnerId=6439681&origin0=krk&date0=2026-08-25&destination0=mil&origin1=mil&date1=2026-08-31&destination1=wars&adultsv2=1&market=PL&locale=pl-PL&currency=PLN,Kraków-Mediolan,419.2978060413355,-1.6176970560418973,338.27,0.0
Warszawa,Mediolan,Włochy,Warszawa,2026-08-25,2026-08-27,2,259.3,79.0,338.3,WARS,MILA,WARS,https://www.skyscanner.net/g/referrals/v1/flights/day-view/?origin=wars&destination=mila&outboundDate=2026-08-25&inboundDate=2026-08-27&market=PL&locale=pl-PL&currency=PLN&mediaPartnerId=6439681,Warszawa-Mediolan,453.52318390804595,-1.869348994969102,295.28,14.57
Katowice,Mediolan,Włochy,Warszawa,2026-08-27,2026-08-31,4,209.04,129.27,338.31,KTW,MIL,WARS,https://skyscanner.net/g/referrals/v1/flights/multicity/?mediaPartnerId=6439681&origin0=ktw&date0=2026-08-27&destination0=mil&origin1=mil&date1=2026-08-31&destination1=wars&adultsv2=1&market=PL&locale=pl-PL&currency=PLN,Katowice-Mediolan,451.1714666666667,-1.8320910850413734,344.87,-1.9
Katowice,Mediolan,Włochy,Warszawa,2026-08-27,2026-08-31,4,209.04,129.27,338.31,KTW,MILA,WARS,https://skyscanner.net/g/referrals/v1/flights/multicity/?mediaPartnerId=6439681&origin0=ktw&date0=2026-08-27&destination0=mila&origin1=mila&date1=2026-08-31&destination1=wars&adultsv2=1&market=PL&locale=pl-PL&currency=PLN,Katowice-Mediolan,451.1714666666667,-1.8320910850413734,303.36,11.52
Wrocław,Mediolan,Włochy,Katowice,2026-08-25,2026-08-27,2,265.46,73.43,338.89,WRO,MILA,KTW,https://skyscanner.net/g/referrals/v1/flights/multicity/?mediaPartnerId=6439681&origin0=wro&date0=2026-08-25&destination0=mila&origin1=mila&date1=2026-08-27&destination1=ktw&adultsv2=1&market=PL&locale=pl-PL&currency=PLN,Wrocław-Mediolan,455.68653333333333,-1.287343202476824,338.90000000000003,-0.0
Wrocław,Bazylea,Szwajcaria,Wrocław,2026-08-24,2026-08-26,2,179.0,160.65,339.65,WRO,BSL,WRO,https://www.skyscanner.net/g/referrals/v1/flights/day-view/?origin=wro&destination=bsl&outboundDate=2026-08-24&inboundDate=2026-08-26&market=PL&locale=pl-PL&currency=PLN&mediaPartnerId=6439681,Wrocław-Bazylea,411.25600000000003,-1.111381576142628,339.65,0.0
Kraków,Mediolan,Włochy,Kraków,2026-08-26,2026-08-31,5,262.41,77.49,339.90000000000003,KRK,MILA,KRK,https://www.skyscanner.net/g/referrals/v1/flights/day-view/?origin=krk&destination=mila&outboundDate=2026-08-26&inboundDate=2026-08-31&market=PL&locale=pl-PL&currency=PLN&mediaPartnerId=6439681,Kraków-Mediolan,419.2978060413355,-1.5851545705647117,339.81,0.03
Kraków,Mediolan,Włochy,Poznań,2026-08-26,2026-08-28,2,262.41,77.49,339.90000000000003,KRK,MILA,POZ,https://skyscanner.net/g/referrals/v1/flights/multicity/?mediaPartnerId=6439681&origin0=krk&date0=2026-08-26&destination0=mila&origin1=mila&date1=2026-08-28&destination1=poz&adultsv2=1&market=PL&locale=pl-PL&currency=PLN,Kraków-Mediolan,419.2978060413355,-1.5851545705647117,331.20000000000005,2.63
Gdańsk,Kraków,Polska,Szczecin,2026-08-26,2026-08-31,5,211.02,128.98,340.0,GDN,KRK,SZZ,https://skyscanner.net/g/referrals/v1/flights/multicity/?mediaPartnerId=6439681&origin0=gdn&date0=2026-08-26&destination0=krk&origin1=krk&date1=2026-08-31&destination1=szz&adultsv2=1&market=PL&locale=pl-PL&currency=PLN,Gdańsk-Kraków,475.10499999999996,-1.7726671260210325,309.45,9.87
Wrocław,Zadar,Chorwacja,Warszawa,2026-08-26,2026-08-28,2,104.0,236.15,340.15,WRO,ZAD,WARS,https://skyscanner.net/g/referrals/v1/flights/multicity/?mediaPartnerId=6439681&origin0=wro&date0=2026-08-26&destination0=zad&origin1=zad&date1=2026-08-28&destination1=wars&adultsv2=1&market=PL&locale=pl-PL&currency=PLN,Wrocław-Zadar,648.7559302325582,-2.9800742736465335,311.51,9.19
Wrocław,Zadar,Chorwacja,Warszawa,2026-08-25,2026-08-28,3,104.0,236.15,340.15,WRO,ZAD,WARS,https://skyscanner.net/g/referrals/v1/flights/multicity/?mediaPartnerId=6439681&origin0=wro&date0=2026-08-25&destination0=zad&origin1=zad&date1=2026-08-28&destination1=wars&adultsv2=1&market=PL&locale=pl-PL&currency=PLN,Wrocław-Zadar,648.7559302325582,-2.9800742736465335,311.51,9.19
Warszawa,Mediolan,Włochy,Kraków,2026-08-26,2026-08-29,3,225.26,114.96,340.21999999999997,WARS,MILA,KRK,https://skyscanner.net/g/referrals/v1/flights/multicity/?mediaPartnerId=6439681&origin0=wars&date0=2026-08-26&destination0=mila&origin1=mila&date1=2026-08-29&destination1=krk&adultsv2=1&market=PL&locale=pl-PL&currency=PLN,Warszawa-Mediolan,453.52318390804595,-1.8381994472079073,301.22,12.95
Poznań,Zadar,Chorwacja,Gdańsk,2026-08-25,2026-08-27,2,124.73,215.49,340.22,POZ,ZAD,GDN,https://skyscanner.net/g/referrals/v1/flights/multicity/?mediaPartnerId=6439681&origin0=poz&date0=2026-08-25&destination0=zad&origin1=zad&date1=2026-08-27&destination1=gdn&adultsv2=1&market=PL&locale=pl-PL&currency=PLN,Poznań-Zadar,663.7591025641026,-3.1052814080489233,330.20000000000005,3.03
Katowice,Mediolan,Włochy,Kraków,2026-08-28,2026-08-31,3,213.34,127.05,340.39,KTW,MILA,KRK,https://skyscanner.net/g/referrals/v1/flights/multicity/?mediaPartnerId=6439681&origin0=ktw&date0=2026-08-28&destination0=mila&origin1=mila&date1=2026-08-31&destination1=krk&adultsv2=1&market=PL&locale=pl-PL&currency=PLN,Katowice-Mediolan,451.1714666666667,-1.7983262442198291,305.91,11.27
Kraków,Mediolan,Włochy,Kraków,2026-08-24,2026-08-27,3,254.57,86.1,340.66999999999996,KRK,MILA,KRK,https://www.skyscanner.net/g/referrals/v1/flights/day-view/?origin=krk&destination=mila&outboundDate=2026-08-24&inboundDate=2026-08-27&market=PL&locale=pl-PL&currency=PLN&mediaPartnerId=6439681,Kraków-Mediolan,419.2978060413355,-1.5697817400018714,357.05,-4.59
Kraków,Mediolan,Włochy,Warszawa,2026-08-24,2026-08-26,2,254.57,86.17,340.74,KRK,MIL,WARS,https://skyscanner.net/g/referrals/v1/flights/multicity/?mediaPartnerId=6439681&origin0=krk&date0=2026-08-24&destination0=mil&origin1=mil&date1=2026-08-26&destination1=wars&adultsv2=1&market=PL&locale=pl-PL&currency=PLN,Kraków-Mediolan,419.2978060413355,-1.5683842099507028,348.22,-2.15
Kraków,Mediolan,Włochy,Warszawa,2026-08-24,2026-08-26,2,254.57,86.17,340.74,KRK,MILA,WARS,https://skyscanner.net/g/referrals/v1/flights/multicity/?mediaPartnerId=6439681&origin0=krk&date0=2026-08-24&destination0=mila&origin1=mila&date1=2026-08-26&destination1=wars&adultsv2=1&market=PL&locale=pl-PL&currency=PLN,Kraków-Mediolan,419.2978060413355,-1.5683842099507028,340.85,-0.03
Katowice,Wenecja,Włochy,Gdańsk,2026-08-25,2026-08-27,2,227.2,113.84,341.03999999999996,KTW,TSF,GDN,https://skyscanner.net/g/referrals/v1/flights/multicity/?mediaPartnerId=6439681&origin0=ktw&date0=2026-08-25&destination0=tsf&origin1=tsf&date1=2026-08-27&destination1=gdn&adultsv2=1&market=PL&locale=pl-PL&currency=PLN,Katowice-Wenecja,434.06559999999996,-1.0105477835032781,331.11,3.0
Katowice,Katania,Włochy,Warszawa,2026-08-23,2026-08-27,4,167.95,173.49,341.44,KTW,CTA,WARS,https://skyscanner.net/g/referrals/v1/flights/multicity/?mediaPartnerId=6439681&origin0=ktw&date0=2026-08-23&destination0=cta&origin1=cta&date1=2026-08-27&destination1=wars&adultsv2=1&market=PL&locale=pl-PL&currency=PLN,Katowice-Katania,441.41450980392153,-3.0857349239213407,362.76,-5.88
Katowice,Zadar,Chorwacja,Katowice,2026-08-23,2026-08-25,2,79.0,262.79,341.79,KTW,ZAD,KTW,https://www.skyscanner.net/g/referrals/v1/flights/day-view/?origin=ktw&destination=zad&outboundDate=2026-08-23&inboundDate=2026-08-25&market=PL&locale=pl-PL&currency=PLN&mediaPartnerId=6439681,Katowice-Zadar,480.6364516129032,-1.3456293164445874,356.79,-4.2
Wrocław,Mediolan,Włochy,Katowice,2026-08-29,2026-08-31,2,132.52,209.28,341.8,WRO,MILA,KTW,https://skyscanner.net/g/referrals/v1/flights/multicity/?mediaPartnerId=6439681&origin0=wro&date0=2026-08-29&destination0=mila&origin1=mila&date1=2026-08-31&destination1=ktw&adultsv2=1&market=PL&locale=pl-PL&currency=PLN,Wrocław-Mediolan,455.68653333333333,-1.2552688881774763,288.26,18.57
Poznań,Mediolan,Włochy,Warszawa,2026-08-27,2026-08-31,4,172.06,169.74,341.8,POZ,MILA,WARS,https://skyscanner.net/g/referrals/v1/flights/multicity/?mediaPartnerId=6439681&origin0=poz&date0=2026-08-27&destination0=mila&origin1=mila&date1=2026-08-31&destination1=wars&adultsv2=1&market=PL&locale=pl-PL&currency=PLN,Poznań-Mediolan,437.16519801980195,-1.2276814602061479,264.12,29.41
Katowice,Mediolan,Włochy,Warszawa,2026-08-28,2026-08-31,3,213.34,129.27,342.61,KTW,MIL,WARS,https://skyscanner.net/g/referrals/v1/flights/multicity/?mediaPartnerId=6439681&origin0=ktw&date0=2026-08-28&destination0=mil&origin1=mil&date1=2026-08-31&destination1=wars&adultsv2=1&market=PL&locale=pl-PL&currency=PLN,Katowice-Mediolan,451.1714666666667,-1.7622887698814493,349.17,-1.88
Katowice,Mediolan,Włochy,Warszawa,2026-08-28,2026-08-31,3,213.34,129.27,342.61,KTW,MILA,WARS,https://skyscanner.net/g/referrals/v1/flights/multicity/?mediaPartnerId=6439681&origin0=ktw&date0=2026-08-28&destination0=mila&origin1=mila&date1=2026-08-31&destination1=wars&adultsv2=1&market=PL&locale=pl-PL&currency=PLN,Katowice-Mediolan,451.1714666666667,-1.7622887698814493,307.66,11.36
Warszawa,Oslo,Norwegia,Gdańsk,2026-08-27,2026-08-30,3,249.0,93.86,342.86,WARS,OSLO,GDN,https://skyscanner.net/g/referrals/v1/flights/multicity/?mediaPartnerId=6439681&origin0=wars&date0=2026-08-27&destination0=oslo&origin1=oslo&date1=2026-08-30&destination1=gdn&adultsv2=1&market=PL&locale=pl-PL&currency=PLN,Warszawa-Oslo,436.12703125,-1.2662240701756342,265.27,29.25
Warszawa,Oslo,Norwegia,Gdańsk,2026-08-26,2026-08-30,4,249.0,93.86,342.86,WARS,OSLO,GDN,https://skyscanner.net/g/referrals/v1/flights/multicity/?mediaPartnerId=6439681&origin0=wars&date0=2026-08-26&destination0=oslo&origin1=oslo&date1=2026-08-30&destination1=gdn&adultsv2=1&market=PL&locale=pl-PL&currency=PLN,Warszawa-Oslo,436.12703125,-1.2662240701756342,,0.0
Gdańsk,Bergen,Norwegia,Gdańsk,2026-08-24,2026-08-26,2,209.0,133.92,342.91999999999996,GDN,BGO,GDN,https://www.skyscanner.net/g/referrals/v1/flights/day-view/?origin=gdn&destination=bgo&outboundDate=2026-08-24&inboundDate=2026-08-26&market=PL&locale=pl-PL&currency=PLN&mediaPartnerId=6439681,Gdańsk-Bergen,410.3251851851852,-1.1736140159811228,342.92,-0.0
Wrocław,Mediolan,Włochy,Kraków,2026-08-25,2026-08-31,6,265.46,77.49,342.95,WRO,MILA,KRK,https://skyscanner.net/g/referrals/v1/flights/multicity/?mediaPartnerId=6439681&origin0=wro&date0=2026-08-25&destination0=mila&origin1=mila&date1=2026-08-31&destination1=krk&adultsv2=1&market=PL&locale=pl-PL&currency=PLN,Wrocław-Mediolan,455.68653333333333,-1.2425934718736107,,0.0
Wrocław,Mediolan,Włochy,Poznań,2026-08-25,2026-08-28,3,265.46,77.49,342.95,WRO,MILA,POZ,https://skyscanner.net/g/referrals/v1/flights/multicity/?mediaPartnerId=6439681&origin0=wro&date0=2026-08-25&destination0=mila&origin1=mila&date1=2026-08-28&destination1=poz&adultsv2=1&market=PL&locale=pl-PL&currency=PLN,Wrocław-Mediolan,455.68653333333333,-1.2425934718736107,342.88,0.02
Katowice,Lamezia,Włochy,Katowice,2026-08-25,2026-08-29,4,95.0,248.13,343.13,KTW,SUF,KTW,https://www.skyscanner.net/g/referrals/v1/flights/day-view/?origin=ktw&destination=suf&outboundDate=2026-08-25&inboundDate=2026-08-29&market=PL&locale=pl-PL&currency=PLN&mediaPartnerId=6439681,Katowice-Lamezia,390.56399999999996,-1.3265761607526374,410.69,-16.45
Katowice,Lamezia,Włochy,Katowice,2026-08-27,2026-08-29,2,95.0,248.13,343.13,KTW,SUF,KTW,https://www.skyscanner.net/g/referrals/v1/flights/day-view/?origin=ktw&destination=suf&outboundDate=2026-08-27&inboundDate=2026-08-29&market=PL&locale=pl-PL&currency=PLN&mediaPartnerId=6439681,Katowice-Lamezia,390.56399999999996,-1.3265761607526374,,0.0
Warszawa,Oslo (Wszystkie lotniska),Norwegia,Gdańsk,2026-08-28,2026-08-31,3,229.0,114.16,343.15999999999997,WARS,OOS,GDN,https://skyscanner.net/g/referrals/v1/flights/multicity/?mediaPartnerId=6439681&origin0=wars&date0=2026-08-28&destination0=oos&origin1=oos&date1=2026-08-31&destination1=gdn&adultsv2=1&market=PL&locale=pl-PL&currency=PLN,Warszawa-Oslo (Wszystkie lotniska),477.6215384615385,-1.5556855628837523,343.16,-0.0
Warszawa,Oslo,Norwegia,Gdańsk,2026-08-28,2026-08-31,3,229.0,114.16,343.15999999999997,WARS,OSLO,GDN,https://skyscanner.net/g/referrals/v1/flights/multicity/?mediaPartnerId=6439681&origin0=wars&date0=2026-08-28&destination0=oslo&origin1=oslo&date1=2026-08-31&destination1=gdn&adultsv2=1&market=PL&locale=pl-PL&currency=PLN,Warszawa-Oslo,436.12703125,-1.2621511709318016,290.8,18.01
Wrocław,Bolonia,Włochy,Kraków,2026-08-24,2026-08-27,3,204.05,139.23,343.28,WRO,BLQ,KRK,https://skyscanner.net/g/referrals/v1/flights/multicity/?mediaPartnerId=6439681&origin0=wro&date0=2026-08-24&destination0=blq&origin1=blq&date1=2026-08-27&destination1=krk&adultsv2=1&market=PL&locale=pl-PL&currency=PLN,Wrocław-Bolonia,437.33933333333334,-1.6707414411888428,343.13,0.04
Warszawa,Mediolan,Włochy,Kraków,2026-08-24,2026-08-31,7,216.26,127.05,343.31,WARS,MILA,KRK,https://skyscanner.net/g/referrals/v1/flights/multicity/?mediaPartnerId=6439681&origin0=wars&date0=2026-08-24&destination0=mila&origin1=mila&date1=2026-08-31&destination1=krk&adultsv2=1&market=PL&locale=pl-PL&currency=PLN,Warszawa-Mediolan,453.52318390804595,-1.788068143779733,284.83,20.53
Warszawa,Mediolan,Włochy,Warszawa,2026-08-29,2026-08-31,2,174.0,169.74,343.74,WARS,MILA,WARS,https://www.skyscanner.net/g/referrals/v1/flights/day-view/?origin=wars&destination=mila&outboundDate=2026-08-29&inboundDate=2026-08-31&market=PL&locale=pl-PL&currency=PLN&mediaPartnerId=6439681,Warszawa-Mediolan,453.52318390804595,-1.7810919429790484,261.78000000000003,31.31
Gdańsk,Kraków,Polska,Szczecin,2026-08-25,2026-08-31,6,215.08,128.98,344.06,GDN,KRK,SZZ,https://skyscanner.net/g/referrals/v1/flights/multicity/?mediaPartnerId=6439681&origin0=gdn&date0=2026-08-25&destination0=krk&origin1=krk&date1=2026-08-31&destination1=szz&adultsv2=1&market=PL&locale=pl-PL&currency=PLN,Gdańsk-Kraków,475.10499999999996,-1.7193972357013154,335.27,2.62
Poznań,Mediolan,Włochy,Gdańsk,2026-08-29,2026-08-31,2,189.27,155.14,344.40999999999997,POZ,MILA,GDN,https://skyscanner.net/g/referrals/v1/flights/multicity/?mediaPartnerId=6439681&origin0=poz&date0=2026-08-29&destination0=mila&origin1=mila&date1=2026-08-31&destination1=gdn&adultsv2=1&market=PL&locale=pl-PL&currency=PLN,Poznań-Mediolan,437.16519801980195,-1.1940816913421157,348.71,-1.23
Poznań,Mediolan,Włochy,Gdańsk,2026-08-29,2026-08-31,2,189.27,155.14,344.40999999999997,POZ,MIL,GDN,https://skyscanner.net/g/referrals/v1/flights/multicity/?mediaPartnerId=6439681&origin0=poz&date0=2026-08-29&destination0=mil&origin1=mil&date1=2026-08-31&destination1=gdn&adultsv2=1&market=PL&locale=pl-PL&currency=PLN,Poznań-Mediolan,437.16519801980195,-1.1940816913421157,348.71,-1.23
Poznań,Mediolan,Włochy,Kraków,2026-08-27,2026-08-31,4,172.06,172.38,344.44,POZ,MIL,KRK,https://skyscanner.net/g/referrals/v1/flights/multicity/?mediaPartnerId=6439681&origin0=poz&date0=2026-08-27&destination0=mil&origin1=mil&date1=2026-08-31&destination1=krk&adultsv2=1&market=PL&locale=pl-PL&currency=PLN,Poznań-Mediolan,437.16519801980195,-1.193695487102299,348.74,-1.23
Wrocław,Mediolan,Włochy,Warszawa,2026-08-25,2026-08-27,2,265.46,79.0,344.46,WRO,MILA,WARS,https://skyscanner.net/g/referrals/v1/flights/multicity/?mediaPartnerId=6439681&origin0=wro&date0=2026-08-25&destination0=mila&origin1=mila&date1=2026-08-27&destination1=wars&adultsv2=1&market=PL&locale=pl-PL&currency=PLN,Wrocław-Mediolan,455.68653333333333,-1.2259500991615782,344.48,-0.01
Warszawa,Wiedeń,Austria,Kraków,2026-08-23,2026-08-30,7,236.86,107.64,344.5,WARS,VIE,KRK,https://skyscanner.net/g/referrals/v1/flights/multicity/?mediaPartnerId=6439681&origin0=wars&date0=2026-08-23&destination0=vie&origin1=vie&date1=2026-08-30&destination1=krk&adultsv2=1&market=PL&locale=pl-PL&currency=PLN,Warszawa-Wiedeń,405.3966666666667,-1.5365350881395061,365.62,-5.78
Warszawa,Mediolan,Włochy,Wrocław,2026-08-24,2026-08-26,2,216.26,129.03,345.28999999999996,WARS,MILA,WRO,https://skyscanner.net/g/referrals/v1/flights/multicity/?mediaPartnerId=6439681&origin0=wars&date0=2026-08-24&destination0=mila&origin1=mila&date1=2026-08-26&destination1=wro&adultsv2=1&market=PL&locale=pl-PL&currency=PLN,Warszawa-Mediolan,453.52318390804595,-1.755945172651001,332.15,3.96
Warszawa,Mediolan,Włochy,Kraków,2026-08-25,2026-08-27,2,259.3,86.1,345.4,WARS,MILA,KRK,https://skyscanner.net/g/referrals/v1/flights/multicity/?mediaPartnerId=6439681&origin0=wars&date0=2026-08-25&destination0=mila&origin1=mila&date1=2026-08-27&destination1=krk&adultsv2=1&market=PL&locale=pl-PL&currency=PLN,Warszawa-Mediolan,453.52318390804595,-1.7541605631438488,311.28,10.96
Warszawa,Mediolan,Włochy,Warszawa,2026-08-24,2026-08-31,7,216.26,129.27,345.53,WARS,MILA,WARS,https://www.skyscanner.net/g/referrals/v1/flights/day-view/?origin=wars&destination=mila&outboundDate=2026-08-24&inboundDate=2026-08-31&market=PL&locale=pl-PL&currency=PLN&mediaPartnerId=6439681,Warszawa-Mediolan,453.52318390804595,-1.7520514791808512,286.58,20.57
Warszawa,Mediolan,Włochy,Warszawa,2026-08-24,2026-08-31,7,216.26,129.27,345.53,WARS,MIL,WARS,https://www.skyscanner.net/g/referrals/v1/flights/day-view/?origin=wars&destination=mil&outboundDate=2026-08-24&inboundDate=2026-08-31&market=PL&locale=pl-PL&currency=PLN&mediaPartnerId=6439681,Warszawa-Mediolan,453.52318390804595,-1.7520514791808512,328.09000000000003,5.32
Kraków,Mediolan,Włochy,Warszawa,2026-08-28,2026-08-31,3,245.2,100.37,345.57,KRK,MILA,WARS,https://skyscanner.net/g/referrals/v1/flights/multicity/?mediaPartnerId=6439681&origin0=krk&date0=2026-08-28&destination0=mila&origin1=mila&date1=2026-08-31&destination1=wars&adultsv2=1&market=PL&locale=pl-PL&currency=PLN,Kraków-Mediolan,419.2978060413355,-1.4719546364201501,332.96,3.79
Kraków,Mediolan,Włochy,Kraków,2026-08-25,2026-08-28,3,251.04,95.0,346.03999999999996,KRK,MILA,KRK,https://www.skyscanner.net/g/referrals/v1/flights/day-view/?origin=krk&destination=mila&outboundDate=2026-08-25&inboundDate=2026-08-28&market=PL&locale=pl-PL&currency=PLN&mediaPartnerId=6439681,Kraków-Mediolan,419.2978060413355,-1.4625712203623122,304.0,13.83
Wrocław,Mediolan,Włochy,Katowice,2026-08-27,2026-08-31,4,137.04,209.28,346.32,WRO,MILA,KTW,https://skyscanner.net/g/referrals/v1/flights/multicity/?mediaPartnerId=6439681&origin0=wro&date0=2026-08-27&destination0=mila&origin1=mila&date1=2026-08-31&destination1=ktw&adultsv2=1&market=PL&locale=pl-PL&currency=PLN,Wrocław-Mediolan,455.68653333333333,-1.2054489910527166,283.73,22.06
Warszawa,Wenecja,Włochy,Katowice,2026-08-27,2026-08-29,2,259.9,86.47,346.37,WARS,TSF,KTW,https://skyscanner.net/g/referrals/v1/flights/multicity/?mediaPartnerId=6439681&origin0=wars&date0=2026-08-27&destination0=tsf&origin1=tsf&date1=2026-08-29&destination1=ktw&adultsv2=1&market=PL&locale=pl-PL&currency=PLN,Warszawa-Wenecja,572.1463703703703,-2.6101580653063063,343.77,0.76
Warszawa,Mediolan,Włochy,Kraków,2026-08-29,2026-08-31,2,174.0,172.38,346.38,WARS,MIL,KRK,https://skyscanner.net/g/referrals/v1/flights/multicity/?mediaPartnerId=6439681&origin0=wars&date0=2026-08-29&destination0=mil&origin1=mil&date1=2026-08-31&destination1=krk&adultsv2=1&market=PL&locale=pl-PL&currency=PLN,Warszawa-Mediolan,453.52318390804595,-1.738261314807405,346.4,-0.01
Kraków,Mediolan,Włochy,Kraków,2026-08-28,2026-08-31,3,269.0,77.49,346.49,KRK,MILA,KRK,https://www.skyscanner.net/g/referrals/v1/flights/day-view/?origin=krk&destination=mila&outboundDate=2026-08-28&inboundDate=2026-08-31&market=PL&locale=pl-PL&currency=PLN&mediaPartnerId=6439681,Kraków-Mediolan,419.2978060413355,-1.4535870986048063,331.21,4.61
Kraków,Mediolan,Włochy,Kraków,2026-08-26,2026-08-31,5,269.0,77.49,346.49,KRK,MILA,KRK,https://www.skyscanner.net/g/referrals/v1/flights/day-view/?origin=krk&destination=mila&outboundDate=2026-08-26&inboundDate=2026-08-31&market=PL&locale=pl-PL&currency=PLN&mediaPartnerId=6439681,Kraków-Mediolan,419.2978060413355,-1.4535870986048063,339.81,1.97
Kraków,Mediolan,Włochy,Kraków,2026-08-28,2026-08-31,3,269.0,77.49,346.49,KRK,MILA,KRK,https://www.skyscanner.net/g/referrals/v1/flights/day-view/?origin=krk&destination=mila&outboundDate=2026-08-28&inboundDate=2026-08-31&market=PL&locale=pl-PL&currency=PLN&mediaPartnerId=6439681,Kraków-Mediolan,419.2978060413355,-1.4535870986048063,331.21,4.61
Kraków,Mediolan,Włochy,Kraków,2026-08-27,2026-08-31,4,269.0,77.49,346.49,KRK,MILA,KRK,https://www.skyscanner.net/g/referrals/v1/flights/day-view/?origin=krk&destination=mila&outboundDate=2026-08-27&inboundDate=2026-08-31&market=PL&locale=pl-PL&currency=PLN&mediaPartnerId=6439681,Kraków-Mediolan,419.2978060413355,-1.4535870986048063,355.01,-2.4
Warszawa,Mediolan,Włochy,Kraków,2026-08-26,2026-08-31,5,269.0,77.49,346.49,WARS,MILA,KRK,https://skyscanner.net/g/referrals/v1/flights/multicity/?mediaPartnerId=6439681&origin0=wars&date0=2026-08-26&destination0=mila&origin1=mila&date1=2026-08-31&destination1=krk&adultsv2=1&market=PL&locale=pl-PL&currency=PLN,Warszawa-Mediolan,453.52318390804595,-1.736476705300253,279.35,24.03
Warszawa,Mediolan,Włochy,Poznań,2026-08-26,2026-08-28,2,269.0,77.49,346.49,WARS,MILA,POZ,https://skyscanner.net/g/referrals/v1/flights/multicity/?mediaPartnerId=6439681&origin0=wars&date0=2026-08-26&destination0=mila&origin1=mila&date1=2026-08-28&destination1=poz&adultsv2=1&market=PL&locale=pl-PL&currency=PLN,Warszawa-Mediolan,453.52318390804595,-1.736476705300253,270.74,27.98
Kraków,Mediolan,Włochy,Kraków,2026-08-27,2026-08-31,4,269.0,77.49,346.49,KRK,MILA,KRK,https://www.skyscanner.net/g/referrals/v1/flights/day-view/?origin=krk&destination=mila&outboundDate=2026-08-27&inboundDate=2026-08-31&market=PL&locale=pl-PL&currency=PLN&mediaPartnerId=6439681,Kraków-Mediolan,419.2978060413355,-1.4535870986048063,355.01,-2.4
Kraków,Mediolan,Włochy,Poznań,2026-08-26,2026-08-28,2,269.0,77.49,346.49,KRK,MILA,POZ,https://skyscanner.net/g/referrals/v1/flights/multicity/?mediaPartnerId=6439681&origin0=krk&date0=2026-08-26&destination0=mila&origin1=mila&date1=2026-08-28&destination1=poz&adultsv2=1&market=PL&locale=pl-PL&currency=PLN,Kraków-Mediolan,419.2978060413355,-1.4535870986048063,331.20000000000005,4.62
Kraków,Mediolan,Włochy,Poznań,2026-08-26,2026-08-28,2,269.0,77.49,346.49,KRK,MILA,POZ,https://skyscanner.net/g/referrals/v1/flights/multicity/?mediaPartnerId=6439681&origin0=krk&date0=2026-08-26&destination0=mila&origin1=mila&date1=2026-08-28&destination1=poz&adultsv2=1&market=PL&locale=pl-PL&currency=PLN,Kraków-Mediolan,419.2978060413355,-1.4535870986048063,331.20000000000005,4.62
Warszawa,Mediolan,Włochy,Kraków,2026-08-26,2026-08-31,5,269.0,77.49,346.49,WARS,MILA,KRK,https://skyscanner.net/g/referrals/v1/flights/multicity/?mediaPartnerId=6439681&origin0=wars&date0=2026-08-26&destination0=mila&origin1=mila&date1=2026-08-31&destination1=krk&adultsv2=1&market=PL&locale=pl-PL&currency=PLN,Warszawa-Mediolan,453.52318390804595,-1.736476705300253,279.35,24.03
Warszawa,Mediolan,Włochy,Poznań,2026-08-26,2026-08-28,2,269.0,77.49,346.49,WARS,MILA,POZ,https://skyscanner.net/g/referrals/v1/flights/multicity/?mediaPartnerId=6439681&origin0=wars&date0=2026-08-26&destination0=mila&origin1=mila&date1=2026-08-28&destination1=poz&adultsv2=1&market=PL&locale=pl-PL&currency=PLN,Warszawa-Mediolan,453.52318390804595,-1.736476705300253,270.74,27.98
Kraków,Mediolan,Włochy,Kraków,2026-08-26,2026-08-31,5,269.0,77.49,346.49,KRK,MILA,KRK,https://www.skyscanner.net/g/referrals/v1/flights/day-view/?origin=krk&destination=mila&outboundDate=2026-08-26&inboundDate=2026-08-31&market=PL&locale=pl-PL&currency=PLN&mediaPartnerId=6439681,Kraków-Mediolan,419.2978060413355,-1.4535870986048063,339.81,1.97
Kraków,Katania,Włochy,Warszawa,2026-08-25,2026-08-27,2,173.19,173.49,346.68,KRK,CTA,WARS,https://skyscanner.net/g/referrals/v1/flights/multicity/?mediaPartnerId=6439681&origin0=krk&date0=2026-08-25&destination0=cta&origin1=cta&date1=2026-08-27&destination1=wars&adultsv2=1&market=PL&locale=pl-PL&currency=PLN,Kraków-Katania,456.9820634920635,-2.572030633987454,330.18,5.0
Warszawa,Katania,Włochy,Warszawa,2026-08-25,2026-08-27,2,173.71,173.49,347.20000000000005,WARS,CTA,WARS,https://www.skyscanner.net/g/referrals/v1/flights/day-view/?origin=wars&destination=cta&outboundDate=2026-08-25&inboundDate=2026-08-27&market=PL&locale=pl-PL&currency=PLN&mediaPartnerId=6439681,Warszawa-Katania,480.6408771929825,-3.1585542633851933,341.63,1.63
Gdańsk,Hamburg,Niemcy,Gdańsk,2026-08-26,2026-08-31,5,269.0,78.25,347.25,GDN,HAM,GDN,https://www.skyscanner.net/g/referrals/v1/flights/day-view/?origin=gdn&destination=ham&outboundDate=2026-08-26&inboundDate=2026-08-31&market=PL&locale=pl-PL&currency=PLN&mediaPartnerId=6439681,Gdańsk-Hamburg,433.53333333333336,-1.2437577228574457,347.24,0.0
Wrocław,Mediolan,Włochy,Warszawa,2026-08-29,2026-08-31,2,132.52,215.48,348.0,WRO,MILA,WARS,https://skyscanner.net/g/referrals/v1/flights/multicity/?mediaPartnerId=6439681&origin0=wro&date0=2026-08-29&destination0=mila&origin1=mila&date1=2026-08-31&destination1=wars&adultsv2=1&market=PL&locale=pl-PL&currency=PLN,Wrocław-Mediolan,455.68653333333333,-1.1869318611479387,224.81,54.8
Wrocław,Mediolan,Włochy,Gdańsk,2026-08-27,2026-08-29,2,137.04,211.02,348.06,WRO,MILA,GDN,https://skyscanner.net/g/referrals/v1/flights/multicity/?mediaPartnerId=6439681&origin0=wro&date0=2026-08-27&destination0=mila&origin1=mila&date1=2026-08-29&destination1=gdn&adultsv2=1&market=PL&locale=pl-PL&currency=PLN,Wrocław-Mediolan,455.68653333333333,-1.186270535079911,326.09000000000003,6.74
Poznań,Mediolan,Włochy,Gdańsk,2026-08-26,2026-08-31,5,193.57,155.14,348.71,POZ,MILA,GDN,https://skyscanner.net/g/referrals/v1/flights/multicity/?mediaPartnerId=6439681&origin0=poz&date0=2026-08-26&destination0=mila&origin1=mila&date1=2026-08-31&destination1=gdn&adultsv2=1&market=PL&locale=pl-PL&currency=PLN,Poznań-Mediolan,437.16519801980195,-1.1387257503017554,357.30999999999995,-2.41
Poznań,Mediolan,Włochy,Gdańsk,2026-08-26,2026-08-31,5,193.57,155.14,348.71,POZ,MIL,GDN,https://skyscanner.net/g/referrals/v1/flights/multicity/?mediaPartnerId=6439681&origin0=poz&date0=2026-08-26&destination0=mil&origin1=mil&date1=2026-08-31&destination1=gdn&adultsv2=1&market=PL&locale=pl-PL&currency=PLN,Poznań-Mediolan,437.16519801980195,-1.1387257503017554,357.30999999999995,-2.41
Wrocław,Wenecja,Włochy,Katowice,2026-08-26,2026-08-29,3,262.71,86.47,349.17999999999995,WRO,TSF,KTW,https://skyscanner.net/g/referrals/v1/flights/multicity/?mediaPartnerId=6439681&origin0=wro&date0=2026-08-26&destination0=tsf&origin1=tsf&date1=2026-08-29&destination1=ktw&adultsv2=1&market=PL&locale=pl-PL&currency=PLN,Wrocław-Wenecja,417.75676470588235,-2.148703449317192,320.43,8.97
Warszawa,Mediolan,Włochy,Kraków,2026-08-26,2026-08-31,5,222.41,127.05,349.46,WARS,MILA,KRK,https://skyscanner.net/g/referrals/v1/flights/multicity/?mediaPartnerId=6439681&origin0=wars&date0=2026-08-26&destination0=mila&origin1=mila&date1=2026-08-31&destination1=krk&adultsv2=1&market=PL&locale=pl-PL&currency=PLN,Warszawa-Mediolan,453.52318390804595,-1.6882922486071543,279.35,25.1
Kraków,Mediolan,Włochy,Kraków,2026-08-24,2026-08-28,4,254.57,95.0,349.57,KRK,MILA,KRK,https://www.skyscanner.net/g/referrals/v1/flights/day-view/?origin=krk&destination=mila&outboundDate=2026-08-24&inboundDate=2026-08-28&market=PL&locale=pl-PL&currency=PLN&mediaPartnerId=6439681,Kraków-Mediolan,419.2978060413355,-1.3920957763534394,357.05,-2.09
Kraków,Mediolan,Włochy,Warszawa,2026-08-25,2026-08-27,2,251.04,99.1,350.14,KRK,MILA,WARS,https://skyscanner.net/g/referrals/v1/flights/multicity/?mediaPartnerId=6439681&origin0=krk&date0=2026-08-25&destination0=mila&origin1=mila&date1=2026-08-27&destination1=wars&adultsv2=1&market=PL&locale=pl-PL&currency=PLN,Kraków-Mediolan,419.2978060413355,-1.3807158887939333,288.0,21.58
Kraków,Mediolan,Włochy,Warszawa,2026-08-25,2026-08-27,2,251.04,99.1,350.14,KRK,MIL,WARS,https://skyscanner.net/g/referrals/v1/flights/multicity/?mediaPartnerId=6439681&origin0=krk&date0=2026-08-25&destination0=mil&origin1=mil&date1=2026-08-27&destination1=wars&adultsv2=1&market=PL&locale=pl-PL&currency=PLN,Kraków-Mediolan,419.2978060413355,-1.3807158887939333,308.1,13.64
Wrocław,Bolonia,Włochy,Kraków,2026-08-25,2026-08-27,2,211.02,139.23,350.25,WRO,BLQ,KRK,https://skyscanner.net/g/referrals/v1/flights/multicity/?mediaPartnerId=6439681&origin0=wro&date0=2026-08-25&destination0=blq&origin1=blq&date1=2026-08-27&destination1=krk&adultsv2=1&market=PL&locale=pl-PL&currency=PLN,Wrocław-Bolonia,437.33933333333334,-1.5469358874771473,305.96000000000004,14.48
Gdańsk,Turku,Finlandia,Gdańsk,2026-08-26,2026-08-29,3,109.0,241.35,350.35,GDN,TKU,GDN,https://www.skyscanner.net/g/referrals/v1/flights/day-view/?origin=gdn&destination=tku&outboundDate=2026-08-26&inboundDate=2026-08-29&market=PL&locale=pl-PL&currency=PLN&mediaPartnerId=6439681,Gdańsk-Turku,394.545,-1.0608626242940935,330.35,6.05
Gdańsk,Wilno,Litwa,Kraków,2026-08-27,2026-08-31,4,179.0,172.38,351.38,GDN,VNO,KRK,https://skyscanner.net/g/referrals/v1/flights/multicity/?mediaPartnerId=6439681&origin0=gdn&date0=2026-08-27&destination0=vno&origin1=vno&date1=2026-08-31&destination1=krk&adultsv2=1&market=PL&locale=pl-PL&currency=PLN,Gdańsk-Wilno,379.11777777777775,-2.2051996401176455,351.38,0.0
Kraków,Mediolan,Włochy,Warszawa,2026-08-25,2026-08-31,6,251.04,100.37,351.40999999999997,KRK,MILA,WARS,https://skyscanner.net/g/referrals/v1/flights/multicity/?mediaPartnerId=6439681&origin0=krk&date0=2026-08-25&destination0=mila&origin1=mila&date1=2026-08-31&destination1=wars&adultsv2=1&market=PL&locale=pl-PL&currency=PLN,Kraków-Mediolan,419.2978060413355,-1.3553607007227528,296.76,18.42
Wrocław,Mediolan,Włochy,Kraków,2026-08-25,2026-08-27,2,265.46,86.1,351.55999999999995,WRO,MILA,KRK,https://skyscanner.net/g/referrals/v1/flights/multicity/?mediaPartnerId=6439681&origin0=wro&date0=2026-08-25&destination0=mila&origin1=mila&date1=2026-08-27&destination1=krk&adultsv2=1&market=PL&locale=pl-PL&currency=PLN,Wrocław-Mediolan,455.68653333333333,-1.147693181111624,,0.0
Warszawa,Mediolan,Włochy,Warszawa,2026-08-26,2026-08-31,5,222.41,129.27,351.68,WARS,MILA,WARS,https://www.skyscanner.net/g/referrals/v1/flights/day-view/?origin=wars&destination=mila&outboundDate=2026-08-26&inboundDate=2026-08-31&market=PL&locale=pl-PL&currency=PLN&mediaPartnerId=6439681,Warszawa-Mediolan,453.52318390804595,-1.6522755840082717,281.1,25.11
Warszawa,Mediolan,Włochy,Warszawa,2026-08-26,2026-08-31,5,222.41,129.27,351.68,WARS,MIL,WARS,https://www.skyscanner.net/g/referrals/v1/flights/day-view/?origin=wars&destination=mil&outboundDate=2026-08-26&inboundDate=2026-08-31&market=PL&locale=pl-PL&currency=PLN&mediaPartnerId=6439681,Warszawa-Mediolan,453.52318390804595,-1.6522755840082717,322.61,9.01
Warszawa,Mediolan,Włochy,Kraków,2026-08-26,2026-08-31,5,225.26,127.05,352.31,WARS,MILA,KRK,https://skyscanner.net/g/referrals/v1/flights/multicity/?mediaPartnerId=6439681&origin0=wars&date0=2026-08-26&destination0=mila&origin1=mila&date1=2026-08-31&destination1=krk&adultsv2=1&market=PL&locale=pl-PL&currency=PLN,Warszawa-Mediolan,453.52318390804595,-1.6420546386491297,279.35,26.12
Wrocław,Mediolan,Włochy,Poznań,2026-08-27,2026-08-29,2,137.04,215.33,352.37,WRO,MILA,POZ,https://skyscanner.net/g/referrals/v1/flights/multicity/?mediaPartnerId=6439681&origin0=wro&date0=2026-08-27&destination0=mila&origin1=mila&date1=2026-08-29&destination1=poz&adultsv2=1&market=PL&locale=pl-PL&currency=PLN,Wrocław-Mediolan,455.68653333333333,-1.1387652791932483,347.6,1.37
Wrocław,Mediolan,Włochy,Warszawa,2026-08-27,2026-08-31,4,137.04,215.48,352.52,WRO,MILA,WARS,https://skyscanner.net/g/referrals/v1/flights/multicity/?mediaPartnerId=6439681&origin0=wro&date0=2026-08-27&destination0=mila&origin1=mila&date1=2026-08-31&destination1=wars&adultsv2=1&market=PL&locale=pl-PL&currency=PLN,Wrocław-Mediolan,455.68653333333333,-1.137111964023179,220.28000000000003,60.03
Warszawa,Mediolan,Włochy,Katowice,2026-08-25,2026-08-27,2,279.18,73.43,352.61,WARS,MILA,KTW,https://skyscanner.net/g/referrals/v1/flights/multicity/?mediaPartnerId=6439681&origin0=wars&date0=2026-08-25&destination0=mila&origin1=mila&date1=2026-08-27&destination1=ktw&adultsv2=1&market=PL&locale=pl-PL&currency=PLN,Warszawa-Mediolan,453.52318390804595,-1.6371875218114427,289.7,21.72
Poznań,Mediolan,Włochy,Kraków,2026-08-27,2026-08-30,3,172.06,180.87,352.93,POZ,MILA,KRK,https://skyscanner.net/g/referrals/v1/flights/multicity/?mediaPartnerId=6439681&origin0=poz&date0=2026-08-27&destination0=mila&origin1=mila&date1=2026-08-30&destination1=krk&adultsv2=1&market=PL&locale=pl-PL&currency=PLN,Poznań-Mediolan,437.16519801980195,-1.0843996872342387,326.9,7.96
Kraków,Mediolan,Włochy,Warszawa,2026-08-24,2026-08-27,3,254.57,99.1,353.66999999999996,KRK,MIL,WARS,https://skyscanner.net/g/referrals/v1/flights/multicity/?mediaPartnerId=6439681&origin0=krk&date0=2026-08-24&destination0=mil&origin1=mil&date1=2026-08-27&destination1=wars&adultsv2=1&market=PL&locale=pl-PL&currency=PLN,Kraków-Mediolan,419.2978060413355,-1.3102404447850615,361.15,-2.07
Kraków,Mediolan,Włochy,Warszawa,2026-08-24,2026-08-27,3,254.57,99.1,353.66999999999996,KRK,MILA,WARS,https://skyscanner.net/g/referrals/v1/flights/multicity/?mediaPartnerId=6439681&origin0=krk&date0=2026-08-24&destination0=mila&origin1=mila&date1=2026-08-27&destination1=wars&adultsv2=1&market=PL&locale=pl-PL&currency=PLN,Kraków-Mediolan,419.2978060413355,-1.3102404447850615,341.05,3.7
Warszawa,Mediolan,Włochy,Kraków,2026-08-25,2026-08-28,3,259.3,95.0,354.3,WARS,MILA,KRK,https://skyscanner.net/g/referrals/v1/flights/multicity/?mediaPartnerId=6439681&origin0=wars&date0=2026-08-25&destination0=mila&origin1=mila&date1=2026-08-28&destination1=krk&adultsv2=1&market=PL&locale=pl-PL&currency=PLN,Warszawa-Mediolan,453.52318390804595,-1.6097694302924739,311.28,13.82
Warszawa,Mediolan,Włochy,Warszawa,2026-08-26,2026-08-31,5,225.26,129.27,354.53,WARS,MILA,WARS,https://www.skyscanner.net/g/referrals/v1/flights/day-view/?origin=wars&destination=mila&outboundDate=2026-08-26&inboundDate=2026-08-31&market=PL&locale=pl-PL&currency=PLN&mediaPartnerId=6439681,Warszawa-Mediolan,453.52318390804595,-1.606037974050248,281.1,26.12
Warszawa,Mediolan,Włochy,Warszawa,2026-08-26,2026-08-31,5,225.26,129.27,354.53,WARS,MIL,WARS,https://www.skyscanner.net/g/referrals/v1/flights/day-view/?origin=wars&destination=mil&outboundDate=2026-08-26&inboundDate=2026-08-31&market=PL&locale=pl-PL&currency=PLN&mediaPartnerId=6439681,Warszawa-Mediolan,453.52318390804595,-1.606037974050248,322.61,9.89
Katowice,Mediolan,Włochy,Poznań,2026-08-26,2026-08-28,2,277.04,77.49,354.53000000000003,KTW,MILA,POZ,https://skyscanner.net/g/referrals/v1/flights/multicity/?mediaPartnerId=6439681&origin0=ktw&date0=2026-08-26&destination0=mila&origin1=mila&date1=2026-08-28&destination1=poz&adultsv2=1&market=PL&locale=pl-PL&currency=PLN,Katowice-Mediolan,451.1714666666667,-1.5687902590195206,254.52,39.29
Katowice,Mediolan,Włochy,Kraków,2026-08-26,2026-08-31,5,277.04,77.49,354.53000000000003,KTW,MILA,KRK,https://skyscanner.net/g/referrals/v1/flights/multicity/?mediaPartnerId=6439681&origin0=ktw&date0=2026-08-26&destination0=mila&origin1=mila&date1=2026-08-31&destination1=krk&adultsv2=1&market=PL&locale=pl-PL&currency=PLN,Katowice-Mediolan,451.1714666666667,-1.5687902590195206,263.13,34.74
Kraków,Stavanger,Norwegia,Gdańsk,2026-08-28,2026-08-31,3,209.0,145.77,354.77,KRK,SVG,GDN,https://skyscanner.net/g/referrals/v1/flights/multicity/?mediaPartnerId=6439681&origin0=krk&date0=2026-08-28&destination0=svg&origin1=svg&date1=2026-08-31&destination1=gdn&adultsv2=1&market=PL&locale=pl-PL&currency=PLN,Kraków-Stavanger,420.3233333333333,-1.1424675059669593,354.77,0.0
Kraków,Mediolan,Włochy,Warszawa,2026-08-24,2026-08-31,7,254.57,100.37,354.94,KRK,MILA,WARS,https://skyscanner.net/g/referrals/v1/flights/multicity/?mediaPartnerId=6439681&origin0=krk&date0=2026-08-24&destination0=mila&origin1=mila&date1=2026-08-31&destination1=wars&adultsv2=1&market=PL&locale=pl-PL&currency=PLN,Kraków-Mediolan,419.2978060413355,-1.2848852567138802,349.81,1.47
Kraków,Mediolan,Włochy,Gdańsk,2026-08-25,2026-08-27,2,209.0,146.24,355.24,KRK,MILA,GDN,https://skyscanner.net/g/referrals/v1/flights/multicity/?mediaPartnerId=6439681&origin0=krk&date0=2026-08-25&destination0=mila&origin1=mila&date1=2026-08-27&destination1=gdn&adultsv2=1&market=PL&locale=pl-PL&currency=PLN,Kraków-Mediolan,419.2978060413355,-1.2788958422088765,355.24,0.0
Kraków,Mediolan,Włochy,Gdańsk,2026-08-25,2026-08-27,2,209.0,146.24,355.24,KRK,MILA,GDN,https://skyscanner.net/g/referrals/v1/flights/multicity/?mediaPartnerId=6439681&origin0=krk&date0=2026-08-25&destination0=mila&origin1=mila&date1=2026-08-27&destination1=gdn&adultsv2=1&market=PL&locale=pl-PL&currency=PLN,Kraków-Mediolan,419.2978060413355,-1.2788958422088765,355.24,0.0
Szczecin,Kraków,Polska,Szczecin,2026-08-26,2026-08-31,5,226.45,128.98,355.42999999999995,SZZ,KRK,SZZ,https://www.skyscanner.net/g/referrals/v1/flights/day-view/?origin=szz&destination=krk&outboundDate=2026-08-26&inboundDate=2026-08-31&market=PL&locale=pl-PL&currency=PLN&mediaPartnerId=6439681,Szczecin-Kraków,530.1433333333333,-1.761758502616364,437.09,-18.68
Wrocław,Mediolan,Włochy,Warszawa,2026-08-27,2026-08-29,2,137.04,219.15,356.19,WRO,MILA,WARS,https://skyscanner.net/g/referrals/v1/flights/multicity/?mediaPartnerId=6439681&origin0=wro&date0=2026-08-27&destination0=mila&origin1=mila&date1=2026-08-29&destination1=wars&adultsv2=1&market=PL&locale=pl-PL&currency=PLN,Wrocław-Mediolan,455.68653333333333,-1.096660852862146,,0.0
Kraków,Mediolan,Włochy,Katowice,2026-08-25,2026-08-28,3,251.04,105.4,356.44,KRK,MILA,KTW,https://skyscanner.net/g/referrals/v1/flights/multicity/?mediaPartnerId=6439681&origin0=krk&date0=2026-08-25&destination0=mila&origin1=mila&date1=2026-08-28&destination1=ktw&adultsv2=1&market=PL&locale=pl-PL&currency=PLN,Kraków-Mediolan,419.2978060413355,-1.2549381841888636,314.4,13.37
Warszawa,Mediolan,Włochy,Poznań,2026-08-25,2026-08-28,3,279.18,77.49,356.67,WARS,MILA,POZ,https://skyscanner.net/g/referrals/v1/flights/multicity/?mediaPartnerId=6439681&origin0=wars&date0=2026-08-25&destination0=mila&origin1=mila&date1=2026-08-28&destination1=poz&adultsv2=1&market=PL&locale=pl-PL&currency=PLN,Warszawa-Mediolan,453.52318390804595,-1.5713192072747482,293.68,21.45
Warszawa,Mediolan,Włochy,Kraków,2026-08-25,2026-08-31,6,279.18,77.49,356.67,WARS,MILA,KRK,https://skyscanner.net/g/referrals/v1/flights/multicity/?mediaPartnerId=6439681&origin0=wars&date0=2026-08-25&destination0=mila&origin1=mila&date1=2026-08-31&destination1=krk&adultsv2=1&market=PL&locale=pl-PL&currency=PLN,Warszawa-Mediolan,453.52318390804595,-1.5713192072747482,302.29,17.99
Kraków,Katania,Włochy,Warszawa,2026-08-24,2026-08-27,3,183.35,173.49,356.84000000000003,KRK,CTA,WARS,https://skyscanner.net/g/referrals/v1/flights/multicity/?mediaPartnerId=6439681&origin0=krk&date0=2026-08-24&destination0=cta&origin1=cta&date1=2026-08-27&destination1=wars&adultsv2=1&market=PL&locale=pl-PL&currency=PLN,Kraków-Katania,456.9820634920635,-2.335119098391451,349.59000000000003,2.07
Kraków,Mediolan,Włochy,Gdańsk,2026-08-24,2026-08-26,2,254.57,102.7,357.27,KRK,MILA,GDN,https://skyscanner.net/g/referrals/v1/flights/multicity/?mediaPartnerId=6439681&origin0=krk&date0=2026-08-24&destination0=mila&origin1=mila&date1=2026-08-26&destination1=gdn&adultsv2=1&market=PL&locale=pl-PL&currency=PLN,Kraków-Mediolan,419.2978060413355,-1.2383674707250214,349.03000000000003,2.36
Poznań,Mediolan,Włochy,Gdańsk,2026-08-28,2026-08-31,3,202.17,155.14,357.30999999999995,POZ,MILA,GDN,https://skyscanner.net/g/referrals/v1/flights/multicity/?mediaPartnerId=6439681&origin0=poz&date0=2026-08-28&destination0=mila&origin1=mila&date1=2026-08-31&destination1=gdn&adultsv2=1&market=PL&locale=pl-PL&currency=PLN,Poznań-Mediolan,437.16519801980195,-1.0280138682210354,,0.0
Poznań,Mediolan,Włochy,Gdańsk,2026-08-28,2026-08-31,3,202.17,155.14,357.30999999999995,POZ,MIL,GDN,https://skyscanner.net/g/referrals/v1/flights/multicity/?mediaPartnerId=6439681&origin0=poz&date0=2026-08-28&destination0=mil&origin1=mil&date1=2026-08-31&destination1=gdn&adultsv2=1&market=PL&locale=pl-PL&currency=PLN,Poznań-Mediolan,437.16519801980195,-1.0280138682210354,,0.0
Kraków,Mediolan,Włochy,Kraków,2026-08-26,2026-08-28,2,262.41,95.0,357.41,KRK,MILA,KRK,https://www.skyscanner.net/g/referrals/v1/flights/day-view/?origin=krk&destination=mila&outboundDate=2026-08-26&inboundDate=2026-08-28&market=PL&locale=pl-PL&currency=PLN&mediaPartnerId=6439681,Kraków-Mediolan,419.2978060413355,-1.2355724106226857,348.8,2.47
Warszawa,Mediolan,Włochy,Kraków,2026-08-29,2026-08-31,2,230.59,127.05,357.64,WARS,MILA,KRK,https://skyscanner.net/g/referrals/v1/flights/multicity/?mediaPartnerId=6439681&origin0=wars&date0=2026-08-29&destination0=mila&origin1=mila&date1=2026-08-31&destination1=krk&adultsv2=1&market=PL&locale=pl-PL&currency=PLN,Warszawa-Mediolan,453.52318390804595,-1.5555821961662282,260.03000000000003,37.54
Katowice,Mediolan,Włochy,Gdańsk,2026-08-29,2026-08-31,2,202.54,155.14,357.67999999999995,KTW,MIL,GDN,https://skyscanner.net/g/referrals/v1/flights/multicity/?mediaPartnerId=6439681&origin0=ktw&date0=2026-08-29&destination0=mil&origin1=mil&date1=2026-08-31&destination1=gdn&adultsv2=1&market=PL&locale=pl-PL&currency=PLN,Katowice-Mediolan,451.1714666666667,-1.5176560048907406,,0.0
Katowice,Mediolan,Włochy,Gdańsk,2026-08-29,2026-08-31,2,202.54,155.14,357.67999999999995,KTW,MILA,GDN,https://skyscanner.net/g/referrals/v1/flights/multicity/?mediaPartnerId=6439681&origin0=ktw&date0=2026-08-29&destination0=mila&origin1=mila&date1=2026-08-31&destination1=gdn&adultsv2=1&market=PL&locale=pl-PL&currency=PLN,Katowice-Mediolan,451.1714666666667,-1.5176560048907406,,0.0
Kraków,Mediolan,Włochy,Gdańsk,2026-08-24,2026-08-26,2,254.57,103.41,357.98,KRK,MILA,GDN,https://skyscanner.net/g/referrals/v1/flights/multicity/?mediaPartnerId=6439681&origin0=krk&date0=2026-08-24&destination0=mila&origin1=mila&date1=2026-08-26&destination1=gdn&adultsv2=1&market=PL&locale=pl-PL&currency=PLN,Kraków-Mediolan,419.2978060413355,-1.2241925230631796,349.03000000000003,2.56
Kraków,Mediolan,Włochy,Gdańsk,2026-08-24,2026-08-26,2,254.57,103.41,357.98,KRK,MIL,GDN,https://skyscanner.net/g/referrals/v1/flights/multicity/?mediaPartnerId=6439681&origin0=krk&date0=2026-08-24&destination0=mil&origin1=mil&date1=2026-08-26&destination1=gdn&adultsv2=1&market=PL&locale=pl-PL&currency=PLN,Kraków-Mediolan,419.2978060413355,-1.2241925230631796,365.46,-2.05
Kraków,Mediolan,Włochy,Kraków,2026-08-24,2026-08-26,2,254.57,103.41,357.98,KRK,MIL,KRK,https://www.skyscanner.net/g/referrals/v1/flights/day-view/?origin=krk&destination=mil&outboundDate=2026-08-24&inboundDate=2026-08-26&market=PL&locale=pl-PL&currency=PLN&mediaPartnerId=6439681,Kraków-Mediolan,419.2978060413355,-1.2241925230631796,365.46,-2.05
Kraków,Mediolan,Włochy,Kraków,2026-08-24,2026-08-26,2,254.57,103.41,357.98,KRK,MILA,KRK,https://www.skyscanner.net/g/referrals/v1/flights/day-view/?origin=krk&destination=mila&outboundDate=2026-08-24&inboundDate=2026-08-26&market=PL&locale=pl-PL&currency=PLN&mediaPartnerId=6439681,Kraków-Mediolan,419.2978060413355,-1.2241925230631796,339.45000000000005,5.46
Warszawa,Mediolan,Włochy,Warszawa,2026-08-25,2026-08-27,2,279.18,79.0,358.18,WARS,MILA,WARS,https://www.skyscanner.net/g/referrals/v1/flights/day-view/?origin=wars&destination=mila&outboundDate=2026-08-25&inboundDate=2026-08-27&market=PL&locale=pl-PL&currency=PLN&mediaPartnerId=6439681,Warszawa-Mediolan,453.52318390804595,-1.5468213858583917,295.28,21.3
Warszawa,Mediolan,Włochy,Warszawa,2026-08-25,2026-08-27,2,259.3,99.1,358.4,WARS,MIL,WARS,https://www.skyscanner.net/g/referrals/v1/flights/day-view/?origin=wars&destination=mil&outboundDate=2026-08-25&inboundDate=2026-08-27&market=PL&locale=pl-PL&currency=PLN&mediaPartnerId=6439681,Warszawa-Mediolan,453.52318390804595,-1.5432521668440884,315.38,13.64
Warszawa,Mediolan,Włochy,Warszawa,2026-08-25,2026-08-27,2,259.3,99.1,358.4,WARS,MILA,WARS,https://www.skyscanner.net/g/referrals/v1/flights/day-view/?origin=wars&destination=mila&outboundDate=2026-08-25&inboundDate=2026-08-27&market=PL&locale=pl-PL&currency=PLN&mediaPartnerId=6439681,Warszawa-Mediolan,453.52318390804595,-1.5432521668440884,295.28,21.38
Kraków,Mediolan,Włochy,Warszawa,2026-08-29,2026-08-31,2,258.11,100.37,358.48,KRK,MILA,WARS,https://skyscanner.net/g/referrals/v1/flights/multicity/?mediaPartnerId=6439681&origin0=krk&date0=2026-08-29&destination0=mila&origin1=mila&date1=2026-08-31&destination1=wars&adultsv2=1&market=PL&locale=pl-PL&currency=PLN,Kraków-Mediolan,419.2978060413355,-1.2142101655548407,296.76,20.8
Kraków,Mediolan,Włochy,Kraków,2026-08-25,2026-08-27,2,251.04,107.72,358.76,KRK,MILA,KRK,https://www.skyscanner.net/g/referrals/v1/flights/day-view/?origin=krk&destination=mila&outboundDate=2026-08-25&inboundDate=2026-08-27&market=PL&locale=pl-PL&currency=PLN&mediaPartnerId=6439681,Kraków-Mediolan,419.2978060413355,-1.2086200453501714,304.0,18.01
Kraków,Mediolan,Włochy,Kraków,2026-08-25,2026-08-27,2,251.04,107.72,358.76,KRK,MIL,KRK,https://www.skyscanner.net/g/referrals/v1/flights/day-view/?origin=krk&destination=mil&outboundDate=2026-08-25&inboundDate=2026-08-27&market=PL&locale=pl-PL&currency=PLN&mediaPartnerId=6439681,Kraków-Mediolan,419.2978060413355,-1.2086200453501714,316.72,13.27
Poznań,Mediolan,Włochy,Warszawa,2026-08-29,2026-08-31,2,189.27,169.74,359.01,POZ,MILA,WARS,https://skyscanner.net/g/referrals/v1/flights/multicity/?mediaPartnerId=6439681&origin0=poz&date0=2026-08-29&destination0=mila&origin1=mila&date1=2026-08-31&destination1=wars&adultsv2=1&market=PL&locale=pl-PL&currency=PLN,Poznań-Mediolan,437.16519801980195,-1.0061289612981017,281.33,27.61
Warszawa,Mediolan,Włochy,Warszawa,2026-08-25,2026-08-31,6,259.3,100.37,359.67,WARS,MILA,WARS,https://www.skyscanner.net/g/referrals/v1/flights/day-view/?origin=wars&destination=mila&outboundDate=2026-08-25&inboundDate=2026-08-31&market=PL&locale=pl-PL&currency=PLN&mediaPartnerId=6439681,Warszawa-Mediolan,453.52318390804595,-1.5226480388978805,304.04,18.3
Gdańsk,Mediolan,Włochy,Warszawa,2026-08-29,2026-08-31,2,259.31,100.37,359.68,GDN,MILA,WARS,https://skyscanner.net/g/referrals/v1/flights/multicity/?mediaPartnerId=6439681&origin0=gdn&date0=2026-08-29&destination0=mila&origin1=mila&date1=2026-08-31&destination1=wars&adultsv2=1&market=PL&locale=pl-PL&currency=PLN,Gdańsk-Mediolan,648.5529940119761,-2.8147526824427187,369.66,-2.7
Warszawa,Mediolan,Włochy,Warszawa,2026-08-29,2026-08-31,2,230.59,129.27,359.86,WARS,MIL,WARS,https://www.skyscanner.net/g/referrals/v1/flights/day-view/?origin=wars&destination=mil&outboundDate=2026-08-29&inboundDate=2026-08-31&market=PL&locale=pl-PL&currency=PLN&mediaPartnerId=6439681,Warszawa-Mediolan,453.52318390804595,-1.5195655315673455,303.29,18.65
Warszawa,Mediolan,Włochy,Warszawa,2026-08-29,2026-08-31,2,230.59,129.27,359.86,WARS,MILA,WARS,https://www.skyscanner.net/g/referrals/v1/flights/day-view/?origin=wars&destination=mila&outboundDate=2026-08-29&inboundDate=2026-08-31&market=PL&locale=pl-PL&currency=PLN&mediaPartnerId=6439681,Warszawa-Mediolan,453.52318390804595,-1.5195655315673455,261.78000000000003,37.47
Kraków,Mediolan,Włochy,Katowice,2026-08-24,2026-08-28,4,254.57,105.4,359.97,KRK,MILA,KTW,https://skyscanner.net/g/referrals/v1/flights/multicity/?mediaPartnerId=6439681&origin0=krk&date0=2026-08-24&destination0=mila&origin1=mila&date1=2026-08-28&destination1=ktw&adultsv2=1&market=PL&locale=pl-PL&currency=PLN,Kraków-Mediolan,419.2978060413355,-1.1844627401799908,367.4500000000001,-2.04
Warszawa,Oslo,Norwegia,Poznań,2026-08-29,2026-08-31,2,209.0,151.45,360.45,WARS,OSLO,POZ,https://skyscanner.net/g/referrals/v1/flights/multicity/?mediaPartnerId=6439681&origin0=wars&date0=2026-08-29&destination0=oslo&origin1=oslo&date1=2026-08-31&destination1=poz&adultsv2=1&market=PL&locale=pl-PL&currency=PLN,Warszawa-Oslo,436.12703125,-1.0274164111788826,,0.0
Wrocław,Mediolan,Włochy,Kraków,2026-08-25,2026-08-28,3,265.46,95.0,360.46,WRO,MILA,KRK,https://skyscanner.net/g/referrals/v1/flights/multicity/?mediaPartnerId=6439681&origin0=wro&date0=2026-08-25&destination0=mila&origin1=mila&date1=2026-08-28&destination1=krk&adultsv2=1&market=PL&locale=pl-PL&currency=PLN,Wrocław-Mediolan,455.68653333333333,-1.0495964810208356,,0.0
Wrocław,Mediolan,Włochy,Warszawa,2026-08-27,2026-08-30,3,137.04,223.45,360.49,WRO,MILA,WARS,https://skyscanner.net/g/referrals/v1/flights/multicity/?mediaPartnerId=6439681&origin0=wro&date0=2026-08-27&destination0=mila&origin1=mila&date1=2026-08-30&destination1=wars&adultsv2=1&market=PL&locale=pl-PL&currency=PLN,Wrocław-Mediolan,455.68653333333333,-1.0492658179868213,332.63,8.38
Katowice,Dubrovnik,Chorwacja,Gdańsk,2026-08-23,2026-08-27,4,86.01,274.72,360.73,KTW,DBV,GDN,https://skyscanner.net/g/referrals/v1/flights/multicity/?mediaPartnerId=6439681&origin0=ktw&date0=2026-08-23&destination0=dbv&origin1=dbv&date1=2026-08-27&destination1=gdn&adultsv2=1&market=PL&locale=pl-PL&currency=PLN,Katowice-Dubrovnik,505.67133333333334,-1.9531834072881649,430.81,-16.27
Kraków,Mediolan,Włochy,Warszawa,2026-08-25,2026-08-27,2,251.04,109.84,360.88,KRK,MILA,WARS,https://skyscanner.net/g/referrals/v1/flights/multicity/?mediaPartnerId=6439681&origin0=krk&date0=2026-08-25&destination0=mila&origin1=mila&date1=2026-08-27&destination1=wars&adultsv2=1&market=PL&locale=pl-PL&currency=PLN,Kraków-Mediolan,419.2978060413355,-1.1662948495148147,288.0,25.31
Poznań,Zadar,Chorwacja,Warszawa,2026-08-25,2026-08-28,3,124.73,236.15,360.88,POZ,ZAD,WARS,https://skyscanner.net/g/referrals/v1/flights/multicity/?mediaPartnerId=6439681&origin0=poz&date0=2026-08-25&destination0=zad&origin1=zad&date1=2026-08-28&destination1=wars&adultsv2=1&market=PL&locale=pl-PL&currency=PLN,Poznań-Zadar,663.7591025641026,-2.9069897228033055,327.94,10.04
Wrocław,Mediolan,Włochy,Wrocław,2026-08-27,2026-08-30,3,137.04,224.01,361.04999999999995,WRO,MILA,WRO,https://www.skyscanner.net/g/referrals/v1/flights/day-view/?origin=wro&destination=mila&outboundDate=2026-08-27&inboundDate=2026-08-30&market=PL&locale=pl-PL&currency=PLN&mediaPartnerId=6439681,Wrocław-Mediolan,455.68653333333333,-1.043093441351896,,0.0
Warszawa,Mediolan,Włochy,Kraków,2026-08-28,2026-08-31,3,234.24,127.05,361.29,WARS,MILA,KRK,https://skyscanner.net/g/referrals/v1/flights/multicity/?mediaPartnerId=6439681&origin0=wars&date0=2026-08-28&destination0=mila&origin1=mila&date1=2026-08-31&destination1=krk&adultsv2=1&market=PL&locale=pl-PL&currency=PLN,Warszawa-Mediolan,453.52318390804595,-1.4963656079743717,276.92,30.47
Kraków,Mediolan,Włochy,Kraków,2026-08-24,2026-08-27,3,254.57,107.72,362.28999999999996,KRK,MILA,KRK,https://www.skyscanner.net/g/referrals/v1/flights/day-view/?origin=krk&destination=mila&outboundDate=2026-08-24&inboundDate=2026-08-27&market=PL&locale=pl-PL&currency=PLN&mediaPartnerId=6439681,Kraków-Mediolan,419.2978060413355,-1.1381446013413,357.05,1.47
Kraków,Mediolan,Włochy,Kraków,2026-08-24,2026-08-27,3,254.57,107.72,362.28999999999996,KRK,MIL,KRK,https://www.skyscanner.net/g/referrals/v1/flights/day-view/?origin=krk&destination=mil&outboundDate=2026-08-24&inboundDate=2026-08-27&market=PL&locale=pl-PL&currency=PLN&mediaPartnerId=6439681,Kraków-Mediolan,419.2978060413355,-1.1381446013413,,0.0
Kraków,Mediolan,Włochy,Kraków,2026-08-25,2026-08-28,3,251.04,111.26,362.3,KRK,MILA,KRK,https://www.skyscanner.net/g/referrals/v1/flights/day-view/?origin=krk&destination=mila&outboundDate=2026-08-25&inboundDate=2026-08-28&market=PL&locale=pl-PL&currency=PLN&mediaPartnerId=6439681,Kraków-Mediolan,419.2978060413355,-1.1379449541911322,304.0,19.18
Warszawa,Mediolan,Włochy,Gdańsk,2026-08-24,2026-08-27,3,216.26,146.24,362.5,WARS,MILA,GDN,https://skyscanner.net/g/referrals/v1/flights/multicity/?mediaPartnerId=6439681&origin0=wars&date0=2026-08-24&destination0=mila&origin1=mila&date1=2026-08-27&destination1=gdn&adultsv2=1&market=PL&locale=pl-PL&currency=PLN,Warszawa-Mediolan,453.52318390804595,-1.476734903395702,345.06,5.05
Warszawa,Mediolan,Włochy,Gdańsk,2026-08-29,2026-08-31,2,174.0,188.77,362.77,WARS,MILA,GDN,https://skyscanner.net/g/referrals/v1/flights/multicity/?mediaPartnerId=6439681&origin0=wars&date0=2026-08-29&destination0=mila&origin1=mila&date1=2026-08-31&destination1=gdn&adultsv2=1&market=PL&locale=pl-PL&currency=PLN,Warszawa-Mediolan,453.52318390804595,-1.4723544982417842,329.16,10.21
Kraków,Mediolan,Włochy,Warszawa,2026-08-26,2026-08-31,5,262.41,100.37,362.78000000000003,KRK,MILA,WARS,https://skyscanner.net/g/referrals/v1/flights/multicity/?mediaPartnerId=6439681&origin0=krk&date0=2026-08-26&destination0=mila&origin1=mila&date1=2026-08-31&destination1=wars&adultsv2=1&market=PL&locale=pl-PL&currency=PLN,Kraków-Mediolan,419.2978060413355,-1.1283618909831266,341.56,6.21
Warszawa,Oslo (Wszystkie lotniska),Norwegia,Gdańsk,2026-08-26,2026-08-31,5,249.0,114.16,363.15999999999997,WARS,OOS,GDN,https://skyscanner.net/g/referrals/v1/flights/multicity/?mediaPartnerId=6439681&origin0=wars&date0=2026-08-26&destination0=oos&origin1=oos&date1=2026-08-31&destination1=gdn&adultsv2=1&market=PL&locale=pl-PL&currency=PLN,Warszawa-Oslo (Wszystkie lotniska),477.6215384615385,-1.3242906851092813,363.16,-0.0
Warszawa,Oslo (Wszystkie lotniska),Norwegia,Gdańsk,2026-08-27,2026-08-31,4,249.0,114.16,363.15999999999997,WARS,OOS,GDN,https://skyscanner.net/g/referrals/v1/flights/multicity/?mediaPartnerId=6439681&origin0=wars&date0=2026-08-27&destination0=oos&origin1=oos&date1=2026-08-31&destination1=gdn&adultsv2=1&market=PL&locale=pl-PL&currency=PLN,Warszawa-Oslo (Wszystkie lotniska),477.6215384615385,-1.3242906851092813,293.16,23.88
Kraków,Oslo (Wszystkie lotniska),Norwegia,Gdańsk,2026-08-28,2026-08-31,3,249.0,114.16,363.15999999999997,KRK,OOS,GDN,https://skyscanner.net/g/referrals/v1/flights/multicity/?mediaPartnerId=6439681&origin0=krk&date0=2026-08-28&destination0=oos&origin1=oos&date1=2026-08-31&destination1=gdn&adultsv2=1&market=PL&locale=pl-PL&currency=PLN,Kraków-Oslo (Wszystkie lotniska),471.6685714285714,-1.735595706558116,363.16,-0.0
Warszawa,Mediolan,Włochy,Warszawa,2026-08-28,2026-08-31,3,234.24,129.27,363.51,WARS,MIL,WARS,https://www.skyscanner.net/g/referrals/v1/flights/day-view/?origin=wars&destination=mil&outboundDate=2026-08-28&inboundDate=2026-08-31&market=PL&locale=pl-PL&currency=PLN&mediaPartnerId=6439681,Warszawa-Mediolan,453.52318390804595,-1.4603489433754901,320.18,13.53
Warszawa,Mediolan,Włochy,Warszawa,2026-08-28,2026-08-31,3,234.24,129.27,363.51,WARS,MILA,WARS,https://www.skyscanner.net/g/referrals/v1/flights/day-view/?origin=wars&destination=mila&outboundDate=2026-08-28&inboundDate=2026-08-31&market=PL&locale=pl-PL&currency=PLN&mediaPartnerId=6439681,Warszawa-Mediolan,453.52318390804595,-1.4603489433754901,278.67,30.44
Kraków,Mediolan,Włochy,Kraków,2026-08-26,2026-08-28,2,269.0,95.0,364.0,KRK,MILA,KRK,https://www.skyscanner.net/g/referrals/v1/flights/day-view/?origin=krk&destination=mila&outboundDate=2026-08-26&inboundDate=2026-08-28&market=PL&locale=pl-PL&currency=PLN&mediaPartnerId=6439681,Kraków-Mediolan,419.2978060413355,-1.1040049386627804,348.8,4.36
Warszawa,Mediolan,Włochy,Kraków,2026-08-26,2026-08-28,2,269.0,95.0,364.0,WARS,MILA,KRK,https://skyscanner.net/g/referrals/v1/flights/multicity/?mediaPartnerId=6439681&origin0=wars&date0=2026-08-26&destination0=mila&origin1=mila&date1=2026-08-28&destination1=krk&adultsv2=1&market=PL&locale=pl-PL&currency=PLN,Warszawa-Mediolan,453.52318390804595,-1.4523993192072682,288.34000000000003,26.24
Kraków,Mediolan,Włochy,Kraków,2026-08-26,2026-08-28,2,269.0,95.0,364.0,KRK,MILA,KRK,https://www.skyscanner.net/g/referrals/v1/flights/day-view/?origin=krk&destination=mila&outboundDate=2026-08-26&inboundDate=2026-08-28&market=PL&locale=pl-PL&currency=PLN&mediaPartnerId=6439681,Kraków-Mediolan,419.2978060413355,-1.1040049386627804,348.8,4.36
Warszawa,Mediolan,Włochy,Kraków,2026-08-26,2026-08-28,2,269.0,95.0,364.0,WARS,MILA,KRK,https://skyscanner.net/g/referrals/v1/flights/multicity/?mediaPartnerId=6439681&origin0=wars&date0=2026-08-26&destination0=mila&origin1=mila&date1=2026-08-28&destination1=krk&adultsv2=1&market=PL&locale=pl-PL&currency=PLN,Warszawa-Mediolan,453.52318390804595,-1.4523993192072682,288.34000000000003,26.24
Warszawa,Mediolan,Włochy,Gdańsk,2026-08-29,2026-08-31,2,209.0,155.14,364.14,WARS,MIL,GDN,https://skyscanner.net/g/referrals/v1/flights/multicity/?mediaPartnerId=6439681&origin0=wars&date0=2026-08-29&destination0=mil&origin1=mil&date1=2026-08-31&destination1=gdn&adultsv2=1&market=PL&locale=pl-PL&currency=PLN,Warszawa-Mediolan,453.52318390804595,-1.450127998016348,329.16,10.63
Gdańsk,Tallinn,Estonia,Kraków,2026-08-26,2026-08-29,3,209.0,155.14,364.14,GDN,TLL,KRK,https://skyscanner.net/g/referrals/v1/flights/multicity/?mediaPartnerId=6439681&origin0=gdn&date0=2026-08-26&destination0=tll&origin1=tll&date1=2026-08-29&destination1=krk&adultsv2=1&market=PL&locale=pl-PL&currency=PLN,Gdańsk-Tallinn,413.6836363636364,-1.5530826044063943,364.14,0.0
Gdańsk,Tallinn,Estonia,Kraków,2026-08-27,2026-08-29,2,209.0,155.14,364.14,GDN,TLL,KRK,https://skyscanner.net/g/referrals/v1/flights/multicity/?mediaPartnerId=6439681&origin0=gdn&date0=2026-08-27&destination0=tll&origin1=tll&date1=2026-08-29&destination1=krk&adultsv2=1&market=PL&locale=pl-PL&currency=PLN,Gdańsk-Tallinn,413.6836363636364,-1.5530826044063943,364.14,0.0
Kraków,Mediolan,Włochy,Gdańsk,2026-08-25,2026-08-31,6,209.0,155.14,364.14,KRK,MILA,GDN,https://skyscanner.net/g/referrals/v1/flights/multicity/?mediaPartnerId=6439681&origin0=krk&date0=2026-08-25&destination0=mila&origin1=mila&date1=2026-08-31&destination1=gdn&adultsv2=1&market=PL&locale=pl-PL&currency=PLN,Kraków-Mediolan,419.2978060413355,-1.1012098785604456,364.14,0.0
Warszawa,Tallinn,Estonia,Kraków,2026-08-27,2026-08-29,2,209.0,155.14,364.14,WARS,TLL,KRK,https://skyscanner.net/g/referrals/v1/flights/multicity/?mediaPartnerId=6439681&origin0=wars&date0=2026-08-27&destination0=tll&origin1=tll&date1=2026-08-29&destination1=krk&adultsv2=1&market=PL&locale=pl-PL&currency=PLN,Warszawa-Tallinn,454.4151428571429,-1.2195234525667262,364.14,0.0
Kraków,Mediolan,Włochy,Gdańsk,2026-08-25,2026-08-31,6,209.0,155.14,364.14,KRK,MIL,GDN,https://skyscanner.net/g/referrals/v1/flights/multicity/?mediaPartnerId=6439681&origin0=krk&date0=2026-08-25&destination0=mil&origin1=mil&date1=2026-08-31&destination1=gdn&adultsv2=1&market=PL&locale=pl-PL&currency=PLN,Kraków-Mediolan,419.2978060413355,-1.1012098785604456,364.14,0.0
Kraków,Mediolan,Włochy,Gdańsk,2026-08-29,2026-08-31,2,209.0,155.14,364.14,KRK,MIL,GDN,https://skyscanner.net/g/referrals/v1/flights/multicity/?mediaPartnerId=6439681&origin0=krk&date0=2026-08-29&destination0=mil&origin1=mil&date1=2026-08-31&destination1=gdn&adultsv2=1&market=PL&locale=pl-PL&currency=PLN,Kraków-Mediolan,419.2978060413355,-1.1012098785604456,364.14,0.0
Kraków,Mediolan,Włochy,Gdańsk,2026-08-25,2026-08-31,6,209.0,155.14,364.14,KRK,MILA,GDN,https://skyscanner.net/g/referrals/v1/flights/multicity/?mediaPartnerId=6439681&origin0=krk&date0=2026-08-25&destination0=mila&origin1=mila&date1=2026-08-31&destination1=gdn&adultsv2=1&market=PL&locale=pl-PL&currency=PLN,Kraków-Mediolan,419.2978060413355,-1.1012098785604456,364.14,0.0
Warszawa,Mediolan,Włochy,Gdańsk,2026-08-29,2026-08-31,2,209.0,155.14,364.14,WARS,MILA,GDN,https://skyscanner.net/g/referrals/v1/flights/multicity/?mediaPartnerId=6439681&origin0=wars&date0=2026-08-29&destination0=mila&origin1=mila&date1=2026-08-31&destination1=gdn&adultsv2=1&market=PL&locale=pl-PL&currency=PLN,Warszawa-Mediolan,453.52318390804595,-1.450127998016348,329.16,10.63
Kraków,Mediolan,Włochy,Gdańsk,2026-08-29,2026-08-31,2,209.0,155.14,364.14,KRK,MILA,GDN,https://skyscanner.net/g/referrals/v1/flights/multicity/?mediaPartnerId=6439681&origin0=krk&date0=2026-08-29&destination0=mila&origin1=mila&date1=2026-08-31&destination1=gdn&adultsv2=1&market=PL&locale=pl-PL&currency=PLN,Kraków-Mediolan,419.2978060413355,-1.1012098785604456,364.14,0.0
Warszawa,Mediolan,Włochy,Gdańsk,2026-08-29,2026-08-31,2,209.0,155.14,364.14,WARS,MILA,GDN,https://skyscanner.net/g/referrals/v1/flights/multicity/?mediaPartnerId=6439681&origin0=wars&date0=2026-08-29&destination0=mila&origin1=mila&date1=2026-08-31&destination1=gdn&adultsv2=1&market=PL&locale=pl-PL&currency=PLN,Warszawa-Mediolan,453.52318390804595,-1.450127998016348,329.16,10.63
Warszawa,Mediolan,Włochy,Gdańsk,2026-08-29,2026-08-31,2,209.0,155.14,364.14,WARS,MIL,GDN,https://skyscanner.net/g/referrals/v1/flights/multicity/?mediaPartnerId=6439681&origin0=wars&date0=2026-08-29&destination0=mil&origin1=mil&date1=2026-08-31&destination1=gdn&adultsv2=1&market=PL&locale=pl-PL&currency=PLN,Warszawa-Mediolan,453.52318390804595,-1.450127998016348,329.16,10.63
Kraków,Mediolan,Włochy,Gdańsk,2026-08-25,2026-08-31,6,209.0,155.14,364.14,KRK,MIL,GDN,https://skyscanner.net/g/referrals/v1/flights/multicity/?mediaPartnerId=6439681&origin0=krk&date0=2026-08-25&destination0=mil&origin1=mil&date1=2026-08-31&destination1=gdn&adultsv2=1&market=PL&locale=pl-PL&currency=PLN,Kraków-Mediolan,419.2978060413355,-1.1012098785604456,364.14,0.0
Kraków,Mediolan,Włochy,Gdańsk,2026-08-29,2026-08-31,2,209.0,155.14,364.14,KRK,MILA,GDN,https://skyscanner.net/g/referrals/v1/flights/multicity/?mediaPartnerId=6439681&origin0=krk&date0=2026-08-29&destination0=mila&origin1=mila&date1=2026-08-31&destination1=gdn&adultsv2=1&market=PL&locale=pl-PL&currency=PLN,Kraków-Mediolan,419.2978060413355,-1.1012098785604456,364.14,0.0
Kraków,Mediolan,Włochy,Gdańsk,2026-08-29,2026-08-31,2,209.0,155.14,364.14,KRK,MIL,GDN,https://skyscanner.net/g/referrals/v1/flights/multicity/?mediaPartnerId=6439681&origin0=krk&date0=2026-08-29&destination0=mil&origin1=mil&date1=2026-08-31&destination1=gdn&adultsv2=1&market=PL&locale=pl-PL&currency=PLN,Kraków-Mediolan,419.2978060413355,-1.1012098785604456,364.14,0.0
Katowice,Mediolan,Włochy,Gdańsk,2026-08-27,2026-08-31,4,209.04,155.14,364.17999999999995,KTW,MIL,GDN,https://skyscanner.net/g/referrals/v1/flights/multicity/?mediaPartnerId=6439681&origin0=ktw&date0=2026-08-27&destination0=mil&origin1=mil&date1=2026-08-31&destination1=gdn&adultsv2=1&market=PL&locale=pl-PL&currency=PLN,Katowice-Mediolan,451.1714666666667,-1.4121408773234139,,0.0
Katowice,Mediolan,Włochy,Gdańsk,2026-08-27,2026-08-31,4,209.04,155.14,364.17999999999995,KTW,MILA,GDN,https://skyscanner.net/g/referrals/v1/flights/multicity/?mediaPartnerId=6439681&origin0=ktw&date0=2026-08-27&destination0=mila&origin1=mila&date1=2026-08-31&destination1=gdn&adultsv2=1&market=PL&locale=pl-PL&currency=PLN,Katowice-Mediolan,451.1714666666667,-1.4121408773234139,,0.0
Kraków,Mediolan,Włochy,Warszawa,2026-08-24,2026-08-27,3,254.57,109.84,364.40999999999997,KRK,MILA,WARS,https://skyscanner.net/g/referrals/v1/flights/multicity/?mediaPartnerId=6439681&origin0=krk&date0=2026-08-24&destination0=mila&origin1=mila&date1=2026-08-27&destination1=wars&adultsv2=1&market=PL&locale=pl-PL&currency=PLN,Kraków-Mediolan,419.2978060413355,-1.0958194055059431,341.05,6.85
Wrocław,Mediolan,Włochy,Warszawa,2026-08-25,2026-08-27,2,265.46,99.1,364.55999999999995,WRO,MIL,WARS,https://skyscanner.net/g/referrals/v1/flights/multicity/?mediaPartnerId=6439681&origin0=wro&date0=2026-08-25&destination0=mil&origin1=mil&date1=2026-08-27&destination1=wars&adultsv2=1&market=PL&locale=pl-PL&currency=PLN,Wrocław-Mediolan,455.68653333333333,-1.0044058663722706,,0.0
Wrocław,Mediolan,Włochy,Warszawa,2026-08-25,2026-08-27,2,265.46,99.1,364.55999999999995,WRO,MILA,WARS,https://skyscanner.net/g/referrals/v1/flights/multicity/?mediaPartnerId=6439681&origin0=wro&date0=2026-08-25&destination0=mila&origin1=mila&date1=2026-08-27&destination1=wars&adultsv2=1&market=PL&locale=pl-PL&currency=PLN,Wrocław-Mediolan,455.68653333333333,-1.0044058663722706,344.48,5.83
Warszawa,Mediolan,Włochy,Katowice,2026-08-25,2026-08-28,3,259.3,105.4,364.70000000000005,WARS,MILA,KTW,https://skyscanner.net/g/referrals/v1/flights/multicity/?mediaPartnerId=6439681&origin0=wars&date0=2026-08-25&destination0=mila&origin1=mila&date1=2026-08-28&destination1=ktw&adultsv2=1&market=PL&locale=pl-PL&currency=PLN,Warszawa-Mediolan,453.52318390804595,-1.4410427132526649,321.68,13.37
Kraków,Wenecja,Włochy,Katowice,2026-08-27,2026-08-29,2,278.23,86.47,364.70000000000005,KRK,TSF,KTW,https://skyscanner.net/g/referrals/v1/flights/multicity/?mediaPartnerId=6439681&origin0=krk&date0=2026-08-27&destination0=tsf&origin1=tsf&date1=2026-08-29&destination1=ktw&adultsv2=1&market=PL&locale=pl-PL&currency=PLN,Kraków-Wenecja,535.8529670329671,-2.0958035561241566,362.0700000000001,0.73
Warszawa,Mediolan,Włochy,Kraków,2026-08-25,2026-08-27,2,279.18,86.1,365.28,WARS,MILA,KRK,https://skyscanner.net/g/referrals/v1/flights/multicity/?mediaPartnerId=6439681&origin0=wars&date0=2026-08-25&destination0=mila&origin1=mila&date1=2026-08-27&destination1=krk&adultsv2=1&market=PL&locale=pl-PL&currency=PLN,Warszawa-Mediolan,453.52318390804595,-1.4316329540331383,311.28,17.35
Kraków,Mediolan,Włochy,Kraków,2026-08-24,2026-08-28,4,254.57,111.26,365.83,KRK,MILA,KRK,https://www.skyscanner.net/g/referrals/v1/flights/day-view/?origin=krk&destination=mila&outboundDate=2026-08-24&inboundDate=2026-08-28&market=PL&locale=pl-PL&currency=PLN&mediaPartnerId=6439681,Kraków-Mediolan,419.2978060413355,-1.0674695101822604,357.05,2.46
Gdańsk,Kraków,Polska,Szczecin,2026-08-27,2026-08-31,4,236.87,128.98,365.85,GDN,KRK,SZZ,https://skyscanner.net/g/referrals/v1/flights/multicity/?mediaPartnerId=6439681&origin0=gdn&date0=2026-08-27&destination0=krk&origin1=krk&date1=2026-08-31&destination1=szz&adultsv2=1&market=PL&locale=pl-PL&currency=PLN,Gdańsk-Kraków,475.10499999999996,-1.4334979967686456,356.79,2.54
Kraków,Mediolan,Włochy,Kraków,2026-08-25,2026-08-29,4,251.04,114.96,366.0,KRK,MILA,KRK,https://www.skyscanner.net/g/referrals/v1/flights/day-view/?origin=krk&destination=mila&outboundDate=2026-08-25&inboundDate=2026-08-29&market=PL&locale=pl-PL&currency=PLN&mediaPartnerId=6439681,Kraków-Mediolan,419.2978060413355,-1.064075508629425,316.88,15.5
Kraków,Piza,Włochy,Wrocław,2026-08-27,2026-08-29,2,145.0,221.25,366.25,KRK,PSA,WRO,https://skyscanner.net/g/referrals/v1/flights/multicity/?mediaPartnerId=6439681&origin0=krk&date0=2026-08-27&destination0=psa&origin1=psa&date1=2026-08-29&destination1=wro&adultsv2=1&market=PL&locale=pl-PL&currency=PLN,Kraków-Piza,594.0873529411765,-2.205816612341946,333.21000000000004,9.92
Warszawa,Katania,Włochy,Warszawa,2026-08-24,2026-08-27,3,193.12,173.49,366.61,WARS,CTA,WARS,https://www.skyscanner.net/g/referrals/v1/flights/day-view/?origin=wars&destination=cta&outboundDate=2026-08-24&inboundDate=2026-08-27&market=PL&locale=pl-PL&currency=PLN&mediaPartnerId=6439681,Warszawa-Katania,480.6408771929825,-2.6991182978703425,366.59,0.01
Warszawa,Wenecja,Włochy,Warszawa,2026-08-26,2026-08-28,2,180.64,186.23,366.87,WARS,TSF,WARS,https://www.skyscanner.net/g/referrals/v1/flights/day-view/?origin=wars&destination=tsf&outboundDate=2026-08-26&inboundDate=2026-08-28&market=PL&locale=pl-PL&currency=PLN&mediaPartnerId=6439681,Warszawa-Wenecja,572.1463703703703,-2.3731614289842557,385.62,-4.86
Warszawa,Mediolan,Włochy,Kraków,2026-08-25,2026-08-27,2,259.3,107.72,367.02,WARS,MILA,KRK,https://skyscanner.net/g/referrals/v1/flights/multicity/?mediaPartnerId=6439681&origin0=wars&date0=2026-08-25&destination0=mila&origin1=mila&date1=2026-08-27&destination1=krk&adultsv2=1&market=PL&locale=pl-PL&currency=PLN,Warszawa-Mediolan,453.52318390804595,-1.403403676374555,311.28,17.91
Warszawa,Mediolan,Włochy,Kraków,2026-08-25,2026-08-27,2,259.3,107.72,367.02,WARS,MIL,KRK,https://skyscanner.net/g/referrals/v1/flights/multicity/?mediaPartnerId=6439681&origin0=wars&date0=2026-08-25&destination0=mil&origin1=mil&date1=2026-08-27&destination1=krk&adultsv2=1&market=PL&locale=pl-PL&currency=PLN,Warszawa-Mediolan,453.52318390804595,-1.403403676374555,324.0,13.28
Warszawa,Bukareszt,Rumunia,Gdańsk,2026-08-24,2026-08-29,5,249.0,118.41,367.40999999999997,WARS,BUCH,GDN,https://skyscanner.net/g/referrals/v1/flights/multicity/?mediaPartnerId=6439681&origin0=wars&date0=2026-08-24&destination0=buch&origin1=buch&date1=2026-08-29&destination1=gdn&adultsv2=1&market=PL&locale=pl-PL&currency=PLN,Warszawa-Bukareszt,499.2583870967742,-1.6596853515638892,439.51,-16.4
Warszawa,Bukareszt,Rumunia,Gdańsk,2026-08-24,2026-08-29,5,249.0,118.41,367.40999999999997,WARS,BUCH,GDN,https://skyscanner.net/g/referrals/v1/flights/multicity/?mediaPartnerId=6439681&origin0=wars&date0=2026-08-24&destination0=buch&origin1=buch&date1=2026-08-29&destination1=gdn&adultsv2=1&market=PL&locale=pl-PL&currency=PLN,Warszawa-Bukareszt,499.2583870967742,-1.6596853515638892,439.51,-16.4
Warszawa,Bukareszt,Rumunia,Gdańsk,2026-08-23,2026-08-29,6,249.0,118.41,367.40999999999997,WARS,BUCH,GDN,https://skyscanner.net/g/referrals/v1/flights/multicity/?mediaPartnerId=6439681&origin0=wars&date0=2026-08-23&destination0=buch&origin1=buch&date1=2026-08-29&destination1=gdn&adultsv2=1&market=PL&locale=pl-PL&currency=PLN,Warszawa-Bukareszt,499.2583870967742,-1.6596853515638892,439.51,-16.4
Warszawa,Bukareszt,Rumunia,Gdańsk,2026-08-23,2026-08-29,6,249.0,118.41,367.40999999999997,WARS,BUCH,GDN,https://skyscanner.net/g/referrals/v1/flights/multicity/?mediaPartnerId=6439681&origin0=wars&date0=2026-08-23&destination0=buch&origin1=buch&date1=2026-08-29&destination1=gdn&adultsv2=1&market=PL&locale=pl-PL&currency=PLN,Warszawa-Bukareszt,499.2583870967742,-1.6596853515638892,439.51,-16.4
Kraków,Mediolan,Włochy,Katowice,2026-08-26,2026-08-28,2,262.41,105.4,367.81000000000006,KRK,MILA,KTW,https://skyscanner.net/g/referrals/v1/flights/multicity/?mediaPartnerId=6439681&origin0=krk&date0=2026-08-26&destination0=mila&origin1=mila&date1=2026-08-28&destination1=ktw&adultsv2=1&market=PL&locale=pl-PL&currency=PLN,Kraków-Mediolan,419.2978060413355,-1.027939374449237,359.20000000000005,2.4
Katowice,Mediolan,Włochy,Gdańsk,2026-08-28,2026-08-31,3,213.34,155.14,368.48,KTW,MIL,GDN,https://skyscanner.net/g/referrals/v1/flights/multicity/?mediaPartnerId=6439681&origin0=ktw&date0=2026-08-28&destination0=mil&origin1=mil&date1=2026-08-31&destination1=gdn&adultsv2=1&market=PL&locale=pl-PL&currency=PLN,Katowice-Mediolan,451.1714666666667,-1.342338562163489,,0.0
Katowice,Mediolan,Włochy,Gdańsk,2026-08-28,2026-08-31,3,213.34,155.14,368.48,KTW,MILA,GDN,https://skyscanner.net/g/referrals/v1/flights/multicity/?mediaPartnerId=6439681&origin0=ktw&date0=2026-08-28&destination0=mila&origin1=mila&date1=2026-08-31&destination1=gdn&adultsv2=1&market=PL&locale=pl-PL&currency=PLN,Katowice-Mediolan,451.1714666666667,-1.342338562163489,,0.0
Warszawa,Mediolan,Włochy,Warszawa,2026-08-25,2026-08-27,2,259.3,109.84,369.14,WARS,MILA,WARS,https://www.skyscanner.net/g/referrals/v1/flights/day-view/?origin=wars&destination=mila&outboundDate=2026-08-25&inboundDate=2026-08-27&market=PL&locale=pl-PL&currency=PLN&mediaPartnerId=6439681,Warszawa-Mediolan,453.52318390804595,-1.3690093840549016,295.28,25.01
Warszawa,Mediolan,Włochy,Warszawa,2026-08-26,2026-08-31,5,269.0,100.37,369.37,WARS,MILA,WARS,https://www.skyscanner.net/g/referrals/v1/flights/day-view/?origin=wars&destination=mila&outboundDate=2026-08-26&inboundDate=2026-08-31&market=PL&locale=pl-PL&currency=PLN&mediaPartnerId=6439681,Warszawa-Mediolan,453.52318390804595,-1.3652779278126748,281.1,31.4
Warszawa,Mediolan,Włochy,Warszawa,2026-08-26,2026-08-31,5,269.0,100.37,369.37,WARS,MILA,WARS,https://www.skyscanner.net/g/referrals/v1/flights/day-view/?origin=wars&destination=mila&outboundDate=2026-08-26&inboundDate=2026-08-31&market=PL&locale=pl-PL&currency=PLN&mediaPartnerId=6439681,Warszawa-Mediolan,453.52318390804595,-1.3652779278126748,281.1,31.4
Kraków,Dubrovnik,Chorwacja,Gdańsk,2026-08-25,2026-08-27,2,95.0,274.72,369.72,KRK,DBV,GDN,https://skyscanner.net/g/referrals/v1/flights/multicity/?mediaPartnerId=6439681&origin0=krk&date0=2026-08-25&destination0=dbv&origin1=dbv&date1=2026-08-27&destination1=gdn&adultsv2=1&market=PL&locale=pl-PL&currency=PLN,Kraków-Dubrovnik,617.8723333333332,-2.0768502354814413,439.8,-15.93
Katowice,Dubrovnik,Chorwacja,Katowice,2026-08-23,2026-08-27,4,86.01,284.45,370.46,KTW,DBV,KTW,https://www.skyscanner.net/g/referrals/v1/flights/day-view/?origin=ktw&destination=dbv&outboundDate=2026-08-23&inboundDate=2026-08-27&market=PL&locale=pl-PL&currency=PLN&mediaPartnerId=6439681,Katowice-Dubrovnik,505.67133333333334,-1.822065015343973,370.46,0.0
Warszawa,Mediolan,Włochy,Kraków,2026-08-25,2026-08-28,3,259.3,111.26,370.56,WARS,MILA,KRK,https://skyscanner.net/g/referrals/v1/flights/multicity/?mediaPartnerId=6439681&origin0=wars&date0=2026-08-25&destination0=mila&origin1=mila&date1=2026-08-28&destination1=krk&adultsv2=1&market=PL&locale=pl-PL&currency=PLN,Warszawa-Mediolan,453.52318390804595,-1.3459716976898506,311.28,19.04
Warszawa,Bolonia,Włochy,Warszawa,2026-08-28,2026-08-31,3,155.76,215.48,371.24,WARS,BLQ,WARS,https://www.skyscanner.net/g/referrals/v1/flights/day-view/?origin=wars&destination=blq&outboundDate=2026-08-28&inboundDate=2026-08-31&market=PL&locale=pl-PL&currency=PLN&mediaPartnerId=6439681,Warszawa-Bolonia,572.7326388888889,-3.1200493015835113,347.0,6.99
Warszawa,Mediolan,Włochy,Gdańsk,2026-08-24,2026-08-31,7,216.26,155.14,371.4,WARS,MILA,GDN,https://skyscanner.net/g/referrals/v1/flights/multicity/?mediaPartnerId=6439681&origin0=wars&date0=2026-08-24&destination0=mila&origin1=mila&date1=2026-08-31&destination1=gdn&adultsv2=1&market=PL&locale=pl-PL&currency=PLN,Warszawa-Mediolan,453.52318390804595,-1.332343770544328,353.96,4.93
Warszawa,Mediolan,Włochy,Gdańsk,2026-08-24,2026-08-31,7,216.26,155.14,371.4,WARS,MIL,GDN,https://skyscanner.net/g/referrals/v1/flights/multicity/?mediaPartnerId=6439681&origin0=wars&date0=2026-08-24&destination0=mil&origin1=mil&date1=2026-08-31&destination1=gdn&adultsv2=1&market=PL&locale=pl-PL&currency=PLN,Warszawa-Mediolan,453.52318390804595,-1.332343770544328,353.96,4.93
Katowice,Mediolan,Włochy,Kraków,2026-08-26,2026-08-28,2,277.04,95.0,372.04,KTW,MILA,KRK,https://skyscanner.net/g/referrals/v1/flights/multicity/?mediaPartnerId=6439681&origin0=ktw&date0=2026-08-26&destination0=mila&origin1=mila&date1=2026-08-28&destination1=krk&adultsv2=1&market=PL&locale=pl-PL&currency=PLN,Katowice-Mediolan,451.1714666666667,-1.2845487384496914,272.12,36.72
Katowice,Mediolan,Włochy,Warszawa,2026-08-29,2026-08-31,2,202.54,169.74,372.28,KTW,MILA,WARS,https://skyscanner.net/g/referrals/v1/flights/multicity/?mediaPartnerId=6439681&origin0=ktw&date0=2026-08-29&destination0=mila&origin1=mila&date1=2026-08-31&destination1=wars&adultsv2=1&market=PL&locale=pl-PL&currency=PLN,Katowice-Mediolan,451.1714666666667,-1.2806527952779756,296.81,25.43
Poznań,Dubrovnik,Chorwacja,Katowice,2026-08-20,2026-08-25,5,159.15,214.32,373.47,POZ,DBV,KTW,https://skyscanner.net/g/referrals/v1/flights/multicity/?mediaPartnerId=6439681&origin0=poz&date0=2026-08-20&destination0=dbv&origin1=dbv&date1=2026-08-25&destination1=ktw&adultsv2=1&market=PL&locale=pl-PL&currency=PLN,Poznań-Dubrovnik,532.1445,-2.102852779723719,343.59000000000003,8.7
Warszawa,Mediolan,Włochy,Kraków,2026-08-25,2026-08-28,3,279.18,95.0,374.18,WARS,MILA,KRK,https://skyscanner.net/g/referrals/v1/flights/multicity/?mediaPartnerId=6439681&origin0=wars&date0=2026-08-25&destination0=mila&origin1=mila&date1=2026-08-28&destination1=krk&adultsv2=1&market=PL&locale=pl-PL&currency=PLN,Warszawa-Mediolan,453.52318390804595,-1.2872418211817633,311.28,20.21
Warszawa,Mediolan,Włochy,Kraków,2026-08-25,2026-08-29,4,259.3,114.96,374.26,WARS,MILA,KRK,https://skyscanner.net/g/referrals/v1/flights/multicity/?mediaPartnerId=6439681&origin0=wars&date0=2026-08-25&destination0=mila&origin1=mila&date1=2026-08-29&destination1=krk&adultsv2=1&market=PL&locale=pl-PL&currency=PLN,Warszawa-Mediolan,453.52318390804595,-1.2859439233583805,324.16,15.46
Katowice,Mediolan,Włochy,Katowice,2026-08-25,2026-08-27,2,300.87,73.43,374.3,KTW,MILA,KTW,https://www.skyscanner.net/g/referrals/v1/flights/day-view/?origin=ktw&destination=mila&outboundDate=2026-08-25&inboundDate=2026-08-27&market=PL&locale=pl-PL&currency=PLN&mediaPartnerId=6439681,Katowice-Mediolan,451.1714666666667,-1.2478619402493596,,0.0
Wrocław,Wenecja,Włochy,Gdańsk,2026-08-28,2026-08-31,3,227.99,146.41,374.4,WRO,TSF,GDN,https://skyscanner.net/g/referrals/v1/flights/multicity/?mediaPartnerId=6439681&origin0=wro&date0=2026-08-28&destination0=tsf&origin1=tsf&date1=2026-08-31&destination1=gdn&adultsv2=1&market=PL&locale=pl-PL&currency=PLN,Wrocław-Wenecja,417.75676470588235,-1.3584897198682249,357.02,4.87
Warszawa,Mediolan,Włochy,Katowice,2026-08-26,2026-08-28,2,269.0,105.4,374.4,WARS,MILA,KTW,https://skyscanner.net/g/referrals/v1/flights/multicity/?mediaPartnerId=6439681&origin0=wars&date0=2026-08-26&destination0=mila&origin1=mila&date1=2026-08-28&destination1=ktw&adultsv2=1&market=PL&locale=pl-PL&currency=PLN,Warszawa-Mediolan,453.52318390804595,-1.2836726021674603,298.74,25.33
Warszawa,Mediolan,Włochy,Katowice,2026-08-26,2026-08-28,2,269.0,105.4,374.4,WARS,MILA,KTW,https://skyscanner.net/g/referrals/v1/flights/multicity/?mediaPartnerId=6439681&origin0=wars&date0=2026-08-26&destination0=mila&origin1=mila&date1=2026-08-28&destination1=ktw&adultsv2=1&market=PL&locale=pl-PL&currency=PLN,Warszawa-Mediolan,453.52318390804595,-1.2836726021674603,298.74,25.33
Warszawa,Tallinn,Estonia,Gdańsk,2026-08-26,2026-08-30,4,159.0,215.48,374.48,WARS,TLL,GDN,https://skyscanner.net/g/referrals/v1/flights/multicity/?mediaPartnerId=6439681&origin0=wars&date0=2026-08-26&destination0=tll&origin1=tll&date1=2026-08-30&destination1=gdn&adultsv2=1&market=PL&locale=pl-PL&currency=PLN,Warszawa-Tallinn,454.4151428571429,-1.0798407879876777,,0.0
Warszawa,Zadar,Chorwacja,Gdańsk,2026-08-25,2026-08-27,2,159.0,215.49,374.49,WARS,ZAD,GDN,https://skyscanner.net/g/referrals/v1/flights/multicity/?mediaPartnerId=6439681&origin0=wars&date0=2026-08-25&destination0=zad&origin1=zad&date1=2026-08-27&destination1=gdn&adultsv2=1&market=PL&locale=pl-PL&currency=PLN,Warszawa-Zadar,669.9506250000001,-2.9629393992516753,388.77,-3.67
Wrocław,Wenecja,Włochy,Katowice,2026-08-23,2026-08-29,6,288.22,86.47,374.69000000000005,WRO,TSF,KTW,https://skyscanner.net/g/referrals/v1/flights/multicity/?mediaPartnerId=6439681&origin0=wro&date0=2026-08-23&destination0=tsf&origin1=tsf&date1=2026-08-29&destination1=ktw&adultsv2=1&market=PL&locale=pl-PL&currency=PLN,Wrocław-Wenecja,417.75676470588235,-1.3494032019641702,,0.0
Warszawa,Oslo (Wszystkie lotniska),Norwegia,Gdańsk,2026-08-28,2026-08-30,2,229.0,145.77,374.77,WARS,OOS,GDN,https://skyscanner.net/g/referrals/v1/flights/multicity/?mediaPartnerId=6439681&origin0=wars&date0=2026-08-28&destination0=oos&origin1=oos&date1=2026-08-30&destination1=gdn&adultsv2=1&market=PL&locale=pl-PL&currency=PLN,Warszawa-Oslo (Wszystkie lotniska),477.6215384615385,-1.1899659585612006,,0.0
Gdańsk,Stavanger,Norwegia,Gdańsk,2026-08-27,2026-08-31,4,229.0,145.77,374.77,GDN,SVG,GDN,https://www.skyscanner.net/g/referrals/v1/flights/day-view/?origin=gdn&destination=svg&outboundDate=2026-08-27&inboundDate=2026-08-31&market=PL&locale=pl-PL&currency=PLN&mediaPartnerId=6439681,Gdańsk-Stavanger,472.48266666666666,-1.05046857590185,374.77,0.0
Katowice,Mediolan,Włochy,Kraków,2026-08-29,2026-08-31,2,202.54,172.38,374.91999999999996,KTW,MIL,KRK,https://skyscanner.net/g/referrals/v1/flights/multicity/?mediaPartnerId=6439681&origin0=ktw&date0=2026-08-29&destination0=mil&origin1=mil&date1=2026-08-31&destination1=krk&adultsv2=1&market=PL&locale=pl-PL&currency=PLN,Katowice-Mediolan,451.1714666666667,-1.2377974203890922,,0.0
Wrocław,Bolonia,Włochy,Kraków,2026-08-24,2026-08-28,4,204.05,172.06,376.11,WRO,BLQ,KRK,https://skyscanner.net/g/referrals/v1/flights/multicity/?mediaPartnerId=6439681&origin0=wro&date0=2026-08-24&destination0=blq&origin1=blq&date1=2026-08-28&destination1=krk&adultsv2=1&market=PL&locale=pl-PL&currency=PLN,Wrocław-Bolonia,437.33933333333334,-1.087594191783541,,0.0
Warszawa,Mediolan,Włochy,Kraków,2026-08-28,2026-08-31,3,299.0,77.49,376.49,WARS,MILA,KRK,https://skyscanner.net/g/referrals/v1/flights/multicity/?mediaPartnerId=6439681&origin0=wars&date0=2026-08-28&destination0=mila&origin1=mila&date1=2026-08-31&destination1=krk&adultsv2=1&market=PL&locale=pl-PL&currency=PLN,Warszawa-Mediolan,453.52318390804595,-1.2497650215315752,276.92,35.96
Warszawa,Mediolan,Włochy,Kraków,2026-08-28,2026-08-31,3,299.0,77.49,376.49,WARS,MILA,KRK,https://skyscanner.net/g/referrals/v1/flights/multicity/?mediaPartnerId=6439681&origin0=wars&date0=2026-08-28&destination0=mila&origin1=mila&date1=2026-08-31&destination1=krk&adultsv2=1&market=PL&locale=pl-PL&currency=PLN,Warszawa-Mediolan,453.52318390804595,-1.2497650215315752,276.92,35.96
Wrocław,Wenecja,Włochy,Katowice,2026-08-19,2026-08-25,6,283.92,92.67,376.59000000000003,WRO,TSF,KTW,https://skyscanner.net/g/referrals/v1/flights/multicity/?mediaPartnerId=6439681&origin0=wro&date0=2026-08-19&destination0=tsf&origin1=tsf&date1=2026-08-25&destination1=ktw&adultsv2=1&market=PL&locale=pl-PL&currency=PLN,Wrocław-Wenecja,417.75676470588235,-1.2898708432824486,331.67,13.54
Katowice,Mediolan,Włochy,Warszawa,2026-08-26,2026-08-31,5,277.04,100.37,377.41,KTW,MILA,WARS,https://skyscanner.net/g/referrals/v1/flights/multicity/?mediaPartnerId=6439681&origin0=ktw&date0=2026-08-26&destination0=mila&origin1=mila&date1=2026-08-31&destination1=wars&adultsv2=1&market=PL&locale=pl-PL&currency=PLN,Katowice-Mediolan,451.1714666666667,-1.1973770099825307,264.88,42.48
Warszawa,Mediolan,Włochy,Gdańsk,2026-08-26,2026-08-31,5,222.41,155.14,377.54999999999995,WARS,MILA,GDN,https://skyscanner.net/g/referrals/v1/flights/multicity/?mediaPartnerId=6439681&origin0=wars&date0=2026-08-26&destination0=mila&origin1=mila&date1=2026-08-31&destination1=gdn&adultsv2=1&market=PL&locale=pl-PL&currency=PLN,Warszawa-Mediolan,453.52318390804595,-1.2325678753717495,348.48,8.34
Warszawa,Mediolan,Włochy,Gdańsk,2026-08-26,2026-08-31,5,222.41,155.14,377.54999999999995,WARS,MIL,GDN,https://skyscanner.net/g/referrals/v1/flights/multicity/?mediaPartnerId=6439681&origin0=wars&date0=2026-08-26&destination0=mil&origin1=mil&date1=2026-08-31&destination1=gdn&adultsv2=1&market=PL&locale=pl-PL&currency=PLN,Warszawa-Mediolan,453.52318390804595,-1.2325678753717495,348.48,8.34
Warszawa,Mediolan,Włochy,Warszawa,2026-08-25,2026-08-27,2,279.18,99.1,378.28,WARS,MIL,WARS,https://www.skyscanner.net/g/referrals/v1/flights/day-view/?origin=wars&destination=mil&outboundDate=2026-08-25&inboundDate=2026-08-27&market=PL&locale=pl-PL&currency=PLN&mediaPartnerId=6439681,Warszawa-Mediolan,453.52318390804595,-1.220724557733378,315.38,19.94
Warszawa,Mediolan,Włochy,Warszawa,2026-08-25,2026-08-27,2,279.18,99.1,378.28,WARS,MILA,WARS,https://www.skyscanner.net/g/referrals/v1/flights/day-view/?origin=wars&destination=mila&outboundDate=2026-08-25&inboundDate=2026-08-27&market=PL&locale=pl-PL&currency=PLN&mediaPartnerId=6439681,Warszawa-Mediolan,453.52318390804595,-1.220724557733378,295.28,28.11
Katowice,Mediolan,Włochy,Poznań,2026-08-25,2026-08-28,3,300.87,77.49,378.36,KTW,MILA,POZ,https://skyscanner.net/g/referrals/v1/flights/multicity/?mediaPartnerId=6439681&origin0=ktw&date0=2026-08-25&destination0=mila&origin1=mila&date1=2026-08-28&destination1=poz&adultsv2=1&market=PL&locale=pl-PL&currency=PLN,Katowice-Mediolan,451.1714666666667,-1.1819555682611524,,0.0
Katowice,Mediolan,Włochy,Kraków,2026-08-25,2026-08-31,6,300.87,77.49,378.36,KTW,MILA,KRK,https://skyscanner.net/g/referrals/v1/flights/multicity/?mediaPartnerId=6439681&origin0=ktw&date0=2026-08-25&destination0=mila&origin1=mila&date1=2026-08-31&destination1=krk&adultsv2=1&market=PL&locale=pl-PL&currency=PLN,Katowice-Mediolan,451.1714666666667,-1.1819555682611524,,0.0
Gdańsk,Dubrovnik,Chorwacja,Gdańsk,2026-08-23,2026-08-27,4,104.0,274.72,378.72,GDN,DBV,GDN,https://www.skyscanner.net/g/referrals/v1/flights/day-view/?origin=gdn&destination=dbv&outboundDate=2026-08-23&inboundDate=2026-08-27&market=PL&locale=pl-PL&currency=PLN&mediaPartnerId=6439681,Gdańsk-Dubrovnik,447.18249999999995,-1.031444377948466,,0.0
Warszawa,Helsinki,Finlandia,Warszawa,2026-08-25,2026-08-27,2,167.95,210.78,378.73,WARS,HEL,WARS,https://www.skyscanner.net/g/referrals/v1/flights/day-view/?origin=wars&destination=hel&outboundDate=2026-08-25&inboundDate=2026-08-27&market=PL&locale=pl-PL&currency=PLN&mediaPartnerId=6439681,Warszawa-Helsinki,425.046,-1.3910469879738196,,0.0
Warszawa,Mediolan,Włochy,Warszawa,2026-08-29,2026-08-31,2,209.0,169.74,378.74,WARS,MILA,WARS,https://www.skyscanner.net/g/referrals/v1/flights/day-view/?origin=wars&destination=mila&outboundDate=2026-08-29&inboundDate=2026-08-31&market=PL&locale=pl-PL&currency=PLN&mediaPartnerId=6439681,Warszawa-Mediolan,453.52318390804595,-1.2132616452489244,261.78000000000003,44.68
Warszawa,Mediolan,Włochy,Warszawa,2026-08-29,2026-08-31,2,209.0,169.74,378.74,WARS,MILA,WARS,https://www.skyscanner.net/g/referrals/v1/flights/day-view/?origin=wars&destination=mila&outboundDate=2026-08-29&inboundDate=2026-08-31&market=PL&locale=pl-PL&currency=PLN&mediaPartnerId=6439681,Warszawa-Mediolan,453.52318390804595,-1.2132616452489244,261.78000000000003,44.68
Katowice,Mediolan,Włochy,Warszawa,2026-08-27,2026-08-31,4,209.04,169.74,378.78,KTW,MILA,WARS,https://skyscanner.net/g/referrals/v1/flights/multicity/?mediaPartnerId=6439681&origin0=ktw&date0=2026-08-27&destination0=mila&origin1=mila&date1=2026-08-31&destination1=wars&adultsv2=1&market=PL&locale=pl-PL&currency=PLN,Katowice-Mediolan,451.1714666666667,-1.1751376677106489,303.36,24.86
Warszawa,Wenecja,Włochy,Warszawa,2026-08-26,2026-08-28,2,180.64,198.24,378.88,WARS,VCE,WARS,https://www.skyscanner.net/g/referrals/v1/flights/day-view/?origin=wars&destination=vce&outboundDate=2026-08-26&inboundDate=2026-08-28&market=PL&locale=pl-PL&currency=PLN&mediaPartnerId=6439681,Warszawa-Wenecja,572.1463703703703,-2.2343160825341175,384.48,-1.46
Warszawa,Wenecja,Włochy,Warszawa,2026-08-26,2026-08-28,2,180.64,198.24,378.88,WARS,VEN,WARS,https://www.skyscanner.net/g/referrals/v1/flights/day-view/?origin=wars&destination=ven&outboundDate=2026-08-26&inboundDate=2026-08-28&market=PL&locale=pl-PL&currency=PLN&mediaPartnerId=6439681,Warszawa-Wenecja,572.1463703703703,-2.2343160825341175,384.48,-1.46
Kraków,Dubrovnik,Chorwacja,Katowice,2026-08-25,2026-08-27,2,95.0,284.45,379.45,KRK,DBV,KTW,https://skyscanner.net/g/referrals/v1/flights/multicity/?mediaPartnerId=6439681&origin0=krk&date0=2026-08-25&destination0=dbv&origin1=dbv&date1=2026-08-27&destination1=ktw&adultsv2=1&market=PL&locale=pl-PL&currency=PLN,Kraków-Dubrovnik,617.8723333333332,-1.9954173812350537,379.45,0.0
Warszawa,Mediolan,Włochy,Warszawa,2026-08-25,2026-08-31,6,279.18,100.37,379.55,WARS,MILA,WARS,https://www.skyscanner.net/g/referrals/v1/flights/day-view/?origin=wars&destination=mila&outboundDate=2026-08-25&inboundDate=2026-08-31&market=PL&locale=pl-PL&currency=PLN&mediaPartnerId=6439681,Warszawa-Mediolan,453.52318390804595,-1.20012042978717,304.04,24.84
Warszawa,Mediolan,Włochy,Warszawa,2026-08-24,2026-08-26,2,216.26,163.33,379.59000000000003,WARS,MILA,WARS,https://www.skyscanner.net/g/referrals/v1/flights/day-view/?origin=wars&destination=mila&outboundDate=2026-08-24&inboundDate=2026-08-26&market=PL&locale=pl-PL&currency=PLN&mediaPartnerId=6439681,Warszawa-Mediolan,453.52318390804595,-1.199471480875478,277.62,36.73
Katowice,Mediolan,Włochy,Warszawa,2026-08-25,2026-08-27,2,300.87,79.0,379.87,KTW,MILA,WARS,https://skyscanner.net/g/referrals/v1/flights/multicity/?mediaPartnerId=6439681&origin0=ktw&date0=2026-08-25&destination0=mila&origin1=mila&date1=2026-08-27&destination1=wars&adultsv2=1&market=PL&locale=pl-PL&currency=PLN,Katowice-Mediolan,451.1714666666667,-1.1574435924724351,,0.0
Warszawa,Mediolan,Włochy,Kraków,2026-08-26,2026-08-28,2,269.0,111.26,380.26,WARS,MILA,KRK,https://skyscanner.net/g/referrals/v1/flights/multicity/?mediaPartnerId=6439681&origin0=wars&date0=2026-08-26&destination0=mila&origin1=mila&date1=2026-08-28&destination1=krk&adultsv2=1&market=PL&locale=pl-PL&currency=PLN,Warszawa-Mediolan,453.52318390804595,-1.1886015866046449,288.34000000000003,31.88
Warszawa,Mediolan,Włochy,Kraków,2026-08-26,2026-08-28,2,269.0,111.26,380.26,WARS,MILA,KRK,https://skyscanner.net/g/referrals/v1/flights/multicity/?mediaPartnerId=6439681&origin0=wars&date0=2026-08-26&destination0=mila&origin1=mila&date1=2026-08-28&destination1=krk&adultsv2=1&market=PL&locale=pl-PL&currency=PLN,Warszawa-Mediolan,453.52318390804595,-1.1886015866046449,288.34000000000003,31.88
Warszawa,Mediolan,Włochy,Gdańsk,2026-08-26,2026-08-31,5,225.26,155.14,380.4,WARS,MIL,GDN,https://skyscanner.net/g/referrals/v1/flights/multicity/?mediaPartnerId=6439681&origin0=wars&date0=2026-08-26&destination0=mil&origin1=mil&date1=2026-08-31&destination1=gdn&adultsv2=1&market=PL&locale=pl-PL&currency=PLN,Warszawa-Mediolan,453.52318390804595,-1.1863302654137247,348.48,9.16
Warszawa,Mediolan,Włochy,Gdańsk,2026-08-26,2026-08-31,5,225.26,155.14,380.4,WARS,MILA,GDN,https://skyscanner.net/g/referrals/v1/flights/multicity/?mediaPartnerId=6439681&origin0=wars&date0=2026-08-26&destination0=mila&origin1=mila&date1=2026-08-31&destination1=gdn&adultsv2=1&market=PL&locale=pl-PL&currency=PLN,Warszawa-Mediolan,453.52318390804595,-1.1863302654137247,348.48,9.16
Wrocław,Wenecja,Włochy,Katowice,2026-08-23,2026-08-25,2,288.22,92.67,380.89000000000004,WRO,TSF,KTW,https://skyscanner.net/g/referrals/v1/flights/multicity/?mediaPartnerId=6439681&origin0=wro&date0=2026-08-23&destination0=tsf&origin1=tsf&date1=2026-08-25&destination1=ktw&adultsv2=1&market=PL&locale=pl-PL&currency=PLN,Wrocław-Wenecja,417.75676470588235,-1.155139715739603,,0.0
Kraków,Wilno,Litwa,Kraków,2026-08-28,2026-08-31,3,209.0,172.38,381.38,KRK,VNO,KRK,https://www.skyscanner.net/g/referrals/v1/flights/day-view/?origin=krk&destination=vno&outboundDate=2026-08-28&inboundDate=2026-08-31&market=PL&locale=pl-PL&currency=PLN&mediaPartnerId=6439681,Kraków-Wilno,415.23999999999995,-2.18832377002856,381.38,0.0
Gdańsk,Tallinn,Estonia,Gdańsk,2026-08-26,2026-08-31,5,209.0,172.38,381.38,GDN,TLL,GDN,https://www.skyscanner.net/g/referrals/v1/flights/day-view/?origin=gdn&destination=tll&outboundDate=2026-08-26&inboundDate=2026-08-31&market=PL&locale=pl-PL&currency=PLN&mediaPartnerId=6439681,Gdańsk-Tallinn,413.6836363636364,-1.0126470194314807,381.38,0.0
Gdańsk,Tallinn,Estonia,Warszawa,2026-08-27,2026-08-31,4,209.0,172.38,381.38,GDN,TLL,WARS,https://skyscanner.net/g/referrals/v1/flights/multicity/?mediaPartnerId=6439681&origin0=gdn&date0=2026-08-27&destination0=tll&origin1=tll&date1=2026-08-31&destination1=wars&adultsv2=1&market=PL&locale=pl-PL&currency=PLN,Gdańsk-Tallinn,413.6836363636364,-1.0126470194314807,,0.0
Gdańsk,Tallinn,Estonia,Warszawa,2026-08-26,2026-08-31,5,209.0,172.38,381.38,GDN,TLL,WARS,https://skyscanner.net/g/referrals/v1/flights/multicity/?mediaPartnerId=6439681&origin0=gdn&date0=2026-08-26&destination0=tll&origin1=tll&date1=2026-08-31&destination1=wars&adultsv2=1&market=PL&locale=pl-PL&currency=PLN,Gdańsk-Tallinn,413.6836363636364,-1.0126470194314807,,0.0
Gdańsk,Tallinn,Estonia,Gdańsk,2026-08-26,2026-08-28,2,209.0,172.38,381.38,GDN,TLL,GDN,https://www.skyscanner.net/g/referrals/v1/flights/day-view/?origin=gdn&destination=tll&outboundDate=2026-08-26&inboundDate=2026-08-28&market=PL&locale=pl-PL&currency=PLN&mediaPartnerId=6439681,Gdańsk-Tallinn,413.6836363636364,-1.0126470194314807,381.38,0.0
Gdańsk,Tallinn,Estonia,Gdańsk,2026-08-27,2026-08-31,4,209.0,172.38,381.38,GDN,TLL,GDN,https://www.skyscanner.net/g/referrals/v1/flights/day-view/?origin=gdn&destination=tll&outboundDate=2026-08-27&inboundDate=2026-08-31&market=PL&locale=pl-PL&currency=PLN&mediaPartnerId=6439681,Gdańsk-Tallinn,413.6836363636364,-1.0126470194314807,381.38,0.0
Warszawa,Mediolan,Włochy,Kraków,2026-08-29,2026-08-31,2,209.0,172.38,381.38,WARS,MIL,KRK,https://skyscanner.net/g/referrals/v1/flights/multicity/?mediaPartnerId=6439681&origin0=wars&date0=2026-08-29&destination0=mil&origin1=mil&date1=2026-08-31&destination1=krk&adultsv2=1&market=PL&locale=pl-PL&currency=PLN,Warszawa-Mediolan,453.52318390804595,-1.170431017077281,346.4,10.1
Warszawa,Mediolan,Włochy,Kraków,2026-08-29,2026-08-31,2,209.0,172.38,381.38,WARS,MIL,KRK,https://skyscanner.net/g/referrals/v1/flights/multicity/?mediaPartnerId=6439681&origin0=wars&date0=2026-08-29&destination0=mil&origin1=mil&date1=2026-08-31&destination1=krk&adultsv2=1&market=PL&locale=pl-PL&currency=PLN,Warszawa-Mediolan,453.52318390804595,-1.170431017077281,346.4,10.1
Katowice,Mediolan,Włochy,Kraków,2026-08-27,2026-08-31,4,209.04,172.38,381.41999999999996,KTW,MIL,KRK,https://skyscanner.net/g/referrals/v1/flights/multicity/?mediaPartnerId=6439681&origin0=ktw&date0=2026-08-27&destination0=mil&origin1=mil&date1=2026-08-31&destination1=krk&adultsv2=1&market=PL&locale=pl-PL&currency=PLN,Katowice-Mediolan,451.1714666666667,-1.1322822928217655,,0.0
Katowice,Mediolan,Włochy,Katowice,2026-08-26,2026-08-28,2,277.04,105.4,382.44000000000005,KTW,MILA,KTW,https://www.skyscanner.net/g/referrals/v1/flights/day-view/?origin=ktw&destination=mila&outboundDate=2026-08-26&inboundDate=2026-08-28&market=PL&locale=pl-PL&currency=PLN&mediaPartnerId=6439681,Katowice-Mediolan,451.1714666666667,-1.1157245343419682,282.52,35.37
Wrocław,Katania,Włochy,Warszawa,2026-08-24,2026-08-27,3,209.0,173.49,382.49,WRO,CTA,WARS,https://skyscanner.net/g/referrals/v1/flights/multicity/?mediaPartnerId=6439681&origin0=wro&date0=2026-08-24&destination0=cta&origin1=cta&date1=2026-08-27&destination1=wars&adultsv2=1&market=PL&locale=pl-PL&currency=PLN,Wrocław-Katania,458.04411764705884,-2.4958687521828424,382.49,0.0
Katowice,Katania,Włochy,Warszawa,2026-08-24,2026-08-27,3,209.0,173.49,382.49,KTW,CTA,WARS,https://skyscanner.net/g/referrals/v1/flights/multicity/?mediaPartnerId=6439681&origin0=ktw&date0=2026-08-24&destination0=cta&origin1=cta&date1=2026-08-27&destination1=wars&adultsv2=1&market=PL&locale=pl-PL&currency=PLN,Katowice-Katania,441.41450980392153,-1.8187177724953836,382.49,0.0
Katowice,Katania,Włochy,Warszawa,2026-08-20,2026-08-27,7,209.0,173.49,382.49,KTW,CTA,WARS,https://skyscanner.net/g/referrals/v1/flights/multicity/?mediaPartnerId=6439681&origin0=ktw&date0=2026-08-20&destination0=cta&origin1=cta&date1=2026-08-27&destination1=wars&adultsv2=1&market=PL&locale=pl-PL&currency=PLN,Katowice-Katania,441.41450980392153,-1.8187177724953836,382.49,0.0
Poznań,Zadar,Chorwacja,Warszawa,2026-08-26,2026-08-28,2,146.41,236.15,382.56,POZ,ZAD,WARS,https://skyscanner.net/g/referrals/v1/flights/multicity/?mediaPartnerId=6439681&origin0=poz&date0=2026-08-26&destination0=zad&origin1=zad&date1=2026-08-28&destination1=wars&adultsv2=1&market=PL&locale=pl-PL&currency=PLN,Poznań-Zadar,663.7591025641026,-2.6989082254110017,353.75,8.14
Poznań,Pula,Chorwacja,Poznań,2026-08-26,2026-08-28,2,86.1,296.83,382.92999999999995,POZ,PUY,POZ,https://www.skyscanner.net/g/referrals/v1/flights/day-view/?origin=poz&destination=puy&outboundDate=2026-08-26&inboundDate=2026-08-28&market=PL&locale=pl-PL&currency=PLN&mediaPartnerId=6439681,Poznań-Pula,511.52666666666664,-1.5730162205069769,378.53,1.16
Katowice,Mediolan,Włochy,Warszawa,2026-08-28,2026-08-31,3,213.34,169.74,383.08000000000004,KTW,MILA,WARS,https://skyscanner.net/g/referrals/v1/flights/multicity/?mediaPartnerId=6439681&origin0=ktw&date0=2026-08-28&destination0=mila&origin1=mila&date1=2026-08-31&destination1=wars&adultsv2=1&market=PL&locale=pl-PL&currency=PLN,Katowice-Mediolan,451.1714666666667,-1.105335352550724,307.66,24.51
Kraków,Oslo (Wszystkie lotniska),Norwegia,Gdańsk,2026-08-26,2026-08-31,5,269.0,114.16,383.15999999999997,KRK,OOS,GDN,https://skyscanner.net/g/referrals/v1/flights/multicity/?mediaPartnerId=6439681&origin0=krk&date0=2026-08-26&destination0=oos&origin1=oos&date1=2026-08-31&destination1=gdn&adultsv2=1&market=PL&locale=pl-PL&currency=PLN,Kraków-Oslo (Wszystkie lotniska),471.6685714285714,-1.4156955026003823,383.16,-0.0
Wrocław,Wenecja,Włochy,Kraków,2026-08-19,2026-08-26,7,283.92,99.3,383.22,WRO,TSF,KRK,https://skyscanner.net/g/referrals/v1/flights/multicity/?mediaPartnerId=6439681&origin0=wro&date0=2026-08-19&destination0=tsf&origin1=tsf&date1=2026-08-26&destination1=krk&adultsv2=1&market=PL&locale=pl-PL&currency=PLN,Wrocław-Wenecja,417.75676470588235,-1.0821342443035966,340.2,12.65
Wrocław,Wenecja,Włochy,Kraków,2026-08-23,2026-08-27,4,288.22,95.0,383.22,WRO,TSF,KRK,https://skyscanner.net/g/referrals/v1/flights/multicity/?mediaPartnerId=6439681&origin0=wro&date0=2026-08-23&destination0=tsf&origin1=tsf&date1=2026-08-27&destination1=krk&adultsv2=1&market=PL&locale=pl-PL&currency=PLN,Wrocław-Wenecja,417.75676470588235,-1.0821342443035966,,0.0
Warszawa,Mediolan,Włochy,Warszawa,2026-08-24,2026-08-28,4,216.26,166.98,383.24,WARS,MILA,WARS,https://www.skyscanner.net/g/referrals/v1/flights/day-view/?origin=wars&destination=mila&outboundDate=2026-08-24&inboundDate=2026-08-28&market=PL&locale=pl-PL&currency=PLN&mediaPartnerId=6439681,Warszawa-Mediolan,453.52318390804595,-1.1402548926836227,370.68,3.39
Warszawa,Mediolan,Włochy,Katowice,2026-08-29,2026-08-31,2,174.0,209.28,383.28,WARS,MILA,KTW,https://skyscanner.net/g/referrals/v1/flights/multicity/?mediaPartnerId=6439681&origin0=wars&date0=2026-08-29&destination0=mila&origin1=mila&date1=2026-08-31&destination1=ktw&adultsv2=1&market=PL&locale=pl-PL&currency=PLN,Warszawa-Mediolan,453.52318390804595,-1.1396059437719317,325.23,17.85
Katowice,Katania,Włochy,Wrocław,2026-08-23,2026-08-28,5,167.95,215.48,383.42999999999995,KTW,CTA,WRO,https://skyscanner.net/g/referrals/v1/flights/multicity/?mediaPartnerId=6439681&origin0=ktw&date0=2026-08-23&destination0=cta&origin1=cta&date1=2026-08-28&destination1=wro&adultsv2=1&market=PL&locale=pl-PL&currency=PLN,Katowice-Katania,441.41450980392153,-1.789704468662489,,0.0
Warszawa,Bazylea,Szwajcaria,Wrocław,2026-08-26,2026-08-31,5,269.0,114.73,383.73,WARS,BSL,WRO,https://skyscanner.net/g/referrals/v1/flights/multicity/?mediaPartnerId=6439681&origin0=wars&date0=2026-08-26&destination0=bsl&origin1=bsl&date1=2026-08-31&destination1=wro&adultsv2=1&market=PL&locale=pl-PL&currency=PLN,Warszawa-Bazylea,513.8205555555555,-1.2508796245188003,413.73,-7.25
Warszawa,Mediolan,Włochy,Kraków,2026-08-26,2026-08-29,3,269.0,114.96,383.96,WARS,MILA,KRK,https://skyscanner.net/g/referrals/v1/flights/multicity/?mediaPartnerId=6439681&origin0=wars&date0=2026-08-26&destination0=mila&origin1=mila&date1=2026-08-29&destination1=krk&adultsv2=1&market=PL&locale=pl-PL&currency=PLN,Warszawa-Mediolan,453.52318390804595,-1.128573812273175,301.22,27.47
Warszawa,Mediolan,Włochy,Kraków,2026-08-26,2026-08-29,3,269.0,114.96,383.96,WARS,MILA,KRK,https://skyscanner.net/g/referrals/v1/flights/multicity/?mediaPartnerId=6439681&origin0=wars&date0=2026-08-26&destination0=mila&origin1=mila&date1=2026-08-29&destination1=krk&adultsv2=1&market=PL&locale=pl-PL&currency=PLN,Warszawa-Mediolan,453.52318390804595,-1.128573812273175,301.22,27.47
Warszawa,Mediolan,Włochy,Katowice,2026-08-25,2026-08-28,3,279.18,105.4,384.58000000000004,WARS,MILA,KTW,https://skyscanner.net/g/referrals/v1/flights/multicity/?mediaPartnerId=6439681&origin0=wars&date0=2026-08-25&destination0=mila&origin1=mila&date1=2026-08-28&destination1=ktw&adultsv2=1&market=PL&locale=pl-PL&currency=PLN,Warszawa-Mediolan,453.52318390804595,-1.1185151041419545,321.68,19.55
Warszawa,Mediolan,Włochy,Kraków,2026-08-28,2026-08-31,3,307.14,77.49,384.63,WARS,MILA,KRK,https://skyscanner.net/g/referrals/v1/flights/multicity/?mediaPartnerId=6439681&origin0=wars&date0=2026-08-28&destination0=mila&origin1=mila&date1=2026-08-31&destination1=krk&adultsv2=1&market=PL&locale=pl-PL&currency=PLN,Warszawa-Mediolan,453.52318390804595,-1.117703918002341,276.92,38.9
Kraków,Bazylea,Szwajcaria,Kraków,2026-08-27,2026-08-30,3,179.0,206.56,385.56,KRK,BSL,KRK,https://www.skyscanner.net/g/referrals/v1/flights/day-view/?origin=krk&destination=bsl&outboundDate=2026-08-27&inboundDate=2026-08-30&market=PL&locale=pl-PL&currency=PLN&mediaPartnerId=6439681,Kraków-Bazylea,518.9557142857143,-1.4313281675894627,385.56,0.0
Warszawa,Bazylea,Szwajcaria,Kraków,2026-08-28,2026-08-30,2,179.0,206.56,385.56,WARS,BSL,KRK,https://skyscanner.net/g/referrals/v1/flights/multicity/?mediaPartnerId=6439681&origin0=wars&date0=2026-08-28&destination0=bsl&origin1=bsl&date1=2026-08-30&destination1=krk&adultsv2=1&market=PL&locale=pl-PL&currency=PLN,Warszawa-Bazylea,513.8205555555555,-1.2332833455030512,415.56,-7.22
Kraków,Katania,Włochy,Warszawa,2026-08-29,2026-08-31,2,146.86,238.83,385.69000000000005,KRK,CTA,WARS,https://skyscanner.net/g/referrals/v1/flights/multicity/?mediaPartnerId=6439681&origin0=krk&date0=2026-08-29&destination0=cta&origin1=cta&date1=2026-08-31&destination1=wars&adultsv2=1&market=PL&locale=pl-PL&currency=PLN,Kraków-Katania,456.9820634920635,-1.6623929367827228,352.6,9.38
Katowice,Mediolan,Włochy,Kraków,2026-08-28,2026-08-31,3,213.34,172.38,385.72,KTW,MIL,KRK,https://skyscanner.net/g/referrals/v1/flights/multicity/?mediaPartnerId=6439681&origin0=ktw&date0=2026-08-28&destination0=mil&origin1=mil&date1=2026-08-31&destination1=krk&adultsv2=1&market=PL&locale=pl-PL&currency=PLN,Katowice-Mediolan,451.1714666666667,-1.0624799776618405,,0.0
Warszawa,Mediolan,Włochy,Gdańsk,2026-08-29,2026-08-31,2,230.59,155.14,385.73,WARS,MILA,GDN,https://skyscanner.net/g/referrals/v1/flights/multicity/?mediaPartnerId=6439681&origin0=wars&date0=2026-08-29&destination0=mila&origin1=mila&date1=2026-08-31&destination1=gdn&adultsv2=1&market=PL&locale=pl-PL&currency=PLN,Warszawa-Mediolan,453.52318390804595,-1.0998578229308222,329.16,17.19
Warszawa,Mediolan,Włochy,Gdańsk,2026-08-29,2026-08-31,2,230.59,155.14,385.73,WARS,MIL,GDN,https://skyscanner.net/g/referrals/v1/flights/multicity/?mediaPartnerId=6439681&origin0=wars&date0=2026-08-29&destination0=mil&origin1=mil&date1=2026-08-31&destination1=gdn&adultsv2=1&market=PL&locale=pl-PL&currency=PLN,Warszawa-Mediolan,453.52318390804595,-1.0998578229308222,329.16,17.19
Warszawa,Sztokholm Skavsta,Szwecja,Warszawa,2026-08-26,2026-08-31,5,159.0,226.74,385.74,WARS,NYO,WARS,https://www.skyscanner.net/g/referrals/v1/flights/day-view/?origin=wars&destination=nyo&outboundDate=2026-08-26&inboundDate=2026-08-31&market=PL&locale=pl-PL&currency=PLN&mediaPartnerId=6439681,Warszawa-Sztokholm Skavsta,426.4575,-1.162849290333533,385.74,0.0
Warszawa,Mediolan,Włochy,Warszawa,2026-08-24,2026-08-31,7,216.26,169.74,386.0,WARS,MILA,WARS,https://www.skyscanner.net/g/referrals/v1/flights/day-view/?origin=wars&destination=mila&outboundDate=2026-08-24&inboundDate=2026-08-31&market=PL&locale=pl-PL&currency=PLN&mediaPartnerId=6439681,Warszawa-Mediolan,453.52318390804595,-1.0954774177769044,286.58,34.69
Warszawa,Mediolan,Włochy,Kraków,2026-08-25,2026-08-31,6,259.3,127.05,386.35,WARS,MILA,KRK,https://skyscanner.net/g/referrals/v1/flights/multicity/?mediaPartnerId=6439681&origin0=wars&date0=2026-08-25&destination0=mila&origin1=mila&date1=2026-08-31&destination1=krk&adultsv2=1&market=PL&locale=pl-PL&currency=PLN,Warszawa-Mediolan,453.52318390804595,-1.089799114799603,302.29,27.81
Gdańsk,Mediolan,Włochy,Kraków,2026-08-29,2026-08-31,2,259.31,127.05,386.36,GDN,MILA,KRK,https://skyscanner.net/g/referrals/v1/flights/multicity/?mediaPartnerId=6439681&origin0=gdn&date0=2026-08-29&destination0=mila&origin1=mila&date1=2026-08-31&destination1=krk&adultsv2=1&market=PL&locale=pl-PL&currency=PLN,Gdańsk-Mediolan,648.5529940119761,-2.5547851426440404,367.91,5.01
Warszawa,Mediolan,Włochy,Kraków,2026-08-25,2026-08-27,2,279.18,107.72,386.9,WARS,MILA,KRK,https://skyscanner.net/g/referrals/v1/flights/multicity/?mediaPartnerId=6439681&origin0=wars&date0=2026-08-25&destination0=mila&origin1=mila&date1=2026-08-27&destination1=krk&adultsv2=1&market=PL&locale=pl-PL&currency=PLN,Warszawa-Mediolan,453.52318390804595,-1.0808760672638444,311.28,24.29
Warszawa,Mediolan,Włochy,Kraków,2026-08-25,2026-08-27,2,279.18,107.72,386.9,WARS,MIL,KRK,https://skyscanner.net/g/referrals/v1/flights/multicity/?mediaPartnerId=6439681&origin0=wars&date0=2026-08-25&destination0=mil&origin1=mil&date1=2026-08-27&destination1=krk&adultsv2=1&market=PL&locale=pl-PL&currency=PLN,Warszawa-Mediolan,453.52318390804595,-1.0808760672638444,324.0,19.41
Katowice,Mediolan,Włochy,Kraków,2026-08-25,2026-08-27,2,300.87,86.1,386.97,KTW,MILA,KRK,https://skyscanner.net/g/referrals/v1/flights/multicity/?mediaPartnerId=6439681&origin0=ktw&date0=2026-08-25&destination0=mila&origin1=mila&date1=2026-08-27&destination1=krk&adultsv2=1&market=PL&locale=pl-PL&currency=PLN,Katowice-Mediolan,451.1714666666667,-1.0421886069758162,,0.0
Katowice,Mediolan,Włochy,Kraków,2026-08-26,2026-08-28,2,277.04,111.26,388.3,KTW,MILA,KRK,https://skyscanner.net/g/referrals/v1/flights/multicity/?mediaPartnerId=6439681&origin0=ktw&date0=2026-08-26&destination0=mila&origin1=mila&date1=2026-08-28&destination1=krk&adultsv2=1&market=PL&locale=pl-PL&currency=PLN,Katowice-Mediolan,451.1714666666667,-1.0205985885658866,272.12,42.69
Katowice,Rimini,Włochy,Kraków,2026-08-26,2026-08-28,2,179.0,209.3,388.3,KTW,RMI,KRK,https://skyscanner.net/g/referrals/v1/flights/multicity/?mediaPartnerId=6439681&origin0=ktw&date0=2026-08-26&destination0=rmi&origin1=rmi&date1=2026-08-28&destination1=krk&adultsv2=1&market=PL&locale=pl-PL&currency=PLN,Katowice-Rimini,503.7127272727273,-2.1275751941951926,382.3,1.57
Warszawa,Mediolan,Włochy,Warszawa,2026-08-25,2026-08-31,6,259.3,129.27,388.57000000000005,WARS,MILA,WARS,https://www.skyscanner.net/g/referrals/v1/flights/day-view/?origin=wars&destination=mila&outboundDate=2026-08-25&inboundDate=2026-08-31&market=PL&locale=pl-PL&currency=PLN&mediaPartnerId=6439681,Warszawa-Mediolan,453.52318390804595,-1.0537824502007203,304.04,27.8
Warszawa,Mediolan,Włochy,Warszawa,2026-08-25,2026-08-31,6,259.3,129.27,388.57000000000005,WARS,MIL,WARS,https://www.skyscanner.net/g/referrals/v1/flights/day-view/?origin=wars&destination=mil&outboundDate=2026-08-25&inboundDate=2026-08-31&market=PL&locale=pl-PL&currency=PLN&mediaPartnerId=6439681,Warszawa-Mediolan,453.52318390804595,-1.0537824502007203,345.55,12.45
Gdańsk,Mediolan,Włochy,Warszawa,2026-08-29,2026-08-31,2,259.31,129.27,388.58000000000004,GDN,MILA,WARS,https://skyscanner.net/g/referrals/v1/flights/multicity/?mediaPartnerId=6439681&origin0=gdn&date0=2026-08-29&destination0=mila&origin1=mila&date1=2026-08-31&destination1=wars&adultsv2=1&market=PL&locale=pl-PL&currency=PLN,Gdańsk-Mediolan,648.5529940119761,-2.5331536606967737,369.66,5.12
Gdańsk,Mediolan,Włochy,Warszawa,2026-08-29,2026-08-31,2,259.31,129.27,388.58000000000004,GDN,MIL,WARS,https://skyscanner.net/g/referrals/v1/flights/multicity/?mediaPartnerId=6439681&origin0=gdn&date0=2026-08-29&destination0=mil&origin1=mil&date1=2026-08-31&destination1=wars&adultsv2=1&market=PL&locale=pl-PL&currency=PLN,Gdańsk-Mediolan,648.5529940119761,-2.5331536606967737,411.17,-5.49
Warszawa,Mediolan,Włochy,Kraków,2026-08-24,2026-08-31,7,216.26,172.38,388.64,WARS,MIL,KRK,https://skyscanner.net/g/referrals/v1/flights/multicity/?mediaPartnerId=6439681&origin0=wars&date0=2026-08-24&destination0=mil&origin1=mil&date1=2026-08-31&destination1=krk&adultsv2=1&market=PL&locale=pl-PL&currency=PLN,Warszawa-Mediolan,453.52318390804595,-1.0526467896052611,371.2,4.7
Warszawa,Mediolan,Włochy,Kraków,2026-08-24,2026-08-28,4,216.26,172.38,388.64,WARS,MIL,KRK,https://skyscanner.net/g/referrals/v1/flights/multicity/?mediaPartnerId=6439681&origin0=wars&date0=2026-08-24&destination0=mil&origin1=mil&date1=2026-08-28&destination1=krk&adultsv2=1&market=PL&locale=pl-PL&currency=PLN,Warszawa-Mediolan,453.52318390804595,-1.0526467896052611,371.2,4.7
Poznań,Pula,Chorwacja,Katowice,2026-08-26,2026-08-28,2,86.1,302.55,388.65,POZ,PUY,KTW,https://skyscanner.net/g/referrals/v1/flights/multicity/?mediaPartnerId=6439681&origin0=poz&date0=2026-08-26&destination0=puy&origin1=puy&date1=2026-08-28&destination1=ktw&adultsv2=1&market=PL&locale=pl-PL&currency=PLN,Poznań-Pula,511.52666666666664,-1.5030482111135248,347.69,11.78
Kraków,Katania,Włochy,Wrocław,2026-08-25,2026-08-28,3,173.19,215.48,388.66999999999996,KRK,CTA,WRO,https://skyscanner.net/g/referrals/v1/flights/multicity/?mediaPartnerId=6439681&origin0=krk&date0=2026-08-25&destination0=cta&origin1=cta&date1=2026-08-28&destination1=wro&adultsv2=1&market=PL&locale=pl-PL&currency=PLN,Kraków-Katania,456.9820634920635,-1.5929051044917715,372.17,4.43
Warszawa,Mediolan,Włochy,Warszawa,2026-08-25,2026-08-27,2,279.18,109.84,389.02,WARS,MILA,WARS,https://www.skyscanner.net/g/referrals/v1/flights/day-view/?origin=wars&destination=mila&outboundDate=2026-08-25&inboundDate=2026-08-27&market=PL&locale=pl-PL&currency=PLN&mediaPartnerId=6439681,Warszawa-Mediolan,453.52318390804595,-1.0464817749441913,295.28,31.75
Warszawa,Katania,Włochy,Wrocław,2026-08-25,2026-08-28,3,173.71,215.48,389.19,WARS,CTA,WRO,https://skyscanner.net/g/referrals/v1/flights/multicity/?mediaPartnerId=6439681&origin0=wars&date0=2026-08-25&destination0=cta&origin1=cta&date1=2026-08-28&destination1=wro&adultsv2=1&market=PL&locale=pl-PL&currency=PLN,Warszawa-Katania,480.6408771929825,-2.1646482256742923,383.62,1.45
Wrocław,Charleroi,Belgia,Warszawa,2026-08-29,2026-08-31,2,279.94,109.33,389.27,WRO,CRL,WARS,https://skyscanner.net/g/referrals/v1/flights/multicity/?mediaPartnerId=6439681&origin0=wro&date0=2026-08-29&destination0=crl&origin1=crl&date1=2026-08-31&destination1=wars&adultsv2=1&market=PL&locale=pl-PL&currency=PLN,Wrocław-Charleroi,578.246923076923,-1.3490582172419983,374.62,3.91
Warszawa,Mediolan,Włochy,Kraków,2026-08-27,2026-08-31,4,311.89,77.49,389.38,WARS,MILA,KRK,https://skyscanner.net/g/referrals/v1/flights/multicity/?mediaPartnerId=6439681&origin0=wars&date0=2026-08-27&destination0=mila&origin1=mila&date1=2026-08-31&destination1=krk&adultsv2=1&market=PL&locale=pl-PL&currency=PLN,Warszawa-Mediolan,453.52318390804595,-1.0406412347389669,,0.0
Warszawa,Mediolan,Włochy,Gdańsk,2026-08-28,2026-08-31,3,234.24,155.14,389.38,WARS,MIL,GDN,https://skyscanner.net/g/referrals/v1/flights/multicity/?mediaPartnerId=6439681&origin0=wars&date0=2026-08-28&destination0=mil&origin1=mil&date1=2026-08-31&destination1=gdn&adultsv2=1&market=PL&locale=pl-PL&currency=PLN,Warszawa-Mediolan,453.52318390804595,-1.0406412347389669,346.04999999999995,12.52
Warszawa,Mediolan,Włochy,Gdańsk,2026-08-28,2026-08-31,3,234.24,155.14,389.38,WARS,MILA,GDN,https://skyscanner.net/g/referrals/v1/flights/multicity/?mediaPartnerId=6439681&origin0=wars&date0=2026-08-28&destination0=mila&origin1=mila&date1=2026-08-31&destination1=gdn&adultsv2=1&market=PL&locale=pl-PL&currency=PLN,Warszawa-Mediolan,453.52318390804595,-1.0406412347389669,346.04999999999995,12.52
Warszawa,Mediolan,Włochy,Warszawa,2026-08-26,2026-08-28,2,222.41,166.98,389.39,WARS,MILA,WARS,https://www.skyscanner.net/g/referrals/v1/flights/day-view/?origin=wars&destination=mila&outboundDate=2026-08-26&inboundDate=2026-08-28&market=PL&locale=pl-PL&currency=PLN&mediaPartnerId=6439681,Warszawa-Mediolan,453.52318390804595,-1.040478997511044,365.2000000000001,6.62
Warszawa,Mediolan,Włochy,Warszawa,2026-08-29,2026-08-31,2,174.0,215.48,389.48,WARS,MILA,WARS,https://www.skyscanner.net/g/referrals/v1/flights/day-view/?origin=wars&destination=mila&outboundDate=2026-08-29&inboundDate=2026-08-31&market=PL&locale=pl-PL&currency=PLN&mediaPartnerId=6439681,Warszawa-Mediolan,453.52318390804595,-1.0390188624597376,261.78000000000003,48.78
Warszawa,Mediolan,Włochy,Kraków,2026-08-25,2026-08-28,3,279.18,111.26,390.44,WARS,MILA,KRK,https://skyscanner.net/g/referrals/v1/flights/multicity/?mediaPartnerId=6439681&origin0=wars&date0=2026-08-25&destination0=mila&origin1=mila&date1=2026-08-28&destination1=krk&adultsv2=1&market=PL&locale=pl-PL&currency=PLN,Warszawa-Mediolan,453.52318390804595,-1.0234440885791403,311.28,25.43
Katowice,Pula,Chorwacja,Poznań,2026-08-26,2026-08-28,2,95.0,296.83,391.83,KTW,PUY,POZ,https://skyscanner.net/g/referrals/v1/flights/multicity/?mediaPartnerId=6439681&origin0=ktw&date0=2026-08-26&destination0=puy&origin1=puy&date1=2026-08-28&destination1=poz&adultsv2=1&market=PL&locale=pl-PL&currency=PLN,Katowice-Pula,436.44888888888886,-1.141069663654328,,0.0
Katowice,Katania,Włochy,Warszawa,2026-08-23,2026-08-30,7,167.95,224.54,392.49,KTW,CTA,WARS,https://skyscanner.net/g/referrals/v1/flights/multicity/?mediaPartnerId=6439681&origin0=ktw&date0=2026-08-23&destination0=cta&origin1=cta&date1=2026-08-30&destination1=wars&adultsv2=1&market=PL&locale=pl-PL&currency=PLN,Katowice-Katania,441.41450980392153,-1.510065604060315,382.37,2.65
Wrocław,Piza,Włochy,Kraków,2026-08-26,2026-08-28,2,180.07,214.07,394.14,WRO,PSA,KRK,https://skyscanner.net/g/referrals/v1/flights/multicity/?mediaPartnerId=6439681&origin0=wro&date0=2026-08-26&destination0=psa&origin1=psa&date1=2026-08-28&destination1=krk&adultsv2=1&market=PL&locale=pl-PL&currency=PLN,Wrocław-Piza,549.9233333333333,-1.383556560975544,366.57,7.52
Wrocław,Rzym,Włochy,Warszawa,2026-08-27,2026-08-31,4,219.38,175.03,394.40999999999997,WRO,ROME,WARS,https://skyscanner.net/g/referrals/v1/flights/multicity/?mediaPartnerId=6439681&origin0=wro&date0=2026-08-27&destination0=rome&origin1=rome&date1=2026-08-31&destination1=wars&adultsv2=1&market=PL&locale=pl-PL&currency=PLN,Wrocław-Rzym,591.3997727272728,-2.3792244311318123,394.42,-0.0
Kraków,Oslo (Wszystkie lotniska),Norwegia,Gdańsk,2026-08-28,2026-08-30,2,249.0,145.77,394.77,KRK,OOS,GDN,https://skyscanner.net/g/referrals/v1/flights/multicity/?mediaPartnerId=6439681&origin0=krk&date0=2026-08-28&destination0=oos&origin1=oos&date1=2026-08-30&destination1=gdn&adultsv2=1&market=PL&locale=pl-PL&currency=PLN,Kraków-Oslo (Wszystkie lotniska),471.6685714285714,-1.2299934342029177,394.77,0.0
Warszawa,Zadar,Chorwacja,Warszawa,2026-08-25,2026-08-28,3,159.0,236.15,395.15,WARS,ZAD,WARS,https://www.skyscanner.net/g/referrals/v1/flights/day-view/?origin=wars&destination=zad&outboundDate=2026-08-25&inboundDate=2026-08-28&market=PL&locale=pl-PL&currency=PLN&mediaPartnerId=6439681,Warszawa-Zadar,669.9506250000001,-2.7557567061651107,386.51,2.24
Kraków,Katania,Włochy,Warszawa,2026-08-25,2026-08-30,5,173.19,224.54,397.73,KRK,CTA,WARS,https://skyscanner.net/g/referrals/v1/flights/multicity/?mediaPartnerId=6439681&origin0=krk&date0=2026-08-25&destination0=cta&origin1=cta&date1=2026-08-30&destination1=wars&adultsv2=1&market=PL&locale=pl-PL&currency=PLN,Kraków-Katania,456.9820634920635,-1.3816434398756496,349.79,13.71
Warszawa,Katania,Włochy,Warszawa,2026-08-25,2026-08-30,5,173.71,224.54,398.25,WARS,CTA,WARS,https://www.skyscanner.net/g/referrals/v1/flights/day-view/?origin=wars&destination=cta&outboundDate=2026-08-25&inboundDate=2026-08-30&market=PL&locale=pl-PL&currency=PLN&mediaPartnerId=6439681,Warszawa-Katania,480.6408771929825,-1.9501974349702966,361.24,10.25
Kraków,Katania,Włochy,Wrocław,2026-08-24,2026-08-28,4,183.35,215.48,398.83,KRK,CTA,WRO,https://skyscanner.net/g/referrals/v1/flights/multicity/?mediaPartnerId=6439681&origin0=krk&date0=2026-08-24&destination0=cta&origin1=cta&date1=2026-08-28&destination1=wro&adultsv2=1&market=PL&locale=pl-PL&currency=PLN,Kraków-Katania,456.9820634920635,-1.3559935688957683,,0.0
Wrocław,Charleroi,Belgia,Wrocław,2026-08-29,2026-08-31,2,279.94,120.43,400.37,WRO,CRL,WRO,https://www.skyscanner.net/g/referrals/v1/flights/day-view/?origin=wro&destination=crl&outboundDate=2026-08-29&inboundDate=2026-08-31&market=PL&locale=pl-PL&currency=PLN&mediaPartnerId=6439681,Wrocław-Charleroi,578.246923076923,-1.2698181387838956,400.05,0.08
Wrocław,Piza,Włochy,Wrocław,2026-08-26,2026-08-29,3,180.07,221.25,401.32,WRO,PSA,WRO,https://www.skyscanner.net/g/referrals/v1/flights/day-view/?origin=wro&destination=psa&outboundDate=2026-08-26&inboundDate=2026-08-29&market=PL&locale=pl-PL&currency=PLN&mediaPartnerId=6439681,Wrocław-Piza,549.9233333333333,-1.319788917189488,373.78,7.37
Gdańsk,Katania,Włochy,Warszawa,2026-08-25,2026-08-27,2,229.0,173.49,402.49,GDN,CTA,WARS,https://skyscanner.net/g/referrals/v1/flights/multicity/?mediaPartnerId=6439681&origin0=gdn&date0=2026-08-25&destination0=cta&origin1=cta&date1=2026-08-27&destination1=wars&adultsv2=1&market=PL&locale=pl-PL&currency=PLN,Gdańsk-Katania,511.1504761904762,-2.684630019073412,402.49,0.0
Warszawa,Katania,Włochy,Warszawa,2026-08-25,2026-08-27,2,229.0,173.49,402.49,WARS,CTA,WARS,https://www.skyscanner.net/g/referrals/v1/flights/day-view/?origin=wars&destination=cta&outboundDate=2026-08-25&inboundDate=2026-08-27&market=PL&locale=pl-PL&currency=PLN&mediaPartnerId=6439681,Warszawa-Katania,480.6408771929825,-1.8498363585260424,341.63,17.81
Poznań,Rzym,Włochy,Warszawa,2026-08-27,2026-08-31,4,228.35,175.03,403.38,POZ,ROME,WARS,https://skyscanner.net/g/referrals/v1/flights/multicity/?mediaPartnerId=6439681&origin0=poz&date0=2026-08-27&destination0=rome&origin1=rome&date1=2026-08-31&destination1=wars&adultsv2=1&market=PL&locale=pl-PL&currency=PLN,Poznań-Rzym,588.2803816793893,-2.472197234132241,395.93,1.88
Katowice,Katania,Włochy,Warszawa,2026-08-27,2026-08-30,3,179.0,224.54,403.53999999999996,KTW,CTA,WARS,https://skyscanner.net/g/referrals/v1/flights/multicity/?mediaPartnerId=6439681&origin0=ktw&date0=2026-08-27&destination0=cta&origin1=cta&date1=2026-08-30&destination1=wars&adultsv2=1&market=PL&locale=pl-PL&currency=PLN,Katowice-Katania,441.41450980392153,-1.1690049579395656,372.1,8.45
Kraków,Bazylea,Szwajcaria,Wrocław,2026-08-27,2026-08-30,3,179.0,224.92,403.91999999999996,KRK,BSL,WRO,https://skyscanner.net/g/referrals/v1/flights/multicity/?mediaPartnerId=6439681&origin0=krk&date0=2026-08-27&destination0=bsl&origin1=bsl&date1=2026-08-30&destination1=wro&adultsv2=1&market=PL&locale=pl-PL&currency=PLN,Kraków-Bazylea,518.9557142857143,-1.2343264475742584,403.92,-0.0
Warszawa,Bazylea,Szwajcaria,Wrocław,2026-08-28,2026-08-30,2,179.0,224.92,403.91999999999996,WARS,BSL,WRO,https://skyscanner.net/g/referrals/v1/flights/multicity/?mediaPartnerId=6439681&origin0=wars&date0=2026-08-28&destination0=bsl&origin1=bsl&date1=2026-08-30&destination1=wro&adultsv2=1&market=PL&locale=pl-PL&currency=PLN,Warszawa-Bazylea,513.8205555555555,-1.0567436281647131,,0.0
Poznań,Dubrovnik,Chorwacja,Katowice,2026-08-20,2026-08-24,4,159.15,244.93,404.08000000000004,POZ,DBV,KTW,https://skyscanner.net/g/referrals/v1/flights/multicity/?mediaPartnerId=6439681&origin0=poz&date0=2026-08-20&destination0=dbv&origin1=dbv&date1=2026-08-24&destination1=ktw&adultsv2=1&market=PL&locale=pl-PL&currency=PLN,Poznań-Dubrovnik,532.1445,-1.6971900955032355,428.19000000000005,-5.63
Wrocław,Dortmund,Niemcy,Gdańsk,2026-08-27,2026-08-31,4,249.0,155.14,404.14,WRO,DTM,GDN,https://skyscanner.net/g/referrals/v1/flights/multicity/?mediaPartnerId=6439681&origin0=wro&date0=2026-08-27&destination0=dtm&origin1=dtm&date1=2026-08-31&destination1=gdn&adultsv2=1&market=PL&locale=pl-PL&currency=PLN,Wrocław-Dortmund,477.32666666666665,-1.521030889613904,404.14,0.0
Kraków,Rzym,Włochy,Warszawa,2026-08-26,2026-08-31,5,229.31,175.03,404.34000000000003,KRK,ROME,WARS,https://skyscanner.net/g/referrals/v1/flights/multicity/?mediaPartnerId=6439681&origin0=krk&date0=2026-08-26&destination0=rome&origin1=rome&date1=2026-08-31&destination1=wars&adultsv2=1&market=PL&locale=pl-PL&currency=PLN,Kraków-Rzym,553.8120173913044,-2.7944847030500584,426.09,-5.1
Warszawa,Rzym,Włochy,Warszawa,2026-08-29,2026-08-31,2,229.31,175.03,404.34000000000003,WARS,ROME,WARS,https://www.skyscanner.net/g/referrals/v1/flights/day-view/?origin=wars&destination=rome&outboundDate=2026-08-29&inboundDate=2026-08-31&market=PL&locale=pl-PL&currency=PLN&mediaPartnerId=6439681,Warszawa-Rzym,537.041045045045,-2.5675371430047207,404.34,0.0
Katowice,Dubrovnik,Chorwacja,Gdańsk,2026-08-24,2026-08-27,3,130.33,274.72,405.05000000000007,KTW,DBV,GDN,https://skyscanner.net/g/referrals/v1/flights/multicity/?mediaPartnerId=6439681&origin0=ktw&date0=2026-08-24&destination0=dbv&origin1=dbv&date1=2026-08-27&destination1=gdn&adultsv2=1&market=PL&locale=pl-PL&currency=PLN,Katowice-Dubrovnik,505.67133333333334,-1.3559411533347614,,0.0
Kraków,Wenecja,Włochy,Katowice,2026-08-25,2026-08-29,4,319.0,86.47,405.47,KRK,TSF,KTW,https://skyscanner.net/g/referrals/v1/flights/multicity/?mediaPartnerId=6439681&origin0=krk&date0=2026-08-25&destination0=tsf&origin1=tsf&date1=2026-08-29&destination1=ktw&adultsv2=1&market=PL&locale=pl-PL&currency=PLN,Kraków-Wenecja,535.8529670329671,-1.5965664557429318,402.84,0.65
Kraków,Wenecja,Włochy,Katowice,2026-08-25,2026-08-29,4,319.0,86.47,405.47,KRK,TSF,KTW,https://skyscanner.net/g/referrals/v1/flights/multicity/?mediaPartnerId=6439681&origin0=krk&date0=2026-08-25&destination0=tsf&origin1=tsf&date1=2026-08-29&destination1=ktw&adultsv2=1&market=PL&locale=pl-PL&currency=PLN,Kraków-Wenecja,535.8529670329671,-1.5965664557429318,402.84,0.65
Warszawa,Wenecja,Włochy,Gdańsk,2026-08-27,2026-08-31,4,259.9,146.41,406.30999999999995,WARS,TSF,GDN,https://skyscanner.net/g/referrals/v1/flights/multicity/?mediaPartnerId=6439681&origin0=wars&date0=2026-08-27&destination0=tsf&origin1=tsf&date1=2026-08-31&destination1=gdn&adultsv2=1&market=PL&locale=pl-PL&currency=PLN,Warszawa-Wenecja,572.1463703703703,-1.9172030223236864,393.26,3.32
Katowice,Katania,Włochy,Warszawa,2026-08-23,2026-08-28,5,167.95,238.83,406.78,KTW,CTA,WARS,https://skyscanner.net/g/referrals/v1/flights/multicity/?mediaPartnerId=6439681&origin0=ktw&date0=2026-08-23&destination0=cta&origin1=cta&date1=2026-08-28&destination1=wars&adultsv2=1&market=PL&locale=pl-PL&currency=PLN,Katowice-Katania,441.41450980392153,-1.069001655366603,,0.0
Wrocław,Rzym,Włochy,Gdańsk,2026-08-27,2026-08-31,4,219.38,188.29,407.66999999999996,WRO,ROME,GDN,https://skyscanner.net/g/referrals/v1/flights/multicity/?mediaPartnerId=6439681&origin0=wro&date0=2026-08-27&destination0=rome&origin1=rome&date1=2026-08-31&destination1=gdn&adultsv2=1&market=PL&locale=pl-PL&currency=PLN,Wrocław-Rzym,591.3997727272728,-2.2190713657212244,395.31,3.13
Warszawa,Palermo,Włochy,Kraków,2026-08-19,2026-08-26,7,171.73,236.15,407.88,WARS,PMO,KRK,https://skyscanner.net/g/referrals/v1/flights/multicity/?mediaPartnerId=6439681&origin0=wars&date0=2026-08-19&destination0=pmo&origin1=pmo&date1=2026-08-26&destination1=krk&adultsv2=1&market=PL&locale=pl-PL&currency=PLN,Warszawa-Palermo,664.7675,-3.281079095326458,467.22,-12.7
Kraków,Katania,Włochy,Warszawa,2026-08-24,2026-08-30,6,183.35,224.54,407.89,KRK,CTA,WARS,https://skyscanner.net/g/referrals/v1/flights/multicity/?mediaPartnerId=6439681&origin0=krk&date0=2026-08-24&destination0=cta&origin1=cta&date1=2026-08-30&destination1=wars&adultsv2=1&market=PL&locale=pl-PL&currency=PLN,Kraków-Katania,456.9820634920635,-1.144731904279648,369.2,10.48
Katowice,Katania,Włochy,Warszawa,2026-08-28,2026-08-30,2,183.35,224.54,407.89,KTW,CTA,WARS,https://skyscanner.net/g/referrals/v1/flights/multicity/?mediaPartnerId=6439681&origin0=ktw&date0=2026-08-28&destination0=cta&origin1=cta&date1=2026-08-30&destination1=wars&adultsv2=1&market=PL&locale=pl-PL&currency=PLN,Katowice-Katania,441.41450980392153,-1.0347412646703102,369.2,10.48
Kraków,Zadar,Chorwacja,Warszawa,2026-08-26,2026-08-28,2,172.25,236.15,408.4,KRK,ZAD,WARS,https://skyscanner.net/g/referrals/v1/flights/multicity/?mediaPartnerId=6439681&origin0=krk&date0=2026-08-26&destination0=zad&origin1=zad&date1=2026-08-28&destination1=wars&adultsv2=1&market=PL&locale=pl-PL&currency=PLN,Kraków-Zadar,669.821,-2.6303918557889703,358.04999999999995,14.06
Warszawa,Katania,Włochy,Wrocław,2026-08-24,2026-08-28,4,193.12,215.48,408.6,WARS,CTA,WRO,https://skyscanner.net/g/referrals/v1/flights/multicity/?mediaPartnerId=6439681&origin0=wars&date0=2026-08-24&destination0=cta&origin1=cta&date1=2026-08-28&destination1=wro&adultsv2=1&market=PL&locale=pl-PL&currency=PLN,Warszawa-Katania,480.6408771929825,-1.7052122601594404,408.58,0.0
Kraków,Katania,Włochy,Warszawa,2026-08-25,2026-08-28,3,173.19,238.83,412.02,KRK,CTA,WARS,https://skyscanner.net/g/referrals/v1/flights/multicity/?mediaPartnerId=6439681&origin0=krk&date0=2026-08-25&destination0=cta&origin1=cta&date1=2026-08-28&destination1=wars&adultsv2=1&market=PL&locale=pl-PL&currency=PLN,Kraków-Katania,456.9820634920635,-1.0484282977824542,,0.0
Kraków,Katania,Włochy,Warszawa,2026-08-25,2026-08-31,6,173.19,238.83,412.02,KRK,CTA,WARS,https://skyscanner.net/g/referrals/v1/flights/multicity/?mediaPartnerId=6439681&origin0=krk&date0=2026-08-25&destination0=cta&origin1=cta&date1=2026-08-31&destination1=wars&adultsv2=1&market=PL&locale=pl-PL&currency=PLN,Kraków-Katania,456.9820634920635,-1.0484282977824542,362.45,13.68
Warszawa,Katania,Włochy,Warszawa,2026-08-25,2026-08-31,6,173.71,238.83,412.54,WARS,CTA,WARS,https://www.skyscanner.net/g/referrals/v1/flights/day-view/?origin=wars&destination=cta&outboundDate=2026-08-25&inboundDate=2026-08-31&market=PL&locale=pl-PL&currency=PLN&mediaPartnerId=6439681,Warszawa-Katania,480.6408771929825,-1.6119522032749214,373.9,10.33
Warszawa,Katania,Włochy,Warszawa,2026-08-25,2026-08-28,3,173.71,238.83,412.54,WARS,CTA,WARS,https://www.skyscanner.net/g/referrals/v1/flights/day-view/?origin=wars&destination=cta&outboundDate=2026-08-25&inboundDate=2026-08-28&market=PL&locale=pl-PL&currency=PLN&mediaPartnerId=6439681,Warszawa-Katania,480.6408771929825,-1.6119522032749214,406.95,1.37
Kraków,Katania,Włochy,Warszawa,2026-08-28,2026-08-30,2,188.77,224.54,413.31,KRK,CTA,WARS,https://skyscanner.net/g/referrals/v1/flights/multicity/?mediaPartnerId=6439681&origin0=krk&date0=2026-08-28&destination0=cta&origin1=cta&date1=2026-08-30&destination1=wars&adultsv2=1&market=PL&locale=pl-PL&currency=PLN,Kraków-Katania,456.9820634920635,-1.0183479945424099,,0.0
Warszawa,Wenecja,Włochy,Kraków,2026-08-27,2026-08-29,2,259.9,153.82,413.71999999999997,WARS,TSF,KRK,https://skyscanner.net/g/referrals/v1/flights/multicity/?mediaPartnerId=6439681&origin0=wars&date0=2026-08-27&destination0=tsf&origin1=tsf&date1=2026-08-29&destination1=krk&adultsv2=1&market=PL&locale=pl-PL&currency=PLN,Warszawa-Wenecja,572.1463703703703,-1.8315374089019107,413.75,-0.01
Kraków,Bazylea,Szwajcaria,Wrocław,2026-08-28,2026-08-31,3,299.0,114.73,413.73,KRK,BSL,WRO,https://skyscanner.net/g/referrals/v1/flights/multicity/?mediaPartnerId=6439681&origin0=krk&date0=2026-08-28&destination0=bsl&origin1=bsl&date1=2026-08-31&destination1=wro&adultsv2=1&market=PL&locale=pl-PL&currency=PLN,Kraków-Bazylea,518.9557142857143,-1.1290657246249571,413.73,0.0
Kraków,Wenecja,Włochy,Kraków,2026-08-25,2026-08-27,2,319.0,95.0,414.0,KRK,TSF,KRK,https://www.skyscanner.net/g/referrals/v1/flights/day-view/?origin=krk&destination=tsf&outboundDate=2026-08-25&inboundDate=2026-08-27&market=PL&locale=pl-PL&currency=PLN&mediaPartnerId=6439681,Kraków-Wenecja,535.8529670329671,-1.4921148377333209,414.0,0.0
Kraków,Wenecja,Włochy,Kraków,2026-08-25,2026-08-27,2,319.0,95.0,414.0,KRK,TSF,KRK,https://www.skyscanner.net/g/referrals/v1/flights/day-view/?origin=krk&destination=tsf&outboundDate=2026-08-25&inboundDate=2026-08-27&market=PL&locale=pl-PL&currency=PLN&mediaPartnerId=6439681,Kraków-Wenecja,535.8529670329671,-1.4921148377333209,414.0,0.0
Warszawa,Katania,Włochy,Warszawa,2026-08-19,2026-08-21,2,269.0,145.0,414.0,WARS,CTA,WARS,https://www.skyscanner.net/g/referrals/v1/flights/day-view/?origin=wars&destination=cta&outboundDate=2026-08-19&inboundDate=2026-08-21&market=PL&locale=pl-PL&currency=PLN&mediaPartnerId=6439681,Warszawa-Katania,480.6408771929825,-1.5773939080842116,414.0,0.0
Gdańsk,Mediolan,Włochy,Gdańsk,2026-08-29,2026-08-31,2,259.31,155.14,414.45,GDN,MIL,GDN,https://www.skyscanner.net/g/referrals/v1/flights/day-view/?origin=gdn&destination=mil&outboundDate=2026-08-29&inboundDate=2026-08-31&market=PL&locale=pl-PL&currency=PLN&mediaPartnerId=6439681,Gdańsk-Mediolan,648.5529940119761,-2.2810786886356125,437.04,-5.17
Gdańsk,Mediolan,Włochy,Gdańsk,2026-08-29,2026-08-31,2,259.31,155.14,414.45,GDN,MILA,GDN,https://www.skyscanner.net/g/referrals/v1/flights/day-view/?origin=gdn&destination=mila&outboundDate=2026-08-29&inboundDate=2026-08-31&market=PL&locale=pl-PL&currency=PLN&mediaPartnerId=6439681,Gdańsk-Mediolan,648.5529940119761,-2.2810786886356125,437.04,-5.17
Katowice,Dubrovnik,Chorwacja,Gdańsk,2026-08-25,2026-08-27,2,139.96,274.72,414.68000000000006,KTW,DBV,GDN,https://skyscanner.net/g/referrals/v1/flights/multicity/?mediaPartnerId=6439681&origin0=ktw&date0=2026-08-25&destination0=dbv&origin1=dbv&date1=2026-08-27&destination1=gdn&adultsv2=1&market=PL&locale=pl-PL&currency=PLN,Katowice-Dubrovnik,505.67133333333334,-1.2261703296530992,,0.0
Katowice,Dubrovnik,Chorwacja,Katowice,2026-08-24,2026-08-27,3,130.33,284.45,414.78,KTW,DBV,KTW,https://www.skyscanner.net/g/referrals/v1/flights/day-view/?origin=ktw&destination=dbv&outboundDate=2026-08-24&inboundDate=2026-08-27&market=PL&locale=pl-PL&currency=PLN&mediaPartnerId=6439681,Katowice-Dubrovnik,505.67133333333334,-1.2248227613905702,409.42,1.31
Warszawa,Katania,Włochy,Gdańsk,2026-08-25,2026-08-27,2,173.71,241.35,415.06,WARS,CTA,GDN,https://skyscanner.net/g/referrals/v1/flights/multicity/?mediaPartnerId=6439681&origin0=wars&date0=2026-08-25&destination0=cta&origin1=cta&date1=2026-08-27&destination1=gdn&adultsv2=1&market=PL&locale=pl-PL&currency=PLN,Warszawa-Katania,480.6408771929825,-1.5523036389731482,409.49,1.36
Poznań,Rzym,Włochy,Gdańsk,2026-08-27,2026-08-31,4,228.35,188.29,416.64,POZ,ROME,GDN,https://skyscanner.net/g/referrals/v1/flights/multicity/?mediaPartnerId=6439681&origin0=poz&date0=2026-08-27&destination0=rome&origin1=rome&date1=2026-08-31&destination1=gdn&adultsv2=1&market=PL&locale=pl-PL&currency=PLN,Poznań-Rzym,588.2803816793893,-2.2949053593029336,396.82,4.99
Kraków,Wenecja,Włochy,Warszawa,2026-08-25,2026-08-27,2,319.0,98.21,417.21,KRK,TSF,WARS,https://skyscanner.net/g/referrals/v1/flights/multicity/?mediaPartnerId=6439681&origin0=krk&date0=2026-08-25&destination0=tsf&origin1=tsf&date1=2026-08-27&destination1=wars&adultsv2=1&market=PL&locale=pl-PL&currency=PLN,Kraków-Wenecja,535.8529670329671,-1.4528077223979339,423.84,-1.56
Kraków,Wenecja,Włochy,Warszawa,2026-08-25,2026-08-27,2,319.0,98.21,417.21,KRK,TSF,WARS,https://skyscanner.net/g/referrals/v1/flights/multicity/?mediaPartnerId=6439681&origin0=krk&date0=2026-08-25&destination0=tsf&origin1=tsf&date1=2026-08-27&destination1=wars&adultsv2=1&market=PL&locale=pl-PL&currency=PLN,Kraków-Wenecja,535.8529670329671,-1.4528077223979339,423.84,-1.56
Warszawa,Rzym,Włochy,Gdańsk,2026-08-29,2026-08-31,2,229.31,188.29,417.6,WARS,ROME,GDN,https://skyscanner.net/g/referrals/v1/flights/multicity/?mediaPartnerId=6439681&origin0=wars&date0=2026-08-29&destination0=rome&origin1=rome&date1=2026-08-31&destination1=gdn&adultsv2=1&market=PL&locale=pl-PL&currency=PLN,Warszawa-Rzym,537.041045045045,-2.3109789334993933,405.23,3.05
Kraków,Rzym,Włochy,Gdańsk,2026-08-26,2026-08-31,5,229.31,188.29,417.6,KRK,ROME,GDN,https://skyscanner.net/g/referrals/v1/flights/multicity/?mediaPartnerId=6439681&origin0=krk&date0=2026-08-26&destination0=rome&origin1=rome&date1=2026-08-31&destination1=gdn&adultsv2=1&market=PL&locale=pl-PL&currency=PLN,Kraków-Rzym,553.8120173913044,-2.5465796582854763,426.98,-2.2
Warszawa,Katania,Włochy,Warszawa,2026-08-24,2026-08-30,6,193.12,224.54,417.65999999999997,WARS,CTA,WARS,https://www.skyscanner.net/g/referrals/v1/flights/day-view/?origin=wars&destination=cta&outboundDate=2026-08-24&inboundDate=2026-08-30&market=PL&locale=pl-PL&currency=PLN&mediaPartnerId=6439681,Warszawa-Katania,480.6408771929825,-1.490761469455446,386.2,8.15
Warszawa,Wenecja,Włochy,Warszawa,2026-08-26,2026-08-31,5,180.64,238.0,418.64,WARS,TSF,WARS,https://www.skyscanner.net/g/referrals/v1/flights/day-view/?origin=wars&destination=tsf&outboundDate=2026-08-26&inboundDate=2026-08-31&market=PL&locale=pl-PL&currency=PLN&mediaPartnerId=6439681,Warszawa-Wenecja,572.1463703703703,-1.7746582161846183,438.84,-4.6
Kraków,Bolonia,Włochy,Kraków,2026-08-25,2026-08-27,2,279.94,139.23,419.16999999999996,KRK,BLQ,KRK,https://www.skyscanner.net/g/referrals/v1/flights/day-view/?origin=krk&destination=blq&outboundDate=2026-08-25&inboundDate=2026-08-27&market=PL&locale=pl-PL&currency=PLN&mediaPartnerId=6439681,Kraków-Bolonia,587.4342307692308,-2.1257386092413766,361.89,15.83
Warszawa,Katania,Włochy,Kraków,2026-08-25,2026-08-27,2,173.71,247.48,421.19,WARS,CTA,KRK,https://skyscanner.net/g/referrals/v1/flights/multicity/?mediaPartnerId=6439681&origin0=wars&date0=2026-08-25&destination0=cta&origin1=cta&date1=2026-08-27&destination1=krk&adultsv2=1&market=PL&locale=pl-PL&currency=PLN,Warszawa-Katania,480.6408771929825,-1.407206139302564,,0.0
Warszawa,Katania,Włochy,Kraków,2026-08-25,2026-08-30,5,173.71,247.48,421.19,WARS,CTA,KRK,https://skyscanner.net/g/referrals/v1/flights/multicity/?mediaPartnerId=6439681&origin0=wars&date0=2026-08-25&destination0=cta&origin1=cta&date1=2026-08-30&destination1=krk&adultsv2=1&market=PL&locale=pl-PL&currency=PLN,Warszawa-Katania,480.6408771929825,-1.407206139302564,396.6,6.2
Kraków,Rzym,Włochy,Gdańsk,2026-08-23,2026-08-27,4,249.0,172.38,421.38,KRK,ROM,GDN,https://skyscanner.net/g/referrals/v1/flights/multicity/?mediaPartnerId=6439681&origin0=krk&date0=2026-08-23&destination0=rom&origin1=rom&date1=2026-08-27&destination1=gdn&adultsv2=1&market=PL&locale=pl-PL&currency=PLN,Kraków-Rzym,553.8120173913044,-2.4759098943933107,421.38,0.0
Katowice,Rzym,Włochy,Gdańsk,2026-08-23,2026-08-27,4,249.0,172.38,421.38,KTW,ROME,GDN,https://skyscanner.net/g/referrals/v1/flights/multicity/?mediaPartnerId=6439681&origin0=ktw&date0=2026-08-23&destination0=rome&origin1=rome&date1=2026-08-27&destination1=gdn&adultsv2=1&market=PL&locale=pl-PL&currency=PLN,Katowice-Rzym,542.3553002610967,-2.387037646905103,421.38,0.0
Katowice,Rzym,Włochy,Gdańsk,2026-08-23,2026-08-27,4,249.0,172.38,421.38,KTW,ROM,GDN,https://skyscanner.net/g/referrals/v1/flights/multicity/?mediaPartnerId=6439681&origin0=ktw&date0=2026-08-23&destination0=rom&origin1=rom&date1=2026-08-27&destination1=gdn&adultsv2=1&market=PL&locale=pl-PL&currency=PLN,Katowice-Rzym,542.3553002610967,-2.387037646905103,421.38,0.0
Kraków,Rzym,Włochy,Gdańsk,2026-08-23,2026-08-27,4,249.0,172.38,421.38,KRK,ROM,GDN,https://skyscanner.net/g/referrals/v1/flights/multicity/?mediaPartnerId=6439681&origin0=krk&date0=2026-08-23&destination0=rom&origin1=rom&date1=2026-08-27&destination1=gdn&adultsv2=1&market=PL&locale=pl-PL&currency=PLN,Kraków-Rzym,553.8120173913044,-2.4759098943933107,421.38,0.0
Kraków,Rzym,Włochy,Gdańsk,2026-08-23,2026-08-27,4,249.0,172.38,421.38,KRK,ROME,GDN,https://skyscanner.net/g/referrals/v1/flights/multicity/?mediaPartnerId=6439681&origin0=krk&date0=2026-08-23&destination0=rome&origin1=rome&date1=2026-08-27&destination1=gdn&adultsv2=1&market=PL&locale=pl-PL&currency=PLN,Kraków-Rzym,553.8120173913044,-2.4759098943933107,421.38,0.0
Katowice,Rzym,Włochy,Gdańsk,2026-08-23,2026-08-27,4,249.0,172.38,421.38,KTW,ROME,GDN,https://skyscanner.net/g/referrals/v1/flights/multicity/?mediaPartnerId=6439681&origin0=ktw&date0=2026-08-23&destination0=rome&origin1=rome&date1=2026-08-27&destination1=gdn&adultsv2=1&market=PL&locale=pl-PL&currency=PLN,Katowice-Rzym,542.3553002610967,-2.387037646905103,421.38,0.0
Katowice,Rzym,Włochy,Gdańsk,2026-08-23,2026-08-27,4,249.0,172.38,421.38,KTW,ROM,GDN,https://skyscanner.net/g/referrals/v1/flights/multicity/?mediaPartnerId=6439681&origin0=ktw&date0=2026-08-23&destination0=rom&origin1=rom&date1=2026-08-27&destination1=gdn&adultsv2=1&market=PL&locale=pl-PL&currency=PLN,Katowice-Rzym,542.3553002610967,-2.387037646905103,421.38,0.0
Wrocław,Dortmund,Niemcy,Wrocław,2026-08-27,2026-08-29,2,249.0,172.38,421.38,WRO,DTM,WRO,https://www.skyscanner.net/g/referrals/v1/flights/day-view/?origin=wro&destination=dtm&outboundDate=2026-08-27&inboundDate=2026-08-29&market=PL&locale=pl-PL&currency=PLN&mediaPartnerId=6439681,Wrocław-Dortmund,477.32666666666665,-1.1627337607615122,421.38,0.0
Wrocław,Dortmund,Niemcy,Katowice,2026-08-27,2026-08-30,3,249.0,172.38,421.38,WRO,DTM,KTW,https://skyscanner.net/g/referrals/v1/flights/multicity/?mediaPartnerId=6439681&origin0=wro&date0=2026-08-27&destination0=dtm&origin1=dtm&date1=2026-08-30&destination1=ktw&adultsv2=1&market=PL&locale=pl-PL&currency=PLN,Wrocław-Dortmund,477.32666666666665,-1.1627337607615122,421.38,0.0
Wrocław,Dortmund,Niemcy,Katowice,2026-08-27,2026-08-31,4,249.0,172.38,421.38,WRO,DTM,KTW,https://skyscanner.net/g/referrals/v1/flights/multicity/?mediaPartnerId=6439681&origin0=wro&date0=2026-08-27&destination0=dtm&origin1=dtm&date1=2026-08-31&destination1=ktw&adultsv2=1&market=PL&locale=pl-PL&currency=PLN,Wrocław-Dortmund,477.32666666666665,-1.1627337607615122,421.38,0.0
Wrocław,Madryt,Hiszpania,Wrocław,2026-08-21,2026-08-26,5,249.0,172.38,421.38,WRO,MAD,WRO,https://www.skyscanner.net/g/referrals/v1/flights/day-view/?origin=wro&destination=mad&outboundDate=2026-08-21&inboundDate=2026-08-26&market=PL&locale=pl-PL&currency=PLN&mediaPartnerId=6439681,Wrocław-Madryt,552.395238095238,-2.7255985320920315,421.38,0.0
Kraków,Rzym,Włochy,Gdańsk,2026-08-23,2026-08-27,4,249.0,172.38,421.38,KRK,ROME,GDN,https://skyscanner.net/g/referrals/v1/flights/multicity/?mediaPartnerId=6439681&origin0=krk&date0=2026-08-23&destination0=rome&origin1=rome&date1=2026-08-27&destination1=gdn&adultsv2=1&market=PL&locale=pl-PL&currency=PLN,Kraków-Rzym,553.8120173913044,-2.4759098943933107,421.38,0.0
Warszawa,Wenecja,Włochy,Katowice,2026-08-19,2026-08-25,6,329.28,92.67,421.95,WARS,TSF,KTW,https://skyscanner.net/g/referrals/v1/flights/multicity/?mediaPartnerId=6439681&origin0=wars&date0=2026-08-19&destination0=tsf&origin1=tsf&date1=2026-08-25&destination1=ktw&adultsv2=1&market=PL&locale=pl-PL&currency=PLN,Warszawa-Wenecja,572.1463703703703,-1.736391930027253,422.88,-0.22
Warszawa,Katania,Włochy,Warszawa,2026-08-21,2026-08-27,6,249.0,173.49,422.49,WARS,CTA,WARS,https://www.skyscanner.net/g/referrals/v1/flights/day-view/?origin=wars&destination=cta&outboundDate=2026-08-21&inboundDate=2026-08-27&market=PL&locale=pl-PL&currency=PLN&mediaPartnerId=6439681,Warszawa-Katania,480.6408771929825,-1.3764350545437123,373.8200000000001,13.02
Warszawa,Katania,Włochy,Warszawa,2026-08-20,2026-08-27,7,249.0,173.49,422.49,WARS,CTA,WARS,https://www.skyscanner.net/g/referrals/v1/flights/day-view/?origin=wars&destination=cta&outboundDate=2026-08-20&inboundDate=2026-08-27&market=PL&locale=pl-PL&currency=PLN&mediaPartnerId=6439681,Warszawa-Katania,480.6408771929825,-1.3764350545437123,,0.0
Wrocław,Katania,Włochy,Warszawa,2026-08-21,2026-08-27,6,249.0,173.49,422.49,WRO,CTA,WARS,https://skyscanner.net/g/referrals/v1/flights/multicity/?mediaPartnerId=6439681&origin0=wro&date0=2026-08-21&destination0=cta&origin1=cta&date1=2026-08-27&destination1=wars&adultsv2=1&market=PL&locale=pl-PL&currency=PLN,Wrocław-Katania,458.04411764705884,-1.1745013244844784,,0.0
Kraków,Rzym,Włochy,Warszawa,2026-08-29,2026-08-31,2,249.0,175.03,424.03,KRK,ROME,WARS,https://skyscanner.net/g/referrals/v1/flights/multicity/?mediaPartnerId=6439681&origin0=krk&date0=2026-08-29&destination0=rome&origin1=rome&date1=2026-08-31&destination1=wars&adultsv2=1&market=PL&locale=pl-PL&currency=PLN,Kraków-Rzym,553.8120173913044,-2.426366276849861,424.04,-0.0
Kraków,Rzym,Włochy,Katowice,2026-08-23,2026-08-27,4,249.0,175.03,424.03,KRK,ROME,KTW,https://skyscanner.net/g/referrals/v1/flights/multicity/?mediaPartnerId=6439681&origin0=krk&date0=2026-08-23&destination0=rome&origin1=rome&date1=2026-08-27&destination1=ktw&adultsv2=1&market=PL&locale=pl-PL&currency=PLN,Kraków-Rzym,553.8120173913044,-2.426366276849861,401.5,5.61
Kraków,Rzym,Włochy,Katowice,2026-08-23,2026-08-27,4,249.0,175.03,424.03,KRK,ROME,KTW,https://skyscanner.net/g/referrals/v1/flights/multicity/?mediaPartnerId=6439681&origin0=krk&date0=2026-08-23&destination0=rome&origin1=rome&date1=2026-08-27&destination1=ktw&adultsv2=1&market=PL&locale=pl-PL&currency=PLN,Kraków-Rzym,553.8120173913044,-2.426366276849861,401.5,5.61
Kraków,Rzym,Włochy,Warszawa,2026-08-29,2026-08-31,2,249.0,175.03,424.03,KRK,ROME,WARS,https://skyscanner.net/g/referrals/v1/flights/multicity/?mediaPartnerId=6439681&origin0=krk&date0=2026-08-29&destination0=rome&origin1=rome&date1=2026-08-31&destination1=wars&adultsv2=1&market=PL&locale=pl-PL&currency=PLN,Kraków-Rzym,553.8120173913044,-2.426366276849861,424.04,-0.0
Warszawa,Rzym,Włochy,Warszawa,2026-08-29,2026-08-31,2,249.0,175.03,424.03,WARS,ROME,WARS,https://www.skyscanner.net/g/referrals/v1/flights/day-view/?origin=wars&destination=rome&outboundDate=2026-08-29&inboundDate=2026-08-31&market=PL&locale=pl-PL&currency=PLN&mediaPartnerId=6439681,Warszawa-Rzym,537.041045045045,-2.186569484998696,404.34,4.87
Katowice,Rzym,Włochy,Katowice,2026-08-23,2026-08-27,4,249.0,175.03,424.03,KTW,ROME,KTW,https://www.skyscanner.net/g/referrals/v1/flights/day-view/?origin=ktw&destination=rome&outboundDate=2026-08-23&inboundDate=2026-08-27&market=PL&locale=pl-PL&currency=PLN&mediaPartnerId=6439681,Katowice-Rzym,542.3553002610967,-2.3347488759688373,401.5,5.61
Katowice,Rzym,Włochy,Katowice,2026-08-23,2026-08-27,4,249.0,175.03,424.03,KTW,ROME,KTW,https://www.skyscanner.net/g/referrals/v1/flights/day-view/?origin=ktw&destination=rome&outboundDate=2026-08-23&inboundDate=2026-08-27&market=PL&locale=pl-PL&currency=PLN&mediaPartnerId=6439681,Katowice-Rzym,542.3553002610967,-2.3347488759688373,401.5,5.61
Warszawa,Rzym,Włochy,Warszawa,2026-08-29,2026-08-31,2,249.0,175.03,424.03,WARS,ROME,WARS,https://www.skyscanner.net/g/referrals/v1/flights/day-view/?origin=wars&destination=rome&outboundDate=2026-08-29&inboundDate=2026-08-31&market=PL&locale=pl-PL&currency=PLN&mediaPartnerId=6439681,Warszawa-Rzym,537.041045045045,-2.186569484998696,404.34,4.87
Katowice,Rzym,Włochy,Warszawa,2026-08-29,2026-08-31,2,249.0,175.03,424.03,KTW,ROME,WARS,https://skyscanner.net/g/referrals/v1/flights/multicity/?mediaPartnerId=6439681&origin0=ktw&date0=2026-08-29&destination0=rome&origin1=rome&date1=2026-08-31&destination1=wars&adultsv2=1&market=PL&locale=pl-PL&currency=PLN,Katowice-Rzym,542.3553002610967,-2.3347488759688373,424.04,-0.0
Warszawa,Rzym,Włochy,Warszawa,2026-08-27,2026-08-31,4,249.0,175.03,424.03,WARS,ROME,WARS,https://www.skyscanner.net/g/referrals/v1/flights/day-view/?origin=wars&destination=rome&outboundDate=2026-08-27&inboundDate=2026-08-31&market=PL&locale=pl-PL&currency=PLN&mediaPartnerId=6439681,Warszawa-Rzym,537.041045045045,-2.186569484998696,424.04,-0.0
Warszawa,Rzym,Włochy,Warszawa,2026-08-27,2026-08-31,4,249.0,175.03,424.03,WARS,ROME,WARS,https://www.skyscanner.net/g/referrals/v1/flights/day-view/?origin=wars&destination=rome&outboundDate=2026-08-27&inboundDate=2026-08-31&market=PL&locale=pl-PL&currency=PLN&mediaPartnerId=6439681,Warszawa-Rzym,537.041045045045,-2.186569484998696,424.04,-0.0
Katowice,Rzym,Włochy,Warszawa,2026-08-29,2026-08-31,2,249.0,175.03,424.03,KTW,ROME,WARS,https://skyscanner.net/g/referrals/v1/flights/multicity/?mediaPartnerId=6439681&origin0=ktw&date0=2026-08-29&destination0=rome&origin1=rome&date1=2026-08-31&destination1=wars&adultsv2=1&market=PL&locale=pl-PL&currency=PLN,Katowice-Rzym,542.3553002610967,-2.3347488759688373,424.04,-0.0
Kraków,Tallinn,Estonia,Warszawa,2026-08-20,2026-08-26,6,269.0,155.14,424.14,KRK,TLL,WARS,https://skyscanner.net/g/referrals/v1/flights/multicity/?mediaPartnerId=6439681&origin0=krk&date0=2026-08-20&destination0=tll&origin1=tll&date1=2026-08-26&destination1=wars&adultsv2=1&market=PL&locale=pl-PL&currency=PLN,Kraków-Tallinn,486.60615384615386,-2.3913288534084494,441.38,-3.91
Katowice,Dubrovnik,Chorwacja,Katowice,2026-08-25,2026-08-27,2,139.96,284.45,424.40999999999997,KTW,DBV,KTW,https://www.skyscanner.net/g/referrals/v1/flights/day-view/?origin=ktw&destination=dbv&outboundDate=2026-08-25&inboundDate=2026-08-27&market=PL&locale=pl-PL&currency=PLN&mediaPartnerId=6439681,Katowice-Dubrovnik,505.67133333333334,-1.095051937708908,428.41,-0.93
Wrocław,Katania,Włochy,Wrocław,2026-08-24,2026-08-28,4,209.0,215.48,424.48,WRO,CTA,WRO,https://www.skyscanner.net/g/referrals/v1/flights/day-view/?origin=wro&destination=cta&outboundDate=2026-08-24&inboundDate=2026-08-28&market=PL&locale=pl-PL&currency=PLN&mediaPartnerId=6439681,Wrocław-Katania,458.04411764705884,-1.1087632949564845,,0.0
Kraków,Wenecja,Włochy,Gdańsk,2026-08-27,2026-08-31,4,278.23,146.41,424.64,KRK,TSF,GDN,https://skyscanner.net/g/referrals/v1/flights/multicity/?mediaPartnerId=6439681&origin0=krk&date0=2026-08-27&destination0=tsf&origin1=tsf&date1=2026-08-31&destination1=gdn&adultsv2=1&market=PL&locale=pl-PL&currency=PLN,Kraków-Wenecja,535.8529670329671,-1.3618258323848726,411.56000000000006,3.18
Poznań,Rzym,Włochy,Warszawa,2026-08-26,2026-08-31,5,250.65,175.03,425.68,POZ,ROME,WARS,https://skyscanner.net/g/referrals/v1/flights/multicity/?mediaPartnerId=6439681&origin0=poz&date0=2026-08-26&destination0=rome&origin1=rome&date1=2026-08-31&destination1=wars&adultsv2=1&market=PL&locale=pl-PL&currency=PLN,Poznań-Rzym,588.2803816793893,-2.1740366904901927,432.04,-1.47
Kraków,Wenecja,Włochy,Kraków,2026-08-25,2026-08-27,2,319.0,107.72,426.72,KRK,VCE,KRK,https://www.skyscanner.net/g/referrals/v1/flights/day-view/?origin=krk&destination=vce&outboundDate=2026-08-25&inboundDate=2026-08-27&market=PL&locale=pl-PL&currency=PLN&mediaPartnerId=6439681,Kraków-Wenecja,535.8529670329671,-1.336355801264123,426.72,0.0
Kraków,Wenecja,Włochy,Kraków,2026-08-25,2026-08-27,2,319.0,107.72,426.72,KRK,VEN,KRK,https://www.skyscanner.net/g/referrals/v1/flights/day-view/?origin=krk&destination=ven&outboundDate=2026-08-25&inboundDate=2026-08-27&market=PL&locale=pl-PL&currency=PLN&mediaPartnerId=6439681,Kraków-Wenecja,535.8529670329671,-1.336355801264123,426.72,0.0
Kraków,Wenecja,Włochy,Kraków,2026-08-25,2026-08-27,2,319.0,107.72,426.72,KRK,VCE,KRK,https://www.skyscanner.net/g/referrals/v1/flights/day-view/?origin=krk&destination=vce&outboundDate=2026-08-25&inboundDate=2026-08-27&market=PL&locale=pl-PL&currency=PLN&mediaPartnerId=6439681,Kraków-Wenecja,535.8529670329671,-1.336355801264123,426.72,0.0
Kraków,Wenecja,Włochy,Kraków,2026-08-25,2026-08-27,2,319.0,107.72,426.72,KRK,VEN,KRK,https://www.skyscanner.net/g/referrals/v1/flights/day-view/?origin=krk&destination=ven&outboundDate=2026-08-25&inboundDate=2026-08-27&market=PL&locale=pl-PL&currency=PLN&mediaPartnerId=6439681,Kraków-Wenecja,535.8529670329671,-1.336355801264123,426.72,0.0
Kraków,Piza,Włochy,Warszawa,2026-08-27,2026-08-30,3,145.0,282.29,427.29,KRK,PSA,WARS,https://skyscanner.net/g/referrals/v1/flights/multicity/?mediaPartnerId=6439681&origin0=krk&date0=2026-08-27&destination0=psa&origin1=psa&date1=2026-08-30&destination1=wars&adultsv2=1&market=PL&locale=pl-PL&currency=PLN,Kraków-Piza,594.0873529411765,-1.6148553661756302,385.97,10.71
Kraków,Rzym,Włochy,Gdańsk,2026-08-26,2026-08-28,2,229.31,198.24,427.55,KRK,ROM,GDN,https://skyscanner.net/g/referrals/v1/flights/multicity/?mediaPartnerId=6439681&origin0=krk&date0=2026-08-26&destination0=rom&origin1=rom&date1=2026-08-28&destination1=gdn&adultsv2=1&market=PL&locale=pl-PL&currency=PLN,Kraków-Rzym,553.8120173913044,-2.3605573961883723,449.29,-4.84
Kraków,Rzym,Włochy,Gdańsk,2026-08-26,2026-08-28,2,229.31,198.24,427.55,KRK,ROME,GDN,https://skyscanner.net/g/referrals/v1/flights/multicity/?mediaPartnerId=6439681&origin0=krk&date0=2026-08-26&destination0=rome&origin1=rome&date1=2026-08-28&destination1=gdn&adultsv2=1&market=PL&locale=pl-PL&currency=PLN,Kraków-Rzym,553.8120173913044,-2.3605573961883723,449.29,-4.84
Warszawa,Wenecja,Włochy,Kraków,2026-08-19,2026-08-26,7,329.28,99.3,428.58,WARS,TSF,KRK,https://skyscanner.net/g/referrals/v1/flights/multicity/?mediaPartnerId=6439681&origin0=wars&date0=2026-08-19&destination0=tsf&origin1=tsf&date1=2026-08-26&destination1=krk&adultsv2=1&market=PL&locale=pl-PL&currency=PLN,Warszawa-Wenecja,572.1463703703703,-1.6597437495972436,431.41,-0.66
Gdańsk,Mediolan,Włochy,Warszawa,2026-08-29,2026-08-31,2,259.31,169.74,429.05,GDN,MILA,WARS,https://skyscanner.net/g/referrals/v1/flights/multicity/?mediaPartnerId=6439681&origin0=gdn&date0=2026-08-29&destination0=mila&origin1=mila&date1=2026-08-31&destination1=wars&adultsv2=1&market=PL&locale=pl-PL&currency=PLN,Gdańsk-Mediolan,648.5529940119761,-2.1388175911445813,369.66,16.07
Wrocław,Rzym,Włochy,Kraków,2026-08-27,2026-08-31,4,219.38,209.77,429.15,WRO,ROME,KRK,https://skyscanner.net/g/referrals/v1/flights/multicity/?mediaPartnerId=6439681&origin0=wro&date0=2026-08-27&destination0=rome&origin1=rome&date1=2026-08-31&destination1=krk&adultsv2=1&market=PL&locale=pl-PL&currency=PLN,Wrocław-Rzym,591.3997727272728,-1.9596378932461536,429.15,0.0
Wrocław,Dubrovnik,Chorwacja,Katowice,2026-08-22,2026-08-25,3,215.08,214.32,429.4,WRO,DBV,KTW,https://skyscanner.net/g/referrals/v1/flights/multicity/?mediaPartnerId=6439681&origin0=wro&date0=2026-08-22&destination0=dbv&origin1=dbv&date1=2026-08-25&destination1=ktw&adultsv2=1&market=PL&locale=pl-PL&currency=PLN,Wrocław-Dubrovnik,578.7238461538461,-1.8950490008700018,382.31,12.32
Warszawa,Katania,Włochy,Warszawa,2026-08-28,2026-08-30,2,205.77,224.54,430.31,WARS,CTA,WARS,https://www.skyscanner.net/g/referrals/v1/flights/day-view/?origin=wars&destination=cta&outboundDate=2026-08-28&inboundDate=2026-08-30&market=PL&locale=pl-PL&currency=PLN&mediaPartnerId=6439681,Warszawa-Katania,480.6408771929825,-1.1913351446866214,393.43,9.37
Kraków,Lamezia,Włochy,Katowice,2026-08-24,2026-08-29,5,183.35,248.13,431.48,KRK,SUF,KTW,https://skyscanner.net/g/referrals/v1/flights/multicity/?mediaPartnerId=6439681&origin0=krk&date0=2026-08-24&destination0=suf&origin1=suf&date1=2026-08-29&destination1=ktw&adultsv2=1&market=PL&locale=pl-PL&currency=PLN,Kraków-Lamezia,509.76599999999996,-1.7856409120990682,,0.0
Gdańsk,Mediolan,Włochy,Kraków,2026-08-29,2026-08-31,2,259.31,172.38,431.69,GDN,MIL,KRK,https://skyscanner.net/g/referrals/v1/flights/multicity/?mediaPartnerId=6439681&origin0=gdn&date0=2026-08-29&destination0=mil&origin1=mil&date1=2026-08-31&destination1=krk&adultsv2=1&market=PL&locale=pl-PL&currency=PLN,Gdańsk-Mediolan,648.5529940119761,-2.1130936666667512,454.28,-4.97
Warszawa,Katania,Włochy,Warszawa,2026-08-24,2026-08-31,7,193.12,238.83,431.95000000000005,WARS,CTA,WARS,https://www.skyscanner.net/g/referrals/v1/flights/day-view/?origin=wars&destination=cta&outboundDate=2026-08-24&inboundDate=2026-08-31&market=PL&locale=pl-PL&currency=PLN&mediaPartnerId=6439681,Warszawa-Katania,480.6408771929825,-1.1525162377600693,398.86,8.3
Warszawa,Katania,Włochy,Warszawa,2026-08-24,2026-08-28,4,193.12,238.83,431.95000000000005,WARS,CTA,WARS,https://www.skyscanner.net/g/referrals/v1/flights/day-view/?origin=wars&destination=cta&outboundDate=2026-08-24&inboundDate=2026-08-28&market=PL&locale=pl-PL&currency=PLN&mediaPartnerId=6439681,Warszawa-Katania,480.6408771929825,-1.1525162377600693,,0.0
Kraków,Wenecja,Włochy,Kraków,2026-08-27,2026-08-29,2,278.23,153.82,432.05,KRK,TSF,KRK,https://www.skyscanner.net/g/referrals/v1/flights/day-view/?origin=krk&destination=tsf&outboundDate=2026-08-27&inboundDate=2026-08-29&market=PL&locale=pl-PL&currency=PLN&mediaPartnerId=6439681,Kraków-Wenecja,535.8529670329671,-1.2710888465172032,432.05,0.0
Katowice,Rzym,Włochy,Warszawa,2026-08-27,2026-08-31,4,257.58,175.03,432.61,KTW,ROME,WARS,https://skyscanner.net/g/referrals/v1/flights/multicity/?mediaPartnerId=6439681&origin0=ktw&date0=2026-08-27&destination0=rome&origin1=rome&date1=2026-08-31&destination1=wars&adultsv2=1&market=PL&locale=pl-PL&currency=PLN,Katowice-Rzym,542.3553002610967,-2.1654516478053782,441.34,-1.98
Kraków,Wenecja,Włochy,Gdańsk,2026-08-25,2026-08-27,2,319.0,113.84,432.84000000000003,KRK,TSF,GDN,https://skyscanner.net/g/referrals/v1/flights/multicity/?mediaPartnerId=6439681&origin0=krk&date0=2026-08-25&destination0=tsf&origin1=tsf&date1=2026-08-27&destination1=gdn&adultsv2=1&market=PL&locale=pl-PL&currency=PLN,Kraków-Wenecja,535.8529670329671,-1.261415132774226,430.0,0.66
Kraków,Wenecja,Włochy,Gdańsk,2026-08-25,2026-08-27,2,319.0,113.84,432.84000000000003,KRK,TSF,GDN,https://skyscanner.net/g/referrals/v1/flights/multicity/?mediaPartnerId=6439681&origin0=krk&date0=2026-08-25&destination0=tsf&origin1=tsf&date1=2026-08-27&destination1=gdn&adultsv2=1&market=PL&locale=pl-PL&currency=PLN,Kraków-Wenecja,535.8529670329671,-1.261415132774226,430.0,0.66
Gdańsk,Rzym,Włochy,Warszawa,2026-08-26,2026-08-31,5,257.93,175.03,432.96000000000004,GDN,ROME,WARS,https://skyscanner.net/g/referrals/v1/flights/multicity/?mediaPartnerId=6439681&origin0=gdn&date0=2026-08-26&destination0=rome&origin1=rome&date1=2026-08-31&destination1=wars&adultsv2=1&market=PL&locale=pl-PL&currency=PLN,Gdańsk-Rzym,654.3681439393939,-3.1719199915704417,446.81,-3.1
Wrocław,Rzym,Włochy,Warszawa,2026-08-26,2026-08-31,5,258.11,175.03,433.14,WRO,ROME,WARS,https://skyscanner.net/g/referrals/v1/flights/multicity/?mediaPartnerId=6439681&origin0=wro&date0=2026-08-26&destination0=rome&origin1=rome&date1=2026-08-31&destination1=wars&adultsv2=1&market=PL&locale=pl-PL&currency=PLN,Wrocław-Rzym,591.3997727272728,-1.911447038722153,411.63,5.23
Kraków,Piza,Włochy,Kraków,2026-08-25,2026-08-28,3,219.63,214.07,433.7,KRK,PSA,KRK,https://www.skyscanner.net/g/referrals/v1/flights/day-view/?origin=krk&destination=psa&outboundDate=2026-08-25&inboundDate=2026-08-28&market=PL&locale=pl-PL&currency=PLN&mediaPartnerId=6439681,Kraków-Piza,594.0873529411765,-1.5527966900955832,403.34,7.53
Kraków,Bolonia,Włochy,Wrocław,2026-08-27,2026-08-29,2,235.97,197.87,433.84000000000003,KRK,BLQ,WRO,https://skyscanner.net/g/referrals/v1/flights/multicity/?mediaPartnerId=6439681&origin0=krk&date0=2026-08-27&destination0=blq&origin1=blq&date1=2026-08-29&destination1=wro&adultsv2=1&market=PL&locale=pl-PL&currency=PLN,Kraków-Bolonia,587.4342307692308,-1.9404075661848175,401.73,7.99
Poznań,Dubrovnik,Chorwacja,Gdańsk,2026-08-20,2026-08-27,7,159.15,274.72,433.87,POZ,DBV,GDN,https://skyscanner.net/g/referrals/v1/flights/multicity/?mediaPartnerId=6439681&origin0=poz&date0=2026-08-20&destination0=dbv&origin1=dbv&date1=2026-08-27&destination1=gdn&adultsv2=1&market=PL&locale=pl-PL&currency=PLN,Poznań-Dubrovnik,532.1445,-1.3023945593082606,,0.0
Warszawa,Katania,Włochy,Gdańsk,2026-08-24,2026-08-27,3,193.12,241.35,434.47,WARS,CTA,GDN,https://skyscanner.net/g/referrals/v1/flights/multicity/?mediaPartnerId=6439681&origin0=wars&date0=2026-08-24&destination0=cta&origin1=cta&date1=2026-08-27&destination1=gdn&adultsv2=1&market=PL&locale=pl-PL&currency=PLN,Warszawa-Katania,480.6408771929825,-1.0928676734582963,,0.0
Wrocław,Rzym,Włochy,Kraków,2026-08-27,2026-08-29,2,219.38,215.48,434.86,WRO,ROME,KRK,https://skyscanner.net/g/referrals/v1/flights/multicity/?mediaPartnerId=6439681&origin0=wro&date0=2026-08-27&destination0=rome&origin1=rome&date1=2026-08-29&destination1=krk&adultsv2=1&market=PL&locale=pl-PL&currency=PLN,Wrocław-Rzym,591.3997727272728,-1.8906730362707036,434.86,0.0
Wrocław,Rzym,Włochy,Katowice,2026-08-27,2026-08-29,2,219.38,215.48,434.86,WRO,ROM,KTW,https://skyscanner.net/g/referrals/v1/flights/multicity/?mediaPartnerId=6439681&origin0=wro&date0=2026-08-27&destination0=rom&origin1=rom&date1=2026-08-29&destination1=ktw&adultsv2=1&market=PL&locale=pl-PL&currency=PLN,Wrocław-Rzym,591.3997727272728,-1.8906730362707036,434.86,0.0
Wrocław,Rzym,Włochy,Katowice,2026-08-27,2026-08-29,2,219.38,215.48,434.86,WRO,ROME,KTW,https://skyscanner.net/g/referrals/v1/flights/multicity/?mediaPartnerId=6439681&origin0=wro&date0=2026-08-27&destination0=rome&origin1=rome&date1=2026-08-29&destination1=ktw&adultsv2=1&market=PL&locale=pl-PL&currency=PLN,Wrocław-Rzym,591.3997727272728,-1.8906730362707036,434.86,0.0
Wrocław,Rzym,Włochy,Kraków,2026-08-27,2026-08-29,2,219.38,215.48,434.86,WRO,ROM,KRK,https://skyscanner.net/g/referrals/v1/flights/multicity/?mediaPartnerId=6439681&origin0=wro&date0=2026-08-27&destination0=rom&origin1=rom&date1=2026-08-29&destination1=krk&adultsv2=1&market=PL&locale=pl-PL&currency=PLN,Wrocław-Rzym,591.3997727272728,-1.8906730362707036,434.86,0.0
Warszawa,Lamezia,Włochy,Katowice,2026-08-24,2026-08-29,5,188.82,248.13,436.95,WARS,SUF,KTW,https://skyscanner.net/g/referrals/v1/flights/multicity/?mediaPartnerId=6439681&origin0=wars&date0=2026-08-24&destination0=suf&origin1=suf&date1=2026-08-29&destination1=ktw&adultsv2=1&market=PL&locale=pl-PL&currency=PLN,Warszawa-Lamezia,504.1983333333333,-1.5998758013139787,,0.0
Warszawa,Rzym,Włochy,Warszawa,2026-08-26,2026-08-31,5,262.06,175.03,437.09000000000003,WARS,ROME,WARS,https://www.skyscanner.net/g/referrals/v1/flights/day-view/?origin=wars&destination=rome&outboundDate=2026-08-26&inboundDate=2026-08-31&market=PL&locale=pl-PL&currency=PLN&mediaPartnerId=6439681,Warszawa-Rzym,537.041045045045,-1.9338809317453327,404.34,8.1
Kraków,Rzym,Włochy,Gdańsk,2026-08-29,2026-08-31,2,249.0,188.29,437.28999999999996,KRK,ROME,GDN,https://skyscanner.net/g/referrals/v1/flights/multicity/?mediaPartnerId=6439681&origin0=krk&date0=2026-08-29&destination0=rome&origin1=rome&date1=2026-08-31&destination1=gdn&adultsv2=1&market=PL&locale=pl-PL&currency=PLN,Kraków-Rzym,553.8120173913044,-2.1784612320852785,424.93,2.91
Kraków,Rzym,Włochy,Gdańsk,2026-08-29,2026-08-31,2,249.0,188.29,437.28999999999996,KRK,ROME,GDN,https://skyscanner.net/g/referrals/v1/flights/multicity/?mediaPartnerId=6439681&origin0=krk&date0=2026-08-29&destination0=rome&origin1=rome&date1=2026-08-31&destination1=gdn&adultsv2=1&market=PL&locale=pl-PL&currency=PLN,Kraków-Rzym,553.8120173913044,-2.1784612320852785,424.93,2.91
Katowice,Rzym,Włochy,Gdańsk,2026-08-29,2026-08-31,2,249.0,188.29,437.28999999999996,KTW,ROME,GDN,https://skyscanner.net/g/referrals/v1/flights/multicity/?mediaPartnerId=6439681&origin0=ktw&date0=2026-08-29&destination0=rome&origin1=rome&date1=2026-08-31&destination1=gdn&adultsv2=1&market=PL&locale=pl-PL&currency=PLN,Katowice-Rzym,542.3553002610967,-2.073107705170765,424.93,2.91
Katowice,Rzym,Włochy,Gdańsk,2026-08-29,2026-08-31,2,249.0,188.29,437.28999999999996,KTW,ROME,GDN,https://skyscanner.net/g/referrals/v1/flights/multicity/?mediaPartnerId=6439681&origin0=ktw&date0=2026-08-29&destination0=rome&origin1=rome&date1=2026-08-31&destination1=gdn&adultsv2=1&market=PL&locale=pl-PL&currency=PLN,Katowice-Rzym,542.3553002610967,-2.073107705170765,424.93,2.91
Warszawa,Rzym,Włochy,Gdańsk,2026-08-27,2026-08-31,4,249.0,188.29,437.28999999999996,WARS,ROME,GDN,https://skyscanner.net/g/referrals/v1/flights/multicity/?mediaPartnerId=6439681&origin0=wars&date0=2026-08-27&destination0=rome&origin1=rome&date1=2026-08-31&destination1=gdn&adultsv2=1&market=PL&locale=pl-PL&currency=PLN,Warszawa-Rzym,537.041045045045,-1.9300112754933685,424.93,2.91
Warszawa,Rzym,Włochy,Gdańsk,2026-08-29,2026-08-31,2,249.0,188.29,437.28999999999996,WARS,ROME,GDN,https://skyscanner.net/g/referrals/v1/flights/multicity/?mediaPartnerId=6439681&origin0=wars&date0=2026-08-29&destination0=rome&origin1=rome&date1=2026-08-31&destination1=gdn&adultsv2=1&market=PL&locale=pl-PL&currency=PLN,Warszawa-Rzym,537.041045045045,-1.9300112754933685,405.23,7.91
Warszawa,Rzym,Włochy,Gdańsk,2026-08-29,2026-08-31,2,249.0,188.29,437.28999999999996,WARS,ROME,GDN,https://skyscanner.net/g/referrals/v1/flights/multicity/?mediaPartnerId=6439681&origin0=wars&date0=2026-08-29&destination0=rome&origin1=rome&date1=2026-08-31&destination1=gdn&adultsv2=1&market=PL&locale=pl-PL&currency=PLN,Warszawa-Rzym,537.041045045045,-1.9300112754933685,405.23,7.91
Warszawa,Rzym,Włochy,Gdańsk,2026-08-27,2026-08-31,4,249.0,188.29,437.28999999999996,WARS,ROME,GDN,https://skyscanner.net/g/referrals/v1/flights/multicity/?mediaPartnerId=6439681&origin0=wars&date0=2026-08-27&destination0=rome&origin1=rome&date1=2026-08-31&destination1=gdn&adultsv2=1&market=PL&locale=pl-PL&currency=PLN,Warszawa-Rzym,537.041045045045,-1.9300112754933685,424.93,2.91
Warszawa,Katania,Włochy,Kraków,2026-08-19,2026-08-21,2,269.0,168.89,437.89,WARS,CTA,KRK,https://skyscanner.net/g/referrals/v1/flights/multicity/?mediaPartnerId=6439681&origin0=wars&date0=2026-08-19&destination0=cta&origin1=cta&date1=2026-08-21&destination1=krk&adultsv2=1&market=PL&locale=pl-PL&currency=PLN,Warszawa-Katania,480.6408771929825,-1.0119160504773186,386.95,13.16
Poznań,Rzym,Włochy,Kraków,2026-08-27,2026-08-31,4,228.35,209.77,438.12,POZ,ROME,KRK,https://skyscanner.net/g/referrals/v1/flights/multicity/?mediaPartnerId=6439681&origin0=poz&date0=2026-08-27&destination0=rome&origin1=rome&date1=2026-08-31&destination1=krk&adultsv2=1&market=PL&locale=pl-PL&currency=PLN,Poznań-Rzym,588.2803816793893,-2.007708566593014,430.66,1.73
Katowice,Rimini,Włochy,Kraków,2026-08-24,2026-08-28,4,229.0,209.3,438.3,KTW,RMI,KRK,https://skyscanner.net/g/referrals/v1/flights/multicity/?mediaPartnerId=6439681&origin0=ktw&date0=2026-08-24&destination0=rmi&origin1=rmi&date1=2026-08-28&destination1=krk&adultsv2=1&market=PL&locale=pl-PL&currency=PLN,Katowice-Rimini,503.7127272727273,-1.2058505090278442,432.3,1.39
Poznań,Rzym,Włochy,Gdańsk,2026-08-26,2026-08-31,5,250.65,188.29,438.94,POZ,ROME,GDN,https://skyscanner.net/g/referrals/v1/flights/multicity/?mediaPartnerId=6439681&origin0=poz&date0=2026-08-26&destination0=rome&origin1=rome&date1=2026-08-31&destination1=gdn&adultsv2=1&market=PL&locale=pl-PL&currency=PLN,Poznań-Rzym,588.2803816793893,-1.996744815660885,432.93,1.39
Kraków,Rzym,Włochy,Kraków,2026-08-26,2026-08-31,5,229.31,209.77,439.08000000000004,KRK,ROME,KRK,https://www.skyscanner.net/g/referrals/v1/flights/day-view/?origin=krk&destination=rome&outboundDate=2026-08-26&inboundDate=2026-08-31&market=PL&locale=pl-PL&currency=PLN&mediaPartnerId=6439681,Kraków-Rzym,553.8120173913044,-2.1449959206125317,460.8200000000001,-4.72
Warszawa,Rzym,Włochy,Kraków,2026-08-29,2026-08-31,2,229.31,209.77,439.08000000000004,WARS,ROME,KRK,https://skyscanner.net/g/referrals/v1/flights/multicity/?mediaPartnerId=6439681&origin0=wars&date0=2026-08-29&destination0=rome&origin1=rome&date1=2026-08-31&destination1=krk&adultsv2=1&market=PL&locale=pl-PL&currency=PLN,Warszawa-Rzym,537.041045045045,-1.8953778520382736,439.0700000000001,0.0
Warszawa,Palermo,Włochy,Kraków,2026-08-20,2026-08-26,6,203.58,236.15,439.73,WARS,PMO,KRK,https://skyscanner.net/g/referrals/v1/flights/multicity/?mediaPartnerId=6439681&origin0=wars&date0=2026-08-20&destination0=pmo&origin1=pmo&date1=2026-08-26&destination1=krk&adultsv2=1&market=PL&locale=pl-PL&currency=PLN,Warszawa-Palermo,664.7675,-2.8742770158708684,541.45,-18.79
Wrocław,Brindisi,Włochy,Wrocław,2026-08-28,2026-08-31,3,153.04,286.97,440.01,WRO,BDS,WRO,https://www.skyscanner.net/g/referrals/v1/flights/day-view/?origin=wro&destination=bds&outboundDate=2026-08-28&inboundDate=2026-08-31&market=PL&locale=pl-PL&currency=PLN&mediaPartnerId=6439681,Wrocław-Brindisi,501.3475,-1.4253457023904073,432.55,1.72
Warszawa,Bolonia,Włochy,Wrocław,2026-08-28,2026-08-31,3,155.76,284.25,440.01,WARS,BLQ,WRO,https://skyscanner.net/g/referrals/v1/flights/multicity/?mediaPartnerId=6439681&origin0=wars&date0=2026-08-28&destination0=blq&origin1=blq&date1=2026-08-31&destination1=wro&adultsv2=1&market=PL&locale=pl-PL&currency=PLN,Warszawa-Bolonia,572.7326388888889,-2.055167767185532,398.23,10.49
Kraków,Piza,Włochy,Wrocław,2026-08-25,2026-08-29,4,219.63,221.25,440.88,KRK,PSA,WRO,https://skyscanner.net/g/referrals/v1/flights/multicity/?mediaPartnerId=6439681&origin0=krk&date0=2026-08-25&destination0=psa&origin1=psa&date1=2026-08-29&destination1=wro&adultsv2=1&market=PL&locale=pl-PL&currency=PLN,Kraków-Piza,594.0873529411765,-1.483283227653346,410.55,7.39
Warszawa,Rzym,Włochy,Gdańsk,2026-08-21,2026-08-27,6,269.0,172.38,441.38,WARS,ROM,GDN,https://skyscanner.net/g/referrals/v1/flights/multicity/?mediaPartnerId=6439681&origin0=wars&date0=2026-08-21&destination0=rom&origin1=rom&date1=2026-08-27&destination1=gdn&adultsv2=1&market=PL&locale=pl-PL&currency=PLN,Warszawa-Rzym,537.041045045045,-1.8508768051406685,426.93,3.38
Warszawa,Rzym,Włochy,Gdańsk,2026-08-24,2026-08-27,3,269.0,172.38,441.38,WARS,ROM,GDN,https://skyscanner.net/g/referrals/v1/flights/multicity/?mediaPartnerId=6439681&origin0=wars&date0=2026-08-24&destination0=rom&origin1=rom&date1=2026-08-27&destination1=gdn&adultsv2=1&market=PL&locale=pl-PL&currency=PLN,Warszawa-Rzym,537.041045045045,-1.8508768051406685,441.38,0.0
Warszawa,Rzym,Włochy,Gdańsk,2026-08-21,2026-08-27,6,269.0,172.38,441.38,WARS,ROME,GDN,https://skyscanner.net/g/referrals/v1/flights/multicity/?mediaPartnerId=6439681&origin0=wars&date0=2026-08-21&destination0=rome&origin1=rome&date1=2026-08-27&destination1=gdn&adultsv2=1&market=PL&locale=pl-PL&currency=PLN,Warszawa-Rzym,537.041045045045,-1.8508768051406685,426.93,3.38
Warszawa,Rzym,Włochy,Gdańsk,2026-08-25,2026-08-27,2,269.0,172.38,441.38,WARS,ROME,GDN,https://skyscanner.net/g/referrals/v1/flights/multicity/?mediaPartnerId=6439681&origin0=wars&date0=2026-08-25&destination0=rome&origin1=rome&date1=2026-08-27&destination1=gdn&adultsv2=1&market=PL&locale=pl-PL&currency=PLN,Warszawa-Rzym,537.041045045045,-1.8508768051406685,441.38,0.0
Warszawa,Rzym,Włochy,Gdańsk,2026-08-25,2026-08-27,2,269.0,172.38,441.38,WARS,ROM,GDN,https://skyscanner.net/g/referrals/v1/flights/multicity/?mediaPartnerId=6439681&origin0=wars&date0=2026-08-25&destination0=rom&origin1=rom&date1=2026-08-27&destination1=gdn&adultsv2=1&market=PL&locale=pl-PL&currency=PLN,Warszawa-Rzym,537.041045045045,-1.8508768051406685,441.38,0.0
Warszawa,Rzym,Włochy,Gdańsk,2026-08-24,2026-08-27,3,269.0,172.38,441.38,WARS,ROME,GDN,https://skyscanner.net/g/referrals/v1/flights/multicity/?mediaPartnerId=6439681&origin0=wars&date0=2026-08-24&destination0=rome&origin1=rome&date1=2026-08-27&destination1=gdn&adultsv2=1&market=PL&locale=pl-PL&currency=PLN,Warszawa-Rzym,537.041045045045,-1.8508768051406685,441.38,0.0
Warszawa,Rzym,Włochy,Gdańsk,2026-08-21,2026-08-27,6,269.0,172.38,441.38,WARS,ROM,GDN,https://skyscanner.net/g/referrals/v1/flights/multicity/?mediaPartnerId=6439681&origin0=wars&date0=2026-08-21&destination0=rom&origin1=rom&date1=2026-08-27&destination1=gdn&adultsv2=1&market=PL&locale=pl-PL&currency=PLN,Warszawa-Rzym,537.041045045045,-1.8508768051406685,426.93,3.38
Warszawa,Rzym,Włochy,Gdańsk,2026-08-21,2026-08-27,6,269.0,172.38,441.38,WARS,ROME,GDN,https://skyscanner.net/g/referrals/v1/flights/multicity/?mediaPartnerId=6439681&origin0=wars&date0=2026-08-21&destination0=rome&origin1=rome&date1=2026-08-27&destination1=gdn&adultsv2=1&market=PL&locale=pl-PL&currency=PLN,Warszawa-Rzym,537.041045045045,-1.8508768051406685,426.93,3.38
Warszawa,Rzym,Włochy,Gdańsk,2026-08-24,2026-08-27,3,269.0,172.38,441.38,WARS,ROME,GDN,https://skyscanner.net/g/referrals/v1/flights/multicity/?mediaPartnerId=6439681&origin0=wars&date0=2026-08-24&destination0=rome&origin1=rome&date1=2026-08-27&destination1=gdn&adultsv2=1&market=PL&locale=pl-PL&currency=PLN,Warszawa-Rzym,537.041045045045,-1.8508768051406685,441.38,0.0
Warszawa,Rzym,Włochy,Gdańsk,2026-08-25,2026-08-27,2,269.0,172.38,441.38,WARS,ROM,GDN,https://skyscanner.net/g/referrals/v1/flights/multicity/?mediaPartnerId=6439681&origin0=wars&date0=2026-08-25&destination0=rom&origin1=rom&date1=2026-08-27&destination1=gdn&adultsv2=1&market=PL&locale=pl-PL&currency=PLN,Warszawa-Rzym,537.041045045045,-1.8508768051406685,441.38,0.0
Warszawa,Rzym,Włochy,Gdańsk,2026-08-25,2026-08-27,2,269.0,172.38,441.38,WARS,ROME,GDN,https://skyscanner.net/g/referrals/v1/flights/multicity/?mediaPartnerId=6439681&origin0=wars&date0=2026-08-25&destination0=rome&origin1=rome&date1=2026-08-27&destination1=gdn&adultsv2=1&market=PL&locale=pl-PL&currency=PLN,Warszawa-Rzym,537.041045045045,-1.8508768051406685,441.38,0.0
Warszawa,Rzym,Włochy,Gdańsk,2026-08-24,2026-08-27,3,269.0,172.38,441.38,WARS,ROM,GDN,https://skyscanner.net/g/referrals/v1/flights/multicity/?mediaPartnerId=6439681&origin0=wars&date0=2026-08-24&destination0=rom&origin1=rom&date1=2026-08-27&destination1=gdn&adultsv2=1&market=PL&locale=pl-PL&currency=PLN,Warszawa-Rzym,537.041045045045,-1.8508768051406685,441.38,0.0
Warszawa,Bolonia,Włochy,Kraków,2026-08-25,2026-08-27,2,302.25,139.23,441.48,WARS,BLQ,KRK,https://skyscanner.net/g/referrals/v1/flights/multicity/?mediaPartnerId=6439681&origin0=wars&date0=2026-08-25&destination0=blq&origin1=blq&date1=2026-08-27&destination1=krk&adultsv2=1&market=PL&locale=pl-PL&currency=PLN,Warszawa-Bolonia,572.7326388888889,-2.03240528564467,418.96,5.38
Gdańsk,Katania,Włochy,Warszawa,2026-08-23,2026-08-27,4,269.0,173.49,442.49,GDN,CTA,WARS,https://skyscanner.net/g/referrals/v1/flights/multicity/?mediaPartnerId=6439681&origin0=gdn&date0=2026-08-23&destination0=cta&origin1=cta&date1=2026-08-27&destination1=wars&adultsv2=1&market=PL&locale=pl-PL&currency=PLN,Gdańsk-Katania,511.1504761904762,-1.6963663511073725,442.49,0.0
Gdańsk,Zadar,Chorwacja,Warszawa,2026-08-26,2026-08-28,2,206.48,236.15,442.63,GDN,ZAD,WARS,https://skyscanner.net/g/referrals/v1/flights/multicity/?mediaPartnerId=6439681&origin0=gdn&date0=2026-08-26&destination0=zad&origin1=zad&date1=2026-08-28&destination1=wars&adultsv2=1&market=PL&locale=pl-PL&currency=PLN,Gdańsk-Zadar,675.934081632653,-3.0327404606164294,413.99,6.92
Poznań,Dubrovnik,Chorwacja,Katowice,2026-08-20,2026-08-27,7,159.15,284.45,443.6,POZ,DBV,KTW,https://skyscanner.net/g/referrals/v1/flights/multicity/?mediaPartnerId=6439681&origin0=poz&date0=2026-08-20&destination0=dbv&origin1=dbv&date1=2026-08-27&destination1=ktw&adultsv2=1&market=PL&locale=pl-PL&currency=PLN,Poznań-Dubrovnik,532.1445,-1.1734465711519293,460.81,-3.73
Poznań,Rzym,Włochy,Katowice,2026-08-27,2026-08-29,2,228.35,215.48,443.83,POZ,ROM,KTW,https://skyscanner.net/g/referrals/v1/flights/multicity/?mediaPartnerId=6439681&origin0=poz&date0=2026-08-27&destination0=rom&origin1=rom&date1=2026-08-29&destination1=ktw&adultsv2=1&market=PL&locale=pl-PL&currency=PLN,Poznań-Rzym,588.2803816793893,-1.9313634229070904,436.37,1.71
Poznań,Rzym,Włochy,Kraków,2026-08-27,2026-08-29,2,228.35,215.48,443.83,POZ,ROM,KRK,https://skyscanner.net/g/referrals/v1/flights/multicity/?mediaPartnerId=6439681&origin0=poz&date0=2026-08-27&destination0=rom&origin1=rom&date1=2026-08-29&destination1=krk&adultsv2=1&market=PL&locale=pl-PL&currency=PLN,Poznań-Rzym,588.2803816793893,-1.9313634229070904,436.37,1.71
Poznań,Rzym,Włochy,Kraków,2026-08-27,2026-08-29,2,228.35,215.48,443.83,POZ,ROME,KRK,https://skyscanner.net/g/referrals/v1/flights/multicity/?mediaPartnerId=6439681&origin0=poz&date0=2026-08-27&destination0=rome&origin1=rome&date1=2026-08-29&destination1=krk&adultsv2=1&market=PL&locale=pl-PL&currency=PLN,Poznań-Rzym,588.2803816793893,-1.9313634229070904,436.37,1.71
Poznań,Rzym,Włochy,Katowice,2026-08-27,2026-08-29,2,228.35,215.48,443.83,POZ,ROME,KTW,https://skyscanner.net/g/referrals/v1/flights/multicity/?mediaPartnerId=6439681&origin0=poz&date0=2026-08-27&destination0=rome&origin1=rome&date1=2026-08-29&destination1=ktw&adultsv2=1&market=PL&locale=pl-PL&currency=PLN,Poznań-Rzym,588.2803816793893,-1.9313634229070904,436.37,1.71
Warszawa,Rzym,Włochy,Warszawa,2026-08-28,2026-08-31,3,269.0,175.03,444.03,WARS,ROME,WARS,https://www.skyscanner.net/g/referrals/v1/flights/day-view/?origin=wars&destination=rome&outboundDate=2026-08-28&inboundDate=2026-08-31&market=PL&locale=pl-PL&currency=PLN&mediaPartnerId=6439681,Warszawa-Rzym,537.041045045045,-1.7996038598021231,409.33,8.48
Warszawa,Rzym,Włochy,Warszawa,2026-08-24,2026-08-31,7,269.0,175.03,444.03,WARS,ROME,WARS,https://www.skyscanner.net/g/referrals/v1/flights/day-view/?origin=wars&destination=rome&outboundDate=2026-08-24&inboundDate=2026-08-31&market=PL&locale=pl-PL&currency=PLN&mediaPartnerId=6439681,Warszawa-Rzym,537.041045045045,-1.7996038598021231,444.04,-0.0
Warszawa,Rzym,Włochy,Katowice,2026-08-24,2026-08-27,3,269.0,175.03,444.03,WARS,ROME,KTW,https://skyscanner.net/g/referrals/v1/flights/multicity/?mediaPartnerId=6439681&origin0=wars&date0=2026-08-24&destination0=rome&origin1=rome&date1=2026-08-27&destination1=ktw&adultsv2=1&market=PL&locale=pl-PL&currency=PLN,Warszawa-Rzym,537.041045045045,-1.7996038598021231,421.5,5.35
Katowice,Rzym,Włochy,Warszawa,2026-08-27,2026-08-31,4,269.0,175.03,444.03,KTW,ROME,WARS,https://skyscanner.net/g/referrals/v1/flights/multicity/?mediaPartnerId=6439681&origin0=ktw&date0=2026-08-27&destination0=rome&origin1=rome&date1=2026-08-31&destination1=wars&adultsv2=1&market=PL&locale=pl-PL&currency=PLN,Katowice-Rzym,542.3553002610967,-1.940116642487582,441.34,0.61
Warszawa,Rzym,Włochy,Warszawa,2026-08-24,2026-08-31,7,269.0,175.03,444.03,WARS,ROME,WARS,https://www.skyscanner.net/g/referrals/v1/flights/day-view/?origin=wars&destination=rome&outboundDate=2026-08-24&inboundDate=2026-08-31&market=PL&locale=pl-PL&currency=PLN&mediaPartnerId=6439681,Warszawa-Rzym,537.041045045045,-1.7996038598021231,444.04,-0.0
Warszawa,Rzym,Włochy,Warszawa,2026-08-25,2026-08-31,6,269.0,175.03,444.03,WARS,ROME,WARS,https://www.skyscanner.net/g/referrals/v1/flights/day-view/?origin=wars&destination=rome&outboundDate=2026-08-25&inboundDate=2026-08-31&market=PL&locale=pl-PL&currency=PLN&mediaPartnerId=6439681,Warszawa-Rzym,537.041045045045,-1.7996038598021231,444.04,-0.0
Kraków,Rzym,Włochy,Warszawa,2026-08-27,2026-08-31,4,269.0,175.03,444.03,KRK,ROME,WARS,https://skyscanner.net/g/referrals/v1/flights/multicity/?mediaPartnerId=6439681&origin0=krk&date0=2026-08-27&destination0=rome&origin1=rome&date1=2026-08-31&destination1=wars&adultsv2=1&market=PL&locale=pl-PL&currency=PLN,Kraków-Rzym,553.8120173913044,-2.0524521821823156,444.04,-0.0
Kraków,Rzym,Włochy,Warszawa,2026-08-27,2026-08-31,4,269.0,175.03,444.03,KRK,ROME,WARS,https://skyscanner.net/g/referrals/v1/flights/multicity/?mediaPartnerId=6439681&origin0=krk&date0=2026-08-27&destination0=rome&origin1=rome&date1=2026-08-31&destination1=wars&adultsv2=1&market=PL&locale=pl-PL&currency=PLN,Kraków-Rzym,553.8120173913044,-2.0524521821823156,444.04,-0.0
Warszawa,Rzym,Włochy,Katowice,2026-08-21,2026-08-27,6,269.0,175.03,444.03,WARS,ROME,KTW,https://skyscanner.net/g/referrals/v1/flights/multicity/?mediaPartnerId=6439681&origin0=wars&date0=2026-08-21&destination0=rome&origin1=rome&date1=2026-08-27&destination1=ktw&adultsv2=1&market=PL&locale=pl-PL&currency=PLN,Warszawa-Rzym,537.041045045045,-1.7996038598021231,407.05,9.08
Warszawa,Rzym,Włochy,Katowice,2026-08-24,2026-08-27,3,269.0,175.03,444.03,WARS,ROME,KTW,https://skyscanner.net/g/referrals/v1/flights/multicity/?mediaPartnerId=6439681&origin0=wars&date0=2026-08-24&destination0=rome&origin1=rome&date1=2026-08-27&destination1=ktw&adultsv2=1&market=PL&locale=pl-PL&currency=PLN,Warszawa-Rzym,537.041045045045,-1.7996038598021231,421.5,5.35
Warszawa,Rzym,Włochy,Katowice,2026-08-21,2026-08-27,6,269.0,175.03,444.03,WARS,ROME,KTW,https://skyscanner.net/g/referrals/v1/flights/multicity/?mediaPartnerId=6439681&origin0=wars&date0=2026-08-21&destination0=rome&origin1=rome&date1=2026-08-27&destination1=ktw&adultsv2=1&market=PL&locale=pl-PL&currency=PLN,Warszawa-Rzym,537.041045045045,-1.7996038598021231,407.05,9.08
Warszawa,Rzym,Włochy,Katowice,2026-08-25,2026-08-27,2,269.0,175.03,444.03,WARS,ROME,KTW,https://skyscanner.net/g/referrals/v1/flights/multicity/?mediaPartnerId=6439681&origin0=wars&date0=2026-08-25&destination0=rome&origin1=rome&date1=2026-08-27&destination1=ktw&adultsv2=1&market=PL&locale=pl-PL&currency=PLN,Warszawa-Rzym,537.041045045045,-1.7996038598021231,421.5,5.35
Warszawa,Rzym,Włochy,Katowice,2026-08-25,2026-08-27,2,269.0,175.03,444.03,WARS,ROME,KTW,https://skyscanner.net/g/referrals/v1/flights/multicity/?mediaPartnerId=6439681&origin0=wars&date0=2026-08-25&destination0=rome&origin1=rome&date1=2026-08-27&destination1=ktw&adultsv2=1&market=PL&locale=pl-PL&currency=PLN,Warszawa-Rzym,537.041045045045,-1.7996038598021231,421.5,5.35
Warszawa,Rzym,Włochy,Warszawa,2026-08-28,2026-08-31,3,269.0,175.03,444.03,WARS,ROME,WARS,https://www.skyscanner.net/g/referrals/v1/flights/day-view/?origin=wars&destination=rome&outboundDate=2026-08-28&inboundDate=2026-08-31&market=PL&locale=pl-PL&currency=PLN&mediaPartnerId=6439681,Warszawa-Rzym,537.041045045045,-1.7996038598021231,409.33,8.48
Warszawa,Rzym,Włochy,Warszawa,2026-08-25,2026-08-31,6,269.0,175.03,444.03,WARS,ROME,WARS,https://www.skyscanner.net/g/referrals/v1/flights/day-view/?origin=wars&destination=rome&outboundDate=2026-08-25&inboundDate=2026-08-31&market=PL&locale=pl-PL&currency=PLN&mediaPartnerId=6439681,Warszawa-Rzym,537.041045045045,-1.7996038598021231,444.04,-0.0
Gdańsk,Katania,Włochy,Wrocław,2026-08-25,2026-08-28,3,229.0,215.48,444.48,GDN,CTA,WRO,https://skyscanner.net/g/referrals/v1/flights/multicity/?mediaPartnerId=6439681&origin0=gdn&date0=2026-08-25&destination0=cta&origin1=cta&date1=2026-08-28&destination1=wro&adultsv2=1&market=PL&locale=pl-PL&currency=PLN,Gdańsk-Katania,511.1504761904762,-1.6472002336260618,444.48,0.0
Kraków,Rzym,Włochy,Kraków,2026-08-26,2026-08-29,3,229.31,215.48,444.78999999999996,KRK,ROME,KRK,https://www.skyscanner.net/g/referrals/v1/flights/day-view/?origin=krk&destination=rome&outboundDate=2026-08-26&inboundDate=2026-08-29&market=PL&locale=pl-PL&currency=PLN&mediaPartnerId=6439681,Kraków-Rzym,553.8120173913044,-2.038243446584949,466.53,-4.66
Kraków,Rzym,Włochy,Katowice,2026-08-26,2026-08-29,3,229.31,215.48,444.78999999999996,KRK,ROME,KTW,https://skyscanner.net/g/referrals/v1/flights/multicity/?mediaPartnerId=6439681&origin0=krk&date0=2026-08-26&destination0=rome&origin1=rome&date1=2026-08-29&destination1=ktw&adultsv2=1&market=PL&locale=pl-PL&currency=PLN,Kraków-Rzym,553.8120173913044,-2.038243446584949,466.53,-4.66
Kraków,Rzym,Włochy,Kraków,2026-08-26,2026-08-29,3,229.31,215.48,444.78999999999996,KRK,ROM,KRK,https://www.skyscanner.net/g/referrals/v1/flights/day-view/?origin=krk&destination=rom&outboundDate=2026-08-26&inboundDate=2026-08-29&market=PL&locale=pl-PL&currency=PLN&mediaPartnerId=6439681,Kraków-Rzym,553.8120173913044,-2.038243446584949,466.53,-4.66
Kraków,Rzym,Włochy,Katowice,2026-08-26,2026-08-29,3,229.31,215.48,444.78999999999996,KRK,ROM,KTW,https://skyscanner.net/g/referrals/v1/flights/multicity/?mediaPartnerId=6439681&origin0=krk&date0=2026-08-26&destination0=rom&origin1=rom&date1=2026-08-29&destination1=ktw&adultsv2=1&market=PL&locale=pl-PL&currency=PLN,Kraków-Rzym,553.8120173913044,-2.038243446584949,466.53,-4.66
Poznań,Bari,Włochy,Kraków,2026-08-26,2026-08-29,3,158.25,286.97,445.22,POZ,BRI,KRK,https://skyscanner.net/g/referrals/v1/flights/multicity/?mediaPartnerId=6439681&origin0=poz&date0=2026-08-26&destination0=bri&origin1=bri&date1=2026-08-29&destination1=krk&adultsv2=1&market=PL&locale=pl-PL&currency=PLN,Poznań-Bari,576.2446153846154,-1.1542248076660735,430.79,3.35
Kraków,Wenecja,Włochy,Katowice,2026-08-27,2026-08-29,2,359.0,86.47,445.47,KRK,TSF,KTW,https://skyscanner.net/g/referrals/v1/flights/multicity/?mediaPartnerId=6439681&origin0=krk&date0=2026-08-27&destination0=tsf&origin1=tsf&date1=2026-08-29&destination1=ktw&adultsv2=1&market=PL&locale=pl-PL&currency=PLN,Kraków-Wenecja,535.8529670329671,-1.1067581649592917,362.0700000000001,23.03
Kraków,Wenecja,Włochy,Katowice,2026-08-27,2026-08-29,2,359.0,86.47,445.47,KRK,TSF,KTW,https://skyscanner.net/g/referrals/v1/flights/multicity/?mediaPartnerId=6439681&origin0=krk&date0=2026-08-27&destination0=tsf&origin1=tsf&date1=2026-08-29&destination1=ktw&adultsv2=1&market=PL&locale=pl-PL&currency=PLN,Kraków-Wenecja,535.8529670329671,-1.1067581649592917,362.0700000000001,23.03
Katowice,Rzym,Włochy,Gdańsk,2026-08-27,2026-08-31,4,257.58,188.29,445.87,KTW,ROME,GDN,https://skyscanner.net/g/referrals/v1/flights/multicity/?mediaPartnerId=6439681&origin0=ktw&date0=2026-08-27&destination0=rome&origin1=rome&date1=2026-08-31&destination1=gdn&adultsv2=1&market=PL&locale=pl-PL&currency=PLN,Katowice-Rzym,542.3553002610967,-1.9038104770073059,442.23,0.82
Gdańsk,Rzym,Włochy,Gdańsk,2026-08-26,2026-08-31,5,257.93,188.29,446.22,GDN,ROME,GDN,https://www.skyscanner.net/g/referrals/v1/flights/day-view/?origin=gdn&destination=rome&outboundDate=2026-08-26&inboundDate=2026-08-31&market=PL&locale=pl-PL&currency=PLN&mediaPartnerId=6439681,Gdańsk-Rzym,654.3681439393939,-2.981955619258387,447.7,-0.33
Wrocław,Rzym,Włochy,Gdańsk,2026-08-26,2026-08-31,5,258.11,188.29,446.4,WRO,ROME,GDN,https://skyscanner.net/g/referrals/v1/flights/multicity/?mediaPartnerId=6439681&origin0=wro&date0=2026-08-26&destination0=rome&origin1=rome&date1=2026-08-31&destination1=gdn&adultsv2=1&market=PL&locale=pl-PL&currency=PLN,Wrocław-Rzym,591.3997727272728,-1.7512939733115647,412.52,8.21
Wrocław,Majorka,Hiszpania,Gdańsk,2026-08-25,2026-08-27,2,111.91,334.5,446.40999999999997,WRO,PMI,GDN,https://skyscanner.net/g/referrals/v1/flights/multicity/?mediaPartnerId=6439681&origin0=wro&date0=2026-08-25&destination0=pmi&origin1=pmi&date1=2026-08-27&destination1=gdn&adultsv2=1&market=PL&locale=pl-PL&currency=PLN,Wrocław-Majorka,679.4699999999999,-2.5603793230372136,,0.0
Poznań,Bari,Włochy,Kraków,2026-08-26,2026-08-28,2,158.25,288.55,446.8,POZ,BRI,KRK,https://skyscanner.net/g/referrals/v1/flights/multicity/?mediaPartnerId=6439681&origin0=poz&date0=2026-08-26&destination0=bri&origin1=bri&date1=2026-08-28&destination1=krk&adultsv2=1&market=PL&locale=pl-PL&currency=PLN,Poznań-Bari,576.2446153846154,-1.1403062383135967,398.71,12.06
Kraków,Rzym,Włochy,Gdańsk,2026-08-23,2026-08-28,5,249.0,198.24,447.24,KRK,ROME,GDN,https://skyscanner.net/g/referrals/v1/flights/multicity/?mediaPartnerId=6439681&origin0=krk&date0=2026-08-23&destination0=rome&origin1=rome&date1=2026-08-28&destination1=gdn&adultsv2=1&market=PL&locale=pl-PL&currency=PLN,Kraków-Rzym,553.8120173913044,-1.992438969988174,447.24,0.0
Kraków,Rzym,Włochy,Gdańsk,2026-08-23,2026-08-28,5,249.0,198.24,447.24,KRK,ROM,GDN,https://skyscanner.net/g/referrals/v1/flights/multicity/?mediaPartnerId=6439681&origin0=krk&date0=2026-08-23&destination0=rom&origin1=rom&date1=2026-08-28&destination1=gdn&adultsv2=1&market=PL&locale=pl-PL&currency=PLN,Kraków-Rzym,553.8120173913044,-1.992438969988174,447.24,0.0
Kraków,Rzym,Włochy,Gdańsk,2026-08-23,2026-08-28,5,249.0,198.24,447.24,KRK,ROME,GDN,https://skyscanner.net/g/referrals/v1/flights/multicity/?mediaPartnerId=6439681&origin0=krk&date0=2026-08-23&destination0=rome&origin1=rome&date1=2026-08-28&destination1=gdn&adultsv2=1&market=PL&locale=pl-PL&currency=PLN,Kraków-Rzym,553.8120173913044,-1.992438969988174,447.24,0.0
Kraków,Rzym,Włochy,Gdańsk,2026-08-23,2026-08-28,5,249.0,198.24,447.24,KRK,ROM,GDN,https://skyscanner.net/g/referrals/v1/flights/multicity/?mediaPartnerId=6439681&origin0=krk&date0=2026-08-23&destination0=rom&origin1=rom&date1=2026-08-28&destination1=gdn&adultsv2=1&market=PL&locale=pl-PL&currency=PLN,Kraków-Rzym,553.8120173913044,-1.992438969988174,447.24,0.0
Katowice,Rzym,Włochy,Gdańsk,2026-08-23,2026-08-28,5,249.0,198.24,447.24,KTW,ROM,GDN,https://skyscanner.net/g/referrals/v1/flights/multicity/?mediaPartnerId=6439681&origin0=ktw&date0=2026-08-23&destination0=rom&origin1=rom&date1=2026-08-28&destination1=gdn&adultsv2=1&market=PL&locale=pl-PL&currency=PLN,Katowice-Rzym,542.3553002610967,-1.8767781690138399,447.24,0.0
Katowice,Rzym,Włochy,Gdańsk,2026-08-23,2026-08-28,5,249.0,198.24,447.24,KTW,ROME,GDN,https://skyscanner.net/g/referrals/v1/flights/multicity/?mediaPartnerId=6439681&origin0=ktw&date0=2026-08-23&destination0=rome&origin1=rome&date1=2026-08-28&destination1=gdn&adultsv2=1&market=PL&locale=pl-PL&currency=PLN,Katowice-Rzym,542.3553002610967,-1.8767781690138399,447.24,0.0
Katowice,Rzym,Włochy,Gdańsk,2026-08-23,2026-08-28,5,249.0,198.24,447.24,KTW,ROME,GDN,https://skyscanner.net/g/referrals/v1/flights/multicity/?mediaPartnerId=6439681&origin0=ktw&date0=2026-08-23&destination0=rome&origin1=rome&date1=2026-08-28&destination1=gdn&adultsv2=1&market=PL&locale=pl-PL&currency=PLN,Katowice-Rzym,542.3553002610967,-1.8767781690138399,447.24,0.0
Katowice,Rzym,Włochy,Gdańsk,2026-08-23,2026-08-28,5,249.0,198.24,447.24,KTW,ROM,GDN,https://skyscanner.net/g/referrals/v1/flights/multicity/?mediaPartnerId=6439681&origin0=ktw&date0=2026-08-23&destination0=rom&origin1=rom&date1=2026-08-28&destination1=gdn&adultsv2=1&market=PL&locale=pl-PL&currency=PLN,Katowice-Rzym,542.3553002610967,-1.8767781690138399,447.24,0.0
Warszawa,Alghero,Włochy,Warszawa,2026-08-19,2026-08-26,7,180.73,266.54,447.27,WARS,AHO,WARS,https://www.skyscanner.net/g/referrals/v1/flights/day-view/?origin=wars&destination=aho&outboundDate=2026-08-19&inboundDate=2026-08-26&market=PL&locale=pl-PL&currency=PLN&mediaPartnerId=6439681,Warszawa-Alghero,589.1507692307692,-1.658494750794359,,0.0
Warszawa,Wenecja,Włochy,Wrocław,2026-08-26,2026-08-28,2,180.64,266.71,447.34999999999997,WARS,TSF,WRO,https://skyscanner.net/g/referrals/v1/flights/multicity/?mediaPartnerId=6439681&origin0=wars&date0=2026-08-26&destination0=tsf&origin1=tsf&date1=2026-08-28&destination1=wro&adultsv2=1&market=PL&locale=pl-PL&currency=PLN,Warszawa-Wenecja,572.1463703703703,-1.4427473172184684,444.35,0.68
Gdańsk,Katania,Włochy,Warszawa,2026-08-29,2026-08-31,2,209.0,238.83,447.83000000000004,GDN,CTA,WARS,https://skyscanner.net/g/referrals/v1/flights/multicity/?mediaPartnerId=6439681&origin0=gdn&date0=2026-08-29&destination0=cta&origin1=cta&date1=2026-08-31&destination1=wars&adultsv2=1&market=PL&locale=pl-PL&currency=PLN,Gdańsk-Katania,511.1504761904762,-1.5644331514339054,414.76,7.97
Gdańsk,Mediolan,Włochy,Gdańsk,2026-08-29,2026-08-31,2,259.31,188.77,448.08000000000004,GDN,MILA,GDN,https://www.skyscanner.net/g/referrals/v1/flights/day-view/?origin=gdn&destination=mila&outboundDate=2026-08-29&inboundDate=2026-08-31&market=PL&locale=pl-PL&currency=PLN&mediaPartnerId=6439681,Gdańsk-Mediolan,648.5529940119761,-1.953390968866888,437.04,2.53
Wrocław,Zadar,Chorwacja,Poznań,2026-08-26,2026-08-28,2,104.0,344.16,448.16,WRO,ZAD,POZ,https://skyscanner.net/g/referrals/v1/flights/multicity/?mediaPartnerId=6439681&origin0=wro&date0=2026-08-26&destination0=zad&origin1=zad&date1=2026-08-28&destination1=poz&adultsv2=1&market=PL&locale=pl-PL&currency=PLN,Wrocław-Zadar,648.7559302325582,-1.9370683208639585,456.76,-1.88
Wrocław,Zadar,Chorwacja,Poznań,2026-08-25,2026-08-28,3,104.0,344.16,448.16,WRO,ZAD,POZ,https://skyscanner.net/g/referrals/v1/flights/multicity/?mediaPartnerId=6439681&origin0=wro&date0=2026-08-25&destination0=zad&origin1=zad&date1=2026-08-28&destination1=poz&adultsv2=1&market=PL&locale=pl-PL&currency=PLN,Wrocław-Zadar,648.7559302325582,-1.9370683208639585,456.76,-1.88
Poznań,Rzym,Włochy,Gdańsk,2026-08-26,2026-08-28,2,250.65,198.24,448.89,POZ,ROM,GDN,https://skyscanner.net/g/referrals/v1/flights/multicity/?mediaPartnerId=6439681&origin0=poz&date0=2026-08-26&destination0=rom&origin1=rom&date1=2026-08-28&destination1=gdn&adultsv2=1&market=PL&locale=pl-PL&currency=PLN,Poznań-Rzym,588.2803816793893,-1.863709057399074,455.24,-1.39
Poznań,Rzym,Włochy,Gdańsk,2026-08-26,2026-08-28,2,250.65,198.24,448.89,POZ,ROME,GDN,https://skyscanner.net/g/referrals/v1/flights/multicity/?mediaPartnerId=6439681&origin0=poz&date0=2026-08-26&destination0=rome&origin1=rome&date1=2026-08-28&destination1=gdn&adultsv2=1&market=PL&locale=pl-PL&currency=PLN,Poznań-Rzym,588.2803816793893,-1.863709057399074,455.24,-1.39
Kraków,Piza,Włochy,Gdańsk,2026-08-25,2026-08-27,2,219.63,229.65,449.28,KRK,PSA,GDN,https://skyscanner.net/g/referrals/v1/flights/multicity/?mediaPartnerId=6439681&origin0=krk&date0=2026-08-25&destination0=psa&origin1=psa&date1=2026-08-27&destination1=gdn&adultsv2=1&market=PL&locale=pl-PL&currency=PLN,Kraków-Piza,594.0873529411765,-1.401958285520367,418.94,7.24
Poznań,Girona,Hiszpania,Wrocław,2026-08-27,2026-08-31,4,151.54,298.73,450.27,POZ,GRO,WRO,https://skyscanner.net/g/referrals/v1/flights/multicity/?mediaPartnerId=6439681&origin0=poz&date0=2026-08-27&destination0=gro&origin1=gro&date1=2026-08-31&destination1=wro&adultsv2=1&market=PL&locale=pl-PL&currency=PLN,Poznań-Girona,631.6580952380953,-1.8522547277933732,441.79,1.92
Warszawa,Rzym,Włochy,Gdańsk,2026-08-26,2026-08-31,5,262.06,188.29,450.35,WARS,ROME,GDN,https://skyscanner.net/g/referrals/v1/flights/multicity/?mediaPartnerId=6439681&origin0=wars&date0=2026-08-26&destination0=rome&origin1=rome&date1=2026-08-31&destination1=gdn&adultsv2=1&market=PL&locale=pl-PL&currency=PLN,Warszawa-Rzym,537.041045045045,-1.6773227222400051,405.23,11.13
Poznań,Dubrovnik,Chorwacja,Gdańsk,2026-08-20,2026-08-23,3,159.15,291.5,450.65,POZ,DBV,GDN,https://skyscanner.net/g/referrals/v1/flights/multicity/?mediaPartnerId=6439681&origin0=poz&date0=2026-08-20&destination0=dbv&origin1=dbv&date1=2026-08-23&destination1=gdn&adultsv2=1&market=PL&locale=pl-PL&currency=PLN,Poznań-Dubrovnik,532.1445,-1.0800156033716486,,0.0
Kraków,Bolonia,Włochy,Warszawa,2026-08-27,2026-08-31,4,235.97,215.48,451.45,KRK,BLQ,WARS,https://skyscanner.net/g/referrals/v1/flights/multicity/?mediaPartnerId=6439681&origin0=krk&date0=2026-08-27&destination0=blq&origin1=blq&date1=2026-08-31&destination1=wars&adultsv2=1&market=PL&locale=pl-PL&currency=PLN,Kraków-Bolonia,587.4342307692308,-1.7179345144993379,445.15,1.42
Kraków,Bolonia,Włochy,Kraków,2026-08-25,2026-08-28,3,279.94,172.06,452.0,KRK,BLQ,KRK,https://www.skyscanner.net/g/referrals/v1/flights/day-view/?origin=krk&destination=blq&outboundDate=2026-08-25&inboundDate=2026-08-28&market=PL&locale=pl-PL&currency=PLN&mediaPartnerId=6439681,Kraków-Bolonia,587.4342307692308,-1.7109861795517503,425.86,6.14
Kraków,Piza,Włochy,Kraków,2026-08-25,2026-08-27,2,219.63,232.56,452.19,KRK,PSA,KRK,https://www.skyscanner.net/g/referrals/v1/flights/day-view/?origin=krk&destination=psa&outboundDate=2026-08-25&inboundDate=2026-08-27&market=PL&locale=pl-PL&currency=PLN&mediaPartnerId=6439681,Kraków-Piza,594.0873529411765,-1.3737850019957276,395.75,14.26
Poznań,Bari,Włochy,Katowice,2026-08-26,2026-08-31,5,158.25,294.46,452.71,POZ,BRI,KTW,https://skyscanner.net/g/referrals/v1/flights/multicity/?mediaPartnerId=6439681&origin0=poz&date0=2026-08-26&destination0=bri&origin1=bri&date1=2026-08-31&destination1=ktw&adultsv2=1&market=PL&locale=pl-PL&currency=PLN,Poznań-Bari,576.2446153846154,-1.0882437415584456,440.78,2.71
Poznań,Bari,Włochy,Katowice,2026-08-28,2026-08-31,3,158.25,294.46,452.71,POZ,BRI,KTW,https://skyscanner.net/g/referrals/v1/flights/multicity/?mediaPartnerId=6439681&origin0=poz&date0=2026-08-28&destination0=bri&origin1=bri&date1=2026-08-31&destination1=ktw&adultsv2=1&market=PL&locale=pl-PL&currency=PLN,Poznań-Bari,576.2446153846154,-1.0882437415584456,,0.0
Wrocław,Rzym,Włochy,Katowice,2026-08-27,2026-08-30,3,219.38,233.61,452.99,WRO,ROME,KTW,https://skyscanner.net/g/referrals/v1/flights/multicity/?mediaPartnerId=6439681&origin0=wro&date0=2026-08-27&destination0=rome&origin1=rome&date1=2026-08-30&destination1=ktw&adultsv2=1&market=PL&locale=pl-PL&currency=PLN,Wrocław-Rzym,591.3997727272728,-1.6717005569423504,468.23,-3.25
Gdańsk,Katania,Włochy,Warszawa,2026-08-25,2026-08-30,5,229.0,224.54,453.53999999999996,GDN,CTA,WARS,https://skyscanner.net/g/referrals/v1/flights/multicity/?mediaPartnerId=6439681&origin0=gdn&date0=2026-08-25&destination0=cta&origin1=cta&date1=2026-08-30&destination1=wars&adultsv2=1&market=PL&locale=pl-PL&currency=PLN,Gdańsk-Katania,511.1504761904762,-1.4233585128317552,422.1,7.45
Katowice,Dortmund,Niemcy,Gdańsk,2026-08-27,2026-08-31,4,299.0,155.14,454.14,KTW,DTM,GDN,https://skyscanner.net/g/referrals/v1/flights/multicity/?mediaPartnerId=6439681&origin0=ktw&date0=2026-08-27&destination0=dtm&origin1=dtm&date1=2026-08-31&destination1=gdn&adultsv2=1&market=PL&locale=pl-PL&currency=PLN,Katowice-Dortmund,621.5555813953488,-2.021152651073694,454.14,0.0
Warszawa,Bolonia,Włochy,Warszawa,2026-08-28,2026-08-30,2,155.76,299.93,455.69,WARS,BLQ,WARS,https://www.skyscanner.net/g/referrals/v1/flights/day-view/?origin=wars&destination=blq&outboundDate=2026-08-28&inboundDate=2026-08-30&market=PL&locale=pl-PL&currency=PLN&mediaPartnerId=6439681,Warszawa-Bolonia,572.7326388888889,-1.8123679640830115,431.4500000000001,5.62
Gdańsk,Rzym,Włochy,Gdańsk,2026-08-26,2026-08-28,2,257.93,198.24,456.17,GDN,ROME,GDN,https://www.skyscanner.net/g/referrals/v1/flights/day-view/?origin=gdn&destination=rome&outboundDate=2026-08-26&inboundDate=2026-08-28&market=PL&locale=pl-PL&currency=PLN&mediaPartnerId=6439681,Gdańsk-Rzym,654.3681439393939,-2.839410709416385,470.01,-2.94
Gdańsk,Rzym,Włochy,Gdańsk,2026-08-26,2026-08-28,2,257.93,198.24,456.17,GDN,ROM,GDN,https://www.skyscanner.net/g/referrals/v1/flights/day-view/?origin=gdn&destination=rom&outboundDate=2026-08-26&inboundDate=2026-08-28&market=PL&locale=pl-PL&currency=PLN&mediaPartnerId=6439681,Gdańsk-Rzym,654.3681439393939,-2.839410709416385,470.01,-2.94
Wrocław,Rzym,Włochy,Gdańsk,2026-08-26,2026-08-28,2,258.11,198.24,456.35,WRO,ROM,GDN,https://skyscanner.net/g/referrals/v1/flights/multicity/?mediaPartnerId=6439681&origin0=wro&date0=2026-08-26&destination0=rom&origin1=rom&date1=2026-08-28&destination1=gdn&adultsv2=1&market=PL&locale=pl-PL&currency=PLN,Wrocław-Rzym,591.3997727272728,-1.6311187847116129,434.83,4.95
Wrocław,Rzym,Włochy,Gdańsk,2026-08-26,2026-08-28,2,258.11,198.24,456.35,WRO,ROME,GDN,https://skyscanner.net/g/referrals/v1/flights/multicity/?mediaPartnerId=6439681&origin0=wro&date0=2026-08-26&destination0=rome&origin1=rome&date1=2026-08-28&destination1=gdn&adultsv2=1&market=PL&locale=pl-PL&currency=PLN,Wrocław-Rzym,591.3997727272728,-1.6311187847116129,434.83,4.95
Gdańsk,Piza,Włochy,Wrocław,2026-08-27,2026-08-29,2,235.97,221.25,457.22,GDN,PSA,WRO,https://skyscanner.net/g/referrals/v1/flights/multicity/?mediaPartnerId=6439681&origin0=gdn&date0=2026-08-27&destination0=psa&origin1=psa&date1=2026-08-29&destination1=wro&adultsv2=1&market=PL&locale=pl-PL&currency=PLN,Gdańsk-Piza,601.8857142857142,-1.7003732589813125,457.28,-0.01
Kraków,Rzym,Włochy,Gdańsk,2026-08-27,2026-08-31,4,269.0,188.29,457.28999999999996,KRK,ROME,GDN,https://skyscanner.net/g/referrals/v1/flights/multicity/?mediaPartnerId=6439681&origin0=krk&date0=2026-08-27&destination0=rome&origin1=rome&date1=2026-08-31&destination1=gdn&adultsv2=1&market=PL&locale=pl-PL&currency=PLN,Kraków-Rzym,553.8120173913044,-1.8045471374177333,444.93,2.78
Kraków,Rzym,Włochy,Gdańsk,2026-08-27,2026-08-31,4,269.0,188.29,457.28999999999996,KRK,ROME,GDN,https://skyscanner.net/g/referrals/v1/flights/multicity/?mediaPartnerId=6439681&origin0=krk&date0=2026-08-27&destination0=rome&origin1=rome&date1=2026-08-31&destination1=gdn&adultsv2=1&market=PL&locale=pl-PL&currency=PLN,Kraków-Rzym,553.8120173913044,-1.8045471374177333,444.93,2.78
Warszawa,Rzym,Włochy,Gdańsk,2026-08-28,2026-08-31,3,269.0,188.29,457.28999999999996,WARS,ROME,GDN,https://skyscanner.net/g/referrals/v1/flights/multicity/?mediaPartnerId=6439681&origin0=wars&date0=2026-08-28&destination0=rome&origin1=rome&date1=2026-08-31&destination1=gdn&adultsv2=1&market=PL&locale=pl-PL&currency=PLN,Warszawa-Rzym,537.041045045045,-1.5430456502967955,410.22,11.47
Katowice,Rzym,Włochy,Gdańsk,2026-08-27,2026-08-31,4,269.0,188.29,457.28999999999996,KTW,ROME,GDN,https://skyscanner.net/g/referrals/v1/flights/multicity/?mediaPartnerId=6439681&origin0=ktw&date0=2026-08-27&destination0=rome&origin1=rome&date1=2026-08-31&destination1=gdn&adultsv2=1&market=PL&locale=pl-PL&currency=PLN,Katowice-Rzym,542.3553002610967,-1.67847547168951,442.23,3.41
Warszawa,Rzym,Włochy,Gdańsk,2026-08-24,2026-08-31,7,269.0,188.29,457.28999999999996,WARS,ROME,GDN,https://skyscanner.net/g/referrals/v1/flights/multicity/?mediaPartnerId=6439681&origin0=wars&date0=2026-08-24&destination0=rome&origin1=rome&date1=2026-08-31&destination1=gdn&adultsv2=1&market=PL&locale=pl-PL&currency=PLN,Warszawa-Rzym,537.041045045045,-1.5430456502967955,444.93,2.78
Warszawa,Rzym,Włochy,Gdańsk,2026-08-25,2026-08-31,6,269.0,188.29,457.28999999999996,WARS,ROME,GDN,https://skyscanner.net/g/referrals/v1/flights/multicity/?mediaPartnerId=6439681&origin0=wars&date0=2026-08-25&destination0=rome&origin1=rome&date1=2026-08-31&destination1=gdn&adultsv2=1&market=PL&locale=pl-PL&currency=PLN,Warszawa-Rzym,537.041045045045,-1.5430456502967955,444.93,2.78
Warszawa,Rzym,Włochy,Gdańsk,2026-08-28,2026-08-31,3,269.0,188.29,457.28999999999996,WARS,ROME,GDN,https://skyscanner.net/g/referrals/v1/flights/multicity/?mediaPartnerId=6439681&origin0=wars&date0=2026-08-28&destination0=rome&origin1=rome&date1=2026-08-31&destination1=gdn&adultsv2=1&market=PL&locale=pl-PL&currency=PLN,Warszawa-Rzym,537.041045045045,-1.5430456502967955,410.22,11.47
Warszawa,Rzym,Włochy,Gdańsk,2026-08-25,2026-08-31,6,269.0,188.29,457.28999999999996,WARS,ROME,GDN,https://skyscanner.net/g/referrals/v1/flights/multicity/?mediaPartnerId=6439681&origin0=wars&date0=2026-08-25&destination0=rome&origin1=rome&date1=2026-08-31&destination1=gdn&adultsv2=1&market=PL&locale=pl-PL&currency=PLN,Warszawa-Rzym,537.041045045045,-1.5430456502967955,444.93,2.78
Warszawa,Rzym,Włochy,Gdańsk,2026-08-24,2026-08-31,7,269.0,188.29,457.28999999999996,WARS,ROME,GDN,https://skyscanner.net/g/referrals/v1/flights/multicity/?mediaPartnerId=6439681&origin0=wars&date0=2026-08-24&destination0=rome&origin1=rome&date1=2026-08-31&destination1=gdn&adultsv2=1&market=PL&locale=pl-PL&currency=PLN,Warszawa-Rzym,537.041045045045,-1.5430456502967955,444.93,2.78
Warszawa,Rzym,Włochy,Warszawa,2026-08-28,2026-08-31,3,282.53,175.03,457.55999999999995,WARS,ROME,WARS,https://www.skyscanner.net/g/referrals/v1/flights/day-view/?origin=wars&destination=rome&outboundDate=2026-08-28&inboundDate=2026-08-31&market=PL&locale=pl-PL&currency=PLN&mediaPartnerId=6439681,Warszawa-Rzym,537.041045045045,-1.5378216143566423,409.33,11.78
Poznań,Bari,Włochy,Katowice,2026-08-29,2026-08-31,2,163.29,294.46,457.75,POZ,BRI,KTW,https://skyscanner.net/g/referrals/v1/flights/multicity/?mediaPartnerId=6439681&origin0=poz&date0=2026-08-29&destination0=bri&origin1=bri&date1=2026-08-31&destination1=ktw&adultsv2=1&market=PL&locale=pl-PL&currency=PLN,Poznań-Bari,576.2446153846154,-1.0438452671682656,467.76,-2.14
Kraków,Rzym,Włochy,Kraków,2026-08-29,2026-08-31,2,249.0,209.77,458.77,KRK,ROME,KRK,https://www.skyscanner.net/g/referrals/v1/flights/day-view/?origin=krk&destination=rome&outboundDate=2026-08-29&inboundDate=2026-08-31&market=PL&locale=pl-PL&currency=PLN&mediaPartnerId=6439681,Kraków-Rzym,553.8120173913044,-1.7768774944123347,458.77,0.0
Warszawa,Rzym,Włochy,Kraków,2026-08-29,2026-08-31,2,249.0,209.77,458.77,WARS,ROME,KRK,https://skyscanner.net/g/referrals/v1/flights/multicity/?mediaPartnerId=6439681&origin0=wars&date0=2026-08-29&destination0=rome&origin1=rome&date1=2026-08-31&destination1=krk&adultsv2=1&market=PL&locale=pl-PL&currency=PLN,Warszawa-Rzym,537.041045045045,-1.514410194032249,439.0700000000001,4.49
Warszawa,Rzym,Włochy,Kraków,2026-08-27,2026-08-31,4,249.0,209.77,458.77,WARS,ROME,KRK,https://skyscanner.net/g/referrals/v1/flights/multicity/?mediaPartnerId=6439681&origin0=wars&date0=2026-08-27&destination0=rome&origin1=rome&date1=2026-08-31&destination1=krk&adultsv2=1&market=PL&locale=pl-PL&currency=PLN,Warszawa-Rzym,537.041045045045,-1.514410194032249,458.77,0.0
Warszawa,Rzym,Włochy,Kraków,2026-08-29,2026-08-31,2,249.0,209.77,458.77,WARS,ROME,KRK,https://skyscanner.net/g/referrals/v1/flights/multicity/?mediaPartnerId=6439681&origin0=wars&date0=2026-08-29&destination0=rome&origin1=rome&date1=2026-08-31&destination1=krk&adultsv2=1&market=PL&locale=pl-PL&currency=PLN,Warszawa-Rzym,537.041045045045,-1.514410194032249,439.0700000000001,4.49
Kraków,Rzym,Włochy,Kraków,2026-08-29,2026-08-31,2,249.0,209.77,458.77,KRK,ROME,KRK,https://www.skyscanner.net/g/referrals/v1/flights/day-view/?origin=krk&destination=rome&outboundDate=2026-08-29&inboundDate=2026-08-31&market=PL&locale=pl-PL&currency=PLN&mediaPartnerId=6439681,Kraków-Rzym,553.8120173913044,-1.7768774944123347,458.77,0.0
Katowice,Rzym,Włochy,Kraków,2026-08-29,2026-08-31,2,249.0,209.77,458.77,KTW,ROME,KRK,https://skyscanner.net/g/referrals/v1/flights/multicity/?mediaPartnerId=6439681&origin0=ktw&date0=2026-08-29&destination0=rome&origin1=rome&date1=2026-08-31&destination1=krk&adultsv2=1&market=PL&locale=pl-PL&currency=PLN,Katowice-Rzym,542.3553002610967,-1.6492726864118967,458.77,0.0
Katowice,Rzym,Włochy,Kraków,2026-08-29,2026-08-31,2,249.0,209.77,458.77,KTW,ROME,KRK,https://skyscanner.net/g/referrals/v1/flights/multicity/?mediaPartnerId=6439681&origin0=ktw&date0=2026-08-29&destination0=rome&origin1=rome&date1=2026-08-31&destination1=krk&adultsv2=1&market=PL&locale=pl-PL&currency=PLN,Katowice-Rzym,542.3553002610967,-1.6492726864118967,458.77,0.0
Warszawa,Rzym,Włochy,Kraków,2026-08-27,2026-08-31,4,249.0,209.77,458.77,WARS,ROME,KRK,https://skyscanner.net/g/referrals/v1/flights/multicity/?mediaPartnerId=6439681&origin0=wars&date0=2026-08-27&destination0=rome&origin1=rome&date1=2026-08-31&destination1=krk&adultsv2=1&market=PL&locale=pl-PL&currency=PLN,Warszawa-Rzym,537.041045045045,-1.514410194032249,458.77,0.0
Katowice,Rzym,Włochy,Gdańsk,2026-08-25,2026-08-27,2,286.97,172.38,459.35,KTW,ROME,GDN,https://skyscanner.net/g/referrals/v1/flights/multicity/?mediaPartnerId=6439681&origin0=ktw&date0=2026-08-25&destination0=rome&origin1=rome&date1=2026-08-27&destination1=gdn&adultsv2=1&market=PL&locale=pl-PL&currency=PLN,Katowice-Rzym,542.3553002610967,-1.6378283516409395,459.37,-0.0
Katowice,Rzym,Włochy,Gdańsk,2026-08-25,2026-08-27,2,286.97,172.38,459.35,KTW,ROM,GDN,https://skyscanner.net/g/referrals/v1/flights/multicity/?mediaPartnerId=6439681&origin0=ktw&date0=2026-08-25&destination0=rom&origin1=rom&date1=2026-08-27&destination1=gdn&adultsv2=1&market=PL&locale=pl-PL&currency=PLN,Katowice-Rzym,542.3553002610967,-1.6378283516409395,459.37,-0.0
Wrocław,Dubrovnik,Chorwacja,Katowice,2026-08-22,2026-08-24,2,215.08,244.93,460.01,WRO,DBV,KTW,https://skyscanner.net/g/referrals/v1/flights/multicity/?mediaPartnerId=6439681&origin0=wro&date0=2026-08-22&destination0=dbv&origin1=dbv&date1=2026-08-24&destination1=ktw&adultsv2=1&market=PL&locale=pl-PL&currency=PLN,Wrocław-Dubrovnik,578.7238461538461,-1.506581576471714,466.91,-1.48
Warszawa,Rzym,Włochy,Gdańsk,2026-08-26,2026-08-28,2,262.06,198.24,460.3,WARS,ROME,GDN,https://skyscanner.net/g/referrals/v1/flights/multicity/?mediaPartnerId=6439681&origin0=wars&date0=2026-08-26&destination0=rome&origin1=rome&date1=2026-08-28&destination1=gdn&adultsv2=1&market=PL&locale=pl-PL&currency=PLN,Warszawa-Rzym,537.041045045045,-1.4848073237047106,427.54,7.66
Warszawa,Rzym,Włochy,Gdańsk,2026-08-26,2026-08-28,2,262.06,198.24,460.3,WARS,ROM,GDN,https://skyscanner.net/g/referrals/v1/flights/multicity/?mediaPartnerId=6439681&origin0=wars&date0=2026-08-26&destination0=rom&origin1=rom&date1=2026-08-28&destination1=gdn&adultsv2=1&market=PL&locale=pl-PL&currency=PLN,Warszawa-Rzym,537.041045045045,-1.4848073237047106,427.54,7.66
Poznań,Rzym,Włochy,Kraków,2026-08-26,2026-08-31,5,250.65,209.77,460.42,POZ,ROME,KRK,https://skyscanner.net/g/referrals/v1/flights/multicity/?mediaPartnerId=6439681&origin0=poz&date0=2026-08-26&destination0=rome&origin1=rome&date1=2026-08-31&destination1=krk&adultsv2=1&market=PL&locale=pl-PL&currency=PLN,Poznań-Rzym,588.2803816793893,-1.7095480229509652,466.77,-1.36
Kraków,Lamezia,Włochy,Kraków,2026-08-24,2026-08-31,7,183.35,278.2,461.54999999999995,KRK,SUF,KRK,https://www.skyscanner.net/g/referrals/v1/flights/day-view/?origin=krk&destination=suf&outboundDate=2026-08-24&inboundDate=2026-08-31&market=PL&locale=pl-PL&currency=PLN&mediaPartnerId=6439681,Kraków-Lamezia,509.76599999999996,-1.0997683138462655,461.55,-0.0
Poznań,Rzym,Włochy,Katowice,2026-08-27,2026-08-30,3,228.35,233.61,461.96000000000004,POZ,ROME,KTW,https://skyscanner.net/g/referrals/v1/flights/multicity/?mediaPartnerId=6439681&origin0=poz&date0=2026-08-27&destination0=rome&origin1=rome&date1=2026-08-30&destination1=ktw&adultsv2=1&market=PL&locale=pl-PL&currency=PLN,Poznań-Rzym,588.2803816793893,-1.6889575638833076,469.74,-1.66
Katowice,Rzym,Włochy,Katowice,2026-08-25,2026-08-27,2,286.97,175.03,462.0,KTW,ROME,KTW,https://www.skyscanner.net/g/referrals/v1/flights/day-view/?origin=ktw&destination=rome&outboundDate=2026-08-25&inboundDate=2026-08-27&market=PL&locale=pl-PL&currency=PLN&mediaPartnerId=6439681,Katowice-Rzym,542.3553002610967,-1.5855395807046737,439.49,5.12
Katowice,Rzym,Włochy,Warszawa,2026-08-25,2026-08-31,6,286.97,175.03,462.0,KTW,ROME,WARS,https://skyscanner.net/g/referrals/v1/flights/multicity/?mediaPartnerId=6439681&origin0=ktw&date0=2026-08-25&destination0=rome&origin1=rome&date1=2026-08-31&destination1=wars&adultsv2=1&market=PL&locale=pl-PL&currency=PLN,Katowice-Rzym,542.3553002610967,-1.5855395807046737,462.03,-0.01
Kraków,Rzym,Włochy,Katowice,2026-08-26,2026-08-30,4,229.31,233.61,462.92,KRK,ROME,KTW,https://skyscanner.net/g/referrals/v1/flights/multicity/?mediaPartnerId=6439681&origin0=krk&date0=2026-08-26&destination0=rome&origin1=rome&date1=2026-08-30&destination1=ktw&adultsv2=1&market=PL&locale=pl-PL&currency=PLN,Kraków-Rzym,553.8120173913044,-1.6992903197688183,499.9,-7.4
Warszawa,Brindisi,Włochy,Warszawa,2026-08-25,2026-08-27,2,179.0,284.45,463.45,WARS,BDS,WARS,https://www.skyscanner.net/g/referrals/v1/flights/day-view/?origin=wars&destination=bds&outboundDate=2026-08-25&inboundDate=2026-08-27&market=PL&locale=pl-PL&currency=PLN&mediaPartnerId=6439681,Warszawa-Brindisi,493.782,-1.4288452493307497,,0.0
Warszawa,Rzym,Włochy,Kraków,2026-08-27,2026-08-29,2,249.0,215.48,464.48,WARS,ROME,KRK,https://skyscanner.net/g/referrals/v1/flights/multicity/?mediaPartnerId=6439681&origin0=wars&date0=2026-08-27&destination0=rome&origin1=rome&date1=2026-08-29&destination1=krk&adultsv2=1&market=PL&locale=pl-PL&currency=PLN,Warszawa-Rzym,537.041045045045,-1.4039315080386265,464.48,0.0
Kraków,Rzym,Włochy,Kraków,2026-08-23,2026-08-27,4,249.0,215.48,464.48,KRK,ROM,KRK,https://www.skyscanner.net/g/referrals/v1/flights/day-view/?origin=krk&destination=rom&outboundDate=2026-08-23&inboundDate=2026-08-27&market=PL&locale=pl-PL&currency=PLN&mediaPartnerId=6439681,Kraków-Rzym,553.8120173913044,-1.6701250203847497,464.48,0.0
Kraków,Rzym,Włochy,Kraków,2026-08-23,2026-08-29,6,249.0,215.48,464.48,KRK,ROM,KRK,https://www.skyscanner.net/g/referrals/v1/flights/day-view/?origin=krk&destination=rom&outboundDate=2026-08-23&inboundDate=2026-08-29&market=PL&locale=pl-PL&currency=PLN&mediaPartnerId=6439681,Kraków-Rzym,553.8120173913044,-1.6701250203847497,464.48,0.0
Kraków,Rzym,Włochy,Katowice,2026-08-23,2026-08-29,6,249.0,215.48,464.48,KRK,ROM,KTW,https://skyscanner.net/g/referrals/v1/flights/multicity/?mediaPartnerId=6439681&origin0=krk&date0=2026-08-23&destination0=rom&origin1=rom&date1=2026-08-29&destination1=ktw&adultsv2=1&market=PL&locale=pl-PL&currency=PLN,Kraków-Rzym,553.8120173913044,-1.6701250203847497,464.48,0.0
Kraków,Rzym,Włochy,Katowice,2026-08-23,2026-08-29,6,249.0,215.48,464.48,KRK,ROM,KTW,https://skyscanner.net/g/referrals/v1/flights/multicity/?mediaPartnerId=6439681&origin0=krk&date0=2026-08-23&destination0=rom&origin1=rom&date1=2026-08-29&destination1=ktw&adultsv2=1&market=PL&locale=pl-PL&currency=PLN,Kraków-Rzym,553.8120173913044,-1.6701250203847497,464.48,0.0
Kraków,Rzym,Włochy,Kraków,2026-08-23,2026-08-29,6,249.0,215.48,464.48,KRK,ROME,KRK,https://www.skyscanner.net/g/referrals/v1/flights/day-view/?origin=krk&destination=rome&outboundDate=2026-08-23&inboundDate=2026-08-29&market=PL&locale=pl-PL&currency=PLN&mediaPartnerId=6439681,Kraków-Rzym,553.8120173913044,-1.6701250203847497,464.48,0.0
Warszawa,Rzym,Włochy,Katowice,2026-08-27,2026-08-29,2,249.0,215.48,464.48,WARS,ROM,KTW,https://skyscanner.net/g/referrals/v1/flights/multicity/?mediaPartnerId=6439681&origin0=wars&date0=2026-08-27&destination0=rom&origin1=rom&date1=2026-08-29&destination1=ktw&adultsv2=1&market=PL&locale=pl-PL&currency=PLN,Warszawa-Rzym,537.041045045045,-1.4039315080386265,464.48,0.0
Warszawa,Rzym,Włochy,Katowice,2026-08-27,2026-08-29,2,249.0,215.48,464.48,WARS,ROME,KTW,https://skyscanner.net/g/referrals/v1/flights/multicity/?mediaPartnerId=6439681&origin0=wars&date0=2026-08-27&destination0=rome&origin1=rome&date1=2026-08-29&destination1=ktw&adultsv2=1&market=PL&locale=pl-PL&currency=PLN,Warszawa-Rzym,537.041045045045,-1.4039315080386265,464.48,0.0
Kraków,Rzym,Włochy,Kraków,2026-08-23,2026-08-29,6,249.0,215.48,464.48,KRK,ROME,KRK,https://www.skyscanner.net/g/referrals/v1/flights/day-view/?origin=krk&destination=rome&outboundDate=2026-08-23&inboundDate=2026-08-29&market=PL&locale=pl-PL&currency=PLN&mediaPartnerId=6439681,Kraków-Rzym,553.8120173913044,-1.6701250203847497,464.48,0.0
Kraków,Rzym,Włochy,Kraków,2026-08-23,2026-08-27,4,249.0,215.48,464.48,KRK,ROME,KRK,https://www.skyscanner.net/g/referrals/v1/flights/day-view/?origin=krk&destination=rome&outboundDate=2026-08-23&inboundDate=2026-08-27&market=PL&locale=pl-PL&currency=PLN&mediaPartnerId=6439681,Kraków-Rzym,553.8120173913044,-1.6701250203847497,464.48,0.0
Katowice,Rzym,Włochy,Katowice,2026-08-23,2026-08-29,6,249.0,215.48,464.48,KTW,ROME,KTW,https://www.skyscanner.net/g/referrals/v1/flights/day-view/?origin=ktw&destination=rome&outboundDate=2026-08-23&inboundDate=2026-08-29&market=PL&locale=pl-PL&currency=PLN&mediaPartnerId=6439681,Katowice-Rzym,542.3553002610967,-1.5366051837529977,464.48,0.0
Katowice,Rzym,Włochy,Katowice,2026-08-23,2026-08-27,4,249.0,215.48,464.48,KTW,ROM,KTW,https://www.skyscanner.net/g/referrals/v1/flights/day-view/?origin=ktw&destination=rom&outboundDate=2026-08-23&inboundDate=2026-08-27&market=PL&locale=pl-PL&currency=PLN&mediaPartnerId=6439681,Katowice-Rzym,542.3553002610967,-1.5366051837529977,464.48,0.0
Katowice,Rzym,Włochy,Kraków,2026-08-23,2026-08-27,4,249.0,215.48,464.48,KTW,ROM,KRK,https://skyscanner.net/g/referrals/v1/flights/multicity/?mediaPartnerId=6439681&origin0=ktw&date0=2026-08-23&destination0=rom&origin1=rom&date1=2026-08-27&destination1=krk&adultsv2=1&market=PL&locale=pl-PL&currency=PLN,Katowice-Rzym,542.3553002610967,-1.5366051837529977,464.48,0.0
Katowice,Rzym,Włochy,Kraków,2026-08-23,2026-08-29,6,249.0,215.48,464.48,KTW,ROM,KRK,https://skyscanner.net/g/referrals/v1/flights/multicity/?mediaPartnerId=6439681&origin0=ktw&date0=2026-08-23&destination0=rom&origin1=rom&date1=2026-08-29&destination1=krk&adultsv2=1&market=PL&locale=pl-PL&currency=PLN,Katowice-Rzym,542.3553002610967,-1.5366051837529977,464.48,0.0
Katowice,Rzym,Włochy,Katowice,2026-08-23,2026-08-29,6,249.0,215.48,464.48,KTW,ROM,KTW,https://www.skyscanner.net/g/referrals/v1/flights/day-view/?origin=ktw&destination=rom&outboundDate=2026-08-23&inboundDate=2026-08-29&market=PL&locale=pl-PL&currency=PLN&mediaPartnerId=6439681,Katowice-Rzym,542.3553002610967,-1.5366051837529977,464.48,0.0
Katowice,Rzym,Włochy,Kraków,2026-08-23,2026-08-27,4,249.0,215.48,464.48,KTW,ROM,KRK,https://skyscanner.net/g/referrals/v1/flights/multicity/?mediaPartnerId=6439681&origin0=ktw&date0=2026-08-23&destination0=rom&origin1=rom&date1=2026-08-27&destination1=krk&adultsv2=1&market=PL&locale=pl-PL&currency=PLN,Katowice-Rzym,542.3553002610967,-1.5366051837529977,464.48,0.0
Warszawa,Rzym,Włochy,Katowice,2026-08-27,2026-08-29,2,249.0,215.48,464.48,WARS,ROM,KTW,https://skyscanner.net/g/referrals/v1/flights/multicity/?mediaPartnerId=6439681&origin0=wars&date0=2026-08-27&destination0=rom&origin1=rom&date1=2026-08-29&destination1=ktw&adultsv2=1&market=PL&locale=pl-PL&currency=PLN,Warszawa-Rzym,537.041045045045,-1.4039315080386265,464.48,0.0
Warszawa,Rzym,Włochy,Katowice,2026-08-27,2026-08-29,2,249.0,215.48,464.48,WARS,ROME,KTW,https://skyscanner.net/g/referrals/v1/flights/multicity/?mediaPartnerId=6439681&origin0=wars&date0=2026-08-27&destination0=rome&origin1=rome&date1=2026-08-29&destination1=ktw&adultsv2=1&market=PL&locale=pl-PL&currency=PLN,Warszawa-Rzym,537.041045045045,-1.4039315080386265,464.48,0.0
Warszawa,Rzym,Włochy,Kraków,2026-08-27,2026-08-29,2,249.0,215.48,464.48,WARS,ROM,KRK,https://skyscanner.net/g/referrals/v1/flights/multicity/?mediaPartnerId=6439681&origin0=wars&date0=2026-08-27&destination0=rom&origin1=rom&date1=2026-08-29&destination1=krk&adultsv2=1&market=PL&locale=pl-PL&currency=PLN,Warszawa-Rzym,537.041045045045,-1.4039315080386265,464.48,0.0
Warszawa,Rzym,Włochy,Kraków,2026-08-27,2026-08-29,2,249.0,215.48,464.48,WARS,ROME,KRK,https://skyscanner.net/g/referrals/v1/flights/multicity/?mediaPartnerId=6439681&origin0=wars&date0=2026-08-27&destination0=rome&origin1=rome&date1=2026-08-29&destination1=krk&adultsv2=1&market=PL&locale=pl-PL&currency=PLN,Warszawa-Rzym,537.041045045045,-1.4039315080386265,464.48,0.0
Katowice,Rzym,Włochy,Kraków,2026-08-23,2026-08-27,4,249.0,215.48,464.48,KTW,ROME,KRK,https://skyscanner.net/g/referrals/v1/flights/multicity/?mediaPartnerId=6439681&origin0=ktw&date0=2026-08-23&destination0=rome&origin1=rome&date1=2026-08-27&destination1=krk&adultsv2=1&market=PL&locale=pl-PL&currency=PLN,Katowice-Rzym,542.3553002610967,-1.5366051837529977,464.48,0.0
Katowice,Rzym,Włochy,Kraków,2026-08-23,2026-08-29,6,249.0,215.48,464.48,KTW,ROME,KRK,https://skyscanner.net/g/referrals/v1/flights/multicity/?mediaPartnerId=6439681&origin0=ktw&date0=2026-08-23&destination0=rome&origin1=rome&date1=2026-08-29&destination1=krk&adultsv2=1&market=PL&locale=pl-PL&currency=PLN,Katowice-Rzym,542.3553002610967,-1.5366051837529977,464.48,0.0
Warszawa,Rzym,Włochy,Kraków,2026-08-27,2026-08-29,2,249.0,215.48,464.48,WARS,ROM,KRK,https://skyscanner.net/g/referrals/v1/flights/multicity/?mediaPartnerId=6439681&origin0=wars&date0=2026-08-27&destination0=rom&origin1=rom&date1=2026-08-29&destination1=krk&adultsv2=1&market=PL&locale=pl-PL&currency=PLN,Warszawa-Rzym,537.041045045045,-1.4039315080386265,464.48,0.0
Kraków,Rzym,Włochy,Katowice,2026-08-23,2026-08-29,6,249.0,215.48,464.48,KRK,ROME,KTW,https://skyscanner.net/g/referrals/v1/flights/multicity/?mediaPartnerId=6439681&origin0=krk&date0=2026-08-23&destination0=rome&origin1=rome&date1=2026-08-29&destination1=ktw&adultsv2=1&market=PL&locale=pl-PL&currency=PLN,Kraków-Rzym,553.8120173913044,-1.6701250203847497,464.48,0.0
Kraków,Rzym,Włochy,Katowice,2026-08-23,2026-08-27,4,249.0,215.48,464.48,KRK,ROM,KTW,https://skyscanner.net/g/referrals/v1/flights/multicity/?mediaPartnerId=6439681&origin0=krk&date0=2026-08-23&destination0=rom&origin1=rom&date1=2026-08-27&destination1=ktw&adultsv2=1&market=PL&locale=pl-PL&currency=PLN,Kraków-Rzym,553.8120173913044,-1.6701250203847497,464.48,0.0
Kraków,Rzym,Włochy,Kraków,2026-08-23,2026-08-27,4,249.0,215.48,464.48,KRK,ROM,KRK,https://www.skyscanner.net/g/referrals/v1/flights/day-view/?origin=krk&destination=rom&outboundDate=2026-08-23&inboundDate=2026-08-27&market=PL&locale=pl-PL&currency=PLN&mediaPartnerId=6439681,Kraków-Rzym,553.8120173913044,-1.6701250203847497,464.48,0.0
Kraków,Rzym,Włochy,Katowice,2026-08-23,2026-08-29,6,249.0,215.48,464.48,KRK,ROME,KTW,https://skyscanner.net/g/referrals/v1/flights/multicity/?mediaPartnerId=6439681&origin0=krk&date0=2026-08-23&destination0=rome&origin1=rome&date1=2026-08-29&destination1=ktw&adultsv2=1&market=PL&locale=pl-PL&currency=PLN,Kraków-Rzym,553.8120173913044,-1.6701250203847497,464.48,0.0
Kraków,Rzym,Włochy,Kraków,2026-08-23,2026-08-27,4,249.0,215.48,464.48,KRK,ROME,KRK,https://www.skyscanner.net/g/referrals/v1/flights/day-view/?origin=krk&destination=rome&outboundDate=2026-08-23&inboundDate=2026-08-27&market=PL&locale=pl-PL&currency=PLN&mediaPartnerId=6439681,Kraków-Rzym,553.8120173913044,-1.6701250203847497,464.48,0.0
Katowice,Rzym,Włochy,Kraków,2026-08-23,2026-08-29,6,249.0,215.48,464.48,KTW,ROM,KRK,https://skyscanner.net/g/referrals/v1/flights/multicity/?mediaPartnerId=6439681&origin0=ktw&date0=2026-08-23&destination0=rom&origin1=rom&date1=2026-08-29&destination1=krk&adultsv2=1&market=PL&locale=pl-PL&currency=PLN,Katowice-Rzym,542.3553002610967,-1.5366051837529977,464.48,0.0
Katowice,Rzym,Włochy,Katowice,2026-08-23,2026-08-29,6,249.0,215.48,464.48,KTW,ROM,KTW,https://www.skyscanner.net/g/referrals/v1/flights/day-view/?origin=ktw&destination=rom&outboundDate=2026-08-23&inboundDate=2026-08-29&market=PL&locale=pl-PL&currency=PLN&mediaPartnerId=6439681,Katowice-Rzym,542.3553002610967,-1.5366051837529977,464.48,0.0
Katowice,Rzym,Włochy,Kraków,2026-08-23,2026-08-27,4,249.0,215.48,464.48,KTW,ROME,KRK,https://skyscanner.net/g/referrals/v1/flights/multicity/?mediaPartnerId=6439681&origin0=ktw&date0=2026-08-23&destination0=rome&origin1=rome&date1=2026-08-27&destination1=krk&adultsv2=1&market=PL&locale=pl-PL&currency=PLN,Katowice-Rzym,542.3553002610967,-1.5366051837529977,464.48,0.0
Warszawa,Bolonia,Włochy,Warszawa,2026-08-29,2026-08-31,2,249.0,215.48,464.48,WARS,BLQ,WARS,https://www.skyscanner.net/g/referrals/v1/flights/day-view/?origin=wars&destination=blq&outboundDate=2026-08-29&inboundDate=2026-08-31&market=PL&locale=pl-PL&currency=PLN&mediaPartnerId=6439681,Warszawa-Bolonia,572.7326388888889,-1.6762576152774529,464.48,0.0
Katowice,Rzym,Włochy,Katowice,2026-08-23,2026-08-27,4,249.0,215.48,464.48,KTW,ROM,KTW,https://www.skyscanner.net/g/referrals/v1/flights/day-view/?origin=ktw&destination=rom&outboundDate=2026-08-23&inboundDate=2026-08-27&market=PL&locale=pl-PL&currency=PLN&mediaPartnerId=6439681,Katowice-Rzym,542.3553002610967,-1.5366051837529977,464.48,0.0
Katowice,Rzym,Włochy,Kraków,2026-08-23,2026-08-29,6,249.0,215.48,464.48,KTW,ROME,KRK,https://skyscanner.net/g/referrals/v1/flights/multicity/?mediaPartnerId=6439681&origin0=ktw&date0=2026-08-23&destination0=rome&origin1=rome&date1=2026-08-29&destination1=krk&adultsv2=1&market=PL&locale=pl-PL&currency=PLN,Katowice-Rzym,542.3553002610967,-1.5366051837529977,464.48,0.0
Katowice,Rzym,Włochy,Katowice,2026-08-23,2026-08-29,6,249.0,215.48,464.48,KTW,ROME,KTW,https://www.skyscanner.net/g/referrals/v1/flights/day-view/?origin=ktw&destination=rome&outboundDate=2026-08-23&inboundDate=2026-08-29&market=PL&locale=pl-PL&currency=PLN&mediaPartnerId=6439681,Katowice-Rzym,542.3553002610967,-1.5366051837529977,464.48,0.0
Kraków,Rzym,Włochy,Kraków,2026-08-23,2026-08-29,6,249.0,215.48,464.48,KRK,ROM,KRK,https://www.skyscanner.net/g/referrals/v1/flights/day-view/?origin=krk&destination=rom&outboundDate=2026-08-23&inboundDate=2026-08-29&market=PL&locale=pl-PL&currency=PLN&mediaPartnerId=6439681,Kraków-Rzym,553.8120173913044,-1.6701250203847497,464.48,0.0
Kraków,Rzym,Włochy,Katowice,2026-08-23,2026-08-27,4,249.0,215.48,464.48,KRK,ROM,KTW,https://skyscanner.net/g/referrals/v1/flights/multicity/?mediaPartnerId=6439681&origin0=krk&date0=2026-08-23&destination0=rom&origin1=rom&date1=2026-08-27&destination1=ktw&adultsv2=1&market=PL&locale=pl-PL&currency=PLN,Kraków-Rzym,553.8120173913044,-1.6701250203847497,464.48,0.0
Warszawa,Zadar,Chorwacja,Gdańsk,2026-08-22,2026-08-27,5,249.0,215.49,464.49,WARS,ZAD,GDN,https://skyscanner.net/g/referrals/v1/flights/multicity/?mediaPartnerId=6439681&origin0=wars&date0=2026-08-22&destination0=zad&origin1=zad&date1=2026-08-27&destination1=gdn&adultsv2=1&market=PL&locale=pl-PL&currency=PLN,Warszawa-Zadar,669.9506250000001,-2.0604010460188182,458.77,1.25
Wrocław,Rzym,Włochy,Wrocław,2026-08-27,2026-08-30,3,219.38,246.09,465.47,WRO,ROME,WRO,https://www.skyscanner.net/g/referrals/v1/flights/day-view/?origin=wro&destination=rome&outboundDate=2026-08-27&inboundDate=2026-08-30&market=PL&locale=pl-PL&currency=PLN&mediaPartnerId=6439681,Wrocław-Rzym,591.3997727272728,-1.520968260085326,481.62,-3.35
Warszawa,Brindisi,Włochy,Wrocław,2026-08-25,2026-08-31,6,179.0,286.97,465.97,WARS,BDS,WRO,https://skyscanner.net/g/referrals/v1/flights/multicity/?mediaPartnerId=6439681&origin0=wars&date0=2026-08-25&destination0=bds&origin1=bds&date1=2026-08-31&destination1=wro&adultsv2=1&market=PL&locale=pl-PL&currency=PLN,Warszawa-Brindisi,493.782,-1.310135964472727,438.5,6.26
Poznań,Rzym,Włochy,Kraków,2026-08-26,2026-08-29,3,250.65,215.48,466.13,POZ,ROM,KRK,https://skyscanner.net/g/referrals/v1/flights/multicity/?mediaPartnerId=6439681&origin0=poz&date0=2026-08-26&destination0=rom&origin1=rom&date1=2026-08-29&destination1=krk&adultsv2=1&market=PL&locale=pl-PL&currency=PLN,Poznań-Rzym,588.2803816793893,-1.633202879265042,472.48,-1.34
Poznań,Rzym,Włochy,Kraków,2026-08-26,2026-08-29,3,250.65,215.48,466.13,POZ,ROME,KRK,https://skyscanner.net/g/referrals/v1/flights/multicity/?mediaPartnerId=6439681&origin0=poz&date0=2026-08-26&destination0=rome&origin1=rome&date1=2026-08-29&destination1=krk&adultsv2=1&market=PL&locale=pl-PL&currency=PLN,Poznań-Rzym,588.2803816793893,-1.633202879265042,472.48,-1.34
Poznań,Rzym,Włochy,Katowice,2026-08-26,2026-08-29,3,250.65,215.48,466.13,POZ,ROM,KTW,https://skyscanner.net/g/referrals/v1/flights/multicity/?mediaPartnerId=6439681&origin0=poz&date0=2026-08-26&destination0=rom&origin1=rom&date1=2026-08-29&destination1=ktw&adultsv2=1&market=PL&locale=pl-PL&currency=PLN,Poznań-Rzym,588.2803816793893,-1.633202879265042,472.48,-1.34
Poznań,Rzym,Włochy,Katowice,2026-08-26,2026-08-29,3,250.65,215.48,466.13,POZ,ROME,KTW,https://skyscanner.net/g/referrals/v1/flights/multicity/?mediaPartnerId=6439681&origin0=poz&date0=2026-08-26&destination0=rome&origin1=rome&date1=2026-08-29&destination1=ktw&adultsv2=1&market=PL&locale=pl-PL&currency=PLN,Poznań-Rzym,588.2803816793893,-1.633202879265042,472.48,-1.34
Warszawa,Neapol,Włochy,Katowice,2026-08-26,2026-08-31,5,225.0,241.35,466.35,WARS,NAP,KTW,https://skyscanner.net/g/referrals/v1/flights/multicity/?mediaPartnerId=6439681&origin0=wars&date0=2026-08-26&destination0=nap&origin1=nap&date1=2026-08-31&destination1=ktw&adultsv2=1&market=PL&locale=pl-PL&currency=PLN,Warszawa-Neapol,652.865576923077,-2.6300215473501427,460.38,1.3
Warszawa,Bolonia,Włochy,Wrocław,2026-08-27,2026-08-29,2,269.0,197.87,466.87,WARS,BLQ,WRO,https://skyscanner.net/g/referrals/v1/flights/multicity/?mediaPartnerId=6439681&origin0=wars&date0=2026-08-27&destination0=blq&origin1=blq&date1=2026-08-29&destination1=wro&adultsv2=1&market=PL&locale=pl-PL&currency=PLN,Warszawa-Bolonia,572.7326388888889,-1.639249226921903,441.06,5.85
Kraków,Rimini,Włochy,Kraków,2026-08-25,2026-08-28,3,257.93,209.3,467.23,KRK,RMI,KRK,https://www.skyscanner.net/g/referrals/v1/flights/day-view/?origin=krk&destination=rmi&outboundDate=2026-08-25&inboundDate=2026-08-28&market=PL&locale=pl-PL&currency=PLN&mediaPartnerId=6439681,Kraków-Rimini,608.8930434782609,-2.6153782729356543,461.23,1.3
Warszawa,Rzym,Włochy,Gdańsk,2026-08-21,2026-08-28,7,269.0,198.24,467.24,WARS,ROME,GDN,https://skyscanner.net/g/referrals/v1/flights/multicity/?mediaPartnerId=6439681&origin0=wars&date0=2026-08-21&destination0=rome&origin1=rome&date1=2026-08-28&destination1=gdn&adultsv2=1&market=PL&locale=pl-PL&currency=PLN,Warszawa-Rzym,537.041045045045,-1.3505302517614997,452.79,3.19
Warszawa,Rzym,Włochy,Gdańsk,2026-08-21,2026-08-28,7,269.0,198.24,467.24,WARS,ROM,GDN,https://skyscanner.net/g/referrals/v1/flights/multicity/?mediaPartnerId=6439681&origin0=wars&date0=2026-08-21&destination0=rom&origin1=rom&date1=2026-08-28&destination1=gdn&adultsv2=1&market=PL&locale=pl-PL&currency=PLN,Warszawa-Rzym,537.041045045045,-1.3505302517614997,452.79,3.19
Warszawa,Rzym,Włochy,Gdańsk,2026-08-25,2026-08-28,3,269.0,198.24,467.24,WARS,ROM,GDN,https://skyscanner.net/g/referrals/v1/flights/multicity/?mediaPartnerId=6439681&origin0=wars&date0=2026-08-25&destination0=rom&origin1=rom&date1=2026-08-28&destination1=gdn&adultsv2=1&market=PL&locale=pl-PL&currency=PLN,Warszawa-Rzym,537.041045045045,-1.3505302517614997,467.24,0.0
Warszawa,Rzym,Włochy,Gdańsk,2026-08-21,2026-08-28,7,269.0,198.24,467.24,WARS,ROME,GDN,https://skyscanner.net/g/referrals/v1/flights/multicity/?mediaPartnerId=6439681&origin0=wars&date0=2026-08-21&destination0=rome&origin1=rome&date1=2026-08-28&destination1=gdn&adultsv2=1&market=PL&locale=pl-PL&currency=PLN,Warszawa-Rzym,537.041045045045,-1.3505302517614997,452.79,3.19
Warszawa,Rzym,Włochy,Gdańsk,2026-08-24,2026-08-28,4,269.0,198.24,467.24,WARS,ROM,GDN,https://skyscanner.net/g/referrals/v1/flights/multicity/?mediaPartnerId=6439681&origin0=wars&date0=2026-08-24&destination0=rom&origin1=rom&date1=2026-08-28&destination1=gdn&adultsv2=1&market=PL&locale=pl-PL&currency=PLN,Warszawa-Rzym,537.041045045045,-1.3505302517614997,467.24,0.0
Warszawa,Rzym,Włochy,Gdańsk,2026-08-24,2026-08-28,4,269.0,198.24,467.24,WARS,ROME,GDN,https://skyscanner.net/g/referrals/v1/flights/multicity/?mediaPartnerId=6439681&origin0=wars&date0=2026-08-24&destination0=rome&origin1=rome&date1=2026-08-28&destination1=gdn&adultsv2=1&market=PL&locale=pl-PL&currency=PLN,Warszawa-Rzym,537.041045045045,-1.3505302517614997,467.24,0.0
Warszawa,Rzym,Włochy,Gdańsk,2026-08-25,2026-08-28,3,269.0,198.24,467.24,WARS,ROM,GDN,https://skyscanner.net/g/referrals/v1/flights/multicity/?mediaPartnerId=6439681&origin0=wars&date0=2026-08-25&destination0=rom&origin1=rom&date1=2026-08-28&destination1=gdn&adultsv2=1&market=PL&locale=pl-PL&currency=PLN,Warszawa-Rzym,537.041045045045,-1.3505302517614997,467.24,0.0
Warszawa,Rzym,Włochy,Gdańsk,2026-08-25,2026-08-28,3,269.0,198.24,467.24,WARS,ROME,GDN,https://skyscanner.net/g/referrals/v1/flights/multicity/?mediaPartnerId=6439681&origin0=wars&date0=2026-08-25&destination0=rome&origin1=rome&date1=2026-08-28&destination1=gdn&adultsv2=1&market=PL&locale=pl-PL&currency=PLN,Warszawa-Rzym,537.041045045045,-1.3505302517614997,467.24,0.0
Warszawa,Rzym,Włochy,Gdańsk,2026-08-24,2026-08-28,4,269.0,198.24,467.24,WARS,ROM,GDN,https://skyscanner.net/g/referrals/v1/flights/multicity/?mediaPartnerId=6439681&origin0=wars&date0=2026-08-24&destination0=rom&origin1=rom&date1=2026-08-28&destination1=gdn&adultsv2=1&market=PL&locale=pl-PL&currency=PLN,Warszawa-Rzym,537.041045045045,-1.3505302517614997,467.24,0.0
Warszawa,Rzym,Włochy,Gdańsk,2026-08-24,2026-08-28,4,269.0,198.24,467.24,WARS,ROME,GDN,https://skyscanner.net/g/referrals/v1/flights/multicity/?mediaPartnerId=6439681&origin0=wars&date0=2026-08-24&destination0=rome&origin1=rome&date1=2026-08-28&destination1=gdn&adultsv2=1&market=PL&locale=pl-PL&currency=PLN,Warszawa-Rzym,537.041045045045,-1.3505302517614997,467.24,0.0
Warszawa,Rzym,Włochy,Gdańsk,2026-08-25,2026-08-28,3,269.0,198.24,467.24,WARS,ROME,GDN,https://skyscanner.net/g/referrals/v1/flights/multicity/?mediaPartnerId=6439681&origin0=wars&date0=2026-08-25&destination0=rome&origin1=rome&date1=2026-08-28&destination1=gdn&adultsv2=1&market=PL&locale=pl-PL&currency=PLN,Warszawa-Rzym,537.041045045045,-1.3505302517614997,467.24,0.0
Warszawa,Rzym,Włochy,Gdańsk,2026-08-21,2026-08-28,7,269.0,198.24,467.24,WARS,ROM,GDN,https://skyscanner.net/g/referrals/v1/flights/multicity/?mediaPartnerId=6439681&origin0=wars&date0=2026-08-21&destination0=rom&origin1=rom&date1=2026-08-28&destination1=gdn&adultsv2=1&market=PL&locale=pl-PL&currency=PLN,Warszawa-Rzym,537.041045045045,-1.3505302517614997,452.79,3.19
Katowice,Rzym,Włochy,Kraków,2026-08-27,2026-08-31,4,257.58,209.77,467.35,KTW,ROME,KRK,https://skyscanner.net/g/referrals/v1/flights/multicity/?mediaPartnerId=6439681&origin0=ktw&date0=2026-08-27&destination0=rome&origin1=rome&date1=2026-08-31&destination1=krk&adultsv2=1&market=PL&locale=pl-PL&currency=PLN,Katowice-Rzym,542.3553002610967,-1.4799754582484375,476.0700000000001,-1.83
Wrocław,Dubrovnik,Chorwacja,Katowice,2026-08-29,2026-08-31,2,77.49,389.91,467.40000000000003,WRO,DBV,KTW,https://skyscanner.net/g/referrals/v1/flights/multicity/?mediaPartnerId=6439681&origin0=wro&date0=2026-08-29&destination0=dbv&origin1=dbv&date1=2026-08-31&destination1=ktw&adultsv2=1&market=PL&locale=pl-PL&currency=PLN,Wrocław-Dubrovnik,578.7238461538461,-1.4127960728355375,467.36,0.01
Wrocław,Rzym,Włochy,Warszawa,2026-08-28,2026-08-31,3,292.53,175.03,467.55999999999995,WRO,ROME,WARS,https://skyscanner.net/g/referrals/v1/flights/multicity/?mediaPartnerId=6439681&origin0=wro&date0=2026-08-28&destination0=rome&origin1=rome&date1=2026-08-31&destination1=wars&adultsv2=1&market=PL&locale=pl-PL&currency=PLN,Wrocław-Rzym,591.3997727272728,-1.4957254315251363,467.57,-0.0
Gdańsk,Rzym,Włochy,Kraków,2026-08-26,2026-08-31,5,257.93,209.77,467.70000000000005,GDN,ROME,KRK,https://skyscanner.net/g/referrals/v1/flights/multicity/?mediaPartnerId=6439681&origin0=gdn&date0=2026-08-26&destination0=rome&origin1=rome&date1=2026-08-31&destination1=krk&adultsv2=1&market=PL&locale=pl-PL&currency=PLN,Gdańsk-Rzym,654.3681439393939,-2.6742305274587683,481.54,-2.87
Gdańsk,Katania,Włochy,Warszawa,2026-08-25,2026-08-31,6,229.0,238.83,467.83000000000004,GDN,CTA,WARS,https://skyscanner.net/g/referrals/v1/flights/multicity/?mediaPartnerId=6439681&origin0=gdn&date0=2026-08-25&destination0=cta&origin1=cta&date1=2026-08-31&destination1=wars&adultsv2=1&market=PL&locale=pl-PL&currency=PLN,Gdańsk-Katania,511.1504761904762,-1.0703013174508857,434.76,7.61
Gdańsk,Katania,Włochy,Warszawa,2026-08-25,2026-08-28,3,229.0,238.83,467.83000000000004,GDN,CTA,WARS,https://skyscanner.net/g/referrals/v1/flights/multicity/?mediaPartnerId=6439681&origin0=gdn&date0=2026-08-25&destination0=cta&origin1=cta&date1=2026-08-28&destination1=wars&adultsv2=1&market=PL&locale=pl-PL&currency=PLN,Gdańsk-Katania,511.1504761904762,-1.0703013174508857,,0.0
Wrocław,Rzym,Włochy,Kraków,2026-08-26,2026-08-31,5,258.11,209.77,467.88,WRO,ROME,KRK,https://skyscanner.net/g/referrals/v1/flights/multicity/?mediaPartnerId=6439681&origin0=wro&date0=2026-08-26&destination0=rome&origin1=rome&date1=2026-08-31&destination1=krk&adultsv2=1&market=PL&locale=pl-PL&currency=PLN,Wrocław-Rzym,591.3997727272728,-1.491860500836494,446.36,4.82
Gdańsk,Mediolan,Włochy,Katowice,2026-08-29,2026-08-31,2,259.31,209.28,468.59000000000003,GDN,MILA,KTW,https://skyscanner.net/g/referrals/v1/flights/multicity/?mediaPartnerId=6439681&origin0=gdn&date0=2026-08-29&destination0=mila&origin1=mila&date1=2026-08-31&destination1=ktw&adultsv2=1&market=PL&locale=pl-PL&currency=PLN,Gdańsk-Mediolan,648.5529940119761,-1.753543358624351,433.11,8.19
Poznań,Zadar,Chorwacja,Poznań,2026-08-25,2026-08-28,3,124.73,344.16,468.89000000000004,POZ,ZAD,POZ,https://www.skyscanner.net/g/referrals/v1/flights/day-view/?origin=poz&destination=zad&outboundDate=2026-08-25&inboundDate=2026-08-28&market=PL&locale=pl-PL&currency=PLN&mediaPartnerId=6439681,Poznań-Zadar,663.7591025641026,-1.870325399309636,473.19,-0.91
Kraków,Bolonia,Włochy,Wrocław,2026-08-25,2026-08-27,2,279.94,189.27,469.21000000000004,KRK,BLQ,WRO,https://skyscanner.net/g/referrals/v1/flights/multicity/?mediaPartnerId=6439681&origin0=krk&date0=2026-08-25&destination0=blq&origin1=blq&date1=2026-08-27&destination1=wro&adultsv2=1&market=PL&locale=pl-PL&currency=PLN,Kraków-Bolonia,587.4342307692308,-1.493566462373606,434.47,8.0
Warszawa,Bolonia,Włochy,Kraków,2026-08-28,2026-08-31,3,155.76,314.4,470.15999999999997,WARS,BLQ,KRK,https://skyscanner.net/g/referrals/v1/flights/multicity/?mediaPartnerId=6439681&origin0=wars&date0=2026-08-28&destination0=blq&origin1=blq&date1=2026-08-31&destination1=krk&adultsv2=1&market=PL&locale=pl-PL&currency=PLN,Warszawa-Bolonia,572.7326388888889,-1.5883046253780713,428.35,9.76
Gdańsk,Katania,Włochy,Gdańsk,2026-08-25,2026-08-27,2,229.0,241.35,470.35,GDN,CTA,GDN,https://www.skyscanner.net/g/referrals/v1/flights/day-view/?origin=gdn&destination=cta&outboundDate=2026-08-25&inboundDate=2026-08-27&market=PL&locale=pl-PL&currency=PLN&mediaPartnerId=6439681,Gdańsk-Katania,511.1504761904762,-1.0080407063690258,,0.0
Gdańsk,Nicea,Francja,Gdańsk,2026-08-25,2026-08-27,2,229.0,241.35,470.35,GDN,NCE,GDN,https://www.skyscanner.net/g/referrals/v1/flights/day-view/?origin=gdn&destination=nce&outboundDate=2026-08-25&inboundDate=2026-08-27&market=PL&locale=pl-PL&currency=PLN&mediaPartnerId=6439681,Gdańsk-Nicea,693.942,-2.0155469942596445,470.35,0.0
Kraków,Rzym,Włochy,Katowice,2026-08-26,2026-08-28,2,229.31,241.35,470.65999999999997,KRK,ROM,KTW,https://skyscanner.net/g/referrals/v1/flights/multicity/?mediaPartnerId=6439681&origin0=krk&date0=2026-08-26&destination0=rom&origin1=rom&date1=2026-08-28&destination1=ktw&adultsv2=1&market=PL&locale=pl-PL&currency=PLN,Kraków-Rzym,553.8120173913044,-1.5545855651324791,492.4,-4.42
Kraków,Rzym,Włochy,Kraków,2026-08-26,2026-08-28,2,229.31,241.35,470.65999999999997,KRK,ROME,KRK,https://www.skyscanner.net/g/referrals/v1/flights/day-view/?origin=krk&destination=rome&outboundDate=2026-08-26&inboundDate=2026-08-28&market=PL&locale=pl-PL&currency=PLN&mediaPartnerId=6439681,Kraków-Rzym,553.8120173913044,-1.5545855651324791,492.4,-4.42
Kraków,Rzym,Włochy,Kraków,2026-08-26,2026-08-28,2,229.31,241.35,470.65999999999997,KRK,ROM,KRK,https://www.skyscanner.net/g/referrals/v1/flights/day-view/?origin=krk&destination=rom&outboundDate=2026-08-26&inboundDate=2026-08-28&market=PL&locale=pl-PL&currency=PLN&mediaPartnerId=6439681,Kraków-Rzym,553.8120173913044,-1.5545855651324791,492.4,-4.42
Kraków,Rzym,Włochy,Katowice,2026-08-26,2026-08-28,2,229.31,241.35,470.65999999999997,KRK,ROME,KTW,https://skyscanner.net/g/referrals/v1/flights/multicity/?mediaPartnerId=6439681&origin0=krk&date0=2026-08-26&destination0=rome&origin1=rome&date1=2026-08-28&destination1=ktw&adultsv2=1&market=PL&locale=pl-PL&currency=PLN,Kraków-Rzym,553.8120173913044,-1.5545855651324791,492.4,-4.42
Wrocław,Girona,Hiszpania,Wrocław,2026-08-24,2026-08-31,7,172.06,298.73,470.79,WRO,GRO,WRO,https://www.skyscanner.net/g/referrals/v1/flights/day-view/?origin=wro&destination=gro&outboundDate=2026-08-24&inboundDate=2026-08-31&market=PL&locale=pl-PL&currency=PLN&mediaPartnerId=6439681,Wrocław-Girona,647.092,-1.7863914411972295,462.33,1.83
Warszawa,Rzym,Włochy,Gdańsk,2026-08-28,2026-08-31,3,282.53,188.29,470.81999999999994,WARS,ROME,GDN,https://skyscanner.net/g/referrals/v1/flights/multicity/?mediaPartnerId=6439681&origin0=wars&date0=2026-08-28&destination0=rome&origin1=rome&date1=2026-08-31&destination1=gdn&adultsv2=1&market=PL&locale=pl-PL&currency=PLN,Warszawa-Rzym,537.041045045045,-1.2812634048513147,410.22,14.77
Kraków,Rzym,Włochy,Gdańsk,2026-08-25,2026-08-27,2,298.73,172.38,471.11,KRK,ROM,GDN,https://skyscanner.net/g/referrals/v1/flights/multicity/?mediaPartnerId=6439681&origin0=krk&date0=2026-08-25&destination0=rom&origin1=rom&date1=2026-08-27&destination1=gdn&adultsv2=1&market=PL&locale=pl-PL&currency=PLN,Kraków-Rzym,553.8120173913044,-1.5461724980024585,459.37,2.56
Kraków,Rzym,Włochy,Gdańsk,2026-08-25,2026-08-27,2,298.73,172.38,471.11,KRK,ROME,GDN,https://skyscanner.net/g/referrals/v1/flights/multicity/?mediaPartnerId=6439681&origin0=krk&date0=2026-08-25&destination0=rome&origin1=rome&date1=2026-08-27&destination1=gdn&adultsv2=1&market=PL&locale=pl-PL&currency=PLN,Kraków-Rzym,553.8120173913044,-1.5461724980024585,459.37,2.56
Kraków,Rzym,Włochy,Gdańsk,2026-08-21,2026-08-27,6,299.0,172.38,471.38,KRK,ROM,GDN,https://skyscanner.net/g/referrals/v1/flights/multicity/?mediaPartnerId=6439681&origin0=krk&date0=2026-08-21&destination0=rom&origin1=rom&date1=2026-08-27&destination1=gdn&adultsv2=1&market=PL&locale=pl-PL&currency=PLN,Kraków-Rzym,553.8120173913044,-1.5411246577244468,491.38,-4.07
Katowice,Dortmund,Niemcy,Wrocław,2026-08-27,2026-08-29,2,299.0,172.38,471.38,KTW,DTM,WRO,https://skyscanner.net/g/referrals/v1/flights/multicity/?mediaPartnerId=6439681&origin0=ktw&date0=2026-08-27&destination0=dtm&origin1=dtm&date1=2026-08-29&destination1=wro&adultsv2=1&market=PL&locale=pl-PL&currency=PLN,Katowice-Dortmund,621.5555813953488,-1.8130198631092005,471.38,0.0
Wrocław,Madryt,Hiszpania,Wrocław,2026-08-24,2026-08-26,2,299.0,172.38,471.38,WRO,MAD,WRO,https://www.skyscanner.net/g/referrals/v1/flights/day-view/?origin=wro&destination=mad&outboundDate=2026-08-24&inboundDate=2026-08-26&market=PL&locale=pl-PL&currency=PLN&mediaPartnerId=6439681,Wrocław-Madryt,552.395238095238,-1.6854147444204286,471.38,0.0
Warszawa,Rzym,Włochy,Gdańsk,2026-08-22,2026-08-27,5,299.0,172.38,471.38,WARS,ROM,GDN,https://skyscanner.net/g/referrals/v1/flights/multicity/?mediaPartnerId=6439681&origin0=wars&date0=2026-08-22&destination0=rom&origin1=rom&date1=2026-08-27&destination1=gdn&adultsv2=1&market=PL&locale=pl-PL&currency=PLN,Warszawa-Rzym,537.041045045045,-1.2704283673458094,471.38,0.0
Warszawa,Rzym,Włochy,Gdańsk,2026-08-22,2026-08-27,5,299.0,172.38,471.38,WARS,ROME,GDN,https://skyscanner.net/g/referrals/v1/flights/multicity/?mediaPartnerId=6439681&origin0=wars&date0=2026-08-22&destination0=rome&origin1=rome&date1=2026-08-27&destination1=gdn&adultsv2=1&market=PL&locale=pl-PL&currency=PLN,Warszawa-Rzym,537.041045045045,-1.2704283673458094,471.38,0.0
Kraków,Rzym,Włochy,Gdańsk,2026-08-21,2026-08-27,6,299.0,172.38,471.38,KRK,ROM,GDN,https://skyscanner.net/g/referrals/v1/flights/multicity/?mediaPartnerId=6439681&origin0=krk&date0=2026-08-21&destination0=rom&origin1=rom&date1=2026-08-27&destination1=gdn&adultsv2=1&market=PL&locale=pl-PL&currency=PLN,Kraków-Rzym,553.8120173913044,-1.5411246577244468,491.38,-4.07
Kraków,Rzym,Włochy,Gdańsk,2026-08-21,2026-08-27,6,299.0,172.38,471.38,KRK,ROME,GDN,https://skyscanner.net/g/referrals/v1/flights/multicity/?mediaPartnerId=6439681&origin0=krk&date0=2026-08-21&destination0=rome&origin1=rome&date1=2026-08-27&destination1=gdn&adultsv2=1&market=PL&locale=pl-PL&currency=PLN,Kraków-Rzym,553.8120173913044,-1.5411246577244468,491.38,-4.07
Kraków,Rzym,Włochy,Gdańsk,2026-08-21,2026-08-27,6,299.0,172.38,471.38,KRK,ROME,GDN,https://skyscanner.net/g/referrals/v1/flights/multicity/?mediaPartnerId=6439681&origin0=krk&date0=2026-08-21&destination0=rome&origin1=rome&date1=2026-08-27&destination1=gdn&adultsv2=1&market=PL&locale=pl-PL&currency=PLN,Kraków-Rzym,553.8120173913044,-1.5411246577244468,491.38,-4.07
Warszawa,Rzym,Włochy,Gdańsk,2026-08-22,2026-08-27,5,299.0,172.38,471.38,WARS,ROME,GDN,https://skyscanner.net/g/referrals/v1/flights/multicity/?mediaPartnerId=6439681&origin0=wars&date0=2026-08-22&destination0=rome&origin1=rome&date1=2026-08-27&destination1=gdn&adultsv2=1&market=PL&locale=pl-PL&currency=PLN,Warszawa-Rzym,537.041045045045,-1.2704283673458094,471.38,0.0
Warszawa,Rzym,Włochy,Gdańsk,2026-08-22,2026-08-27,5,299.0,172.38,471.38,WARS,ROM,GDN,https://skyscanner.net/g/referrals/v1/flights/multicity/?mediaPartnerId=6439681&origin0=wars&date0=2026-08-22&destination0=rom&origin1=rom&date1=2026-08-27&destination1=gdn&adultsv2=1&market=PL&locale=pl-PL&currency=PLN,Warszawa-Rzym,537.041045045045,-1.2704283673458094,471.38,0.0
Katowice,Rzym,Włochy,Gdańsk,2026-08-21,2026-08-27,6,299.0,172.38,471.38,KTW,ROM,GDN,https://skyscanner.net/g/referrals/v1/flights/multicity/?mediaPartnerId=6439681&origin0=ktw&date0=2026-08-21&destination0=rom&origin1=rom&date1=2026-08-27&destination1=gdn&adultsv2=1&market=PL&locale=pl-PL&currency=PLN,Katowice-Rzym,542.3553002610967,-1.400457063201965,,0.0
Katowice,Rzym,Włochy,Gdańsk,2026-08-21,2026-08-27,6,299.0,172.38,471.38,KTW,ROME,GDN,https://skyscanner.net/g/referrals/v1/flights/multicity/?mediaPartnerId=6439681&origin0=ktw&date0=2026-08-21&destination0=rome&origin1=rome&date1=2026-08-27&destination1=gdn&adultsv2=1&market=PL&locale=pl-PL&currency=PLN,Katowice-Rzym,542.3553002610967,-1.400457063201965,,0.0
Katowice,Rzym,Włochy,Gdańsk,2026-08-21,2026-08-27,6,299.0,172.38,471.38,KTW,ROM,GDN,https://skyscanner.net/g/referrals/v1/flights/multicity/?mediaPartnerId=6439681&origin0=ktw&date0=2026-08-21&destination0=rom&origin1=rom&date1=2026-08-27&destination1=gdn&adultsv2=1&market=PL&locale=pl-PL&currency=PLN,Katowice-Rzym,542.3553002610967,-1.400457063201965,,0.0
Katowice,Rzym,Włochy,Gdańsk,2026-08-21,2026-08-27,6,299.0,172.38,471.38,KTW,ROME,GDN,https://skyscanner.net/g/referrals/v1/flights/multicity/?mediaPartnerId=6439681&origin0=ktw&date0=2026-08-21&destination0=rome&origin1=rome&date1=2026-08-27&destination1=gdn&adultsv2=1&market=PL&locale=pl-PL&currency=PLN,Katowice-Rzym,542.3553002610967,-1.400457063201965,,0.0
Katowice,Dortmund,Niemcy,Katowice,2026-08-27,2026-08-31,4,299.0,172.38,471.38,KTW,DTM,KTW,https://www.skyscanner.net/g/referrals/v1/flights/day-view/?origin=ktw&destination=dtm&outboundDate=2026-08-27&inboundDate=2026-08-31&market=PL&locale=pl-PL&currency=PLN&mediaPartnerId=6439681,Katowice-Dortmund,621.5555813953488,-1.8130198631092005,471.38,0.0
Katowice,Dortmund,Niemcy,Katowice,2026-08-27,2026-08-30,3,299.0,172.38,471.38,KTW,DTM,KTW,https://www.skyscanner.net/g/referrals/v1/flights/day-view/?origin=ktw&destination=dtm&outboundDate=2026-08-27&inboundDate=2026-08-30&market=PL&locale=pl-PL&currency=PLN&mediaPartnerId=6439681,Katowice-Dortmund,621.5555813953488,-1.8130198631092005,471.38,0.0
Warszawa,Rzym,Włochy,Kraków,2026-08-26,2026-08-31,5,262.06,209.77,471.83000000000004,WARS,ROME,KRK,https://skyscanner.net/g/referrals/v1/flights/multicity/?mediaPartnerId=6439681&origin0=wars&date0=2026-08-26&destination0=rome&origin1=rome&date1=2026-08-31&destination1=krk&adultsv2=1&market=PL&locale=pl-PL&currency=PLN,Warszawa-Rzym,537.041045045045,-1.2617216407788856,439.0700000000001,7.46
Kraków,Bolonia,Włochy,Kraków,2026-08-27,2026-08-29,2,235.97,236.59,472.56,KRK,BLQ,KRK,https://www.skyscanner.net/g/referrals/v1/flights/day-view/?origin=krk&destination=blq&outboundDate=2026-08-27&inboundDate=2026-08-29&market=PL&locale=pl-PL&currency=PLN&mediaPartnerId=6439681,Kraków-Bolonia,587.4342307692308,-1.451244785874665,,0.0
Katowice,Rzym,Włochy,Katowice,2026-08-27,2026-08-29,2,257.58,215.48,473.05999999999995,KTW,ROM,KTW,https://www.skyscanner.net/g/referrals/v1/flights/day-view/?origin=ktw&destination=rom&outboundDate=2026-08-27&inboundDate=2026-08-29&market=PL&locale=pl-PL&currency=PLN&mediaPartnerId=6439681,Katowice-Rzym,542.3553002610967,-1.3673079555895404,481.78,-1.81
Katowice,Rzym,Włochy,Katowice,2026-08-27,2026-08-29,2,257.58,215.48,473.05999999999995,KTW,ROME,KTW,https://www.skyscanner.net/g/referrals/v1/flights/day-view/?origin=ktw&destination=rome&outboundDate=2026-08-27&inboundDate=2026-08-29&market=PL&locale=pl-PL&currency=PLN&mediaPartnerId=6439681,Katowice-Rzym,542.3553002610967,-1.3673079555895404,481.78,-1.81
Katowice,Rzym,Włochy,Kraków,2026-08-27,2026-08-29,2,257.58,215.48,473.05999999999995,KTW,ROM,KRK,https://skyscanner.net/g/referrals/v1/flights/multicity/?mediaPartnerId=6439681&origin0=ktw&date0=2026-08-27&destination0=rom&origin1=rom&date1=2026-08-29&destination1=krk&adultsv2=1&market=PL&locale=pl-PL&currency=PLN,Katowice-Rzym,542.3553002610967,-1.3673079555895404,481.78,-1.81
Katowice,Rzym,Włochy,Kraków,2026-08-27,2026-08-29,2,257.58,215.48,473.05999999999995,KTW,ROME,KRK,https://skyscanner.net/g/referrals/v1/flights/multicity/?mediaPartnerId=6439681&origin0=ktw&date0=2026-08-27&destination0=rome&origin1=rome&date1=2026-08-29&destination1=krk&adultsv2=1&market=PL&locale=pl-PL&currency=PLN,Katowice-Rzym,542.3553002610967,-1.3673079555895404,481.78,-1.81
Gdańsk,Rzym,Włochy,Katowice,2026-08-26,2026-08-29,3,257.93,215.48,473.40999999999997,GDN,ROME,KTW,https://skyscanner.net/g/referrals/v1/flights/multicity/?mediaPartnerId=6439681&origin0=gdn&date0=2026-08-26&destination0=rome&origin1=rome&date1=2026-08-29&destination1=ktw&adultsv2=1&market=PL&locale=pl-PL&currency=PLN,Gdańsk-Rzym,654.3681439393939,-2.59242837316753,487.25,-2.84
Gdańsk,Rzym,Włochy,Kraków,2026-08-26,2026-08-29,3,257.93,215.48,473.40999999999997,GDN,ROME,KRK,https://skyscanner.net/g/referrals/v1/flights/multicity/?mediaPartnerId=6439681&origin0=gdn&date0=2026-08-26&destination0=rome&origin1=rome&date1=2026-08-29&destination1=krk&adultsv2=1&market=PL&locale=pl-PL&currency=PLN,Gdańsk-Rzym,654.3681439393939,-2.59242837316753,487.25,-2.84
Gdańsk,Rzym,Włochy,Katowice,2026-08-26,2026-08-29,3,257.93,215.48,473.40999999999997,GDN,ROM,KTW,https://skyscanner.net/g/referrals/v1/flights/multicity/?mediaPartnerId=6439681&origin0=gdn&date0=2026-08-26&destination0=rom&origin1=rom&date1=2026-08-29&destination1=ktw&adultsv2=1&market=PL&locale=pl-PL&currency=PLN,Gdańsk-Rzym,654.3681439393939,-2.59242837316753,487.25,-2.84
Gdańsk,Rzym,Włochy,Kraków,2026-08-26,2026-08-29,3,257.93,215.48,473.40999999999997,GDN,ROM,KRK,https://skyscanner.net/g/referrals/v1/flights/multicity/?mediaPartnerId=6439681&origin0=gdn&date0=2026-08-26&destination0=rom&origin1=rom&date1=2026-08-29&destination1=krk&adultsv2=1&market=PL&locale=pl-PL&currency=PLN,Gdańsk-Rzym,654.3681439393939,-2.59242837316753,487.25,-2.84
Wrocław,Rzym,Włochy,Kraków,2026-08-26,2026-08-29,3,258.11,215.48,473.59000000000003,WRO,ROME,KRK,https://skyscanner.net/g/referrals/v1/flights/multicity/?mediaPartnerId=6439681&origin0=wro&date0=2026-08-26&destination0=rome&origin1=rome&date1=2026-08-29&destination1=krk&adultsv2=1&market=PL&locale=pl-PL&currency=PLN,Wrocław-Rzym,591.3997727272728,-1.422895643861044,452.07,4.76
Wrocław,Rzym,Włochy,Katowice,2026-08-26,2026-08-29,3,258.11,215.48,473.59000000000003,WRO,ROM,KTW,https://skyscanner.net/g/referrals/v1/flights/multicity/?mediaPartnerId=6439681&origin0=wro&date0=2026-08-26&destination0=rom&origin1=rom&date1=2026-08-29&destination1=ktw&adultsv2=1&market=PL&locale=pl-PL&currency=PLN,Wrocław-Rzym,591.3997727272728,-1.422895643861044,452.07,4.76
Wrocław,Rzym,Włochy,Katowice,2026-08-26,2026-08-29,3,258.11,215.48,473.59000000000003,WRO,ROME,KTW,https://skyscanner.net/g/referrals/v1/flights/multicity/?mediaPartnerId=6439681&origin0=wro&date0=2026-08-26&destination0=rome&origin1=rome&date1=2026-08-29&destination1=ktw&adultsv2=1&market=PL&locale=pl-PL&currency=PLN,Wrocław-Rzym,591.3997727272728,-1.422895643861044,452.07,4.76
Wrocław,Rzym,Włochy,Kraków,2026-08-26,2026-08-29,3,258.11,215.48,473.59000000000003,WRO,ROM,KRK,https://skyscanner.net/g/referrals/v1/flights/multicity/?mediaPartnerId=6439681&origin0=wro&date0=2026-08-26&destination0=rom&origin1=rom&date1=2026-08-29&destination1=krk&adultsv2=1&market=PL&locale=pl-PL&currency=PLN,Wrocław-Rzym,591.3997727272728,-1.422895643861044,452.07,4.76
Kraków,Rzym,Włochy,Katowice,2026-08-25,2026-08-27,2,298.73,175.03,473.76,KRK,ROME,KTW,https://skyscanner.net/g/referrals/v1/flights/multicity/?mediaPartnerId=6439681&origin0=krk&date0=2026-08-25&destination0=rome&origin1=rome&date1=2026-08-27&destination1=ktw&adultsv2=1&market=PL&locale=pl-PL&currency=PLN,Kraków-Rzym,553.8120173913044,-1.496628880459009,439.49,7.8
Kraków,Rzym,Włochy,Warszawa,2026-08-25,2026-08-31,6,298.73,175.03,473.76,KRK,ROME,WARS,https://skyscanner.net/g/referrals/v1/flights/multicity/?mediaPartnerId=6439681&origin0=krk&date0=2026-08-25&destination0=rome&origin1=rome&date1=2026-08-31&destination1=wars&adultsv2=1&market=PL&locale=pl-PL&currency=PLN,Kraków-Rzym,553.8120173913044,-1.496628880459009,462.03,2.54
Katowice,Rzym,Włochy,Warszawa,2026-08-26,2026-08-31,5,299.0,175.03,474.03,KTW,ROME,WARS,https://skyscanner.net/g/referrals/v1/flights/multicity/?mediaPartnerId=6439681&origin0=ktw&date0=2026-08-26&destination0=rome&origin1=rome&date1=2026-08-31&destination1=wars&adultsv2=1&market=PL&locale=pl-PL&currency=PLN,Katowice-Rzym,542.3553002610967,-1.348168292265699,474.04,-0.0
Warszawa,Rzym,Włochy,Katowice,2026-08-22,2026-08-27,5,299.0,175.03,474.03,WARS,ROME,KTW,https://skyscanner.net/g/referrals/v1/flights/multicity/?mediaPartnerId=6439681&origin0=wars&date0=2026-08-22&destination0=rome&origin1=rome&date1=2026-08-27&destination1=ktw&adultsv2=1&market=PL&locale=pl-PL&currency=PLN,Warszawa-Rzym,537.041045045045,-1.219155422007264,451.5,4.99
Warszawa,Rzym,Włochy,Warszawa,2026-08-26,2026-08-31,5,299.0,175.03,474.03,WARS,ROME,WARS,https://www.skyscanner.net/g/referrals/v1/flights/day-view/?origin=wars&destination=rome&outboundDate=2026-08-26&inboundDate=2026-08-31&market=PL&locale=pl-PL&currency=PLN&mediaPartnerId=6439681,Warszawa-Rzym,537.041045045045,-1.219155422007264,404.34,17.24
Katowice,Rzym,Włochy,Katowice,2026-08-21,2026-08-27,6,299.0,175.03,474.03,KTW,ROME,KTW,https://www.skyscanner.net/g/referrals/v1/flights/day-view/?origin=ktw&destination=rome&outboundDate=2026-08-21&inboundDate=2026-08-27&market=PL&locale=pl-PL&currency=PLN&mediaPartnerId=6439681,Katowice-Rzym,542.3553002610967,-1.348168292265699,471.5,0.54
Warszawa,Rzym,Włochy,Katowice,2026-08-22,2026-08-27,5,299.0,175.03,474.03,WARS,ROME,KTW,https://skyscanner.net/g/referrals/v1/flights/multicity/?mediaPartnerId=6439681&origin0=wars&date0=2026-08-22&destination0=rome&origin1=rome&date1=2026-08-27&destination1=ktw&adultsv2=1&market=PL&locale=pl-PL&currency=PLN,Warszawa-Rzym,537.041045045045,-1.219155422007264,451.5,4.99
Warszawa,Rzym,Włochy,Warszawa,2026-08-26,2026-08-31,5,299.0,175.03,474.03,WARS,ROME,WARS,https://www.skyscanner.net/g/referrals/v1/flights/day-view/?origin=wars&destination=rome&outboundDate=2026-08-26&inboundDate=2026-08-31&market=PL&locale=pl-PL&currency=PLN&mediaPartnerId=6439681,Warszawa-Rzym,537.041045045045,-1.219155422007264,404.34,17.24
Katowice,Rzym,Włochy,Katowice,2026-08-21,2026-08-27,6,299.0,175.03,474.03,KTW,ROME,KTW,https://www.skyscanner.net/g/referrals/v1/flights/day-view/?origin=ktw&destination=rome&outboundDate=2026-08-21&inboundDate=2026-08-27&market=PL&locale=pl-PL&currency=PLN&mediaPartnerId=6439681,Katowice-Rzym,542.3553002610967,-1.348168292265699,471.5,0.54
Katowice,Rzym,Włochy,Warszawa,2026-08-26,2026-08-31,5,299.0,175.03,474.03,KTW,ROME,WARS,https://skyscanner.net/g/referrals/v1/flights/multicity/?mediaPartnerId=6439681&origin0=ktw&date0=2026-08-26&destination0=rome&origin1=rome&date1=2026-08-31&destination1=wars&adultsv2=1&market=PL&locale=pl-PL&currency=PLN,Katowice-Rzym,542.3553002610967,-1.348168292265699,474.04,-0.0
Kraków,Rzym,Włochy,Warszawa,2026-08-26,2026-08-31,5,299.0,175.03,474.03,KRK,ROME,WARS,https://skyscanner.net/g/referrals/v1/flights/multicity/?mediaPartnerId=6439681&origin0=krk&date0=2026-08-26&destination0=rome&origin1=rome&date1=2026-08-31&destination1=wars&adultsv2=1&market=PL&locale=pl-PL&currency=PLN,Kraków-Rzym,553.8120173913044,-1.4915810401809977,426.09,11.25
Kraków,Rzym,Włochy,Warszawa,2026-08-26,2026-08-31,5,299.0,175.03,474.03,KRK,ROME,WARS,https://skyscanner.net/g/referrals/v1/flights/multicity/?mediaPartnerId=6439681&origin0=krk&date0=2026-08-26&destination0=rome&origin1=rome&date1=2026-08-31&destination1=wars&adultsv2=1&market=PL&locale=pl-PL&currency=PLN,Kraków-Rzym,553.8120173913044,-1.4915810401809977,426.09,11.25
Kraków,Rzym,Włochy,Katowice,2026-08-21,2026-08-27,6,299.0,175.03,474.03,KRK,ROME,KTW,https://skyscanner.net/g/referrals/v1/flights/multicity/?mediaPartnerId=6439681&origin0=krk&date0=2026-08-21&destination0=rome&origin1=rome&date1=2026-08-27&destination1=ktw&adultsv2=1&market=PL&locale=pl-PL&currency=PLN,Kraków-Rzym,553.8120173913044,-1.4915810401809977,471.5,0.54
Kraków,Rzym,Włochy,Katowice,2026-08-21,2026-08-27,6,299.0,175.03,474.03,KRK,ROME,KTW,https://skyscanner.net/g/referrals/v1/flights/multicity/?mediaPartnerId=6439681&origin0=krk&date0=2026-08-21&destination0=rome&origin1=rome&date1=2026-08-27&destination1=ktw&adultsv2=1&market=PL&locale=pl-PL&currency=PLN,Kraków-Rzym,553.8120173913044,-1.4915810401809977,471.5,0.54
Katowice,Dortmund,Niemcy,Gdańsk,2026-08-26,2026-08-31,5,319.0,155.14,474.14,KTW,DTM,GDN,https://skyscanner.net/g/referrals/v1/flights/multicity/?mediaPartnerId=6439681&origin0=ktw&date0=2026-08-26&destination0=dtm&origin1=dtm&date1=2026-08-31&destination1=gdn&adultsv2=1&market=PL&locale=pl-PL&currency=PLN,Katowice-Dortmund,621.5555813953488,-1.7796993007668571,474.14,0.0
Warszawa,Bolonia,Włochy,Kraków,2026-08-25,2026-08-28,3,302.25,172.06,474.31,WARS,BLQ,KRK,https://skyscanner.net/g/referrals/v1/flights/multicity/?mediaPartnerId=6439681&origin0=wars&date0=2026-08-25&destination0=blq&origin1=blq&date1=2026-08-28&destination1=krk&adultsv2=1&market=PL&locale=pl-PL&currency=PLN,Warszawa-Bolonia,572.7326388888889,-1.5240431978987685,482.93,-1.78
Poznań,Rzym,Włochy,Wrocław,2026-08-27,2026-08-30,3,228.35,246.09,474.44,POZ,ROME,WRO,https://skyscanner.net/g/referrals/v1/flights/multicity/?mediaPartnerId=6439681&origin0=poz&date0=2026-08-27&destination0=rome&origin1=rome&date1=2026-08-30&destination1=wro&adultsv2=1&market=PL&locale=pl-PL&currency=PLN,Poznań-Rzym,588.2803816793893,-1.5220946228674892,483.13,-1.8
Gdańsk,Mediolan,Włochy,Warszawa,2026-08-29,2026-08-31,2,259.31,215.48,474.78999999999996,GDN,MILA,WARS,https://skyscanner.net/g/referrals/v1/flights/multicity/?mediaPartnerId=6439681&origin0=gdn&date0=2026-08-29&destination0=mila&origin1=mila&date1=2026-08-31&destination1=wars&adultsv2=1&market=PL&locale=pl-PL&currency=PLN,Gdańsk-Mediolan,648.5529940119761,-1.6931311117445988,369.66,28.44
Kraków,Valletta,Malta,Gdańsk,2026-08-21,2026-08-26,5,232.56,242.26,474.82,KRK,MLA,GDN,https://skyscanner.net/g/referrals/v1/flights/multicity/?mediaPartnerId=6439681&origin0=krk&date0=2026-08-21&destination0=mla&origin1=mla&date1=2026-08-26&destination1=gdn&adultsv2=1&market=PL&locale=pl-PL&currency=PLN,Kraków-Valletta,694.90908045977,-3.1478564770963824,485.66,-2.23
Katowice,Rzym,Włochy,Gdańsk,2026-08-25,2026-08-31,6,286.97,188.29,475.26,KTW,ROME,GDN,https://skyscanner.net/g/referrals/v1/flights/multicity/?mediaPartnerId=6439681&origin0=ktw&date0=2026-08-25&destination0=rome&origin1=rome&date1=2026-08-31&destination1=gdn&adultsv2=1&market=PL&locale=pl-PL&currency=PLN,Katowice-Rzym,542.3553002610967,-1.3238984099066016,462.92,2.67
Kraków,Rzym,Włochy,Wrocław,2026-08-26,2026-08-30,4,229.31,246.09,475.4,KRK,ROME,WRO,https://skyscanner.net/g/referrals/v1/flights/multicity/?mediaPartnerId=6439681&origin0=krk&date0=2026-08-26&destination0=rome&origin1=rome&date1=2026-08-30&destination1=wro&adultsv2=1&market=PL&locale=pl-PL&currency=PLN,Kraków-Rzym,553.8120173913044,-1.4659679246962707,,0.0
Warszawa,Wenecja,Włochy,Gdańsk,2026-08-28,2026-08-31,3,329.28,146.41,475.68999999999994,WARS,TSF,GDN,https://skyscanner.net/g/referrals/v1/flights/multicity/?mediaPartnerId=6439681&origin0=wars&date0=2026-08-28&destination0=tsf&origin1=tsf&date1=2026-08-31&destination1=gdn&adultsv2=1&market=PL&locale=pl-PL&currency=PLN,Warszawa-Wenecja,572.1463703703703,-1.1151139185176435,469.74,1.27
Warszawa,Rzym,Włochy,Katowice,2026-08-26,2026-08-29,3,262.06,215.48,477.53999999999996,WARS,ROME,KTW,https://skyscanner.net/g/referrals/v1/flights/multicity/?mediaPartnerId=6439681&origin0=wars&date0=2026-08-26&destination0=rome&origin1=rome&date1=2026-08-29&destination1=ktw&adultsv2=1&market=PL&locale=pl-PL&currency=PLN,Warszawa-Rzym,537.041045045045,-1.1512429547852656,444.78,7.37
Warszawa,Rzym,Włochy,Kraków,2026-08-26,2026-08-29,3,262.06,215.48,477.53999999999996,WARS,ROM,KRK,https://skyscanner.net/g/referrals/v1/flights/multicity/?mediaPartnerId=6439681&origin0=wars&date0=2026-08-26&destination0=rom&origin1=rom&date1=2026-08-29&destination1=krk&adultsv2=1&market=PL&locale=pl-PL&currency=PLN,Warszawa-Rzym,537.041045045045,-1.1512429547852656,444.78,7.37
Warszawa,Rzym,Włochy,Katowice,2026-08-26,2026-08-29,3,262.06,215.48,477.53999999999996,WARS,ROM,KTW,https://skyscanner.net/g/referrals/v1/flights/multicity/?mediaPartnerId=6439681&origin0=wars&date0=2026-08-26&destination0=rom&origin1=rom&date1=2026-08-29&destination1=ktw&adultsv2=1&market=PL&locale=pl-PL&currency=PLN,Warszawa-Rzym,537.041045045045,-1.1512429547852656,444.78,7.37
Warszawa,Rzym,Włochy,Kraków,2026-08-26,2026-08-29,3,262.06,215.48,477.53999999999996,WARS,ROME,KRK,https://skyscanner.net/g/referrals/v1/flights/multicity/?mediaPartnerId=6439681&origin0=wars&date0=2026-08-26&destination0=rome&origin1=rome&date1=2026-08-29&destination1=krk&adultsv2=1&market=PL&locale=pl-PL&currency=PLN,Warszawa-Rzym,537.041045045045,-1.1512429547852656,444.78,7.37
Kraków,Bolonia,Włochy,Wrocław,2026-08-25,2026-08-29,4,279.94,197.87,477.81,KRK,BLQ,WRO,https://skyscanner.net/g/referrals/v1/flights/multicity/?mediaPartnerId=6439681&origin0=krk&date0=2026-08-25&destination0=blq&origin1=blq&date1=2026-08-29&destination1=wro&adultsv2=1&market=PL&locale=pl-PL&currency=PLN,Kraków-Bolonia,587.4342307692308,-1.3849197704658762,417.26,14.51
Kraków,Rimini,Włochy,Kraków,2026-08-26,2026-08-28,2,268.97,209.3,478.27000000000004,KRK,RMI,KRK,https://www.skyscanner.net/g/referrals/v1/flights/day-view/?origin=krk&destination=rmi&outboundDate=2026-08-26&inboundDate=2026-08-28&market=PL&locale=pl-PL&currency=PLN&mediaPartnerId=6439681,Kraków-Rimini,608.8930434782609,-2.4115581697932242,472.27,1.27
Warszawa,Rimini,Włochy,Kraków,2026-08-26,2026-08-28,2,269.0,209.3,478.3,WARS,RMI,KRK,https://skyscanner.net/g/referrals/v1/flights/multicity/?mediaPartnerId=6439681&origin0=wars&date0=2026-08-26&destination0=rmi&origin1=rmi&date1=2026-08-28&destination1=krk&adultsv2=1&market=PL&locale=pl-PL&currency=PLN,Warszawa-Rimini,556.8188888888889,-1.7857547980045478,,0.0
Warszawa,Rimini,Włochy,Kraków,2026-08-24,2026-08-28,4,269.0,209.3,478.3,WARS,RMI,KRK,https://skyscanner.net/g/referrals/v1/flights/multicity/?mediaPartnerId=6439681&origin0=wars&date0=2026-08-24&destination0=rmi&origin1=rmi&date1=2026-08-28&destination1=krk&adultsv2=1&market=PL&locale=pl-PL&currency=PLN,Warszawa-Rimini,556.8188888888889,-1.7857547980045478,502.3,-4.78
Katowice,Rzym,Włochy,Kraków,2026-08-27,2026-08-31,4,269.0,209.77,478.77,KTW,ROME,KRK,https://skyscanner.net/g/referrals/v1/flights/multicity/?mediaPartnerId=6439681&origin0=ktw&date0=2026-08-27&destination0=rome&origin1=rome&date1=2026-08-31&destination1=krk&adultsv2=1&market=PL&locale=pl-PL&currency=PLN,Katowice-Rzym,542.3553002610967,-1.2546404529306414,476.0700000000001,0.57
Warszawa,Rzym,Włochy,Kraków,2026-08-24,2026-08-31,7,269.0,209.77,478.77,WARS,ROME,KRK,https://skyscanner.net/g/referrals/v1/flights/multicity/?mediaPartnerId=6439681&origin0=wars&date0=2026-08-24&destination0=rome&origin1=rome&date1=2026-08-31&destination1=krk&adultsv2=1&market=PL&locale=pl-PL&currency=PLN,Warszawa-Rzym,537.041045045045,-1.127444568835676,,0.0
Warszawa,Rzym,Włochy,Kraków,2026-08-24,2026-08-31,7,269.0,209.77,478.77,WARS,ROME,KRK,https://skyscanner.net/g/referrals/v1/flights/multicity/?mediaPartnerId=6439681&origin0=wars&date0=2026-08-24&destination0=rome&origin1=rome&date1=2026-08-31&destination1=krk&adultsv2=1&market=PL&locale=pl-PL&currency=PLN,Warszawa-Rzym,537.041045045045,-1.127444568835676,,0.0
Warszawa,Rzym,Włochy,Kraków,2026-08-25,2026-08-31,6,269.0,209.77,478.77,WARS,ROME,KRK,https://skyscanner.net/g/referrals/v1/flights/multicity/?mediaPartnerId=6439681&origin0=wars&date0=2026-08-25&destination0=rome&origin1=rome&date1=2026-08-31&destination1=krk&adultsv2=1&market=PL&locale=pl-PL&currency=PLN,Warszawa-Rzym,537.041045045045,-1.127444568835676,,0.0
Warszawa,Rzym,Włochy,Kraków,2026-08-25,2026-08-31,6,269.0,209.77,478.77,WARS,ROME,KRK,https://skyscanner.net/g/referrals/v1/flights/multicity/?mediaPartnerId=6439681&origin0=wars&date0=2026-08-25&destination0=rome&origin1=rome&date1=2026-08-31&destination1=krk&adultsv2=1&market=PL&locale=pl-PL&currency=PLN,Warszawa-Rzym,537.041045045045,-1.127444568835676,,0.0
Warszawa,Rzym,Włochy,Kraków,2026-08-28,2026-08-31,3,269.0,209.77,478.77,WARS,ROME,KRK,https://skyscanner.net/g/referrals/v1/flights/multicity/?mediaPartnerId=6439681&origin0=wars&date0=2026-08-28&destination0=rome&origin1=rome&date1=2026-08-31&destination1=krk&adultsv2=1&market=PL&locale=pl-PL&currency=PLN,Warszawa-Rzym,537.041045045045,-1.127444568835676,444.06,7.82
Warszawa,Rzym,Włochy,Kraków,2026-08-28,2026-08-31,3,269.0,209.77,478.77,WARS,ROME,KRK,https://skyscanner.net/g/referrals/v1/flights/multicity/?mediaPartnerId=6439681&origin0=wars&date0=2026-08-28&destination0=rome&origin1=rome&date1=2026-08-31&destination1=krk&adultsv2=1&market=PL&locale=pl-PL&currency=PLN,Warszawa-Rzym,537.041045045045,-1.127444568835676,444.06,7.82
Kraków,Rzym,Włochy,Kraków,2026-08-27,2026-08-31,4,269.0,209.77,478.77,KRK,ROME,KRK,https://www.skyscanner.net/g/referrals/v1/flights/day-view/?origin=krk&destination=rome&outboundDate=2026-08-27&inboundDate=2026-08-31&market=PL&locale=pl-PL&currency=PLN&mediaPartnerId=6439681,Kraków-Rzym,553.8120173913044,-1.4029633997447892,478.77,0.0
Kraków,Rzym,Włochy,Kraków,2026-08-27,2026-08-31,4,269.0,209.77,478.77,KRK,ROME,KRK,https://www.skyscanner.net/g/referrals/v1/flights/day-view/?origin=krk&destination=rome&outboundDate=2026-08-27&inboundDate=2026-08-31&market=PL&locale=pl-PL&currency=PLN&mediaPartnerId=6439681,Kraków-Rzym,553.8120173913044,-1.4029633997447892,478.77,0.0
Gdańsk,Mediolan,Włochy,Katowice,2026-08-25,2026-08-27,2,405.58,73.43,479.01,GDN,MILA,KTW,https://skyscanner.net/g/referrals/v1/flights/multicity/?mediaPartnerId=6439681&origin0=gdn&date0=2026-08-25&destination0=mila&origin1=mila&date1=2026-08-27&destination1=ktw&adultsv2=1&market=PL&locale=pl-PL&currency=PLN,Gdańsk-Mediolan,648.5529940119761,-1.6520118082232185,431.57,10.99
Wrocław,Zadar,Chorwacja,Warszawa,2026-08-25,2026-08-27,2,104.0,375.37,479.37,WRO,ZAD,WARS,https://skyscanner.net/g/referrals/v1/flights/multicity/?mediaPartnerId=6439681&origin0=wro&date0=2026-08-25&destination0=zad&origin1=zad&date1=2026-08-27&destination1=wars&adultsv2=1&market=PL&locale=pl-PL&currency=PLN,Wrocław-Zadar,648.7559302325582,-1.635686821129266,462.52,3.64
Gdańsk,Wenecja,Włochy,Katowice,2026-08-24,2026-08-29,5,393.32,86.47,479.78999999999996,GDN,TSF,KTW,https://skyscanner.net/g/referrals/v1/flights/multicity/?mediaPartnerId=6439681&origin0=gdn&date0=2026-08-24&destination0=tsf&origin1=tsf&date1=2026-08-29&destination1=ktw&adultsv2=1&market=PL&locale=pl-PL&currency=PLN,Gdańsk-Wenecja,549.3495238095238,-1.3606932768505364,361.81000000000006,32.61
Wrocław,Rzym,Włochy,Gdańsk,2026-08-28,2026-08-31,3,292.53,188.29,480.81999999999994,WRO,ROME,GDN,https://skyscanner.net/g/referrals/v1/flights/multicity/?mediaPartnerId=6439681&origin0=wro&date0=2026-08-28&destination0=rome&origin1=rome&date1=2026-08-31&destination1=gdn&adultsv2=1&market=PL&locale=pl-PL&currency=PLN,Wrocław-Rzym,591.3997727272728,-1.335572366114548,468.46,2.64
Warszawa,Wenecja,Włochy,Kraków,2026-08-26,2026-08-29,3,180.64,301.69,482.33,WARS,VCE,KRK,https://skyscanner.net/g/referrals/v1/flights/multicity/?mediaPartnerId=6439681&origin0=wars&date0=2026-08-26&destination0=vce&origin1=vce&date1=2026-08-29&destination1=krk&adultsv2=1&market=PL&locale=pl-PL&currency=PLN,Warszawa-Wenecja,572.1463703703703,-1.0383501299723543,,0.0
Warszawa,Wenecja,Włochy,Kraków,2026-08-26,2026-08-29,3,180.64,301.69,482.33,WARS,VEN,KRK,https://skyscanner.net/g/referrals/v1/flights/multicity/?mediaPartnerId=6439681&origin0=wars&date0=2026-08-26&destination0=ven&origin1=ven&date1=2026-08-29&destination1=krk&adultsv2=1&market=PL&locale=pl-PL&currency=PLN,Warszawa-Wenecja,572.1463703703703,-1.0383501299723543,,0.0
Warszawa,Alghero,Włochy,Warszawa,2026-08-19,2026-08-25,6,180.73,301.69,482.41999999999996,WARS,AHO,WARS,https://www.skyscanner.net/g/referrals/v1/flights/day-view/?origin=wars&destination=aho&outboundDate=2026-08-19&inboundDate=2026-08-25&market=PL&locale=pl-PL&currency=PLN&mediaPartnerId=6439681,Warszawa-Alghero,589.1507692307692,-1.2476139048102002,,0.0
Warszawa,Rzym,Włochy,Katowice,2026-08-27,2026-08-30,3,249.0,233.61,482.61,WARS,ROME,KTW,https://skyscanner.net/g/referrals/v1/flights/multicity/?mediaPartnerId=6439681&origin0=wars&date0=2026-08-27&destination0=rome&origin1=rome&date1=2026-08-30&destination1=ktw&adultsv2=1&market=PL&locale=pl-PL&currency=PLN,Warszawa-Rzym,537.041045045045,-1.0531471687979335,,0.0
Warszawa,Rzym,Włochy,Katowice,2026-08-27,2026-08-30,3,249.0,233.61,482.61,WARS,ROME,KTW,https://skyscanner.net/g/referrals/v1/flights/multicity/?mediaPartnerId=6439681&origin0=wars&date0=2026-08-27&destination0=rome&origin1=rome&date1=2026-08-30&destination1=ktw&adultsv2=1&market=PL&locale=pl-PL&currency=PLN,Warszawa-Rzym,537.041045045045,-1.0531471687979335,,0.0
Katowice,Rzym,Włochy,Katowice,2026-08-23,2026-08-30,7,249.0,233.61,482.61,KTW,ROME,KTW,https://www.skyscanner.net/g/referrals/v1/flights/day-view/?origin=ktw&destination=rome&outboundDate=2026-08-23&inboundDate=2026-08-30&market=PL&locale=pl-PL&currency=PLN&mediaPartnerId=6439681,Katowice-Rzym,542.3553002610967,-1.1788710641022397,,0.0
Kraków,Rzym,Włochy,Katowice,2026-08-23,2026-08-30,7,249.0,233.61,482.61,KRK,ROME,KTW,https://skyscanner.net/g/referrals/v1/flights/multicity/?mediaPartnerId=6439681&origin0=krk&date0=2026-08-23&destination0=rome&origin1=rome&date1=2026-08-30&destination1=ktw&adultsv2=1&market=PL&locale=pl-PL&currency=PLN,Kraków-Rzym,553.8120173913044,-1.3311718935686199,497.85,-3.06
Katowice,Rzym,Włochy,Katowice,2026-08-23,2026-08-30,7,249.0,233.61,482.61,KTW,ROME,KTW,https://www.skyscanner.net/g/referrals/v1/flights/day-view/?origin=ktw&destination=rome&outboundDate=2026-08-23&inboundDate=2026-08-30&market=PL&locale=pl-PL&currency=PLN&mediaPartnerId=6439681,Katowice-Rzym,542.3553002610967,-1.1788710641022397,,0.0
Kraków,Rzym,Włochy,Katowice,2026-08-23,2026-08-30,7,249.0,233.61,482.61,KRK,ROME,KTW,https://skyscanner.net/g/referrals/v1/flights/multicity/?mediaPartnerId=6439681&origin0=krk&date0=2026-08-23&destination0=rome&origin1=rome&date1=2026-08-30&destination1=ktw&adultsv2=1&market=PL&locale=pl-PL&currency=PLN,Kraków-Rzym,553.8120173913044,-1.3311718935686199,497.85,-3.06
Gdańsk,Mediolan,Włochy,Poznań,2026-08-25,2026-08-28,3,405.58,77.49,483.07,GDN,MILA,POZ,https://skyscanner.net/g/referrals/v1/flights/multicity/?mediaPartnerId=6439681&origin0=gdn&date0=2026-08-25&destination0=mila&origin1=mila&date1=2026-08-28&destination1=poz&adultsv2=1&market=PL&locale=pl-PL&currency=PLN,Gdańsk-Mediolan,648.5529940119761,-1.6124515304277673,435.55,10.91
Gdańsk,Mediolan,Włochy,Kraków,2026-08-25,2026-08-31,6,405.58,77.49,483.07,GDN,MILA,KRK,https://skyscanner.net/g/referrals/v1/flights/multicity/?mediaPartnerId=6439681&origin0=gdn&date0=2026-08-25&destination0=mila&origin1=mila&date1=2026-08-31&destination1=krk&adultsv2=1&market=PL&locale=pl-PL&currency=PLN,Gdańsk-Mediolan,648.5529940119761,-1.6124515304277673,444.16,8.76
Poznań,Girona,Hiszpania,Wrocław,2026-08-25,2026-08-31,6,185.18,298.73,483.91,POZ,GRO,WRO,https://skyscanner.net/g/referrals/v1/flights/multicity/?mediaPartnerId=6439681&origin0=poz&date0=2026-08-25&destination0=gro&origin1=gro&date1=2026-08-31&destination1=wro&adultsv2=1&market=PL&locale=pl-PL&currency=PLN,Poznań-Girona,631.6580952380953,-1.5087379773628697,470.93,2.76
Poznań,Rzym,Włochy,Katowice,2026-08-26,2026-08-30,4,250.65,233.61,484.26,POZ,ROME,KTW,https://skyscanner.net/g/referrals/v1/flights/multicity/?mediaPartnerId=6439681&origin0=poz&date0=2026-08-26&destination0=rome&origin1=rome&date1=2026-08-30&destination1=ktw&adultsv2=1&market=PL&locale=pl-PL&currency=PLN,Poznań-Rzym,588.2803816793893,-1.3907970202412598,505.85,-4.27
Kraków,Rzym,Włochy,Katowice,2026-08-27,2026-08-29,2,269.0,215.48,484.48,KRK,ROM,KTW,https://skyscanner.net/g/referrals/v1/flights/multicity/?mediaPartnerId=6439681&origin0=krk&date0=2026-08-27&destination0=rom&origin1=rom&date1=2026-08-29&destination1=ktw&adultsv2=1&market=PL&locale=pl-PL&currency=PLN,Kraków-Rzym,553.8120173913044,-1.2962109257172043,484.48,0.0
Warszawa,Rzym,Włochy,Katowice,2026-08-21,2026-08-27,6,269.0,215.48,484.48,WARS,ROM,KTW,https://skyscanner.net/g/referrals/v1/flights/multicity/?mediaPartnerId=6439681&origin0=wars&date0=2026-08-21&destination0=rom&origin1=rom&date1=2026-08-27&destination1=ktw&adultsv2=1&market=PL&locale=pl-PL&currency=PLN,Warszawa-Rzym,537.041045045045,-1.0169658828420538,470.03,3.07
Katowice,Rzym,Włochy,Katowice,2026-08-27,2026-08-29,2,269.0,215.48,484.48,KTW,ROM,KTW,https://www.skyscanner.net/g/referrals/v1/flights/day-view/?origin=ktw&destination=rom&outboundDate=2026-08-27&inboundDate=2026-08-29&market=PL&locale=pl-PL&currency=PLN&mediaPartnerId=6439681,Katowice-Rzym,542.3553002610967,-1.1419729502717424,481.78,0.56
Katowice,Rzym,Włochy,Kraków,2026-08-27,2026-08-29,2,269.0,215.48,484.48,KTW,ROME,KRK,https://skyscanner.net/g/referrals/v1/flights/multicity/?mediaPartnerId=6439681&origin0=ktw&date0=2026-08-27&destination0=rome&origin1=rome&date1=2026-08-29&destination1=krk&adultsv2=1&market=PL&locale=pl-PL&currency=PLN,Katowice-Rzym,542.3553002610967,-1.1419729502717424,481.78,0.56
Warszawa,Rzym,Włochy,Katowice,2026-08-24,2026-08-29,5,269.0,215.48,484.48,WARS,ROME,KTW,https://skyscanner.net/g/referrals/v1/flights/multicity/?mediaPartnerId=6439681&origin0=wars&date0=2026-08-24&destination0=rome&origin1=rome&date1=2026-08-29&destination1=ktw&adultsv2=1&market=PL&locale=pl-PL&currency=PLN,Warszawa-Rzym,537.041045045045,-1.0169658828420538,,0.0
Warszawa,Rzym,Włochy,Katowice,2026-08-24,2026-08-29,5,269.0,215.48,484.48,WARS,ROME,KTW,https://skyscanner.net/g/referrals/v1/flights/multicity/?mediaPartnerId=6439681&origin0=wars&date0=2026-08-24&destination0=rome&origin1=rome&date1=2026-08-29&destination1=ktw&adultsv2=1&market=PL&locale=pl-PL&currency=PLN,Warszawa-Rzym,537.041045045045,-1.0169658828420538,,0.0
Warszawa,Rzym,Włochy,Kraków,2026-08-24,2026-08-29,5,269.0,215.48,484.48,WARS,ROME,KRK,https://skyscanner.net/g/referrals/v1/flights/multicity/?mediaPartnerId=6439681&origin0=wars&date0=2026-08-24&destination0=rome&origin1=rome&date1=2026-08-29&destination1=krk&adultsv2=1&market=PL&locale=pl-PL&currency=PLN,Warszawa-Rzym,537.041045045045,-1.0169658828420538,,0.0
Warszawa,Rzym,Włochy,Katowice,2026-08-25,2026-08-29,4,269.0,215.48,484.48,WARS,ROM,KTW,https://skyscanner.net/g/referrals/v1/flights/multicity/?mediaPartnerId=6439681&origin0=wars&date0=2026-08-25&destination0=rom&origin1=rom&date1=2026-08-29&destination1=ktw&adultsv2=1&market=PL&locale=pl-PL&currency=PLN,Warszawa-Rzym,537.041045045045,-1.0169658828420538,,0.0
Warszawa,Rzym,Włochy,Kraków,2026-08-24,2026-08-27,3,269.0,215.48,484.48,WARS,ROME,KRK,https://skyscanner.net/g/referrals/v1/flights/multicity/?mediaPartnerId=6439681&origin0=wars&date0=2026-08-24&destination0=rome&origin1=rome&date1=2026-08-27&destination1=krk&adultsv2=1&market=PL&locale=pl-PL&currency=PLN,Warszawa-Rzym,537.041045045045,-1.0169658828420538,,0.0
Warszawa,Bolonia,Włochy,Warszawa,2026-08-27,2026-08-31,4,269.0,215.48,484.48,WARS,BLQ,WARS,https://www.skyscanner.net/g/referrals/v1/flights/day-view/?origin=wars&destination=blq&outboundDate=2026-08-27&inboundDate=2026-08-31&market=PL&locale=pl-PL&currency=PLN&mediaPartnerId=6439681,Warszawa-Bolonia,572.7326388888889,-1.366563988871177,484.48,0.0
Warszawa,Rzym,Włochy,Katowice,2026-08-24,2026-08-27,3,269.0,215.48,484.48,WARS,ROM,KTW,https://skyscanner.net/g/referrals/v1/flights/multicity/?mediaPartnerId=6439681&origin0=wars&date0=2026-08-24&destination0=rom&origin1=rom&date1=2026-08-27&destination1=ktw&adultsv2=1&market=PL&locale=pl-PL&currency=PLN,Warszawa-Rzym,537.041045045045,-1.0169658828420538,,0.0
Warszawa,Rzym,Włochy,Kraków,2026-08-21,2026-08-27,6,269.0,215.48,484.48,WARS,ROME,KRK,https://skyscanner.net/g/referrals/v1/flights/multicity/?mediaPartnerId=6439681&origin0=wars&date0=2026-08-21&destination0=rome&origin1=rome&date1=2026-08-27&destination1=krk&adultsv2=1&market=PL&locale=pl-PL&currency=PLN,Warszawa-Rzym,537.041045045045,-1.0169658828420538,470.03,3.07
Warszawa,Rzym,Włochy,Katowice,2026-08-24,2026-08-29,5,269.0,215.48,484.48,WARS,ROM,KTW,https://skyscanner.net/g/referrals/v1/flights/multicity/?mediaPartnerId=6439681&origin0=wars&date0=2026-08-24&destination0=rom&origin1=rom&date1=2026-08-29&destination1=ktw&adultsv2=1&market=PL&locale=pl-PL&currency=PLN,Warszawa-Rzym,537.041045045045,-1.0169658828420538,,0.0
Kraków,Rzym,Włochy,Kraków,2026-08-27,2026-08-29,2,269.0,215.48,484.48,KRK,ROME,KRK,https://www.skyscanner.net/g/referrals/v1/flights/day-view/?origin=krk&destination=rome&outboundDate=2026-08-27&inboundDate=2026-08-29&market=PL&locale=pl-PL&currency=PLN&mediaPartnerId=6439681,Kraków-Rzym,553.8120173913044,-1.2962109257172043,484.48,0.0
Kraków,Rzym,Włochy,Katowice,2026-08-27,2026-08-29,2,269.0,215.48,484.48,KRK,ROME,KTW,https://skyscanner.net/g/referrals/v1/flights/multicity/?mediaPartnerId=6439681&origin0=krk&date0=2026-08-27&destination0=rome&origin1=rome&date1=2026-08-29&destination1=ktw&adultsv2=1&market=PL&locale=pl-PL&currency=PLN,Kraków-Rzym,553.8120173913044,-1.2962109257172043,484.48,0.0
Warszawa,Rzym,Włochy,Kraków,2026-08-21,2026-08-27,6,269.0,215.48,484.48,WARS,ROM,KRK,https://skyscanner.net/g/referrals/v1/flights/multicity/?mediaPartnerId=6439681&origin0=wars&date0=2026-08-21&destination0=rom&origin1=rom&date1=2026-08-27&destination1=krk&adultsv2=1&market=PL&locale=pl-PL&currency=PLN,Warszawa-Rzym,537.041045045045,-1.0169658828420538,470.03,3.07
Warszawa,Rzym,Włochy,Katowice,2026-08-21,2026-08-27,6,269.0,215.48,484.48,WARS,ROM,KTW,https://skyscanner.net/g/referrals/v1/flights/multicity/?mediaPartnerId=6439681&origin0=wars&date0=2026-08-21&destination0=rom&origin1=rom&date1=2026-08-27&destination1=ktw&adultsv2=1&market=PL&locale=pl-PL&currency=PLN,Warszawa-Rzym,537.041045045045,-1.0169658828420538,470.03,3.07
Warszawa,Rzym,Włochy,Katowice,2026-08-24,2026-08-27,3,269.0,215.48,484.48,WARS,ROM,KTW,https://skyscanner.net/g/referrals/v1/flights/multicity/?mediaPartnerId=6439681&origin0=wars&date0=2026-08-24&destination0=rom&origin1=rom&date1=2026-08-27&destination1=ktw&adultsv2=1&market=PL&locale=pl-PL&currency=PLN,Warszawa-Rzym,537.041045045045,-1.0169658828420538,,0.0
Warszawa,Rzym,Włochy,Kraków,2026-08-21,2026-08-27,6,269.0,215.48,484.48,WARS,ROME,KRK,https://skyscanner.net/g/referrals/v1/flights/multicity/?mediaPartnerId=6439681&origin0=wars&date0=2026-08-21&destination0=rome&origin1=rome&date1=2026-08-27&destination1=krk&adultsv2=1&market=PL&locale=pl-PL&currency=PLN,Warszawa-Rzym,537.041045045045,-1.0169658828420538,470.03,3.07
Katowice,Rzym,Włochy,Kraków,2026-08-27,2026-08-29,2,269.0,215.48,484.48,KTW,ROM,KRK,https://skyscanner.net/g/referrals/v1/flights/multicity/?mediaPartnerId=6439681&origin0=ktw&date0=2026-08-27&destination0=rom&origin1=rom&date1=2026-08-29&destination1=krk&adultsv2=1&market=PL&locale=pl-PL&currency=PLN,Katowice-Rzym,542.3553002610967,-1.1419729502717424,481.78,0.56
Katowice,Rzym,Włochy,Katowice,2026-08-27,2026-08-29,2,269.0,215.48,484.48,KTW,ROME,KTW,https://www.skyscanner.net/g/referrals/v1/flights/day-view/?origin=ktw&destination=rome&outboundDate=2026-08-27&inboundDate=2026-08-29&market=PL&locale=pl-PL&currency=PLN&mediaPartnerId=6439681,Katowice-Rzym,542.3553002610967,-1.1419729502717424,481.78,0.56
Warszawa,Rzym,Włochy,Kraków,2026-08-24,2026-08-29,5,269.0,215.48,484.48,WARS,ROME,KRK,https://skyscanner.net/g/referrals/v1/flights/multicity/?mediaPartnerId=6439681&origin0=wars&date0=2026-08-24&destination0=rome&origin1=rome&date1=2026-08-29&destination1=krk&adultsv2=1&market=PL&locale=pl-PL&currency=PLN,Warszawa-Rzym,537.041045045045,-1.0169658828420538,,0.0
Warszawa,Rzym,Włochy,Kraków,2026-08-24,2026-08-27,3,269.0,215.48,484.48,WARS,ROME,KRK,https://skyscanner.net/g/referrals/v1/flights/multicity/?mediaPartnerId=6439681&origin0=wars&date0=2026-08-24&destination0=rome&origin1=rome&date1=2026-08-27&destination1=krk&adultsv2=1&market=PL&locale=pl-PL&currency=PLN,Warszawa-Rzym,537.041045045045,-1.0169658828420538,,0.0
Warszawa,Rzym,Włochy,Katowice,2026-08-25,2026-08-29,4,269.0,215.48,484.48,WARS,ROM,KTW,https://skyscanner.net/g/referrals/v1/flights/multicity/?mediaPartnerId=6439681&origin0=wars&date0=2026-08-25&destination0=rom&origin1=rom&date1=2026-08-29&destination1=ktw&adultsv2=1&market=PL&locale=pl-PL&currency=PLN,Warszawa-Rzym,537.041045045045,-1.0169658828420538,,0.0
Kraków,Rzym,Włochy,Kraków,2026-08-27,2026-08-29,2,269.0,215.48,484.48,KRK,ROM,KRK,https://www.skyscanner.net/g/referrals/v1/flights/day-view/?origin=krk&destination=rom&outboundDate=2026-08-27&inboundDate=2026-08-29&market=PL&locale=pl-PL&currency=PLN&mediaPartnerId=6439681,Kraków-Rzym,553.8120173913044,-1.2962109257172043,484.48,0.0
Kraków,Rzym,Włochy,Kraków,2026-08-27,2026-08-29,2,269.0,215.48,484.48,KRK,ROME,KRK,https://www.skyscanner.net/g/referrals/v1/flights/day-view/?origin=krk&destination=rome&outboundDate=2026-08-27&inboundDate=2026-08-29&market=PL&locale=pl-PL&currency=PLN&mediaPartnerId=6439681,Kraków-Rzym,553.8120173913044,-1.2962109257172043,484.48,0.0
Kraków,Rzym,Włochy,Katowice,2026-08-27,2026-08-29,2,269.0,215.48,484.48,KRK,ROM,KTW,https://skyscanner.net/g/referrals/v1/flights/multicity/?mediaPartnerId=6439681&origin0=krk&date0=2026-08-27&destination0=rom&origin1=rom&date1=2026-08-29&destination1=ktw&adultsv2=1&market=PL&locale=pl-PL&currency=PLN,Kraków-Rzym,553.8120173913044,-1.2962109257172043,484.48,0.0
Warszawa,Rzym,Włochy,Kraków,2026-08-25,2026-08-27,2,269.0,215.48,484.48,WARS,ROME,KRK,https://skyscanner.net/g/referrals/v1/flights/multicity/?mediaPartnerId=6439681&origin0=wars&date0=2026-08-25&destination0=rome&origin1=rome&date1=2026-08-27&destination1=krk&adultsv2=1&market=PL&locale=pl-PL&currency=PLN,Warszawa-Rzym,537.041045045045,-1.0169658828420538,,0.0
Warszawa,Rzym,Włochy,Katowice,2026-08-25,2026-08-29,4,269.0,215.48,484.48,WARS,ROME,KTW,https://skyscanner.net/g/referrals/v1/flights/multicity/?mediaPartnerId=6439681&origin0=wars&date0=2026-08-25&destination0=rome&origin1=rome&date1=2026-08-29&destination1=ktw&adultsv2=1&market=PL&locale=pl-PL&currency=PLN,Warszawa-Rzym,537.041045045045,-1.0169658828420538,,0.0
Warszawa,Rzym,Włochy,Katowice,2026-08-25,2026-08-27,2,269.0,215.48,484.48,WARS,ROM,KTW,https://skyscanner.net/g/referrals/v1/flights/multicity/?mediaPartnerId=6439681&origin0=wars&date0=2026-08-25&destination0=rom&origin1=rom&date1=2026-08-27&destination1=ktw&adultsv2=1&market=PL&locale=pl-PL&currency=PLN,Warszawa-Rzym,537.041045045045,-1.0169658828420538,,0.0
Warszawa,Rzym,Włochy,Kraków,2026-08-25,2026-08-27,2,269.0,215.48,484.48,WARS,ROM,KRK,https://skyscanner.net/g/referrals/v1/flights/multicity/?mediaPartnerId=6439681&origin0=wars&date0=2026-08-25&destination0=rom&origin1=rom&date1=2026-08-27&destination1=krk&adultsv2=1&market=PL&locale=pl-PL&currency=PLN,Warszawa-Rzym,537.041045045045,-1.0169658828420538,,0.0
Warszawa,Rzym,Włochy,Kraków,2026-08-25,2026-08-29,4,269.0,215.48,484.48,WARS,ROM,KRK,https://skyscanner.net/g/referrals/v1/flights/multicity/?mediaPartnerId=6439681&origin0=wars&date0=2026-08-25&destination0=rom&origin1=rom&date1=2026-08-29&destination1=krk&adultsv2=1&market=PL&locale=pl-PL&currency=PLN,Warszawa-Rzym,537.041045045045,-1.0169658828420538,,0.0
Warszawa,Rzym,Włochy,Kraków,2026-08-25,2026-08-29,4,269.0,215.48,484.48,WARS,ROME,KRK,https://skyscanner.net/g/referrals/v1/flights/multicity/?mediaPartnerId=6439681&origin0=wars&date0=2026-08-25&destination0=rome&origin1=rome&date1=2026-08-29&destination1=krk&adultsv2=1&market=PL&locale=pl-PL&currency=PLN,Warszawa-Rzym,537.041045045045,-1.0169658828420538,,0.0
Warszawa,Rzym,Włochy,Kraków,2026-08-25,2026-08-29,4,269.0,215.48,484.48,WARS,ROM,KRK,https://skyscanner.net/g/referrals/v1/flights/multicity/?mediaPartnerId=6439681&origin0=wars&date0=2026-08-25&destination0=rom&origin1=rom&date1=2026-08-29&destination1=krk&adultsv2=1&market=PL&locale=pl-PL&currency=PLN,Warszawa-Rzym,537.041045045045,-1.0169658828420538,,0.0
Warszawa,Rzym,Włochy,Kraków,2026-08-25,2026-08-27,2,269.0,215.48,484.48,WARS,ROM,KRK,https://skyscanner.net/g/referrals/v1/flights/multicity/?mediaPartnerId=6439681&origin0=wars&date0=2026-08-25&destination0=rom&origin1=rom&date1=2026-08-27&destination1=krk&adultsv2=1&market=PL&locale=pl-PL&currency=PLN,Warszawa-Rzym,537.041045045045,-1.0169658828420538,,0.0
Warszawa,Rzym,Włochy,Katowice,2026-08-25,2026-08-27,2,269.0,215.48,484.48,WARS,ROM,KTW,https://skyscanner.net/g/referrals/v1/flights/multicity/?mediaPartnerId=6439681&origin0=wars&date0=2026-08-25&destination0=rom&origin1=rom&date1=2026-08-27&destination1=ktw&adultsv2=1&market=PL&locale=pl-PL&currency=PLN,Warszawa-Rzym,537.041045045045,-1.0169658828420538,,0.0
Warszawa,Rzym,Włochy,Katowice,2026-08-25,2026-08-29,4,269.0,215.48,484.48,WARS,ROME,KTW,https://skyscanner.net/g/referrals/v1/flights/multicity/?mediaPartnerId=6439681&origin0=wars&date0=2026-08-25&destination0=rome&origin1=rome&date1=2026-08-29&destination1=ktw&adultsv2=1&market=PL&locale=pl-PL&currency=PLN,Warszawa-Rzym,537.041045045045,-1.0169658828420538,,0.0
Warszawa,Rzym,Włochy,Kraków,2026-08-25,2026-08-29,4,269.0,215.48,484.48,WARS,ROME,KRK,https://skyscanner.net/g/referrals/v1/flights/multicity/?mediaPartnerId=6439681&origin0=wars&date0=2026-08-25&destination0=rome&origin1=rome&date1=2026-08-29&destination1=krk&adultsv2=1&market=PL&locale=pl-PL&currency=PLN,Warszawa-Rzym,537.041045045045,-1.0169658828420538,,0.0
Warszawa,Rzym,Włochy,Katowice,2026-08-24,2026-08-29,5,269.0,215.48,484.48,WARS,ROM,KTW,https://skyscanner.net/g/referrals/v1/flights/multicity/?mediaPartnerId=6439681&origin0=wars&date0=2026-08-24&destination0=rom&origin1=rom&date1=2026-08-29&destination1=ktw&adultsv2=1&market=PL&locale=pl-PL&currency=PLN,Warszawa-Rzym,537.041045045045,-1.0169658828420538,,0.0
Warszawa,Rzym,Włochy,Kraków,2026-08-24,2026-08-29,5,269.0,215.48,484.48,WARS,ROM,KRK,https://skyscanner.net/g/referrals/v1/flights/multicity/?mediaPartnerId=6439681&origin0=wars&date0=2026-08-24&destination0=rom&origin1=rom&date1=2026-08-29&destination1=krk&adultsv2=1&market=PL&locale=pl-PL&currency=PLN,Warszawa-Rzym,537.041045045045,-1.0169658828420538,,0.0
Warszawa,Rzym,Włochy,Kraków,2026-08-21,2026-08-27,6,269.0,215.48,484.48,WARS,ROM,KRK,https://skyscanner.net/g/referrals/v1/flights/multicity/?mediaPartnerId=6439681&origin0=wars&date0=2026-08-21&destination0=rom&origin1=rom&date1=2026-08-27&destination1=krk&adultsv2=1&market=PL&locale=pl-PL&currency=PLN,Warszawa-Rzym,537.041045045045,-1.0169658828420538,470.03,3.07
Warszawa,Rzym,Włochy,Kraków,2026-08-25,2026-08-27,2,269.0,215.48,484.48,WARS,ROME,KRK,https://skyscanner.net/g/referrals/v1/flights/multicity/?mediaPartnerId=6439681&origin0=wars&date0=2026-08-25&destination0=rome&origin1=rome&date1=2026-08-27&destination1=krk&adultsv2=1&market=PL&locale=pl-PL&currency=PLN,Warszawa-Rzym,537.041045045045,-1.0169658828420538,,0.0
Warszawa,Rzym,Włochy,Kraków,2026-08-24,2026-08-29,5,269.0,215.48,484.48,WARS,ROM,KRK,https://skyscanner.net/g/referrals/v1/flights/multicity/?mediaPartnerId=6439681&origin0=wars&date0=2026-08-24&destination0=rom&origin1=rom&date1=2026-08-29&destination1=krk&adultsv2=1&market=PL&locale=pl-PL&currency=PLN,Warszawa-Rzym,537.041045045045,-1.0169658828420538,,0.0
Kraków,Rzym,Włochy,Kraków,2026-08-27,2026-08-29,2,269.0,215.48,484.48,KRK,ROM,KRK,https://www.skyscanner.net/g/referrals/v1/flights/day-view/?origin=krk&destination=rom&outboundDate=2026-08-27&inboundDate=2026-08-29&market=PL&locale=pl-PL&currency=PLN&mediaPartnerId=6439681,Kraków-Rzym,553.8120173913044,-1.2962109257172043,484.48,0.0
Warszawa,Rzym,Włochy,Kraków,2026-08-24,2026-08-27,3,269.0,215.48,484.48,WARS,ROM,KRK,https://skyscanner.net/g/referrals/v1/flights/multicity/?mediaPartnerId=6439681&origin0=wars&date0=2026-08-24&destination0=rom&origin1=rom&date1=2026-08-27&destination1=krk&adultsv2=1&market=PL&locale=pl-PL&currency=PLN,Warszawa-Rzym,537.041045045045,-1.0169658828420538,,0.0
Warszawa,Rzym,Włochy,Kraków,2026-08-24,2026-08-27,3,269.0,215.48,484.48,WARS,ROM,KRK,https://skyscanner.net/g/referrals/v1/flights/multicity/?mediaPartnerId=6439681&origin0=wars&date0=2026-08-24&destination0=rom&origin1=rom&date1=2026-08-27&destination1=krk&adultsv2=1&market=PL&locale=pl-PL&currency=PLN,Warszawa-Rzym,537.041045045045,-1.0169658828420538,,0.0
Kraków,Rzym,Włochy,Katowice,2026-08-27,2026-08-29,2,269.0,215.48,484.48,KRK,ROME,KTW,https://skyscanner.net/g/referrals/v1/flights/multicity/?mediaPartnerId=6439681&origin0=krk&date0=2026-08-27&destination0=rome&origin1=rome&date1=2026-08-29&destination1=ktw&adultsv2=1&market=PL&locale=pl-PL&currency=PLN,Kraków-Rzym,553.8120173913044,-1.2962109257172043,484.48,0.0
Gdańsk,Mediolan,Włochy,Warszawa,2026-08-25,2026-08-27,2,405.58,79.0,484.58,GDN,MILA,WARS,https://skyscanner.net/g/referrals/v1/flights/multicity/?mediaPartnerId=6439681&origin0=gdn&date0=2026-08-25&destination0=mila&origin1=mila&date1=2026-08-27&destination1=wars&adultsv2=1&market=PL&locale=pl-PL&currency=PLN,Gdańsk-Mediolan,648.5529940119761,-1.5977382251393115,437.15,10.85
Kraków,Rzym,Włochy,Kraków,2026-08-26,2026-08-28,2,229.31,255.34,484.65,KRK,ROME,KRK,https://www.skyscanner.net/g/referrals/v1/flights/day-view/?origin=krk&destination=rome&outboundDate=2026-08-26&inboundDate=2026-08-28&market=PL&locale=pl-PL&currency=PLN&mediaPartnerId=6439681,Kraków-Rzym,553.8120173913044,-1.293032655912531,492.4,-1.57
Kraków,Dubrovnik,Chorwacja,Katowice,2026-08-25,2026-08-31,6,95.0,389.91,484.91,KRK,DBV,KTW,https://skyscanner.net/g/referrals/v1/flights/multicity/?mediaPartnerId=6439681&origin0=krk&date0=2026-08-25&destination0=dbv&origin1=dbv&date1=2026-08-31&destination1=ktw&adultsv2=1&market=PL&locale=pl-PL&currency=PLN,Kraków-Dubrovnik,617.8723333333332,-1.1127957153744077,484.96,-0.01
Warszawa,Zadar,Chorwacja,Warszawa,2026-08-22,2026-08-28,6,249.0,236.15,485.15,WARS,ZAD,WARS,https://www.skyscanner.net/g/referrals/v1/flights/day-view/?origin=wars&destination=zad&outboundDate=2026-08-22&inboundDate=2026-08-28&market=PL&locale=pl-PL&currency=PLN&mediaPartnerId=6439681,Warszawa-Zadar,669.9506250000001,-1.8532183529322537,456.51,6.27
Warszawa,Palermo,Włochy,Kraków,2026-08-23,2026-08-26,3,249.0,236.15,485.15,WARS,PMO,KRK,https://skyscanner.net/g/referrals/v1/flights/multicity/?mediaPartnerId=6439681&origin0=wars&date0=2026-08-23&destination0=pmo&origin1=pmo&date1=2026-08-26&destination1=krk&adultsv2=1&market=PL&locale=pl-PL&currency=PLN,Warszawa-Palermo,664.7675,-2.294152982939225,505.15,-3.96
Katowice,Rzym,Włochy,Gdańsk,2026-08-25,2026-08-28,3,286.97,198.24,485.21000000000004,KTW,ROME,GDN,https://skyscanner.net/g/referrals/v1/flights/multicity/?mediaPartnerId=6439681&origin0=ktw&date0=2026-08-25&destination0=rome&origin1=rome&date1=2026-08-28&destination1=gdn&adultsv2=1&market=PL&locale=pl-PL&currency=PLN,Katowice-Rzym,542.3553002610967,-1.127568873749676,485.23,-0.0
Katowice,Rzym,Włochy,Gdańsk,2026-08-25,2026-08-28,3,286.97,198.24,485.21000000000004,KTW,ROM,GDN,https://skyscanner.net/g/referrals/v1/flights/multicity/?mediaPartnerId=6439681&origin0=ktw&date0=2026-08-25&destination0=rom&origin1=rom&date1=2026-08-28&destination1=gdn&adultsv2=1&market=PL&locale=pl-PL&currency=PLN,Katowice-Rzym,542.3553002610967,-1.127568873749676,485.23,-0.0
Kraków,Rzym,Włochy,Gdańsk,2026-08-25,2026-08-31,6,298.73,188.29,487.02,KRK,ROME,GDN,https://skyscanner.net/g/referrals/v1/flights/multicity/?mediaPartnerId=6439681&origin0=krk&date0=2026-08-25&destination0=rome&origin1=rome&date1=2026-08-31&destination1=gdn&adultsv2=1&market=PL&locale=pl-PL&currency=PLN,Kraków-Rzym,553.8120173913044,-1.2487238356944266,462.92,5.21
Katowice,Rzym,Włochy,Gdańsk,2026-08-26,2026-08-31,5,299.0,188.29,487.28999999999996,KTW,ROME,GDN,https://skyscanner.net/g/referrals/v1/flights/multicity/?mediaPartnerId=6439681&origin0=ktw&date0=2026-08-26&destination0=rome&origin1=rome&date1=2026-08-31&destination1=gdn&adultsv2=1&market=PL&locale=pl-PL&currency=PLN,Katowice-Rzym,542.3553002610967,-1.086527121467627,474.93,2.6
Kraków,Rzym,Włochy,Gdańsk,2026-08-26,2026-08-31,5,299.0,188.29,487.28999999999996,KRK,ROME,GDN,https://skyscanner.net/g/referrals/v1/flights/multicity/?mediaPartnerId=6439681&origin0=krk&date0=2026-08-26&destination0=rome&origin1=rome&date1=2026-08-31&destination1=gdn&adultsv2=1&market=PL&locale=pl-PL&currency=PLN,Kraków-Rzym,553.8120173913044,-1.2436759954164152,426.98,14.12
Kraków,Rzym,Włochy,Gdańsk,2026-08-26,2026-08-31,5,299.0,188.29,487.28999999999996,KRK,ROME,GDN,https://skyscanner.net/g/referrals/v1/flights/multicity/?mediaPartnerId=6439681&origin0=krk&date0=2026-08-26&destination0=rome&origin1=rome&date1=2026-08-31&destination1=gdn&adultsv2=1&market=PL&locale=pl-PL&currency=PLN,Kraków-Rzym,553.8120173913044,-1.2436759954164152,426.98,14.12
Katowice,Rzym,Włochy,Gdańsk,2026-08-26,2026-08-31,5,299.0,188.29,487.28999999999996,KTW,ROME,GDN,https://skyscanner.net/g/referrals/v1/flights/multicity/?mediaPartnerId=6439681&origin0=ktw&date0=2026-08-26&destination0=rome&origin1=rome&date1=2026-08-31&destination1=gdn&adultsv2=1&market=PL&locale=pl-PL&currency=PLN,Katowice-Rzym,542.3553002610967,-1.086527121467627,474.93,2.6
Kraków,Bolonia,Włochy,Warszawa,2026-08-25,2026-08-28,3,279.94,208.17,488.11,KRK,BLQ,WARS,https://skyscanner.net/g/referrals/v1/flights/multicity/?mediaPartnerId=6439681&origin0=krk&date0=2026-08-25&destination0=blq&origin1=blq&date1=2026-08-28&destination1=wars&adultsv2=1&market=PL&locale=pl-PL&currency=PLN,Kraków-Bolonia,587.4342307692308,-1.2547964069019666,447.74,9.02
Gdańsk,Wenecja,Włochy,Kraków,2026-08-24,2026-08-27,3,393.32,95.0,488.32,GDN,TSF,KRK,https://skyscanner.net/g/referrals/v1/flights/multicity/?mediaPartnerId=6439681&origin0=gdn&date0=2026-08-24&destination0=tsf&origin1=tsf&date1=2026-08-27&destination1=krk&adultsv2=1&market=PL&locale=pl-PL&currency=PLN,Gdańsk-Wenecja,549.3495238095238,-1.1938331113997493,372.97,30.93
Kraków,Rzym,Włochy,Gdańsk,2026-08-22,2026-08-27,5,316.8,172.38,489.18,KRK,ROM,GDN,https://skyscanner.net/g/referrals/v1/flights/multicity/?mediaPartnerId=6439681&origin0=krk&date0=2026-08-22&destination0=rom&origin1=rom&date1=2026-08-27&destination1=gdn&adultsv2=1&market=PL&locale=pl-PL&currency=PLN,Kraków-Rzym,553.8120173913044,-1.2083411134703312,489.19,-0.0
Kraków,Rzym,Włochy,Gdańsk,2026-08-22,2026-08-27,5,316.8,172.38,489.18,KRK,ROME,GDN,https://skyscanner.net/g/referrals/v1/flights/multicity/?mediaPartnerId=6439681&origin0=krk&date0=2026-08-22&destination0=rome&origin1=rome&date1=2026-08-27&destination1=gdn&adultsv2=1&market=PL&locale=pl-PL&currency=PLN,Kraków-Rzym,553.8120173913044,-1.2083411134703312,489.19,-0.0
Wrocław,Dubrovnik,Chorwacja,Gdańsk,2026-08-22,2026-08-27,5,215.08,274.72,489.80000000000007,WRO,DBV,GDN,https://skyscanner.net/g/referrals/v1/flights/multicity/?mediaPartnerId=6439681&origin0=wro&date0=2026-08-22&destination0=dbv&origin1=dbv&date1=2026-08-27&destination1=gdn&adultsv2=1&market=PL&locale=pl-PL&currency=PLN,Wrocław-Dubrovnik,578.7238461538461,-1.128520662625748,,0.0
Warszawa,Piza,Włochy,Wrocław,2026-08-27,2026-08-29,2,269.0,221.25,490.25,WARS,PSA,WRO,https://skyscanner.net/g/referrals/v1/flights/multicity/?mediaPartnerId=6439681&origin0=wars&date0=2026-08-27&destination0=psa&origin1=psa&date1=2026-08-29&destination1=wro&adultsv2=1&market=PL&locale=pl-PL&currency=PLN,Warszawa-Piza,613.205,-1.7090994952860317,490.28,-0.01
Kraków,Rzym,Włochy,Kraków,2026-08-23,2026-08-28,5,249.0,241.35,490.35,KRK,ROME,KRK,https://www.skyscanner.net/g/referrals/v1/flights/day-view/?origin=krk&destination=rome&outboundDate=2026-08-23&inboundDate=2026-08-28&market=PL&locale=pl-PL&currency=PLN&mediaPartnerId=6439681,Kraków-Rzym,553.8120173913044,-1.1864671389322796,490.35,0.0
Katowice,Rzym,Włochy,Gdańsk,2026-08-23,2026-08-26,3,249.0,241.35,490.35,KTW,ROME,GDN,https://skyscanner.net/g/referrals/v1/flights/multicity/?mediaPartnerId=6439681&origin0=ktw&date0=2026-08-23&destination0=rome&origin1=rome&date1=2026-08-26&destination1=gdn&adultsv2=1&market=PL&locale=pl-PL&currency=PLN,Katowice-Rzym,542.3553002610967,-1.0261483897449937,490.35,0.0
Kraków,Rzym,Włochy,Gdańsk,2026-08-23,2026-08-26,3,249.0,241.35,490.35,KRK,ROME,GDN,https://skyscanner.net/g/referrals/v1/flights/multicity/?mediaPartnerId=6439681&origin0=krk&date0=2026-08-23&destination0=rome&origin1=rome&date1=2026-08-26&destination1=gdn&adultsv2=1&market=PL&locale=pl-PL&currency=PLN,Kraków-Rzym,553.8120173913044,-1.1864671389322796,490.35,0.0
Kraków,Rzym,Włochy,Kraków,2026-08-23,2026-08-28,5,249.0,241.35,490.35,KRK,ROM,KRK,https://www.skyscanner.net/g/referrals/v1/flights/day-view/?origin=krk&destination=rom&outboundDate=2026-08-23&inboundDate=2026-08-28&market=PL&locale=pl-PL&currency=PLN&mediaPartnerId=6439681,Kraków-Rzym,553.8120173913044,-1.1864671389322796,490.35,0.0
Katowice,Rzym,Włochy,Katowice,2026-08-23,2026-08-28,5,249.0,241.35,490.35,KTW,ROME,KTW,https://www.skyscanner.net/g/referrals/v1/flights/day-view/?origin=ktw&destination=rome&outboundDate=2026-08-23&inboundDate=2026-08-28&market=PL&locale=pl-PL&currency=PLN&mediaPartnerId=6439681,Katowice-Rzym,542.3553002610967,-1.0261483897449937,490.35,0.0
Katowice,Rzym,Włochy,Katowice,2026-08-23,2026-08-28,5,249.0,241.35,490.35,KTW,ROM,KTW,https://www.skyscanner.net/g/referrals/v1/flights/day-view/?origin=ktw&destination=rom&outboundDate=2026-08-23&inboundDate=2026-08-28&market=PL&locale=pl-PL&currency=PLN&mediaPartnerId=6439681,Katowice-Rzym,542.3553002610967,-1.0261483897449937,490.35,0.0
Katowice,Rzym,Włochy,Gdańsk,2026-08-23,2026-08-26,3,249.0,241.35,490.35,KTW,ROM,GDN,https://skyscanner.net/g/referrals/v1/flights/multicity/?mediaPartnerId=6439681&origin0=ktw&date0=2026-08-23&destination0=rom&origin1=rom&date1=2026-08-26&destination1=gdn&adultsv2=1&market=PL&locale=pl-PL&currency=PLN,Katowice-Rzym,542.3553002610967,-1.0261483897449937,490.35,0.0
Katowice,Rzym,Włochy,Gdańsk,2026-08-23,2026-08-26,3,249.0,241.35,490.35,KTW,ROME,GDN,https://skyscanner.net/g/referrals/v1/flights/multicity/?mediaPartnerId=6439681&origin0=ktw&date0=2026-08-23&destination0=rome&origin1=rome&date1=2026-08-26&destination1=gdn&adultsv2=1&market=PL&locale=pl-PL&currency=PLN,Katowice-Rzym,542.3553002610967,-1.0261483897449937,490.35,0.0
Katowice,Rzym,Włochy,Kraków,2026-08-23,2026-08-28,5,249.0,241.35,490.35,KTW,ROME,KRK,https://skyscanner.net/g/referrals/v1/flights/multicity/?mediaPartnerId=6439681&origin0=ktw&date0=2026-08-23&destination0=rome&origin1=rome&date1=2026-08-28&destination1=krk&adultsv2=1&market=PL&locale=pl-PL&currency=PLN,Katowice-Rzym,542.3553002610967,-1.0261483897449937,490.35,0.0
Katowice,Rzym,Włochy,Katowice,2026-08-23,2026-08-28,5,249.0,241.35,490.35,KTW,ROME,KTW,https://www.skyscanner.net/g/referrals/v1/flights/day-view/?origin=ktw&destination=rome&outboundDate=2026-08-23&inboundDate=2026-08-28&market=PL&locale=pl-PL&currency=PLN&mediaPartnerId=6439681,Katowice-Rzym,542.3553002610967,-1.0261483897449937,490.35,0.0
Katowice,Rzym,Włochy,Gdańsk,2026-08-23,2026-08-26,3,249.0,241.35,490.35,KTW,ROM,GDN,https://skyscanner.net/g/referrals/v1/flights/multicity/?mediaPartnerId=6439681&origin0=ktw&date0=2026-08-23&destination0=rom&origin1=rom&date1=2026-08-26&destination1=gdn&adultsv2=1&market=PL&locale=pl-PL&currency=PLN,Katowice-Rzym,542.3553002610967,-1.0261483897449937,490.35,0.0
Katowice,Rzym,Włochy,Kraków,2026-08-23,2026-08-28,5,249.0,241.35,490.35,KTW,ROM,KRK,https://skyscanner.net/g/referrals/v1/flights/multicity/?mediaPartnerId=6439681&origin0=ktw&date0=2026-08-23&destination0=rom&origin1=rom&date1=2026-08-28&destination1=krk&adultsv2=1&market=PL&locale=pl-PL&currency=PLN,Katowice-Rzym,542.3553002610967,-1.0261483897449937,490.35,0.0
Kraków,Rzym,Włochy,Gdańsk,2026-08-23,2026-08-26,3,249.0,241.35,490.35,KRK,ROM,GDN,https://skyscanner.net/g/referrals/v1/flights/multicity/?mediaPartnerId=6439681&origin0=krk&date0=2026-08-23&destination0=rom&origin1=rom&date1=2026-08-26&destination1=gdn&adultsv2=1&market=PL&locale=pl-PL&currency=PLN,Kraków-Rzym,553.8120173913044,-1.1864671389322796,490.35,0.0
Kraków,Rzym,Włochy,Katowice,2026-08-23,2026-08-28,5,249.0,241.35,490.35,KRK,ROME,KTW,https://skyscanner.net/g/referrals/v1/flights/multicity/?mediaPartnerId=6439681&origin0=krk&date0=2026-08-23&destination0=rome&origin1=rome&date1=2026-08-28&destination1=ktw&adultsv2=1&market=PL&locale=pl-PL&currency=PLN,Kraków-Rzym,553.8120173913044,-1.1864671389322796,490.35,0.0
Warszawa,Neapol,Włochy,Katowice,2026-08-25,2026-08-31,6,249.0,241.35,490.35,WARS,NAP,KTW,https://skyscanner.net/g/referrals/v1/flights/multicity/?mediaPartnerId=6439681&origin0=wars&date0=2026-08-25&destination0=nap&origin1=nap&date1=2026-08-31&destination1=ktw&adultsv2=1&market=PL&locale=pl-PL&currency=PLN,Warszawa-Neapol,652.865576923077,-2.2916019998909207,490.35,0.0
Warszawa,Neapol,Włochy,Katowice,2026-08-26,2026-08-31,5,249.0,241.35,490.35,WARS,NAP,KTW,https://skyscanner.net/g/referrals/v1/flights/multicity/?mediaPartnerId=6439681&origin0=wars&date0=2026-08-26&destination0=nap&origin1=nap&date1=2026-08-31&destination1=ktw&adultsv2=1&market=PL&locale=pl-PL&currency=PLN,Warszawa-Neapol,652.865576923077,-2.2916019998909207,460.38,6.51
Kraków,Rzym,Włochy,Kraków,2026-08-23,2026-08-28,5,249.0,241.35,490.35,KRK,ROME,KRK,https://www.skyscanner.net/g/referrals/v1/flights/day-view/?origin=krk&destination=rome&outboundDate=2026-08-23&inboundDate=2026-08-28&market=PL&locale=pl-PL&currency=PLN&mediaPartnerId=6439681,Kraków-Rzym,553.8120173913044,-1.1864671389322796,490.35,0.0
Kraków,Rzym,Włochy,Katowice,2026-08-23,2026-08-28,5,249.0,241.35,490.35,KRK,ROME,KTW,https://skyscanner.net/g/referrals/v1/flights/multicity/?mediaPartnerId=6439681&origin0=krk&date0=2026-08-23&destination0=rome&origin1=rome&date1=2026-08-28&destination1=ktw&adultsv2=1&market=PL&locale=pl-PL&currency=PLN,Kraków-Rzym,553.8120173913044,-1.1864671389322796,490.35,0.0
Kraków,Rzym,Włochy,Katowice,2026-08-23,2026-08-28,5,249.0,241.35,490.35,KRK,ROM,KTW,https://skyscanner.net/g/referrals/v1/flights/multicity/?mediaPartnerId=6439681&origin0=krk&date0=2026-08-23&destination0=rom&origin1=rom&date1=2026-08-28&destination1=ktw&adultsv2=1&market=PL&locale=pl-PL&currency=PLN,Kraków-Rzym,553.8120173913044,-1.1864671389322796,490.35,0.0
Kraków,Rzym,Włochy,Gdańsk,2026-08-23,2026-08-26,3,249.0,241.35,490.35,KRK,ROME,GDN,https://skyscanner.net/g/referrals/v1/flights/multicity/?mediaPartnerId=6439681&origin0=krk&date0=2026-08-23&destination0=rome&origin1=rome&date1=2026-08-26&destination1=gdn&adultsv2=1&market=PL&locale=pl-PL&currency=PLN,Kraków-Rzym,553.8120173913044,-1.1864671389322796,490.35,0.0
Katowice,Rzym,Włochy,Kraków,2026-08-23,2026-08-28,5,249.0,241.35,490.35,KTW,ROME,KRK,https://skyscanner.net/g/referrals/v1/flights/multicity/?mediaPartnerId=6439681&origin0=ktw&date0=2026-08-23&destination0=rome&origin1=rome&date1=2026-08-28&destination1=krk&adultsv2=1&market=PL&locale=pl-PL&currency=PLN,Katowice-Rzym,542.3553002610967,-1.0261483897449937,490.35,0.0
Katowice,Rzym,Włochy,Katowice,2026-08-23,2026-08-28,5,249.0,241.35,490.35,KTW,ROM,KTW,https://www.skyscanner.net/g/referrals/v1/flights/day-view/?origin=ktw&destination=rom&outboundDate=2026-08-23&inboundDate=2026-08-28&market=PL&locale=pl-PL&currency=PLN&mediaPartnerId=6439681,Katowice-Rzym,542.3553002610967,-1.0261483897449937,490.35,0.0
Kraków,Rzym,Włochy,Katowice,2026-08-23,2026-08-28,5,249.0,241.35,490.35,KRK,ROM,KTW,https://skyscanner.net/g/referrals/v1/flights/multicity/?mediaPartnerId=6439681&origin0=krk&date0=2026-08-23&destination0=rom&origin1=rom&date1=2026-08-28&destination1=ktw&adultsv2=1&market=PL&locale=pl-PL&currency=PLN,Kraków-Rzym,553.8120173913044,-1.1864671389322796,490.35,0.0
Kraków,Rzym,Włochy,Kraków,2026-08-23,2026-08-28,5,249.0,241.35,490.35,KRK,ROM,KRK,https://www.skyscanner.net/g/referrals/v1/flights/day-view/?origin=krk&destination=rom&outboundDate=2026-08-23&inboundDate=2026-08-28&market=PL&locale=pl-PL&currency=PLN&mediaPartnerId=6439681,Kraków-Rzym,553.8120173913044,-1.1864671389322796,490.35,0.0
Katowice,Rzym,Włochy,Kraków,2026-08-23,2026-08-28,5,249.0,241.35,490.35,KTW,ROM,KRK,https://skyscanner.net/g/referrals/v1/flights/multicity/?mediaPartnerId=6439681&origin0=ktw&date0=2026-08-23&destination0=rom&origin1=rom&date1=2026-08-28&destination1=krk&adultsv2=1&market=PL&locale=pl-PL&currency=PLN,Katowice-Rzym,542.3553002610967,-1.0261483897449937,490.35,0.0
Kraków,Rzym,Włochy,Gdańsk,2026-08-23,2026-08-26,3,249.0,241.35,490.35,KRK,ROM,GDN,https://skyscanner.net/g/referrals/v1/flights/multicity/?mediaPartnerId=6439681&origin0=krk&date0=2026-08-23&destination0=rom&origin1=rom&date1=2026-08-26&destination1=gdn&adultsv2=1&market=PL&locale=pl-PL&currency=PLN,Kraków-Rzym,553.8120173913044,-1.1864671389322796,490.35,0.0
Poznań,Zadar,Chorwacja,Poznań,2026-08-26,2026-08-28,2,146.41,344.16,490.57000000000005,POZ,ZAD,POZ,https://www.skyscanner.net/g/referrals/v1/flights/day-view/?origin=poz&destination=zad&outboundDate=2026-08-26&inboundDate=2026-08-28&market=PL&locale=pl-PL&currency=PLN&mediaPartnerId=6439681,Poznań-Zadar,663.7591025641026,-1.662243901917332,499.0,-1.69
Katowice,Rzym,Włochy,Katowice,2026-08-27,2026-08-30,3,257.58,233.61,491.19,KTW,ROME,KTW,https://www.skyscanner.net/g/referrals/v1/flights/day-view/?origin=ktw&destination=rome&outboundDate=2026-08-27&inboundDate=2026-08-30&market=PL&locale=pl-PL&currency=PLN&mediaPartnerId=6439681,Katowice-Rzym,542.3553002610967,-1.0095738359387816,,0.0
Katowice,Dortmund,Niemcy,Wrocław,2026-08-26,2026-08-29,3,319.0,172.38,491.38,KTW,DTM,WRO,https://skyscanner.net/g/referrals/v1/flights/multicity/?mediaPartnerId=6439681&origin0=ktw&date0=2026-08-26&destination0=dtm&origin1=dtm&date1=2026-08-29&destination1=wro&adultsv2=1&market=PL&locale=pl-PL&currency=PLN,Katowice-Dortmund,621.5555813953488,-1.571566512802364,491.38,0.0
Kraków,Rzym,Włochy,Gdańsk,2026-08-20,2026-08-27,7,319.0,172.38,491.38,KRK,ROME,GDN,https://skyscanner.net/g/referrals/v1/flights/multicity/?mediaPartnerId=6439681&origin0=krk&date0=2026-08-20&destination0=rome&origin1=rome&date1=2026-08-27&destination1=gdn&adultsv2=1&market=PL&locale=pl-PL&currency=PLN,Kraków-Rzym,553.8120173913044,-1.1672105630569014,491.38,0.0
Katowice,Rzym,Włochy,Gdańsk,2026-08-20,2026-08-27,7,319.0,172.38,491.38,KTW,ROME,GDN,https://skyscanner.net/g/referrals/v1/flights/multicity/?mediaPartnerId=6439681&origin0=ktw&date0=2026-08-20&destination0=rome&origin1=rome&date1=2026-08-27&destination1=gdn&adultsv2=1&market=PL&locale=pl-PL&currency=PLN,Katowice-Rzym,542.3553002610967,-1.0058248297207097,,0.0
Katowice,Dortmund,Niemcy,Katowice,2026-08-26,2026-08-30,4,319.0,172.38,491.38,KTW,DTM,KTW,https://www.skyscanner.net/g/referrals/v1/flights/day-view/?origin=ktw&destination=dtm&outboundDate=2026-08-26&inboundDate=2026-08-30&market=PL&locale=pl-PL&currency=PLN&mediaPartnerId=6439681,Katowice-Dortmund,621.5555813953488,-1.571566512802364,491.38,0.0
Katowice,Rzym,Włochy,Gdańsk,2026-08-20,2026-08-27,7,319.0,172.38,491.38,KTW,ROME,GDN,https://skyscanner.net/g/referrals/v1/flights/multicity/?mediaPartnerId=6439681&origin0=ktw&date0=2026-08-20&destination0=rome&origin1=rome&date1=2026-08-27&destination1=gdn&adultsv2=1&market=PL&locale=pl-PL&currency=PLN,Katowice-Rzym,542.3553002610967,-1.0058248297207097,,0.0
Katowice,Rzym,Włochy,Gdańsk,2026-08-20,2026-08-27,7,319.0,172.38,491.38,KTW,ROM,GDN,https://skyscanner.net/g/referrals/v1/flights/multicity/?mediaPartnerId=6439681&origin0=ktw&date0=2026-08-20&destination0=rom&origin1=rom&date1=2026-08-27&destination1=gdn&adultsv2=1&market=PL&locale=pl-PL&currency=PLN,Katowice-Rzym,542.3553002610967,-1.0058248297207097,,0.0
Katowice,Rzym,Włochy,Gdańsk,2026-08-20,2026-08-27,7,319.0,172.38,491.38,KTW,ROM,GDN,https://skyscanner.net/g/referrals/v1/flights/multicity/?mediaPartnerId=6439681&origin0=ktw&date0=2026-08-20&destination0=rom&origin1=rom&date1=2026-08-27&destination1=gdn&adultsv2=1&market=PL&locale=pl-PL&currency=PLN,Katowice-Rzym,542.3553002610967,-1.0058248297207097,,0.0
Katowice,Dortmund,Niemcy,Katowice,2026-08-26,2026-08-31,5,319.0,172.38,491.38,KTW,DTM,KTW,https://www.skyscanner.net/g/referrals/v1/flights/day-view/?origin=ktw&destination=dtm&outboundDate=2026-08-26&inboundDate=2026-08-31&market=PL&locale=pl-PL&currency=PLN&mediaPartnerId=6439681,Katowice-Dortmund,621.5555813953488,-1.571566512802364,491.38,0.0
Kraków,Rzym,Włochy,Gdańsk,2026-08-20,2026-08-27,7,319.0,172.38,491.38,KRK,ROM,GDN,https://skyscanner.net/g/referrals/v1/flights/multicity/?mediaPartnerId=6439681&origin0=krk&date0=2026-08-20&destination0=rom&origin1=rom&date1=2026-08-27&destination1=gdn&adultsv2=1&market=PL&locale=pl-PL&currency=PLN,Kraków-Rzym,553.8120173913044,-1.1672105630569014,491.38,0.0
Kraków,Rzym,Włochy,Gdańsk,2026-08-20,2026-08-27,7,319.0,172.38,491.38,KRK,ROM,GDN,https://skyscanner.net/g/referrals/v1/flights/multicity/?mediaPartnerId=6439681&origin0=krk&date0=2026-08-20&destination0=rom&origin1=rom&date1=2026-08-27&destination1=gdn&adultsv2=1&market=PL&locale=pl-PL&currency=PLN,Kraków-Rzym,553.8120173913044,-1.1672105630569014,491.38,0.0
Kraków,Rzym,Włochy,Gdańsk,2026-08-20,2026-08-27,7,319.0,172.38,491.38,KRK,ROME,GDN,https://skyscanner.net/g/referrals/v1/flights/multicity/?mediaPartnerId=6439681&origin0=krk&date0=2026-08-20&destination0=rome&origin1=rome&date1=2026-08-27&destination1=gdn&adultsv2=1&market=PL&locale=pl-PL&currency=PLN,Kraków-Rzym,553.8120173913044,-1.1672105630569014,491.38,0.0
Warszawa,Bolonia,Włochy,Wrocław,2026-08-25,2026-08-27,2,302.25,189.27,491.52,WARS,BLQ,WRO,https://skyscanner.net/g/referrals/v1/flights/multicity/?mediaPartnerId=6439681&origin0=wars&date0=2026-08-25&destination0=blq&origin1=blq&date1=2026-08-27&destination1=wro&adultsv2=1&market=PL&locale=pl-PL&currency=PLN,Warszawa-Bolonia,572.7326388888889,-1.2575518323761683,491.54,-0.0
Gdańsk,Wenecja,Włochy,Warszawa,2026-08-24,2026-08-27,3,393.32,98.21,491.53,GDN,TSF,WARS,https://skyscanner.net/g/referrals/v1/flights/multicity/?mediaPartnerId=6439681&origin0=gdn&date0=2026-08-24&destination0=tsf&origin1=tsf&date1=2026-08-27&destination1=wars&adultsv2=1&market=PL&locale=pl-PL&currency=PLN,Gdańsk-Wenecja,549.3495238095238,-1.1310404817283517,382.81000000000006,28.4
Gdańsk,Rzym,Włochy,Katowice,2026-08-26,2026-08-30,4,257.93,233.61,491.54,GDN,ROME,KTW,https://skyscanner.net/g/referrals/v1/flights/multicity/?mediaPartnerId=6439681&origin0=gdn&date0=2026-08-26&destination0=rome&origin1=rome&date1=2026-08-30&destination1=ktw&adultsv2=1&market=PL&locale=pl-PL&currency=PLN,Gdańsk-Rzym,654.3681439393939,-2.3326957887016504,520.62,-5.59
Gdańsk,Mediolan,Włochy,Kraków,2026-08-25,2026-08-27,2,405.58,86.1,491.67999999999995,GDN,MILA,KRK,https://skyscanner.net/g/referrals/v1/flights/multicity/?mediaPartnerId=6439681&origin0=gdn&date0=2026-08-25&destination0=mila&origin1=mila&date1=2026-08-27&destination1=krk&adultsv2=1&market=PL&locale=pl-PL&currency=PLN,Gdańsk-Mediolan,648.5529940119761,-1.528556458551208,453.15,8.5
Wrocław,Rzym,Włochy,Katowice,2026-08-26,2026-08-30,4,258.11,233.61,491.72,WRO,ROME,KTW,https://skyscanner.net/g/referrals/v1/flights/multicity/?mediaPartnerId=6439681&origin0=wro&date0=2026-08-26&destination0=rome&origin1=rome&date1=2026-08-30&destination1=ktw&adultsv2=1&market=PL&locale=pl-PL&currency=PLN,Wrocław-Rzym,591.3997727272728,-1.2039231645326909,485.44,1.29
Kraków,Rzym,Włochy,Katowice,2026-08-22,2026-08-27,5,316.8,175.03,491.83000000000004,KRK,ROME,KTW,https://skyscanner.net/g/referrals/v1/flights/multicity/?mediaPartnerId=6439681&origin0=krk&date0=2026-08-22&destination0=rome&origin1=rome&date1=2026-08-27&destination1=ktw&adultsv2=1&market=PL&locale=pl-PL&currency=PLN,Kraków-Rzym,553.8120173913044,-1.158797495926881,469.31,4.8
Kraków,Rzym,Włochy,Warszawa,2026-08-27,2026-08-31,4,316.8,175.03,491.83000000000004,KRK,ROME,WARS,https://skyscanner.net/g/referrals/v1/flights/multicity/?mediaPartnerId=6439681&origin0=krk&date0=2026-08-27&destination0=rome&origin1=rome&date1=2026-08-31&destination1=wars&adultsv2=1&market=PL&locale=pl-PL&currency=PLN,Kraków-Rzym,553.8120173913044,-1.158797495926881,444.04,10.76
Poznań,Rzym,Włochy,Kraków,2026-08-26,2026-08-28,2,250.65,241.35,492.0,POZ,ROM,KRK,https://skyscanner.net/g/referrals/v1/flights/multicity/?mediaPartnerId=6439681&origin0=poz&date0=2026-08-26&destination0=rom&origin1=rom&date1=2026-08-28&destination1=krk&adultsv2=1&market=PL&locale=pl-PL&currency=PLN,Poznań-Rzym,588.2803816793893,-1.2873099077843335,498.35,-1.27
Poznań,Rzym,Włochy,Kraków,2026-08-26,2026-08-28,2,250.65,241.35,492.0,POZ,ROME,KRK,https://skyscanner.net/g/referrals/v1/flights/multicity/?mediaPartnerId=6439681&origin0=poz&date0=2026-08-26&destination0=rome&origin1=rome&date1=2026-08-28&destination1=krk&adultsv2=1&market=PL&locale=pl-PL&currency=PLN,Poznań-Rzym,588.2803816793893,-1.2873099077843335,498.35,-1.27
Poznań,Rzym,Włochy,Katowice,2026-08-26,2026-08-28,2,250.65,241.35,492.0,POZ,ROM,KTW,https://skyscanner.net/g/referrals/v1/flights/multicity/?mediaPartnerId=6439681&origin0=poz&date0=2026-08-26&destination0=rom&origin1=rom&date1=2026-08-28&destination1=ktw&adultsv2=1&market=PL&locale=pl-PL&currency=PLN,Poznań-Rzym,588.2803816793893,-1.2873099077843335,498.35,-1.27
Poznań,Rzym,Włochy,Katowice,2026-08-26,2026-08-28,2,250.65,241.35,492.0,POZ,ROME,KTW,https://skyscanner.net/g/referrals/v1/flights/multicity/?mediaPartnerId=6439681&origin0=poz&date0=2026-08-26&destination0=rome&origin1=rome&date1=2026-08-28&destination1=ktw&adultsv2=1&market=PL&locale=pl-PL&currency=PLN,Poznań-Rzym,588.2803816793893,-1.2873099077843335,498.35,-1.27
Gdańsk,Wenecja,Włochy,Kraków,2026-08-24,2026-08-26,2,393.32,99.3,492.62,GDN,TSF,KRK,https://skyscanner.net/g/referrals/v1/flights/multicity/?mediaPartnerId=6439681&origin0=gdn&date0=2026-08-24&destination0=tsf&origin1=tsf&date1=2026-08-26&destination1=krk&adultsv2=1&market=PL&locale=pl-PL&currency=PLN,Gdańsk-Wenecja,549.3495238095238,-1.109718373833702,372.97,32.08
Katowice,Neapol,Włochy,Katowice,2026-08-23,2026-08-26,3,209.0,284.45,493.45,KTW,NAP,KTW,https://www.skyscanner.net/g/referrals/v1/flights/day-view/?origin=ktw&destination=nap&outboundDate=2026-08-23&inboundDate=2026-08-26&market=PL&locale=pl-PL&currency=PLN&mediaPartnerId=6439681,Katowice-Neapol,670.5272222222222,-2.1203950327324153,493.45,0.0
Kraków,Zadar,Chorwacja,Gdańsk,2026-08-24,2026-08-27,3,278.24,215.49,493.73,KRK,ZAD,GDN,https://skyscanner.net/g/referrals/v1/flights/multicity/?mediaPartnerId=6439681&origin0=krk&date0=2026-08-24&destination0=zad&origin1=zad&date1=2026-08-27&destination1=gdn&adultsv2=1&market=PL&locale=pl-PL&currency=PLN,Kraków-Zadar,669.821,-1.7718099627716806,488.01,1.17
Wrocław,Dubrovnik,Chorwacja,Katowice,2026-08-28,2026-08-31,3,104.0,389.91,493.91,WRO,DBV,KTW,https://skyscanner.net/g/referrals/v1/flights/multicity/?mediaPartnerId=6439681&origin0=wro&date0=2026-08-28&destination0=dbv&origin1=dbv&date1=2026-08-31&destination1=ktw&adultsv2=1&market=PL&locale=pl-PL&currency=PLN,Wrocław-Dubrovnik,578.7238461538461,-1.0763612011988632,493.96,-0.01
Kraków,Rzym,Włochy,Katowice,2026-08-20,2026-08-27,7,319.0,175.03,494.03,KRK,ROME,KTW,https://skyscanner.net/g/referrals/v1/flights/multicity/?mediaPartnerId=6439681&origin0=krk&date0=2026-08-20&destination0=rome&origin1=rome&date1=2026-08-27&destination1=ktw&adultsv2=1&market=PL&locale=pl-PL&currency=PLN,Kraków-Rzym,553.8120173913044,-1.1176669455134522,471.5,4.78
Kraków,Rzym,Włochy,Warszawa,2026-08-28,2026-08-31,3,319.0,175.03,494.03,KRK,ROME,WARS,https://skyscanner.net/g/referrals/v1/flights/multicity/?mediaPartnerId=6439681&origin0=krk&date0=2026-08-28&destination0=rome&origin1=rome&date1=2026-08-31&destination1=wars&adultsv2=1&market=PL&locale=pl-PL&currency=PLN,Kraków-Rzym,553.8120173913044,-1.1176669455134522,494.04,-0.0
Kraków,Rzym,Włochy,Katowice,2026-08-20,2026-08-27,7,319.0,175.03,494.03,KRK,ROME,KTW,https://skyscanner.net/g/referrals/v1/flights/multicity/?mediaPartnerId=6439681&origin0=krk&date0=2026-08-20&destination0=rome&origin1=rome&date1=2026-08-27&destination1=ktw&adultsv2=1&market=PL&locale=pl-PL&currency=PLN,Kraków-Rzym,553.8120173913044,-1.1176669455134522,471.5,4.78
Kraków,Rzym,Włochy,Warszawa,2026-08-28,2026-08-31,3,319.0,175.03,494.03,KRK,ROME,WARS,https://skyscanner.net/g/referrals/v1/flights/multicity/?mediaPartnerId=6439681&origin0=krk&date0=2026-08-28&destination0=rome&origin1=rome&date1=2026-08-31&destination1=wars&adultsv2=1&market=PL&locale=pl-PL&currency=PLN,Kraków-Rzym,553.8120173913044,-1.1176669455134522,494.04,-0.0
Wrocław,Madryt,Hiszpania,Warszawa,2026-08-21,2026-08-27,6,249.0,245.2,494.2,WRO,MAD,WARS,https://skyscanner.net/g/referrals/v1/flights/multicity/?mediaPartnerId=6439681&origin0=wro&date0=2026-08-21&destination0=mad&origin1=mad&date1=2026-08-27&destination1=wars&adultsv2=1&market=PL&locale=pl-PL&currency=PLN,Wrocław-Madryt,552.395238095238,-1.2106748637271092,494.2,0.0
Wrocław,Zadar,Chorwacja,Gdańsk,2026-08-24,2026-08-27,3,279.49,215.49,494.98,WRO,ZAD,GDN,https://skyscanner.net/g/referrals/v1/flights/multicity/?mediaPartnerId=6439681&origin0=wro&date0=2026-08-24&destination0=zad&origin1=zad&date1=2026-08-27&destination1=gdn&adultsv2=1&market=PL&locale=pl-PL&currency=PLN,Wrocław-Zadar,648.7559302325582,-1.4849477884199243,471.8200000000001,4.91
Kraków,Rzym,Włochy,Wrocław,2026-08-23,2026-08-30,7,249.0,246.09,495.09000000000003,KRK,ROME,WRO,https://skyscanner.net/g/referrals/v1/flights/multicity/?mediaPartnerId=6439681&origin0=krk&date0=2026-08-23&destination0=rome&origin1=rome&date1=2026-08-30&destination1=wro&adultsv2=1&market=PL&locale=pl-PL&currency=PLN,Kraków-Rzym,553.8120173913044,-1.0978494984960712,,0.0
Kraków,Rzym,Włochy,Wrocław,2026-08-23,2026-08-30,7,249.0,246.09,495.09000000000003,KRK,ROME,WRO,https://skyscanner.net/g/referrals/v1/flights/multicity/?mediaPartnerId=6439681&origin0=krk&date0=2026-08-23&destination0=rome&origin1=rome&date1=2026-08-30&destination1=wro&adultsv2=1&market=PL&locale=pl-PL&currency=PLN,Kraków-Rzym,553.8120173913044,-1.0978494984960712,,0.0
Poznań,Zadar,Chorwacja,Gdańsk,2026-08-20,2026-08-27,7,279.62,215.49,495.11,POZ,ZAD,GDN,https://skyscanner.net/g/referrals/v1/flights/multicity/?mediaPartnerId=6439681&origin0=poz&date0=2026-08-20&destination0=zad&origin1=zad&date1=2026-08-27&destination1=gdn&adultsv2=1&market=PL&locale=pl-PL&currency=PLN,Poznań-Zadar,663.7591025641026,-1.6186696400095344,528.11,-6.25
Kraków,Bolonia,Włochy,Warszawa,2026-08-25,2026-08-31,6,279.94,215.48,495.41999999999996,KRK,BLQ,WARS,https://skyscanner.net/g/referrals/v1/flights/multicity/?mediaPartnerId=6439681&origin0=krk&date0=2026-08-25&destination0=blq&origin1=blq&date1=2026-08-31&destination1=wars&adultsv2=1&market=PL&locale=pl-PL&currency=PLN,Kraków-Bolonia,587.4342307692308,-1.1624467187803966,460.68,7.54
Katowice,Valletta,Malta,Gdańsk,2026-08-19,2026-08-26,7,253.28,242.26,495.53999999999996,KTW,MLA,GDN,https://skyscanner.net/g/referrals/v1/flights/multicity/?mediaPartnerId=6439681&origin0=ktw&date0=2026-08-19&destination0=mla&origin1=mla&date1=2026-08-26&destination1=gdn&adultsv2=1&market=PL&locale=pl-PL&currency=PLN,Katowice-Valletta,698.6241333333332,-2.9513668173138234,489.45,1.24
Katowice,Valletta,Malta,Gdańsk,2026-08-23,2026-08-26,3,253.28,242.26,495.53999999999996,KTW,MLA,GDN,https://skyscanner.net/g/referrals/v1/flights/multicity/?mediaPartnerId=6439681&origin0=ktw&date0=2026-08-23&destination0=mla&origin1=mla&date1=2026-08-26&destination1=gdn&adultsv2=1&market=PL&locale=pl-PL&currency=PLN,Katowice-Valletta,698.6241333333332,-2.9513668173138234,474.8,4.37
Poznań,Rzym,Włochy,Wrocław,2026-08-26,2026-08-30,4,250.65,246.09,496.74,POZ,ROME,WRO,https://skyscanner.net/g/referrals/v1/flights/multicity/?mediaPartnerId=6439681&origin0=poz&date0=2026-08-26&destination0=rome&origin1=rome&date1=2026-08-30&destination1=wro&adultsv2=1&market=PL&locale=pl-PL&currency=PLN,Poznań-Rzym,588.2803816793893,-1.2239340792254405,,0.0
Kraków,Rzym,Włochy,Gdańsk,2026-08-25,2026-08-28,3,298.73,198.24,496.97,KRK,ROME,GDN,https://skyscanner.net/g/referrals/v1/flights/multicity/?mediaPartnerId=6439681&origin0=krk&date0=2026-08-25&destination0=rome&origin1=rome&date1=2026-08-28&destination1=gdn&adultsv2=1&market=PL&locale=pl-PL&currency=PLN,Kraków-Rzym,553.8120173913044,-1.062701573597322,485.23,2.42
Kraków,Rzym,Włochy,Gdańsk,2026-08-25,2026-08-28,3,298.73,198.24,496.97,KRK,ROM,GDN,https://skyscanner.net/g/referrals/v1/flights/multicity/?mediaPartnerId=6439681&origin0=krk&date0=2026-08-25&destination0=rom&origin1=rom&date1=2026-08-28&destination1=gdn&adultsv2=1&market=PL&locale=pl-PL&currency=PLN,Kraków-Rzym,553.8120173913044,-1.062701573597322,485.23,2.42
Kraków,Rzym,Włochy,Gdańsk,2026-08-21,2026-08-28,7,299.0,198.24,497.24,KRK,ROME,GDN,https://skyscanner.net/g/referrals/v1/flights/multicity/?mediaPartnerId=6439681&origin0=krk&date0=2026-08-21&destination0=rome&origin1=rome&date1=2026-08-28&destination1=gdn&adultsv2=1&market=PL&locale=pl-PL&currency=PLN,Kraków-Rzym,553.8120173913044,-1.0576537333193103,,0.0
Kraków,Rzym,Włochy,Gdańsk,2026-08-21,2026-08-28,7,299.0,198.24,497.24,KRK,ROM,GDN,https://skyscanner.net/g/referrals/v1/flights/multicity/?mediaPartnerId=6439681&origin0=krk&date0=2026-08-21&destination0=rom&origin1=rom&date1=2026-08-28&destination1=gdn&adultsv2=1&market=PL&locale=pl-PL&currency=PLN,Kraków-Rzym,553.8120173913044,-1.0576537333193103,,0.0
Kraków,Rzym,Włochy,Gdańsk,2026-08-26,2026-08-28,2,299.0,198.24,497.24,KRK,ROME,GDN,https://skyscanner.net/g/referrals/v1/flights/multicity/?mediaPartnerId=6439681&origin0=krk&date0=2026-08-26&destination0=rome&origin1=rome&date1=2026-08-28&destination1=gdn&adultsv2=1&market=PL&locale=pl-PL&currency=PLN,Kraków-Rzym,553.8120173913044,-1.0576537333193103,449.29,10.67
Kraków,Rzym,Włochy,Gdańsk,2026-08-26,2026-08-28,2,299.0,198.24,497.24,KRK,ROM,GDN,https://skyscanner.net/g/referrals/v1/flights/multicity/?mediaPartnerId=6439681&origin0=krk&date0=2026-08-26&destination0=rom&origin1=rom&date1=2026-08-28&destination1=gdn&adultsv2=1&market=PL&locale=pl-PL&currency=PLN,Kraków-Rzym,553.8120173913044,-1.0576537333193103,449.29,10.67
Kraków,Rzym,Włochy,Gdańsk,2026-08-21,2026-08-28,7,299.0,198.24,497.24,KRK,ROM,GDN,https://skyscanner.net/g/referrals/v1/flights/multicity/?mediaPartnerId=6439681&origin0=krk&date0=2026-08-21&destination0=rom&origin1=rom&date1=2026-08-28&destination1=gdn&adultsv2=1&market=PL&locale=pl-PL&currency=PLN,Kraków-Rzym,553.8120173913044,-1.0576537333193103,,0.0
Kraków,Rzym,Włochy,Gdańsk,2026-08-26,2026-08-28,2,299.0,198.24,497.24,KRK,ROM,GDN,https://skyscanner.net/g/referrals/v1/flights/multicity/?mediaPartnerId=6439681&origin0=krk&date0=2026-08-26&destination0=rom&origin1=rom&date1=2026-08-28&destination1=gdn&adultsv2=1&market=PL&locale=pl-PL&currency=PLN,Kraków-Rzym,553.8120173913044,-1.0576537333193103,449.29,10.67
Kraków,Rzym,Włochy,Gdańsk,2026-08-26,2026-08-28,2,299.0,198.24,497.24,KRK,ROME,GDN,https://skyscanner.net/g/referrals/v1/flights/multicity/?mediaPartnerId=6439681&origin0=krk&date0=2026-08-26&destination0=rome&origin1=rome&date1=2026-08-28&destination1=gdn&adultsv2=1&market=PL&locale=pl-PL&currency=PLN,Kraków-Rzym,553.8120173913044,-1.0576537333193103,449.29,10.67
Kraków,Rzym,Włochy,Gdańsk,2026-08-21,2026-08-28,7,299.0,198.24,497.24,KRK,ROME,GDN,https://skyscanner.net/g/referrals/v1/flights/multicity/?mediaPartnerId=6439681&origin0=krk&date0=2026-08-21&destination0=rome&origin1=rome&date1=2026-08-28&destination1=gdn&adultsv2=1&market=PL&locale=pl-PL&currency=PLN,Kraków-Rzym,553.8120173913044,-1.0576537333193103,,0.0
Gdańsk,Rzym,Włochy,Kraków,2026-08-26,2026-08-28,2,257.93,241.35,499.28,GDN,ROME,KRK,https://skyscanner.net/g/referrals/v1/flights/multicity/?mediaPartnerId=6439681&origin0=gdn&date0=2026-08-26&destination0=rome&origin1=rome&date1=2026-08-28&destination1=krk&adultsv2=1&market=PL&locale=pl-PL&currency=PLN,Gdańsk-Rzym,654.3681439393939,-2.2218116075783247,513.12,-2.7
Gdańsk,Rzym,Włochy,Katowice,2026-08-26,2026-08-28,2,257.93,241.35,499.28,GDN,ROM,KTW,https://skyscanner.net/g/referrals/v1/flights/multicity/?mediaPartnerId=6439681&origin0=gdn&date0=2026-08-26&destination0=rom&origin1=rom&date1=2026-08-28&destination1=ktw&adultsv2=1&market=PL&locale=pl-PL&currency=PLN,Gdańsk-Rzym,654.3681439393939,-2.2218116075783247,513.12,-2.7
Gdańsk,Rzym,Włochy,Kraków,2026-08-26,2026-08-28,2,257.93,241.35,499.28,GDN,ROM,KRK,https://skyscanner.net/g/referrals/v1/flights/multicity/?mediaPartnerId=6439681&origin0=gdn&date0=2026-08-26&destination0=rom&origin1=rom&date1=2026-08-28&destination1=krk&adultsv2=1&market=PL&locale=pl-PL&currency=PLN,Gdańsk-Rzym,654.3681439393939,-2.2218116075783247,513.12,-2.7
Gdańsk,Rzym,Włochy,Katowice,2026-08-26,2026-08-28,2,257.93,241.35,499.28,GDN,ROME,KTW,https://skyscanner.net/g/referrals/v1/flights/multicity/?mediaPartnerId=6439681&origin0=gdn&date0=2026-08-26&destination0=rome&origin1=rome&date1=2026-08-28&destination1=ktw&adultsv2=1&market=PL&locale=pl-PL&currency=PLN,Gdańsk-Rzym,654.3681439393939,-2.2218116075783247,513.12,-2.7
Wrocław,Rzym,Włochy,Katowice,2026-08-26,2026-08-28,2,258.11,241.35,499.46000000000004,WRO,ROME,KTW,https://skyscanner.net/g/referrals/v1/flights/multicity/?mediaPartnerId=6439681&origin0=wro&date0=2026-08-26&destination0=rome&origin1=rome&date1=2026-08-28&destination1=ktw&adultsv2=1&market=PL&locale=pl-PL&currency=PLN,Wrocław-Rzym,591.3997727272728,-1.110440153501171,477.94,4.5
Wrocław,Rzym,Włochy,Kraków,2026-08-26,2026-08-28,2,258.11,241.35,499.46000000000004,WRO,ROM,KRK,https://skyscanner.net/g/referrals/v1/flights/multicity/?mediaPartnerId=6439681&origin0=wro&date0=2026-08-26&destination0=rom&origin1=rom&date1=2026-08-28&destination1=krk&adultsv2=1&market=PL&locale=pl-PL&currency=PLN,Wrocław-Rzym,591.3997727272728,-1.110440153501171,477.94,4.5
Wrocław,Rzym,Włochy,Katowice,2026-08-26,2026-08-28,2,258.11,241.35,499.46000000000004,WRO,ROM,KTW,https://skyscanner.net/g/referrals/v1/flights/multicity/?mediaPartnerId=6439681&origin0=wro&date0=2026-08-26&destination0=rom&origin1=rom&date1=2026-08-28&destination1=ktw&adultsv2=1&market=PL&locale=pl-PL&currency=PLN,Wrocław-Rzym,591.3997727272728,-1.110440153501171,477.94,4.5
Wrocław,Rzym,Włochy,Kraków,2026-08-26,2026-08-28,2,258.11,241.35,499.46000000000004,WRO,ROME,KRK,https://skyscanner.net/g/referrals/v1/flights/multicity/?mediaPartnerId=6439681&origin0=wro&date0=2026-08-26&destination0=rome&origin1=rome&date1=2026-08-28&destination1=krk&adultsv2=1&market=PL&locale=pl-PL&currency=PLN,Wrocław-Rzym,591.3997727272728,-1.110440153501171,477.94,4.5
Wrocław,Dubrovnik,Chorwacja,Katowice,2026-08-22,2026-08-27,5,215.08,284.45,499.53,WRO,DBV,KTW,https://skyscanner.net/g/referrals/v1/flights/multicity/?mediaPartnerId=6439681&origin0=wro&date0=2026-08-22&destination0=dbv&origin1=dbv&date1=2026-08-27&destination1=ktw&adultsv2=1&market=PL&locale=pl-PL&currency=PLN,Wrocław-Dubrovnik,578.7238461538461,-1.0050385313158723,499.53,0.0
Poznań,Zadar,Chorwacja,Warszawa,2026-08-25,2026-08-27,2,124.73,375.37,500.1,POZ,ZAD,WARS,https://skyscanner.net/g/referrals/v1/flights/multicity/?mediaPartnerId=6439681&origin0=poz&date0=2026-08-25&destination0=zad&origin1=zad&date1=2026-08-27&destination1=wars&adultsv2=1&market=PL&locale=pl-PL&currency=PLN,Poznań-Zadar,663.7591025641026,-1.5707763433311397,478.95,4.42
Warszawa,Bolonia,Włochy,Wrocław,2026-08-25,2026-08-29,4,302.25,197.87,500.12,WARS,BLQ,WRO,https://skyscanner.net/g/referrals/v1/flights/multicity/?mediaPartnerId=6439681&origin0=wars&date0=2026-08-25&destination0=blq&origin1=blq&date1=2026-08-29&destination1=wro&adultsv2=1&market=PL&locale=pl-PL&currency=PLN,Warszawa-Bolonia,572.7326388888889,-1.1243835730214693,474.33,5.44
Gdańsk,Mediolan,Włochy,Kraków,2026-08-25,2026-08-28,3,405.58,95.0,500.58,GDN,MILA,KRK,https://skyscanner.net/g/referrals/v1/flights/multicity/?mediaPartnerId=6439681&origin0=gdn&date0=2026-08-25&destination0=mila&origin1=mila&date1=2026-08-28&destination1=krk&adultsv2=1&market=PL&locale=pl-PL&currency=PLN,Gdańsk-Mediolan,648.5529940119761,-1.4418356525464011,453.15,10.47
Wrocław,Rzym,Włochy,Kraków,2026-08-28,2026-08-31,3,292.53,209.77,502.29999999999995,WRO,ROME,KRK,https://skyscanner.net/g/referrals/v1/flights/multicity/?mediaPartnerId=6439681&origin0=wro&date0=2026-08-28&destination0=rome&origin1=rome&date1=2026-08-31&destination1=krk&adultsv2=1&market=PL&locale=pl-PL&currency=PLN,Wrocław-Rzym,591.3997727272728,-1.0761388936394773,502.3,-0.0
Kraków,Valletta,Malta,Gdańsk,2026-08-24,2026-08-26,2,260.13,242.26,502.39,KRK,MLA,GDN,https://skyscanner.net/g/referrals/v1/flights/multicity/?mediaPartnerId=6439681&origin0=krk&date0=2026-08-24&destination0=mla&origin1=mla&date1=2026-08-26&destination1=gdn&adultsv2=1&market=PL&locale=pl-PL&currency=PLN,Kraków-Valletta,694.90908045977,-2.7535324929521034,461.83,8.78
Warszawa,Zadar,Chorwacja,Poznań,2026-08-25,2026-08-28,3,159.0,344.16,503.16,WARS,ZAD,POZ,https://skyscanner.net/g/referrals/v1/flights/multicity/?mediaPartnerId=6439681&origin0=wars&date0=2026-08-25&destination0=zad&origin1=zad&date1=2026-08-28&destination1=poz&adultsv2=1&market=PL&locale=pl-PL&currency=PLN,Warszawa-Zadar,669.9506250000001,-1.6726104002464337,531.76,-5.38
Gdańsk,Rzym,Włochy,Wrocław,2026-08-26,2026-08-30,4,257.93,246.09,504.02,GDN,ROME,WRO,https://skyscanner.net/g/referrals/v1/flights/multicity/?mediaPartnerId=6439681&origin0=gdn&date0=2026-08-26&destination0=rome&origin1=rome&date1=2026-08-30&destination1=wro&adultsv2=1&market=PL&locale=pl-PL&currency=PLN,Gdańsk-Rzym,654.3681439393939,-2.1539057912314816,534.01,-5.62
Wrocław,Rzym,Włochy,Wrocław,2026-08-26,2026-08-30,4,258.11,246.09,504.20000000000005,WRO,ROME,WRO,https://www.skyscanner.net/g/referrals/v1/flights/day-view/?origin=wro&destination=rome&outboundDate=2026-08-26&inboundDate=2026-08-30&market=PL&locale=pl-PL&currency=PLN&mediaPartnerId=6439681,Wrocław-Rzym,591.3997727272728,-1.0531908676756665,498.83,1.08
Gdańsk,Mediolan,Włochy,Warszawa,2026-08-25,2026-08-27,2,405.58,99.1,504.67999999999995,GDN,MILA,WARS,https://skyscanner.net/g/referrals/v1/flights/multicity/?mediaPartnerId=6439681&origin0=gdn&date0=2026-08-25&destination0=mila&origin1=mila&date1=2026-08-27&destination1=wars&adultsv2=1&market=PL&locale=pl-PL&currency=PLN,Gdańsk-Mediolan,648.5529940119761,-1.4018856183194681,437.15,15.45
Gdańsk,Mediolan,Włochy,Warszawa,2026-08-25,2026-08-27,2,405.58,99.1,504.67999999999995,GDN,MIL,WARS,https://skyscanner.net/g/referrals/v1/flights/multicity/?mediaPartnerId=6439681&origin0=gdn&date0=2026-08-25&destination0=mil&origin1=mil&date1=2026-08-27&destination1=wars&adultsv2=1&market=PL&locale=pl-PL&currency=PLN,Gdańsk-Mediolan,648.5529940119761,-1.4018856183194681,457.25,10.37
Wrocław,Girona,Hiszpania,Wrocław,2026-08-28,2026-08-31,3,206.48,298.73,505.21000000000004,WRO,GRO,WRO,https://www.skyscanner.net/g/referrals/v1/flights/day-view/?origin=wro&destination=gro&outboundDate=2026-08-28&inboundDate=2026-08-31&market=PL&locale=pl-PL&currency=PLN&mediaPartnerId=6439681,Wrocław-Girona,647.092,-1.4376285604244154,501.05,0.83
Warszawa,Bolonia,Włochy,Kraków,2026-08-27,2026-08-29,2,269.0,236.59,505.59000000000003,WARS,BLQ,KRK,https://skyscanner.net/g/referrals/v1/flights/multicity/?mediaPartnerId=6439681&origin0=wars&date0=2026-08-27&destination0=blq&origin1=blq&date1=2026-08-29&destination1=krk&adultsv2=1&market=PL&locale=pl-PL&currency=PLN,Warszawa-Bolonia,572.7326388888889,-1.0396823661993524,,0.0
Gdańsk,Mediolan,Włochy,Warszawa,2026-08-25,2026-08-31,6,405.58,100.37,505.95,GDN,MILA,WARS,https://skyscanner.net/g/referrals/v1/flights/multicity/?mediaPartnerId=6439681&origin0=gdn&date0=2026-08-25&destination0=mila&origin1=mila&date1=2026-08-31&destination1=wars&adultsv2=1&market=PL&locale=pl-PL&currency=PLN,Gdańsk-Mediolan,648.5529940119761,-1.3895108516199055,445.91,13.46
Warszawa,Bari,Włochy,Kraków,2026-08-27,2026-08-29,2,219.02,286.97,505.99,WARS,BRI,KRK,https://skyscanner.net/g/referrals/v1/flights/multicity/?mediaPartnerId=6439681&origin0=wars&date0=2026-08-27&destination0=bri&origin1=bri&date1=2026-08-29&destination1=krk&adultsv2=1&market=PL&locale=pl-PL&currency=PLN,Warszawa-Bari,684.2911111111111,-2.260363723308314,519.51,-2.6
Poznań,Rzym,Włochy,Kraków,2026-08-26,2026-08-28,2,250.65,255.34,505.99,POZ,ROME,KRK,https://skyscanner.net/g/referrals/v1/flights/multicity/?mediaPartnerId=6439681&origin0=poz&date0=2026-08-26&destination0=rome&origin1=rome&date1=2026-08-28&destination1=krk&adultsv2=1&market=PL&locale=pl-PL&currency=PLN,Poznań-Rzym,588.2803816793893,-1.1002576205398373,498.35,1.53
Wrocław,Girona,Hiszpania,Kraków,2026-08-24,2026-08-27,3,172.06,335.93,507.99,WRO,GRO,KRK,https://skyscanner.net/g/referrals/v1/flights/multicity/?mediaPartnerId=6439681&origin0=wro&date0=2026-08-24&destination0=gro&origin1=gro&date1=2026-08-27&destination1=krk&adultsv2=1&market=PL&locale=pl-PL&currency=PLN,Wrocław-Girona,647.092,-1.409460030251597,473.19,7.35
Kraków,Bolonia,Włochy,Kraków,2026-08-26,2026-08-28,2,335.93,172.06,507.99,KRK,BLQ,KRK,https://www.skyscanner.net/g/referrals/v1/flights/day-view/?origin=krk&destination=blq&outboundDate=2026-08-26&inboundDate=2026-08-28&market=PL&locale=pl-PL&currency=PLN&mediaPartnerId=6439681,Kraków-Bolonia,587.4342307692308,-1.0036456818873531,,0.0
Warszawa,Rimini,Włochy,Kraków,2026-08-23,2026-08-28,5,299.0,209.3,508.3,WARS,RMI,KRK,https://skyscanner.net/g/referrals/v1/flights/multicity/?mediaPartnerId=6439681&origin0=wars&date0=2026-08-23&destination0=rmi&origin1=rmi&date1=2026-08-28&destination1=krk&adultsv2=1&market=PL&locale=pl-PL&currency=PLN,Warszawa-Rimini,556.8188888888889,-1.1034649095683213,502.3,1.19
Wrocław,Nicea,Francja,Gdańsk,2026-08-25,2026-08-27,2,269.0,241.35,510.35,WRO,NCE,GDN,https://skyscanner.net/g/referrals/v1/flights/multicity/?mediaPartnerId=6439681&origin0=wro&date0=2026-08-25&destination0=nce&origin1=nce&date1=2026-08-27&destination1=gdn&adultsv2=1&market=PL&locale=pl-PL&currency=PLN,Wrocław-Nicea,705.0186666666667,-2.321287154233986,490.35,4.08
Katowice,Bari,Włochy,Kraków,2026-08-25,2026-08-29,4,223.69,286.97,510.66,KTW,BRI,KRK,https://skyscanner.net/g/referrals/v1/flights/multicity/?mediaPartnerId=6439681&origin0=ktw&date0=2026-08-25&destination0=bri&origin1=bri&date1=2026-08-29&destination1=krk&adultsv2=1&market=PL&locale=pl-PL&currency=PLN,Katowice-Bari,674.5802857142858,-1.968352276266625,531.08,-3.84
Kraków,Split,Chorwacja,Wrocław,2026-08-24,2026-08-28,4,209.0,301.69,510.69,KRK,SPU,WRO,https://skyscanner.net/g/referrals/v1/flights/multicity/?mediaPartnerId=6439681&origin0=krk&date0=2026-08-24&destination0=spu&origin1=spu&date1=2026-08-28&destination1=wro&adultsv2=1&market=PL&locale=pl-PL&currency=PLN,Kraków-Split,649.8252941176471,-1.8806313333641664,510.69,0.0
Kraków,Split,Chorwacja,Wrocław,2026-08-26,2026-08-28,2,209.0,301.69,510.69,KRK,SPU,WRO,https://skyscanner.net/g/referrals/v1/flights/multicity/?mediaPartnerId=6439681&origin0=krk&date0=2026-08-26&destination0=spu&origin1=spu&date1=2026-08-28&destination1=wro&adultsv2=1&market=PL&locale=pl-PL&currency=PLN,Kraków-Split,649.8252941176471,-1.8806313333641664,510.69,0.0
Katowice,Split,Chorwacja,Wrocław,2026-08-26,2026-08-28,2,209.0,301.69,510.69,KTW,SPU,WRO,https://skyscanner.net/g/referrals/v1/flights/multicity/?mediaPartnerId=6439681&origin0=ktw&date0=2026-08-26&destination0=spu&origin1=spu&date1=2026-08-28&destination1=wro&adultsv2=1&market=PL&locale=pl-PL&currency=PLN,Katowice-Split,649.8252941176471,-1.8806313333641664,510.69,0.0
Katowice,Split,Chorwacja,Wrocław,2026-08-24,2026-08-28,4,209.0,301.69,510.69,KTW,SPU,WRO,https://skyscanner.net/g/referrals/v1/flights/multicity/?mediaPartnerId=6439681&origin0=ktw&date0=2026-08-24&destination0=spu&origin1=spu&date1=2026-08-28&destination1=wro&adultsv2=1&market=PL&locale=pl-PL&currency=PLN,Katowice-Split,649.8252941176471,-1.8806313333641664,510.69,0.0
Warszawa,Rimini,Włochy,Warszawa,2026-08-28,2026-08-31,3,209.0,301.69,510.69,WARS,RMI,WARS,https://www.skyscanner.net/g/referrals/v1/flights/day-view/?origin=wars&destination=rmi&outboundDate=2026-08-28&inboundDate=2026-08-31&market=PL&locale=pl-PL&currency=PLN&mediaPartnerId=6439681,Warszawa-Rimini,556.8188888888889,-1.0491091484562356,,0.0
Wrocław,Pafos,Cypr,Gdańsk,2026-08-27,2026-08-31,4,215.72,295.13,510.85,WRO,PFO,GDN,https://skyscanner.net/g/referrals/v1/flights/multicity/?mediaPartnerId=6439681&origin0=wro&date0=2026-08-27&destination0=pfo&origin1=pfo&date1=2026-08-31&destination1=gdn&adultsv2=1&market=PL&locale=pl-PL&currency=PLN,Wrocław-Pafos,665.96,-1.1230320747840234,430.71,18.61
Gdańsk,Mediolan,Włochy,Katowice,2026-08-25,2026-08-28,3,405.58,105.4,510.98,GDN,MILA,KTW,https://skyscanner.net/g/referrals/v1/flights/multicity/?mediaPartnerId=6439681&origin0=gdn&date0=2026-08-25&destination0=mila&origin1=mila&date1=2026-08-28&destination1=ktw&adultsv2=1&market=PL&locale=pl-PL&currency=PLN,Gdańsk-Mediolan,648.5529940119761,-1.340498980361009,463.55,10.23
Warszawa,Zadar,Chorwacja,Katowice,2026-08-22,2026-08-25,3,249.0,262.79,511.79,WARS,ZAD,KTW,https://skyscanner.net/g/referrals/v1/flights/multicity/?mediaPartnerId=6439681&origin0=wars&date0=2026-08-22&destination0=zad&origin1=zad&date1=2026-08-25&destination1=ktw&adultsv2=1&market=PL&locale=pl-PL&currency=PLN,Warszawa-Zadar,669.9506250000001,-1.5860670003753274,526.79,-2.85
Katowice,Bari,Włochy,Kraków,2026-08-25,2026-08-28,3,223.69,288.55,512.24,KTW,BRI,KRK,https://skyscanner.net/g/referrals/v1/flights/multicity/?mediaPartnerId=6439681&origin0=ktw&date0=2026-08-25&destination0=bri&origin1=bri&date1=2026-08-28&destination1=krk&adultsv2=1&market=PL&locale=pl-PL&currency=PLN,Katowice-Bari,674.5802857142858,-1.9493796605043392,499.0,2.65
Warszawa,Piza,Włochy,Kraków,2026-08-25,2026-08-28,3,299.0,214.07,513.0699999999999,WARS,PSA,KRK,https://skyscanner.net/g/referrals/v1/flights/multicity/?mediaPartnerId=6439681&origin0=wars&date0=2026-08-25&destination0=psa&origin1=psa&date1=2026-08-28&destination1=krk&adultsv2=1&market=PL&locale=pl-PL&currency=PLN,Warszawa-Piza,613.205,-1.3918968562520182,513.0699999999999,0.0
Gdańsk,Rzym,Włochy,Kraków,2026-08-26,2026-08-28,2,257.93,255.34,513.27,GDN,ROME,KRK,https://skyscanner.net/g/referrals/v1/flights/multicity/?mediaPartnerId=6439681&origin0=gdn&date0=2026-08-26&destination0=rome&origin1=rome&date1=2026-08-28&destination1=krk&adultsv2=1&market=PL&locale=pl-PL&currency=PLN,Gdańsk-Rzym,654.3681439393939,-2.0213891665039925,513.12,0.03
Gdańsk,Mediolan,Włochy,Kraków,2026-08-25,2026-08-27,2,405.58,107.72,513.3,GDN,MIL,KRK,https://skyscanner.net/g/referrals/v1/flights/multicity/?mediaPartnerId=6439681&origin0=gdn&date0=2026-08-25&destination0=mil&origin1=mil&date1=2026-08-27&destination1=krk&adultsv2=1&market=PL&locale=pl-PL&currency=PLN,Gdańsk-Mediolan,648.5529940119761,-1.3178931073350375,465.87,10.18
Gdańsk,Mediolan,Włochy,Kraków,2026-08-25,2026-08-27,2,405.58,107.72,513.3,GDN,MILA,KRK,https://skyscanner.net/g/referrals/v1/flights/multicity/?mediaPartnerId=6439681&origin0=gdn&date0=2026-08-25&destination0=mila&origin1=mila&date1=2026-08-27&destination1=krk&adultsv2=1&market=PL&locale=pl-PL&currency=PLN,Gdańsk-Mediolan,648.5529940119761,-1.3178931073350375,453.15,13.27
Warszawa,Bari,Włochy,Katowice,2026-08-27,2026-08-31,4,219.02,294.46,513.48,WARS,BRI,KTW,https://skyscanner.net/g/referrals/v1/flights/multicity/?mediaPartnerId=6439681&origin0=wars&date0=2026-08-27&destination0=bri&origin1=bri&date1=2026-08-31&destination1=ktw&adultsv2=1&market=PL&locale=pl-PL&currency=PLN,Warszawa-Bari,684.2911111111111,-2.16541129041501,529.5,-3.03
Poznań,Girona,Hiszpania,Wrocław,2026-08-28,2026-08-31,3,215.08,298.73,513.8100000000001,POZ,GRO,WRO,https://skyscanner.net/g/referrals/v1/flights/multicity/?mediaPartnerId=6439681&origin0=poz&date0=2026-08-28&destination0=gro&origin1=gro&date1=2026-08-31&destination1=wro&adultsv2=1&market=PL&locale=pl-PL&currency=PLN,Poznań-Girona,631.6580952380953,-1.20341244710508,509.65,0.82
Kraków,Zadar,Chorwacja,Warszawa,2026-08-24,2026-08-28,4,278.24,236.15,514.39,KRK,ZAD,WARS,https://skyscanner.net/g/referrals/v1/flights/multicity/?mediaPartnerId=6439681&origin0=krk&date0=2026-08-24&destination0=zad&origin1=zad&date1=2026-08-28&destination1=wars&adultsv2=1&market=PL&locale=pl-PL&currency=PLN,Kraków-Zadar,669.821,-1.5639311169995351,485.75,5.9
Gdańsk,Mediolan,Włochy,Warszawa,2026-08-25,2026-08-27,2,405.58,109.84,515.42,GDN,MILA,WARS,https://skyscanner.net/g/referrals/v1/flights/multicity/?mediaPartnerId=6439681&origin0=gdn&date0=2026-08-25&destination0=mila&origin1=mila&date1=2026-08-27&destination1=wars&adultsv2=1&market=PL&locale=pl-PL&currency=PLN,Gdańsk-Mediolan,648.5529940119761,-1.297236016466477,437.15,17.9
Wrocław,Zadar,Chorwacja,Warszawa,2026-08-24,2026-08-28,4,279.49,236.15,515.64,WRO,ZAD,WARS,https://skyscanner.net/g/referrals/v1/flights/multicity/?mediaPartnerId=6439681&origin0=wro&date0=2026-08-24&destination0=zad&origin1=zad&date1=2026-08-28&destination1=wars&adultsv2=1&market=PL&locale=pl-PL&currency=PLN,Wrocław-Zadar,648.7559302325582,-1.2854430852953251,469.56,9.81
Kraków,Zadar,Chorwacja,Poznań,2026-08-26,2026-08-28,2,172.25,344.16,516.4100000000001,KRK,ZAD,POZ,https://skyscanner.net/g/referrals/v1/flights/multicity/?mediaPartnerId=6439681&origin0=krk&date0=2026-08-26&destination0=zad&origin1=zad&date1=2026-08-28&destination1=poz&adultsv2=1&market=PL&locale=pl-PL&currency=PLN,Kraków-Zadar,669.821,-1.543606079804,503.3,2.6
Gdańsk,Mediolan,Włochy,Kraków,2026-08-25,2026-08-28,3,405.58,111.26,516.84,GDN,MILA,KRK,https://skyscanner.net/g/referrals/v1/flights/multicity/?mediaPartnerId=6439681&origin0=gdn&date0=2026-08-25&destination0=mila&origin1=mila&date1=2026-08-28&destination1=krk&adultsv2=1&market=PL&locale=pl-PL&currency=PLN,Gdańsk-Mediolan,648.5529940119761,-1.2833996631488553,453.15,14.05
Katowice,Bari,Włochy,Katowice,2026-08-25,2026-08-31,6,223.69,294.46,518.15,KTW,BRI,KTW,https://www.skyscanner.net/g/referrals/v1/flights/day-view/?origin=ktw&destination=bri&outboundDate=2026-08-25&inboundDate=2026-08-31&market=PL&locale=pl-PL&currency=PLN&mediaPartnerId=6439681,Katowice-Bari,674.5802857142858,-1.8784124711656627,541.07,-4.24
Katowice,Bari,Włochy,Kraków,2026-08-25,2026-08-27,2,223.69,294.46,518.15,KTW,BRI,KRK,https://skyscanner.net/g/referrals/v1/flights/multicity/?mediaPartnerId=6439681&origin0=ktw&date0=2026-08-25&destination0=bri&origin1=bri&date1=2026-08-27&destination1=krk&adultsv2=1&market=PL&locale=pl-PL&currency=PLN,Katowice-Bari,674.5802857142858,-1.8784124711656627,541.07,-4.24
Wrocław,Majorka,Hiszpania,Wrocław,2026-08-25,2026-08-31,6,111.91,406.49,518.4,WRO,PMI,WRO,https://www.skyscanner.net/g/referrals/v1/flights/day-view/?origin=wro&destination=pmi&outboundDate=2026-08-25&inboundDate=2026-08-31&market=PL&locale=pl-PL&currency=PLN&mediaPartnerId=6439681,Wrocław-Majorka,679.4699999999999,-1.7695026927040416,516.53,0.36
Wrocław,Edynburg,Szkocja,Warszawa,2026-08-29,2026-08-31,2,282.62,236.79,519.41,WRO,EDI,WARS,https://skyscanner.net/g/referrals/v1/flights/multicity/?mediaPartnerId=6439681&origin0=wro&date0=2026-08-29&destination0=edi&origin1=edi&date1=2026-08-31&destination1=wars&adultsv2=1&market=PL&locale=pl-PL&currency=PLN,Wrocław-Edynburg,706.8708333333334,-2.5424858562889723,519.49,-0.02
Warszawa,Piza,Włochy,Wrocław,2026-08-25,2026-08-29,4,299.0,221.25,520.25,WARS,PSA,WRO,https://skyscanner.net/g/referrals/v1/flights/multicity/?mediaPartnerId=6439681&origin0=wars&date0=2026-08-25&destination0=psa&origin1=psa&date1=2026-08-29&destination1=wro&adultsv2=1&market=PL&locale=pl-PL&currency=PLN,Warszawa-Piza,613.205,-1.292093396643594,520.28,-0.01
Wrocław,Girona,Hiszpania,Kraków,2026-08-24,2026-08-26,2,172.06,348.46,520.52,WRO,GRO,KRK,https://skyscanner.net/g/referrals/v1/flights/multicity/?mediaPartnerId=6439681&origin0=wro&date0=2026-08-24&destination0=gro&origin1=gro&date1=2026-08-26&destination1=krk&adultsv2=1&market=PL&locale=pl-PL&currency=PLN,Wrocław-Girona,647.092,-1.2824989931777053,529.12,-1.63
Gdańsk,Mediolan,Włochy,Kraków,2026-08-25,2026-08-29,4,405.58,114.96,520.54,GDN,MILA,KRK,https://skyscanner.net/g/referrals/v1/flights/multicity/?mediaPartnerId=6439681&origin0=gdn&date0=2026-08-25&destination0=mila&origin1=mila&date1=2026-08-29&destination1=krk&adultsv2=1&market=PL&locale=pl-PL&currency=PLN,Gdańsk-Mediolan,648.5529940119761,-1.2473471932367455,466.03,11.7
Kraków,Valletta,Malta,Gdańsk,2026-08-23,2026-08-26,3,278.5,242.26,520.76,KRK,MLA,GDN,https://skyscanner.net/g/referrals/v1/flights/multicity/?mediaPartnerId=6439681&origin0=krk&date0=2026-08-23&destination0=mla&origin1=mla&date1=2026-08-26&destination1=gdn&adultsv2=1&market=PL&locale=pl-PL&currency=PLN,Kraków-Valletta,694.90908045977,-2.4907928633282226,533.04,-2.3
Kraków,Saloniki,Grecja,Warszawa,2026-08-24,2026-08-27,3,98.78,422.08,520.86,KRK,SKG,WARS,https://skyscanner.net/g/referrals/v1/flights/multicity/?mediaPartnerId=6439681&origin0=krk&date0=2026-08-24&destination0=skg&origin1=skg&date1=2026-08-27&destination1=wars&adultsv2=1&market=PL&locale=pl-PL&currency=PLN,Kraków-Saloniki,670.3584,-2.330323652380806,507.47,2.64
Poznań,Girona,Hiszpania,Kraków,2026-08-25,2026-08-27,2,185.18,335.93,521.11,POZ,GRO,KRK,https://skyscanner.net/g/referrals/v1/flights/multicity/?mediaPartnerId=6439681&origin0=poz&date0=2026-08-25&destination0=gro&origin1=gro&date1=2026-08-27&destination1=krk&adultsv2=1&market=PL&locale=pl-PL&currency=PLN,Poznań-Girona,631.6580952380953,-1.1288680868749177,481.79,8.16
Gdańsk,Tirana,Albania,Kraków,2026-08-29,2026-08-31,2,69.0,453.84,522.8399999999999,GDN,TIA,KRK,https://skyscanner.net/g/referrals/v1/flights/multicity/?mediaPartnerId=6439681&origin0=gdn&date0=2026-08-29&destination0=tia&origin1=tia&date1=2026-08-31&destination1=krk&adultsv2=1&market=PL&locale=pl-PL&currency=PLN,Gdańsk-Tirana,657.6199999999999,-1.4601126441125711,564.4399999999999,-7.37
Gdańsk,Tirana,Albania,Katowice,2026-08-27,2026-08-31,4,69.0,453.84,522.8399999999999,GDN,TIA,KTW,https://skyscanner.net/g/referrals/v1/flights/multicity/?mediaPartnerId=6439681&origin0=gdn&date0=2026-08-27&destination0=tia&origin1=tia&date1=2026-08-31&destination1=ktw&adultsv2=1&market=PL&locale=pl-PL&currency=PLN,Gdańsk-Tirana,657.6199999999999,-1.4601126441125711,522.8399999999999,0.0
Gdańsk,Tirana,Albania,Katowice,2026-08-29,2026-08-31,2,69.0,453.84,522.8399999999999,GDN,TIA,KTW,https://skyscanner.net/g/referrals/v1/flights/multicity/?mediaPartnerId=6439681&origin0=gdn&date0=2026-08-29&destination0=tia&origin1=tia&date1=2026-08-31&destination1=ktw&adultsv2=1&market=PL&locale=pl-PL&currency=PLN,Gdańsk-Tirana,657.6199999999999,-1.4601126441125711,564.4399999999999,-7.37
Gdańsk,Tirana,Albania,Kraków,2026-08-27,2026-08-31,4,69.0,453.84,522.8399999999999,GDN,TIA,KRK,https://skyscanner.net/g/referrals/v1/flights/multicity/?mediaPartnerId=6439681&origin0=gdn&date0=2026-08-27&destination0=tia&origin1=tia&date1=2026-08-31&destination1=krk&adultsv2=1&market=PL&locale=pl-PL&currency=PLN,Gdańsk-Tirana,657.6199999999999,-1.4601126441125711,522.8399999999999,0.0
Wrocław,Zadar,Chorwacja,Wrocław,2026-08-26,2026-08-28,2,104.0,419.62,523.62,WRO,ZAD,WRO,https://www.skyscanner.net/g/referrals/v1/flights/day-view/?origin=wro&destination=zad&outboundDate=2026-08-26&inboundDate=2026-08-28&market=PL&locale=pl-PL&currency=PLN&mediaPartnerId=6439681,Wrocław-Zadar,648.7559302325582,-1.2083836694708185,,0.0
Wrocław,Zadar,Chorwacja,Wrocław,2026-08-25,2026-08-28,3,104.0,419.62,523.62,WRO,ZAD,WRO,https://www.skyscanner.net/g/referrals/v1/flights/day-view/?origin=wro&destination=zad&outboundDate=2026-08-25&inboundDate=2026-08-28&market=PL&locale=pl-PL&currency=PLN&mediaPartnerId=6439681,Wrocław-Zadar,648.7559302325582,-1.2083836694708185,,0.0
Warszawa,Majorka,Hiszpania,Gdańsk,2026-08-25,2026-08-27,2,189.27,334.5,523.77,WARS,PMI,GDN,https://skyscanner.net/g/referrals/v1/flights/multicity/?mediaPartnerId=6439681&origin0=wars&date0=2026-08-25&destination0=pmi&origin1=pmi&date1=2026-08-27&destination1=gdn&adultsv2=1&market=PL&locale=pl-PL&currency=PLN,Warszawa-Majorka,695.95,-1.9777696704911896,625.44,-16.26
Wrocław,Paryż,Francja,Poznań,2026-08-29,2026-08-31,2,421.33,102.7,524.03,WRO,BVA,POZ,https://skyscanner.net/g/referrals/v1/flights/multicity/?mediaPartnerId=6439681&origin0=wro&date0=2026-08-29&destination0=bva&origin1=bva&date1=2026-08-31&destination1=poz&adultsv2=1&market=PL&locale=pl-PL&currency=PLN,Wrocław-Paryż,679.2883673469387,-1.8298638067796191,482.68,8.57
Warszawa,Pafos,Cypr,Gdańsk,2026-08-29,2026-08-31,2,229.0,295.13,524.13,WARS,PFO,GDN,https://skyscanner.net/g/referrals/v1/flights/multicity/?mediaPartnerId=6439681&origin0=wars&date0=2026-08-29&destination0=pfo&origin1=pfo&date1=2026-08-31&destination1=gdn&adultsv2=1&market=PL&locale=pl-PL&currency=PLN,Warszawa-Pafos,672.54,-1.236604745258573,458.28,14.37
Wrocław,Malaga,Hiszpania,Katowice,2026-08-25,2026-08-31,6,185.29,339.37,524.66,WRO,AGP,KTW,https://skyscanner.net/g/referrals/v1/flights/multicity/?mediaPartnerId=6439681&origin0=wro&date0=2026-08-25&destination0=agp&origin1=agp&date1=2026-08-31&destination1=ktw&adultsv2=1&market=PL&locale=pl-PL&currency=PLN,Wrocław-Malaga,699.5887179487179,-2.4804993015723693,,0.0
Wrocław,Palermo,Włochy,Kraków,2026-08-24,2026-08-26,2,288.55,236.15,524.7,WRO,PMO,KRK,https://skyscanner.net/g/referrals/v1/flights/multicity/?mediaPartnerId=6439681&origin0=wro&date0=2026-08-24&destination0=pmo&origin1=pmo&date1=2026-08-26&destination1=krk&adultsv2=1&market=PL&locale=pl-PL&currency=PLN,Wrocław-Palermo,717.585,-2.751258102746788,489.9500000000001,7.09
Gdańsk,Zadar,Chorwacja,Gdańsk,2026-08-20,2026-08-27,7,309.74,215.49,525.23,GDN,ZAD,GDN,https://www.skyscanner.net/g/referrals/v1/flights/day-view/?origin=gdn&destination=zad&outboundDate=2026-08-20&inboundDate=2026-08-27&market=PL&locale=pl-PL&currency=PLN&mediaPartnerId=6439681,Gdańsk-Zadar,675.934081632653,-1.9590157306678697,528.11,-0.55
Gdańsk,Podgorica,Czarnogóra,Poznań,2026-08-24,2026-08-27,3,95.0,431.01,526.01,GDN,TGD,POZ,https://skyscanner.net/g/referrals/v1/flights/multicity/?mediaPartnerId=6439681&origin0=gdn&date0=2026-08-24&destination0=tgd&origin1=tgd&date1=2026-08-27&destination1=poz&adultsv2=1&market=PL&locale=pl-PL&currency=PLN,Gdańsk-Podgorica,654.783125,-2.4927233110624893,599.28,-12.23
Wrocław,Majorka,Hiszpania,Gdańsk,2026-08-25,2026-08-30,5,111.91,416.07,527.98,WRO,PMI,GDN,https://skyscanner.net/g/referrals/v1/flights/multicity/?mediaPartnerId=6439681&origin0=wro&date0=2026-08-25&destination0=pmi&origin1=pmi&date1=2026-08-30&destination1=gdn&adultsv2=1&market=PL&locale=pl-PL&currency=PLN,Wrocław-Majorka,679.4699999999999,-1.6642575458976543,,0.0
Warszawa,Piza,Włochy,Gdańsk,2026-08-25,2026-08-27,2,299.0,229.65,528.65,WARS,PSA,GDN,https://skyscanner.net/g/referrals/v1/flights/multicity/?mediaPartnerId=6439681&origin0=wars&date0=2026-08-25&destination0=psa&origin1=psa&date1=2026-08-27&destination1=gdn&adultsv2=1&market=PL&locale=pl-PL&currency=PLN,Warszawa-Piza,613.205,-1.1753316890237115,,0.0
Kraków,Marsylia,Francja,Wrocław,2026-08-26,2026-08-29,3,375.28,153.82,529.0999999999999,KRK,MRS,WRO,https://skyscanner.net/g/referrals/v1/flights/multicity/?mediaPartnerId=6439681&origin0=krk&date0=2026-08-26&destination0=mrs&origin1=mrs&date1=2026-08-29&destination1=wro&adultsv2=1&market=PL&locale=pl-PL&currency=PLN,Kraków-Marsylia,688.34,-1.146996945160691,529.11,-0.0
Gdańsk,Palermo,Włochy,Kraków,2026-08-22,2026-08-26,4,293.28,236.15,529.43,GDN,PMO,KRK,https://skyscanner.net/g/referrals/v1/flights/multicity/?mediaPartnerId=6439681&origin0=gdn&date0=2026-08-22&destination0=pmo&origin1=pmo&date1=2026-08-26&destination1=krk&adultsv2=1&market=PL&locale=pl-PL&currency=PLN,Gdańsk-Palermo,698.8135294117646,-2.0248898617254047,649.22,-18.45
Warszawa,Zadar,Chorwacja,Gdańsk,2026-08-25,2026-08-27,2,314.04,215.49,529.53,WARS,ZAD,GDN,https://skyscanner.net/g/referrals/v1/flights/multicity/?mediaPartnerId=6439681&origin0=wars&date0=2026-08-25&destination0=zad&origin1=zad&date1=2026-08-27&destination1=gdn&adultsv2=1&market=PL&locale=pl-PL&currency=PLN,Warszawa-Zadar,669.9506250000001,-1.408166662749207,388.77,36.21
Kraków,Saloniki,Grecja,Warszawa,2026-08-23,2026-08-27,4,107.9,422.08,529.98,KRK,SKG,WARS,https://skyscanner.net/g/referrals/v1/flights/multicity/?mediaPartnerId=6439681&origin0=krk&date0=2026-08-23&destination0=skg&origin1=skg&date1=2026-08-27&destination1=wars&adultsv2=1&market=PL&locale=pl-PL&currency=PLN,Kraków-Saloniki,670.3584,-2.1881645944262527,520.62,1.8
Gdańsk,Madryt,Hiszpania,Wrocław,2026-08-24,2026-08-26,2,359.0,172.38,531.38,GDN,MAD,WRO,https://skyscanner.net/g/referrals/v1/flights/multicity/?mediaPartnerId=6439681&origin0=gdn&date0=2026-08-24&destination0=mad&origin1=mad&date1=2026-08-26&destination1=wro&adultsv2=1&market=PL&locale=pl-PL&currency=PLN,Gdańsk-Madryt,649.2778260869565,-2.3191154222077968,531.38,0.0
Gdańsk,Madryt,Hiszpania,Wrocław,2026-08-21,2026-08-26,5,359.0,172.38,531.38,GDN,MAD,WRO,https://skyscanner.net/g/referrals/v1/flights/multicity/?mediaPartnerId=6439681&origin0=gdn&date0=2026-08-21&destination0=mad&origin1=mad&date1=2026-08-26&destination1=wro&adultsv2=1&market=PL&locale=pl-PL&currency=PLN,Gdańsk-Madryt,649.2778260869565,-2.3191154222077968,531.38,0.0
Katowice,Madryt,Hiszpania,Wrocław,2026-08-21,2026-08-26,5,359.0,172.38,531.38,KTW,MAD,WRO,https://skyscanner.net/g/referrals/v1/flights/multicity/?mediaPartnerId=6439681&origin0=ktw&date0=2026-08-21&destination0=mad&origin1=mad&date1=2026-08-26&destination1=wro&adultsv2=1&market=PL&locale=pl-PL&currency=PLN,Katowice-Madryt,689.0480952380952,-2.647252326564224,531.38,0.0
Warszawa,Piza,Włochy,Kraków,2026-08-25,2026-08-27,2,299.0,232.56,531.56,WARS,PSA,KRK,https://skyscanner.net/g/referrals/v1/flights/multicity/?mediaPartnerId=6439681&origin0=wars&date0=2026-08-25&destination0=psa&origin1=psa&date1=2026-08-27&destination1=krk&adultsv2=1&market=PL&locale=pl-PL&currency=PLN,Warszawa-Piza,613.205,-1.1348820974553957,505.48,5.16
Gdańsk,Mediolan,Włochy,Kraków,2026-08-25,2026-08-31,6,405.58,127.05,532.63,GDN,MILA,KRK,https://skyscanner.net/g/referrals/v1/flights/multicity/?mediaPartnerId=6439681&origin0=gdn&date0=2026-08-25&destination0=mila&origin1=mila&date1=2026-08-31&destination1=krk&adultsv2=1&market=PL&locale=pl-PL&currency=PLN,Gdańsk-Mediolan,648.5529940119761,-1.1295433118212272,444.16,19.92
Wrocław,Paryż,Francja,Wrocław,2026-08-27,2026-08-29,2,438.38,94.72,533.1,WRO,BVA,WRO,https://www.skyscanner.net/g/referrals/v1/flights/day-view/?origin=wro&destination=bva&outboundDate=2026-08-27&inboundDate=2026-08-29&market=PL&locale=pl-PL&currency=PLN&mediaPartnerId=6439681,Wrocław-Paryż,679.2883673469387,-1.7229654475407636,514.39,3.64
Gdańsk,Rzym,Włochy,Warszawa,2026-08-27,2026-08-31,4,359.0,175.03,534.03,GDN,ROME,WARS,https://skyscanner.net/g/referrals/v1/flights/multicity/?mediaPartnerId=6439681&origin0=gdn&date0=2026-08-27&destination0=rome&origin1=rome&date1=2026-08-31&destination1=wars&adultsv2=1&market=PL&locale=pl-PL&currency=PLN,Gdańsk-Rzym,654.3681439393939,-1.72397888225073,534.04,-0.0
Gdańsk,Rzym,Włochy,Warszawa,2026-08-27,2026-08-31,4,359.0,175.03,534.03,GDN,ROME,WARS,https://skyscanner.net/g/referrals/v1/flights/multicity/?mediaPartnerId=6439681&origin0=gdn&date0=2026-08-27&destination0=rome&origin1=rome&date1=2026-08-31&destination1=wars&adultsv2=1&market=PL&locale=pl-PL&currency=PLN,Gdańsk-Rzym,654.3681439393939,-1.72397888225073,534.04,-0.0
Warszawa,Zadar,Chorwacja,Warszawa,2026-08-25,2026-08-27,2,159.0,375.37,534.37,WARS,ZAD,WARS,https://www.skyscanner.net/g/referrals/v1/flights/day-view/?origin=wars&destination=zad&outboundDate=2026-08-25&inboundDate=2026-08-27&market=PL&locale=pl-PL&currency=PLN&mediaPartnerId=6439681,Warszawa-Zadar,669.9506250000001,-1.3596301557531287,537.52,-0.59
Warszawa,Zadar,Chorwacja,Gdańsk,2026-08-23,2026-08-27,4,319.0,215.49,534.49,WARS,ZAD,GDN,https://skyscanner.net/g/referrals/v1/flights/multicity/?mediaPartnerId=6439681&origin0=wars&date0=2026-08-23&destination0=zad&origin1=zad&date1=2026-08-27&destination1=gdn&adultsv2=1&market=PL&locale=pl-PL&currency=PLN,Warszawa-Zadar,669.9506250000001,-1.3584267712821514,508.77,5.06
Wrocław,Valletta,Malta,Gdańsk,2026-08-23,2026-08-26,3,292.31,242.26,534.5699999999999,WRO,MLA,GDN,https://skyscanner.net/g/referrals/v1/flights/multicity/?mediaPartnerId=6439681&origin0=wro&date0=2026-08-23&destination0=mla&origin1=mla&date1=2026-08-26&destination1=gdn&adultsv2=1&market=PL&locale=pl-PL&currency=PLN,Wrocław-Valletta,724.2726785714285,-3.244816160732931,528.48,1.15
Gdańsk,Mediolan,Włochy,Warszawa,2026-08-25,2026-08-31,6,405.58,129.27,534.85,GDN,MIL,WARS,https://skyscanner.net/g/referrals/v1/flights/multicity/?mediaPartnerId=6439681&origin0=gdn&date0=2026-08-25&destination0=mil&origin1=mil&date1=2026-08-31&destination1=wars&adultsv2=1&market=PL&locale=pl-PL&currency=PLN,Gdańsk-Mediolan,648.5529940119761,-1.1079118298739605,487.42,9.73
Gdańsk,Mediolan,Włochy,Warszawa,2026-08-25,2026-08-31,6,405.58,129.27,534.85,GDN,MILA,WARS,https://skyscanner.net/g/referrals/v1/flights/multicity/?mediaPartnerId=6439681&origin0=gdn&date0=2026-08-25&destination0=mila&origin1=mila&date1=2026-08-31&destination1=wars&adultsv2=1&market=PL&locale=pl-PL&currency=PLN,Gdańsk-Mediolan,648.5529940119761,-1.1079118298739605,445.91,19.95
Warszawa,Bari,Włochy,Kraków,2026-08-26,2026-08-29,3,249.0,286.97,535.97,WARS,BRI,KRK,https://skyscanner.net/g/referrals/v1/flights/multicity/?mediaPartnerId=6439681&origin0=wars&date0=2026-08-26&destination0=bri&origin1=bri&date1=2026-08-29&destination1=krk&adultsv2=1&market=PL&locale=pl-PL&currency=PLN,Warszawa-Bari,684.2911111111111,-1.8803004471879872,543.49,-1.38
Wrocław,Bari,Włochy,Kraków,2026-08-24,2026-08-29,5,249.0,286.97,535.97,WRO,BRI,KRK,https://skyscanner.net/g/referrals/v1/flights/multicity/?mediaPartnerId=6439681&origin0=wro&date0=2026-08-24&destination0=bri&origin1=bri&date1=2026-08-29&destination1=krk&adultsv2=1&market=PL&locale=pl-PL&currency=PLN,Wrocław-Bari,631.6087878787879,-1.804888011462845,543.49,-1.38
Wrocław,Bari,Włochy,Kraków,2026-08-24,2026-08-28,4,249.0,288.55,537.55,WRO,BRI,KRK,https://skyscanner.net/g/referrals/v1/flights/multicity/?mediaPartnerId=6439681&origin0=wro&date0=2026-08-24&destination0=bri&origin1=bri&date1=2026-08-28&destination1=krk&adultsv2=1&market=PL&locale=pl-PL&currency=PLN,Wrocław-Bari,631.6087878787879,-1.775070370301129,511.41,5.11
Warszawa,Bari,Włochy,Kraków,2026-08-26,2026-08-28,2,249.0,288.55,537.55,WARS,BRI,KRK,https://skyscanner.net/g/referrals/v1/flights/multicity/?mediaPartnerId=6439681&origin0=wars&date0=2026-08-26&destination0=bri&origin1=bri&date1=2026-08-28&destination1=krk&adultsv2=1&market=PL&locale=pl-PL&currency=PLN,Warszawa-Bari,684.2911111111111,-1.8602704279661697,511.41,5.11
Kraków,Pescara,Włochy,Kraków,2026-08-27,2026-08-29,2,167.75,369.97,537.72,KRK,PSR,KRK,https://www.skyscanner.net/g/referrals/v1/flights/day-view/?origin=krk&destination=psr&outboundDate=2026-08-27&inboundDate=2026-08-29&market=PL&locale=pl-PL&currency=PLN&mediaPartnerId=6439681,Kraków-Pescara,690.1628571428572,-1.7063406501959395,494.7,8.7
Wrocław,Neapol,Włochy,Katowice,2026-08-23,2026-08-26,3,253.8,284.45,538.25,WRO,NAP,KTW,https://skyscanner.net/g/referrals/v1/flights/multicity/?mediaPartnerId=6439681&origin0=wro&date0=2026-08-23&destination0=nap&origin1=nap&date1=2026-08-26&destination1=ktw&adultsv2=1&market=PL&locale=pl-PL&currency=PLN,Wrocław-Neapol,662.2018181818182,-2.069749110402418,533.95,0.81
Wrocław,Palermo,Włochy,Kraków,2026-08-23,2026-08-26,3,302.72,236.15,538.87,WRO,PMO,KRK,https://skyscanner.net/g/referrals/v1/flights/multicity/?mediaPartnerId=6439681&origin0=wro&date0=2026-08-23&destination0=pmo&origin1=pmo&date1=2026-08-26&destination1=krk&adultsv2=1&market=PL&locale=pl-PL&currency=PLN,Wrocław-Palermo,717.585,-2.549141155778792,498.61,8.07
Wrocław,Zadar,Chorwacja,Gdańsk,2026-08-23,2026-08-27,4,323.55,215.49,539.04,WRO,ZAD,GDN,https://skyscanner.net/g/referrals/v1/flights/multicity/?mediaPartnerId=6439681&origin0=wro&date0=2026-08-23&destination0=zad&origin1=zad&date1=2026-08-27&destination1=gdn&adultsv2=1&market=PL&locale=pl-PL&currency=PLN,Wrocław-Zadar,648.7559302325582,-1.0594793847572987,,0.0
Poznań,Valletta,Malta,Gdańsk,2026-08-24,2026-08-26,2,296.87,242.26,539.13,POZ,MLA,GDN,https://skyscanner.net/g/referrals/v1/flights/multicity/?mediaPartnerId=6439681&origin0=poz&date0=2026-08-24&destination0=mla&origin1=mla&date1=2026-08-26&destination1=gdn&adultsv2=1&market=PL&locale=pl-PL&currency=PLN,Poznań-Valletta,720.8145454545455,-3.2095454570151074,471.05,14.45
Kraków,Tirana,Albania,Katowice,2026-08-29,2026-08-31,2,86.1,453.84,539.9399999999999,KRK,TIA,KTW,https://skyscanner.net/g/referrals/v1/flights/multicity/?mediaPartnerId=6439681&origin0=krk&date0=2026-08-29&destination0=tia&origin1=tia&date1=2026-08-31&destination1=ktw&adultsv2=1&market=PL&locale=pl-PL&currency=PLN,Kraków-Tirana,673.1165116279069,-1.5772893232543739,548.4499999999999,-1.55
Kraków,Tirana,Albania,Kraków,2026-08-29,2026-08-31,2,86.1,453.84,539.9399999999999,KRK,TIA,KRK,https://www.skyscanner.net/g/referrals/v1/flights/day-view/?origin=krk&destination=tia&outboundDate=2026-08-29&inboundDate=2026-08-31&market=PL&locale=pl-PL&currency=PLN&mediaPartnerId=6439681,Kraków-Tirana,673.1165116279069,-1.5772893232543739,548.4499999999999,-1.55
Wrocław,Paryż,Francja,Gdańsk,2026-08-29,2026-08-31,2,421.33,119.0,540.3299999999999,WRO,BVA,GDN,https://skyscanner.net/g/referrals/v1/flights/multicity/?mediaPartnerId=6439681&origin0=wro&date0=2026-08-29&destination0=bva&origin1=bva&date1=2026-08-31&destination1=gdn&adultsv2=1&market=PL&locale=pl-PL&currency=PLN,Wrocław-Paryż,679.2883673469387,-1.6377531942555477,491.45,9.95
Warszawa,Neapol,Włochy,Katowice,2026-08-29,2026-08-31,2,299.0,241.35,540.35,WARS,NAP,KTW,https://skyscanner.net/g/referrals/v1/flights/multicity/?mediaPartnerId=6439681&origin0=wars&date0=2026-08-29&destination0=nap&origin1=nap&date1=2026-08-31&destination1=ktw&adultsv2=1&market=PL&locale=pl-PL&currency=PLN,Warszawa-Neapol,652.865576923077,-1.5865612760175416,540.35,0.0
Gdańsk,Nicea,Francja,Gdańsk,2026-08-22,2026-08-27,5,299.0,241.35,540.35,GDN,NCE,GDN,https://www.skyscanner.net/g/referrals/v1/flights/day-view/?origin=gdn&destination=nce&outboundDate=2026-08-22&inboundDate=2026-08-27&market=PL&locale=pl-PL&currency=PLN&mediaPartnerId=6439681,Gdańsk-Nicea,693.942,-1.3845392229700852,540.35,0.0
Warszawa,Neapol,Włochy,Katowice,2026-08-24,2026-08-31,7,299.0,241.35,540.35,WARS,NAP,KTW,https://skyscanner.net/g/referrals/v1/flights/multicity/?mediaPartnerId=6439681&origin0=wars&date0=2026-08-24&destination0=nap&origin1=nap&date1=2026-08-31&destination1=ktw&adultsv2=1&market=PL&locale=pl-PL&currency=PLN,Warszawa-Neapol,652.865576923077,-1.5865612760175416,540.35,0.0
Warszawa,Neapol,Włochy,Katowice,2026-08-27,2026-08-31,4,299.0,241.35,540.35,WARS,NAP,KTW,https://skyscanner.net/g/referrals/v1/flights/multicity/?mediaPartnerId=6439681&origin0=wars&date0=2026-08-27&destination0=nap&origin1=nap&date1=2026-08-31&destination1=ktw&adultsv2=1&market=PL&locale=pl-PL&currency=PLN,Warszawa-Neapol,652.865576923077,-1.5865612760175416,540.35,0.0
Wrocław,Paryż,Francja,Poznań,2026-08-27,2026-08-31,4,438.38,102.7,541.08,WRO,BVA,POZ,https://skyscanner.net/g/referrals/v1/flights/multicity/?mediaPartnerId=6439681&origin0=wro&date0=2026-08-27&destination0=bva&origin1=bva&date1=2026-08-31&destination1=poz&adultsv2=1&market=PL&locale=pl-PL&currency=PLN,Wrocław-Paryż,679.2883673469387,-1.628913748894009,521.4,3.77
Gdańsk,Zadar,Chorwacja,Gdańsk,2026-08-27,2026-08-31,4,103.33,437.82,541.15,GDN,ZAD,GDN,https://www.skyscanner.net/g/referrals/v1/flights/day-view/?origin=gdn&destination=zad&outboundDate=2026-08-27&inboundDate=2026-08-31&market=PL&locale=pl-PL&currency=PLN&mediaPartnerId=6439681,Gdańsk-Zadar,675.934081632653,-1.7520702379223367,558.29,-3.07
Warszawa,Valletta,Malta,Gdańsk,2026-08-24,2026-08-26,2,299.0,242.26,541.26,WARS,MLA,GDN,https://skyscanner.net/g/referrals/v1/flights/multicity/?mediaPartnerId=6439681&origin0=wars&date0=2026-08-24&destination0=mla&origin1=mla&date1=2026-08-26&destination1=gdn&adultsv2=1&market=PL&locale=pl-PL&currency=PLN,Warszawa-Valletta,730.783137254902,-2.9289527443957755,535.16,1.14
Katowice,Valletta,Malta,Gdańsk,2026-08-24,2026-08-26,2,299.0,242.26,541.26,KTW,MLA,GDN,https://skyscanner.net/g/referrals/v1/flights/multicity/?mediaPartnerId=6439681&origin0=ktw&date0=2026-08-24&destination0=mla&origin1=mla&date1=2026-08-26&destination1=gdn&adultsv2=1&market=PL&locale=pl-PL&currency=PLN,Katowice-Valletta,698.6241333333332,-2.2869304151547767,535.16,1.14
Gdańsk,Rzym,Włochy,Warszawa,2026-08-26,2026-08-28,2,257.93,283.79,541.72,GDN,ROME,WARS,https://skyscanner.net/g/referrals/v1/flights/multicity/?mediaPartnerId=6439681&origin0=gdn&date0=2026-08-26&destination0=rome&origin1=rome&date1=2026-08-28&destination1=wars&adultsv2=1&market=PL&locale=pl-PL&currency=PLN,Gdańsk-Rzym,654.3681439393939,-1.613811007207011,555.5699999999999,-2.49
Wrocław,Zadar,Chorwacja,Gdańsk,2026-08-25,2026-08-31,6,104.0,437.82,541.8199999999999,WRO,ZAD,GDN,https://skyscanner.net/g/referrals/v1/flights/multicity/?mediaPartnerId=6439681&origin0=wro&date0=2026-08-25&destination0=zad&origin1=zad&date1=2026-08-31&destination1=gdn&adultsv2=1&market=PL&locale=pl-PL&currency=PLN,Wrocław-Zadar,648.7559302325582,-1.0326341246079096,,0.0
Wrocław,Zadar,Chorwacja,Gdańsk,2026-08-26,2026-08-31,5,104.0,437.82,541.8199999999999,WRO,ZAD,GDN,https://skyscanner.net/g/referrals/v1/flights/multicity/?mediaPartnerId=6439681&origin0=wro&date0=2026-08-26&destination0=zad&origin1=zad&date1=2026-08-31&destination1=gdn&adultsv2=1&market=PL&locale=pl-PL&currency=PLN,Wrocław-Zadar,648.7559302325582,-1.0326341246079096,,0.0
Wrocław,Zadar,Chorwacja,Gdańsk,2026-08-28,2026-08-31,3,104.0,437.82,541.8199999999999,WRO,ZAD,GDN,https://skyscanner.net/g/referrals/v1/flights/multicity/?mediaPartnerId=6439681&origin0=wro&date0=2026-08-28&destination0=zad&origin1=zad&date1=2026-08-31&destination1=gdn&adultsv2=1&market=PL&locale=pl-PL&currency=PLN,Wrocław-Zadar,648.7559302325582,-1.0326341246079096,,0.0
Wrocław,Majorka,Hiszpania,Gdańsk,2026-08-24,2026-08-27,3,207.54,334.5,542.04,WRO,PMI,GDN,https://skyscanner.net/g/referrals/v1/flights/multicity/?mediaPartnerId=6439681&origin0=wro&date0=2026-08-24&destination0=pmi&origin1=pmi&date1=2026-08-27&destination1=gdn&adultsv2=1&market=PL&locale=pl-PL&currency=PLN,Wrocław-Majorka,679.4699999999999,-1.5097954619626028,,0.0
Poznań,Zadar,Chorwacja,Katowice,2026-08-20,2026-08-25,5,279.62,262.79,542.4100000000001,POZ,ZAD,KTW,https://skyscanner.net/g/referrals/v1/flights/multicity/?mediaPartnerId=6439681&origin0=poz&date0=2026-08-20&destination0=zad&origin1=zad&date1=2026-08-25&destination1=ktw&adultsv2=1&market=PL&locale=pl-PL&currency=PLN,Poznań-Zadar,663.7591025641026,-1.1646910963445902,,0.0
Poznań,Paryż,Francja,Kraków,2026-08-26,2026-08-28,2,465.26,77.49,542.75,POZ,BVA,KRK,https://skyscanner.net/g/referrals/v1/flights/multicity/?mediaPartnerId=6439681&origin0=poz&date0=2026-08-26&destination0=bva&origin1=bva&date1=2026-08-28&destination1=krk&adultsv2=1&market=PL&locale=pl-PL&currency=PLN,Poznań-Paryż,688.344347826087,-1.6397863849913374,542.74,0.0
Gdańsk,Tirana,Albania,Wrocław,2026-08-27,2026-08-29,2,69.0,474.37,543.37,GDN,TIA,WRO,https://skyscanner.net/g/referrals/v1/flights/multicity/?mediaPartnerId=6439681&origin0=gdn&date0=2026-08-27&destination0=tia&origin1=tia&date1=2026-08-29&destination1=wro&adultsv2=1&market=PL&locale=pl-PL&currency=PLN,Gdańsk-Tirana,657.6199999999999,-1.2377049235039406,,0.0
Kraków,Rimini,Włochy,Kraków,2026-08-21,2026-08-28,7,334.1,209.3,543.4000000000001,KRK,RMI,KRK,https://www.skyscanner.net/g/referrals/v1/flights/day-view/?origin=krk&destination=rmi&outboundDate=2026-08-21&inboundDate=2026-08-28&market=PL&locale=pl-PL&currency=PLN&mediaPartnerId=6439681,Kraków-Rimini,608.8930434782609,-1.2091303330480747,537.4000000000001,1.12
Warszawa,Bari,Włochy,Katowice,2026-08-26,2026-08-31,5,249.0,294.46,543.46,WARS,BRI,KTW,https://skyscanner.net/g/referrals/v1/flights/multicity/?mediaPartnerId=6439681&origin0=wars&date0=2026-08-26&destination0=bri&origin1=bri&date1=2026-08-31&destination1=ktw&adultsv2=1&market=PL&locale=pl-PL&currency=PLN,Warszawa-Bari,684.2911111111111,-1.7853480142946834,553.48,-1.81
Wrocław,Bari,Włochy,Kraków,2026-08-24,2026-08-27,3,249.0,294.46,543.46,WRO,BRI,KRK,https://skyscanner.net/g/referrals/v1/flights/multicity/?mediaPartnerId=6439681&origin0=wro&date0=2026-08-24&destination0=bri&origin1=bri&date1=2026-08-27&destination1=krk&adultsv2=1&market=PL&locale=pl-PL&currency=PLN,Wrocław-Bari,631.6087878787879,-1.663537294816476,553.48,-1.81
Wrocław,Bari,Włochy,Katowice,2026-08-24,2026-08-31,7,249.0,294.46,543.46,WRO,BRI,KTW,https://skyscanner.net/g/referrals/v1/flights/multicity/?mediaPartnerId=6439681&origin0=wro&date0=2026-08-24&destination0=bri&origin1=bri&date1=2026-08-31&destination1=ktw&adultsv2=1&market=PL&locale=pl-PL&currency=PLN,Wrocław-Bari,631.6087878787879,-1.663537294816476,553.48,-1.81
Poznań,Zadar,Chorwacja,Wrocław,2026-08-25,2026-08-28,3,124.73,419.62,544.35,POZ,ZAD,WRO,https://skyscanner.net/g/referrals/v1/flights/multicity/?mediaPartnerId=6439681&origin0=poz&date0=2026-08-25&destination0=zad&origin1=zad&date1=2026-08-28&destination1=wro&adultsv2=1&market=PL&locale=pl-PL&currency=PLN,Poznań-Zadar,663.7591025641026,-1.146071257555796,547.87,-0.64
Warszawa,Majorka,Hiszpania,Wrocław,2026-08-27,2026-08-31,4,139.0,406.49,545.49,WARS,PMI,WRO,https://skyscanner.net/g/referrals/v1/flights/multicity/?mediaPartnerId=6439681&origin0=wars&date0=2026-08-27&destination0=pmi&origin1=pmi&date1=2026-08-31&destination1=wro&adultsv2=1&market=PL&locale=pl-PL&currency=PLN,Warszawa-Majorka,695.95,-1.728279850285192,529.0699999999999,3.1
Warszawa,Majorka,Hiszpania,Wrocław,2026-08-29,2026-08-31,2,139.0,406.49,545.49,WARS,PMI,WRO,https://skyscanner.net/g/referrals/v1/flights/multicity/?mediaPartnerId=6439681&origin0=wars&date0=2026-08-29&destination0=pmi&origin1=pmi&date1=2026-08-31&destination1=wro&adultsv2=1&market=PL&locale=pl-PL&currency=PLN,Warszawa-Majorka,695.95,-1.728279850285192,517.0799999999999,5.49
Warszawa,Palermo,Włochy,Kraków,2026-08-19,2026-08-25,6,171.73,374.27,546.0,WARS,PMO,KRK,https://skyscanner.net/g/referrals/v1/flights/multicity/?mediaPartnerId=6439681&origin0=wars&date0=2026-08-19&destination0=pmo&origin1=pmo&date1=2026-08-25&destination1=krk&adultsv2=1&market=PL&locale=pl-PL&currency=PLN,Warszawa-Palermo,664.7675,-1.5169502659887506,,0.0
Gdańsk,Rzym,Włochy,Gdańsk,2026-08-27,2026-08-31,4,359.0,188.29,547.29,GDN,ROME,GDN,https://www.skyscanner.net/g/referrals/v1/flights/day-view/?origin=gdn&destination=rome&outboundDate=2026-08-27&inboundDate=2026-08-31&market=PL&locale=pl-PL&currency=PLN&mediaPartnerId=6439681,Gdańsk-Rzym,654.3681439393939,-1.5340145099386753,534.9300000000001,2.31
Gdańsk,Rzym,Włochy,Gdańsk,2026-08-27,2026-08-31,4,359.0,188.29,547.29,GDN,ROME,GDN,https://www.skyscanner.net/g/referrals/v1/flights/day-view/?origin=gdn&destination=rome&outboundDate=2026-08-27&inboundDate=2026-08-31&market=PL&locale=pl-PL&currency=PLN&mediaPartnerId=6439681,Gdańsk-Rzym,654.3681439393939,-1.5340145099386753,534.9300000000001,2.31
Wrocław,Majorka,Hiszpania,Wrocław,2026-08-27,2026-08-31,4,141.35,406.49,547.84,WRO,PMI,WRO,https://www.skyscanner.net/g/referrals/v1/flights/day-view/?origin=wro&destination=pmi&outboundDate=2026-08-27&inboundDate=2026-08-31&market=PL&locale=pl-PL&currency=PLN&mediaPartnerId=6439681,Wrocław-Majorka,679.4699999999999,-1.4460771058585267,519.4,5.48
Kraków,Tirana,Albania,Kraków,2026-08-28,2026-08-31,3,94.72,453.84,548.56,KRK,TIA,KRK,https://www.skyscanner.net/g/referrals/v1/flights/day-view/?origin=krk&destination=tia&outboundDate=2026-08-28&inboundDate=2026-08-31&market=PL&locale=pl-PL&currency=PLN&mediaPartnerId=6439681,Kraków-Tirana,673.1165116279069,-1.4751974918926967,535.54,2.43
Kraków,Tirana,Albania,Katowice,2026-08-28,2026-08-31,3,94.72,453.84,548.56,KRK,TIA,KTW,https://skyscanner.net/g/referrals/v1/flights/multicity/?mediaPartnerId=6439681&origin0=krk&date0=2026-08-28&destination0=tia&origin1=tia&date1=2026-08-31&destination1=ktw&adultsv2=1&market=PL&locale=pl-PL&currency=PLN,Kraków-Tirana,673.1165116279069,-1.4751974918926967,535.54,2.43
Wrocław,Lamezia,Włochy,Katowice,2026-08-24,2026-08-29,5,301.47,248.13,549.6,WRO,SUF,KTW,https://skyscanner.net/g/referrals/v1/flights/multicity/?mediaPartnerId=6439681&origin0=wro&date0=2026-08-24&destination0=suf&origin1=suf&date1=2026-08-29&destination1=ktw&adultsv2=1&market=PL&locale=pl-PL&currency=PLN,Wrocław-Lamezia,621.4866666666667,-1.522669220374071,,0.0
Kraków,Aberdeen,Wielka Brytania,Gdańsk,2026-08-26,2026-08-29,3,292.53,257.09,549.6199999999999,KRK,ABZ,GDN,https://skyscanner.net/g/referrals/v1/flights/multicity/?mediaPartnerId=6439681&origin0=krk&date0=2026-08-26&destination0=abz&origin1=abz&date1=2026-08-29&destination1=gdn&adultsv2=1&market=PL&locale=pl-PL&currency=PLN,Kraków-Aberdeen,654.5133333333333,-1.1164856509791254,558.22,-1.54
Warszawa,Zadar,Chorwacja,Warszawa,2026-08-25,2026-08-28,3,314.04,236.15,550.19,WARS,ZAD,WARS,https://www.skyscanner.net/g/referrals/v1/flights/day-view/?origin=wars&destination=zad&outboundDate=2026-08-25&inboundDate=2026-08-28&market=PL&locale=pl-PL&currency=PLN&mediaPartnerId=6439681,Warszawa-Zadar,669.9506250000001,-1.2009839696626414,386.51,42.35
Warszawa,Neapol,Włochy,Katowice,2026-08-25,2026-08-31,6,309.05,241.35,550.4,WARS,NAP,KTW,https://skyscanner.net/g/referrals/v1/flights/multicity/?mediaPartnerId=6439681&origin0=wars&date0=2026-08-25&destination0=nap&origin1=nap&date1=2026-08-31&destination1=ktw&adultsv2=1&market=PL&locale=pl-PL&currency=PLN,Warszawa-Neapol,652.865576923077,-1.444848090518993,490.35,12.25
Gdańsk,Zadar,Chorwacja,Poznań,2026-08-26,2026-08-28,2,206.48,344.16,550.64,GDN,ZAD,POZ,https://skyscanner.net/g/referrals/v1/flights/multicity/?mediaPartnerId=6439681&origin0=gdn&date0=2026-08-26&destination0=zad&origin1=zad&date1=2026-08-28&destination1=poz&adultsv2=1&market=PL&locale=pl-PL&currency=PLN,Gdańsk-Zadar,675.934081632653,-1.628708885776915,559.24,-1.54
Kraków,Genoa,Włochy,Warszawa,2026-08-27,2026-08-29,2,249.0,301.69,550.69,KRK,GOA,WARS,https://skyscanner.net/g/referrals/v1/flights/multicity/?mediaPartnerId=6439681&origin0=krk&date0=2026-08-27&destination0=goa&origin1=goa&date1=2026-08-29&destination1=wars&adultsv2=1&market=PL&locale=pl-PL&currency=PLN,Kraków-Genoa,578.2766666666668,-1.0861628688483935,,0.0
Warszawa,Majorka,Hiszpania,Wrocław,2026-08-27,2026-08-31,4,144.52,406.49,551.01,WARS,PMI,WRO,https://skyscanner.net/g/referrals/v1/flights/multicity/?mediaPartnerId=6439681&origin0=wars&date0=2026-08-27&destination0=pmi&origin1=pmi&date1=2026-08-31&destination1=wro&adultsv2=1&market=PL&locale=pl-PL&currency=PLN,Warszawa-Majorka,695.95,-1.6648735976361542,529.0699999999999,4.15
Wrocław,Malaga,Hiszpania,Warszawa,2026-08-25,2026-08-29,4,185.29,366.3,551.59,WRO,AGP,WARS,https://skyscanner.net/g/referrals/v1/flights/multicity/?mediaPartnerId=6439681&origin0=wro&date0=2026-08-25&destination0=agp&origin1=agp&date1=2026-08-29&destination1=wars&adultsv2=1&market=PL&locale=pl-PL&currency=PLN,Wrocław-Malaga,699.5887179487179,-2.098630349609164,542.9200000000001,1.6
Gdańsk,Rzym,Włochy,Warszawa,2026-08-26,2026-08-29,3,257.93,294.46,552.39,GDN,ROME,WARS,https://skyscanner.net/g/referrals/v1/flights/multicity/?mediaPartnerId=6439681&origin0=gdn&date0=2026-08-26&destination0=rome&origin1=rome&date1=2026-08-29&destination1=wars&adultsv2=1&market=PL&locale=pl-PL&currency=PLN,Gdańsk-Rzym,654.3681439393939,-1.4609512898186539,516.3199999999999,6.99
Warszawa,Bari,Włochy,Katowice,2026-08-29,2026-08-31,2,258.11,294.46,552.5699999999999,WARS,BRI,KTW,https://skyscanner.net/g/referrals/v1/flights/multicity/?mediaPartnerId=6439681&origin0=wars&date0=2026-08-29&destination0=bri&origin1=bri&date1=2026-08-31&destination1=ktw&adultsv2=1&market=PL&locale=pl-PL&currency=PLN,Warszawa-Bari,684.2911111111111,-1.6698584730853394,532.47,3.77
Kraków,Split,Chorwacja,Kraków,2026-08-24,2026-08-31,7,209.0,344.8,553.8,KRK,SPU,KRK,https://www.skyscanner.net/g/referrals/v1/flights/day-view/?origin=krk&destination=spu&outboundDate=2026-08-24&inboundDate=2026-08-31&market=PL&locale=pl-PL&currency=PLN&mediaPartnerId=6439681,Kraków-Split,649.8252941176471,-1.297932189372878,553.8,0.0
Katowice,Split,Chorwacja,Katowice,2026-08-24,2026-08-31,7,209.0,344.8,553.8,KTW,SPU,KTW,https://www.skyscanner.net/g/referrals/v1/flights/day-view/?origin=ktw&destination=spu&outboundDate=2026-08-24&inboundDate=2026-08-31&market=PL&locale=pl-PL&currency=PLN&mediaPartnerId=6439681,Katowice-Split,649.8252941176471,-1.297932189372878,553.8,0.0
Katowice,Split,Chorwacja,Kraków,2026-08-26,2026-08-31,5,209.0,344.8,553.8,KTW,SPU,KRK,https://skyscanner.net/g/referrals/v1/flights/multicity/?mediaPartnerId=6439681&origin0=ktw&date0=2026-08-26&destination0=spu&origin1=spu&date1=2026-08-31&destination1=krk&adultsv2=1&market=PL&locale=pl-PL&currency=PLN,Katowice-Split,649.8252941176471,-1.297932189372878,553.8,0.0
Kraków,Split,Chorwacja,Kraków,2026-08-26,2026-08-31,5,209.0,344.8,553.8,KRK,SPU,KRK,https://www.skyscanner.net/g/referrals/v1/flights/day-view/?origin=krk&destination=spu&outboundDate=2026-08-26&inboundDate=2026-08-31&market=PL&locale=pl-PL&currency=PLN&mediaPartnerId=6439681,Kraków-Split,649.8252941176471,-1.297932189372878,553.8,0.0
Kraków,Split,Chorwacja,Katowice,2026-08-24,2026-08-31,7,209.0,344.8,553.8,KRK,SPU,KTW,https://skyscanner.net/g/referrals/v1/flights/multicity/?mediaPartnerId=6439681&origin0=krk&date0=2026-08-24&destination0=spu&origin1=spu&date1=2026-08-31&destination1=ktw&adultsv2=1&market=PL&locale=pl-PL&currency=PLN,Kraków-Split,649.8252941176471,-1.297932189372878,553.8,0.0
Kraków,Split,Chorwacja,Katowice,2026-08-26,2026-08-31,5,209.0,344.8,553.8,KRK,SPU,KTW,https://skyscanner.net/g/referrals/v1/flights/multicity/?mediaPartnerId=6439681&origin0=krk&date0=2026-08-26&destination0=spu&origin1=spu&date1=2026-08-31&destination1=ktw&adultsv2=1&market=PL&locale=pl-PL&currency=PLN,Kraków-Split,649.8252941176471,-1.297932189372878,553.8,0.0
Katowice,Split,Chorwacja,Kraków,2026-08-24,2026-08-31,7,209.0,344.8,553.8,KTW,SPU,KRK,https://skyscanner.net/g/referrals/v1/flights/multicity/?mediaPartnerId=6439681&origin0=ktw&date0=2026-08-24&destination0=spu&origin1=spu&date1=2026-08-31&destination1=krk&adultsv2=1&market=PL&locale=pl-PL&currency=PLN,Katowice-Split,649.8252941176471,-1.297932189372878,553.8,0.0
Katowice,Split,Chorwacja,Katowice,2026-08-26,2026-08-31,5,209.0,344.8,553.8,KTW,SPU,KTW,https://www.skyscanner.net/g/referrals/v1/flights/day-view/?origin=ktw&destination=spu&outboundDate=2026-08-26&inboundDate=2026-08-31&market=PL&locale=pl-PL&currency=PLN&mediaPartnerId=6439681,Katowice-Split,649.8252941176471,-1.297932189372878,553.8,0.0
Warszawa,Majorka,Hiszpania,Gdańsk,2026-08-27,2026-08-30,3,139.0,416.07,555.0699999999999,WARS,PMI,GDN,https://skyscanner.net/g/referrals/v1/flights/multicity/?mediaPartnerId=6439681&origin0=wars&date0=2026-08-27&destination0=pmi&origin1=pmi&date1=2026-08-30&destination1=gdn&adultsv2=1&market=PL&locale=pl-PL&currency=PLN,Warszawa-Majorka,695.95,-1.6182378393471883,,0.0
Warszawa,Zadar,Chorwacja,Warszawa,2026-08-23,2026-08-28,5,319.0,236.15,555.15,WARS,ZAD,WARS,https://www.skyscanner.net/g/referrals/v1/flights/day-view/?origin=wars&destination=zad&outboundDate=2026-08-23&inboundDate=2026-08-28&market=PL&locale=pl-PL&currency=PLN&mediaPartnerId=6439681,Warszawa-Zadar,669.9506250000001,-1.151244078195587,506.51,9.6
Gdańsk,Rzym,Włochy,Poznań,2026-08-26,2026-08-28,2,257.93,298.2,556.13,GDN,ROME,POZ,https://skyscanner.net/g/referrals/v1/flights/multicity/?mediaPartnerId=6439681&origin0=gdn&date0=2026-08-26&destination0=rome&origin1=rome&date1=2026-08-28&destination1=poz&adultsv2=1&market=PL&locale=pl-PL&currency=PLN,Gdańsk-Rzym,654.3681439393939,-1.4073715950639716,,0.0
Poznań,Zadar,Chorwacja,Gdańsk,2026-08-28,2026-08-31,3,119.0,437.82,556.8199999999999,POZ,ZAD,GDN,https://skyscanner.net/g/referrals/v1/flights/multicity/?mediaPartnerId=6439681&origin0=poz&date0=2026-08-28&destination0=zad&origin1=zad&date1=2026-08-31&destination1=gdn&adultsv2=1&market=PL&locale=pl-PL&currency=PLN,Poznań-Zadar,663.7591025641026,-1.026386005135039,,0.0
Wrocław,Paryż,Francja,Gdańsk,2026-08-27,2026-08-31,4,438.38,119.0,557.38,WRO,BVA,GDN,https://skyscanner.net/g/referrals/v1/flights/multicity/?mediaPartnerId=6439681&origin0=wro&date0=2026-08-27&destination0=bva&origin1=bva&date1=2026-08-31&destination1=gdn&adultsv2=1&market=PL&locale=pl-PL&currency=PLN,Wrocław-Paryż,679.2883673469387,-1.4368031363699376,530.1700000000001,5.13
Wrocław,Paryż,Francja,Gdańsk,2026-08-27,2026-08-30,3,438.38,119.0,557.38,WRO,BVA,GDN,https://skyscanner.net/g/referrals/v1/flights/multicity/?mediaPartnerId=6439681&origin0=wro&date0=2026-08-27&destination0=bva&origin1=bva&date1=2026-08-30&destination1=gdn&adultsv2=1&market=PL&locale=pl-PL&currency=PLN,Wrocław-Paryż,679.2883673469387,-1.4368031363699376,530.1700000000001,5.13
Wrocław,Majorka,Hiszpania,Gdańsk,2026-08-27,2026-08-30,3,141.35,416.07,557.42,WRO,PMI,GDN,https://skyscanner.net/g/referrals/v1/flights/multicity/?mediaPartnerId=6439681&origin0=wro&date0=2026-08-27&destination0=pmi&origin1=pmi&date1=2026-08-30&destination1=gdn&adultsv2=1&market=PL&locale=pl-PL&currency=PLN,Wrocław-Majorka,679.4699999999999,-1.3408319590521407,,0.0
Wrocław,Paryż,Francja,Gdańsk,2026-08-27,2026-08-29,2,438.38,119.52,557.9,WRO,BVA,GDN,https://skyscanner.net/g/referrals/v1/flights/multicity/?mediaPartnerId=6439681&origin0=wro&date0=2026-08-27&destination0=bva&origin1=bva&date1=2026-08-29&destination1=gdn&adultsv2=1&market=PL&locale=pl-PL&currency=PLN,Wrocław-Paryż,679.2883673469387,-1.4306744542526055,530.1700000000001,5.23
Gdańsk,Rzym,Włochy,Gdańsk,2026-08-26,2026-08-31,5,257.93,301.69,559.62,GDN,ROM,GDN,https://www.skyscanner.net/g/referrals/v1/flights/day-view/?origin=gdn&destination=rom&outboundDate=2026-08-26&inboundDate=2026-08-31&market=PL&locale=pl-PL&currency=PLN&mediaPartnerId=6439681,Gdańsk-Rzym,654.3681439393939,-1.3573734307073295,,0.0
Gdańsk,Rzym,Włochy,Warszawa,2026-08-26,2026-08-28,2,257.93,301.69,559.62,GDN,ROM,WARS,https://skyscanner.net/g/referrals/v1/flights/multicity/?mediaPartnerId=6439681&origin0=gdn&date0=2026-08-26&destination0=rom&origin1=rom&date1=2026-08-28&destination1=wars&adultsv2=1&market=PL&locale=pl-PL&currency=PLN,Gdańsk-Rzym,654.3681439393939,-1.3573734307073295,556.22,0.61
Gdańsk,Rzym,Włochy,Warszawa,2026-08-26,2026-08-28,2,257.93,301.69,559.62,GDN,ROME,WARS,https://skyscanner.net/g/referrals/v1/flights/multicity/?mediaPartnerId=6439681&origin0=gdn&date0=2026-08-26&destination0=rome&origin1=rome&date1=2026-08-28&destination1=wars&adultsv2=1&market=PL&locale=pl-PL&currency=PLN,Gdańsk-Rzym,654.3681439393939,-1.3573734307073295,555.5699999999999,0.73
Poznań,Paryż,Francja,Wrocław,2026-08-26,2026-08-29,3,465.26,94.72,559.98,POZ,BVA,WRO,https://skyscanner.net/g/referrals/v1/flights/multicity/?mediaPartnerId=6439681&origin0=poz&date0=2026-08-26&destination0=bva&origin1=bva&date1=2026-08-29&destination1=wro&adultsv2=1&market=PL&locale=pl-PL&currency=PLN,Poznań-Paryż,688.344347826087,-1.4457299546747586,568.56,-1.51
Poznań,Majorka,Hiszpania,Gdańsk,2026-08-25,2026-08-27,2,225.7,334.5,560.2,POZ,PMI,GDN,https://skyscanner.net/g/referrals/v1/flights/multicity/?mediaPartnerId=6439681&origin0=poz&date0=2026-08-25&destination0=pmi&origin1=pmi&date1=2026-08-27&destination1=gdn&adultsv2=1&market=PL&locale=pl-PL&currency=PLN,Poznań-Majorka,697.42625,-1.8062573356139282,,0.0
Wrocław,Nicea,Francja,Gdańsk,2026-08-20,2026-08-27,7,319.0,241.35,560.35,WRO,NCE,GDN,https://skyscanner.net/g/referrals/v1/flights/multicity/?mediaPartnerId=6439681&origin0=wro&date0=2026-08-20&destination0=nce&origin1=nce&date1=2026-08-27&destination1=gdn&adultsv2=1&market=PL&locale=pl-PL&currency=PLN,Wrocław-Nicea,705.0186666666667,-1.7250722640871416,560.35,0.0
Warszawa,Zadar,Chorwacja,Gdańsk,2026-08-27,2026-08-31,4,122.75,437.82,560.5699999999999,WARS,ZAD,GDN,https://skyscanner.net/g/referrals/v1/flights/multicity/?mediaPartnerId=6439681&origin0=wars&date0=2026-08-27&destination0=zad&origin1=zad&date1=2026-08-31&destination1=gdn&adultsv2=1&market=PL&locale=pl-PL&currency=PLN,Warszawa-Zadar,669.9506250000001,-1.0968912129231199,565.46,-0.86
Warszawa,Majorka,Hiszpania,Gdańsk,2026-08-27,2026-08-30,3,144.52,416.07,560.59,WARS,PMI,GDN,https://skyscanner.net/g/referrals/v1/flights/multicity/?mediaPartnerId=6439681&origin0=wars&date0=2026-08-27&destination0=pmi&origin1=pmi&date1=2026-08-30&destination1=gdn&adultsv2=1&market=PL&locale=pl-PL&currency=PLN,Warszawa-Majorka,695.95,-1.5548315866981492,,0.0
Katowice,Neapol,Włochy,Kraków,2026-08-23,2026-08-30,7,209.0,351.89,560.89,KTW,NAP,KRK,https://skyscanner.net/g/referrals/v1/flights/multicity/?mediaPartnerId=6439681&origin0=ktw&date0=2026-08-23&destination0=nap&origin1=nap&date1=2026-08-30&destination1=krk&adultsv2=1&market=PL&locale=pl-PL&currency=PLN,Katowice-Neapol,670.5272222222222,-1.3128409090969224,570.3299999999999,-1.66
Warszawa,Valletta,Malta,Gdańsk,2026-08-24,2026-08-26,2,319.0,242.26,561.26,WARS,MLA,GDN,https://skyscanner.net/g/referrals/v1/flights/multicity/?mediaPartnerId=6439681&origin0=wars&date0=2026-08-24&destination0=mla&origin1=mla&date1=2026-08-26&destination1=gdn&adultsv2=1&market=PL&locale=pl-PL&currency=PLN,Warszawa-Valletta,730.783137254902,-2.619866182531148,535.16,4.88
Katowice,Valletta,Malta,Gdańsk,2026-08-20,2026-08-26,6,319.0,242.26,561.26,KTW,MLA,GDN,https://skyscanner.net/g/referrals/v1/flights/multicity/?mediaPartnerId=6439681&origin0=ktw&date0=2026-08-20&destination0=mla&origin1=mla&date1=2026-08-26&destination1=gdn&adultsv2=1&market=PL&locale=pl-PL&currency=PLN,Katowice-Valletta,698.6241333333332,-1.996275821034459,555.16,1.1
Gdańsk,Rzym,Włochy,Gdańsk,2026-08-23,2026-08-27,4,389.19,172.38,561.5699999999999,GDN,ROME,GDN,https://www.skyscanner.net/g/referrals/v1/flights/day-view/?origin=gdn&destination=rome&outboundDate=2026-08-23&inboundDate=2026-08-27&market=PL&locale=pl-PL&currency=PLN&mediaPartnerId=6439681,Gdańsk-Rzym,654.3681439393939,-1.3294374936026165,530.1,5.94
Gdańsk,Rzym,Włochy,Gdańsk,2026-08-23,2026-08-27,4,389.19,172.38,561.5699999999999,GDN,ROM,GDN,https://www.skyscanner.net/g/referrals/v1/flights/day-view/?origin=gdn&destination=rom&outboundDate=2026-08-23&inboundDate=2026-08-27&market=PL&locale=pl-PL&currency=PLN&mediaPartnerId=6439681,Gdańsk-Rzym,654.3681439393939,-1.3294374936026165,530.1,5.94
Gdańsk,Rzym,Włochy,Kraków,2026-08-26,2026-08-29,3,257.93,304.44,562.37,GDN,ROME,KRK,https://skyscanner.net/g/referrals/v1/flights/multicity/?mediaPartnerId=6439681&origin0=gdn&date0=2026-08-26&destination0=rome&origin1=rome&date1=2026-08-29&destination1=krk&adultsv2=1&market=PL&locale=pl-PL&currency=PLN,Gdańsk-Rzym,654.3681439393939,-1.3179765963288868,487.25,15.42
Poznań,Tirana,Albania,Katowice,2026-08-24,2026-08-31,7,109.0,453.84,562.8399999999999,POZ,TIA,KTW,https://skyscanner.net/g/referrals/v1/flights/multicity/?mediaPartnerId=6439681&origin0=poz&date0=2026-08-24&destination0=tia&origin1=tia&date1=2026-08-31&destination1=ktw&adultsv2=1&market=PL&locale=pl-PL&currency=PLN,Poznań-Tirana,697.3014999999999,-1.7913114747157197,562.8399999999999,0.0
Poznań,Tirana,Albania,Kraków,2026-08-24,2026-08-31,7,109.0,453.84,562.8399999999999,POZ,TIA,KRK,https://skyscanner.net/g/referrals/v1/flights/multicity/?mediaPartnerId=6439681&origin0=poz&date0=2026-08-24&destination0=tia&origin1=tia&date1=2026-08-31&destination1=krk&adultsv2=1&market=PL&locale=pl-PL&currency=PLN,Poznań-Tirana,697.3014999999999,-1.7913114747157197,562.8399999999999,0.0
Katowice,Tirana,Albania,Kraków,2026-08-29,2026-08-31,2,109.0,453.84,562.8399999999999,KTW,TIA,KRK,https://skyscanner.net/g/referrals/v1/flights/multicity/?mediaPartnerId=6439681&origin0=ktw&date0=2026-08-29&destination0=tia&origin1=tia&date1=2026-08-31&destination1=krk&adultsv2=1&market=PL&locale=pl-PL&currency=PLN,Katowice-Tirana,683.1777777777777,-1.457918275526159,562.8399999999999,0.0
Katowice,Tirana,Albania,Katowice,2026-08-29,2026-08-31,2,109.0,453.84,562.8399999999999,KTW,TIA,KTW,https://www.skyscanner.net/g/referrals/v1/flights/day-view/?origin=ktw&destination=tia&outboundDate=2026-08-29&inboundDate=2026-08-31&market=PL&locale=pl-PL&currency=PLN&mediaPartnerId=6439681,Katowice-Tirana,683.1777777777777,-1.457918275526159,562.8399999999999,0.0
Poznań,Majorka,Hiszpania,Wrocław,2026-08-26,2026-08-31,5,156.54,406.49,563.03,POZ,PMI,WRO,https://skyscanner.net/g/referrals/v1/flights/multicity/?mediaPartnerId=6439681&origin0=poz&date0=2026-08-26&destination0=pmi&origin1=pmi&date1=2026-08-31&destination1=wro&adultsv2=1&market=PL&locale=pl-PL&currency=PLN,Poznań-Majorka,697.42625,-1.7690071137373755,504.37,11.63
Wrocław,Malaga,Hiszpania,Katowice,2026-08-26,2026-08-31,5,224.07,339.37,563.44,WRO,AGP,KTW,https://skyscanner.net/g/referrals/v1/flights/multicity/?mediaPartnerId=6439681&origin0=wro&date0=2026-08-26&destination0=agp&origin1=agp&date1=2026-08-31&destination1=ktw&adultsv2=1&market=PL&locale=pl-PL&currency=PLN,Wrocław-Malaga,699.5887179487179,-1.93059666669925,,0.0
Wrocław,Malaga,Hiszpania,Katowice,2026-08-29,2026-08-31,2,224.07,339.37,563.44,WRO,AGP,KTW,https://skyscanner.net/g/referrals/v1/flights/multicity/?mediaPartnerId=6439681&origin0=wro&date0=2026-08-29&destination0=agp&origin1=agp&date1=2026-08-31&destination1=ktw&adultsv2=1&market=PL&locale=pl-PL&currency=PLN,Wrocław-Malaga,699.5887179487179,-1.93059666669925,,0.0
Wrocław,Bari,Włochy,Katowice,2026-08-28,2026-08-31,3,269.0,294.46,563.46,WRO,BRI,KTW,https://skyscanner.net/g/referrals/v1/flights/multicity/?mediaPartnerId=6439681&origin0=wro&date0=2026-08-28&destination0=bri&origin1=bri&date1=2026-08-31&destination1=ktw&adultsv2=1&market=PL&locale=pl-PL&currency=PLN,Wrocław-Bari,631.6087878787879,-1.2860987990985355,,0.0
Wrocław,Rijeka,Chorwacja,Wrocław,2026-08-23,2026-08-27,4,295.62,267.95,563.5699999999999,WRO,RJK,WRO,https://www.skyscanner.net/g/referrals/v1/flights/day-view/?origin=wro&destination=rjk&outboundDate=2026-08-23&inboundDate=2026-08-27&market=PL&locale=pl-PL&currency=PLN&mediaPartnerId=6439681,Wrocław-Rijeka,572.8233333333334,-1.1547005383792575,,0.0
Warszawa,Bari,Włochy,Wrocław,2026-08-27,2026-08-31,4,219.02,344.8,563.82,WARS,BRI,WRO,https://skyscanner.net/g/referrals/v1/flights/multicity/?mediaPartnerId=6439681&origin0=wars&date0=2026-08-27&destination0=bri&origin1=bri&date1=2026-08-31&destination1=wro&adultsv2=1&market=PL&locale=pl-PL&currency=PLN,Warszawa-Bari,684.2911111111111,-1.5272396653350486,569.82,-1.05
Gdańsk,Rzym,Włochy,Katowice,2026-08-23,2026-08-27,4,389.19,175.03,564.22,GDN,ROME,KTW,https://skyscanner.net/g/referrals/v1/flights/multicity/?mediaPartnerId=6439681&origin0=gdn&date0=2026-08-23&destination0=rome&origin1=rome&date1=2026-08-27&destination1=ktw&adultsv2=1&market=PL&locale=pl-PL&currency=PLN,Gdańsk-Rzym,654.3681439393939,-1.2914732713833887,510.22,10.58
Warszawa,Charleroi,Belgia,Katowice,2026-08-28,2026-08-30,2,485.68,79.0,564.6800000000001,WARS,CRL,KTW,https://skyscanner.net/g/referrals/v1/flights/multicity/?mediaPartnerId=6439681&origin0=wars&date0=2026-08-28&destination0=crl&origin1=crl&date1=2026-08-30&destination1=ktw&adultsv2=1&market=PL&locale=pl-PL&currency=PLN,Warszawa-Charleroi,711.595625,-1.8276742688655625,573.54,-1.54
Warszawa,Zadar,Chorwacja,Kraków,2026-08-22,2026-08-25,3,249.0,317.52,566.52,WARS,ZAD,KRK,https://skyscanner.net/g/referrals/v1/flights/multicity/?mediaPartnerId=6439681&origin0=wars&date0=2026-08-22&destination0=zad&origin1=zad&date1=2026-08-25&destination1=krk&adultsv2=1&market=PL&locale=pl-PL&currency=PLN,Warszawa-Zadar,669.9506250000001,-1.0372233995705027,525.6,7.79
Gdańsk,Zadar,Chorwacja,Wrocław,2026-08-27,2026-08-31,4,103.33,463.68,567.01,GDN,ZAD,WRO,https://skyscanner.net/g/referrals/v1/flights/multicity/?mediaPartnerId=6439681&origin0=gdn&date0=2026-08-27&destination0=zad&origin1=zad&date1=2026-08-31&destination1=wro&adultsv2=1&market=PL&locale=pl-PL&currency=PLN,Gdańsk-Zadar,675.934081632653,-1.4159138030982477,592.97,-4.38
Gdańsk,Edynburg,Szkocja,Warszawa,2026-08-29,2026-08-31,2,330.31,236.79,567.1,GDN,EDI,WARS,https://skyscanner.net/g/referrals/v1/flights/multicity/?mediaPartnerId=6439681&origin0=gdn&date0=2026-08-29&destination0=edi&origin1=edi&date1=2026-08-31&destination1=wars&adultsv2=1&market=PL&locale=pl-PL&currency=PLN,Gdańsk-Edynburg,714.0225,-2.360933818005978,523.81,8.26
Gdańsk,Palermo,Włochy,Poznań,2026-08-27,2026-08-30,3,142.86,424.6,567.46,GDN,PMO,POZ,https://skyscanner.net/g/referrals/v1/flights/multicity/?mediaPartnerId=6439681&origin0=gdn&date0=2026-08-27&destination0=pmo&origin1=pmo&date1=2026-08-30&destination1=poz&adultsv2=1&market=PL&locale=pl-PL&currency=PLN,Gdańsk-Palermo,698.8135294117646,-1.5702614707074243,,0.0
Poznań,Paryż,Francja,Poznań,2026-08-26,2026-08-31,5,465.26,102.7,567.96,POZ,BVA,POZ,https://www.skyscanner.net/g/referrals/v1/flights/day-view/?origin=poz&destination=bva&outboundDate=2026-08-26&inboundDate=2026-08-31&market=PL&locale=pl-PL&currency=PLN&mediaPartnerId=6439681,Poznań-Paryż,688.344347826087,-1.3558535580452578,,0.0
Katowice,Bari,Włochy,Wrocław,2026-08-25,2026-08-31,6,223.69,344.8,568.49,KTW,BRI,WRO,https://skyscanner.net/g/referrals/v1/flights/multicity/?mediaPartnerId=6439681&origin0=ktw&date0=2026-08-25&destination0=bri&origin1=bri&date1=2026-08-31&destination1=wro&adultsv2=1&market=PL&locale=pl-PL&currency=PLN,Katowice-Bari,674.5802857142858,-1.2739305233976415,581.39,-2.22
Poznań,Podgorica,Czarnogóra,Poznań,2026-08-23,2026-08-27,4,137.64,431.01,568.65,POZ,TGD,POZ,https://www.skyscanner.net/g/referrals/v1/flights/day-view/?origin=poz&destination=tgd&outboundDate=2026-08-23&inboundDate=2026-08-27&market=PL&locale=pl-PL&currency=PLN&mediaPartnerId=6439681,Poznań-Podgorica,647.2346153846154,-2.07430676410689,,0.0
Gdańsk,Rzym,Włochy,Kraków,2026-08-27,2026-08-31,4,359.0,209.77,568.77,GDN,ROME,KRK,https://skyscanner.net/g/referrals/v1/flights/multicity/?mediaPartnerId=6439681&origin0=gdn&date0=2026-08-27&destination0=rome&origin1=rome&date1=2026-08-31&destination1=krk&adultsv2=1&market=PL&locale=pl-PL&currency=PLN,Gdańsk-Rzym,654.3681439393939,-1.2262894181390567,,0.0
Gdańsk,Rzym,Włochy,Kraków,2026-08-27,2026-08-31,4,359.0,209.77,568.77,GDN,ROME,KRK,https://skyscanner.net/g/referrals/v1/flights/multicity/?mediaPartnerId=6439681&origin0=gdn&date0=2026-08-27&destination0=rome&origin1=rome&date1=2026-08-31&destination1=krk&adultsv2=1&market=PL&locale=pl-PL&currency=PLN,Gdańsk-Rzym,654.3681439393939,-1.2262894181390567,,0.0
Katowice,Tirana,Albania,Katowice,2026-08-27,2026-08-31,4,115.13,453.84,568.97,KTW,TIA,KTW,https://www.skyscanner.net/g/referrals/v1/flights/day-view/?origin=ktw&destination=tia&outboundDate=2026-08-27&inboundDate=2026-08-31&market=PL&locale=pl-PL&currency=PLN&mediaPartnerId=6439681,Katowice-Tirana,683.1777777777777,-1.3836519961082432,,0.0
Katowice,Tirana,Albania,Kraków,2026-08-27,2026-08-31,4,115.13,453.84,568.97,KTW,TIA,KRK,https://skyscanner.net/g/referrals/v1/flights/multicity/?mediaPartnerId=6439681&origin0=ktw&date0=2026-08-27&destination0=tia&origin1=tia&date1=2026-08-31&destination1=krk&adultsv2=1&market=PL&locale=pl-PL&currency=PLN,Katowice-Tirana,683.1777777777777,-1.3836519961082432,,0.0
Gdańsk,Podgorica,Czarnogóra,Warszawa,2026-08-24,2026-08-27,3,95.0,474.12,569.12,GDN,TGD,WARS,https://skyscanner.net/g/referrals/v1/flights/multicity/?mediaPartnerId=6439681&origin0=gdn&date0=2026-08-24&destination0=tgd&origin1=tgd&date1=2026-08-27&destination1=wars&adultsv2=1&market=PL&locale=pl-PL&currency=PLN,Gdańsk-Podgorica,654.783125,-1.6582223083113028,534.62,6.45
Kraków,Tirana,Albania,Kraków,2026-08-26,2026-08-31,5,116.26,453.84,570.1,KRK,TIA,KRK,https://www.skyscanner.net/g/referrals/v1/flights/day-view/?origin=krk&destination=tia&outboundDate=2026-08-26&inboundDate=2026-08-31&market=PL&locale=pl-PL&currency=PLN&mediaPartnerId=6439681,Kraków-Tirana,673.1165116279069,-1.2200863494877627,552.75,3.14
Kraków,Tirana,Albania,Katowice,2026-08-26,2026-08-31,5,116.26,453.84,570.1,KRK,TIA,KTW,https://skyscanner.net/g/referrals/v1/flights/multicity/?mediaPartnerId=6439681&origin0=krk&date0=2026-08-26&destination0=tia&origin1=tia&date1=2026-08-31&destination1=ktw&adultsv2=1&market=PL&locale=pl-PL&currency=PLN,Kraków-Tirana,673.1165116279069,-1.2200863494877627,552.75,3.14
Katowice,Split,Chorwacja,Wrocław,2026-08-25,2026-08-28,3,269.0,301.69,570.69,KTW,SPU,WRO,https://skyscanner.net/g/referrals/v1/flights/multicity/?mediaPartnerId=6439681&origin0=ktw&date0=2026-08-25&destination0=spu&origin1=spu&date1=2026-08-28&destination1=wro&adultsv2=1&market=PL&locale=pl-PL&currency=PLN,Katowice-Split,649.8252941176471,-1.0696373960067695,,0.0
Kraków,Split,Chorwacja,Wrocław,2026-08-25,2026-08-28,3,269.0,301.69,570.69,KRK,SPU,WRO,https://skyscanner.net/g/referrals/v1/flights/multicity/?mediaPartnerId=6439681&origin0=krk&date0=2026-08-25&destination0=spu&origin1=spu&date1=2026-08-28&destination1=wro&adultsv2=1&market=PL&locale=pl-PL&currency=PLN,Kraków-Split,649.8252941176471,-1.0696373960067695,,0.0
Kraków,Tirana,Albania,Katowice,2026-08-25,2026-08-31,6,116.9,453.84,570.74,KRK,TIA,KTW,https://skyscanner.net/g/referrals/v1/flights/multicity/?mediaPartnerId=6439681&origin0=krk&date0=2026-08-25&destination0=tia&origin1=tia&date1=2026-08-31&destination1=ktw&adultsv2=1&market=PL&locale=pl-PL&currency=PLN,Kraków-Tirana,673.1165116279069,-1.2125064455351557,,0.0
Kraków,Tirana,Albania,Kraków,2026-08-25,2026-08-31,6,116.9,453.84,570.74,KRK,TIA,KRK,https://www.skyscanner.net/g/referrals/v1/flights/day-view/?origin=krk&destination=tia&outboundDate=2026-08-25&inboundDate=2026-08-31&market=PL&locale=pl-PL&currency=PLN&mediaPartnerId=6439681,Kraków-Tirana,673.1165116279069,-1.2125064455351557,,0.0
Kraków,Bari,Włochy,Kraków,2026-08-25,2026-08-29,4,283.79,286.97,570.76,KRK,BRI,KRK,https://www.skyscanner.net/g/referrals/v1/flights/day-view/?origin=krk&destination=bri&outboundDate=2026-08-25&inboundDate=2026-08-29&market=PL&locale=pl-PL&currency=PLN&mediaPartnerId=6439681,Kraków-Bari,683.3089473684211,-1.6060586997345085,593.28,-3.8
Wrocław,Palermo,Włochy,Kraków,2026-08-22,2026-08-26,4,335.55,236.15,571.7,WRO,PMO,KRK,https://skyscanner.net/g/referrals/v1/flights/multicity/?mediaPartnerId=6439681&origin0=wro&date0=2026-08-22&destination0=pmo&origin1=pmo&date1=2026-08-26&destination1=krk&adultsv2=1&market=PL&locale=pl-PL&currency=PLN,Wrocław-Palermo,717.585,-2.0808631480893545,588.91,-2.92
Poznań,Edynburg,Szkocja,Warszawa,2026-08-29,2026-08-31,2,335.55,236.79,572.34,POZ,EDI,WARS,https://skyscanner.net/g/referrals/v1/flights/multicity/?mediaPartnerId=6439681&origin0=poz&date0=2026-08-29&destination0=edi&origin1=edi&date1=2026-08-31&destination1=wars&adultsv2=1&market=PL&locale=pl-PL&currency=PLN,Poznań-Edynburg,716.8133333333333,-2.175262256220887,572.37,-0.01
Kraków,Bari,Włochy,Kraków,2026-08-25,2026-08-28,3,283.79,288.55,572.34,KRK,BRI,KRK,https://www.skyscanner.net/g/referrals/v1/flights/day-view/?origin=krk&destination=bri&outboundDate=2026-08-25&inboundDate=2026-08-28&market=PL&locale=pl-PL&currency=PLN&mediaPartnerId=6439681,Kraków-Bari,683.3089473684211,-1.5835123072100719,561.2,1.99
Gdańsk,Zadar,Chorwacja,Katowice,2026-08-20,2026-08-25,5,309.74,262.79,572.53,GDN,ZAD,KTW,https://skyscanner.net/g/referrals/v1/flights/multicity/?mediaPartnerId=6439681&origin0=gdn&date0=2026-08-20&destination0=zad&origin1=zad&date1=2026-08-25&destination1=ktw&adultsv2=1&market=PL&locale=pl-PL&currency=PLN,Gdańsk-Zadar,675.934081632653,-1.3441588332518066,,0.0
Poznań,Majorka,Hiszpania,Gdańsk,2026-08-26,2026-08-30,4,156.54,416.07,572.61,POZ,PMI,GDN,https://skyscanner.net/g/referrals/v1/flights/multicity/?mediaPartnerId=6439681&origin0=poz&date0=2026-08-26&destination0=pmi&origin1=pmi&date1=2026-08-30&destination1=gdn&adultsv2=1&market=PL&locale=pl-PL&currency=PLN,Poznań-Majorka,697.42625,-1.6429091895050838,,0.0
Katowice,Warna,Bułagria,Gdańsk,2026-08-26,2026-08-31,5,77.49,495.67,573.16,KTW,VAR,GDN,https://skyscanner.net/g/referrals/v1/flights/multicity/?mediaPartnerId=6439681&origin0=ktw&date0=2026-08-26&destination0=var&origin1=var&date1=2026-08-31&destination1=gdn&adultsv2=1&market=PL&locale=pl-PL&currency=PLN,Katowice-Warna,680.6942857142858,-1.3952035690084392,573.07,0.02
Warszawa,Dubrovnik,Chorwacja,Katowice,2026-08-23,2026-08-25,2,359.0,214.32,573.3199999999999,WARS,DBV,KTW,https://skyscanner.net/g/referrals/v1/flights/multicity/?mediaPartnerId=6439681&origin0=wars&date0=2026-08-23&destination0=dbv&origin1=dbv&date1=2026-08-25&destination1=ktw&adultsv2=1&market=PL&locale=pl-PL&currency=PLN,Warszawa-Dubrovnik,683.8455555555555,-1.8116514197985114,526.23,8.95
Kraków,Saloniki,Grecja,Warszawa,2026-08-25,2026-08-27,2,151.54,422.08,573.62,KRK,SKG,WARS,https://skyscanner.net/g/referrals/v1/flights/multicity/?mediaPartnerId=6439681&origin0=krk&date0=2026-08-25&destination0=skg&origin1=skg&date1=2026-08-27&destination1=wars&adultsv2=1&market=PL&locale=pl-PL&currency=PLN,Kraków-Saloniki,670.3584,-1.5079210320209135,539.97,6.23
Warszawa,Dubrovnik,Chorwacja,Gdańsk,2026-08-25,2026-08-27,2,299.0,274.72,573.72,WARS,DBV,GDN,https://skyscanner.net/g/referrals/v1/flights/multicity/?mediaPartnerId=6439681&origin0=wars&date0=2026-08-25&destination0=dbv&origin1=dbv&date1=2026-08-27&destination1=gdn&adultsv2=1&market=PL&locale=pl-PL&currency=PLN,Warszawa-Dubrovnik,683.8455555555555,-1.8050949219435397,,0.0
Gdańsk,Palermo,Włochy,Warszawa,2026-08-27,2026-08-30,3,142.86,431.01,573.87,GDN,PMO,WARS,https://skyscanner.net/g/referrals/v1/flights/multicity/?mediaPartnerId=6439681&origin0=gdn&date0=2026-08-27&destination0=pmo&origin1=pmo&date1=2026-08-30&destination1=wars&adultsv2=1&market=PL&locale=pl-PL&currency=PLN,Gdańsk-Palermo,698.8135294117646,-1.4936333353820173,,0.0
Gdańsk,Rzym,Włochy,Katowice,2026-08-27,2026-08-29,2,359.0,215.48,574.48,GDN,ROME,KTW,https://skyscanner.net/g/referrals/v1/flights/multicity/?mediaPartnerId=6439681&origin0=gdn&date0=2026-08-27&destination0=rome&origin1=rome&date1=2026-08-29&destination1=ktw&adultsv2=1&market=PL&locale=pl-PL&currency=PLN,Gdańsk-Rzym,654.3681439393939,-1.144487263847817,,0.0
Gdańsk,Rzym,Włochy,Kraków,2026-08-27,2026-08-29,2,359.0,215.48,574.48,GDN,ROME,KRK,https://skyscanner.net/g/referrals/v1/flights/multicity/?mediaPartnerId=6439681&origin0=gdn&date0=2026-08-27&destination0=rome&origin1=rome&date1=2026-08-29&destination1=krk&adultsv2=1&market=PL&locale=pl-PL&currency=PLN,Gdańsk-Rzym,654.3681439393939,-1.144487263847817,,0.0
Gdańsk,Rzym,Włochy,Katowice,2026-08-27,2026-08-29,2,359.0,215.48,574.48,GDN,ROM,KTW,https://skyscanner.net/g/referrals/v1/flights/multicity/?mediaPartnerId=6439681&origin0=gdn&date0=2026-08-27&destination0=rom&origin1=rom&date1=2026-08-29&destination1=ktw&adultsv2=1&market=PL&locale=pl-PL&currency=PLN,Gdańsk-Rzym,654.3681439393939,-1.144487263847817,,0.0
Gdańsk,Rzym,Włochy,Kraków,2026-08-27,2026-08-29,2,359.0,215.48,574.48,GDN,ROME,KRK,https://skyscanner.net/g/referrals/v1/flights/multicity/?mediaPartnerId=6439681&origin0=gdn&date0=2026-08-27&destination0=rome&origin1=rome&date1=2026-08-29&destination1=krk&adultsv2=1&market=PL&locale=pl-PL&currency=PLN,Gdańsk-Rzym,654.3681439393939,-1.144487263847817,,0.0
Gdańsk,Rzym,Włochy,Katowice,2026-08-27,2026-08-29,2,359.0,215.48,574.48,GDN,ROM,KTW,https://skyscanner.net/g/referrals/v1/flights/multicity/?mediaPartnerId=6439681&origin0=gdn&date0=2026-08-27&destination0=rom&origin1=rom&date1=2026-08-29&destination1=ktw&adultsv2=1&market=PL&locale=pl-PL&currency=PLN,Gdańsk-Rzym,654.3681439393939,-1.144487263847817,,0.0
Gdańsk,Rzym,Włochy,Katowice,2026-08-27,2026-08-29,2,359.0,215.48,574.48,GDN,ROME,KTW,https://skyscanner.net/g/referrals/v1/flights/multicity/?mediaPartnerId=6439681&origin0=gdn&date0=2026-08-27&destination0=rome&origin1=rome&date1=2026-08-29&destination1=ktw&adultsv2=1&market=PL&locale=pl-PL&currency=PLN,Gdańsk-Rzym,654.3681439393939,-1.144487263847817,,0.0
Gdańsk,Rzym,Włochy,Kraków,2026-08-27,2026-08-29,2,359.0,215.48,574.48,GDN,ROM,KRK,https://skyscanner.net/g/referrals/v1/flights/multicity/?mediaPartnerId=6439681&origin0=gdn&date0=2026-08-27&destination0=rom&origin1=rom&date1=2026-08-29&destination1=krk&adultsv2=1&market=PL&locale=pl-PL&currency=PLN,Gdańsk-Rzym,654.3681439393939,-1.144487263847817,,0.0
Gdańsk,Rzym,Włochy,Kraków,2026-08-27,2026-08-29,2,359.0,215.48,574.48,GDN,ROM,KRK,https://skyscanner.net/g/referrals/v1/flights/multicity/?mediaPartnerId=6439681&origin0=gdn&date0=2026-08-27&destination0=rom&origin1=rom&date1=2026-08-29&destination1=krk&adultsv2=1&market=PL&locale=pl-PL&currency=PLN,Gdańsk-Rzym,654.3681439393939,-1.144487263847817,,0.0
Kraków,Podgorica,Czarnogóra,Poznań,2026-08-25,2026-08-27,2,145.0,431.01,576.01,KRK,TGD,POZ,https://skyscanner.net/g/referrals/v1/flights/multicity/?mediaPartnerId=6439681&origin0=krk&date0=2026-08-25&destination0=tgd&origin1=tgd&date1=2026-08-27&destination1=poz&adultsv2=1&market=PL&locale=pl-PL&currency=PLN,Kraków-Podgorica,692.6357142857144,-2.2079013935249745,,0.0
Warszawa,Neapol,Włochy,Kraków,2026-08-26,2026-08-30,4,225.0,351.89,576.89,WARS,NAP,KRK,https://skyscanner.net/g/referrals/v1/flights/multicity/?mediaPartnerId=6439681&origin0=wars&date0=2026-08-26&destination0=nap&origin1=nap&date1=2026-08-30&destination1=krk&adultsv2=1&market=PL&locale=pl-PL&currency=PLN,Warszawa-Neapol,652.865576923077,-1.0713175150108767,,0.0
Kraków,Valletta,Malta,Warszawa,2026-08-21,2026-08-26,5,232.56,344.8,577.36,KRK,MLA,WARS,https://skyscanner.net/g/referrals/v1/flights/multicity/?mediaPartnerId=6439681&origin0=krk&date0=2026-08-21&destination0=mla&origin1=mla&date1=2026-08-26&destination1=wars&adultsv2=1&market=PL&locale=pl-PL&currency=PLN,Kraków-Valletta,694.90908045977,-1.6812630300831668,551.19,4.75
Warszawa,Palermo,Włochy,Kraków,2026-08-20,2026-08-25,5,203.58,374.27,577.85,WARS,PMO,KRK,https://skyscanner.net/g/referrals/v1/flights/multicity/?mediaPartnerId=6439681&origin0=wars&date0=2026-08-20&destination0=pmo&origin1=pmo&date1=2026-08-25&destination1=krk&adultsv2=1&market=PL&locale=pl-PL&currency=PLN,Warszawa-Palermo,664.7675,-1.110148186533161,,0.0
Kraków,Bari,Włochy,Katowice,2026-08-25,2026-08-31,6,283.79,294.46,578.25,KRK,BRI,KTW,https://skyscanner.net/g/referrals/v1/flights/multicity/?mediaPartnerId=6439681&origin0=krk&date0=2026-08-25&destination0=bri&origin1=bri&date1=2026-08-31&destination1=ktw&adultsv2=1&market=PL&locale=pl-PL&currency=PLN,Kraków-Bari,683.3089473684211,-1.499177383273732,603.27,-4.15
Kraków,Bari,Włochy,Kraków,2026-08-25,2026-08-27,2,283.79,294.46,578.25,KRK,BRI,KRK,https://www.skyscanner.net/g/referrals/v1/flights/day-view/?origin=krk&destination=bri&outboundDate=2026-08-25&inboundDate=2026-08-27&market=PL&locale=pl-PL&currency=PLN&mediaPartnerId=6439681,Kraków-Bari,683.3089473684211,-1.499177383273732,603.27,-4.15
Gdańsk,Rzym,Włochy,Gdańsk,2026-08-25,2026-08-27,2,406.91,172.38,579.29,GDN,ROME,GDN,https://www.skyscanner.net/g/referrals/v1/flights/day-view/?origin=gdn&destination=rome&outboundDate=2026-08-25&inboundDate=2026-08-27&market=PL&locale=pl-PL&currency=PLN&mediaPartnerId=6439681,Gdańsk-Rzym,654.3681439393939,-1.0755786189895233,476.69,21.52
Gdańsk,Rzym,Włochy,Gdańsk,2026-08-25,2026-08-27,2,406.91,172.38,579.29,GDN,ROM,GDN,https://www.skyscanner.net/g/referrals/v1/flights/day-view/?origin=gdn&destination=rom&outboundDate=2026-08-25&inboundDate=2026-08-27&market=PL&locale=pl-PL&currency=PLN&mediaPartnerId=6439681,Gdańsk-Rzym,654.3681439393939,-1.0755786189895233,476.69,21.52
Kraków,Nicea,Francja,Gdańsk,2026-08-25,2026-08-27,2,339.0,241.35,580.35,KRK,NCE,GDN,https://skyscanner.net/g/referrals/v1/flights/multicity/?mediaPartnerId=6439681&origin0=krk&date0=2026-08-25&destination0=nce&origin1=nce&date1=2026-08-27&destination1=gdn&adultsv2=1&market=PL&locale=pl-PL&currency=PLN,Kraków-Nicea,704.2819999999999,-1.6533376318446908,580.35,0.0
Warszawa,Madryt,Hiszpania,Wrocław,2026-08-22,2026-08-26,4,409.0,172.38,581.38,WARS,MAD,WRO,https://skyscanner.net/g/referrals/v1/flights/multicity/?mediaPartnerId=6439681&origin0=wars&date0=2026-08-22&destination0=mad&origin1=mad&date1=2026-08-26&destination1=wro&adultsv2=1&market=PL&locale=pl-PL&currency=PLN,Warszawa-Madryt,743.7058974358974,-3.001278516769575,581.38,0.0
Wrocław,Podgorica,Czarnogóra,Poznań,2026-08-22,2026-08-27,5,150.72,431.01,581.73,WRO,TGD,POZ,https://skyscanner.net/g/referrals/v1/flights/multicity/?mediaPartnerId=6439681&origin0=wro&date0=2026-08-22&destination0=tgd&origin1=tgd&date1=2026-08-27&destination1=poz&adultsv2=1&market=PL&locale=pl-PL&currency=PLN,Wrocław-Podgorica,681.1234782608695,-2.1026522608020963,,0.0
Kraków,Valletta,Malta,Warszawa,2026-08-25,2026-08-31,6,110.92,470.95,581.87,KRK,MLA,WARS,https://skyscanner.net/g/referrals/v1/flights/multicity/?mediaPartnerId=6439681&origin0=krk&date0=2026-08-25&destination0=mla&origin1=mla&date1=2026-08-31&destination1=wars&adultsv2=1&market=PL&locale=pl-PL&currency=PLN,Kraków-Valletta,694.90908045977,-1.6167580910737112,590.01,-1.38
Kraków,Valletta,Malta,Warszawa,2026-08-29,2026-08-31,2,110.92,470.95,581.87,KRK,MLA,WARS,https://skyscanner.net/g/referrals/v1/flights/multicity/?mediaPartnerId=6439681&origin0=krk&date0=2026-08-29&destination0=mla&origin1=mla&date1=2026-08-31&destination1=wars&adultsv2=1&market=PL&locale=pl-PL&currency=PLN,Kraków-Valletta,694.90908045977,-1.6167580910737112,586.47,-0.78
Gdańsk,Rzym,Włochy,Warszawa,2026-08-25,2026-08-31,6,406.91,175.03,581.94,GDN,ROME,WARS,https://skyscanner.net/g/referrals/v1/flights/multicity/?mediaPartnerId=6439681&origin0=gdn&date0=2026-08-25&destination0=rome&origin1=rome&date1=2026-08-31&destination1=wars&adultsv2=1&market=PL&locale=pl-PL&currency=PLN,Gdańsk-Rzym,654.3681439393939,-1.0376143967702953,479.35,21.4
Gdańsk,Rzym,Włochy,Katowice,2026-08-25,2026-08-27,2,406.91,175.03,581.94,GDN,ROME,KTW,https://skyscanner.net/g/referrals/v1/flights/multicity/?mediaPartnerId=6439681&origin0=gdn&date0=2026-08-25&destination0=rome&origin1=rome&date1=2026-08-27&destination1=ktw&adultsv2=1&market=PL&locale=pl-PL&currency=PLN,Gdańsk-Rzym,654.3681439393939,-1.0376143967702953,456.81,27.39
Kraków,Valletta,Malta,Gdańsk,2026-08-20,2026-08-26,6,340.24,242.26,582.5,KRK,MLA,GDN,https://skyscanner.net/g/referrals/v1/flights/multicity/?mediaPartnerId=6439681&origin0=krk&date0=2026-08-20&destination0=mla&origin1=mla&date1=2026-08-26&destination1=gdn&adultsv2=1&market=PL&locale=pl-PL&currency=PLN,Kraków-Valletta,694.90908045977,-1.60774742331851,528.6899999999999,10.18
Kraków,Bari,Włochy,Katowice,2026-08-28,2026-08-31,3,288.22,294.46,582.6800000000001,KRK,BRI,KTW,https://skyscanner.net/g/referrals/v1/flights/multicity/?mediaPartnerId=6439681&origin0=krk&date0=2026-08-28&destination0=bri&origin1=bri&date1=2026-08-31&destination1=ktw&adultsv2=1&market=PL&locale=pl-PL&currency=PLN,Kraków-Bari,683.3089473684211,-1.435961864993192,588.4000000000001,-0.97
Katowice,Tirana,Albania,Katowice,2026-08-28,2026-08-31,3,129.0,453.84,582.8399999999999,KTW,TIA,KTW,https://www.skyscanner.net/g/referrals/v1/flights/day-view/?origin=ktw&destination=tia&outboundDate=2026-08-28&inboundDate=2026-08-31&market=PL&locale=pl-PL&currency=PLN&mediaPartnerId=6439681,Katowice-Tirana,683.1777777777777,-1.215613938110451,582.8399999999999,0.0
Katowice,Tirana,Albania,Kraków,2026-08-28,2026-08-31,3,129.0,453.84,582.8399999999999,KTW,TIA,KRK,https://skyscanner.net/g/referrals/v1/flights/multicity/?mediaPartnerId=6439681&origin0=ktw&date0=2026-08-28&destination0=tia&origin1=tia&date1=2026-08-31&destination1=krk&adultsv2=1&market=PL&locale=pl-PL&currency=PLN,Katowice-Tirana,683.1777777777777,-1.215613938110451,582.8399999999999,0.0
Poznań,Tirana,Albania,Wrocław,2026-08-24,2026-08-29,5,109.0,474.37,583.37,POZ,TIA,WRO,https://skyscanner.net/g/referrals/v1/flights/multicity/?mediaPartnerId=6439681&origin0=poz&date0=2026-08-24&destination0=tia&origin1=tia&date1=2026-08-29&destination1=wro&adultsv2=1&market=PL&locale=pl-PL&currency=PLN,Poznań-Tirana,697.3014999999999,-1.5178084677143557,,0.0
Warszawa,Lamezia Terme,Włochy,Katowice,2026-08-24,2026-08-27,3,299.0,284.45,583.45,WARS,SUF,KTW,https://skyscanner.net/g/referrals/v1/flights/multicity/?mediaPartnerId=6439681&origin0=wars&date0=2026-08-24&destination0=suf&origin1=suf&date1=2026-08-27&destination1=ktw&adultsv2=1&market=PL&locale=pl-PL&currency=PLN,Warszawa-Lamezia Terme,592.4166666666666,-1.1547005383792406,,0.0
Wrocław,Barcelona,Hiszpania,Katowice,2026-08-26,2026-08-31,5,299.0,284.45,583.45,WRO,BCN,KTW,https://skyscanner.net/g/referrals/v1/flights/multicity/?mediaPartnerId=6439681&origin0=wro&date0=2026-08-26&destination0=bcn&origin1=bcn&date1=2026-08-31&destination1=ktw&adultsv2=1&market=PL&locale=pl-PL&currency=PLN,Wrocław-Barcelona,719.9157142857143,-2.390953057166121,583.45,0.0
Warszawa,Dubrovnik,Chorwacja,Katowice,2026-08-25,2026-08-27,2,299.0,284.45,583.45,WARS,DBV,KTW,https://skyscanner.net/g/referrals/v1/flights/multicity/?mediaPartnerId=6439681&origin0=wars&date0=2026-08-25&destination0=dbv&origin1=dbv&date1=2026-08-27&destination1=ktw&adultsv2=1&market=PL&locale=pl-PL&currency=PLN,Warszawa-Dubrovnik,683.8455555555555,-1.6456081116213859,583.45,0.0
Wrocław,Barcelona,Hiszpania,Kraków,2026-08-26,2026-08-31,5,299.0,284.45,583.45,WRO,BCN,KRK,https://skyscanner.net/g/referrals/v1/flights/multicity/?mediaPartnerId=6439681&origin0=wro&date0=2026-08-26&destination0=bcn&origin1=bcn&date1=2026-08-31&destination1=krk&adultsv2=1&market=PL&locale=pl-PL&currency=PLN,Wrocław-Barcelona,719.9157142857143,-2.390953057166121,583.45,0.0
Gdańsk,Majorka,Hiszpania,Gdańsk,2026-08-24,2026-08-27,3,249.0,334.5,583.5,GDN,PMI,GDN,https://www.skyscanner.net/g/referrals/v1/flights/day-view/?origin=gdn&destination=pmi&outboundDate=2026-08-24&inboundDate=2026-08-27&market=PL&locale=pl-PL&currency=PLN&mediaPartnerId=6439681,Gdańsk-Majorka,720.1403846153846,-2.208999533628695,,0.0
Poznań,Paryż,Francja,Gdańsk,2026-08-26,2026-08-30,4,465.26,119.0,584.26,POZ,BVA,GDN,https://skyscanner.net/g/referrals/v1/flights/multicity/?mediaPartnerId=6439681&origin0=poz&date0=2026-08-26&destination0=bva&origin1=bva&date1=2026-08-30&destination1=gdn&adultsv2=1&market=PL&locale=pl-PL&currency=PLN,Poznań-Paryż,688.344347826087,-1.1722714446291103,,0.0
Poznań,Paryż,Francja,Gdańsk,2026-08-26,2026-08-31,5,465.26,119.0,584.26,POZ,BVA,GDN,https://skyscanner.net/g/referrals/v1/flights/multicity/?mediaPartnerId=6439681&origin0=poz&date0=2026-08-26&destination0=bva&origin1=bva&date1=2026-08-31&destination1=gdn&adultsv2=1&market=PL&locale=pl-PL&currency=PLN,Poznań-Paryż,688.344347826087,-1.1722714446291103,,0.0
Warszawa,Bari,Włochy,Kraków,2026-08-27,2026-08-31,4,219.02,365.67,584.69,WARS,BRI,KRK,https://skyscanner.net/g/referrals/v1/flights/multicity/?mediaPartnerId=6439681&origin0=wars&date0=2026-08-27&destination0=bri&origin1=bri&date1=2026-08-31&destination1=krk&adultsv2=1&market=PL&locale=pl-PL&currency=PLN,Warszawa-Bari,684.2911111111111,-1.2626659304240673,,0.0
Poznań,Paryż,Francja,Gdańsk,2026-08-26,2026-08-29,3,465.26,119.52,584.78,POZ,BVA,GDN,https://skyscanner.net/g/referrals/v1/flights/multicity/?mediaPartnerId=6439681&origin0=poz&date0=2026-08-26&destination0=bva&origin1=bva&date1=2026-08-29&destination1=gdn&adultsv2=1&market=PL&locale=pl-PL&currency=PLN,Poznań-Paryż,688.344347826087,-1.166414837329945,,0.0
Warszawa,Palermo,Włochy,Gdańsk,2026-08-19,2026-08-22,3,171.73,413.14,584.87,WARS,PMO,GDN,https://skyscanner.net/g/referrals/v1/flights/multicity/?mediaPartnerId=6439681&origin0=wars&date0=2026-08-19&destination0=pmo&origin1=pmo&date1=2026-08-22&destination1=gdn&adultsv2=1&market=PL&locale=pl-PL&currency=PLN,Warszawa-Palermo,664.7675,-1.0204856873878478,,0.0
Poznań,Paryż,Francja,Wrocław,2026-08-26,2026-08-28,2,465.26,120.43,585.69,POZ,BVA,WRO,https://skyscanner.net/g/referrals/v1/flights/multicity/?mediaPartnerId=6439681&origin0=poz&date0=2026-08-26&destination0=bva&origin1=bva&date1=2026-08-28&destination1=wro&adultsv2=1&market=PL&locale=pl-PL&currency=PLN,Poznań-Paryż,688.344347826087,-1.1561657745564045,,0.0
Kraków,Tirana,Albania,Wrocław,2026-08-29,2026-08-31,2,86.1,500.2,586.3,KRK,TIA,WRO,https://skyscanner.net/g/referrals/v1/flights/multicity/?mediaPartnerId=6439681&origin0=krk&date0=2026-08-29&destination0=tia&origin1=tia&date1=2026-08-31&destination1=wro&adultsv2=1&market=PL&locale=pl-PL&currency=PLN,Kraków-Tirana,673.1165116279069,-1.0282200306873959,,0.0
Kraków,Valletta,Malta,Warszawa,2026-08-26,2026-08-31,5,115.48,470.95,586.43,KRK,MLA,WARS,https://skyscanner.net/g/referrals/v1/flights/multicity/?mediaPartnerId=6439681&origin0=krk&date0=2026-08-26&destination0=mla&origin1=mla&date1=2026-08-31&destination1=wars&adultsv2=1&market=PL&locale=pl-PL&currency=PLN,Kraków-Valletta,694.90908045977,-1.5515380197027322,586.47,-0.01
Wrocław,Paryż,Francja,Wrocław,2026-08-29,2026-08-31,2,421.33,166.43,587.76,WRO,BVA,WRO,https://www.skyscanner.net/g/referrals/v1/flights/day-view/?origin=wro&destination=bva&outboundDate=2026-08-29&inboundDate=2026-08-31&market=PL&locale=pl-PL&currency=PLN&mediaPartnerId=6439681,Wrocław-Paryż,679.2883673469387,-1.0787466695919432,523.9,12.19
Warszawa,Bari,Włochy,Kraków,2026-08-26,2026-08-29,3,301.47,286.97,588.44,WARS,BRI,KRK,https://skyscanner.net/g/referrals/v1/flights/multicity/?mediaPartnerId=6439681&origin0=wars&date0=2026-08-26&destination0=bri&origin1=bri&date1=2026-08-29&destination1=krk&adultsv2=1&market=PL&locale=pl-PL&currency=PLN,Warszawa-Bari,684.2911111111111,-1.2151263278406377,543.49,8.27
Katowice,Bari,Włochy,Kraków,2026-08-25,2026-08-31,6,223.69,365.67,589.36,KTW,BRI,KRK,https://skyscanner.net/g/referrals/v1/flights/multicity/?mediaPartnerId=6439681&origin0=ktw&date0=2026-08-25&destination0=bri&origin1=bri&date1=2026-08-31&destination1=krk&adultsv2=1&market=PL&locale=pl-PL&currency=PLN,Katowice-Bari,674.5802857142858,-1.023323883550232,,0.0
Kraków,Pescara,Włochy,Wrocław,2026-08-25,2026-08-28,3,348.46,240.9,589.36,KRK,PSR,WRO,https://skyscanner.net/g/referrals/v1/flights/multicity/?mediaPartnerId=6439681&origin0=krk&date0=2026-08-25&destination0=psr&origin1=psr&date1=2026-08-28&destination1=wro&adultsv2=1&market=PL&locale=pl-PL&currency=PLN,Kraków-Pescara,690.1628571428572,-1.1283179548226587,,0.0
Gdańsk,Zadar,Chorwacja,Gdańsk,2026-08-28,2026-08-31,3,151.54,437.82,589.36,GDN,ZAD,GDN,https://www.skyscanner.net/g/referrals/v1/flights/day-view/?origin=gdn&destination=zad&outboundDate=2026-08-28&inboundDate=2026-08-31&market=PL&locale=pl-PL&currency=PLN&mediaPartnerId=6439681,Gdańsk-Zadar,675.934081632653,-1.125384169752602,574.1600000000001,2.65
Katowice,Tirana,Albania,Wrocław,2026-08-27,2026-08-29,2,115.13,474.37,589.5,KTW,TIA,WRO,https://skyscanner.net/g/referrals/v1/flights/multicity/?mediaPartnerId=6439681&origin0=ktw&date0=2026-08-27&destination0=tia&origin1=tia&date1=2026-08-29&destination1=wro&adultsv2=1&market=PL&locale=pl-PL&currency=PLN,Katowice-Tirana,683.1777777777777,-1.1349265937510191,,0.0
Warszawa,Saloniki,Grecja,Warszawa,2026-08-25,2026-08-27,2,167.75,422.08,589.8299999999999,WARS,SKG,WARS,https://www.skyscanner.net/g/referrals/v1/flights/day-view/?origin=wars&destination=skg&outboundDate=2026-08-25&inboundDate=2026-08-27&market=PL&locale=pl-PL&currency=PLN&mediaPartnerId=6439681,Warszawa-Saloniki,705.7288888888888,-1.994187802701631,580.75,1.56
Warszawa,Bari,Włochy,Kraków,2026-08-26,2026-08-28,2,301.47,288.55,590.02,WARS,BRI,KRK,https://skyscanner.net/g/referrals/v1/flights/multicity/?mediaPartnerId=6439681&origin0=wars&date0=2026-08-26&destination0=bri&origin1=bri&date1=2026-08-28&destination1=krk&adultsv2=1&market=PL&locale=pl-PL&currency=PLN,Warszawa-Bari,684.2911111111111,-1.19509630861882,511.41,15.37
Gdańsk,Podgorica,Czarnogóra,Poznań,2026-08-23,2026-08-27,4,159.15,431.01,590.16,GDN,TGD,POZ,https://skyscanner.net/g/referrals/v1/flights/multicity/?mediaPartnerId=6439681&origin0=gdn&date0=2026-08-23&destination0=tgd&origin1=tgd&date1=2026-08-27&destination1=poz&adultsv2=1&market=PL&locale=pl-PL&currency=PLN,Gdańsk-Podgorica,654.783125,-1.2509409096129744,,0.0
Wrocław,Malaga,Hiszpania,Warszawa,2026-08-26,2026-08-29,3,224.07,366.3,590.37,WRO,AGP,WARS,https://skyscanner.net/g/referrals/v1/flights/multicity/?mediaPartnerId=6439681&origin0=wro&date0=2026-08-26&destination0=agp&origin1=agp&date1=2026-08-29&destination1=wars&adultsv2=1&market=PL&locale=pl-PL&currency=PLN,Wrocław-Malaga,699.5887179487179,-1.548727714736046,590.0600000000001,0.05
Katowice,Warna,Bułagria,Gdańsk,2026-08-28,2026-08-31,3,94.72,495.67,590.39,KTW,VAR,GDN,https://skyscanner.net/g/referrals/v1/flights/multicity/?mediaPartnerId=6439681&origin0=ktw&date0=2026-08-28&destination0=var&origin1=var&date1=2026-08-31&destination1=gdn&adultsv2=1&market=PL&locale=pl-PL&currency=PLN,Katowice-Warna,680.6942857142858,-1.1716529373718743,577.37,2.26
Gdańsk,Podgorica,Czarnogóra,Gdańsk,2026-08-24,2026-08-26,2,95.0,495.67,590.6700000000001,GDN,TGD,GDN,https://www.skyscanner.net/g/referrals/v1/flights/day-view/?origin=gdn&destination=tgd&outboundDate=2026-08-24&inboundDate=2026-08-26&market=PL&locale=pl-PL&currency=PLN&mediaPartnerId=6439681,Gdańsk-Podgorica,654.783125,-1.241068594340342,599.28,-1.44
Warszawa,Valletta,Malta,Warszawa,2026-08-29,2026-08-31,2,120.63,470.95,591.5799999999999,WARS,MLA,WARS,https://www.skyscanner.net/g/referrals/v1/flights/day-view/?origin=wars&destination=mla&outboundDate=2026-08-29&inboundDate=2026-08-31&market=PL&locale=pl-PL&currency=PLN&mediaPartnerId=6439681,Warszawa-Valletta,730.783137254902,-2.1512909547443746,591.56,0.0
Katowice,Valletta,Malta,Poznań,2026-08-19,2026-08-21,2,253.28,339.24,592.52,KTW,MLA,POZ,https://skyscanner.net/g/referrals/v1/flights/multicity/?mediaPartnerId=6439681&origin0=ktw&date0=2026-08-19&destination0=mla&origin1=mla&date1=2026-08-21&destination1=poz&adultsv2=1&market=PL&locale=pl-PL&currency=PLN,Katowice-Valletta,698.6241333333332,-1.5419826904244027,592.48,0.01
Katowice,Tirana,Albania,Kraków,2026-08-25,2026-08-31,6,139.0,453.84,592.8399999999999,KTW,TIA,KRK,https://skyscanner.net/g/referrals/v1/flights/multicity/?mediaPartnerId=6439681&origin0=ktw&date0=2026-08-25&destination0=tia&origin1=tia&date1=2026-08-31&destination1=krk&adultsv2=1&market=PL&locale=pl-PL&currency=PLN,Katowice-Tirana,683.1777777777777,-1.0944617694025969,,0.0
Katowice,Tirana,Albania,Katowice,2026-08-25,2026-08-31,6,139.0,453.84,592.8399999999999,KTW,TIA,KTW,https://www.skyscanner.net/g/referrals/v1/flights/day-view/?origin=ktw&destination=tia&outboundDate=2026-08-25&inboundDate=2026-08-31&market=PL&locale=pl-PL&currency=PLN&mediaPartnerId=6439681,Katowice-Tirana,683.1777777777777,-1.0944617694025969,,0.0
Wrocław,Paryż,Francja,Kraków,2026-08-26,2026-08-28,2,516.26,77.49,593.75,WRO,BVA,KRK,https://skyscanner.net/g/referrals/v1/flights/multicity/?mediaPartnerId=6439681&origin0=wro&date0=2026-08-26&destination0=bva&origin1=bva&date1=2026-08-28&destination1=krk&adultsv2=1&market=PL&locale=pl-PL&currency=PLN,Wrocław-Paryż,679.2883673469387,-1.0081489659711338,,0.0
Warszawa,Bari,Włochy,Wrocław,2026-08-26,2026-08-31,5,249.0,344.8,593.8,WARS,BRI,WRO,https://skyscanner.net/g/referrals/v1/flights/multicity/?mediaPartnerId=6439681&origin0=wars&date0=2026-08-26&destination0=bri&origin1=bri&date1=2026-08-31&destination1=wro&adultsv2=1&market=PL&locale=pl-PL&currency=PLN,Warszawa-Bari,684.2911111111111,-1.1471763892147233,,0.0
Kraków,Podgorica,Czarnogóra,Poznań,2026-08-21,2026-08-27,6,162.91,431.01,593.92,KRK,TGD,POZ,https://skyscanner.net/g/referrals/v1/flights/multicity/?mediaPartnerId=6439681&origin0=krk&date0=2026-08-21&destination0=tgd&origin1=tgd&date1=2026-08-27&destination1=poz&adultsv2=1&market=PL&locale=pl-PL&currency=PLN,Kraków-Podgorica,692.6357142857144,-1.86883796998909,,0.0
Gdańsk,Paryż,Francja,Wrocław,2026-08-27,2026-08-29,2,499.24,94.72,593.96,GDN,BVA,WRO,https://skyscanner.net/g/referrals/v1/flights/multicity/?mediaPartnerId=6439681&origin0=gdn&date0=2026-08-27&destination0=bva&origin1=bva&date1=2026-08-29&destination1=wro&adultsv2=1&market=PL&locale=pl-PL&currency=PLN,Gdańsk-Paryż,695.8235714285714,-1.3361804044224452,602.47,-1.41
Poznań,Edynburg,Szkocja,Warszawa,2026-08-27,2026-08-31,4,357.47,236.79,594.26,POZ,EDI,WARS,https://skyscanner.net/g/referrals/v1/flights/multicity/?mediaPartnerId=6439681&origin0=poz&date0=2026-08-27&destination0=edi&origin1=edi&date1=2026-08-31&destination1=wars&adultsv2=1&market=PL&locale=pl-PL&currency=PLN,Poznań-Edynburg,716.8133333333333,-1.8452238501272937,555.16,7.04
Poznań,Podgorica,Czarnogóra,Poznań,2026-08-20,2026-08-27,7,163.45,431.01,594.46,POZ,TGD,POZ,https://www.skyscanner.net/g/referrals/v1/flights/day-view/?origin=poz&destination=tgd&outboundDate=2026-08-20&inboundDate=2026-08-27&market=PL&locale=pl-PL&currency=PLN&mediaPartnerId=6439681,Poznań-Podgorica,647.2346153846154,-1.3930301895563946,,0.0
Kraków,Barcelona,Hiszpania,Kraków,2026-08-26,2026-08-31,5,310.09,284.45,594.54,KRK,BCN,KRK,https://www.skyscanner.net/g/referrals/v1/flights/day-view/?origin=krk&destination=bcn&outboundDate=2026-08-26&inboundDate=2026-08-31&market=PL&locale=pl-PL&currency=PLN&mediaPartnerId=6439681,Kraków-Barcelona,744.8793939393939,-2.8122228586142484,594.55,-0.0
Kraków,Barcelona,Hiszpania,Katowice,2026-08-26,2026-08-31,5,310.09,284.45,594.54,KRK,BCN,KTW,https://skyscanner.net/g/referrals/v1/flights/multicity/?mediaPartnerId=6439681&origin0=krk&date0=2026-08-26&destination0=bcn&origin1=bcn&date1=2026-08-31&destination1=ktw&adultsv2=1&market=PL&locale=pl-PL&currency=PLN,Kraków-Barcelona,744.8793939393939,-2.8122228586142484,594.55,-0.0
Warszawa,Charleroi,Belgia,Warszawa,2026-08-28,2026-08-31,3,485.68,109.33,595.01,WARS,CRL,WARS,https://www.skyscanner.net/g/referrals/v1/flights/day-view/?origin=wars&destination=crl&outboundDate=2026-08-28&inboundDate=2026-08-31&market=PL&locale=pl-PL&currency=PLN&mediaPartnerId=6439681,Warszawa-Charleroi,711.595625,-1.450360007195353,589.54,0.93
Warszawa,Majorka,Hiszpania,Wrocław,2026-08-25,2026-08-31,6,189.27,406.49,595.76,WARS,PMI,WRO,https://skyscanner.net/g/referrals/v1/flights/multicity/?mediaPartnerId=6439681&origin0=wars&date0=2026-08-25&destination0=pmi&origin1=pmi&date1=2026-08-31&destination1=wro&adultsv2=1&market=PL&locale=pl-PL&currency=PLN,Warszawa-Majorka,695.95,-1.1508464588599856,550.14,8.29
Warszawa,Bari,Włochy,Katowice,2026-08-26,2026-08-31,5,301.47,294.46,595.9300000000001,WARS,BRI,KTW,https://skyscanner.net/g/referrals/v1/flights/multicity/?mediaPartnerId=6439681&origin0=wars&date0=2026-08-26&destination0=bri&origin1=bri&date1=2026-08-31&destination1=ktw&adultsv2=1&market=PL&locale=pl-PL&currency=PLN,Warszawa-Bari,684.2911111111111,-1.1201738949473337,553.48,7.67
Kraków,Bari,Włochy,Kraków,2026-08-26,2026-08-29,3,309.74,286.97,596.71,KRK,BRI,KRK,https://www.skyscanner.net/g/referrals/v1/flights/day-view/?origin=krk&destination=bri&outboundDate=2026-08-26&inboundDate=2026-08-29&market=PL&locale=pl-PL&currency=PLN&mediaPartnerId=6439681,Kraków-Bari,683.3089473684211,-1.2357556073236742,612.8299999999999,-2.63
Warszawa,Ateny,Grecja,Gdańsk,2026-08-23,2026-08-26,3,209.0,387.9,596.9,WARS,ATH,GDN,https://skyscanner.net/g/referrals/v1/flights/multicity/?mediaPartnerId=6439681&origin0=wars&date0=2026-08-23&destination0=ath&origin1=ath&date1=2026-08-26&destination1=gdn&adultsv2=1&market=PL&locale=pl-PL&currency=PLN,Warszawa-Ateny,719.2935135135135,-2.5391854684338577,596.9,0.0
Warszawa,Ateny,Grecja,Gdańsk,2026-08-24,2026-08-26,2,209.0,387.9,596.9,WARS,ATH,GDN,https://skyscanner.net/g/referrals/v1/flights/multicity/?mediaPartnerId=6439681&origin0=wars&date0=2026-08-24&destination0=ath&origin1=ath&date1=2026-08-26&destination1=gdn&adultsv2=1&market=PL&locale=pl-PL&currency=PLN,Warszawa-Ateny,719.2935135135135,-2.5391854684338577,616.9,-3.24
Kraków,Saloniki,Grecja,Kraków,2026-08-24,2026-08-31,7,98.78,499.24,598.02,KRK,SKG,KRK,https://www.skyscanner.net/g/referrals/v1/flights/day-view/?origin=krk&destination=skg&outboundDate=2026-08-24&inboundDate=2026-08-31&market=PL&locale=pl-PL&currency=PLN&mediaPartnerId=6439681,Kraków-Saloniki,670.3584,-1.1275832015284692,553.64,8.02
Katowice,Valletta,Malta,Warszawa,2026-08-23,2026-08-26,3,253.28,344.8,598.08,KTW,MLA,WARS,https://skyscanner.net/g/referrals/v1/flights/multicity/?mediaPartnerId=6439681&origin0=ktw&date0=2026-08-23&destination0=mla&origin1=mla&date1=2026-08-26&destination1=wars&adultsv2=1&market=PL&locale=pl-PL&currency=PLN,Katowice-Valletta,698.6241333333332,-1.4611807132589534,540.3299999999999,10.69
Katowice,Valletta,Malta,Warszawa,2026-08-19,2026-08-26,7,253.28,344.8,598.08,KTW,MLA,WARS,https://skyscanner.net/g/referrals/v1/flights/multicity/?mediaPartnerId=6439681&origin0=ktw&date0=2026-08-19&destination0=mla&origin1=mla&date1=2026-08-26&destination1=wars&adultsv2=1&market=PL&locale=pl-PL&currency=PLN,Katowice-Valletta,698.6241333333332,-1.4611807132589534,554.98,7.77
Kraków,Bari,Włochy,Kraków,2026-08-26,2026-08-28,2,309.74,288.55,598.29,KRK,BRI,KRK,https://www.skyscanner.net/g/referrals/v1/flights/day-view/?origin=krk&destination=bri&outboundDate=2026-08-26&inboundDate=2026-08-28&market=PL&locale=pl-PL&currency=PLN&mediaPartnerId=6439681,Kraków-Bari,683.3089473684211,-1.213209214799239,580.75,3.02
Gdańsk,Neapol,Włochy,Katowice,2026-08-28,2026-08-31,3,357.06,241.35,598.41,GDN,NAP,KTW,https://skyscanner.net/g/referrals/v1/flights/multicity/?mediaPartnerId=6439681&origin0=gdn&date0=2026-08-28&destination0=nap&origin1=nap&date1=2026-08-31&destination1=ktw&adultsv2=1&market=PL&locale=pl-PL&currency=PLN,Gdańsk-Neapol,705.2175,-1.4183439380548775,589.81,1.46
Warszawa,Bari,Włochy,Katowice,2026-08-28,2026-08-31,3,305.43,294.46,599.89,WARS,BRI,KTW,https://skyscanner.net/g/referrals/v1/flights/multicity/?mediaPartnerId=6439681&origin0=wars&date0=2026-08-28&destination0=bri&origin1=bri&date1=2026-08-31&destination1=ktw&adultsv2=1&market=PL&locale=pl-PL&currency=PLN,Warszawa-Bari,684.2911111111111,-1.069972074619233,566.8900000000001,5.82
Katowice,Malaga,Hiszpania,Katowice,2026-08-28,2026-08-31,3,261.13,339.37,600.5,KTW,AGP,KTW,https://www.skyscanner.net/g/referrals/v1/flights/day-view/?origin=ktw&destination=agp&outboundDate=2026-08-28&inboundDate=2026-08-31&market=PL&locale=pl-PL&currency=PLN&mediaPartnerId=6439681,Katowice-Malaga,745.2992307692307,-2.706159794877261,,0.0
Gdańsk,Split,Chorwacja,Wrocław,2026-08-24,2026-08-28,4,299.0,301.69,600.69,GDN,SPU,WRO,https://skyscanner.net/g/referrals/v1/flights/multicity/?mediaPartnerId=6439681&origin0=gdn&date0=2026-08-24&destination0=spu&origin1=spu&date1=2026-08-28&destination1=wro&adultsv2=1&market=PL&locale=pl-PL&currency=PLN,Gdańsk-Split,685.8688888888888,-1.832521845668459,600.69,0.0
Warszawa,Valletta,Malta,Gdańsk,2026-08-23,2026-08-26,3,359.0,242.26,601.26,WARS,MLA,GDN,https://skyscanner.net/g/referrals/v1/flights/multicity/?mediaPartnerId=6439681&origin0=wars&date0=2026-08-23&destination0=mla&origin1=mla&date1=2026-08-26&destination1=gdn&adultsv2=1&market=PL&locale=pl-PL&currency=PLN,Warszawa-Valletta,730.783137254902,-2.001693058801894,595.16,1.02
Gdańsk,Palermo,Włochy,Wrocław,2026-08-27,2026-08-29,2,142.86,458.52,601.38,GDN,PMO,WRO,https://skyscanner.net/g/referrals/v1/flights/multicity/?mediaPartnerId=6439681&origin0=gdn&date0=2026-08-27&destination0=pmo&origin1=pmo&date1=2026-08-29&destination1=wro&adultsv2=1&market=PL&locale=pl-PL&currency=PLN,Gdańsk-Palermo,698.8135294117646,-1.1647659402491064,,0.0
Gdańsk,Paryż,Francja,Poznań,2026-08-27,2026-08-31,4,499.24,102.7,601.94,GDN,BVA,POZ,https://skyscanner.net/g/referrals/v1/flights/multicity/?mediaPartnerId=6439681&origin0=gdn&date0=2026-08-27&destination0=bva&origin1=bva&date1=2026-08-31&destination1=poz&adultsv2=1&market=PL&locale=pl-PL&currency=PLN,Gdańsk-Paryż,695.8235714285714,-1.231503929037248,609.48,-1.24
Warszawa,Bari,Włochy,Wrocław,2026-08-29,2026-08-31,2,258.11,344.8,602.9100000000001,WARS,BRI,WRO,https://skyscanner.net/g/referrals/v1/flights/multicity/?mediaPartnerId=6439681&origin0=wars&date0=2026-08-29&destination0=bri&origin1=bri&date1=2026-08-31&destination1=wro&adultsv2=1&market=PL&locale=pl-PL&currency=PLN,Warszawa-Bari,684.2911111111111,-1.0316868480053762,572.79,5.26
Wrocław,Glasgow,Szkocja,Wrocław,2026-08-26,2026-08-29,3,512.54,90.66,603.1999999999999,WRO,GLA,WRO,https://www.skyscanner.net/g/referrals/v1/flights/day-view/?origin=wro&destination=gla&outboundDate=2026-08-26&inboundDate=2026-08-29&market=PL&locale=pl-PL&currency=PLN&mediaPartnerId=6439681,Wrocław-Glasgow,628.7566666666667,-1.147718624085363,546.61,10.35
Poznań,Valletta,Malta,Warszawa,2026-08-26,2026-08-31,5,132.3,470.95,603.25,POZ,MLA,WARS,https://skyscanner.net/g/referrals/v1/flights/multicity/?mediaPartnerId=6439681&origin0=poz&date0=2026-08-26&destination0=mla&origin1=mla&date1=2026-08-31&destination1=wars&adultsv2=1&market=PL&locale=pl-PL&currency=PLN,Poznań-Valletta,720.8145454545455,-2.0768346136743046,599.01,0.71
Wrocław,Barcelona,Hiszpania,Katowice,2026-08-25,2026-08-31,6,319.0,284.45,603.45,WRO,BCN,KTW,https://skyscanner.net/g/referrals/v1/flights/multicity/?mediaPartnerId=6439681&origin0=wro&date0=2026-08-25&destination0=bcn&origin1=bcn&date1=2026-08-31&destination1=ktw&adultsv2=1&market=PL&locale=pl-PL&currency=PLN,Wrocław-Barcelona,719.9157142857143,-2.040542249633871,603.45,0.0
Wrocław,Barcelona,Hiszpania,Kraków,2026-08-25,2026-08-31,6,319.0,284.45,603.45,WRO,BCN,KRK,https://skyscanner.net/g/referrals/v1/flights/multicity/?mediaPartnerId=6439681&origin0=wro&date0=2026-08-25&destination0=bcn&origin1=bcn&date1=2026-08-31&destination1=krk&adultsv2=1&market=PL&locale=pl-PL&currency=PLN,Wrocław-Barcelona,719.9157142857143,-2.040542249633871,603.45,0.0
Kraków,Bari,Włochy,Katowice,2026-08-26,2026-08-31,5,309.74,294.46,604.2,KRK,BRI,KTW,https://skyscanner.net/g/referrals/v1/flights/multicity/?mediaPartnerId=6439681&origin0=krk&date0=2026-08-26&destination0=bri&origin1=bri&date1=2026-08-31&destination1=ktw&adultsv2=1&market=PL&locale=pl-PL&currency=PLN,Kraków-Bari,683.3089473684211,-1.1288742908628977,622.8199999999999,-2.99
Katowice,Madryt,Hiszpania,Warszawa,2026-08-21,2026-08-27,6,359.0,245.2,604.2,KTW,MAD,WARS,https://skyscanner.net/g/referrals/v1/flights/multicity/?mediaPartnerId=6439681&origin0=ktw&date0=2026-08-21&destination0=mad&origin1=mad&date1=2026-08-27&destination1=wars&adultsv2=1&market=PL&locale=pl-PL&currency=PLN,Katowice-Madryt,689.0480952380952,-1.4246022138112302,604.2,0.0
Kraków,Valletta,Malta,Warszawa,2026-08-24,2026-08-26,2,260.13,344.8,604.9300000000001,KRK,MLA,WARS,https://skyscanner.net/g/referrals/v1/flights/multicity/?mediaPartnerId=6439681&origin0=krk&date0=2026-08-24&destination0=mla&origin1=mla&date1=2026-08-26&destination1=wars&adultsv2=1&market=PL&locale=pl-PL&currency=PLN,Kraków-Valletta,694.90908045977,-1.2869390459388872,527.36,14.71
Warszawa,Majorka,Hiszpania,Gdańsk,2026-08-25,2026-08-30,5,189.27,416.07,605.34,WARS,PMI,GDN,https://skyscanner.net/g/referrals/v1/flights/multicity/?mediaPartnerId=6439681&origin0=wars&date0=2026-08-25&destination0=pmi&origin1=pmi&date1=2026-08-30&destination1=gdn&adultsv2=1&market=PL&locale=pl-PL&currency=PLN,Warszawa-Majorka,695.95,-1.0408044479219807,,0.0
Warszawa,Tirana,Albania,Katowice,2026-08-29,2026-08-31,2,151.54,453.84,605.38,WARS,TIA,KTW,https://skyscanner.net/g/referrals/v1/flights/multicity/?mediaPartnerId=6439681&origin0=wars&date0=2026-08-29&destination0=tia&origin1=tia&date1=2026-08-31&destination1=ktw&adultsv2=1&market=PL&locale=pl-PL&currency=PLN,Warszawa-Tirana,712.9174074074074,-1.7088385516785927,676.63,-10.53
Warszawa,Tirana,Albania,Kraków,2026-08-29,2026-08-31,2,151.54,453.84,605.38,WARS,TIA,KRK,https://skyscanner.net/g/referrals/v1/flights/multicity/?mediaPartnerId=6439681&origin0=wars&date0=2026-08-29&destination0=tia&origin1=tia&date1=2026-08-31&destination1=krk&adultsv2=1&market=PL&locale=pl-PL&currency=PLN,Warszawa-Tirana,712.9174074074074,-1.7088385516785927,676.63,-10.53
Poznań,Majorka,Hiszpania,Wrocław,2026-08-27,2026-08-31,4,199.02,406.49,605.51,POZ,PMI,WRO,https://skyscanner.net/g/referrals/v1/flights/multicity/?mediaPartnerId=6439681&origin0=poz&date0=2026-08-27&destination0=pmi&origin1=pmi&date1=2026-08-31&destination1=wro&adultsv2=1&market=PL&locale=pl-PL&currency=PLN,Poznań-Majorka,697.42625,-1.209858906911934,561.05,7.92
Kraków,Valletta,Malta,Warszawa,2026-08-25,2026-08-29,4,110.92,494.74,605.66,KRK,MLA,WARS,https://skyscanner.net/g/referrals/v1/flights/multicity/?mediaPartnerId=6439681&origin0=krk&date0=2026-08-25&destination0=mla&origin1=mla&date1=2026-08-29&destination1=wars&adultsv2=1&market=PL&locale=pl-PL&currency=PLN,Kraków-Valletta,694.90908045977,-1.2764981134606397,,0.0
Wrocław,Malaga,Hiszpania,Poznań,2026-08-25,2026-08-28,3,185.29,420.37,605.66,WRO,AGP,POZ,https://skyscanner.net/g/referrals/v1/flights/multicity/?mediaPartnerId=6439681&origin0=wro&date0=2026-08-25&destination0=agp&origin1=agp&date1=2026-08-28&destination1=poz&adultsv2=1&market=PL&locale=pl-PL&currency=PLN,Wrocław-Malaga,699.5887179487179,-1.3319146335805547,619.3499999999999,-2.21
Poznań,Tirana,Albania,Kraków,2026-08-24,2026-08-27,3,109.0,496.96,605.96,POZ,TIA,KRK,https://skyscanner.net/g/referrals/v1/flights/multicity/?mediaPartnerId=6439681&origin0=poz&date0=2026-08-24&destination0=tia&origin1=tia&date1=2026-08-27&destination1=krk&adultsv2=1&market=PL&locale=pl-PL&currency=PLN,Poznań-Tirana,697.3014999999999,-1.2168619052126124,,0.0
Warszawa,Charleroi,Belgia,Wrocław,2026-08-28,2026-08-31,3,485.68,120.43,606.11,WARS,CRL,WRO,https://skyscanner.net/g/referrals/v1/flights/multicity/?mediaPartnerId=6439681&origin0=wars&date0=2026-08-28&destination0=crl&origin1=crl&date1=2026-08-31&destination1=wro&adultsv2=1&market=PL&locale=pl-PL&currency=PLN,Warszawa-Charleroi,711.595625,-1.3122726908570956,614.97,-1.44
Warszawa,Charleroi,Belgia,Warszawa,2026-08-28,2026-08-30,2,485.68,122.15,607.83,WARS,CRL,WARS,https://www.skyscanner.net/g/referrals/v1/flights/day-view/?origin=wars&destination=crl&outboundDate=2026-08-28&inboundDate=2026-08-30&market=PL&locale=pl-PL&currency=PLN&mediaPartnerId=6439681,Warszawa-Charleroi,711.595625,-1.29087537697405,614.97,-1.16
Wrocław,Tirana,Albania,Kraków,2026-08-24,2026-08-31,7,154.86,453.84,608.7,WRO,TIA,KRK,https://skyscanner.net/g/referrals/v1/flights/multicity/?mediaPartnerId=6439681&origin0=wro&date0=2026-08-24&destination0=tia&origin1=tia&date1=2026-08-31&destination1=krk&adultsv2=1&market=PL&locale=pl-PL&currency=PLN,Wrocław-Tirana,701.1653846153846,-1.4382322797294258,608.68,0.0
Wrocław,Tirana,Albania,Katowice,2026-08-24,2026-08-31,7,154.86,453.84,608.7,WRO,TIA,KTW,https://skyscanner.net/g/referrals/v1/flights/multicity/?mediaPartnerId=6439681&origin0=wro&date0=2026-08-24&destination0=tia&origin1=tia&date1=2026-08-31&destination1=ktw&adultsv2=1&market=PL&locale=pl-PL&currency=PLN,Wrocław-Tirana,701.1653846153846,-1.4382322797294258,608.68,0.0
Poznań,Tirana,Albania,Wrocław,2026-08-24,2026-08-31,7,109.0,500.2,609.2,POZ,TIA,WRO,https://skyscanner.net/g/referrals/v1/flights/multicity/?mediaPartnerId=6439681&origin0=poz&date0=2026-08-24&destination0=tia&origin1=tia&date1=2026-08-31&destination1=wro&adultsv2=1&market=PL&locale=pl-PL&currency=PLN,Poznań-Tirana,697.3014999999999,-1.173698254813956,609.2,0.0
Katowice,Valletta,Malta,Warszawa,2026-08-25,2026-08-31,6,139.0,470.95,609.95,KTW,MLA,WARS,https://skyscanner.net/g/referrals/v1/flights/multicity/?mediaPartnerId=6439681&origin0=ktw&date0=2026-08-25&destination0=mla&origin1=mla&date1=2026-08-31&destination1=wars&adultsv2=1&market=PL&locale=pl-PL&currency=PLN,Katowice-Valletta,698.6241333333332,-1.2886772116485448,610.01,-0.01
Katowice,Valletta,Malta,Warszawa,2026-08-26,2026-08-31,5,139.0,470.95,609.95,KTW,MLA,WARS,https://skyscanner.net/g/referrals/v1/flights/multicity/?mediaPartnerId=6439681&origin0=ktw&date0=2026-08-26&destination0=mla&origin1=mla&date1=2026-08-31&destination1=wars&adultsv2=1&market=PL&locale=pl-PL&currency=PLN,Katowice-Valletta,698.6241333333332,-1.2886772116485448,610.01,-0.01
Kraków,Valletta,Malta,Wrocław,2026-08-21,2026-08-26,5,232.56,377.4,609.96,KRK,MLA,WRO,https://skyscanner.net/g/referrals/v1/flights/multicity/?mediaPartnerId=6439681&origin0=krk&date0=2026-08-21&destination0=mla&origin1=mla&date1=2026-08-26&destination1=wro&adultsv2=1&market=PL&locale=pl-PL&currency=PLN,Kraków-Valletta,694.90908045977,-1.2149967303695832,,0.0
Kraków,Valletta,Malta,Warszawa,2026-08-26,2026-08-29,3,115.48,494.74,610.22,KRK,MLA,WARS,https://skyscanner.net/g/referrals/v1/flights/multicity/?mediaPartnerId=6439681&origin0=krk&date0=2026-08-26&destination0=mla&origin1=mla&date1=2026-08-29&destination1=wars&adultsv2=1&market=PL&locale=pl-PL&currency=PLN,Kraków-Valletta,694.90908045977,-1.2112780420896592,,0.0
Gdańsk,Edynburg,Szkocja,Warszawa,2026-08-28,2026-08-31,3,374.27,236.79,611.06,GDN,EDI,WARS,https://skyscanner.net/g/referrals/v1/flights/multicity/?mediaPartnerId=6439681&origin0=gdn&date0=2026-08-28&destination0=edi&origin1=edi&date1=2026-08-31&destination1=wars&adultsv2=1&market=PL&locale=pl-PL&currency=PLN,Gdańsk-Edynburg,714.0225,-1.6545297570926216,546.56,11.8
Poznań,Cagliari,Włochy,Kraków,2026-08-24,2026-08-30,6,205.0,406.49,611.49,POZ,CAG,KRK,https://skyscanner.net/g/referrals/v1/flights/multicity/?mediaPartnerId=6439681&origin0=poz&date0=2026-08-24&destination0=cag&origin1=cag&date1=2026-08-30&destination1=krk&adultsv2=1&market=PL&locale=pl-PL&currency=PLN,Poznań-Cagliari,731.9325,-1.970305876510495,556.75,9.83
Poznań,Palermo,Włochy,Poznań,2026-08-28,2026-08-30,2,188.77,424.6,613.37,POZ,PMO,POZ,https://www.skyscanner.net/g/referrals/v1/flights/day-view/?origin=poz&destination=pmo&outboundDate=2026-08-28&inboundDate=2026-08-30&market=PL&locale=pl-PL&currency=PLN&mediaPartnerId=6439681,Poznań-Palermo,680.4658333333333,-1.2641386067141653,623.7,-1.66
Wrocław,Podgorica,Czarnogóra,Gdańsk,2026-08-29,2026-08-31,2,104.0,509.48,613.48,WRO,TGD,GDN,https://skyscanner.net/g/referrals/v1/flights/multicity/?mediaPartnerId=6439681&origin0=wro&date0=2026-08-29&destination0=tgd&origin1=tgd&date1=2026-08-31&destination1=gdn&adultsv2=1&market=PL&locale=pl-PL&currency=PLN,Wrocław-Podgorica,681.1234782608695,-1.430986368345356,623.72,-1.64
Wrocław,Tirana,Albania,Katowice,2026-08-29,2026-08-31,2,160.41,453.84,614.25,WRO,TIA,KTW,https://skyscanner.net/g/referrals/v1/flights/multicity/?mediaPartnerId=6439681&origin0=wro&date0=2026-08-29&destination0=tia&origin1=tia&date1=2026-08-31&destination1=ktw&adultsv2=1&market=PL&locale=pl-PL&currency=PLN,Wrocław-Tirana,701.1653846153846,-1.3519060379071413,,0.0
Wrocław,Tirana,Albania,Kraków,2026-08-29,2026-08-31,2,160.41,453.84,614.25,WRO,TIA,KRK,https://skyscanner.net/g/referrals/v1/flights/multicity/?mediaPartnerId=6439681&origin0=wro&date0=2026-08-29&destination0=tia&origin1=tia&date1=2026-08-31&destination1=krk&adultsv2=1&market=PL&locale=pl-PL&currency=PLN,Wrocław-Tirana,701.1653846153846,-1.3519060379071413,,0.0
Kraków,Podgorica,Czarnogóra,Poznań,2026-08-20,2026-08-27,7,183.39,431.01,614.4,KRK,TGD,POZ,https://skyscanner.net/g/referrals/v1/flights/multicity/?mediaPartnerId=6439681&origin0=krk&date0=2026-08-20&destination0=tgd&origin1=tgd&date1=2026-08-27&destination1=poz&adultsv2=1&market=PL&locale=pl-PL&currency=PLN,Kraków-Podgorica,692.6357142857144,-1.481120554354532,,0.0
Poznań,Majorka,Hiszpania,Gdańsk,2026-08-27,2026-08-30,3,199.02,416.07,615.09,POZ,PMI,GDN,https://skyscanner.net/g/referrals/v1/flights/multicity/?mediaPartnerId=6439681&origin0=poz&date0=2026-08-27&destination0=pmi&origin1=pmi&date1=2026-08-30&destination1=gdn&adultsv2=1&market=PL&locale=pl-PL&currency=PLN,Poznań-Majorka,697.42625,-1.0837609826796424,,0.0
Wrocław,Rimini,Włochy,Warszawa,2026-08-27,2026-08-31,4,314.04,301.69,615.73,WRO,RMI,WARS,https://skyscanner.net/g/referrals/v1/flights/multicity/?mediaPartnerId=6439681&origin0=wro&date0=2026-08-27&destination0=rmi&origin1=rmi&date1=2026-08-31&destination1=wars&adultsv2=1&market=PL&locale=pl-PL&currency=PLN,Wrocław-Rimini,686.2760000000001,-1.1390080331834256,,0.0
Wrocław,Valletta,Malta,Warszawa,2026-08-27,2026-08-31,4,145.0,470.95,615.95,WRO,MLA,WARS,https://skyscanner.net/g/referrals/v1/flights/multicity/?mediaPartnerId=6439681&origin0=wro&date0=2026-08-27&destination0=mla&origin1=mla&date1=2026-08-31&destination1=wars&adultsv2=1&market=PL&locale=pl-PL&currency=PLN,Wrocław-Valletta,724.2726785714285,-1.852831919134472,616.01,-0.01
Wrocław,Valletta,Malta,Warszawa,2026-08-26,2026-08-31,5,145.0,470.95,615.95,WRO,MLA,WARS,https://skyscanner.net/g/referrals/v1/flights/multicity/?mediaPartnerId=6439681&origin0=wro&date0=2026-08-26&destination0=mla&origin1=mla&date1=2026-08-31&destination1=wars&adultsv2=1&market=PL&locale=pl-PL&currency=PLN,Wrocław-Valletta,724.2726785714285,-1.852831919134472,616.01,-0.01
Kraków,Podgorica,Czarnogóra,Poznań,2026-08-24,2026-08-27,3,185.29,431.01,616.3,KRK,TGD,POZ,https://skyscanner.net/g/referrals/v1/flights/multicity/?mediaPartnerId=6439681&origin0=krk&date0=2026-08-24&destination0=tgd&origin1=tgd&date1=2026-08-27&destination1=poz&adultsv2=1&market=PL&locale=pl-PL&currency=PLN,Kraków-Podgorica,692.6357142857144,-1.4451506769274982,,0.0
Wrocław,Malaga,Hiszpania,Katowice,2026-08-25,2026-08-27,2,185.29,431.01,616.3,WRO,AGP,KTW,https://skyscanner.net/g/referrals/v1/flights/multicity/?mediaPartnerId=6439681&origin0=wro&date0=2026-08-25&destination0=agp&origin1=agp&date1=2026-08-27&destination1=ktw&adultsv2=1&market=PL&locale=pl-PL&currency=PLN,Wrocław-Malaga,699.5887179487179,-1.181038820402371,573.16,7.53
Wrocław,Malaga,Hiszpania,Kraków,2026-08-25,2026-08-27,2,185.29,431.01,616.3,WRO,AGP,KRK,https://skyscanner.net/g/referrals/v1/flights/multicity/?mediaPartnerId=6439681&origin0=wro&date0=2026-08-25&destination0=agp&origin1=agp&date1=2026-08-27&destination1=krk&adultsv2=1&market=PL&locale=pl-PL&currency=PLN,Wrocław-Malaga,699.5887179487179,-1.181038820402371,573.16,7.53
Gdańsk,Ateny,Grecja,Gdańsk,2026-08-24,2026-08-26,2,229.0,387.9,616.9,GDN,ATH,GDN,https://www.skyscanner.net/g/referrals/v1/flights/day-view/?origin=gdn&destination=ath&outboundDate=2026-08-24&inboundDate=2026-08-26&market=PL&locale=pl-PL&currency=PLN&mediaPartnerId=6439681,Gdańsk-Ateny,747.0366666666666,-2.689953970385641,616.9,0.0
Warszawa,Sewilla,Hiszpania,Wrocław,2026-08-21,2026-08-23,2,359.0,258.37,617.37,WARS,SVQ,WRO,https://skyscanner.net/g/referrals/v1/flights/multicity/?mediaPartnerId=6439681&origin0=wars&date0=2026-08-21&destination0=svq&origin1=svq&date1=2026-08-23&destination1=wro&adultsv2=1&market=PL&locale=pl-PL&currency=PLN,Warszawa-Sewilla,738.954,-1.582876664483034,742.0,-16.8
Katowice,Madryt,Hiszpania,Katowice,2026-08-21,2026-08-28,7,359.0,258.59,617.5899999999999,KTW,MAD,KTW,https://www.skyscanner.net/g/referrals/v1/flights/day-view/?origin=ktw&destination=mad&outboundDate=2026-08-21&inboundDate=2026-08-28&market=PL&locale=pl-PL&currency=PLN&mediaPartnerId=6439681,Katowice-Madryt,689.0480952380952,-1.1997836885467092,617.5899999999999,0.0
Gdańsk,Paryż,Francja,Gdańsk,2026-08-27,2026-08-31,4,499.24,119.0,618.24,GDN,BVA,GDN,https://www.skyscanner.net/g/referrals/v1/flights/day-view/?origin=gdn&destination=bva&outboundDate=2026-08-27&inboundDate=2026-08-31&market=PL&locale=pl-PL&currency=PLN&mediaPartnerId=6439681,Gdańsk-Paryż,695.8235714285714,-1.0176910783130992,618.25,-0.0
Gdańsk,Paryż,Francja,Gdańsk,2026-08-27,2026-08-30,3,499.24,119.0,618.24,GDN,BVA,GDN,https://www.skyscanner.net/g/referrals/v1/flights/day-view/?origin=gdn&destination=bva&outboundDate=2026-08-27&inboundDate=2026-08-30&market=PL&locale=pl-PL&currency=PLN&mediaPartnerId=6439681,Gdańsk-Paryż,695.8235714285714,-1.0176910783130992,618.25,-0.0
Gdańsk,Paryż,Francja,Gdańsk,2026-08-27,2026-08-29,2,499.24,119.52,618.76,GDN,BVA,GDN,https://www.skyscanner.net/g/referrals/v1/flights/day-view/?origin=gdn&destination=bva&outboundDate=2026-08-27&inboundDate=2026-08-29&market=PL&locale=pl-PL&currency=PLN&mediaPartnerId=6439681,Gdańsk-Paryż,695.8235714285714,-1.010870054854415,618.25,0.08
Kraków,Podgorica,Czarnogóra,Warszawa,2026-08-25,2026-08-27,2,145.0,474.12,619.12,KRK,TGD,WARS,https://skyscanner.net/g/referrals/v1/flights/multicity/?mediaPartnerId=6439681&origin0=krk&date0=2026-08-25&destination0=tgd&origin1=tgd&date1=2026-08-27&destination1=wars&adultsv2=1&market=PL&locale=pl-PL&currency=PLN,Kraków-Podgorica,692.6357142857144,-1.3917638062200046,576.01,7.48
Wrocław,Valletta,Malta,Gdańsk,2026-08-22,2026-08-26,4,377.4,242.26,619.66,WRO,MLA,GDN,https://skyscanner.net/g/referrals/v1/flights/multicity/?mediaPartnerId=6439681&origin0=wro&date0=2026-08-22&destination0=mla&origin1=mla&date1=2026-08-26&destination1=gdn&adultsv2=1&market=PL&locale=pl-PL&currency=PLN,Wrocław-Valletta,724.2726785714285,-1.7893733109220098,613.57,0.99
Poznań,Palermo,Włochy,Warszawa,2026-08-28,2026-08-30,2,188.77,431.01,619.78,POZ,PMO,WARS,https://skyscanner.net/g/referrals/v1/flights/multicity/?mediaPartnerId=6439681&origin0=poz&date0=2026-08-28&destination0=pmo&origin1=pmo&date1=2026-08-30&destination1=wars&adultsv2=1&market=PL&locale=pl-PL&currency=PLN,Poznań-Palermo,680.4658333333333,-1.1433691331645743,,0.0
Warszawa,Madryt,Hiszpania,Wrocław,2026-08-20,2026-08-26,6,449.0,172.38,621.38,WARS,MAD,WRO,https://skyscanner.net/g/referrals/v1/flights/multicity/?mediaPartnerId=6439681&origin0=wars&date0=2026-08-20&destination0=mad&origin1=mad&date1=2026-08-26&destination1=wro&adultsv2=1&market=PL&locale=pl-PL&currency=PLN,Warszawa-Madryt,743.7058974358974,-2.261709892371911,581.38,6.88
Kraków,Valletta,Malta,Warszawa,2026-08-23,2026-08-26,3,278.5,344.8,623.3,KRK,MLA,WARS,https://skyscanner.net/g/referrals/v1/flights/multicity/?mediaPartnerId=6439681&origin0=krk&date0=2026-08-23&destination0=mla&origin1=mla&date1=2026-08-26&destination1=wars&adultsv2=1&market=PL&locale=pl-PL&currency=PLN,Kraków-Valletta,694.90908045977,-1.0241994163150079,598.5699999999999,4.13
Wrocław,Podgorica,Czarnogóra,Warszawa,2026-08-22,2026-08-27,5,150.72,474.12,624.84,WRO,TGD,WARS,https://skyscanner.net/g/referrals/v1/flights/multicity/?mediaPartnerId=6439681&origin0=wro&date0=2026-08-22&destination0=tgd&origin1=tgd&date1=2026-08-27&destination1=wars&adultsv2=1&market=PL&locale=pl-PL&currency=PLN,Wrocław-Podgorica,681.1234782608695,-1.1906674852490229,581.55,7.44
Gdańsk,Edynburg,Szkocja,Warszawa,2026-08-27,2026-08-31,4,388.58,236.79,625.37,GDN,EDI,WARS,https://skyscanner.net/g/referrals/v1/flights/multicity/?mediaPartnerId=6439681&origin0=gdn&date0=2026-08-27&destination0=edi&origin1=edi&date1=2026-08-31&destination1=wars&adultsv2=1&market=PL&locale=pl-PL&currency=PLN,Gdańsk-Edynburg,714.0225,-1.424578844634246,585.21,6.86
Poznań,Valletta,Malta,Warszawa,2026-08-26,2026-08-29,3,132.3,494.74,627.04,POZ,MLA,WARS,https://skyscanner.net/g/referrals/v1/flights/multicity/?mediaPartnerId=6439681&origin0=poz&date0=2026-08-26&destination0=mla&origin1=mla&date1=2026-08-29&destination1=wars&adultsv2=1&market=PL&locale=pl-PL&currency=PLN,Poznań-Valletta,720.8145454545455,-1.6565727458783335,,0.0
Warszawa,Malaga,Hiszpania,Katowice,2026-08-26,2026-08-31,5,288.1,339.37,627.47,WARS,AGP,KTW,https://skyscanner.net/g/referrals/v1/flights/multicity/?mediaPartnerId=6439681&origin0=wars&date0=2026-08-26&destination0=agp&origin1=agp&date1=2026-08-31&destination1=ktw&adultsv2=1&market=PL&locale=pl-PL&currency=PLN,Warszawa-Malaga,720.7114285714285,-1.696507276911522,,0.0
Gdańsk,Malaga,Hiszpania,Katowice,2026-08-27,2026-08-31,4,288.22,339.37,627.59,GDN,AGP,KTW,https://skyscanner.net/g/referrals/v1/flights/multicity/?mediaPartnerId=6439681&origin0=gdn&date0=2026-08-27&destination0=agp&origin1=agp&date1=2026-08-31&destination1=ktw&adultsv2=1&market=PL&locale=pl-PL&currency=PLN,Gdańsk-Malaga,741.2633333333332,-2.055941127668668,,0.0
Wrocław,Tirana,Albania,Wrocław,2026-08-24,2026-08-29,5,154.86,474.37,629.23,WRO,TIA,WRO,https://www.skyscanner.net/g/referrals/v1/flights/day-view/?origin=wro&destination=tia&outboundDate=2026-08-24&inboundDate=2026-08-29&market=PL&locale=pl-PL&currency=PLN&mediaPartnerId=6439681,Wrocław-Tirana,701.1653846153846,-1.1189029563759996,,0.0
Wrocław,Podgorica,Czarnogóra,Gdańsk,2026-08-27,2026-08-31,4,120.43,509.48,629.9100000000001,WRO,TGD,GDN,https://skyscanner.net/g/referrals/v1/flights/multicity/?mediaPartnerId=6439681&origin0=wro&date0=2026-08-27&destination0=tgd&origin1=tgd&date1=2026-08-31&destination1=gdn&adultsv2=1&market=PL&locale=pl-PL&currency=PLN,Wrocław-Podgorica,681.1234782608695,-1.083412490768528,,0.0
Wrocław,Alicante,Hiszpania,Katowice,2026-08-27,2026-08-31,4,215.72,414.23,629.95,WRO,ALC,KTW,https://skyscanner.net/g/referrals/v1/flights/multicity/?mediaPartnerId=6439681&origin0=wro&date0=2026-08-27&destination0=alc&origin1=alc&date1=2026-08-31&destination1=ktw&adultsv2=1&market=PL&locale=pl-PL&currency=PLN,Wrocław-Alicante,718.6888461538462,-1.7578914774972583,582.9200000000001,8.07
Warszawa,Valletta,Malta,Gdańsk,2026-08-19,2026-08-26,7,391.48,242.26,633.74,WARS,MLA,GDN,https://skyscanner.net/g/referrals/v1/flights/multicity/?mediaPartnerId=6439681&origin0=wars&date0=2026-08-19&destination0=mla&origin1=mla&date1=2026-08-26&destination1=gdn&adultsv2=1&market=PL&locale=pl-PL&currency=PLN,Warszawa-Valletta,730.783137254902,-1.4997364823337391,636.25,-0.39
Poznań,Edynburg,Szkocja,Gdańsk,2026-08-27,2026-08-29,2,357.47,277.13,634.6,POZ,EDI,GDN,https://skyscanner.net/g/referrals/v1/flights/multicity/?mediaPartnerId=6439681&origin0=poz&date0=2026-08-27&destination0=edi&origin1=edi&date1=2026-08-29&destination1=gdn&adultsv2=1&market=PL&locale=pl-PL&currency=PLN,Poznań-Edynburg,716.8133333333333,-1.2378447761393556,570.0699999999999,11.32
Warszawa,Warna,Bułagria,Gdańsk,2026-08-27,2026-08-31,4,139.0,495.67,634.6700000000001,WARS,VAR,GDN,https://skyscanner.net/g/referrals/v1/flights/multicity/?mediaPartnerId=6439681&origin0=wars&date0=2026-08-27&destination0=var&origin1=var&date1=2026-08-31&destination1=gdn&adultsv2=1&market=PL&locale=pl-PL&currency=PLN,Warszawa-Warna,648.0033333333334,-1.1547005383792557,,0.0
Warszawa,Malaga,Hiszpania,Katowice,2026-08-29,2026-08-31,2,295.76,339.37,635.13,WARS,AGP,KTW,https://skyscanner.net/g/referrals/v1/flights/multicity/?mediaPartnerId=6439681&origin0=wars&date0=2026-08-29&destination0=agp&origin1=agp&date1=2026-08-31&destination1=ktw&adultsv2=1&market=PL&locale=pl-PL&currency=PLN,Warszawa-Malaga,720.7114285714285,-1.5571352623441232,,0.0
Wrocław,Alicante,Hiszpania,Katowice,2026-08-29,2026-08-31,2,221.83,414.23,636.0600000000001,WRO,ALC,KTW,https://skyscanner.net/g/referrals/v1/flights/multicity/?mediaPartnerId=6439681&origin0=wro&date0=2026-08-29&destination0=alc&origin1=alc&date1=2026-08-31&destination1=ktw&adultsv2=1&market=PL&locale=pl-PL&currency=PLN,Wrocław-Alicante,718.6888461538462,-1.6368541033027917,597.22,6.5
Kraków,Podgorica,Czarnogóra,Warszawa,2026-08-21,2026-08-27,6,162.91,474.12,637.03,KRK,TGD,WARS,https://skyscanner.net/g/referrals/v1/flights/multicity/?mediaPartnerId=6439681&origin0=krk&date0=2026-08-21&destination0=tgd&origin1=tgd&date1=2026-08-27&destination1=wars&adultsv2=1&market=PL&locale=pl-PL&currency=PLN,Kraków-Podgorica,692.6357142857144,-1.0527003826841201,593.9,7.26
Wrocław,Valletta,Malta,Warszawa,2026-08-23,2026-08-26,3,292.31,344.8,637.11,WRO,MLA,WARS,https://skyscanner.net/g/referrals/v1/flights/multicity/?mediaPartnerId=6439681&origin0=wro&date0=2026-08-23&destination0=mla&origin1=mla&date1=2026-08-26&destination1=wars&adultsv2=1&market=PL&locale=pl-PL&currency=PLN,Wrocław-Valletta,724.2726785714285,-1.4908954906234948,594.01,7.26
Wrocław,Valletta,Malta,Warszawa,2026-08-27,2026-08-29,2,145.0,494.74,639.74,WRO,MLA,WARS,https://skyscanner.net/g/referrals/v1/flights/multicity/?mediaPartnerId=6439681&origin0=wro&date0=2026-08-27&destination0=mla&origin1=mla&date1=2026-08-29&destination1=wars&adultsv2=1&market=PL&locale=pl-PL&currency=PLN,Wrocław-Valletta,724.2726785714285,-1.4459100082518563,,0.0
Wrocław,Valletta,Malta,Warszawa,2026-08-26,2026-08-29,3,145.0,494.74,639.74,WRO,MLA,WARS,https://skyscanner.net/g/referrals/v1/flights/multicity/?mediaPartnerId=6439681&origin0=wro&date0=2026-08-26&destination0=mla&origin1=mla&date1=2026-08-29&destination1=wars&adultsv2=1&market=PL&locale=pl-PL&currency=PLN,Wrocław-Valletta,724.2726785714285,-1.4459100082518563,,0.0
Poznań,Edynburg,Szkocja,Poznań,2026-08-27,2026-08-29,2,357.47,282.62,640.09,POZ,EDI,POZ,https://www.skyscanner.net/g/referrals/v1/flights/day-view/?origin=poz&destination=edi&outboundDate=2026-08-27&inboundDate=2026-08-29&market=PL&locale=pl-PL&currency=PLN&mediaPartnerId=6439681,Poznań-Edynburg,716.8133333333333,-1.1551846096496732,601.01,6.5
Poznań,Valletta,Malta,Warszawa,2026-08-27,2026-08-31,4,170.69,470.95,641.64,POZ,MLA,WARS,https://skyscanner.net/g/referrals/v1/flights/multicity/?mediaPartnerId=6439681&origin0=poz&date0=2026-08-27&destination0=mla&origin1=mla&date1=2026-08-31&destination1=wars&adultsv2=1&market=PL&locale=pl-PL&currency=PLN,Poznań-Valletta,720.8145454545455,-1.398656677369666,634.5799999999999,1.11
Poznań,Valletta,Malta,Warszawa,2026-08-24,2026-08-26,2,296.87,344.8,641.6700000000001,POZ,MLA,WARS,https://skyscanner.net/g/referrals/v1/flights/multicity/?mediaPartnerId=6439681&origin0=poz&date0=2026-08-24&destination0=mla&origin1=mla&date1=2026-08-26&destination1=wars&adultsv2=1&market=PL&locale=pl-PL&currency=PLN,Poznań-Valletta,720.8145454545455,-1.3981267128453316,536.5799999999999,19.59
Poznań,Cagliari,Włochy,Kraków,2026-08-25,2026-08-30,5,236.59,406.49,643.08,POZ,CAG,KRK,https://skyscanner.net/g/referrals/v1/flights/multicity/?mediaPartnerId=6439681&origin0=poz&date0=2026-08-25&destination0=cag&origin1=cag&date1=2026-08-30&destination1=krk&adultsv2=1&market=PL&locale=pl-PL&currency=PLN,Poznań-Cagliari,731.9325,-1.453528471201185,602.35,6.76
Kraków,Glasgow,Szkocja,Kraków,2026-08-29,2026-08-31,2,511.95,131.44,643.39,KRK,GLA,KRK,https://www.skyscanner.net/g/referrals/v1/flights/day-view/?origin=krk&destination=gla&outboundDate=2026-08-29&inboundDate=2026-08-31&market=PL&locale=pl-PL&currency=PLN&mediaPartnerId=6439681,Kraków-Glasgow,718.3779999999999,-1.3488808222140392,626.1700000000001,2.75
Wrocław,Barcelona,Hiszpania,Katowice,2026-08-27,2026-08-31,4,359.0,284.45,643.45,WRO,BCN,KTW,https://skyscanner.net/g/referrals/v1/flights/multicity/?mediaPartnerId=6439681&origin0=wro&date0=2026-08-27&destination0=bcn&origin1=bcn&date1=2026-08-31&destination1=ktw&adultsv2=1&market=PL&locale=pl-PL&currency=PLN,Wrocław-Barcelona,719.9157142857143,-1.3397206345693715,643.45,0.0
Gdańsk,Barcelona,Hiszpania,Kraków,2026-08-27,2026-08-31,4,359.0,284.45,643.45,GDN,BCN,KRK,https://skyscanner.net/g/referrals/v1/flights/multicity/?mediaPartnerId=6439681&origin0=gdn&date0=2026-08-27&destination0=bcn&origin1=bcn&date1=2026-08-31&destination1=krk&adultsv2=1&market=PL&locale=pl-PL&currency=PLN,Gdańsk-Barcelona,744.8030555555556,-2.098782538649782,643.45,0.0
Gdańsk,Barcelona,Hiszpania,Katowice,2026-08-27,2026-08-31,4,359.0,284.45,643.45,GDN,BCN,KTW,https://skyscanner.net/g/referrals/v1/flights/multicity/?mediaPartnerId=6439681&origin0=gdn&date0=2026-08-27&destination0=bcn&origin1=bcn&date1=2026-08-31&destination1=ktw&adultsv2=1&market=PL&locale=pl-PL&currency=PLN,Gdańsk-Barcelona,744.8030555555556,-2.098782538649782,643.45,0.0
Wrocław,Barcelona,Hiszpania,Kraków,2026-08-27,2026-08-31,4,359.0,284.45,643.45,WRO,BCN,KRK,https://skyscanner.net/g/referrals/v1/flights/multicity/?mediaPartnerId=6439681&origin0=wro&date0=2026-08-27&destination0=bcn&origin1=bcn&date1=2026-08-31&destination1=krk&adultsv2=1&market=PL&locale=pl-PL&currency=PLN,Wrocław-Barcelona,719.9157142857143,-1.3397206345693715,643.45,0.0
Wrocław,Split,Chorwacja,Katowice,2026-08-28,2026-08-31,3,299.0,344.8,643.8,WRO,SPU,KTW,https://skyscanner.net/g/referrals/v1/flights/multicity/?mediaPartnerId=6439681&origin0=wro&date0=2026-08-28&destination0=spu&origin1=spu&date1=2026-08-31&destination1=ktw&adultsv2=1&market=PL&locale=pl-PL&currency=PLN,Wrocław-Split,718.9714285714286,-1.3023055819483516,643.8,0.0
Wrocław,Split,Chorwacja,Kraków,2026-08-28,2026-08-31,3,299.0,344.8,643.8,WRO,SPU,KRK,https://skyscanner.net/g/referrals/v1/flights/multicity/?mediaPartnerId=6439681&origin0=wro&date0=2026-08-28&destination0=spu&origin1=spu&date1=2026-08-31&destination1=krk&adultsv2=1&market=PL&locale=pl-PL&currency=PLN,Wrocław-Split,718.9714285714286,-1.3023055819483516,643.8,0.0
Warszawa,Valletta,Malta,Warszawa,2026-08-24,2026-08-26,2,299.0,344.8,643.8,WARS,MLA,WARS,https://www.skyscanner.net/g/referrals/v1/flights/day-view/?origin=wars&destination=mla&outboundDate=2026-08-24&inboundDate=2026-08-26&market=PL&locale=pl-PL&currency=PLN&mediaPartnerId=6439681,Warszawa-Valletta,730.783137254902,-1.3442659417158325,600.69,7.18
Wrocław,Valletta,Malta,Gdańsk,2026-08-24,2026-08-26,2,402.01,242.26,644.27,WRO,MLA,GDN,https://skyscanner.net/g/referrals/v1/flights/multicity/?mediaPartnerId=6439681&origin0=wro&date0=2026-08-24&destination0=mla&origin1=mla&date1=2026-08-26&destination1=gdn&adultsv2=1&market=PL&locale=pl-PL&currency=PLN,Wrocław-Valletta,724.2726785714285,-1.3684255081972856,613.57,5.0
Warszawa,Tirana,Albania,Kraków,2026-08-26,2026-08-31,5,190.62,453.84,644.46,WARS,TIA,KRK,https://skyscanner.net/g/referrals/v1/flights/multicity/?mediaPartnerId=6439681&origin0=wars&date0=2026-08-26&destination0=tia&origin1=tia&date1=2026-08-31&destination1=krk&adultsv2=1&market=PL&locale=pl-PL&currency=PLN,Warszawa-Tirana,712.9174074074074,-1.087832222721852,,0.0
Warszawa,Tirana,Albania,Katowice,2026-08-26,2026-08-31,5,190.62,453.84,644.46,WARS,TIA,KTW,https://skyscanner.net/g/referrals/v1/flights/multicity/?mediaPartnerId=6439681&origin0=wars&date0=2026-08-26&destination0=tia&origin1=tia&date1=2026-08-31&destination1=ktw&adultsv2=1&market=PL&locale=pl-PL&currency=PLN,Warszawa-Tirana,712.9174074074074,-1.087832222721852,,0.0
Warszawa,Tirana,Albania,Kraków,2026-08-27,2026-08-31,4,190.62,453.84,644.46,WARS,TIA,KRK,https://skyscanner.net/g/referrals/v1/flights/multicity/?mediaPartnerId=6439681&origin0=wars&date0=2026-08-27&destination0=tia&origin1=tia&date1=2026-08-31&destination1=krk&adultsv2=1&market=PL&locale=pl-PL&currency=PLN,Warszawa-Tirana,712.9174074074074,-1.087832222721852,,0.0
Warszawa,Tirana,Albania,Katowice,2026-08-27,2026-08-31,4,190.62,453.84,644.46,WARS,TIA,KTW,https://skyscanner.net/g/referrals/v1/flights/multicity/?mediaPartnerId=6439681&origin0=wars&date0=2026-08-27&destination0=tia&origin1=tia&date1=2026-08-31&destination1=ktw&adultsv2=1&market=PL&locale=pl-PL&currency=PLN,Warszawa-Tirana,712.9174074074074,-1.087832222721852,,0.0
Wrocław,Alicante,Hiszpania,Katowice,2026-08-27,2026-08-30,3,215.72,431.01,646.73,WRO,ALC,KTW,https://skyscanner.net/g/referrals/v1/flights/multicity/?mediaPartnerId=6439681&origin0=wro&date0=2026-08-27&destination0=alc&origin1=alc&date1=2026-08-30&destination1=ktw&adultsv2=1&market=PL&locale=pl-PL&currency=PLN,Wrocław-Alicante,718.6888461538462,-1.425484417107219,638.52,1.29
Poznań,Valletta,Malta,Warszawa,2026-08-25,2026-08-31,6,175.94,470.95,646.89,POZ,MLA,WARS,https://skyscanner.net/g/referrals/v1/flights/multicity/?mediaPartnerId=6439681&origin0=poz&date0=2026-08-25&destination0=mla&origin1=mla&date1=2026-08-31&destination1=wars&adultsv2=1&market=PL&locale=pl-PL&currency=PLN,Poznań-Valletta,720.8145454545455,-1.3059128856114126,,0.0
Kraków,Palermo,Włochy,Poznań,2026-08-26,2026-08-30,4,224.65,424.6,649.25,KRK,PMO,POZ,https://skyscanner.net/g/referrals/v1/flights/multicity/?mediaPartnerId=6439681&origin0=krk&date0=2026-08-26&destination0=pmo&origin1=pmo&date1=2026-08-30&destination1=poz&adultsv2=1&market=PL&locale=pl-PL&currency=PLN,Kraków-Palermo,710.4825,-1.4156325137591954,634.27,2.36
Gdańsk,Majorka,Hiszpania,Poznań,2026-08-20,2026-08-22,2,322.67,326.59,649.26,GDN,PMI,POZ,https://skyscanner.net/g/referrals/v1/flights/multicity/?mediaPartnerId=6439681&origin0=gdn&date0=2026-08-20&destination0=pmi&origin1=pmi&date1=2026-08-22&destination1=poz&adultsv2=1&market=PL&locale=pl-PL&currency=PLN,Gdańsk-Majorka,720.1403846153846,-1.1458891673902543,,0.0
Warszawa,Malaga,Hiszpania,Katowice,2026-08-28,2026-08-31,3,310.09,339.37,649.46,WARS,AGP,KTW,https://skyscanner.net/g/referrals/v1/flights/multicity/?mediaPartnerId=6439681&origin0=wars&date0=2026-08-28&destination0=agp&origin1=agp&date1=2026-08-31&destination1=ktw&adultsv2=1&market=PL&locale=pl-PL&currency=PLN,Warszawa-Malaga,720.7114285714285,-1.296404065379262,,0.0
Warszawa,Ateny,Grecja,Gdańsk,2026-08-21,2026-08-26,5,261.69,387.9,649.5899999999999,WARS,ATH,GDN,https://skyscanner.net/g/referrals/v1/flights/multicity/?mediaPartnerId=6439681&origin0=wars&date0=2026-08-21&destination0=ath&origin1=ath&date1=2026-08-26&destination1=gdn&adultsv2=1&market=PL&locale=pl-PL&currency=PLN,Warszawa-Ateny,719.2935135135135,-1.4460745797019317,616.9,5.3
Warszawa,Ateny,Grecja,Gdańsk,2026-08-20,2026-08-26,6,261.69,387.9,649.5899999999999,WARS,ATH,GDN,https://skyscanner.net/g/referrals/v1/flights/multicity/?mediaPartnerId=6439681&origin0=wars&date0=2026-08-20&destination0=ath&origin1=ath&date1=2026-08-26&destination1=gdn&adultsv2=1&market=PL&locale=pl-PL&currency=PLN,Warszawa-Ateny,719.2935135135135,-1.4460745797019317,,0.0
Warszawa,Ateny,Grecja,Warszawa,2026-08-20,2026-08-23,3,261.69,387.9,649.5899999999999,WARS,ATH,WARS,https://www.skyscanner.net/g/referrals/v1/flights/day-view/?origin=wars&destination=ath&outboundDate=2026-08-20&inboundDate=2026-08-23&market=PL&locale=pl-PL&currency=PLN&mediaPartnerId=6439681,Warszawa-Ateny,719.2935135135135,-1.4460745797019317,,0.0
Warszawa,Ateny,Grecja,Warszawa,2026-08-21,2026-08-23,2,261.69,387.9,649.5899999999999,WARS,ATH,WARS,https://www.skyscanner.net/g/referrals/v1/flights/day-view/?origin=wars&destination=ath&outboundDate=2026-08-21&inboundDate=2026-08-23&market=PL&locale=pl-PL&currency=PLN&mediaPartnerId=6439681,Warszawa-Ateny,719.2935135135135,-1.4460745797019317,616.9,5.3
Warszawa,Paryż,Francja,Kraków,2026-08-24,2026-08-27,3,572.19,77.49,649.6800000000001,WARS,BVA,KRK,https://skyscanner.net/g/referrals/v1/flights/multicity/?mediaPartnerId=6439681&origin0=wars&date0=2026-08-24&destination0=bva&origin1=bva&date1=2026-08-27&destination1=krk&adultsv2=1&market=PL&locale=pl-PL&currency=PLN,Warszawa-Paryż,715.4775862068966,-1.277009254521813,,0.0
Warszawa,Paryż,Francja,Kraków,2026-08-24,2026-08-28,4,572.19,77.49,649.6800000000001,WARS,BVA,KRK,https://skyscanner.net/g/referrals/v1/flights/multicity/?mediaPartnerId=6439681&origin0=wars&date0=2026-08-24&destination0=bva&origin1=bva&date1=2026-08-28&destination1=krk&adultsv2=1&market=PL&locale=pl-PL&currency=PLN,Warszawa-Paryż,715.4775862068966,-1.277009254521813,,0.0
Poznań,Malaga,Hiszpania,Katowice,2026-08-24,2026-08-31,7,312.24,339.37,651.61,POZ,AGP,KTW,https://skyscanner.net/g/referrals/v1/flights/multicity/?mediaPartnerId=6439681&origin0=poz&date0=2026-08-24&destination0=agp&origin1=agp&date1=2026-08-31&destination1=ktw&adultsv2=1&market=PL&locale=pl-PL&currency=PLN,Poznań-Malaga,713.3933333333333,-1.5954959650994012,,0.0
Gdańsk,Barcelona,Hiszpania,Kraków,2026-08-25,2026-08-31,6,368.41,284.45,652.86,GDN,BCN,KRK,https://skyscanner.net/g/referrals/v1/flights/multicity/?mediaPartnerId=6439681&origin0=gdn&date0=2026-08-25&destination0=bcn&origin1=bcn&date1=2026-08-31&destination1=krk&adultsv2=1&market=PL&locale=pl-PL&currency=PLN,Gdańsk-Barcelona,744.8030555555556,-1.9039236507707789,616.39,5.92
Gdańsk,Barcelona,Hiszpania,Katowice,2026-08-25,2026-08-31,6,368.41,284.45,652.86,GDN,BCN,KTW,https://skyscanner.net/g/referrals/v1/flights/multicity/?mediaPartnerId=6439681&origin0=gdn&date0=2026-08-25&destination0=bcn&origin1=bcn&date1=2026-08-31&destination1=ktw&adultsv2=1&market=PL&locale=pl-PL&currency=PLN,Gdańsk-Barcelona,744.8030555555556,-1.9039236507707789,616.39,5.92
Warszawa,Malaga,Hiszpania,Katowice,2026-08-25,2026-08-31,6,313.7,339.37,653.0699999999999,WARS,AGP,KTW,https://skyscanner.net/g/referrals/v1/flights/multicity/?mediaPartnerId=6439681&origin0=wars&date0=2026-08-25&destination0=agp&origin1=agp&date1=2026-08-31&destination1=ktw&adultsv2=1&market=PL&locale=pl-PL&currency=PLN,Warszawa-Malaga,720.7114285714285,-1.2307209096888836,,0.0
Gdańsk,Majorka,Hiszpania,Gdańsk,2026-08-21,2026-08-27,6,319.0,334.5,653.5,GDN,PMI,GDN,https://www.skyscanner.net/g/referrals/v1/flights/day-view/?origin=gdn&destination=pmi&outboundDate=2026-08-21&inboundDate=2026-08-27&market=PL&locale=pl-PL&currency=PLN&mediaPartnerId=6439681,Gdańsk-Majorka,720.1403846153846,-1.0773431218785299,,0.0
Warszawa,Madryt,Hiszpania,Warszawa,2026-08-22,2026-08-27,5,409.0,245.2,654.2,WARS,MAD,WARS,https://www.skyscanner.net/g/referrals/v1/flights/day-view/?origin=wars&destination=mad&outboundDate=2026-08-22&inboundDate=2026-08-27&market=PL&locale=pl-PL&currency=PLN&mediaPartnerId=6439681,Warszawa-Madryt,743.7058974358974,-1.6548938360536263,654.2,0.0
Warszawa,Malaga,Hiszpania,Warszawa,2026-08-26,2026-08-29,3,288.1,366.3,654.4000000000001,WARS,AGP,WARS,https://www.skyscanner.net/g/referrals/v1/flights/day-view/?origin=wars&destination=agp&outboundDate=2026-08-26&inboundDate=2026-08-29&market=PL&locale=pl-PL&currency=PLN&mediaPartnerId=6439681,Warszawa-Malaga,720.7114285714285,-1.2065218523292671,612.96,6.76
Gdańsk,Malaga,Hiszpania,Warszawa,2026-08-27,2026-08-29,2,288.22,366.3,654.52,GDN,AGP,WARS,https://skyscanner.net/g/referrals/v1/flights/multicity/?mediaPartnerId=6439681&origin0=gdn&date0=2026-08-27&destination0=agp&origin1=agp&date1=2026-08-29&destination1=wars&adultsv2=1&market=PL&locale=pl-PL&currency=PLN,Gdańsk-Malaga,741.2633333333332,-1.5688744345000807,654.49,0.0
Gdańsk,Majorka,Hiszpania,Wrocław,2026-08-24,2026-08-31,7,249.0,406.49,655.49,GDN,PMI,WRO,https://skyscanner.net/g/referrals/v1/flights/multicity/?mediaPartnerId=6439681&origin0=gdn&date0=2026-08-24&destination0=pmi&origin1=pmi&date1=2026-08-31&destination1=wro&adultsv2=1&market=PL&locale=pl-PL&currency=PLN,Gdańsk-Majorka,720.1403846153846,-1.0451717467444892,627.0799999999999,4.53
Gdańsk,Majorka,Hiszpania,Wrocław,2026-08-28,2026-08-31,3,249.0,406.49,655.49,GDN,PMI,WRO,https://skyscanner.net/g/referrals/v1/flights/multicity/?mediaPartnerId=6439681&origin0=gdn&date0=2026-08-28&destination0=pmi&origin1=pmi&date1=2026-08-31&destination1=wro&adultsv2=1&market=PL&locale=pl-PL&currency=PLN,Gdańsk-Majorka,720.1403846153846,-1.0451717467444892,627.0799999999999,4.53
Kraków,Palermo,Włochy,Warszawa,2026-08-26,2026-08-30,4,224.65,431.01,655.66,KRK,PMO,WARS,https://skyscanner.net/g/referrals/v1/flights/multicity/?mediaPartnerId=6439681&origin0=krk&date0=2026-08-26&destination0=pmo&origin1=pmo&date1=2026-08-30&destination1=wars&adultsv2=1&market=PL&locale=pl-PL&currency=PLN,Kraków-Palermo,710.4825,-1.267439896877696,,0.0
Katowice,Ateny,Grecja,Gdańsk,2026-08-23,2026-08-26,3,269.0,387.9,656.9,KTW,ATH,GDN,https://skyscanner.net/g/referrals/v1/flights/multicity/?mediaPartnerId=6439681&origin0=ktw&date0=2026-08-23&destination0=ath&origin1=ath&date1=2026-08-26&destination1=gdn&adultsv2=1&market=PL&locale=pl-PL&currency=PLN,Katowice-Ateny,729.6045454545455,-1.6640276725620877,656.9,0.0
Gdańsk,Majorka,Hiszpania,Wrocław,2026-08-27,2026-08-31,4,250.58,406.49,657.07,GDN,PMI,WRO,https://skyscanner.net/g/referrals/v1/flights/multicity/?mediaPartnerId=6439681&origin0=gdn&date0=2026-08-27&destination0=pmi&origin1=pmi&date1=2026-08-31&destination1=wro&adultsv2=1&market=PL&locale=pl-PL&currency=PLN,Gdańsk-Majorka,720.1403846153846,-1.0196286448792706,,0.0
Gdańsk,Majorka,Hiszpania,Gdańsk,2026-08-20,2026-08-27,7,322.67,334.5,657.1700000000001,GDN,PMI,GDN,https://www.skyscanner.net/g/referrals/v1/flights/day-view/?origin=gdn&destination=pmi&outboundDate=2026-08-20&inboundDate=2026-08-27&market=PL&locale=pl-PL&currency=PLN&mediaPartnerId=6439681,Gdańsk-Majorka,720.1403846153846,-1.0180119928624842,,0.0
Warszawa,Paryż,Francja,Wrocław,2026-08-27,2026-08-29,2,563.01,94.72,657.73,WARS,BVA,WRO,https://skyscanner.net/g/referrals/v1/flights/multicity/?mediaPartnerId=6439681&origin0=wars&date0=2026-08-27&destination0=bva&origin1=bva&date1=2026-08-29&destination1=wro&adultsv2=1&market=PL&locale=pl-PL&currency=PLN,Warszawa-Paryż,715.4775862068966,-1.1207736676026223,651.21,1.0
Katowice,Ateny,Grecja,Katowice,2026-08-26,2026-08-28,2,159.0,499.05,658.05,KTW,ATH,KTW,https://www.skyscanner.net/g/referrals/v1/flights/day-view/?origin=ktw&destination=ath&outboundDate=2026-08-26&inboundDate=2026-08-28&market=PL&locale=pl-PL&currency=PLN&mediaPartnerId=6439681,Katowice-Ateny,729.6045454545455,-1.6377070097825817,597.81,10.08
Kraków,Palermo,Włochy,Kraków,2026-08-24,2026-08-26,2,422.08,236.15,658.23,KRK,PMO,KRK,https://www.skyscanner.net/g/referrals/v1/flights/day-view/?origin=krk&destination=pmo&outboundDate=2026-08-24&inboundDate=2026-08-26&market=PL&locale=pl-PL&currency=PLN&mediaPartnerId=6439681,Kraków-Palermo,710.4825,-1.2080241362871404,580.3100000000001,13.43
Gdańsk,Barcelona,Hiszpania,Kraków,2026-08-26,2026-08-31,5,375.37,284.45,659.8199999999999,GDN,BCN,KRK,https://skyscanner.net/g/referrals/v1/flights/multicity/?mediaPartnerId=6439681&origin0=gdn&date0=2026-08-26&destination0=bcn&origin1=bcn&date1=2026-08-31&destination1=krk&adultsv2=1&market=PL&locale=pl-PL&currency=PLN,Gdańsk-Barcelona,744.8030555555556,-1.7597984797146842,650.21,1.48
Gdańsk,Barcelona,Hiszpania,Katowice,2026-08-26,2026-08-31,5,375.37,284.45,659.8199999999999,GDN,BCN,KTW,https://skyscanner.net/g/referrals/v1/flights/multicity/?mediaPartnerId=6439681&origin0=gdn&date0=2026-08-26&destination0=bcn&origin1=bcn&date1=2026-08-31&destination1=ktw&adultsv2=1&market=PL&locale=pl-PL&currency=PLN,Gdańsk-Barcelona,744.8030555555556,-1.7597984797146842,650.21,1.48
Katowice,Podgorica,Czarnogóra,Poznań,2026-08-23,2026-08-27,4,229.0,431.01,660.01,KTW,TGD,POZ,https://skyscanner.net/g/referrals/v1/flights/multicity/?mediaPartnerId=6439681&origin0=ktw&date0=2026-08-23&destination0=tgd&origin1=tgd&date1=2026-08-27&destination1=poz&adultsv2=1&market=PL&locale=pl-PL&currency=PLN,Katowice-Podgorica,738.9891304347826,-2.1656034252450698,,0.0
Katowice,Podgorica,Czarnogóra,Poznań,2026-08-25,2026-08-27,2,229.0,431.01,660.01,KTW,TGD,POZ,https://skyscanner.net/g/referrals/v1/flights/multicity/?mediaPartnerId=6439681&origin0=ktw&date0=2026-08-25&destination0=tgd&origin1=tgd&date1=2026-08-27&destination1=poz&adultsv2=1&market=PL&locale=pl-PL&currency=PLN,Katowice-Podgorica,738.9891304347826,-2.1656034252450698,,0.0
Warszawa,Bilbao,Hiszpania,Warszawa,2026-08-19,2026-08-21,2,359.0,301.69,660.69,WARS,BIO,WARS,https://www.skyscanner.net/g/referrals/v1/flights/day-view/?origin=wars&destination=bio&outboundDate=2026-08-19&inboundDate=2026-08-21&market=PL&locale=pl-PL&currency=PLN&mediaPartnerId=6439681,Warszawa-Bilbao,722.418,-1.5504186838420502,660.69,0.0
Kraków,Neapol,Włochy,Katowice,2026-08-27,2026-08-31,4,421.6,241.35,662.95,KRK,NAP,KTW,https://skyscanner.net/g/referrals/v1/flights/multicity/?mediaPartnerId=6439681&origin0=krk&date0=2026-08-27&destination0=nap&origin1=nap&date1=2026-08-31&destination1=ktw&adultsv2=1&market=PL&locale=pl-PL&currency=PLN,Kraków-Neapol,724.6866666666666,-1.0947480219708654,,0.0
Wrocław,Valletta,Malta,Warszawa,2026-08-29,2026-08-31,2,192.65,470.95,663.6,WRO,MLA,WARS,https://skyscanner.net/g/referrals/v1/flights/multicity/?mediaPartnerId=6439681&origin0=wro&date0=2026-08-29&destination0=mla&origin1=mla&date1=2026-08-31&destination1=wars&adultsv2=1&market=PL&locale=pl-PL&currency=PLN,Wrocław-Valletta,724.2726785714285,-1.0377907651388163,620.71,6.91
Warszawa,Valletta,Malta,Warszawa,2026-08-24,2026-08-26,2,319.0,344.8,663.8,WARS,MLA,WARS,https://www.skyscanner.net/g/referrals/v1/flights/day-view/?origin=wars&destination=mla&outboundDate=2026-08-24&inboundDate=2026-08-26&market=PL&locale=pl-PL&currency=PLN&mediaPartnerId=6439681,Warszawa-Valletta,730.783137254902,-1.0351793798512055,600.69,10.51
Katowice,Alghero,Włochy,Warszawa,2026-08-21,2026-08-26,5,398.74,266.54,665.28,KTW,AHO,WARS,https://skyscanner.net/g/referrals/v1/flights/multicity/?mediaPartnerId=6439681&origin0=ktw&date0=2026-08-21&destination0=aho&origin1=aho&date1=2026-08-26&destination1=wars&adultsv2=1&market=PL&locale=pl-PL&currency=PLN,Katowice-Alghero,712.7571428571429,-1.3087652604741042,,0.0
Warszawa,Madryt,Hiszpania,Katowice,2026-08-22,2026-08-28,6,409.0,258.59,667.5899999999999,WARS,MAD,KTW,https://skyscanner.net/g/referrals/v1/flights/multicity/?mediaPartnerId=6439681&origin0=wars&date0=2026-08-22&destination0=mad&origin1=mad&date1=2026-08-28&destination1=ktw&adultsv2=1&market=PL&locale=pl-PL&currency=PLN,Warszawa-Madryt,743.7058974358974,-1.4073232390365107,667.5899999999999,0.0
Kraków,Malaga,Hiszpania,Katowice,2026-08-25,2026-08-31,6,328.86,339.37,668.23,KRK,AGP,KTW,https://skyscanner.net/g/referrals/v1/flights/multicity/?mediaPartnerId=6439681&origin0=krk&date0=2026-08-25&destination0=agp&origin1=agp&date1=2026-08-31&destination1=ktw&adultsv2=1&market=PL&locale=pl-PL&currency=PLN,Kraków-Malaga,750.2016666666666,-2.4629970077762144,,0.0
Katowice,Alicante,Hiszpania,Katowice,2026-08-28,2026-08-31,3,254.53,414.23,668.76,KTW,ALC,KTW,https://www.skyscanner.net/g/referrals/v1/flights/day-view/?origin=ktw&destination=alc&outboundDate=2026-08-28&inboundDate=2026-08-31&market=PL&locale=pl-PL&currency=PLN&mediaPartnerId=6439681,Katowice-Alicante,733.3814285714286,-1.5929008145683166,591.11,13.14
Poznań,Alicante,Hiszpania,Katowice,2026-08-28,2026-08-31,3,254.53,414.23,668.76,POZ,ALC,KTW,https://skyscanner.net/g/referrals/v1/flights/multicity/?mediaPartnerId=6439681&origin0=poz&date0=2026-08-28&destination0=alc&origin1=alc&date1=2026-08-31&destination1=ktw&adultsv2=1&market=PL&locale=pl-PL&currency=PLN,Poznań-Alicante,735.2427272727273,-1.6888626066568566,646.52,3.44
Katowice,Ateny,Grecja,Gdańsk,2026-08-24,2026-08-26,2,284.25,387.9,672.15,KTW,ATH,GDN,https://skyscanner.net/g/referrals/v1/flights/multicity/?mediaPartnerId=6439681&origin0=ktw&date0=2026-08-24&destination0=ath&origin1=ath&date1=2026-08-26&destination1=gdn&adultsv2=1&market=PL&locale=pl-PL&currency=PLN,Katowice-Ateny,729.6045454545455,-1.3149927965729786,646.01,4.05
Katowice,Alghero,Włochy,Warszawa,2026-08-23,2026-08-26,3,406.49,266.54,673.03,KTW,AHO,WARS,https://skyscanner.net/g/referrals/v1/flights/multicity/?mediaPartnerId=6439681&origin0=ktw&date0=2026-08-23&destination0=aho&origin1=aho&date1=2026-08-26&destination1=wars&adultsv2=1&market=PL&locale=pl-PL&currency=PLN,Katowice-Alghero,712.7571428571429,-1.0951270725318762,,0.0
Katowice,Ateny,Grecja,Kraków,2026-08-26,2026-08-28,2,159.0,517.27,676.27,KTW,ATH,KRK,https://skyscanner.net/g/referrals/v1/flights/multicity/?mediaPartnerId=6439681&origin0=ktw&date0=2026-08-26&destination0=ath&origin1=ath&date1=2026-08-28&destination1=krk&adultsv2=1&market=PL&locale=pl-PL&currency=PLN,Katowice-Ateny,729.6045454545455,-1.2206961612237897,,0.0
Warszawa,Edynburg,Szkocja,Warszawa,2026-08-26,2026-08-31,5,440.02,236.79,676.81,WARS,EDI,WARS,https://www.skyscanner.net/g/referrals/v1/flights/day-view/?origin=wars&destination=edi&outboundDate=2026-08-26&inboundDate=2026-08-31&market=PL&locale=pl-PL&currency=PLN&mediaPartnerId=6439681,Warszawa-Edynburg,751.299,-2.0779364474113025,676.86,-0.01
Wrocław,Sewilla,Hiszpania,Wrocław,2026-08-20,2026-08-23,3,419.6,258.37,677.97,WRO,SVQ,WRO,https://www.skyscanner.net/g/referrals/v1/flights/day-view/?origin=wro&destination=svq&outboundDate=2026-08-20&inboundDate=2026-08-23&market=PL&locale=pl-PL&currency=PLN&mediaPartnerId=6439681,Wrocław-Sewilla,749.55,-1.6876353158079163,,0.0
Warszawa,Londyn,Wielka Brytania,Wrocław,2026-08-29,2026-08-31,2,599.58,79.0,678.58,WARS,LOND,WRO,https://skyscanner.net/g/referrals/v1/flights/multicity/?mediaPartnerId=6439681&origin0=wars&date0=2026-08-29&destination0=lond&origin1=lond&date1=2026-08-31&destination1=wro&adultsv2=1&market=PL&locale=pl-PL&currency=PLN,Warszawa-Londyn,743.5593877551021,-1.9665096203079826,,0.0
Warszawa,Londyn,Wielka Brytania,Wrocław,2026-08-29,2026-08-31,2,599.58,79.0,678.58,WARS,LOND,WRO,https://skyscanner.net/g/referrals/v1/flights/multicity/?mediaPartnerId=6439681&origin0=wars&date0=2026-08-29&destination0=lond&origin1=lond&date1=2026-08-31&destination1=wro&adultsv2=1&market=PL&locale=pl-PL&currency=PLN,Warszawa-Londyn,743.5593877551021,-1.9665096203079826,,0.0
Warszawa,Madryt,Hiszpania,Kraków,2026-08-22,2026-08-28,6,409.0,273.65,682.65,WARS,MAD,KRK,https://skyscanner.net/g/referrals/v1/flights/multicity/?mediaPartnerId=6439681&origin0=wars&date0=2026-08-22&destination0=mad&origin1=mad&date1=2026-08-28&destination1=krk&adultsv2=1&market=PL&locale=pl-PL&currency=PLN,Warszawa-Madryt,743.7058974358974,-1.128875651950789,673.74,1.32
Gdańsk,Alicante,Hiszpania,Katowice,2026-08-27,2026-08-31,4,269.0,414.23,683.23,GDN,ALC,KTW,https://skyscanner.net/g/referrals/v1/flights/multicity/?mediaPartnerId=6439681&origin0=gdn&date0=2026-08-27&destination0=alc&origin1=alc&date1=2026-08-31&destination1=ktw&adultsv2=1&market=PL&locale=pl-PL&currency=PLN,Gdańsk-Alicante,747.4661538461538,-1.6610038014751527,644.4100000000001,6.02
Katowice,Alicante,Hiszpania,Katowice,2026-08-26,2026-08-31,5,269.0,414.23,683.23,KTW,ALC,KTW,https://www.skyscanner.net/g/referrals/v1/flights/day-view/?origin=ktw&destination=alc&outboundDate=2026-08-26&inboundDate=2026-08-31&market=PL&locale=pl-PL&currency=PLN&mediaPartnerId=6439681,Katowice-Alicante,733.3814285714286,-1.2362192107048813,644.4100000000001,6.02
Poznań,Alicante,Hiszpania,Katowice,2026-08-28,2026-08-30,2,254.53,431.01,685.54,POZ,ALC,KTW,https://skyscanner.net/g/referrals/v1/flights/multicity/?mediaPartnerId=6439681&origin0=poz&date0=2026-08-28&destination0=alc&origin1=alc&date1=2026-08-30&destination1=ktw&adultsv2=1&market=PL&locale=pl-PL&currency=PLN,Poznań-Alicante,735.2427272727273,-1.2625997907009392,,0.0
Katowice,Alicante,Hiszpania,Katowice,2026-08-28,2026-08-30,2,254.53,431.01,685.54,KTW,ALC,KTW,https://www.skyscanner.net/g/referrals/v1/flights/day-view/?origin=ktw&destination=alc&outboundDate=2026-08-28&inboundDate=2026-08-30&market=PL&locale=pl-PL&currency=PLN&mediaPartnerId=6439681,Katowice-Alicante,733.3814285714286,-1.179278332686601,646.71,6.0
Warszawa,Londyn,Wielka Brytania,Warszawa,2026-08-29,2026-08-31,2,599.58,86.94,686.52,WARS,LOND,WARS,https://www.skyscanner.net/g/referrals/v1/flights/day-view/?origin=wars&destination=lond&outboundDate=2026-08-29&inboundDate=2026-08-31&market=PL&locale=pl-PL&currency=PLN&mediaPartnerId=6439681,Warszawa-Londyn,743.5593877551021,-1.726216707052282,,0.0
Kraków,Majorka,Hiszpania,Wrocław,2026-08-29,2026-08-31,2,283.2,406.49,689.69,KRK,PMI,WRO,https://skyscanner.net/g/referrals/v1/flights/multicity/?mediaPartnerId=6439681&origin0=krk&date0=2026-08-29&destination0=pmi&origin1=pmi&date1=2026-08-31&destination1=wro&adultsv2=1&market=PL&locale=pl-PL&currency=PLN,Kraków-Majorka,749.69,-1.1498253719941336,,0.0
Warszawa,Londyn,Wielka Brytania,Gdańsk,2026-08-29,2026-08-31,2,599.58,90.59,690.1700000000001,WARS,LOND,GDN,https://skyscanner.net/g/referrals/v1/flights/multicity/?mediaPartnerId=6439681&origin0=wars&date0=2026-08-29&destination0=lond&origin1=lond&date1=2026-08-31&destination1=gdn&adultsv2=1&market=PL&locale=pl-PL&currency=PLN,Warszawa-Londyn,743.5593877551021,-1.6157545995732727,,0.0
Warszawa,Londyn,Wielka Brytania,Wrocław,2026-08-29,2026-08-31,2,599.58,90.7,690.2800000000001,WARS,LON,WRO,https://skyscanner.net/g/referrals/v1/flights/multicity/?mediaPartnerId=6439681&origin0=wars&date0=2026-08-29&destination0=lon&origin1=lon&date1=2026-08-31&destination1=wro&adultsv2=1&market=PL&locale=pl-PL&currency=PLN,Warszawa-Londyn,743.5593877551021,-1.612425604553357,,0.0
Gdańsk,Ateny,Grecja,Kraków,2026-08-24,2026-08-26,2,229.0,464.63,693.63,GDN,ATH,KRK,https://skyscanner.net/g/referrals/v1/flights/multicity/?mediaPartnerId=6439681&origin0=gdn&date0=2026-08-24&destination0=ath&origin1=ath&date1=2026-08-26&destination1=krk&adultsv2=1&market=PL&locale=pl-PL&currency=PLN,Gdańsk-Ateny,747.0366666666666,-1.1039277301687642,,0.0
Warszawa,Londyn,Wielka Brytania,Katowice,2026-08-29,2026-08-31,2,599.58,95.17,694.75,WARS,LOND,KTW,https://skyscanner.net/g/referrals/v1/flights/multicity/?mediaPartnerId=6439681&origin0=wars&date0=2026-08-29&destination0=lond&origin1=lond&date1=2026-08-31&destination1=ktw&adultsv2=1&market=PL&locale=pl-PL&currency=PLN,Warszawa-Londyn,743.5593877551021,-1.477147352380439,,0.0
Kraków,Malaga,Hiszpania,Warszawa,2026-08-25,2026-08-29,4,328.86,366.3,695.1600000000001,KRK,AGP,WARS,https://skyscanner.net/g/referrals/v1/flights/multicity/?mediaPartnerId=6439681&origin0=krk&date0=2026-08-25&destination0=agp&origin1=agp&date1=2026-08-29&destination1=wars&adultsv2=1&market=PL&locale=pl-PL&currency=PLN,Kraków-Malaga,750.2016666666666,-1.6538331574285696,653.4100000000001,6.39
Warszawa,Shannon,Irlandia,Wrocław,2026-08-28,2026-08-30,2,590.29,107.64,697.93,WARS,SNN,WRO,https://skyscanner.net/g/referrals/v1/flights/multicity/?mediaPartnerId=6439681&origin0=wars&date0=2026-08-28&destination0=snn&origin1=snn&date1=2026-08-30&destination1=wro&adultsv2=1&market=PL&locale=pl-PL&currency=PLN,Warszawa-Shannon,734.9128571428571,-1.4408825773206206,,0.0
Gdańsk,Alicante,Hiszpania,Katowice,2026-08-25,2026-08-31,6,284.25,414.23,698.48,GDN,ALC,KTW,https://skyscanner.net/g/referrals/v1/flights/multicity/?mediaPartnerId=6439681&origin0=gdn&date0=2026-08-25&destination0=alc&origin1=alc&date1=2026-08-31&destination1=ktw&adultsv2=1&market=PL&locale=pl-PL&currency=PLN,Gdańsk-Alicante,747.4661538461538,-1.2666727829468265,685.1500000000001,1.95
Gdańsk,Alicante,Hiszpania,Katowice,2026-08-27,2026-08-30,3,269.0,431.01,700.01,GDN,ALC,KTW,https://skyscanner.net/g/referrals/v1/flights/multicity/?mediaPartnerId=6439681&origin0=gdn&date0=2026-08-27&destination0=alc&origin1=alc&date1=2026-08-30&destination1=ktw&adultsv2=1&market=PL&locale=pl-PL&currency=PLN,Gdańsk-Alicante,747.4661538461538,-1.2271103922354607,700.01,0.0
Warszawa,Londyn,Wielka Brytania,Kraków,2026-08-29,2026-08-31,2,599.58,110.82,710.4000000000001,WARS,LOND,KRK,https://skyscanner.net/g/referrals/v1/flights/multicity/?mediaPartnerId=6439681&origin0=wars&date0=2026-08-29&destination0=lond&origin1=lond&date1=2026-08-31&destination1=krk&adultsv2=1&market=PL&locale=pl-PL&currency=PLN,Warszawa-Londyn,743.5593877551021,-1.0035221518197635,,0.0
Warszawa,Londyn,Wielka Brytania,Poznań,2026-08-29,2026-08-31,2,599.58,110.87,710.45,WARS,LON,POZ,https://skyscanner.net/g/referrals/v1/flights/multicity/?mediaPartnerId=6439681&origin0=wars&date0=2026-08-29&destination0=lon&origin1=lon&date1=2026-08-31&destination1=poz&adultsv2=1&market=PL&locale=pl-PL&currency=PLN,Warszawa-Londyn,743.5593877551021,-1.0020089722652579,,0.0
Warszawa,Londyn,Wielka Brytania,Poznań,2026-08-29,2026-08-31,2,599.58,110.87,710.45,WARS,LOND,POZ,https://skyscanner.net/g/referrals/v1/flights/multicity/?mediaPartnerId=6439681&origin0=wars&date0=2026-08-29&destination0=lond&origin1=lond&date1=2026-08-31&destination1=poz&adultsv2=1&market=PL&locale=pl-PL&currency=PLN,Warszawa-Londyn,743.5593877551021,-1.0020089722652579,,0.0
Poznań,Londyn,Wielka Brytania,Wrocław,2026-08-29,2026-08-31,2,639.04,79.0,718.04,POZ,LOND,WRO,https://skyscanner.net/g/referrals/v1/flights/multicity/?mediaPartnerId=6439681&origin0=poz&date0=2026-08-29&destination0=lond&origin1=lond&date1=2026-08-31&destination1=wro&adultsv2=1&market=PL&locale=pl-PL&currency=PLN,Poznań-Londyn,751.7122222222222,-1.582331988401402,,0.0
Poznań,Londyn,Wielka Brytania,Wrocław,2026-08-29,2026-08-31,2,639.04,79.0,718.04,POZ,LOND,WRO,https://skyscanner.net/g/referrals/v1/flights/multicity/?mediaPartnerId=6439681&origin0=poz&date0=2026-08-29&destination0=lond&origin1=lond&date1=2026-08-31&destination1=wro&adultsv2=1&market=PL&locale=pl-PL&currency=PLN,Poznań-Londyn,751.7122222222222,-1.582331988401402,,0.0
Warszawa,Barcelona,Hiszpania,Katowice,2026-08-25,2026-08-31,6,434.51,284.45,718.96,WARS,BCN,KTW,https://skyscanner.net/g/referrals/v1/flights/multicity/?mediaPartnerId=6439681&origin0=wars&date0=2026-08-25&destination0=bcn&origin1=bcn&date1=2026-08-31&destination1=ktw&adultsv2=1&market=PL&locale=pl-PL&currency=PLN,Warszawa-Barcelona,768.6217647058824,-2.0820164477836847,718.96,0.0
Warszawa,Barcelona,Hiszpania,Kraków,2026-08-25,2026-08-31,6,434.51,284.45,718.96,WARS,BCN,KRK,https://skyscanner.net/g/referrals/v1/flights/multicity/?mediaPartnerId=6439681&origin0=wars&date0=2026-08-25&destination0=bcn&origin1=bcn&date1=2026-08-31&destination1=krk&adultsv2=1&market=PL&locale=pl-PL&currency=PLN,Warszawa-Barcelona,768.6217647058824,-2.0820164477836847,718.96,0.0
Kraków,Edynburg,Szkocja,Warszawa,2026-08-29,2026-08-31,2,488.52,236.79,725.31,KRK,EDI,WARS,https://skyscanner.net/g/referrals/v1/flights/multicity/?mediaPartnerId=6439681&origin0=krk&date0=2026-08-29&destination0=edi&origin1=edi&date1=2026-08-31&destination1=wars&adultsv2=1&market=PL&locale=pl-PL&currency=PLN,Kraków-Edynburg,760.17,-1.2714330041263953,,0.0
Poznań,Londyn,Wielka Brytania,Warszawa,2026-08-29,2026-08-31,2,639.04,86.94,725.98,POZ,LOND,WARS,https://skyscanner.net/g/referrals/v1/flights/multicity/?mediaPartnerId=6439681&origin0=poz&date0=2026-08-29&destination0=lond&origin1=lond&date1=2026-08-31&destination1=wars&adultsv2=1&market=PL&locale=pl-PL&currency=PLN,Poznań-Londyn,751.7122222222222,-1.2092138762378482,,0.0
Katowice,Barcelona,Hiszpania,Gdańsk,2026-08-24,2026-08-26,2,449.0,278.2,727.2,KTW,BCN,GDN,https://skyscanner.net/g/referrals/v1/flights/multicity/?mediaPartnerId=6439681&origin0=ktw&date0=2026-08-24&destination0=bcn&origin1=bcn&date1=2026-08-26&destination1=gdn&adultsv2=1&market=PL&locale=pl-PL&currency=PLN,Katowice-Barcelona,770.3761904761905,-1.3930252225972937,720.11,0.98
Katowice,Barcelona,Hiszpania,Gdańsk,2026-08-23,2026-08-26,3,449.0,278.2,727.2,KTW,BCN,GDN,https://skyscanner.net/g/referrals/v1/flights/multicity/?mediaPartnerId=6439681&origin0=ktw&date0=2026-08-23&destination0=bcn&origin1=bcn&date1=2026-08-26&destination1=gdn&adultsv2=1&market=PL&locale=pl-PL&currency=PLN,Katowice-Barcelona,770.3761904761905,-1.3930252225972937,720.11,0.98
Gdańsk,Eindhoven,Holandia,Warszawa,2026-08-27,2026-08-31,4,449.0,278.5,727.5,GDN,EIN,WARS,https://skyscanner.net/g/referrals/v1/flights/multicity/?mediaPartnerId=6439681&origin0=gdn&date0=2026-08-27&destination0=ein&origin1=ein&date1=2026-08-31&destination1=wars&adultsv2=1&market=PL&locale=pl-PL&currency=PLN,Gdańsk-Eindhoven,762.8725,-1.4638159292267294,727.49,0.0
Poznań,Londyn,Wielka Brytania,Gdańsk,2026-08-29,2026-08-31,2,639.04,90.59,729.63,POZ,LOND,GDN,https://skyscanner.net/g/referrals/v1/flights/multicity/?mediaPartnerId=6439681&origin0=poz&date0=2026-08-29&destination0=lond&origin1=lond&date1=2026-08-31&destination1=gdn&adultsv2=1&market=PL&locale=pl-PL&currency=PLN,Poznań-Londyn,751.7122222222222,-1.037692325935965,,0.0
Poznań,Londyn,Wielka Brytania,Wrocław,2026-08-29,2026-08-31,2,639.04,90.7,729.74,POZ,LON,WRO,https://skyscanner.net/g/referrals/v1/flights/multicity/?mediaPartnerId=6439681&origin0=poz&date0=2026-08-29&destination0=lon&origin1=lon&date1=2026-08-31&destination1=wro&adultsv2=1&market=PL&locale=pl-PL&currency=PLN,Poznań-Londyn,751.7122222222222,-1.0325231833241266,,0.0
Gdańsk,Eindhoven,Holandia,Wrocław,2026-08-27,2026-08-30,3,449.0,284.45,733.45,GDN,EIN,WRO,https://skyscanner.net/g/referrals/v1/flights/multicity/?mediaPartnerId=6439681&origin0=gdn&date0=2026-08-27&destination0=ein&origin1=ein&date1=2026-08-30&destination1=wro&adultsv2=1&market=PL&locale=pl-PL&currency=PLN,Gdańsk-Eindhoven,762.8725,-1.2175877921456886,733.45,0.0
Katowice,Barcelona,Hiszpania,Wrocław,2026-08-23,2026-08-26,3,449.0,284.45,733.45,KTW,BCN,WRO,https://skyscanner.net/g/referrals/v1/flights/multicity/?mediaPartnerId=6439681&origin0=ktw&date0=2026-08-23&destination0=bcn&origin1=bcn&date1=2026-08-26&destination1=wro&adultsv2=1&market=PL&locale=pl-PL&currency=PLN,Katowice-Barcelona,770.3761904761905,-1.1913768709198975,,0.0
Katowice,Barcelona,Hiszpania,Wrocław,2026-08-24,2026-08-26,2,449.0,284.45,733.45,KTW,BCN,WRO,https://skyscanner.net/g/referrals/v1/flights/multicity/?mediaPartnerId=6439681&origin0=ktw&date0=2026-08-24&destination0=bcn&origin1=bcn&date1=2026-08-26&destination1=wro&adultsv2=1&market=PL&locale=pl-PL&currency=PLN,Katowice-Barcelona,770.3761904761905,-1.1913768709198975,,0.0
Katowice,Barcelona,Hiszpania,Katowice,2026-08-24,2026-08-31,7,449.0,284.45,733.45,KTW,BCN,KTW,https://www.skyscanner.net/g/referrals/v1/flights/day-view/?origin=ktw&destination=bcn&outboundDate=2026-08-24&inboundDate=2026-08-31&market=PL&locale=pl-PL&currency=PLN&mediaPartnerId=6439681,Katowice-Barcelona,770.3761904761905,-1.1913768709198975,,0.0
Katowice,Barcelona,Hiszpania,Katowice,2026-08-25,2026-08-31,6,449.0,284.45,733.45,KTW,BCN,KTW,https://www.skyscanner.net/g/referrals/v1/flights/day-view/?origin=ktw&destination=bcn&outboundDate=2026-08-25&inboundDate=2026-08-31&market=PL&locale=pl-PL&currency=PLN&mediaPartnerId=6439681,Katowice-Barcelona,770.3761904761905,-1.1913768709198975,,0.0
Katowice,Barcelona,Hiszpania,Kraków,2026-08-24,2026-08-31,7,449.0,284.45,733.45,KTW,BCN,KRK,https://skyscanner.net/g/referrals/v1/flights/multicity/?mediaPartnerId=6439681&origin0=ktw&date0=2026-08-24&destination0=bcn&origin1=bcn&date1=2026-08-31&destination1=krk&adultsv2=1&market=PL&locale=pl-PL&currency=PLN,Katowice-Barcelona,770.3761904761905,-1.1913768709198975,,0.0
Katowice,Barcelona,Hiszpania,Kraków,2026-08-25,2026-08-31,6,449.0,284.45,733.45,KTW,BCN,KRK,https://skyscanner.net/g/referrals/v1/flights/multicity/?mediaPartnerId=6439681&origin0=ktw&date0=2026-08-25&destination0=bcn&origin1=bcn&date1=2026-08-31&destination1=krk&adultsv2=1&market=PL&locale=pl-PL&currency=PLN,Katowice-Barcelona,770.3761904761905,-1.1913768709198975,,0.0
Gdańsk,Valletta,Malta,Gdańsk,2026-08-21,2026-08-26,5,494.74,242.26,737.0,GDN,MLA,GDN,https://www.skyscanner.net/g/referrals/v1/flights/day-view/?origin=gdn&destination=mla&outboundDate=2026-08-21&inboundDate=2026-08-26&market=PL&locale=pl-PL&currency=PLN&mediaPartnerId=6439681,Gdańsk-Valletta,772.4680000000001,-1.4644429443951386,550.2,33.95
Warszawa,Podgorica,Czarnogóra,Poznań,2026-08-25,2026-08-27,2,339.0,431.01,770.01,WARS,TGD,POZ,https://skyscanner.net/g/referrals/v1/flights/multicity/?mediaPartnerId=6439681&origin0=wars&date0=2026-08-25&destination0=tgd&origin1=tgd&date1=2026-08-27&destination1=poz&adultsv2=1&market=PL&locale=pl-PL&currency=PLN,Warszawa-Podgorica,778.2366666666667,-1.014668400644044,,0.0
Wrocław,Londyn,Wielka Brytania,Wrocław,2026-08-29,2026-08-31,2,691.37,79.0,770.37,WRO,LOND,WRO,https://www.skyscanner.net/g/referrals/v1/flights/day-view/?origin=wro&destination=lond&outboundDate=2026-08-29&inboundDate=2026-08-31&market=PL&locale=pl-PL&currency=PLN&mediaPartnerId=6439681,Wrocław-Londyn,778.27,-1.1875454409299477,,0.0
Wrocław,Londyn,Wielka Brytania,Wrocław,2026-08-29,2026-08-31,2,691.37,79.0,770.37,WRO,LOND,WRO,https://www.skyscanner.net/g/referrals/v1/flights/day-view/?origin=wro&destination=lond&outboundDate=2026-08-29&inboundDate=2026-08-31&market=PL&locale=pl-PL&currency=PLN&mediaPartnerId=6439681,Wrocław-Londyn,778.27,-1.1875454409299477,,0.0
