Outbound From,Destination,ArrivalCountry,Inbound To,Departure Date,Return Date,Trip Duration (Days),Outbound Price,Inbound Price,Total Price,IATA_Departure,IATA_Destination,IATA_Return,Outbound Provider,Inbound Provider,Outbound Source Currency,Inbound Source Currency,Round_Trip_Link
Warszawa,Bukareszt,Rumunia,Warszawa,2026-06-17,2026-06-24,7,69,64,133,WARS,BUCH,WARS,wizzair,wizzair,PLN,RON,https://www.skyscanner.net/g/referrals/v1/flights/day-view/?origin=wars&destination=buch&outboundDate=2026-06-17&inboundDate=2026-06-24&market=PL&locale=pl-PL&currency=PLN&mediaPartnerId=6439681
Warszawa,Bukareszt,Rumunia,Warszawa,2026-06-15,2026-06-19,4,69,81,150,WARS,BUCH,WARS,wizzair,wizzair,PLN,RON,https://www.skyscanner.net/g/referrals/v1/flights/day-view/?origin=wars&destination=buch&outboundDate=2026-06-15&inboundDate=2026-06-19&market=PL&locale=pl-PL&currency=PLN&mediaPartnerId=6439681
Warszawa,Bukareszt,Rumunia,Warszawa,2026-06-06,2026-06-11,5,69,81,150,WARS,BUCH,WARS,wizzair,wizzair,PLN,RON,https://www.skyscanner.net/g/referrals/v1/flights/day-view/?origin=wars&destination=buch&outboundDate=2026-06-06&inboundDate=2026-06-11&market=PL&locale=pl-PL&currency=PLN&mediaPartnerId=6439681
Warszawa,Bukareszt,Rumunia,Warszawa,2026-06-17,2026-06-19,2,69,81,150,WARS,BUCH,WARS,wizzair,wizzair,PLN,RON,https://www.skyscanner.net/g/referrals/v1/flights/day-view/?origin=wars&destination=buch&outboundDate=2026-06-17&inboundDate=2026-06-19&market=PL&locale=pl-PL&currency=PLN&mediaPartnerId=6439681
Warszawa,Bukareszt,Rumunia,Warszawa,2026-06-10,2026-06-12,2,69,81,150,WARS,BUCH,WARS,wizzair,wizzair,PLN,RON,https://www.skyscanner.net/g/referrals/v1/flights/day-view/?origin=wars&destination=buch&outboundDate=2026-06-10&inboundDate=2026-06-12&market=PL&locale=pl-PL&currency=PLN&mediaPartnerId=6439681
Warszawa,Bukareszt,Rumunia,Warszawa,2026-06-15,2026-06-18,3,69,81,150,WARS,BUCH,WARS,wizzair,wizzair,PLN,RON,https://www.skyscanner.net/g/referrals/v1/flights/day-view/?origin=wars&destination=buch&outboundDate=2026-06-15&inboundDate=2026-06-18&market=PL&locale=pl-PL&currency=PLN&mediaPartnerId=6439681
Warszawa,Bukareszt,Rumunia,Warszawa,2026-06-17,2026-06-22,5,69,81,150,WARS,BUCH,WARS,wizzair,wizzair,PLN,RON,https://www.skyscanner.net/g/referrals/v1/flights/day-view/?origin=wars&destination=buch&outboundDate=2026-06-17&inboundDate=2026-06-22&market=PL&locale=pl-PL&currency=PLN&mediaPartnerId=6439681
Warszawa,Bukareszt,Rumunia,Warszawa,2026-06-15,2026-06-22,7,69,81,150,WARS,BUCH,WARS,wizzair,wizzair,PLN,RON,https://www.skyscanner.net/g/referrals/v1/flights/day-view/?origin=wars&destination=buch&outboundDate=2026-06-15&inboundDate=2026-06-22&market=PL&locale=pl-PL&currency=PLN&mediaPartnerId=6439681
Warszawa,Bukareszt,Rumunia,Warszawa,2026-06-06,2026-06-12,6,69,81,150,WARS,BUCH,WARS,wizzair,wizzair,PLN,RON,https://www.skyscanner.net/g/referrals/v1/flights/day-view/?origin=wars&destination=buch&outboundDate=2026-06-06&inboundDate=2026-06-12&market=PL&locale=pl-PL&currency=PLN&mediaPartnerId=6439681
Warszawa,Bukareszt,Rumunia,Warszawa,2026-05-27,2026-06-03,7,69,81,150,WARS,BUCH,WARS,wizzair,wizzair,PLN,RON,https://www.skyscanner.net/g/referrals/v1/flights/day-view/?origin=wars&destination=buch&outboundDate=2026-05-27&inboundDate=2026-06-03&market=PL&locale=pl-PL&currency=PLN&mediaPartnerId=6439681
Warszawa,Bukareszt,Rumunia,Warszawa,2026-06-22,2026-06-24,2,89,64,153,WARS,BUCH,WARS,wizzair,wizzair,PLN,RON,https://www.skyscanner.net/g/referrals/v1/flights/day-view/?origin=wars&destination=buch&outboundDate=2026-06-22&inboundDate=2026-06-24&market=PL&locale=pl-PL&currency=PLN&mediaPartnerId=6439681
Warszawa,Bukareszt,Rumunia,Warszawa,2026-05-28,2026-06-04,7,89,64,153,WARS,BUCH,WARS,wizzair,wizzair,PLN,RON,https://www.skyscanner.net/g/referrals/v1/flights/day-view/?origin=wars&destination=buch&outboundDate=2026-05-28&inboundDate=2026-06-04&market=PL&locale=pl-PL&currency=PLN&mediaPartnerId=6439681
Warszawa,Bukareszt,Rumunia,Warszawa,2026-06-18,2026-06-24,6,89,64,153,WARS,BUCH,WARS,wizzair,wizzair,PLN,RON,https://www.skyscanner.net/g/referrals/v1/flights/day-view/?origin=wars&destination=buch&outboundDate=2026-06-18&inboundDate=2026-06-24&market=PL&locale=pl-PL&currency=PLN&mediaPartnerId=6439681
Warszawa,Bukareszt,Rumunia,Warszawa,2026-06-21,2026-06-24,3,89,64,153,WARS,BUCH,WARS,wizzair,wizzair,PLN,RON,https://www.skyscanner.net/g/referrals/v1/flights/day-view/?origin=wars&destination=buch&outboundDate=2026-06-21&inboundDate=2026-06-24&market=PL&locale=pl-PL&currency=PLN&mediaPartnerId=6439681
Warszawa,Leeds,Wielka Brytania,Warszawa,2026-06-13,2026-06-15,2,76,79,155,WARS,LBA,WARS,ryanair,ryanair,PLN,PLN,https://www.skyscanner.net/g/referrals/v1/flights/day-view/?origin=wars&destination=lba&outboundDate=2026-06-13&inboundDate=2026-06-15&market=PL&locale=pl-PL&currency=PLN&mediaPartnerId=6439681
Warszawa,Leeds,Wielka Brytania,Warszawa,2026-05-21,2026-05-28,7,63,95,158,WARS,LBA,WARS,ryanair,ryanair,PLN,PLN,https://www.skyscanner.net/g/referrals/v1/flights/day-view/?origin=wars&destination=lba&outboundDate=2026-05-21&inboundDate=2026-05-28&market=PL&locale=pl-PL&currency=PLN&mediaPartnerId=6439681
Warszawa,Bukareszt,Rumunia,Warszawa,2026-06-10,2026-06-15,5,69,97,166,WARS,BUCH,WARS,wizzair,wizzair,PLN,RON,https://www.skyscanner.net/g/referrals/v1/flights/day-view/?origin=wars&destination=buch&outboundDate=2026-06-10&inboundDate=2026-06-15&market=PL&locale=pl-PL&currency=PLN&mediaPartnerId=6439681
Warszawa,Bukareszt,Rumunia,Warszawa,2026-05-27,2026-06-02,6,69,97,166,WARS,BUCH,WARS,wizzair,wizzair,PLN,RON,https://www.skyscanner.net/g/referrals/v1/flights/day-view/?origin=wars&destination=buch&outboundDate=2026-05-27&inboundDate=2026-06-02&market=PL&locale=pl-PL&currency=PLN&mediaPartnerId=6439681
Warszawa,Bukareszt,Rumunia,Warszawa,2026-06-24,2026-07-01,7,89,81,170,WARS,BUCH,WARS,wizzair,wizzair,PLN,RON,https://www.skyscanner.net/g/referrals/v1/flights/day-view/?origin=wars&destination=buch&outboundDate=2026-06-24&inboundDate=2026-07-01&market=PL&locale=pl-PL&currency=PLN&mediaPartnerId=6439681
Warszawa,Bukareszt,Rumunia,Warszawa,2026-06-29,2026-07-01,2,89,81,170,WARS,BUCH,WARS,wizzair,wizzair,PLN,RON,https://www.skyscanner.net/g/referrals/v1/flights/day-view/?origin=wars&destination=buch&outboundDate=2026-06-29&inboundDate=2026-07-01&market=PL&locale=pl-PL&currency=PLN&mediaPartnerId=6439681
Warszawa,Bukareszt,Rumunia,Warszawa,2026-05-28,2026-06-03,6,89,81,170,WARS,BUCH,WARS,wizzair,wizzair,PLN,RON,https://www.skyscanner.net/g/referrals/v1/flights/day-view/?origin=wars&destination=buch&outboundDate=2026-05-28&inboundDate=2026-06-03&market=PL&locale=pl-PL&currency=PLN&mediaPartnerId=6439681
Warszawa,Bukareszt,Rumunia,Warszawa,2026-07-02,2026-07-09,7,89,81,170,WARS,BUCH,WARS,wizzair,wizzair,PLN,RON,https://www.skyscanner.net/g/referrals/v1/flights/day-view/?origin=wars&destination=buch&outboundDate=2026-07-02&inboundDate=2026-07-09&market=PL&locale=pl-PL&currency=PLN&mediaPartnerId=6439681
Warszawa,Bukareszt,Rumunia,Warszawa,2026-05-26,2026-05-28,2,89,81,170,WARS,BUCH,WARS,wizzair,wizzair,PLN,RON,https://www.skyscanner.net/g/referrals/v1/flights/day-view/?origin=wars&destination=buch&outboundDate=2026-05-26&inboundDate=2026-05-28&market=PL&locale=pl-PL&currency=PLN&mediaPartnerId=6439681
Warszawa,Bukareszt,Rumunia,Warszawa,2026-07-06,2026-07-10,4,89,81,170,WARS,BUCH,WARS,wizzair,wizzair,PLN,RON,https://www.skyscanner.net/g/referrals/v1/flights/day-view/?origin=wars&destination=buch&outboundDate=2026-07-06&inboundDate=2026-07-10&market=PL&locale=pl-PL&currency=PLN&mediaPartnerId=6439681
Warszawa,Bukareszt,Rumunia,Warszawa,2026-07-05,2026-07-09,4,89,81,170,WARS,BUCH,WARS,wizzair,wizzair,PLN,RON,https://www.skyscanner.net/g/referrals/v1/flights/day-view/?origin=wars&destination=buch&outboundDate=2026-07-05&inboundDate=2026-07-09&market=PL&locale=pl-PL&currency=PLN&mediaPartnerId=6439681
Warszawa,Bukareszt,Rumunia,Warszawa,2026-07-05,2026-07-10,5,89,81,170,WARS,BUCH,WARS,wizzair,wizzair,PLN,RON,https://www.skyscanner.net/g/referrals/v1/flights/day-view/?origin=wars&destination=buch&outboundDate=2026-07-05&inboundDate=2026-07-10&market=PL&locale=pl-PL&currency=PLN&mediaPartnerId=6439681
Warszawa,Bukareszt,Rumunia,Warszawa,2026-07-06,2026-07-09,3,89,81,170,WARS,BUCH,WARS,wizzair,wizzair,PLN,RON,https://www.skyscanner.net/g/referrals/v1/flights/day-view/?origin=wars&destination=buch&outboundDate=2026-07-06&inboundDate=2026-07-09&market=PL&locale=pl-PL&currency=PLN&mediaPartnerId=6439681
Warszawa,Bukareszt,Rumunia,Warszawa,2026-06-11,2026-06-18,7,89,81,170,WARS,BUCH,WARS,wizzair,wizzair,PLN,RON,https://www.skyscanner.net/g/referrals/v1/flights/day-view/?origin=wars&destination=buch&outboundDate=2026-06-11&inboundDate=2026-06-18&market=PL&locale=pl-PL&currency=PLN&mediaPartnerId=6439681
Warszawa,Bukareszt,Rumunia,Warszawa,2026-06-07,2026-06-12,5,89,81,170,WARS,BUCH,WARS,wizzair,wizzair,PLN,RON,https://www.skyscanner.net/g/referrals/v1/flights/day-view/?origin=wars&destination=buch&outboundDate=2026-06-07&inboundDate=2026-06-12&market=PL&locale=pl-PL&currency=PLN&mediaPartnerId=6439681
Warszawa,Bukareszt,Rumunia,Warszawa,2026-07-22,2026-07-27,5,89,81,170,WARS,BUCH,WARS,wizzair,wizzair,PLN,RON,https://www.skyscanner.net/g/referrals/v1/flights/day-view/?origin=wars&destination=buch&outboundDate=2026-07-22&inboundDate=2026-07-27&market=PL&locale=pl-PL&currency=PLN&mediaPartnerId=6439681
Warszawa,Bukareszt,Rumunia,Warszawa,2026-07-27,2026-07-30,3,89,81,170,WARS,BUCH,WARS,wizzair,wizzair,PLN,RON,https://www.skyscanner.net/g/referrals/v1/flights/day-view/?origin=wars&destination=buch&outboundDate=2026-07-27&inboundDate=2026-07-30&market=PL&locale=pl-PL&currency=PLN&mediaPartnerId=6439681
Warszawa,Bukareszt,Rumunia,Warszawa,2026-07-17,2026-07-23,6,89,81,170,WARS,BUCH,WARS,wizzair,wizzair,PLN,RON,https://www.skyscanner.net/g/referrals/v1/flights/day-view/?origin=wars&destination=buch&outboundDate=2026-07-17&inboundDate=2026-07-23&market=PL&locale=pl-PL&currency=PLN&mediaPartnerId=6439681
Warszawa,Bukareszt,Rumunia,Warszawa,2026-07-08,2026-07-10,2,89,81,170,WARS,BUCH,WARS,wizzair,wizzair,PLN,RON,https://www.skyscanner.net/g/referrals/v1/flights/day-view/?origin=wars&destination=buch&outboundDate=2026-07-08&inboundDate=2026-07-10&market=PL&locale=pl-PL&currency=PLN&mediaPartnerId=6439681
Warszawa,Bukareszt,Rumunia,Warszawa,2026-07-10,2026-07-15,5,89,81,170,WARS,BUCH,WARS,wizzair,wizzair,PLN,RON,https://www.skyscanner.net/g/referrals/v1/flights/day-view/?origin=wars&destination=buch&outboundDate=2026-07-10&inboundDate=2026-07-15&market=PL&locale=pl-PL&currency=PLN&mediaPartnerId=6439681
Warszawa,Bukareszt,Rumunia,Warszawa,2026-07-12,2026-07-15,3,89,81,170,WARS,BUCH,WARS,wizzair,wizzair,PLN,RON,https://www.skyscanner.net/g/referrals/v1/flights/day-view/?origin=wars&destination=buch&outboundDate=2026-07-12&inboundDate=2026-07-15&market=PL&locale=pl-PL&currency=PLN&mediaPartnerId=6439681
Warszawa,Bukareszt,Rumunia,Warszawa,2026-07-08,2026-07-15,7,89,81,170,WARS,BUCH,WARS,wizzair,wizzair,PLN,RON,https://www.skyscanner.net/g/referrals/v1/flights/day-view/?origin=wars&destination=buch&outboundDate=2026-07-08&inboundDate=2026-07-15&market=PL&locale=pl-PL&currency=PLN&mediaPartnerId=6439681
Warszawa,Bukareszt,Rumunia,Warszawa,2026-07-13,2026-07-15,2,89,81,170,WARS,BUCH,WARS,wizzair,wizzair,PLN,RON,https://www.skyscanner.net/g/referrals/v1/flights/day-view/?origin=wars&destination=buch&outboundDate=2026-07-13&inboundDate=2026-07-15&market=PL&locale=pl-PL&currency=PLN&mediaPartnerId=6439681
Warszawa,Bukareszt,Rumunia,Warszawa,2026-06-07,2026-06-11,4,89,81,170,WARS,BUCH,WARS,wizzair,wizzair,PLN,RON,https://www.skyscanner.net/g/referrals/v1/flights/day-view/?origin=wars&destination=buch&outboundDate=2026-06-07&inboundDate=2026-06-11&market=PL&locale=pl-PL&currency=PLN&mediaPartnerId=6439681
Warszawa,Bukareszt,Rumunia,Warszawa,2026-07-23,2026-07-27,4,89,81,170,WARS,BUCH,WARS,wizzair,wizzair,PLN,RON,https://www.skyscanner.net/g/referrals/v1/flights/day-view/?origin=wars&destination=buch&outboundDate=2026-07-23&inboundDate=2026-07-27&market=PL&locale=pl-PL&currency=PLN&mediaPartnerId=6439681
Warszawa,Bukareszt,Rumunia,Warszawa,2026-07-23,2026-07-30,7,89,81,170,WARS,BUCH,WARS,wizzair,wizzair,PLN,RON,https://www.skyscanner.net/g/referrals/v1/flights/day-view/?origin=wars&destination=buch&outboundDate=2026-07-23&inboundDate=2026-07-30&market=PL&locale=pl-PL&currency=PLN&mediaPartnerId=6439681
Warszawa,Bukareszt,Rumunia,Warszawa,2026-06-05,2026-06-12,7,89,81,170,WARS,BUCH,WARS,wizzair,wizzair,PLN,RON,https://www.skyscanner.net/g/referrals/v1/flights/day-view/?origin=wars&destination=buch&outboundDate=2026-06-05&inboundDate=2026-06-12&market=PL&locale=pl-PL&currency=PLN&mediaPartnerId=6439681
Warszawa,Bukareszt,Rumunia,Warszawa,2026-06-05,2026-06-11,6,89,81,170,WARS,BUCH,WARS,wizzair,wizzair,PLN,RON,https://www.skyscanner.net/g/referrals/v1/flights/day-view/?origin=wars&destination=buch&outboundDate=2026-06-05&inboundDate=2026-06-11&market=PL&locale=pl-PL&currency=PLN&mediaPartnerId=6439681
Warszawa,Charleroi,Belgia,Warszawa,2026-06-08,2026-06-15,7,104,72,176,WARS,CRL,WARS,ryanair,ryanair,PLN,PLN,https://www.skyscanner.net/g/referrals/v1/flights/day-view/?origin=wars&destination=crl&outboundDate=2026-06-08&inboundDate=2026-06-15&market=PL&locale=pl-PL&currency=PLN&mediaPartnerId=6439681
Warszawa,Bukareszt,Rumunia,Warszawa,2026-05-25,2026-05-28,3,99,81,180,WARS,BUCH,WARS,wizzair,wizzair,PLN,RON,https://www.skyscanner.net/g/referrals/v1/flights/day-view/?origin=wars&destination=buch&outboundDate=2026-05-25&inboundDate=2026-05-28&market=PL&locale=pl-PL&currency=PLN&mediaPartnerId=6439681
Warszawa,Bukareszt,Rumunia,Warszawa,2026-05-16,2026-05-20,4,99,81,180,WARS,BUCH,WARS,wizzair,wizzair,PLN,RON,https://www.skyscanner.net/g/referrals/v1/flights/day-view/?origin=wars&destination=buch&outboundDate=2026-05-16&inboundDate=2026-05-20&market=PL&locale=pl-PL&currency=PLN&mediaPartnerId=6439681
Warszawa,Bukareszt,Rumunia,Warszawa,2026-05-23,2026-05-28,5,99,81,180,WARS,BUCH,WARS,wizzair,wizzair,PLN,RON,https://www.skyscanner.net/g/referrals/v1/flights/day-view/?origin=wars&destination=buch&outboundDate=2026-05-23&inboundDate=2026-05-28&market=PL&locale=pl-PL&currency=PLN&mediaPartnerId=6439681
Warszawa,Bukareszt,Rumunia,Warszawa,2026-05-18,2026-05-23,5,99,81,180,WARS,BUCH,WARS,wizzair,wizzair,PLN,RON,https://www.skyscanner.net/g/referrals/v1/flights/day-view/?origin=wars&destination=buch&outboundDate=2026-05-18&inboundDate=2026-05-23&market=PL&locale=pl-PL&currency=PLN&mediaPartnerId=6439681
Warszawa,Bukareszt,Rumunia,Warszawa,2026-05-16,2026-05-23,7,99,81,180,WARS,BUCH,WARS,wizzair,wizzair,PLN,RON,https://www.skyscanner.net/g/referrals/v1/flights/day-view/?origin=wars&destination=buch&outboundDate=2026-05-16&inboundDate=2026-05-23&market=PL&locale=pl-PL&currency=PLN&mediaPartnerId=6439681
Warszawa,Bukareszt,Rumunia,Warszawa,2026-05-25,2026-05-27,2,99,81,180,WARS,BUCH,WARS,wizzair,wizzair,PLN,RON,https://www.skyscanner.net/g/referrals/v1/flights/day-view/?origin=wars&destination=buch&outboundDate=2026-05-25&inboundDate=2026-05-27&market=PL&locale=pl-PL&currency=PLN&mediaPartnerId=6439681
Warszawa,Bukareszt,Rumunia,Warszawa,2026-05-23,2026-05-27,4,99,81,180,WARS,BUCH,WARS,wizzair,wizzair,PLN,RON,https://www.skyscanner.net/g/referrals/v1/flights/day-view/?origin=wars&destination=buch&outboundDate=2026-05-23&inboundDate=2026-05-27&market=PL&locale=pl-PL&currency=PLN&mediaPartnerId=6439681
Warszawa,Bukareszt,Rumunia,Warszawa,2026-05-18,2026-05-21,3,99,81,180,WARS,BUCH,WARS,wizzair,wizzair,PLN,RON,https://www.skyscanner.net/g/referrals/v1/flights/day-view/?origin=wars&destination=buch&outboundDate=2026-05-18&inboundDate=2026-05-21&market=PL&locale=pl-PL&currency=PLN&mediaPartnerId=6439681
Warszawa,Bukareszt,Rumunia,Warszawa,2026-05-18,2026-05-20,2,99,81,180,WARS,BUCH,WARS,wizzair,wizzair,PLN,RON,https://www.skyscanner.net/g/referrals/v1/flights/day-view/?origin=wars&destination=buch&outboundDate=2026-05-18&inboundDate=2026-05-20&market=PL&locale=pl-PL&currency=PLN&mediaPartnerId=6439681
Warszawa,Bukareszt,Rumunia,Warszawa,2026-07-09,2026-07-15,6,99,81,180,WARS,BUCH,WARS,wizzair,wizzair,PLN,RON,https://www.skyscanner.net/g/referrals/v1/flights/day-view/?origin=wars&destination=buch&outboundDate=2026-07-09&inboundDate=2026-07-15&market=PL&locale=pl-PL&currency=PLN&mediaPartnerId=6439681
Warszawa,Bukareszt,Rumunia,Warszawa,2026-05-16,2026-05-21,5,99,81,180,WARS,BUCH,WARS,wizzair,wizzair,PLN,RON,https://www.skyscanner.net/g/referrals/v1/flights/day-view/?origin=wars&destination=buch&outboundDate=2026-05-16&inboundDate=2026-05-21&market=PL&locale=pl-PL&currency=PLN&mediaPartnerId=6439681
Warszawa,Leeds,Wielka Brytania,Warszawa,2026-05-23,2026-05-30,7,89,95,184,WARS,LBA,WARS,ryanair,ryanair,PLN,PLN,https://www.skyscanner.net/g/referrals/v1/flights/day-view/?origin=wars&destination=lba&outboundDate=2026-05-23&inboundDate=2026-05-30&market=PL&locale=pl-PL&currency=PLN&mediaPartnerId=6439681
Warszawa,Leeds,Wielka Brytania,Warszawa,2026-05-23,2026-05-28,5,89,95,184,WARS,LBA,WARS,ryanair,ryanair,PLN,PLN,https://www.skyscanner.net/g/referrals/v1/flights/day-view/?origin=wars&destination=lba&outboundDate=2026-05-23&inboundDate=2026-05-28&market=PL&locale=pl-PL&currency=PLN&mediaPartnerId=6439681
Warszawa,Leeds,Wielka Brytania,Warszawa,2026-06-11,2026-06-15,4,106,79,185,WARS,LBA,WARS,ryanair,ryanair,PLN,PLN,https://www.skyscanner.net/g/referrals/v1/flights/day-view/?origin=wars&destination=lba&outboundDate=2026-06-11&inboundDate=2026-06-15&market=PL&locale=pl-PL&currency=PLN&mediaPartnerId=6439681
Warszawa,Bukareszt,Rumunia,Warszawa,2026-06-29,2026-07-02,3,89,97,186,WARS,BUCH,WARS,wizzair,wizzair,PLN,RON,https://www.skyscanner.net/g/referrals/v1/flights/day-view/?origin=wars&destination=buch&outboundDate=2026-06-29&inboundDate=2026-07-02&market=PL&locale=pl-PL&currency=PLN&mediaPartnerId=6439681
Warszawa,Bukareszt,Rumunia,Warszawa,2026-06-29,2026-07-03,4,89,97,186,WARS,BUCH,WARS,wizzair,wizzair,PLN,RON,https://www.skyscanner.net/g/referrals/v1/flights/day-view/?origin=wars&destination=buch&outboundDate=2026-06-29&inboundDate=2026-07-03&market=PL&locale=pl-PL&currency=PLN&mediaPartnerId=6439681
Warszawa,Bukareszt,Rumunia,Warszawa,2026-05-06,2026-05-12,6,129,64,193,WARS,BUCH,WARS,wizzair,wizzair,PLN,RON,https://www.skyscanner.net/g/referrals/v1/flights/day-view/?origin=wars&destination=buch&outboundDate=2026-05-06&inboundDate=2026-05-12&market=PL&locale=pl-PL&currency=PLN&mediaPartnerId=6439681
Warszawa,Charleroi,Belgia,Warszawa,2026-06-12,2026-06-15,3,123,72,195,WARS,CRL,WARS,ryanair,ryanair,PLN,PLN,https://www.skyscanner.net/g/referrals/v1/flights/day-view/?origin=wars&destination=crl&outboundDate=2026-06-12&inboundDate=2026-06-15&market=PL&locale=pl-PL&currency=PLN&mediaPartnerId=6439681
Warszawa,Bukareszt,Rumunia,Warszawa,2026-05-16,2026-05-19,3,99,97,196,WARS,BUCH,WARS,wizzair,wizzair,PLN,RON,https://www.skyscanner.net/g/referrals/v1/flights/day-view/?origin=wars&destination=buch&outboundDate=2026-05-16&inboundDate=2026-05-19&market=PL&locale=pl-PL&currency=PLN&mediaPartnerId=6439681
Warszawa,Leeds,Wielka Brytania,Warszawa,2026-06-01,2026-06-04,3,121,79,200,WARS,LBA,WARS,ryanair,ryanair,PLN,PLN,https://www.skyscanner.net/g/referrals/v1/flights/day-view/?origin=wars&destination=lba&outboundDate=2026-06-01&inboundDate=2026-06-04&market=PL&locale=pl-PL&currency=PLN&mediaPartnerId=6439681
Warszawa,Leeds,Wielka Brytania,Warszawa,2026-05-07,2026-05-11,4,79,123,202,WARS,LBA,WARS,ryanair,ryanair,PLN,PLN,https://www.skyscanner.net/g/referrals/v1/flights/day-view/?origin=wars&destination=lba&outboundDate=2026-05-07&inboundDate=2026-05-11&market=PL&locale=pl-PL&currency=PLN&mediaPartnerId=6439681
Warszawa,Leeds,Wielka Brytania,Warszawa,2026-05-07,2026-05-14,7,79,123,202,WARS,LBA,WARS,ryanair,ryanair,PLN,PLN,https://www.skyscanner.net/g/referrals/v1/flights/day-view/?origin=wars&destination=lba&outboundDate=2026-05-07&inboundDate=2026-05-14&market=PL&locale=pl-PL&currency=PLN&mediaPartnerId=6439681
Warszawa,Charleroi,Belgia,Warszawa,2026-06-15,2026-06-22,7,102,102,204,WARS,CRL,WARS,ryanair,ryanair,PLN,PLN,https://www.skyscanner.net/g/referrals/v1/flights/day-view/?origin=wars&destination=crl&outboundDate=2026-06-15&inboundDate=2026-06-22&market=PL&locale=pl-PL&currency=PLN&mediaPartnerId=6439681
Warszawa,Bukareszt,Rumunia,Warszawa,2026-05-16,2026-05-22,6,99,106,205,WARS,BUCH,WARS,wizzair,wizzair,PLN,RON,https://www.skyscanner.net/g/referrals/v1/flights/day-view/?origin=wars&destination=buch&outboundDate=2026-05-16&inboundDate=2026-05-22&market=PL&locale=pl-PL&currency=PLN&mediaPartnerId=6439681
Warszawa,Bukareszt,Rumunia,Warszawa,2026-05-16,2026-05-18,2,99,106,205,WARS,BUCH,WARS,wizzair,wizzair,PLN,RON,https://www.skyscanner.net/g/referrals/v1/flights/day-view/?origin=wars&destination=buch&outboundDate=2026-05-16&inboundDate=2026-05-18&market=PL&locale=pl-PL&currency=PLN&mediaPartnerId=6439681
Warszawa,Bukareszt,Rumunia,Warszawa,2026-05-18,2026-05-22,4,99,106,205,WARS,BUCH,WARS,wizzair,wizzair,PLN,RON,https://www.skyscanner.net/g/referrals/v1/flights/day-view/?origin=wars&destination=buch&outboundDate=2026-05-18&inboundDate=2026-05-22&market=PL&locale=pl-PL&currency=PLN&mediaPartnerId=6439681
Warszawa,Charleroi,Belgia,Warszawa,2026-06-19,2026-06-22,3,104,102,206,WARS,CRL,WARS,ryanair,ryanair,PLN,PLN,https://www.skyscanner.net/g/referrals/v1/flights/day-view/?origin=wars&destination=crl&outboundDate=2026-06-19&inboundDate=2026-06-22&market=PL&locale=pl-PL&currency=PLN&mediaPartnerId=6439681
Warszawa,Charleroi,Belgia,Warszawa,2026-06-15,2026-06-19,4,102,104,206,WARS,CRL,WARS,ryanair,ryanair,PLN,PLN,https://www.skyscanner.net/g/referrals/v1/flights/day-view/?origin=wars&destination=crl&outboundDate=2026-06-15&inboundDate=2026-06-19&market=PL&locale=pl-PL&currency=PLN&mediaPartnerId=6439681
Warszawa,Charleroi,Belgia,Warszawa,2026-06-08,2026-06-14,6,104,104,208,WARS,CRL,WARS,ryanair,ryanair,PLN,PLN,https://www.skyscanner.net/g/referrals/v1/flights/day-view/?origin=wars&destination=crl&outboundDate=2026-06-08&inboundDate=2026-06-14&market=PL&locale=pl-PL&currency=PLN&mediaPartnerId=6439681
Warszawa,Bukareszt,Rumunia,Warszawa,2026-05-14,2026-05-16,2,129,81,210,WARS,BUCH,WARS,wizzair,wizzair,PLN,RON,https://www.skyscanner.net/g/referrals/v1/flights/day-view/?origin=wars&destination=buch&outboundDate=2026-05-14&inboundDate=2026-05-16&market=PL&locale=pl-PL&currency=PLN&mediaPartnerId=6439681
Warszawa,Bukareszt,Rumunia,Warszawa,2026-05-14,2026-05-20,6,129,81,210,WARS,BUCH,WARS,wizzair,wizzair,PLN,RON,https://www.skyscanner.net/g/referrals/v1/flights/day-view/?origin=wars&destination=buch&outboundDate=2026-05-14&inboundDate=2026-05-20&market=PL&locale=pl-PL&currency=PLN&mediaPartnerId=6439681
Warszawa,Bukareszt,Rumunia,Warszawa,2026-05-11,2026-05-16,5,129,81,210,WARS,BUCH,WARS,wizzair,wizzair,PLN,RON,https://www.skyscanner.net/g/referrals/v1/flights/day-view/?origin=wars&destination=buch&outboundDate=2026-05-11&inboundDate=2026-05-16&market=PL&locale=pl-PL&currency=PLN&mediaPartnerId=6439681
Warszawa,Bukareszt,Rumunia,Warszawa,2026-05-14,2026-05-21,7,129,81,210,WARS,BUCH,WARS,wizzair,wizzair,PLN,RON,https://www.skyscanner.net/g/referrals/v1/flights/day-view/?origin=wars&destination=buch&outboundDate=2026-05-14&inboundDate=2026-05-21&market=PL&locale=pl-PL&currency=PLN&mediaPartnerId=6439681
Warszawa,Manchester,Wielka Brytania,Warszawa,2026-06-19,2026-06-21,2,108,108,216,WARS,MAN,WARS,ryanair,ryanair,PLN,PLN,https://www.skyscanner.net/g/referrals/v1/flights/day-view/?origin=wars&destination=man&outboundDate=2026-06-19&inboundDate=2026-06-21&market=PL&locale=pl-PL&currency=PLN&mediaPartnerId=6439681
Warszawa,Leeds,Wielka Brytania,Warszawa,2026-05-09,2026-05-11,2,95,123,218,WARS,LBA,WARS,ryanair,ryanair,PLN,PLN,https://www.skyscanner.net/g/referrals/v1/flights/day-view/?origin=wars&destination=lba&outboundDate=2026-05-09&inboundDate=2026-05-11&market=PL&locale=pl-PL&currency=PLN&mediaPartnerId=6439681
Warszawa,Leeds,Wielka Brytania,Warszawa,2026-06-01,2026-06-06,5,121,98,219,WARS,LBA,WARS,ryanair,ryanair,PLN,PLN,https://www.skyscanner.net/g/referrals/v1/flights/day-view/?origin=wars&destination=lba&outboundDate=2026-06-01&inboundDate=2026-06-06&market=PL&locale=pl-PL&currency=PLN&mediaPartnerId=6439681
Warszawa,Bukareszt,Rumunia,Warszawa,2026-05-13,2026-05-20,7,139,81,220,WARS,BUCH,WARS,wizzair,wizzair,PLN,RON,https://www.skyscanner.net/g/referrals/v1/flights/day-view/?origin=wars&destination=buch&outboundDate=2026-05-13&inboundDate=2026-05-20&market=PL&locale=pl-PL&currency=PLN&mediaPartnerId=6439681
Warszawa,Bukareszt,Rumunia,Warszawa,2026-05-12,2026-05-16,4,139,81,220,WARS,BUCH,WARS,wizzair,wizzair,PLN,RON,https://www.skyscanner.net/g/referrals/v1/flights/day-view/?origin=wars&destination=buch&outboundDate=2026-05-12&inboundDate=2026-05-16&market=PL&locale=pl-PL&currency=PLN&mediaPartnerId=6439681
Warszawa,Bukareszt,Rumunia,Warszawa,2026-05-19,2026-05-23,4,139,81,220,WARS,BUCH,WARS,wizzair,wizzair,PLN,RON,https://www.skyscanner.net/g/referrals/v1/flights/day-view/?origin=wars&destination=buch&outboundDate=2026-05-19&inboundDate=2026-05-23&market=PL&locale=pl-PL&currency=PLN&mediaPartnerId=6439681
Warszawa,Bukareszt,Rumunia,Warszawa,2026-05-19,2026-05-21,2,139,81,220,WARS,BUCH,WARS,wizzair,wizzair,PLN,RON,https://www.skyscanner.net/g/referrals/v1/flights/day-view/?origin=wars&destination=buch&outboundDate=2026-05-19&inboundDate=2026-05-21&market=PL&locale=pl-PL&currency=PLN&mediaPartnerId=6439681
Warszawa,Bukareszt,Rumunia,Warszawa,2026-05-13,2026-05-16,3,139,81,220,WARS,BUCH,WARS,wizzair,wizzair,PLN,RON,https://www.skyscanner.net/g/referrals/v1/flights/day-view/?origin=wars&destination=buch&outboundDate=2026-05-13&inboundDate=2026-05-16&market=PL&locale=pl-PL&currency=PLN&mediaPartnerId=6439681
Warszawa,Leeds,Wielka Brytania,Warszawa,2026-06-22,2026-06-29,7,79,143,222,WARS,LBA,WARS,ryanair,ryanair,PLN,PLN,https://www.skyscanner.net/g/referrals/v1/flights/day-view/?origin=wars&destination=lba&outboundDate=2026-06-22&inboundDate=2026-06-29&market=PL&locale=pl-PL&currency=PLN&mediaPartnerId=6439681
Warszawa,Leeds,Wielka Brytania,Warszawa,2026-06-25,2026-06-29,4,79,143,222,WARS,LBA,WARS,ryanair,ryanair,PLN,PLN,https://www.skyscanner.net/g/referrals/v1/flights/day-view/?origin=wars&destination=lba&outboundDate=2026-06-25&inboundDate=2026-06-29&market=PL&locale=pl-PL&currency=PLN&mediaPartnerId=6439681
Warszawa,Bukareszt,Rumunia,Warszawa,2026-05-14,2026-05-19,5,129,97,226,WARS,BUCH,WARS,wizzair,wizzair,PLN,RON,https://www.skyscanner.net/g/referrals/v1/flights/day-view/?origin=wars&destination=buch&outboundDate=2026-05-14&inboundDate=2026-05-19&market=PL&locale=pl-PL&currency=PLN&mediaPartnerId=6439681
Warszawa,Leeds,Wielka Brytania,Warszawa,2026-06-01,2026-06-08,7,121,112,233,WARS,LBA,WARS,ryanair,ryanair,PLN,PLN,https://www.skyscanner.net/g/referrals/v1/flights/day-view/?origin=wars&destination=lba&outboundDate=2026-06-01&inboundDate=2026-06-08&market=PL&locale=pl-PL&currency=PLN&mediaPartnerId=6439681
Warszawa,Bukareszt,Rumunia,Warszawa,2026-05-11,2026-05-18,7,129,106,235,WARS,BUCH,WARS,wizzair,wizzair,PLN,RON,https://www.skyscanner.net/g/referrals/v1/flights/day-view/?origin=wars&destination=buch&outboundDate=2026-05-11&inboundDate=2026-05-18&market=PL&locale=pl-PL&currency=PLN&mediaPartnerId=6439681
Warszawa,Barcelona,Hiszpania,Warszawa,2026-06-08,2026-06-11,3,69,170,239,WARS,BCN,WARS,wizzair,wizzair,PLN,EUR,https://www.skyscanner.net/g/referrals/v1/flights/day-view/?origin=wars&destination=bcn&outboundDate=2026-06-08&inboundDate=2026-06-11&market=PL&locale=pl-PL&currency=PLN&mediaPartnerId=6439681
Warszawa,Barcelona,Hiszpania,Warszawa,2026-06-08,2026-06-14,6,69,170,239,WARS,BCN,WARS,wizzair,wizzair,PLN,EUR,https://www.skyscanner.net/g/referrals/v1/flights/day-view/?origin=wars&destination=bcn&outboundDate=2026-06-08&inboundDate=2026-06-14&market=PL&locale=pl-PL&currency=PLN&mediaPartnerId=6439681
Warszawa,Barcelona,Hiszpania,Warszawa,2026-06-08,2026-06-10,2,69,170,239,WARS,BCN,WARS,wizzair,wizzair,PLN,EUR,https://www.skyscanner.net/g/referrals/v1/flights/day-view/?origin=wars&destination=bcn&outboundDate=2026-06-08&inboundDate=2026-06-10&market=PL&locale=pl-PL&currency=PLN&mediaPartnerId=6439681
Warszawa,Barcelona,Hiszpania,Warszawa,2026-06-08,2026-06-13,5,69,170,239,WARS,BCN,WARS,wizzair,wizzair,PLN,EUR,https://www.skyscanner.net/g/referrals/v1/flights/day-view/?origin=wars&destination=bcn&outboundDate=2026-06-08&inboundDate=2026-06-13&market=PL&locale=pl-PL&currency=PLN&mediaPartnerId=6439681
Warszawa,Barcelona,Hiszpania,Warszawa,2026-05-26,2026-06-02,7,179,63,242,WARS,BCN,WARS,wizzair,wizzair,PLN,EUR,https://www.skyscanner.net/g/referrals/v1/flights/day-view/?origin=wars&destination=bcn&outboundDate=2026-05-26&inboundDate=2026-06-02&market=PL&locale=pl-PL&currency=PLN&mediaPartnerId=6439681
Warszawa,Bukareszt,Rumunia,Warszawa,2026-08-17,2026-08-20,3,89,155,244,WARS,BUCH,WARS,wizzair,wizzair,PLN,RON,https://www.skyscanner.net/g/referrals/v1/flights/day-view/?origin=wars&destination=buch&outboundDate=2026-08-17&inboundDate=2026-08-20&market=PL&locale=pl-PL&currency=PLN&mediaPartnerId=6439681
Warszawa,Bukareszt,Rumunia,Warszawa,2026-08-09,2026-08-12,3,139,106,245,WARS,BUCH,WARS,wizzair,wizzair,PLN,RON,https://www.skyscanner.net/g/referrals/v1/flights/day-view/?origin=wars&destination=buch&outboundDate=2026-08-09&inboundDate=2026-08-12&market=PL&locale=pl-PL&currency=PLN&mediaPartnerId=6439681
Warszawa,Charleroi,Belgia,Warszawa,2026-08-28,2026-08-31,3,145,112,257,WARS,CRL,WARS,ryanair,ryanair,PLN,PLN,https://www.skyscanner.net/g/referrals/v1/flights/day-view/?origin=wars&destination=crl&outboundDate=2026-08-28&inboundDate=2026-08-31&market=PL&locale=pl-PL&currency=PLN&mediaPartnerId=6439681
Warszawa,Manchester,Wielka Brytania,Warszawa,2026-06-08,2026-06-15,7,136,123,259,WARS,MAN,WARS,ryanair,ryanair,PLN,PLN,https://www.skyscanner.net/g/referrals/v1/flights/day-view/?origin=wars&destination=man&outboundDate=2026-06-08&inboundDate=2026-06-15&market=PL&locale=pl-PL&currency=PLN&mediaPartnerId=6439681
Warszawa,Barcelona,Hiszpania,Warszawa,2026-06-08,2026-06-12,4,69,195,264,WARS,BCN,WARS,wizzair,wizzair,PLN,EUR,https://www.skyscanner.net/g/referrals/v1/flights/day-view/?origin=wars&destination=bcn&outboundDate=2026-06-08&inboundDate=2026-06-12&market=PL&locale=pl-PL&currency=PLN&mediaPartnerId=6439681
Warszawa,Barcelona,Hiszpania,Warszawa,2026-06-08,2026-06-15,7,69,195,264,WARS,BCN,WARS,wizzair,wizzair,PLN,EUR,https://www.skyscanner.net/g/referrals/v1/flights/day-view/?origin=wars&destination=bcn&outboundDate=2026-06-08&inboundDate=2026-06-15&market=PL&locale=pl-PL&currency=PLN&mediaPartnerId=6439681
Warszawa,Manchester,Wielka Brytania,Warszawa,2026-06-08,2026-06-14,6,136,129,265,WARS,MAN,WARS,ryanair,ryanair,PLN,PLN,https://www.skyscanner.net/g/referrals/v1/flights/day-view/?origin=wars&destination=man&outboundDate=2026-06-08&inboundDate=2026-06-14&market=PL&locale=pl-PL&currency=PLN&mediaPartnerId=6439681
Warszawa,Manchester,Wielka Brytania,Warszawa,2026-05-15,2026-05-17,2,161,108,269,WARS,MAN,WARS,ryanair,ryanair,PLN,PLN,https://www.skyscanner.net/g/referrals/v1/flights/day-view/?origin=wars&destination=man&outboundDate=2026-05-15&inboundDate=2026-05-17&market=PL&locale=pl-PL&currency=PLN&mediaPartnerId=6439681
Warszawa,Charleroi,Belgia,Warszawa,2026-08-28,2026-08-30,2,145,127,272,WARS,CRL,WARS,ryanair,ryanair,PLN,PLN,https://www.skyscanner.net/g/referrals/v1/flights/day-view/?origin=wars&destination=crl&outboundDate=2026-08-28&inboundDate=2026-08-30&market=PL&locale=pl-PL&currency=PLN&mediaPartnerId=6439681
Warszawa,Charleroi,Belgia,Warszawa,2026-08-24,2026-08-31,7,161,112,273,WARS,CRL,WARS,ryanair,ryanair,PLN,PLN,https://www.skyscanner.net/g/referrals/v1/flights/day-view/?origin=wars&destination=crl&outboundDate=2026-08-24&inboundDate=2026-08-31&market=PL&locale=pl-PL&currency=PLN&mediaPartnerId=6439681
Warszawa,Charleroi,Belgia,Warszawa,2026-07-27,2026-08-02,6,104,178,282,WARS,CRL,WARS,ryanair,ryanair,PLN,PLN,https://www.skyscanner.net/g/referrals/v1/flights/day-view/?origin=wars&destination=crl&outboundDate=2026-07-27&inboundDate=2026-08-02&market=PL&locale=pl-PL&currency=PLN&mediaPartnerId=6439681
Warszawa,Manchester,Wielka Brytania,Warszawa,2026-05-24,2026-05-31,7,150,133,283,WARS,MAN,WARS,ryanair,ryanair,PLN,PLN,https://www.skyscanner.net/g/referrals/v1/flights/day-view/?origin=wars&destination=man&outboundDate=2026-05-24&inboundDate=2026-05-31&market=PL&locale=pl-PL&currency=PLN&mediaPartnerId=6439681
Warszawa,Manchester,Wielka Brytania,Warszawa,2026-06-12,2026-06-15,3,161,123,284,WARS,MAN,WARS,ryanair,ryanair,PLN,PLN,https://www.skyscanner.net/g/referrals/v1/flights/day-view/?origin=wars&destination=man&outboundDate=2026-06-12&inboundDate=2026-06-15&market=PL&locale=pl-PL&currency=PLN&mediaPartnerId=6439681
Warszawa,Manchester,Wielka Brytania,Warszawa,2026-06-19,2026-06-22,3,108,177,285,WARS,MAN,WARS,ryanair,ryanair,PLN,PLN,https://www.skyscanner.net/g/referrals/v1/flights/day-view/?origin=wars&destination=man&outboundDate=2026-06-19&inboundDate=2026-06-22&market=PL&locale=pl-PL&currency=PLN&mediaPartnerId=6439681
Warszawa,Charleroi,Belgia,Warszawa,2026-08-24,2026-08-30,6,161,127,288,WARS,CRL,WARS,ryanair,ryanair,PLN,PLN,https://www.skyscanner.net/g/referrals/v1/flights/day-view/?origin=wars&destination=crl&outboundDate=2026-08-24&inboundDate=2026-08-30&market=PL&locale=pl-PL&currency=PLN&mediaPartnerId=6439681
Warszawa,Manchester,Wielka Brytania,Warszawa,2026-06-12,2026-06-14,2,161,129,290,WARS,MAN,WARS,ryanair,ryanair,PLN,PLN,https://www.skyscanner.net/g/referrals/v1/flights/day-view/?origin=wars&destination=man&outboundDate=2026-06-12&inboundDate=2026-06-14&market=PL&locale=pl-PL&currency=PLN&mediaPartnerId=6439681
Warszawa,Charleroi,Belgia,Warszawa,2026-05-24,2026-05-31,7,208,89,297,WARS,CRL,WARS,ryanair,ryanair,PLN,PLN,https://www.skyscanner.net/g/referrals/v1/flights/day-view/?origin=wars&destination=crl&outboundDate=2026-05-24&inboundDate=2026-05-31&market=PL&locale=pl-PL&currency=PLN&mediaPartnerId=6439681
Warszawa,Charleroi,Belgia,Warszawa,2026-05-29,2026-05-31,2,212,89,301,WARS,CRL,WARS,ryanair,ryanair,PLN,PLN,https://www.skyscanner.net/g/referrals/v1/flights/day-view/?origin=wars&destination=crl&outboundDate=2026-05-29&inboundDate=2026-05-31&market=PL&locale=pl-PL&currency=PLN&mediaPartnerId=6439681
Warszawa,Charleroi,Belgia,Warszawa,2026-08-24,2026-08-28,4,161,140,301,WARS,CRL,WARS,ryanair,ryanair,PLN,PLN,https://www.skyscanner.net/g/referrals/v1/flights/day-view/?origin=wars&destination=crl&outboundDate=2026-08-24&inboundDate=2026-08-28&market=PL&locale=pl-PL&currency=PLN&mediaPartnerId=6439681
Warszawa,Charleroi,Belgia,Warszawa,2026-07-31,2026-08-07,7,141,161,302,WARS,CRL,WARS,ryanair,ryanair,PLN,PLN,https://www.skyscanner.net/g/referrals/v1/flights/day-view/?origin=wars&destination=crl&outboundDate=2026-07-31&inboundDate=2026-08-07&market=PL&locale=pl-PL&currency=PLN&mediaPartnerId=6439681
Warszawa,Bukareszt,Rumunia,Warszawa,2026-07-30,2026-08-05,6,109,196,305,WARS,BUCH,WARS,wizzair,wizzair,PLN,RON,https://www.skyscanner.net/g/referrals/v1/flights/day-view/?origin=wars&destination=buch&outboundDate=2026-07-30&inboundDate=2026-08-05&market=PL&locale=pl-PL&currency=PLN&mediaPartnerId=6439681
Warszawa,Manchester,Wielka Brytania,Warszawa,2026-05-15,2026-05-18,3,161,152,313,WARS,MAN,WARS,ryanair,ryanair,PLN,PLN,https://www.skyscanner.net/g/referrals/v1/flights/day-view/?origin=wars&destination=man&outboundDate=2026-05-15&inboundDate=2026-05-18&market=PL&locale=pl-PL&currency=PLN&mediaPartnerId=6439681
Warszawa,Bukareszt,Rumunia,Warszawa,2026-08-14,2026-08-20,6,159,155,314,WARS,BUCH,WARS,wizzair,wizzair,PLN,RON,https://www.skyscanner.net/g/referrals/v1/flights/day-view/?origin=wars&destination=buch&outboundDate=2026-08-14&inboundDate=2026-08-20&market=PL&locale=pl-PL&currency=PLN&mediaPartnerId=6439681
Warszawa,Bukareszt,Rumunia,Warszawa,2026-08-14,2026-08-17,3,159,155,314,WARS,BUCH,WARS,wizzair,wizzair,PLN,RON,https://www.skyscanner.net/g/referrals/v1/flights/day-view/?origin=wars&destination=buch&outboundDate=2026-08-14&inboundDate=2026-08-17&market=PL&locale=pl-PL&currency=PLN&mediaPartnerId=6439681
Warszawa,Manchester,Wielka Brytania,Warszawa,2026-05-25,2026-05-31,6,184,133,317,WARS,MAN,WARS,ryanair,ryanair,PLN,PLN,https://www.skyscanner.net/g/referrals/v1/flights/day-view/?origin=wars&destination=man&outboundDate=2026-05-25&inboundDate=2026-05-31&market=PL&locale=pl-PL&currency=PLN&mediaPartnerId=6439681
Warszawa,Bukareszt,Rumunia,Warszawa,2026-07-30,2026-08-06,7,109,212,321,WARS,BUCH,WARS,wizzair,wizzair,PLN,RON,https://www.skyscanner.net/g/referrals/v1/flights/day-view/?origin=wars&destination=buch&outboundDate=2026-07-30&inboundDate=2026-08-06&market=PL&locale=pl-PL&currency=PLN&mediaPartnerId=6439681
Warszawa,Charleroi,Belgia,Warszawa,2026-07-27,2026-07-31,4,104,217,321,WARS,CRL,WARS,ryanair,ryanair,PLN,PLN,https://www.skyscanner.net/g/referrals/v1/flights/day-view/?origin=wars&destination=crl&outboundDate=2026-07-27&inboundDate=2026-07-31&market=PL&locale=pl-PL&currency=PLN&mediaPartnerId=6439681
Warszawa,Barcelona,Hiszpania,Warszawa,2026-05-27,2026-06-02,6,269,63,332,WARS,BCN,WARS,wizzair,wizzair,PLN,EUR,https://www.skyscanner.net/g/referrals/v1/flights/day-view/?origin=wars&destination=bcn&outboundDate=2026-05-27&inboundDate=2026-06-02&market=PL&locale=pl-PL&currency=PLN&mediaPartnerId=6439681
Warszawa,Manchester,Wielka Brytania,Warszawa,2026-05-18,2026-05-25,7,108,231,339,WARS,MAN,WARS,ryanair,ryanair,PLN,PLN,https://www.skyscanner.net/g/referrals/v1/flights/day-view/?origin=wars&destination=man&outboundDate=2026-05-18&inboundDate=2026-05-25&market=PL&locale=pl-PL&currency=PLN&mediaPartnerId=6439681
Warszawa,Charleroi,Belgia,Warszawa,2026-07-26,2026-07-31,5,129,217,346,WARS,CRL,WARS,ryanair,ryanair,PLN,PLN,https://www.skyscanner.net/g/referrals/v1/flights/day-view/?origin=wars&destination=crl&outboundDate=2026-07-26&inboundDate=2026-07-31&market=PL&locale=pl-PL&currency=PLN&mediaPartnerId=6439681
Warszawa,Barcelona,Hiszpania,Warszawa,2026-07-26,2026-07-28,2,179,170,349,WARS,BCN,WARS,wizzair,wizzair,PLN,EUR,https://www.skyscanner.net/g/referrals/v1/flights/day-view/?origin=wars&destination=bcn&outboundDate=2026-07-26&inboundDate=2026-07-28&market=PL&locale=pl-PL&currency=PLN&mediaPartnerId=6439681
Warszawa,Barcelona,Hiszpania,Warszawa,2026-07-25,2026-07-28,3,179,170,349,WARS,BCN,WARS,wizzair,wizzair,PLN,EUR,https://www.skyscanner.net/g/referrals/v1/flights/day-view/?origin=wars&destination=bcn&outboundDate=2026-07-25&inboundDate=2026-07-28&market=PL&locale=pl-PL&currency=PLN&mediaPartnerId=6439681
Warszawa,Barcelona,Hiszpania,Warszawa,2026-07-17,2026-07-21,4,179,170,349,WARS,BCN,WARS,wizzair,wizzair,PLN,EUR,https://www.skyscanner.net/g/referrals/v1/flights/day-view/?origin=wars&destination=bcn&outboundDate=2026-07-17&inboundDate=2026-07-21&market=PL&locale=pl-PL&currency=PLN&mediaPartnerId=6439681
Warszawa,Barcelona,Hiszpania,Warszawa,2026-07-24,2026-07-28,4,179,170,349,WARS,BCN,WARS,wizzair,wizzair,PLN,EUR,https://www.skyscanner.net/g/referrals/v1/flights/day-view/?origin=wars&destination=bcn&outboundDate=2026-07-24&inboundDate=2026-07-28&market=PL&locale=pl-PL&currency=PLN&mediaPartnerId=6439681
Warszawa,Barcelona,Hiszpania,Warszawa,2026-07-22,2026-07-25,3,179,170,349,WARS,BCN,WARS,wizzair,wizzair,PLN,EUR,https://www.skyscanner.net/g/referrals/v1/flights/day-view/?origin=wars&destination=bcn&outboundDate=2026-07-22&inboundDate=2026-07-25&market=PL&locale=pl-PL&currency=PLN&mediaPartnerId=6439681
Warszawa,Barcelona,Hiszpania,Warszawa,2026-07-20,2026-07-25,5,179,170,349,WARS,BCN,WARS,wizzair,wizzair,PLN,EUR,https://www.skyscanner.net/g/referrals/v1/flights/day-view/?origin=wars&destination=bcn&outboundDate=2026-07-20&inboundDate=2026-07-25&market=PL&locale=pl-PL&currency=PLN&mediaPartnerId=6439681
Warszawa,Barcelona,Hiszpania,Warszawa,2026-07-21,2026-07-28,7,179,170,349,WARS,BCN,WARS,wizzair,wizzair,PLN,EUR,https://www.skyscanner.net/g/referrals/v1/flights/day-view/?origin=wars&destination=bcn&outboundDate=2026-07-21&inboundDate=2026-07-28&market=PL&locale=pl-PL&currency=PLN&mediaPartnerId=6439681
Warszawa,Barcelona,Hiszpania,Warszawa,2026-06-10,2026-06-14,4,179,170,349,WARS,BCN,WARS,wizzair,wizzair,PLN,EUR,https://www.skyscanner.net/g/referrals/v1/flights/day-view/?origin=wars&destination=bcn&outboundDate=2026-06-10&inboundDate=2026-06-14&market=PL&locale=pl-PL&currency=PLN&mediaPartnerId=6439681
Warszawa,Barcelona,Hiszpania,Warszawa,2026-06-15,2026-06-18,3,179,170,349,WARS,BCN,WARS,wizzair,wizzair,PLN,EUR,https://www.skyscanner.net/g/referrals/v1/flights/day-view/?origin=wars&destination=bcn&outboundDate=2026-06-15&inboundDate=2026-06-18&market=PL&locale=pl-PL&currency=PLN&mediaPartnerId=6439681
Warszawa,Barcelona,Hiszpania,Warszawa,2026-06-15,2026-06-17,2,179,170,349,WARS,BCN,WARS,wizzair,wizzair,PLN,EUR,https://www.skyscanner.net/g/referrals/v1/flights/day-view/?origin=wars&destination=bcn&outboundDate=2026-06-15&inboundDate=2026-06-17&market=PL&locale=pl-PL&currency=PLN&mediaPartnerId=6439681
Warszawa,Barcelona,Hiszpania,Warszawa,2026-06-10,2026-06-17,7,179,170,349,WARS,BCN,WARS,wizzair,wizzair,PLN,EUR,https://www.skyscanner.net/g/referrals/v1/flights/day-view/?origin=wars&destination=bcn&outboundDate=2026-06-10&inboundDate=2026-06-17&market=PL&locale=pl-PL&currency=PLN&mediaPartnerId=6439681
Warszawa,Barcelona,Hiszpania,Warszawa,2026-06-10,2026-06-13,3,179,170,349,WARS,BCN,WARS,wizzair,wizzair,PLN,EUR,https://www.skyscanner.net/g/referrals/v1/flights/day-view/?origin=wars&destination=bcn&outboundDate=2026-06-10&inboundDate=2026-06-13&market=PL&locale=pl-PL&currency=PLN&mediaPartnerId=6439681
Warszawa,Barcelona,Hiszpania,Warszawa,2026-06-16,2026-06-23,7,179,170,349,WARS,BCN,WARS,wizzair,wizzair,PLN,EUR,https://www.skyscanner.net/g/referrals/v1/flights/day-view/?origin=wars&destination=bcn&outboundDate=2026-06-16&inboundDate=2026-06-23&market=PL&locale=pl-PL&currency=PLN&mediaPartnerId=6439681
Warszawa,Barcelona,Hiszpania,Warszawa,2026-06-16,2026-06-19,3,179,170,349,WARS,BCN,WARS,wizzair,wizzair,PLN,EUR,https://www.skyscanner.net/g/referrals/v1/flights/day-view/?origin=wars&destination=bcn&outboundDate=2026-06-16&inboundDate=2026-06-19&market=PL&locale=pl-PL&currency=PLN&mediaPartnerId=6439681
Warszawa,Barcelona,Hiszpania,Warszawa,2026-06-16,2026-06-18,2,179,170,349,WARS,BCN,WARS,wizzair,wizzair,PLN,EUR,https://www.skyscanner.net/g/referrals/v1/flights/day-view/?origin=wars&destination=bcn&outboundDate=2026-06-16&inboundDate=2026-06-18&market=PL&locale=pl-PL&currency=PLN&mediaPartnerId=6439681
Warszawa,Barcelona,Hiszpania,Warszawa,2026-06-15,2026-06-19,4,179,170,349,WARS,BCN,WARS,wizzair,wizzair,PLN,EUR,https://www.skyscanner.net/g/referrals/v1/flights/day-view/?origin=wars&destination=bcn&outboundDate=2026-06-15&inboundDate=2026-06-19&market=PL&locale=pl-PL&currency=PLN&mediaPartnerId=6439681
Warszawa,Barcelona,Hiszpania,Warszawa,2026-06-09,2026-06-11,2,179,170,349,WARS,BCN,WARS,wizzair,wizzair,PLN,EUR,https://www.skyscanner.net/g/referrals/v1/flights/day-view/?origin=wars&destination=bcn&outboundDate=2026-06-09&inboundDate=2026-06-11&market=PL&locale=pl-PL&currency=PLN&mediaPartnerId=6439681
Warszawa,Barcelona,Hiszpania,Warszawa,2026-06-09,2026-06-13,4,179,170,349,WARS,BCN,WARS,wizzair,wizzair,PLN,EUR,https://www.skyscanner.net/g/referrals/v1/flights/day-view/?origin=wars&destination=bcn&outboundDate=2026-06-09&inboundDate=2026-06-13&market=PL&locale=pl-PL&currency=PLN&mediaPartnerId=6439681
Warszawa,Barcelona,Hiszpania,Warszawa,2026-06-09,2026-06-14,5,179,170,349,WARS,BCN,WARS,wizzair,wizzair,PLN,EUR,https://www.skyscanner.net/g/referrals/v1/flights/day-view/?origin=wars&destination=bcn&outboundDate=2026-06-09&inboundDate=2026-06-14&market=PL&locale=pl-PL&currency=PLN&mediaPartnerId=6439681
Warszawa,Barcelona,Hiszpania,Warszawa,2026-06-06,2026-06-13,7,179,170,349,WARS,BCN,WARS,wizzair,wizzair,PLN,EUR,https://www.skyscanner.net/g/referrals/v1/flights/day-view/?origin=wars&destination=bcn&outboundDate=2026-06-06&inboundDate=2026-06-13&market=PL&locale=pl-PL&currency=PLN&mediaPartnerId=6439681
Warszawa,Barcelona,Hiszpania,Warszawa,2026-06-06,2026-06-10,4,179,170,349,WARS,BCN,WARS,wizzair,wizzair,PLN,EUR,https://www.skyscanner.net/g/referrals/v1/flights/day-view/?origin=wars&destination=bcn&outboundDate=2026-06-06&inboundDate=2026-06-10&market=PL&locale=pl-PL&currency=PLN&mediaPartnerId=6439681
Warszawa,Barcelona,Hiszpania,Warszawa,2026-06-06,2026-06-11,5,179,170,349,WARS,BCN,WARS,wizzair,wizzair,PLN,EUR,https://www.skyscanner.net/g/referrals/v1/flights/day-view/?origin=wars&destination=bcn&outboundDate=2026-06-06&inboundDate=2026-06-11&market=PL&locale=pl-PL&currency=PLN&mediaPartnerId=6439681
Warszawa,Barcelona,Hiszpania,Warszawa,2026-06-07,2026-06-11,4,179,170,349,WARS,BCN,WARS,wizzair,wizzair,PLN,EUR,https://www.skyscanner.net/g/referrals/v1/flights/day-view/?origin=wars&destination=bcn&outboundDate=2026-06-07&inboundDate=2026-06-11&market=PL&locale=pl-PL&currency=PLN&mediaPartnerId=6439681
Warszawa,Barcelona,Hiszpania,Warszawa,2026-06-07,2026-06-10,3,179,170,349,WARS,BCN,WARS,wizzair,wizzair,PLN,EUR,https://www.skyscanner.net/g/referrals/v1/flights/day-view/?origin=wars&destination=bcn&outboundDate=2026-06-07&inboundDate=2026-06-10&market=PL&locale=pl-PL&currency=PLN&mediaPartnerId=6439681
Warszawa,Barcelona,Hiszpania,Warszawa,2026-05-26,2026-05-28,2,179,170,349,WARS,BCN,WARS,wizzair,wizzair,PLN,EUR,https://www.skyscanner.net/g/referrals/v1/flights/day-view/?origin=wars&destination=bcn&outboundDate=2026-05-26&inboundDate=2026-05-28&market=PL&locale=pl-PL&currency=PLN&mediaPartnerId=6439681
Warszawa,Barcelona,Hiszpania,Warszawa,2026-06-18,2026-06-23,5,179,170,349,WARS,BCN,WARS,wizzair,wizzair,PLN,EUR,https://www.skyscanner.net/g/referrals/v1/flights/day-view/?origin=wars&destination=bcn&outboundDate=2026-06-18&inboundDate=2026-06-23&market=PL&locale=pl-PL&currency=PLN&mediaPartnerId=6439681
Warszawa,Barcelona,Hiszpania,Warszawa,2026-06-07,2026-06-14,7,179,170,349,WARS,BCN,WARS,wizzair,wizzair,PLN,EUR,https://www.skyscanner.net/g/referrals/v1/flights/day-view/?origin=wars&destination=bcn&outboundDate=2026-06-07&inboundDate=2026-06-14&market=PL&locale=pl-PL&currency=PLN&mediaPartnerId=6439681
Warszawa,Barcelona,Hiszpania,Warszawa,2026-06-07,2026-06-13,6,179,170,349,WARS,BCN,WARS,wizzair,wizzair,PLN,EUR,https://www.skyscanner.net/g/referrals/v1/flights/day-view/?origin=wars&destination=bcn&outboundDate=2026-06-07&inboundDate=2026-06-13&market=PL&locale=pl-PL&currency=PLN&mediaPartnerId=6439681
Warszawa,Barcelona,Hiszpania,Warszawa,2026-07-22,2026-07-28,6,179,170,349,WARS,BCN,WARS,wizzair,wizzair,PLN,EUR,https://www.skyscanner.net/g/referrals/v1/flights/day-view/?origin=wars&destination=bcn&outboundDate=2026-07-22&inboundDate=2026-07-28&market=PL&locale=pl-PL&currency=PLN&mediaPartnerId=6439681
Warszawa,Barcelona,Hiszpania,Warszawa,2026-07-21,2026-07-25,4,179,170,349,WARS,BCN,WARS,wizzair,wizzair,PLN,EUR,https://www.skyscanner.net/g/referrals/v1/flights/day-view/?origin=wars&destination=bcn&outboundDate=2026-07-21&inboundDate=2026-07-25&market=PL&locale=pl-PL&currency=PLN&mediaPartnerId=6439681
Warszawa,Barcelona,Hiszpania,Warszawa,2026-06-21,2026-06-23,2,179,170,349,WARS,BCN,WARS,wizzair,wizzair,PLN,EUR,https://www.skyscanner.net/g/referrals/v1/flights/day-view/?origin=wars&destination=bcn&outboundDate=2026-06-21&inboundDate=2026-06-23&market=PL&locale=pl-PL&currency=PLN&mediaPartnerId=6439681
Warszawa,Barcelona,Hiszpania,Warszawa,2026-07-14,2026-07-21,7,179,170,349,WARS,BCN,WARS,wizzair,wizzair,PLN,EUR,https://www.skyscanner.net/g/referrals/v1/flights/day-view/?origin=wars&destination=bcn&outboundDate=2026-07-14&inboundDate=2026-07-21&market=PL&locale=pl-PL&currency=PLN&mediaPartnerId=6439681
Warszawa,Bukareszt,Rumunia,Warszawa,2026-08-19,2026-08-26,7,89,262,351,WARS,BUCH,WARS,wizzair,wizzair,PLN,RON,https://www.skyscanner.net/g/referrals/v1/flights/day-view/?origin=wars&destination=buch&outboundDate=2026-08-19&inboundDate=2026-08-26&market=PL&locale=pl-PL&currency=PLN&mediaPartnerId=6439681
Warszawa,Bukareszt,Rumunia,Warszawa,2026-08-17,2026-08-23,6,89,262,351,WARS,BUCH,WARS,wizzair,wizzair,PLN,RON,https://www.skyscanner.net/g/referrals/v1/flights/day-view/?origin=wars&destination=buch&outboundDate=2026-08-17&inboundDate=2026-08-23&market=PL&locale=pl-PL&currency=PLN&mediaPartnerId=6439681
Warszawa,Bukareszt,Rumunia,Warszawa,2026-08-09,2026-08-13,4,139,212,351,WARS,BUCH,WARS,wizzair,wizzair,PLN,RON,https://www.skyscanner.net/g/referrals/v1/flights/day-view/?origin=wars&destination=buch&outboundDate=2026-08-09&inboundDate=2026-08-13&market=PL&locale=pl-PL&currency=PLN&mediaPartnerId=6439681
Warszawa,Bukareszt,Rumunia,Warszawa,2026-08-19,2026-08-23,4,89,262,351,WARS,BUCH,WARS,wizzair,wizzair,PLN,RON,https://www.skyscanner.net/g/referrals/v1/flights/day-view/?origin=wars&destination=buch&outboundDate=2026-08-19&inboundDate=2026-08-23&market=PL&locale=pl-PL&currency=PLN&mediaPartnerId=6439681
Warszawa,Manchester,Wielka Brytania,Warszawa,2026-07-03,2026-07-06,3,80,271,351,WARS,MAN,WARS,ryanair,ryanair,PLN,PLN,https://www.skyscanner.net/g/referrals/v1/flights/day-view/?origin=wars&destination=man&outboundDate=2026-07-03&inboundDate=2026-07-06&market=PL&locale=pl-PL&currency=PLN&mediaPartnerId=6439681
Warszawa,Barcelona,Hiszpania,Warszawa,2026-05-30,2026-06-02,3,289,63,352,WARS,BCN,WARS,wizzair,wizzair,PLN,EUR,https://www.skyscanner.net/g/referrals/v1/flights/day-view/?origin=wars&destination=bcn&outboundDate=2026-05-30&inboundDate=2026-06-02&market=PL&locale=pl-PL&currency=PLN&mediaPartnerId=6439681
Warszawa,Malaga,Hiszpania,Warszawa,2026-05-19,2026-05-26,7,182,170,352,WARS,AGP,WARS,ryanair,ryanair,PLN,PLN,https://www.skyscanner.net/g/referrals/v1/flights/day-view/?origin=wars&destination=agp&outboundDate=2026-05-19&inboundDate=2026-05-26&market=PL&locale=pl-PL&currency=PLN&mediaPartnerId=6439681
Warszawa,Bukareszt,Rumunia,Warszawa,2026-07-29,2026-08-05,7,159,196,355,WARS,BUCH,WARS,wizzair,wizzair,PLN,RON,https://www.skyscanner.net/g/referrals/v1/flights/day-view/?origin=wars&destination=buch&outboundDate=2026-07-29&inboundDate=2026-08-05&market=PL&locale=pl-PL&currency=PLN&mediaPartnerId=6439681
Warszawa,Bukareszt,Rumunia,Warszawa,2026-08-02,2026-08-05,3,159,196,355,WARS,BUCH,WARS,wizzair,wizzair,PLN,RON,https://www.skyscanner.net/g/referrals/v1/flights/day-view/?origin=wars&destination=buch&outboundDate=2026-08-02&inboundDate=2026-08-05&market=PL&locale=pl-PL&currency=PLN&mediaPartnerId=6439681
Warszawa,Bukareszt,Rumunia,Warszawa,2026-08-03,2026-08-05,2,159,196,355,WARS,BUCH,WARS,wizzair,wizzair,PLN,RON,https://www.skyscanner.net/g/referrals/v1/flights/day-view/?origin=wars&destination=buch&outboundDate=2026-08-03&inboundDate=2026-08-05&market=PL&locale=pl-PL&currency=PLN&mediaPartnerId=6439681
Warszawa,Bukareszt,Rumunia,Warszawa,2026-08-03,2026-08-10,7,159,196,355,WARS,BUCH,WARS,wizzair,wizzair,PLN,RON,https://www.skyscanner.net/g/referrals/v1/flights/day-view/?origin=wars&destination=buch&outboundDate=2026-08-03&inboundDate=2026-08-10&market=PL&locale=pl-PL&currency=PLN&mediaPartnerId=6439681
Warszawa,Charleroi,Belgia,Warszawa,2026-07-24,2026-07-31,7,140,217,357,WARS,CRL,WARS,ryanair,ryanair,PLN,PLN,https://www.skyscanner.net/g/referrals/v1/flights/day-view/?origin=wars&destination=crl&outboundDate=2026-07-24&inboundDate=2026-07-31&market=PL&locale=pl-PL&currency=PLN&mediaPartnerId=6439681
Warszawa,Malaga,Hiszpania,Warszawa,2026-05-12,2026-05-19,7,139,221,360,WARS,AGP,WARS,ryanair,ryanair,PLN,PLN,https://www.skyscanner.net/g/referrals/v1/flights/day-view/?origin=wars&destination=agp&outboundDate=2026-05-12&inboundDate=2026-05-19&market=PL&locale=pl-PL&currency=PLN&mediaPartnerId=6439681
Warszawa,Manchester,Wielka Brytania,Warszawa,2026-05-18,2026-05-24,6,108,252,360,WARS,MAN,WARS,ryanair,ryanair,PLN,PLN,https://www.skyscanner.net/g/referrals/v1/flights/day-view/?origin=wars&destination=man&outboundDate=2026-05-18&inboundDate=2026-05-24&market=PL&locale=pl-PL&currency=PLN&mediaPartnerId=6439681
Warszawa,Malaga,Hiszpania,Warszawa,2026-05-26,2026-06-02,7,219,144,363,WARS,AGP,WARS,wizzair,ryanair,PLN,PLN,https://www.skyscanner.net/g/referrals/v1/flights/day-view/?origin=wars&destination=agp&outboundDate=2026-05-26&inboundDate=2026-06-02&market=PL&locale=pl-PL&currency=PLN&mediaPartnerId=6439681
Warszawa,Malaga,Hiszpania,Warszawa,2026-05-28,2026-06-02,5,219,144,363,WARS,AGP,WARS,wizzair,ryanair,PLN,PLN,https://www.skyscanner.net/g/referrals/v1/flights/day-view/?origin=wars&destination=agp&outboundDate=2026-05-28&inboundDate=2026-06-02&market=PL&locale=pl-PL&currency=PLN&mediaPartnerId=6439681
Warszawa,Bukareszt,Rumunia,Warszawa,2026-08-13,2026-08-17,4,209,155,364,WARS,BUCH,WARS,wizzair,wizzair,PLN,RON,https://www.skyscanner.net/g/referrals/v1/flights/day-view/?origin=wars&destination=buch&outboundDate=2026-08-13&inboundDate=2026-08-17&market=PL&locale=pl-PL&currency=PLN&mediaPartnerId=6439681
Warszawa,Bukareszt,Rumunia,Warszawa,2026-08-13,2026-08-20,7,209,155,364,WARS,BUCH,WARS,wizzair,wizzair,PLN,RON,https://www.skyscanner.net/g/referrals/v1/flights/day-view/?origin=wars&destination=buch&outboundDate=2026-08-13&inboundDate=2026-08-20&market=PL&locale=pl-PL&currency=PLN&mediaPartnerId=6439681
Warszawa,Charleroi,Belgia,Warszawa,2026-07-24,2026-07-27,3,140,225,365,WARS,CRL,WARS,ryanair,ryanair,PLN,PLN,https://www.skyscanner.net/g/referrals/v1/flights/day-view/?origin=wars&destination=crl&outboundDate=2026-07-24&inboundDate=2026-07-27&market=PL&locale=pl-PL&currency=PLN&mediaPartnerId=6439681
Warszawa,Charleroi,Belgia,Warszawa,2026-07-10,2026-07-17,7,97,273,370,WARS,CRL,WARS,ryanair,ryanair,PLN,PLN,https://www.skyscanner.net/g/referrals/v1/flights/day-view/?origin=wars&destination=crl&outboundDate=2026-07-10&inboundDate=2026-07-17&market=PL&locale=pl-PL&currency=PLN&mediaPartnerId=6439681
Warszawa,Malaga,Hiszpania,Warszawa,2026-06-13,2026-06-16,3,188,182,370,WARS,AGP,WARS,ryanair,ryanair,PLN,PLN,https://www.skyscanner.net/g/referrals/v1/flights/day-view/?origin=wars&destination=agp&outboundDate=2026-06-13&inboundDate=2026-06-16&market=PL&locale=pl-PL&currency=PLN&mediaPartnerId=6439681
Warszawa,Leeds,Wielka Brytania,Warszawa,2026-07-04,2026-07-06,2,80,290,370,WARS,LBA,WARS,ryanair,ryanair,PLN,PLN,https://www.skyscanner.net/g/referrals/v1/flights/day-view/?origin=wars&destination=lba&outboundDate=2026-07-04&inboundDate=2026-07-06&market=PL&locale=pl-PL&currency=PLN&mediaPartnerId=6439681
Warszawa,Bukareszt,Rumunia,Warszawa,2026-08-02,2026-08-07,5,159,212,371,WARS,BUCH,WARS,wizzair,wizzair,PLN,RON,https://www.skyscanner.net/g/referrals/v1/flights/day-view/?origin=wars&destination=buch&outboundDate=2026-08-02&inboundDate=2026-08-07&market=PL&locale=pl-PL&currency=PLN&mediaPartnerId=6439681
Warszawa,Bukareszt,Rumunia,Warszawa,2026-08-03,2026-08-06,3,159,212,371,WARS,BUCH,WARS,wizzair,wizzair,PLN,RON,https://www.skyscanner.net/g/referrals/v1/flights/day-view/?origin=wars&destination=buch&outboundDate=2026-08-03&inboundDate=2026-08-06&market=PL&locale=pl-PL&currency=PLN&mediaPartnerId=6439681
Warszawa,Bukareszt,Rumunia,Warszawa,2026-08-02,2026-08-06,4,159,212,371,WARS,BUCH,WARS,wizzair,wizzair,PLN,RON,https://www.skyscanner.net/g/referrals/v1/flights/day-view/?origin=wars&destination=buch&outboundDate=2026-08-02&inboundDate=2026-08-06&market=PL&locale=pl-PL&currency=PLN&mediaPartnerId=6439681
Warszawa,Barcelona,Hiszpania,Warszawa,2026-05-28,2026-06-02,5,309,63,372,WARS,BCN,WARS,wizzair,wizzair,PLN,EUR,https://www.skyscanner.net/g/referrals/v1/flights/day-view/?origin=wars&destination=bcn&outboundDate=2026-05-28&inboundDate=2026-06-02&market=PL&locale=pl-PL&currency=PLN&mediaPartnerId=6439681
Warszawa,Charleroi,Belgia,Warszawa,2026-07-24,2026-07-26,2,140,232,372,WARS,CRL,WARS,ryanair,ryanair,PLN,PLN,https://www.skyscanner.net/g/referrals/v1/flights/day-view/?origin=wars&destination=crl&outboundDate=2026-07-24&inboundDate=2026-07-26&market=PL&locale=pl-PL&currency=PLN&mediaPartnerId=6439681
Warszawa,Barcelona,Hiszpania,Warszawa,2026-07-06,2026-07-08,2,179,195,374,WARS,BCN,WARS,wizzair,wizzair,PLN,EUR,https://www.skyscanner.net/g/referrals/v1/flights/day-view/?origin=wars&destination=bcn&outboundDate=2026-07-06&inboundDate=2026-07-08&market=PL&locale=pl-PL&currency=PLN&mediaPartnerId=6439681
Warszawa,Barcelona,Hiszpania,Warszawa,2026-07-05,2026-07-08,3,179,195,374,WARS,BCN,WARS,wizzair,wizzair,PLN,EUR,https://www.skyscanner.net/g/referrals/v1/flights/day-view/?origin=wars&destination=bcn&outboundDate=2026-07-05&inboundDate=2026-07-08&market=PL&locale=pl-PL&currency=PLN&mediaPartnerId=6439681
Warszawa,Barcelona,Hiszpania,Warszawa,2026-06-06,2026-06-12,6,179,195,374,WARS,BCN,WARS,wizzair,wizzair,PLN,EUR,https://www.skyscanner.net/g/referrals/v1/flights/day-view/?origin=wars&destination=bcn&outboundDate=2026-06-06&inboundDate=2026-06-12&market=PL&locale=pl-PL&currency=PLN&mediaPartnerId=6439681
Warszawa,Barcelona,Hiszpania,Warszawa,2026-06-07,2026-06-12,5,179,195,374,WARS,BCN,WARS,wizzair,wizzair,PLN,EUR,https://www.skyscanner.net/g/referrals/v1/flights/day-view/?origin=wars&destination=bcn&outboundDate=2026-06-07&inboundDate=2026-06-12&market=PL&locale=pl-PL&currency=PLN&mediaPartnerId=6439681
Warszawa,Barcelona,Hiszpania,Warszawa,2026-06-09,2026-06-15,6,179,195,374,WARS,BCN,WARS,wizzair,wizzair,PLN,EUR,https://www.skyscanner.net/g/referrals/v1/flights/day-view/?origin=wars&destination=bcn&outboundDate=2026-06-09&inboundDate=2026-06-15&market=PL&locale=pl-PL&currency=PLN&mediaPartnerId=6439681
Warszawa,Barcelona,Hiszpania,Warszawa,2026-06-09,2026-06-12,3,179,195,374,WARS,BCN,WARS,wizzair,wizzair,PLN,EUR,https://www.skyscanner.net/g/referrals/v1/flights/day-view/?origin=wars&destination=bcn&outboundDate=2026-06-09&inboundDate=2026-06-12&market=PL&locale=pl-PL&currency=PLN&mediaPartnerId=6439681
Warszawa,Barcelona,Hiszpania,Warszawa,2026-07-04,2026-07-08,4,179,195,374,WARS,BCN,WARS,wizzair,wizzair,PLN,EUR,https://www.skyscanner.net/g/referrals/v1/flights/day-view/?origin=wars&destination=bcn&outboundDate=2026-07-04&inboundDate=2026-07-08&market=PL&locale=pl-PL&currency=PLN&mediaPartnerId=6439681
Warszawa,Barcelona,Hiszpania,Warszawa,2026-07-03,2026-07-08,5,179,195,374,WARS,BCN,WARS,wizzair,wizzair,PLN,EUR,https://www.skyscanner.net/g/referrals/v1/flights/day-view/?origin=wars&destination=bcn&outboundDate=2026-07-03&inboundDate=2026-07-08&market=PL&locale=pl-PL&currency=PLN&mediaPartnerId=6439681
Warszawa,Barcelona,Hiszpania,Warszawa,2026-06-10,2026-06-12,2,179,195,374,WARS,BCN,WARS,wizzair,wizzair,PLN,EUR,https://www.skyscanner.net/g/referrals/v1/flights/day-view/?origin=wars&destination=bcn&outboundDate=2026-06-10&inboundDate=2026-06-12&market=PL&locale=pl-PL&currency=PLN&mediaPartnerId=6439681
Warszawa,Barcelona,Hiszpania,Warszawa,2026-05-26,2026-05-29,3,179,195,374,WARS,BCN,WARS,wizzair,wizzair,PLN,EUR,https://www.skyscanner.net/g/referrals/v1/flights/day-view/?origin=wars&destination=bcn&outboundDate=2026-05-26&inboundDate=2026-05-29&market=PL&locale=pl-PL&currency=PLN&mediaPartnerId=6439681
Warszawa,Manchester,Wielka Brytania,Warszawa,2026-07-03,2026-07-05,2,80,295,375,WARS,MAN,WARS,ryanair,ryanair,PLN,PLN,https://www.skyscanner.net/g/referrals/v1/flights/day-view/?origin=wars&destination=man&outboundDate=2026-07-03&inboundDate=2026-07-05&market=PL&locale=pl-PL&currency=PLN&mediaPartnerId=6439681
Warszawa,Malaga,Hiszpania,Warszawa,2026-05-16,2026-05-20,4,164,212,376,WARS,AGP,WARS,ryanair,wizzair,PLN,EUR,https://www.skyscanner.net/g/referrals/v1/flights/day-view/?origin=wars&destination=agp&outboundDate=2026-05-16&inboundDate=2026-05-20&market=PL&locale=pl-PL&currency=PLN&mediaPartnerId=6439681
Warszawa,Alicante,Hiszpania,Warszawa,2026-05-16,2026-05-21,5,164,212,376,WARS,ALC,WARS,ryanair,wizzair,PLN,EUR,https://www.skyscanner.net/g/referrals/v1/flights/day-view/?origin=wars&destination=alc&outboundDate=2026-05-16&inboundDate=2026-05-21&market=PL&locale=pl-PL&currency=PLN&mediaPartnerId=6439681
Warszawa,Malaga,Hiszpania,Warszawa,2026-05-16,2026-05-21,5,164,212,376,WARS,AGP,WARS,ryanair,wizzair,PLN,EUR,https://www.skyscanner.net/g/referrals/v1/flights/day-view/?origin=wars&destination=agp&outboundDate=2026-05-16&inboundDate=2026-05-21&market=PL&locale=pl-PL&currency=PLN&mediaPartnerId=6439681
Warszawa,Malaga,Hiszpania,Warszawa,2026-05-17,2026-05-20,3,165,212,377,WARS,AGP,WARS,ryanair,wizzair,PLN,EUR,https://www.skyscanner.net/g/referrals/v1/flights/day-view/?origin=wars&destination=agp&outboundDate=2026-05-17&inboundDate=2026-05-20&market=PL&locale=pl-PL&currency=PLN&mediaPartnerId=6439681
Warszawa,Malaga,Hiszpania,Warszawa,2026-05-17,2026-05-21,4,165,212,377,WARS,AGP,WARS,ryanair,wizzair,PLN,EUR,https://www.skyscanner.net/g/referrals/v1/flights/day-view/?origin=wars&destination=agp&outboundDate=2026-05-17&inboundDate=2026-05-21&market=PL&locale=pl-PL&currency=PLN&mediaPartnerId=6439681
Warszawa,Barcelona,Hiszpania,Warszawa,2026-07-23,2026-07-25,2,209,170,379,WARS,BCN,WARS,wizzair,wizzair,PLN,EUR,https://www.skyscanner.net/g/referrals/v1/flights/day-view/?origin=wars&destination=bcn&outboundDate=2026-07-23&inboundDate=2026-07-25&market=PL&locale=pl-PL&currency=PLN&mediaPartnerId=6439681
Warszawa,Barcelona,Hiszpania,Warszawa,2026-05-19,2026-05-26,7,209,170,379,WARS,BCN,WARS,wizzair,wizzair,PLN,EUR,https://www.skyscanner.net/g/referrals/v1/flights/day-view/?origin=wars&destination=bcn&outboundDate=2026-05-19&inboundDate=2026-05-26&market=PL&locale=pl-PL&currency=PLN&mediaPartnerId=6439681
Warszawa,Barcelona,Hiszpania,Warszawa,2026-07-23,2026-07-28,5,209,170,379,WARS,BCN,WARS,wizzair,wizzair,PLN,EUR,https://www.skyscanner.net/g/referrals/v1/flights/day-view/?origin=wars&destination=bcn&outboundDate=2026-07-23&inboundDate=2026-07-28&market=PL&locale=pl-PL&currency=PLN&mediaPartnerId=6439681
Warszawa,Barcelona,Hiszpania,Warszawa,2026-05-23,2026-05-27,4,209,170,379,WARS,BCN,WARS,wizzair,wizzair,PLN,EUR,https://www.skyscanner.net/g/referrals/v1/flights/day-view/?origin=wars&destination=bcn&outboundDate=2026-05-23&inboundDate=2026-05-27&market=PL&locale=pl-PL&currency=PLN&mediaPartnerId=6439681
Warszawa,Barcelona,Hiszpania,Warszawa,2026-05-23,2026-05-26,3,209,170,379,WARS,BCN,WARS,wizzair,wizzair,PLN,EUR,https://www.skyscanner.net/g/referrals/v1/flights/day-view/?origin=wars&destination=bcn&outboundDate=2026-05-23&inboundDate=2026-05-26&market=PL&locale=pl-PL&currency=PLN&mediaPartnerId=6439681
Warszawa,Barcelona,Hiszpania,Warszawa,2026-05-25,2026-05-27,2,209,170,379,WARS,BCN,WARS,wizzair,wizzair,PLN,EUR,https://www.skyscanner.net/g/referrals/v1/flights/day-view/?origin=wars&destination=bcn&outboundDate=2026-05-25&inboundDate=2026-05-27&market=PL&locale=pl-PL&currency=PLN&mediaPartnerId=6439681
Warszawa,Barcelona,Hiszpania,Warszawa,2026-05-23,2026-05-28,5,209,170,379,WARS,BCN,WARS,wizzair,wizzair,PLN,EUR,https://www.skyscanner.net/g/referrals/v1/flights/day-view/?origin=wars&destination=bcn&outboundDate=2026-05-23&inboundDate=2026-05-28&market=PL&locale=pl-PL&currency=PLN&mediaPartnerId=6439681
Warszawa,Barcelona,Hiszpania,Warszawa,2026-05-25,2026-05-28,3,209,170,379,WARS,BCN,WARS,wizzair,wizzair,PLN,EUR,https://www.skyscanner.net/g/referrals/v1/flights/day-view/?origin=wars&destination=bcn&outboundDate=2026-05-25&inboundDate=2026-05-28&market=PL&locale=pl-PL&currency=PLN&mediaPartnerId=6439681
Warszawa,Leeds,Wielka Brytania,Warszawa,2026-07-02,2026-07-04,2,131,251,382,WARS,LBA,WARS,ryanair,ryanair,PLN,PLN,https://www.skyscanner.net/g/referrals/v1/flights/day-view/?origin=wars&destination=lba&outboundDate=2026-07-02&inboundDate=2026-07-04&market=PL&locale=pl-PL&currency=PLN&mediaPartnerId=6439681
Warszawa,Malaga,Hiszpania,Warszawa,2026-06-02,2026-06-04,2,219,165,384,WARS,AGP,WARS,wizzair,ryanair,PLN,PLN,https://www.skyscanner.net/g/referrals/v1/flights/day-view/?origin=wars&destination=agp&outboundDate=2026-06-02&inboundDate=2026-06-04&market=PL&locale=pl-PL&currency=PLN&mediaPartnerId=6439681
Warszawa,Malaga,Hiszpania,Warszawa,2026-05-28,2026-06-04,7,219,165,384,WARS,AGP,WARS,wizzair,ryanair,PLN,PLN,https://www.skyscanner.net/g/referrals/v1/flights/day-view/?origin=wars&destination=agp&outboundDate=2026-05-28&inboundDate=2026-06-04&market=PL&locale=pl-PL&currency=PLN&mediaPartnerId=6439681
Warszawa,Malaga,Hiszpania,Warszawa,2026-05-16,2026-05-19,3,164,221,385,WARS,AGP,WARS,ryanair,ryanair,PLN,PLN,https://www.skyscanner.net/g/referrals/v1/flights/day-view/?origin=wars&destination=agp&outboundDate=2026-05-16&inboundDate=2026-05-19&market=PL&locale=pl-PL&currency=PLN&mediaPartnerId=6439681
Warszawa,Malaga,Hiszpania,Warszawa,2026-05-17,2026-05-19,2,165,221,386,WARS,AGP,WARS,ryanair,ryanair,PLN,PLN,https://www.skyscanner.net/g/referrals/v1/flights/day-view/?origin=wars&destination=agp&outboundDate=2026-05-17&inboundDate=2026-05-19&market=PL&locale=pl-PL&currency=PLN&mediaPartnerId=6439681
Warszawa,Alicante,Hiszpania,Warszawa,2026-05-12,2026-05-16,4,167,221,388,WARS,ALC,WARS,ryanair,ryanair,PLN,PLN,https://www.skyscanner.net/g/referrals/v1/flights/day-view/?origin=wars&destination=alc&outboundDate=2026-05-12&inboundDate=2026-05-16&market=PL&locale=pl-PL&currency=PLN&mediaPartnerId=6439681
Warszawa,Malaga,Hiszpania,Warszawa,2026-05-26,2026-05-28,2,219,170,389,WARS,AGP,WARS,wizzair,ryanair,PLN,PLN,https://www.skyscanner.net/g/referrals/v1/flights/day-view/?origin=wars&destination=agp&outboundDate=2026-05-26&inboundDate=2026-05-28&market=PL&locale=pl-PL&currency=PLN&mediaPartnerId=6439681
Warszawa,Barcelona,Hiszpania,Warszawa,2026-07-05,2026-07-07,2,179,212,391,WARS,BCN,WARS,wizzair,wizzair,PLN,EUR,https://www.skyscanner.net/g/referrals/v1/flights/day-view/?origin=wars&destination=bcn&outboundDate=2026-07-05&inboundDate=2026-07-07&market=PL&locale=pl-PL&currency=PLN&mediaPartnerId=6439681
Warszawa,Barcelona,Hiszpania,Warszawa,2026-06-26,2026-07-01,5,179,212,391,WARS,BCN,WARS,wizzair,wizzair,PLN,EUR,https://www.skyscanner.net/g/referrals/v1/flights/day-view/?origin=wars&destination=bcn&outboundDate=2026-06-26&inboundDate=2026-07-01&market=PL&locale=pl-PL&currency=PLN&mediaPartnerId=6439681
Warszawa,Barcelona,Hiszpania,Warszawa,2026-07-27,2026-07-29,2,179,212,391,WARS,BCN,WARS,wizzair,wizzair,PLN,EUR,https://www.skyscanner.net/g/referrals/v1/flights/day-view/?origin=wars&destination=bcn&outboundDate=2026-07-27&inboundDate=2026-07-29&market=PL&locale=pl-PL&currency=PLN&mediaPartnerId=6439681
Warszawa,Barcelona,Hiszpania,Warszawa,2026-07-25,2026-07-29,4,179,212,391,WARS,BCN,WARS,wizzair,wizzair,PLN,EUR,https://www.skyscanner.net/g/referrals/v1/flights/day-view/?origin=wars&destination=bcn&outboundDate=2026-07-25&inboundDate=2026-07-29&market=PL&locale=pl-PL&currency=PLN&mediaPartnerId=6439681
Warszawa,Barcelona,Hiszpania,Warszawa,2026-07-26,2026-07-29,3,179,212,391,WARS,BCN,WARS,wizzair,wizzair,PLN,EUR,https://www.skyscanner.net/g/referrals/v1/flights/day-view/?origin=wars&destination=bcn&outboundDate=2026-07-26&inboundDate=2026-07-29&market=PL&locale=pl-PL&currency=PLN&mediaPartnerId=6439681
Warszawa,Barcelona,Hiszpania,Warszawa,2026-07-24,2026-07-29,5,179,212,391,WARS,BCN,WARS,wizzair,wizzair,PLN,EUR,https://www.skyscanner.net/g/referrals/v1/flights/day-view/?origin=wars&destination=bcn&outboundDate=2026-07-24&inboundDate=2026-07-29&market=PL&locale=pl-PL&currency=PLN&mediaPartnerId=6439681
Warszawa,Barcelona,Hiszpania,Warszawa,2026-07-22,2026-07-29,7,179,212,391,WARS,BCN,WARS,wizzair,wizzair,PLN,EUR,https://www.skyscanner.net/g/referrals/v1/flights/day-view/?origin=wars&destination=bcn&outboundDate=2026-07-22&inboundDate=2026-07-29&market=PL&locale=pl-PL&currency=PLN&mediaPartnerId=6439681
Warszawa,Barcelona,Hiszpania,Warszawa,2026-06-29,2026-07-01,2,179,212,391,WARS,BCN,WARS,wizzair,wizzair,PLN,EUR,https://www.skyscanner.net/g/referrals/v1/flights/day-view/?origin=wars&destination=bcn&outboundDate=2026-06-29&inboundDate=2026-07-01&market=PL&locale=pl-PL&currency=PLN&mediaPartnerId=6439681
Warszawa,Barcelona,Hiszpania,Warszawa,2026-07-03,2026-07-07,4,179,212,391,WARS,BCN,WARS,wizzair,wizzair,PLN,EUR,https://www.skyscanner.net/g/referrals/v1/flights/day-view/?origin=wars&destination=bcn&outboundDate=2026-07-03&inboundDate=2026-07-07&market=PL&locale=pl-PL&currency=PLN&mediaPartnerId=6439681
Warszawa,Barcelona,Hiszpania,Warszawa,2026-06-24,2026-07-01,7,179,212,391,WARS,BCN,WARS,wizzair,wizzair,PLN,EUR,https://www.skyscanner.net/g/referrals/v1/flights/day-view/?origin=wars&destination=bcn&outboundDate=2026-06-24&inboundDate=2026-07-01&market=PL&locale=pl-PL&currency=PLN&mediaPartnerId=6439681
Warszawa,Barcelona,Hiszpania,Warszawa,2026-06-28,2026-07-01,3,179,212,391,WARS,BCN,WARS,wizzair,wizzair,PLN,EUR,https://www.skyscanner.net/g/referrals/v1/flights/day-view/?origin=wars&destination=bcn&outboundDate=2026-06-28&inboundDate=2026-07-01&market=PL&locale=pl-PL&currency=PLN&mediaPartnerId=6439681
Warszawa,Barcelona,Hiszpania,Warszawa,2026-07-04,2026-07-07,3,179,212,391,WARS,BCN,WARS,wizzair,wizzair,PLN,EUR,https://www.skyscanner.net/g/referrals/v1/flights/day-view/?origin=wars&destination=bcn&outboundDate=2026-07-04&inboundDate=2026-07-07&market=PL&locale=pl-PL&currency=PLN&mediaPartnerId=6439681
Warszawa,Malaga,Hiszpania,Warszawa,2026-05-27,2026-06-02,6,249,144,393,WARS,AGP,WARS,wizzair,ryanair,PLN,PLN,https://www.skyscanner.net/g/referrals/v1/flights/day-view/?origin=wars&destination=agp&outboundDate=2026-05-27&inboundDate=2026-06-02&market=PL&locale=pl-PL&currency=PLN&mediaPartnerId=6439681
Warszawa,Malaga,Hiszpania,Warszawa,2026-05-19,2026-05-21,2,182,212,394,WARS,AGP,WARS,ryanair,wizzair,PLN,EUR,https://www.skyscanner.net/g/referrals/v1/flights/day-view/?origin=wars&destination=agp&outboundDate=2026-05-19&inboundDate=2026-05-21&market=PL&locale=pl-PL&currency=PLN&mediaPartnerId=6439681
Warszawa,Leeds,Wielka Brytania,Warszawa,2026-06-25,2026-07-02,7,79,315,394,WARS,LBA,WARS,ryanair,ryanair,PLN,PLN,https://www.skyscanner.net/g/referrals/v1/flights/day-view/?origin=wars&destination=lba&outboundDate=2026-06-25&inboundDate=2026-07-02&market=PL&locale=pl-PL&currency=PLN&mediaPartnerId=6439681
Warszawa,Leeds,Wielka Brytania,Warszawa,2026-06-27,2026-07-04,7,143,251,394,WARS,LBA,WARS,ryanair,ryanair,PLN,PLN,https://www.skyscanner.net/g/referrals/v1/flights/day-view/?origin=wars&destination=lba&outboundDate=2026-06-27&inboundDate=2026-07-04&market=PL&locale=pl-PL&currency=PLN&mediaPartnerId=6439681
Warszawa,Charleroi,Belgia,Warszawa,2026-07-13,2026-07-17,4,123,273,396,WARS,CRL,WARS,ryanair,ryanair,PLN,PLN,https://www.skyscanner.net/g/referrals/v1/flights/day-view/?origin=wars&destination=crl&outboundDate=2026-07-13&inboundDate=2026-07-17&market=PL&locale=pl-PL&currency=PLN&mediaPartnerId=6439681
Warszawa,Alicante,Hiszpania,Warszawa,2026-05-16,2026-05-23,7,164,233,397,WARS,ALC,WARS,ryanair,ryanair,PLN,PLN,https://www.skyscanner.net/g/referrals/v1/flights/day-view/?origin=wars&destination=alc&outboundDate=2026-05-16&inboundDate=2026-05-23&market=PL&locale=pl-PL&currency=PLN&mediaPartnerId=6439681
Warszawa,Charleroi,Belgia,Warszawa,2026-05-24,2026-05-29,5,208,191,399,WARS,CRL,WARS,ryanair,ryanair,PLN,PLN,https://www.skyscanner.net/g/referrals/v1/flights/day-view/?origin=wars&destination=crl&outboundDate=2026-05-24&inboundDate=2026-05-29&market=PL&locale=pl-PL&currency=PLN&mediaPartnerId=6439681
Warszawa,Alicante,Hiszpania,Warszawa,2026-05-18,2026-05-21,3,188,212,400,WARS,ALC,WARS,ryanair,wizzair,PLN,EUR,https://www.skyscanner.net/g/referrals/v1/flights/day-view/?origin=wars&destination=alc&outboundDate=2026-05-18&inboundDate=2026-05-21&market=PL&locale=pl-PL&currency=PLN&mediaPartnerId=6439681
Warszawa,Alicante,Hiszpania,Warszawa,2026-06-13,2026-06-18,5,188,212,400,WARS,ALC,WARS,ryanair,wizzair,PLN,EUR,https://www.skyscanner.net/g/referrals/v1/flights/day-view/?origin=wars&destination=alc&outboundDate=2026-06-13&inboundDate=2026-06-18&market=PL&locale=pl-PL&currency=PLN&mediaPartnerId=6439681
Warszawa,Malaga,Hiszpania,Warszawa,2026-06-11,2026-06-16,5,219,182,401,WARS,AGP,WARS,wizzair,ryanair,PLN,PLN,https://www.skyscanner.net/g/referrals/v1/flights/day-view/?origin=wars&destination=agp&outboundDate=2026-06-11&inboundDate=2026-06-16&market=PL&locale=pl-PL&currency=PLN&mediaPartnerId=6439681
Warszawa,Malaga,Hiszpania,Warszawa,2026-06-09,2026-06-16,7,219,182,401,WARS,AGP,WARS,wizzair,ryanair,PLN,PLN,https://www.skyscanner.net/g/referrals/v1/flights/day-view/?origin=wars&destination=agp&outboundDate=2026-06-09&inboundDate=2026-06-16&market=PL&locale=pl-PL&currency=PLN&mediaPartnerId=6439681
Warszawa,Alicante,Hiszpania,Warszawa,2026-05-16,2026-05-20,4,164,238,402,WARS,ALC,WARS,ryanair,wizzair,PLN,EUR,https://www.skyscanner.net/g/referrals/v1/flights/day-view/?origin=wars&destination=alc&outboundDate=2026-05-16&inboundDate=2026-05-20&market=PL&locale=pl-PL&currency=PLN&mediaPartnerId=6439681
Warszawa,Barcelona,Hiszpania,Warszawa,2026-05-23,2026-05-29,6,209,195,404,WARS,BCN,WARS,wizzair,wizzair,PLN,EUR,https://www.skyscanner.net/g/referrals/v1/flights/day-view/?origin=wars&destination=bcn&outboundDate=2026-05-23&inboundDate=2026-05-29&market=PL&locale=pl-PL&currency=PLN&mediaPartnerId=6439681
Warszawa,Barcelona,Hiszpania,Warszawa,2026-05-25,2026-05-29,4,209,195,404,WARS,BCN,WARS,wizzair,wizzair,PLN,EUR,https://www.skyscanner.net/g/referrals/v1/flights/day-view/?origin=wars&destination=bcn&outboundDate=2026-05-25&inboundDate=2026-05-29&market=PL&locale=pl-PL&currency=PLN&mediaPartnerId=6439681
Warszawa,Malaga,Hiszpania,Warszawa,2026-05-12,2026-05-14,2,139,267,406,WARS,AGP,WARS,ryanair,ryanair,PLN,PLN,https://www.skyscanner.net/g/referrals/v1/flights/day-view/?origin=wars&destination=agp&outboundDate=2026-05-12&inboundDate=2026-05-14&market=PL&locale=pl-PL&currency=PLN&mediaPartnerId=6439681
Warszawa,Barcelona,Hiszpania,Warszawa,2026-07-01,2026-07-08,7,219,195,414,WARS,BCN,WARS,wizzair,wizzair,PLN,EUR,https://www.skyscanner.net/g/referrals/v1/flights/day-view/?origin=wars&destination=bcn&outboundDate=2026-07-01&inboundDate=2026-07-08&market=PL&locale=pl-PL&currency=PLN&mediaPartnerId=6439681
Warszawa,Barcelona,Hiszpania,Warszawa,2026-07-02,2026-07-08,6,219,195,414,WARS,BCN,WARS,wizzair,wizzair,PLN,EUR,https://www.skyscanner.net/g/referrals/v1/flights/day-view/?origin=wars&destination=bcn&outboundDate=2026-07-02&inboundDate=2026-07-08&market=PL&locale=pl-PL&currency=PLN&mediaPartnerId=6439681
Warszawa,Malaga,Hiszpania,Warszawa,2026-06-01,2026-06-04,3,249,165,414,WARS,AGP,WARS,wizzair,ryanair,PLN,PLN,https://www.skyscanner.net/g/referrals/v1/flights/day-view/?origin=wars&destination=agp&outboundDate=2026-06-01&inboundDate=2026-06-04&market=PL&locale=pl-PL&currency=PLN&mediaPartnerId=6439681
Warszawa,Alicante,Hiszpania,Warszawa,2026-05-12,2026-05-15,3,167,248,415,WARS,ALC,WARS,ryanair,ryanair,PLN,PLN,https://www.skyscanner.net/g/referrals/v1/flights/day-view/?origin=wars&destination=alc&outboundDate=2026-05-12&inboundDate=2026-05-15&market=PL&locale=pl-PL&currency=PLN&mediaPartnerId=6439681
Warszawa,Barcelona,Hiszpania,Warszawa,2026-07-04,2026-07-06,2,179,238,417,WARS,BCN,WARS,wizzair,wizzair,PLN,EUR,https://www.skyscanner.net/g/referrals/v1/flights/day-view/?origin=wars&destination=bcn&outboundDate=2026-07-04&inboundDate=2026-07-06&market=PL&locale=pl-PL&currency=PLN&mediaPartnerId=6439681
Warszawa,Malaga,Hiszpania,Warszawa,2026-06-13,2026-06-18,5,188,229,417,WARS,AGP,WARS,ryanair,ryanair,PLN,PLN,https://www.skyscanner.net/g/referrals/v1/flights/day-view/?origin=wars&destination=agp&outboundDate=2026-06-13&inboundDate=2026-06-18&market=PL&locale=pl-PL&currency=PLN&mediaPartnerId=6439681
Warszawa,Alicante,Hiszpania,Warszawa,2026-06-23,2026-06-26,3,179,238,417,WARS,ALC,WARS,wizzair,wizzair,PLN,EUR,https://www.skyscanner.net/g/referrals/v1/flights/day-view/?origin=wars&destination=alc&outboundDate=2026-06-23&inboundDate=2026-06-26&market=PL&locale=pl-PL&currency=PLN&mediaPartnerId=6439681
Warszawa,Barcelona,Hiszpania,Warszawa,2026-05-18,2026-05-21,3,179,238,417,WARS,BCN,WARS,wizzair,wizzair,PLN,EUR,https://www.skyscanner.net/g/referrals/v1/flights/day-view/?origin=wars&destination=bcn&outboundDate=2026-05-18&inboundDate=2026-05-21&market=PL&locale=pl-PL&currency=PLN&mediaPartnerId=6439681
Warszawa,Barcelona,Hiszpania,Warszawa,2026-06-29,2026-07-04,5,179,238,417,WARS,BCN,WARS,wizzair,wizzair,PLN,EUR,https://www.skyscanner.net/g/referrals/v1/flights/day-view/?origin=wars&destination=bcn&outboundDate=2026-06-29&inboundDate=2026-07-04&market=PL&locale=pl-PL&currency=PLN&mediaPartnerId=6439681
Warszawa,Barcelona,Hiszpania,Warszawa,2026-06-29,2026-07-06,7,179,238,417,WARS,BCN,WARS,wizzair,wizzair,PLN,EUR,https://www.skyscanner.net/g/referrals/v1/flights/day-view/?origin=wars&destination=bcn&outboundDate=2026-06-29&inboundDate=2026-07-06&market=PL&locale=pl-PL&currency=PLN&mediaPartnerId=6439681
Warszawa,Barcelona,Hiszpania,Warszawa,2026-07-13,2026-07-20,7,179,238,417,WARS,BCN,WARS,wizzair,wizzair,PLN,EUR,https://www.skyscanner.net/g/referrals/v1/flights/day-view/?origin=wars&destination=bcn&outboundDate=2026-07-13&inboundDate=2026-07-20&market=PL&locale=pl-PL&currency=PLN&mediaPartnerId=6439681
Warszawa,Barcelona,Hiszpania,Warszawa,2026-07-14,2026-07-20,6,179,238,417,WARS,BCN,WARS,wizzair,wizzair,PLN,EUR,https://www.skyscanner.net/g/referrals/v1/flights/day-view/?origin=wars&destination=bcn&outboundDate=2026-07-14&inboundDate=2026-07-20&market=PL&locale=pl-PL&currency=PLN&mediaPartnerId=6439681
Warszawa,Barcelona,Hiszpania,Warszawa,2026-07-03,2026-07-06,3,179,238,417,WARS,BCN,WARS,wizzair,wizzair,PLN,EUR,https://www.skyscanner.net/g/referrals/v1/flights/day-view/?origin=wars&destination=bcn&outboundDate=2026-07-03&inboundDate=2026-07-06&market=PL&locale=pl-PL&currency=PLN&mediaPartnerId=6439681
Warszawa,Barcelona,Hiszpania,Warszawa,2026-06-28,2026-07-04,6,179,238,417,WARS,BCN,WARS,wizzair,wizzair,PLN,EUR,https://www.skyscanner.net/g/referrals/v1/flights/day-view/?origin=wars&destination=bcn&outboundDate=2026-06-28&inboundDate=2026-07-04&market=PL&locale=pl-PL&currency=PLN&mediaPartnerId=6439681
Warszawa,Barcelona,Hiszpania,Warszawa,2026-05-20,2026-05-26,6,249,170,419,WARS,BCN,WARS,wizzair,wizzair,PLN,EUR,https://www.skyscanner.net/g/referrals/v1/flights/day-view/?origin=wars&destination=bcn&outboundDate=2026-05-20&inboundDate=2026-05-26&market=PL&locale=pl-PL&currency=PLN&mediaPartnerId=6439681
Warszawa,Barcelona,Hiszpania,Warszawa,2026-05-22,2026-05-28,6,249,170,419,WARS,BCN,WARS,wizzair,wizzair,PLN,EUR,https://www.skyscanner.net/g/referrals/v1/flights/day-view/?origin=wars&destination=bcn&outboundDate=2026-05-22&inboundDate=2026-05-28&market=PL&locale=pl-PL&currency=PLN&mediaPartnerId=6439681
Warszawa,Barcelona,Hiszpania,Warszawa,2026-05-21,2026-05-26,5,249,170,419,WARS,BCN,WARS,wizzair,wizzair,PLN,EUR,https://www.skyscanner.net/g/referrals/v1/flights/day-view/?origin=wars&destination=bcn&outboundDate=2026-05-21&inboundDate=2026-05-26&market=PL&locale=pl-PL&currency=PLN&mediaPartnerId=6439681
Warszawa,Barcelona,Hiszpania,Warszawa,2026-05-20,2026-05-27,7,249,170,419,WARS,BCN,WARS,wizzair,wizzair,PLN,EUR,https://www.skyscanner.net/g/referrals/v1/flights/day-view/?origin=wars&destination=bcn&outboundDate=2026-05-20&inboundDate=2026-05-27&market=PL&locale=pl-PL&currency=PLN&mediaPartnerId=6439681
Warszawa,Barcelona,Hiszpania,Warszawa,2026-05-21,2026-05-28,7,249,170,419,WARS,BCN,WARS,wizzair,wizzair,PLN,EUR,https://www.skyscanner.net/g/referrals/v1/flights/day-view/?origin=wars&destination=bcn&outboundDate=2026-05-21&inboundDate=2026-05-28&market=PL&locale=pl-PL&currency=PLN&mediaPartnerId=6439681
Warszawa,Barcelona,Hiszpania,Warszawa,2026-05-22,2026-05-26,4,249,170,419,WARS,BCN,WARS,wizzair,wizzair,PLN,EUR,https://www.skyscanner.net/g/referrals/v1/flights/day-view/?origin=wars&destination=bcn&outboundDate=2026-05-22&inboundDate=2026-05-26&market=PL&locale=pl-PL&currency=PLN&mediaPartnerId=6439681
Warszawa,Malaga,Hiszpania,Warszawa,2026-05-25,2026-05-28,3,249,170,419,WARS,AGP,WARS,wizzair,ryanair,PLN,PLN,https://www.skyscanner.net/g/referrals/v1/flights/day-view/?origin=wars&destination=agp&outboundDate=2026-05-25&inboundDate=2026-05-28&market=PL&locale=pl-PL&currency=PLN&mediaPartnerId=6439681
Warszawa,Barcelona,Hiszpania,Warszawa,2026-05-21,2026-05-27,6,249,170,419,WARS,BCN,WARS,wizzair,wizzair,PLN,EUR,https://www.skyscanner.net/g/referrals/v1/flights/day-view/?origin=wars&destination=bcn&outboundDate=2026-05-21&inboundDate=2026-05-27&market=PL&locale=pl-PL&currency=PLN&mediaPartnerId=6439681
Warszawa,Barcelona,Hiszpania,Warszawa,2026-05-22,2026-05-27,5,249,170,419,WARS,BCN,WARS,wizzair,wizzair,PLN,EUR,https://www.skyscanner.net/g/referrals/v1/flights/day-view/?origin=wars&destination=bcn&outboundDate=2026-05-22&inboundDate=2026-05-27&market=PL&locale=pl-PL&currency=PLN&mediaPartnerId=6439681
Warszawa,Malaga,Hiszpania,Warszawa,2026-05-12,2026-05-18,6,139,281,420,WARS,AGP,WARS,ryanair,wizzair,PLN,EUR,https://www.skyscanner.net/g/referrals/v1/flights/day-view/?origin=wars&destination=agp&outboundDate=2026-05-12&inboundDate=2026-05-18&market=PL&locale=pl-PL&currency=PLN&mediaPartnerId=6439681
Warszawa,Alicante,Hiszpania,Warszawa,2026-05-26,2026-06-02,7,209,212,421,WARS,ALC,WARS,wizzair,wizzair,PLN,EUR,https://www.skyscanner.net/g/referrals/v1/flights/day-view/?origin=wars&destination=alc&outboundDate=2026-05-26&inboundDate=2026-06-02&market=PL&locale=pl-PL&currency=PLN&mediaPartnerId=6439681
Warszawa,Alicante,Hiszpania,Warszawa,2026-06-06,2026-06-12,6,209,212,421,WARS,ALC,WARS,wizzair,wizzair,PLN,EUR,https://www.skyscanner.net/g/referrals/v1/flights/day-view/?origin=wars&destination=alc&outboundDate=2026-06-06&inboundDate=2026-06-12&market=PL&locale=pl-PL&currency=PLN&mediaPartnerId=6439681
Warszawa,Malaga,Hiszpania,Warszawa,2026-06-13,2026-06-15,2,188,233,421,WARS,AGP,WARS,ryanair,ryanair,PLN,PLN,https://www.skyscanner.net/g/referrals/v1/flights/day-view/?origin=wars&destination=agp&outboundDate=2026-06-13&inboundDate=2026-06-15&market=PL&locale=pl-PL&currency=PLN&mediaPartnerId=6439681
Warszawa,Leeds,Wielka Brytania,Warszawa,2026-06-29,2026-07-04,5,170,251,421,WARS,LBA,WARS,ryanair,ryanair,PLN,PLN,https://www.skyscanner.net/g/referrals/v1/flights/day-view/?origin=wars&destination=lba&outboundDate=2026-06-29&inboundDate=2026-07-04&market=PL&locale=pl-PL&currency=PLN&mediaPartnerId=6439681
Warszawa,Malaga,Hiszpania,Warszawa,2026-06-20,2026-06-23,3,188,233,421,WARS,AGP,WARS,ryanair,ryanair,PLN,PLN,https://www.skyscanner.net/g/referrals/v1/flights/day-view/?origin=wars&destination=agp&outboundDate=2026-06-20&inboundDate=2026-06-23&market=PL&locale=pl-PL&currency=PLN&mediaPartnerId=6439681
Warszawa,Leeds,Wielka Brytania,Warszawa,2026-07-02,2026-07-06,4,131,290,421,WARS,LBA,WARS,ryanair,ryanair,PLN,PLN,https://www.skyscanner.net/g/referrals/v1/flights/day-view/?origin=wars&destination=lba&outboundDate=2026-07-02&inboundDate=2026-07-06&market=PL&locale=pl-PL&currency=PLN&mediaPartnerId=6439681
Warszawa,Alicante,Hiszpania,Warszawa,2026-06-06,2026-06-11,5,209,212,421,WARS,ALC,WARS,wizzair,wizzair,PLN,EUR,https://www.skyscanner.net/g/referrals/v1/flights/day-view/?origin=wars&destination=alc&outboundDate=2026-06-06&inboundDate=2026-06-11&market=PL&locale=pl-PL&currency=PLN&mediaPartnerId=6439681
Warszawa,Alicante,Hiszpania,Warszawa,2026-05-25,2026-05-28,3,209,212,421,WARS,ALC,WARS,wizzair,wizzair,PLN,EUR,https://www.skyscanner.net/g/referrals/v1/flights/day-view/?origin=wars&destination=alc&outboundDate=2026-05-25&inboundDate=2026-05-28&market=PL&locale=pl-PL&currency=PLN&mediaPartnerId=6439681
Warszawa,Alicante,Hiszpania,Warszawa,2026-05-26,2026-05-28,2,209,212,421,WARS,ALC,WARS,wizzair,wizzair,PLN,EUR,https://www.skyscanner.net/g/referrals/v1/flights/day-view/?origin=wars&destination=alc&outboundDate=2026-05-26&inboundDate=2026-05-28&market=PL&locale=pl-PL&currency=PLN&mediaPartnerId=6439681
Warszawa,Alicante,Hiszpania,Warszawa,2026-05-18,2026-05-23,5,188,233,421,WARS,ALC,WARS,ryanair,ryanair,PLN,PLN,https://www.skyscanner.net/g/referrals/v1/flights/day-view/?origin=wars&destination=alc&outboundDate=2026-05-18&inboundDate=2026-05-23&market=PL&locale=pl-PL&currency=PLN&mediaPartnerId=6439681
Warszawa,Alicante,Hiszpania,Warszawa,2026-06-17,2026-06-24,7,209,212,421,WARS,ALC,WARS,wizzair,wizzair,PLN,EUR,https://www.skyscanner.net/g/referrals/v1/flights/day-view/?origin=wars&destination=alc&outboundDate=2026-06-17&inboundDate=2026-06-24&market=PL&locale=pl-PL&currency=PLN&mediaPartnerId=6439681
Warszawa,Alicante,Hiszpania,Warszawa,2026-06-16,2026-06-18,2,209,212,421,WARS,ALC,WARS,wizzair,wizzair,PLN,EUR,https://www.skyscanner.net/g/referrals/v1/flights/day-view/?origin=wars&destination=alc&outboundDate=2026-06-16&inboundDate=2026-06-18&market=PL&locale=pl-PL&currency=PLN&mediaPartnerId=6439681
Warszawa,Alicante,Hiszpania,Warszawa,2026-06-22,2026-06-24,2,209,212,421,WARS,ALC,WARS,wizzair,wizzair,PLN,EUR,https://www.skyscanner.net/g/referrals/v1/flights/day-view/?origin=wars&destination=alc&outboundDate=2026-06-22&inboundDate=2026-06-24&market=PL&locale=pl-PL&currency=PLN&mediaPartnerId=6439681
Warszawa,Alicante,Hiszpania,Warszawa,2026-06-10,2026-06-12,2,209,212,421,WARS,ALC,WARS,wizzair,wizzair,PLN,EUR,https://www.skyscanner.net/g/referrals/v1/flights/day-view/?origin=wars&destination=alc&outboundDate=2026-06-10&inboundDate=2026-06-12&market=PL&locale=pl-PL&currency=PLN&mediaPartnerId=6439681
Warszawa,Alicante,Hiszpania,Warszawa,2026-06-13,2026-06-17,4,188,238,426,WARS,ALC,WARS,ryanair,wizzair,PLN,EUR,https://www.skyscanner.net/g/referrals/v1/flights/day-view/?origin=wars&destination=alc&outboundDate=2026-06-13&inboundDate=2026-06-17&market=PL&locale=pl-PL&currency=PLN&mediaPartnerId=6439681
Warszawa,Alicante,Hiszpania,Warszawa,2026-05-18,2026-05-20,2,188,238,426,WARS,ALC,WARS,ryanair,wizzair,PLN,EUR,https://www.skyscanner.net/g/referrals/v1/flights/day-view/?origin=wars&destination=alc&outboundDate=2026-05-18&inboundDate=2026-05-20&market=PL&locale=pl-PL&currency=PLN&mediaPartnerId=6439681
Warszawa,Malaga,Hiszpania,Warszawa,2026-05-23,2026-05-26,3,257,170,427,WARS,AGP,WARS,ryanair,ryanair,PLN,PLN,https://www.skyscanner.net/g/referrals/v1/flights/day-view/?origin=wars&destination=agp&outboundDate=2026-05-23&inboundDate=2026-05-26&market=PL&locale=pl-PL&currency=PLN&mediaPartnerId=6439681
Warszawa,Malaga,Hiszpania,Warszawa,2026-05-23,2026-05-28,5,257,170,427,WARS,AGP,WARS,ryanair,ryanair,PLN,PLN,https://www.skyscanner.net/g/referrals/v1/flights/day-view/?origin=wars&destination=agp&outboundDate=2026-05-23&inboundDate=2026-05-28&market=PL&locale=pl-PL&currency=PLN&mediaPartnerId=6439681
Warszawa,Alicante,Hiszpania,Warszawa,2026-05-25,2026-05-30,5,209,221,430,WARS,ALC,WARS,wizzair,ryanair,PLN,PLN,https://www.skyscanner.net/g/referrals/v1/flights/day-view/?origin=wars&destination=alc&outboundDate=2026-05-25&inboundDate=2026-05-30&market=PL&locale=pl-PL&currency=PLN&mediaPartnerId=6439681
Warszawa,Alicante,Hiszpania,Warszawa,2026-05-26,2026-05-30,4,209,221,430,WARS,ALC,WARS,wizzair,ryanair,PLN,PLN,https://www.skyscanner.net/g/referrals/v1/flights/day-view/?origin=wars&destination=alc&outboundDate=2026-05-26&inboundDate=2026-05-30&market=PL&locale=pl-PL&currency=PLN&mediaPartnerId=6439681
Warszawa,Alicante,Hiszpania,Warszawa,2026-06-13,2026-06-16,3,188,242,430,WARS,ALC,WARS,ryanair,ryanair,PLN,PLN,https://www.skyscanner.net/g/referrals/v1/flights/day-view/?origin=wars&destination=alc&outboundDate=2026-06-13&inboundDate=2026-06-16&market=PL&locale=pl-PL&currency=PLN&mediaPartnerId=6439681
Warszawa,Alicante,Hiszpania,Warszawa,2026-06-10,2026-06-13,3,209,221,430,WARS,ALC,WARS,wizzair,ryanair,PLN,PLN,https://www.skyscanner.net/g/referrals/v1/flights/day-view/?origin=wars&destination=alc&outboundDate=2026-06-10&inboundDate=2026-06-13&market=PL&locale=pl-PL&currency=PLN&mediaPartnerId=6439681
Warszawa,Alicante,Hiszpania,Warszawa,2026-06-06,2026-06-13,7,209,221,430,WARS,ALC,WARS,wizzair,ryanair,PLN,PLN,https://www.skyscanner.net/g/referrals/v1/flights/day-view/?origin=wars&destination=alc&outboundDate=2026-06-06&inboundDate=2026-06-13&market=PL&locale=pl-PL&currency=PLN&mediaPartnerId=6439681
Warszawa,Alicante,Hiszpania,Warszawa,2026-05-19,2026-05-21,2,219,212,431,WARS,ALC,WARS,wizzair,wizzair,PLN,EUR,https://www.skyscanner.net/g/referrals/v1/flights/day-view/?origin=wars&destination=alc&outboundDate=2026-05-19&inboundDate=2026-05-21&market=PL&locale=pl-PL&currency=PLN&mediaPartnerId=6439681
Warszawa,Alicante,Hiszpania,Warszawa,2026-05-19,2026-05-26,7,219,212,431,WARS,ALC,WARS,wizzair,wizzair,PLN,EUR,https://www.skyscanner.net/g/referrals/v1/flights/day-view/?origin=wars&destination=alc&outboundDate=2026-05-19&inboundDate=2026-05-26&market=PL&locale=pl-PL&currency=PLN&mediaPartnerId=6439681
Warszawa,Malaga,Hiszpania,Warszawa,2026-05-28,2026-06-03,6,219,212,431,WARS,AGP,WARS,wizzair,wizzair,PLN,EUR,https://www.skyscanner.net/g/referrals/v1/flights/day-view/?origin=wars&destination=agp&outboundDate=2026-05-28&inboundDate=2026-06-03&market=PL&locale=pl-PL&currency=PLN&mediaPartnerId=6439681
Warszawa,Alicante,Hiszpania,Warszawa,2026-05-28,2026-06-03,6,219,212,431,WARS,ALC,WARS,wizzair,wizzair,PLN,EUR,https://www.skyscanner.net/g/referrals/v1/flights/day-view/?origin=wars&destination=alc&outboundDate=2026-05-28&inboundDate=2026-06-03&market=PL&locale=pl-PL&currency=PLN&mediaPartnerId=6439681
Warszawa,Malaga,Hiszpania,Warszawa,2026-05-26,2026-05-30,4,219,212,431,WARS,AGP,WARS,wizzair,wizzair,PLN,EUR,https://www.skyscanner.net/g/referrals/v1/flights/day-view/?origin=wars&destination=agp&outboundDate=2026-05-26&inboundDate=2026-05-30&market=PL&locale=pl-PL&currency=PLN&mediaPartnerId=6439681
Warszawa,Malaga,Hiszpania,Warszawa,2026-05-28,2026-05-30,2,219,212,431,WARS,AGP,WARS,wizzair,wizzair,PLN,EUR,https://www.skyscanner.net/g/referrals/v1/flights/day-view/?origin=wars&destination=agp&outboundDate=2026-05-28&inboundDate=2026-05-30&market=PL&locale=pl-PL&currency=PLN&mediaPartnerId=6439681
Warszawa,Alicante,Hiszpania,Warszawa,2026-05-27,2026-06-02,6,219,212,431,WARS,ALC,WARS,wizzair,wizzair,PLN,EUR,https://www.skyscanner.net/g/referrals/v1/flights/day-view/?origin=wars&destination=alc&outboundDate=2026-05-27&inboundDate=2026-06-02&market=PL&locale=pl-PL&currency=PLN&mediaPartnerId=6439681
Warszawa,Alicante,Hiszpania,Warszawa,2026-05-27,2026-06-03,7,219,212,431,WARS,ALC,WARS,wizzair,wizzair,PLN,EUR,https://www.skyscanner.net/g/referrals/v1/flights/day-view/?origin=wars&destination=alc&outboundDate=2026-05-27&inboundDate=2026-06-03&market=PL&locale=pl-PL&currency=PLN&mediaPartnerId=6439681
Warszawa,Alicante,Hiszpania,Warszawa,2026-05-28,2026-06-02,5,219,212,431,WARS,ALC,WARS,wizzair,wizzair,PLN,EUR,https://www.skyscanner.net/g/referrals/v1/flights/day-view/?origin=wars&destination=alc&outboundDate=2026-05-28&inboundDate=2026-06-02&market=PL&locale=pl-PL&currency=PLN&mediaPartnerId=6439681
Warszawa,Alicante,Hiszpania,Warszawa,2026-06-09,2026-06-12,3,219,212,431,WARS,ALC,WARS,wizzair,wizzair,PLN,EUR,https://www.skyscanner.net/g/referrals/v1/flights/day-view/?origin=wars&destination=alc&outboundDate=2026-06-09&inboundDate=2026-06-12&market=PL&locale=pl-PL&currency=PLN&mediaPartnerId=6439681
Warszawa,Alicante,Hiszpania,Warszawa,2026-06-07,2026-06-12,5,219,212,431,WARS,ALC,WARS,wizzair,wizzair,PLN,EUR,https://www.skyscanner.net/g/referrals/v1/flights/day-view/?origin=wars&destination=alc&outboundDate=2026-06-07&inboundDate=2026-06-12&market=PL&locale=pl-PL&currency=PLN&mediaPartnerId=6439681
Warszawa,Alicante,Hiszpania,Warszawa,2026-06-07,2026-06-11,4,219,212,431,WARS,ALC,WARS,wizzair,wizzair,PLN,EUR,https://www.skyscanner.net/g/referrals/v1/flights/day-view/?origin=wars&destination=alc&outboundDate=2026-06-07&inboundDate=2026-06-11&market=PL&locale=pl-PL&currency=PLN&mediaPartnerId=6439681
Warszawa,Alicante,Hiszpania,Warszawa,2026-05-28,2026-06-04,7,219,212,431,WARS,ALC,WARS,wizzair,wizzair,PLN,EUR,https://www.skyscanner.net/g/referrals/v1/flights/day-view/?origin=wars&destination=alc&outboundDate=2026-05-28&inboundDate=2026-06-04&market=PL&locale=pl-PL&currency=PLN&mediaPartnerId=6439681
Warszawa,Alicante,Hiszpania,Warszawa,2026-05-24,2026-05-28,4,219,212,431,WARS,ALC,WARS,wizzair,wizzair,PLN,EUR,https://www.skyscanner.net/g/referrals/v1/flights/day-view/?origin=wars&destination=alc&outboundDate=2026-05-24&inboundDate=2026-05-28&market=PL&locale=pl-PL&currency=PLN&mediaPartnerId=6439681
Warszawa,Alicante,Hiszpania,Warszawa,2026-05-24,2026-05-26,2,219,212,431,WARS,ALC,WARS,wizzair,wizzair,PLN,EUR,https://www.skyscanner.net/g/referrals/v1/flights/day-view/?origin=wars&destination=alc&outboundDate=2026-05-24&inboundDate=2026-05-26&market=PL&locale=pl-PL&currency=PLN&mediaPartnerId=6439681
Warszawa,Malaga,Hiszpania,Warszawa,2026-06-10,2026-06-16,6,249,182,431,WARS,AGP,WARS,wizzair,ryanair,PLN,PLN,https://www.skyscanner.net/g/referrals/v1/flights/day-view/?origin=wars&destination=agp&outboundDate=2026-06-10&inboundDate=2026-06-16&market=PL&locale=pl-PL&currency=PLN&mediaPartnerId=6439681
Warszawa,Malaga,Hiszpania,Warszawa,2026-05-18,2026-05-21,3,219,212,431,WARS,AGP,WARS,wizzair,wizzair,PLN,EUR,https://www.skyscanner.net/g/referrals/v1/flights/day-view/?origin=wars&destination=agp&outboundDate=2026-05-18&inboundDate=2026-05-21&market=PL&locale=pl-PL&currency=PLN&mediaPartnerId=6439681
Warszawa,Malaga,Hiszpania,Warszawa,2026-05-18,2026-05-20,2,219,212,431,WARS,AGP,WARS,wizzair,wizzair,PLN,EUR,https://www.skyscanner.net/g/referrals/v1/flights/day-view/?origin=wars&destination=agp&outboundDate=2026-05-18&inboundDate=2026-05-20&market=PL&locale=pl-PL&currency=PLN&mediaPartnerId=6439681
Warszawa,Alicante,Hiszpania,Warszawa,2026-06-19,2026-06-24,5,219,212,431,WARS,ALC,WARS,wizzair,wizzair,PLN,EUR,https://www.skyscanner.net/g/referrals/v1/flights/day-view/?origin=wars&destination=alc&outboundDate=2026-06-19&inboundDate=2026-06-24&market=PL&locale=pl-PL&currency=PLN&mediaPartnerId=6439681
Warszawa,Alicante,Hiszpania,Warszawa,2026-06-20,2026-06-24,4,219,212,431,WARS,ALC,WARS,wizzair,wizzair,PLN,EUR,https://www.skyscanner.net/g/referrals/v1/flights/day-view/?origin=wars&destination=alc&outboundDate=2026-06-20&inboundDate=2026-06-24&market=PL&locale=pl-PL&currency=PLN&mediaPartnerId=6439681
Warszawa,Alicante,Hiszpania,Warszawa,2026-06-09,2026-06-11,2,219,212,431,WARS,ALC,WARS,wizzair,wizzair,PLN,EUR,https://www.skyscanner.net/g/referrals/v1/flights/day-view/?origin=wars&destination=alc&outboundDate=2026-06-09&inboundDate=2026-06-11&market=PL&locale=pl-PL&currency=PLN&mediaPartnerId=6439681
Warszawa,Malaga,Hiszpania,Warszawa,2026-06-14,2026-06-16,2,250,182,432,WARS,AGP,WARS,ryanair,ryanair,PLN,PLN,https://www.skyscanner.net/g/referrals/v1/flights/day-view/?origin=wars&destination=agp&outboundDate=2026-06-14&inboundDate=2026-06-16&market=PL&locale=pl-PL&currency=PLN&mediaPartnerId=6439681
Warszawa,Alicante,Hiszpania,Warszawa,2026-06-18,2026-06-24,6,221,212,433,WARS,ALC,WARS,ryanair,wizzair,PLN,EUR,https://www.skyscanner.net/g/referrals/v1/flights/day-view/?origin=wars&destination=alc&outboundDate=2026-06-18&inboundDate=2026-06-24&market=PL&locale=pl-PL&currency=PLN&mediaPartnerId=6439681
Warszawa,Malaga,Hiszpania,Warszawa,2026-05-14,2026-05-21,7,221,212,433,WARS,AGP,WARS,ryanair,wizzair,PLN,EUR,https://www.skyscanner.net/g/referrals/v1/flights/day-view/?origin=wars&destination=agp&outboundDate=2026-05-14&inboundDate=2026-05-21&market=PL&locale=pl-PL&currency=PLN&mediaPartnerId=6439681
Warszawa,Malaga,Hiszpania,Warszawa,2026-05-14,2026-05-20,6,221,212,433,WARS,AGP,WARS,ryanair,wizzair,PLN,EUR,https://www.skyscanner.net/g/referrals/v1/flights/day-view/?origin=wars&destination=agp&outboundDate=2026-05-14&inboundDate=2026-05-20&market=PL&locale=pl-PL&currency=PLN&mediaPartnerId=6439681
Warszawa,Malaga,Hiszpania,Warszawa,2026-05-29,2026-06-02,4,289,144,433,WARS,AGP,WARS,wizzair,ryanair,PLN,PLN,https://www.skyscanner.net/g/referrals/v1/flights/day-view/?origin=wars&destination=agp&outboundDate=2026-05-29&inboundDate=2026-06-02&market=PL&locale=pl-PL&currency=PLN&mediaPartnerId=6439681
Warszawa,Alicante,Hiszpania,Warszawa,2026-06-04,2026-06-11,7,221,212,433,WARS,ALC,WARS,ryanair,wizzair,PLN,EUR,https://www.skyscanner.net/g/referrals/v1/flights/day-view/?origin=wars&destination=alc&outboundDate=2026-06-04&inboundDate=2026-06-11&market=PL&locale=pl-PL&currency=PLN&mediaPartnerId=6439681
Warszawa,Barcelona,Hiszpania,Warszawa,2026-05-18,2026-05-25,7,179,255,434,WARS,BCN,WARS,wizzair,wizzair,PLN,EUR,https://www.skyscanner.net/g/referrals/v1/flights/day-view/?origin=wars&destination=bcn&outboundDate=2026-05-18&inboundDate=2026-05-25&market=PL&locale=pl-PL&currency=PLN&mediaPartnerId=6439681
Warszawa,Barcelona,Hiszpania,Warszawa,2026-05-18,2026-05-22,4,179,255,434,WARS,BCN,WARS,wizzair,wizzair,PLN,EUR,https://www.skyscanner.net/g/referrals/v1/flights/day-view/?origin=wars&destination=bcn&outboundDate=2026-05-18&inboundDate=2026-05-22&market=PL&locale=pl-PL&currency=PLN&mediaPartnerId=6439681
Warszawa,Barcelona,Hiszpania,Warszawa,2026-05-18,2026-05-24,6,179,255,434,WARS,BCN,WARS,wizzair,wizzair,PLN,EUR,https://www.skyscanner.net/g/referrals/v1/flights/day-view/?origin=wars&destination=bcn&outboundDate=2026-05-18&inboundDate=2026-05-24&market=PL&locale=pl-PL&currency=PLN&mediaPartnerId=6439681
Warszawa,Alicante,Hiszpania,Warszawa,2026-06-23,2026-06-25,2,179,255,434,WARS,ALC,WARS,wizzair,wizzair,PLN,EUR,https://www.skyscanner.net/g/referrals/v1/flights/day-view/?origin=wars&destination=alc&outboundDate=2026-06-23&inboundDate=2026-06-25&market=PL&locale=pl-PL&currency=PLN&mediaPartnerId=6439681
Warszawa,Malaga,Hiszpania,Warszawa,2026-05-30,2026-06-02,3,293,144,437,WARS,AGP,WARS,ryanair,ryanair,PLN,PLN,https://www.skyscanner.net/g/referrals/v1/flights/day-view/?origin=wars&destination=agp&outboundDate=2026-05-30&inboundDate=2026-06-02&market=PL&locale=pl-PL&currency=PLN&mediaPartnerId=6439681
Warszawa,Alicante,Hiszpania,Warszawa,2026-05-25,2026-05-27,2,209,229,438,WARS,ALC,WARS,wizzair,ryanair,PLN,PLN,https://www.skyscanner.net/g/referrals/v1/flights/day-view/?origin=wars&destination=alc&outboundDate=2026-05-25&inboundDate=2026-05-27&market=PL&locale=pl-PL&currency=PLN&mediaPartnerId=6439681
Warszawa,Malaga,Hiszpania,Warszawa,2026-05-20,2026-05-26,6,269,170,439,WARS,AGP,WARS,wizzair,ryanair,PLN,PLN,https://www.skyscanner.net/g/referrals/v1/flights/day-view/?origin=wars&destination=agp&outboundDate=2026-05-20&inboundDate=2026-05-26&market=PL&locale=pl-PL&currency=PLN&mediaPartnerId=6439681
Warszawa,Malaga,Hiszpania,Warszawa,2026-05-24,2026-05-26,2,269,170,439,WARS,AGP,WARS,wizzair,ryanair,PLN,PLN,https://www.skyscanner.net/g/referrals/v1/flights/day-view/?origin=wars&destination=agp&outboundDate=2026-05-24&inboundDate=2026-05-26&market=PL&locale=pl-PL&currency=PLN&mediaPartnerId=6439681
Warszawa,Malaga,Hiszpania,Warszawa,2026-05-21,2026-05-28,7,269,170,439,WARS,AGP,WARS,wizzair,ryanair,PLN,PLN,https://www.skyscanner.net/g/referrals/v1/flights/day-view/?origin=wars&destination=agp&outboundDate=2026-05-21&inboundDate=2026-05-28&market=PL&locale=pl-PL&currency=PLN&mediaPartnerId=6439681
Warszawa,Malaga,Hiszpania,Warszawa,2026-05-21,2026-05-26,5,269,170,439,WARS,AGP,WARS,wizzair,ryanair,PLN,PLN,https://www.skyscanner.net/g/referrals/v1/flights/day-view/?origin=wars&destination=agp&outboundDate=2026-05-21&inboundDate=2026-05-26&market=PL&locale=pl-PL&currency=PLN&mediaPartnerId=6439681
Warszawa,Malaga,Hiszpania,Warszawa,2026-05-24,2026-05-28,4,269,170,439,WARS,AGP,WARS,wizzair,ryanair,PLN,PLN,https://www.skyscanner.net/g/referrals/v1/flights/day-view/?origin=wars&destination=agp&outboundDate=2026-05-24&inboundDate=2026-05-28&market=PL&locale=pl-PL&currency=PLN&mediaPartnerId=6439681
Warszawa,Malaga,Hiszpania,Warszawa,2026-06-06,2026-06-11,5,219,221,440,WARS,AGP,WARS,wizzair,ryanair,PLN,PLN,https://www.skyscanner.net/g/referrals/v1/flights/day-view/?origin=wars&destination=agp&outboundDate=2026-06-06&inboundDate=2026-06-11&market=PL&locale=pl-PL&currency=PLN&mediaPartnerId=6439681
Warszawa,Malaga,Hiszpania,Warszawa,2026-06-09,2026-06-11,2,219,221,440,WARS,AGP,WARS,wizzair,ryanair,PLN,PLN,https://www.skyscanner.net/g/referrals/v1/flights/day-view/?origin=wars&destination=agp&outboundDate=2026-06-09&inboundDate=2026-06-11&market=PL&locale=pl-PL&currency=PLN&mediaPartnerId=6439681
Warszawa,Alicante,Hiszpania,Warszawa,2026-06-09,2026-06-13,4,219,221,440,WARS,ALC,WARS,wizzair,ryanair,PLN,PLN,https://www.skyscanner.net/g/referrals/v1/flights/day-view/?origin=wars&destination=alc&outboundDate=2026-06-09&inboundDate=2026-06-13&market=PL&locale=pl-PL&currency=PLN&mediaPartnerId=6439681
Warszawa,Alicante,Hiszpania,Warszawa,2026-06-07,2026-06-13,6,219,221,440,WARS,ALC,WARS,wizzair,ryanair,PLN,PLN,https://www.skyscanner.net/g/referrals/v1/flights/day-view/?origin=wars&destination=alc&outboundDate=2026-06-07&inboundDate=2026-06-13&market=PL&locale=pl-PL&currency=PLN&mediaPartnerId=6439681
Warszawa,Malaga,Hiszpania,Warszawa,2026-06-07,2026-06-11,4,219,221,440,WARS,AGP,WARS,wizzair,ryanair,PLN,PLN,https://www.skyscanner.net/g/referrals/v1/flights/day-view/?origin=wars&destination=agp&outboundDate=2026-06-07&inboundDate=2026-06-11&market=PL&locale=pl-PL&currency=PLN&mediaPartnerId=6439681
Warszawa,Alicante,Hiszpania,Warszawa,2026-05-28,2026-05-30,2,219,221,440,WARS,ALC,WARS,wizzair,ryanair,PLN,PLN,https://www.skyscanner.net/g/referrals/v1/flights/day-view/?origin=wars&destination=alc&outboundDate=2026-05-28&inboundDate=2026-05-30&market=PL&locale=pl-PL&currency=PLN&mediaPartnerId=6439681
Warszawa,Alicante,Hiszpania,Warszawa,2026-05-24,2026-05-30,6,219,221,440,WARS,ALC,WARS,wizzair,ryanair,PLN,PLN,https://www.skyscanner.net/g/referrals/v1/flights/day-view/?origin=wars&destination=alc&outboundDate=2026-05-24&inboundDate=2026-05-30&market=PL&locale=pl-PL&currency=PLN&mediaPartnerId=6439681
Warszawa,Alicante,Hiszpania,Warszawa,2026-05-27,2026-05-30,3,219,221,440,WARS,ALC,WARS,wizzair,ryanair,PLN,PLN,https://www.skyscanner.net/g/referrals/v1/flights/day-view/?origin=wars&destination=alc&outboundDate=2026-05-27&inboundDate=2026-05-30&market=PL&locale=pl-PL&currency=PLN&mediaPartnerId=6439681
Warszawa,Malaga,Hiszpania,Warszawa,2026-05-14,2026-05-19,5,221,221,442,WARS,AGP,WARS,ryanair,ryanair,PLN,PLN,https://www.skyscanner.net/g/referrals/v1/flights/day-view/?origin=wars&destination=agp&outboundDate=2026-05-14&inboundDate=2026-05-19&market=PL&locale=pl-PL&currency=PLN&mediaPartnerId=6439681
Warszawa,Alicante,Hiszpania,Warszawa,2026-06-13,2026-06-20,7,188,255,443,WARS,ALC,WARS,ryanair,wizzair,PLN,EUR,https://www.skyscanner.net/g/referrals/v1/flights/day-view/?origin=wars&destination=alc&outboundDate=2026-06-13&inboundDate=2026-06-20&market=PL&locale=pl-PL&currency=PLN&mediaPartnerId=6439681
Warszawa,Barcelona,Hiszpania,Warszawa,2026-05-22,2026-05-29,7,249,195,444,WARS,BCN,WARS,wizzair,wizzair,PLN,EUR,https://www.skyscanner.net/g/referrals/v1/flights/day-view/?origin=wars&destination=bcn&outboundDate=2026-05-22&inboundDate=2026-05-29&market=PL&locale=pl-PL&currency=PLN&mediaPartnerId=6439681
Warszawa,Malaga,Hiszpania,Warszawa,2026-05-16,2026-05-23,7,164,281,445,WARS,AGP,WARS,ryanair,wizzair,PLN,EUR,https://www.skyscanner.net/g/referrals/v1/flights/day-view/?origin=wars&destination=agp&outboundDate=2026-05-16&inboundDate=2026-05-23&market=PL&locale=pl-PL&currency=PLN&mediaPartnerId=6439681
Warszawa,Malaga,Hiszpania,Warszawa,2026-05-16,2026-05-18,2,164,281,445,WARS,AGP,WARS,ryanair,wizzair,PLN,EUR,https://www.skyscanner.net/g/referrals/v1/flights/day-view/?origin=wars&destination=agp&outboundDate=2026-05-16&inboundDate=2026-05-18&market=PL&locale=pl-PL&currency=PLN&mediaPartnerId=6439681
Warszawa,Malaga,Hiszpania,Warszawa,2026-05-16,2026-05-22,6,164,281,445,WARS,AGP,WARS,ryanair,wizzair,PLN,EUR,https://www.skyscanner.net/g/referrals/v1/flights/day-view/?origin=wars&destination=agp&outboundDate=2026-05-16&inboundDate=2026-05-22&market=PL&locale=pl-PL&currency=PLN&mediaPartnerId=6439681
Warszawa,Alicante,Hiszpania,Warszawa,2026-05-15,2026-05-21,6,233,212,445,WARS,ALC,WARS,ryanair,wizzair,PLN,EUR,https://www.skyscanner.net/g/referrals/v1/flights/day-view/?origin=wars&destination=alc&outboundDate=2026-05-15&inboundDate=2026-05-21&market=PL&locale=pl-PL&currency=PLN&mediaPartnerId=6439681
Warszawa,Alicante,Hiszpania,Warszawa,2026-05-16,2026-05-22,6,164,281,445,WARS,ALC,WARS,ryanair,wizzair,PLN,EUR,https://www.skyscanner.net/g/referrals/v1/flights/day-view/?origin=wars&destination=alc&outboundDate=2026-05-16&inboundDate=2026-05-22&market=PL&locale=pl-PL&currency=PLN&mediaPartnerId=6439681
Warszawa,Alicante,Hiszpania,Warszawa,2026-06-23,2026-06-27,4,179,267,446,WARS,ALC,WARS,wizzair,ryanair,PLN,PLN,https://www.skyscanner.net/g/referrals/v1/flights/day-view/?origin=wars&destination=alc&outboundDate=2026-06-23&inboundDate=2026-06-27&market=PL&locale=pl-PL&currency=PLN&mediaPartnerId=6439681
Warszawa,Manchester,Wielka Brytania,Warszawa,2026-08-10,2026-08-17,7,280,167,447,WARS,MAN,WARS,ryanair,ryanair,PLN,PLN,https://www.skyscanner.net/g/referrals/v1/flights/day-view/?origin=wars&destination=man&outboundDate=2026-08-10&inboundDate=2026-08-17&market=PL&locale=pl-PL&currency=PLN&mediaPartnerId=6439681
Warszawa,Alicante,Hiszpania,Warszawa,2026-06-22,2026-06-26,4,209,238,447,WARS,ALC,WARS,wizzair,wizzair,PLN,EUR,https://www.skyscanner.net/g/referrals/v1/flights/day-view/?origin=wars&destination=alc&outboundDate=2026-06-22&inboundDate=2026-06-26&market=PL&locale=pl-PL&currency=PLN&mediaPartnerId=6439681
Warszawa,Alicante,Hiszpania,Warszawa,2026-05-25,2026-05-29,4,209,238,447,WARS,ALC,WARS,wizzair,wizzair,PLN,EUR,https://www.skyscanner.net/g/referrals/v1/flights/day-view/?origin=wars&destination=alc&outboundDate=2026-05-25&inboundDate=2026-05-29&market=PL&locale=pl-PL&currency=PLN&mediaPartnerId=6439681
Warszawa,Alicante,Hiszpania,Warszawa,2026-05-26,2026-05-29,3,209,238,447,WARS,ALC,WARS,wizzair,wizzair,PLN,EUR,https://www.skyscanner.net/g/referrals/v1/flights/day-view/?origin=wars&destination=alc&outboundDate=2026-05-26&inboundDate=2026-05-29&market=PL&locale=pl-PL&currency=PLN&mediaPartnerId=6439681
Warszawa,Barcelona,Hiszpania,Warszawa,2026-05-19,2026-05-21,2,209,238,447,WARS,BCN,WARS,wizzair,wizzair,PLN,EUR,https://www.skyscanner.net/g/referrals/v1/flights/day-view/?origin=wars&destination=bcn&outboundDate=2026-05-19&inboundDate=2026-05-21&market=PL&locale=pl-PL&currency=PLN&mediaPartnerId=6439681
Warszawa,Alicante,Hiszpania,Warszawa,2026-06-10,2026-06-17,7,209,238,447,WARS,ALC,WARS,wizzair,wizzair,PLN,EUR,https://www.skyscanner.net/g/referrals/v1/flights/day-view/?origin=wars&destination=alc&outboundDate=2026-06-10&inboundDate=2026-06-17&market=PL&locale=pl-PL&currency=PLN&mediaPartnerId=6439681
Warszawa,Alicante,Hiszpania,Warszawa,2026-05-26,2026-06-01,6,209,238,447,WARS,ALC,WARS,wizzair,wizzair,PLN,EUR,https://www.skyscanner.net/g/referrals/v1/flights/day-view/?origin=wars&destination=alc&outboundDate=2026-05-26&inboundDate=2026-06-01&market=PL&locale=pl-PL&currency=PLN&mediaPartnerId=6439681
Warszawa,Alicante,Hiszpania,Warszawa,2026-05-25,2026-06-01,7,209,238,447,WARS,ALC,WARS,wizzair,wizzair,PLN,EUR,https://www.skyscanner.net/g/referrals/v1/flights/day-view/?origin=wars&destination=alc&outboundDate=2026-05-25&inboundDate=2026-06-01&market=PL&locale=pl-PL&currency=PLN&mediaPartnerId=6439681
Warszawa,Alicante,Hiszpania,Warszawa,2026-05-24,2026-05-27,3,219,229,448,WARS,ALC,WARS,wizzair,ryanair,PLN,PLN,https://www.skyscanner.net/g/referrals/v1/flights/day-view/?origin=wars&destination=alc&outboundDate=2026-05-24&inboundDate=2026-05-27&market=PL&locale=pl-PL&currency=PLN&mediaPartnerId=6439681
Warszawa,Malaga,Hiszpania,Warszawa,2026-06-11,2026-06-18,7,219,229,448,WARS,AGP,WARS,wizzair,ryanair,PLN,PLN,https://www.skyscanner.net/g/referrals/v1/flights/day-view/?origin=wars&destination=agp&outboundDate=2026-06-11&inboundDate=2026-06-18&market=PL&locale=pl-PL&currency=PLN&mediaPartnerId=6439681
Warszawa,Malaga,Hiszpania,Warszawa,2026-06-16,2026-06-18,2,219,229,448,WARS,AGP,WARS,wizzair,ryanair,PLN,PLN,https://www.skyscanner.net/g/referrals/v1/flights/day-view/?origin=wars&destination=agp&outboundDate=2026-06-16&inboundDate=2026-06-18&market=PL&locale=pl-PL&currency=PLN&mediaPartnerId=6439681
Warszawa,Manchester,Wielka Brytania,Warszawa,2026-06-29,2026-07-06,7,178,271,449,WARS,MAN,WARS,ryanair,ryanair,PLN,PLN,https://www.skyscanner.net/g/referrals/v1/flights/day-view/?origin=wars&destination=man&outboundDate=2026-06-29&inboundDate=2026-07-06&market=PL&locale=pl-PL&currency=PLN&mediaPartnerId=6439681
Warszawa,Alicante,Hiszpania,Warszawa,2026-06-10,2026-06-16,6,209,242,451,WARS,ALC,WARS,wizzair,ryanair,PLN,PLN,https://www.skyscanner.net/g/referrals/v1/flights/day-view/?origin=wars&destination=alc&outboundDate=2026-06-10&inboundDate=2026-06-16&market=PL&locale=pl-PL&currency=PLN&mediaPartnerId=6439681
Warszawa,Malaga,Hiszpania,Warszawa,2026-06-12,2026-06-16,4,269,182,451,WARS,AGP,WARS,wizzair,ryanair,PLN,PLN,https://www.skyscanner.net/g/referrals/v1/flights/day-view/?origin=wars&destination=agp&outboundDate=2026-06-12&inboundDate=2026-06-16&market=PL&locale=pl-PL&currency=PLN&mediaPartnerId=6439681
Warszawa,Malaga,Hiszpania,Warszawa,2026-06-21,2026-06-23,2,219,233,452,WARS,AGP,WARS,wizzair,ryanair,PLN,PLN,https://www.skyscanner.net/g/referrals/v1/flights/day-view/?origin=wars&destination=agp&outboundDate=2026-06-21&inboundDate=2026-06-23&market=PL&locale=pl-PL&currency=PLN&mediaPartnerId=6439681
Warszawa,Malaga,Hiszpania,Warszawa,2026-06-11,2026-06-15,4,219,233,452,WARS,AGP,WARS,wizzair,ryanair,PLN,PLN,https://www.skyscanner.net/g/referrals/v1/flights/day-view/?origin=wars&destination=agp&outboundDate=2026-06-11&inboundDate=2026-06-15&market=PL&locale=pl-PL&currency=PLN&mediaPartnerId=6439681
Warszawa,Alicante,Hiszpania,Warszawa,2026-05-19,2026-05-23,4,219,233,452,WARS,ALC,WARS,wizzair,ryanair,PLN,PLN,https://www.skyscanner.net/g/referrals/v1/flights/day-view/?origin=wars&destination=alc&outboundDate=2026-05-19&inboundDate=2026-05-23&market=PL&locale=pl-PL&currency=PLN&mediaPartnerId=6439681
Warszawa,Malaga,Hiszpania,Warszawa,2026-06-09,2026-06-15,6,219,233,452,WARS,AGP,WARS,wizzair,ryanair,PLN,PLN,https://www.skyscanner.net/g/referrals/v1/flights/day-view/?origin=wars&destination=agp&outboundDate=2026-06-09&inboundDate=2026-06-15&market=PL&locale=pl-PL&currency=PLN&mediaPartnerId=6439681
Warszawa,Malaga,Hiszpania,Warszawa,2026-06-16,2026-06-23,7,219,233,452,WARS,AGP,WARS,wizzair,ryanair,PLN,PLN,https://www.skyscanner.net/g/referrals/v1/flights/day-view/?origin=wars&destination=agp&outboundDate=2026-06-16&inboundDate=2026-06-23&market=PL&locale=pl-PL&currency=PLN&mediaPartnerId=6439681
Warszawa,Malaga,Hiszpania,Warszawa,2026-05-29,2026-06-04,6,289,165,454,WARS,AGP,WARS,wizzair,ryanair,PLN,PLN,https://www.skyscanner.net/g/referrals/v1/flights/day-view/?origin=wars&destination=agp&outboundDate=2026-05-29&inboundDate=2026-06-04&market=PL&locale=pl-PL&currency=PLN&mediaPartnerId=6439681
Warszawa,Malaga,Hiszpania,Warszawa,2026-06-23,2026-06-30,7,219,238,457,WARS,AGP,WARS,wizzair,ryanair,PLN,PLN,https://www.skyscanner.net/g/referrals/v1/flights/day-view/?origin=wars&destination=agp&outboundDate=2026-06-23&inboundDate=2026-06-30&market=PL&locale=pl-PL&currency=PLN&mediaPartnerId=6439681
Warszawa,Alicante,Hiszpania,Warszawa,2026-05-27,2026-05-29,2,219,238,457,WARS,ALC,WARS,wizzair,wizzair,PLN,EUR,https://www.skyscanner.net/g/referrals/v1/flights/day-view/?origin=wars&destination=alc&outboundDate=2026-05-27&inboundDate=2026-05-29&market=PL&locale=pl-PL&currency=PLN&mediaPartnerId=6439681
Warszawa,Alicante,Hiszpania,Warszawa,2026-05-24,2026-05-29,5,219,238,457,WARS,ALC,WARS,wizzair,wizzair,PLN,EUR,https://www.skyscanner.net/g/referrals/v1/flights/day-view/?origin=wars&destination=alc&outboundDate=2026-05-24&inboundDate=2026-05-29&market=PL&locale=pl-PL&currency=PLN&mediaPartnerId=6439681
Warszawa,Leeds,Wielka Brytania,Warszawa,2026-06-27,2026-07-02,5,143,315,458,WARS,LBA,WARS,ryanair,ryanair,PLN,PLN,https://www.skyscanner.net/g/referrals/v1/flights/day-view/?origin=wars&destination=lba&outboundDate=2026-06-27&inboundDate=2026-07-02&market=PL&locale=pl-PL&currency=PLN&mediaPartnerId=6439681
Warszawa,Malaga,Hiszpania,Warszawa,2026-05-30,2026-06-04,5,293,165,458,WARS,AGP,WARS,ryanair,ryanair,PLN,PLN,https://www.skyscanner.net/g/referrals/v1/flights/day-view/?origin=wars&destination=agp&outboundDate=2026-05-30&inboundDate=2026-06-04&market=PL&locale=pl-PL&currency=PLN&mediaPartnerId=6439681
Warszawa,Barcelona,Hiszpania,Warszawa,2026-05-24,2026-05-26,2,289,170,459,WARS,BCN,WARS,wizzair,wizzair,PLN,EUR,https://www.skyscanner.net/g/referrals/v1/flights/day-view/?origin=wars&destination=bcn&outboundDate=2026-05-24&inboundDate=2026-05-26&market=PL&locale=pl-PL&currency=PLN&mediaPartnerId=6439681
Warszawa,Barcelona,Hiszpania,Warszawa,2026-05-24,2026-05-27,3,289,170,459,WARS,BCN,WARS,wizzair,wizzair,PLN,EUR,https://www.skyscanner.net/g/referrals/v1/flights/day-view/?origin=wars&destination=bcn&outboundDate=2026-05-24&inboundDate=2026-05-27&market=PL&locale=pl-PL&currency=PLN&mediaPartnerId=6439681
Warszawa,Barcelona,Hiszpania,Warszawa,2026-05-24,2026-05-28,4,289,170,459,WARS,BCN,WARS,wizzair,wizzair,PLN,EUR,https://www.skyscanner.net/g/referrals/v1/flights/day-view/?origin=wars&destination=bcn&outboundDate=2026-05-24&inboundDate=2026-05-28&market=PL&locale=pl-PL&currency=PLN&mediaPartnerId=6439681
Warszawa,Barcelona,Hiszpania,Warszawa,2026-05-18,2026-05-20,2,179,281,460,WARS,BCN,WARS,wizzair,wizzair,PLN,EUR,https://www.skyscanner.net/g/referrals/v1/flights/day-view/?origin=wars&destination=bcn&outboundDate=2026-05-18&inboundDate=2026-05-20&market=PL&locale=pl-PL&currency=PLN&mediaPartnerId=6439681
Warszawa,Malaga,Hiszpania,Warszawa,2026-05-27,2026-06-03,7,249,212,461,WARS,AGP,WARS,wizzair,wizzair,PLN,EUR,https://www.skyscanner.net/g/referrals/v1/flights/day-view/?origin=wars&destination=agp&outboundDate=2026-05-27&inboundDate=2026-06-03&market=PL&locale=pl-PL&currency=PLN&mediaPartnerId=6439681
Warszawa,Malaga,Hiszpania,Warszawa,2026-06-01,2026-06-03,2,249,212,461,WARS,AGP,WARS,wizzair,wizzair,PLN,EUR,https://www.skyscanner.net/g/referrals/v1/flights/day-view/?origin=wars&destination=agp&outboundDate=2026-06-01&inboundDate=2026-06-03&market=PL&locale=pl-PL&currency=PLN&mediaPartnerId=6439681
Warszawa,Alicante,Hiszpania,Warszawa,2026-05-20,2026-05-26,6,249,212,461,WARS,ALC,WARS,wizzair,wizzair,PLN,EUR,https://www.skyscanner.net/g/referrals/v1/flights/day-view/?origin=wars&destination=alc&outboundDate=2026-05-20&inboundDate=2026-05-26&market=PL&locale=pl-PL&currency=PLN&mediaPartnerId=6439681
Warszawa,Charleroi,Belgia,Warszawa,2026-05-15,2026-05-18,3,333,131,464,WARS,CRL,WARS,ryanair,ryanair,PLN,PLN,https://www.skyscanner.net/g/referrals/v1/flights/day-view/?origin=wars&destination=crl&outboundDate=2026-05-15&inboundDate=2026-05-18&market=PL&locale=pl-PL&currency=PLN&mediaPartnerId=6439681
Warszawa,Barcelona,Hiszpania,Warszawa,2026-05-19,2026-05-22,3,209,255,464,WARS,BCN,WARS,wizzair,wizzair,PLN,EUR,https://www.skyscanner.net/g/referrals/v1/flights/day-view/?origin=wars&destination=bcn&outboundDate=2026-05-19&inboundDate=2026-05-22&market=PL&locale=pl-PL&currency=PLN&mediaPartnerId=6439681
Warszawa,Charleroi,Belgia,Warszawa,2026-05-11,2026-05-18,7,335,131,466,WARS,CRL,WARS,ryanair,ryanair,PLN,PLN,https://www.skyscanner.net/g/referrals/v1/flights/day-view/?origin=wars&destination=crl&outboundDate=2026-05-11&inboundDate=2026-05-18&market=PL&locale=pl-PL&currency=PLN&mediaPartnerId=6439681
Warszawa,Malaga,Hiszpania,Warszawa,2026-06-05,2026-06-11,6,249,221,470,WARS,AGP,WARS,wizzair,ryanair,PLN,PLN,https://www.skyscanner.net/g/referrals/v1/flights/day-view/?origin=wars&destination=agp&outboundDate=2026-06-05&inboundDate=2026-06-11&market=PL&locale=pl-PL&currency=PLN&mediaPartnerId=6439681
Warszawa,Malaga,Hiszpania,Warszawa,2026-06-08,2026-06-11,3,249,221,470,WARS,AGP,WARS,wizzair,ryanair,PLN,PLN,https://www.skyscanner.net/g/referrals/v1/flights/day-view/?origin=wars&destination=agp&outboundDate=2026-06-08&inboundDate=2026-06-11&market=PL&locale=pl-PL&currency=PLN&mediaPartnerId=6439681
Warszawa,Manchester,Wielka Brytania,Warszawa,2026-06-29,2026-07-05,6,178,295,473,WARS,MAN,WARS,ryanair,ryanair,PLN,PLN,https://www.skyscanner.net/g/referrals/v1/flights/day-view/?origin=wars&destination=man&outboundDate=2026-06-29&inboundDate=2026-07-05&market=PL&locale=pl-PL&currency=PLN&mediaPartnerId=6439681
Warszawa,Alicante,Hiszpania,Warszawa,2026-07-10,2026-07-12,2,179,298,477,WARS,ALC,WARS,wizzair,wizzair,PLN,EUR,https://www.skyscanner.net/g/referrals/v1/flights/day-view/?origin=wars&destination=alc&outboundDate=2026-07-10&inboundDate=2026-07-12&market=PL&locale=pl-PL&currency=PLN&mediaPartnerId=6439681
Warszawa,Malaga,Hiszpania,Warszawa,2026-06-15,2026-06-18,3,249,229,478,WARS,AGP,WARS,wizzair,ryanair,PLN,PLN,https://www.skyscanner.net/g/referrals/v1/flights/day-view/?origin=wars&destination=agp&outboundDate=2026-06-15&inboundDate=2026-06-18&market=PL&locale=pl-PL&currency=PLN&mediaPartnerId=6439681
Warszawa,Malaga,Hiszpania,Warszawa,2026-06-14,2026-06-18,4,250,229,479,WARS,AGP,WARS,ryanair,ryanair,PLN,PLN,https://www.skyscanner.net/g/referrals/v1/flights/day-view/?origin=wars&destination=agp&outboundDate=2026-06-14&inboundDate=2026-06-18&market=PL&locale=pl-PL&currency=PLN&mediaPartnerId=6439681
Warszawa,Agadir,Maroko,Warszawa,2026-05-23,2026-05-26,3,219,265,484,WARS,AGA,WARS,wizzair,wizzair,PLN,USD,https://www.skyscanner.net/g/referrals/v1/flights/day-view/?origin=wars&destination=aga&outboundDate=2026-05-23&inboundDate=2026-05-26&market=PL&locale=pl-PL&currency=PLN&mediaPartnerId=6439681
Warszawa,Malaga,Hiszpania,Warszawa,2026-07-25,2026-07-28,3,171,322,493,WARS,AGP,WARS,ryanair,ryanair,PLN,PLN,https://www.skyscanner.net/g/referrals/v1/flights/day-view/?origin=wars&destination=agp&outboundDate=2026-07-25&inboundDate=2026-07-28&market=PL&locale=pl-PL&currency=PLN&mediaPartnerId=6439681
Warszawa,Malaga,Hiszpania,Warszawa,2026-07-11,2026-07-16,5,196,298,494,WARS,AGP,WARS,ryanair,wizzair,PLN,EUR,https://www.skyscanner.net/g/referrals/v1/flights/day-view/?origin=wars&destination=agp&outboundDate=2026-07-11&inboundDate=2026-07-16&market=PL&locale=pl-PL&currency=PLN&mediaPartnerId=6439681
Warszawa,Alicante,Hiszpania,Warszawa,2026-07-23,2026-07-25,2,159,340,499,WARS,ALC,WARS,wizzair,wizzair,PLN,EUR,https://www.skyscanner.net/g/referrals/v1/flights/day-view/?origin=wars&destination=alc&outboundDate=2026-07-23&inboundDate=2026-07-25&market=PL&locale=pl-PL&currency=PLN&mediaPartnerId=6439681
Warszawa,Alicante,Hiszpania,Warszawa,2026-06-29,2026-07-02,3,249,255,504,WARS,ALC,WARS,wizzair,wizzair,PLN,EUR,https://www.skyscanner.net/g/referrals/v1/flights/day-view/?origin=wars&destination=alc&outboundDate=2026-06-29&inboundDate=2026-07-02&market=PL&locale=pl-PL&currency=PLN&mediaPartnerId=6439681
Warszawa,Alicante,Hiszpania,Warszawa,2026-06-24,2026-07-01,7,249,255,504,WARS,ALC,WARS,wizzair,wizzair,PLN,EUR,https://www.skyscanner.net/g/referrals/v1/flights/day-view/?origin=wars&destination=alc&outboundDate=2026-06-24&inboundDate=2026-07-01&market=PL&locale=pl-PL&currency=PLN&mediaPartnerId=6439681
Warszawa,Alicante,Hiszpania,Warszawa,2026-06-29,2026-07-01,2,249,255,504,WARS,ALC,WARS,wizzair,wizzair,PLN,EUR,https://www.skyscanner.net/g/referrals/v1/flights/day-view/?origin=wars&destination=alc&outboundDate=2026-06-29&inboundDate=2026-07-01&market=PL&locale=pl-PL&currency=PLN&mediaPartnerId=6439681
Warszawa,Alicante,Hiszpania,Warszawa,2026-07-08,2026-07-11,3,209,298,507,WARS,ALC,WARS,wizzair,wizzair,PLN,EUR,https://www.skyscanner.net/g/referrals/v1/flights/day-view/?origin=wars&destination=alc&outboundDate=2026-07-08&inboundDate=2026-07-11&market=PL&locale=pl-PL&currency=PLN&mediaPartnerId=6439681
Warszawa,Alicante,Hiszpania,Warszawa,2026-07-03,2026-07-09,6,209,298,507,WARS,ALC,WARS,wizzair,wizzair,PLN,EUR,https://www.skyscanner.net/g/referrals/v1/flights/day-view/?origin=wars&destination=alc&outboundDate=2026-07-03&inboundDate=2026-07-09&market=PL&locale=pl-PL&currency=PLN&mediaPartnerId=6439681
Warszawa,Alicante,Hiszpania,Warszawa,2026-07-08,2026-07-12,4,209,298,507,WARS,ALC,WARS,wizzair,wizzair,PLN,EUR,https://www.skyscanner.net/g/referrals/v1/flights/day-view/?origin=wars&destination=alc&outboundDate=2026-07-08&inboundDate=2026-07-12&market=PL&locale=pl-PL&currency=PLN&mediaPartnerId=6439681
Warszawa,Alicante,Hiszpania,Warszawa,2026-07-07,2026-07-11,4,209,298,507,WARS,ALC,WARS,wizzair,wizzair,PLN,EUR,https://www.skyscanner.net/g/referrals/v1/flights/day-view/?origin=wars&destination=alc&outboundDate=2026-07-07&inboundDate=2026-07-11&market=PL&locale=pl-PL&currency=PLN&mediaPartnerId=6439681
Warszawa,Alicante,Hiszpania,Warszawa,2026-07-07,2026-07-09,2,209,298,507,WARS,ALC,WARS,wizzair,wizzair,PLN,EUR,https://www.skyscanner.net/g/referrals/v1/flights/day-view/?origin=wars&destination=alc&outboundDate=2026-07-07&inboundDate=2026-07-09&market=PL&locale=pl-PL&currency=PLN&mediaPartnerId=6439681
Warszawa,Alicante,Hiszpania,Warszawa,2026-07-07,2026-07-12,5,209,298,507,WARS,ALC,WARS,wizzair,wizzair,PLN,EUR,https://www.skyscanner.net/g/referrals/v1/flights/day-view/?origin=wars&destination=alc&outboundDate=2026-07-07&inboundDate=2026-07-12&market=PL&locale=pl-PL&currency=PLN&mediaPartnerId=6439681
Warszawa,Alicante,Hiszpania,Warszawa,2026-07-26,2026-07-30,4,129,383,512,WARS,ALC,WARS,wizzair,wizzair,PLN,EUR,https://www.skyscanner.net/g/referrals/v1/flights/day-view/?origin=wars&destination=alc&outboundDate=2026-07-26&inboundDate=2026-07-30&market=PL&locale=pl-PL&currency=PLN&mediaPartnerId=6439681
Warszawa,Alicante,Hiszpania,Warszawa,2026-07-26,2026-07-28,2,129,383,512,WARS,ALC,WARS,wizzair,wizzair,PLN,EUR,https://www.skyscanner.net/g/referrals/v1/flights/day-view/?origin=wars&destination=alc&outboundDate=2026-07-26&inboundDate=2026-07-28&market=PL&locale=pl-PL&currency=PLN&mediaPartnerId=6439681
Warszawa,Agadir,Maroko,Warszawa,2026-05-26,2026-06-02,7,249,265,514,WARS,AGA,WARS,wizzair,wizzair,PLN,USD,https://www.skyscanner.net/g/referrals/v1/flights/day-view/?origin=wars&destination=aga&outboundDate=2026-05-26&inboundDate=2026-06-02&market=PL&locale=pl-PL&currency=PLN&mediaPartnerId=6439681
Warszawa,Malaga,Hiszpania,Warszawa,2026-08-01,2026-08-06,5,171,344,515,WARS,AGP,WARS,ryanair,ryanair,PLN,PLN,https://www.skyscanner.net/g/referrals/v1/flights/day-view/?origin=wars&destination=agp&outboundDate=2026-08-01&inboundDate=2026-08-06&market=PL&locale=pl-PL&currency=PLN&mediaPartnerId=6439681
Warszawa,Manchester,Wielka Brytania,Warszawa,2026-08-10,2026-08-16,6,280,236,516,WARS,MAN,WARS,ryanair,ryanair,PLN,PLN,https://www.skyscanner.net/g/referrals/v1/flights/day-view/?origin=wars&destination=man&outboundDate=2026-08-10&inboundDate=2026-08-16&market=PL&locale=pl-PL&currency=PLN&mediaPartnerId=6439681
Warszawa,Alicante,Hiszpania,Warszawa,2026-07-09,2026-07-12,3,219,298,517,WARS,ALC,WARS,wizzair,wizzair,PLN,EUR,https://www.skyscanner.net/g/referrals/v1/flights/day-view/?origin=wars&destination=alc&outboundDate=2026-07-09&inboundDate=2026-07-12&market=PL&locale=pl-PL&currency=PLN&mediaPartnerId=6439681
Warszawa,Barcelona,Hiszpania,Warszawa,2026-08-12,2026-08-19,7,219,298,517,WARS,BCN,WARS,wizzair,wizzair,PLN,EUR,https://www.skyscanner.net/g/referrals/v1/flights/day-view/?origin=wars&destination=bcn&outboundDate=2026-08-12&inboundDate=2026-08-19&market=PL&locale=pl-PL&currency=PLN&mediaPartnerId=6439681
Warszawa,Malaga,Hiszpania,Warszawa,2026-07-02,2026-07-05,3,219,298,517,WARS,AGP,WARS,wizzair,wizzair,PLN,EUR,https://www.skyscanner.net/g/referrals/v1/flights/day-view/?origin=wars&destination=agp&outboundDate=2026-07-02&inboundDate=2026-07-05&market=PL&locale=pl-PL&currency=PLN&mediaPartnerId=6439681
Warszawa,Malaga,Hiszpania,Warszawa,2026-07-10,2026-07-16,6,219,298,517,WARS,AGP,WARS,wizzair,wizzair,PLN,EUR,https://www.skyscanner.net/g/referrals/v1/flights/day-view/?origin=wars&destination=agp&outboundDate=2026-07-10&inboundDate=2026-07-16&market=PL&locale=pl-PL&currency=PLN&mediaPartnerId=6439681
Warszawa,Alicante,Hiszpania,Warszawa,2026-07-09,2026-07-11,2,219,298,517,WARS,ALC,WARS,wizzair,wizzair,PLN,EUR,https://www.skyscanner.net/g/referrals/v1/flights/day-view/?origin=wars&destination=alc&outboundDate=2026-07-09&inboundDate=2026-07-11&market=PL&locale=pl-PL&currency=PLN&mediaPartnerId=6439681
Warszawa,Alicante,Hiszpania,Warszawa,2026-07-10,2026-07-14,4,179,340,519,WARS,ALC,WARS,wizzair,wizzair,PLN,EUR,https://www.skyscanner.net/g/referrals/v1/flights/day-view/?origin=wars&destination=alc&outboundDate=2026-07-10&inboundDate=2026-07-14&market=PL&locale=pl-PL&currency=PLN&mediaPartnerId=6439681
Warszawa,Barcelona,Hiszpania,Warszawa,2026-07-30,2026-08-06,7,179,340,519,WARS,BCN,WARS,wizzair,wizzair,PLN,EUR,https://www.skyscanner.net/g/referrals/v1/flights/day-view/?origin=wars&destination=bcn&outboundDate=2026-07-30&inboundDate=2026-08-06&market=PL&locale=pl-PL&currency=PLN&mediaPartnerId=6439681
Warszawa,Leeds,Wielka Brytania,Warszawa,2026-08-13,2026-08-20,7,323,196,519,WARS,LBA,WARS,ryanair,ryanair,PLN,PLN,https://www.skyscanner.net/g/referrals/v1/flights/day-view/?origin=wars&destination=lba&outboundDate=2026-08-13&inboundDate=2026-08-20&market=PL&locale=pl-PL&currency=PLN&mediaPartnerId=6439681
Warszawa,Barcelona,Hiszpania,Warszawa,2026-07-29,2026-08-04,6,179,340,519,WARS,BCN,WARS,wizzair,wizzair,PLN,EUR,https://www.skyscanner.net/g/referrals/v1/flights/day-view/?origin=wars&destination=bcn&outboundDate=2026-07-29&inboundDate=2026-08-04&market=PL&locale=pl-PL&currency=PLN&mediaPartnerId=6439681
Warszawa,Barcelona,Hiszpania,Warszawa,2026-08-02,2026-08-04,2,179,340,519,WARS,BCN,WARS,wizzair,wizzair,PLN,EUR,https://www.skyscanner.net/g/referrals/v1/flights/day-view/?origin=wars&destination=bcn&outboundDate=2026-08-02&inboundDate=2026-08-04&market=PL&locale=pl-PL&currency=PLN&mediaPartnerId=6439681
Warszawa,Alicante,Hiszpania,Warszawa,2026-07-10,2026-07-15,5,179,340,519,WARS,ALC,WARS,wizzair,wizzair,PLN,EUR,https://www.skyscanner.net/g/referrals/v1/flights/day-view/?origin=wars&destination=alc&outboundDate=2026-07-10&inboundDate=2026-07-15&market=PL&locale=pl-PL&currency=PLN&mediaPartnerId=6439681
Warszawa,Alicante,Hiszpania,Warszawa,2026-07-10,2026-07-13,3,179,340,519,WARS,ALC,WARS,wizzair,wizzair,PLN,EUR,https://www.skyscanner.net/g/referrals/v1/flights/day-view/?origin=wars&destination=alc&outboundDate=2026-07-10&inboundDate=2026-07-13&market=PL&locale=pl-PL&currency=PLN&mediaPartnerId=6439681
Warszawa,Alicante,Hiszpania,Warszawa,2026-07-22,2026-07-25,3,179,340,519,WARS,ALC,WARS,wizzair,wizzair,PLN,EUR,https://www.skyscanner.net/g/referrals/v1/flights/day-view/?origin=wars&destination=alc&outboundDate=2026-07-22&inboundDate=2026-07-25&market=PL&locale=pl-PL&currency=PLN&mediaPartnerId=6439681
Warszawa,Alicante,Hiszpania,Warszawa,2026-07-10,2026-07-16,6,179,340,519,WARS,ALC,WARS,wizzair,wizzair,PLN,EUR,https://www.skyscanner.net/g/referrals/v1/flights/day-view/?origin=wars&destination=alc&outboundDate=2026-07-10&inboundDate=2026-07-16&market=PL&locale=pl-PL&currency=PLN&mediaPartnerId=6439681
Warszawa,Barcelona,Hiszpania,Warszawa,2026-07-30,2026-08-04,5,179,340,519,WARS,BCN,WARS,wizzair,wizzair,PLN,EUR,https://www.skyscanner.net/g/referrals/v1/flights/day-view/?origin=wars&destination=bcn&outboundDate=2026-07-30&inboundDate=2026-08-04&market=PL&locale=pl-PL&currency=PLN&mediaPartnerId=6439681
Warszawa,Barcelona,Hiszpania,Warszawa,2026-08-02,2026-08-06,4,179,340,519,WARS,BCN,WARS,wizzair,wizzair,PLN,EUR,https://www.skyscanner.net/g/referrals/v1/flights/day-view/?origin=wars&destination=bcn&outboundDate=2026-08-02&inboundDate=2026-08-06&market=PL&locale=pl-PL&currency=PLN&mediaPartnerId=6439681
Warszawa,Alicante,Hiszpania,Warszawa,2026-07-28,2026-07-30,2,139,383,522,WARS,ALC,WARS,wizzair,wizzair,PLN,EUR,https://www.skyscanner.net/g/referrals/v1/flights/day-view/?origin=wars&destination=alc&outboundDate=2026-07-28&inboundDate=2026-07-30&market=PL&locale=pl-PL&currency=PLN&mediaPartnerId=6439681
Warszawa,Alicante,Hiszpania,Warszawa,2026-06-29,2026-07-03,4,249,281,530,WARS,ALC,WARS,wizzair,wizzair,PLN,EUR,https://www.skyscanner.net/g/referrals/v1/flights/day-view/?origin=wars&destination=alc&outboundDate=2026-06-29&inboundDate=2026-07-03&market=PL&locale=pl-PL&currency=PLN&mediaPartnerId=6439681
Warszawa,Malaga,Hiszpania,Warszawa,2026-06-30,2026-07-02,2,249,281,530,WARS,AGP,WARS,wizzair,wizzair,PLN,EUR,https://www.skyscanner.net/g/referrals/v1/flights/day-view/?origin=wars&destination=agp&outboundDate=2026-06-30&inboundDate=2026-07-02&market=PL&locale=pl-PL&currency=PLN&mediaPartnerId=6439681
Warszawa,Malaga,Hiszpania,Warszawa,2026-06-27,2026-07-02,5,257,281,538,WARS,AGP,WARS,ryanair,wizzair,PLN,EUR,https://www.skyscanner.net/g/referrals/v1/flights/day-view/?origin=wars&destination=agp&outboundDate=2026-06-27&inboundDate=2026-07-02&market=PL&locale=pl-PL&currency=PLN&mediaPartnerId=6439681
Warszawa,Malaga,Hiszpania,Warszawa,2026-07-23,2026-07-28,5,219,322,541,WARS,AGP,WARS,wizzair,ryanair,PLN,PLN,https://www.skyscanner.net/g/referrals/v1/flights/day-view/?origin=wars&destination=agp&outboundDate=2026-07-23&inboundDate=2026-07-28&market=PL&locale=pl-PL&currency=PLN&mediaPartnerId=6439681
Warszawa,Malaga,Hiszpania,Warszawa,2026-07-21,2026-07-28,7,219,322,541,WARS,AGP,WARS,wizzair,ryanair,PLN,PLN,https://www.skyscanner.net/g/referrals/v1/flights/day-view/?origin=wars&destination=agp&outboundDate=2026-07-21&inboundDate=2026-07-28&market=PL&locale=pl-PL&currency=PLN&mediaPartnerId=6439681
Warszawa,Alicante,Hiszpania,Warszawa,2026-07-23,2026-07-28,5,159,383,542,WARS,ALC,WARS,wizzair,wizzair,PLN,EUR,https://www.skyscanner.net/g/referrals/v1/flights/day-view/?origin=wars&destination=alc&outboundDate=2026-07-23&inboundDate=2026-07-28&market=PL&locale=pl-PL&currency=PLN&mediaPartnerId=6439681
Warszawa,Alicante,Hiszpania,Warszawa,2026-07-23,2026-07-30,7,159,383,542,WARS,ALC,WARS,wizzair,wizzair,PLN,EUR,https://www.skyscanner.net/g/referrals/v1/flights/day-view/?origin=wars&destination=alc&outboundDate=2026-07-23&inboundDate=2026-07-30&market=PL&locale=pl-PL&currency=PLN&mediaPartnerId=6439681
Warszawa,Alicante,Hiszpania,Warszawa,2026-06-30,2026-07-02,2,289,255,544,WARS,ALC,WARS,wizzair,wizzair,PLN,EUR,https://www.skyscanner.net/g/referrals/v1/flights/day-view/?origin=wars&destination=alc&outboundDate=2026-06-30&inboundDate=2026-07-02&market=PL&locale=pl-PL&currency=PLN&mediaPartnerId=6439681
Warszawa,Manchester,Wielka Brytania,Warszawa,2026-08-14,2026-08-17,3,378,167,545,WARS,MAN,WARS,ryanair,ryanair,PLN,PLN,https://www.skyscanner.net/g/referrals/v1/flights/day-view/?origin=wars&destination=man&outboundDate=2026-08-14&inboundDate=2026-08-17&market=PL&locale=pl-PL&currency=PLN&mediaPartnerId=6439681
Warszawa,Malaga,Hiszpania,Warszawa,2026-07-13,2026-07-16,3,249,298,547,WARS,AGP,WARS,wizzair,wizzair,PLN,EUR,https://www.skyscanner.net/g/referrals/v1/flights/day-view/?origin=wars&destination=agp&outboundDate=2026-07-13&inboundDate=2026-07-16&market=PL&locale=pl-PL&currency=PLN&mediaPartnerId=6439681
Warszawa,Malaga,Hiszpania,Warszawa,2026-06-24,2026-07-01,7,249,298,547,WARS,AGP,WARS,wizzair,wizzair,PLN,EUR,https://www.skyscanner.net/g/referrals/v1/flights/day-view/?origin=wars&destination=agp&outboundDate=2026-06-24&inboundDate=2026-07-01&market=PL&locale=pl-PL&currency=PLN&mediaPartnerId=6439681
Warszawa,Manchester,Wielka Brytania,Warszawa,2026-06-28,2026-07-05,7,252,295,547,WARS,MAN,WARS,ryanair,ryanair,PLN,PLN,https://www.skyscanner.net/g/referrals/v1/flights/day-view/?origin=wars&destination=man&outboundDate=2026-06-28&inboundDate=2026-07-05&market=PL&locale=pl-PL&currency=PLN&mediaPartnerId=6439681
Warszawa,Alicante,Hiszpania,Warszawa,2026-07-11,2026-07-14,3,207,340,547,WARS,ALC,WARS,ryanair,wizzair,PLN,EUR,https://www.skyscanner.net/g/referrals/v1/flights/day-view/?origin=wars&destination=alc&outboundDate=2026-07-11&inboundDate=2026-07-14&market=PL&locale=pl-PL&currency=PLN&mediaPartnerId=6439681
Warszawa,Alicante,Hiszpania,Warszawa,2026-07-11,2026-07-13,2,207,340,547,WARS,ALC,WARS,ryanair,wizzair,PLN,EUR,https://www.skyscanner.net/g/referrals/v1/flights/day-view/?origin=wars&destination=alc&outboundDate=2026-07-11&inboundDate=2026-07-13&market=PL&locale=pl-PL&currency=PLN&mediaPartnerId=6439681
Warszawa,Alicante,Hiszpania,Warszawa,2026-07-11,2026-07-15,4,207,340,547,WARS,ALC,WARS,ryanair,wizzair,PLN,EUR,https://www.skyscanner.net/g/referrals/v1/flights/day-view/?origin=wars&destination=alc&outboundDate=2026-07-11&inboundDate=2026-07-15&market=PL&locale=pl-PL&currency=PLN&mediaPartnerId=6439681
Warszawa,Alicante,Hiszpania,Warszawa,2026-07-11,2026-07-16,5,207,340,547,WARS,ALC,WARS,ryanair,wizzair,PLN,EUR,https://www.skyscanner.net/g/referrals/v1/flights/day-view/?origin=wars&destination=alc&outboundDate=2026-07-11&inboundDate=2026-07-16&market=PL&locale=pl-PL&currency=PLN&mediaPartnerId=6439681
Warszawa,Alicante,Hiszpania,Warszawa,2026-07-02,2026-07-09,7,249,298,547,WARS,ALC,WARS,wizzair,wizzair,PLN,EUR,https://www.skyscanner.net/g/referrals/v1/flights/day-view/?origin=wars&destination=alc&outboundDate=2026-07-02&inboundDate=2026-07-09&market=PL&locale=pl-PL&currency=PLN&mediaPartnerId=6439681
Warszawa,Malaga,Hiszpania,Warszawa,2026-07-09,2026-07-16,7,249,298,547,WARS,AGP,WARS,wizzair,wizzair,PLN,EUR,https://www.skyscanner.net/g/referrals/v1/flights/day-view/?origin=wars&destination=agp&outboundDate=2026-07-09&inboundDate=2026-07-16&market=PL&locale=pl-PL&currency=PLN&mediaPartnerId=6439681
Warszawa,Malaga,Hiszpania,Warszawa,2026-06-30,2026-07-05,5,249,298,547,WARS,AGP,WARS,wizzair,wizzair,PLN,EUR,https://www.skyscanner.net/g/referrals/v1/flights/day-view/?origin=wars&destination=agp&outboundDate=2026-06-30&inboundDate=2026-07-05&market=PL&locale=pl-PL&currency=PLN&mediaPartnerId=6439681
Warszawa,Alicante,Hiszpania,Warszawa,2026-06-27,2026-07-01,4,293,255,548,WARS,ALC,WARS,ryanair,wizzair,PLN,EUR,https://www.skyscanner.net/g/referrals/v1/flights/day-view/?origin=wars&destination=alc&outboundDate=2026-06-27&inboundDate=2026-07-01&market=PL&locale=pl-PL&currency=PLN&mediaPartnerId=6439681
Warszawa,Alicante,Hiszpania,Warszawa,2026-06-27,2026-07-02,5,293,255,548,WARS,ALC,WARS,ryanair,wizzair,PLN,EUR,https://www.skyscanner.net/g/referrals/v1/flights/day-view/?origin=wars&destination=alc&outboundDate=2026-06-27&inboundDate=2026-07-02&market=PL&locale=pl-PL&currency=PLN&mediaPartnerId=6439681
Warszawa,Alicante,Hiszpania,Warszawa,2026-07-07,2026-07-13,6,209,340,549,WARS,ALC,WARS,wizzair,wizzair,PLN,EUR,https://www.skyscanner.net/g/referrals/v1/flights/day-view/?origin=wars&destination=alc&outboundDate=2026-07-07&inboundDate=2026-07-13&market=PL&locale=pl-PL&currency=PLN&mediaPartnerId=6439681
Warszawa,Alicante,Hiszpania,Warszawa,2026-07-07,2026-07-10,3,209,340,549,WARS,ALC,WARS,wizzair,wizzair,PLN,EUR,https://www.skyscanner.net/g/referrals/v1/flights/day-view/?origin=wars&destination=alc&outboundDate=2026-07-07&inboundDate=2026-07-10&market=PL&locale=pl-PL&currency=PLN&mediaPartnerId=6439681
Warszawa,Alicante,Hiszpania,Warszawa,2026-07-03,2026-07-10,7,209,340,549,WARS,ALC,WARS,wizzair,wizzair,PLN,EUR,https://www.skyscanner.net/g/referrals/v1/flights/day-view/?origin=wars&destination=alc&outboundDate=2026-07-03&inboundDate=2026-07-10&market=PL&locale=pl-PL&currency=PLN&mediaPartnerId=6439681
Warszawa,Alicante,Hiszpania,Warszawa,2026-07-03,2026-07-07,4,209,340,549,WARS,ALC,WARS,wizzair,wizzair,PLN,EUR,https://www.skyscanner.net/g/referrals/v1/flights/day-view/?origin=wars&destination=alc&outboundDate=2026-07-03&inboundDate=2026-07-07&market=PL&locale=pl-PL&currency=PLN&mediaPartnerId=6439681
Warszawa,Barcelona,Hiszpania,Warszawa,2026-07-28,2026-08-04,7,209,340,549,WARS,BCN,WARS,wizzair,wizzair,PLN,EUR,https://www.skyscanner.net/g/referrals/v1/flights/day-view/?origin=wars&destination=bcn&outboundDate=2026-07-28&inboundDate=2026-08-04&market=PL&locale=pl-PL&currency=PLN&mediaPartnerId=6439681
Warszawa,Alicante,Hiszpania,Warszawa,2026-07-03,2026-07-08,5,209,340,549,WARS,ALC,WARS,wizzair,wizzair,PLN,EUR,https://www.skyscanner.net/g/referrals/v1/flights/day-view/?origin=wars&destination=alc&outboundDate=2026-07-03&inboundDate=2026-07-08&market=PL&locale=pl-PL&currency=PLN&mediaPartnerId=6439681
Warszawa,Malaga,Hiszpania,Warszawa,2026-06-26,2026-07-02,6,269,281,550,WARS,AGP,WARS,wizzair,wizzair,PLN,EUR,https://www.skyscanner.net/g/referrals/v1/flights/day-view/?origin=wars&destination=agp&outboundDate=2026-06-26&inboundDate=2026-07-02&market=PL&locale=pl-PL&currency=PLN&mediaPartnerId=6439681
Warszawa,Malaga,Hiszpania,Warszawa,2026-06-25,2026-07-02,7,269,281,550,WARS,AGP,WARS,wizzair,wizzair,PLN,EUR,https://www.skyscanner.net/g/referrals/v1/flights/day-view/?origin=wars&destination=agp&outboundDate=2026-06-25&inboundDate=2026-07-02&market=PL&locale=pl-PL&currency=PLN&mediaPartnerId=6439681
Warszawa,Malaga,Hiszpania,Warszawa,2026-07-25,2026-07-29,4,171,383,554,WARS,AGP,WARS,ryanair,wizzair,PLN,EUR,https://www.skyscanner.net/g/referrals/v1/flights/day-view/?origin=wars&destination=agp&outboundDate=2026-07-25&inboundDate=2026-07-29&market=PL&locale=pl-PL&currency=PLN&mediaPartnerId=6439681
Warszawa,Malaga,Hiszpania,Warszawa,2026-07-25,2026-07-30,5,171,383,554,WARS,AGP,WARS,ryanair,wizzair,PLN,EUR,https://www.skyscanner.net/g/referrals/v1/flights/day-view/?origin=wars&destination=agp&outboundDate=2026-07-25&inboundDate=2026-07-30&market=PL&locale=pl-PL&currency=PLN&mediaPartnerId=6439681
Warszawa,Alicante,Hiszpania,Warszawa,2026-07-26,2026-08-01,6,129,425,554,WARS,ALC,WARS,wizzair,wizzair,PLN,EUR,https://www.skyscanner.net/g/referrals/v1/flights/day-view/?origin=wars&destination=alc&outboundDate=2026-07-26&inboundDate=2026-08-01&market=PL&locale=pl-PL&currency=PLN&mediaPartnerId=6439681
Warszawa,Malaga,Hiszpania,Warszawa,2026-06-27,2026-07-01,4,257,298,555,WARS,AGP,WARS,ryanair,wizzair,PLN,EUR,https://www.skyscanner.net/g/referrals/v1/flights/day-view/?origin=wars&destination=agp&outboundDate=2026-06-27&inboundDate=2026-07-01&market=PL&locale=pl-PL&currency=PLN&mediaPartnerId=6439681
Warszawa,Malaga,Hiszpania,Warszawa,2026-08-01,2026-08-04,3,171,387,558,WARS,AGP,WARS,ryanair,ryanair,PLN,PLN,https://www.skyscanner.net/g/referrals/v1/flights/day-view/?origin=wars&destination=agp&outboundDate=2026-08-01&inboundDate=2026-08-04&market=PL&locale=pl-PL&currency=PLN&mediaPartnerId=6439681
Warszawa,Barcelona,Hiszpania,Warszawa,2026-08-12,2026-08-18,6,219,340,559,WARS,BCN,WARS,wizzair,wizzair,PLN,EUR,https://www.skyscanner.net/g/referrals/v1/flights/day-view/?origin=wars&destination=bcn&outboundDate=2026-08-12&inboundDate=2026-08-18&market=PL&locale=pl-PL&currency=PLN&mediaPartnerId=6439681
Warszawa,Barcelona,Hiszpania,Warszawa,2026-07-31,2026-08-04,4,219,340,559,WARS,BCN,WARS,wizzair,wizzair,PLN,EUR,https://www.skyscanner.net/g/referrals/v1/flights/day-view/?origin=wars&destination=bcn&outboundDate=2026-07-31&inboundDate=2026-08-04&market=PL&locale=pl-PL&currency=PLN&mediaPartnerId=6439681
Warszawa,Barcelona,Hiszpania,Warszawa,2026-07-31,2026-08-06,6,219,340,559,WARS,BCN,WARS,wizzair,wizzair,PLN,EUR,https://www.skyscanner.net/g/referrals/v1/flights/day-view/?origin=wars&destination=bcn&outboundDate=2026-07-31&inboundDate=2026-08-06&market=PL&locale=pl-PL&currency=PLN&mediaPartnerId=6439681
Warszawa,Leeds,Wielka Brytania,Warszawa,2026-08-20,2026-08-24,4,447,113,560,WARS,LBA,WARS,ryanair,ryanair,PLN,PLN,https://www.skyscanner.net/g/referrals/v1/flights/day-view/?origin=wars&destination=lba&outboundDate=2026-08-20&inboundDate=2026-08-24&market=PL&locale=pl-PL&currency=PLN&mediaPartnerId=6439681
Warszawa,Barcelona,Hiszpania,Warszawa,2026-07-29,2026-08-02,4,179,383,562,WARS,BCN,WARS,wizzair,wizzair,PLN,EUR,https://www.skyscanner.net/g/referrals/v1/flights/day-view/?origin=wars&destination=bcn&outboundDate=2026-07-29&inboundDate=2026-08-02&market=PL&locale=pl-PL&currency=PLN&mediaPartnerId=6439681
Warszawa,Barcelona,Hiszpania,Warszawa,2026-08-02,2026-08-05,3,179,383,562,WARS,BCN,WARS,wizzair,wizzair,PLN,EUR,https://www.skyscanner.net/g/referrals/v1/flights/day-view/?origin=wars&destination=bcn&outboundDate=2026-08-02&inboundDate=2026-08-05&market=PL&locale=pl-PL&currency=PLN&mediaPartnerId=6439681
Warszawa,Barcelona,Hiszpania,Warszawa,2026-07-30,2026-08-05,6,179,383,562,WARS,BCN,WARS,wizzair,wizzair,PLN,EUR,https://www.skyscanner.net/g/referrals/v1/flights/day-view/?origin=wars&destination=bcn&outboundDate=2026-07-30&inboundDate=2026-08-05&market=PL&locale=pl-PL&currency=PLN&mediaPartnerId=6439681
Warszawa,Barcelona,Hiszpania,Warszawa,2026-07-26,2026-08-02,7,179,383,562,WARS,BCN,WARS,wizzair,wizzair,PLN,EUR,https://www.skyscanner.net/g/referrals/v1/flights/day-view/?origin=wars&destination=bcn&outboundDate=2026-07-26&inboundDate=2026-08-02&market=PL&locale=pl-PL&currency=PLN&mediaPartnerId=6439681
Warszawa,Barcelona,Hiszpania,Warszawa,2026-07-27,2026-08-02,6,179,383,562,WARS,BCN,WARS,wizzair,wizzair,PLN,EUR,https://www.skyscanner.net/g/referrals/v1/flights/day-view/?origin=wars&destination=bcn&outboundDate=2026-07-27&inboundDate=2026-08-02&market=PL&locale=pl-PL&currency=PLN&mediaPartnerId=6439681
Warszawa,Barcelona,Hiszpania,Warszawa,2026-07-29,2026-08-05,7,179,383,562,WARS,BCN,WARS,wizzair,wizzair,PLN,EUR,https://www.skyscanner.net/g/referrals/v1/flights/day-view/?origin=wars&destination=bcn&outboundDate=2026-07-29&inboundDate=2026-08-05&market=PL&locale=pl-PL&currency=PLN&mediaPartnerId=6439681
Warszawa,Barcelona,Hiszpania,Warszawa,2026-07-30,2026-08-02,3,179,383,562,WARS,BCN,WARS,wizzair,wizzair,PLN,EUR,https://www.skyscanner.net/g/referrals/v1/flights/day-view/?origin=wars&destination=bcn&outboundDate=2026-07-30&inboundDate=2026-08-02&market=PL&locale=pl-PL&currency=PLN&mediaPartnerId=6439681
Warszawa,Alicante,Hiszpania,Warszawa,2026-07-28,2026-08-01,4,139,425,564,WARS,ALC,WARS,wizzair,wizzair,PLN,EUR,https://www.skyscanner.net/g/referrals/v1/flights/day-view/?origin=wars&destination=alc&outboundDate=2026-07-28&inboundDate=2026-08-01&market=PL&locale=pl-PL&currency=PLN&mediaPartnerId=6439681
Warszawa,Malaga,Hiszpania,Warszawa,2026-07-25,2026-07-27,2,171,395,566,WARS,AGP,WARS,ryanair,ryanair,PLN,PLN,https://www.skyscanner.net/g/referrals/v1/flights/day-view/?origin=wars&destination=agp&outboundDate=2026-07-25&inboundDate=2026-07-27&market=PL&locale=pl-PL&currency=PLN&mediaPartnerId=6439681
Warszawa,Malaga,Hiszpania,Warszawa,2026-07-16,2026-07-20,4,219,348,567,WARS,AGP,WARS,wizzair,ryanair,PLN,PLN,https://www.skyscanner.net/g/referrals/v1/flights/day-view/?origin=wars&destination=agp&outboundDate=2026-07-16&inboundDate=2026-07-20&market=PL&locale=pl-PL&currency=PLN&mediaPartnerId=6439681
Warszawa,Malaga,Hiszpania,Warszawa,2026-06-26,2026-07-01,5,269,298,567,WARS,AGP,WARS,wizzair,wizzair,PLN,EUR,https://www.skyscanner.net/g/referrals/v1/flights/day-view/?origin=wars&destination=agp&outboundDate=2026-06-26&inboundDate=2026-07-01&market=PL&locale=pl-PL&currency=PLN&mediaPartnerId=6439681
Warszawa,Barcelona,Hiszpania,Warszawa,2026-08-13,2026-08-19,6,269,298,567,WARS,BCN,WARS,wizzair,wizzair,PLN,EUR,https://www.skyscanner.net/g/referrals/v1/flights/day-view/?origin=wars&destination=bcn&outboundDate=2026-08-13&inboundDate=2026-08-19&market=PL&locale=pl-PL&currency=PLN&mediaPartnerId=6439681
Warszawa,Malaga,Hiszpania,Warszawa,2026-07-12,2026-07-16,4,269,298,567,WARS,AGP,WARS,wizzair,wizzair,PLN,EUR,https://www.skyscanner.net/g/referrals/v1/flights/day-view/?origin=wars&destination=agp&outboundDate=2026-07-12&inboundDate=2026-07-16&market=PL&locale=pl-PL&currency=PLN&mediaPartnerId=6439681
Warszawa,Malaga,Hiszpania,Warszawa,2026-07-17,2026-07-20,3,219,348,567,WARS,AGP,WARS,wizzair,ryanair,PLN,PLN,https://www.skyscanner.net/g/referrals/v1/flights/day-view/?origin=wars&destination=agp&outboundDate=2026-07-17&inboundDate=2026-07-20&market=PL&locale=pl-PL&currency=PLN&mediaPartnerId=6439681
Warszawa,Barcelona,Hiszpania,Warszawa,2026-08-14,2026-08-21,7,269,298,567,WARS,BCN,WARS,wizzair,wizzair,PLN,EUR,https://www.skyscanner.net/g/referrals/v1/flights/day-view/?origin=wars&destination=bcn&outboundDate=2026-08-14&inboundDate=2026-08-21&market=PL&locale=pl-PL&currency=PLN&mediaPartnerId=6439681
Warszawa,Barcelona,Hiszpania,Warszawa,2026-08-14,2026-08-19,5,269,298,567,WARS,BCN,WARS,wizzair,wizzair,PLN,EUR,https://www.skyscanner.net/g/referrals/v1/flights/day-view/?origin=wars&destination=bcn&outboundDate=2026-08-14&inboundDate=2026-08-19&market=PL&locale=pl-PL&currency=PLN&mediaPartnerId=6439681
Warszawa,Malaga,Hiszpania,Warszawa,2026-06-25,2026-07-01,6,269,298,567,WARS,AGP,WARS,wizzair,wizzair,PLN,EUR,https://www.skyscanner.net/g/referrals/v1/flights/day-view/?origin=wars&destination=agp&outboundDate=2026-06-25&inboundDate=2026-07-01&market=PL&locale=pl-PL&currency=PLN&mediaPartnerId=6439681
Warszawa,Malaga,Hiszpania,Warszawa,2026-07-18,2026-07-20,2,219,348,567,WARS,AGP,WARS,wizzair,ryanair,PLN,PLN,https://www.skyscanner.net/g/referrals/v1/flights/day-view/?origin=wars&destination=agp&outboundDate=2026-07-18&inboundDate=2026-07-20&market=PL&locale=pl-PL&currency=PLN&mediaPartnerId=6439681
Warszawa,Malaga,Hiszpania,Warszawa,2026-06-28,2026-07-02,4,289,281,570,WARS,AGP,WARS,wizzair,wizzair,PLN,EUR,https://www.skyscanner.net/g/referrals/v1/flights/day-view/?origin=wars&destination=agp&outboundDate=2026-06-28&inboundDate=2026-07-02&market=PL&locale=pl-PL&currency=PLN&mediaPartnerId=6439681
Warszawa,Barcelona,Hiszpania,Warszawa,2026-08-18,2026-08-25,7,289,281,570,WARS,BCN,WARS,wizzair,wizzair,PLN,EUR,https://www.skyscanner.net/g/referrals/v1/flights/day-view/?origin=wars&destination=bcn&outboundDate=2026-08-18&inboundDate=2026-08-25&market=PL&locale=pl-PL&currency=PLN&mediaPartnerId=6439681
Warszawa,Malaga,Hiszpania,Warszawa,2026-07-26,2026-07-28,2,249,322,571,WARS,AGP,WARS,wizzair,ryanair,PLN,PLN,https://www.skyscanner.net/g/referrals/v1/flights/day-view/?origin=wars&destination=agp&outboundDate=2026-07-26&inboundDate=2026-07-28&market=PL&locale=pl-PL&currency=PLN&mediaPartnerId=6439681
Warszawa,Malaga,Hiszpania,Warszawa,2026-07-22,2026-07-28,6,249,322,571,WARS,AGP,WARS,wizzair,ryanair,PLN,PLN,https://www.skyscanner.net/g/referrals/v1/flights/day-view/?origin=wars&destination=agp&outboundDate=2026-07-22&inboundDate=2026-07-28&market=PL&locale=pl-PL&currency=PLN&mediaPartnerId=6439681
Warszawa,Leeds,Wielka Brytania,Warszawa,2026-08-13,2026-08-17,4,323,249,572,WARS,LBA,WARS,ryanair,ryanair,PLN,PLN,https://www.skyscanner.net/g/referrals/v1/flights/day-view/?origin=wars&destination=lba&outboundDate=2026-08-13&inboundDate=2026-08-17&market=PL&locale=pl-PL&currency=PLN&mediaPartnerId=6439681
Warszawa,Leeds,Wielka Brytania,Warszawa,2026-08-20,2026-08-27,7,447,127,574,WARS,LBA,WARS,ryanair,ryanair,PLN,PLN,https://www.skyscanner.net/g/referrals/v1/flights/day-view/?origin=wars&destination=lba&outboundDate=2026-08-20&inboundDate=2026-08-27&market=PL&locale=pl-PL&currency=PLN&mediaPartnerId=6439681
Warszawa,Malaga,Hiszpania,Warszawa,2026-07-23,2026-07-26,3,219,357,576,WARS,AGP,WARS,wizzair,ryanair,PLN,PLN,https://www.skyscanner.net/g/referrals/v1/flights/day-view/?origin=wars&destination=agp&outboundDate=2026-07-23&inboundDate=2026-07-26&market=PL&locale=pl-PL&currency=PLN&mediaPartnerId=6439681
Warszawa,Malaga,Hiszpania,Warszawa,2026-07-20,2026-07-26,6,219,357,576,WARS,AGP,WARS,wizzair,ryanair,PLN,PLN,https://www.skyscanner.net/g/referrals/v1/flights/day-view/?origin=wars&destination=agp&outboundDate=2026-07-20&inboundDate=2026-07-26&market=PL&locale=pl-PL&currency=PLN&mediaPartnerId=6439681
Warszawa,Malaga,Hiszpania,Warszawa,2026-07-21,2026-07-26,5,219,357,576,WARS,AGP,WARS,wizzair,ryanair,PLN,PLN,https://www.skyscanner.net/g/referrals/v1/flights/day-view/?origin=wars&destination=agp&outboundDate=2026-07-21&inboundDate=2026-07-26&market=PL&locale=pl-PL&currency=PLN&mediaPartnerId=6439681
Warszawa,Malaga,Hiszpania,Warszawa,2026-08-29,2026-08-31,2,204,374,578,WARS,AGP,WARS,ryanair,ryanair,PLN,PLN,https://www.skyscanner.net/g/referrals/v1/flights/day-view/?origin=wars&destination=agp&outboundDate=2026-08-29&inboundDate=2026-08-31&market=PL&locale=pl-PL&currency=PLN&mediaPartnerId=6439681
Warszawa,Alicante,Hiszpania,Warszawa,2026-08-06,2026-08-11,5,239,340,579,WARS,ALC,WARS,ryanair,wizzair,PLN,EUR,https://www.skyscanner.net/g/referrals/v1/flights/day-view/?origin=wars&destination=alc&outboundDate=2026-08-06&inboundDate=2026-08-11&market=PL&locale=pl-PL&currency=PLN&mediaPartnerId=6439681
Warszawa,Malaga,Hiszpania,Warszawa,2026-07-11,2026-07-15,4,196,383,579,WARS,AGP,WARS,ryanair,wizzair,PLN,EUR,https://www.skyscanner.net/g/referrals/v1/flights/day-view/?origin=wars&destination=agp&outboundDate=2026-07-11&inboundDate=2026-07-15&market=PL&locale=pl-PL&currency=PLN&mediaPartnerId=6439681
Warszawa,Alicante,Hiszpania,Warszawa,2026-08-06,2026-08-12,6,239,340,579,WARS,ALC,WARS,ryanair,wizzair,PLN,EUR,https://www.skyscanner.net/g/referrals/v1/flights/day-view/?origin=wars&destination=alc&outboundDate=2026-08-06&inboundDate=2026-08-12&market=PL&locale=pl-PL&currency=PLN&mediaPartnerId=6439681
Warszawa,Malaga,Hiszpania,Warszawa,2026-07-02,2026-07-07,5,219,361,580,WARS,AGP,WARS,wizzair,ryanair,PLN,PLN,https://www.skyscanner.net/g/referrals/v1/flights/day-view/?origin=wars&destination=agp&outboundDate=2026-07-02&inboundDate=2026-07-07&market=PL&locale=pl-PL&currency=PLN&mediaPartnerId=6439681
Warszawa,Leeds,Wielka Brytania,Warszawa,2026-08-20,2026-08-22,2,447,133,580,WARS,LBA,WARS,ryanair,ryanair,PLN,PLN,https://www.skyscanner.net/g/referrals/v1/flights/day-view/?origin=wars&destination=lba&outboundDate=2026-08-20&inboundDate=2026-08-22&market=PL&locale=pl-PL&currency=PLN&mediaPartnerId=6439681
Warszawa,Malaga,Hiszpania,Warszawa,2026-07-04,2026-07-07,3,219,361,580,WARS,AGP,WARS,wizzair,ryanair,PLN,PLN,https://www.skyscanner.net/g/referrals/v1/flights/day-view/?origin=wars&destination=agp&outboundDate=2026-07-04&inboundDate=2026-07-07&market=PL&locale=pl-PL&currency=PLN&mediaPartnerId=6439681
Warszawa,Malaga,Hiszpania,Warszawa,2026-08-08,2026-08-11,3,204,378,582,WARS,AGP,WARS,ryanair,ryanair,PLN,PLN,https://www.skyscanner.net/g/referrals/v1/flights/day-view/?origin=wars&destination=agp&outboundDate=2026-08-08&inboundDate=2026-08-11&market=PL&locale=pl-PL&currency=PLN&mediaPartnerId=6439681
Warszawa,Malaga,Hiszpania,Warszawa,2026-07-14,2026-07-16,2,289,298,587,WARS,AGP,WARS,wizzair,wizzair,PLN,EUR,https://www.skyscanner.net/g/referrals/v1/flights/day-view/?origin=wars&destination=agp&outboundDate=2026-07-14&inboundDate=2026-07-16&market=PL&locale=pl-PL&currency=PLN&mediaPartnerId=6439681
Warszawa,Malaga,Hiszpania,Warszawa,2026-07-03,2026-07-05,2,289,298,587,WARS,AGP,WARS,wizzair,wizzair,PLN,EUR,https://www.skyscanner.net/g/referrals/v1/flights/day-view/?origin=wars&destination=agp&outboundDate=2026-07-03&inboundDate=2026-07-05&market=PL&locale=pl-PL&currency=PLN&mediaPartnerId=6439681
Warszawa,Malaga,Hiszpania,Warszawa,2026-06-28,2026-07-05,7,289,298,587,WARS,AGP,WARS,wizzair,wizzair,PLN,EUR,https://www.skyscanner.net/g/referrals/v1/flights/day-view/?origin=wars&destination=agp&outboundDate=2026-06-28&inboundDate=2026-07-05&market=PL&locale=pl-PL&currency=PLN&mediaPartnerId=6439681
Warszawa,Malaga,Hiszpania,Warszawa,2026-06-28,2026-07-01,3,289,298,587,WARS,AGP,WARS,wizzair,wizzair,PLN,EUR,https://www.skyscanner.net/g/referrals/v1/flights/day-view/?origin=wars&destination=agp&outboundDate=2026-06-28&inboundDate=2026-07-01&market=PL&locale=pl-PL&currency=PLN&mediaPartnerId=6439681
Warszawa,Barcelona,Hiszpania,Warszawa,2026-08-18,2026-08-21,3,289,298,587,WARS,BCN,WARS,wizzair,wizzair,PLN,EUR,https://www.skyscanner.net/g/referrals/v1/flights/day-view/?origin=wars&destination=bcn&outboundDate=2026-08-18&inboundDate=2026-08-21&market=PL&locale=pl-PL&currency=PLN&mediaPartnerId=6439681
Warszawa,Barcelona,Hiszpania,Warszawa,2026-08-16,2026-08-22,6,289,298,587,WARS,BCN,WARS,wizzair,wizzair,PLN,EUR,https://www.skyscanner.net/g/referrals/v1/flights/day-view/?origin=wars&destination=bcn&outboundDate=2026-08-16&inboundDate=2026-08-22&market=PL&locale=pl-PL&currency=PLN&mediaPartnerId=6439681
Warszawa,Barcelona,Hiszpania,Warszawa,2026-08-16,2026-08-19,3,289,298,587,WARS,BCN,WARS,wizzair,wizzair,PLN,EUR,https://www.skyscanner.net/g/referrals/v1/flights/day-view/?origin=wars&destination=bcn&outboundDate=2026-08-16&inboundDate=2026-08-19&market=PL&locale=pl-PL&currency=PLN&mediaPartnerId=6439681
Warszawa,Barcelona,Hiszpania,Warszawa,2026-08-16,2026-08-21,5,289,298,587,WARS,BCN,WARS,wizzair,wizzair,PLN,EUR,https://www.skyscanner.net/g/referrals/v1/flights/day-view/?origin=wars&destination=bcn&outboundDate=2026-08-16&inboundDate=2026-08-21&market=PL&locale=pl-PL&currency=PLN&mediaPartnerId=6439681
Warszawa,Barcelona,Hiszpania,Warszawa,2026-08-18,2026-08-22,4,289,298,587,WARS,BCN,WARS,wizzair,wizzair,PLN,EUR,https://www.skyscanner.net/g/referrals/v1/flights/day-view/?origin=wars&destination=bcn&outboundDate=2026-08-18&inboundDate=2026-08-22&market=PL&locale=pl-PL&currency=PLN&mediaPartnerId=6439681
Warszawa,Barcelona,Hiszpania,Warszawa,2026-08-03,2026-08-06,3,249,340,589,WARS,BCN,WARS,wizzair,wizzair,PLN,EUR,https://www.skyscanner.net/g/referrals/v1/flights/day-view/?origin=wars&destination=bcn&outboundDate=2026-08-03&inboundDate=2026-08-06&market=PL&locale=pl-PL&currency=PLN&mediaPartnerId=6439681
Warszawa,Barcelona,Hiszpania,Warszawa,2026-08-19,2026-08-26,7,309,281,590,WARS,BCN,WARS,wizzair,wizzair,PLN,EUR,https://www.skyscanner.net/g/referrals/v1/flights/day-view/?origin=wars&destination=bcn&outboundDate=2026-08-19&inboundDate=2026-08-26&market=PL&locale=pl-PL&currency=PLN&mediaPartnerId=6439681
Warszawa,Barcelona,Hiszpania,Warszawa,2026-08-19,2026-08-25,6,309,281,590,WARS,BCN,WARS,wizzair,wizzair,PLN,EUR,https://www.skyscanner.net/g/referrals/v1/flights/day-view/?origin=wars&destination=bcn&outboundDate=2026-08-19&inboundDate=2026-08-25&market=PL&locale=pl-PL&currency=PLN&mediaPartnerId=6439681
Warszawa,Barcelona,Hiszpania,Warszawa,2026-07-28,2026-08-02,5,209,383,592,WARS,BCN,WARS,wizzair,wizzair,PLN,EUR,https://www.skyscanner.net/g/referrals/v1/flights/day-view/?origin=wars&destination=bcn&outboundDate=2026-07-28&inboundDate=2026-08-02&market=PL&locale=pl-PL&currency=PLN&mediaPartnerId=6439681
Warszawa,Leeds,Wielka Brytania,Warszawa,2026-08-10,2026-08-17,7,344,249,593,WARS,LBA,WARS,ryanair,ryanair,PLN,PLN,https://www.skyscanner.net/g/referrals/v1/flights/day-view/?origin=wars&destination=lba&outboundDate=2026-08-10&inboundDate=2026-08-17&market=PL&locale=pl-PL&currency=PLN&mediaPartnerId=6439681
Warszawa,Manchester,Wielka Brytania,Warszawa,2026-07-06,2026-07-13,7,136,459,595,WARS,MAN,WARS,ryanair,ryanair,PLN,PLN,https://www.skyscanner.net/g/referrals/v1/flights/day-view/?origin=wars&destination=man&outboundDate=2026-07-06&inboundDate=2026-07-13&market=PL&locale=pl-PL&currency=PLN&mediaPartnerId=6439681
Warszawa,Leeds,Wielka Brytania,Warszawa,2026-07-30,2026-08-06,7,212,388,600,WARS,LBA,WARS,ryanair,ryanair,PLN,PLN,https://www.skyscanner.net/g/referrals/v1/flights/day-view/?origin=wars&destination=lba&outboundDate=2026-07-30&inboundDate=2026-08-06&market=PL&locale=pl-PL&currency=PLN&mediaPartnerId=6439681
Warszawa,Leeds,Wielka Brytania,Warszawa,2026-08-03,2026-08-10,7,246,355,601,WARS,LBA,WARS,ryanair,ryanair,PLN,PLN,https://www.skyscanner.net/g/referrals/v1/flights/day-view/?origin=wars&destination=lba&outboundDate=2026-08-03&inboundDate=2026-08-10&market=PL&locale=pl-PL&currency=PLN&mediaPartnerId=6439681
Warszawa,Manchester,Wielka Brytania,Warszawa,2026-08-02,2026-08-09,7,261,340,601,WARS,MAN,WARS,ryanair,ryanair,PLN,PLN,https://www.skyscanner.net/g/referrals/v1/flights/day-view/?origin=wars&destination=man&outboundDate=2026-08-02&inboundDate=2026-08-09&market=PL&locale=pl-PL&currency=PLN&mediaPartnerId=6439681
Warszawa,Barcelona,Hiszpania,Warszawa,2026-07-31,2026-08-05,5,219,383,602,WARS,BCN,WARS,wizzair,wizzair,PLN,EUR,https://www.skyscanner.net/g/referrals/v1/flights/day-view/?origin=wars&destination=bcn&outboundDate=2026-07-31&inboundDate=2026-08-05&market=PL&locale=pl-PL&currency=PLN&mediaPartnerId=6439681
Warszawa,Alicante,Hiszpania,Warszawa,2026-07-25,2026-08-01,7,177,425,602,WARS,ALC,WARS,ryanair,wizzair,PLN,EUR,https://www.skyscanner.net/g/referrals/v1/flights/day-view/?origin=wars&destination=alc&outboundDate=2026-07-25&inboundDate=2026-08-01&market=PL&locale=pl-PL&currency=PLN&mediaPartnerId=6439681
Warszawa,Barcelona,Hiszpania,Warszawa,2026-08-12,2026-08-17,5,219,383,602,WARS,BCN,WARS,wizzair,wizzair,PLN,EUR,https://www.skyscanner.net/g/referrals/v1/flights/day-view/?origin=wars&destination=bcn&outboundDate=2026-08-12&inboundDate=2026-08-17&market=PL&locale=pl-PL&currency=PLN&mediaPartnerId=6439681
Warszawa,Barcelona,Hiszpania,Warszawa,2026-07-31,2026-08-02,2,219,383,602,WARS,BCN,WARS,wizzair,wizzair,PLN,EUR,https://www.skyscanner.net/g/referrals/v1/flights/day-view/?origin=wars&destination=bcn&outboundDate=2026-07-31&inboundDate=2026-08-02&market=PL&locale=pl-PL&currency=PLN&mediaPartnerId=6439681
Warszawa,Barcelona,Hiszpania,Warszawa,2026-07-27,2026-08-01,5,179,425,604,WARS,BCN,WARS,wizzair,wizzair,PLN,EUR,https://www.skyscanner.net/g/referrals/v1/flights/day-view/?origin=wars&destination=bcn&outboundDate=2026-07-27&inboundDate=2026-08-01&market=PL&locale=pl-PL&currency=PLN&mediaPartnerId=6439681
Warszawa,Barcelona,Hiszpania,Warszawa,2026-07-25,2026-08-01,7,179,425,604,WARS,BCN,WARS,wizzair,wizzair,PLN,EUR,https://www.skyscanner.net/g/referrals/v1/flights/day-view/?origin=wars&destination=bcn&outboundDate=2026-07-25&inboundDate=2026-08-01&market=PL&locale=pl-PL&currency=PLN&mediaPartnerId=6439681
Warszawa,Alicante,Hiszpania,Warszawa,2026-07-29,2026-08-01,3,179,425,604,WARS,ALC,WARS,wizzair,wizzair,PLN,EUR,https://www.skyscanner.net/g/referrals/v1/flights/day-view/?origin=wars&destination=alc&outboundDate=2026-07-29&inboundDate=2026-08-01&market=PL&locale=pl-PL&currency=PLN&mediaPartnerId=6439681
Warszawa,Barcelona,Hiszpania,Warszawa,2026-07-29,2026-08-01,3,179,425,604,WARS,BCN,WARS,wizzair,wizzair,PLN,EUR,https://www.skyscanner.net/g/referrals/v1/flights/day-view/?origin=wars&destination=bcn&outboundDate=2026-07-29&inboundDate=2026-08-01&market=PL&locale=pl-PL&currency=PLN&mediaPartnerId=6439681
Warszawa,Barcelona,Hiszpania,Warszawa,2026-07-26,2026-08-01,6,179,425,604,WARS,BCN,WARS,wizzair,wizzair,PLN,EUR,https://www.skyscanner.net/g/referrals/v1/flights/day-view/?origin=wars&destination=bcn&outboundDate=2026-07-26&inboundDate=2026-08-01&market=PL&locale=pl-PL&currency=PLN&mediaPartnerId=6439681
Warszawa,Malaga,Hiszpania,Warszawa,2026-07-29,2026-08-04,6,219,387,606,WARS,AGP,WARS,wizzair,ryanair,PLN,PLN,https://www.skyscanner.net/g/referrals/v1/flights/day-view/?origin=wars&destination=agp&outboundDate=2026-07-29&inboundDate=2026-08-04&market=PL&locale=pl-PL&currency=PLN&mediaPartnerId=6439681
Warszawa,Malaga,Hiszpania,Warszawa,2026-08-08,2026-08-13,5,204,404,608,WARS,AGP,WARS,ryanair,ryanair,PLN,PLN,https://www.skyscanner.net/g/referrals/v1/flights/day-view/?origin=wars&destination=agp&outboundDate=2026-08-08&inboundDate=2026-08-13&market=PL&locale=pl-PL&currency=PLN&mediaPartnerId=6439681
Warszawa,Manchester,Wielka Brytania,Warszawa,2026-08-14,2026-08-21,7,378,230,608,WARS,MAN,WARS,ryanair,ryanair,PLN,PLN,https://www.skyscanner.net/g/referrals/v1/flights/day-view/?origin=wars&destination=man&outboundDate=2026-08-14&inboundDate=2026-08-21&market=PL&locale=pl-PL&currency=PLN&mediaPartnerId=6439681
Warszawa,Malaga,Hiszpania,Warszawa,2026-08-01,2026-08-03,2,171,438,609,WARS,AGP,WARS,ryanair,ryanair,PLN,PLN,https://www.skyscanner.net/g/referrals/v1/flights/day-view/?origin=wars&destination=agp&outboundDate=2026-08-01&inboundDate=2026-08-03&market=PL&locale=pl-PL&currency=PLN&mediaPartnerId=6439681
Warszawa,Malaga,Hiszpania,Warszawa,2026-07-30,2026-08-06,7,269,344,613,WARS,AGP,WARS,wizzair,ryanair,PLN,PLN,https://www.skyscanner.net/g/referrals/v1/flights/day-view/?origin=wars&destination=agp&outboundDate=2026-07-30&inboundDate=2026-08-06&market=PL&locale=pl-PL&currency=PLN&mediaPartnerId=6439681
Warszawa,Manchester,Wielka Brytania,Warszawa,2026-08-14,2026-08-16,2,378,236,614,WARS,MAN,WARS,ryanair,ryanair,PLN,PLN,https://www.skyscanner.net/g/referrals/v1/flights/day-view/?origin=wars&destination=man&outboundDate=2026-08-14&inboundDate=2026-08-16&market=PL&locale=pl-PL&currency=PLN&mediaPartnerId=6439681
Warszawa,Alicante,Hiszpania,Warszawa,2026-07-28,2026-08-03,6,139,476,615,WARS,ALC,WARS,wizzair,ryanair,PLN,PLN,https://www.skyscanner.net/g/referrals/v1/flights/day-view/?origin=wars&destination=alc&outboundDate=2026-07-28&inboundDate=2026-08-03&market=PL&locale=pl-PL&currency=PLN&mediaPartnerId=6439681
Warszawa,Malaga,Hiszpania,Warszawa,2026-08-15,2026-08-18,3,305,310,615,WARS,AGP,WARS,ryanair,ryanair,PLN,PLN,https://www.skyscanner.net/g/referrals/v1/flights/day-view/?origin=wars&destination=agp&outboundDate=2026-08-15&inboundDate=2026-08-18&market=PL&locale=pl-PL&currency=PLN&mediaPartnerId=6439681
Warszawa,Malaga,Hiszpania,Warszawa,2026-08-11,2026-08-18,7,309,310,619,WARS,AGP,WARS,wizzair,ryanair,PLN,PLN,https://www.skyscanner.net/g/referrals/v1/flights/day-view/?origin=wars&destination=agp&outboundDate=2026-08-11&inboundDate=2026-08-18&market=PL&locale=pl-PL&currency=PLN&mediaPartnerId=6439681
Warszawa,Alicante,Hiszpania,Warszawa,2026-07-28,2026-08-04,7,139,481,620,WARS,ALC,WARS,wizzair,ryanair,PLN,PLN,https://www.skyscanner.net/g/referrals/v1/flights/day-view/?origin=wars&destination=alc&outboundDate=2026-07-28&inboundDate=2026-08-04&market=PL&locale=pl-PL&currency=PLN&mediaPartnerId=6439681
Warszawa,Alicante,Hiszpania,Warszawa,2026-07-30,2026-08-01,2,196,425,621,WARS,ALC,WARS,ryanair,wizzair,PLN,EUR,https://www.skyscanner.net/g/referrals/v1/flights/day-view/?origin=wars&destination=alc&outboundDate=2026-07-30&inboundDate=2026-08-01&market=PL&locale=pl-PL&currency=PLN&mediaPartnerId=6439681
Warszawa,Alicante,Hiszpania,Warszawa,2026-08-08,2026-08-12,4,282,340,622,WARS,ALC,WARS,ryanair,wizzair,PLN,EUR,https://www.skyscanner.net/g/referrals/v1/flights/day-view/?origin=wars&destination=alc&outboundDate=2026-08-08&inboundDate=2026-08-12&market=PL&locale=pl-PL&currency=PLN&mediaPartnerId=6439681
Warszawa,Alicante,Hiszpania,Warszawa,2026-08-08,2026-08-11,3,282,340,622,WARS,ALC,WARS,ryanair,wizzair,PLN,EUR,https://www.skyscanner.net/g/referrals/v1/flights/day-view/?origin=wars&destination=alc&outboundDate=2026-08-08&inboundDate=2026-08-11&market=PL&locale=pl-PL&currency=PLN&mediaPartnerId=6439681
Warszawa,Manchester,Wielka Brytania,Warszawa,2026-07-03,2026-07-10,7,80,547,627,WARS,MAN,WARS,ryanair,ryanair,PLN,PLN,https://www.skyscanner.net/g/referrals/v1/flights/day-view/?origin=wars&destination=man&outboundDate=2026-07-03&inboundDate=2026-07-10&market=PL&locale=pl-PL&currency=PLN&mediaPartnerId=6439681
Warszawa,Malaga,Hiszpania,Warszawa,2026-08-22,2026-08-24,2,267,361,628,WARS,AGP,WARS,ryanair,ryanair,PLN,PLN,https://www.skyscanner.net/g/referrals/v1/flights/day-view/?origin=wars&destination=agp&outboundDate=2026-08-22&inboundDate=2026-08-24&market=PL&locale=pl-PL&currency=PLN&mediaPartnerId=6439681
Warszawa,Alicante,Hiszpania,Warszawa,2026-08-05,2026-08-12,7,289,340,629,WARS,ALC,WARS,ryanair,wizzair,PLN,EUR,https://www.skyscanner.net/g/referrals/v1/flights/day-view/?origin=wars&destination=alc&outboundDate=2026-08-05&inboundDate=2026-08-12&market=PL&locale=pl-PL&currency=PLN&mediaPartnerId=6439681
Warszawa,Alicante,Hiszpania,Warszawa,2026-08-05,2026-08-11,6,289,340,629,WARS,ALC,WARS,ryanair,wizzair,PLN,EUR,https://www.skyscanner.net/g/referrals/v1/flights/day-view/?origin=wars&destination=alc&outboundDate=2026-08-05&inboundDate=2026-08-11&market=PL&locale=pl-PL&currency=PLN&mediaPartnerId=6439681
Warszawa,Alicante,Hiszpania,Warszawa,2026-07-30,2026-08-06,7,196,438,634,WARS,ALC,WARS,ryanair,ryanair,PLN,PLN,https://www.skyscanner.net/g/referrals/v1/flights/day-view/?origin=wars&destination=alc&outboundDate=2026-07-30&inboundDate=2026-08-06&market=PL&locale=pl-PL&currency=PLN&mediaPartnerId=6439681
Warszawa,Malaga,Hiszpania,Warszawa,2026-08-22,2026-08-25,3,267,373,640,WARS,AGP,WARS,ryanair,ryanair,PLN,PLN,https://www.skyscanner.net/g/referrals/v1/flights/day-view/?origin=wars&destination=agp&outboundDate=2026-08-22&inboundDate=2026-08-25&market=PL&locale=pl-PL&currency=PLN&mediaPartnerId=6439681
Warszawa,Malaga,Hiszpania,Warszawa,2026-08-04,2026-08-06,2,306,344,650,WARS,AGP,WARS,ryanair,ryanair,PLN,PLN,https://www.skyscanner.net/g/referrals/v1/flights/day-view/?origin=wars&destination=agp&outboundDate=2026-08-04&inboundDate=2026-08-06&market=PL&locale=pl-PL&currency=PLN&mediaPartnerId=6439681
Warszawa,Alicante,Hiszpania,Warszawa,2026-08-07,2026-08-12,5,310,340,650,WARS,ALC,WARS,ryanair,wizzair,PLN,EUR,https://www.skyscanner.net/g/referrals/v1/flights/day-view/?origin=wars&destination=alc&outboundDate=2026-08-07&inboundDate=2026-08-12&market=PL&locale=pl-PL&currency=PLN&mediaPartnerId=6439681
Warszawa,Alicante,Hiszpania,Warszawa,2026-08-07,2026-08-11,4,310,340,650,WARS,ALC,WARS,ryanair,wizzair,PLN,EUR,https://www.skyscanner.net/g/referrals/v1/flights/day-view/?origin=wars&destination=alc&outboundDate=2026-08-07&inboundDate=2026-08-11&market=PL&locale=pl-PL&currency=PLN&mediaPartnerId=6439681
Warszawa,Manchester,Wielka Brytania,Warszawa,2026-08-03,2026-08-10,7,315,339,654,WARS,MAN,WARS,ryanair,ryanair,PLN,PLN,https://www.skyscanner.net/g/referrals/v1/flights/day-view/?origin=wars&destination=man&outboundDate=2026-08-03&inboundDate=2026-08-10&market=PL&locale=pl-PL&currency=PLN&mediaPartnerId=6439681
Warszawa,Alicante,Hiszpania,Warszawa,2026-07-29,2026-08-03,5,179,476,655,WARS,ALC,WARS,wizzair,ryanair,PLN,PLN,https://www.skyscanner.net/g/referrals/v1/flights/day-view/?origin=wars&destination=alc&outboundDate=2026-07-29&inboundDate=2026-08-03&market=PL&locale=pl-PL&currency=PLN&mediaPartnerId=6439681
Warszawa,Malaga,Hiszpania,Warszawa,2026-07-30,2026-08-04,5,269,387,656,WARS,AGP,WARS,wizzair,ryanair,PLN,PLN,https://www.skyscanner.net/g/referrals/v1/flights/day-view/?origin=wars&destination=agp&outboundDate=2026-07-30&inboundDate=2026-08-04&market=PL&locale=pl-PL&currency=PLN&mediaPartnerId=6439681
Warszawa,Alicante,Hiszpania,Warszawa,2026-08-06,2026-08-08,2,239,417,656,WARS,ALC,WARS,ryanair,ryanair,PLN,PLN,https://www.skyscanner.net/g/referrals/v1/flights/day-view/?origin=wars&destination=alc&outboundDate=2026-08-06&inboundDate=2026-08-08&market=PL&locale=pl-PL&currency=PLN&mediaPartnerId=6439681
Warszawa,Alicante,Hiszpania,Warszawa,2026-08-15,2026-08-22,7,239,417,656,WARS,ALC,WARS,ryanair,ryanair,PLN,PLN,https://www.skyscanner.net/g/referrals/v1/flights/day-view/?origin=wars&destination=alc&outboundDate=2026-08-15&inboundDate=2026-08-22&market=PL&locale=pl-PL&currency=PLN&mediaPartnerId=6439681
Warszawa,Malaga,Hiszpania,Warszawa,2026-07-29,2026-08-03,5,219,438,657,WARS,AGP,WARS,wizzair,ryanair,PLN,PLN,https://www.skyscanner.net/g/referrals/v1/flights/day-view/?origin=wars&destination=agp&outboundDate=2026-07-29&inboundDate=2026-08-03&market=PL&locale=pl-PL&currency=PLN&mediaPartnerId=6439681
Warszawa,Malaga,Hiszpania,Warszawa,2026-07-27,2026-08-03,7,219,438,657,WARS,AGP,WARS,wizzair,ryanair,PLN,PLN,https://www.skyscanner.net/g/referrals/v1/flights/day-view/?origin=wars&destination=agp&outboundDate=2026-07-27&inboundDate=2026-08-03&market=PL&locale=pl-PL&currency=PLN&mediaPartnerId=6439681
Warszawa,Malaga,Hiszpania,Warszawa,2026-08-25,2026-08-31,6,285,374,659,WARS,AGP,WARS,ryanair,ryanair,PLN,PLN,https://www.skyscanner.net/g/referrals/v1/flights/day-view/?origin=wars&destination=agp&outboundDate=2026-08-25&inboundDate=2026-08-31&market=PL&locale=pl-PL&currency=PLN&mediaPartnerId=6439681
Warszawa,Malaga,Hiszpania,Warszawa,2026-08-01,2026-08-07,6,171,489,660,WARS,AGP,WARS,ryanair,wizzair,PLN,EUR,https://www.skyscanner.net/g/referrals/v1/flights/day-view/?origin=wars&destination=agp&outboundDate=2026-08-01&inboundDate=2026-08-07&market=PL&locale=pl-PL&currency=PLN&mediaPartnerId=6439681
Warszawa,Alicante,Hiszpania,Warszawa,2026-07-29,2026-08-04,6,179,481,660,WARS,ALC,WARS,wizzair,ryanair,PLN,PLN,https://www.skyscanner.net/g/referrals/v1/flights/day-view/?origin=wars&destination=alc&outboundDate=2026-07-29&inboundDate=2026-08-04&market=PL&locale=pl-PL&currency=PLN&mediaPartnerId=6439681
Warszawa,Alicante,Hiszpania,Warszawa,2026-08-20,2026-08-22,2,243,417,660,WARS,ALC,WARS,ryanair,ryanair,PLN,PLN,https://www.skyscanner.net/g/referrals/v1/flights/day-view/?origin=wars&destination=alc&outboundDate=2026-08-20&inboundDate=2026-08-22&market=PL&locale=pl-PL&currency=PLN&mediaPartnerId=6439681
Warszawa,Malaga,Hiszpania,Warszawa,2026-07-25,2026-08-01,7,171,489,660,WARS,AGP,WARS,ryanair,wizzair,PLN,EUR,https://www.skyscanner.net/g/referrals/v1/flights/day-view/?origin=wars&destination=agp&outboundDate=2026-07-25&inboundDate=2026-08-01&market=PL&locale=pl-PL&currency=PLN&mediaPartnerId=6439681
Warszawa,Malaga,Hiszpania,Warszawa,2026-08-01,2026-08-08,7,171,489,660,WARS,AGP,WARS,ryanair,ryanair,PLN,PLN,https://www.skyscanner.net/g/referrals/v1/flights/day-view/?origin=wars&destination=agp&outboundDate=2026-08-01&inboundDate=2026-08-08&market=PL&locale=pl-PL&currency=PLN&mediaPartnerId=6439681
Warszawa,Alicante,Hiszpania,Warszawa,2026-08-15,2026-08-19,4,239,425,664,WARS,ALC,WARS,ryanair,wizzair,PLN,EUR,https://www.skyscanner.net/g/referrals/v1/flights/day-view/?origin=wars&destination=alc&outboundDate=2026-08-15&inboundDate=2026-08-19&market=PL&locale=pl-PL&currency=PLN&mediaPartnerId=6439681
Warszawa,Malaga,Hiszpania,Warszawa,2026-08-05,2026-08-11,6,289,378,667,WARS,AGP,WARS,wizzair,ryanair,PLN,PLN,https://www.skyscanner.net/g/referrals/v1/flights/day-view/?origin=wars&destination=agp&outboundDate=2026-08-05&inboundDate=2026-08-11&market=PL&locale=pl-PL&currency=PLN&mediaPartnerId=6439681
Warszawa,Malaga,Hiszpania,Warszawa,2026-08-06,2026-08-11,5,289,378,667,WARS,AGP,WARS,wizzair,ryanair,PLN,PLN,https://www.skyscanner.net/g/referrals/v1/flights/day-view/?origin=wars&destination=agp&outboundDate=2026-08-06&inboundDate=2026-08-11&market=PL&locale=pl-PL&currency=PLN&mediaPartnerId=6439681
Warszawa,Malaga,Hiszpania,Warszawa,2026-08-20,2026-08-24,4,306,361,667,WARS,AGP,WARS,ryanair,ryanair,PLN,PLN,https://www.skyscanner.net/g/referrals/v1/flights/day-view/?origin=wars&destination=agp&outboundDate=2026-08-20&inboundDate=2026-08-24&market=PL&locale=pl-PL&currency=PLN&mediaPartnerId=6439681
Warszawa,Alicante,Hiszpania,Warszawa,2026-08-22,2026-08-27,5,243,425,668,WARS,ALC,WARS,ryanair,ryanair,PLN,PLN,https://www.skyscanner.net/g/referrals/v1/flights/day-view/?origin=wars&destination=alc&outboundDate=2026-08-22&inboundDate=2026-08-27&market=PL&locale=pl-PL&currency=PLN&mediaPartnerId=6439681
Warszawa,Alicante,Hiszpania,Warszawa,2026-07-29,2026-08-05,7,179,489,668,WARS,ALC,WARS,wizzair,wizzair,PLN,EUR,https://www.skyscanner.net/g/referrals/v1/flights/day-view/?origin=wars&destination=alc&outboundDate=2026-07-29&inboundDate=2026-08-05&market=PL&locale=pl-PL&currency=PLN&mediaPartnerId=6439681
Warszawa,Alicante,Hiszpania,Warszawa,2026-08-20,2026-08-27,7,243,425,668,WARS,ALC,WARS,ryanair,ryanair,PLN,PLN,https://www.skyscanner.net/g/referrals/v1/flights/day-view/?origin=wars&destination=alc&outboundDate=2026-08-20&inboundDate=2026-08-27&market=PL&locale=pl-PL&currency=PLN&mediaPartnerId=6439681
Warszawa,Alicante,Hiszpania,Warszawa,2026-08-20,2026-08-25,5,243,425,668,WARS,ALC,WARS,ryanair,wizzair,PLN,EUR,https://www.skyscanner.net/g/referrals/v1/flights/day-view/?origin=wars&destination=alc&outboundDate=2026-08-20&inboundDate=2026-08-25&market=PL&locale=pl-PL&currency=PLN&mediaPartnerId=6439681
Warszawa,Alicante,Hiszpania,Warszawa,2026-08-22,2026-08-25,3,243,425,668,WARS,ALC,WARS,ryanair,wizzair,PLN,EUR,https://www.skyscanner.net/g/referrals/v1/flights/day-view/?origin=wars&destination=alc&outboundDate=2026-08-22&inboundDate=2026-08-25&market=PL&locale=pl-PL&currency=PLN&mediaPartnerId=6439681
Warszawa,Malaga,Hiszpania,Warszawa,2026-08-13,2026-08-18,5,359,310,669,WARS,AGP,WARS,wizzair,ryanair,PLN,PLN,https://www.skyscanner.net/g/referrals/v1/flights/day-view/?origin=wars&destination=agp&outboundDate=2026-08-13&inboundDate=2026-08-18&market=PL&locale=pl-PL&currency=PLN&mediaPartnerId=6439681
Warszawa,Alicante,Hiszpania,Warszawa,2026-07-30,2026-08-03,4,196,476,672,WARS,ALC,WARS,ryanair,ryanair,PLN,PLN,https://www.skyscanner.net/g/referrals/v1/flights/day-view/?origin=wars&destination=alc&outboundDate=2026-07-30&inboundDate=2026-08-03&market=PL&locale=pl-PL&currency=PLN&mediaPartnerId=6439681
Warszawa,Malaga,Hiszpania,Warszawa,2026-08-08,2026-08-10,2,204,468,672,WARS,AGP,WARS,ryanair,ryanair,PLN,PLN,https://www.skyscanner.net/g/referrals/v1/flights/day-view/?origin=wars&destination=agp&outboundDate=2026-08-08&inboundDate=2026-08-10&market=PL&locale=pl-PL&currency=PLN&mediaPartnerId=6439681
Warszawa,Malaga,Hiszpania,Warszawa,2026-08-25,2026-08-30,5,285,391,676,WARS,AGP,WARS,ryanair,ryanair,PLN,PLN,https://www.skyscanner.net/g/referrals/v1/flights/day-view/?origin=wars&destination=agp&outboundDate=2026-08-25&inboundDate=2026-08-30&market=PL&locale=pl-PL&currency=PLN&mediaPartnerId=6439681
Warszawa,Alicante,Hiszpania,Warszawa,2026-08-19,2026-08-22,3,259,417,676,WARS,ALC,WARS,ryanair,ryanair,PLN,PLN,https://www.skyscanner.net/g/referrals/v1/flights/day-view/?origin=wars&destination=alc&outboundDate=2026-08-19&inboundDate=2026-08-22&market=PL&locale=pl-PL&currency=PLN&mediaPartnerId=6439681
Warszawa,Malaga,Hiszpania,Warszawa,2026-07-28,2026-08-04,7,289,387,676,WARS,AGP,WARS,wizzair,ryanair,PLN,PLN,https://www.skyscanner.net/g/referrals/v1/flights/day-view/?origin=wars&destination=agp&outboundDate=2026-07-28&inboundDate=2026-08-04&market=PL&locale=pl-PL&currency=PLN&mediaPartnerId=6439681
Warszawa,Alicante,Hiszpania,Warszawa,2026-07-30,2026-08-04,5,196,481,677,WARS,ALC,WARS,ryanair,ryanair,PLN,PLN,https://www.skyscanner.net/g/referrals/v1/flights/day-view/?origin=wars&destination=alc&outboundDate=2026-07-30&inboundDate=2026-08-04&market=PL&locale=pl-PL&currency=PLN&mediaPartnerId=6439681
Warszawa,Malaga,Hiszpania,Warszawa,2026-08-09,2026-08-11,2,300,378,678,WARS,AGP,WARS,ryanair,ryanair,PLN,PLN,https://www.skyscanner.net/g/referrals/v1/flights/day-view/?origin=wars&destination=agp&outboundDate=2026-08-09&inboundDate=2026-08-11&market=PL&locale=pl-PL&currency=PLN&mediaPartnerId=6439681
Warszawa,Malaga,Hiszpania,Warszawa,2026-08-20,2026-08-25,5,306,373,679,WARS,AGP,WARS,ryanair,ryanair,PLN,PLN,https://www.skyscanner.net/g/referrals/v1/flights/day-view/?origin=wars&destination=agp&outboundDate=2026-08-20&inboundDate=2026-08-25&market=PL&locale=pl-PL&currency=PLN&mediaPartnerId=6439681
Warszawa,Alicante,Hiszpania,Warszawa,2026-08-19,2026-08-25,6,259,425,684,WARS,ALC,WARS,ryanair,wizzair,PLN,EUR,https://www.skyscanner.net/g/referrals/v1/flights/day-view/?origin=wars&destination=alc&outboundDate=2026-08-19&inboundDate=2026-08-25&market=PL&locale=pl-PL&currency=PLN&mediaPartnerId=6439681
Warszawa,Malaga,Hiszpania,Warszawa,2026-08-16,2026-08-18,2,374,310,684,WARS,AGP,WARS,ryanair,ryanair,PLN,PLN,https://www.skyscanner.net/g/referrals/v1/flights/day-view/?origin=wars&destination=agp&outboundDate=2026-08-16&inboundDate=2026-08-18&market=PL&locale=pl-PL&currency=PLN&mediaPartnerId=6439681
Warszawa,Malaga,Hiszpania,Warszawa,2026-08-04,2026-08-11,7,306,378,684,WARS,AGP,WARS,ryanair,ryanair,PLN,PLN,https://www.skyscanner.net/g/referrals/v1/flights/day-view/?origin=wars&destination=agp&outboundDate=2026-08-04&inboundDate=2026-08-11&market=PL&locale=pl-PL&currency=PLN&mediaPartnerId=6439681
Warszawa,Alicante,Hiszpania,Warszawa,2026-08-01,2026-08-08,7,267,417,684,WARS,ALC,WARS,ryanair,ryanair,PLN,PLN,https://www.skyscanner.net/g/referrals/v1/flights/day-view/?origin=wars&destination=alc&outboundDate=2026-08-01&inboundDate=2026-08-08&market=PL&locale=pl-PL&currency=PLN&mediaPartnerId=6439681
Warszawa,Alicante,Hiszpania,Warszawa,2026-07-30,2026-08-05,6,196,489,685,WARS,ALC,WARS,ryanair,wizzair,PLN,EUR,https://www.skyscanner.net/g/referrals/v1/flights/day-view/?origin=wars&destination=alc&outboundDate=2026-07-30&inboundDate=2026-08-05&market=PL&locale=pl-PL&currency=PLN&mediaPartnerId=6439681
Warszawa,Malaga,Hiszpania,Warszawa,2026-08-07,2026-08-11,4,309,378,687,WARS,AGP,WARS,wizzair,ryanair,PLN,PLN,https://www.skyscanner.net/g/referrals/v1/flights/day-view/?origin=wars&destination=agp&outboundDate=2026-08-07&inboundDate=2026-08-11&market=PL&locale=pl-PL&currency=PLN&mediaPartnerId=6439681
Warszawa,Malaga,Hiszpania,Warszawa,2026-07-29,2026-08-02,4,219,471,690,WARS,AGP,WARS,wizzair,ryanair,PLN,PLN,https://www.skyscanner.net/g/referrals/v1/flights/day-view/?origin=wars&destination=agp&outboundDate=2026-07-29&inboundDate=2026-08-02&market=PL&locale=pl-PL&currency=PLN&mediaPartnerId=6439681
Warszawa,Malaga,Hiszpania,Warszawa,2026-07-27,2026-08-02,6,219,471,690,WARS,AGP,WARS,wizzair,ryanair,PLN,PLN,https://www.skyscanner.net/g/referrals/v1/flights/day-view/?origin=wars&destination=agp&outboundDate=2026-07-27&inboundDate=2026-08-02&market=PL&locale=pl-PL&currency=PLN&mediaPartnerId=6439681
Warszawa,Malaga,Hiszpania,Warszawa,2026-08-22,2026-08-27,5,267,425,692,WARS,AGP,WARS,ryanair,wizzair,PLN,EUR,https://www.skyscanner.net/g/referrals/v1/flights/day-view/?origin=wars&destination=agp&outboundDate=2026-08-22&inboundDate=2026-08-27&market=PL&locale=pl-PL&currency=PLN&mediaPartnerId=6439681
Warszawa,Malaga,Hiszpania,Warszawa,2026-08-06,2026-08-13,7,289,404,693,WARS,AGP,WARS,wizzair,ryanair,PLN,PLN,https://www.skyscanner.net/g/referrals/v1/flights/day-view/?origin=wars&destination=agp&outboundDate=2026-08-06&inboundDate=2026-08-13&market=PL&locale=pl-PL&currency=PLN&mediaPartnerId=6439681
Warszawa,Malaga,Hiszpania,Warszawa,2026-08-09,2026-08-16,7,300,395,695,WARS,AGP,WARS,ryanair,ryanair,PLN,PLN,https://www.skyscanner.net/g/referrals/v1/flights/day-view/?origin=wars&destination=agp&outboundDate=2026-08-09&inboundDate=2026-08-16&market=PL&locale=pl-PL&currency=PLN&mediaPartnerId=6439681
Warszawa,Alicante,Hiszpania,Warszawa,2026-08-17,2026-08-22,5,280,417,697,WARS,ALC,WARS,ryanair,ryanair,PLN,PLN,https://www.skyscanner.net/g/referrals/v1/flights/day-view/?origin=wars&destination=alc&outboundDate=2026-08-17&inboundDate=2026-08-22&market=PL&locale=pl-PL&currency=PLN&mediaPartnerId=6439681
Warszawa,Alicante,Hiszpania,Warszawa,2026-08-21,2026-08-25,4,272,425,697,WARS,ALC,WARS,ryanair,wizzair,PLN,EUR,https://www.skyscanner.net/g/referrals/v1/flights/day-view/?origin=wars&destination=alc&outboundDate=2026-08-21&inboundDate=2026-08-25&market=PL&locale=pl-PL&currency=PLN&mediaPartnerId=6439681
Warszawa,Alicante,Hiszpania,Warszawa,2026-08-21,2026-08-27,6,272,425,697,WARS,ALC,WARS,ryanair,ryanair,PLN,PLN,https://www.skyscanner.net/g/referrals/v1/flights/day-view/?origin=wars&destination=alc&outboundDate=2026-08-21&inboundDate=2026-08-27&market=PL&locale=pl-PL&currency=PLN&mediaPartnerId=6439681
Warszawa,Alicante,Hiszpania,Warszawa,2026-08-25,2026-08-27,2,272,425,697,WARS,ALC,WARS,ryanair,ryanair,PLN,PLN,https://www.skyscanner.net/g/referrals/v1/flights/day-view/?origin=wars&destination=alc&outboundDate=2026-08-25&inboundDate=2026-08-27&market=PL&locale=pl-PL&currency=PLN&mediaPartnerId=6439681
