departure,return,price,departure_airport,arrival_airport,date_of_export,DepartureCity,DepartureCountry,ArrivalCity,ArrivalCountry
2025-11-07,,1285.0,WAW,HER,2025-11-07,Warszawa,Polska,Heraklion,Grecja
2025-11-08,,1303.0,WAW,HER,2025-11-07,Warszawa,Polska,Heraklion,Grecja
2025-11-09,,1303.0,WAW,HER,2025-11-07,Warszawa,Polska,Heraklion,Grecja
2025-11-10,,462.0,WAW,HER,2025-11-07,Warszawa,Polska,Heraklion,Grecja
2025-11-11,,353.0,WAW,HER,2025-11-07,Warszawa,Polska,Heraklion,Grecja
2025-11-12,,353.0,WAW,HER,2025-11-07,Warszawa,Polska,Heraklion,Grecja
2025-11-13,,462.0,WAW,HER,2025-11-07,Warszawa,Polska,Heraklion,Grecja
2025-11-14,,559.0,WAW,HER,2025-11-07,Warszawa,Polska,Heraklion,Grecja
2025-11-15,,368.0,WAW,HER,2025-11-07,Warszawa,Polska,Heraklion,Grecja
2025-11-16,,462.0,WAW,HER,2025-11-07,Warszawa,Polska,Heraklion,Grecja
2025-11-17,,377.0,WAW,HER,2025-11-07,Warszawa,Polska,Heraklion,Grecja
2025-11-18,,309.0,WAW,HER,2025-11-07,Warszawa,Polska,Heraklion,Grecja
2025-11-19,,309.0,WAW,HER,2025-11-07,Warszawa,Polska,Heraklion,Grecja
2025-11-20,,309.0,WAW,HER,2025-11-07,Warszawa,Polska,Heraklion,Grecja
2025-11-21,,445.0,WAW,HER,2025-11-07,Warszawa,Polska,Heraklion,Grecja
2025-11-22,,309.0,WAW,HER,2025-11-07,Warszawa,Polska,Heraklion,Grecja
2025-11-23,,517.0,WAW,HER,2025-11-07,Warszawa,Polska,Heraklion,Grecja
2025-11-24,,377.0,WAW,HER,2025-11-07,Warszawa,Polska,Heraklion,Grecja
2025-11-25,,377.0,WAW,HER,2025-11-07,Warszawa,Polska,Heraklion,Grecja
2025-11-26,,309.0,WAW,HER,2025-11-07,Warszawa,Polska,Heraklion,Grecja
2025-11-27,,309.0,WAW,HER,2025-11-07,Warszawa,Polska,Heraklion,Grecja
2025-11-28,,309.0,WAW,HER,2025-11-07,Warszawa,Polska,Heraklion,Grecja
2025-11-29,,309.0,WAW,HER,2025-11-07,Warszawa,Polska,Heraklion,Grecja
2025-11-30,,309.0,WAW,HER,2025-11-07,Warszawa,Polska,Heraklion,Grecja
2025-12-01,,309.0,WAW,HER,2025-11-07,Warszawa,Polska,Heraklion,Grecja
2025-12-02,,309.0,WAW,HER,2025-11-07,Warszawa,Polska,Heraklion,Grecja
2025-12-03,,309.0,WAW,HER,2025-11-07,Warszawa,Polska,Heraklion,Grecja
2025-12-04,,309.0,WAW,HER,2025-11-07,Warszawa,Polska,Heraklion,Grecja
2025-12-05,,309.0,WAW,HER,2025-11-07,Warszawa,Polska,Heraklion,Grecja
2025-12-06,,309.0,WAW,HER,2025-11-07,Warszawa,Polska,Heraklion,Grecja
2025-12-07,,309.0,WAW,HER,2025-11-07,Warszawa,Polska,Heraklion,Grecja
2025-12-08,,377.0,WAW,HER,2025-11-07,Warszawa,Polska,Heraklion,Grecja
2025-12-09,,309.0,WAW,HER,2025-11-07,Warszawa,Polska,Heraklion,Grecja
2025-12-10,,309.0,WAW,HER,2025-11-07,Warszawa,Polska,Heraklion,Grecja
2025-12-11,,309.0,WAW,HER,2025-11-07,Warszawa,Polska,Heraklion,Grecja
2025-12-12,,309.0,WAW,HER,2025-11-07,Warszawa,Polska,Heraklion,Grecja
2025-12-13,,309.0,WAW,HER,2025-11-07,Warszawa,Polska,Heraklion,Grecja
2025-12-14,,309.0,WAW,HER,2025-11-07,Warszawa,Polska,Heraklion,Grecja
2025-12-15,,309.0,WAW,HER,2025-11-07,Warszawa,Polska,Heraklion,Grecja
2025-12-16,,309.0,WAW,HER,2025-11-07,Warszawa,Polska,Heraklion,Grecja
2025-12-17,,309.0,WAW,HER,2025-11-07,Warszawa,Polska,Heraklion,Grecja
2025-12-18,,330.0,WAW,HER,2025-11-07,Warszawa,Polska,Heraklion,Grecja
2025-12-19,,402.0,WAW,HER,2025-11-07,Warszawa,Polska,Heraklion,Grecja
2025-12-20,,670.0,WAW,HER,2025-11-07,Warszawa,Polska,Heraklion,Grecja
2025-12-21,,789.0,WAW,HER,2025-11-07,Warszawa,Polska,Heraklion,Grecja
2025-12-22,,568.0,WAW,HER,2025-11-07,Warszawa,Polska,Heraklion,Grecja
2025-12-23,,575.0,WAW,HER,2025-11-07,Warszawa,Polska,Heraklion,Grecja
2025-12-24,,568.0,WAW,HER,2025-11-07,Warszawa,Polska,Heraklion,Grecja
2025-12-25,,497.0,WAW,HER,2025-11-07,Warszawa,Polska,Heraklion,Grecja
2025-12-26,,789.0,WAW,HER,2025-11-07,Warszawa,Polska,Heraklion,Grecja
2025-12-27,,789.0,WAW,HER,2025-11-07,Warszawa,Polska,Heraklion,Grecja
2025-12-28,,921.0,WAW,HER,2025-11-07,Warszawa,Polska,Heraklion,Grecja
2025-12-29,,789.0,WAW,HER,2025-11-07,Warszawa,Polska,Heraklion,Grecja
2025-12-30,,789.0,WAW,HER,2025-11-07,Warszawa,Polska,Heraklion,Grecja
2025-12-31,,575.0,WAW,HER,2025-11-07,Warszawa,Polska,Heraklion,Grecja
2026-01-01,,568.0,WAW,HER,2025-11-07,Warszawa,Polska,Heraklion,Grecja
2026-01-02,,761.0,WAW,HER,2025-11-07,Warszawa,Polska,Heraklion,Grecja
2026-01-03,,764.0,WAW,HER,2025-11-07,Warszawa,Polska,Heraklion,Grecja
2026-01-04,,708.0,WAW,HER,2025-11-07,Warszawa,Polska,Heraklion,Grecja
2026-01-05,,661.0,WAW,HER,2025-11-07,Warszawa,Polska,Heraklion,Grecja
2026-01-06,,789.0,WAW,HER,2025-11-07,Warszawa,Polska,Heraklion,Grecja
2026-01-07,,568.0,WAW,HER,2025-11-07,Warszawa,Polska,Heraklion,Grecja
2026-01-08,,330.0,WAW,HER,2025-11-07,Warszawa,Polska,Heraklion,Grecja
2026-01-09,,330.0,WAW,HER,2025-11-07,Warszawa,Polska,Heraklion,Grecja
2026-01-10,,279.0,WAW,HER,2025-11-07,Warszawa,Polska,Heraklion,Grecja
2026-01-11,,402.0,WAW,HER,2025-11-07,Warszawa,Polska,Heraklion,Grecja
2026-01-12,,279.0,WAW,HER,2025-11-07,Warszawa,Polska,Heraklion,Grecja
2026-01-13,,279.0,WAW,HER,2025-11-07,Warszawa,Polska,Heraklion,Grecja
2026-01-14,,237.0,WAW,HER,2025-11-07,Warszawa,Polska,Heraklion,Grecja
2026-01-15,,279.0,WAW,HER,2025-11-07,Warszawa,Polska,Heraklion,Grecja
2026-01-16,,330.0,WAW,HER,2025-11-07,Warszawa,Polska,Heraklion,Grecja
2026-01-17,,279.0,WAW,HER,2025-11-07,Warszawa,Polska,Heraklion,Grecja
2026-01-18,,483.0,WAW,HER,2025-11-07,Warszawa,Polska,Heraklion,Grecja
2026-01-19,,368.0,WAW,HER,2025-11-07,Warszawa,Polska,Heraklion,Grecja
2026-01-20,,625.0,WAW,HER,2025-11-07,Warszawa,Polska,Heraklion,Grecja
2026-01-21,,305.0,WAW,HER,2025-11-07,Warszawa,Polska,Heraklion,Grecja
2026-01-22,,305.0,WAW,HER,2025-11-07,Warszawa,Polska,Heraklion,Grecja
2026-01-23,,368.0,WAW,HER,2025-11-07,Warszawa,Polska,Heraklion,Grecja
2026-01-24,,305.0,WAW,HER,2025-11-07,Warszawa,Polska,Heraklion,Grecja
2026-01-25,,559.0,WAW,HER,2025-11-07,Warszawa,Polska,Heraklion,Grecja
2026-01-26,,305.0,WAW,HER,2025-11-07,Warszawa,Polska,Heraklion,Grecja
2026-01-27,,305.0,WAW,HER,2025-11-07,Warszawa,Polska,Heraklion,Grecja
2026-01-28,,249.0,WAW,HER,2025-11-07,Warszawa,Polska,Heraklion,Grecja
2026-01-29,,368.0,WAW,HER,2025-11-07,Warszawa,Polska,Heraklion,Grecja
2026-01-30,,305.0,WAW,HER,2025-11-07,Warszawa,Polska,Heraklion,Grecja
2025-11-07,,1481.0,WAW,RHO,2025-11-07,Warszawa,Polska,Rodos,Grecja
2025-11-08,,1283.0,WAW,RHO,2025-11-07,Warszawa,Polska,Rodos,Grecja
2025-11-09,,1297.0,WAW,RHO,2025-11-07,Warszawa,Polska,Rodos,Grecja
2025-11-10,,353.0,WAW,RHO,2025-11-07,Warszawa,Polska,Rodos,Grecja
2025-11-11,,289.0,WAW,RHO,2025-11-07,Warszawa,Polska,Rodos,Grecja
2025-11-12,,237.0,WAW,RHO,2025-11-07,Warszawa,Polska,Rodos,Grecja
2025-11-13,,289.0,WAW,RHO,2025-11-07,Warszawa,Polska,Rodos,Grecja
2025-11-14,,572.0,WAW,RHO,2025-11-07,Warszawa,Polska,Rodos,Grecja
2025-11-15,,237.0,WAW,RHO,2025-11-07,Warszawa,Polska,Rodos,Grecja
2025-11-16,,353.0,WAW,RHO,2025-11-07,Warszawa,Polska,Rodos,Grecja
2025-11-17,,295.0,WAW,RHO,2025-11-07,Warszawa,Polska,Rodos,Grecja
2025-11-18,,655.0,WAW,RHO,2025-11-07,Warszawa,Polska,Rodos,Grecja
2025-11-19,,214.0,WAW,RHO,2025-11-07,Warszawa,Polska,Rodos,Grecja
2025-11-20,,214.0,WAW,RHO,2025-11-07,Warszawa,Polska,Rodos,Grecja
2025-11-21,,453.0,WAW,RHO,2025-11-07,Warszawa,Polska,Rodos,Grecja
2025-11-22,,214.0,WAW,RHO,2025-11-07,Warszawa,Polska,Rodos,Grecja
2025-11-23,,537.0,WAW,RHO,2025-11-07,Warszawa,Polska,Rodos,Grecja
2025-11-24,,364.0,WAW,RHO,2025-11-07,Warszawa,Polska,Rodos,Grecja
2025-11-25,,439.0,WAW,RHO,2025-11-07,Warszawa,Polska,Rodos,Grecja
2025-11-26,,214.0,WAW,RHO,2025-11-07,Warszawa,Polska,Rodos,Grecja
2025-11-27,,214.0,WAW,RHO,2025-11-07,Warszawa,Polska,Rodos,Grecja
2025-11-28,,309.0,WAW,RHO,2025-11-07,Warszawa,Polska,Rodos,Grecja
2025-11-29,,214.0,WAW,RHO,2025-11-07,Warszawa,Polska,Rodos,Grecja
2025-11-30,,309.0,WAW,RHO,2025-11-07,Warszawa,Polska,Rodos,Grecja
2025-12-01,,214.0,WAW,RHO,2025-11-07,Warszawa,Polska,Rodos,Grecja
2025-12-02,,309.0,WAW,RHO,2025-11-07,Warszawa,Polska,Rodos,Grecja
2025-12-03,,214.0,WAW,RHO,2025-11-07,Warszawa,Polska,Rodos,Grecja
2025-12-04,,214.0,WAW,RHO,2025-11-07,Warszawa,Polska,Rodos,Grecja
2025-12-05,,309.0,WAW,RHO,2025-11-07,Warszawa,Polska,Rodos,Grecja
2025-12-06,,214.0,WAW,RHO,2025-11-07,Warszawa,Polska,Rodos,Grecja
2025-12-07,,309.0,WAW,RHO,2025-11-07,Warszawa,Polska,Rodos,Grecja
2025-12-08,,364.0,WAW,RHO,2025-11-07,Warszawa,Polska,Rodos,Grecja
2025-12-09,,295.0,WAW,RHO,2025-11-07,Warszawa,Polska,Rodos,Grecja
2025-12-10,,295.0,WAW,RHO,2025-11-07,Warszawa,Polska,Rodos,Grecja
2025-12-11,,251.0,WAW,RHO,2025-11-07,Warszawa,Polska,Rodos,Grecja
2025-12-12,,266.0,WAW,RHO,2025-11-07,Warszawa,Polska,Rodos,Grecja
2025-12-13,,214.0,WAW,RHO,2025-11-07,Warszawa,Polska,Rodos,Grecja
2025-12-14,,309.0,WAW,RHO,2025-11-07,Warszawa,Polska,Rodos,Grecja
2025-12-15,,251.0,WAW,RHO,2025-11-07,Warszawa,Polska,Rodos,Grecja
2025-12-16,,251.0,WAW,RHO,2025-11-07,Warszawa,Polska,Rodos,Grecja
2025-12-17,,295.0,WAW,RHO,2025-11-07,Warszawa,Polska,Rodos,Grecja
2025-12-18,,315.0,WAW,RHO,2025-11-07,Warszawa,Polska,Rodos,Grecja
2025-12-19,,407.0,WAW,RHO,2025-11-07,Warszawa,Polska,Rodos,Grecja
2025-12-20,,589.0,WAW,RHO,2025-11-07,Warszawa,Polska,Rodos,Grecja
2025-12-21,,810.0,WAW,RHO,2025-11-07,Warszawa,Polska,Rodos,Grecja
2025-12-22,,407.0,WAW,RHO,2025-11-07,Warszawa,Polska,Rodos,Grecja
2025-12-23,,575.0,WAW,RHO,2025-11-07,Warszawa,Polska,Rodos,Grecja
2025-12-24,,575.0,WAW,RHO,2025-11-07,Warszawa,Polska,Rodos,Grecja
2025-12-25,,407.0,WAW,RHO,2025-11-07,Warszawa,Polska,Rodos,Grecja
2025-12-26,,810.0,WAW,RHO,2025-11-07,Warszawa,Polska,Rodos,Grecja
2025-12-27,,798.0,WAW,RHO,2025-11-07,Warszawa,Polska,Rodos,Grecja
2025-12-28,,927.0,WAW,RHO,2025-11-07,Warszawa,Polska,Rodos,Grecja
2025-12-29,,798.0,WAW,RHO,2025-11-07,Warszawa,Polska,Rodos,Grecja
2025-12-30,,798.0,WAW,RHO,2025-11-07,Warszawa,Polska,Rodos,Grecja
2025-12-31,,685.0,WAW,RHO,2025-11-07,Warszawa,Polska,Rodos,Grecja
2026-01-01,,493.0,WAW,RHO,2025-11-07,Warszawa,Polska,Rodos,Grecja
2026-01-02,,749.0,WAW,RHO,2025-11-07,Warszawa,Polska,Rodos,Grecja
2026-01-03,,798.0,WAW,RHO,2025-11-07,Warszawa,Polska,Rodos,Grecja
2026-01-04,,792.0,WAW,RHO,2025-11-07,Warszawa,Polska,Rodos,Grecja
2026-01-05,,749.0,WAW,RHO,2025-11-07,Warszawa,Polska,Rodos,Grecja
2026-01-06,,798.0,WAW,RHO,2025-11-07,Warszawa,Polska,Rodos,Grecja
2026-01-07,,479.0,WAW,RHO,2025-11-07,Warszawa,Polska,Rodos,Grecja
2026-01-08,,264.0,WAW,RHO,2025-11-07,Warszawa,Polska,Rodos,Grecja
2026-01-09,,315.0,WAW,RHO,2025-11-07,Warszawa,Polska,Rodos,Grecja
2026-01-10,,264.0,WAW,RHO,2025-11-07,Warszawa,Polska,Rodos,Grecja
2026-01-11,,407.0,WAW,RHO,2025-11-07,Warszawa,Polska,Rodos,Grecja
2026-01-12,,222.0,WAW,RHO,2025-11-07,Warszawa,Polska,Rodos,Grecja
2026-01-13,,264.0,WAW,RHO,2025-11-07,Warszawa,Polska,Rodos,Grecja
2026-01-14,,222.0,WAW,RHO,2025-11-07,Warszawa,Polska,Rodos,Grecja
2026-01-15,,264.0,WAW,RHO,2025-11-07,Warszawa,Polska,Rodos,Grecja
2026-01-16,,330.0,WAW,RHO,2025-11-07,Warszawa,Polska,Rodos,Grecja
2026-01-17,,264.0,WAW,RHO,2025-11-07,Warszawa,Polska,Rodos,Grecja
2026-01-18,,491.0,WAW,RHO,2025-11-07,Warszawa,Polska,Rodos,Grecja
2026-01-19,,353.0,WAW,RHO,2025-11-07,Warszawa,Polska,Rodos,Grecja
2026-01-20,,743.0,WAW,RHO,2025-11-07,Warszawa,Polska,Rodos,Grecja
2026-01-21,,289.0,WAW,RHO,2025-11-07,Warszawa,Polska,Rodos,Grecja
2026-01-22,,237.0,WAW,RHO,2025-11-07,Warszawa,Polska,Rodos,Grecja
2026-01-23,,368.0,WAW,RHO,2025-11-07,Warszawa,Polska,Rodos,Grecja
2026-01-24,,237.0,WAW,RHO,2025-11-07,Warszawa,Polska,Rodos,Grecja
2026-01-25,,572.0,WAW,RHO,2025-11-07,Warszawa,Polska,Rodos,Grecja
2026-01-26,,289.0,WAW,RHO,2025-11-07,Warszawa,Polska,Rodos,Grecja
2026-01-27,,289.0,WAW,RHO,2025-11-07,Warszawa,Polska,Rodos,Grecja
2026-01-28,,237.0,WAW,RHO,2025-11-07,Warszawa,Polska,Rodos,Grecja
2026-01-29,,289.0,WAW,RHO,2025-11-07,Warszawa,Polska,Rodos,Grecja
2026-01-30,,368.0,WAW,RHO,2025-11-07,Warszawa,Polska,Rodos,Grecja
2025-11-07,,1871.0,WAW,SKG,2025-11-07,Warszawa,Polska,Saloniki,Grecja
2025-11-08,,1333.0,WAW,SKG,2025-11-07,Warszawa,Polska,Saloniki,Grecja
2025-11-09,,456.0,WAW,SKG,2025-11-07,Warszawa,Polska,Saloniki,Grecja
2025-11-10,,456.0,WAW,SKG,2025-11-07,Warszawa,Polska,Saloniki,Grecja
2025-11-11,,428.0,WAW,SKG,2025-11-07,Warszawa,Polska,Saloniki,Grecja
2025-11-12,,391.0,WAW,SKG,2025-11-07,Warszawa,Polska,Saloniki,Grecja
2025-11-13,,391.0,WAW,SKG,2025-11-07,Warszawa,Polska,Saloniki,Grecja
2025-11-14,,687.0,WAW,SKG,2025-11-07,Warszawa,Polska,Saloniki,Grecja
2025-11-15,,428.0,WAW,SKG,2025-11-07,Warszawa,Polska,Saloniki,Grecja
2025-11-16,,391.0,WAW,SKG,2025-11-07,Warszawa,Polska,Saloniki,Grecja
2025-11-17,,341.0,WAW,SKG,2025-11-07,Warszawa,Polska,Saloniki,Grecja
2025-11-18,,351.0,WAW,SKG,2025-11-07,Warszawa,Polska,Saloniki,Grecja
2025-11-19,,337.0,WAW,SKG,2025-11-07,Warszawa,Polska,Saloniki,Grecja
2025-11-20,,341.0,WAW,SKG,2025-11-07,Warszawa,Polska,Saloniki,Grecja
2025-11-21,,466.0,WAW,SKG,2025-11-07,Warszawa,Polska,Saloniki,Grecja
2025-11-22,,351.0,WAW,SKG,2025-11-07,Warszawa,Polska,Saloniki,Grecja
2025-11-23,,341.0,WAW,SKG,2025-11-07,Warszawa,Polska,Saloniki,Grecja
2025-11-24,,341.0,WAW,SKG,2025-11-07,Warszawa,Polska,Saloniki,Grecja
2025-11-25,,351.0,WAW,SKG,2025-11-07,Warszawa,Polska,Saloniki,Grecja
2025-11-26,,341.0,WAW,SKG,2025-11-07,Warszawa,Polska,Saloniki,Grecja
2025-11-27,,341.0,WAW,SKG,2025-11-07,Warszawa,Polska,Saloniki,Grecja
2025-11-28,,351.0,WAW,SKG,2025-11-07,Warszawa,Polska,Saloniki,Grecja
2025-11-29,,293.0,WAW,SKG,2025-11-07,Warszawa,Polska,Saloniki,Grecja
2025-11-30,,316.0,WAW,SKG,2025-11-07,Warszawa,Polska,Saloniki,Grecja
2025-12-01,,316.0,WAW,SKG,2025-11-07,Warszawa,Polska,Saloniki,Grecja
2025-12-02,,351.0,WAW,SKG,2025-11-07,Warszawa,Polska,Saloniki,Grecja
2025-12-03,,316.0,WAW,SKG,2025-11-07,Warszawa,Polska,Saloniki,Grecja
2025-12-04,,316.0,WAW,SKG,2025-11-07,Warszawa,Polska,Saloniki,Grecja
2025-12-05,,351.0,WAW,SKG,2025-11-07,Warszawa,Polska,Saloniki,Grecja
2025-12-06,,351.0,WAW,SKG,2025-11-07,Warszawa,Polska,Saloniki,Grecja
2025-12-07,,316.0,WAW,SKG,2025-11-07,Warszawa,Polska,Saloniki,Grecja
2025-12-08,,391.0,WAW,SKG,2025-11-07,Warszawa,Polska,Saloniki,Grecja
2025-12-09,,351.0,WAW,SKG,2025-11-07,Warszawa,Polska,Saloniki,Grecja
2025-12-10,,316.0,WAW,SKG,2025-11-07,Warszawa,Polska,Saloniki,Grecja
2025-12-11,,316.0,WAW,SKG,2025-11-07,Warszawa,Polska,Saloniki,Grecja
2025-12-12,,351.0,WAW,SKG,2025-11-07,Warszawa,Polska,Saloniki,Grecja
2025-12-13,,351.0,WAW,SKG,2025-11-07,Warszawa,Polska,Saloniki,Grecja
2025-12-14,,316.0,WAW,SKG,2025-11-07,Warszawa,Polska,Saloniki,Grecja
2025-12-15,,341.0,WAW,SKG,2025-11-07,Warszawa,Polska,Saloniki,Grecja
2025-12-16,,351.0,WAW,SKG,2025-11-07,Warszawa,Polska,Saloniki,Grecja
2025-12-17,,351.0,WAW,SKG,2025-11-07,Warszawa,Polska,Saloniki,Grecja
2025-12-18,,440.0,WAW,SKG,2025-11-07,Warszawa,Polska,Saloniki,Grecja
2025-12-19,,508.0,WAW,SKG,2025-11-07,Warszawa,Polska,Saloniki,Grecja
2025-12-20,,691.0,WAW,SKG,2025-11-07,Warszawa,Polska,Saloniki,Grecja
2025-12-21,,806.0,WAW,SKG,2025-11-07,Warszawa,Polska,Saloniki,Grecja
2025-12-22,,609.0,WAW,SKG,2025-11-07,Warszawa,Polska,Saloniki,Grecja
2025-12-23,,687.0,WAW,SKG,2025-11-07,Warszawa,Polska,Saloniki,Grecja
2025-12-24,,510.0,WAW,SKG,2025-11-07,Warszawa,Polska,Saloniki,Grecja
2025-12-25,,496.0,WAW,SKG,2025-11-07,Warszawa,Polska,Saloniki,Grecja
2025-12-26,,806.0,WAW,SKG,2025-11-07,Warszawa,Polska,Saloniki,Grecja
2025-12-27,,806.0,WAW,SKG,2025-11-07,Warszawa,Polska,Saloniki,Grecja
2025-12-28,,787.0,WAW,SKG,2025-11-07,Warszawa,Polska,Saloniki,Grecja
2025-12-29,,806.0,WAW,SKG,2025-11-07,Warszawa,Polska,Saloniki,Grecja
2025-12-30,,806.0,WAW,SKG,2025-11-07,Warszawa,Polska,Saloniki,Grecja
2025-12-31,,510.0,WAW,SKG,2025-11-07,Warszawa,Polska,Saloniki,Grecja
2026-01-01,,391.0,WAW,SKG,2025-11-07,Warszawa,Polska,Saloniki,Grecja
2026-01-02,,749.0,WAW,SKG,2025-11-07,Warszawa,Polska,Saloniki,Grecja
2026-01-03,,806.0,WAW,SKG,2025-11-07,Warszawa,Polska,Saloniki,Grecja
2026-01-04,,391.0,WAW,SKG,2025-11-07,Warszawa,Polska,Saloniki,Grecja
2026-01-05,,391.0,WAW,SKG,2025-11-07,Warszawa,Polska,Saloniki,Grecja
2026-01-06,,678.0,WAW,SKG,2025-11-07,Warszawa,Polska,Saloniki,Grecja
2026-01-07,,456.0,WAW,SKG,2025-11-07,Warszawa,Polska,Saloniki,Grecja
2026-01-08,,341.0,WAW,SKG,2025-11-07,Warszawa,Polska,Saloniki,Grecja
2026-01-09,,391.0,WAW,SKG,2025-11-07,Warszawa,Polska,Saloniki,Grecja
2026-01-10,,440.0,WAW,SKG,2025-11-07,Warszawa,Polska,Saloniki,Grecja
2026-01-11,,341.0,WAW,SKG,2025-11-07,Warszawa,Polska,Saloniki,Grecja
2026-01-12,,283.0,WAW,SKG,2025-11-07,Warszawa,Polska,Saloniki,Grecja
2026-01-13,,326.0,WAW,SKG,2025-11-07,Warszawa,Polska,Saloniki,Grecja
2026-01-14,,283.0,WAW,SKG,2025-11-07,Warszawa,Polska,Saloniki,Grecja
2026-01-15,,326.0,WAW,SKG,2025-11-07,Warszawa,Polska,Saloniki,Grecja
2026-01-16,,377.0,WAW,SKG,2025-11-07,Warszawa,Polska,Saloniki,Grecja
2026-01-17,,326.0,WAW,SKG,2025-11-07,Warszawa,Polska,Saloniki,Grecja
2026-01-18,,508.0,WAW,SKG,2025-11-07,Warszawa,Polska,Saloniki,Grecja
2026-01-19,,428.0,WAW,SKG,2025-11-07,Warszawa,Polska,Saloniki,Grecja
2026-01-20,,687.0,WAW,SKG,2025-11-07,Warszawa,Polska,Saloniki,Grecja
2026-01-21,,364.0,WAW,SKG,2025-11-07,Warszawa,Polska,Saloniki,Grecja
2026-01-22,,313.0,WAW,SKG,2025-11-07,Warszawa,Polska,Saloniki,Grecja
2026-01-23,,428.0,WAW,SKG,2025-11-07,Warszawa,Polska,Saloniki,Grecja
2026-01-24,,297.0,WAW,SKG,2025-11-07,Warszawa,Polska,Saloniki,Grecja
2026-01-25,,593.0,WAW,SKG,2025-11-07,Warszawa,Polska,Saloniki,Grecja
2026-01-26,,364.0,WAW,SKG,2025-11-07,Warszawa,Polska,Saloniki,Grecja
2026-01-27,,313.0,WAW,SKG,2025-11-07,Warszawa,Polska,Saloniki,Grecja
2026-01-28,,313.0,WAW,SKG,2025-11-07,Warszawa,Polska,Saloniki,Grecja
2026-01-29,,364.0,WAW,SKG,2025-11-07,Warszawa,Polska,Saloniki,Grecja
2026-01-30,,428.0,WAW,SKG,2025-11-07,Warszawa,Polska,Saloniki,Grecja
2025-11-07,,1601.0,WAW,CFU,2025-11-07,Warszawa,Polska,Korfu,Grecja
2025-11-08,,1780.0,WAW,CFU,2025-11-07,Warszawa,Polska,Korfu,Grecja
2025-11-09,,1296.0,WAW,CFU,2025-11-07,Warszawa,Polska,Korfu,Grecja
2025-11-10,,352.0,WAW,CFU,2025-11-07,Warszawa,Polska,Korfu,Grecja
2025-11-11,,229.0,WAW,CFU,2025-11-07,Warszawa,Polska,Korfu,Grecja
2025-11-12,,285.0,WAW,CFU,2025-11-07,Warszawa,Polska,Korfu,Grecja
2025-11-13,,285.0,WAW,CFU,2025-11-07,Warszawa,Polska,Korfu,Grecja
2025-11-14,,585.0,WAW,CFU,2025-11-07,Warszawa,Polska,Korfu,Grecja
2025-11-15,,360.0,WAW,CFU,2025-11-07,Warszawa,Polska,Korfu,Grecja
2025-11-16,,474.0,WAW,CFU,2025-11-07,Warszawa,Polska,Korfu,Grecja
2025-11-17,,292.0,WAW,CFU,2025-11-07,Warszawa,Polska,Korfu,Grecja
2025-11-18,,206.0,WAW,CFU,2025-11-07,Warszawa,Polska,Korfu,Grecja
2025-11-19,,206.0,WAW,CFU,2025-11-07,Warszawa,Polska,Korfu,Grecja
2025-11-20,,206.0,WAW,CFU,2025-11-07,Warszawa,Polska,Korfu,Grecja
2025-11-21,,462.0,WAW,CFU,2025-11-07,Warszawa,Polska,Korfu,Grecja
2025-11-22,,214.0,WAW,CFU,2025-11-07,Warszawa,Polska,Korfu,Grecja
2025-11-23,,547.0,WAW,CFU,2025-11-07,Warszawa,Polska,Korfu,Grecja
2025-11-24,,363.0,WAW,CFU,2025-11-07,Warszawa,Polska,Korfu,Grecja
2025-11-25,,206.0,WAW,CFU,2025-11-07,Warszawa,Polska,Korfu,Grecja
2025-11-26,,206.0,WAW,CFU,2025-11-07,Warszawa,Polska,Korfu,Grecja
2025-11-27,,206.0,WAW,CFU,2025-11-07,Warszawa,Polska,Korfu,Grecja
2025-11-28,,266.0,WAW,CFU,2025-11-07,Warszawa,Polska,Korfu,Grecja
2025-11-29,,253.0,WAW,CFU,2025-11-07,Warszawa,Polska,Korfu,Grecja
2025-11-30,,313.0,WAW,CFU,2025-11-07,Warszawa,Polska,Korfu,Grecja
2025-12-01,,206.0,WAW,CFU,2025-11-07,Warszawa,Polska,Korfu,Grecja
2025-12-02,,206.0,WAW,CFU,2025-11-07,Warszawa,Polska,Korfu,Grecja
2025-12-03,,206.0,WAW,CFU,2025-11-07,Warszawa,Polska,Korfu,Grecja
2025-12-04,,206.0,WAW,CFU,2025-11-07,Warszawa,Polska,Korfu,Grecja
2025-12-05,,228.0,WAW,CFU,2025-11-07,Warszawa,Polska,Korfu,Grecja
2025-12-06,,214.0,WAW,CFU,2025-11-07,Warszawa,Polska,Korfu,Grecja
2025-12-07,,313.0,WAW,CFU,2025-11-07,Warszawa,Polska,Korfu,Grecja
2025-12-08,,363.0,WAW,CFU,2025-11-07,Warszawa,Polska,Korfu,Grecja
2025-12-09,,253.0,WAW,CFU,2025-11-07,Warszawa,Polska,Korfu,Grecja
2025-12-10,,253.0,WAW,CFU,2025-11-07,Warszawa,Polska,Korfu,Grecja
2025-12-11,,253.0,WAW,CFU,2025-11-07,Warszawa,Polska,Korfu,Grecja
2025-12-12,,266.0,WAW,CFU,2025-11-07,Warszawa,Polska,Korfu,Grecja
2025-12-13,,214.0,WAW,CFU,2025-11-07,Warszawa,Polska,Korfu,Grecja
2025-12-14,,313.0,WAW,CFU,2025-11-07,Warszawa,Polska,Korfu,Grecja
2025-12-15,,253.0,WAW,CFU,2025-11-07,Warszawa,Polska,Korfu,Grecja
2025-12-16,,214.0,WAW,CFU,2025-11-07,Warszawa,Polska,Korfu,Grecja
2025-12-17,,253.0,WAW,CFU,2025-11-07,Warszawa,Polska,Korfu,Grecja
2025-12-18,,267.0,WAW,CFU,2025-11-07,Warszawa,Polska,Korfu,Grecja
2025-12-19,,415.0,WAW,CFU,2025-11-07,Warszawa,Polska,Korfu,Grecja
2025-12-20,,696.0,WAW,CFU,2025-11-07,Warszawa,Polska,Korfu,Grecja
2025-12-21,,823.0,WAW,CFU,2025-11-07,Warszawa,Polska,Korfu,Grecja
2025-12-22,,585.0,WAW,CFU,2025-11-07,Warszawa,Polska,Korfu,Grecja
2025-12-23,,585.0,WAW,CFU,2025-11-07,Warszawa,Polska,Korfu,Grecja
2025-12-24,,585.0,WAW,CFU,2025-11-07,Warszawa,Polska,Korfu,Grecja
2025-12-25,,696.0,WAW,CFU,2025-11-07,Warszawa,Polska,Korfu,Grecja
2025-12-26,,823.0,WAW,CFU,2025-11-07,Warszawa,Polska,Korfu,Grecja
2025-12-27,,808.0,WAW,CFU,2025-11-07,Warszawa,Polska,Korfu,Grecja
2025-12-28,,946.0,WAW,CFU,2025-11-07,Warszawa,Polska,Korfu,Grecja
2025-12-29,,808.0,WAW,CFU,2025-11-07,Warszawa,Polska,Korfu,Grecja
2025-12-30,,808.0,WAW,CFU,2025-11-07,Warszawa,Polska,Korfu,Grecja
2025-12-31,,696.0,WAW,CFU,2025-11-07,Warszawa,Polska,Korfu,Grecja
2026-01-01,,585.0,WAW,CFU,2025-11-07,Warszawa,Polska,Korfu,Grecja
2026-01-02,,786.0,WAW,CFU,2025-11-07,Warszawa,Polska,Korfu,Grecja
2026-01-03,,808.0,WAW,CFU,2025-11-07,Warszawa,Polska,Korfu,Grecja
2026-01-04,,786.0,WAW,CFU,2025-11-07,Warszawa,Polska,Korfu,Grecja
2026-01-05,,786.0,WAW,CFU,2025-11-07,Warszawa,Polska,Korfu,Grecja
2026-01-06,,808.0,WAW,CFU,2025-11-07,Warszawa,Polska,Korfu,Grecja
2026-01-07,,489.0,WAW,CFU,2025-11-07,Warszawa,Polska,Korfu,Grecja
2026-01-08,,267.0,WAW,CFU,2025-11-07,Warszawa,Polska,Korfu,Grecja
2026-01-09,,334.0,WAW,CFU,2025-11-07,Warszawa,Polska,Korfu,Grecja
2026-01-10,,267.0,WAW,CFU,2025-11-07,Warszawa,Polska,Korfu,Grecja
2026-01-11,,415.0,WAW,CFU,2025-11-07,Warszawa,Polska,Korfu,Grecja
2026-01-25,,821.0,WAW,CFU,2025-11-07,Warszawa,Polska,Korfu,Grecja
2026-01-26,,293.0,WAW,CFU,2025-11-07,Warszawa,Polska,Korfu,Grecja
2026-01-27,,237.0,WAW,CFU,2025-11-07,Warszawa,Polska,Korfu,Grecja
2026-01-28,,237.0,WAW,CFU,2025-11-07,Warszawa,Polska,Korfu,Grecja
2026-01-29,,293.0,WAW,CFU,2025-11-07,Warszawa,Polska,Korfu,Grecja
2026-01-30,,373.0,WAW,CFU,2025-11-07,Warszawa,Polska,Korfu,Grecja
2026-01-12,,,WAW,CFU,2025-11-07,Warszawa,Polska,Korfu,Grecja
2026-01-13,,,WAW,CFU,2025-11-07,Warszawa,Polska,Korfu,Grecja
2026-01-14,,,WAW,CFU,2025-11-07,Warszawa,Polska,Korfu,Grecja
2026-01-15,,,WAW,CFU,2025-11-07,Warszawa,Polska,Korfu,Grecja
2026-01-16,,,WAW,CFU,2025-11-07,Warszawa,Polska,Korfu,Grecja
2026-01-17,,,WAW,CFU,2025-11-07,Warszawa,Polska,Korfu,Grecja
2026-01-18,,,WAW,CFU,2025-11-07,Warszawa,Polska,Korfu,Grecja
2026-01-19,,,WAW,CFU,2025-11-07,Warszawa,Polska,Korfu,Grecja
2026-01-20,,,WAW,CFU,2025-11-07,Warszawa,Polska,Korfu,Grecja
2026-01-21,,,WAW,CFU,2025-11-07,Warszawa,Polska,Korfu,Grecja
2026-01-22,,,WAW,CFU,2025-11-07,Warszawa,Polska,Korfu,Grecja
2026-01-23,,,WAW,CFU,2025-11-07,Warszawa,Polska,Korfu,Grecja
2026-01-24,,,WAW,CFU,2025-11-07,Warszawa,Polska,Korfu,Grecja
2025-11-07,,2178.0,WAW,ZTH,2025-11-07,Warszawa,Polska,Zakynthos,Grecja
2025-11-08,,2613.0,WAW,ZTH,2025-11-07,Warszawa,Polska,Zakynthos,Grecja
2025-11-09,,1468.0,WAW,ZTH,2025-11-07,Warszawa,Polska,Zakynthos,Grecja
2025-11-10,,571.0,WAW,ZTH,2025-11-07,Warszawa,Polska,Zakynthos,Grecja
2025-11-11,,461.0,WAW,ZTH,2025-11-07,Warszawa,Polska,Zakynthos,Grecja
2025-11-12,,568.0,WAW,ZTH,2025-11-07,Warszawa,Polska,Zakynthos,Grecja
2025-11-13,,647.0,WAW,ZTH,2025-11-07,Warszawa,Polska,Zakynthos,Grecja
2025-11-15,,571.0,WAW,ZTH,2025-11-07,Warszawa,Polska,Zakynthos,Grecja
2025-11-16,,585.0,WAW,ZTH,2025-11-07,Warszawa,Polska,Zakynthos,Grecja
2025-11-17,,371.0,WAW,ZTH,2025-11-07,Warszawa,Polska,Zakynthos,Grecja
2025-11-18,,371.0,WAW,ZTH,2025-11-07,Warszawa,Polska,Zakynthos,Grecja
2025-11-19,,568.0,WAW,ZTH,2025-11-07,Warszawa,Polska,Zakynthos,Grecja
2025-11-20,,371.0,WAW,ZTH,2025-11-07,Warszawa,Polska,Zakynthos,Grecja
2025-11-21,,462.0,WAW,ZTH,2025-11-07,Warszawa,Polska,Zakynthos,Grecja
2025-11-22,,371.0,WAW,ZTH,2025-11-07,Warszawa,Polska,Zakynthos,Grecja
2025-11-23,,547.0,WAW,ZTH,2025-11-07,Warszawa,Polska,Zakynthos,Grecja
2025-11-24,,371.0,WAW,ZTH,2025-11-07,Warszawa,Polska,Zakynthos,Grecja
2025-11-25,,371.0,WAW,ZTH,2025-11-07,Warszawa,Polska,Zakynthos,Grecja
2025-11-26,,568.0,WAW,ZTH,2025-11-07,Warszawa,Polska,Zakynthos,Grecja
2025-11-27,,371.0,WAW,ZTH,2025-11-07,Warszawa,Polska,Zakynthos,Grecja
2025-11-28,,385.0,WAW,ZTH,2025-11-07,Warszawa,Polska,Zakynthos,Grecja
2025-11-29,,371.0,WAW,ZTH,2025-11-07,Warszawa,Polska,Zakynthos,Grecja
2025-11-30,,385.0,WAW,ZTH,2025-11-07,Warszawa,Polska,Zakynthos,Grecja
2025-12-01,,371.0,WAW,ZTH,2025-11-07,Warszawa,Polska,Zakynthos,Grecja
2025-12-02,,371.0,WAW,ZTH,2025-11-07,Warszawa,Polska,Zakynthos,Grecja
2025-12-03,,568.0,WAW,ZTH,2025-11-07,Warszawa,Polska,Zakynthos,Grecja
2025-12-04,,371.0,WAW,ZTH,2025-11-07,Warszawa,Polska,Zakynthos,Grecja
2025-12-05,,385.0,WAW,ZTH,2025-11-07,Warszawa,Polska,Zakynthos,Grecja
2025-12-06,,371.0,WAW,ZTH,2025-11-07,Warszawa,Polska,Zakynthos,Grecja
2025-12-07,,385.0,WAW,ZTH,2025-11-07,Warszawa,Polska,Zakynthos,Grecja
2025-12-08,,371.0,WAW,ZTH,2025-11-07,Warszawa,Polska,Zakynthos,Grecja
2025-12-09,,371.0,WAW,ZTH,2025-11-07,Warszawa,Polska,Zakynthos,Grecja
2025-12-10,,568.0,WAW,ZTH,2025-11-07,Warszawa,Polska,Zakynthos,Grecja
2025-12-11,,371.0,WAW,ZTH,2025-11-07,Warszawa,Polska,Zakynthos,Grecja
2025-12-12,,385.0,WAW,ZTH,2025-11-07,Warszawa,Polska,Zakynthos,Grecja
2025-12-13,,371.0,WAW,ZTH,2025-11-07,Warszawa,Polska,Zakynthos,Grecja
2025-12-14,,385.0,WAW,ZTH,2025-11-07,Warszawa,Polska,Zakynthos,Grecja
2025-12-15,,371.0,WAW,ZTH,2025-11-07,Warszawa,Polska,Zakynthos,Grecja
2025-12-16,,371.0,WAW,ZTH,2025-11-07,Warszawa,Polska,Zakynthos,Grecja
2025-12-17,,671.0,WAW,ZTH,2025-11-07,Warszawa,Polska,Zakynthos,Grecja
2025-12-18,,401.0,WAW,ZTH,2025-11-07,Warszawa,Polska,Zakynthos,Grecja
2025-12-19,,504.0,WAW,ZTH,2025-11-07,Warszawa,Polska,Zakynthos,Grecja
2025-12-20,,696.0,WAW,ZTH,2025-11-07,Warszawa,Polska,Zakynthos,Grecja
2025-12-21,,823.0,WAW,ZTH,2025-11-07,Warszawa,Polska,Zakynthos,Grecja
2025-12-22,,585.0,WAW,ZTH,2025-11-07,Warszawa,Polska,Zakynthos,Grecja
2025-12-23,,696.0,WAW,ZTH,2025-11-07,Warszawa,Polska,Zakynthos,Grecja
2025-12-24,,749.0,WAW,ZTH,2025-11-07,Warszawa,Polska,Zakynthos,Grecja
2025-12-25,,696.0,WAW,ZTH,2025-11-07,Warszawa,Polska,Zakynthos,Grecja
2025-12-26,,823.0,WAW,ZTH,2025-11-07,Warszawa,Polska,Zakynthos,Grecja
2025-12-27,,808.0,WAW,ZTH,2025-11-07,Warszawa,Polska,Zakynthos,Grecja
2025-12-28,,946.0,WAW,ZTH,2025-11-07,Warszawa,Polska,Zakynthos,Grecja
2025-12-29,,808.0,WAW,ZTH,2025-11-07,Warszawa,Polska,Zakynthos,Grecja
2025-12-30,,808.0,WAW,ZTH,2025-11-07,Warszawa,Polska,Zakynthos,Grecja
2025-12-31,,930.0,WAW,ZTH,2025-11-07,Warszawa,Polska,Zakynthos,Grecja
2026-01-01,,585.0,WAW,ZTH,2025-11-07,Warszawa,Polska,Zakynthos,Grecja
2026-01-02,,823.0,WAW,ZTH,2025-11-07,Warszawa,Polska,Zakynthos,Grecja
2026-01-03,,808.0,WAW,ZTH,2025-11-07,Warszawa,Polska,Zakynthos,Grecja
2026-01-04,,811.0,WAW,ZTH,2025-11-07,Warszawa,Polska,Zakynthos,Grecja
2026-01-05,,811.0,WAW,ZTH,2025-11-07,Warszawa,Polska,Zakynthos,Grecja
2026-01-06,,808.0,WAW,ZTH,2025-11-07,Warszawa,Polska,Zakynthos,Grecja
2026-01-07,,811.0,WAW,ZTH,2025-11-07,Warszawa,Polska,Zakynthos,Grecja
2026-01-08,,401.0,WAW,ZTH,2025-11-07,Warszawa,Polska,Zakynthos,Grecja
2026-01-09,,415.0,WAW,ZTH,2025-11-07,Warszawa,Polska,Zakynthos,Grecja
2026-01-10,,401.0,WAW,ZTH,2025-11-07,Warszawa,Polska,Zakynthos,Grecja
2026-01-11,,415.0,WAW,ZTH,2025-11-07,Warszawa,Polska,Zakynthos,Grecja
2026-01-12,,568.0,WAW,ZTH,2025-11-07,Warszawa,Polska,Zakynthos,Grecja
2026-01-13,,401.0,WAW,ZTH,2025-11-07,Warszawa,Polska,Zakynthos,Grecja
2026-01-14,,568.0,WAW,ZTH,2025-11-07,Warszawa,Polska,Zakynthos,Grecja
2026-01-15,,401.0,WAW,ZTH,2025-11-07,Warszawa,Polska,Zakynthos,Grecja
2026-01-16,,415.0,WAW,ZTH,2025-11-07,Warszawa,Polska,Zakynthos,Grecja
2026-01-17,,401.0,WAW,ZTH,2025-11-07,Warszawa,Polska,Zakynthos,Grecja
2026-01-18,,504.0,WAW,ZTH,2025-11-07,Warszawa,Polska,Zakynthos,Grecja
2026-01-19,,568.0,WAW,ZTH,2025-11-07,Warszawa,Polska,Zakynthos,Grecja
2026-01-20,,647.0,WAW,ZTH,2025-11-07,Warszawa,Polska,Zakynthos,Grecja
2026-01-21,,647.0,WAW,ZTH,2025-11-07,Warszawa,Polska,Zakynthos,Grecja
2026-01-22,,461.0,WAW,ZTH,2025-11-07,Warszawa,Polska,Zakynthos,Grecja
2026-01-23,,474.0,WAW,ZTH,2025-11-07,Warszawa,Polska,Zakynthos,Grecja
2026-01-24,,461.0,WAW,ZTH,2025-11-07,Warszawa,Polska,Zakynthos,Grecja
2026-01-25,,585.0,WAW,ZTH,2025-11-07,Warszawa,Polska,Zakynthos,Grecja
2026-01-26,,568.0,WAW,ZTH,2025-11-07,Warszawa,Polska,Zakynthos,Grecja
2026-01-27,,461.0,WAW,ZTH,2025-11-07,Warszawa,Polska,Zakynthos,Grecja
2026-01-28,,708.0,WAW,ZTH,2025-11-07,Warszawa,Polska,Zakynthos,Grecja
2026-01-29,,461.0,WAW,ZTH,2025-11-07,Warszawa,Polska,Zakynthos,Grecja
2026-01-30,,474.0,WAW,ZTH,2025-11-07,Warszawa,Polska,Zakynthos,Grecja
2025-11-14,,,WAW,ZTH,2025-11-07,Warszawa,Polska,Zakynthos,Grecja
2025-11-07,,1909.0,WAW,KGS,2025-11-07,Warszawa,Polska,Kos,Grecja
2025-11-08,,1317.0,WAW,KGS,2025-11-07,Warszawa,Polska,Kos,Grecja
2025-11-09,,1337.0,WAW,KGS,2025-11-07,Warszawa,Polska,Kos,Grecja
2025-11-10,,381.0,WAW,KGS,2025-11-07,Warszawa,Polska,Kos,Grecja
2025-11-11,,259.0,WAW,KGS,2025-11-07,Warszawa,Polska,Kos,Grecja
2025-11-12,,251.0,WAW,KGS,2025-11-07,Warszawa,Polska,Kos,Grecja
2025-11-13,,314.0,WAW,KGS,2025-11-07,Warszawa,Polska,Kos,Grecja
2025-11-14,,606.0,WAW,KGS,2025-11-07,Warszawa,Polska,Kos,Grecja
2025-11-15,,259.0,WAW,KGS,2025-11-07,Warszawa,Polska,Kos,Grecja
2025-11-16,,496.0,WAW,KGS,2025-11-07,Warszawa,Polska,Kos,Grecja
2025-11-17,,307.0,WAW,KGS,2025-11-07,Warszawa,Polska,Kos,Grecja
2025-11-18,,222.0,WAW,KGS,2025-11-07,Warszawa,Polska,Kos,Grecja
2025-11-19,,222.0,WAW,KGS,2025-11-07,Warszawa,Polska,Kos,Grecja
2025-11-20,,230.0,WAW,KGS,2025-11-07,Warszawa,Polska,Kos,Grecja
2025-11-21,,479.0,WAW,KGS,2025-11-07,Warszawa,Polska,Kos,Grecja
2025-11-22,,315.0,WAW,KGS,2025-11-07,Warszawa,Polska,Kos,Grecja
2025-11-23,,559.0,WAW,KGS,2025-11-07,Warszawa,Polska,Kos,Grecja
2025-11-24,,378.0,WAW,KGS,2025-11-07,Warszawa,Polska,Kos,Grecja
2025-11-25,,222.0,WAW,KGS,2025-11-07,Warszawa,Polska,Kos,Grecja
2025-11-26,,222.0,WAW,KGS,2025-11-07,Warszawa,Polska,Kos,Grecja
2025-11-27,,230.0,WAW,KGS,2025-11-07,Warszawa,Polska,Kos,Grecja
2025-11-28,,283.0,WAW,KGS,2025-11-07,Warszawa,Polska,Kos,Grecja
2025-11-29,,230.0,WAW,KGS,2025-11-07,Warszawa,Polska,Kos,Grecja
2025-11-30,,330.0,WAW,KGS,2025-11-07,Warszawa,Polska,Kos,Grecja
2025-12-01,,222.0,WAW,KGS,2025-11-07,Warszawa,Polska,Kos,Grecja
2025-12-02,,222.0,WAW,KGS,2025-11-07,Warszawa,Polska,Kos,Grecja
2025-12-03,,230.0,WAW,KGS,2025-11-07,Warszawa,Polska,Kos,Grecja
2025-12-04,,230.0,WAW,KGS,2025-11-07,Warszawa,Polska,Kos,Grecja
2025-12-05,,245.0,WAW,KGS,2025-11-07,Warszawa,Polska,Kos,Grecja
2025-12-06,,230.0,WAW,KGS,2025-11-07,Warszawa,Polska,Kos,Grecja
2025-12-07,,330.0,WAW,KGS,2025-11-07,Warszawa,Polska,Kos,Grecja
2025-12-08,,386.0,WAW,KGS,2025-11-07,Warszawa,Polska,Kos,Grecja
2025-12-09,,268.0,WAW,KGS,2025-11-07,Warszawa,Polska,Kos,Grecja
2025-12-10,,315.0,WAW,KGS,2025-11-07,Warszawa,Polska,Kos,Grecja
2025-12-11,,315.0,WAW,KGS,2025-11-07,Warszawa,Polska,Kos,Grecja
2025-12-12,,283.0,WAW,KGS,2025-11-07,Warszawa,Polska,Kos,Grecja
2025-12-13,,230.0,WAW,KGS,2025-11-07,Warszawa,Polska,Kos,Grecja
2025-12-14,,330.0,WAW,KGS,2025-11-07,Warszawa,Polska,Kos,Grecja
2025-12-15,,268.0,WAW,KGS,2025-11-07,Warszawa,Polska,Kos,Grecja
2025-12-16,,230.0,WAW,KGS,2025-11-07,Warszawa,Polska,Kos,Grecja
2025-12-17,,315.0,WAW,KGS,2025-11-07,Warszawa,Polska,Kos,Grecja
2025-12-18,,337.0,WAW,KGS,2025-11-07,Warszawa,Polska,Kos,Grecja
2025-12-19,,521.0,WAW,KGS,2025-11-07,Warszawa,Polska,Kos,Grecja
2025-12-20,,712.0,WAW,KGS,2025-11-07,Warszawa,Polska,Kos,Grecja
2025-12-21,,840.0,WAW,KGS,2025-11-07,Warszawa,Polska,Kos,Grecja
2025-12-22,,602.0,WAW,KGS,2025-11-07,Warszawa,Polska,Kos,Grecja
2025-12-23,,602.0,WAW,KGS,2025-11-07,Warszawa,Polska,Kos,Grecja
2025-12-24,,602.0,WAW,KGS,2025-11-07,Warszawa,Polska,Kos,Grecja
2025-12-25,,716.0,WAW,KGS,2025-11-07,Warszawa,Polska,Kos,Grecja
2025-12-26,,840.0,WAW,KGS,2025-11-07,Warszawa,Polska,Kos,Grecja
2025-12-27,,825.0,WAW,KGS,2025-11-07,Warszawa,Polska,Kos,Grecja
2025-12-28,,963.0,WAW,KGS,2025-11-07,Warszawa,Polska,Kos,Grecja
2025-12-29,,825.0,WAW,KGS,2025-11-07,Warszawa,Polska,Kos,Grecja
2025-12-30,,825.0,WAW,KGS,2025-11-07,Warszawa,Polska,Kos,Grecja
2025-12-31,,712.0,WAW,KGS,2025-11-07,Warszawa,Polska,Kos,Grecja
2026-01-01,,602.0,WAW,KGS,2025-11-07,Warszawa,Polska,Kos,Grecja
2026-01-02,,840.0,WAW,KGS,2025-11-07,Warszawa,Polska,Kos,Grecja
2026-01-03,,825.0,WAW,KGS,2025-11-07,Warszawa,Polska,Kos,Grecja
2026-01-04,,840.0,WAW,KGS,2025-11-07,Warszawa,Polska,Kos,Grecja
2026-01-05,,825.0,WAW,KGS,2025-11-07,Warszawa,Polska,Kos,Grecja
2026-01-06,,825.0,WAW,KGS,2025-11-07,Warszawa,Polska,Kos,Grecja
2026-01-07,,506.0,WAW,KGS,2025-11-07,Warszawa,Polska,Kos,Grecja
2026-01-08,,337.0,WAW,KGS,2025-11-07,Warszawa,Polska,Kos,Grecja
2026-01-09,,432.0,WAW,KGS,2025-11-07,Warszawa,Polska,Kos,Grecja
2026-01-10,,284.0,WAW,KGS,2025-11-07,Warszawa,Polska,Kos,Grecja
2026-01-11,,521.0,WAW,KGS,2025-11-07,Warszawa,Polska,Kos,Grecja
2026-01-12,,240.0,WAW,KGS,2025-11-07,Warszawa,Polska,Kos,Grecja
2026-01-13,,284.0,WAW,KGS,2025-11-07,Warszawa,Polska,Kos,Grecja
2026-01-14,,240.0,WAW,KGS,2025-11-07,Warszawa,Polska,Kos,Grecja
2026-01-15,,284.0,WAW,KGS,2025-11-07,Warszawa,Polska,Kos,Grecja
2026-01-16,,351.0,WAW,KGS,2025-11-07,Warszawa,Polska,Kos,Grecja
2026-01-17,,284.0,WAW,KGS,2025-11-07,Warszawa,Polska,Kos,Grecja
2026-01-18,,521.0,WAW,KGS,2025-11-07,Warszawa,Polska,Kos,Grecja
2026-01-19,,381.0,WAW,KGS,2025-11-07,Warszawa,Polska,Kos,Grecja
2026-01-20,,647.0,WAW,KGS,2025-11-07,Warszawa,Polska,Kos,Grecja
2026-01-21,,314.0,WAW,KGS,2025-11-07,Warszawa,Polska,Kos,Grecja
2026-01-22,,259.0,WAW,KGS,2025-11-07,Warszawa,Polska,Kos,Grecja
2026-01-23,,394.0,WAW,KGS,2025-11-07,Warszawa,Polska,Kos,Grecja
2026-01-24,,259.0,WAW,KGS,2025-11-07,Warszawa,Polska,Kos,Grecja
2026-01-25,,606.0,WAW,KGS,2025-11-07,Warszawa,Polska,Kos,Grecja
2026-01-26,,314.0,WAW,KGS,2025-11-07,Warszawa,Polska,Kos,Grecja
2026-01-27,,314.0,WAW,KGS,2025-11-07,Warszawa,Polska,Kos,Grecja
2026-01-28,,259.0,WAW,KGS,2025-11-07,Warszawa,Polska,Kos,Grecja
2026-01-29,,381.0,WAW,KGS,2025-11-07,Warszawa,Polska,Kos,Grecja
2026-01-30,,394.0,WAW,KGS,2025-11-07,Warszawa,Polska,Kos,Grecja
2025-11-07,,1683.0,WAW,CHQ,2025-11-07,Warszawa,Polska,Chania,Grecja
2025-11-08,,1283.0,WAW,CHQ,2025-11-07,Warszawa,Polska,Chania,Grecja
2025-11-09,,1283.0,WAW,CHQ,2025-11-07,Warszawa,Polska,Chania,Grecja
2025-11-10,,545.0,WAW,CHQ,2025-11-07,Warszawa,Polska,Chania,Grecja
2025-11-11,,447.0,WAW,CHQ,2025-11-07,Warszawa,Polska,Chania,Grecja
2025-11-12,,353.0,WAW,CHQ,2025-11-07,Warszawa,Polska,Chania,Grecja
2025-11-13,,447.0,WAW,CHQ,2025-11-07,Warszawa,Polska,Chania,Grecja
2025-11-14,,559.0,WAW,CHQ,2025-11-07,Warszawa,Polska,Chania,Grecja
2025-11-15,,289.0,WAW,CHQ,2025-11-07,Warszawa,Polska,Chania,Grecja
2025-11-16,,447.0,WAW,CHQ,2025-11-07,Warszawa,Polska,Chania,Grecja
2025-11-17,,361.0,WAW,CHQ,2025-11-07,Warszawa,Polska,Chania,Grecja
2025-11-18,,295.0,WAW,CHQ,2025-11-07,Warszawa,Polska,Chania,Grecja
2025-11-19,,295.0,WAW,CHQ,2025-11-07,Warszawa,Polska,Chania,Grecja
2025-11-20,,295.0,WAW,CHQ,2025-11-07,Warszawa,Polska,Chania,Grecja
2025-11-21,,445.0,WAW,CHQ,2025-11-07,Warszawa,Polska,Chania,Grecja
2025-11-22,,361.0,WAW,CHQ,2025-11-07,Warszawa,Polska,Chania,Grecja
2025-11-23,,595.0,WAW,CHQ,2025-11-07,Warszawa,Polska,Chania,Grecja
2025-11-24,,361.0,WAW,CHQ,2025-11-07,Warszawa,Polska,Chania,Grecja
2025-11-25,,295.0,WAW,CHQ,2025-11-07,Warszawa,Polska,Chania,Grecja
2025-11-26,,295.0,WAW,CHQ,2025-11-07,Warszawa,Polska,Chania,Grecja
2025-11-27,,295.0,WAW,CHQ,2025-11-07,Warszawa,Polska,Chania,Grecja
2025-11-28,,377.0,WAW,CHQ,2025-11-07,Warszawa,Polska,Chania,Grecja
2025-11-29,,251.0,WAW,CHQ,2025-11-07,Warszawa,Polska,Chania,Grecja
2025-11-30,,377.0,WAW,CHQ,2025-11-07,Warszawa,Polska,Chania,Grecja
2025-12-01,,295.0,WAW,CHQ,2025-11-07,Warszawa,Polska,Chania,Grecja
2025-12-02,,295.0,WAW,CHQ,2025-11-07,Warszawa,Polska,Chania,Grecja
2025-12-03,,295.0,WAW,CHQ,2025-11-07,Warszawa,Polska,Chania,Grecja
2025-12-04,,251.0,WAW,CHQ,2025-11-07,Warszawa,Polska,Chania,Grecja
2025-12-05,,309.0,WAW,CHQ,2025-11-07,Warszawa,Polska,Chania,Grecja
2025-12-06,,295.0,WAW,CHQ,2025-11-07,Warszawa,Polska,Chania,Grecja
2025-12-07,,377.0,WAW,CHQ,2025-11-07,Warszawa,Polska,Chania,Grecja
2025-12-08,,361.0,WAW,CHQ,2025-11-07,Warszawa,Polska,Chania,Grecja
2025-12-09,,295.0,WAW,CHQ,2025-11-07,Warszawa,Polska,Chania,Grecja
2025-12-10,,295.0,WAW,CHQ,2025-11-07,Warszawa,Polska,Chania,Grecja
2025-12-11,,251.0,WAW,CHQ,2025-11-07,Warszawa,Polska,Chania,Grecja
2025-12-12,,309.0,WAW,CHQ,2025-11-07,Warszawa,Polska,Chania,Grecja
2025-12-13,,295.0,WAW,CHQ,2025-11-07,Warszawa,Polska,Chania,Grecja
2025-12-14,,377.0,WAW,CHQ,2025-11-07,Warszawa,Polska,Chania,Grecja
2025-12-15,,295.0,WAW,CHQ,2025-11-07,Warszawa,Polska,Chania,Grecja
2025-12-16,,251.0,WAW,CHQ,2025-11-07,Warszawa,Polska,Chania,Grecja
2025-12-17,,295.0,WAW,CHQ,2025-11-07,Warszawa,Polska,Chania,Grecja
2025-12-18,,315.0,WAW,CHQ,2025-11-07,Warszawa,Polska,Chania,Grecja
2025-12-19,,402.0,WAW,CHQ,2025-11-07,Warszawa,Polska,Chania,Grecja
2025-12-20,,657.0,WAW,CHQ,2025-11-07,Warszawa,Polska,Chania,Grecja
2025-12-21,,789.0,WAW,CHQ,2025-11-07,Warszawa,Polska,Chania,Grecja
2025-12-22,,554.0,WAW,CHQ,2025-11-07,Warszawa,Polska,Chania,Grecja
2025-12-23,,554.0,WAW,CHQ,2025-11-07,Warszawa,Polska,Chania,Grecja
2025-12-24,,554.0,WAW,CHQ,2025-11-07,Warszawa,Polska,Chania,Grecja
2025-12-25,,686.0,WAW,CHQ,2025-11-07,Warszawa,Polska,Chania,Grecja
2025-12-26,,789.0,WAW,CHQ,2025-11-07,Warszawa,Polska,Chania,Grecja
2025-12-27,,774.0,WAW,CHQ,2025-11-07,Warszawa,Polska,Chania,Grecja
2025-12-28,,921.0,WAW,CHQ,2025-11-07,Warszawa,Polska,Chania,Grecja
2025-12-29,,774.0,WAW,CHQ,2025-11-07,Warszawa,Polska,Chania,Grecja
2025-12-30,,774.0,WAW,CHQ,2025-11-07,Warszawa,Polska,Chania,Grecja
2025-12-31,,657.0,WAW,CHQ,2025-11-07,Warszawa,Polska,Chania,Grecja
2026-01-01,,554.0,WAW,CHQ,2025-11-07,Warszawa,Polska,Chania,Grecja
2026-01-02,,749.0,WAW,CHQ,2025-11-07,Warszawa,Polska,Chania,Grecja
2026-01-03,,774.0,WAW,CHQ,2025-11-07,Warszawa,Polska,Chania,Grecja
2026-01-04,,749.0,WAW,CHQ,2025-11-07,Warszawa,Polska,Chania,Grecja
2026-01-05,,749.0,WAW,CHQ,2025-11-07,Warszawa,Polska,Chania,Grecja
2026-01-06,,774.0,WAW,CHQ,2025-11-07,Warszawa,Polska,Chania,Grecja
2026-01-07,,468.0,WAW,CHQ,2025-11-07,Warszawa,Polska,Chania,Grecja
2026-01-08,,264.0,WAW,CHQ,2025-11-07,Warszawa,Polska,Chania,Grecja
2026-01-09,,330.0,WAW,CHQ,2025-11-07,Warszawa,Polska,Chania,Grecja
2026-01-10,,264.0,WAW,CHQ,2025-11-07,Warszawa,Polska,Chania,Grecja
2026-01-11,,402.0,WAW,CHQ,2025-11-07,Warszawa,Polska,Chania,Grecja
2026-01-12,,264.0,WAW,CHQ,2025-11-07,Warszawa,Polska,Chania,Grecja
2026-01-13,,264.0,WAW,CHQ,2025-11-07,Warszawa,Polska,Chania,Grecja
2026-01-14,,264.0,WAW,CHQ,2025-11-07,Warszawa,Polska,Chania,Grecja
2026-01-15,,264.0,WAW,CHQ,2025-11-07,Warszawa,Polska,Chania,Grecja
2026-01-16,,330.0,WAW,CHQ,2025-11-07,Warszawa,Polska,Chania,Grecja
2026-01-17,,264.0,WAW,CHQ,2025-11-07,Warszawa,Polska,Chania,Grecja
2026-01-18,,483.0,WAW,CHQ,2025-11-07,Warszawa,Polska,Chania,Grecja
2026-01-19,,353.0,WAW,CHQ,2025-11-07,Warszawa,Polska,Chania,Grecja
2026-01-20,,647.0,WAW,CHQ,2025-11-07,Warszawa,Polska,Chania,Grecja
2026-01-21,,289.0,WAW,CHQ,2025-11-07,Warszawa,Polska,Chania,Grecja
2026-01-22,,289.0,WAW,CHQ,2025-11-07,Warszawa,Polska,Chania,Grecja
2026-01-23,,368.0,WAW,CHQ,2025-11-07,Warszawa,Polska,Chania,Grecja
2026-01-24,,289.0,WAW,CHQ,2025-11-07,Warszawa,Polska,Chania,Grecja
2026-01-25,,559.0,WAW,CHQ,2025-11-07,Warszawa,Polska,Chania,Grecja
2026-01-26,,289.0,WAW,CHQ,2025-11-07,Warszawa,Polska,Chania,Grecja
2026-01-27,,289.0,WAW,CHQ,2025-11-07,Warszawa,Polska,Chania,Grecja
2026-01-28,,289.0,WAW,CHQ,2025-11-07,Warszawa,Polska,Chania,Grecja
2026-01-29,,289.0,WAW,CHQ,2025-11-07,Warszawa,Polska,Chania,Grecja
2026-01-30,,305.0,WAW,CHQ,2025-11-07,Warszawa,Polska,Chania,Grecja
2025-11-07,,1245.0,WAW,MAD,2025-11-07,Warszawa,Polska,Madryt,Hiszpania
2025-11-08,,1235.0,WAW,MAD,2025-11-07,Warszawa,Polska,Madryt,Hiszpania
2025-11-09,,1138.0,WAW,MAD,2025-11-07,Warszawa,Polska,Madryt,Hiszpania
2025-11-10,,609.0,WAW,MAD,2025-11-07,Warszawa,Polska,Madryt,Hiszpania
2025-11-11,,498.0,WAW,MAD,2025-11-07,Warszawa,Polska,Madryt,Hiszpania
2025-11-12,,299.0,WAW,MAD,2025-11-07,Warszawa,Polska,Madryt,Hiszpania
2025-11-13,,299.0,WAW,MAD,2025-11-07,Warszawa,Polska,Madryt,Hiszpania
2025-11-14,,219.0,WAW,MAD,2025-11-07,Warszawa,Polska,Madryt,Hiszpania
2025-11-15,,269.0,WAW,MAD,2025-11-07,Warszawa,Polska,Madryt,Hiszpania
2025-11-16,,399.0,WAW,MAD,2025-11-07,Warszawa,Polska,Madryt,Hiszpania
2025-11-17,,359.0,WAW,MAD,2025-11-07,Warszawa,Polska,Madryt,Hiszpania
2025-11-18,,249.0,WAW,MAD,2025-11-07,Warszawa,Polska,Madryt,Hiszpania
2025-11-19,,399.0,WAW,MAD,2025-11-07,Warszawa,Polska,Madryt,Hiszpania
2025-11-20,,219.0,WAW,MAD,2025-11-07,Warszawa,Polska,Madryt,Hiszpania
2025-11-21,,219.0,WAW,MAD,2025-11-07,Warszawa,Polska,Madryt,Hiszpania
2025-11-22,,249.0,WAW,MAD,2025-11-07,Warszawa,Polska,Madryt,Hiszpania
2025-11-23,,449.0,WAW,MAD,2025-11-07,Warszawa,Polska,Madryt,Hiszpania
2025-11-24,,219.0,WAW,MAD,2025-11-07,Warszawa,Polska,Madryt,Hiszpania
2025-11-25,,219.0,WAW,MAD,2025-11-07,Warszawa,Polska,Madryt,Hiszpania
2025-11-26,,209.0,WAW,MAD,2025-11-07,Warszawa,Polska,Madryt,Hiszpania
2025-11-27,,269.0,WAW,MAD,2025-11-07,Warszawa,Polska,Madryt,Hiszpania
2025-11-28,,179.0,WAW,MAD,2025-11-07,Warszawa,Polska,Madryt,Hiszpania
2025-11-29,,179.0,WAW,MAD,2025-11-07,Warszawa,Polska,Madryt,Hiszpania
2025-11-30,,359.0,WAW,MAD,2025-11-07,Warszawa,Polska,Madryt,Hiszpania
2025-12-01,,249.0,WAW,MAD,2025-11-07,Warszawa,Polska,Madryt,Hiszpania
2025-12-02,,179.0,WAW,MAD,2025-11-07,Warszawa,Polska,Madryt,Hiszpania
2025-12-03,,219.0,WAW,MAD,2025-11-07,Warszawa,Polska,Madryt,Hiszpania
2025-12-04,,219.0,WAW,MAD,2025-11-07,Warszawa,Polska,Madryt,Hiszpania
2025-12-05,,219.0,WAW,MAD,2025-11-07,Warszawa,Polska,Madryt,Hiszpania
2025-12-06,,299.0,WAW,MAD,2025-11-07,Warszawa,Polska,Madryt,Hiszpania
2025-12-07,,461.0,WAW,MAD,2025-11-07,Warszawa,Polska,Madryt,Hiszpania
2025-12-08,,809.0,WAW,MAD,2025-11-07,Warszawa,Polska,Madryt,Hiszpania
2025-12-09,,498.0,WAW,MAD,2025-11-07,Warszawa,Polska,Madryt,Hiszpania
2025-12-10,,399.0,WAW,MAD,2025-11-07,Warszawa,Polska,Madryt,Hiszpania
2025-12-11,,299.0,WAW,MAD,2025-11-07,Warszawa,Polska,Madryt,Hiszpania
2025-12-12,,269.0,WAW,MAD,2025-11-07,Warszawa,Polska,Madryt,Hiszpania
2025-12-13,,309.0,WAW,MAD,2025-11-07,Warszawa,Polska,Madryt,Hiszpania
2025-12-14,,359.0,WAW,MAD,2025-11-07,Warszawa,Polska,Madryt,Hiszpania
2025-12-15,,269.0,WAW,MAD,2025-11-07,Warszawa,Polska,Madryt,Hiszpania
2025-12-16,,309.0,WAW,MAD,2025-11-07,Warszawa,Polska,Madryt,Hiszpania
2025-12-17,,412.0,WAW,MAD,2025-11-07,Warszawa,Polska,Madryt,Hiszpania
2025-12-18,,448.0,WAW,MAD,2025-11-07,Warszawa,Polska,Madryt,Hiszpania
2025-12-19,,609.0,WAW,MAD,2025-11-07,Warszawa,Polska,Madryt,Hiszpania
2025-12-20,,809.0,WAW,MAD,2025-11-07,Warszawa,Polska,Madryt,Hiszpania
2025-12-21,,719.0,WAW,MAD,2025-11-07,Warszawa,Polska,Madryt,Hiszpania
2025-12-22,,559.0,WAW,MAD,2025-11-07,Warszawa,Polska,Madryt,Hiszpania
2025-12-23,,449.0,WAW,MAD,2025-11-07,Warszawa,Polska,Madryt,Hiszpania
2025-12-24,,449.0,WAW,MAD,2025-11-07,Warszawa,Polska,Madryt,Hiszpania
2025-12-25,,559.0,WAW,MAD,2025-11-07,Warszawa,Polska,Madryt,Hiszpania
2025-12-26,,809.0,WAW,MAD,2025-11-07,Warszawa,Polska,Madryt,Hiszpania
2025-12-27,,1059.0,WAW,MAD,2025-11-07,Warszawa,Polska,Madryt,Hiszpania
2025-12-28,,969.0,WAW,MAD,2025-11-07,Warszawa,Polska,Madryt,Hiszpania
2025-12-29,,809.0,WAW,MAD,2025-11-07,Warszawa,Polska,Madryt,Hiszpania
2025-12-30,,652.0,WAW,MAD,2025-11-07,Warszawa,Polska,Madryt,Hiszpania
2025-12-31,,524.0,WAW,MAD,2025-11-07,Warszawa,Polska,Madryt,Hiszpania
2026-01-01,,399.0,WAW,MAD,2025-11-07,Warszawa,Polska,Madryt,Hiszpania
2026-01-02,,309.0,WAW,MAD,2025-11-07,Warszawa,Polska,Madryt,Hiszpania
2026-01-03,,719.0,WAW,MAD,2025-11-07,Warszawa,Polska,Madryt,Hiszpania
2026-01-04,,497.0,WAW,MAD,2025-11-07,Warszawa,Polska,Madryt,Hiszpania
2026-01-05,,497.0,WAW,MAD,2025-11-07,Warszawa,Polska,Madryt,Hiszpania
2026-01-06,,449.0,WAW,MAD,2025-11-07,Warszawa,Polska,Madryt,Hiszpania
2026-01-07,,399.0,WAW,MAD,2025-11-07,Warszawa,Polska,Madryt,Hiszpania
2026-01-08,,179.0,WAW,MAD,2025-11-07,Warszawa,Polska,Madryt,Hiszpania
2026-01-09,,179.0,WAW,MAD,2025-11-07,Warszawa,Polska,Madryt,Hiszpania
2026-01-10,,179.0,WAW,MAD,2025-11-07,Warszawa,Polska,Madryt,Hiszpania
2026-01-11,,179.0,WAW,MAD,2025-11-07,Warszawa,Polska,Madryt,Hiszpania
2026-01-12,,179.0,WAW,MAD,2025-11-07,Warszawa,Polska,Madryt,Hiszpania
2026-01-13,,179.0,WAW,MAD,2025-11-07,Warszawa,Polska,Madryt,Hiszpania
2026-01-14,,179.0,WAW,MAD,2025-11-07,Warszawa,Polska,Madryt,Hiszpania
2026-01-15,,179.0,WAW,MAD,2025-11-07,Warszawa,Polska,Madryt,Hiszpania
2026-01-16,,399.0,WAW,MAD,2025-11-07,Warszawa,Polska,Madryt,Hiszpania
2026-01-17,,399.0,WAW,MAD,2025-11-07,Warszawa,Polska,Madryt,Hiszpania
2026-01-18,,299.0,WAW,MAD,2025-11-07,Warszawa,Polska,Madryt,Hiszpania
2026-01-19,,249.0,WAW,MAD,2025-11-07,Warszawa,Polska,Madryt,Hiszpania
2026-01-20,,219.0,WAW,MAD,2025-11-07,Warszawa,Polska,Madryt,Hiszpania
2026-01-21,,179.0,WAW,MAD,2025-11-07,Warszawa,Polska,Madryt,Hiszpania
2026-01-22,,179.0,WAW,MAD,2025-11-07,Warszawa,Polska,Madryt,Hiszpania
2026-01-23,,219.0,WAW,MAD,2025-11-07,Warszawa,Polska,Madryt,Hiszpania
2026-01-24,,249.0,WAW,MAD,2025-11-07,Warszawa,Polska,Madryt,Hiszpania
2026-01-25,,269.0,WAW,MAD,2025-11-07,Warszawa,Polska,Madryt,Hiszpania
2026-01-26,,179.0,WAW,MAD,2025-11-07,Warszawa,Polska,Madryt,Hiszpania
2026-01-27,,179.0,WAW,MAD,2025-11-07,Warszawa,Polska,Madryt,Hiszpania
2026-01-28,,179.0,WAW,MAD,2025-11-07,Warszawa,Polska,Madryt,Hiszpania
2026-01-29,,179.0,WAW,MAD,2025-11-07,Warszawa,Polska,Madryt,Hiszpania
2026-01-30,,179.0,WAW,MAD,2025-11-07,Warszawa,Polska,Madryt,Hiszpania
2025-11-07,,758.0,WAW,BCN,2025-11-07,Warszawa,Polska,Barcelona,Hiszpania
2025-11-08,,1062.0,WAW,BCN,2025-11-07,Warszawa,Polska,Barcelona,Hiszpania
2025-11-09,,912.0,WAW,BCN,2025-11-07,Warszawa,Polska,Barcelona,Hiszpania
2025-11-10,,659.0,WAW,BCN,2025-11-07,Warszawa,Polska,Barcelona,Hiszpania
2025-11-11,,359.0,WAW,BCN,2025-11-07,Warszawa,Polska,Barcelona,Hiszpania
2025-11-12,,299.0,WAW,BCN,2025-11-07,Warszawa,Polska,Barcelona,Hiszpania
2025-11-13,,269.0,WAW,BCN,2025-11-07,Warszawa,Polska,Barcelona,Hiszpania
2025-11-14,,559.0,WAW,BCN,2025-11-07,Warszawa,Polska,Barcelona,Hiszpania
2025-11-15,,299.0,WAW,BCN,2025-11-07,Warszawa,Polska,Barcelona,Hiszpania
2025-11-16,,299.0,WAW,BCN,2025-11-07,Warszawa,Polska,Barcelona,Hiszpania
2025-11-17,,309.0,WAW,BCN,2025-11-07,Warszawa,Polska,Barcelona,Hiszpania
2025-11-18,,269.0,WAW,BCN,2025-11-07,Warszawa,Polska,Barcelona,Hiszpania
2025-11-19,,299.0,WAW,BCN,2025-11-07,Warszawa,Polska,Barcelona,Hiszpania
2025-11-20,,399.0,WAW,BCN,2025-11-07,Warszawa,Polska,Barcelona,Hiszpania
2025-11-21,,449.0,WAW,BCN,2025-11-07,Warszawa,Polska,Barcelona,Hiszpania
2025-11-22,,359.0,WAW,BCN,2025-11-07,Warszawa,Polska,Barcelona,Hiszpania
2025-11-23,,219.0,WAW,BCN,2025-11-07,Warszawa,Polska,Barcelona,Hiszpania
2025-11-24,,179.0,WAW,BCN,2025-11-07,Warszawa,Polska,Barcelona,Hiszpania
2025-11-25,,179.0,WAW,BCN,2025-11-07,Warszawa,Polska,Barcelona,Hiszpania
2025-11-26,,179.0,WAW,BCN,2025-11-07,Warszawa,Polska,Barcelona,Hiszpania
2025-11-27,,309.0,WAW,BCN,2025-11-07,Warszawa,Polska,Barcelona,Hiszpania
2025-11-28,,359.0,WAW,BCN,2025-11-07,Warszawa,Polska,Barcelona,Hiszpania
2025-11-29,,249.0,WAW,BCN,2025-11-07,Warszawa,Polska,Barcelona,Hiszpania
2025-11-30,,219.0,WAW,BCN,2025-11-07,Warszawa,Polska,Barcelona,Hiszpania
2025-12-01,,179.0,WAW,BCN,2025-11-07,Warszawa,Polska,Barcelona,Hiszpania
2025-12-02,,179.0,WAW,BCN,2025-11-07,Warszawa,Polska,Barcelona,Hiszpania
2025-12-03,,179.0,WAW,BCN,2025-11-07,Warszawa,Polska,Barcelona,Hiszpania
2025-12-04,,219.0,WAW,BCN,2025-11-07,Warszawa,Polska,Barcelona,Hiszpania
2025-12-05,,269.0,WAW,BCN,2025-11-07,Warszawa,Polska,Barcelona,Hiszpania
2025-12-06,,179.0,WAW,BCN,2025-11-07,Warszawa,Polska,Barcelona,Hiszpania
2025-12-07,,179.0,WAW,BCN,2025-11-07,Warszawa,Polska,Barcelona,Hiszpania
2025-12-08,,399.0,WAW,BCN,2025-11-07,Warszawa,Polska,Barcelona,Hiszpania
2025-12-09,,399.0,WAW,BCN,2025-11-07,Warszawa,Polska,Barcelona,Hiszpania
2025-12-10,,179.0,WAW,BCN,2025-11-07,Warszawa,Polska,Barcelona,Hiszpania
2025-12-11,,179.0,WAW,BCN,2025-11-07,Warszawa,Polska,Barcelona,Hiszpania
2025-12-12,,269.0,WAW,BCN,2025-11-07,Warszawa,Polska,Barcelona,Hiszpania
2025-12-13,,179.0,WAW,BCN,2025-11-07,Warszawa,Polska,Barcelona,Hiszpania
2025-12-14,,179.0,WAW,BCN,2025-11-07,Warszawa,Polska,Barcelona,Hiszpania
2025-12-15,,179.0,WAW,BCN,2025-11-07,Warszawa,Polska,Barcelona,Hiszpania
2025-12-16,,179.0,WAW,BCN,2025-11-07,Warszawa,Polska,Barcelona,Hiszpania
2025-12-17,,179.0,WAW,BCN,2025-11-07,Warszawa,Polska,Barcelona,Hiszpania
2025-12-18,,179.0,WAW,BCN,2025-11-07,Warszawa,Polska,Barcelona,Hiszpania
2025-12-19,,209.0,WAW,BCN,2025-11-07,Warszawa,Polska,Barcelona,Hiszpania
2025-12-20,,309.0,WAW,BCN,2025-11-07,Warszawa,Polska,Barcelona,Hiszpania
2025-12-21,,269.0,WAW,BCN,2025-11-07,Warszawa,Polska,Barcelona,Hiszpania
2025-12-22,,179.0,WAW,BCN,2025-11-07,Warszawa,Polska,Barcelona,Hiszpania
2025-12-23,,359.0,WAW,BCN,2025-11-07,Warszawa,Polska,Barcelona,Hiszpania
2025-12-24,,309.0,WAW,BCN,2025-11-07,Warszawa,Polska,Barcelona,Hiszpania
2025-12-25,,449.0,WAW,BCN,2025-11-07,Warszawa,Polska,Barcelona,Hiszpania
2025-12-26,,559.0,WAW,BCN,2025-11-07,Warszawa,Polska,Barcelona,Hiszpania
2025-12-27,,559.0,WAW,BCN,2025-11-07,Warszawa,Polska,Barcelona,Hiszpania
2025-12-28,,559.0,WAW,BCN,2025-11-07,Warszawa,Polska,Barcelona,Hiszpania
2025-12-29,,609.0,WAW,BCN,2025-11-07,Warszawa,Polska,Barcelona,Hiszpania
2025-12-30,,719.0,WAW,BCN,2025-11-07,Warszawa,Polska,Barcelona,Hiszpania
2025-12-31,,495.0,WAW,BCN,2025-11-07,Warszawa,Polska,Barcelona,Hiszpania
2026-01-01,,359.0,WAW,BCN,2025-11-07,Warszawa,Polska,Barcelona,Hiszpania
2026-01-02,,449.0,WAW,BCN,2025-11-07,Warszawa,Polska,Barcelona,Hiszpania
2026-01-03,,399.0,WAW,BCN,2025-11-07,Warszawa,Polska,Barcelona,Hiszpania
2026-01-04,,359.0,WAW,BCN,2025-11-07,Warszawa,Polska,Barcelona,Hiszpania
2026-01-05,,179.0,WAW,BCN,2025-11-07,Warszawa,Polska,Barcelona,Hiszpania
2026-01-06,,179.0,WAW,BCN,2025-11-07,Warszawa,Polska,Barcelona,Hiszpania
2026-01-07,,179.0,WAW,BCN,2025-11-07,Warszawa,Polska,Barcelona,Hiszpania
2026-01-08,,179.0,WAW,BCN,2025-11-07,Warszawa,Polska,Barcelona,Hiszpania
2026-01-09,,179.0,WAW,BCN,2025-11-07,Warszawa,Polska,Barcelona,Hiszpania
2026-01-10,,179.0,WAW,BCN,2025-11-07,Warszawa,Polska,Barcelona,Hiszpania
2026-01-11,,179.0,WAW,BCN,2025-11-07,Warszawa,Polska,Barcelona,Hiszpania
2026-01-12,,179.0,WAW,BCN,2025-11-07,Warszawa,Polska,Barcelona,Hiszpania
2026-01-13,,179.0,WAW,BCN,2025-11-07,Warszawa,Polska,Barcelona,Hiszpania
2026-01-14,,179.0,WAW,BCN,2025-11-07,Warszawa,Polska,Barcelona,Hiszpania
2026-01-15,,179.0,WAW,BCN,2025-11-07,Warszawa,Polska,Barcelona,Hiszpania
2026-01-16,,299.0,WAW,BCN,2025-11-07,Warszawa,Polska,Barcelona,Hiszpania
2026-01-17,,449.0,WAW,BCN,2025-11-07,Warszawa,Polska,Barcelona,Hiszpania
2026-01-18,,420.0,WAW,BCN,2025-11-07,Warszawa,Polska,Barcelona,Hiszpania
2026-01-19,,249.0,WAW,BCN,2025-11-07,Warszawa,Polska,Barcelona,Hiszpania
2026-01-20,,179.0,WAW,BCN,2025-11-07,Warszawa,Polska,Barcelona,Hiszpania
2026-01-21,,179.0,WAW,BCN,2025-11-07,Warszawa,Polska,Barcelona,Hiszpania
2026-01-22,,249.0,WAW,BCN,2025-11-07,Warszawa,Polska,Barcelona,Hiszpania
2026-01-23,,359.0,WAW,BCN,2025-11-07,Warszawa,Polska,Barcelona,Hiszpania
2026-01-24,,249.0,WAW,BCN,2025-11-07,Warszawa,Polska,Barcelona,Hiszpania
2026-01-25,,179.0,WAW,BCN,2025-11-07,Warszawa,Polska,Barcelona,Hiszpania
2026-01-26,,179.0,WAW,BCN,2025-11-07,Warszawa,Polska,Barcelona,Hiszpania
2026-01-27,,179.0,WAW,BCN,2025-11-07,Warszawa,Polska,Barcelona,Hiszpania
2026-01-28,,179.0,WAW,BCN,2025-11-07,Warszawa,Polska,Barcelona,Hiszpania
2026-01-29,,179.0,WAW,BCN,2025-11-07,Warszawa,Polska,Barcelona,Hiszpania
2026-01-30,,179.0,WAW,BCN,2025-11-07,Warszawa,Polska,Barcelona,Hiszpania
2025-11-07,,1492.0,WAW,AGP,2025-11-07,Warszawa,Polska,Malaga,Hiszpania
2025-11-08,,1726.0,WAW,AGP,2025-11-07,Warszawa,Polska,Malaga,Hiszpania
2025-11-09,,1169.0,WAW,AGP,2025-11-07,Warszawa,Polska,Malaga,Hiszpania
2025-11-10,,856.0,WAW,AGP,2025-11-07,Warszawa,Polska,Malaga,Hiszpania
2025-11-11,,449.0,WAW,AGP,2025-11-07,Warszawa,Polska,Malaga,Hiszpania
2025-11-12,,299.0,WAW,AGP,2025-11-07,Warszawa,Polska,Malaga,Hiszpania
2025-11-13,,167.0,WAW,AGP,2025-11-07,Warszawa,Polska,Malaga,Hiszpania
2025-11-14,,197.0,WAW,AGP,2025-11-07,Warszawa,Polska,Malaga,Hiszpania
2025-11-15,,197.0,WAW,AGP,2025-11-07,Warszawa,Polska,Malaga,Hiszpania
2025-11-16,,231.0,WAW,AGP,2025-11-07,Warszawa,Polska,Malaga,Hiszpania
2025-11-17,,309.0,WAW,AGP,2025-11-07,Warszawa,Polska,Malaga,Hiszpania
2025-11-18,,139.0,WAW,AGP,2025-11-07,Warszawa,Polska,Malaga,Hiszpania
2025-11-19,,171.0,WAW,AGP,2025-11-07,Warszawa,Polska,Malaga,Hiszpania
2025-11-20,,265.0,WAW,AGP,2025-11-07,Warszawa,Polska,Malaga,Hiszpania
2025-11-21,,309.0,WAW,AGP,2025-11-07,Warszawa,Polska,Malaga,Hiszpania
2025-11-22,,227.0,WAW,AGP,2025-11-07,Warszawa,Polska,Malaga,Hiszpania
2025-11-23,,308.0,WAW,AGP,2025-11-07,Warszawa,Polska,Malaga,Hiszpania
2025-11-24,,299.0,WAW,AGP,2025-11-07,Warszawa,Polska,Malaga,Hiszpania
2025-11-25,,197.0,WAW,AGP,2025-11-07,Warszawa,Polska,Malaga,Hiszpania
2025-11-26,,167.0,WAW,AGP,2025-11-07,Warszawa,Polska,Malaga,Hiszpania
2025-11-27,,219.0,WAW,AGP,2025-11-07,Warszawa,Polska,Malaga,Hiszpania
2025-11-28,,309.0,WAW,AGP,2025-11-07,Warszawa,Polska,Malaga,Hiszpania
2025-11-29,,167.0,WAW,AGP,2025-11-07,Warszawa,Polska,Malaga,Hiszpania
2025-11-30,,219.0,WAW,AGP,2025-11-07,Warszawa,Polska,Malaga,Hiszpania
2025-12-01,,219.0,WAW,AGP,2025-11-07,Warszawa,Polska,Malaga,Hiszpania
2025-12-02,,139.0,WAW,AGP,2025-11-07,Warszawa,Polska,Malaga,Hiszpania
2025-12-03,,155.0,WAW,AGP,2025-11-07,Warszawa,Polska,Malaga,Hiszpania
2025-12-04,,219.0,WAW,AGP,2025-11-07,Warszawa,Polska,Malaga,Hiszpania
2025-12-05,,219.0,WAW,AGP,2025-11-07,Warszawa,Polska,Malaga,Hiszpania
2025-12-06,,139.0,WAW,AGP,2025-11-07,Warszawa,Polska,Malaga,Hiszpania
2025-12-07,,219.0,WAW,AGP,2025-11-07,Warszawa,Polska,Malaga,Hiszpania
2025-12-08,,559.0,WAW,AGP,2025-11-07,Warszawa,Polska,Malaga,Hiszpania
2025-12-09,,219.0,WAW,AGP,2025-11-07,Warszawa,Polska,Malaga,Hiszpania
2025-12-10,,197.0,WAW,AGP,2025-11-07,Warszawa,Polska,Malaga,Hiszpania
2025-12-11,,210.0,WAW,AGP,2025-11-07,Warszawa,Polska,Malaga,Hiszpania
2025-12-12,,265.0,WAW,AGP,2025-11-07,Warszawa,Polska,Malaga,Hiszpania
2025-12-13,,219.0,WAW,AGP,2025-11-07,Warszawa,Polska,Malaga,Hiszpania
2025-12-14,,197.0,WAW,AGP,2025-11-07,Warszawa,Polska,Malaga,Hiszpania
2025-12-15,,219.0,WAW,AGP,2025-11-07,Warszawa,Polska,Malaga,Hiszpania
2025-12-16,,214.0,WAW,AGP,2025-11-07,Warszawa,Polska,Malaga,Hiszpania
2025-12-17,,219.0,WAW,AGP,2025-11-07,Warszawa,Polska,Malaga,Hiszpania
2025-12-18,,393.0,WAW,AGP,2025-11-07,Warszawa,Polska,Malaga,Hiszpania
2025-12-19,,555.0,WAW,AGP,2025-11-07,Warszawa,Polska,Malaga,Hiszpania
2025-12-20,,562.0,WAW,AGP,2025-11-07,Warszawa,Polska,Malaga,Hiszpania
2025-12-21,,632.0,WAW,AGP,2025-11-07,Warszawa,Polska,Malaga,Hiszpania
2025-12-22,,719.0,WAW,AGP,2025-11-07,Warszawa,Polska,Malaga,Hiszpania
2025-12-23,,669.0,WAW,AGP,2025-11-07,Warszawa,Polska,Malaga,Hiszpania
2025-12-24,,609.0,WAW,AGP,2025-11-07,Warszawa,Polska,Malaga,Hiszpania
2025-12-25,,1288.0,WAW,AGP,2025-11-07,Warszawa,Polska,Malaga,Hiszpania
2025-12-26,,1130.0,WAW,AGP,2025-11-07,Warszawa,Polska,Malaga,Hiszpania
2025-12-27,,1259.0,WAW,AGP,2025-11-07,Warszawa,Polska,Malaga,Hiszpania
2025-12-28,,1130.0,WAW,AGP,2025-11-07,Warszawa,Polska,Malaga,Hiszpania
2025-12-29,,1059.0,WAW,AGP,2025-11-07,Warszawa,Polska,Malaga,Hiszpania
2025-12-30,,849.0,WAW,AGP,2025-11-07,Warszawa,Polska,Malaga,Hiszpania
2025-12-31,,519.0,WAW,AGP,2025-11-07,Warszawa,Polska,Malaga,Hiszpania
2026-01-01,,457.0,WAW,AGP,2025-11-07,Warszawa,Polska,Malaga,Hiszpania
2026-01-02,,359.0,WAW,AGP,2025-11-07,Warszawa,Polska,Malaga,Hiszpania
2026-01-03,,359.0,WAW,AGP,2025-11-07,Warszawa,Polska,Malaga,Hiszpania
2026-01-04,,249.0,WAW,AGP,2025-11-07,Warszawa,Polska,Malaga,Hiszpania
2026-01-05,,219.0,WAW,AGP,2025-11-07,Warszawa,Polska,Malaga,Hiszpania
2026-01-06,,197.0,WAW,AGP,2025-11-07,Warszawa,Polska,Malaga,Hiszpania
2026-01-07,,167.0,WAW,AGP,2025-11-07,Warszawa,Polska,Malaga,Hiszpania
2026-01-08,,167.0,WAW,AGP,2025-11-07,Warszawa,Polska,Malaga,Hiszpania
2026-01-09,,171.0,WAW,AGP,2025-11-07,Warszawa,Polska,Malaga,Hiszpania
2026-01-10,,167.0,WAW,AGP,2025-11-07,Warszawa,Polska,Malaga,Hiszpania
2026-01-11,,167.0,WAW,AGP,2025-11-07,Warszawa,Polska,Malaga,Hiszpania
2026-01-12,,219.0,WAW,AGP,2025-11-07,Warszawa,Polska,Malaga,Hiszpania
2026-01-13,,190.0,WAW,AGP,2025-11-07,Warszawa,Polska,Malaga,Hiszpania
2026-01-14,,308.0,WAW,AGP,2025-11-07,Warszawa,Polska,Malaga,Hiszpania
2026-01-15,,304.0,WAW,AGP,2025-11-07,Warszawa,Polska,Malaga,Hiszpania
2026-01-16,,359.0,WAW,AGP,2025-11-07,Warszawa,Polska,Malaga,Hiszpania
2026-01-17,,408.0,WAW,AGP,2025-11-07,Warszawa,Polska,Malaga,Hiszpania
2026-01-18,,510.0,WAW,AGP,2025-11-07,Warszawa,Polska,Malaga,Hiszpania
2026-01-19,,449.0,WAW,AGP,2025-11-07,Warszawa,Polska,Malaga,Hiszpania
2026-01-20,,269.0,WAW,AGP,2025-11-07,Warszawa,Polska,Malaga,Hiszpania
2026-01-21,,249.0,WAW,AGP,2025-11-07,Warszawa,Polska,Malaga,Hiszpania
2026-01-22,,249.0,WAW,AGP,2025-11-07,Warszawa,Polska,Malaga,Hiszpania
2026-01-23,,249.0,WAW,AGP,2025-11-07,Warszawa,Polska,Malaga,Hiszpania
2026-01-24,,266.0,WAW,AGP,2025-11-07,Warszawa,Polska,Malaga,Hiszpania
2026-01-25,,266.0,WAW,AGP,2025-11-07,Warszawa,Polska,Malaga,Hiszpania
2026-01-26,,299.0,WAW,AGP,2025-11-07,Warszawa,Polska,Malaga,Hiszpania
2026-01-27,,167.0,WAW,AGP,2025-11-07,Warszawa,Polska,Malaga,Hiszpania
2026-01-28,,184.0,WAW,AGP,2025-11-07,Warszawa,Polska,Malaga,Hiszpania
2026-01-29,,187.0,WAW,AGP,2025-11-07,Warszawa,Polska,Malaga,Hiszpania
2026-01-30,,219.0,WAW,AGP,2025-11-07,Warszawa,Polska,Malaga,Hiszpania
2025-11-07,,896.0,WAW,PMI,2025-11-07,Warszawa,Polska,Majorka,Hiszpania
2025-11-08,,1126.0,WAW,PMI,2025-11-07,Warszawa,Polska,Majorka,Hiszpania
2025-11-09,,1105.0,WAW,PMI,2025-11-07,Warszawa,Polska,Majorka,Hiszpania
2025-11-10,,836.0,WAW,PMI,2025-11-07,Warszawa,Polska,Majorka,Hiszpania
2025-11-11,,724.0,WAW,PMI,2025-11-07,Warszawa,Polska,Majorka,Hiszpania
2025-11-12,,724.0,WAW,PMI,2025-11-07,Warszawa,Polska,Majorka,Hiszpania
2025-11-13,,724.0,WAW,PMI,2025-11-07,Warszawa,Polska,Majorka,Hiszpania
2025-11-14,,227.0,WAW,PMI,2025-11-07,Warszawa,Polska,Majorka,Hiszpania
2025-11-15,,164.0,WAW,PMI,2025-11-07,Warszawa,Polska,Majorka,Hiszpania
2025-11-16,,119.0,WAW,PMI,2025-11-07,Warszawa,Polska,Majorka,Hiszpania
2025-11-17,,119.0,WAW,PMI,2025-11-07,Warszawa,Polska,Majorka,Hiszpania
2025-11-18,,507.0,WAW,PMI,2025-11-07,Warszawa,Polska,Majorka,Hiszpania
2025-11-19,,592.0,WAW,PMI,2025-11-07,Warszawa,Polska,Majorka,Hiszpania
2025-11-20,,593.0,WAW,PMI,2025-11-07,Warszawa,Polska,Majorka,Hiszpania
2025-11-21,,197.0,WAW,PMI,2025-11-07,Warszawa,Polska,Majorka,Hiszpania
2025-11-22,,143.0,WAW,PMI,2025-11-07,Warszawa,Polska,Majorka,Hiszpania
2025-11-23,,119.0,WAW,PMI,2025-11-07,Warszawa,Polska,Majorka,Hiszpania
2025-11-24,,121.0,WAW,PMI,2025-11-07,Warszawa,Polska,Majorka,Hiszpania
2025-11-25,,479.0,WAW,PMI,2025-11-07,Warszawa,Polska,Majorka,Hiszpania
2025-11-26,,479.0,WAW,PMI,2025-11-07,Warszawa,Polska,Majorka,Hiszpania
2025-11-27,,381.0,WAW,PMI,2025-11-07,Warszawa,Polska,Majorka,Hiszpania
2025-11-28,,393.0,WAW,PMI,2025-11-07,Warszawa,Polska,Majorka,Hiszpania
2025-11-29,,133.0,WAW,PMI,2025-11-07,Warszawa,Polska,Majorka,Hiszpania
2025-11-30,,265.0,WAW,PMI,2025-11-07,Warszawa,Polska,Majorka,Hiszpania
2025-12-01,,167.0,WAW,PMI,2025-11-07,Warszawa,Polska,Majorka,Hiszpania
2025-12-02,,381.0,WAW,PMI,2025-11-07,Warszawa,Polska,Majorka,Hiszpania
2025-12-03,,381.0,WAW,PMI,2025-11-07,Warszawa,Polska,Majorka,Hiszpania
2025-12-04,,381.0,WAW,PMI,2025-11-07,Warszawa,Polska,Majorka,Hiszpania
2025-12-05,,227.0,WAW,PMI,2025-11-07,Warszawa,Polska,Majorka,Hiszpania
2025-12-06,,147.0,WAW,PMI,2025-11-07,Warszawa,Polska,Majorka,Hiszpania
2025-12-07,,189.0,WAW,PMI,2025-11-07,Warszawa,Polska,Majorka,Hiszpania
2025-12-08,,607.0,WAW,PMI,2025-11-07,Warszawa,Polska,Majorka,Hiszpania
2025-12-09,,511.0,WAW,PMI,2025-11-07,Warszawa,Polska,Majorka,Hiszpania
2025-12-10,,411.0,WAW,PMI,2025-11-07,Warszawa,Polska,Majorka,Hiszpania
2025-12-11,,381.0,WAW,PMI,2025-11-07,Warszawa,Polska,Majorka,Hiszpania
2025-12-12,,344.0,WAW,PMI,2025-11-07,Warszawa,Polska,Majorka,Hiszpania
2025-12-13,,142.0,WAW,PMI,2025-11-07,Warszawa,Polska,Majorka,Hiszpania
2025-12-14,,167.0,WAW,PMI,2025-11-07,Warszawa,Polska,Majorka,Hiszpania
2025-12-15,,168.0,WAW,PMI,2025-11-07,Warszawa,Polska,Majorka,Hiszpania
2025-12-16,,376.0,WAW,PMI,2025-11-07,Warszawa,Polska,Majorka,Hiszpania
2025-12-17,,411.0,WAW,PMI,2025-11-07,Warszawa,Polska,Majorka,Hiszpania
2025-12-18,,381.0,WAW,PMI,2025-11-07,Warszawa,Polska,Majorka,Hiszpania
2025-12-19,,197.0,WAW,PMI,2025-11-07,Warszawa,Polska,Majorka,Hiszpania
2025-12-20,,287.0,WAW,PMI,2025-11-07,Warszawa,Polska,Majorka,Hiszpania
2025-12-21,,444.0,WAW,PMI,2025-11-07,Warszawa,Polska,Majorka,Hiszpania
2025-12-22,,247.0,WAW,PMI,2025-11-07,Warszawa,Polska,Majorka,Hiszpania
2025-12-23,,509.0,WAW,PMI,2025-11-07,Warszawa,Polska,Majorka,Hiszpania
2025-12-24,,1016.0,WAW,PMI,2025-11-07,Warszawa,Polska,Majorka,Hiszpania
2025-12-25,,835.0,WAW,PMI,2025-11-07,Warszawa,Polska,Majorka,Hiszpania
2025-12-26,,635.0,WAW,PMI,2025-11-07,Warszawa,Polska,Majorka,Hiszpania
2025-12-27,,1224.0,WAW,PMI,2025-11-07,Warszawa,Polska,Majorka,Hiszpania
2025-12-28,,1094.0,WAW,PMI,2025-11-07,Warszawa,Polska,Majorka,Hiszpania
2025-12-29,,895.0,WAW,PMI,2025-11-07,Warszawa,Polska,Majorka,Hiszpania
2025-12-30,,966.0,WAW,PMI,2025-11-07,Warszawa,Polska,Majorka,Hiszpania
2025-12-31,,622.0,WAW,PMI,2025-11-07,Warszawa,Polska,Majorka,Hiszpania
2026-01-01,,733.0,WAW,PMI,2025-11-07,Warszawa,Polska,Majorka,Hiszpania
2026-01-02,,197.0,WAW,PMI,2025-11-07,Warszawa,Polska,Majorka,Hiszpania
2026-01-03,,322.0,WAW,PMI,2025-11-07,Warszawa,Polska,Majorka,Hiszpania
2026-01-04,,403.0,WAW,PMI,2025-11-07,Warszawa,Polska,Majorka,Hiszpania
2026-01-05,,349.0,WAW,PMI,2025-11-07,Warszawa,Polska,Majorka,Hiszpania
2026-01-06,,413.0,WAW,PMI,2025-11-07,Warszawa,Polska,Majorka,Hiszpania
2026-01-07,,386.0,WAW,PMI,2025-11-07,Warszawa,Polska,Majorka,Hiszpania
2026-01-08,,386.0,WAW,PMI,2025-11-07,Warszawa,Polska,Majorka,Hiszpania
2026-01-09,,227.0,WAW,PMI,2025-11-07,Warszawa,Polska,Majorka,Hiszpania
2026-01-10,,139.0,WAW,PMI,2025-11-07,Warszawa,Polska,Majorka,Hiszpania
2026-01-11,,139.0,WAW,PMI,2025-11-07,Warszawa,Polska,Majorka,Hiszpania
2026-01-12,,139.0,WAW,PMI,2025-11-07,Warszawa,Polska,Majorka,Hiszpania
2026-01-13,,386.0,WAW,PMI,2025-11-07,Warszawa,Polska,Majorka,Hiszpania
2026-01-14,,484.0,WAW,PMI,2025-11-07,Warszawa,Polska,Majorka,Hiszpania
2026-01-15,,630.0,WAW,PMI,2025-11-07,Warszawa,Polska,Majorka,Hiszpania
2026-01-16,,266.0,WAW,PMI,2025-11-07,Warszawa,Polska,Majorka,Hiszpania
2026-01-17,,262.0,WAW,PMI,2025-11-07,Warszawa,Polska,Majorka,Hiszpania
2026-01-18,,266.0,WAW,PMI,2025-11-07,Warszawa,Polska,Majorka,Hiszpania
2026-01-19,,139.0,WAW,PMI,2025-11-07,Warszawa,Polska,Majorka,Hiszpania
2026-01-20,,490.0,WAW,PMI,2025-11-07,Warszawa,Polska,Majorka,Hiszpania
2026-01-21,,630.0,WAW,PMI,2025-11-07,Warszawa,Polska,Majorka,Hiszpania
2026-01-22,,704.0,WAW,PMI,2025-11-07,Warszawa,Polska,Majorka,Hiszpania
2026-01-23,,266.0,WAW,PMI,2025-11-07,Warszawa,Polska,Majorka,Hiszpania
2026-01-24,,230.0,WAW,PMI,2025-11-07,Warszawa,Polska,Majorka,Hiszpania
2026-01-25,,190.0,WAW,PMI,2025-11-07,Warszawa,Polska,Majorka,Hiszpania
2026-01-26,,139.0,WAW,PMI,2025-11-07,Warszawa,Polska,Majorka,Hiszpania
2026-01-27,,418.0,WAW,PMI,2025-11-07,Warszawa,Polska,Majorka,Hiszpania
2026-01-28,,526.0,WAW,PMI,2025-11-07,Warszawa,Polska,Majorka,Hiszpania
2026-01-29,,484.0,WAW,PMI,2025-11-07,Warszawa,Polska,Majorka,Hiszpania
2026-01-30,,139.0,WAW,PMI,2025-11-07,Warszawa,Polska,Majorka,Hiszpania
2025-11-07,,963.0,WAW,ALC,2025-11-07,Warszawa,Polska,Alicante,Hiszpania
2025-11-08,,1299.0,WAW,ALC,2025-11-07,Warszawa,Polska,Alicante,Hiszpania
2025-11-09,,1182.0,WAW,ALC,2025-11-07,Warszawa,Polska,Alicante,Hiszpania
2025-11-10,,1010.0,WAW,ALC,2025-11-07,Warszawa,Polska,Alicante,Hiszpania
2025-11-11,,669.0,WAW,ALC,2025-11-07,Warszawa,Polska,Alicante,Hiszpania
2025-11-12,,299.0,WAW,ALC,2025-11-07,Warszawa,Polska,Alicante,Hiszpania
2025-11-13,,309.0,WAW,ALC,2025-11-07,Warszawa,Polska,Alicante,Hiszpania
2025-11-14,,265.0,WAW,ALC,2025-11-07,Warszawa,Polska,Alicante,Hiszpania
2025-11-15,,249.0,WAW,ALC,2025-11-07,Warszawa,Polska,Alicante,Hiszpania
2025-11-16,,217.0,WAW,ALC,2025-11-07,Warszawa,Polska,Alicante,Hiszpania
2025-11-17,,269.0,WAW,ALC,2025-11-07,Warszawa,Polska,Alicante,Hiszpania
2025-11-18,,249.0,WAW,ALC,2025-11-07,Warszawa,Polska,Alicante,Hiszpania
2025-11-19,,249.0,WAW,ALC,2025-11-07,Warszawa,Polska,Alicante,Hiszpania
2025-11-20,,359.0,WAW,ALC,2025-11-07,Warszawa,Polska,Alicante,Hiszpania
2025-11-21,,265.0,WAW,ALC,2025-11-07,Warszawa,Polska,Alicante,Hiszpania
2025-11-22,,249.0,WAW,ALC,2025-11-07,Warszawa,Polska,Alicante,Hiszpania
2025-11-23,,179.0,WAW,ALC,2025-11-07,Warszawa,Polska,Alicante,Hiszpania
2025-11-24,,179.0,WAW,ALC,2025-11-07,Warszawa,Polska,Alicante,Hiszpania
2025-11-25,,179.0,WAW,ALC,2025-11-07,Warszawa,Polska,Alicante,Hiszpania
2025-11-26,,179.0,WAW,ALC,2025-11-07,Warszawa,Polska,Alicante,Hiszpania
2025-11-27,,359.0,WAW,ALC,2025-11-07,Warszawa,Polska,Alicante,Hiszpania
2025-11-28,,309.0,WAW,ALC,2025-11-07,Warszawa,Polska,Alicante,Hiszpania
2025-11-29,,179.0,WAW,ALC,2025-11-07,Warszawa,Polska,Alicante,Hiszpania
2025-11-30,,179.0,WAW,ALC,2025-11-07,Warszawa,Polska,Alicante,Hiszpania
2025-12-01,,179.0,WAW,ALC,2025-11-07,Warszawa,Polska,Alicante,Hiszpania
2025-12-02,,179.0,WAW,ALC,2025-11-07,Warszawa,Polska,Alicante,Hiszpania
2025-12-03,,179.0,WAW,ALC,2025-11-07,Warszawa,Polska,Alicante,Hiszpania
2025-12-04,,269.0,WAW,ALC,2025-11-07,Warszawa,Polska,Alicante,Hiszpania
2025-12-05,,249.0,WAW,ALC,2025-11-07,Warszawa,Polska,Alicante,Hiszpania
2025-12-06,,179.0,WAW,ALC,2025-11-07,Warszawa,Polska,Alicante,Hiszpania
2025-12-07,,179.0,WAW,ALC,2025-11-07,Warszawa,Polska,Alicante,Hiszpania
2025-12-08,,269.0,WAW,ALC,2025-11-07,Warszawa,Polska,Alicante,Hiszpania
2025-12-09,,179.0,WAW,ALC,2025-11-07,Warszawa,Polska,Alicante,Hiszpania
2025-12-10,,161.0,WAW,ALC,2025-11-07,Warszawa,Polska,Alicante,Hiszpania
2025-12-11,,179.0,WAW,ALC,2025-11-07,Warszawa,Polska,Alicante,Hiszpania
2025-12-12,,226.0,WAW,ALC,2025-11-07,Warszawa,Polska,Alicante,Hiszpania
2025-12-13,,179.0,WAW,ALC,2025-11-07,Warszawa,Polska,Alicante,Hiszpania
2025-12-14,,161.0,WAW,ALC,2025-11-07,Warszawa,Polska,Alicante,Hiszpania
2025-12-15,,155.0,WAW,ALC,2025-11-07,Warszawa,Polska,Alicante,Hiszpania
2025-12-16,,179.0,WAW,ALC,2025-11-07,Warszawa,Polska,Alicante,Hiszpania
2025-12-17,,179.0,WAW,ALC,2025-11-07,Warszawa,Polska,Alicante,Hiszpania
2025-12-18,,309.0,WAW,ALC,2025-11-07,Warszawa,Polska,Alicante,Hiszpania
2025-12-19,,359.0,WAW,ALC,2025-11-07,Warszawa,Polska,Alicante,Hiszpania
2025-12-20,,359.0,WAW,ALC,2025-11-07,Warszawa,Polska,Alicante,Hiszpania
2025-12-21,,446.0,WAW,ALC,2025-11-07,Warszawa,Polska,Alicante,Hiszpania
2025-12-22,,399.0,WAW,ALC,2025-11-07,Warszawa,Polska,Alicante,Hiszpania
2025-12-23,,519.0,WAW,ALC,2025-11-07,Warszawa,Polska,Alicante,Hiszpania
2025-12-24,,459.0,WAW,ALC,2025-11-07,Warszawa,Polska,Alicante,Hiszpania
2025-12-25,,559.0,WAW,ALC,2025-11-07,Warszawa,Polska,Alicante,Hiszpania
2025-12-26,,846.0,WAW,ALC,2025-11-07,Warszawa,Polska,Alicante,Hiszpania
2025-12-27,,850.0,WAW,ALC,2025-11-07,Warszawa,Polska,Alicante,Hiszpania
2025-12-28,,723.0,WAW,ALC,2025-11-07,Warszawa,Polska,Alicante,Hiszpania
2025-12-29,,669.0,WAW,ALC,2025-11-07,Warszawa,Polska,Alicante,Hiszpania
2025-12-30,,669.0,WAW,ALC,2025-11-07,Warszawa,Polska,Alicante,Hiszpania
2025-12-31,,519.0,WAW,ALC,2025-11-07,Warszawa,Polska,Alicante,Hiszpania
2026-01-01,,179.0,WAW,ALC,2025-11-07,Warszawa,Polska,Alicante,Hiszpania
2026-01-02,,299.0,WAW,ALC,2025-11-07,Warszawa,Polska,Alicante,Hiszpania
2026-01-03,,179.0,WAW,ALC,2025-11-07,Warszawa,Polska,Alicante,Hiszpania
2026-01-04,,179.0,WAW,ALC,2025-11-07,Warszawa,Polska,Alicante,Hiszpania
2026-01-05,,179.0,WAW,ALC,2025-11-07,Warszawa,Polska,Alicante,Hiszpania
2026-01-06,,179.0,WAW,ALC,2025-11-07,Warszawa,Polska,Alicante,Hiszpania
2026-01-07,,167.0,WAW,ALC,2025-11-07,Warszawa,Polska,Alicante,Hiszpania
2026-01-08,,179.0,WAW,ALC,2025-11-07,Warszawa,Polska,Alicante,Hiszpania
2026-01-09,,141.0,WAW,ALC,2025-11-07,Warszawa,Polska,Alicante,Hiszpania
2026-01-10,,179.0,WAW,ALC,2025-11-07,Warszawa,Polska,Alicante,Hiszpania
2026-01-11,,119.0,WAW,ALC,2025-11-07,Warszawa,Polska,Alicante,Hiszpania
2026-01-12,,111.0,WAW,ALC,2025-11-07,Warszawa,Polska,Alicante,Hiszpania
2026-01-13,,179.0,WAW,ALC,2025-11-07,Warszawa,Polska,Alicante,Hiszpania
2026-01-14,,179.0,WAW,ALC,2025-11-07,Warszawa,Polska,Alicante,Hiszpania
2026-01-15,,179.0,WAW,ALC,2025-11-07,Warszawa,Polska,Alicante,Hiszpania
2026-01-16,,269.0,WAW,ALC,2025-11-07,Warszawa,Polska,Alicante,Hiszpania
2026-01-17,,269.0,WAW,ALC,2025-11-07,Warszawa,Polska,Alicante,Hiszpania
2026-01-18,,269.0,WAW,ALC,2025-11-07,Warszawa,Polska,Alicante,Hiszpania
2026-01-19,,249.0,WAW,ALC,2025-11-07,Warszawa,Polska,Alicante,Hiszpania
2026-01-20,,219.0,WAW,ALC,2025-11-07,Warszawa,Polska,Alicante,Hiszpania
2026-01-21,,219.0,WAW,ALC,2025-11-07,Warszawa,Polska,Alicante,Hiszpania
2026-01-22,,179.0,WAW,ALC,2025-11-07,Warszawa,Polska,Alicante,Hiszpania
2026-01-23,,190.0,WAW,ALC,2025-11-07,Warszawa,Polska,Alicante,Hiszpania
2026-01-24,,179.0,WAW,ALC,2025-11-07,Warszawa,Polska,Alicante,Hiszpania
2026-01-25,,179.0,WAW,ALC,2025-11-07,Warszawa,Polska,Alicante,Hiszpania
2026-01-26,,179.0,WAW,ALC,2025-11-07,Warszawa,Polska,Alicante,Hiszpania
2026-01-27,,179.0,WAW,ALC,2025-11-07,Warszawa,Polska,Alicante,Hiszpania
2026-01-28,,179.0,WAW,ALC,2025-11-07,Warszawa,Polska,Alicante,Hiszpania
2026-01-29,,179.0,WAW,ALC,2025-11-07,Warszawa,Polska,Alicante,Hiszpania
2026-01-30,,167.0,WAW,ALC,2025-11-07,Warszawa,Polska,Alicante,Hiszpania
2025-11-07,,1915.0,WAW,TFS,2025-11-07,Warszawa,Polska,Teneryfa,Hiszpania
2025-11-08,,1985.0,WAW,TFS,2025-11-07,Warszawa,Polska,Teneryfa,Hiszpania
2025-11-09,,1916.0,WAW,TFS,2025-11-07,Warszawa,Polska,Teneryfa,Hiszpania
2025-11-10,,1259.0,WAW,TFS,2025-11-07,Warszawa,Polska,Teneryfa,Hiszpania
2025-11-11,,1451.0,WAW,TFS,2025-11-07,Warszawa,Polska,Teneryfa,Hiszpania
2025-11-12,,969.0,WAW,TFS,2025-11-07,Warszawa,Polska,Teneryfa,Hiszpania
2025-11-13,,539.0,WAW,TFS,2025-11-07,Warszawa,Polska,Teneryfa,Hiszpania
2025-11-14,,809.0,WAW,TFS,2025-11-07,Warszawa,Polska,Teneryfa,Hiszpania
2025-11-15,,1249.0,WAW,TFS,2025-11-07,Warszawa,Polska,Teneryfa,Hiszpania
2025-11-16,,579.0,WAW,TFS,2025-11-07,Warszawa,Polska,Teneryfa,Hiszpania
2025-11-17,,719.0,WAW,TFS,2025-11-07,Warszawa,Polska,Teneryfa,Hiszpania
2025-11-18,,854.0,WAW,TFS,2025-11-07,Warszawa,Polska,Teneryfa,Hiszpania
2025-11-19,,449.0,WAW,TFS,2025-11-07,Warszawa,Polska,Teneryfa,Hiszpania
2025-11-20,,539.0,WAW,TFS,2025-11-07,Warszawa,Polska,Teneryfa,Hiszpania
2025-11-21,,489.0,WAW,TFS,2025-11-07,Warszawa,Polska,Teneryfa,Hiszpania
2025-11-22,,749.0,WAW,TFS,2025-11-07,Warszawa,Polska,Teneryfa,Hiszpania
2025-11-23,,359.0,WAW,TFS,2025-11-07,Warszawa,Polska,Teneryfa,Hiszpania
2025-11-24,,359.0,WAW,TFS,2025-11-07,Warszawa,Polska,Teneryfa,Hiszpania
2025-11-25,,658.0,WAW,TFS,2025-11-07,Warszawa,Polska,Teneryfa,Hiszpania
2025-11-26,,359.0,WAW,TFS,2025-11-07,Warszawa,Polska,Teneryfa,Hiszpania
2025-11-27,,359.0,WAW,TFS,2025-11-07,Warszawa,Polska,Teneryfa,Hiszpania
2025-11-28,,359.0,WAW,TFS,2025-11-07,Warszawa,Polska,Teneryfa,Hiszpania
2025-11-29,,635.0,WAW,TFS,2025-11-07,Warszawa,Polska,Teneryfa,Hiszpania
2025-11-30,,359.0,WAW,TFS,2025-11-07,Warszawa,Polska,Teneryfa,Hiszpania
2025-12-01,,359.0,WAW,TFS,2025-11-07,Warszawa,Polska,Teneryfa,Hiszpania
2025-12-02,,600.0,WAW,TFS,2025-11-07,Warszawa,Polska,Teneryfa,Hiszpania
2025-12-03,,359.0,WAW,TFS,2025-11-07,Warszawa,Polska,Teneryfa,Hiszpania
2025-12-04,,359.0,WAW,TFS,2025-11-07,Warszawa,Polska,Teneryfa,Hiszpania
2025-12-05,,449.0,WAW,TFS,2025-11-07,Warszawa,Polska,Teneryfa,Hiszpania
2025-12-06,,503.0,WAW,TFS,2025-11-07,Warszawa,Polska,Teneryfa,Hiszpania
2025-12-07,,359.0,WAW,TFS,2025-11-07,Warszawa,Polska,Teneryfa,Hiszpania
2025-12-08,,359.0,WAW,TFS,2025-11-07,Warszawa,Polska,Teneryfa,Hiszpania
2025-12-09,,440.0,WAW,TFS,2025-11-07,Warszawa,Polska,Teneryfa,Hiszpania
2025-12-10,,359.0,WAW,TFS,2025-11-07,Warszawa,Polska,Teneryfa,Hiszpania
2025-12-11,,359.0,WAW,TFS,2025-11-07,Warszawa,Polska,Teneryfa,Hiszpania
2025-12-12,,359.0,WAW,TFS,2025-11-07,Warszawa,Polska,Teneryfa,Hiszpania
2025-12-13,,635.0,WAW,TFS,2025-11-07,Warszawa,Polska,Teneryfa,Hiszpania
2025-12-14,,359.0,WAW,TFS,2025-11-07,Warszawa,Polska,Teneryfa,Hiszpania
2025-12-15,,399.0,WAW,TFS,2025-11-07,Warszawa,Polska,Teneryfa,Hiszpania
2025-12-16,,503.0,WAW,TFS,2025-11-07,Warszawa,Polska,Teneryfa,Hiszpania
2025-12-17,,649.0,WAW,TFS,2025-11-07,Warszawa,Polska,Teneryfa,Hiszpania
2025-12-18,,719.0,WAW,TFS,2025-11-07,Warszawa,Polska,Teneryfa,Hiszpania
2025-12-19,,849.0,WAW,TFS,2025-11-07,Warszawa,Polska,Teneryfa,Hiszpania
2025-12-20,,1877.0,WAW,TFS,2025-11-07,Warszawa,Polska,Teneryfa,Hiszpania
2025-12-21,,1029.0,WAW,TFS,2025-11-07,Warszawa,Polska,Teneryfa,Hiszpania
2025-12-22,,969.0,WAW,TFS,2025-11-07,Warszawa,Polska,Teneryfa,Hiszpania
2025-12-23,,1649.0,WAW,TFS,2025-11-07,Warszawa,Polska,Teneryfa,Hiszpania
2025-12-24,,969.0,WAW,TFS,2025-11-07,Warszawa,Polska,Teneryfa,Hiszpania
2025-12-25,,1259.0,WAW,TFS,2025-11-07,Warszawa,Polska,Teneryfa,Hiszpania
2025-12-26,,984.0,WAW,TFS,2025-11-07,Warszawa,Polska,Teneryfa,Hiszpania
2025-12-27,,1465.0,WAW,TFS,2025-11-07,Warszawa,Polska,Teneryfa,Hiszpania
2025-12-28,,1301.0,WAW,TFS,2025-11-07,Warszawa,Polska,Teneryfa,Hiszpania
2025-12-29,,969.0,WAW,TFS,2025-11-07,Warszawa,Polska,Teneryfa,Hiszpania
2025-12-30,,1277.0,WAW,TFS,2025-11-07,Warszawa,Polska,Teneryfa,Hiszpania
2025-12-31,,618.0,WAW,TFS,2025-11-07,Warszawa,Polska,Teneryfa,Hiszpania
2026-01-01,,489.0,WAW,TFS,2025-11-07,Warszawa,Polska,Teneryfa,Hiszpania
2026-01-02,,489.0,WAW,TFS,2025-11-07,Warszawa,Polska,Teneryfa,Hiszpania
2026-01-03,,1045.0,WAW,TFS,2025-11-07,Warszawa,Polska,Teneryfa,Hiszpania
2026-01-04,,579.0,WAW,TFS,2025-11-07,Warszawa,Polska,Teneryfa,Hiszpania
2026-01-05,,449.0,WAW,TFS,2025-11-07,Warszawa,Polska,Teneryfa,Hiszpania
2026-01-06,,569.0,WAW,TFS,2025-11-07,Warszawa,Polska,Teneryfa,Hiszpania
2026-01-07,,399.0,WAW,TFS,2025-11-07,Warszawa,Polska,Teneryfa,Hiszpania
2026-01-08,,359.0,WAW,TFS,2025-11-07,Warszawa,Polska,Teneryfa,Hiszpania
2026-01-09,,489.0,WAW,TFS,2025-11-07,Warszawa,Polska,Teneryfa,Hiszpania
2026-01-10,,569.0,WAW,TFS,2025-11-07,Warszawa,Polska,Teneryfa,Hiszpania
2026-01-11,,449.0,WAW,TFS,2025-11-07,Warszawa,Polska,Teneryfa,Hiszpania
2026-01-12,,440.0,WAW,TFS,2025-11-07,Warszawa,Polska,Teneryfa,Hiszpania
2026-01-13,,539.0,WAW,TFS,2025-11-07,Warszawa,Polska,Teneryfa,Hiszpania
2026-01-14,,579.0,WAW,TFS,2025-11-07,Warszawa,Polska,Teneryfa,Hiszpania
2026-01-15,,719.0,WAW,TFS,2025-11-07,Warszawa,Polska,Teneryfa,Hiszpania
2026-01-16,,684.0,WAW,TFS,2025-11-07,Warszawa,Polska,Teneryfa,Hiszpania
2026-01-17,,935.0,WAW,TFS,2025-11-07,Warszawa,Polska,Teneryfa,Hiszpania
2026-01-18,,935.0,WAW,TFS,2025-11-07,Warszawa,Polska,Teneryfa,Hiszpania
2026-01-19,,798.0,WAW,TFS,2025-11-07,Warszawa,Polska,Teneryfa,Hiszpania
2026-01-20,,635.0,WAW,TFS,2025-11-07,Warszawa,Polska,Teneryfa,Hiszpania
2026-01-21,,649.0,WAW,TFS,2025-11-07,Warszawa,Polska,Teneryfa,Hiszpania
2026-01-22,,440.0,WAW,TFS,2025-11-07,Warszawa,Polska,Teneryfa,Hiszpania
2026-01-23,,649.0,WAW,TFS,2025-11-07,Warszawa,Polska,Teneryfa,Hiszpania
2026-01-24,,935.0,WAW,TFS,2025-11-07,Warszawa,Polska,Teneryfa,Hiszpania
2026-01-25,,935.0,WAW,TFS,2025-11-07,Warszawa,Polska,Teneryfa,Hiszpania
2026-01-26,,449.0,WAW,TFS,2025-11-07,Warszawa,Polska,Teneryfa,Hiszpania
2026-01-27,,359.0,WAW,TFS,2025-11-07,Warszawa,Polska,Teneryfa,Hiszpania
2026-01-28,,359.0,WAW,TFS,2025-11-07,Warszawa,Polska,Teneryfa,Hiszpania
2026-01-29,,359.0,WAW,TFS,2025-11-07,Warszawa,Polska,Teneryfa,Hiszpania
2026-01-30,,539.0,WAW,TFS,2025-11-07,Warszawa,Polska,Teneryfa,Hiszpania
2025-11-07,,5765.0,WAW,SVQ,2025-11-07,Warszawa,Polska,Sewilla,Hiszpania
2025-11-08,,1296.0,WAW,SVQ,2025-11-07,Warszawa,Polska,Sewilla,Hiszpania
2025-11-09,,1977.0,WAW,SVQ,2025-11-07,Warszawa,Polska,Sewilla,Hiszpania
2025-11-10,,359.0,WAW,SVQ,2025-11-07,Warszawa,Polska,Sewilla,Hiszpania
2025-11-11,,690.0,WAW,SVQ,2025-11-07,Warszawa,Polska,Sewilla,Hiszpania
2025-11-12,,129.0,WAW,SVQ,2025-11-07,Warszawa,Polska,Sewilla,Hiszpania
2025-11-13,,690.0,WAW,SVQ,2025-11-07,Warszawa,Polska,Sewilla,Hiszpania
2025-11-14,,249.0,WAW,SVQ,2025-11-07,Warszawa,Polska,Sewilla,Hiszpania
2025-11-15,,129.0,WAW,SVQ,2025-11-07,Warszawa,Polska,Sewilla,Hiszpania
2025-11-16,,690.0,WAW,SVQ,2025-11-07,Warszawa,Polska,Sewilla,Hiszpania
2025-11-17,,179.0,WAW,SVQ,2025-11-07,Warszawa,Polska,Sewilla,Hiszpania
2025-11-18,,690.0,WAW,SVQ,2025-11-07,Warszawa,Polska,Sewilla,Hiszpania
2025-11-19,,119.0,WAW,SVQ,2025-11-07,Warszawa,Polska,Sewilla,Hiszpania
2025-11-20,,690.0,WAW,SVQ,2025-11-07,Warszawa,Polska,Sewilla,Hiszpania
2025-11-21,,449.0,WAW,SVQ,2025-11-07,Warszawa,Polska,Sewilla,Hiszpania
2025-11-22,,240.0,WAW,SVQ,2025-11-07,Warszawa,Polska,Sewilla,Hiszpania
2025-11-23,,690.0,WAW,SVQ,2025-11-07,Warszawa,Polska,Sewilla,Hiszpania
2025-11-24,,249.0,WAW,SVQ,2025-11-07,Warszawa,Polska,Sewilla,Hiszpania
2025-11-25,,690.0,WAW,SVQ,2025-11-07,Warszawa,Polska,Sewilla,Hiszpania
2025-11-26,,154.0,WAW,SVQ,2025-11-07,Warszawa,Polska,Sewilla,Hiszpania
2025-11-27,,690.0,WAW,SVQ,2025-11-07,Warszawa,Polska,Sewilla,Hiszpania
2025-11-28,,209.0,WAW,SVQ,2025-11-07,Warszawa,Polska,Sewilla,Hiszpania
2025-11-29,,129.0,WAW,SVQ,2025-11-07,Warszawa,Polska,Sewilla,Hiszpania
2025-11-30,,723.0,WAW,SVQ,2025-11-07,Warszawa,Polska,Sewilla,Hiszpania
2025-12-01,,179.0,WAW,SVQ,2025-11-07,Warszawa,Polska,Sewilla,Hiszpania
2025-12-02,,507.0,WAW,SVQ,2025-11-07,Warszawa,Polska,Sewilla,Hiszpania
2025-12-03,,129.0,WAW,SVQ,2025-11-07,Warszawa,Polska,Sewilla,Hiszpania
2025-12-04,,690.0,WAW,SVQ,2025-11-07,Warszawa,Polska,Sewilla,Hiszpania
2025-12-05,,269.0,WAW,SVQ,2025-11-07,Warszawa,Polska,Sewilla,Hiszpania
2025-12-06,,372.0,WAW,SVQ,2025-11-07,Warszawa,Polska,Sewilla,Hiszpania
2025-12-07,,443.0,WAW,SVQ,2025-11-07,Warszawa,Polska,Sewilla,Hiszpania
2025-12-08,,519.0,WAW,SVQ,2025-11-07,Warszawa,Polska,Sewilla,Hiszpania
2025-12-09,,713.0,WAW,SVQ,2025-11-07,Warszawa,Polska,Sewilla,Hiszpania
2025-12-10,,168.0,WAW,SVQ,2025-11-07,Warszawa,Polska,Sewilla,Hiszpania
2025-12-11,,690.0,WAW,SVQ,2025-11-07,Warszawa,Polska,Sewilla,Hiszpania
2025-12-12,,179.0,WAW,SVQ,2025-11-07,Warszawa,Polska,Sewilla,Hiszpania
2025-12-13,,179.0,WAW,SVQ,2025-11-07,Warszawa,Polska,Sewilla,Hiszpania
2025-12-14,,690.0,WAW,SVQ,2025-11-07,Warszawa,Polska,Sewilla,Hiszpania
2025-12-15,,179.0,WAW,SVQ,2025-11-07,Warszawa,Polska,Sewilla,Hiszpania
2025-12-16,,753.0,WAW,SVQ,2025-11-07,Warszawa,Polska,Sewilla,Hiszpania
2025-12-17,,283.0,WAW,SVQ,2025-11-07,Warszawa,Polska,Sewilla,Hiszpania
2025-12-18,,939.0,WAW,SVQ,2025-11-07,Warszawa,Polska,Sewilla,Hiszpania
2025-12-19,,449.0,WAW,SVQ,2025-11-07,Warszawa,Polska,Sewilla,Hiszpania
2025-12-20,,376.0,WAW,SVQ,2025-11-07,Warszawa,Polska,Sewilla,Hiszpania
2025-12-21,,982.0,WAW,SVQ,2025-11-07,Warszawa,Polska,Sewilla,Hiszpania
2025-12-22,,609.0,WAW,SVQ,2025-11-07,Warszawa,Polska,Sewilla,Hiszpania
2025-12-23,,939.0,WAW,SVQ,2025-11-07,Warszawa,Polska,Sewilla,Hiszpania
2025-12-24,,939.0,WAW,SVQ,2025-11-07,Warszawa,Polska,Sewilla,Hiszpania
2025-12-25,,939.0,WAW,SVQ,2025-11-07,Warszawa,Polska,Sewilla,Hiszpania
2025-12-26,,849.0,WAW,SVQ,2025-11-07,Warszawa,Polska,Sewilla,Hiszpania
2025-12-27,,752.0,WAW,SVQ,2025-11-07,Warszawa,Polska,Sewilla,Hiszpania
2025-12-28,,982.0,WAW,SVQ,2025-11-07,Warszawa,Polska,Sewilla,Hiszpania
2025-12-29,,719.0,WAW,SVQ,2025-11-07,Warszawa,Polska,Sewilla,Hiszpania
2025-12-30,,939.0,WAW,SVQ,2025-11-07,Warszawa,Polska,Sewilla,Hiszpania
2025-12-31,,214.0,WAW,SVQ,2025-11-07,Warszawa,Polska,Sewilla,Hiszpania
2026-01-01,,689.0,WAW,SVQ,2025-11-07,Warszawa,Polska,Sewilla,Hiszpania
2026-01-02,,209.0,WAW,SVQ,2025-11-07,Warszawa,Polska,Sewilla,Hiszpania
2026-01-03,,219.0,WAW,SVQ,2025-11-07,Warszawa,Polska,Sewilla,Hiszpania
2026-01-04,,689.0,WAW,SVQ,2025-11-07,Warszawa,Polska,Sewilla,Hiszpania
2026-01-05,,179.0,WAW,SVQ,2025-11-07,Warszawa,Polska,Sewilla,Hiszpania
2026-01-06,,574.0,WAW,SVQ,2025-11-07,Warszawa,Polska,Sewilla,Hiszpania
2026-01-07,,154.0,WAW,SVQ,2025-11-07,Warszawa,Polska,Sewilla,Hiszpania
2026-01-08,,638.0,WAW,SVQ,2025-11-07,Warszawa,Polska,Sewilla,Hiszpania
2026-01-09,,179.0,WAW,SVQ,2025-11-07,Warszawa,Polska,Sewilla,Hiszpania
2026-01-10,,129.0,WAW,SVQ,2025-11-07,Warszawa,Polska,Sewilla,Hiszpania
2026-01-11,,662.0,WAW,SVQ,2025-11-07,Warszawa,Polska,Sewilla,Hiszpania
2026-01-12,,179.0,WAW,SVQ,2025-11-07,Warszawa,Polska,Sewilla,Hiszpania
2026-01-13,,731.0,WAW,SVQ,2025-11-07,Warszawa,Polska,Sewilla,Hiszpania
2026-01-14,,252.0,WAW,SVQ,2025-11-07,Warszawa,Polska,Sewilla,Hiszpania
2026-01-15,,689.0,WAW,SVQ,2025-11-07,Warszawa,Polska,Sewilla,Hiszpania
2026-01-16,,249.0,WAW,SVQ,2025-11-07,Warszawa,Polska,Sewilla,Hiszpania
2026-01-17,,472.0,WAW,SVQ,2025-11-07,Warszawa,Polska,Sewilla,Hiszpania
2026-01-18,,689.0,WAW,SVQ,2025-11-07,Warszawa,Polska,Sewilla,Hiszpania
2026-01-19,,519.0,WAW,SVQ,2025-11-07,Warszawa,Polska,Sewilla,Hiszpania
2026-01-20,,579.0,WAW,SVQ,2025-11-07,Warszawa,Polska,Sewilla,Hiszpania
2026-01-21,,237.0,WAW,SVQ,2025-11-07,Warszawa,Polska,Sewilla,Hiszpania
2026-01-22,,689.0,WAW,SVQ,2025-11-07,Warszawa,Polska,Sewilla,Hiszpania
2026-01-23,,219.0,WAW,SVQ,2025-11-07,Warszawa,Polska,Sewilla,Hiszpania
2026-01-24,,201.0,WAW,SVQ,2025-11-07,Warszawa,Polska,Sewilla,Hiszpania
2026-01-25,,689.0,WAW,SVQ,2025-11-07,Warszawa,Polska,Sewilla,Hiszpania
2026-01-26,,249.0,WAW,SVQ,2025-11-07,Warszawa,Polska,Sewilla,Hiszpania
2026-01-27,,723.0,WAW,SVQ,2025-11-07,Warszawa,Polska,Sewilla,Hiszpania
2026-01-28,,252.0,WAW,SVQ,2025-11-07,Warszawa,Polska,Sewilla,Hiszpania
2026-01-29,,638.0,WAW,SVQ,2025-11-07,Warszawa,Polska,Sewilla,Hiszpania
2026-01-30,,179.0,WAW,SVQ,2025-11-07,Warszawa,Polska,Sewilla,Hiszpania
2025-11-07,,3819.0,WAW,IBZ,2025-11-07,Warszawa,Polska,Ibiza,Hiszpania
2025-11-08,,2737.0,WAW,IBZ,2025-11-07,Warszawa,Polska,Ibiza,Hiszpania
2025-11-09,,1158.0,WAW,IBZ,2025-11-07,Warszawa,Polska,Ibiza,Hiszpania
2025-11-10,,939.0,WAW,IBZ,2025-11-07,Warszawa,Polska,Ibiza,Hiszpania
2025-11-11,,1793.0,WAW,IBZ,2025-11-07,Warszawa,Polska,Ibiza,Hiszpania
2025-11-12,,1378.0,WAW,IBZ,2025-11-07,Warszawa,Polska,Ibiza,Hiszpania
2025-11-13,,1347.0,WAW,IBZ,2025-11-07,Warszawa,Polska,Ibiza,Hiszpania
2025-11-14,,1908.0,WAW,IBZ,2025-11-07,Warszawa,Polska,Ibiza,Hiszpania
2025-11-15,,1353.0,WAW,IBZ,2025-11-07,Warszawa,Polska,Ibiza,Hiszpania
2025-11-16,,1633.0,WAW,IBZ,2025-11-07,Warszawa,Polska,Ibiza,Hiszpania
2025-11-17,,1347.0,WAW,IBZ,2025-11-07,Warszawa,Polska,Ibiza,Hiszpania
2025-11-18,,1006.0,WAW,IBZ,2025-11-07,Warszawa,Polska,Ibiza,Hiszpania
2025-11-19,,936.0,WAW,IBZ,2025-11-07,Warszawa,Polska,Ibiza,Hiszpania
2025-11-20,,1600.0,WAW,IBZ,2025-11-07,Warszawa,Polska,Ibiza,Hiszpania
2025-11-21,,1293.0,WAW,IBZ,2025-11-07,Warszawa,Polska,Ibiza,Hiszpania
2025-11-22,,818.0,WAW,IBZ,2025-11-07,Warszawa,Polska,Ibiza,Hiszpania
2025-11-23,,784.0,WAW,IBZ,2025-11-07,Warszawa,Polska,Ibiza,Hiszpania
2025-11-24,,838.0,WAW,IBZ,2025-11-07,Warszawa,Polska,Ibiza,Hiszpania
2025-11-25,,869.0,WAW,IBZ,2025-11-07,Warszawa,Polska,Ibiza,Hiszpania
2025-11-26,,784.0,WAW,IBZ,2025-11-07,Warszawa,Polska,Ibiza,Hiszpania
2025-11-27,,1392.0,WAW,IBZ,2025-11-07,Warszawa,Polska,Ibiza,Hiszpania
2025-11-28,,1032.0,WAW,IBZ,2025-11-07,Warszawa,Polska,Ibiza,Hiszpania
2025-11-29,,699.0,WAW,IBZ,2025-11-07,Warszawa,Polska,Ibiza,Hiszpania
2025-11-30,,665.0,WAW,IBZ,2025-11-07,Warszawa,Polska,Ibiza,Hiszpania
2025-12-01,,915.0,WAW,IBZ,2025-11-07,Warszawa,Polska,Ibiza,Hiszpania
2025-12-02,,626.0,WAW,IBZ,2025-11-07,Warszawa,Polska,Ibiza,Hiszpania
2025-12-03,,665.0,WAW,IBZ,2025-11-07,Warszawa,Polska,Ibiza,Hiszpania
2025-12-04,,604.0,WAW,IBZ,2025-11-07,Warszawa,Polska,Ibiza,Hiszpania
2025-12-05,,921.0,WAW,IBZ,2025-11-07,Warszawa,Polska,Ibiza,Hiszpania
2025-12-06,,465.0,WAW,IBZ,2025-11-07,Warszawa,Polska,Ibiza,Hiszpania
2025-12-07,,403.0,WAW,IBZ,2025-11-07,Warszawa,Polska,Ibiza,Hiszpania
2025-12-08,,1247.0,WAW,IBZ,2025-11-07,Warszawa,Polska,Ibiza,Hiszpania
2025-12-09,,1006.0,WAW,IBZ,2025-11-07,Warszawa,Polska,Ibiza,Hiszpania
2025-12-10,,864.0,WAW,IBZ,2025-11-07,Warszawa,Polska,Ibiza,Hiszpania
2025-12-11,,403.0,WAW,IBZ,2025-11-07,Warszawa,Polska,Ibiza,Hiszpania
2025-12-12,,1032.0,WAW,IBZ,2025-11-07,Warszawa,Polska,Ibiza,Hiszpania
2025-12-13,,405.0,WAW,IBZ,2025-11-07,Warszawa,Polska,Ibiza,Hiszpania
2025-12-14,,864.0,WAW,IBZ,2025-11-07,Warszawa,Polska,Ibiza,Hiszpania
2025-12-15,,838.0,WAW,IBZ,2025-11-07,Warszawa,Polska,Ibiza,Hiszpania
2025-12-16,,626.0,WAW,IBZ,2025-11-07,Warszawa,Polska,Ibiza,Hiszpania
2025-12-17,,864.0,WAW,IBZ,2025-11-07,Warszawa,Polska,Ibiza,Hiszpania
2025-12-18,,403.0,WAW,IBZ,2025-11-07,Warszawa,Polska,Ibiza,Hiszpania
2025-12-19,,604.0,WAW,IBZ,2025-11-07,Warszawa,Polska,Ibiza,Hiszpania
2025-12-20,,1095.0,WAW,IBZ,2025-11-07,Warszawa,Polska,Ibiza,Hiszpania
2025-12-21,,1457.0,WAW,IBZ,2025-11-07,Warszawa,Polska,Ibiza,Hiszpania
2025-12-22,,1198.0,WAW,IBZ,2025-11-07,Warszawa,Polska,Ibiza,Hiszpania
2025-12-23,,948.0,WAW,IBZ,2025-11-07,Warszawa,Polska,Ibiza,Hiszpania
2025-12-24,,612.0,WAW,IBZ,2025-11-07,Warszawa,Polska,Ibiza,Hiszpania
2025-12-25,,681.0,WAW,IBZ,2025-11-07,Warszawa,Polska,Ibiza,Hiszpania
2025-12-26,,681.0,WAW,IBZ,2025-11-07,Warszawa,Polska,Ibiza,Hiszpania
2025-12-27,,1562.0,WAW,IBZ,2025-11-07,Warszawa,Polska,Ibiza,Hiszpania
2025-12-28,,1793.0,WAW,IBZ,2025-11-07,Warszawa,Polska,Ibiza,Hiszpania
2025-12-29,,1406.0,WAW,IBZ,2025-11-07,Warszawa,Polska,Ibiza,Hiszpania
2025-12-30,,948.0,WAW,IBZ,2025-11-07,Warszawa,Polska,Ibiza,Hiszpania
2025-12-31,,650.0,WAW,IBZ,2025-11-07,Warszawa,Polska,Ibiza,Hiszpania
2026-01-01,,681.0,WAW,IBZ,2025-11-07,Warszawa,Polska,Ibiza,Hiszpania
2026-01-02,,988.0,WAW,IBZ,2025-11-07,Warszawa,Polska,Ibiza,Hiszpania
2026-01-03,,844.0,WAW,IBZ,2025-11-07,Warszawa,Polska,Ibiza,Hiszpania
2026-01-04,,789.0,WAW,IBZ,2025-11-07,Warszawa,Polska,Ibiza,Hiszpania
2026-01-05,,782.0,WAW,IBZ,2025-11-07,Warszawa,Polska,Ibiza,Hiszpania
2026-01-06,,884.0,WAW,IBZ,2025-11-07,Warszawa,Polska,Ibiza,Hiszpania
2026-01-07,,512.0,WAW,IBZ,2025-11-07,Warszawa,Polska,Ibiza,Hiszpania
2026-01-08,,403.0,WAW,IBZ,2025-11-07,Warszawa,Polska,Ibiza,Hiszpania
2026-01-09,,403.0,WAW,IBZ,2025-11-07,Warszawa,Polska,Ibiza,Hiszpania
2026-01-10,,702.0,WAW,IBZ,2025-11-07,Warszawa,Polska,Ibiza,Hiszpania
2026-01-11,,604.0,WAW,IBZ,2025-11-07,Warszawa,Polska,Ibiza,Hiszpania
2026-01-12,,626.0,WAW,IBZ,2025-11-07,Warszawa,Polska,Ibiza,Hiszpania
2026-01-13,,657.0,WAW,IBZ,2025-11-07,Warszawa,Polska,Ibiza,Hiszpania
2026-01-14,,583.0,WAW,IBZ,2025-11-07,Warszawa,Polska,Ibiza,Hiszpania
2026-01-15,,604.0,WAW,IBZ,2025-11-07,Warszawa,Polska,Ibiza,Hiszpania
2026-01-16,,1037.0,WAW,IBZ,2025-11-07,Warszawa,Polska,Ibiza,Hiszpania
2026-01-17,,1145.0,WAW,IBZ,2025-11-07,Warszawa,Polska,Ibiza,Hiszpania
2026-01-18,,869.0,WAW,IBZ,2025-11-07,Warszawa,Polska,Ibiza,Hiszpania
2026-01-19,,907.0,WAW,IBZ,2025-11-07,Warszawa,Polska,Ibiza,Hiszpania
2026-01-20,,718.0,WAW,IBZ,2025-11-07,Warszawa,Polska,Ibiza,Hiszpania
2026-01-21,,825.0,WAW,IBZ,2025-11-07,Warszawa,Polska,Ibiza,Hiszpania
2026-01-22,,687.0,WAW,IBZ,2025-11-07,Warszawa,Polska,Ibiza,Hiszpania
2026-01-23,,657.0,WAW,IBZ,2025-11-07,Warszawa,Polska,Ibiza,Hiszpania
2026-01-24,,821.0,WAW,IBZ,2025-11-07,Warszawa,Polska,Ibiza,Hiszpania
2026-01-25,,657.0,WAW,IBZ,2025-11-07,Warszawa,Polska,Ibiza,Hiszpania
2026-01-26,,626.0,WAW,IBZ,2025-11-07,Warszawa,Polska,Ibiza,Hiszpania
2026-01-27,,836.0,WAW,IBZ,2025-11-07,Warszawa,Polska,Ibiza,Hiszpania
2026-01-28,,949.0,WAW,IBZ,2025-11-07,Warszawa,Polska,Ibiza,Hiszpania
2026-01-29,,969.0,WAW,IBZ,2025-11-07,Warszawa,Polska,Ibiza,Hiszpania
2026-01-30,,884.0,WAW,IBZ,2025-11-07,Warszawa,Polska,Ibiza,Hiszpania
2025-11-07,,1393.0,WAW,VLC,2025-11-07,Warszawa,Polska,Valencia,Hiszpania
2025-11-08,,1910.0,WAW,VLC,2025-11-07,Warszawa,Polska,Valencia,Hiszpania
2025-11-09,,1158.0,WAW,VLC,2025-11-07,Warszawa,Polska,Valencia,Hiszpania
2025-11-10,,919.0,WAW,VLC,2025-11-07,Warszawa,Polska,Valencia,Hiszpania
2025-11-11,,519.0,WAW,VLC,2025-11-07,Warszawa,Polska,Valencia,Hiszpania
2025-11-12,,1087.0,WAW,VLC,2025-11-07,Warszawa,Polska,Valencia,Hiszpania
2025-11-13,,399.0,WAW,VLC,2025-11-07,Warszawa,Polska,Valencia,Hiszpania
2025-11-14,,1094.0,WAW,VLC,2025-11-07,Warszawa,Polska,Valencia,Hiszpania
2025-11-15,,449.0,WAW,VLC,2025-11-07,Warszawa,Polska,Valencia,Hiszpania
2025-11-16,,1055.0,WAW,VLC,2025-11-07,Warszawa,Polska,Valencia,Hiszpania
2025-11-17,,639.0,WAW,VLC,2025-11-07,Warszawa,Polska,Valencia,Hiszpania
2025-11-18,,219.0,WAW,VLC,2025-11-07,Warszawa,Polska,Valencia,Hiszpania
2025-11-19,,939.0,WAW,VLC,2025-11-07,Warszawa,Polska,Valencia,Hiszpania
2025-11-20,,219.0,WAW,VLC,2025-11-07,Warszawa,Polska,Valencia,Hiszpania
2025-11-21,,679.0,WAW,VLC,2025-11-07,Warszawa,Polska,Valencia,Hiszpania
2025-11-22,,309.0,WAW,VLC,2025-11-07,Warszawa,Polska,Valencia,Hiszpania
2025-11-23,,877.0,WAW,VLC,2025-11-07,Warszawa,Polska,Valencia,Hiszpania
2025-11-24,,552.0,WAW,VLC,2025-11-07,Warszawa,Polska,Valencia,Hiszpania
2025-11-25,,219.0,WAW,VLC,2025-11-07,Warszawa,Polska,Valencia,Hiszpania
2025-11-26,,895.0,WAW,VLC,2025-11-07,Warszawa,Polska,Valencia,Hiszpania
2025-11-27,,219.0,WAW,VLC,2025-11-07,Warszawa,Polska,Valencia,Hiszpania
2025-11-28,,523.0,WAW,VLC,2025-11-07,Warszawa,Polska,Valencia,Hiszpania
2025-11-29,,219.0,WAW,VLC,2025-11-07,Warszawa,Polska,Valencia,Hiszpania
2025-11-30,,523.0,WAW,VLC,2025-11-07,Warszawa,Polska,Valencia,Hiszpania
2025-12-01,,521.0,WAW,VLC,2025-11-07,Warszawa,Polska,Valencia,Hiszpania
2025-12-02,,219.0,WAW,VLC,2025-11-07,Warszawa,Polska,Valencia,Hiszpania
2025-12-03,,763.0,WAW,VLC,2025-11-07,Warszawa,Polska,Valencia,Hiszpania
2025-12-04,,359.0,WAW,VLC,2025-11-07,Warszawa,Polska,Valencia,Hiszpania
2025-12-05,,763.0,WAW,VLC,2025-11-07,Warszawa,Polska,Valencia,Hiszpania
2025-12-06,,399.0,WAW,VLC,2025-11-07,Warszawa,Polska,Valencia,Hiszpania
2025-12-07,,399.0,WAW,VLC,2025-11-07,Warszawa,Polska,Valencia,Hiszpania
2025-12-08,,911.0,WAW,VLC,2025-11-07,Warszawa,Polska,Valencia,Hiszpania
2025-12-09,,219.0,WAW,VLC,2025-11-07,Warszawa,Polska,Valencia,Hiszpania
2025-12-10,,762.0,WAW,VLC,2025-11-07,Warszawa,Polska,Valencia,Hiszpania
2025-12-11,,219.0,WAW,VLC,2025-11-07,Warszawa,Polska,Valencia,Hiszpania
2025-12-12,,762.0,WAW,VLC,2025-11-07,Warszawa,Polska,Valencia,Hiszpania
2025-12-13,,219.0,WAW,VLC,2025-11-07,Warszawa,Polska,Valencia,Hiszpania
2025-12-14,,446.0,WAW,VLC,2025-11-07,Warszawa,Polska,Valencia,Hiszpania
2025-12-15,,446.0,WAW,VLC,2025-11-07,Warszawa,Polska,Valencia,Hiszpania
2025-12-16,,219.0,WAW,VLC,2025-11-07,Warszawa,Polska,Valencia,Hiszpania
2025-12-17,,762.0,WAW,VLC,2025-11-07,Warszawa,Polska,Valencia,Hiszpania
2025-12-18,,219.0,WAW,VLC,2025-11-07,Warszawa,Polska,Valencia,Hiszpania
2025-12-19,,982.0,WAW,VLC,2025-11-07,Warszawa,Polska,Valencia,Hiszpania
2025-12-20,,609.0,WAW,VLC,2025-11-07,Warszawa,Polska,Valencia,Hiszpania
2025-12-21,,982.0,WAW,VLC,2025-11-07,Warszawa,Polska,Valencia,Hiszpania
2025-12-22,,844.0,WAW,VLC,2025-11-07,Warszawa,Polska,Valencia,Hiszpania
2025-12-23,,719.0,WAW,VLC,2025-11-07,Warszawa,Polska,Valencia,Hiszpania
2025-12-24,,844.0,WAW,VLC,2025-11-07,Warszawa,Polska,Valencia,Hiszpania
2025-12-25,,559.0,WAW,VLC,2025-11-07,Warszawa,Polska,Valencia,Hiszpania
2025-12-26,,1130.0,WAW,VLC,2025-11-07,Warszawa,Polska,Valencia,Hiszpania
2025-12-27,,1059.0,WAW,VLC,2025-11-07,Warszawa,Polska,Valencia,Hiszpania
2025-12-28,,982.0,WAW,VLC,2025-11-07,Warszawa,Polska,Valencia,Hiszpania
2025-12-29,,939.0,WAW,VLC,2025-11-07,Warszawa,Polska,Valencia,Hiszpania
2025-12-30,,669.0,WAW,VLC,2025-11-07,Warszawa,Polska,Valencia,Hiszpania
2025-12-31,,763.0,WAW,VLC,2025-11-07,Warszawa,Polska,Valencia,Hiszpania
2026-01-01,,219.0,WAW,VLC,2025-11-07,Warszawa,Polska,Valencia,Hiszpania
2026-01-02,,932.0,WAW,VLC,2025-11-07,Warszawa,Polska,Valencia,Hiszpania
2026-01-03,,399.0,WAW,VLC,2025-11-07,Warszawa,Polska,Valencia,Hiszpania
2026-01-04,,1002.0,WAW,VLC,2025-11-07,Warszawa,Polska,Valencia,Hiszpania
2026-01-05,,900.0,WAW,VLC,2025-11-07,Warszawa,Polska,Valencia,Hiszpania
2026-01-06,,219.0,WAW,VLC,2025-11-07,Warszawa,Polska,Valencia,Hiszpania
2026-01-07,,663.0,WAW,VLC,2025-11-07,Warszawa,Polska,Valencia,Hiszpania
2026-01-08,,219.0,WAW,VLC,2025-11-07,Warszawa,Polska,Valencia,Hiszpania
2026-01-09,,459.0,WAW,VLC,2025-11-07,Warszawa,Polska,Valencia,Hiszpania
2026-01-10,,219.0,WAW,VLC,2025-11-07,Warszawa,Polska,Valencia,Hiszpania
2026-01-11,,401.0,WAW,VLC,2025-11-07,Warszawa,Polska,Valencia,Hiszpania
2026-01-12,,399.0,WAW,VLC,2025-11-07,Warszawa,Polska,Valencia,Hiszpania
2026-01-13,,219.0,WAW,VLC,2025-11-07,Warszawa,Polska,Valencia,Hiszpania
2026-01-14,,401.0,WAW,VLC,2025-11-07,Warszawa,Polska,Valencia,Hiszpania
2026-01-15,,219.0,WAW,VLC,2025-11-07,Warszawa,Polska,Valencia,Hiszpania
2026-01-16,,656.0,WAW,VLC,2025-11-07,Warszawa,Polska,Valencia,Hiszpania
2026-01-17,,449.0,WAW,VLC,2025-11-07,Warszawa,Polska,Valencia,Hiszpania
2026-01-18,,650.0,WAW,VLC,2025-11-07,Warszawa,Polska,Valencia,Hiszpania
2026-01-19,,794.0,WAW,VLC,2025-11-07,Warszawa,Polska,Valencia,Hiszpania
2026-01-20,,219.0,WAW,VLC,2025-11-07,Warszawa,Polska,Valencia,Hiszpania
2026-01-21,,695.0,WAW,VLC,2025-11-07,Warszawa,Polska,Valencia,Hiszpania
2026-01-22,,219.0,WAW,VLC,2025-11-07,Warszawa,Polska,Valencia,Hiszpania
2026-01-23,,401.0,WAW,VLC,2025-11-07,Warszawa,Polska,Valencia,Hiszpania
2026-01-24,,446.0,WAW,VLC,2025-11-07,Warszawa,Polska,Valencia,Hiszpania
2026-01-25,,399.0,WAW,VLC,2025-11-07,Warszawa,Polska,Valencia,Hiszpania
2026-01-26,,399.0,WAW,VLC,2025-11-07,Warszawa,Polska,Valencia,Hiszpania
2026-01-27,,219.0,WAW,VLC,2025-11-07,Warszawa,Polska,Valencia,Hiszpania
2026-01-28,,614.0,WAW,VLC,2025-11-07,Warszawa,Polska,Valencia,Hiszpania
2026-01-29,,219.0,WAW,VLC,2025-11-07,Warszawa,Polska,Valencia,Hiszpania
2026-01-30,,459.0,WAW,VLC,2025-11-07,Warszawa,Polska,Valencia,Hiszpania
2025-11-07,,1377.0,WAW,BIO,2025-11-07,Warszawa,Polska,Bilbao,Hiszpania
2025-11-08,,1553.0,WAW,BIO,2025-11-07,Warszawa,Polska,Bilbao,Hiszpania
2025-11-09,,1183.0,WAW,BIO,2025-11-07,Warszawa,Polska,Bilbao,Hiszpania
2025-11-10,,1133.0,WAW,BIO,2025-11-07,Warszawa,Polska,Bilbao,Hiszpania
2025-11-11,,399.0,WAW,BIO,2025-11-07,Warszawa,Polska,Bilbao,Hiszpania
2025-11-12,,796.0,WAW,BIO,2025-11-07,Warszawa,Polska,Bilbao,Hiszpania
2025-11-13,,796.0,WAW,BIO,2025-11-07,Warszawa,Polska,Bilbao,Hiszpania
2025-11-14,,796.0,WAW,BIO,2025-11-07,Warszawa,Polska,Bilbao,Hiszpania
2025-11-15,,309.0,WAW,BIO,2025-11-07,Warszawa,Polska,Bilbao,Hiszpania
2025-11-16,,1499.0,WAW,BIO,2025-11-07,Warszawa,Polska,Bilbao,Hiszpania
2025-11-17,,939.0,WAW,BIO,2025-11-07,Warszawa,Polska,Bilbao,Hiszpania
2025-11-18,,269.0,WAW,BIO,2025-11-07,Warszawa,Polska,Bilbao,Hiszpania
2025-11-19,,774.0,WAW,BIO,2025-11-07,Warszawa,Polska,Bilbao,Hiszpania
2025-11-20,,774.0,WAW,BIO,2025-11-07,Warszawa,Polska,Bilbao,Hiszpania
2025-11-21,,661.0,WAW,BIO,2025-11-07,Warszawa,Polska,Bilbao,Hiszpania
2025-11-22,,299.0,WAW,BIO,2025-11-07,Warszawa,Polska,Bilbao,Hiszpania
2025-11-23,,602.0,WAW,BIO,2025-11-07,Warszawa,Polska,Bilbao,Hiszpania
2025-11-24,,452.0,WAW,BIO,2025-11-07,Warszawa,Polska,Bilbao,Hiszpania
2025-11-25,,179.0,WAW,BIO,2025-11-07,Warszawa,Polska,Bilbao,Hiszpania
2025-11-26,,630.0,WAW,BIO,2025-11-07,Warszawa,Polska,Bilbao,Hiszpania
2025-11-27,,525.0,WAW,BIO,2025-11-07,Warszawa,Polska,Bilbao,Hiszpania
2025-11-28,,482.0,WAW,BIO,2025-11-07,Warszawa,Polska,Bilbao,Hiszpania
2025-11-29,,179.0,WAW,BIO,2025-11-07,Warszawa,Polska,Bilbao,Hiszpania
2025-11-30,,525.0,WAW,BIO,2025-11-07,Warszawa,Polska,Bilbao,Hiszpania
2025-12-01,,525.0,WAW,BIO,2025-11-07,Warszawa,Polska,Bilbao,Hiszpania
2025-12-02,,179.0,WAW,BIO,2025-11-07,Warszawa,Polska,Bilbao,Hiszpania
2025-12-03,,523.0,WAW,BIO,2025-11-07,Warszawa,Polska,Bilbao,Hiszpania
2025-12-04,,498.0,WAW,BIO,2025-11-07,Warszawa,Polska,Bilbao,Hiszpania
2025-12-05,,470.0,WAW,BIO,2025-11-07,Warszawa,Polska,Bilbao,Hiszpania
2025-12-06,,209.0,WAW,BIO,2025-11-07,Warszawa,Polska,Bilbao,Hiszpania
2025-12-07,,525.0,WAW,BIO,2025-11-07,Warszawa,Polska,Bilbao,Hiszpania
2025-12-08,,774.0,WAW,BIO,2025-11-07,Warszawa,Polska,Bilbao,Hiszpania
2025-12-09,,730.0,WAW,BIO,2025-11-07,Warszawa,Polska,Bilbao,Hiszpania
2025-12-10,,525.0,WAW,BIO,2025-11-07,Warszawa,Polska,Bilbao,Hiszpania
2025-12-11,,401.0,WAW,BIO,2025-11-07,Warszawa,Polska,Bilbao,Hiszpania
2025-12-12,,482.0,WAW,BIO,2025-11-07,Warszawa,Polska,Bilbao,Hiszpania
2025-12-13,,507.0,WAW,BIO,2025-11-07,Warszawa,Polska,Bilbao,Hiszpania
2025-12-14,,525.0,WAW,BIO,2025-11-07,Warszawa,Polska,Bilbao,Hiszpania
2025-12-15,,452.0,WAW,BIO,2025-11-07,Warszawa,Polska,Bilbao,Hiszpania
2025-12-16,,452.0,WAW,BIO,2025-11-07,Warszawa,Polska,Bilbao,Hiszpania
2025-12-17,,559.0,WAW,BIO,2025-11-07,Warszawa,Polska,Bilbao,Hiszpania
2025-12-18,,774.0,WAW,BIO,2025-11-07,Warszawa,Polska,Bilbao,Hiszpania
2025-12-19,,774.0,WAW,BIO,2025-11-07,Warszawa,Polska,Bilbao,Hiszpania
2025-12-20,,982.0,WAW,BIO,2025-11-07,Warszawa,Polska,Bilbao,Hiszpania
2025-12-21,,775.0,WAW,BIO,2025-11-07,Warszawa,Polska,Bilbao,Hiszpania
2025-12-22,,844.0,WAW,BIO,2025-11-07,Warszawa,Polska,Bilbao,Hiszpania
2025-12-23,,939.0,WAW,BIO,2025-11-07,Warszawa,Polska,Bilbao,Hiszpania
2025-12-24,,679.0,WAW,BIO,2025-11-07,Warszawa,Polska,Bilbao,Hiszpania
2025-12-25,,775.0,WAW,BIO,2025-11-07,Warszawa,Polska,Bilbao,Hiszpania
2025-12-26,,982.0,WAW,BIO,2025-11-07,Warszawa,Polska,Bilbao,Hiszpania
2025-12-27,,1497.0,WAW,BIO,2025-11-07,Warszawa,Polska,Bilbao,Hiszpania
2025-12-28,,982.0,WAW,BIO,2025-11-07,Warszawa,Polska,Bilbao,Hiszpania
2025-12-29,,939.0,WAW,BIO,2025-11-07,Warszawa,Polska,Bilbao,Hiszpania
2025-12-30,,863.0,WAW,BIO,2025-11-07,Warszawa,Polska,Bilbao,Hiszpania
2025-12-31,,487.0,WAW,BIO,2025-11-07,Warszawa,Polska,Bilbao,Hiszpania
2026-01-01,,583.0,WAW,BIO,2025-11-07,Warszawa,Polska,Bilbao,Hiszpania
2026-01-02,,811.0,WAW,BIO,2025-11-07,Warszawa,Polska,Bilbao,Hiszpania
2026-01-03,,763.0,WAW,BIO,2025-11-07,Warszawa,Polska,Bilbao,Hiszpania
2026-01-04,,779.0,WAW,BIO,2025-11-07,Warszawa,Polska,Bilbao,Hiszpania
2026-01-05,,779.0,WAW,BIO,2025-11-07,Warszawa,Polska,Bilbao,Hiszpania
2026-01-06,,530.0,WAW,BIO,2025-11-07,Warszawa,Polska,Bilbao,Hiszpania
2026-01-07,,443.0,WAW,BIO,2025-11-07,Warszawa,Polska,Bilbao,Hiszpania
2026-01-08,,443.0,WAW,BIO,2025-11-07,Warszawa,Polska,Bilbao,Hiszpania
2026-01-09,,401.0,WAW,BIO,2025-11-07,Warszawa,Polska,Bilbao,Hiszpania
2026-01-10,,443.0,WAW,BIO,2025-11-07,Warszawa,Polska,Bilbao,Hiszpania
2026-01-11,,475.0,WAW,BIO,2025-11-07,Warszawa,Polska,Bilbao,Hiszpania
2026-01-12,,523.0,WAW,BIO,2025-11-07,Warszawa,Polska,Bilbao,Hiszpania
2026-01-13,,401.0,WAW,BIO,2025-11-07,Warszawa,Polska,Bilbao,Hiszpania
2026-01-14,,461.0,WAW,BIO,2025-11-07,Warszawa,Polska,Bilbao,Hiszpania
2026-01-15,,526.0,WAW,BIO,2025-11-07,Warszawa,Polska,Bilbao,Hiszpania
2026-01-16,,530.0,WAW,BIO,2025-11-07,Warszawa,Polska,Bilbao,Hiszpania
2026-01-17,,939.0,WAW,BIO,2025-11-07,Warszawa,Polska,Bilbao,Hiszpania
2026-01-18,,452.0,WAW,BIO,2025-11-07,Warszawa,Polska,Bilbao,Hiszpania
2026-01-19,,602.0,WAW,BIO,2025-11-07,Warszawa,Polska,Bilbao,Hiszpania
2026-01-20,,452.0,WAW,BIO,2025-11-07,Warszawa,Polska,Bilbao,Hiszpania
2026-01-21,,530.0,WAW,BIO,2025-11-07,Warszawa,Polska,Bilbao,Hiszpania
2026-01-22,,526.0,WAW,BIO,2025-11-07,Warszawa,Polska,Bilbao,Hiszpania
2026-01-23,,507.0,WAW,BIO,2025-11-07,Warszawa,Polska,Bilbao,Hiszpania
2026-01-24,,507.0,WAW,BIO,2025-11-07,Warszawa,Polska,Bilbao,Hiszpania
2026-01-25,,507.0,WAW,BIO,2025-11-07,Warszawa,Polska,Bilbao,Hiszpania
2026-01-26,,401.0,WAW,BIO,2025-11-07,Warszawa,Polska,Bilbao,Hiszpania
2026-01-27,,443.0,WAW,BIO,2025-11-07,Warszawa,Polska,Bilbao,Hiszpania
2026-01-28,,401.0,WAW,BIO,2025-11-07,Warszawa,Polska,Bilbao,Hiszpania
2026-01-29,,439.0,WAW,BIO,2025-11-07,Warszawa,Polska,Bilbao,Hiszpania
2026-01-30,,443.0,WAW,BIO,2025-11-07,Warszawa,Polska,Bilbao,Hiszpania
2025-11-07,,872.0,WAW,FCO,2025-11-07,Warszawa,Polska,Rzym,Włochy
2025-11-08,,719.0,WAW,FCO,2025-11-07,Warszawa,Polska,Rzym,Włochy
2025-11-09,,849.0,WAW,FCO,2025-11-07,Warszawa,Polska,Rzym,Włochy
2025-11-10,,449.0,WAW,FCO,2025-11-07,Warszawa,Polska,Rzym,Włochy
2025-11-11,,209.0,WAW,FCO,2025-11-07,Warszawa,Polska,Rzym,Włochy
2025-11-12,,209.0,WAW,FCO,2025-11-07,Warszawa,Polska,Rzym,Włochy
2025-11-13,,219.0,WAW,FCO,2025-11-07,Warszawa,Polska,Rzym,Włochy
2025-11-14,,299.0,WAW,FCO,2025-11-07,Warszawa,Polska,Rzym,Włochy
2025-11-15,,139.0,WAW,FCO,2025-11-07,Warszawa,Polska,Rzym,Włochy
2025-11-16,,249.0,WAW,FCO,2025-11-07,Warszawa,Polska,Rzym,Włochy
2025-11-17,,179.0,WAW,FCO,2025-11-07,Warszawa,Polska,Rzym,Włochy
2025-11-18,,139.0,WAW,FCO,2025-11-07,Warszawa,Polska,Rzym,Włochy
2025-11-19,,209.0,WAW,FCO,2025-11-07,Warszawa,Polska,Rzym,Włochy
2025-11-20,,249.0,WAW,FCO,2025-11-07,Warszawa,Polska,Rzym,Włochy
2025-11-21,,359.0,WAW,FCO,2025-11-07,Warszawa,Polska,Rzym,Włochy
2025-11-22,,129.0,WAW,FCO,2025-11-07,Warszawa,Polska,Rzym,Włochy
2025-11-23,,139.0,WAW,FCO,2025-11-07,Warszawa,Polska,Rzym,Włochy
2025-11-24,,159.0,WAW,FCO,2025-11-07,Warszawa,Polska,Rzym,Włochy
2025-11-25,,129.0,WAW,FCO,2025-11-07,Warszawa,Polska,Rzym,Włochy
2025-11-26,,209.0,WAW,FCO,2025-11-07,Warszawa,Polska,Rzym,Włochy
2025-11-27,,179.0,WAW,FCO,2025-11-07,Warszawa,Polska,Rzym,Włochy
2025-11-28,,309.0,WAW,FCO,2025-11-07,Warszawa,Polska,Rzym,Włochy
2025-11-29,,129.0,WAW,FCO,2025-11-07,Warszawa,Polska,Rzym,Włochy
2025-11-30,,139.0,WAW,FCO,2025-11-07,Warszawa,Polska,Rzym,Włochy
2025-12-01,,129.0,WAW,FCO,2025-11-07,Warszawa,Polska,Rzym,Włochy
2025-12-02,,129.0,WAW,FCO,2025-11-07,Warszawa,Polska,Rzym,Włochy
2025-12-03,,129.0,WAW,FCO,2025-11-07,Warszawa,Polska,Rzym,Włochy
2025-12-04,,129.0,WAW,FCO,2025-11-07,Warszawa,Polska,Rzym,Włochy
2025-12-05,,269.0,WAW,FCO,2025-11-07,Warszawa,Polska,Rzym,Włochy
2025-12-06,,179.0,WAW,FCO,2025-11-07,Warszawa,Polska,Rzym,Włochy
2025-12-07,,209.0,WAW,FCO,2025-11-07,Warszawa,Polska,Rzym,Włochy
2025-12-08,,219.0,WAW,FCO,2025-11-07,Warszawa,Polska,Rzym,Włochy
2025-12-09,,209.0,WAW,FCO,2025-11-07,Warszawa,Polska,Rzym,Włochy
2025-12-10,,249.0,WAW,FCO,2025-11-07,Warszawa,Polska,Rzym,Włochy
2025-12-11,,129.0,WAW,FCO,2025-11-07,Warszawa,Polska,Rzym,Włochy
2025-12-12,,299.0,WAW,FCO,2025-11-07,Warszawa,Polska,Rzym,Włochy
2025-12-13,,129.0,WAW,FCO,2025-11-07,Warszawa,Polska,Rzym,Włochy
2025-12-14,,209.0,WAW,FCO,2025-11-07,Warszawa,Polska,Rzym,Włochy
2025-12-15,,159.0,WAW,FCO,2025-11-07,Warszawa,Polska,Rzym,Włochy
2025-12-16,,129.0,WAW,FCO,2025-11-07,Warszawa,Polska,Rzym,Włochy
2025-12-17,,129.0,WAW,FCO,2025-11-07,Warszawa,Polska,Rzym,Włochy
2025-12-18,,129.0,WAW,FCO,2025-11-07,Warszawa,Polska,Rzym,Włochy
2025-12-19,,249.0,WAW,FCO,2025-11-07,Warszawa,Polska,Rzym,Włochy
2025-12-20,,179.0,WAW,FCO,2025-11-07,Warszawa,Polska,Rzym,Włochy
2025-12-21,,179.0,WAW,FCO,2025-11-07,Warszawa,Polska,Rzym,Włochy
2025-12-22,,219.0,WAW,FCO,2025-11-07,Warszawa,Polska,Rzym,Włochy
2025-12-23,,359.0,WAW,FCO,2025-11-07,Warszawa,Polska,Rzym,Włochy
2025-12-24,,219.0,WAW,FCO,2025-11-07,Warszawa,Polska,Rzym,Włochy
2025-12-25,,309.0,WAW,FCO,2025-11-07,Warszawa,Polska,Rzym,Włochy
2025-12-26,,449.0,WAW,FCO,2025-11-07,Warszawa,Polska,Rzym,Włochy
2025-12-27,,449.0,WAW,FCO,2025-11-07,Warszawa,Polska,Rzym,Włochy
2025-12-28,,519.0,WAW,FCO,2025-11-07,Warszawa,Polska,Rzym,Włochy
2025-12-29,,449.0,WAW,FCO,2025-11-07,Warszawa,Polska,Rzym,Włochy
2025-12-30,,359.0,WAW,FCO,2025-11-07,Warszawa,Polska,Rzym,Włochy
2025-12-31,,309.0,WAW,FCO,2025-11-07,Warszawa,Polska,Rzym,Włochy
2026-01-01,,299.0,WAW,FCO,2025-11-07,Warszawa,Polska,Rzym,Włochy
2026-01-02,,399.0,WAW,FCO,2025-11-07,Warszawa,Polska,Rzym,Włochy
2026-01-03,,209.0,WAW,FCO,2025-11-07,Warszawa,Polska,Rzym,Włochy
2026-01-04,,309.0,WAW,FCO,2025-11-07,Warszawa,Polska,Rzym,Włochy
2026-01-05,,249.0,WAW,FCO,2025-11-07,Warszawa,Polska,Rzym,Włochy
2026-01-06,,209.0,WAW,FCO,2025-11-07,Warszawa,Polska,Rzym,Włochy
2026-01-07,,129.0,WAW,FCO,2025-11-07,Warszawa,Polska,Rzym,Włochy
2026-01-08,,129.0,WAW,FCO,2025-11-07,Warszawa,Polska,Rzym,Włochy
2026-01-09,,209.0,WAW,FCO,2025-11-07,Warszawa,Polska,Rzym,Włochy
2026-01-10,,129.0,WAW,FCO,2025-11-07,Warszawa,Polska,Rzym,Włochy
2026-01-11,,129.0,WAW,FCO,2025-11-07,Warszawa,Polska,Rzym,Włochy
2026-01-12,,129.0,WAW,FCO,2025-11-07,Warszawa,Polska,Rzym,Włochy
2026-01-13,,129.0,WAW,FCO,2025-11-07,Warszawa,Polska,Rzym,Włochy
2026-01-14,,129.0,WAW,FCO,2025-11-07,Warszawa,Polska,Rzym,Włochy
2026-01-15,,129.0,WAW,FCO,2025-11-07,Warszawa,Polska,Rzym,Włochy
2026-01-16,,299.0,WAW,FCO,2025-11-07,Warszawa,Polska,Rzym,Włochy
2026-01-17,,179.0,WAW,FCO,2025-11-07,Warszawa,Polska,Rzym,Włochy
2026-01-18,,249.0,WAW,FCO,2025-11-07,Warszawa,Polska,Rzym,Włochy
2026-01-19,,269.0,WAW,FCO,2025-11-07,Warszawa,Polska,Rzym,Włochy
2026-01-20,,129.0,WAW,FCO,2025-11-07,Warszawa,Polska,Rzym,Włochy
2026-01-21,,159.0,WAW,FCO,2025-11-07,Warszawa,Polska,Rzym,Włochy
2026-01-22,,129.0,WAW,FCO,2025-11-07,Warszawa,Polska,Rzym,Włochy
2026-01-23,,269.0,WAW,FCO,2025-11-07,Warszawa,Polska,Rzym,Włochy
2026-01-24,,129.0,WAW,FCO,2025-11-07,Warszawa,Polska,Rzym,Włochy
2026-01-25,,219.0,WAW,FCO,2025-11-07,Warszawa,Polska,Rzym,Włochy
2026-01-26,,249.0,WAW,FCO,2025-11-07,Warszawa,Polska,Rzym,Włochy
2026-01-27,,129.0,WAW,FCO,2025-11-07,Warszawa,Polska,Rzym,Włochy
2026-01-28,,129.0,WAW,FCO,2025-11-07,Warszawa,Polska,Rzym,Włochy
2026-01-29,,129.0,WAW,FCO,2025-11-07,Warszawa,Polska,Rzym,Włochy
2026-01-30,,129.0,WAW,FCO,2025-11-07,Warszawa,Polska,Rzym,Włochy
2025-11-07,,,WAW,CIA,2025-11-07,Warszawa,Polska,Rzym,Włochy
2025-11-08,,,WAW,CIA,2025-11-07,Warszawa,Polska,Rzym,Włochy
2025-11-09,,,WAW,CIA,2025-11-07,Warszawa,Polska,Rzym,Włochy
2025-11-10,,,WAW,CIA,2025-11-07,Warszawa,Polska,Rzym,Włochy
2025-11-11,,,WAW,CIA,2025-11-07,Warszawa,Polska,Rzym,Włochy
2025-11-12,,,WAW,CIA,2025-11-07,Warszawa,Polska,Rzym,Włochy
2025-11-13,,,WAW,CIA,2025-11-07,Warszawa,Polska,Rzym,Włochy
2025-11-14,,,WAW,CIA,2025-11-07,Warszawa,Polska,Rzym,Włochy
2025-11-15,,,WAW,CIA,2025-11-07,Warszawa,Polska,Rzym,Włochy
2025-11-16,,,WAW,CIA,2025-11-07,Warszawa,Polska,Rzym,Włochy
2025-11-17,,,WAW,CIA,2025-11-07,Warszawa,Polska,Rzym,Włochy
2025-11-18,,,WAW,CIA,2025-11-07,Warszawa,Polska,Rzym,Włochy
2025-11-19,,,WAW,CIA,2025-11-07,Warszawa,Polska,Rzym,Włochy
2025-11-20,,,WAW,CIA,2025-11-07,Warszawa,Polska,Rzym,Włochy
2025-11-21,,,WAW,CIA,2025-11-07,Warszawa,Polska,Rzym,Włochy
2025-11-22,,,WAW,CIA,2025-11-07,Warszawa,Polska,Rzym,Włochy
2025-11-23,,,WAW,CIA,2025-11-07,Warszawa,Polska,Rzym,Włochy
2025-11-24,,,WAW,CIA,2025-11-07,Warszawa,Polska,Rzym,Włochy
2025-11-25,,,WAW,CIA,2025-11-07,Warszawa,Polska,Rzym,Włochy
2025-11-26,,,WAW,CIA,2025-11-07,Warszawa,Polska,Rzym,Włochy
2025-11-27,,,WAW,CIA,2025-11-07,Warszawa,Polska,Rzym,Włochy
2025-11-28,,,WAW,CIA,2025-11-07,Warszawa,Polska,Rzym,Włochy
2025-11-29,,,WAW,CIA,2025-11-07,Warszawa,Polska,Rzym,Włochy
2025-11-30,,,WAW,CIA,2025-11-07,Warszawa,Polska,Rzym,Włochy
2025-12-01,,,WAW,CIA,2025-11-07,Warszawa,Polska,Rzym,Włochy
2025-12-02,,,WAW,CIA,2025-11-07,Warszawa,Polska,Rzym,Włochy
2025-12-03,,,WAW,CIA,2025-11-07,Warszawa,Polska,Rzym,Włochy
2025-12-04,,,WAW,CIA,2025-11-07,Warszawa,Polska,Rzym,Włochy
2025-12-05,,,WAW,CIA,2025-11-07,Warszawa,Polska,Rzym,Włochy
2025-12-06,,,WAW,CIA,2025-11-07,Warszawa,Polska,Rzym,Włochy
2025-12-07,,,WAW,CIA,2025-11-07,Warszawa,Polska,Rzym,Włochy
2025-12-08,,,WAW,CIA,2025-11-07,Warszawa,Polska,Rzym,Włochy
2025-12-09,,,WAW,CIA,2025-11-07,Warszawa,Polska,Rzym,Włochy
2025-12-10,,,WAW,CIA,2025-11-07,Warszawa,Polska,Rzym,Włochy
2025-12-11,,,WAW,CIA,2025-11-07,Warszawa,Polska,Rzym,Włochy
2025-12-12,,,WAW,CIA,2025-11-07,Warszawa,Polska,Rzym,Włochy
2025-12-13,,,WAW,CIA,2025-11-07,Warszawa,Polska,Rzym,Włochy
2025-12-14,,,WAW,CIA,2025-11-07,Warszawa,Polska,Rzym,Włochy
2025-12-15,,,WAW,CIA,2025-11-07,Warszawa,Polska,Rzym,Włochy
2025-12-16,,,WAW,CIA,2025-11-07,Warszawa,Polska,Rzym,Włochy
2025-12-17,,,WAW,CIA,2025-11-07,Warszawa,Polska,Rzym,Włochy
2025-12-18,,,WAW,CIA,2025-11-07,Warszawa,Polska,Rzym,Włochy
2025-12-19,,,WAW,CIA,2025-11-07,Warszawa,Polska,Rzym,Włochy
2025-12-20,,,WAW,CIA,2025-11-07,Warszawa,Polska,Rzym,Włochy
2025-12-21,,,WAW,CIA,2025-11-07,Warszawa,Polska,Rzym,Włochy
2025-12-22,,,WAW,CIA,2025-11-07,Warszawa,Polska,Rzym,Włochy
2025-12-23,,,WAW,CIA,2025-11-07,Warszawa,Polska,Rzym,Włochy
2025-12-24,,,WAW,CIA,2025-11-07,Warszawa,Polska,Rzym,Włochy
2025-12-25,,,WAW,CIA,2025-11-07,Warszawa,Polska,Rzym,Włochy
2025-12-26,,,WAW,CIA,2025-11-07,Warszawa,Polska,Rzym,Włochy
2025-12-27,,,WAW,CIA,2025-11-07,Warszawa,Polska,Rzym,Włochy
2025-12-28,,,WAW,CIA,2025-11-07,Warszawa,Polska,Rzym,Włochy
2025-12-29,,,WAW,CIA,2025-11-07,Warszawa,Polska,Rzym,Włochy
2025-12-30,,,WAW,CIA,2025-11-07,Warszawa,Polska,Rzym,Włochy
2025-12-31,,,WAW,CIA,2025-11-07,Warszawa,Polska,Rzym,Włochy
2026-01-01,,,WAW,CIA,2025-11-07,Warszawa,Polska,Rzym,Włochy
2026-01-02,,,WAW,CIA,2025-11-07,Warszawa,Polska,Rzym,Włochy
2026-01-03,,,WAW,CIA,2025-11-07,Warszawa,Polska,Rzym,Włochy
2026-01-04,,,WAW,CIA,2025-11-07,Warszawa,Polska,Rzym,Włochy
2026-01-05,,,WAW,CIA,2025-11-07,Warszawa,Polska,Rzym,Włochy
2026-01-06,,,WAW,CIA,2025-11-07,Warszawa,Polska,Rzym,Włochy
2026-01-07,,,WAW,CIA,2025-11-07,Warszawa,Polska,Rzym,Włochy
2026-01-08,,,WAW,CIA,2025-11-07,Warszawa,Polska,Rzym,Włochy
2026-01-09,,,WAW,CIA,2025-11-07,Warszawa,Polska,Rzym,Włochy
2026-01-10,,,WAW,CIA,2025-11-07,Warszawa,Polska,Rzym,Włochy
2026-01-11,,,WAW,CIA,2025-11-07,Warszawa,Polska,Rzym,Włochy
2026-01-12,,,WAW,CIA,2025-11-07,Warszawa,Polska,Rzym,Włochy
2026-01-13,,,WAW,CIA,2025-11-07,Warszawa,Polska,Rzym,Włochy
2026-01-14,,,WAW,CIA,2025-11-07,Warszawa,Polska,Rzym,Włochy
2026-01-15,,,WAW,CIA,2025-11-07,Warszawa,Polska,Rzym,Włochy
2026-01-16,,,WAW,CIA,2025-11-07,Warszawa,Polska,Rzym,Włochy
2026-01-17,,,WAW,CIA,2025-11-07,Warszawa,Polska,Rzym,Włochy
2026-01-18,,,WAW,CIA,2025-11-07,Warszawa,Polska,Rzym,Włochy
2026-01-19,,,WAW,CIA,2025-11-07,Warszawa,Polska,Rzym,Włochy
2026-01-20,,,WAW,CIA,2025-11-07,Warszawa,Polska,Rzym,Włochy
2026-01-21,,,WAW,CIA,2025-11-07,Warszawa,Polska,Rzym,Włochy
2026-01-22,,,WAW,CIA,2025-11-07,Warszawa,Polska,Rzym,Włochy
2026-01-23,,,WAW,CIA,2025-11-07,Warszawa,Polska,Rzym,Włochy
2026-01-24,,,WAW,CIA,2025-11-07,Warszawa,Polska,Rzym,Włochy
2026-01-25,,,WAW,CIA,2025-11-07,Warszawa,Polska,Rzym,Włochy
2026-01-26,,,WAW,CIA,2025-11-07,Warszawa,Polska,Rzym,Włochy
2026-01-27,,,WAW,CIA,2025-11-07,Warszawa,Polska,Rzym,Włochy
2026-01-28,,,WAW,CIA,2025-11-07,Warszawa,Polska,Rzym,Włochy
2026-01-29,,,WAW,CIA,2025-11-07,Warszawa,Polska,Rzym,Włochy
2026-01-30,,,WAW,CIA,2025-11-07,Warszawa,Polska,Rzym,Włochy
2025-11-07,,1085.0,WAW,MXP,2025-11-07,Warszawa,Polska,Mediolan,Włochy
2025-11-08,,1307.0,WAW,MXP,2025-11-07,Warszawa,Polska,Mediolan,Włochy
2025-11-09,,920.0,WAW,MXP,2025-11-07,Warszawa,Polska,Mediolan,Włochy
2025-11-10,,399.0,WAW,MXP,2025-11-07,Warszawa,Polska,Mediolan,Włochy
2025-11-11,,871.0,WAW,MXP,2025-11-07,Warszawa,Polska,Mediolan,Włochy
2025-11-12,,493.0,WAW,MXP,2025-11-07,Warszawa,Polska,Mediolan,Włochy
2025-11-13,,209.0,WAW,MXP,2025-11-07,Warszawa,Polska,Mediolan,Włochy
2025-11-14,,299.0,WAW,MXP,2025-11-07,Warszawa,Polska,Mediolan,Włochy
2025-11-15,,269.0,WAW,MXP,2025-11-07,Warszawa,Polska,Mediolan,Włochy
2025-11-16,,179.0,WAW,MXP,2025-11-07,Warszawa,Polska,Mediolan,Włochy
2025-11-17,,249.0,WAW,MXP,2025-11-07,Warszawa,Polska,Mediolan,Włochy
2025-11-18,,587.0,WAW,MXP,2025-11-07,Warszawa,Polska,Mediolan,Włochy
2025-11-19,,463.0,WAW,MXP,2025-11-07,Warszawa,Polska,Mediolan,Włochy
2025-11-20,,159.0,WAW,MXP,2025-11-07,Warszawa,Polska,Mediolan,Włochy
2025-11-21,,219.0,WAW,MXP,2025-11-07,Warszawa,Polska,Mediolan,Włochy
2025-11-22,,249.0,WAW,MXP,2025-11-07,Warszawa,Polska,Mediolan,Włochy
2025-11-23,,109.0,WAW,MXP,2025-11-07,Warszawa,Polska,Mediolan,Włochy
2025-11-24,,109.0,WAW,MXP,2025-11-07,Warszawa,Polska,Mediolan,Włochy
2025-11-25,,448.0,WAW,MXP,2025-11-07,Warszawa,Polska,Mediolan,Włochy
2025-11-26,,493.0,WAW,MXP,2025-11-07,Warszawa,Polska,Mediolan,Włochy
2025-11-27,,109.0,WAW,MXP,2025-11-07,Warszawa,Polska,Mediolan,Włochy
2025-11-28,,219.0,WAW,MXP,2025-11-07,Warszawa,Polska,Mediolan,Włochy
2025-11-29,,269.0,WAW,MXP,2025-11-07,Warszawa,Polska,Mediolan,Włochy
2025-11-30,,109.0,WAW,MXP,2025-11-07,Warszawa,Polska,Mediolan,Włochy
2025-12-01,,109.0,WAW,MXP,2025-11-07,Warszawa,Polska,Mediolan,Włochy
2025-12-02,,341.0,WAW,MXP,2025-11-07,Warszawa,Polska,Mediolan,Włochy
2025-12-03,,349.0,WAW,MXP,2025-11-07,Warszawa,Polska,Mediolan,Włochy
2025-12-04,,109.0,WAW,MXP,2025-11-07,Warszawa,Polska,Mediolan,Włochy
2025-12-05,,269.0,WAW,MXP,2025-11-07,Warszawa,Polska,Mediolan,Włochy
2025-12-06,,179.0,WAW,MXP,2025-11-07,Warszawa,Polska,Mediolan,Włochy
2025-12-07,,109.0,WAW,MXP,2025-11-07,Warszawa,Polska,Mediolan,Włochy
2025-12-08,,399.0,WAW,MXP,2025-11-07,Warszawa,Polska,Mediolan,Włochy
2025-12-09,,209.0,WAW,MXP,2025-11-07,Warszawa,Polska,Mediolan,Włochy
2025-12-10,,109.0,WAW,MXP,2025-11-07,Warszawa,Polska,Mediolan,Włochy
2025-12-11,,109.0,WAW,MXP,2025-11-07,Warszawa,Polska,Mediolan,Włochy
2025-12-12,,109.0,WAW,MXP,2025-11-07,Warszawa,Polska,Mediolan,Włochy
2025-12-13,,249.0,WAW,MXP,2025-11-07,Warszawa,Polska,Mediolan,Włochy
2025-12-14,,109.0,WAW,MXP,2025-11-07,Warszawa,Polska,Mediolan,Włochy
2025-12-15,,109.0,WAW,MXP,2025-11-07,Warszawa,Polska,Mediolan,Włochy
2025-12-16,,109.0,WAW,MXP,2025-11-07,Warszawa,Polska,Mediolan,Włochy
2025-12-17,,109.0,WAW,MXP,2025-11-07,Warszawa,Polska,Mediolan,Włochy
2025-12-18,,109.0,WAW,MXP,2025-11-07,Warszawa,Polska,Mediolan,Włochy
2025-12-19,,109.0,WAW,MXP,2025-11-07,Warszawa,Polska,Mediolan,Włochy
2025-12-20,,159.0,WAW,MXP,2025-11-07,Warszawa,Polska,Mediolan,Włochy
2025-12-21,,109.0,WAW,MXP,2025-11-07,Warszawa,Polska,Mediolan,Włochy
2025-12-22,,109.0,WAW,MXP,2025-11-07,Warszawa,Polska,Mediolan,Włochy
2025-12-23,,109.0,WAW,MXP,2025-11-07,Warszawa,Polska,Mediolan,Włochy
2025-12-24,,139.0,WAW,MXP,2025-11-07,Warszawa,Polska,Mediolan,Włochy
2025-12-25,,159.0,WAW,MXP,2025-11-07,Warszawa,Polska,Mediolan,Włochy
2025-12-26,,299.0,WAW,MXP,2025-11-07,Warszawa,Polska,Mediolan,Włochy
2025-12-27,,299.0,WAW,MXP,2025-11-07,Warszawa,Polska,Mediolan,Włochy
2025-12-28,,399.0,WAW,MXP,2025-11-07,Warszawa,Polska,Mediolan,Włochy
2025-12-29,,359.0,WAW,MXP,2025-11-07,Warszawa,Polska,Mediolan,Włochy
2025-12-30,,359.0,WAW,MXP,2025-11-07,Warszawa,Polska,Mediolan,Włochy
2025-12-31,,299.0,WAW,MXP,2025-11-07,Warszawa,Polska,Mediolan,Włochy
2026-01-01,,249.0,WAW,MXP,2025-11-07,Warszawa,Polska,Mediolan,Włochy
2026-01-02,,519.0,WAW,MXP,2025-11-07,Warszawa,Polska,Mediolan,Włochy
2026-01-03,,559.0,WAW,MXP,2025-11-07,Warszawa,Polska,Mediolan,Włochy
2026-01-04,,559.0,WAW,MXP,2025-11-07,Warszawa,Polska,Mediolan,Włochy
2026-01-05,,219.0,WAW,MXP,2025-11-07,Warszawa,Polska,Mediolan,Włochy
2026-01-06,,209.0,WAW,MXP,2025-11-07,Warszawa,Polska,Mediolan,Włochy
2026-01-07,,109.0,WAW,MXP,2025-11-07,Warszawa,Polska,Mediolan,Włochy
2026-01-08,,109.0,WAW,MXP,2025-11-07,Warszawa,Polska,Mediolan,Włochy
2026-01-09,,109.0,WAW,MXP,2025-11-07,Warszawa,Polska,Mediolan,Włochy
2026-01-10,,179.0,WAW,MXP,2025-11-07,Warszawa,Polska,Mediolan,Włochy
2026-01-11,,109.0,WAW,MXP,2025-11-07,Warszawa,Polska,Mediolan,Włochy
2026-01-12,,109.0,WAW,MXP,2025-11-07,Warszawa,Polska,Mediolan,Włochy
2026-01-13,,368.0,WAW,MXP,2025-11-07,Warszawa,Polska,Mediolan,Włochy
2026-01-14,,399.0,WAW,MXP,2025-11-07,Warszawa,Polska,Mediolan,Włochy
2026-01-15,,368.0,WAW,MXP,2025-11-07,Warszawa,Polska,Mediolan,Włochy
2026-01-16,,219.0,WAW,MXP,2025-11-07,Warszawa,Polska,Mediolan,Włochy
2026-01-17,,368.0,WAW,MXP,2025-11-07,Warszawa,Polska,Mediolan,Włochy
2026-01-18,,209.0,WAW,MXP,2025-11-07,Warszawa,Polska,Mediolan,Włochy
2026-01-19,,249.0,WAW,MXP,2025-11-07,Warszawa,Polska,Mediolan,Włochy
2026-01-20,,399.0,WAW,MXP,2025-11-07,Warszawa,Polska,Mediolan,Włochy
2026-01-21,,420.0,WAW,MXP,2025-11-07,Warszawa,Polska,Mediolan,Włochy
2026-01-22,,428.0,WAW,MXP,2025-11-07,Warszawa,Polska,Mediolan,Włochy
2026-01-23,,139.0,WAW,MXP,2025-11-07,Warszawa,Polska,Mediolan,Włochy
2026-01-24,,428.0,WAW,MXP,2025-11-07,Warszawa,Polska,Mediolan,Włochy
2026-01-25,,109.0,WAW,MXP,2025-11-07,Warszawa,Polska,Mediolan,Włochy
2026-01-26,,109.0,WAW,MXP,2025-11-07,Warszawa,Polska,Mediolan,Włochy
2026-01-27,,399.0,WAW,MXP,2025-11-07,Warszawa,Polska,Mediolan,Włochy
2026-01-28,,305.0,WAW,MXP,2025-11-07,Warszawa,Polska,Mediolan,Włochy
2026-01-29,,399.0,WAW,MXP,2025-11-07,Warszawa,Polska,Mediolan,Włochy
2026-01-30,,109.0,WAW,MXP,2025-11-07,Warszawa,Polska,Mediolan,Włochy
2025-11-07,,1689.0,WAW,BGY,2025-11-07,Warszawa,Polska,Mediolan,Włochy
2025-11-08,,1149.0,WAW,BGY,2025-11-07,Warszawa,Polska,Mediolan,Włochy
2025-11-09,,939.0,WAW,BGY,2025-11-07,Warszawa,Polska,Mediolan,Włochy
2025-11-10,,309.0,WAW,BGY,2025-11-07,Warszawa,Polska,Mediolan,Włochy
2025-11-11,,179.0,WAW,BGY,2025-11-07,Warszawa,Polska,Mediolan,Włochy
2025-11-12,,179.0,WAW,BGY,2025-11-07,Warszawa,Polska,Mediolan,Włochy
2025-11-13,,179.0,WAW,BGY,2025-11-07,Warszawa,Polska,Mediolan,Włochy
2025-11-14,,269.0,WAW,BGY,2025-11-07,Warszawa,Polska,Mediolan,Włochy
2025-11-15,,139.0,WAW,BGY,2025-11-07,Warszawa,Polska,Mediolan,Włochy
2025-11-16,,129.0,WAW,BGY,2025-11-07,Warszawa,Polska,Mediolan,Włochy
2025-11-17,,129.0,WAW,BGY,2025-11-07,Warszawa,Polska,Mediolan,Włochy
2025-11-18,,129.0,WAW,BGY,2025-11-07,Warszawa,Polska,Mediolan,Włochy
2025-11-19,,139.0,WAW,BGY,2025-11-07,Warszawa,Polska,Mediolan,Włochy
2025-11-20,,139.0,WAW,BGY,2025-11-07,Warszawa,Polska,Mediolan,Włochy
2025-11-21,,269.0,WAW,BGY,2025-11-07,Warszawa,Polska,Mediolan,Włochy
2025-11-22,,109.0,WAW,BGY,2025-11-07,Warszawa,Polska,Mediolan,Włochy
2025-11-23,,109.0,WAW,BGY,2025-11-07,Warszawa,Polska,Mediolan,Włochy
2025-11-24,,109.0,WAW,BGY,2025-11-07,Warszawa,Polska,Mediolan,Włochy
2025-11-25,,109.0,WAW,BGY,2025-11-07,Warszawa,Polska,Mediolan,Włochy
2025-11-26,,109.0,WAW,BGY,2025-11-07,Warszawa,Polska,Mediolan,Włochy
2025-11-27,,109.0,WAW,BGY,2025-11-07,Warszawa,Polska,Mediolan,Włochy
2025-11-28,,249.0,WAW,BGY,2025-11-07,Warszawa,Polska,Mediolan,Włochy
2025-11-29,,109.0,WAW,BGY,2025-11-07,Warszawa,Polska,Mediolan,Włochy
2025-11-30,,109.0,WAW,BGY,2025-11-07,Warszawa,Polska,Mediolan,Włochy
2025-12-01,,109.0,WAW,BGY,2025-11-07,Warszawa,Polska,Mediolan,Włochy
2025-12-02,,109.0,WAW,BGY,2025-11-07,Warszawa,Polska,Mediolan,Włochy
2025-12-03,,109.0,WAW,BGY,2025-11-07,Warszawa,Polska,Mediolan,Włochy
2025-12-04,,109.0,WAW,BGY,2025-11-07,Warszawa,Polska,Mediolan,Włochy
2025-12-05,,109.0,WAW,BGY,2025-11-07,Warszawa,Polska,Mediolan,Włochy
2025-12-06,,109.0,WAW,BGY,2025-11-07,Warszawa,Polska,Mediolan,Włochy
2025-12-07,,109.0,WAW,BGY,2025-11-07,Warszawa,Polska,Mediolan,Włochy
2025-12-08,,219.0,WAW,BGY,2025-11-07,Warszawa,Polska,Mediolan,Włochy
2025-12-09,,159.0,WAW,BGY,2025-11-07,Warszawa,Polska,Mediolan,Włochy
2025-12-10,,109.0,WAW,BGY,2025-11-07,Warszawa,Polska,Mediolan,Włochy
2025-12-11,,109.0,WAW,BGY,2025-11-07,Warszawa,Polska,Mediolan,Włochy
2025-12-12,,129.0,WAW,BGY,2025-11-07,Warszawa,Polska,Mediolan,Włochy
2025-12-13,,109.0,WAW,BGY,2025-11-07,Warszawa,Polska,Mediolan,Włochy
2025-12-14,,109.0,WAW,BGY,2025-11-07,Warszawa,Polska,Mediolan,Włochy
2025-12-15,,109.0,WAW,BGY,2025-11-07,Warszawa,Polska,Mediolan,Włochy
2025-12-16,,109.0,WAW,BGY,2025-11-07,Warszawa,Polska,Mediolan,Włochy
2025-12-17,,109.0,WAW,BGY,2025-11-07,Warszawa,Polska,Mediolan,Włochy
2025-12-18,,109.0,WAW,BGY,2025-11-07,Warszawa,Polska,Mediolan,Włochy
2025-12-19,,109.0,WAW,BGY,2025-11-07,Warszawa,Polska,Mediolan,Włochy
2025-12-20,,109.0,WAW,BGY,2025-11-07,Warszawa,Polska,Mediolan,Włochy
2025-12-21,,109.0,WAW,BGY,2025-11-07,Warszawa,Polska,Mediolan,Włochy
2025-12-22,,109.0,WAW,BGY,2025-11-07,Warszawa,Polska,Mediolan,Włochy
2025-12-23,,109.0,WAW,BGY,2025-11-07,Warszawa,Polska,Mediolan,Włochy
2025-12-24,,109.0,WAW,BGY,2025-11-07,Warszawa,Polska,Mediolan,Włochy
2025-12-25,,109.0,WAW,BGY,2025-11-07,Warszawa,Polska,Mediolan,Włochy
2025-12-26,,109.0,WAW,BGY,2025-11-07,Warszawa,Polska,Mediolan,Włochy
2025-12-27,,269.0,WAW,BGY,2025-11-07,Warszawa,Polska,Mediolan,Włochy
2025-12-28,,249.0,WAW,BGY,2025-11-07,Warszawa,Polska,Mediolan,Włochy
2025-12-29,,249.0,WAW,BGY,2025-11-07,Warszawa,Polska,Mediolan,Włochy
2025-12-30,,219.0,WAW,BGY,2025-11-07,Warszawa,Polska,Mediolan,Włochy
2025-12-31,,249.0,WAW,BGY,2025-11-07,Warszawa,Polska,Mediolan,Włochy
2026-01-01,,139.0,WAW,BGY,2025-11-07,Warszawa,Polska,Mediolan,Włochy
2026-01-02,,359.0,WAW,BGY,2025-11-07,Warszawa,Polska,Mediolan,Włochy
2026-01-03,,399.0,WAW,BGY,2025-11-07,Warszawa,Polska,Mediolan,Włochy
2026-01-04,,249.0,WAW,BGY,2025-11-07,Warszawa,Polska,Mediolan,Włochy
2026-01-05,,159.0,WAW,BGY,2025-11-07,Warszawa,Polska,Mediolan,Włochy
2026-01-06,,109.0,WAW,BGY,2025-11-07,Warszawa,Polska,Mediolan,Włochy
2026-01-07,,109.0,WAW,BGY,2025-11-07,Warszawa,Polska,Mediolan,Włochy
2026-01-08,,109.0,WAW,BGY,2025-11-07,Warszawa,Polska,Mediolan,Włochy
2026-01-09,,109.0,WAW,BGY,2025-11-07,Warszawa,Polska,Mediolan,Włochy
2026-01-10,,109.0,WAW,BGY,2025-11-07,Warszawa,Polska,Mediolan,Włochy
2026-01-11,,109.0,WAW,BGY,2025-11-07,Warszawa,Polska,Mediolan,Włochy
2026-01-12,,109.0,WAW,BGY,2025-11-07,Warszawa,Polska,Mediolan,Włochy
2026-01-13,,109.0,WAW,BGY,2025-11-07,Warszawa,Polska,Mediolan,Włochy
2026-01-14,,109.0,WAW,BGY,2025-11-07,Warszawa,Polska,Mediolan,Włochy
2026-01-15,,109.0,WAW,BGY,2025-11-07,Warszawa,Polska,Mediolan,Włochy
2026-01-16,,159.0,WAW,BGY,2025-11-07,Warszawa,Polska,Mediolan,Włochy
2026-01-17,,399.0,WAW,BGY,2025-11-07,Warszawa,Polska,Mediolan,Włochy
2026-01-18,,129.0,WAW,BGY,2025-11-07,Warszawa,Polska,Mediolan,Włochy
2026-01-19,,109.0,WAW,BGY,2025-11-07,Warszawa,Polska,Mediolan,Włochy
2026-01-20,,109.0,WAW,BGY,2025-11-07,Warszawa,Polska,Mediolan,Włochy
2026-01-21,,109.0,WAW,BGY,2025-11-07,Warszawa,Polska,Mediolan,Włochy
2026-01-22,,109.0,WAW,BGY,2025-11-07,Warszawa,Polska,Mediolan,Włochy
2026-01-23,,129.0,WAW,BGY,2025-11-07,Warszawa,Polska,Mediolan,Włochy
2026-01-24,,309.0,WAW,BGY,2025-11-07,Warszawa,Polska,Mediolan,Włochy
2026-01-25,,109.0,WAW,BGY,2025-11-07,Warszawa,Polska,Mediolan,Włochy
2026-01-26,,109.0,WAW,BGY,2025-11-07,Warszawa,Polska,Mediolan,Włochy
2026-01-27,,109.0,WAW,BGY,2025-11-07,Warszawa,Polska,Mediolan,Włochy
2026-01-28,,109.0,WAW,BGY,2025-11-07,Warszawa,Polska,Mediolan,Włochy
2026-01-29,,109.0,WAW,BGY,2025-11-07,Warszawa,Polska,Mediolan,Włochy
2026-01-30,,109.0,WAW,BGY,2025-11-07,Warszawa,Polska,Mediolan,Włochy
2025-11-07,,1101.0,WAW,VCE,2025-11-07,Warszawa,Polska,Wenecja,Włochy
2025-11-08,,1314.0,WAW,VCE,2025-11-07,Warszawa,Polska,Wenecja,Włochy
2025-11-09,,609.0,WAW,VCE,2025-11-07,Warszawa,Polska,Wenecja,Włochy
2025-11-10,,309.0,WAW,VCE,2025-11-07,Warszawa,Polska,Wenecja,Włochy
2025-11-11,,883.0,WAW,VCE,2025-11-07,Warszawa,Polska,Wenecja,Włochy
2025-11-12,,269.0,WAW,VCE,2025-11-07,Warszawa,Polska,Wenecja,Włochy
2025-11-13,,726.0,WAW,VCE,2025-11-07,Warszawa,Polska,Wenecja,Włochy
2025-11-14,,692.0,WAW,VCE,2025-11-07,Warszawa,Polska,Wenecja,Włochy
2025-11-15,,692.0,WAW,VCE,2025-11-07,Warszawa,Polska,Wenecja,Włochy
2025-11-16,,179.0,WAW,VCE,2025-11-07,Warszawa,Polska,Wenecja,Włochy
2025-11-17,,159.0,WAW,VCE,2025-11-07,Warszawa,Polska,Wenecja,Włochy
2025-11-18,,658.0,WAW,VCE,2025-11-07,Warszawa,Polska,Wenecja,Włochy
2025-11-19,,159.0,WAW,VCE,2025-11-07,Warszawa,Polska,Wenecja,Włochy
2025-11-20,,634.0,WAW,VCE,2025-11-07,Warszawa,Polska,Wenecja,Włochy
2025-11-21,,219.0,WAW,VCE,2025-11-07,Warszawa,Polska,Wenecja,Włochy
2025-11-22,,567.0,WAW,VCE,2025-11-07,Warszawa,Polska,Wenecja,Włochy
2025-11-23,,129.0,WAW,VCE,2025-11-07,Warszawa,Polska,Wenecja,Włochy
2025-11-24,,129.0,WAW,VCE,2025-11-07,Warszawa,Polska,Wenecja,Włochy
2025-11-25,,567.0,WAW,VCE,2025-11-07,Warszawa,Polska,Wenecja,Włochy
2025-11-26,,129.0,WAW,VCE,2025-11-07,Warszawa,Polska,Wenecja,Włochy
2025-11-27,,489.0,WAW,VCE,2025-11-07,Warszawa,Polska,Wenecja,Włochy
2025-11-28,,449.0,WAW,VCE,2025-11-07,Warszawa,Polska,Wenecja,Włochy
2025-11-29,,454.0,WAW,VCE,2025-11-07,Warszawa,Polska,Wenecja,Włochy
2025-11-30,,129.0,WAW,VCE,2025-11-07,Warszawa,Polska,Wenecja,Włochy
2025-12-01,,129.0,WAW,VCE,2025-11-07,Warszawa,Polska,Wenecja,Włochy
2025-12-02,,492.0,WAW,VCE,2025-11-07,Warszawa,Polska,Wenecja,Włochy
2025-12-03,,129.0,WAW,VCE,2025-11-07,Warszawa,Polska,Wenecja,Włochy
2025-12-04,,426.0,WAW,VCE,2025-11-07,Warszawa,Polska,Wenecja,Włochy
2025-12-05,,219.0,WAW,VCE,2025-11-07,Warszawa,Polska,Wenecja,Włochy
2025-12-06,,391.0,WAW,VCE,2025-11-07,Warszawa,Polska,Wenecja,Włochy
2025-12-07,,129.0,WAW,VCE,2025-11-07,Warszawa,Polska,Wenecja,Włochy
2025-12-08,,249.0,WAW,VCE,2025-11-07,Warszawa,Polska,Wenecja,Włochy
2025-12-09,,426.0,WAW,VCE,2025-11-07,Warszawa,Polska,Wenecja,Włochy
2025-12-10,,129.0,WAW,VCE,2025-11-07,Warszawa,Polska,Wenecja,Włochy
2025-12-11,,367.0,WAW,VCE,2025-11-07,Warszawa,Polska,Wenecja,Włochy
2025-12-12,,269.0,WAW,VCE,2025-11-07,Warszawa,Polska,Wenecja,Włochy
2025-12-13,,367.0,WAW,VCE,2025-11-07,Warszawa,Polska,Wenecja,Włochy
2025-12-14,,129.0,WAW,VCE,2025-11-07,Warszawa,Polska,Wenecja,Włochy
2025-12-15,,129.0,WAW,VCE,2025-11-07,Warszawa,Polska,Wenecja,Włochy
2025-12-16,,367.0,WAW,VCE,2025-11-07,Warszawa,Polska,Wenecja,Włochy
2025-12-17,,129.0,WAW,VCE,2025-11-07,Warszawa,Polska,Wenecja,Włochy
2025-12-18,,492.0,WAW,VCE,2025-11-07,Warszawa,Polska,Wenecja,Włochy
2025-12-19,,219.0,WAW,VCE,2025-11-07,Warszawa,Polska,Wenecja,Włochy
2025-12-20,,889.0,WAW,VCE,2025-11-07,Warszawa,Polska,Wenecja,Włochy
2025-12-21,,129.0,WAW,VCE,2025-11-07,Warszawa,Polska,Wenecja,Włochy
2025-12-22,,129.0,WAW,VCE,2025-11-07,Warszawa,Polska,Wenecja,Włochy
2025-12-23,,448.0,WAW,VCE,2025-11-07,Warszawa,Polska,Wenecja,Włochy
2025-12-24,,209.0,WAW,VCE,2025-11-07,Warszawa,Polska,Wenecja,Włochy
2025-12-25,,473.0,WAW,VCE,2025-11-07,Warszawa,Polska,Wenecja,Włochy
2025-12-26,,449.0,WAW,VCE,2025-11-07,Warszawa,Polska,Wenecja,Włochy
2025-12-27,,883.0,WAW,VCE,2025-11-07,Warszawa,Polska,Wenecja,Włochy
2025-12-28,,309.0,WAW,VCE,2025-11-07,Warszawa,Polska,Wenecja,Włochy
2025-12-29,,249.0,WAW,VCE,2025-11-07,Warszawa,Polska,Wenecja,Włochy
2025-12-30,,814.0,WAW,VCE,2025-11-07,Warszawa,Polska,Wenecja,Włochy
2025-12-31,,299.0,WAW,VCE,2025-11-07,Warszawa,Polska,Wenecja,Włochy
2026-01-01,,473.0,WAW,VCE,2025-11-07,Warszawa,Polska,Wenecja,Włochy
2026-01-02,,299.0,WAW,VCE,2025-11-07,Warszawa,Polska,Wenecja,Włochy
2026-01-03,,822.0,WAW,VCE,2025-11-07,Warszawa,Polska,Wenecja,Włochy
2026-01-04,,299.0,WAW,VCE,2025-11-07,Warszawa,Polska,Wenecja,Włochy
2026-01-05,,159.0,WAW,VCE,2025-11-07,Warszawa,Polska,Wenecja,Włochy
2026-01-06,,814.0,WAW,VCE,2025-11-07,Warszawa,Polska,Wenecja,Włochy
2026-01-07,,497.0,WAW,VCE,2025-11-07,Warszawa,Polska,Wenecja,Włochy
2026-01-08,,367.0,WAW,VCE,2025-11-07,Warszawa,Polska,Wenecja,Włochy
2026-01-09,,129.0,WAW,VCE,2025-11-07,Warszawa,Polska,Wenecja,Włochy
2026-01-10,,367.0,WAW,VCE,2025-11-07,Warszawa,Polska,Wenecja,Włochy
2026-01-11,,129.0,WAW,VCE,2025-11-07,Warszawa,Polska,Wenecja,Włochy
2026-01-12,,129.0,WAW,VCE,2025-11-07,Warszawa,Polska,Wenecja,Włochy
2026-01-13,,367.0,WAW,VCE,2025-11-07,Warszawa,Polska,Wenecja,Włochy
2026-01-14,,367.0,WAW,VCE,2025-11-07,Warszawa,Polska,Wenecja,Włochy
2026-01-15,,473.0,WAW,VCE,2025-11-07,Warszawa,Polska,Wenecja,Włochy
2026-01-16,,399.0,WAW,VCE,2025-11-07,Warszawa,Polska,Wenecja,Włochy
2026-01-17,,560.0,WAW,VCE,2025-11-07,Warszawa,Polska,Wenecja,Włochy
2026-01-18,,129.0,WAW,VCE,2025-11-07,Warszawa,Polska,Wenecja,Włochy
2026-01-19,,129.0,WAW,VCE,2025-11-07,Warszawa,Polska,Wenecja,Włochy
2026-01-20,,448.0,WAW,VCE,2025-11-07,Warszawa,Polska,Wenecja,Włochy
2026-01-21,,489.0,WAW,VCE,2025-11-07,Warszawa,Polska,Wenecja,Włochy
2026-01-22,,367.0,WAW,VCE,2025-11-07,Warszawa,Polska,Wenecja,Włochy
2026-01-23,,299.0,WAW,VCE,2025-11-07,Warszawa,Polska,Wenecja,Włochy
2026-01-24,,367.0,WAW,VCE,2025-11-07,Warszawa,Polska,Wenecja,Włochy
2026-01-25,,269.0,WAW,VCE,2025-11-07,Warszawa,Polska,Wenecja,Włochy
2026-01-26,,129.0,WAW,VCE,2025-11-07,Warszawa,Polska,Wenecja,Włochy
2026-01-27,,367.0,WAW,VCE,2025-11-07,Warszawa,Polska,Wenecja,Włochy
2026-01-28,,426.0,WAW,VCE,2025-11-07,Warszawa,Polska,Wenecja,Włochy
2026-01-29,,367.0,WAW,VCE,2025-11-07,Warszawa,Polska,Wenecja,Włochy
2026-01-30,,129.0,WAW,VCE,2025-11-07,Warszawa,Polska,Wenecja,Włochy
2025-11-07,,399.0,WAW,NAP,2025-11-07,Warszawa,Polska,Neapol,Włochy
2025-11-08,,1453.0,WAW,NAP,2025-11-07,Warszawa,Polska,Neapol,Włochy
2025-11-09,,699.0,WAW,NAP,2025-11-07,Warszawa,Polska,Neapol,Włochy
2025-11-10,,299.0,WAW,NAP,2025-11-07,Warszawa,Polska,Neapol,Włochy
2025-11-11,,779.0,WAW,NAP,2025-11-07,Warszawa,Polska,Neapol,Włochy
2025-11-12,,269.0,WAW,NAP,2025-11-07,Warszawa,Polska,Neapol,Włochy
2025-11-13,,880.0,WAW,NAP,2025-11-07,Warszawa,Polska,Neapol,Włochy
2025-11-14,,449.0,WAW,NAP,2025-11-07,Warszawa,Polska,Neapol,Włochy
2025-11-15,,501.0,WAW,NAP,2025-11-07,Warszawa,Polska,Neapol,Włochy
2025-11-16,,219.0,WAW,NAP,2025-11-07,Warszawa,Polska,Neapol,Włochy
2025-11-17,,209.0,WAW,NAP,2025-11-07,Warszawa,Polska,Neapol,Włochy
2025-11-18,,471.0,WAW,NAP,2025-11-07,Warszawa,Polska,Neapol,Włochy
2025-11-19,,219.0,WAW,NAP,2025-11-07,Warszawa,Polska,Neapol,Włochy
2025-11-20,,471.0,WAW,NAP,2025-11-07,Warszawa,Polska,Neapol,Włochy
2025-11-21,,299.0,WAW,NAP,2025-11-07,Warszawa,Polska,Neapol,Włochy
2025-11-22,,718.0,WAW,NAP,2025-11-07,Warszawa,Polska,Neapol,Włochy
2025-11-23,,209.0,WAW,NAP,2025-11-07,Warszawa,Polska,Neapol,Włochy
2025-11-24,,209.0,WAW,NAP,2025-11-07,Warszawa,Polska,Neapol,Włochy
2025-11-25,,471.0,WAW,NAP,2025-11-07,Warszawa,Polska,Neapol,Włochy
2025-11-26,,209.0,WAW,NAP,2025-11-07,Warszawa,Polska,Neapol,Włochy
2025-11-27,,471.0,WAW,NAP,2025-11-07,Warszawa,Polska,Neapol,Włochy
2025-11-28,,299.0,WAW,NAP,2025-11-07,Warszawa,Polska,Neapol,Włochy
2025-11-29,,421.0,WAW,NAP,2025-11-07,Warszawa,Polska,Neapol,Włochy
2025-11-30,,209.0,WAW,NAP,2025-11-07,Warszawa,Polska,Neapol,Włochy
2025-12-01,,209.0,WAW,NAP,2025-11-07,Warszawa,Polska,Neapol,Włochy
2025-12-02,,209.0,WAW,NAP,2025-11-07,Warszawa,Polska,Neapol,Włochy
2025-12-03,,209.0,WAW,NAP,2025-11-07,Warszawa,Polska,Neapol,Włochy
2025-12-04,,209.0,WAW,NAP,2025-11-07,Warszawa,Polska,Neapol,Włochy
2025-12-05,,299.0,WAW,NAP,2025-11-07,Warszawa,Polska,Neapol,Włochy
2025-12-06,,209.0,WAW,NAP,2025-11-07,Warszawa,Polska,Neapol,Włochy
2025-12-07,,441.0,WAW,NAP,2025-11-07,Warszawa,Polska,Neapol,Włochy
2025-12-08,,713.0,WAW,NAP,2025-11-07,Warszawa,Polska,Neapol,Włochy
2025-12-09,,309.0,WAW,NAP,2025-11-07,Warszawa,Polska,Neapol,Włochy
2025-12-10,,209.0,WAW,NAP,2025-11-07,Warszawa,Polska,Neapol,Włochy
2025-12-11,,209.0,WAW,NAP,2025-11-07,Warszawa,Polska,Neapol,Włochy
2025-12-12,,209.0,WAW,NAP,2025-11-07,Warszawa,Polska,Neapol,Włochy
2025-12-13,,209.0,WAW,NAP,2025-11-07,Warszawa,Polska,Neapol,Włochy
2025-12-14,,359.0,WAW,NAP,2025-11-07,Warszawa,Polska,Neapol,Włochy
2025-12-15,,209.0,WAW,NAP,2025-11-07,Warszawa,Polska,Neapol,Włochy
2025-12-16,,209.0,WAW,NAP,2025-11-07,Warszawa,Polska,Neapol,Włochy
2025-12-17,,209.0,WAW,NAP,2025-11-07,Warszawa,Polska,Neapol,Włochy
2025-12-18,,209.0,WAW,NAP,2025-11-07,Warszawa,Polska,Neapol,Włochy
2025-12-19,,209.0,WAW,NAP,2025-11-07,Warszawa,Polska,Neapol,Włochy
2025-12-20,,399.0,WAW,NAP,2025-11-07,Warszawa,Polska,Neapol,Włochy
2025-12-21,,399.0,WAW,NAP,2025-11-07,Warszawa,Polska,Neapol,Włochy
2025-12-22,,559.0,WAW,NAP,2025-11-07,Warszawa,Polska,Neapol,Włochy
2025-12-23,,449.0,WAW,NAP,2025-11-07,Warszawa,Polska,Neapol,Włochy
2025-12-24,,209.0,WAW,NAP,2025-11-07,Warszawa,Polska,Neapol,Włochy
2025-12-25,,309.0,WAW,NAP,2025-11-07,Warszawa,Polska,Neapol,Włochy
2025-12-26,,559.0,WAW,NAP,2025-11-07,Warszawa,Polska,Neapol,Włochy
2025-12-27,,559.0,WAW,NAP,2025-11-07,Warszawa,Polska,Neapol,Włochy
2025-12-28,,739.0,WAW,NAP,2025-11-07,Warszawa,Polska,Neapol,Włochy
2025-12-29,,609.0,WAW,NAP,2025-11-07,Warszawa,Polska,Neapol,Włochy
2025-12-30,,649.0,WAW,NAP,2025-11-07,Warszawa,Polska,Neapol,Włochy
2025-12-31,,209.0,WAW,NAP,2025-11-07,Warszawa,Polska,Neapol,Włochy
2026-01-01,,399.0,WAW,NAP,2025-11-07,Warszawa,Polska,Neapol,Włochy
2026-01-02,,519.0,WAW,NAP,2025-11-07,Warszawa,Polska,Neapol,Włochy
2026-01-03,,519.0,WAW,NAP,2025-11-07,Warszawa,Polska,Neapol,Włochy
2026-01-04,,309.0,WAW,NAP,2025-11-07,Warszawa,Polska,Neapol,Włochy
2026-01-05,,209.0,WAW,NAP,2025-11-07,Warszawa,Polska,Neapol,Włochy
2026-01-06,,209.0,WAW,NAP,2025-11-07,Warszawa,Polska,Neapol,Włochy
2026-01-07,,209.0,WAW,NAP,2025-11-07,Warszawa,Polska,Neapol,Włochy
2026-01-08,,209.0,WAW,NAP,2025-11-07,Warszawa,Polska,Neapol,Włochy
2026-01-09,,209.0,WAW,NAP,2025-11-07,Warszawa,Polska,Neapol,Włochy
2026-01-10,,209.0,WAW,NAP,2025-11-07,Warszawa,Polska,Neapol,Włochy
2026-01-11,,209.0,WAW,NAP,2025-11-07,Warszawa,Polska,Neapol,Włochy
2026-01-12,,209.0,WAW,NAP,2025-11-07,Warszawa,Polska,Neapol,Włochy
2026-01-13,,484.0,WAW,NAP,2025-11-07,Warszawa,Polska,Neapol,Włochy
2026-01-14,,209.0,WAW,NAP,2025-11-07,Warszawa,Polska,Neapol,Włochy
2026-01-15,,376.0,WAW,NAP,2025-11-07,Warszawa,Polska,Neapol,Włochy
2026-01-16,,269.0,WAW,NAP,2025-11-07,Warszawa,Polska,Neapol,Włochy
2026-01-17,,432.0,WAW,NAP,2025-11-07,Warszawa,Polska,Neapol,Włochy
2026-01-18,,209.0,WAW,NAP,2025-11-07,Warszawa,Polska,Neapol,Włochy
2026-01-19,,209.0,WAW,NAP,2025-11-07,Warszawa,Polska,Neapol,Włochy
2026-01-20,,571.0,WAW,NAP,2025-11-07,Warszawa,Polska,Neapol,Włochy
2026-01-21,,269.0,WAW,NAP,2025-11-07,Warszawa,Polska,Neapol,Włochy
2026-01-22,,428.0,WAW,NAP,2025-11-07,Warszawa,Polska,Neapol,Włochy
2026-01-23,,209.0,WAW,NAP,2025-11-07,Warszawa,Polska,Neapol,Włochy
2026-01-24,,407.0,WAW,NAP,2025-11-07,Warszawa,Polska,Neapol,Włochy
2026-01-25,,209.0,WAW,NAP,2025-11-07,Warszawa,Polska,Neapol,Włochy
2026-01-26,,209.0,WAW,NAP,2025-11-07,Warszawa,Polska,Neapol,Włochy
2026-01-27,,442.0,WAW,NAP,2025-11-07,Warszawa,Polska,Neapol,Włochy
2026-01-28,,209.0,WAW,NAP,2025-11-07,Warszawa,Polska,Neapol,Włochy
2026-01-29,,428.0,WAW,NAP,2025-11-07,Warszawa,Polska,Neapol,Włochy
2026-01-30,,209.0,WAW,NAP,2025-11-07,Warszawa,Polska,Neapol,Włochy
2025-11-07,,1342.0,WAW,BLQ,2025-11-07,Warszawa,Polska,Bolonia,Włochy
2025-11-08,,1079.0,WAW,BLQ,2025-11-07,Warszawa,Polska,Bolonia,Włochy
2025-11-09,,1005.0,WAW,BLQ,2025-11-07,Warszawa,Polska,Bolonia,Włochy
2025-11-10,,399.0,WAW,BLQ,2025-11-07,Warszawa,Polska,Bolonia,Włochy
2025-11-11,,399.0,WAW,BLQ,2025-11-07,Warszawa,Polska,Bolonia,Włochy
2025-11-12,,399.0,WAW,BLQ,2025-11-07,Warszawa,Polska,Bolonia,Włochy
2025-11-13,,269.0,WAW,BLQ,2025-11-07,Warszawa,Polska,Bolonia,Włochy
2025-11-14,,1011.0,WAW,BLQ,2025-11-07,Warszawa,Polska,Bolonia,Włochy
2025-11-15,,249.0,WAW,BLQ,2025-11-07,Warszawa,Polska,Bolonia,Włochy
2025-11-16,,1053.0,WAW,BLQ,2025-11-07,Warszawa,Polska,Bolonia,Włochy
2025-11-17,,763.0,WAW,BLQ,2025-11-07,Warszawa,Polska,Bolonia,Włochy
2025-11-18,,219.0,WAW,BLQ,2025-11-07,Warszawa,Polska,Bolonia,Włochy
2025-11-19,,493.0,WAW,BLQ,2025-11-07,Warszawa,Polska,Bolonia,Włochy
2025-11-20,,209.0,WAW,BLQ,2025-11-07,Warszawa,Polska,Bolonia,Włochy
2025-11-21,,802.0,WAW,BLQ,2025-11-07,Warszawa,Polska,Bolonia,Włochy
2025-11-22,,449.0,WAW,BLQ,2025-11-07,Warszawa,Polska,Bolonia,Włochy
2025-11-23,,651.0,WAW,BLQ,2025-11-07,Warszawa,Polska,Bolonia,Włochy
2025-11-24,,426.0,WAW,BLQ,2025-11-07,Warszawa,Polska,Bolonia,Włochy
2025-11-25,,209.0,WAW,BLQ,2025-11-07,Warszawa,Polska,Bolonia,Włochy
2025-11-26,,399.0,WAW,BLQ,2025-11-07,Warszawa,Polska,Bolonia,Włochy
2025-11-27,,179.0,WAW,BLQ,2025-11-07,Warszawa,Polska,Bolonia,Włochy
2025-11-28,,577.0,WAW,BLQ,2025-11-07,Warszawa,Polska,Bolonia,Włochy
2025-11-29,,109.0,WAW,BLQ,2025-11-07,Warszawa,Polska,Bolonia,Włochy
2025-11-30,,497.0,WAW,BLQ,2025-11-07,Warszawa,Polska,Bolonia,Włochy
2025-12-01,,426.0,WAW,BLQ,2025-11-07,Warszawa,Polska,Bolonia,Włochy
2025-12-02,,109.0,WAW,BLQ,2025-11-07,Warszawa,Polska,Bolonia,Włochy
2025-12-03,,399.0,WAW,BLQ,2025-11-07,Warszawa,Polska,Bolonia,Włochy
2025-12-04,,109.0,WAW,BLQ,2025-11-07,Warszawa,Polska,Bolonia,Włochy
2025-12-05,,399.0,WAW,BLQ,2025-11-07,Warszawa,Polska,Bolonia,Włochy
2025-12-06,,109.0,WAW,BLQ,2025-11-07,Warszawa,Polska,Bolonia,Włochy
2025-12-07,,310.0,WAW,BLQ,2025-11-07,Warszawa,Polska,Bolonia,Włochy
2025-12-08,,575.0,WAW,BLQ,2025-11-07,Warszawa,Polska,Bolonia,Włochy
2025-12-09,,209.0,WAW,BLQ,2025-11-07,Warszawa,Polska,Bolonia,Włochy
2025-12-10,,358.0,WAW,BLQ,2025-11-07,Warszawa,Polska,Bolonia,Włochy
2025-12-11,,109.0,WAW,BLQ,2025-11-07,Warszawa,Polska,Bolonia,Włochy
2025-12-12,,399.0,WAW,BLQ,2025-11-07,Warszawa,Polska,Bolonia,Włochy
2025-12-13,,139.0,WAW,BLQ,2025-11-07,Warszawa,Polska,Bolonia,Włochy
2025-12-14,,358.0,WAW,BLQ,2025-11-07,Warszawa,Polska,Bolonia,Włochy
2025-12-15,,358.0,WAW,BLQ,2025-11-07,Warszawa,Polska,Bolonia,Włochy
2025-12-16,,109.0,WAW,BLQ,2025-11-07,Warszawa,Polska,Bolonia,Włochy
2025-12-17,,358.0,WAW,BLQ,2025-11-07,Warszawa,Polska,Bolonia,Włochy
2025-12-18,,109.0,WAW,BLQ,2025-11-07,Warszawa,Polska,Bolonia,Włochy
2025-12-19,,577.0,WAW,BLQ,2025-11-07,Warszawa,Polska,Bolonia,Włochy
2025-12-20,,159.0,WAW,BLQ,2025-11-07,Warszawa,Polska,Bolonia,Włochy
2025-12-21,,575.0,WAW,BLQ,2025-11-07,Warszawa,Polska,Bolonia,Włochy
2025-12-22,,575.0,WAW,BLQ,2025-11-07,Warszawa,Polska,Bolonia,Włochy
2025-12-23,,219.0,WAW,BLQ,2025-11-07,Warszawa,Polska,Bolonia,Włochy
2025-12-24,,426.0,WAW,BLQ,2025-11-07,Warszawa,Polska,Bolonia,Włochy
2025-12-25,,109.0,WAW,BLQ,2025-11-07,Warszawa,Polska,Bolonia,Włochy
2025-12-26,,577.0,WAW,BLQ,2025-11-07,Warszawa,Polska,Bolonia,Włochy
2025-12-27,,609.0,WAW,BLQ,2025-11-07,Warszawa,Polska,Bolonia,Włochy
2025-12-28,,764.0,WAW,BLQ,2025-11-07,Warszawa,Polska,Bolonia,Włochy
2025-12-29,,622.0,WAW,BLQ,2025-11-07,Warszawa,Polska,Bolonia,Włochy
2025-12-30,,519.0,WAW,BLQ,2025-11-07,Warszawa,Polska,Bolonia,Włochy
2025-12-31,,476.0,WAW,BLQ,2025-11-07,Warszawa,Polska,Bolonia,Włochy
2026-01-01,,309.0,WAW,BLQ,2025-11-07,Warszawa,Polska,Bolonia,Włochy
2026-01-02,,970.0,WAW,BLQ,2025-11-07,Warszawa,Polska,Bolonia,Włochy
2026-01-03,,519.0,WAW,BLQ,2025-11-07,Warszawa,Polska,Bolonia,Włochy
2026-01-04,,938.0,WAW,BLQ,2025-11-07,Warszawa,Polska,Bolonia,Włochy
2026-01-05,,787.0,WAW,BLQ,2025-11-07,Warszawa,Polska,Bolonia,Włochy
2026-01-06,,399.0,WAW,BLQ,2025-11-07,Warszawa,Polska,Bolonia,Włochy
2026-01-07,,483.0,WAW,BLQ,2025-11-07,Warszawa,Polska,Bolonia,Włochy
2026-01-08,,109.0,WAW,BLQ,2025-11-07,Warszawa,Polska,Bolonia,Włochy
2026-01-09,,358.0,WAW,BLQ,2025-11-07,Warszawa,Polska,Bolonia,Włochy
2026-01-10,,109.0,WAW,BLQ,2025-11-07,Warszawa,Polska,Bolonia,Włochy
2026-01-11,,472.0,WAW,BLQ,2025-11-07,Warszawa,Polska,Bolonia,Włochy
2026-01-12,,358.0,WAW,BLQ,2025-11-07,Warszawa,Polska,Bolonia,Włochy
2026-01-13,,109.0,WAW,BLQ,2025-11-07,Warszawa,Polska,Bolonia,Włochy
2026-01-14,,358.0,WAW,BLQ,2025-11-07,Warszawa,Polska,Bolonia,Włochy
2026-01-15,,109.0,WAW,BLQ,2025-11-07,Warszawa,Polska,Bolonia,Włochy
2026-01-16,,577.0,WAW,BLQ,2025-11-07,Warszawa,Polska,Bolonia,Włochy
2026-01-17,,179.0,WAW,BLQ,2025-11-07,Warszawa,Polska,Bolonia,Włochy
2026-01-18,,426.0,WAW,BLQ,2025-11-07,Warszawa,Polska,Bolonia,Włochy
2026-01-19,,472.0,WAW,BLQ,2025-11-07,Warszawa,Polska,Bolonia,Włochy
2026-01-20,,109.0,WAW,BLQ,2025-11-07,Warszawa,Polska,Bolonia,Włochy
2026-01-21,,577.0,WAW,BLQ,2025-11-07,Warszawa,Polska,Bolonia,Włochy
2026-01-22,,109.0,WAW,BLQ,2025-11-07,Warszawa,Polska,Bolonia,Włochy
2026-01-23,,412.0,WAW,BLQ,2025-11-07,Warszawa,Polska,Bolonia,Włochy
2026-01-24,,129.0,WAW,BLQ,2025-11-07,Warszawa,Polska,Bolonia,Włochy
2026-01-25,,358.0,WAW,BLQ,2025-11-07,Warszawa,Polska,Bolonia,Włochy
2026-01-26,,358.0,WAW,BLQ,2025-11-07,Warszawa,Polska,Bolonia,Włochy
2026-01-27,,109.0,WAW,BLQ,2025-11-07,Warszawa,Polska,Bolonia,Włochy
2026-01-28,,358.0,WAW,BLQ,2025-11-07,Warszawa,Polska,Bolonia,Włochy
2026-01-29,,129.0,WAW,BLQ,2025-11-07,Warszawa,Polska,Bolonia,Włochy
2026-01-30,,420.0,WAW,BLQ,2025-11-07,Warszawa,Polska,Bolonia,Włochy
2025-11-07,,2551.0,WAW,PSA,2025-11-07,Warszawa,Polska,Piza,Włochy
2025-11-08,,939.0,WAW,PSA,2025-11-07,Warszawa,Polska,Piza,Włochy
2025-11-09,,3082.0,WAW,PSA,2025-11-07,Warszawa,Polska,Piza,Włochy
2025-11-10,,1928.0,WAW,PSA,2025-11-07,Warszawa,Polska,Piza,Włochy
2025-11-11,,133.0,WAW,PSA,2025-11-07,Warszawa,Polska,Piza,Włochy
2025-11-12,,2344.0,WAW,PSA,2025-11-07,Warszawa,Polska,Piza,Włochy
2025-11-13,,269.0,WAW,PSA,2025-11-07,Warszawa,Polska,Piza,Włochy
2025-11-14,,2814.0,WAW,PSA,2025-11-07,Warszawa,Polska,Piza,Włochy
2025-11-15,,95.0,WAW,PSA,2025-11-07,Warszawa,Polska,Piza,Włochy
2025-11-16,,3781.0,WAW,PSA,2025-11-07,Warszawa,Polska,Piza,Włochy
2025-11-17,,1495.0,WAW,PSA,2025-11-07,Warszawa,Polska,Piza,Włochy
2025-11-18,,95.0,WAW,PSA,2025-11-07,Warszawa,Polska,Piza,Włochy
2025-11-19,,1686.0,WAW,PSA,2025-11-07,Warszawa,Polska,Piza,Włochy
2025-11-20,,299.0,WAW,PSA,2025-11-07,Warszawa,Polska,Piza,Włochy
2025-11-21,,2109.0,WAW,PSA,2025-11-07,Warszawa,Polska,Piza,Włochy
2025-11-22,,95.0,WAW,PSA,2025-11-07,Warszawa,Polska,Piza,Włochy
2025-11-23,,1607.0,WAW,PSA,2025-11-07,Warszawa,Polska,Piza,Włochy
2025-11-24,,754.0,WAW,PSA,2025-11-07,Warszawa,Polska,Piza,Włochy
2025-11-25,,96.0,WAW,PSA,2025-11-07,Warszawa,Polska,Piza,Włochy
2025-11-26,,1536.0,WAW,PSA,2025-11-07,Warszawa,Polska,Piza,Włochy
2025-11-27,,399.0,WAW,PSA,2025-11-07,Warszawa,Polska,Piza,Włochy
2025-11-28,,1716.0,WAW,PSA,2025-11-07,Warszawa,Polska,Piza,Włochy
2025-11-29,,95.0,WAW,PSA,2025-11-07,Warszawa,Polska,Piza,Włochy
2025-11-30,,1688.0,WAW,PSA,2025-11-07,Warszawa,Polska,Piza,Włochy
2025-12-01,,663.0,WAW,PSA,2025-11-07,Warszawa,Polska,Piza,Włochy
2025-12-02,,95.0,WAW,PSA,2025-11-07,Warszawa,Polska,Piza,Włochy
2025-12-03,,1277.0,WAW,PSA,2025-11-07,Warszawa,Polska,Piza,Włochy
2025-12-04,,129.0,WAW,PSA,2025-11-07,Warszawa,Polska,Piza,Włochy
2025-12-05,,1566.0,WAW,PSA,2025-11-07,Warszawa,Polska,Piza,Włochy
2025-12-06,,95.0,WAW,PSA,2025-11-07,Warszawa,Polska,Piza,Włochy
2025-12-07,,1848.0,WAW,PSA,2025-11-07,Warszawa,Polska,Piza,Włochy
2025-12-08,,1579.0,WAW,PSA,2025-11-07,Warszawa,Polska,Piza,Włochy
2025-12-09,,111.0,WAW,PSA,2025-11-07,Warszawa,Polska,Piza,Włochy
2025-12-10,,1150.0,WAW,PSA,2025-11-07,Warszawa,Polska,Piza,Włochy
2025-12-11,,129.0,WAW,PSA,2025-11-07,Warszawa,Polska,Piza,Włochy
2025-12-12,,1082.0,WAW,PSA,2025-11-07,Warszawa,Polska,Piza,Włochy
2025-12-13,,106.0,WAW,PSA,2025-11-07,Warszawa,Polska,Piza,Włochy
2025-12-14,,508.0,WAW,PSA,2025-11-07,Warszawa,Polska,Piza,Włochy
2025-12-15,,508.0,WAW,PSA,2025-11-07,Warszawa,Polska,Piza,Włochy
2025-12-16,,95.0,WAW,PSA,2025-11-07,Warszawa,Polska,Piza,Włochy
2025-12-17,,1112.0,WAW,PSA,2025-11-07,Warszawa,Polska,Piza,Włochy
2025-12-18,,129.0,WAW,PSA,2025-11-07,Warszawa,Polska,Piza,Włochy
2025-12-19,,1473.0,WAW,PSA,2025-11-07,Warszawa,Polska,Piza,Włochy
2025-12-20,,107.0,WAW,PSA,2025-11-07,Warszawa,Polska,Piza,Włochy
2025-12-21,,1214.0,WAW,PSA,2025-11-07,Warszawa,Polska,Piza,Włochy
2025-12-22,,1142.0,WAW,PSA,2025-11-07,Warszawa,Polska,Piza,Włochy
2025-12-23,,129.0,WAW,PSA,2025-11-07,Warszawa,Polska,Piza,Włochy
2025-12-25,,129.0,WAW,PSA,2025-11-07,Warszawa,Polska,Piza,Włochy
2025-12-26,,1746.0,WAW,PSA,2025-11-07,Warszawa,Polska,Piza,Włochy
2025-12-27,,380.0,WAW,PSA,2025-11-07,Warszawa,Polska,Piza,Włochy
2025-12-28,,1011.0,WAW,PSA,2025-11-07,Warszawa,Polska,Piza,Włochy
2025-12-29,,1686.0,WAW,PSA,2025-11-07,Warszawa,Polska,Piza,Włochy
2025-12-30,,333.0,WAW,PSA,2025-11-07,Warszawa,Polska,Piza,Włochy
2025-12-31,,1506.0,WAW,PSA,2025-11-07,Warszawa,Polska,Piza,Włochy
2026-01-01,,309.0,WAW,PSA,2025-11-07,Warszawa,Polska,Piza,Włochy
2026-01-02,,1688.0,WAW,PSA,2025-11-07,Warszawa,Polska,Piza,Włochy
2026-01-03,,449.0,WAW,PSA,2025-11-07,Warszawa,Polska,Piza,Włochy
2026-01-04,,1688.0,WAW,PSA,2025-11-07,Warszawa,Polska,Piza,Włochy
2026-01-05,,1718.0,WAW,PSA,2025-11-07,Warszawa,Polska,Piza,Włochy
2026-01-06,,184.0,WAW,PSA,2025-11-07,Warszawa,Polska,Piza,Włochy
2026-01-07,,1249.0,WAW,PSA,2025-11-07,Warszawa,Polska,Piza,Włochy
2026-01-08,,129.0,WAW,PSA,2025-11-07,Warszawa,Polska,Piza,Włochy
2026-01-09,,1114.0,WAW,PSA,2025-11-07,Warszawa,Polska,Piza,Włochy
2026-01-10,,95.0,WAW,PSA,2025-11-07,Warszawa,Polska,Piza,Włochy
2026-01-11,,754.0,WAW,PSA,2025-11-07,Warszawa,Polska,Piza,Włochy
2026-01-12,,1144.0,WAW,PSA,2025-11-07,Warszawa,Polska,Piza,Włochy
2026-01-13,,95.0,WAW,PSA,2025-11-07,Warszawa,Polska,Piza,Włochy
2026-01-14,,1144.0,WAW,PSA,2025-11-07,Warszawa,Polska,Piza,Włochy
2026-01-15,,129.0,WAW,PSA,2025-11-07,Warszawa,Polska,Piza,Włochy
2026-01-16,,1387.0,WAW,PSA,2025-11-07,Warszawa,Polska,Piza,Włochy
2026-01-17,,95.0,WAW,PSA,2025-11-07,Warszawa,Polska,Piza,Włochy
2026-01-18,,1245.0,WAW,PSA,2025-11-07,Warszawa,Polska,Piza,Włochy
2026-01-19,,1084.0,WAW,PSA,2025-11-07,Warszawa,Polska,Piza,Włochy
2026-01-20,,95.0,WAW,PSA,2025-11-07,Warszawa,Polska,Piza,Włochy
2026-01-21,,1084.0,WAW,PSA,2025-11-07,Warszawa,Polska,Piza,Włochy
2026-01-22,,129.0,WAW,PSA,2025-11-07,Warszawa,Polska,Piza,Włochy
2026-01-23,,1084.0,WAW,PSA,2025-11-07,Warszawa,Polska,Piza,Włochy
2026-01-24,,126.0,WAW,PSA,2025-11-07,Warszawa,Polska,Piza,Włochy
2026-01-25,,1186.0,WAW,PSA,2025-11-07,Warszawa,Polska,Piza,Włochy
2026-01-26,,1114.0,WAW,PSA,2025-11-07,Warszawa,Polska,Piza,Włochy
2026-01-27,,95.0,WAW,PSA,2025-11-07,Warszawa,Polska,Piza,Włochy
2026-01-28,,1114.0,WAW,PSA,2025-11-07,Warszawa,Polska,Piza,Włochy
2026-01-29,,129.0,WAW,PSA,2025-11-07,Warszawa,Polska,Piza,Włochy
2026-01-30,,1114.0,WAW,PSA,2025-11-07,Warszawa,Polska,Piza,Włochy
2025-12-24,,,WAW,PSA,2025-11-07,Warszawa,Polska,Piza,Włochy
2025-11-07,,1070.0,WAW,FLR,2025-11-07,Warszawa,Polska,Florencja,Włochy
2025-11-08,,1301.0,WAW,FLR,2025-11-07,Warszawa,Polska,Florencja,Włochy
2025-11-09,,1257.0,WAW,FLR,2025-11-07,Warszawa,Polska,Florencja,Włochy
2025-11-10,,885.0,WAW,FLR,2025-11-07,Warszawa,Polska,Florencja,Włochy
2025-11-11,,880.0,WAW,FLR,2025-11-07,Warszawa,Polska,Florencja,Włochy
2025-11-12,,744.0,WAW,FLR,2025-11-07,Warszawa,Polska,Florencja,Włochy
2025-11-13,,744.0,WAW,FLR,2025-11-07,Warszawa,Polska,Florencja,Włochy
2025-11-14,,772.0,WAW,FLR,2025-11-07,Warszawa,Polska,Florencja,Włochy
2025-11-15,,744.0,WAW,FLR,2025-11-07,Warszawa,Polska,Florencja,Włochy
2025-11-16,,989.0,WAW,FLR,2025-11-07,Warszawa,Polska,Florencja,Włochy
2025-11-17,,656.0,WAW,FLR,2025-11-07,Warszawa,Polska,Florencja,Włochy
2025-11-18,,744.0,WAW,FLR,2025-11-07,Warszawa,Polska,Florencja,Włochy
2025-11-19,,726.0,WAW,FLR,2025-11-07,Warszawa,Polska,Florencja,Włochy
2025-11-20,,772.0,WAW,FLR,2025-11-07,Warszawa,Polska,Florencja,Włochy
2025-11-21,,772.0,WAW,FLR,2025-11-07,Warszawa,Polska,Florencja,Włochy
2025-11-22,,572.0,WAW,FLR,2025-11-07,Warszawa,Polska,Florencja,Włochy
2025-11-23,,742.0,WAW,FLR,2025-11-07,Warszawa,Polska,Florencja,Włochy
2025-11-24,,448.0,WAW,FLR,2025-11-07,Warszawa,Polska,Florencja,Włochy
2025-11-25,,448.0,WAW,FLR,2025-11-07,Warszawa,Polska,Florencja,Włochy
2025-11-26,,689.0,WAW,FLR,2025-11-07,Warszawa,Polska,Florencja,Włochy
2025-11-27,,575.0,WAW,FLR,2025-11-07,Warszawa,Polska,Florencja,Włochy
2025-11-28,,572.0,WAW,FLR,2025-11-07,Warszawa,Polska,Florencja,Włochy
2025-11-29,,448.0,WAW,FLR,2025-11-07,Warszawa,Polska,Florencja,Włochy
2025-11-30,,448.0,WAW,FLR,2025-11-07,Warszawa,Polska,Florencja,Włochy
2025-12-01,,448.0,WAW,FLR,2025-11-07,Warszawa,Polska,Florencja,Włochy
2025-12-02,,448.0,WAW,FLR,2025-11-07,Warszawa,Polska,Florencja,Włochy
2025-12-03,,610.0,WAW,FLR,2025-11-07,Warszawa,Polska,Florencja,Włochy
2025-12-04,,431.0,WAW,FLR,2025-11-07,Warszawa,Polska,Florencja,Włochy
2025-12-05,,431.0,WAW,FLR,2025-11-07,Warszawa,Polska,Florencja,Włochy
2025-12-06,,431.0,WAW,FLR,2025-11-07,Warszawa,Polska,Florencja,Włochy
2025-12-07,,371.0,WAW,FLR,2025-11-07,Warszawa,Polska,Florencja,Włochy
2025-12-08,,448.0,WAW,FLR,2025-11-07,Warszawa,Polska,Florencja,Włochy
2025-12-09,,448.0,WAW,FLR,2025-11-07,Warszawa,Polska,Florencja,Włochy
2025-12-10,,431.0,WAW,FLR,2025-11-07,Warszawa,Polska,Florencja,Włochy
2025-12-11,,431.0,WAW,FLR,2025-11-07,Warszawa,Polska,Florencja,Włochy
2025-12-12,,610.0,WAW,FLR,2025-11-07,Warszawa,Polska,Florencja,Włochy
2025-12-13,,371.0,WAW,FLR,2025-11-07,Warszawa,Polska,Florencja,Włochy
2025-12-14,,371.0,WAW,FLR,2025-11-07,Warszawa,Polska,Florencja,Włochy
2025-12-15,,371.0,WAW,FLR,2025-11-07,Warszawa,Polska,Florencja,Włochy
2025-12-16,,371.0,WAW,FLR,2025-11-07,Warszawa,Polska,Florencja,Włochy
2025-12-17,,431.0,WAW,FLR,2025-11-07,Warszawa,Polska,Florencja,Włochy
2025-12-18,,575.0,WAW,FLR,2025-11-07,Warszawa,Polska,Florencja,Włochy
2025-12-19,,933.0,WAW,FLR,2025-11-07,Warszawa,Polska,Florencja,Włochy
2025-12-20,,992.0,WAW,FLR,2025-11-07,Warszawa,Polska,Florencja,Włochy
2025-12-21,,742.0,WAW,FLR,2025-11-07,Warszawa,Polska,Florencja,Włochy
2025-12-22,,742.0,WAW,FLR,2025-11-07,Warszawa,Polska,Florencja,Włochy
2025-12-23,,575.0,WAW,FLR,2025-11-07,Warszawa,Polska,Florencja,Włochy
2025-12-24,,448.0,WAW,FLR,2025-11-07,Warszawa,Polska,Florencja,Włochy
2025-12-25,,888.0,WAW,FLR,2025-11-07,Warszawa,Polska,Florencja,Włochy
2025-12-26,,1059.0,WAW,FLR,2025-11-07,Warszawa,Polska,Florencja,Włochy
2025-12-27,,1102.0,WAW,FLR,2025-11-07,Warszawa,Polska,Florencja,Włochy
2025-12-28,,930.0,WAW,FLR,2025-11-07,Warszawa,Polska,Florencja,Włochy
2025-12-29,,930.0,WAW,FLR,2025-11-07,Warszawa,Polska,Florencja,Włochy
2025-12-30,,1075.0,WAW,FLR,2025-11-07,Warszawa,Polska,Florencja,Włochy
2025-12-31,,689.0,WAW,FLR,2025-11-07,Warszawa,Polska,Florencja,Włochy
2026-01-01,,619.0,WAW,FLR,2025-11-07,Warszawa,Polska,Florencja,Włochy
2026-01-02,,944.0,WAW,FLR,2025-11-07,Warszawa,Polska,Florencja,Włochy
2026-01-03,,888.0,WAW,FLR,2025-11-07,Warszawa,Polska,Florencja,Włochy
2026-01-04,,1102.0,WAW,FLR,2025-11-07,Warszawa,Polska,Florencja,Włochy
2026-01-05,,787.0,WAW,FLR,2025-11-07,Warszawa,Polska,Florencja,Włochy
2026-01-06,,787.0,WAW,FLR,2025-11-07,Warszawa,Polska,Florencja,Włochy
2026-01-07,,619.0,WAW,FLR,2025-11-07,Warszawa,Polska,Florencja,Włochy
2026-01-08,,371.0,WAW,FLR,2025-11-07,Warszawa,Polska,Florencja,Włochy
2026-01-09,,371.0,WAW,FLR,2025-11-07,Warszawa,Polska,Florencja,Włochy
2026-01-10,,371.0,WAW,FLR,2025-11-07,Warszawa,Polska,Florencja,Włochy
2026-01-11,,619.0,WAW,FLR,2025-11-07,Warszawa,Polska,Florencja,Włochy
2026-01-12,,575.0,WAW,FLR,2025-11-07,Warszawa,Polska,Florencja,Włochy
2026-01-13,,371.0,WAW,FLR,2025-11-07,Warszawa,Polska,Florencja,Włochy
2026-01-14,,371.0,WAW,FLR,2025-11-07,Warszawa,Polska,Florencja,Włochy
2026-01-15,,493.0,WAW,FLR,2025-11-07,Warszawa,Polska,Florencja,Włochy
2026-01-16,,647.0,WAW,FLR,2025-11-07,Warszawa,Polska,Florencja,Włochy
2026-01-17,,692.0,WAW,FLR,2025-11-07,Warszawa,Polska,Florencja,Włochy
2026-01-18,,653.0,WAW,FLR,2025-11-07,Warszawa,Polska,Florencja,Włochy
2026-01-19,,656.0,WAW,FLR,2025-11-07,Warszawa,Polska,Florencja,Włochy
2026-01-20,,493.0,WAW,FLR,2025-11-07,Warszawa,Polska,Florencja,Włochy
2026-01-21,,371.0,WAW,FLR,2025-11-07,Warszawa,Polska,Florencja,Włochy
2026-01-22,,509.0,WAW,FLR,2025-11-07,Warszawa,Polska,Florencja,Włochy
2026-01-23,,493.0,WAW,FLR,2025-11-07,Warszawa,Polska,Florencja,Włochy
2026-01-24,,371.0,WAW,FLR,2025-11-07,Warszawa,Polska,Florencja,Włochy
2026-01-25,,448.0,WAW,FLR,2025-11-07,Warszawa,Polska,Florencja,Włochy
2026-01-26,,448.0,WAW,FLR,2025-11-07,Warszawa,Polska,Florencja,Włochy
2026-01-27,,371.0,WAW,FLR,2025-11-07,Warszawa,Polska,Florencja,Włochy
2026-01-28,,371.0,WAW,FLR,2025-11-07,Warszawa,Polska,Florencja,Włochy
2026-01-29,,371.0,WAW,FLR,2025-11-07,Warszawa,Polska,Florencja,Włochy
2026-01-30,,431.0,WAW,FLR,2025-11-07,Warszawa,Polska,Florencja,Włochy
2025-11-07,,3816.0,WAW,TRN,2025-11-07,Warszawa,Polska,Turyn,Włochy
2025-11-08,,2745.0,WAW,TRN,2025-11-07,Warszawa,Polska,Turyn,Włochy
2025-11-09,,1741.0,WAW,TRN,2025-11-07,Warszawa,Polska,Turyn,Włochy
2025-11-10,,1569.0,WAW,TRN,2025-11-07,Warszawa,Polska,Turyn,Włochy
2025-11-11,,1058.0,WAW,TRN,2025-11-07,Warszawa,Polska,Turyn,Włochy
2025-11-12,,750.0,WAW,TRN,2025-11-07,Warszawa,Polska,Turyn,Włochy
2025-11-13,,1005.0,WAW,TRN,2025-11-07,Warszawa,Polska,Turyn,Włochy
2025-11-14,,978.0,WAW,TRN,2025-11-07,Warszawa,Polska,Turyn,Włochy
2025-11-15,,744.0,WAW,TRN,2025-11-07,Warszawa,Polska,Turyn,Włochy
2025-11-16,,978.0,WAW,TRN,2025-11-07,Warszawa,Polska,Turyn,Włochy
2025-11-17,,655.0,WAW,TRN,2025-11-07,Warszawa,Polska,Turyn,Włochy
2025-11-18,,935.0,WAW,TRN,2025-11-07,Warszawa,Polska,Turyn,Włochy
2025-11-19,,935.0,WAW,TRN,2025-11-07,Warszawa,Polska,Turyn,Włochy
2025-11-20,,1264.0,WAW,TRN,2025-11-07,Warszawa,Polska,Turyn,Włochy
2025-11-21,,1264.0,WAW,TRN,2025-11-07,Warszawa,Polska,Turyn,Włochy
2025-11-22,,571.0,WAW,TRN,2025-11-07,Warszawa,Polska,Turyn,Włochy
2025-11-23,,847.0,WAW,TRN,2025-11-07,Warszawa,Polska,Turyn,Włochy
2025-11-24,,571.0,WAW,TRN,2025-11-07,Warszawa,Polska,Turyn,Włochy
2025-11-25,,454.0,WAW,TRN,2025-11-07,Warszawa,Polska,Turyn,Włochy
2025-11-26,,847.0,WAW,TRN,2025-11-07,Warszawa,Polska,Turyn,Włochy
2025-11-27,,1019.0,WAW,TRN,2025-11-07,Warszawa,Polska,Turyn,Włochy
2025-11-28,,571.0,WAW,TRN,2025-11-07,Warszawa,Polska,Turyn,Włochy
2025-11-29,,723.0,WAW,TRN,2025-11-07,Warszawa,Polska,Turyn,Włochy
2025-11-30,,581.0,WAW,TRN,2025-11-07,Warszawa,Polska,Turyn,Włochy
2025-12-01,,581.0,WAW,TRN,2025-11-07,Warszawa,Polska,Turyn,Włochy
2025-12-02,,797.0,WAW,TRN,2025-11-07,Warszawa,Polska,Turyn,Włochy
2025-12-03,,492.0,WAW,TRN,2025-11-07,Warszawa,Polska,Turyn,Włochy
2025-12-04,,499.0,WAW,TRN,2025-11-07,Warszawa,Polska,Turyn,Włochy
2025-12-05,,430.0,WAW,TRN,2025-11-07,Warszawa,Polska,Turyn,Włochy
2025-12-06,,430.0,WAW,TRN,2025-11-07,Warszawa,Polska,Turyn,Włochy
2025-12-07,,430.0,WAW,TRN,2025-11-07,Warszawa,Polska,Turyn,Włochy
2025-12-08,,702.0,WAW,TRN,2025-11-07,Warszawa,Polska,Turyn,Włochy
2025-12-09,,659.0,WAW,TRN,2025-11-07,Warszawa,Polska,Turyn,Włochy
2025-12-10,,371.0,WAW,TRN,2025-11-07,Warszawa,Polska,Turyn,Włochy
2025-12-11,,430.0,WAW,TRN,2025-11-07,Warszawa,Polska,Turyn,Włochy
2025-12-12,,723.0,WAW,TRN,2025-11-07,Warszawa,Polska,Turyn,Włochy
2025-12-13,,440.0,WAW,TRN,2025-11-07,Warszawa,Polska,Turyn,Włochy
2025-12-14,,454.0,WAW,TRN,2025-11-07,Warszawa,Polska,Turyn,Włochy
2025-12-15,,371.0,WAW,TRN,2025-11-07,Warszawa,Polska,Turyn,Włochy
2025-12-16,,440.0,WAW,TRN,2025-11-07,Warszawa,Polska,Turyn,Włochy
2025-12-17,,561.0,WAW,TRN,2025-11-07,Warszawa,Polska,Turyn,Włochy
2025-12-18,,668.0,WAW,TRN,2025-11-07,Warszawa,Polska,Turyn,Włochy
2025-12-19,,634.0,WAW,TRN,2025-11-07,Warszawa,Polska,Turyn,Włochy
2025-12-20,,1012.0,WAW,TRN,2025-11-07,Warszawa,Polska,Turyn,Włochy
2025-12-21,,634.0,WAW,TRN,2025-11-07,Warszawa,Polska,Turyn,Włochy
2025-12-22,,634.0,WAW,TRN,2025-11-07,Warszawa,Polska,Turyn,Włochy
2025-12-23,,668.0,WAW,TRN,2025-11-07,Warszawa,Polska,Turyn,Włochy
2025-12-24,,668.0,WAW,TRN,2025-11-07,Warszawa,Polska,Turyn,Włochy
2025-12-25,,571.0,WAW,TRN,2025-11-07,Warszawa,Polska,Turyn,Włochy
2025-12-26,,881.0,WAW,TRN,2025-11-07,Warszawa,Polska,Turyn,Włochy
2025-12-27,,1175.0,WAW,TRN,2025-11-07,Warszawa,Polska,Turyn,Włochy
2025-12-28,,757.0,WAW,TRN,2025-11-07,Warszawa,Polska,Turyn,Włochy
2025-12-29,,668.0,WAW,TRN,2025-11-07,Warszawa,Polska,Turyn,Włochy
2025-12-30,,634.0,WAW,TRN,2025-11-07,Warszawa,Polska,Turyn,Włochy
2025-12-31,,571.0,WAW,TRN,2025-11-07,Warszawa,Polska,Turyn,Włochy
2026-01-01,,655.0,WAW,TRN,2025-11-07,Warszawa,Polska,Turyn,Włochy
2026-01-02,,1062.0,WAW,TRN,2025-11-07,Warszawa,Polska,Turyn,Włochy
2026-01-03,,917.0,WAW,TRN,2025-11-07,Warszawa,Polska,Turyn,Włochy
2026-01-04,,1043.0,WAW,TRN,2025-11-07,Warszawa,Polska,Turyn,Włochy
2026-01-05,,917.0,WAW,TRN,2025-11-07,Warszawa,Polska,Turyn,Włochy
2026-01-06,,917.0,WAW,TRN,2025-11-07,Warszawa,Polska,Turyn,Włochy
2026-01-07,,600.0,WAW,TRN,2025-11-07,Warszawa,Polska,Turyn,Włochy
2026-01-08,,371.0,WAW,TRN,2025-11-07,Warszawa,Polska,Turyn,Włochy
2026-01-09,,371.0,WAW,TRN,2025-11-07,Warszawa,Polska,Turyn,Włochy
2026-01-10,,568.0,WAW,TRN,2025-11-07,Warszawa,Polska,Turyn,Włochy
2026-01-11,,600.0,WAW,TRN,2025-11-07,Warszawa,Polska,Turyn,Włochy
2026-01-12,,371.0,WAW,TRN,2025-11-07,Warszawa,Polska,Turyn,Włochy
2026-01-13,,371.0,WAW,TRN,2025-11-07,Warszawa,Polska,Turyn,Włochy
2026-01-14,,499.0,WAW,TRN,2025-11-07,Warszawa,Polska,Turyn,Włochy
2026-01-15,,430.0,WAW,TRN,2025-11-07,Warszawa,Polska,Turyn,Włochy
2026-01-16,,639.0,WAW,TRN,2025-11-07,Warszawa,Polska,Turyn,Włochy
2026-01-17,,449.0,WAW,TRN,2025-11-07,Warszawa,Polska,Turyn,Włochy
2026-01-18,,454.0,WAW,TRN,2025-11-07,Warszawa,Polska,Turyn,Włochy
2026-01-19,,440.0,WAW,TRN,2025-11-07,Warszawa,Polska,Turyn,Włochy
2026-01-20,,448.0,WAW,TRN,2025-11-07,Warszawa,Polska,Turyn,Włochy
2026-01-21,,639.0,WAW,TRN,2025-11-07,Warszawa,Polska,Turyn,Włochy
2026-01-22,,440.0,WAW,TRN,2025-11-07,Warszawa,Polska,Turyn,Włochy
2026-01-23,,448.0,WAW,TRN,2025-11-07,Warszawa,Polska,Turyn,Włochy
2026-01-24,,440.0,WAW,TRN,2025-11-07,Warszawa,Polska,Turyn,Włochy
2026-01-25,,492.0,WAW,TRN,2025-11-07,Warszawa,Polska,Turyn,Włochy
2026-01-26,,371.0,WAW,TRN,2025-11-07,Warszawa,Polska,Turyn,Włochy
2026-01-27,,371.0,WAW,TRN,2025-11-07,Warszawa,Polska,Turyn,Włochy
2026-01-28,,568.0,WAW,TRN,2025-11-07,Warszawa,Polska,Turyn,Włochy
2026-01-29,,568.0,WAW,TRN,2025-11-07,Warszawa,Polska,Turyn,Włochy
2026-01-30,,568.0,WAW,TRN,2025-11-07,Warszawa,Polska,Turyn,Włochy
2025-11-07,,2369.0,WAW,BRI,2025-11-07,Warszawa,Polska,Bari,Włochy
2025-11-08,,739.0,WAW,BRI,2025-11-07,Warszawa,Polska,Bari,Włochy
2025-11-09,,649.0,WAW,BRI,2025-11-07,Warszawa,Polska,Bari,Włochy
2025-11-10,,1067.0,WAW,BRI,2025-11-07,Warszawa,Polska,Bari,Włochy
2025-11-11,,399.0,WAW,BRI,2025-11-07,Warszawa,Polska,Bari,Włochy
2025-11-12,,1028.0,WAW,BRI,2025-11-07,Warszawa,Polska,Bari,Włochy
2025-11-13,,359.0,WAW,BRI,2025-11-07,Warszawa,Polska,Bari,Włochy
2025-11-14,,848.0,WAW,BRI,2025-11-07,Warszawa,Polska,Bari,Włochy
2025-11-15,,309.0,WAW,BRI,2025-11-07,Warszawa,Polska,Bari,Włochy
2025-11-16,,159.0,WAW,BRI,2025-11-07,Warszawa,Polska,Bari,Włochy
2025-11-17,,745.0,WAW,BRI,2025-11-07,Warszawa,Polska,Bari,Włochy
2025-11-18,,209.0,WAW,BRI,2025-11-07,Warszawa,Polska,Bari,Włochy
2025-11-19,,1028.0,WAW,BRI,2025-11-07,Warszawa,Polska,Bari,Włochy
2025-11-20,,249.0,WAW,BRI,2025-11-07,Warszawa,Polska,Bari,Włochy
2025-11-21,,1071.0,WAW,BRI,2025-11-07,Warszawa,Polska,Bari,Włochy
2025-11-22,,139.0,WAW,BRI,2025-11-07,Warszawa,Polska,Bari,Włochy
2025-11-23,,139.0,WAW,BRI,2025-11-07,Warszawa,Polska,Bari,Włochy
2025-11-24,,623.0,WAW,BRI,2025-11-07,Warszawa,Polska,Bari,Włochy
2025-11-25,,109.0,WAW,BRI,2025-11-07,Warszawa,Polska,Bari,Włochy
2025-11-26,,623.0,WAW,BRI,2025-11-07,Warszawa,Polska,Bari,Włochy
2025-11-27,,139.0,WAW,BRI,2025-11-07,Warszawa,Polska,Bari,Włochy
2025-11-28,,560.0,WAW,BRI,2025-11-07,Warszawa,Polska,Bari,Włochy
2025-11-29,,139.0,WAW,BRI,2025-11-07,Warszawa,Polska,Bari,Włochy
2025-11-30,,249.0,WAW,BRI,2025-11-07,Warszawa,Polska,Bari,Włochy
2025-12-01,,520.0,WAW,BRI,2025-11-07,Warszawa,Polska,Bari,Włochy
2025-12-02,,159.0,WAW,BRI,2025-11-07,Warszawa,Polska,Bari,Włochy
2025-12-03,,520.0,WAW,BRI,2025-11-07,Warszawa,Polska,Bari,Włochy
2025-12-04,,179.0,WAW,BRI,2025-11-07,Warszawa,Polska,Bari,Włochy
2025-12-05,,520.0,WAW,BRI,2025-11-07,Warszawa,Polska,Bari,Włochy
2025-12-06,,269.0,WAW,BRI,2025-11-07,Warszawa,Polska,Bari,Włochy
2025-12-07,,309.0,WAW,BRI,2025-11-07,Warszawa,Polska,Bari,Włochy
2025-12-08,,692.0,WAW,BRI,2025-11-07,Warszawa,Polska,Bari,Włochy
2025-12-09,,309.0,WAW,BRI,2025-11-07,Warszawa,Polska,Bari,Włochy
2025-12-10,,520.0,WAW,BRI,2025-11-07,Warszawa,Polska,Bari,Włochy
2025-12-11,,219.0,WAW,BRI,2025-11-07,Warszawa,Polska,Bari,Włochy
2025-12-12,,704.0,WAW,BRI,2025-11-07,Warszawa,Polska,Bari,Włochy
2025-12-13,,139.0,WAW,BRI,2025-11-07,Warszawa,Polska,Bari,Włochy
2025-12-14,,219.0,WAW,BRI,2025-11-07,Warszawa,Polska,Bari,Włochy
2025-12-15,,520.0,WAW,BRI,2025-11-07,Warszawa,Polska,Bari,Włochy
2025-12-16,,179.0,WAW,BRI,2025-11-07,Warszawa,Polska,Bari,Włochy
2025-12-17,,468.0,WAW,BRI,2025-11-07,Warszawa,Polska,Bari,Włochy
2025-12-18,,159.0,WAW,BRI,2025-11-07,Warszawa,Polska,Bari,Włochy
2025-12-19,,1071.0,WAW,BRI,2025-11-07,Warszawa,Polska,Bari,Włochy
2025-12-20,,249.0,WAW,BRI,2025-11-07,Warszawa,Polska,Bari,Włochy
2025-12-21,,219.0,WAW,BRI,2025-11-07,Warszawa,Polska,Bari,Włochy
2025-12-22,,897.0,WAW,BRI,2025-11-07,Warszawa,Polska,Bari,Włochy
2025-12-23,,249.0,WAW,BRI,2025-11-07,Warszawa,Polska,Bari,Włochy
2025-12-24,,779.0,WAW,BRI,2025-11-07,Warszawa,Polska,Bari,Włochy
2025-12-25,,179.0,WAW,BRI,2025-11-07,Warszawa,Polska,Bari,Włochy
2025-12-26,,704.0,WAW,BRI,2025-11-07,Warszawa,Polska,Bari,Włochy
2025-12-27,,399.0,WAW,BRI,2025-11-07,Warszawa,Polska,Bari,Włochy
2025-12-28,,449.0,WAW,BRI,2025-11-07,Warszawa,Polska,Bari,Włochy
2025-12-29,,959.0,WAW,BRI,2025-11-07,Warszawa,Polska,Bari,Włochy
2025-12-30,,449.0,WAW,BRI,2025-11-07,Warszawa,Polska,Bari,Włochy
2025-12-31,,497.0,WAW,BRI,2025-11-07,Warszawa,Polska,Bari,Włochy
2026-01-01,,269.0,WAW,BRI,2025-11-07,Warszawa,Polska,Bari,Włochy
2026-01-02,,895.0,WAW,BRI,2025-11-07,Warszawa,Polska,Bari,Włochy
2026-01-03,,309.0,WAW,BRI,2025-11-07,Warszawa,Polska,Bari,Włochy
2026-01-04,,249.0,WAW,BRI,2025-11-07,Warszawa,Polska,Bari,Włochy
2026-01-05,,628.0,WAW,BRI,2025-11-07,Warszawa,Polska,Bari,Włochy
2026-01-06,,249.0,WAW,BRI,2025-11-07,Warszawa,Polska,Bari,Włochy
2026-01-07,,439.0,WAW,BRI,2025-11-07,Warszawa,Polska,Bari,Włochy
2026-01-08,,109.0,WAW,BRI,2025-11-07,Warszawa,Polska,Bari,Włochy
2026-01-09,,425.0,WAW,BRI,2025-11-07,Warszawa,Polska,Bari,Włochy
2026-01-10,,139.0,WAW,BRI,2025-11-07,Warszawa,Polska,Bari,Włochy
2026-01-11,,109.0,WAW,BRI,2025-11-07,Warszawa,Polska,Bari,Włochy
2026-01-12,,525.0,WAW,BRI,2025-11-07,Warszawa,Polska,Bari,Włochy
2026-01-13,,109.0,WAW,BRI,2025-11-07,Warszawa,Polska,Bari,Włochy
2026-01-14,,770.0,WAW,BRI,2025-11-07,Warszawa,Polska,Bari,Włochy
2026-01-15,,139.0,WAW,BRI,2025-11-07,Warszawa,Polska,Bari,Włochy
2026-01-16,,525.0,WAW,BRI,2025-11-07,Warszawa,Polska,Bari,Włochy
2026-01-17,,692.0,WAW,BRI,2025-11-07,Warszawa,Polska,Bari,Włochy
2026-01-18,,359.0,WAW,BRI,2025-11-07,Warszawa,Polska,Bari,Włochy
2026-01-19,,692.0,WAW,BRI,2025-11-07,Warszawa,Polska,Bari,Włochy
2026-01-20,,179.0,WAW,BRI,2025-11-07,Warszawa,Polska,Bari,Włochy
2026-01-21,,770.0,WAW,BRI,2025-11-07,Warszawa,Polska,Bari,Włochy
2026-01-22,,209.0,WAW,BRI,2025-11-07,Warszawa,Polska,Bari,Włochy
2026-01-23,,643.0,WAW,BRI,2025-11-07,Warszawa,Polska,Bari,Włochy
2026-01-24,,692.0,WAW,BRI,2025-11-07,Warszawa,Polska,Bari,Włochy
2026-01-25,,179.0,WAW,BRI,2025-11-07,Warszawa,Polska,Bari,Włochy
2026-01-26,,525.0,WAW,BRI,2025-11-07,Warszawa,Polska,Bari,Włochy
2026-01-27,,109.0,WAW,BRI,2025-11-07,Warszawa,Polska,Bari,Włochy
2026-01-28,,770.0,WAW,BRI,2025-11-07,Warszawa,Polska,Bari,Włochy
2026-01-29,,399.0,WAW,BRI,2025-11-07,Warszawa,Polska,Bari,Włochy
2026-01-30,,439.0,WAW,BRI,2025-11-07,Warszawa,Polska,Bari,Włochy
2025-11-07,,2071.0,WAW,PMO,2025-11-07,Warszawa,Polska,Palermo,Włochy
2025-11-08,,2311.0,WAW,PMO,2025-11-07,Warszawa,Polska,Palermo,Włochy
2025-11-09,,1692.0,WAW,PMO,2025-11-07,Warszawa,Polska,Palermo,Włochy
2025-11-10,,1378.0,WAW,PMO,2025-11-07,Warszawa,Polska,Palermo,Włochy
2025-11-11,,902.0,WAW,PMO,2025-11-07,Warszawa,Polska,Palermo,Włochy
2025-11-12,,902.0,WAW,PMO,2025-11-07,Warszawa,Polska,Palermo,Włochy
2025-11-13,,902.0,WAW,PMO,2025-11-07,Warszawa,Polska,Palermo,Włochy
2025-11-14,,1396.0,WAW,PMO,2025-11-07,Warszawa,Polska,Palermo,Włochy
2025-11-15,,1164.0,WAW,PMO,2025-11-07,Warszawa,Polska,Palermo,Włochy
2025-11-16,,945.0,WAW,PMO,2025-11-07,Warszawa,Polska,Palermo,Włochy
2025-11-17,,992.0,WAW,PMO,2025-11-07,Warszawa,Polska,Palermo,Włochy
2025-11-18,,902.0,WAW,PMO,2025-11-07,Warszawa,Polska,Palermo,Włochy
2025-11-19,,902.0,WAW,PMO,2025-11-07,Warszawa,Polska,Palermo,Włochy
2025-11-20,,902.0,WAW,PMO,2025-11-07,Warszawa,Polska,Palermo,Włochy
2025-11-21,,1341.0,WAW,PMO,2025-11-07,Warszawa,Polska,Palermo,Włochy
2025-11-22,,897.0,WAW,PMO,2025-11-07,Warszawa,Polska,Palermo,Włochy
2025-11-23,,897.0,WAW,PMO,2025-11-07,Warszawa,Polska,Palermo,Włochy
2025-11-24,,875.0,WAW,PMO,2025-11-07,Warszawa,Polska,Palermo,Włochy
2025-11-25,,875.0,WAW,PMO,2025-11-07,Warszawa,Polska,Palermo,Włochy
2025-11-26,,897.0,WAW,PMO,2025-11-07,Warszawa,Polska,Palermo,Włochy
2025-11-27,,902.0,WAW,PMO,2025-11-07,Warszawa,Polska,Palermo,Włochy
2025-11-28,,875.0,WAW,PMO,2025-11-07,Warszawa,Polska,Palermo,Włochy
2025-11-29,,787.0,WAW,PMO,2025-11-07,Warszawa,Polska,Palermo,Włochy
2025-11-30,,787.0,WAW,PMO,2025-11-07,Warszawa,Polska,Palermo,Włochy
2025-12-01,,787.0,WAW,PMO,2025-11-07,Warszawa,Polska,Palermo,Włochy
2025-12-02,,787.0,WAW,PMO,2025-11-07,Warszawa,Polska,Palermo,Włochy
2025-12-03,,787.0,WAW,PMO,2025-11-07,Warszawa,Polska,Palermo,Włochy
2025-12-04,,862.0,WAW,PMO,2025-11-07,Warszawa,Polska,Palermo,Włochy
2025-12-05,,875.0,WAW,PMO,2025-11-07,Warszawa,Polska,Palermo,Włochy
2025-12-06,,787.0,WAW,PMO,2025-11-07,Warszawa,Polska,Palermo,Włochy
2025-12-07,,581.0,WAW,PMO,2025-11-07,Warszawa,Polska,Palermo,Włochy
2025-12-08,,692.0,WAW,PMO,2025-11-07,Warszawa,Polska,Palermo,Włochy
2025-12-09,,692.0,WAW,PMO,2025-11-07,Warszawa,Polska,Palermo,Włochy
2025-12-10,,692.0,WAW,PMO,2025-11-07,Warszawa,Polska,Palermo,Włochy
2025-12-11,,875.0,WAW,PMO,2025-11-07,Warszawa,Polska,Palermo,Włochy
2025-12-12,,1005.0,WAW,PMO,2025-11-07,Warszawa,Polska,Palermo,Włochy
2025-12-13,,692.0,WAW,PMO,2025-11-07,Warszawa,Polska,Palermo,Włochy
2025-12-14,,692.0,WAW,PMO,2025-11-07,Warszawa,Polska,Palermo,Włochy
2025-12-15,,692.0,WAW,PMO,2025-11-07,Warszawa,Polska,Palermo,Włochy
2025-12-16,,692.0,WAW,PMO,2025-11-07,Warszawa,Polska,Palermo,Włochy
2025-12-17,,692.0,WAW,PMO,2025-11-07,Warszawa,Polska,Palermo,Włochy
2025-12-18,,1055.0,WAW,PMO,2025-11-07,Warszawa,Polska,Palermo,Włochy
2025-12-19,,1341.0,WAW,PMO,2025-11-07,Warszawa,Polska,Palermo,Włochy
2025-12-20,,1164.0,WAW,PMO,2025-11-07,Warszawa,Polska,Palermo,Włochy
2025-12-21,,945.0,WAW,PMO,2025-11-07,Warszawa,Polska,Palermo,Włochy
2025-12-22,,1164.0,WAW,PMO,2025-11-07,Warszawa,Polska,Palermo,Włochy
2025-12-23,,1055.0,WAW,PMO,2025-11-07,Warszawa,Polska,Palermo,Włochy
2025-12-24,,1055.0,WAW,PMO,2025-11-07,Warszawa,Polska,Palermo,Włochy
2025-12-25,,992.0,WAW,PMO,2025-11-07,Warszawa,Polska,Palermo,Włochy
2025-12-26,,1448.0,WAW,PMO,2025-11-07,Warszawa,Polska,Palermo,Włochy
2025-12-27,,1355.0,WAW,PMO,2025-11-07,Warszawa,Polska,Palermo,Włochy
2025-12-28,,1269.0,WAW,PMO,2025-11-07,Warszawa,Polska,Palermo,Włochy
2025-12-29,,1069.0,WAW,PMO,2025-11-07,Warszawa,Polska,Palermo,Włochy
2025-12-30,,902.0,WAW,PMO,2025-11-07,Warszawa,Polska,Palermo,Włochy
2025-12-31,,902.0,WAW,PMO,2025-11-07,Warszawa,Polska,Palermo,Włochy
2026-01-01,,902.0,WAW,PMO,2025-11-07,Warszawa,Polska,Palermo,Włochy
2026-01-02,,1201.0,WAW,PMO,2025-11-07,Warszawa,Polska,Palermo,Włochy
2026-01-03,,897.0,WAW,PMO,2025-11-07,Warszawa,Polska,Palermo,Włochy
2026-01-04,,945.0,WAW,PMO,2025-11-07,Warszawa,Polska,Palermo,Włochy
2026-01-05,,897.0,WAW,PMO,2025-11-07,Warszawa,Polska,Palermo,Włochy
2026-01-06,,897.0,WAW,PMO,2025-11-07,Warszawa,Polska,Palermo,Włochy
2026-01-07,,897.0,WAW,PMO,2025-11-07,Warszawa,Polska,Palermo,Włochy
2026-01-08,,787.0,WAW,PMO,2025-11-07,Warszawa,Polska,Palermo,Włochy
2026-01-09,,755.0,WAW,PMO,2025-11-07,Warszawa,Polska,Palermo,Włochy
2026-01-10,,671.0,WAW,PMO,2025-11-07,Warszawa,Polska,Palermo,Włochy
2026-01-11,,692.0,WAW,PMO,2025-11-07,Warszawa,Polska,Palermo,Włochy
2026-01-12,,562.0,WAW,PMO,2025-11-07,Warszawa,Polska,Palermo,Włochy
2026-01-13,,692.0,WAW,PMO,2025-11-07,Warszawa,Polska,Palermo,Włochy
2026-01-14,,692.0,WAW,PMO,2025-11-07,Warszawa,Polska,Palermo,Włochy
2026-01-15,,692.0,WAW,PMO,2025-11-07,Warszawa,Polska,Palermo,Włochy
2026-01-16,,692.0,WAW,PMO,2025-11-07,Warszawa,Polska,Palermo,Włochy
2026-01-17,,692.0,WAW,PMO,2025-11-07,Warszawa,Polska,Palermo,Włochy
2026-01-18,,692.0,WAW,PMO,2025-11-07,Warszawa,Polska,Palermo,Włochy
2026-01-19,,692.0,WAW,PMO,2025-11-07,Warszawa,Polska,Palermo,Włochy
2026-01-20,,692.0,WAW,PMO,2025-11-07,Warszawa,Polska,Palermo,Włochy
2026-01-21,,692.0,WAW,PMO,2025-11-07,Warszawa,Polska,Palermo,Włochy
2026-01-22,,692.0,WAW,PMO,2025-11-07,Warszawa,Polska,Palermo,Włochy
2026-01-23,,692.0,WAW,PMO,2025-11-07,Warszawa,Polska,Palermo,Włochy
2026-01-24,,520.0,WAW,PMO,2025-11-07,Warszawa,Polska,Palermo,Włochy
2026-01-25,,692.0,WAW,PMO,2025-11-07,Warszawa,Polska,Palermo,Włochy
2026-01-26,,562.0,WAW,PMO,2025-11-07,Warszawa,Polska,Palermo,Włochy
2026-01-27,,520.0,WAW,PMO,2025-11-07,Warszawa,Polska,Palermo,Włochy
2026-01-28,,692.0,WAW,PMO,2025-11-07,Warszawa,Polska,Palermo,Włochy
2026-01-29,,692.0,WAW,PMO,2025-11-07,Warszawa,Polska,Palermo,Włochy
2026-01-30,,755.0,WAW,PMO,2025-11-07,Warszawa,Polska,Palermo,Włochy
2025-11-07,,609.0,WAW,CTA,2025-11-07,Warszawa,Polska,Katania,Włochy
2025-11-08,,1456.0,WAW,CTA,2025-11-07,Warszawa,Polska,Katania,Włochy
2025-11-09,,939.0,WAW,CTA,2025-11-07,Warszawa,Polska,Katania,Włochy
2025-11-10,,669.0,WAW,CTA,2025-11-07,Warszawa,Polska,Katania,Włochy
2025-11-11,,902.0,WAW,CTA,2025-11-07,Warszawa,Polska,Katania,Włochy
2025-11-12,,269.0,WAW,CTA,2025-11-07,Warszawa,Polska,Katania,Włochy
2025-11-13,,902.0,WAW,CTA,2025-11-07,Warszawa,Polska,Katania,Włochy
2025-11-14,,359.0,WAW,CTA,2025-11-07,Warszawa,Polska,Katania,Włochy
2025-11-15,,946.0,WAW,CTA,2025-11-07,Warszawa,Polska,Katania,Włochy
2025-11-16,,269.0,WAW,CTA,2025-11-07,Warszawa,Polska,Katania,Włochy
2025-11-17,,219.0,WAW,CTA,2025-11-07,Warszawa,Polska,Katania,Włochy
2025-11-18,,875.0,WAW,CTA,2025-11-07,Warszawa,Polska,Katania,Włochy
2025-11-19,,299.0,WAW,CTA,2025-11-07,Warszawa,Polska,Katania,Włochy
2025-11-20,,706.0,WAW,CTA,2025-11-07,Warszawa,Polska,Katania,Włochy
2025-11-21,,449.0,WAW,CTA,2025-11-07,Warszawa,Polska,Katania,Włochy
2025-11-22,,709.0,WAW,CTA,2025-11-07,Warszawa,Polska,Katania,Włochy
2025-11-23,,219.0,WAW,CTA,2025-11-07,Warszawa,Polska,Katania,Włochy
2025-11-24,,219.0,WAW,CTA,2025-11-07,Warszawa,Polska,Katania,Włochy
2025-11-25,,718.0,WAW,CTA,2025-11-07,Warszawa,Polska,Katania,Włochy
2025-11-26,,219.0,WAW,CTA,2025-11-07,Warszawa,Polska,Katania,Włochy
2025-11-27,,612.0,WAW,CTA,2025-11-07,Warszawa,Polska,Katania,Włochy
2025-11-28,,399.0,WAW,CTA,2025-11-07,Warszawa,Polska,Katania,Włochy
2025-11-29,,614.0,WAW,CTA,2025-11-07,Warszawa,Polska,Katania,Włochy
2025-11-30,,219.0,WAW,CTA,2025-11-07,Warszawa,Polska,Katania,Włochy
2025-12-01,,219.0,WAW,CTA,2025-11-07,Warszawa,Polska,Katania,Włochy
2025-12-02,,718.0,WAW,CTA,2025-11-07,Warszawa,Polska,Katania,Włochy
2025-12-03,,219.0,WAW,CTA,2025-11-07,Warszawa,Polska,Katania,Włochy
2025-12-04,,530.0,WAW,CTA,2025-11-07,Warszawa,Polska,Katania,Włochy
2025-12-05,,309.0,WAW,CTA,2025-11-07,Warszawa,Polska,Katania,Włochy
2025-12-06,,438.0,WAW,CTA,2025-11-07,Warszawa,Polska,Katania,Włochy
2025-12-07,,219.0,WAW,CTA,2025-11-07,Warszawa,Polska,Katania,Włochy
2025-12-08,,309.0,WAW,CTA,2025-11-07,Warszawa,Polska,Katania,Włochy
2025-12-09,,692.0,WAW,CTA,2025-11-07,Warszawa,Polska,Katania,Włochy
2025-12-10,,219.0,WAW,CTA,2025-11-07,Warszawa,Polska,Katania,Włochy
2025-12-11,,718.0,WAW,CTA,2025-11-07,Warszawa,Polska,Katania,Włochy
2025-12-12,,299.0,WAW,CTA,2025-11-07,Warszawa,Polska,Katania,Włochy
2025-12-13,,500.0,WAW,CTA,2025-11-07,Warszawa,Polska,Katania,Włochy
2025-12-14,,219.0,WAW,CTA,2025-11-07,Warszawa,Polska,Katania,Włochy
2025-12-15,,219.0,WAW,CTA,2025-11-07,Warszawa,Polska,Katania,Włochy
2025-12-16,,718.0,WAW,CTA,2025-11-07,Warszawa,Polska,Katania,Włochy
2025-12-17,,219.0,WAW,CTA,2025-11-07,Warszawa,Polska,Katania,Włochy
2025-12-18,,1055.0,WAW,CTA,2025-11-07,Warszawa,Polska,Katania,Włochy
2025-12-19,,309.0,WAW,CTA,2025-11-07,Warszawa,Polska,Katania,Włochy
2025-12-20,,1269.0,WAW,CTA,2025-11-07,Warszawa,Polska,Katania,Włochy
2025-12-21,,359.0,WAW,CTA,2025-11-07,Warszawa,Polska,Katania,Włochy
2025-12-22,,399.0,WAW,CTA,2025-11-07,Warszawa,Polska,Katania,Włochy
2025-12-23,,1390.0,WAW,CTA,2025-11-07,Warszawa,Polska,Katania,Włochy
2025-12-24,,249.0,WAW,CTA,2025-11-07,Warszawa,Polska,Katania,Włochy
2025-12-25,,706.0,WAW,CTA,2025-11-07,Warszawa,Polska,Katania,Włochy
2025-12-26,,849.0,WAW,CTA,2025-11-07,Warszawa,Polska,Katania,Włochy
2025-12-27,,1355.0,WAW,CTA,2025-11-07,Warszawa,Polska,Katania,Włochy
2025-12-28,,809.0,WAW,CTA,2025-11-07,Warszawa,Polska,Katania,Włochy
2025-12-29,,559.0,WAW,CTA,2025-11-07,Warszawa,Polska,Katania,Włochy
2025-12-30,,902.0,WAW,CTA,2025-11-07,Warszawa,Polska,Katania,Włochy
2025-12-31,,219.0,WAW,CTA,2025-11-07,Warszawa,Polska,Katania,Włochy
2026-01-01,,653.0,WAW,CTA,2025-11-07,Warszawa,Polska,Katania,Włochy
2026-01-02,,359.0,WAW,CTA,2025-11-07,Warszawa,Polska,Katania,Włochy
2026-01-03,,714.0,WAW,CTA,2025-11-07,Warszawa,Polska,Katania,Włochy
2026-01-04,,309.0,WAW,CTA,2025-11-07,Warszawa,Polska,Katania,Włochy
2026-01-05,,219.0,WAW,CTA,2025-11-07,Warszawa,Polska,Katania,Włochy
2026-01-06,,753.0,WAW,CTA,2025-11-07,Warszawa,Polska,Katania,Włochy
2026-01-07,,219.0,WAW,CTA,2025-11-07,Warszawa,Polska,Katania,Włochy
2026-01-08,,530.0,WAW,CTA,2025-11-07,Warszawa,Polska,Katania,Włochy
2026-01-09,,219.0,WAW,CTA,2025-11-07,Warszawa,Polska,Katania,Włochy
2026-01-10,,606.0,WAW,CTA,2025-11-07,Warszawa,Polska,Katania,Włochy
2026-01-11,,219.0,WAW,CTA,2025-11-07,Warszawa,Polska,Katania,Włochy
2026-01-12,,219.0,WAW,CTA,2025-11-07,Warszawa,Polska,Katania,Włochy
2026-01-13,,692.0,WAW,CTA,2025-11-07,Warszawa,Polska,Katania,Włochy
2026-01-14,,219.0,WAW,CTA,2025-11-07,Warszawa,Polska,Katania,Włochy
2026-01-15,,612.0,WAW,CTA,2025-11-07,Warszawa,Polska,Katania,Włochy
2026-01-16,,269.0,WAW,CTA,2025-11-07,Warszawa,Polska,Katania,Włochy
2026-01-17,,692.0,WAW,CTA,2025-11-07,Warszawa,Polska,Katania,Włochy
2026-01-18,,269.0,WAW,CTA,2025-11-07,Warszawa,Polska,Katania,Włochy
2026-01-19,,219.0,WAW,CTA,2025-11-07,Warszawa,Polska,Katania,Włochy
2026-01-20,,692.0,WAW,CTA,2025-11-07,Warszawa,Polska,Katania,Włochy
2026-01-21,,219.0,WAW,CTA,2025-11-07,Warszawa,Polska,Katania,Włochy
2026-01-22,,544.0,WAW,CTA,2025-11-07,Warszawa,Polska,Katania,Włochy
2026-01-23,,219.0,WAW,CTA,2025-11-07,Warszawa,Polska,Katania,Włochy
2026-01-24,,692.0,WAW,CTA,2025-11-07,Warszawa,Polska,Katania,Włochy
2026-01-25,,249.0,WAW,CTA,2025-11-07,Warszawa,Polska,Katania,Włochy
2026-01-26,,219.0,WAW,CTA,2025-11-07,Warszawa,Polska,Katania,Włochy
2026-01-27,,643.0,WAW,CTA,2025-11-07,Warszawa,Polska,Katania,Włochy
2026-01-28,,219.0,WAW,CTA,2025-11-07,Warszawa,Polska,Katania,Włochy
2026-01-29,,530.0,WAW,CTA,2025-11-07,Warszawa,Polska,Katania,Włochy
2026-01-30,,219.0,WAW,CTA,2025-11-07,Warszawa,Polska,Katania,Włochy
2025-11-07,,3792.0,WAW,OLB,2025-11-07,Warszawa,Polska,Olbia,Włochy
2025-11-08,,1690.0,WAW,OLB,2025-11-07,Warszawa,Polska,Olbia,Włochy
2025-11-09,,1926.0,WAW,OLB,2025-11-07,Warszawa,Polska,Olbia,Włochy
2025-11-10,,,WAW,OLB,2025-11-07,Warszawa,Polska,Olbia,Włochy
2025-11-11,,,WAW,OLB,2025-11-07,Warszawa,Polska,Olbia,Włochy
2025-11-12,,,WAW,OLB,2025-11-07,Warszawa,Polska,Olbia,Włochy
2025-11-13,,,WAW,OLB,2025-11-07,Warszawa,Polska,Olbia,Włochy
2025-11-14,,,WAW,OLB,2025-11-07,Warszawa,Polska,Olbia,Włochy
2025-11-15,,,WAW,OLB,2025-11-07,Warszawa,Polska,Olbia,Włochy
2025-11-16,,,WAW,OLB,2025-11-07,Warszawa,Polska,Olbia,Włochy
2025-11-17,,,WAW,OLB,2025-11-07,Warszawa,Polska,Olbia,Włochy
2025-11-18,,,WAW,OLB,2025-11-07,Warszawa,Polska,Olbia,Włochy
2025-11-19,,,WAW,OLB,2025-11-07,Warszawa,Polska,Olbia,Włochy
2025-11-20,,,WAW,OLB,2025-11-07,Warszawa,Polska,Olbia,Włochy
2025-11-21,,,WAW,OLB,2025-11-07,Warszawa,Polska,Olbia,Włochy
2025-11-22,,,WAW,OLB,2025-11-07,Warszawa,Polska,Olbia,Włochy
2025-11-23,,,WAW,OLB,2025-11-07,Warszawa,Polska,Olbia,Włochy
2025-11-24,,,WAW,OLB,2025-11-07,Warszawa,Polska,Olbia,Włochy
2025-11-25,,,WAW,OLB,2025-11-07,Warszawa,Polska,Olbia,Włochy
2025-11-26,,,WAW,OLB,2025-11-07,Warszawa,Polska,Olbia,Włochy
2025-11-27,,,WAW,OLB,2025-11-07,Warszawa,Polska,Olbia,Włochy
2025-11-28,,,WAW,OLB,2025-11-07,Warszawa,Polska,Olbia,Włochy
2025-11-29,,,WAW,OLB,2025-11-07,Warszawa,Polska,Olbia,Włochy
2025-11-30,,,WAW,OLB,2025-11-07,Warszawa,Polska,Olbia,Włochy
2025-12-01,,,WAW,OLB,2025-11-07,Warszawa,Polska,Olbia,Włochy
2025-12-02,,,WAW,OLB,2025-11-07,Warszawa,Polska,Olbia,Włochy
2025-12-03,,,WAW,OLB,2025-11-07,Warszawa,Polska,Olbia,Włochy
2025-12-04,,,WAW,OLB,2025-11-07,Warszawa,Polska,Olbia,Włochy
2025-12-05,,,WAW,OLB,2025-11-07,Warszawa,Polska,Olbia,Włochy
2025-12-06,,,WAW,OLB,2025-11-07,Warszawa,Polska,Olbia,Włochy
2025-12-07,,,WAW,OLB,2025-11-07,Warszawa,Polska,Olbia,Włochy
2025-12-08,,,WAW,OLB,2025-11-07,Warszawa,Polska,Olbia,Włochy
2025-12-09,,,WAW,OLB,2025-11-07,Warszawa,Polska,Olbia,Włochy
2025-12-10,,,WAW,OLB,2025-11-07,Warszawa,Polska,Olbia,Włochy
2025-12-11,,,WAW,OLB,2025-11-07,Warszawa,Polska,Olbia,Włochy
2025-12-12,,,WAW,OLB,2025-11-07,Warszawa,Polska,Olbia,Włochy
2025-12-13,,,WAW,OLB,2025-11-07,Warszawa,Polska,Olbia,Włochy
2025-12-14,,,WAW,OLB,2025-11-07,Warszawa,Polska,Olbia,Włochy
2025-12-15,,,WAW,OLB,2025-11-07,Warszawa,Polska,Olbia,Włochy
2025-12-16,,,WAW,OLB,2025-11-07,Warszawa,Polska,Olbia,Włochy
2025-12-17,,,WAW,OLB,2025-11-07,Warszawa,Polska,Olbia,Włochy
2025-12-18,,,WAW,OLB,2025-11-07,Warszawa,Polska,Olbia,Włochy
2025-12-19,,,WAW,OLB,2025-11-07,Warszawa,Polska,Olbia,Włochy
2025-12-20,,,WAW,OLB,2025-11-07,Warszawa,Polska,Olbia,Włochy
2025-12-21,,,WAW,OLB,2025-11-07,Warszawa,Polska,Olbia,Włochy
2025-12-22,,,WAW,OLB,2025-11-07,Warszawa,Polska,Olbia,Włochy
2025-12-23,,,WAW,OLB,2025-11-07,Warszawa,Polska,Olbia,Włochy
2025-12-24,,,WAW,OLB,2025-11-07,Warszawa,Polska,Olbia,Włochy
2025-12-25,,,WAW,OLB,2025-11-07,Warszawa,Polska,Olbia,Włochy
2025-12-26,,,WAW,OLB,2025-11-07,Warszawa,Polska,Olbia,Włochy
2025-12-27,,,WAW,OLB,2025-11-07,Warszawa,Polska,Olbia,Włochy
2025-12-28,,,WAW,OLB,2025-11-07,Warszawa,Polska,Olbia,Włochy
2025-12-29,,,WAW,OLB,2025-11-07,Warszawa,Polska,Olbia,Włochy
2025-12-30,,,WAW,OLB,2025-11-07,Warszawa,Polska,Olbia,Włochy
2025-12-31,,,WAW,OLB,2025-11-07,Warszawa,Polska,Olbia,Włochy
2026-01-01,,,WAW,OLB,2025-11-07,Warszawa,Polska,Olbia,Włochy
2026-01-02,,,WAW,OLB,2025-11-07,Warszawa,Polska,Olbia,Włochy
2026-01-03,,,WAW,OLB,2025-11-07,Warszawa,Polska,Olbia,Włochy
2026-01-04,,,WAW,OLB,2025-11-07,Warszawa,Polska,Olbia,Włochy
2026-01-05,,,WAW,OLB,2025-11-07,Warszawa,Polska,Olbia,Włochy
2026-01-06,,,WAW,OLB,2025-11-07,Warszawa,Polska,Olbia,Włochy
2026-01-07,,,WAW,OLB,2025-11-07,Warszawa,Polska,Olbia,Włochy
2026-01-08,,,WAW,OLB,2025-11-07,Warszawa,Polska,Olbia,Włochy
2026-01-09,,,WAW,OLB,2025-11-07,Warszawa,Polska,Olbia,Włochy
2026-01-10,,,WAW,OLB,2025-11-07,Warszawa,Polska,Olbia,Włochy
2026-01-11,,,WAW,OLB,2025-11-07,Warszawa,Polska,Olbia,Włochy
2026-01-12,,,WAW,OLB,2025-11-07,Warszawa,Polska,Olbia,Włochy
2026-01-13,,,WAW,OLB,2025-11-07,Warszawa,Polska,Olbia,Włochy
2026-01-14,,,WAW,OLB,2025-11-07,Warszawa,Polska,Olbia,Włochy
2026-01-15,,,WAW,OLB,2025-11-07,Warszawa,Polska,Olbia,Włochy
2026-01-16,,,WAW,OLB,2025-11-07,Warszawa,Polska,Olbia,Włochy
2026-01-17,,,WAW,OLB,2025-11-07,Warszawa,Polska,Olbia,Włochy
2026-01-18,,,WAW,OLB,2025-11-07,Warszawa,Polska,Olbia,Włochy
2026-01-19,,,WAW,OLB,2025-11-07,Warszawa,Polska,Olbia,Włochy
2026-01-20,,,WAW,OLB,2025-11-07,Warszawa,Polska,Olbia,Włochy
2026-01-21,,,WAW,OLB,2025-11-07,Warszawa,Polska,Olbia,Włochy
2026-01-22,,,WAW,OLB,2025-11-07,Warszawa,Polska,Olbia,Włochy
2026-01-23,,,WAW,OLB,2025-11-07,Warszawa,Polska,Olbia,Włochy
2026-01-24,,,WAW,OLB,2025-11-07,Warszawa,Polska,Olbia,Włochy
2026-01-25,,,WAW,OLB,2025-11-07,Warszawa,Polska,Olbia,Włochy
2026-01-26,,,WAW,OLB,2025-11-07,Warszawa,Polska,Olbia,Włochy
2026-01-27,,,WAW,OLB,2025-11-07,Warszawa,Polska,Olbia,Włochy
2026-01-28,,,WAW,OLB,2025-11-07,Warszawa,Polska,Olbia,Włochy
2026-01-29,,,WAW,OLB,2025-11-07,Warszawa,Polska,Olbia,Włochy
2026-01-30,,,WAW,OLB,2025-11-07,Warszawa,Polska,Olbia,Włochy
2025-11-07,,1659.0,WAW,AHO,2025-11-07,Warszawa,Polska,Alghero,Włochy
2025-11-08,,2092.0,WAW,AHO,2025-11-07,Warszawa,Polska,Alghero,Włochy
2025-11-09,,1540.0,WAW,AHO,2025-11-07,Warszawa,Polska,Alghero,Włochy
2025-11-10,,1080.0,WAW,AHO,2025-11-07,Warszawa,Polska,Alghero,Włochy
2025-11-11,,1003.0,WAW,AHO,2025-11-07,Warszawa,Polska,Alghero,Włochy
2025-11-12,,907.0,WAW,AHO,2025-11-07,Warszawa,Polska,Alghero,Włochy
2025-11-13,,907.0,WAW,AHO,2025-11-07,Warszawa,Polska,Alghero,Włochy
2025-11-14,,1080.0,WAW,AHO,2025-11-07,Warszawa,Polska,Alghero,Włochy
2025-11-15,,1074.0,WAW,AHO,2025-11-07,Warszawa,Polska,Alghero,Włochy
2025-11-16,,1178.0,WAW,AHO,2025-11-07,Warszawa,Polska,Alghero,Włochy
2025-11-17,,1012.0,WAW,AHO,2025-11-07,Warszawa,Polska,Alghero,Włochy
2025-11-18,,823.0,WAW,AHO,2025-11-07,Warszawa,Polska,Alghero,Włochy
2025-11-19,,823.0,WAW,AHO,2025-11-07,Warszawa,Polska,Alghero,Włochy
2025-11-20,,998.0,WAW,AHO,2025-11-07,Warszawa,Polska,Alghero,Włochy
2025-11-21,,1005.0,WAW,AHO,2025-11-07,Warszawa,Polska,Alghero,Włochy
2025-11-22,,917.0,WAW,AHO,2025-11-07,Warszawa,Polska,Alghero,Włochy
2025-11-23,,917.0,WAW,AHO,2025-11-07,Warszawa,Polska,Alghero,Włochy
2025-11-24,,778.0,WAW,AHO,2025-11-07,Warszawa,Polska,Alghero,Włochy
2025-11-25,,732.0,WAW,AHO,2025-11-07,Warszawa,Polska,Alghero,Włochy
2025-11-26,,823.0,WAW,AHO,2025-11-07,Warszawa,Polska,Alghero,Włochy
2025-11-27,,892.0,WAW,AHO,2025-11-07,Warszawa,Polska,Alghero,Włochy
2025-11-28,,732.0,WAW,AHO,2025-11-07,Warszawa,Polska,Alghero,Włochy
2025-11-29,,694.0,WAW,AHO,2025-11-07,Warszawa,Polska,Alghero,Włochy
2025-11-30,,797.0,WAW,AHO,2025-11-07,Warszawa,Polska,Alghero,Włochy
2025-12-01,,778.0,WAW,AHO,2025-11-07,Warszawa,Polska,Alghero,Włochy
2025-12-02,,627.0,WAW,AHO,2025-11-07,Warszawa,Polska,Alghero,Włochy
2025-12-03,,581.0,WAW,AHO,2025-11-07,Warszawa,Polska,Alghero,Włochy
2025-12-04,,678.0,WAW,AHO,2025-11-07,Warszawa,Polska,Alghero,Włochy
2025-12-05,,627.0,WAW,AHO,2025-11-07,Warszawa,Polska,Alghero,Włochy
2025-12-06,,627.0,WAW,AHO,2025-11-07,Warszawa,Polska,Alghero,Włochy
2025-12-07,,581.0,WAW,AHO,2025-11-07,Warszawa,Polska,Alghero,Włochy
2025-12-08,,702.0,WAW,AHO,2025-11-07,Warszawa,Polska,Alghero,Włochy
2025-12-09,,678.0,WAW,AHO,2025-11-07,Warszawa,Polska,Alghero,Włochy
2025-12-10,,565.0,WAW,AHO,2025-11-07,Warszawa,Polska,Alghero,Włochy
2025-12-11,,519.0,WAW,AHO,2025-11-07,Warszawa,Polska,Alghero,Włochy
2025-12-12,,792.0,WAW,AHO,2025-11-07,Warszawa,Polska,Alghero,Włochy
2025-12-13,,627.0,WAW,AHO,2025-11-07,Warszawa,Polska,Alghero,Włochy
2025-12-14,,519.0,WAW,AHO,2025-11-07,Warszawa,Polska,Alghero,Włochy
2025-12-15,,648.0,WAW,AHO,2025-11-07,Warszawa,Polska,Alghero,Włochy
2025-12-16,,565.0,WAW,AHO,2025-11-07,Warszawa,Polska,Alghero,Włochy
2025-12-17,,565.0,WAW,AHO,2025-11-07,Warszawa,Polska,Alghero,Włochy
2025-12-18,,818.0,WAW,AHO,2025-11-07,Warszawa,Polska,Alghero,Włochy
2025-12-19,,998.0,WAW,AHO,2025-11-07,Warszawa,Polska,Alghero,Włochy
2025-12-20,,1012.0,WAW,AHO,2025-11-07,Warszawa,Polska,Alghero,Włochy
2025-12-21,,1010.0,WAW,AHO,2025-11-07,Warszawa,Polska,Alghero,Włochy
2025-12-22,,879.0,WAW,AHO,2025-11-07,Warszawa,Polska,Alghero,Włochy
2025-12-23,,887.0,WAW,AHO,2025-11-07,Warszawa,Polska,Alghero,Włochy
2025-12-24,,694.0,WAW,AHO,2025-11-07,Warszawa,Polska,Alghero,Włochy
2025-12-25,,887.0,WAW,AHO,2025-11-07,Warszawa,Polska,Alghero,Włochy
2025-12-26,,902.0,WAW,AHO,2025-11-07,Warszawa,Polska,Alghero,Włochy
2025-12-27,,1094.0,WAW,AHO,2025-11-07,Warszawa,Polska,Alghero,Włochy
2025-12-28,,1029.0,WAW,AHO,2025-11-07,Warszawa,Polska,Alghero,Włochy
2025-12-29,,846.0,WAW,AHO,2025-11-07,Warszawa,Polska,Alghero,Włochy
2025-12-30,,936.0,WAW,AHO,2025-11-07,Warszawa,Polska,Alghero,Włochy
2025-12-31,,678.0,WAW,AHO,2025-11-07,Warszawa,Polska,Alghero,Włochy
2026-01-01,,842.0,WAW,AHO,2025-11-07,Warszawa,Polska,Alghero,Włochy
2026-01-02,,969.0,WAW,AHO,2025-11-07,Warszawa,Polska,Alghero,Włochy
2026-01-03,,917.0,WAW,AHO,2025-11-07,Warszawa,Polska,Alghero,Włochy
2026-01-04,,969.0,WAW,AHO,2025-11-07,Warszawa,Polska,Alghero,Włochy
2026-01-05,,797.0,WAW,AHO,2025-11-07,Warszawa,Polska,Alghero,Włochy
2026-01-06,,713.0,WAW,AHO,2025-11-07,Warszawa,Polska,Alghero,Włochy
2026-01-07,,683.0,WAW,AHO,2025-11-07,Warszawa,Polska,Alghero,Włochy
2026-01-08,,520.0,WAW,AHO,2025-11-07,Warszawa,Polska,Alghero,Włochy
2026-01-09,,691.0,WAW,AHO,2025-11-07,Warszawa,Polska,Alghero,Włochy
2026-01-10,,649.0,WAW,AHO,2025-11-07,Warszawa,Polska,Alghero,Włochy
2026-01-11,,702.0,WAW,AHO,2025-11-07,Warszawa,Polska,Alghero,Włochy
2026-01-12,,562.0,WAW,AHO,2025-11-07,Warszawa,Polska,Alghero,Włochy
2026-01-13,,520.0,WAW,AHO,2025-11-07,Warszawa,Polska,Alghero,Włochy
2026-01-14,,520.0,WAW,AHO,2025-11-07,Warszawa,Polska,Alghero,Włochy
2026-01-15,,649.0,WAW,AHO,2025-11-07,Warszawa,Polska,Alghero,Włochy
2026-01-16,,702.0,WAW,AHO,2025-11-07,Warszawa,Polska,Alghero,Włochy
2026-01-17,,702.0,WAW,AHO,2025-11-07,Warszawa,Polska,Alghero,Włochy
2026-01-18,,702.0,WAW,AHO,2025-11-07,Warszawa,Polska,Alghero,Włochy
2026-01-19,,702.0,WAW,AHO,2025-11-07,Warszawa,Polska,Alghero,Włochy
2026-01-20,,691.0,WAW,AHO,2025-11-07,Warszawa,Polska,Alghero,Włochy
2026-01-21,,649.0,WAW,AHO,2025-11-07,Warszawa,Polska,Alghero,Włochy
2026-01-22,,562.0,WAW,AHO,2025-11-07,Warszawa,Polska,Alghero,Włochy
2026-01-23,,649.0,WAW,AHO,2025-11-07,Warszawa,Polska,Alghero,Włochy
2026-01-24,,520.0,WAW,AHO,2025-11-07,Warszawa,Polska,Alghero,Włochy
2026-01-25,,702.0,WAW,AHO,2025-11-07,Warszawa,Polska,Alghero,Włochy
2026-01-26,,562.0,WAW,AHO,2025-11-07,Warszawa,Polska,Alghero,Włochy
2026-01-27,,520.0,WAW,AHO,2025-11-07,Warszawa,Polska,Alghero,Włochy
2026-01-28,,520.0,WAW,AHO,2025-11-07,Warszawa,Polska,Alghero,Włochy
2026-01-29,,520.0,WAW,AHO,2025-11-07,Warszawa,Polska,Alghero,Włochy
2026-01-30,,520.0,WAW,AHO,2025-11-07,Warszawa,Polska,Alghero,Włochy
2025-11-07,,2415.0,WAW,VRN,2025-11-07,Warszawa,Polska,Werona,Włochy
2025-11-08,,2565.0,WAW,VRN,2025-11-07,Warszawa,Polska,Werona,Włochy
2025-11-09,,1562.0,WAW,VRN,2025-11-07,Warszawa,Polska,Werona,Włochy
2025-11-10,,1093.0,WAW,VRN,2025-11-07,Warszawa,Polska,Werona,Włochy
2025-11-11,,1093.0,WAW,VRN,2025-11-07,Warszawa,Polska,Werona,Włochy
2025-11-12,,1093.0,WAW,VRN,2025-11-07,Warszawa,Polska,Werona,Włochy
2025-11-13,,793.0,WAW,VRN,2025-11-07,Warszawa,Polska,Werona,Włochy
2025-11-14,,914.0,WAW,VRN,2025-11-07,Warszawa,Polska,Werona,Włochy
2025-11-15,,865.0,WAW,VRN,2025-11-07,Warszawa,Polska,Werona,Włochy
2025-11-16,,1050.0,WAW,VRN,2025-11-07,Warszawa,Polska,Werona,Włochy
2025-11-17,,764.0,WAW,VRN,2025-11-07,Warszawa,Polska,Werona,Włochy
2025-11-18,,764.0,WAW,VRN,2025-11-07,Warszawa,Polska,Werona,Włochy
2025-11-19,,764.0,WAW,VRN,2025-11-07,Warszawa,Polska,Werona,Włochy
2025-11-20,,764.0,WAW,VRN,2025-11-07,Warszawa,Polska,Werona,Włochy
2025-11-21,,764.0,WAW,VRN,2025-11-07,Warszawa,Polska,Werona,Włochy
2025-11-22,,638.0,WAW,VRN,2025-11-07,Warszawa,Polska,Werona,Włochy
2025-11-23,,638.0,WAW,VRN,2025-11-07,Warszawa,Polska,Werona,Włochy
2025-11-24,,480.0,WAW,VRN,2025-11-07,Warszawa,Polska,Werona,Włochy
2025-11-25,,638.0,WAW,VRN,2025-11-07,Warszawa,Polska,Werona,Włochy
2025-11-26,,638.0,WAW,VRN,2025-11-07,Warszawa,Polska,Werona,Włochy
2025-11-27,,533.0,WAW,VRN,2025-11-07,Warszawa,Polska,Werona,Włochy
2025-11-28,,426.0,WAW,VRN,2025-11-07,Warszawa,Polska,Werona,Włochy
2025-11-29,,435.0,WAW,VRN,2025-11-07,Warszawa,Polska,Werona,Włochy
2025-11-30,,533.0,WAW,VRN,2025-11-07,Warszawa,Polska,Werona,Włochy
2025-12-01,,480.0,WAW,VRN,2025-11-07,Warszawa,Polska,Werona,Włochy
2025-12-02,,533.0,WAW,VRN,2025-11-07,Warszawa,Polska,Werona,Włochy
2025-12-03,,533.0,WAW,VRN,2025-11-07,Warszawa,Polska,Werona,Włochy
2025-12-04,,533.0,WAW,VRN,2025-11-07,Warszawa,Polska,Werona,Włochy
2025-12-05,,480.0,WAW,VRN,2025-11-07,Warszawa,Polska,Werona,Włochy
2025-12-06,,480.0,WAW,VRN,2025-11-07,Warszawa,Polska,Werona,Włochy
2025-12-07,,413.0,WAW,VRN,2025-11-07,Warszawa,Polska,Werona,Włochy
2025-12-08,,501.0,WAW,VRN,2025-11-07,Warszawa,Polska,Werona,Włochy
2025-12-09,,533.0,WAW,VRN,2025-11-07,Warszawa,Polska,Werona,Włochy
2025-12-10,,533.0,WAW,VRN,2025-11-07,Warszawa,Polska,Werona,Włochy
2025-12-11,,480.0,WAW,VRN,2025-11-07,Warszawa,Polska,Werona,Włochy
2025-12-12,,533.0,WAW,VRN,2025-11-07,Warszawa,Polska,Werona,Włochy
2025-12-13,,533.0,WAW,VRN,2025-11-07,Warszawa,Polska,Werona,Włochy
2025-12-14,,533.0,WAW,VRN,2025-11-07,Warszawa,Polska,Werona,Włochy
2025-12-15,,533.0,WAW,VRN,2025-11-07,Warszawa,Polska,Werona,Włochy
2025-12-16,,480.0,WAW,VRN,2025-11-07,Warszawa,Polska,Werona,Włochy
2025-12-17,,445.0,WAW,VRN,2025-11-07,Warszawa,Polska,Werona,Włochy
2025-12-18,,445.0,WAW,VRN,2025-11-07,Warszawa,Polska,Werona,Włochy
2025-12-19,,533.0,WAW,VRN,2025-11-07,Warszawa,Polska,Werona,Włochy
2025-12-20,,764.0,WAW,VRN,2025-11-07,Warszawa,Polska,Werona,Włochy
2025-12-21,,533.0,WAW,VRN,2025-11-07,Warszawa,Polska,Werona,Włochy
2025-12-22,,533.0,WAW,VRN,2025-11-07,Warszawa,Polska,Werona,Włochy
2025-12-23,,480.0,WAW,VRN,2025-11-07,Warszawa,Polska,Werona,Włochy
2025-12-24,,567.0,WAW,VRN,2025-11-07,Warszawa,Polska,Werona,Włochy
2025-12-25,,567.0,WAW,VRN,2025-11-07,Warszawa,Polska,Werona,Włochy
2025-12-26,,802.0,WAW,VRN,2025-11-07,Warszawa,Polska,Werona,Włochy
2025-12-27,,894.0,WAW,VRN,2025-11-07,Warszawa,Polska,Werona,Włochy
2025-12-28,,672.0,WAW,VRN,2025-11-07,Warszawa,Polska,Werona,Włochy
2025-12-29,,567.0,WAW,VRN,2025-11-07,Warszawa,Polska,Werona,Włochy
2025-12-30,,533.0,WAW,VRN,2025-11-07,Warszawa,Polska,Werona,Włochy
2025-12-31,,479.0,WAW,VRN,2025-11-07,Warszawa,Polska,Werona,Włochy
2026-01-01,,538.0,WAW,VRN,2025-11-07,Warszawa,Polska,Werona,Włochy
2026-01-02,,675.0,WAW,VRN,2025-11-07,Warszawa,Polska,Werona,Włochy
2026-01-03,,601.0,WAW,VRN,2025-11-07,Warszawa,Polska,Werona,Włochy
2026-01-04,,769.0,WAW,VRN,2025-11-07,Warszawa,Polska,Werona,Włochy
2026-01-05,,538.0,WAW,VRN,2025-11-07,Warszawa,Polska,Werona,Włochy
2026-01-06,,570.0,WAW,VRN,2025-11-07,Warszawa,Polska,Werona,Włochy
2026-01-07,,450.0,WAW,VRN,2025-11-07,Warszawa,Polska,Werona,Włochy
2026-01-08,,450.0,WAW,VRN,2025-11-07,Warszawa,Polska,Werona,Włochy
2026-01-09,,450.0,WAW,VRN,2025-11-07,Warszawa,Polska,Werona,Włochy
2026-01-10,,450.0,WAW,VRN,2025-11-07,Warszawa,Polska,Werona,Włochy
2026-01-11,,444.0,WAW,VRN,2025-11-07,Warszawa,Polska,Werona,Włochy
2026-01-12,,450.0,WAW,VRN,2025-11-07,Warszawa,Polska,Werona,Włochy
2026-01-13,,450.0,WAW,VRN,2025-11-07,Warszawa,Polska,Werona,Włochy
2026-01-14,,538.0,WAW,VRN,2025-11-07,Warszawa,Polska,Werona,Włochy
2026-01-15,,538.0,WAW,VRN,2025-11-07,Warszawa,Polska,Werona,Włochy
2026-01-16,,538.0,WAW,VRN,2025-11-07,Warszawa,Polska,Werona,Włochy
2026-01-17,,519.0,WAW,VRN,2025-11-07,Warszawa,Polska,Werona,Włochy
2026-01-18,,538.0,WAW,VRN,2025-11-07,Warszawa,Polska,Werona,Włochy
2026-01-19,,538.0,WAW,VRN,2025-11-07,Warszawa,Polska,Werona,Włochy
2026-01-20,,538.0,WAW,VRN,2025-11-07,Warszawa,Polska,Werona,Włochy
2026-01-21,,538.0,WAW,VRN,2025-11-07,Warszawa,Polska,Werona,Włochy
2026-01-22,,538.0,WAW,VRN,2025-11-07,Warszawa,Polska,Werona,Włochy
2026-01-23,,538.0,WAW,VRN,2025-11-07,Warszawa,Polska,Werona,Włochy
2026-01-24,,559.0,WAW,VRN,2025-11-07,Warszawa,Polska,Werona,Włochy
2026-01-25,,538.0,WAW,VRN,2025-11-07,Warszawa,Polska,Werona,Włochy
2026-01-26,,480.0,WAW,VRN,2025-11-07,Warszawa,Polska,Werona,Włochy
2026-01-27,,450.0,WAW,VRN,2025-11-07,Warszawa,Polska,Werona,Włochy
2026-01-28,,450.0,WAW,VRN,2025-11-07,Warszawa,Polska,Werona,Włochy
2026-01-29,,450.0,WAW,VRN,2025-11-07,Warszawa,Polska,Werona,Włochy
2026-01-30,,450.0,WAW,VRN,2025-11-07,Warszawa,Polska,Werona,Włochy
2025-11-07,,719.0,WAW,GOA,2025-11-07,Warszawa,Polska,Genoa,Włochy
2025-11-08,,1895.0,WAW,GOA,2025-11-07,Warszawa,Polska,Genoa,Włochy
2025-11-09,,1895.0,WAW,GOA,2025-11-07,Warszawa,Polska,Genoa,Włochy
2025-11-10,,249.0,WAW,GOA,2025-11-07,Warszawa,Polska,Genoa,Włochy
2025-11-11,,1292.0,WAW,GOA,2025-11-07,Warszawa,Polska,Genoa,Włochy
2025-11-12,,249.0,WAW,GOA,2025-11-07,Warszawa,Polska,Genoa,Włochy
2025-11-13,,1129.0,WAW,GOA,2025-11-07,Warszawa,Polska,Genoa,Włochy
2025-11-14,,219.0,WAW,GOA,2025-11-07,Warszawa,Polska,Genoa,Włochy
2025-11-15,,1178.0,WAW,GOA,2025-11-07,Warszawa,Polska,Genoa,Włochy
2025-11-16,,1084.0,WAW,GOA,2025-11-07,Warszawa,Polska,Genoa,Włochy
2025-11-17,,209.0,WAW,GOA,2025-11-07,Warszawa,Polska,Genoa,Włochy
2025-11-18,,1012.0,WAW,GOA,2025-11-07,Warszawa,Polska,Genoa,Włochy
2025-11-19,,209.0,WAW,GOA,2025-11-07,Warszawa,Polska,Genoa,Włochy
2025-11-20,,911.0,WAW,GOA,2025-11-07,Warszawa,Polska,Genoa,Włochy
2025-11-21,,159.0,WAW,GOA,2025-11-07,Warszawa,Polska,Genoa,Włochy
2025-11-22,,917.0,WAW,GOA,2025-11-07,Warszawa,Polska,Genoa,Włochy
2025-11-23,,764.0,WAW,GOA,2025-11-07,Warszawa,Polska,Genoa,Włochy
2025-11-24,,129.0,WAW,GOA,2025-11-07,Warszawa,Polska,Genoa,Włochy
2025-11-25,,569.0,WAW,GOA,2025-11-07,Warszawa,Polska,Genoa,Włochy
2025-11-26,,129.0,WAW,GOA,2025-11-07,Warszawa,Polska,Genoa,Włochy
2025-11-27,,643.0,WAW,GOA,2025-11-07,Warszawa,Polska,Genoa,Włochy
2025-11-28,,219.0,WAW,GOA,2025-11-07,Warszawa,Polska,Genoa,Włochy
2025-11-29,,632.0,WAW,GOA,2025-11-07,Warszawa,Polska,Genoa,Włochy
2025-11-30,,643.0,WAW,GOA,2025-11-07,Warszawa,Polska,Genoa,Włochy
2025-12-01,,129.0,WAW,GOA,2025-11-07,Warszawa,Polska,Genoa,Włochy
2025-12-02,,643.0,WAW,GOA,2025-11-07,Warszawa,Polska,Genoa,Włochy
2025-12-03,,109.0,WAW,GOA,2025-11-07,Warszawa,Polska,Genoa,Włochy
2025-12-04,,643.0,WAW,GOA,2025-11-07,Warszawa,Polska,Genoa,Włochy
2025-12-05,,109.0,WAW,GOA,2025-11-07,Warszawa,Polska,Genoa,Włochy
2025-12-06,,762.0,WAW,GOA,2025-11-07,Warszawa,Polska,Genoa,Włochy
2025-12-07,,428.0,WAW,GOA,2025-11-07,Warszawa,Polska,Genoa,Włochy
2025-12-08,,609.0,WAW,GOA,2025-11-07,Warszawa,Polska,Genoa,Włochy
2025-12-09,,569.0,WAW,GOA,2025-11-07,Warszawa,Polska,Genoa,Włochy
2025-12-10,,109.0,WAW,GOA,2025-11-07,Warszawa,Polska,Genoa,Włochy
2025-12-11,,369.0,WAW,GOA,2025-11-07,Warszawa,Polska,Genoa,Włochy
2025-12-12,,109.0,WAW,GOA,2025-11-07,Warszawa,Polska,Genoa,Włochy
2025-12-13,,702.0,WAW,GOA,2025-11-07,Warszawa,Polska,Genoa,Włochy
2025-12-14,,643.0,WAW,GOA,2025-11-07,Warszawa,Polska,Genoa,Włochy
2025-12-15,,109.0,WAW,GOA,2025-11-07,Warszawa,Polska,Genoa,Włochy
2025-12-16,,554.0,WAW,GOA,2025-11-07,Warszawa,Polska,Genoa,Włochy
2025-12-17,,109.0,WAW,GOA,2025-11-07,Warszawa,Polska,Genoa,Włochy
2025-12-18,,541.0,WAW,GOA,2025-11-07,Warszawa,Polska,Genoa,Włochy
2025-12-19,,109.0,WAW,GOA,2025-11-07,Warszawa,Polska,Genoa,Włochy
2025-12-20,,1012.0,WAW,GOA,2025-11-07,Warszawa,Polska,Genoa,Włochy
2025-12-21,,1081.0,WAW,GOA,2025-11-07,Warszawa,Polska,Genoa,Włochy
2025-12-22,,109.0,WAW,GOA,2025-11-07,Warszawa,Polska,Genoa,Włochy
2025-12-23,,917.0,WAW,GOA,2025-11-07,Warszawa,Polska,Genoa,Włochy
2025-12-24,,109.0,WAW,GOA,2025-11-07,Warszawa,Polska,Genoa,Włochy
2025-12-25,,894.0,WAW,GOA,2025-11-07,Warszawa,Polska,Genoa,Włochy
2025-12-26,,129.0,WAW,GOA,2025-11-07,Warszawa,Polska,Genoa,Włochy
2025-12-27,,1239.0,WAW,GOA,2025-11-07,Warszawa,Polska,Genoa,Włochy
2025-12-28,,1214.0,WAW,GOA,2025-11-07,Warszawa,Polska,Genoa,Włochy
2025-12-29,,399.0,WAW,GOA,2025-11-07,Warszawa,Polska,Genoa,Włochy
2025-12-30,,643.0,WAW,GOA,2025-11-07,Warszawa,Polska,Genoa,Włochy
2025-12-31,,399.0,WAW,GOA,2025-11-07,Warszawa,Polska,Genoa,Włochy
2026-01-01,,653.0,WAW,GOA,2025-11-07,Warszawa,Polska,Genoa,Włochy
2026-01-02,,359.0,WAW,GOA,2025-11-07,Warszawa,Polska,Genoa,Włochy
2026-01-03,,917.0,WAW,GOA,2025-11-07,Warszawa,Polska,Genoa,Włochy
2026-01-04,,1468.0,WAW,GOA,2025-11-07,Warszawa,Polska,Genoa,Włochy
2026-01-05,,109.0,WAW,GOA,2025-11-07,Warszawa,Polska,Genoa,Włochy
2026-01-06,,797.0,WAW,GOA,2025-11-07,Warszawa,Polska,Genoa,Włochy
2026-01-07,,109.0,WAW,GOA,2025-11-07,Warszawa,Polska,Genoa,Włochy
2026-01-08,,433.0,WAW,GOA,2025-11-07,Warszawa,Polska,Genoa,Włochy
2026-01-09,,109.0,WAW,GOA,2025-11-07,Warszawa,Polska,Genoa,Włochy
2026-01-10,,797.0,WAW,GOA,2025-11-07,Warszawa,Polska,Genoa,Włochy
2026-01-11,,644.0,WAW,GOA,2025-11-07,Warszawa,Polska,Genoa,Włochy
2026-01-12,,109.0,WAW,GOA,2025-11-07,Warszawa,Polska,Genoa,Włochy
2026-01-13,,433.0,WAW,GOA,2025-11-07,Warszawa,Polska,Genoa,Włochy
2026-01-14,,433.0,WAW,GOA,2025-11-07,Warszawa,Polska,Genoa,Włochy
2026-01-15,,702.0,WAW,GOA,2025-11-07,Warszawa,Polska,Genoa,Włochy
2026-01-16,,129.0,WAW,GOA,2025-11-07,Warszawa,Polska,Genoa,Włochy
2026-01-17,,702.0,WAW,GOA,2025-11-07,Warszawa,Polska,Genoa,Włochy
2026-01-18,,702.0,WAW,GOA,2025-11-07,Warszawa,Polska,Genoa,Włochy
2026-01-19,,109.0,WAW,GOA,2025-11-07,Warszawa,Polska,Genoa,Włochy
2026-01-20,,633.0,WAW,GOA,2025-11-07,Warszawa,Polska,Genoa,Włochy
2026-01-21,,702.0,WAW,GOA,2025-11-07,Warszawa,Polska,Genoa,Włochy
2026-01-22,,428.0,WAW,GOA,2025-11-07,Warszawa,Polska,Genoa,Włochy
2026-01-23,,129.0,WAW,GOA,2025-11-07,Warszawa,Polska,Genoa,Włochy
2026-01-24,,702.0,WAW,GOA,2025-11-07,Warszawa,Polska,Genoa,Włochy
2026-01-25,,683.0,WAW,GOA,2025-11-07,Warszawa,Polska,Genoa,Włochy
2026-01-26,,109.0,WAW,GOA,2025-11-07,Warszawa,Polska,Genoa,Włochy
2026-01-27,,369.0,WAW,GOA,2025-11-07,Warszawa,Polska,Genoa,Włochy
2026-01-28,,702.0,WAW,GOA,2025-11-07,Warszawa,Polska,Genoa,Włochy
2026-01-29,,546.0,WAW,GOA,2025-11-07,Warszawa,Polska,Genoa,Włochy
2026-01-30,,109.0,WAW,GOA,2025-11-07,Warszawa,Polska,Genoa,Włochy
2025-11-07,,768.0,WAW,SPU,2025-11-07,Warszawa,Polska,Split,Chorwacja
2025-11-08,,1554.0,WAW,SPU,2025-11-07,Warszawa,Polska,Split,Chorwacja
2025-11-09,,1158.0,WAW,SPU,2025-11-07,Warszawa,Polska,Split,Chorwacja
2025-11-10,,802.0,WAW,SPU,2025-11-07,Warszawa,Polska,Split,Chorwacja
2025-11-11,,875.0,WAW,SPU,2025-11-07,Warszawa,Polska,Split,Chorwacja
2025-11-12,,768.0,WAW,SPU,2025-11-07,Warszawa,Polska,Split,Chorwacja
2025-11-13,,1004.0,WAW,SPU,2025-11-07,Warszawa,Polska,Split,Chorwacja
2025-11-14,,572.0,WAW,SPU,2025-11-07,Warszawa,Polska,Split,Chorwacja
2025-11-15,,902.0,WAW,SPU,2025-11-07,Warszawa,Polska,Split,Chorwacja
2025-11-16,,1029.0,WAW,SPU,2025-11-07,Warszawa,Polska,Split,Chorwacja
2025-11-17,,725.0,WAW,SPU,2025-11-07,Warszawa,Polska,Split,Chorwacja
2025-11-18,,921.0,WAW,SPU,2025-11-07,Warszawa,Polska,Split,Chorwacja
2025-11-19,,864.0,WAW,SPU,2025-11-07,Warszawa,Polska,Split,Chorwacja
2025-11-20,,921.0,WAW,SPU,2025-11-07,Warszawa,Polska,Split,Chorwacja
2025-11-21,,930.0,WAW,SPU,2025-11-07,Warszawa,Polska,Split,Chorwacja
2025-11-22,,902.0,WAW,SPU,2025-11-07,Warszawa,Polska,Split,Chorwacja
2025-11-23,,921.0,WAW,SPU,2025-11-07,Warszawa,Polska,Split,Chorwacja
2025-11-24,,525.0,WAW,SPU,2025-11-07,Warszawa,Polska,Split,Chorwacja
2025-11-25,,711.0,WAW,SPU,2025-11-07,Warszawa,Polska,Split,Chorwacja
2025-11-26,,492.0,WAW,SPU,2025-11-07,Warszawa,Polska,Split,Chorwacja
2025-11-27,,921.0,WAW,SPU,2025-11-07,Warszawa,Polska,Split,Chorwacja
2025-11-28,,799.0,WAW,SPU,2025-11-07,Warszawa,Polska,Split,Chorwacja
2025-11-29,,765.0,WAW,SPU,2025-11-07,Warszawa,Polska,Split,Chorwacja
2025-11-30,,788.0,WAW,SPU,2025-11-07,Warszawa,Polska,Split,Chorwacja
2025-12-01,,605.0,WAW,SPU,2025-11-07,Warszawa,Polska,Split,Chorwacja
2025-12-02,,711.0,WAW,SPU,2025-11-07,Warszawa,Polska,Split,Chorwacja
2025-12-03,,492.0,WAW,SPU,2025-11-07,Warszawa,Polska,Split,Chorwacja
2025-12-04,,799.0,WAW,SPU,2025-11-07,Warszawa,Polska,Split,Chorwacja
2025-12-05,,799.0,WAW,SPU,2025-11-07,Warszawa,Polska,Split,Chorwacja
2025-12-06,,439.0,WAW,SPU,2025-11-07,Warszawa,Polska,Split,Chorwacja
2025-12-07,,791.0,WAW,SPU,2025-11-07,Warszawa,Polska,Split,Chorwacja
2025-12-08,,605.0,WAW,SPU,2025-11-07,Warszawa,Polska,Split,Chorwacja
2025-12-09,,688.0,WAW,SPU,2025-11-07,Warszawa,Polska,Split,Chorwacja
2025-12-10,,492.0,WAW,SPU,2025-11-07,Warszawa,Polska,Split,Chorwacja
2025-12-11,,701.0,WAW,SPU,2025-11-07,Warszawa,Polska,Split,Chorwacja
2025-12-12,,688.0,WAW,SPU,2025-11-07,Warszawa,Polska,Split,Chorwacja
2025-12-13,,501.0,WAW,SPU,2025-11-07,Warszawa,Polska,Split,Chorwacja
2025-12-14,,730.0,WAW,SPU,2025-11-07,Warszawa,Polska,Split,Chorwacja
2025-12-15,,605.0,WAW,SPU,2025-11-07,Warszawa,Polska,Split,Chorwacja
2025-12-16,,558.0,WAW,SPU,2025-11-07,Warszawa,Polska,Split,Chorwacja
2025-12-17,,572.0,WAW,SPU,2025-11-07,Warszawa,Polska,Split,Chorwacja
2025-12-18,,810.0,WAW,SPU,2025-11-07,Warszawa,Polska,Split,Chorwacja
2025-12-19,,772.0,WAW,SPU,2025-11-07,Warszawa,Polska,Split,Chorwacja
2025-12-20,,969.0,WAW,SPU,2025-11-07,Warszawa,Polska,Split,Chorwacja
2025-12-21,,863.0,WAW,SPU,2025-11-07,Warszawa,Polska,Split,Chorwacja
2025-12-22,,772.0,WAW,SPU,2025-11-07,Warszawa,Polska,Split,Chorwacja
2025-12-23,,863.0,WAW,SPU,2025-11-07,Warszawa,Polska,Split,Chorwacja
2025-12-24,,801.0,WAW,SPU,2025-11-07,Warszawa,Polska,Split,Chorwacja
2025-12-25,,886.0,WAW,SPU,2025-11-07,Warszawa,Polska,Split,Chorwacja
2025-12-26,,701.0,WAW,SPU,2025-11-07,Warszawa,Polska,Split,Chorwacja
2025-12-27,,701.0,WAW,SPU,2025-11-07,Warszawa,Polska,Split,Chorwacja
2025-12-28,,688.0,WAW,SPU,2025-11-07,Warszawa,Polska,Split,Chorwacja
2025-12-29,,701.0,WAW,SPU,2025-11-07,Warszawa,Polska,Split,Chorwacja
2025-12-30,,701.0,WAW,SPU,2025-11-07,Warszawa,Polska,Split,Chorwacja
2025-12-31,,692.0,WAW,SPU,2025-11-07,Warszawa,Polska,Split,Chorwacja
2026-01-01,,701.0,WAW,SPU,2025-11-07,Warszawa,Polska,Split,Chorwacja
2026-01-02,,772.0,WAW,SPU,2025-11-07,Warszawa,Polska,Split,Chorwacja
2026-01-03,,770.0,WAW,SPU,2025-11-07,Warszawa,Polska,Split,Chorwacja
2026-01-04,,893.0,WAW,SPU,2025-11-07,Warszawa,Polska,Split,Chorwacja
2026-01-05,,688.0,WAW,SPU,2025-11-07,Warszawa,Polska,Split,Chorwacja
2026-01-06,,688.0,WAW,SPU,2025-11-07,Warszawa,Polska,Split,Chorwacja
2026-01-07,,572.0,WAW,SPU,2025-11-07,Warszawa,Polska,Split,Chorwacja
2026-01-08,,692.0,WAW,SPU,2025-11-07,Warszawa,Polska,Split,Chorwacja
2026-01-09,,462.0,WAW,SPU,2025-11-07,Warszawa,Polska,Split,Chorwacja
2026-01-10,,772.0,WAW,SPU,2025-11-07,Warszawa,Polska,Split,Chorwacja
2026-01-11,,788.0,WAW,SPU,2025-11-07,Warszawa,Polska,Split,Chorwacja
2026-01-12,,688.0,WAW,SPU,2025-11-07,Warszawa,Polska,Split,Chorwacja
2026-01-13,,655.0,WAW,SPU,2025-11-07,Warszawa,Polska,Split,Chorwacja
2026-01-14,,688.0,WAW,SPU,2025-11-07,Warszawa,Polska,Split,Chorwacja
2026-01-15,,688.0,WAW,SPU,2025-11-07,Warszawa,Polska,Split,Chorwacja
2026-01-16,,688.0,WAW,SPU,2025-11-07,Warszawa,Polska,Split,Chorwacja
2026-01-17,,701.0,WAW,SPU,2025-11-07,Warszawa,Polska,Split,Chorwacja
2026-01-18,,688.0,WAW,SPU,2025-11-07,Warszawa,Polska,Split,Chorwacja
2026-01-19,,688.0,WAW,SPU,2025-11-07,Warszawa,Polska,Split,Chorwacja
2026-01-20,,688.0,WAW,SPU,2025-11-07,Warszawa,Polska,Split,Chorwacja
2026-01-21,,688.0,WAW,SPU,2025-11-07,Warszawa,Polska,Split,Chorwacja
2026-01-22,,701.0,WAW,SPU,2025-11-07,Warszawa,Polska,Split,Chorwacja
2026-01-23,,688.0,WAW,SPU,2025-11-07,Warszawa,Polska,Split,Chorwacja
2026-01-24,,701.0,WAW,SPU,2025-11-07,Warszawa,Polska,Split,Chorwacja
2026-01-25,,685.0,WAW,SPU,2025-11-07,Warszawa,Polska,Split,Chorwacja
2026-01-26,,688.0,WAW,SPU,2025-11-07,Warszawa,Polska,Split,Chorwacja
2026-01-27,,655.0,WAW,SPU,2025-11-07,Warszawa,Polska,Split,Chorwacja
2026-01-28,,572.0,WAW,SPU,2025-11-07,Warszawa,Polska,Split,Chorwacja
2026-01-29,,655.0,WAW,SPU,2025-11-07,Warszawa,Polska,Split,Chorwacja
2026-01-30,,688.0,WAW,SPU,2025-11-07,Warszawa,Polska,Split,Chorwacja
2025-11-07,,1924.0,WAW,DBV,2025-11-07,Warszawa,Polska,Dubrovnik,Chorwacja
2025-11-08,,1232.0,WAW,DBV,2025-11-07,Warszawa,Polska,Dubrovnik,Chorwacja
2025-11-09,,1607.0,WAW,DBV,2025-11-07,Warszawa,Polska,Dubrovnik,Chorwacja
2025-11-10,,1204.0,WAW,DBV,2025-11-07,Warszawa,Polska,Dubrovnik,Chorwacja
2025-11-11,,746.0,WAW,DBV,2025-11-07,Warszawa,Polska,Dubrovnik,Chorwacja
2025-11-12,,861.0,WAW,DBV,2025-11-07,Warszawa,Polska,Dubrovnik,Chorwacja
2025-11-13,,862.0,WAW,DBV,2025-11-07,Warszawa,Polska,Dubrovnik,Chorwacja
2025-11-14,,753.0,WAW,DBV,2025-11-07,Warszawa,Polska,Dubrovnik,Chorwacja
2025-11-15,,576.0,WAW,DBV,2025-11-07,Warszawa,Polska,Dubrovnik,Chorwacja
2025-11-16,,1201.0,WAW,DBV,2025-11-07,Warszawa,Polska,Dubrovnik,Chorwacja
2025-11-17,,1051.0,WAW,DBV,2025-11-07,Warszawa,Polska,Dubrovnik,Chorwacja
2025-11-18,,921.0,WAW,DBV,2025-11-07,Warszawa,Polska,Dubrovnik,Chorwacja
2025-11-19,,921.0,WAW,DBV,2025-11-07,Warszawa,Polska,Dubrovnik,Chorwacja
2025-11-20,,719.0,WAW,DBV,2025-11-07,Warszawa,Polska,Dubrovnik,Chorwacja
2025-11-21,,890.0,WAW,DBV,2025-11-07,Warszawa,Polska,Dubrovnik,Chorwacja
2025-11-22,,506.0,WAW,DBV,2025-11-07,Warszawa,Polska,Dubrovnik,Chorwacja
2025-11-23,,921.0,WAW,DBV,2025-11-07,Warszawa,Polska,Dubrovnik,Chorwacja
2025-11-24,,635.0,WAW,DBV,2025-11-07,Warszawa,Polska,Dubrovnik,Chorwacja
2025-11-25,,506.0,WAW,DBV,2025-11-07,Warszawa,Polska,Dubrovnik,Chorwacja
2025-11-26,,820.0,WAW,DBV,2025-11-07,Warszawa,Polska,Dubrovnik,Chorwacja
2025-11-27,,502.0,WAW,DBV,2025-11-07,Warszawa,Polska,Dubrovnik,Chorwacja
2025-11-28,,536.0,WAW,DBV,2025-11-07,Warszawa,Polska,Dubrovnik,Chorwacja
2025-11-29,,446.0,WAW,DBV,2025-11-07,Warszawa,Polska,Dubrovnik,Chorwacja
2025-11-30,,788.0,WAW,DBV,2025-11-07,Warszawa,Polska,Dubrovnik,Chorwacja
2025-12-01,,753.0,WAW,DBV,2025-11-07,Warszawa,Polska,Dubrovnik,Chorwacja
2025-12-02,,446.0,WAW,DBV,2025-11-07,Warszawa,Polska,Dubrovnik,Chorwacja
2025-12-03,,721.0,WAW,DBV,2025-11-07,Warszawa,Polska,Dubrovnik,Chorwacja
2025-12-04,,502.0,WAW,DBV,2025-11-07,Warszawa,Polska,Dubrovnik,Chorwacja
2025-12-05,,536.0,WAW,DBV,2025-11-07,Warszawa,Polska,Dubrovnik,Chorwacja
2025-12-06,,446.0,WAW,DBV,2025-11-07,Warszawa,Polska,Dubrovnik,Chorwacja
2025-12-07,,688.0,WAW,DBV,2025-11-07,Warszawa,Polska,Dubrovnik,Chorwacja
2025-12-08,,753.0,WAW,DBV,2025-11-07,Warszawa,Polska,Dubrovnik,Chorwacja
2025-12-09,,446.0,WAW,DBV,2025-11-07,Warszawa,Polska,Dubrovnik,Chorwacja
2025-12-10,,688.0,WAW,DBV,2025-11-07,Warszawa,Polska,Dubrovnik,Chorwacja
2025-12-11,,502.0,WAW,DBV,2025-11-07,Warszawa,Polska,Dubrovnik,Chorwacja
2025-12-12,,688.0,WAW,DBV,2025-11-07,Warszawa,Polska,Dubrovnik,Chorwacja
2025-12-13,,446.0,WAW,DBV,2025-11-07,Warszawa,Polska,Dubrovnik,Chorwacja
2025-12-14,,688.0,WAW,DBV,2025-11-07,Warszawa,Polska,Dubrovnik,Chorwacja
2025-12-15,,688.0,WAW,DBV,2025-11-07,Warszawa,Polska,Dubrovnik,Chorwacja
2025-12-16,,613.0,WAW,DBV,2025-11-07,Warszawa,Polska,Dubrovnik,Chorwacja
2025-12-17,,688.0,WAW,DBV,2025-11-07,Warszawa,Polska,Dubrovnik,Chorwacja
2025-12-18,,502.0,WAW,DBV,2025-11-07,Warszawa,Polska,Dubrovnik,Chorwacja
2025-12-19,,602.0,WAW,DBV,2025-11-07,Warszawa,Polska,Dubrovnik,Chorwacja
2025-12-20,,646.0,WAW,DBV,2025-11-07,Warszawa,Polska,Dubrovnik,Chorwacja
2025-12-21,,877.0,WAW,DBV,2025-11-07,Warszawa,Polska,Dubrovnik,Chorwacja
2025-12-22,,921.0,WAW,DBV,2025-11-07,Warszawa,Polska,Dubrovnik,Chorwacja
2025-12-23,,602.0,WAW,DBV,2025-11-07,Warszawa,Polska,Dubrovnik,Chorwacja
2025-12-24,,688.0,WAW,DBV,2025-11-07,Warszawa,Polska,Dubrovnik,Chorwacja
2025-12-25,,730.0,WAW,DBV,2025-11-07,Warszawa,Polska,Dubrovnik,Chorwacja
2025-12-26,,688.0,WAW,DBV,2025-11-07,Warszawa,Polska,Dubrovnik,Chorwacja
2025-12-27,,646.0,WAW,DBV,2025-11-07,Warszawa,Polska,Dubrovnik,Chorwacja
2025-12-28,,688.0,WAW,DBV,2025-11-07,Warszawa,Polska,Dubrovnik,Chorwacja
2025-12-29,,688.0,WAW,DBV,2025-11-07,Warszawa,Polska,Dubrovnik,Chorwacja
2025-12-30,,576.0,WAW,DBV,2025-11-07,Warszawa,Polska,Dubrovnik,Chorwacja
2025-12-31,,688.0,WAW,DBV,2025-11-07,Warszawa,Polska,Dubrovnik,Chorwacja
2026-01-01,,701.0,WAW,DBV,2025-11-07,Warszawa,Polska,Dubrovnik,Chorwacja
2026-01-02,,788.0,WAW,DBV,2025-11-07,Warszawa,Polska,Dubrovnik,Chorwacja
2026-01-03,,576.0,WAW,DBV,2025-11-07,Warszawa,Polska,Dubrovnik,Chorwacja
2026-01-04,,1051.0,WAW,DBV,2025-11-07,Warszawa,Polska,Dubrovnik,Chorwacja
2026-01-05,,688.0,WAW,DBV,2025-11-07,Warszawa,Polska,Dubrovnik,Chorwacja
2026-01-06,,576.0,WAW,DBV,2025-11-07,Warszawa,Polska,Dubrovnik,Chorwacja
2026-01-07,,688.0,WAW,DBV,2025-11-07,Warszawa,Polska,Dubrovnik,Chorwacja
2026-01-08,,688.0,WAW,DBV,2025-11-07,Warszawa,Polska,Dubrovnik,Chorwacja
2026-01-09,,688.0,WAW,DBV,2025-11-07,Warszawa,Polska,Dubrovnik,Chorwacja
2026-01-10,,576.0,WAW,DBV,2025-11-07,Warszawa,Polska,Dubrovnik,Chorwacja
2026-01-11,,765.0,WAW,DBV,2025-11-07,Warszawa,Polska,Dubrovnik,Chorwacja
2026-01-12,,688.0,WAW,DBV,2025-11-07,Warszawa,Polska,Dubrovnik,Chorwacja
2026-01-13,,506.0,WAW,DBV,2025-11-07,Warszawa,Polska,Dubrovnik,Chorwacja
2026-01-14,,688.0,WAW,DBV,2025-11-07,Warszawa,Polska,Dubrovnik,Chorwacja
2026-01-15,,688.0,WAW,DBV,2025-11-07,Warszawa,Polska,Dubrovnik,Chorwacja
2026-01-16,,688.0,WAW,DBV,2025-11-07,Warszawa,Polska,Dubrovnik,Chorwacja
2026-01-17,,576.0,WAW,DBV,2025-11-07,Warszawa,Polska,Dubrovnik,Chorwacja
2026-01-18,,688.0,WAW,DBV,2025-11-07,Warszawa,Polska,Dubrovnik,Chorwacja
2026-01-19,,688.0,WAW,DBV,2025-11-07,Warszawa,Polska,Dubrovnik,Chorwacja
2026-01-20,,576.0,WAW,DBV,2025-11-07,Warszawa,Polska,Dubrovnik,Chorwacja
2026-01-21,,688.0,WAW,DBV,2025-11-07,Warszawa,Polska,Dubrovnik,Chorwacja
2026-01-22,,688.0,WAW,DBV,2025-11-07,Warszawa,Polska,Dubrovnik,Chorwacja
2026-01-23,,688.0,WAW,DBV,2025-11-07,Warszawa,Polska,Dubrovnik,Chorwacja
2026-01-24,,576.0,WAW,DBV,2025-11-07,Warszawa,Polska,Dubrovnik,Chorwacja
2026-01-25,,614.0,WAW,DBV,2025-11-07,Warszawa,Polska,Dubrovnik,Chorwacja
2026-01-26,,688.0,WAW,DBV,2025-11-07,Warszawa,Polska,Dubrovnik,Chorwacja
2026-01-27,,576.0,WAW,DBV,2025-11-07,Warszawa,Polska,Dubrovnik,Chorwacja
2026-01-28,,688.0,WAW,DBV,2025-11-07,Warszawa,Polska,Dubrovnik,Chorwacja
2026-01-29,,688.0,WAW,DBV,2025-11-07,Warszawa,Polska,Dubrovnik,Chorwacja
2026-01-30,,688.0,WAW,DBV,2025-11-07,Warszawa,Polska,Dubrovnik,Chorwacja
2025-11-07,,2092.0,WAW,ZAD,2025-11-07,Warszawa,Polska,Zadar,Chorwacja
2025-11-08,,1638.0,WAW,ZAD,2025-11-07,Warszawa,Polska,Zadar,Chorwacja
2025-11-09,,1619.0,WAW,ZAD,2025-11-07,Warszawa,Polska,Zadar,Chorwacja
2025-11-10,,1489.0,WAW,ZAD,2025-11-07,Warszawa,Polska,Zadar,Chorwacja
2025-11-11,,1337.0,WAW,ZAD,2025-11-07,Warszawa,Polska,Zadar,Chorwacja
2025-11-12,,1401.0,WAW,ZAD,2025-11-07,Warszawa,Polska,Zadar,Chorwacja
2025-11-13,,1201.0,WAW,ZAD,2025-11-07,Warszawa,Polska,Zadar,Chorwacja
2025-11-14,,1201.0,WAW,ZAD,2025-11-07,Warszawa,Polska,Zadar,Chorwacja
2025-11-15,,1166.0,WAW,ZAD,2025-11-07,Warszawa,Polska,Zadar,Chorwacja
2025-11-16,,1286.0,WAW,ZAD,2025-11-07,Warszawa,Polska,Zadar,Chorwacja
2025-11-17,,1051.0,WAW,ZAD,2025-11-07,Warszawa,Polska,Zadar,Chorwacja
2025-11-18,,921.0,WAW,ZAD,2025-11-07,Warszawa,Polska,Zadar,Chorwacja
2025-11-19,,921.0,WAW,ZAD,2025-11-07,Warszawa,Polska,Zadar,Chorwacja
2025-11-20,,921.0,WAW,ZAD,2025-11-07,Warszawa,Polska,Zadar,Chorwacja
2025-11-21,,1051.0,WAW,ZAD,2025-11-07,Warszawa,Polska,Zadar,Chorwacja
2025-11-22,,1018.0,WAW,ZAD,2025-11-07,Warszawa,Polska,Zadar,Chorwacja
2025-11-23,,1006.0,WAW,ZAD,2025-11-07,Warszawa,Polska,Zadar,Chorwacja
2025-11-24,,921.0,WAW,ZAD,2025-11-07,Warszawa,Polska,Zadar,Chorwacja
2025-11-25,,921.0,WAW,ZAD,2025-11-07,Warszawa,Polska,Zadar,Chorwacja
2025-11-26,,1201.0,WAW,ZAD,2025-11-07,Warszawa,Polska,Zadar,Chorwacja
2025-11-27,,921.0,WAW,ZAD,2025-11-07,Warszawa,Polska,Zadar,Chorwacja
2025-11-28,,1051.0,WAW,ZAD,2025-11-07,Warszawa,Polska,Zadar,Chorwacja
2025-11-29,,1012.0,WAW,ZAD,2025-11-07,Warszawa,Polska,Zadar,Chorwacja
2025-11-30,,886.0,WAW,ZAD,2025-11-07,Warszawa,Polska,Zadar,Chorwacja
2025-12-01,,921.0,WAW,ZAD,2025-11-07,Warszawa,Polska,Zadar,Chorwacja
2025-12-02,,801.0,WAW,ZAD,2025-11-07,Warszawa,Polska,Zadar,Chorwacja
2025-12-03,,801.0,WAW,ZAD,2025-11-07,Warszawa,Polska,Zadar,Chorwacja
2025-12-04,,886.0,WAW,ZAD,2025-11-07,Warszawa,Polska,Zadar,Chorwacja
2025-12-05,,801.0,WAW,ZAD,2025-11-07,Warszawa,Polska,Zadar,Chorwacja
2025-12-06,,782.0,WAW,ZAD,2025-11-07,Warszawa,Polska,Zadar,Chorwacja
2025-12-07,,786.0,WAW,ZAD,2025-11-07,Warszawa,Polska,Zadar,Chorwacja
2025-12-08,,801.0,WAW,ZAD,2025-11-07,Warszawa,Polska,Zadar,Chorwacja
2025-12-09,,701.0,WAW,ZAD,2025-11-07,Warszawa,Polska,Zadar,Chorwacja
2025-12-10,,701.0,WAW,ZAD,2025-11-07,Warszawa,Polska,Zadar,Chorwacja
2025-12-11,,701.0,WAW,ZAD,2025-11-07,Warszawa,Polska,Zadar,Chorwacja
2025-12-12,,701.0,WAW,ZAD,2025-11-07,Warszawa,Polska,Zadar,Chorwacja
2025-12-13,,885.0,WAW,ZAD,2025-11-07,Warszawa,Polska,Zadar,Chorwacja
2025-12-14,,786.0,WAW,ZAD,2025-11-07,Warszawa,Polska,Zadar,Chorwacja
2025-12-15,,701.0,WAW,ZAD,2025-11-07,Warszawa,Polska,Zadar,Chorwacja
2025-12-16,,701.0,WAW,ZAD,2025-11-07,Warszawa,Polska,Zadar,Chorwacja
2025-12-17,,701.0,WAW,ZAD,2025-11-07,Warszawa,Polska,Zadar,Chorwacja
2025-12-18,,921.0,WAW,ZAD,2025-11-07,Warszawa,Polska,Zadar,Chorwacja
2025-12-19,,887.0,WAW,ZAD,2025-11-07,Warszawa,Polska,Zadar,Chorwacja
2025-12-20,,1286.0,WAW,ZAD,2025-11-07,Warszawa,Polska,Zadar,Chorwacja
2025-12-21,,1090.0,WAW,ZAD,2025-11-07,Warszawa,Polska,Zadar,Chorwacja
2025-12-22,,887.0,WAW,ZAD,2025-11-07,Warszawa,Polska,Zadar,Chorwacja
2025-12-23,,887.0,WAW,ZAD,2025-11-07,Warszawa,Polska,Zadar,Chorwacja
2025-12-24,,701.0,WAW,ZAD,2025-11-07,Warszawa,Polska,Zadar,Chorwacja
2025-12-25,,786.0,WAW,ZAD,2025-11-07,Warszawa,Polska,Zadar,Chorwacja
2025-12-26,,701.0,WAW,ZAD,2025-11-07,Warszawa,Polska,Zadar,Chorwacja
2025-12-27,,786.0,WAW,ZAD,2025-11-07,Warszawa,Polska,Zadar,Chorwacja
2025-12-28,,786.0,WAW,ZAD,2025-11-07,Warszawa,Polska,Zadar,Chorwacja
2025-12-29,,701.0,WAW,ZAD,2025-11-07,Warszawa,Polska,Zadar,Chorwacja
2025-12-30,,701.0,WAW,ZAD,2025-11-07,Warszawa,Polska,Zadar,Chorwacja
2025-12-31,,701.0,WAW,ZAD,2025-11-07,Warszawa,Polska,Zadar,Chorwacja
2026-01-01,,786.0,WAW,ZAD,2025-11-07,Warszawa,Polska,Zadar,Chorwacja
2026-01-02,,801.0,WAW,ZAD,2025-11-07,Warszawa,Polska,Zadar,Chorwacja
2026-01-03,,1164.0,WAW,ZAD,2025-11-07,Warszawa,Polska,Zadar,Chorwacja
2026-01-04,,1090.0,WAW,ZAD,2025-11-07,Warszawa,Polska,Zadar,Chorwacja
2026-01-05,,701.0,WAW,ZAD,2025-11-07,Warszawa,Polska,Zadar,Chorwacja
2026-01-06,,701.0,WAW,ZAD,2025-11-07,Warszawa,Polska,Zadar,Chorwacja
2026-01-07,,701.0,WAW,ZAD,2025-11-07,Warszawa,Polska,Zadar,Chorwacja
2026-01-08,,701.0,WAW,ZAD,2025-11-07,Warszawa,Polska,Zadar,Chorwacja
2026-01-09,,701.0,WAW,ZAD,2025-11-07,Warszawa,Polska,Zadar,Chorwacja
2026-01-10,,786.0,WAW,ZAD,2025-11-07,Warszawa,Polska,Zadar,Chorwacja
2026-01-11,,886.0,WAW,ZAD,2025-11-07,Warszawa,Polska,Zadar,Chorwacja
2026-01-12,,701.0,WAW,ZAD,2025-11-07,Warszawa,Polska,Zadar,Chorwacja
2026-01-13,,701.0,WAW,ZAD,2025-11-07,Warszawa,Polska,Zadar,Chorwacja
2026-01-14,,701.0,WAW,ZAD,2025-11-07,Warszawa,Polska,Zadar,Chorwacja
2026-01-15,,701.0,WAW,ZAD,2025-11-07,Warszawa,Polska,Zadar,Chorwacja
2026-01-16,,701.0,WAW,ZAD,2025-11-07,Warszawa,Polska,Zadar,Chorwacja
2026-01-17,,786.0,WAW,ZAD,2025-11-07,Warszawa,Polska,Zadar,Chorwacja
2026-01-18,,786.0,WAW,ZAD,2025-11-07,Warszawa,Polska,Zadar,Chorwacja
2026-01-19,,701.0,WAW,ZAD,2025-11-07,Warszawa,Polska,Zadar,Chorwacja
2026-01-20,,701.0,WAW,ZAD,2025-11-07,Warszawa,Polska,Zadar,Chorwacja
2026-01-21,,701.0,WAW,ZAD,2025-11-07,Warszawa,Polska,Zadar,Chorwacja
2026-01-22,,701.0,WAW,ZAD,2025-11-07,Warszawa,Polska,Zadar,Chorwacja
2026-01-23,,701.0,WAW,ZAD,2025-11-07,Warszawa,Polska,Zadar,Chorwacja
2026-01-24,,786.0,WAW,ZAD,2025-11-07,Warszawa,Polska,Zadar,Chorwacja
2026-01-25,,786.0,WAW,ZAD,2025-11-07,Warszawa,Polska,Zadar,Chorwacja
2026-01-26,,701.0,WAW,ZAD,2025-11-07,Warszawa,Polska,Zadar,Chorwacja
2026-01-27,,701.0,WAW,ZAD,2025-11-07,Warszawa,Polska,Zadar,Chorwacja
2026-01-28,,701.0,WAW,ZAD,2025-11-07,Warszawa,Polska,Zadar,Chorwacja
2026-01-29,,701.0,WAW,ZAD,2025-11-07,Warszawa,Polska,Zadar,Chorwacja
2026-01-30,,701.0,WAW,ZAD,2025-11-07,Warszawa,Polska,Zadar,Chorwacja
2025-11-07,,801.0,WAW,LCA,2025-11-07,Warszawa,Polska,Larnaka,Cypr
2025-11-08,,1555.0,WAW,LCA,2025-11-07,Warszawa,Polska,Larnaka,Cypr
2025-11-09,,1498.0,WAW,LCA,2025-11-07,Warszawa,Polska,Larnaka,Cypr
2025-11-10,,633.0,WAW,LCA,2025-11-07,Warszawa,Polska,Larnaka,Cypr
2025-11-11,,425.0,WAW,LCA,2025-11-07,Warszawa,Polska,Larnaka,Cypr
2025-11-12,,519.0,WAW,LCA,2025-11-07,Warszawa,Polska,Larnaka,Cypr
2025-11-13,,299.0,WAW,LCA,2025-11-07,Warszawa,Polska,Larnaka,Cypr
2025-11-14,,359.0,WAW,LCA,2025-11-07,Warszawa,Polska,Larnaka,Cypr
2025-11-15,,399.0,WAW,LCA,2025-11-07,Warszawa,Polska,Larnaka,Cypr
2025-11-16,,269.0,WAW,LCA,2025-11-07,Warszawa,Polska,Larnaka,Cypr
2025-11-17,,249.0,WAW,LCA,2025-11-07,Warszawa,Polska,Larnaka,Cypr
2025-11-18,,249.0,WAW,LCA,2025-11-07,Warszawa,Polska,Larnaka,Cypr
2025-11-19,,219.0,WAW,LCA,2025-11-07,Warszawa,Polska,Larnaka,Cypr
2025-11-20,,309.0,WAW,LCA,2025-11-07,Warszawa,Polska,Larnaka,Cypr
2025-11-21,,399.0,WAW,LCA,2025-11-07,Warszawa,Polska,Larnaka,Cypr
2025-11-22,,352.0,WAW,LCA,2025-11-07,Warszawa,Polska,Larnaka,Cypr
2025-11-23,,359.0,WAW,LCA,2025-11-07,Warszawa,Polska,Larnaka,Cypr
2025-11-24,,219.0,WAW,LCA,2025-11-07,Warszawa,Polska,Larnaka,Cypr
2025-11-25,,219.0,WAW,LCA,2025-11-07,Warszawa,Polska,Larnaka,Cypr
2025-11-26,,219.0,WAW,LCA,2025-11-07,Warszawa,Polska,Larnaka,Cypr
2025-11-27,,310.0,WAW,LCA,2025-11-07,Warszawa,Polska,Larnaka,Cypr
2025-11-28,,299.0,WAW,LCA,2025-11-07,Warszawa,Polska,Larnaka,Cypr
2025-11-29,,269.0,WAW,LCA,2025-11-07,Warszawa,Polska,Larnaka,Cypr
2025-11-30,,219.0,WAW,LCA,2025-11-07,Warszawa,Polska,Larnaka,Cypr
2025-12-01,,219.0,WAW,LCA,2025-11-07,Warszawa,Polska,Larnaka,Cypr
2025-12-02,,219.0,WAW,LCA,2025-11-07,Warszawa,Polska,Larnaka,Cypr
2025-12-03,,219.0,WAW,LCA,2025-11-07,Warszawa,Polska,Larnaka,Cypr
2025-12-04,,219.0,WAW,LCA,2025-11-07,Warszawa,Polska,Larnaka,Cypr
2025-12-05,,219.0,WAW,LCA,2025-11-07,Warszawa,Polska,Larnaka,Cypr
2025-12-06,,219.0,WAW,LCA,2025-11-07,Warszawa,Polska,Larnaka,Cypr
2025-12-07,,219.0,WAW,LCA,2025-11-07,Warszawa,Polska,Larnaka,Cypr
2025-12-08,,219.0,WAW,LCA,2025-11-07,Warszawa,Polska,Larnaka,Cypr
2025-12-09,,219.0,WAW,LCA,2025-11-07,Warszawa,Polska,Larnaka,Cypr
2025-12-10,,219.0,WAW,LCA,2025-11-07,Warszawa,Polska,Larnaka,Cypr
2025-12-11,,219.0,WAW,LCA,2025-11-07,Warszawa,Polska,Larnaka,Cypr
2025-12-12,,219.0,WAW,LCA,2025-11-07,Warszawa,Polska,Larnaka,Cypr
2025-12-13,,219.0,WAW,LCA,2025-11-07,Warszawa,Polska,Larnaka,Cypr
2025-12-14,,219.0,WAW,LCA,2025-11-07,Warszawa,Polska,Larnaka,Cypr
2025-12-15,,219.0,WAW,LCA,2025-11-07,Warszawa,Polska,Larnaka,Cypr
2025-12-16,,219.0,WAW,LCA,2025-11-07,Warszawa,Polska,Larnaka,Cypr
2025-12-17,,219.0,WAW,LCA,2025-11-07,Warszawa,Polska,Larnaka,Cypr
2025-12-18,,219.0,WAW,LCA,2025-11-07,Warszawa,Polska,Larnaka,Cypr
2025-12-19,,309.0,WAW,LCA,2025-11-07,Warszawa,Polska,Larnaka,Cypr
2025-12-20,,299.0,WAW,LCA,2025-11-07,Warszawa,Polska,Larnaka,Cypr
2025-12-21,,309.0,WAW,LCA,2025-11-07,Warszawa,Polska,Larnaka,Cypr
2025-12-22,,309.0,WAW,LCA,2025-11-07,Warszawa,Polska,Larnaka,Cypr
2025-12-23,,449.0,WAW,LCA,2025-11-07,Warszawa,Polska,Larnaka,Cypr
2025-12-24,,399.0,WAW,LCA,2025-11-07,Warszawa,Polska,Larnaka,Cypr
2025-12-25,,519.0,WAW,LCA,2025-11-07,Warszawa,Polska,Larnaka,Cypr
2025-12-26,,719.0,WAW,LCA,2025-11-07,Warszawa,Polska,Larnaka,Cypr
2025-12-27,,849.0,WAW,LCA,2025-11-07,Warszawa,Polska,Larnaka,Cypr
2025-12-28,,809.0,WAW,LCA,2025-11-07,Warszawa,Polska,Larnaka,Cypr
2025-12-29,,922.0,WAW,LCA,2025-11-07,Warszawa,Polska,Larnaka,Cypr
2025-12-30,,719.0,WAW,LCA,2025-11-07,Warszawa,Polska,Larnaka,Cypr
2025-12-31,,669.0,WAW,LCA,2025-11-07,Warszawa,Polska,Larnaka,Cypr
2026-01-01,,249.0,WAW,LCA,2025-11-07,Warszawa,Polska,Larnaka,Cypr
2026-01-02,,219.0,WAW,LCA,2025-11-07,Warszawa,Polska,Larnaka,Cypr
2026-01-03,,219.0,WAW,LCA,2025-11-07,Warszawa,Polska,Larnaka,Cypr
2026-01-04,,219.0,WAW,LCA,2025-11-07,Warszawa,Polska,Larnaka,Cypr
2026-01-05,,219.0,WAW,LCA,2025-11-07,Warszawa,Polska,Larnaka,Cypr
2026-01-06,,219.0,WAW,LCA,2025-11-07,Warszawa,Polska,Larnaka,Cypr
2026-01-07,,219.0,WAW,LCA,2025-11-07,Warszawa,Polska,Larnaka,Cypr
2026-01-08,,219.0,WAW,LCA,2025-11-07,Warszawa,Polska,Larnaka,Cypr
2026-01-09,,219.0,WAW,LCA,2025-11-07,Warszawa,Polska,Larnaka,Cypr
2026-01-10,,219.0,WAW,LCA,2025-11-07,Warszawa,Polska,Larnaka,Cypr
2026-01-11,,219.0,WAW,LCA,2025-11-07,Warszawa,Polska,Larnaka,Cypr
2026-01-12,,219.0,WAW,LCA,2025-11-07,Warszawa,Polska,Larnaka,Cypr
2026-01-13,,219.0,WAW,LCA,2025-11-07,Warszawa,Polska,Larnaka,Cypr
2026-01-14,,219.0,WAW,LCA,2025-11-07,Warszawa,Polska,Larnaka,Cypr
2026-01-15,,219.0,WAW,LCA,2025-11-07,Warszawa,Polska,Larnaka,Cypr
2026-01-16,,309.0,WAW,LCA,2025-11-07,Warszawa,Polska,Larnaka,Cypr
2026-01-17,,327.0,WAW,LCA,2025-11-07,Warszawa,Polska,Larnaka,Cypr
2026-01-18,,269.0,WAW,LCA,2025-11-07,Warszawa,Polska,Larnaka,Cypr
2026-01-19,,249.0,WAW,LCA,2025-11-07,Warszawa,Polska,Larnaka,Cypr
2026-01-20,,299.0,WAW,LCA,2025-11-07,Warszawa,Polska,Larnaka,Cypr
2026-01-21,,249.0,WAW,LCA,2025-11-07,Warszawa,Polska,Larnaka,Cypr
2026-01-22,,219.0,WAW,LCA,2025-11-07,Warszawa,Polska,Larnaka,Cypr
2026-01-23,,309.0,WAW,LCA,2025-11-07,Warszawa,Polska,Larnaka,Cypr
2026-01-24,,309.0,WAW,LCA,2025-11-07,Warszawa,Polska,Larnaka,Cypr
2026-01-25,,309.0,WAW,LCA,2025-11-07,Warszawa,Polska,Larnaka,Cypr
2026-01-26,,219.0,WAW,LCA,2025-11-07,Warszawa,Polska,Larnaka,Cypr
2026-01-27,,219.0,WAW,LCA,2025-11-07,Warszawa,Polska,Larnaka,Cypr
2026-01-28,,219.0,WAW,LCA,2025-11-07,Warszawa,Polska,Larnaka,Cypr
2026-01-29,,219.0,WAW,LCA,2025-11-07,Warszawa,Polska,Larnaka,Cypr
2026-01-30,,219.0,WAW,LCA,2025-11-07,Warszawa,Polska,Larnaka,Cypr
2025-11-07,,5084.0,WAW,PFO,2025-11-07,Warszawa,Polska,Pafos,Cypr
2025-11-08,,3527.0,WAW,PFO,2025-11-07,Warszawa,Polska,Pafos,Cypr
2025-11-09,,10856.0,WAW,PFO,2025-11-07,Warszawa,Polska,Pafos,Cypr
2025-11-10,,1319.0,WAW,PFO,2025-11-07,Warszawa,Polska,Pafos,Cypr
2025-11-11,,1833.0,WAW,PFO,2025-11-07,Warszawa,Polska,Pafos,Cypr
2025-11-12,,2353.0,WAW,PFO,2025-11-07,Warszawa,Polska,Pafos,Cypr
2025-11-13,,5707.0,WAW,PFO,2025-11-07,Warszawa,Polska,Pafos,Cypr
2025-11-14,,808.0,WAW,PFO,2025-11-07,Warszawa,Polska,Pafos,Cypr
2025-11-15,,1926.0,WAW,PFO,2025-11-07,Warszawa,Polska,Pafos,Cypr
2025-11-16,,10663.0,WAW,PFO,2025-11-07,Warszawa,Polska,Pafos,Cypr
2025-11-17,,171.0,WAW,PFO,2025-11-07,Warszawa,Polska,Pafos,Cypr
2025-11-18,,1953.0,WAW,PFO,2025-11-07,Warszawa,Polska,Pafos,Cypr
2025-11-19,,1865.0,WAW,PFO,2025-11-07,Warszawa,Polska,Pafos,Cypr
2025-11-20,,8224.0,WAW,PFO,2025-11-07,Warszawa,Polska,Pafos,Cypr
2025-11-21,,265.0,WAW,PFO,2025-11-07,Warszawa,Polska,Pafos,Cypr
2025-11-22,,1504.0,WAW,PFO,2025-11-07,Warszawa,Polska,Pafos,Cypr
2025-11-23,,10663.0,WAW,PFO,2025-11-07,Warszawa,Polska,Pafos,Cypr
2025-11-24,,167.0,WAW,PFO,2025-11-07,Warszawa,Polska,Pafos,Cypr
2025-11-25,,1983.0,WAW,PFO,2025-11-07,Warszawa,Polska,Pafos,Cypr
2025-11-26,,1715.0,WAW,PFO,2025-11-07,Warszawa,Polska,Pafos,Cypr
2025-11-27,,5565.0,WAW,PFO,2025-11-07,Warszawa,Polska,Pafos,Cypr
2025-11-28,,227.0,WAW,PFO,2025-11-07,Warszawa,Polska,Pafos,Cypr
2025-11-29,,3777.0,WAW,PFO,2025-11-07,Warszawa,Polska,Pafos,Cypr
2025-12-01,,155.0,WAW,PFO,2025-11-07,Warszawa,Polska,Pafos,Cypr
2025-12-02,,5497.0,WAW,PFO,2025-11-07,Warszawa,Polska,Pafos,Cypr
2025-12-03,,3092.0,WAW,PFO,2025-11-07,Warszawa,Polska,Pafos,Cypr
2025-12-04,,5623.0,WAW,PFO,2025-11-07,Warszawa,Polska,Pafos,Cypr
2025-12-05,,210.0,WAW,PFO,2025-11-07,Warszawa,Polska,Pafos,Cypr
2025-12-06,,4326.0,WAW,PFO,2025-11-07,Warszawa,Polska,Pafos,Cypr
2025-12-07,,10768.0,WAW,PFO,2025-11-07,Warszawa,Polska,Pafos,Cypr
2025-12-08,,161.0,WAW,PFO,2025-11-07,Warszawa,Polska,Pafos,Cypr
2025-12-09,,5965.0,WAW,PFO,2025-11-07,Warszawa,Polska,Pafos,Cypr
2025-12-10,,3092.0,WAW,PFO,2025-11-07,Warszawa,Polska,Pafos,Cypr
2025-12-11,,3585.0,WAW,PFO,2025-11-07,Warszawa,Polska,Pafos,Cypr
2025-12-12,,159.0,WAW,PFO,2025-11-07,Warszawa,Polska,Pafos,Cypr
2025-12-13,,4776.0,WAW,PFO,2025-11-07,Warszawa,Polska,Pafos,Cypr
2025-12-14,,11930.0,WAW,PFO,2025-11-07,Warszawa,Polska,Pafos,Cypr
2025-12-15,,161.0,WAW,PFO,2025-11-07,Warszawa,Polska,Pafos,Cypr
2025-12-16,,5573.0,WAW,PFO,2025-11-07,Warszawa,Polska,Pafos,Cypr
2025-12-17,,3327.0,WAW,PFO,2025-11-07,Warszawa,Polska,Pafos,Cypr
2025-12-18,,3828.0,WAW,PFO,2025-11-07,Warszawa,Polska,Pafos,Cypr
2025-12-19,,247.0,WAW,PFO,2025-11-07,Warszawa,Polska,Pafos,Cypr
2025-12-20,,4576.0,WAW,PFO,2025-11-07,Warszawa,Polska,Pafos,Cypr
2025-12-21,,11930.0,WAW,PFO,2025-11-07,Warszawa,Polska,Pafos,Cypr
2025-12-22,,286.0,WAW,PFO,2025-11-07,Warszawa,Polska,Pafos,Cypr
2025-12-23,,5707.0,WAW,PFO,2025-11-07,Warszawa,Polska,Pafos,Cypr
2025-12-24,,3527.0,WAW,PFO,2025-11-07,Warszawa,Polska,Pafos,Cypr
2025-12-25,,3135.0,WAW,PFO,2025-11-07,Warszawa,Polska,Pafos,Cypr
2025-12-27,,4776.0,WAW,PFO,2025-11-07,Warszawa,Polska,Pafos,Cypr
2025-12-28,,11930.0,WAW,PFO,2025-11-07,Warszawa,Polska,Pafos,Cypr
2025-12-29,,824.0,WAW,PFO,2025-11-07,Warszawa,Polska,Pafos,Cypr
2025-12-30,,5565.0,WAW,PFO,2025-11-07,Warszawa,Polska,Pafos,Cypr
2025-12-31,,3777.0,WAW,PFO,2025-11-07,Warszawa,Polska,Pafos,Cypr
2026-01-01,,3148.0,WAW,PFO,2025-11-07,Warszawa,Polska,Pafos,Cypr
2026-01-02,,250.0,WAW,PFO,2025-11-07,Warszawa,Polska,Pafos,Cypr
2026-01-03,,4776.0,WAW,PFO,2025-11-07,Warszawa,Polska,Pafos,Cypr
2026-01-04,,11935.0,WAW,PFO,2025-11-07,Warszawa,Polska,Pafos,Cypr
2026-01-05,,167.0,WAW,PFO,2025-11-07,Warszawa,Polska,Pafos,Cypr
2026-01-06,,5577.0,WAW,PFO,2025-11-07,Warszawa,Polska,Pafos,Cypr
2026-01-07,,3092.0,WAW,PFO,2025-11-07,Warszawa,Polska,Pafos,Cypr
2026-01-08,,2900.0,WAW,PFO,2025-11-07,Warszawa,Polska,Pafos,Cypr
2026-01-09,,119.0,WAW,PFO,2025-11-07,Warszawa,Polska,Pafos,Cypr
2026-01-10,,3777.0,WAW,PFO,2025-11-07,Warszawa,Polska,Pafos,Cypr
2026-01-11,,10773.0,WAW,PFO,2025-11-07,Warszawa,Polska,Pafos,Cypr
2026-01-12,,119.0,WAW,PFO,2025-11-07,Warszawa,Polska,Pafos,Cypr
2026-01-13,,5577.0,WAW,PFO,2025-11-07,Warszawa,Polska,Pafos,Cypr
2026-01-14,,3092.0,WAW,PFO,2025-11-07,Warszawa,Polska,Pafos,Cypr
2026-01-15,,2900.0,WAW,PFO,2025-11-07,Warszawa,Polska,Pafos,Cypr
2026-01-16,,300.0,WAW,PFO,2025-11-07,Warszawa,Polska,Pafos,Cypr
2026-01-17,,4776.0,WAW,PFO,2025-11-07,Warszawa,Polska,Pafos,Cypr
2026-01-18,,11935.0,WAW,PFO,2025-11-07,Warszawa,Polska,Pafos,Cypr
2026-01-19,,227.0,WAW,PFO,2025-11-07,Warszawa,Polska,Pafos,Cypr
2026-01-20,,5577.0,WAW,PFO,2025-11-07,Warszawa,Polska,Pafos,Cypr
2026-01-21,,3092.0,WAW,PFO,2025-11-07,Warszawa,Polska,Pafos,Cypr
2026-01-22,,2900.0,WAW,PFO,2025-11-07,Warszawa,Polska,Pafos,Cypr
2026-01-23,,304.0,WAW,PFO,2025-11-07,Warszawa,Polska,Pafos,Cypr
2026-01-24,,3777.0,WAW,PFO,2025-11-07,Warszawa,Polska,Pafos,Cypr
2026-01-25,,10773.0,WAW,PFO,2025-11-07,Warszawa,Polska,Pafos,Cypr
2026-01-26,,119.0,WAW,PFO,2025-11-07,Warszawa,Polska,Pafos,Cypr
2026-01-27,,5577.0,WAW,PFO,2025-11-07,Warszawa,Polska,Pafos,Cypr
2026-01-28,,3092.0,WAW,PFO,2025-11-07,Warszawa,Polska,Pafos,Cypr
2026-01-29,,2900.0,WAW,PFO,2025-11-07,Warszawa,Polska,Pafos,Cypr
2026-01-30,,192.0,WAW,PFO,2025-11-07,Warszawa,Polska,Pafos,Cypr
2025-12-26,,,WAW,PFO,2025-11-07,Warszawa,Polska,Pafos,Cypr
2025-11-30,,,WAW,PFO,2025-11-07,Warszawa,Polska,Pafos,Cypr
2025-11-07,,2221.0,WAW,VAR,2025-11-07,Warszawa,Polska,Warna,Bułagria
2025-11-08,,2033.0,WAW,VAR,2025-11-07,Warszawa,Polska,Warna,Bułagria
2025-11-09,,1714.0,WAW,VAR,2025-11-07,Warszawa,Polska,Warna,Bułagria
2025-11-10,,1347.0,WAW,VAR,2025-11-07,Warszawa,Polska,Warna,Bułagria
2025-11-11,,1146.0,WAW,VAR,2025-11-07,Warszawa,Polska,Warna,Bułagria
2025-11-12,,1359.0,WAW,VAR,2025-11-07,Warszawa,Polska,Warna,Bułagria
2025-11-13,,1124.0,WAW,VAR,2025-11-07,Warszawa,Polska,Warna,Bułagria
2025-11-14,,1146.0,WAW,VAR,2025-11-07,Warszawa,Polska,Warna,Bułagria
2025-11-15,,1185.0,WAW,VAR,2025-11-07,Warszawa,Polska,Warna,Bułagria
2025-11-16,,1178.0,WAW,VAR,2025-11-07,Warszawa,Polska,Warna,Bułagria
2025-11-17,,732.0,WAW,VAR,2025-11-07,Warszawa,Polska,Warna,Bułagria
2025-11-18,,807.0,WAW,VAR,2025-11-07,Warszawa,Polska,Warna,Bułagria
2025-11-19,,807.0,WAW,VAR,2025-11-07,Warszawa,Polska,Warna,Bułagria
2025-11-20,,807.0,WAW,VAR,2025-11-07,Warszawa,Polska,Warna,Bułagria
2025-11-21,,807.0,WAW,VAR,2025-11-07,Warszawa,Polska,Warna,Bułagria
2025-11-22,,674.0,WAW,VAR,2025-11-07,Warszawa,Polska,Warna,Bułagria
2025-11-23,,847.0,WAW,VAR,2025-11-07,Warszawa,Polska,Warna,Bułagria
2025-11-24,,674.0,WAW,VAR,2025-11-07,Warszawa,Polska,Warna,Bułagria
2025-11-25,,674.0,WAW,VAR,2025-11-07,Warszawa,Polska,Warna,Bułagria
2025-11-26,,674.0,WAW,VAR,2025-11-07,Warszawa,Polska,Warna,Bułagria
2025-11-27,,571.0,WAW,VAR,2025-11-07,Warszawa,Polska,Warna,Bułagria
2025-11-28,,674.0,WAW,VAR,2025-11-07,Warszawa,Polska,Warna,Bułagria
2025-11-29,,571.0,WAW,VAR,2025-11-07,Warszawa,Polska,Warna,Bułagria
2025-11-30,,727.0,WAW,VAR,2025-11-07,Warszawa,Polska,Warna,Bułagria
2025-12-01,,508.0,WAW,VAR,2025-11-07,Warszawa,Polska,Warna,Bułagria
2025-12-02,,530.0,WAW,VAR,2025-11-07,Warszawa,Polska,Warna,Bułagria
2025-12-03,,571.0,WAW,VAR,2025-11-07,Warszawa,Polska,Warna,Bułagria
2025-12-04,,571.0,WAW,VAR,2025-11-07,Warszawa,Polska,Warna,Bułagria
2025-12-05,,571.0,WAW,VAR,2025-11-07,Warszawa,Polska,Warna,Bułagria
2025-12-06,,807.0,WAW,VAR,2025-11-07,Warszawa,Polska,Warna,Bułagria
2025-12-07,,727.0,WAW,VAR,2025-11-07,Warszawa,Polska,Warna,Bułagria
2025-12-08,,571.0,WAW,VAR,2025-11-07,Warszawa,Polska,Warna,Bułagria
2025-12-09,,571.0,WAW,VAR,2025-11-07,Warszawa,Polska,Warna,Bułagria
2025-12-10,,571.0,WAW,VAR,2025-11-07,Warszawa,Polska,Warna,Bułagria
2025-12-11,,553.0,WAW,VAR,2025-11-07,Warszawa,Polska,Warna,Bułagria
2025-12-12,,807.0,WAW,VAR,2025-11-07,Warszawa,Polska,Warna,Bułagria
2025-12-13,,807.0,WAW,VAR,2025-11-07,Warszawa,Polska,Warna,Bułagria
2025-12-14,,790.0,WAW,VAR,2025-11-07,Warszawa,Polska,Warna,Bułagria
2025-12-15,,571.0,WAW,VAR,2025-11-07,Warszawa,Polska,Warna,Bułagria
2025-12-16,,537.0,WAW,VAR,2025-11-07,Warszawa,Polska,Warna,Bułagria
2025-12-17,,636.0,WAW,VAR,2025-11-07,Warszawa,Polska,Warna,Bułagria
2025-12-18,,807.0,WAW,VAR,2025-11-07,Warszawa,Polska,Warna,Bułagria
2025-12-19,,1620.0,WAW,VAR,2025-11-07,Warszawa,Polska,Warna,Bułagria
2025-12-20,,1886.0,WAW,VAR,2025-11-07,Warszawa,Polska,Warna,Bułagria
2025-12-21,,1886.0,WAW,VAR,2025-11-07,Warszawa,Polska,Warna,Bułagria
2025-12-22,,1826.0,WAW,VAR,2025-11-07,Warszawa,Polska,Warna,Bułagria
2025-12-23,,1020.0,WAW,VAR,2025-11-07,Warszawa,Polska,Warna,Bułagria
2025-12-24,,774.0,WAW,VAR,2025-11-07,Warszawa,Polska,Warna,Bułagria
2025-12-25,,805.0,WAW,VAR,2025-11-07,Warszawa,Polska,Warna,Bułagria
2025-12-26,,724.0,WAW,VAR,2025-11-07,Warszawa,Polska,Warna,Bułagria
2025-12-27,,1020.0,WAW,VAR,2025-11-07,Warszawa,Polska,Warna,Bułagria
2025-12-28,,1020.0,WAW,VAR,2025-11-07,Warszawa,Polska,Warna,Bułagria
2025-12-29,,695.0,WAW,VAR,2025-11-07,Warszawa,Polska,Warna,Bułagria
2025-12-30,,674.0,WAW,VAR,2025-11-07,Warszawa,Polska,Warna,Bułagria
2025-12-31,,571.0,WAW,VAR,2025-11-07,Warszawa,Polska,Warna,Bułagria
2026-01-01,,849.0,WAW,VAR,2025-11-07,Warszawa,Polska,Warna,Bułagria
2026-01-02,,986.0,WAW,VAR,2025-11-07,Warszawa,Polska,Warna,Bułagria
2026-01-03,,1020.0,WAW,VAR,2025-11-07,Warszawa,Polska,Warna,Bułagria
2026-01-04,,1004.0,WAW,VAR,2025-11-07,Warszawa,Polska,Warna,Bułagria
2026-01-05,,807.0,WAW,VAR,2025-11-07,Warszawa,Polska,Warna,Bułagria
2026-01-06,,807.0,WAW,VAR,2025-11-07,Warszawa,Polska,Warna,Bułagria
2026-01-07,,472.0,WAW,VAR,2025-11-07,Warszawa,Polska,Warna,Bułagria
2026-01-08,,571.0,WAW,VAR,2025-11-07,Warszawa,Polska,Warna,Bułagria
2026-01-09,,472.0,WAW,VAR,2025-11-07,Warszawa,Polska,Warna,Bułagria
2026-01-10,,571.0,WAW,VAR,2025-11-07,Warszawa,Polska,Warna,Bułagria
2026-01-11,,691.0,WAW,VAR,2025-11-07,Warszawa,Polska,Warna,Bułagria
2026-01-12,,472.0,WAW,VAR,2025-11-07,Warszawa,Polska,Warna,Bułagria
2026-01-13,,845.0,WAW,VAR,2025-11-07,Warszawa,Polska,Warna,Bułagria
2026-01-14,,571.0,WAW,VAR,2025-11-07,Warszawa,Polska,Warna,Bułagria
2026-01-15,,571.0,WAW,VAR,2025-11-07,Warszawa,Polska,Warna,Bułagria
2026-01-16,,571.0,WAW,VAR,2025-11-07,Warszawa,Polska,Warna,Bułagria
2026-01-17,,937.0,WAW,VAR,2025-11-07,Warszawa,Polska,Warna,Bułagria
2026-01-18,,888.0,WAW,VAR,2025-11-07,Warszawa,Polska,Warna,Bułagria
2026-01-19,,571.0,WAW,VAR,2025-11-07,Warszawa,Polska,Warna,Bułagria
2026-01-20,,888.0,WAW,VAR,2025-11-07,Warszawa,Polska,Warna,Bułagria
2026-01-21,,571.0,WAW,VAR,2025-11-07,Warszawa,Polska,Warna,Bułagria
2026-01-22,,571.0,WAW,VAR,2025-11-07,Warszawa,Polska,Warna,Bułagria
2026-01-23,,571.0,WAW,VAR,2025-11-07,Warszawa,Polska,Warna,Bułagria
2026-01-24,,807.0,WAW,VAR,2025-11-07,Warszawa,Polska,Warna,Bułagria
2026-01-25,,790.0,WAW,VAR,2025-11-07,Warszawa,Polska,Warna,Bułagria
2026-01-26,,571.0,WAW,VAR,2025-11-07,Warszawa,Polska,Warna,Bułagria
2026-01-27,,845.0,WAW,VAR,2025-11-07,Warszawa,Polska,Warna,Bułagria
2026-01-28,,472.0,WAW,VAR,2025-11-07,Warszawa,Polska,Warna,Bułagria
2026-01-29,,511.0,WAW,VAR,2025-11-07,Warszawa,Polska,Warna,Bułagria
2026-01-30,,472.0,WAW,VAR,2025-11-07,Warszawa,Polska,Warna,Bułagria
2025-11-07,,,WAW,BOJ,2025-11-07,Warszawa,Polska,Burgas,Bułagria
2025-11-08,,,WAW,BOJ,2025-11-07,Warszawa,Polska,Burgas,Bułagria
2025-11-09,,,WAW,BOJ,2025-11-07,Warszawa,Polska,Burgas,Bułagria
2025-11-10,,,WAW,BOJ,2025-11-07,Warszawa,Polska,Burgas,Bułagria
2025-11-11,,,WAW,BOJ,2025-11-07,Warszawa,Polska,Burgas,Bułagria
2025-11-12,,,WAW,BOJ,2025-11-07,Warszawa,Polska,Burgas,Bułagria
2025-11-13,,,WAW,BOJ,2025-11-07,Warszawa,Polska,Burgas,Bułagria
2025-11-14,,,WAW,BOJ,2025-11-07,Warszawa,Polska,Burgas,Bułagria
2025-11-15,,,WAW,BOJ,2025-11-07,Warszawa,Polska,Burgas,Bułagria
2025-11-16,,,WAW,BOJ,2025-11-07,Warszawa,Polska,Burgas,Bułagria
2025-11-17,,,WAW,BOJ,2025-11-07,Warszawa,Polska,Burgas,Bułagria
2025-11-18,,,WAW,BOJ,2025-11-07,Warszawa,Polska,Burgas,Bułagria
2025-11-19,,,WAW,BOJ,2025-11-07,Warszawa,Polska,Burgas,Bułagria
2025-11-20,,,WAW,BOJ,2025-11-07,Warszawa,Polska,Burgas,Bułagria
2025-11-21,,,WAW,BOJ,2025-11-07,Warszawa,Polska,Burgas,Bułagria
2025-11-22,,,WAW,BOJ,2025-11-07,Warszawa,Polska,Burgas,Bułagria
2025-11-23,,,WAW,BOJ,2025-11-07,Warszawa,Polska,Burgas,Bułagria
2025-11-24,,,WAW,BOJ,2025-11-07,Warszawa,Polska,Burgas,Bułagria
2025-11-25,,,WAW,BOJ,2025-11-07,Warszawa,Polska,Burgas,Bułagria
2025-11-26,,,WAW,BOJ,2025-11-07,Warszawa,Polska,Burgas,Bułagria
2025-11-27,,,WAW,BOJ,2025-11-07,Warszawa,Polska,Burgas,Bułagria
2025-11-28,,,WAW,BOJ,2025-11-07,Warszawa,Polska,Burgas,Bułagria
2025-11-29,,,WAW,BOJ,2025-11-07,Warszawa,Polska,Burgas,Bułagria
2025-11-30,,,WAW,BOJ,2025-11-07,Warszawa,Polska,Burgas,Bułagria
2025-12-01,,,WAW,BOJ,2025-11-07,Warszawa,Polska,Burgas,Bułagria
2025-12-02,,,WAW,BOJ,2025-11-07,Warszawa,Polska,Burgas,Bułagria
2025-12-03,,,WAW,BOJ,2025-11-07,Warszawa,Polska,Burgas,Bułagria
2025-12-04,,,WAW,BOJ,2025-11-07,Warszawa,Polska,Burgas,Bułagria
2025-12-05,,,WAW,BOJ,2025-11-07,Warszawa,Polska,Burgas,Bułagria
2025-12-06,,,WAW,BOJ,2025-11-07,Warszawa,Polska,Burgas,Bułagria
2025-12-07,,,WAW,BOJ,2025-11-07,Warszawa,Polska,Burgas,Bułagria
2025-12-08,,,WAW,BOJ,2025-11-07,Warszawa,Polska,Burgas,Bułagria
2025-12-09,,,WAW,BOJ,2025-11-07,Warszawa,Polska,Burgas,Bułagria
2025-12-10,,,WAW,BOJ,2025-11-07,Warszawa,Polska,Burgas,Bułagria
2025-12-11,,,WAW,BOJ,2025-11-07,Warszawa,Polska,Burgas,Bułagria
2025-12-12,,,WAW,BOJ,2025-11-07,Warszawa,Polska,Burgas,Bułagria
2025-12-13,,,WAW,BOJ,2025-11-07,Warszawa,Polska,Burgas,Bułagria
2025-12-14,,,WAW,BOJ,2025-11-07,Warszawa,Polska,Burgas,Bułagria
2025-12-15,,,WAW,BOJ,2025-11-07,Warszawa,Polska,Burgas,Bułagria
2025-12-16,,,WAW,BOJ,2025-11-07,Warszawa,Polska,Burgas,Bułagria
2025-12-17,,,WAW,BOJ,2025-11-07,Warszawa,Polska,Burgas,Bułagria
2025-12-18,,,WAW,BOJ,2025-11-07,Warszawa,Polska,Burgas,Bułagria
2025-12-19,,,WAW,BOJ,2025-11-07,Warszawa,Polska,Burgas,Bułagria
2025-12-20,,,WAW,BOJ,2025-11-07,Warszawa,Polska,Burgas,Bułagria
2025-12-21,,,WAW,BOJ,2025-11-07,Warszawa,Polska,Burgas,Bułagria
2025-12-22,,,WAW,BOJ,2025-11-07,Warszawa,Polska,Burgas,Bułagria
2025-12-23,,,WAW,BOJ,2025-11-07,Warszawa,Polska,Burgas,Bułagria
2025-12-24,,,WAW,BOJ,2025-11-07,Warszawa,Polska,Burgas,Bułagria
2025-12-25,,,WAW,BOJ,2025-11-07,Warszawa,Polska,Burgas,Bułagria
2025-12-26,,,WAW,BOJ,2025-11-07,Warszawa,Polska,Burgas,Bułagria
2025-12-27,,,WAW,BOJ,2025-11-07,Warszawa,Polska,Burgas,Bułagria
2025-12-28,,,WAW,BOJ,2025-11-07,Warszawa,Polska,Burgas,Bułagria
2025-12-29,,,WAW,BOJ,2025-11-07,Warszawa,Polska,Burgas,Bułagria
2025-12-30,,,WAW,BOJ,2025-11-07,Warszawa,Polska,Burgas,Bułagria
2025-12-31,,,WAW,BOJ,2025-11-07,Warszawa,Polska,Burgas,Bułagria
2026-01-01,,,WAW,BOJ,2025-11-07,Warszawa,Polska,Burgas,Bułagria
2026-01-02,,,WAW,BOJ,2025-11-07,Warszawa,Polska,Burgas,Bułagria
2026-01-03,,,WAW,BOJ,2025-11-07,Warszawa,Polska,Burgas,Bułagria
2026-01-04,,,WAW,BOJ,2025-11-07,Warszawa,Polska,Burgas,Bułagria
2026-01-05,,,WAW,BOJ,2025-11-07,Warszawa,Polska,Burgas,Bułagria
2026-01-06,,,WAW,BOJ,2025-11-07,Warszawa,Polska,Burgas,Bułagria
2026-01-07,,,WAW,BOJ,2025-11-07,Warszawa,Polska,Burgas,Bułagria
2026-01-08,,,WAW,BOJ,2025-11-07,Warszawa,Polska,Burgas,Bułagria
2026-01-09,,,WAW,BOJ,2025-11-07,Warszawa,Polska,Burgas,Bułagria
2026-01-10,,,WAW,BOJ,2025-11-07,Warszawa,Polska,Burgas,Bułagria
2026-01-11,,,WAW,BOJ,2025-11-07,Warszawa,Polska,Burgas,Bułagria
2026-01-12,,,WAW,BOJ,2025-11-07,Warszawa,Polska,Burgas,Bułagria
2026-01-13,,,WAW,BOJ,2025-11-07,Warszawa,Polska,Burgas,Bułagria
2026-01-14,,,WAW,BOJ,2025-11-07,Warszawa,Polska,Burgas,Bułagria
2026-01-15,,,WAW,BOJ,2025-11-07,Warszawa,Polska,Burgas,Bułagria
2026-01-16,,,WAW,BOJ,2025-11-07,Warszawa,Polska,Burgas,Bułagria
2026-01-17,,,WAW,BOJ,2025-11-07,Warszawa,Polska,Burgas,Bułagria
2026-01-18,,,WAW,BOJ,2025-11-07,Warszawa,Polska,Burgas,Bułagria
2026-01-19,,,WAW,BOJ,2025-11-07,Warszawa,Polska,Burgas,Bułagria
2026-01-20,,,WAW,BOJ,2025-11-07,Warszawa,Polska,Burgas,Bułagria
2026-01-21,,,WAW,BOJ,2025-11-07,Warszawa,Polska,Burgas,Bułagria
2026-01-22,,,WAW,BOJ,2025-11-07,Warszawa,Polska,Burgas,Bułagria
2026-01-23,,,WAW,BOJ,2025-11-07,Warszawa,Polska,Burgas,Bułagria
2026-01-24,,,WAW,BOJ,2025-11-07,Warszawa,Polska,Burgas,Bułagria
2026-01-25,,,WAW,BOJ,2025-11-07,Warszawa,Polska,Burgas,Bułagria
2026-01-26,,,WAW,BOJ,2025-11-07,Warszawa,Polska,Burgas,Bułagria
2026-01-27,,,WAW,BOJ,2025-11-07,Warszawa,Polska,Burgas,Bułagria
2026-01-28,,,WAW,BOJ,2025-11-07,Warszawa,Polska,Burgas,Bułagria
2026-01-29,,,WAW,BOJ,2025-11-07,Warszawa,Polska,Burgas,Bułagria
2026-01-30,,,WAW,BOJ,2025-11-07,Warszawa,Polska,Burgas,Bułagria
2025-11-07,,2274.0,WAW,SOF,2025-11-07,Warszawa,Polska,Sofia,Bułagria
2025-11-08,,2001.0,WAW,SOF,2025-11-07,Warszawa,Polska,Sofia,Bułagria
2025-11-09,,649.0,WAW,SOF,2025-11-07,Warszawa,Polska,Sofia,Bułagria
2025-11-10,,649.0,WAW,SOF,2025-11-07,Warszawa,Polska,Sofia,Bułagria
2025-11-11,,649.0,WAW,SOF,2025-11-07,Warszawa,Polska,Sofia,Bułagria
2025-11-12,,649.0,WAW,SOF,2025-11-07,Warszawa,Polska,Sofia,Bułagria
2025-11-13,,649.0,WAW,SOF,2025-11-07,Warszawa,Polska,Sofia,Bułagria
2025-11-14,,549.0,WAW,SOF,2025-11-07,Warszawa,Polska,Sofia,Bułagria
2025-11-15,,488.0,WAW,SOF,2025-11-07,Warszawa,Polska,Sofia,Bułagria
2025-11-16,,500.0,WAW,SOF,2025-11-07,Warszawa,Polska,Sofia,Bułagria
2025-11-17,,391.0,WAW,SOF,2025-11-07,Warszawa,Polska,Sofia,Bułagria
2025-11-18,,499.0,WAW,SOF,2025-11-07,Warszawa,Polska,Sofia,Bułagria
2025-11-19,,242.0,WAW,SOF,2025-11-07,Warszawa,Polska,Sofia,Bułagria
2025-11-20,,296.0,WAW,SOF,2025-11-07,Warszawa,Polska,Sofia,Bułagria
2025-11-21,,449.0,WAW,SOF,2025-11-07,Warszawa,Polska,Sofia,Bułagria
2025-11-22,,391.0,WAW,SOF,2025-11-07,Warszawa,Polska,Sofia,Bułagria
2025-11-23,,449.0,WAW,SOF,2025-11-07,Warszawa,Polska,Sofia,Bułagria
2025-11-24,,449.0,WAW,SOF,2025-11-07,Warszawa,Polska,Sofia,Bułagria
2025-11-25,,242.0,WAW,SOF,2025-11-07,Warszawa,Polska,Sofia,Bułagria
2025-11-26,,449.0,WAW,SOF,2025-11-07,Warszawa,Polska,Sofia,Bułagria
2025-11-27,,242.0,WAW,SOF,2025-11-07,Warszawa,Polska,Sofia,Bułagria
2025-11-28,,309.0,WAW,SOF,2025-11-07,Warszawa,Polska,Sofia,Bułagria
2025-11-29,,242.0,WAW,SOF,2025-11-07,Warszawa,Polska,Sofia,Bułagria
2025-11-30,,399.0,WAW,SOF,2025-11-07,Warszawa,Polska,Sofia,Bułagria
2025-12-01,,242.0,WAW,SOF,2025-11-07,Warszawa,Polska,Sofia,Bułagria
2025-12-02,,242.0,WAW,SOF,2025-11-07,Warszawa,Polska,Sofia,Bułagria
2025-12-03,,296.0,WAW,SOF,2025-11-07,Warszawa,Polska,Sofia,Bułagria
2025-12-04,,296.0,WAW,SOF,2025-11-07,Warszawa,Polska,Sofia,Bułagria
2025-12-05,,309.0,WAW,SOF,2025-11-07,Warszawa,Polska,Sofia,Bułagria
2025-12-06,,296.0,WAW,SOF,2025-11-07,Warszawa,Polska,Sofia,Bułagria
2025-12-07,,309.0,WAW,SOF,2025-11-07,Warszawa,Polska,Sofia,Bułagria
2025-12-08,,349.0,WAW,SOF,2025-11-07,Warszawa,Polska,Sofia,Bułagria
2025-12-09,,296.0,WAW,SOF,2025-11-07,Warszawa,Polska,Sofia,Bułagria
2025-12-10,,349.0,WAW,SOF,2025-11-07,Warszawa,Polska,Sofia,Bułagria
2025-12-11,,296.0,WAW,SOF,2025-11-07,Warszawa,Polska,Sofia,Bułagria
2025-12-12,,309.0,WAW,SOF,2025-11-07,Warszawa,Polska,Sofia,Bułagria
2025-12-13,,296.0,WAW,SOF,2025-11-07,Warszawa,Polska,Sofia,Bułagria
2025-12-14,,349.0,WAW,SOF,2025-11-07,Warszawa,Polska,Sofia,Bułagria
2025-12-15,,296.0,WAW,SOF,2025-11-07,Warszawa,Polska,Sofia,Bułagria
2025-12-16,,296.0,WAW,SOF,2025-11-07,Warszawa,Polska,Sofia,Bułagria
2025-12-17,,349.0,WAW,SOF,2025-11-07,Warszawa,Polska,Sofia,Bułagria
2025-12-18,,315.0,WAW,SOF,2025-11-07,Warszawa,Polska,Sofia,Bułagria
2025-12-19,,449.0,WAW,SOF,2025-11-07,Warszawa,Polska,Sofia,Bułagria
2025-12-20,,549.0,WAW,SOF,2025-11-07,Warszawa,Polska,Sofia,Bułagria
2025-12-21,,499.0,WAW,SOF,2025-11-07,Warszawa,Polska,Sofia,Bułagria
2025-12-22,,349.0,WAW,SOF,2025-11-07,Warszawa,Polska,Sofia,Bułagria
2025-12-23,,449.0,WAW,SOF,2025-11-07,Warszawa,Polska,Sofia,Bułagria
2025-12-24,,399.0,WAW,SOF,2025-11-07,Warszawa,Polska,Sofia,Bułagria
2025-12-25,,299.0,WAW,SOF,2025-11-07,Warszawa,Polska,Sofia,Bułagria
2025-12-26,,299.0,WAW,SOF,2025-11-07,Warszawa,Polska,Sofia,Bułagria
2025-12-27,,299.0,WAW,SOF,2025-11-07,Warszawa,Polska,Sofia,Bułagria
2025-12-28,,299.0,WAW,SOF,2025-11-07,Warszawa,Polska,Sofia,Bułagria
2025-12-29,,299.0,WAW,SOF,2025-11-07,Warszawa,Polska,Sofia,Bułagria
2025-12-30,,299.0,WAW,SOF,2025-11-07,Warszawa,Polska,Sofia,Bułagria
2025-12-31,,299.0,WAW,SOF,2025-11-07,Warszawa,Polska,Sofia,Bułagria
2026-01-01,,299.0,WAW,SOF,2025-11-07,Warszawa,Polska,Sofia,Bułagria
2026-01-02,,299.0,WAW,SOF,2025-11-07,Warszawa,Polska,Sofia,Bułagria
2026-01-03,,349.0,WAW,SOF,2025-11-07,Warszawa,Polska,Sofia,Bułagria
2026-01-04,,299.0,WAW,SOF,2025-11-07,Warszawa,Polska,Sofia,Bułagria
2026-01-05,,299.0,WAW,SOF,2025-11-07,Warszawa,Polska,Sofia,Bułagria
2026-01-06,,299.0,WAW,SOF,2025-11-07,Warszawa,Polska,Sofia,Bułagria
2026-01-07,,299.0,WAW,SOF,2025-11-07,Warszawa,Polska,Sofia,Bułagria
2026-01-08,,299.0,WAW,SOF,2025-11-07,Warszawa,Polska,Sofia,Bułagria
2026-01-09,,299.0,WAW,SOF,2025-11-07,Warszawa,Polska,Sofia,Bułagria
2026-01-10,,299.0,WAW,SOF,2025-11-07,Warszawa,Polska,Sofia,Bułagria
2026-01-11,,299.0,WAW,SOF,2025-11-07,Warszawa,Polska,Sofia,Bułagria
2026-01-12,,253.0,WAW,SOF,2025-11-07,Warszawa,Polska,Sofia,Bułagria
2026-01-13,,299.0,WAW,SOF,2025-11-07,Warszawa,Polska,Sofia,Bułagria
2026-01-14,,253.0,WAW,SOF,2025-11-07,Warszawa,Polska,Sofia,Bułagria
2026-01-15,,299.0,WAW,SOF,2025-11-07,Warszawa,Polska,Sofia,Bułagria
2026-01-16,,299.0,WAW,SOF,2025-11-07,Warszawa,Polska,Sofia,Bułagria
2026-01-17,,299.0,WAW,SOF,2025-11-07,Warszawa,Polska,Sofia,Bułagria
2026-01-18,,299.0,WAW,SOF,2025-11-07,Warszawa,Polska,Sofia,Bułagria
2026-01-19,,299.0,WAW,SOF,2025-11-07,Warszawa,Polska,Sofia,Bułagria
2026-01-20,,299.0,WAW,SOF,2025-11-07,Warszawa,Polska,Sofia,Bułagria
2026-01-21,,299.0,WAW,SOF,2025-11-07,Warszawa,Polska,Sofia,Bułagria
2026-01-22,,275.0,WAW,SOF,2025-11-07,Warszawa,Polska,Sofia,Bułagria
2026-01-23,,299.0,WAW,SOF,2025-11-07,Warszawa,Polska,Sofia,Bułagria
2026-01-24,,352.0,WAW,SOF,2025-11-07,Warszawa,Polska,Sofia,Bułagria
2026-01-25,,299.0,WAW,SOF,2025-11-07,Warszawa,Polska,Sofia,Bułagria
2026-01-26,,299.0,WAW,SOF,2025-11-07,Warszawa,Polska,Sofia,Bułagria
2026-01-27,,299.0,WAW,SOF,2025-11-07,Warszawa,Polska,Sofia,Bułagria
2026-01-28,,275.0,WAW,SOF,2025-11-07,Warszawa,Polska,Sofia,Bułagria
2026-01-29,,299.0,WAW,SOF,2025-11-07,Warszawa,Polska,Sofia,Bułagria
2026-01-30,,299.0,WAW,SOF,2025-11-07,Warszawa,Polska,Sofia,Bułagria
2025-11-07,,1781.0,WAW,TGD,2025-11-07,Warszawa,Polska,Podgorica,Czarnogóra
2025-11-08,,1640.0,WAW,TGD,2025-11-07,Warszawa,Polska,Podgorica,Czarnogóra
2025-11-09,,1631.0,WAW,TGD,2025-11-07,Warszawa,Polska,Podgorica,Czarnogóra
2025-11-10,,993.0,WAW,TGD,2025-11-07,Warszawa,Polska,Podgorica,Czarnogóra
2025-11-11,,993.0,WAW,TGD,2025-11-07,Warszawa,Polska,Podgorica,Czarnogóra
2025-11-12,,993.0,WAW,TGD,2025-11-07,Warszawa,Polska,Podgorica,Czarnogóra
2025-11-13,,993.0,WAW,TGD,2025-11-07,Warszawa,Polska,Podgorica,Czarnogóra
2025-11-14,,829.0,WAW,TGD,2025-11-07,Warszawa,Polska,Podgorica,Czarnogóra
2025-11-15,,829.0,WAW,TGD,2025-11-07,Warszawa,Polska,Podgorica,Czarnogóra
2025-11-16,,1831.0,WAW,TGD,2025-11-07,Warszawa,Polska,Podgorica,Czarnogóra
2025-11-17,,829.0,WAW,TGD,2025-11-07,Warszawa,Polska,Podgorica,Czarnogóra
2025-11-18,,829.0,WAW,TGD,2025-11-07,Warszawa,Polska,Podgorica,Czarnogóra
2025-11-19,,829.0,WAW,TGD,2025-11-07,Warszawa,Polska,Podgorica,Czarnogóra
2025-11-20,,829.0,WAW,TGD,2025-11-07,Warszawa,Polska,Podgorica,Czarnogóra
2025-11-21,,829.0,WAW,TGD,2025-11-07,Warszawa,Polska,Podgorica,Czarnogóra
2025-11-22,,694.0,WAW,TGD,2025-11-07,Warszawa,Polska,Podgorica,Czarnogóra
2025-11-23,,907.0,WAW,TGD,2025-11-07,Warszawa,Polska,Podgorica,Czarnogóra
2025-11-24,,694.0,WAW,TGD,2025-11-07,Warszawa,Polska,Podgorica,Czarnogóra
2025-11-25,,694.0,WAW,TGD,2025-11-07,Warszawa,Polska,Podgorica,Czarnogóra
2025-11-26,,694.0,WAW,TGD,2025-11-07,Warszawa,Polska,Podgorica,Czarnogóra
2025-11-27,,579.0,WAW,TGD,2025-11-07,Warszawa,Polska,Podgorica,Czarnogóra
2025-11-28,,579.0,WAW,TGD,2025-11-07,Warszawa,Polska,Podgorica,Czarnogóra
2025-11-29,,579.0,WAW,TGD,2025-11-07,Warszawa,Polska,Podgorica,Czarnogóra
2025-11-30,,907.0,WAW,TGD,2025-11-07,Warszawa,Polska,Podgorica,Czarnogóra
2025-12-01,,579.0,WAW,TGD,2025-11-07,Warszawa,Polska,Podgorica,Czarnogóra
2025-12-02,,694.0,WAW,TGD,2025-11-07,Warszawa,Polska,Podgorica,Czarnogóra
2025-12-03,,579.0,WAW,TGD,2025-11-07,Warszawa,Polska,Podgorica,Czarnogóra
2025-12-04,,740.0,WAW,TGD,2025-11-07,Warszawa,Polska,Podgorica,Czarnogóra
2025-12-05,,579.0,WAW,TGD,2025-11-07,Warszawa,Polska,Podgorica,Czarnogóra
2025-12-06,,620.0,WAW,TGD,2025-11-07,Warszawa,Polska,Podgorica,Czarnogóra
2025-12-07,,798.0,WAW,TGD,2025-11-07,Warszawa,Polska,Podgorica,Czarnogóra
2025-12-08,,579.0,WAW,TGD,2025-11-07,Warszawa,Polska,Podgorica,Czarnogóra
2025-12-09,,579.0,WAW,TGD,2025-11-07,Warszawa,Polska,Podgorica,Czarnogóra
2025-12-10,,579.0,WAW,TGD,2025-11-07,Warszawa,Polska,Podgorica,Czarnogóra
2025-12-11,,620.0,WAW,TGD,2025-11-07,Warszawa,Polska,Podgorica,Czarnogóra
2025-12-12,,579.0,WAW,TGD,2025-11-07,Warszawa,Polska,Podgorica,Czarnogóra
2025-12-13,,620.0,WAW,TGD,2025-11-07,Warszawa,Polska,Podgorica,Czarnogóra
2025-12-14,,907.0,WAW,TGD,2025-11-07,Warszawa,Polska,Podgorica,Czarnogóra
2025-12-15,,579.0,WAW,TGD,2025-11-07,Warszawa,Polska,Podgorica,Czarnogóra
2025-12-16,,648.0,WAW,TGD,2025-11-07,Warszawa,Polska,Podgorica,Czarnogóra
2025-12-17,,579.0,WAW,TGD,2025-11-07,Warszawa,Polska,Podgorica,Czarnogóra
2025-12-18,,620.0,WAW,TGD,2025-11-07,Warszawa,Polska,Podgorica,Czarnogóra
2025-12-19,,1522.0,WAW,TGD,2025-11-07,Warszawa,Polska,Podgorica,Czarnogóra
2025-12-20,,620.0,WAW,TGD,2025-11-07,Warszawa,Polska,Podgorica,Czarnogóra
2025-12-21,,1394.0,WAW,TGD,2025-11-07,Warszawa,Polska,Podgorica,Czarnogóra
2025-12-22,,540.0,WAW,TGD,2025-11-07,Warszawa,Polska,Podgorica,Czarnogóra
2025-12-23,,1046.0,WAW,TGD,2025-11-07,Warszawa,Polska,Podgorica,Czarnogóra
2025-12-24,,829.0,WAW,TGD,2025-11-07,Warszawa,Polska,Podgorica,Czarnogóra
2025-12-25,,540.0,WAW,TGD,2025-11-07,Warszawa,Polska,Podgorica,Czarnogóra
2025-12-26,,694.0,WAW,TGD,2025-11-07,Warszawa,Polska,Podgorica,Czarnogóra
2025-12-27,,540.0,WAW,TGD,2025-11-07,Warszawa,Polska,Podgorica,Czarnogóra
2025-12-28,,1043.0,WAW,TGD,2025-11-07,Warszawa,Polska,Podgorica,Czarnogóra
2025-12-29,,540.0,WAW,TGD,2025-11-07,Warszawa,Polska,Podgorica,Czarnogóra
2025-12-30,,1043.0,WAW,TGD,2025-11-07,Warszawa,Polska,Podgorica,Czarnogóra
2025-12-31,,829.0,WAW,TGD,2025-11-07,Warszawa,Polska,Podgorica,Czarnogóra
2026-01-01,,540.0,WAW,TGD,2025-11-07,Warszawa,Polska,Podgorica,Czarnogóra
2026-01-02,,579.0,WAW,TGD,2025-11-07,Warszawa,Polska,Podgorica,Czarnogóra
2026-01-03,,540.0,WAW,TGD,2025-11-07,Warszawa,Polska,Podgorica,Czarnogóra
2026-01-04,,798.0,WAW,TGD,2025-11-07,Warszawa,Polska,Podgorica,Czarnogóra
2026-01-05,,540.0,WAW,TGD,2025-11-07,Warszawa,Polska,Podgorica,Czarnogóra
2026-01-06,,694.0,WAW,TGD,2025-11-07,Warszawa,Polska,Podgorica,Czarnogóra
2026-01-07,,579.0,WAW,TGD,2025-11-07,Warszawa,Polska,Podgorica,Czarnogóra
2026-01-08,,490.0,WAW,TGD,2025-11-07,Warszawa,Polska,Podgorica,Czarnogóra
2026-01-09,,579.0,WAW,TGD,2025-11-07,Warszawa,Polska,Podgorica,Czarnogóra
2026-01-10,,490.0,WAW,TGD,2025-11-07,Warszawa,Polska,Podgorica,Czarnogóra
2026-01-11,,798.0,WAW,TGD,2025-11-07,Warszawa,Polska,Podgorica,Czarnogóra
2026-01-12,,490.0,WAW,TGD,2025-11-07,Warszawa,Polska,Podgorica,Czarnogóra
2026-01-13,,579.0,WAW,TGD,2025-11-07,Warszawa,Polska,Podgorica,Czarnogóra
2026-01-14,,694.0,WAW,TGD,2025-11-07,Warszawa,Polska,Podgorica,Czarnogóra
2026-01-15,,490.0,WAW,TGD,2025-11-07,Warszawa,Polska,Podgorica,Czarnogóra
2026-01-16,,694.0,WAW,TGD,2025-11-07,Warszawa,Polska,Podgorica,Czarnogóra
2026-01-17,,540.0,WAW,TGD,2025-11-07,Warszawa,Polska,Podgorica,Czarnogóra
2026-01-18,,949.0,WAW,TGD,2025-11-07,Warszawa,Polska,Podgorica,Czarnogóra
2026-01-19,,490.0,WAW,TGD,2025-11-07,Warszawa,Polska,Podgorica,Czarnogóra
2026-01-20,,694.0,WAW,TGD,2025-11-07,Warszawa,Polska,Podgorica,Czarnogóra
2026-01-21,,694.0,WAW,TGD,2025-11-07,Warszawa,Polska,Podgorica,Czarnogóra
2026-01-22,,490.0,WAW,TGD,2025-11-07,Warszawa,Polska,Podgorica,Czarnogóra
2026-01-23,,694.0,WAW,TGD,2025-11-07,Warszawa,Polska,Podgorica,Czarnogóra
2026-01-24,,540.0,WAW,TGD,2025-11-07,Warszawa,Polska,Podgorica,Czarnogóra
2026-01-25,,1043.0,WAW,TGD,2025-11-07,Warszawa,Polska,Podgorica,Czarnogóra
2026-01-26,,490.0,WAW,TGD,2025-11-07,Warszawa,Polska,Podgorica,Czarnogóra
2026-01-27,,579.0,WAW,TGD,2025-11-07,Warszawa,Polska,Podgorica,Czarnogóra
2026-01-28,,579.0,WAW,TGD,2025-11-07,Warszawa,Polska,Podgorica,Czarnogóra
2026-01-29,,490.0,WAW,TGD,2025-11-07,Warszawa,Polska,Podgorica,Czarnogóra
2026-01-30,,579.0,WAW,TGD,2025-11-07,Warszawa,Polska,Podgorica,Czarnogóra
2025-11-07,,1838.0,WAW,TIA,2025-11-07,Warszawa,Polska,Tirana,Albania
2025-11-08,,1326.0,WAW,TIA,2025-11-07,Warszawa,Polska,Tirana,Albania
2025-11-09,,770.0,WAW,TIA,2025-11-07,Warszawa,Polska,Tirana,Albania
2025-11-10,,438.0,WAW,TIA,2025-11-07,Warszawa,Polska,Tirana,Albania
2025-11-11,,265.0,WAW,TIA,2025-11-07,Warszawa,Polska,Tirana,Albania
2025-11-12,,265.0,WAW,TIA,2025-11-07,Warszawa,Polska,Tirana,Albania
2025-11-13,,323.0,WAW,TIA,2025-11-07,Warszawa,Polska,Tirana,Albania
2025-11-14,,179.0,WAW,TIA,2025-11-07,Warszawa,Polska,Tirana,Albania
2025-11-15,,438.0,WAW,TIA,2025-11-07,Warszawa,Polska,Tirana,Albania
2025-11-16,,65.0,WAW,TIA,2025-11-07,Warszawa,Polska,Tirana,Albania
2025-11-17,,359.0,WAW,TIA,2025-11-07,Warszawa,Polska,Tirana,Albania
2025-11-18,,238.0,WAW,TIA,2025-11-07,Warszawa,Polska,Tirana,Albania
2025-11-19,,238.0,WAW,TIA,2025-11-07,Warszawa,Polska,Tirana,Albania
2025-11-20,,359.0,WAW,TIA,2025-11-07,Warszawa,Polska,Tirana,Albania
2025-11-21,,145.0,WAW,TIA,2025-11-07,Warszawa,Polska,Tirana,Albania
2025-11-22,,238.0,WAW,TIA,2025-11-07,Warszawa,Polska,Tirana,Albania
2025-11-23,,65.0,WAW,TIA,2025-11-07,Warszawa,Polska,Tirana,Albania
2025-11-24,,367.0,WAW,TIA,2025-11-07,Warszawa,Polska,Tirana,Albania
2025-11-25,,238.0,WAW,TIA,2025-11-07,Warszawa,Polska,Tirana,Albania
2025-11-26,,238.0,WAW,TIA,2025-11-07,Warszawa,Polska,Tirana,Albania
2025-11-27,,238.0,WAW,TIA,2025-11-07,Warszawa,Polska,Tirana,Albania
2025-11-28,,74.0,WAW,TIA,2025-11-07,Warszawa,Polska,Tirana,Albania
2025-11-29,,238.0,WAW,TIA,2025-11-07,Warszawa,Polska,Tirana,Albania
2025-11-30,,74.0,WAW,TIA,2025-11-07,Warszawa,Polska,Tirana,Albania
2025-12-01,,359.0,WAW,TIA,2025-11-07,Warszawa,Polska,Tirana,Albania
2025-12-02,,238.0,WAW,TIA,2025-11-07,Warszawa,Polska,Tirana,Albania
2025-12-03,,238.0,WAW,TIA,2025-11-07,Warszawa,Polska,Tirana,Albania
2025-12-04,,279.0,WAW,TIA,2025-11-07,Warszawa,Polska,Tirana,Albania
2025-12-05,,95.0,WAW,TIA,2025-11-07,Warszawa,Polska,Tirana,Albania
2025-12-06,,238.0,WAW,TIA,2025-11-07,Warszawa,Polska,Tirana,Albania
2025-12-07,,65.0,WAW,TIA,2025-11-07,Warszawa,Polska,Tirana,Albania
2025-12-08,,465.0,WAW,TIA,2025-11-07,Warszawa,Polska,Tirana,Albania
2025-12-09,,279.0,WAW,TIA,2025-11-07,Warszawa,Polska,Tirana,Albania
2025-12-10,,359.0,WAW,TIA,2025-11-07,Warszawa,Polska,Tirana,Albania
2025-12-11,,359.0,WAW,TIA,2025-11-07,Warszawa,Polska,Tirana,Albania
2025-12-12,,65.0,WAW,TIA,2025-11-07,Warszawa,Polska,Tirana,Albania
2025-12-13,,238.0,WAW,TIA,2025-11-07,Warszawa,Polska,Tirana,Albania
2025-12-14,,65.0,WAW,TIA,2025-11-07,Warszawa,Polska,Tirana,Albania
2025-12-15,,359.0,WAW,TIA,2025-11-07,Warszawa,Polska,Tirana,Albania
2025-12-16,,279.0,WAW,TIA,2025-11-07,Warszawa,Polska,Tirana,Albania
2025-12-17,,359.0,WAW,TIA,2025-11-07,Warszawa,Polska,Tirana,Albania
2025-12-18,,525.0,WAW,TIA,2025-11-07,Warszawa,Polska,Tirana,Albania
2025-12-19,,125.0,WAW,TIA,2025-11-07,Warszawa,Polska,Tirana,Albania
2025-12-20,,509.0,WAW,TIA,2025-11-07,Warszawa,Polska,Tirana,Albania
2025-12-21,,111.0,WAW,TIA,2025-11-07,Warszawa,Polska,Tirana,Albania
2025-12-22,,485.0,WAW,TIA,2025-11-07,Warszawa,Polska,Tirana,Albania
2025-12-23,,776.0,WAW,TIA,2025-11-07,Warszawa,Polska,Tirana,Albania
2025-12-24,,776.0,WAW,TIA,2025-11-07,Warszawa,Polska,Tirana,Albania
2025-12-25,,827.0,WAW,TIA,2025-11-07,Warszawa,Polska,Tirana,Albania
2025-12-26,,399.0,WAW,TIA,2025-11-07,Warszawa,Polska,Tirana,Albania
2025-12-27,,776.0,WAW,TIA,2025-11-07,Warszawa,Polska,Tirana,Albania
2025-12-28,,492.0,WAW,TIA,2025-11-07,Warszawa,Polska,Tirana,Albania
2025-12-29,,776.0,WAW,TIA,2025-11-07,Warszawa,Polska,Tirana,Albania
2025-12-30,,1081.0,WAW,TIA,2025-11-07,Warszawa,Polska,Tirana,Albania
2025-12-31,,723.0,WAW,TIA,2025-11-07,Warszawa,Polska,Tirana,Albania
2026-01-01,,648.0,WAW,TIA,2025-11-07,Warszawa,Polska,Tirana,Albania
2026-01-02,,129.0,WAW,TIA,2025-11-07,Warszawa,Polska,Tirana,Albania
2026-01-03,,631.0,WAW,TIA,2025-11-07,Warszawa,Polska,Tirana,Albania
2026-01-04,,86.0,WAW,TIA,2025-11-07,Warszawa,Polska,Tirana,Albania
2026-01-05,,509.0,WAW,TIA,2025-11-07,Warszawa,Polska,Tirana,Albania
2026-01-06,,648.0,WAW,TIA,2025-11-07,Warszawa,Polska,Tirana,Albania
2026-01-07,,623.0,WAW,TIA,2025-11-07,Warszawa,Polska,Tirana,Albania
2026-01-08,,386.0,WAW,TIA,2025-11-07,Warszawa,Polska,Tirana,Albania
2026-01-09,,86.0,WAW,TIA,2025-11-07,Warszawa,Polska,Tirana,Albania
2026-01-10,,386.0,WAW,TIA,2025-11-07,Warszawa,Polska,Tirana,Albania
2026-01-11,,86.0,WAW,TIA,2025-11-07,Warszawa,Polska,Tirana,Albania
2026-01-12,,247.0,WAW,TIA,2025-11-07,Warszawa,Polska,Tirana,Albania
2026-01-13,,294.0,WAW,TIA,2025-11-07,Warszawa,Polska,Tirana,Albania
2026-01-14,,247.0,WAW,TIA,2025-11-07,Warszawa,Polska,Tirana,Albania
2026-01-15,,294.0,WAW,TIA,2025-11-07,Warszawa,Polska,Tirana,Albania
2026-01-16,,86.0,WAW,TIA,2025-11-07,Warszawa,Polska,Tirana,Albania
2026-01-17,,386.0,WAW,TIA,2025-11-07,Warszawa,Polska,Tirana,Albania
2026-01-18,,85.0,WAW,TIA,2025-11-07,Warszawa,Polska,Tirana,Albania
2026-01-19,,367.0,WAW,TIA,2025-11-07,Warszawa,Polska,Tirana,Albania
2026-01-20,,625.0,WAW,TIA,2025-11-07,Warszawa,Polska,Tirana,Albania
2026-01-21,,323.0,WAW,TIA,2025-11-07,Warszawa,Polska,Tirana,Albania
2026-01-22,,265.0,WAW,TIA,2025-11-07,Warszawa,Polska,Tirana,Albania
2026-01-23,,230.0,WAW,TIA,2025-11-07,Warszawa,Polska,Tirana,Albania
2026-01-24,,367.0,WAW,TIA,2025-11-07,Warszawa,Polska,Tirana,Albania
2026-01-25,,86.0,WAW,TIA,2025-11-07,Warszawa,Polska,Tirana,Albania
2026-01-26,,323.0,WAW,TIA,2025-11-07,Warszawa,Polska,Tirana,Albania
2026-01-27,,265.0,WAW,TIA,2025-11-07,Warszawa,Polska,Tirana,Albania
2026-01-28,,265.0,WAW,TIA,2025-11-07,Warszawa,Polska,Tirana,Albania
2026-01-29,,438.0,WAW,TIA,2025-11-07,Warszawa,Polska,Tirana,Albania
2026-01-30,,252.0,WAW,TIA,2025-11-07,Warszawa,Polska,Tirana,Albania
2025-11-07,,1404.0,WAW,FAO,2025-11-07,Warszawa,Polska,Faro,Portugalia
2025-11-08,,1578.0,WAW,FAO,2025-11-07,Warszawa,Polska,Faro,Portugalia
2025-11-09,,1800.0,WAW,FAO,2025-11-07,Warszawa,Polska,Faro,Portugalia
2025-11-10,,1620.0,WAW,FAO,2025-11-07,Warszawa,Polska,Faro,Portugalia
2025-11-11,,504.0,WAW,FAO,2025-11-07,Warszawa,Polska,Faro,Portugalia
2025-11-12,,550.0,WAW,FAO,2025-11-07,Warszawa,Polska,Faro,Portugalia
2025-11-13,,504.0,WAW,FAO,2025-11-07,Warszawa,Polska,Faro,Portugalia
2025-11-14,,882.0,WAW,FAO,2025-11-07,Warszawa,Polska,Faro,Portugalia
2025-11-15,,504.0,WAW,FAO,2025-11-07,Warszawa,Polska,Faro,Portugalia
2025-11-16,,504.0,WAW,FAO,2025-11-07,Warszawa,Polska,Faro,Portugalia
2025-11-17,,504.0,WAW,FAO,2025-11-07,Warszawa,Polska,Faro,Portugalia
2025-11-18,,504.0,WAW,FAO,2025-11-07,Warszawa,Polska,Faro,Portugalia
2025-11-19,,504.0,WAW,FAO,2025-11-07,Warszawa,Polska,Faro,Portugalia
2025-11-20,,504.0,WAW,FAO,2025-11-07,Warszawa,Polska,Faro,Portugalia
2025-11-21,,504.0,WAW,FAO,2025-11-07,Warszawa,Polska,Faro,Portugalia
2025-11-22,,399.0,WAW,FAO,2025-11-07,Warszawa,Polska,Faro,Portugalia
2025-11-23,,504.0,WAW,FAO,2025-11-07,Warszawa,Polska,Faro,Portugalia
2025-11-24,,599.0,WAW,FAO,2025-11-07,Warszawa,Polska,Faro,Portugalia
2025-11-25,,504.0,WAW,FAO,2025-11-07,Warszawa,Polska,Faro,Portugalia
2025-11-26,,504.0,WAW,FAO,2025-11-07,Warszawa,Polska,Faro,Portugalia
2025-11-27,,504.0,WAW,FAO,2025-11-07,Warszawa,Polska,Faro,Portugalia
2025-11-28,,504.0,WAW,FAO,2025-11-07,Warszawa,Polska,Faro,Portugalia
2025-11-29,,504.0,WAW,FAO,2025-11-07,Warszawa,Polska,Faro,Portugalia
2025-11-30,,504.0,WAW,FAO,2025-11-07,Warszawa,Polska,Faro,Portugalia
2025-12-01,,550.0,WAW,FAO,2025-11-07,Warszawa,Polska,Faro,Portugalia
2025-12-02,,504.0,WAW,FAO,2025-11-07,Warszawa,Polska,Faro,Portugalia
2025-12-03,,504.0,WAW,FAO,2025-11-07,Warszawa,Polska,Faro,Portugalia
2025-12-04,,504.0,WAW,FAO,2025-11-07,Warszawa,Polska,Faro,Portugalia
2025-12-05,,504.0,WAW,FAO,2025-11-07,Warszawa,Polska,Faro,Portugalia
2025-12-06,,504.0,WAW,FAO,2025-11-07,Warszawa,Polska,Faro,Portugalia
2025-12-07,,458.0,WAW,FAO,2025-11-07,Warszawa,Polska,Faro,Portugalia
2025-12-08,,550.0,WAW,FAO,2025-11-07,Warszawa,Polska,Faro,Portugalia
2025-12-09,,458.0,WAW,FAO,2025-11-07,Warszawa,Polska,Faro,Portugalia
2025-12-10,,458.0,WAW,FAO,2025-11-07,Warszawa,Polska,Faro,Portugalia
2025-12-11,,458.0,WAW,FAO,2025-11-07,Warszawa,Polska,Faro,Portugalia
2025-12-12,,504.0,WAW,FAO,2025-11-07,Warszawa,Polska,Faro,Portugalia
2025-12-13,,399.0,WAW,FAO,2025-11-07,Warszawa,Polska,Faro,Portugalia
2025-12-14,,504.0,WAW,FAO,2025-11-07,Warszawa,Polska,Faro,Portugalia
2025-12-15,,458.0,WAW,FAO,2025-11-07,Warszawa,Polska,Faro,Portugalia
2025-12-16,,504.0,WAW,FAO,2025-11-07,Warszawa,Polska,Faro,Portugalia
2025-12-17,,504.0,WAW,FAO,2025-11-07,Warszawa,Polska,Faro,Portugalia
2025-12-18,,504.0,WAW,FAO,2025-11-07,Warszawa,Polska,Faro,Portugalia
2025-12-19,,593.0,WAW,FAO,2025-11-07,Warszawa,Polska,Faro,Portugalia
2025-12-20,,807.0,WAW,FAO,2025-11-07,Warszawa,Polska,Faro,Portugalia
2025-12-21,,807.0,WAW,FAO,2025-11-07,Warszawa,Polska,Faro,Portugalia
2025-12-22,,807.0,WAW,FAO,2025-11-07,Warszawa,Polska,Faro,Portugalia
2025-12-23,,807.0,WAW,FAO,2025-11-07,Warszawa,Polska,Faro,Portugalia
2025-12-24,,1060.0,WAW,FAO,2025-11-07,Warszawa,Polska,Faro,Portugalia
2025-12-25,,917.0,WAW,FAO,2025-11-07,Warszawa,Polska,Faro,Portugalia
2025-12-26,,1353.0,WAW,FAO,2025-11-07,Warszawa,Polska,Faro,Portugalia
2025-12-27,,961.0,WAW,FAO,2025-11-07,Warszawa,Polska,Faro,Portugalia
2025-12-28,,1068.0,WAW,FAO,2025-11-07,Warszawa,Polska,Faro,Portugalia
2025-12-29,,1068.0,WAW,FAO,2025-11-07,Warszawa,Polska,Faro,Portugalia
2025-12-30,,887.0,WAW,FAO,2025-11-07,Warszawa,Polska,Faro,Portugalia
2025-12-31,,504.0,WAW,FAO,2025-11-07,Warszawa,Polska,Faro,Portugalia
2026-01-01,,593.0,WAW,FAO,2025-11-07,Warszawa,Polska,Faro,Portugalia
2026-01-02,,741.0,WAW,FAO,2025-11-07,Warszawa,Polska,Faro,Portugalia
2026-01-03,,741.0,WAW,FAO,2025-11-07,Warszawa,Polska,Faro,Portugalia
2026-01-04,,504.0,WAW,FAO,2025-11-07,Warszawa,Polska,Faro,Portugalia
2026-01-05,,504.0,WAW,FAO,2025-11-07,Warszawa,Polska,Faro,Portugalia
2026-01-06,,504.0,WAW,FAO,2025-11-07,Warszawa,Polska,Faro,Portugalia
2026-01-07,,504.0,WAW,FAO,2025-11-07,Warszawa,Polska,Faro,Portugalia
2026-01-08,,504.0,WAW,FAO,2025-11-07,Warszawa,Polska,Faro,Portugalia
2026-01-09,,458.0,WAW,FAO,2025-11-07,Warszawa,Polska,Faro,Portugalia
2026-01-10,,504.0,WAW,FAO,2025-11-07,Warszawa,Polska,Faro,Portugalia
2026-01-11,,504.0,WAW,FAO,2025-11-07,Warszawa,Polska,Faro,Portugalia
2026-01-12,,458.0,WAW,FAO,2025-11-07,Warszawa,Polska,Faro,Portugalia
2026-01-13,,458.0,WAW,FAO,2025-11-07,Warszawa,Polska,Faro,Portugalia
2026-01-14,,504.0,WAW,FAO,2025-11-07,Warszawa,Polska,Faro,Portugalia
2026-01-15,,504.0,WAW,FAO,2025-11-07,Warszawa,Polska,Faro,Portugalia
2026-01-16,,560.0,WAW,FAO,2025-11-07,Warszawa,Polska,Faro,Portugalia
2026-01-17,,656.0,WAW,FAO,2025-11-07,Warszawa,Polska,Faro,Portugalia
2026-01-18,,550.0,WAW,FAO,2025-11-07,Warszawa,Polska,Faro,Portugalia
2026-01-19,,560.0,WAW,FAO,2025-11-07,Warszawa,Polska,Faro,Portugalia
2026-01-20,,599.0,WAW,FAO,2025-11-07,Warszawa,Polska,Faro,Portugalia
2026-01-21,,519.0,WAW,FAO,2025-11-07,Warszawa,Polska,Faro,Portugalia
2026-01-22,,458.0,WAW,FAO,2025-11-07,Warszawa,Polska,Faro,Portugalia
2026-01-23,,523.0,WAW,FAO,2025-11-07,Warszawa,Polska,Faro,Portugalia
2026-01-24,,629.0,WAW,FAO,2025-11-07,Warszawa,Polska,Faro,Portugalia
2026-01-25,,504.0,WAW,FAO,2025-11-07,Warszawa,Polska,Faro,Portugalia
2026-01-26,,458.0,WAW,FAO,2025-11-07,Warszawa,Polska,Faro,Portugalia
2026-01-27,,458.0,WAW,FAO,2025-11-07,Warszawa,Polska,Faro,Portugalia
2026-01-28,,504.0,WAW,FAO,2025-11-07,Warszawa,Polska,Faro,Portugalia
2026-01-29,,458.0,WAW,FAO,2025-11-07,Warszawa,Polska,Faro,Portugalia
2026-01-30,,527.0,WAW,FAO,2025-11-07,Warszawa,Polska,Faro,Portugalia
2025-11-07,,892.0,WAW,LIS,2025-11-07,Warszawa,Polska,Lizbona,Portugalia
2025-11-08,,1890.0,WAW,LIS,2025-11-07,Warszawa,Polska,Lizbona,Portugalia
2025-11-09,,1594.0,WAW,LIS,2025-11-07,Warszawa,Polska,Lizbona,Portugalia
2025-11-10,,664.0,WAW,LIS,2025-11-07,Warszawa,Polska,Lizbona,Portugalia
2025-11-11,,339.0,WAW,LIS,2025-11-07,Warszawa,Polska,Lizbona,Portugalia
2025-11-12,,586.0,WAW,LIS,2025-11-07,Warszawa,Polska,Lizbona,Portugalia
2025-11-13,,339.0,WAW,LIS,2025-11-07,Warszawa,Polska,Lizbona,Portugalia
2025-11-14,,630.0,WAW,LIS,2025-11-07,Warszawa,Polska,Lizbona,Portugalia
2025-11-15,,399.0,WAW,LIS,2025-11-07,Warszawa,Polska,Lizbona,Portugalia
2025-11-16,,640.0,WAW,LIS,2025-11-07,Warszawa,Polska,Lizbona,Portugalia
2025-11-17,,541.0,WAW,LIS,2025-11-07,Warszawa,Polska,Lizbona,Portugalia
2025-11-18,,359.0,WAW,LIS,2025-11-07,Warszawa,Polska,Lizbona,Portugalia
2025-11-19,,507.0,WAW,LIS,2025-11-07,Warszawa,Polska,Lizbona,Portugalia
2025-11-20,,389.0,WAW,LIS,2025-11-07,Warszawa,Polska,Lizbona,Portugalia
2025-11-21,,557.0,WAW,LIS,2025-11-07,Warszawa,Polska,Lizbona,Portugalia
2025-11-22,,309.0,WAW,LIS,2025-11-07,Warszawa,Polska,Lizbona,Portugalia
2025-11-23,,557.0,WAW,LIS,2025-11-07,Warszawa,Polska,Lizbona,Portugalia
2025-11-24,,508.0,WAW,LIS,2025-11-07,Warszawa,Polska,Lizbona,Portugalia
2025-11-25,,309.0,WAW,LIS,2025-11-07,Warszawa,Polska,Lizbona,Portugalia
2025-11-26,,422.0,WAW,LIS,2025-11-07,Warszawa,Polska,Lizbona,Portugalia
2025-11-27,,309.0,WAW,LIS,2025-11-07,Warszawa,Polska,Lizbona,Portugalia
2025-11-28,,412.0,WAW,LIS,2025-11-07,Warszawa,Polska,Lizbona,Portugalia
2025-11-29,,309.0,WAW,LIS,2025-11-07,Warszawa,Polska,Lizbona,Portugalia
2025-11-30,,448.0,WAW,LIS,2025-11-07,Warszawa,Polska,Lizbona,Portugalia
2025-12-01,,508.0,WAW,LIS,2025-11-07,Warszawa,Polska,Lizbona,Portugalia
2025-12-02,,309.0,WAW,LIS,2025-11-07,Warszawa,Polska,Lizbona,Portugalia
2025-12-03,,489.0,WAW,LIS,2025-11-07,Warszawa,Polska,Lizbona,Portugalia
2025-12-04,,309.0,WAW,LIS,2025-11-07,Warszawa,Polska,Lizbona,Portugalia
2025-12-05,,310.0,WAW,LIS,2025-11-07,Warszawa,Polska,Lizbona,Portugalia
2025-12-06,,309.0,WAW,LIS,2025-11-07,Warszawa,Polska,Lizbona,Portugalia
2025-12-07,,424.0,WAW,LIS,2025-11-07,Warszawa,Polska,Lizbona,Portugalia
2025-12-08,,555.0,WAW,LIS,2025-11-07,Warszawa,Polska,Lizbona,Portugalia
2025-12-09,,309.0,WAW,LIS,2025-11-07,Warszawa,Polska,Lizbona,Portugalia
2025-12-10,,412.0,WAW,LIS,2025-11-07,Warszawa,Polska,Lizbona,Portugalia
2025-12-11,,309.0,WAW,LIS,2025-11-07,Warszawa,Polska,Lizbona,Portugalia
2025-12-12,,412.0,WAW,LIS,2025-11-07,Warszawa,Polska,Lizbona,Portugalia
2025-12-13,,309.0,WAW,LIS,2025-11-07,Warszawa,Polska,Lizbona,Portugalia
2025-12-14,,469.0,WAW,LIS,2025-11-07,Warszawa,Polska,Lizbona,Portugalia
2025-12-15,,412.0,WAW,LIS,2025-11-07,Warszawa,Polska,Lizbona,Portugalia
2025-12-16,,309.0,WAW,LIS,2025-11-07,Warszawa,Polska,Lizbona,Portugalia
2025-12-17,,412.0,WAW,LIS,2025-11-07,Warszawa,Polska,Lizbona,Portugalia
2025-12-18,,309.0,WAW,LIS,2025-11-07,Warszawa,Polska,Lizbona,Portugalia
2025-12-19,,720.0,WAW,LIS,2025-11-07,Warszawa,Polska,Lizbona,Portugalia
2025-12-20,,719.0,WAW,LIS,2025-11-07,Warszawa,Polska,Lizbona,Portugalia
2025-12-21,,720.0,WAW,LIS,2025-11-07,Warszawa,Polska,Lizbona,Portugalia
2025-12-22,,800.0,WAW,LIS,2025-11-07,Warszawa,Polska,Lizbona,Portugalia
2025-12-23,,489.0,WAW,LIS,2025-11-07,Warszawa,Polska,Lizbona,Portugalia
2025-12-24,,800.0,WAW,LIS,2025-11-07,Warszawa,Polska,Lizbona,Portugalia
2025-12-25,,649.0,WAW,LIS,2025-11-07,Warszawa,Polska,Lizbona,Portugalia
2025-12-26,,1001.0,WAW,LIS,2025-11-07,Warszawa,Polska,Lizbona,Portugalia
2025-12-27,,809.0,WAW,LIS,2025-11-07,Warszawa,Polska,Lizbona,Portugalia
2025-12-28,,1001.0,WAW,LIS,2025-11-07,Warszawa,Polska,Lizbona,Portugalia
2025-12-29,,901.0,WAW,LIS,2025-11-07,Warszawa,Polska,Lizbona,Portugalia
2025-12-30,,809.0,WAW,LIS,2025-11-07,Warszawa,Polska,Lizbona,Portugalia
2025-12-31,,557.0,WAW,LIS,2025-11-07,Warszawa,Polska,Lizbona,Portugalia
2026-01-01,,389.0,WAW,LIS,2025-11-07,Warszawa,Polska,Lizbona,Portugalia
2026-01-02,,720.0,WAW,LIS,2025-11-07,Warszawa,Polska,Lizbona,Portugalia
2026-01-03,,800.0,WAW,LIS,2025-11-07,Warszawa,Polska,Lizbona,Portugalia
2026-01-04,,720.0,WAW,LIS,2025-11-07,Warszawa,Polska,Lizbona,Portugalia
2026-01-05,,518.0,WAW,LIS,2025-11-07,Warszawa,Polska,Lizbona,Portugalia
2026-01-06,,309.0,WAW,LIS,2025-11-07,Warszawa,Polska,Lizbona,Portugalia
2026-01-07,,518.0,WAW,LIS,2025-11-07,Warszawa,Polska,Lizbona,Portugalia
2026-01-08,,309.0,WAW,LIS,2025-11-07,Warszawa,Polska,Lizbona,Portugalia
2026-01-09,,366.0,WAW,LIS,2025-11-07,Warszawa,Polska,Lizbona,Portugalia
2026-01-10,,309.0,WAW,LIS,2025-11-07,Warszawa,Polska,Lizbona,Portugalia
2026-01-11,,368.0,WAW,LIS,2025-11-07,Warszawa,Polska,Lizbona,Portugalia
2026-01-12,,366.0,WAW,LIS,2025-11-07,Warszawa,Polska,Lizbona,Portugalia
2026-01-13,,309.0,WAW,LIS,2025-11-07,Warszawa,Polska,Lizbona,Portugalia
2026-01-14,,368.0,WAW,LIS,2025-11-07,Warszawa,Polska,Lizbona,Portugalia
2026-01-15,,422.0,WAW,LIS,2025-11-07,Warszawa,Polska,Lizbona,Portugalia
2026-01-16,,518.0,WAW,LIS,2025-11-07,Warszawa,Polska,Lizbona,Portugalia
2026-01-17,,331.0,WAW,LIS,2025-11-07,Warszawa,Polska,Lizbona,Portugalia
2026-01-18,,574.0,WAW,LIS,2025-11-07,Warszawa,Polska,Lizbona,Portugalia
2026-01-19,,518.0,WAW,LIS,2025-11-07,Warszawa,Polska,Lizbona,Portugalia
2026-01-20,,389.0,WAW,LIS,2025-11-07,Warszawa,Polska,Lizbona,Portugalia
2026-01-21,,422.0,WAW,LIS,2025-11-07,Warszawa,Polska,Lizbona,Portugalia
2026-01-22,,309.0,WAW,LIS,2025-11-07,Warszawa,Polska,Lizbona,Portugalia
2026-01-23,,487.0,WAW,LIS,2025-11-07,Warszawa,Polska,Lizbona,Portugalia
2026-01-24,,309.0,WAW,LIS,2025-11-07,Warszawa,Polska,Lizbona,Portugalia
2026-01-25,,366.0,WAW,LIS,2025-11-07,Warszawa,Polska,Lizbona,Portugalia
2026-01-26,,368.0,WAW,LIS,2025-11-07,Warszawa,Polska,Lizbona,Portugalia
2026-01-27,,309.0,WAW,LIS,2025-11-07,Warszawa,Polska,Lizbona,Portugalia
2026-01-28,,368.0,WAW,LIS,2025-11-07,Warszawa,Polska,Lizbona,Portugalia
2026-01-29,,309.0,WAW,LIS,2025-11-07,Warszawa,Polska,Lizbona,Portugalia
2026-01-30,,469.0,WAW,LIS,2025-11-07,Warszawa,Polska,Lizbona,Portugalia
2025-11-07,,1385.0,WAW,OPO,2025-11-07,Warszawa,Polska,Porto,Portugalia
2025-11-08,,1603.0,WAW,OPO,2025-11-07,Warszawa,Polska,Porto,Portugalia
2025-11-09,,969.0,WAW,OPO,2025-11-07,Warszawa,Polska,Porto,Portugalia
2025-11-10,,845.0,WAW,OPO,2025-11-07,Warszawa,Polska,Porto,Portugalia
2025-11-11,,504.0,WAW,OPO,2025-11-07,Warszawa,Polska,Porto,Portugalia
2025-11-12,,399.0,WAW,OPO,2025-11-07,Warszawa,Polska,Porto,Portugalia
2025-11-13,,372.0,WAW,OPO,2025-11-07,Warszawa,Polska,Porto,Portugalia
2025-11-14,,730.0,WAW,OPO,2025-11-07,Warszawa,Polska,Porto,Portugalia
2025-11-15,,504.0,WAW,OPO,2025-11-07,Warszawa,Polska,Porto,Portugalia
2025-11-16,,286.0,WAW,OPO,2025-11-07,Warszawa,Polska,Porto,Portugalia
2025-11-17,,399.0,WAW,OPO,2025-11-07,Warszawa,Polska,Porto,Portugalia
2025-11-18,,504.0,WAW,OPO,2025-11-07,Warszawa,Polska,Porto,Portugalia
2025-11-19,,399.0,WAW,OPO,2025-11-07,Warszawa,Polska,Porto,Portugalia
2025-11-20,,184.0,WAW,OPO,2025-11-07,Warszawa,Polska,Porto,Portugalia
2025-11-21,,504.0,WAW,OPO,2025-11-07,Warszawa,Polska,Porto,Portugalia
2025-11-22,,504.0,WAW,OPO,2025-11-07,Warszawa,Polska,Porto,Portugalia
2025-11-23,,269.0,WAW,OPO,2025-11-07,Warszawa,Polska,Porto,Portugalia
2025-11-24,,426.0,WAW,OPO,2025-11-07,Warszawa,Polska,Porto,Portugalia
2025-11-25,,426.0,WAW,OPO,2025-11-07,Warszawa,Polska,Porto,Portugalia
2025-11-26,,269.0,WAW,OPO,2025-11-07,Warszawa,Polska,Porto,Portugalia
2025-11-27,,419.0,WAW,OPO,2025-11-07,Warszawa,Polska,Porto,Portugalia
2025-11-28,,504.0,WAW,OPO,2025-11-07,Warszawa,Polska,Porto,Portugalia
2025-11-29,,475.0,WAW,OPO,2025-11-07,Warszawa,Polska,Porto,Portugalia
2025-11-30,,248.0,WAW,OPO,2025-11-07,Warszawa,Polska,Porto,Portugalia
2025-12-01,,412.0,WAW,OPO,2025-11-07,Warszawa,Polska,Porto,Portugalia
2025-12-02,,415.0,WAW,OPO,2025-11-07,Warszawa,Polska,Porto,Portugalia
2025-12-03,,269.0,WAW,OPO,2025-11-07,Warszawa,Polska,Porto,Portugalia
2025-12-04,,262.0,WAW,OPO,2025-11-07,Warszawa,Polska,Porto,Portugalia
2025-12-05,,412.0,WAW,OPO,2025-11-07,Warszawa,Polska,Porto,Portugalia
2025-12-06,,415.0,WAW,OPO,2025-11-07,Warszawa,Polska,Porto,Portugalia
2025-12-07,,269.0,WAW,OPO,2025-11-07,Warszawa,Polska,Porto,Portugalia
2025-12-08,,426.0,WAW,OPO,2025-11-07,Warszawa,Polska,Porto,Portugalia
2025-12-09,,269.0,WAW,OPO,2025-11-07,Warszawa,Polska,Porto,Portugalia
2025-12-10,,269.0,WAW,OPO,2025-11-07,Warszawa,Polska,Porto,Portugalia
2025-12-11,,361.0,WAW,OPO,2025-11-07,Warszawa,Polska,Porto,Portugalia
2025-12-12,,504.0,WAW,OPO,2025-11-07,Warszawa,Polska,Porto,Portugalia
2025-12-13,,504.0,WAW,OPO,2025-11-07,Warszawa,Polska,Porto,Portugalia
2025-12-14,,269.0,WAW,OPO,2025-11-07,Warszawa,Polska,Porto,Portugalia
2025-12-15,,504.0,WAW,OPO,2025-11-07,Warszawa,Polska,Porto,Portugalia
2025-12-16,,269.0,WAW,OPO,2025-11-07,Warszawa,Polska,Porto,Portugalia
2025-12-17,,399.0,WAW,OPO,2025-11-07,Warszawa,Polska,Porto,Portugalia
2025-12-18,,398.0,WAW,OPO,2025-11-07,Warszawa,Polska,Porto,Portugalia
2025-12-19,,595.0,WAW,OPO,2025-11-07,Warszawa,Polska,Porto,Portugalia
2025-12-20,,807.0,WAW,OPO,2025-11-07,Warszawa,Polska,Porto,Portugalia
2025-12-21,,632.0,WAW,OPO,2025-11-07,Warszawa,Polska,Porto,Portugalia
2025-12-22,,807.0,WAW,OPO,2025-11-07,Warszawa,Polska,Porto,Portugalia
2025-12-23,,609.0,WAW,OPO,2025-11-07,Warszawa,Polska,Porto,Portugalia
2025-12-24,,519.0,WAW,OPO,2025-11-07,Warszawa,Polska,Porto,Portugalia
2025-12-25,,919.0,WAW,OPO,2025-11-07,Warszawa,Polska,Porto,Portugalia
2025-12-26,,1085.0,WAW,OPO,2025-11-07,Warszawa,Polska,Porto,Portugalia
2025-12-27,,1068.0,WAW,OPO,2025-11-07,Warszawa,Polska,Porto,Portugalia
2025-12-28,,672.0,WAW,OPO,2025-11-07,Warszawa,Polska,Porto,Portugalia
2025-12-29,,811.0,WAW,OPO,2025-11-07,Warszawa,Polska,Porto,Portugalia
2025-12-30,,669.0,WAW,OPO,2025-11-07,Warszawa,Polska,Porto,Portugalia
2025-12-31,,504.0,WAW,OPO,2025-11-07,Warszawa,Polska,Porto,Portugalia
2026-01-01,,325.0,WAW,OPO,2025-11-07,Warszawa,Polska,Porto,Portugalia
2026-01-02,,741.0,WAW,OPO,2025-11-07,Warszawa,Polska,Porto,Portugalia
2026-01-03,,741.0,WAW,OPO,2025-11-07,Warszawa,Polska,Porto,Portugalia
2026-01-04,,504.0,WAW,OPO,2025-11-07,Warszawa,Polska,Porto,Portugalia
2026-01-05,,504.0,WAW,OPO,2025-11-07,Warszawa,Polska,Porto,Portugalia
2026-01-06,,269.0,WAW,OPO,2025-11-07,Warszawa,Polska,Porto,Portugalia
2026-01-07,,269.0,WAW,OPO,2025-11-07,Warszawa,Polska,Porto,Portugalia
2026-01-08,,359.0,WAW,OPO,2025-11-07,Warszawa,Polska,Porto,Portugalia
2026-01-09,,359.0,WAW,OPO,2025-11-07,Warszawa,Polska,Porto,Portugalia
2026-01-10,,415.0,WAW,OPO,2025-11-07,Warszawa,Polska,Porto,Portugalia
2026-01-11,,214.0,WAW,OPO,2025-11-07,Warszawa,Polska,Porto,Portugalia
2026-01-12,,426.0,WAW,OPO,2025-11-07,Warszawa,Polska,Porto,Portugalia
2026-01-13,,269.0,WAW,OPO,2025-11-07,Warszawa,Polska,Porto,Portugalia
2026-01-14,,269.0,WAW,OPO,2025-11-07,Warszawa,Polska,Porto,Portugalia
2026-01-15,,248.0,WAW,OPO,2025-11-07,Warszawa,Polska,Porto,Portugalia
2026-01-16,,656.0,WAW,OPO,2025-11-07,Warszawa,Polska,Porto,Portugalia
2026-01-17,,656.0,WAW,OPO,2025-11-07,Warszawa,Polska,Porto,Portugalia
2026-01-18,,359.0,WAW,OPO,2025-11-07,Warszawa,Polska,Porto,Portugalia
2026-01-19,,618.0,WAW,OPO,2025-11-07,Warszawa,Polska,Porto,Portugalia
2026-01-20,,299.0,WAW,OPO,2025-11-07,Warszawa,Polska,Porto,Portugalia
2026-01-21,,269.0,WAW,OPO,2025-11-07,Warszawa,Polska,Porto,Portugalia
2026-01-22,,248.0,WAW,OPO,2025-11-07,Warszawa,Polska,Porto,Portugalia
2026-01-23,,482.0,WAW,OPO,2025-11-07,Warszawa,Polska,Porto,Portugalia
2026-01-24,,475.0,WAW,OPO,2025-11-07,Warszawa,Polska,Porto,Portugalia
2026-01-25,,214.0,WAW,OPO,2025-11-07,Warszawa,Polska,Porto,Portugalia
2026-01-26,,426.0,WAW,OPO,2025-11-07,Warszawa,Polska,Porto,Portugalia
2026-01-27,,269.0,WAW,OPO,2025-11-07,Warszawa,Polska,Porto,Portugalia
2026-01-28,,269.0,WAW,OPO,2025-11-07,Warszawa,Polska,Porto,Portugalia
2026-01-29,,268.0,WAW,OPO,2025-11-07,Warszawa,Polska,Porto,Portugalia
2026-01-30,,582.0,WAW,OPO,2025-11-07,Warszawa,Polska,Porto,Portugalia
2025-11-07,,1733.0,WAW,FNC,2025-11-07,Warszawa,Polska,Madera,Portugalia
2025-11-08,,2273.0,WAW,FNC,2025-11-07,Warszawa,Polska,Madera,Portugalia
2025-11-09,,1630.0,WAW,FNC,2025-11-07,Warszawa,Polska,Madera,Portugalia
2025-11-10,,899.0,WAW,FNC,2025-11-07,Warszawa,Polska,Madera,Portugalia
2025-11-11,,635.0,WAW,FNC,2025-11-07,Warszawa,Polska,Madera,Portugalia
2025-11-12,,489.0,WAW,FNC,2025-11-07,Warszawa,Polska,Madera,Portugalia
2025-11-13,,671.0,WAW,FNC,2025-11-07,Warszawa,Polska,Madera,Portugalia
2025-11-14,,489.0,WAW,FNC,2025-11-07,Warszawa,Polska,Madera,Portugalia
2025-11-15,,635.0,WAW,FNC,2025-11-07,Warszawa,Polska,Madera,Portugalia
2025-11-16,,489.0,WAW,FNC,2025-11-07,Warszawa,Polska,Madera,Portugalia
2025-11-17,,489.0,WAW,FNC,2025-11-07,Warszawa,Polska,Madera,Portugalia
2025-11-18,,671.0,WAW,FNC,2025-11-07,Warszawa,Polska,Madera,Portugalia
2025-11-19,,539.0,WAW,FNC,2025-11-07,Warszawa,Polska,Madera,Portugalia
2025-11-20,,749.0,WAW,FNC,2025-11-07,Warszawa,Polska,Madera,Portugalia
2025-11-21,,489.0,WAW,FNC,2025-11-07,Warszawa,Polska,Madera,Portugalia
2025-11-22,,671.0,WAW,FNC,2025-11-07,Warszawa,Polska,Madera,Portugalia
2025-11-23,,359.0,WAW,FNC,2025-11-07,Warszawa,Polska,Madera,Portugalia
2025-11-24,,359.0,WAW,FNC,2025-11-07,Warszawa,Polska,Madera,Portugalia
2025-11-25,,635.0,WAW,FNC,2025-11-07,Warszawa,Polska,Madera,Portugalia
2025-11-26,,539.0,WAW,FNC,2025-11-07,Warszawa,Polska,Madera,Portugalia
2025-11-27,,749.0,WAW,FNC,2025-11-07,Warszawa,Polska,Madera,Portugalia
2025-11-28,,489.0,WAW,FNC,2025-11-07,Warszawa,Polska,Madera,Portugalia
2025-11-29,,671.0,WAW,FNC,2025-11-07,Warszawa,Polska,Madera,Portugalia
2025-11-30,,539.0,WAW,FNC,2025-11-07,Warszawa,Polska,Madera,Portugalia
2025-12-01,,359.0,WAW,FNC,2025-11-07,Warszawa,Polska,Madera,Portugalia
2025-12-02,,671.0,WAW,FNC,2025-11-07,Warszawa,Polska,Madera,Portugalia
2025-12-03,,359.0,WAW,FNC,2025-11-07,Warszawa,Polska,Madera,Portugalia
2025-12-04,,671.0,WAW,FNC,2025-11-07,Warszawa,Polska,Madera,Portugalia
2025-12-05,,359.0,WAW,FNC,2025-11-07,Warszawa,Polska,Madera,Portugalia
2025-12-06,,502.0,WAW,FNC,2025-11-07,Warszawa,Polska,Madera,Portugalia
2025-12-07,,359.0,WAW,FNC,2025-11-07,Warszawa,Polska,Madera,Portugalia
2025-12-08,,359.0,WAW,FNC,2025-11-07,Warszawa,Polska,Madera,Portugalia
2025-12-09,,671.0,WAW,FNC,2025-11-07,Warszawa,Polska,Madera,Portugalia
2025-12-10,,359.0,WAW,FNC,2025-11-07,Warszawa,Polska,Madera,Portugalia
2025-12-11,,635.0,WAW,FNC,2025-11-07,Warszawa,Polska,Madera,Portugalia
2025-12-12,,489.0,WAW,FNC,2025-11-07,Warszawa,Polska,Madera,Portugalia
2025-12-13,,433.0,WAW,FNC,2025-11-07,Warszawa,Polska,Madera,Portugalia
2025-12-14,,449.0,WAW,FNC,2025-11-07,Warszawa,Polska,Madera,Portugalia
2025-12-15,,359.0,WAW,FNC,2025-11-07,Warszawa,Polska,Madera,Portugalia
2025-12-16,,815.0,WAW,FNC,2025-11-07,Warszawa,Polska,Madera,Portugalia
2025-12-17,,489.0,WAW,FNC,2025-11-07,Warszawa,Polska,Madera,Portugalia
2025-12-18,,900.0,WAW,FNC,2025-11-07,Warszawa,Polska,Madera,Portugalia
2025-12-19,,629.0,WAW,FNC,2025-11-07,Warszawa,Polska,Madera,Portugalia
2025-12-20,,1225.0,WAW,FNC,2025-11-07,Warszawa,Polska,Madera,Portugalia
2025-12-21,,678.0,WAW,FNC,2025-11-07,Warszawa,Polska,Madera,Portugalia
2025-12-22,,713.0,WAW,FNC,2025-11-07,Warszawa,Polska,Madera,Portugalia
2025-12-23,,834.0,WAW,FNC,2025-11-07,Warszawa,Polska,Madera,Portugalia
2025-12-24,,809.0,WAW,FNC,2025-11-07,Warszawa,Polska,Madera,Portugalia
2025-12-25,,1001.0,WAW,FNC,2025-11-07,Warszawa,Polska,Madera,Portugalia
2025-12-26,,1119.0,WAW,FNC,2025-11-07,Warszawa,Polska,Madera,Portugalia
2025-12-27,,1225.0,WAW,FNC,2025-11-07,Warszawa,Polska,Madera,Portugalia
2025-12-28,,899.0,WAW,FNC,2025-11-07,Warszawa,Polska,Madera,Portugalia
2025-12-29,,899.0,WAW,FNC,2025-11-07,Warszawa,Polska,Madera,Portugalia
2025-12-30,,900.0,WAW,FNC,2025-11-07,Warszawa,Polska,Madera,Portugalia
2025-12-31,,739.0,WAW,FNC,2025-11-07,Warszawa,Polska,Madera,Portugalia
2026-01-01,,899.0,WAW,FNC,2025-11-07,Warszawa,Polska,Madera,Portugalia
2026-01-02,,489.0,WAW,FNC,2025-11-07,Warszawa,Polska,Madera,Portugalia
2026-01-03,,980.0,WAW,FNC,2025-11-07,Warszawa,Polska,Madera,Portugalia
2026-01-04,,359.0,WAW,FNC,2025-11-07,Warszawa,Polska,Madera,Portugalia
2026-01-05,,359.0,WAW,FNC,2025-11-07,Warszawa,Polska,Madera,Portugalia
2026-01-06,,678.0,WAW,FNC,2025-11-07,Warszawa,Polska,Madera,Portugalia
2026-01-07,,359.0,WAW,FNC,2025-11-07,Warszawa,Polska,Madera,Portugalia
2026-01-08,,635.0,WAW,FNC,2025-11-07,Warszawa,Polska,Madera,Portugalia
2026-01-09,,433.0,WAW,FNC,2025-11-07,Warszawa,Polska,Madera,Portugalia
2026-01-10,,663.0,WAW,FNC,2025-11-07,Warszawa,Polska,Madera,Portugalia
2026-01-11,,399.0,WAW,FNC,2025-11-07,Warszawa,Polska,Madera,Portugalia
2026-01-12,,399.0,WAW,FNC,2025-11-07,Warszawa,Polska,Madera,Portugalia
2026-01-13,,635.0,WAW,FNC,2025-11-07,Warszawa,Polska,Madera,Portugalia
2026-01-14,,579.0,WAW,FNC,2025-11-07,Warszawa,Polska,Madera,Portugalia
2026-01-15,,635.0,WAW,FNC,2025-11-07,Warszawa,Polska,Madera,Portugalia
2026-01-16,,669.0,WAW,FNC,2025-11-07,Warszawa,Polska,Madera,Portugalia
2026-01-17,,916.0,WAW,FNC,2025-11-07,Warszawa,Polska,Madera,Portugalia
2026-01-18,,916.0,WAW,FNC,2025-11-07,Warszawa,Polska,Madera,Portugalia
2026-01-19,,739.0,WAW,FNC,2025-11-07,Warszawa,Polska,Madera,Portugalia
2026-01-20,,814.0,WAW,FNC,2025-11-07,Warszawa,Polska,Madera,Portugalia
2026-01-21,,669.0,WAW,FNC,2025-11-07,Warszawa,Polska,Madera,Portugalia
2026-01-22,,635.0,WAW,FNC,2025-11-07,Warszawa,Polska,Madera,Portugalia
2026-01-23,,669.0,WAW,FNC,2025-11-07,Warszawa,Polska,Madera,Portugalia
2026-01-24,,916.0,WAW,FNC,2025-11-07,Warszawa,Polska,Madera,Portugalia
2026-01-25,,539.0,WAW,FNC,2025-11-07,Warszawa,Polska,Madera,Portugalia
2026-01-26,,579.0,WAW,FNC,2025-11-07,Warszawa,Polska,Madera,Portugalia
2026-01-27,,814.0,WAW,FNC,2025-11-07,Warszawa,Polska,Madera,Portugalia
2026-01-28,,489.0,WAW,FNC,2025-11-07,Warszawa,Polska,Madera,Portugalia
2026-01-29,,670.0,WAW,FNC,2025-11-07,Warszawa,Polska,Madera,Portugalia
2026-01-30,,739.0,WAW,FNC,2025-11-07,Warszawa,Polska,Madera,Portugalia
2025-11-07,,1064.0,WAW,CDG,2025-11-07,Warszawa,Polska,Paryż,Francja
2025-11-08,,1270.0,WAW,CDG,2025-11-07,Warszawa,Polska,Paryż,Francja
2025-11-09,,1112.0,WAW,CDG,2025-11-07,Warszawa,Polska,Paryż,Francja
2025-11-10,,891.0,WAW,CDG,2025-11-07,Warszawa,Polska,Paryż,Francja
2025-11-11,,891.0,WAW,CDG,2025-11-07,Warszawa,Polska,Paryż,Francja
2025-11-12,,891.0,WAW,CDG,2025-11-07,Warszawa,Polska,Paryż,Francja
2025-11-13,,740.0,WAW,CDG,2025-11-07,Warszawa,Polska,Paryż,Francja
2025-11-14,,740.0,WAW,CDG,2025-11-07,Warszawa,Polska,Paryż,Francja
2025-11-15,,740.0,WAW,CDG,2025-11-07,Warszawa,Polska,Paryż,Francja
2025-11-16,,782.0,WAW,CDG,2025-11-07,Warszawa,Polska,Paryż,Francja
2025-11-17,,629.0,WAW,CDG,2025-11-07,Warszawa,Polska,Paryż,Francja
2025-11-18,,629.0,WAW,CDG,2025-11-07,Warszawa,Polska,Paryż,Francja
2025-11-19,,727.0,WAW,CDG,2025-11-07,Warszawa,Polska,Paryż,Francja
2025-11-20,,493.0,WAW,CDG,2025-11-07,Warszawa,Polska,Paryż,Francja
2025-11-21,,493.0,WAW,CDG,2025-11-07,Warszawa,Polska,Paryż,Francja
2025-11-22,,493.0,WAW,CDG,2025-11-07,Warszawa,Polska,Paryż,Francja
2025-11-23,,633.0,WAW,CDG,2025-11-07,Warszawa,Polska,Paryż,Francja
2025-11-24,,493.0,WAW,CDG,2025-11-07,Warszawa,Polska,Paryż,Francja
2025-11-25,,629.0,WAW,CDG,2025-11-07,Warszawa,Polska,Paryż,Francja
2025-11-26,,629.0,WAW,CDG,2025-11-07,Warszawa,Polska,Paryż,Francja
2025-11-27,,493.0,WAW,CDG,2025-11-07,Warszawa,Polska,Paryż,Francja
2025-11-28,,493.0,WAW,CDG,2025-11-07,Warszawa,Polska,Paryż,Francja
2025-11-29,,536.0,WAW,CDG,2025-11-07,Warszawa,Polska,Paryż,Francja
2025-11-30,,574.0,WAW,CDG,2025-11-07,Warszawa,Polska,Paryż,Francja
2025-12-01,,471.0,WAW,CDG,2025-11-07,Warszawa,Polska,Paryż,Francja
2025-12-02,,493.0,WAW,CDG,2025-11-07,Warszawa,Polska,Paryż,Francja
2025-12-03,,399.0,WAW,CDG,2025-11-07,Warszawa,Polska,Paryż,Francja
2025-12-04,,399.0,WAW,CDG,2025-11-07,Warszawa,Polska,Paryż,Francja
2025-12-05,,493.0,WAW,CDG,2025-11-07,Warszawa,Polska,Paryż,Francja
2025-12-06,,349.0,WAW,CDG,2025-11-07,Warszawa,Polska,Paryż,Francja
2025-12-07,,364.0,WAW,CDG,2025-11-07,Warszawa,Polska,Paryż,Francja
2025-12-08,,399.0,WAW,CDG,2025-11-07,Warszawa,Polska,Paryż,Francja
2025-12-09,,349.0,WAW,CDG,2025-11-07,Warszawa,Polska,Paryż,Francja
2025-12-10,,399.0,WAW,CDG,2025-11-07,Warszawa,Polska,Paryż,Francja
2025-12-11,,349.0,WAW,CDG,2025-11-07,Warszawa,Polska,Paryż,Francja
2025-12-12,,364.0,WAW,CDG,2025-11-07,Warszawa,Polska,Paryż,Francja
2025-12-13,,349.0,WAW,CDG,2025-11-07,Warszawa,Polska,Paryż,Francja
2025-12-14,,364.0,WAW,CDG,2025-11-07,Warszawa,Polska,Paryż,Francja
2025-12-15,,349.0,WAW,CDG,2025-11-07,Warszawa,Polska,Paryż,Francja
2025-12-16,,349.0,WAW,CDG,2025-11-07,Warszawa,Polska,Paryż,Francja
2025-12-17,,349.0,WAW,CDG,2025-11-07,Warszawa,Polska,Paryż,Francja
2025-12-18,,425.0,WAW,CDG,2025-11-07,Warszawa,Polska,Paryż,Francja
2025-12-19,,425.0,WAW,CDG,2025-11-07,Warszawa,Polska,Paryż,Francja
2025-12-20,,574.0,WAW,CDG,2025-11-07,Warszawa,Polska,Paryż,Francja
2025-12-21,,425.0,WAW,CDG,2025-11-07,Warszawa,Polska,Paryż,Francja
2025-12-22,,399.0,WAW,CDG,2025-11-07,Warszawa,Polska,Paryż,Francja
2025-12-23,,425.0,WAW,CDG,2025-11-07,Warszawa,Polska,Paryż,Francja
2025-12-24,,496.0,WAW,CDG,2025-11-07,Warszawa,Polska,Paryż,Francja
2025-12-25,,574.0,WAW,CDG,2025-11-07,Warszawa,Polska,Paryż,Francja
2025-12-26,,677.0,WAW,CDG,2025-11-07,Warszawa,Polska,Paryż,Francja
2025-12-27,,892.0,WAW,CDG,2025-11-07,Warszawa,Polska,Paryż,Francja
2025-12-28,,902.0,WAW,CDG,2025-11-07,Warszawa,Polska,Paryż,Francja
2025-12-29,,677.0,WAW,CDG,2025-11-07,Warszawa,Polska,Paryż,Francja
2025-12-30,,902.0,WAW,CDG,2025-11-07,Warszawa,Polska,Paryż,Francja
2025-12-31,,582.0,WAW,CDG,2025-11-07,Warszawa,Polska,Paryż,Francja
2026-01-01,,536.0,WAW,CDG,2025-11-07,Warszawa,Polska,Paryż,Francja
2026-01-02,,902.0,WAW,CDG,2025-11-07,Warszawa,Polska,Paryż,Francja
2026-01-03,,1010.0,WAW,CDG,2025-11-07,Warszawa,Polska,Paryż,Francja
2026-01-04,,892.0,WAW,CDG,2025-11-07,Warszawa,Polska,Paryż,Francja
2026-01-05,,493.0,WAW,CDG,2025-11-07,Warszawa,Polska,Paryż,Francja
2026-01-06,,399.0,WAW,CDG,2025-11-07,Warszawa,Polska,Paryż,Francja
2026-01-07,,399.0,WAW,CDG,2025-11-07,Warszawa,Polska,Paryż,Francja
2026-01-08,,399.0,WAW,CDG,2025-11-07,Warszawa,Polska,Paryż,Francja
2026-01-09,,399.0,WAW,CDG,2025-11-07,Warszawa,Polska,Paryż,Francja
2026-01-10,,425.0,WAW,CDG,2025-11-07,Warszawa,Polska,Paryż,Francja
2026-01-11,,425.0,WAW,CDG,2025-11-07,Warszawa,Polska,Paryż,Francja
2026-01-12,,376.0,WAW,CDG,2025-11-07,Warszawa,Polska,Paryż,Francja
2026-01-13,,376.0,WAW,CDG,2025-11-07,Warszawa,Polska,Paryż,Francja
2026-01-14,,399.0,WAW,CDG,2025-11-07,Warszawa,Polska,Paryż,Francja
2026-01-15,,399.0,WAW,CDG,2025-11-07,Warszawa,Polska,Paryż,Francja
2026-01-16,,399.0,WAW,CDG,2025-11-07,Warszawa,Polska,Paryż,Francja
2026-01-17,,376.0,WAW,CDG,2025-11-07,Warszawa,Polska,Paryż,Francja
2026-01-18,,587.0,WAW,CDG,2025-11-07,Warszawa,Polska,Paryż,Francja
2026-01-19,,312.0,WAW,CDG,2025-11-07,Warszawa,Polska,Paryż,Francja
2026-01-20,,399.0,WAW,CDG,2025-11-07,Warszawa,Polska,Paryż,Francja
2026-01-21,,312.0,WAW,CDG,2025-11-07,Warszawa,Polska,Paryż,Francja
2026-01-22,,399.0,WAW,CDG,2025-11-07,Warszawa,Polska,Paryż,Francja
2026-01-23,,399.0,WAW,CDG,2025-11-07,Warszawa,Polska,Paryż,Francja
2026-01-24,,425.0,WAW,CDG,2025-11-07,Warszawa,Polska,Paryż,Francja
2026-01-25,,425.0,WAW,CDG,2025-11-07,Warszawa,Polska,Paryż,Francja
2026-01-26,,312.0,WAW,CDG,2025-11-07,Warszawa,Polska,Paryż,Francja
2026-01-27,,312.0,WAW,CDG,2025-11-07,Warszawa,Polska,Paryż,Francja
2026-01-28,,312.0,WAW,CDG,2025-11-07,Warszawa,Polska,Paryż,Francja
2026-01-29,,399.0,WAW,CDG,2025-11-07,Warszawa,Polska,Paryż,Francja
2026-01-30,,399.0,WAW,CDG,2025-11-07,Warszawa,Polska,Paryż,Francja
2025-11-07,,1546.0,WAW,ORY,2025-11-07,Warszawa,Polska,Paryż,Francja
2025-11-08,,1421.0,WAW,ORY,2025-11-07,Warszawa,Polska,Paryż,Francja
2025-11-09,,969.0,WAW,ORY,2025-11-07,Warszawa,Polska,Paryż,Francja
2025-11-10,,809.0,WAW,ORY,2025-11-07,Warszawa,Polska,Paryż,Francja
2025-11-11,,1149.0,WAW,ORY,2025-11-07,Warszawa,Polska,Paryż,Francja
2025-11-12,,1059.0,WAW,ORY,2025-11-07,Warszawa,Polska,Paryż,Francja
2025-11-13,,849.0,WAW,ORY,2025-11-07,Warszawa,Polska,Paryż,Francja
2025-11-14,,969.0,WAW,ORY,2025-11-07,Warszawa,Polska,Paryż,Francja
2025-11-15,,669.0,WAW,ORY,2025-11-07,Warszawa,Polska,Paryż,Francja
2025-11-16,,719.0,WAW,ORY,2025-11-07,Warszawa,Polska,Paryż,Francja
2025-11-17,,849.0,WAW,ORY,2025-11-07,Warszawa,Polska,Paryż,Francja
2025-11-18,,669.0,WAW,ORY,2025-11-07,Warszawa,Polska,Paryż,Francja
2025-11-19,,609.0,WAW,ORY,2025-11-07,Warszawa,Polska,Paryż,Francja
2025-11-20,,559.0,WAW,ORY,2025-11-07,Warszawa,Polska,Paryż,Francja
2025-11-21,,669.0,WAW,ORY,2025-11-07,Warszawa,Polska,Paryż,Francja
2025-11-22,,449.0,WAW,ORY,2025-11-07,Warszawa,Polska,Paryż,Francja
2025-11-23,,399.0,WAW,ORY,2025-11-07,Warszawa,Polska,Paryż,Francja
2025-11-24,,449.0,WAW,ORY,2025-11-07,Warszawa,Polska,Paryż,Francja
2025-11-25,,449.0,WAW,ORY,2025-11-07,Warszawa,Polska,Paryż,Francja
2025-11-26,,399.0,WAW,ORY,2025-11-07,Warszawa,Polska,Paryż,Francja
2025-11-27,,359.0,WAW,ORY,2025-11-07,Warszawa,Polska,Paryż,Francja
2025-11-28,,559.0,WAW,ORY,2025-11-07,Warszawa,Polska,Paryż,Francja
2025-11-29,,449.0,WAW,ORY,2025-11-07,Warszawa,Polska,Paryż,Francja
2025-11-30,,299.0,WAW,ORY,2025-11-07,Warszawa,Polska,Paryż,Francja
2025-12-01,,449.0,WAW,ORY,2025-11-07,Warszawa,Polska,Paryż,Francja
2025-12-02,,269.0,WAW,ORY,2025-11-07,Warszawa,Polska,Paryż,Francja
2025-12-03,,269.0,WAW,ORY,2025-11-07,Warszawa,Polska,Paryż,Francja
2025-12-04,,399.0,WAW,ORY,2025-11-07,Warszawa,Polska,Paryż,Francja
2025-12-05,,399.0,WAW,ORY,2025-11-07,Warszawa,Polska,Paryż,Francja
2025-12-06,,399.0,WAW,ORY,2025-11-07,Warszawa,Polska,Paryż,Francja
2025-12-07,,309.0,WAW,ORY,2025-11-07,Warszawa,Polska,Paryż,Francja
2025-12-08,,299.0,WAW,ORY,2025-11-07,Warszawa,Polska,Paryż,Francja
2025-12-09,,159.0,WAW,ORY,2025-11-07,Warszawa,Polska,Paryż,Francja
2025-12-10,,249.0,WAW,ORY,2025-11-07,Warszawa,Polska,Paryż,Francja
2025-12-11,,309.0,WAW,ORY,2025-11-07,Warszawa,Polska,Paryż,Francja
2025-12-12,,399.0,WAW,ORY,2025-11-07,Warszawa,Polska,Paryż,Francja
2025-12-13,,299.0,WAW,ORY,2025-11-07,Warszawa,Polska,Paryż,Francja
2025-12-14,,219.0,WAW,ORY,2025-11-07,Warszawa,Polska,Paryż,Francja
2025-12-15,,209.0,WAW,ORY,2025-11-07,Warszawa,Polska,Paryż,Francja
2025-12-16,,159.0,WAW,ORY,2025-11-07,Warszawa,Polska,Paryż,Francja
2025-12-17,,159.0,WAW,ORY,2025-11-07,Warszawa,Polska,Paryż,Francja
2025-12-18,,209.0,WAW,ORY,2025-11-07,Warszawa,Polska,Paryż,Francja
2025-12-19,,299.0,WAW,ORY,2025-11-07,Warszawa,Polska,Paryż,Francja
2025-12-20,,519.0,WAW,ORY,2025-11-07,Warszawa,Polska,Paryż,Francja
2025-12-21,,299.0,WAW,ORY,2025-11-07,Warszawa,Polska,Paryż,Francja
2025-12-22,,309.0,WAW,ORY,2025-11-07,Warszawa,Polska,Paryż,Francja
2025-12-23,,399.0,WAW,ORY,2025-11-07,Warszawa,Polska,Paryż,Francja
2025-12-24,,399.0,WAW,ORY,2025-11-07,Warszawa,Polska,Paryż,Francja
2025-12-25,,449.0,WAW,ORY,2025-11-07,Warszawa,Polska,Paryż,Francja
2025-12-26,,609.0,WAW,ORY,2025-11-07,Warszawa,Polska,Paryż,Francja
2025-12-27,,669.0,WAW,ORY,2025-11-07,Warszawa,Polska,Paryż,Francja
2025-12-28,,719.0,WAW,ORY,2025-11-07,Warszawa,Polska,Paryż,Francja
2025-12-29,,969.0,WAW,ORY,2025-11-07,Warszawa,Polska,Paryż,Francja
2025-12-30,,816.0,WAW,ORY,2025-11-07,Warszawa,Polska,Paryż,Francja
2025-12-31,,816.0,WAW,ORY,2025-11-07,Warszawa,Polska,Paryż,Francja
2026-01-01,,669.0,WAW,ORY,2025-11-07,Warszawa,Polska,Paryż,Francja
2026-01-02,,809.0,WAW,ORY,2025-11-07,Warszawa,Polska,Paryż,Francja
2026-01-03,,969.0,WAW,ORY,2025-11-07,Warszawa,Polska,Paryż,Francja
2026-01-04,,1149.0,WAW,ORY,2025-11-07,Warszawa,Polska,Paryż,Francja
2026-01-05,,519.0,WAW,ORY,2025-11-07,Warszawa,Polska,Paryż,Francja
2026-01-06,,359.0,WAW,ORY,2025-11-07,Warszawa,Polska,Paryż,Francja
2026-01-07,,269.0,WAW,ORY,2025-11-07,Warszawa,Polska,Paryż,Francja
2026-01-08,,209.0,WAW,ORY,2025-11-07,Warszawa,Polska,Paryż,Francja
2026-01-09,,269.0,WAW,ORY,2025-11-07,Warszawa,Polska,Paryż,Francja
2026-01-10,,249.0,WAW,ORY,2025-11-07,Warszawa,Polska,Paryż,Francja
2026-01-11,,209.0,WAW,ORY,2025-11-07,Warszawa,Polska,Paryż,Francja
2026-01-12,,159.0,WAW,ORY,2025-11-07,Warszawa,Polska,Paryż,Francja
2026-01-13,,159.0,WAW,ORY,2025-11-07,Warszawa,Polska,Paryż,Francja
2026-01-14,,159.0,WAW,ORY,2025-11-07,Warszawa,Polska,Paryż,Francja
2026-01-15,,249.0,WAW,ORY,2025-11-07,Warszawa,Polska,Paryż,Francja
2026-01-16,,269.0,WAW,ORY,2025-11-07,Warszawa,Polska,Paryż,Francja
2026-01-17,,359.0,WAW,ORY,2025-11-07,Warszawa,Polska,Paryż,Francja
2026-01-18,,219.0,WAW,ORY,2025-11-07,Warszawa,Polska,Paryż,Francja
2026-01-19,,309.0,WAW,ORY,2025-11-07,Warszawa,Polska,Paryż,Francja
2026-01-20,,159.0,WAW,ORY,2025-11-07,Warszawa,Polska,Paryż,Francja
2026-01-21,,159.0,WAW,ORY,2025-11-07,Warszawa,Polska,Paryż,Francja
2026-01-22,,219.0,WAW,ORY,2025-11-07,Warszawa,Polska,Paryż,Francja
2026-01-23,,249.0,WAW,ORY,2025-11-07,Warszawa,Polska,Paryż,Francja
2026-01-24,,219.0,WAW,ORY,2025-11-07,Warszawa,Polska,Paryż,Francja
2026-01-25,,219.0,WAW,ORY,2025-11-07,Warszawa,Polska,Paryż,Francja
2026-01-26,,269.0,WAW,ORY,2025-11-07,Warszawa,Polska,Paryż,Francja
2026-01-27,,159.0,WAW,ORY,2025-11-07,Warszawa,Polska,Paryż,Francja
2026-01-28,,159.0,WAW,ORY,2025-11-07,Warszawa,Polska,Paryż,Francja
2026-01-29,,159.0,WAW,ORY,2025-11-07,Warszawa,Polska,Paryż,Francja
2026-01-30,,159.0,WAW,ORY,2025-11-07,Warszawa,Polska,Paryż,Francja
2025-11-07,,,WAW,BVA,2025-11-07,Warszawa,Polska,Paryż,Francja
2025-11-08,,,WAW,BVA,2025-11-07,Warszawa,Polska,Paryż,Francja
2025-11-09,,,WAW,BVA,2025-11-07,Warszawa,Polska,Paryż,Francja
2025-11-10,,,WAW,BVA,2025-11-07,Warszawa,Polska,Paryż,Francja
2025-11-11,,,WAW,BVA,2025-11-07,Warszawa,Polska,Paryż,Francja
2025-11-12,,,WAW,BVA,2025-11-07,Warszawa,Polska,Paryż,Francja
2025-11-13,,,WAW,BVA,2025-11-07,Warszawa,Polska,Paryż,Francja
2025-11-14,,,WAW,BVA,2025-11-07,Warszawa,Polska,Paryż,Francja
2025-11-15,,,WAW,BVA,2025-11-07,Warszawa,Polska,Paryż,Francja
2025-11-16,,,WAW,BVA,2025-11-07,Warszawa,Polska,Paryż,Francja
2025-11-17,,,WAW,BVA,2025-11-07,Warszawa,Polska,Paryż,Francja
2025-11-18,,,WAW,BVA,2025-11-07,Warszawa,Polska,Paryż,Francja
2025-11-19,,,WAW,BVA,2025-11-07,Warszawa,Polska,Paryż,Francja
2025-11-20,,,WAW,BVA,2025-11-07,Warszawa,Polska,Paryż,Francja
2025-11-21,,,WAW,BVA,2025-11-07,Warszawa,Polska,Paryż,Francja
2025-11-22,,,WAW,BVA,2025-11-07,Warszawa,Polska,Paryż,Francja
2025-11-23,,,WAW,BVA,2025-11-07,Warszawa,Polska,Paryż,Francja
2025-11-24,,,WAW,BVA,2025-11-07,Warszawa,Polska,Paryż,Francja
2025-11-25,,,WAW,BVA,2025-11-07,Warszawa,Polska,Paryż,Francja
2025-11-26,,,WAW,BVA,2025-11-07,Warszawa,Polska,Paryż,Francja
2025-11-27,,,WAW,BVA,2025-11-07,Warszawa,Polska,Paryż,Francja
2025-11-28,,,WAW,BVA,2025-11-07,Warszawa,Polska,Paryż,Francja
2025-11-29,,,WAW,BVA,2025-11-07,Warszawa,Polska,Paryż,Francja
2025-11-30,,,WAW,BVA,2025-11-07,Warszawa,Polska,Paryż,Francja
2025-12-01,,,WAW,BVA,2025-11-07,Warszawa,Polska,Paryż,Francja
2025-12-02,,,WAW,BVA,2025-11-07,Warszawa,Polska,Paryż,Francja
2025-12-03,,,WAW,BVA,2025-11-07,Warszawa,Polska,Paryż,Francja
2025-12-04,,,WAW,BVA,2025-11-07,Warszawa,Polska,Paryż,Francja
2025-12-05,,,WAW,BVA,2025-11-07,Warszawa,Polska,Paryż,Francja
2025-12-06,,,WAW,BVA,2025-11-07,Warszawa,Polska,Paryż,Francja
2025-12-07,,,WAW,BVA,2025-11-07,Warszawa,Polska,Paryż,Francja
2025-12-08,,,WAW,BVA,2025-11-07,Warszawa,Polska,Paryż,Francja
2025-12-09,,,WAW,BVA,2025-11-07,Warszawa,Polska,Paryż,Francja
2025-12-10,,,WAW,BVA,2025-11-07,Warszawa,Polska,Paryż,Francja
2025-12-11,,,WAW,BVA,2025-11-07,Warszawa,Polska,Paryż,Francja
2025-12-12,,,WAW,BVA,2025-11-07,Warszawa,Polska,Paryż,Francja
2025-12-13,,,WAW,BVA,2025-11-07,Warszawa,Polska,Paryż,Francja
2025-12-14,,,WAW,BVA,2025-11-07,Warszawa,Polska,Paryż,Francja
2025-12-15,,,WAW,BVA,2025-11-07,Warszawa,Polska,Paryż,Francja
2025-12-16,,,WAW,BVA,2025-11-07,Warszawa,Polska,Paryż,Francja
2025-12-17,,,WAW,BVA,2025-11-07,Warszawa,Polska,Paryż,Francja
2025-12-18,,,WAW,BVA,2025-11-07,Warszawa,Polska,Paryż,Francja
2025-12-19,,,WAW,BVA,2025-11-07,Warszawa,Polska,Paryż,Francja
2025-12-20,,,WAW,BVA,2025-11-07,Warszawa,Polska,Paryż,Francja
2025-12-21,,,WAW,BVA,2025-11-07,Warszawa,Polska,Paryż,Francja
2025-12-22,,,WAW,BVA,2025-11-07,Warszawa,Polska,Paryż,Francja
2025-12-23,,,WAW,BVA,2025-11-07,Warszawa,Polska,Paryż,Francja
2025-12-24,,,WAW,BVA,2025-11-07,Warszawa,Polska,Paryż,Francja
2025-12-25,,,WAW,BVA,2025-11-07,Warszawa,Polska,Paryż,Francja
2025-12-26,,,WAW,BVA,2025-11-07,Warszawa,Polska,Paryż,Francja
2025-12-27,,,WAW,BVA,2025-11-07,Warszawa,Polska,Paryż,Francja
2025-12-28,,,WAW,BVA,2025-11-07,Warszawa,Polska,Paryż,Francja
2025-12-29,,,WAW,BVA,2025-11-07,Warszawa,Polska,Paryż,Francja
2025-12-30,,,WAW,BVA,2025-11-07,Warszawa,Polska,Paryż,Francja
2025-12-31,,,WAW,BVA,2025-11-07,Warszawa,Polska,Paryż,Francja
2026-01-01,,,WAW,BVA,2025-11-07,Warszawa,Polska,Paryż,Francja
2026-01-02,,,WAW,BVA,2025-11-07,Warszawa,Polska,Paryż,Francja
2026-01-03,,,WAW,BVA,2025-11-07,Warszawa,Polska,Paryż,Francja
2026-01-04,,,WAW,BVA,2025-11-07,Warszawa,Polska,Paryż,Francja
2026-01-05,,,WAW,BVA,2025-11-07,Warszawa,Polska,Paryż,Francja
2026-01-06,,,WAW,BVA,2025-11-07,Warszawa,Polska,Paryż,Francja
2026-01-07,,,WAW,BVA,2025-11-07,Warszawa,Polska,Paryż,Francja
2026-01-08,,,WAW,BVA,2025-11-07,Warszawa,Polska,Paryż,Francja
2026-01-09,,,WAW,BVA,2025-11-07,Warszawa,Polska,Paryż,Francja
2026-01-10,,,WAW,BVA,2025-11-07,Warszawa,Polska,Paryż,Francja
2026-01-11,,,WAW,BVA,2025-11-07,Warszawa,Polska,Paryż,Francja
2026-01-12,,,WAW,BVA,2025-11-07,Warszawa,Polska,Paryż,Francja
2026-01-13,,,WAW,BVA,2025-11-07,Warszawa,Polska,Paryż,Francja
2026-01-14,,,WAW,BVA,2025-11-07,Warszawa,Polska,Paryż,Francja
2026-01-15,,,WAW,BVA,2025-11-07,Warszawa,Polska,Paryż,Francja
2026-01-16,,,WAW,BVA,2025-11-07,Warszawa,Polska,Paryż,Francja
2026-01-17,,,WAW,BVA,2025-11-07,Warszawa,Polska,Paryż,Francja
2026-01-18,,,WAW,BVA,2025-11-07,Warszawa,Polska,Paryż,Francja
2026-01-19,,,WAW,BVA,2025-11-07,Warszawa,Polska,Paryż,Francja
2026-01-20,,,WAW,BVA,2025-11-07,Warszawa,Polska,Paryż,Francja
2026-01-21,,,WAW,BVA,2025-11-07,Warszawa,Polska,Paryż,Francja
2026-01-22,,,WAW,BVA,2025-11-07,Warszawa,Polska,Paryż,Francja
2026-01-23,,,WAW,BVA,2025-11-07,Warszawa,Polska,Paryż,Francja
2026-01-24,,,WAW,BVA,2025-11-07,Warszawa,Polska,Paryż,Francja
2026-01-25,,,WAW,BVA,2025-11-07,Warszawa,Polska,Paryż,Francja
2026-01-26,,,WAW,BVA,2025-11-07,Warszawa,Polska,Paryż,Francja
2026-01-27,,,WAW,BVA,2025-11-07,Warszawa,Polska,Paryż,Francja
2026-01-28,,,WAW,BVA,2025-11-07,Warszawa,Polska,Paryż,Francja
2026-01-29,,,WAW,BVA,2025-11-07,Warszawa,Polska,Paryż,Francja
2026-01-30,,,WAW,BVA,2025-11-07,Warszawa,Polska,Paryż,Francja
2025-11-07,,2572.0,WAW,LYS,2025-11-07,Warszawa,Polska,Lyon,Francja
2025-11-08,,1880.0,WAW,LYS,2025-11-07,Warszawa,Polska,Lyon,Francja
2025-11-09,,948.0,WAW,LYS,2025-11-07,Warszawa,Polska,Lyon,Francja
2025-11-10,,769.0,WAW,LYS,2025-11-07,Warszawa,Polska,Lyon,Francja
2025-11-11,,986.0,WAW,LYS,2025-11-07,Warszawa,Polska,Lyon,Francja
2025-11-12,,769.0,WAW,LYS,2025-11-07,Warszawa,Polska,Lyon,Francja
2025-11-13,,653.0,WAW,LYS,2025-11-07,Warszawa,Polska,Lyon,Francja
2025-11-14,,653.0,WAW,LYS,2025-11-07,Warszawa,Polska,Lyon,Francja
2025-11-15,,653.0,WAW,LYS,2025-11-07,Warszawa,Polska,Lyon,Francja
2025-11-16,,935.0,WAW,LYS,2025-11-07,Warszawa,Polska,Lyon,Francja
2025-11-17,,653.0,WAW,LYS,2025-11-07,Warszawa,Polska,Lyon,Francja
2025-11-18,,653.0,WAW,LYS,2025-11-07,Warszawa,Polska,Lyon,Francja
2025-11-19,,653.0,WAW,LYS,2025-11-07,Warszawa,Polska,Lyon,Francja
2025-11-20,,653.0,WAW,LYS,2025-11-07,Warszawa,Polska,Lyon,Francja
2025-11-21,,653.0,WAW,LYS,2025-11-07,Warszawa,Polska,Lyon,Francja
2025-11-22,,566.0,WAW,LYS,2025-11-07,Warszawa,Polska,Lyon,Francja
2025-11-23,,565.0,WAW,LYS,2025-11-07,Warszawa,Polska,Lyon,Francja
2025-11-24,,507.0,WAW,LYS,2025-11-07,Warszawa,Polska,Lyon,Francja
2025-11-25,,507.0,WAW,LYS,2025-11-07,Warszawa,Polska,Lyon,Francja
2025-11-26,,569.0,WAW,LYS,2025-11-07,Warszawa,Polska,Lyon,Francja
2025-11-27,,501.0,WAW,LYS,2025-11-07,Warszawa,Polska,Lyon,Francja
2025-11-28,,504.0,WAW,LYS,2025-11-07,Warszawa,Polska,Lyon,Francja
2025-11-29,,501.0,WAW,LYS,2025-11-07,Warszawa,Polska,Lyon,Francja
2025-11-30,,501.0,WAW,LYS,2025-11-07,Warszawa,Polska,Lyon,Francja
2025-12-01,,504.0,WAW,LYS,2025-11-07,Warszawa,Polska,Lyon,Francja
2025-12-02,,501.0,WAW,LYS,2025-11-07,Warszawa,Polska,Lyon,Francja
2025-12-03,,504.0,WAW,LYS,2025-11-07,Warszawa,Polska,Lyon,Francja
2025-12-04,,501.0,WAW,LYS,2025-11-07,Warszawa,Polska,Lyon,Francja
2025-12-05,,504.0,WAW,LYS,2025-11-07,Warszawa,Polska,Lyon,Francja
2025-12-06,,470.0,WAW,LYS,2025-11-07,Warszawa,Polska,Lyon,Francja
2025-12-07,,470.0,WAW,LYS,2025-11-07,Warszawa,Polska,Lyon,Francja
2025-12-08,,402.0,WAW,LYS,2025-11-07,Warszawa,Polska,Lyon,Francja
2025-12-09,,470.0,WAW,LYS,2025-11-07,Warszawa,Polska,Lyon,Francja
2025-12-10,,504.0,WAW,LYS,2025-11-07,Warszawa,Polska,Lyon,Francja
2025-12-11,,402.0,WAW,LYS,2025-11-07,Warszawa,Polska,Lyon,Francja
2025-12-12,,504.0,WAW,LYS,2025-11-07,Warszawa,Polska,Lyon,Francja
2025-12-13,,402.0,WAW,LYS,2025-11-07,Warszawa,Polska,Lyon,Francja
2025-12-14,,402.0,WAW,LYS,2025-11-07,Warszawa,Polska,Lyon,Francja
2025-12-15,,402.0,WAW,LYS,2025-11-07,Warszawa,Polska,Lyon,Francja
2025-12-16,,402.0,WAW,LYS,2025-11-07,Warszawa,Polska,Lyon,Francja
2025-12-17,,402.0,WAW,LYS,2025-11-07,Warszawa,Polska,Lyon,Francja
2025-12-18,,470.0,WAW,LYS,2025-11-07,Warszawa,Polska,Lyon,Francja
2025-12-19,,741.0,WAW,LYS,2025-11-07,Warszawa,Polska,Lyon,Francja
2025-12-20,,808.0,WAW,LYS,2025-11-07,Warszawa,Polska,Lyon,Francja
2025-12-21,,569.0,WAW,LYS,2025-11-07,Warszawa,Polska,Lyon,Francja
2025-12-22,,569.0,WAW,LYS,2025-11-07,Warszawa,Polska,Lyon,Francja
2025-12-23,,569.0,WAW,LYS,2025-11-07,Warszawa,Polska,Lyon,Francja
2025-12-24,,501.0,WAW,LYS,2025-11-07,Warszawa,Polska,Lyon,Francja
2025-12-25,,566.0,WAW,LYS,2025-11-07,Warszawa,Polska,Lyon,Francja
2025-12-26,,823.0,WAW,LYS,2025-11-07,Warszawa,Polska,Lyon,Francja
2025-12-27,,1106.0,WAW,LYS,2025-11-07,Warszawa,Polska,Lyon,Francja
2025-12-28,,863.0,WAW,LYS,2025-11-07,Warszawa,Polska,Lyon,Francja
2025-12-29,,765.0,WAW,LYS,2025-11-07,Warszawa,Polska,Lyon,Francja
2025-12-30,,910.0,WAW,LYS,2025-11-07,Warszawa,Polska,Lyon,Francja
2025-12-31,,616.0,WAW,LYS,2025-11-07,Warszawa,Polska,Lyon,Francja
2026-01-01,,664.0,WAW,LYS,2025-11-07,Warszawa,Polska,Lyon,Francja
2026-01-02,,1013.0,WAW,LYS,2025-11-07,Warszawa,Polska,Lyon,Francja
2026-01-03,,1002.0,WAW,LYS,2025-11-07,Warszawa,Polska,Lyon,Francja
2026-01-04,,990.0,WAW,LYS,2025-11-07,Warszawa,Polska,Lyon,Francja
2026-01-05,,836.0,WAW,LYS,2025-11-07,Warszawa,Polska,Lyon,Francja
2026-01-06,,569.0,WAW,LYS,2025-11-07,Warszawa,Polska,Lyon,Francja
2026-01-07,,504.0,WAW,LYS,2025-11-07,Warszawa,Polska,Lyon,Francja
2026-01-08,,501.0,WAW,LYS,2025-11-07,Warszawa,Polska,Lyon,Francja
2026-01-09,,402.0,WAW,LYS,2025-11-07,Warszawa,Polska,Lyon,Francja
2026-01-10,,402.0,WAW,LYS,2025-11-07,Warszawa,Polska,Lyon,Francja
2026-01-11,,504.0,WAW,LYS,2025-11-07,Warszawa,Polska,Lyon,Francja
2026-01-12,,402.0,WAW,LYS,2025-11-07,Warszawa,Polska,Lyon,Francja
2026-01-13,,402.0,WAW,LYS,2025-11-07,Warszawa,Polska,Lyon,Francja
2026-01-14,,540.0,WAW,LYS,2025-11-07,Warszawa,Polska,Lyon,Francja
2026-01-15,,566.0,WAW,LYS,2025-11-07,Warszawa,Polska,Lyon,Francja
2026-01-16,,566.0,WAW,LYS,2025-11-07,Warszawa,Polska,Lyon,Francja
2026-01-17,,941.0,WAW,LYS,2025-11-07,Warszawa,Polska,Lyon,Francja
2026-01-18,,501.0,WAW,LYS,2025-11-07,Warszawa,Polska,Lyon,Francja
2026-01-19,,566.0,WAW,LYS,2025-11-07,Warszawa,Polska,Lyon,Francja
2026-01-20,,470.0,WAW,LYS,2025-11-07,Warszawa,Polska,Lyon,Francja
2026-01-21,,540.0,WAW,LYS,2025-11-07,Warszawa,Polska,Lyon,Francja
2026-01-22,,402.0,WAW,LYS,2025-11-07,Warszawa,Polska,Lyon,Francja
2026-01-23,,501.0,WAW,LYS,2025-11-07,Warszawa,Polska,Lyon,Francja
2026-01-24,,501.0,WAW,LYS,2025-11-07,Warszawa,Polska,Lyon,Francja
2026-01-25,,501.0,WAW,LYS,2025-11-07,Warszawa,Polska,Lyon,Francja
2026-01-26,,402.0,WAW,LYS,2025-11-07,Warszawa,Polska,Lyon,Francja
2026-01-27,,402.0,WAW,LYS,2025-11-07,Warszawa,Polska,Lyon,Francja
2026-01-28,,402.0,WAW,LYS,2025-11-07,Warszawa,Polska,Lyon,Francja
2026-01-29,,501.0,WAW,LYS,2025-11-07,Warszawa,Polska,Lyon,Francja
2026-01-30,,501.0,WAW,LYS,2025-11-07,Warszawa,Polska,Lyon,Francja
2025-11-07,,1457.0,WAW,NCE,2025-11-07,Warszawa,Polska,Nicea,Francja
2025-11-08,,1963.0,WAW,NCE,2025-11-07,Warszawa,Polska,Nicea,Francja
2025-11-09,,609.0,WAW,NCE,2025-11-07,Warszawa,Polska,Nicea,Francja
2025-11-10,,848.0,WAW,NCE,2025-11-07,Warszawa,Polska,Nicea,Francja
2025-11-11,,809.0,WAW,NCE,2025-11-07,Warszawa,Polska,Nicea,Francja
2025-11-12,,792.0,WAW,NCE,2025-11-07,Warszawa,Polska,Nicea,Francja
2025-11-13,,359.0,WAW,NCE,2025-11-07,Warszawa,Polska,Nicea,Francja
2025-11-14,,666.0,WAW,NCE,2025-11-07,Warszawa,Polska,Nicea,Francja
2025-11-15,,309.0,WAW,NCE,2025-11-07,Warszawa,Polska,Nicea,Francja
2025-11-16,,209.0,WAW,NCE,2025-11-07,Warszawa,Polska,Nicea,Francja
2025-11-17,,601.0,WAW,NCE,2025-11-07,Warszawa,Polska,Nicea,Francja
2025-11-18,,249.0,WAW,NCE,2025-11-07,Warszawa,Polska,Nicea,Francja
2025-11-19,,675.0,WAW,NCE,2025-11-07,Warszawa,Polska,Nicea,Francja
2025-11-20,,269.0,WAW,NCE,2025-11-07,Warszawa,Polska,Nicea,Francja
2025-11-21,,601.0,WAW,NCE,2025-11-07,Warszawa,Polska,Nicea,Francja
2025-11-22,,209.0,WAW,NCE,2025-11-07,Warszawa,Polska,Nicea,Francja
2025-11-23,,139.0,WAW,NCE,2025-11-07,Warszawa,Polska,Nicea,Francja
2025-11-24,,457.0,WAW,NCE,2025-11-07,Warszawa,Polska,Nicea,Francja
2025-11-25,,139.0,WAW,NCE,2025-11-07,Warszawa,Polska,Nicea,Francja
2025-11-26,,536.0,WAW,NCE,2025-11-07,Warszawa,Polska,Nicea,Francja
2025-11-27,,219.0,WAW,NCE,2025-11-07,Warszawa,Polska,Nicea,Francja
2025-11-28,,504.0,WAW,NCE,2025-11-07,Warszawa,Polska,Nicea,Francja
2025-11-29,,139.0,WAW,NCE,2025-11-07,Warszawa,Polska,Nicea,Francja
2025-11-30,,139.0,WAW,NCE,2025-11-07,Warszawa,Polska,Nicea,Francja
2025-12-01,,475.0,WAW,NCE,2025-11-07,Warszawa,Polska,Nicea,Francja
2025-12-02,,139.0,WAW,NCE,2025-11-07,Warszawa,Polska,Nicea,Francja
2025-12-03,,536.0,WAW,NCE,2025-11-07,Warszawa,Polska,Nicea,Francja
2025-12-04,,179.0,WAW,NCE,2025-11-07,Warszawa,Polska,Nicea,Francja
2025-12-05,,437.0,WAW,NCE,2025-11-07,Warszawa,Polska,Nicea,Francja
2025-12-06,,139.0,WAW,NCE,2025-11-07,Warszawa,Polska,Nicea,Francja
2025-12-07,,139.0,WAW,NCE,2025-11-07,Warszawa,Polska,Nicea,Francja
2025-12-08,,374.0,WAW,NCE,2025-11-07,Warszawa,Polska,Nicea,Francja
2025-12-09,,139.0,WAW,NCE,2025-11-07,Warszawa,Polska,Nicea,Francja
2025-12-10,,374.0,WAW,NCE,2025-11-07,Warszawa,Polska,Nicea,Francja
2025-12-11,,139.0,WAW,NCE,2025-11-07,Warszawa,Polska,Nicea,Francja
2025-12-12,,536.0,WAW,NCE,2025-11-07,Warszawa,Polska,Nicea,Francja
2025-12-13,,139.0,WAW,NCE,2025-11-07,Warszawa,Polska,Nicea,Francja
2025-12-14,,374.0,WAW,NCE,2025-11-07,Warszawa,Polska,Nicea,Francja
2025-12-15,,374.0,WAW,NCE,2025-11-07,Warszawa,Polska,Nicea,Francja
2025-12-16,,139.0,WAW,NCE,2025-11-07,Warszawa,Polska,Nicea,Francja
2025-12-17,,504.0,WAW,NCE,2025-11-07,Warszawa,Polska,Nicea,Francja
2025-12-18,,139.0,WAW,NCE,2025-11-07,Warszawa,Polska,Nicea,Francja
2025-12-19,,536.0,WAW,NCE,2025-11-07,Warszawa,Polska,Nicea,Francja
2025-12-20,,359.0,WAW,NCE,2025-11-07,Warszawa,Polska,Nicea,Francja
2025-12-21,,601.0,WAW,NCE,2025-11-07,Warszawa,Polska,Nicea,Francja
2025-12-22,,612.0,WAW,NCE,2025-11-07,Warszawa,Polska,Nicea,Francja
2025-12-23,,159.0,WAW,NCE,2025-11-07,Warszawa,Polska,Nicea,Francja
2025-12-24,,612.0,WAW,NCE,2025-11-07,Warszawa,Polska,Nicea,Francja
2025-12-25,,269.0,WAW,NCE,2025-11-07,Warszawa,Polska,Nicea,Francja
2025-12-26,,751.0,WAW,NCE,2025-11-07,Warszawa,Polska,Nicea,Francja
2025-12-27,,809.0,WAW,NCE,2025-11-07,Warszawa,Polska,Nicea,Francja
2025-12-28,,751.0,WAW,NCE,2025-11-07,Warszawa,Polska,Nicea,Francja
2025-12-29,,899.0,WAW,NCE,2025-11-07,Warszawa,Polska,Nicea,Francja
2025-12-30,,559.0,WAW,NCE,2025-11-07,Warszawa,Polska,Nicea,Francja
2025-12-31,,570.0,WAW,NCE,2025-11-07,Warszawa,Polska,Nicea,Francja
2026-01-01,,309.0,WAW,NCE,2025-11-07,Warszawa,Polska,Nicea,Francja
2026-01-02,,848.0,WAW,NCE,2025-11-07,Warszawa,Polska,Nicea,Francja
2026-01-03,,609.0,WAW,NCE,2025-11-07,Warszawa,Polska,Nicea,Francja
2026-01-04,,601.0,WAW,NCE,2025-11-07,Warszawa,Polska,Nicea,Francja
2026-01-05,,536.0,WAW,NCE,2025-11-07,Warszawa,Polska,Nicea,Francja
2026-01-06,,159.0,WAW,NCE,2025-11-07,Warszawa,Polska,Nicea,Francja
2026-01-07,,536.0,WAW,NCE,2025-11-07,Warszawa,Polska,Nicea,Francja
2026-01-08,,139.0,WAW,NCE,2025-11-07,Warszawa,Polska,Nicea,Francja
2026-01-09,,374.0,WAW,NCE,2025-11-07,Warszawa,Polska,Nicea,Francja
2026-01-10,,139.0,WAW,NCE,2025-11-07,Warszawa,Polska,Nicea,Francja
2026-01-11,,504.0,WAW,NCE,2025-11-07,Warszawa,Polska,Nicea,Francja
2026-01-12,,374.0,WAW,NCE,2025-11-07,Warszawa,Polska,Nicea,Francja
2026-01-13,,139.0,WAW,NCE,2025-11-07,Warszawa,Polska,Nicea,Francja
2026-01-14,,374.0,WAW,NCE,2025-11-07,Warszawa,Polska,Nicea,Francja
2026-01-15,,219.0,WAW,NCE,2025-11-07,Warszawa,Polska,Nicea,Francja
2026-01-16,,536.0,WAW,NCE,2025-11-07,Warszawa,Polska,Nicea,Francja
2026-01-17,,179.0,WAW,NCE,2025-11-07,Warszawa,Polska,Nicea,Francja
2026-01-18,,139.0,WAW,NCE,2025-11-07,Warszawa,Polska,Nicea,Francja
2026-01-19,,536.0,WAW,NCE,2025-11-07,Warszawa,Polska,Nicea,Francja
2026-01-20,,209.0,WAW,NCE,2025-11-07,Warszawa,Polska,Nicea,Francja
2026-01-21,,536.0,WAW,NCE,2025-11-07,Warszawa,Polska,Nicea,Francja
2026-01-22,,139.0,WAW,NCE,2025-11-07,Warszawa,Polska,Nicea,Francja
2026-01-23,,374.0,WAW,NCE,2025-11-07,Warszawa,Polska,Nicea,Francja
2026-01-24,,139.0,WAW,NCE,2025-11-07,Warszawa,Polska,Nicea,Francja
2026-01-25,,139.0,WAW,NCE,2025-11-07,Warszawa,Polska,Nicea,Francja
2026-01-26,,374.0,WAW,NCE,2025-11-07,Warszawa,Polska,Nicea,Francja
2026-01-27,,139.0,WAW,NCE,2025-11-07,Warszawa,Polska,Nicea,Francja
2026-01-28,,374.0,WAW,NCE,2025-11-07,Warszawa,Polska,Nicea,Francja
2026-01-29,,139.0,WAW,NCE,2025-11-07,Warszawa,Polska,Nicea,Francja
2026-01-30,,457.0,WAW,NCE,2025-11-07,Warszawa,Polska,Nicea,Francja
2025-11-07,,1979.0,WAW,MRS,2025-11-07,Warszawa,Polska,Marsylia,Francja
2025-11-08,,2408.0,WAW,MRS,2025-11-07,Warszawa,Polska,Marsylia,Francja
2025-11-09,,879.0,WAW,MRS,2025-11-07,Warszawa,Polska,Marsylia,Francja
2025-11-10,,1040.0,WAW,MRS,2025-11-07,Warszawa,Polska,Marsylia,Francja
2025-11-11,,1040.0,WAW,MRS,2025-11-07,Warszawa,Polska,Marsylia,Francja
2025-11-12,,860.0,WAW,MRS,2025-11-07,Warszawa,Polska,Marsylia,Francja
2025-11-13,,860.0,WAW,MRS,2025-11-07,Warszawa,Polska,Marsylia,Francja
2025-11-14,,893.0,WAW,MRS,2025-11-07,Warszawa,Polska,Marsylia,Francja
2025-11-15,,885.0,WAW,MRS,2025-11-07,Warszawa,Polska,Marsylia,Francja
2025-11-16,,982.0,WAW,MRS,2025-11-07,Warszawa,Polska,Marsylia,Francja
2025-11-17,,759.0,WAW,MRS,2025-11-07,Warszawa,Polska,Marsylia,Francja
2025-11-18,,764.0,WAW,MRS,2025-11-07,Warszawa,Polska,Marsylia,Francja
2025-11-19,,892.0,WAW,MRS,2025-11-07,Warszawa,Polska,Marsylia,Francja
2025-11-20,,910.0,WAW,MRS,2025-11-07,Warszawa,Polska,Marsylia,Francja
2025-11-21,,764.0,WAW,MRS,2025-11-07,Warszawa,Polska,Marsylia,Francja
2025-11-22,,663.0,WAW,MRS,2025-11-07,Warszawa,Polska,Marsylia,Francja
2025-11-23,,753.0,WAW,MRS,2025-11-07,Warszawa,Polska,Marsylia,Francja
2025-11-24,,510.0,WAW,MRS,2025-11-07,Warszawa,Polska,Marsylia,Francja
2025-11-25,,510.0,WAW,MRS,2025-11-07,Warszawa,Polska,Marsylia,Francja
2025-11-26,,663.0,WAW,MRS,2025-11-07,Warszawa,Polska,Marsylia,Francja
2025-11-27,,947.0,WAW,MRS,2025-11-07,Warszawa,Polska,Marsylia,Francja
2025-11-28,,571.0,WAW,MRS,2025-11-07,Warszawa,Polska,Marsylia,Francja
2025-11-29,,529.0,WAW,MRS,2025-11-07,Warszawa,Polska,Marsylia,Francja
2025-11-30,,510.0,WAW,MRS,2025-11-07,Warszawa,Polska,Marsylia,Francja
2025-12-01,,510.0,WAW,MRS,2025-11-07,Warszawa,Polska,Marsylia,Francja
2025-12-02,,495.0,WAW,MRS,2025-11-07,Warszawa,Polska,Marsylia,Francja
2025-12-03,,753.0,WAW,MRS,2025-11-07,Warszawa,Polska,Marsylia,Francja
2025-12-04,,560.0,WAW,MRS,2025-11-07,Warszawa,Polska,Marsylia,Francja
2025-12-05,,495.0,WAW,MRS,2025-11-07,Warszawa,Polska,Marsylia,Francja
2025-12-06,,495.0,WAW,MRS,2025-11-07,Warszawa,Polska,Marsylia,Francja
2025-12-07,,510.0,WAW,MRS,2025-11-07,Warszawa,Polska,Marsylia,Francja
2025-12-08,,495.0,WAW,MRS,2025-11-07,Warszawa,Polska,Marsylia,Francja
2025-12-09,,425.0,WAW,MRS,2025-11-07,Warszawa,Polska,Marsylia,Francja
2025-12-10,,529.0,WAW,MRS,2025-11-07,Warszawa,Polska,Marsylia,Francja
2025-12-11,,425.0,WAW,MRS,2025-11-07,Warszawa,Polska,Marsylia,Francja
2025-12-12,,571.0,WAW,MRS,2025-11-07,Warszawa,Polska,Marsylia,Francja
2025-12-13,,425.0,WAW,MRS,2025-11-07,Warszawa,Polska,Marsylia,Francja
2025-12-14,,510.0,WAW,MRS,2025-11-07,Warszawa,Polska,Marsylia,Francja
2025-12-15,,495.0,WAW,MRS,2025-11-07,Warszawa,Polska,Marsylia,Francja
2025-12-16,,425.0,WAW,MRS,2025-11-07,Warszawa,Polska,Marsylia,Francja
2025-12-17,,425.0,WAW,MRS,2025-11-07,Warszawa,Polska,Marsylia,Francja
2025-12-18,,808.0,WAW,MRS,2025-11-07,Warszawa,Polska,Marsylia,Francja
2025-12-19,,808.0,WAW,MRS,2025-11-07,Warszawa,Polska,Marsylia,Francja
2025-12-20,,808.0,WAW,MRS,2025-11-07,Warszawa,Polska,Marsylia,Francja
2025-12-21,,582.0,WAW,MRS,2025-11-07,Warszawa,Polska,Marsylia,Francja
2025-12-22,,529.0,WAW,MRS,2025-11-07,Warszawa,Polska,Marsylia,Francja
2025-12-23,,529.0,WAW,MRS,2025-11-07,Warszawa,Polska,Marsylia,Francja
2025-12-24,,425.0,WAW,MRS,2025-11-07,Warszawa,Polska,Marsylia,Francja
2025-12-25,,877.0,WAW,MRS,2025-11-07,Warszawa,Polska,Marsylia,Francja
2025-12-26,,966.0,WAW,MRS,2025-11-07,Warszawa,Polska,Marsylia,Francja
2025-12-27,,1254.0,WAW,MRS,2025-11-07,Warszawa,Polska,Marsylia,Francja
2025-12-28,,1082.0,WAW,MRS,2025-11-07,Warszawa,Polska,Marsylia,Francja
2025-12-29,,892.0,WAW,MRS,2025-11-07,Warszawa,Polska,Marsylia,Francja
2025-12-30,,753.0,WAW,MRS,2025-11-07,Warszawa,Polska,Marsylia,Francja
2025-12-31,,663.0,WAW,MRS,2025-11-07,Warszawa,Polska,Marsylia,Francja
2026-01-01,,893.0,WAW,MRS,2025-11-07,Warszawa,Polska,Marsylia,Francja
2026-01-02,,1244.0,WAW,MRS,2025-11-07,Warszawa,Polska,Marsylia,Francja
2026-01-03,,1040.0,WAW,MRS,2025-11-07,Warszawa,Polska,Marsylia,Francja
2026-01-04,,1012.0,WAW,MRS,2025-11-07,Warszawa,Polska,Marsylia,Francja
2026-01-05,,858.0,WAW,MRS,2025-11-07,Warszawa,Polska,Marsylia,Francja
2026-01-06,,662.0,WAW,MRS,2025-11-07,Warszawa,Polska,Marsylia,Francja
2026-01-07,,663.0,WAW,MRS,2025-11-07,Warszawa,Polska,Marsylia,Francja
2026-01-08,,425.0,WAW,MRS,2025-11-07,Warszawa,Polska,Marsylia,Francja
2026-01-09,,425.0,WAW,MRS,2025-11-07,Warszawa,Polska,Marsylia,Francja
2026-01-10,,425.0,WAW,MRS,2025-11-07,Warszawa,Polska,Marsylia,Francja
2026-01-11,,425.0,WAW,MRS,2025-11-07,Warszawa,Polska,Marsylia,Francja
2026-01-12,,425.0,WAW,MRS,2025-11-07,Warszawa,Polska,Marsylia,Francja
2026-01-13,,425.0,WAW,MRS,2025-11-07,Warszawa,Polska,Marsylia,Francja
2026-01-14,,425.0,WAW,MRS,2025-11-07,Warszawa,Polska,Marsylia,Francja
2026-01-15,,425.0,WAW,MRS,2025-11-07,Warszawa,Polska,Marsylia,Francja
2026-01-16,,571.0,WAW,MRS,2025-11-07,Warszawa,Polska,Marsylia,Francja
2026-01-17,,754.0,WAW,MRS,2025-11-07,Warszawa,Polska,Marsylia,Francja
2026-01-18,,510.0,WAW,MRS,2025-11-07,Warszawa,Polska,Marsylia,Francja
2026-01-19,,425.0,WAW,MRS,2025-11-07,Warszawa,Polska,Marsylia,Francja
2026-01-20,,495.0,WAW,MRS,2025-11-07,Warszawa,Polska,Marsylia,Francja
2026-01-21,,425.0,WAW,MRS,2025-11-07,Warszawa,Polska,Marsylia,Francja
2026-01-22,,425.0,WAW,MRS,2025-11-07,Warszawa,Polska,Marsylia,Francja
2026-01-23,,510.0,WAW,MRS,2025-11-07,Warszawa,Polska,Marsylia,Francja
2026-01-24,,425.0,WAW,MRS,2025-11-07,Warszawa,Polska,Marsylia,Francja
2026-01-25,,425.0,WAW,MRS,2025-11-07,Warszawa,Polska,Marsylia,Francja
2026-01-26,,425.0,WAW,MRS,2025-11-07,Warszawa,Polska,Marsylia,Francja
2026-01-27,,425.0,WAW,MRS,2025-11-07,Warszawa,Polska,Marsylia,Francja
2026-01-28,,425.0,WAW,MRS,2025-11-07,Warszawa,Polska,Marsylia,Francja
2026-01-29,,425.0,WAW,MRS,2025-11-07,Warszawa,Polska,Marsylia,Francja
2026-01-30,,425.0,WAW,MRS,2025-11-07,Warszawa,Polska,Marsylia,Francja
2025-11-07,,3883.0,WAW,BIQ,2025-11-07,Warszawa,Polska,Biarritz,Francja
2025-11-08,,3308.0,WAW,BIQ,2025-11-07,Warszawa,Polska,Biarritz,Francja
2025-11-09,,1424.0,WAW,BIQ,2025-11-07,Warszawa,Polska,Biarritz,Francja
2025-11-10,,1890.0,WAW,BIQ,2025-11-07,Warszawa,Polska,Biarritz,Francja
2025-11-11,,1418.0,WAW,BIQ,2025-11-07,Warszawa,Polska,Biarritz,Francja
2025-11-12,,1418.0,WAW,BIQ,2025-11-07,Warszawa,Polska,Biarritz,Francja
2025-11-13,,1418.0,WAW,BIQ,2025-11-07,Warszawa,Polska,Biarritz,Francja
2025-11-14,,2196.0,WAW,BIQ,2025-11-07,Warszawa,Polska,Biarritz,Francja
2025-11-15,,1418.0,WAW,BIQ,2025-11-07,Warszawa,Polska,Biarritz,Francja
2025-11-16,,1418.0,WAW,BIQ,2025-11-07,Warszawa,Polska,Biarritz,Francja
2025-11-17,,1424.0,WAW,BIQ,2025-11-07,Warszawa,Polska,Biarritz,Francja
2025-11-18,,1355.0,WAW,BIQ,2025-11-07,Warszawa,Polska,Biarritz,Francja
2025-11-19,,1518.0,WAW,BIQ,2025-11-07,Warszawa,Polska,Biarritz,Francja
2025-11-20,,1418.0,WAW,BIQ,2025-11-07,Warszawa,Polska,Biarritz,Francja
2025-11-21,,2060.0,WAW,BIQ,2025-11-07,Warszawa,Polska,Biarritz,Francja
2025-11-22,,2361.0,WAW,BIQ,2025-11-07,Warszawa,Polska,Biarritz,Francja
2025-11-23,,931.0,WAW,BIQ,2025-11-07,Warszawa,Polska,Biarritz,Francja
2025-11-24,,888.0,WAW,BIQ,2025-11-07,Warszawa,Polska,Biarritz,Francja
2025-11-25,,894.0,WAW,BIQ,2025-11-07,Warszawa,Polska,Biarritz,Francja
2025-11-26,,1059.0,WAW,BIQ,2025-11-07,Warszawa,Polska,Biarritz,Francja
2025-11-27,,1059.0,WAW,BIQ,2025-11-07,Warszawa,Polska,Biarritz,Francja
2025-11-28,,1518.0,WAW,BIQ,2025-11-07,Warszawa,Polska,Biarritz,Francja
2025-11-29,,888.0,WAW,BIQ,2025-11-07,Warszawa,Polska,Biarritz,Francja
2025-11-30,,888.0,WAW,BIQ,2025-11-07,Warszawa,Polska,Biarritz,Francja
2025-12-01,,894.0,WAW,BIQ,2025-11-07,Warszawa,Polska,Biarritz,Francja
2025-12-02,,888.0,WAW,BIQ,2025-11-07,Warszawa,Polska,Biarritz,Francja
2025-12-03,,974.0,WAW,BIQ,2025-11-07,Warszawa,Polska,Biarritz,Francja
2025-12-04,,888.0,WAW,BIQ,2025-11-07,Warszawa,Polska,Biarritz,Francja
2025-12-05,,894.0,WAW,BIQ,2025-11-07,Warszawa,Polska,Biarritz,Francja
2025-12-06,,888.0,WAW,BIQ,2025-11-07,Warszawa,Polska,Biarritz,Francja
2025-12-07,,888.0,WAW,BIQ,2025-11-07,Warszawa,Polska,Biarritz,Francja
2025-12-08,,974.0,WAW,BIQ,2025-11-07,Warszawa,Polska,Biarritz,Francja
2025-12-09,,888.0,WAW,BIQ,2025-11-07,Warszawa,Polska,Biarritz,Francja
2025-12-10,,894.0,WAW,BIQ,2025-11-07,Warszawa,Polska,Biarritz,Francja
2025-12-11,,968.0,WAW,BIQ,2025-11-07,Warszawa,Polska,Biarritz,Francja
2025-12-12,,1308.0,WAW,BIQ,2025-11-07,Warszawa,Polska,Biarritz,Francja
2025-12-13,,888.0,WAW,BIQ,2025-11-07,Warszawa,Polska,Biarritz,Francja
2025-12-14,,888.0,WAW,BIQ,2025-11-07,Warszawa,Polska,Biarritz,Francja
2025-12-15,,894.0,WAW,BIQ,2025-11-07,Warszawa,Polska,Biarritz,Francja
2025-12-16,,888.0,WAW,BIQ,2025-11-07,Warszawa,Polska,Biarritz,Francja
2025-12-17,,1059.0,WAW,BIQ,2025-11-07,Warszawa,Polska,Biarritz,Francja
2025-12-18,,1665.0,WAW,BIQ,2025-11-07,Warszawa,Polska,Biarritz,Francja
2025-12-19,,1890.0,WAW,BIQ,2025-11-07,Warszawa,Polska,Biarritz,Francja
2025-12-20,,1925.0,WAW,BIQ,2025-11-07,Warszawa,Polska,Biarritz,Francja
2025-12-21,,1059.0,WAW,BIQ,2025-11-07,Warszawa,Polska,Biarritz,Francja
2025-12-22,,1418.0,WAW,BIQ,2025-11-07,Warszawa,Polska,Biarritz,Francja
2025-12-23,,1277.0,WAW,BIQ,2025-11-07,Warszawa,Polska,Biarritz,Francja
2025-12-24,,1065.0,WAW,BIQ,2025-11-07,Warszawa,Polska,Biarritz,Francja
2025-12-25,,1277.0,WAW,BIQ,2025-11-07,Warszawa,Polska,Biarritz,Francja
2025-12-26,,2196.0,WAW,BIQ,2025-11-07,Warszawa,Polska,Biarritz,Francja
2025-12-27,,1659.0,WAW,BIQ,2025-11-07,Warszawa,Polska,Biarritz,Francja
2025-12-28,,1931.0,WAW,BIQ,2025-11-07,Warszawa,Polska,Biarritz,Francja
2025-12-29,,1890.0,WAW,BIQ,2025-11-07,Warszawa,Polska,Biarritz,Francja
2025-12-30,,1424.0,WAW,BIQ,2025-11-07,Warszawa,Polska,Biarritz,Francja
2025-12-31,,1065.0,WAW,BIQ,2025-11-07,Warszawa,Polska,Biarritz,Francja
2026-01-01,,1161.0,WAW,BIQ,2025-11-07,Warszawa,Polska,Biarritz,Francja
2026-01-02,,1890.0,WAW,BIQ,2025-11-07,Warszawa,Polska,Biarritz,Francja
2026-01-03,,1461.0,WAW,BIQ,2025-11-07,Warszawa,Polska,Biarritz,Francja
2026-01-04,,1702.0,WAW,BIQ,2025-11-07,Warszawa,Polska,Biarritz,Francja
2026-01-05,,925.0,WAW,BIQ,2025-11-07,Warszawa,Polska,Biarritz,Francja
2026-01-06,,888.0,WAW,BIQ,2025-11-07,Warszawa,Polska,Biarritz,Francja
2025-11-07,,1529.0,WAW,KEF,2025-11-07,Warszawa,Polska,Reykjavik,Islandia
2025-11-08,,1368.0,WAW,KEF,2025-11-07,Warszawa,Polska,Reykjavik,Islandia
2025-11-09,,739.0,WAW,KEF,2025-11-07,Warszawa,Polska,Reykjavik,Islandia
2025-11-10,,629.0,WAW,KEF,2025-11-07,Warszawa,Polska,Reykjavik,Islandia
2025-11-11,,750.0,WAW,KEF,2025-11-07,Warszawa,Polska,Reykjavik,Islandia
2025-11-12,,539.0,WAW,KEF,2025-11-07,Warszawa,Polska,Reykjavik,Islandia
2025-11-13,,670.0,WAW,KEF,2025-11-07,Warszawa,Polska,Reykjavik,Islandia
2025-11-14,,449.0,WAW,KEF,2025-11-07,Warszawa,Polska,Reykjavik,Islandia
2025-11-15,,875.0,WAW,KEF,2025-11-07,Warszawa,Polska,Reykjavik,Islandia
2025-11-16,,489.0,WAW,KEF,2025-11-07,Warszawa,Polska,Reykjavik,Islandia
2025-11-17,,875.0,WAW,KEF,2025-11-07,Warszawa,Polska,Reykjavik,Islandia
2025-11-18,,590.0,WAW,KEF,2025-11-07,Warszawa,Polska,Reykjavik,Islandia
2025-11-19,,399.0,WAW,KEF,2025-11-07,Warszawa,Polska,Reykjavik,Islandia
2025-11-20,,590.0,WAW,KEF,2025-11-07,Warszawa,Polska,Reykjavik,Islandia
2025-11-21,,399.0,WAW,KEF,2025-11-07,Warszawa,Polska,Reykjavik,Islandia
2025-11-22,,1190.0,WAW,KEF,2025-11-07,Warszawa,Polska,Reykjavik,Islandia
2025-11-23,,299.0,WAW,KEF,2025-11-07,Warszawa,Polska,Reykjavik,Islandia
2025-11-24,,299.0,WAW,KEF,2025-11-07,Warszawa,Polska,Reykjavik,Islandia
2025-11-25,,520.0,WAW,KEF,2025-11-07,Warszawa,Polska,Reykjavik,Islandia
2025-11-26,,299.0,WAW,KEF,2025-11-07,Warszawa,Polska,Reykjavik,Islandia
2025-11-27,,520.0,WAW,KEF,2025-11-07,Warszawa,Polska,Reykjavik,Islandia
2025-11-28,,299.0,WAW,KEF,2025-11-07,Warszawa,Polska,Reykjavik,Islandia
2025-11-29,,875.0,WAW,KEF,2025-11-07,Warszawa,Polska,Reykjavik,Islandia
2025-11-30,,299.0,WAW,KEF,2025-11-07,Warszawa,Polska,Reykjavik,Islandia
2025-12-01,,299.0,WAW,KEF,2025-11-07,Warszawa,Polska,Reykjavik,Islandia
2025-12-02,,520.0,WAW,KEF,2025-11-07,Warszawa,Polska,Reykjavik,Islandia
2025-12-03,,299.0,WAW,KEF,2025-11-07,Warszawa,Polska,Reykjavik,Islandia
2025-12-04,,460.0,WAW,KEF,2025-11-07,Warszawa,Polska,Reykjavik,Islandia
2025-12-05,,299.0,WAW,KEF,2025-11-07,Warszawa,Polska,Reykjavik,Islandia
2025-12-06,,846.0,WAW,KEF,2025-11-07,Warszawa,Polska,Reykjavik,Islandia
2025-12-07,,299.0,WAW,KEF,2025-11-07,Warszawa,Polska,Reykjavik,Islandia
2025-12-08,,299.0,WAW,KEF,2025-11-07,Warszawa,Polska,Reykjavik,Islandia
2025-12-09,,460.0,WAW,KEF,2025-11-07,Warszawa,Polska,Reykjavik,Islandia
2025-12-10,,299.0,WAW,KEF,2025-11-07,Warszawa,Polska,Reykjavik,Islandia
2025-12-11,,299.0,WAW,KEF,2025-11-07,Warszawa,Polska,Reykjavik,Islandia
2025-12-12,,299.0,WAW,KEF,2025-11-07,Warszawa,Polska,Reykjavik,Islandia
2025-12-13,,788.0,WAW,KEF,2025-11-07,Warszawa,Polska,Reykjavik,Islandia
2025-12-14,,299.0,WAW,KEF,2025-11-07,Warszawa,Polska,Reykjavik,Islandia
2025-12-15,,299.0,WAW,KEF,2025-11-07,Warszawa,Polska,Reykjavik,Islandia
2025-12-16,,579.0,WAW,KEF,2025-11-07,Warszawa,Polska,Reykjavik,Islandia
2025-12-17,,299.0,WAW,KEF,2025-11-07,Warszawa,Polska,Reykjavik,Islandia
2025-12-18,,299.0,WAW,KEF,2025-11-07,Warszawa,Polska,Reykjavik,Islandia
2025-12-19,,339.0,WAW,KEF,2025-11-07,Warszawa,Polska,Reykjavik,Islandia
2025-12-20,,1112.0,WAW,KEF,2025-11-07,Warszawa,Polska,Reykjavik,Islandia
2025-12-21,,299.0,WAW,KEF,2025-11-07,Warszawa,Polska,Reykjavik,Islandia
2025-12-22,,579.0,WAW,KEF,2025-11-07,Warszawa,Polska,Reykjavik,Islandia
2025-12-23,,875.0,WAW,KEF,2025-11-07,Warszawa,Polska,Reykjavik,Islandia
2025-12-24,,299.0,WAW,KEF,2025-11-07,Warszawa,Polska,Reykjavik,Islandia
2025-12-25,,539.0,WAW,KEF,2025-11-07,Warszawa,Polska,Reykjavik,Islandia
2025-12-26,,809.0,WAW,KEF,2025-11-07,Warszawa,Polska,Reykjavik,Islandia
2025-12-27,,1798.0,WAW,KEF,2025-11-07,Warszawa,Polska,Reykjavik,Islandia
2025-12-28,,1139.0,WAW,KEF,2025-11-07,Warszawa,Polska,Reykjavik,Islandia
2025-12-29,,1209.0,WAW,KEF,2025-11-07,Warszawa,Polska,Reykjavik,Islandia
2025-12-30,,1073.0,WAW,KEF,2025-11-07,Warszawa,Polska,Reykjavik,Islandia
2025-12-31,,579.0,WAW,KEF,2025-11-07,Warszawa,Polska,Reykjavik,Islandia
2026-01-01,,736.0,WAW,KEF,2025-11-07,Warszawa,Polska,Reykjavik,Islandia
2026-01-02,,999.0,WAW,KEF,2025-11-07,Warszawa,Polska,Reykjavik,Islandia
2026-01-03,,1123.0,WAW,KEF,2025-11-07,Warszawa,Polska,Reykjavik,Islandia
2026-01-04,,1026.0,WAW,KEF,2025-11-07,Warszawa,Polska,Reykjavik,Islandia
2026-01-05,,935.0,WAW,KEF,2025-11-07,Warszawa,Polska,Reykjavik,Islandia
2026-01-06,,788.0,WAW,KEF,2025-11-07,Warszawa,Polska,Reykjavik,Islandia
2026-01-07,,489.0,WAW,KEF,2025-11-07,Warszawa,Polska,Reykjavik,Islandia
2026-01-08,,399.0,WAW,KEF,2025-11-07,Warszawa,Polska,Reykjavik,Islandia
2026-01-09,,399.0,WAW,KEF,2025-11-07,Warszawa,Polska,Reykjavik,Islandia
2026-01-10,,788.0,WAW,KEF,2025-11-07,Warszawa,Polska,Reykjavik,Islandia
2026-01-11,,539.0,WAW,KEF,2025-11-07,Warszawa,Polska,Reykjavik,Islandia
2026-01-12,,299.0,WAW,KEF,2025-11-07,Warszawa,Polska,Reykjavik,Islandia
2026-01-13,,520.0,WAW,KEF,2025-11-07,Warszawa,Polska,Reykjavik,Islandia
2026-01-14,,299.0,WAW,KEF,2025-11-07,Warszawa,Polska,Reykjavik,Islandia
2026-01-15,,520.0,WAW,KEF,2025-11-07,Warszawa,Polska,Reykjavik,Islandia
2026-01-16,,299.0,WAW,KEF,2025-11-07,Warszawa,Polska,Reykjavik,Islandia
2026-01-17,,565.0,WAW,KEF,2025-11-07,Warszawa,Polska,Reykjavik,Islandia
2026-01-18,,299.0,WAW,KEF,2025-11-07,Warszawa,Polska,Reykjavik,Islandia
2026-01-19,,299.0,WAW,KEF,2025-11-07,Warszawa,Polska,Reykjavik,Islandia
2026-01-20,,520.0,WAW,KEF,2025-11-07,Warszawa,Polska,Reykjavik,Islandia
2026-01-21,,299.0,WAW,KEF,2025-11-07,Warszawa,Polska,Reykjavik,Islandia
2026-01-22,,440.0,WAW,KEF,2025-11-07,Warszawa,Polska,Reykjavik,Islandia
2026-01-23,,299.0,WAW,KEF,2025-11-07,Warszawa,Polska,Reykjavik,Islandia
2026-01-24,,656.0,WAW,KEF,2025-11-07,Warszawa,Polska,Reykjavik,Islandia
2026-01-25,,299.0,WAW,KEF,2025-11-07,Warszawa,Polska,Reykjavik,Islandia
2026-01-26,,299.0,WAW,KEF,2025-11-07,Warszawa,Polska,Reykjavik,Islandia
2026-01-27,,520.0,WAW,KEF,2025-11-07,Warszawa,Polska,Reykjavik,Islandia
2026-01-28,,299.0,WAW,KEF,2025-11-07,Warszawa,Polska,Reykjavik,Islandia
2026-01-29,,440.0,WAW,KEF,2025-11-07,Warszawa,Polska,Reykjavik,Islandia
2026-01-30,,299.0,WAW,KEF,2025-11-07,Warszawa,Polska,Reykjavik,Islandia
2025-11-07,,2502.0,WAW,RMO,2025-11-07,Warszawa,Polska,Kiszyniów,Mołdawia
2025-11-08,,939.0,WAW,RMO,2025-11-07,Warszawa,Polska,Kiszyniów,Mołdawia
2025-11-09,,449.0,WAW,RMO,2025-11-07,Warszawa,Polska,Kiszyniów,Mołdawia
2025-11-10,,900.0,WAW,RMO,2025-11-07,Warszawa,Polska,Kiszyniów,Mołdawia
2025-11-11,,209.0,WAW,RMO,2025-11-07,Warszawa,Polska,Kiszyniów,Mołdawia
2025-11-12,,209.0,WAW,RMO,2025-11-07,Warszawa,Polska,Kiszyniów,Mołdawia
2025-11-13,,249.0,WAW,RMO,2025-11-07,Warszawa,Polska,Kiszyniów,Mołdawia
2025-11-14,,991.0,WAW,RMO,2025-11-07,Warszawa,Polska,Kiszyniów,Mołdawia
2025-11-15,,519.0,WAW,RMO,2025-11-07,Warszawa,Polska,Kiszyniów,Mołdawia
2025-11-16,,359.0,WAW,RMO,2025-11-07,Warszawa,Polska,Kiszyniów,Mołdawia
2025-11-17,,750.0,WAW,RMO,2025-11-07,Warszawa,Polska,Kiszyniów,Mołdawia
2025-11-18,,209.0,WAW,RMO,2025-11-07,Warszawa,Polska,Kiszyniów,Mołdawia
2025-11-19,,159.0,WAW,RMO,2025-11-07,Warszawa,Polska,Kiszyniów,Mołdawia
2025-11-20,,309.0,WAW,RMO,2025-11-07,Warszawa,Polska,Kiszyniów,Mołdawia
2025-11-21,,991.0,WAW,RMO,2025-11-07,Warszawa,Polska,Kiszyniów,Mołdawia
2025-11-22,,249.0,WAW,RMO,2025-11-07,Warszawa,Polska,Kiszyniów,Mołdawia
2025-11-23,,399.0,WAW,RMO,2025-11-07,Warszawa,Polska,Kiszyniów,Mołdawia
2025-11-24,,550.0,WAW,RMO,2025-11-07,Warszawa,Polska,Kiszyniów,Mołdawia
2025-11-25,,89.0,WAW,RMO,2025-11-07,Warszawa,Polska,Kiszyniów,Mołdawia
2025-11-26,,89.0,WAW,RMO,2025-11-07,Warszawa,Polska,Kiszyniów,Mołdawia
2025-11-27,,89.0,WAW,RMO,2025-11-07,Warszawa,Polska,Kiszyniów,Mołdawia
2025-11-28,,698.0,WAW,RMO,2025-11-07,Warszawa,Polska,Kiszyniów,Mołdawia
2025-11-29,,249.0,WAW,RMO,2025-11-07,Warszawa,Polska,Kiszyniów,Mołdawia
2025-11-30,,269.0,WAW,RMO,2025-11-07,Warszawa,Polska,Kiszyniów,Mołdawia
2025-12-01,,650.0,WAW,RMO,2025-11-07,Warszawa,Polska,Kiszyniów,Mołdawia
2025-12-02,,400.0,WAW,RMO,2025-11-07,Warszawa,Polska,Kiszyniów,Mołdawia
2025-12-03,,431.0,WAW,RMO,2025-11-07,Warszawa,Polska,Kiszyniów,Mołdawia
2025-12-04,,833.0,WAW,RMO,2025-11-07,Warszawa,Polska,Kiszyniów,Mołdawia
2025-12-05,,698.0,WAW,RMO,2025-11-07,Warszawa,Polska,Kiszyniów,Mołdawia
2025-12-06,,431.0,WAW,RMO,2025-11-07,Warszawa,Polska,Kiszyniów,Mołdawia
2025-12-07,,450.0,WAW,RMO,2025-11-07,Warszawa,Polska,Kiszyniów,Mołdawia
2025-12-08,,698.0,WAW,RMO,2025-11-07,Warszawa,Polska,Kiszyniów,Mołdawia
2025-12-09,,400.0,WAW,RMO,2025-11-07,Warszawa,Polska,Kiszyniów,Mołdawia
2025-12-10,,431.0,WAW,RMO,2025-11-07,Warszawa,Polska,Kiszyniów,Mołdawia
2025-12-11,,450.0,WAW,RMO,2025-11-07,Warszawa,Polska,Kiszyniów,Mołdawia
2025-12-12,,550.0,WAW,RMO,2025-11-07,Warszawa,Polska,Kiszyniów,Mołdawia
2025-12-13,,431.0,WAW,RMO,2025-11-07,Warszawa,Polska,Kiszyniów,Mołdawia
2025-12-14,,450.0,WAW,RMO,2025-11-07,Warszawa,Polska,Kiszyniów,Mołdawia
2025-12-15,,450.0,WAW,RMO,2025-11-07,Warszawa,Polska,Kiszyniów,Mołdawia
2025-12-16,,450.0,WAW,RMO,2025-11-07,Warszawa,Polska,Kiszyniów,Mołdawia
2025-12-17,,431.0,WAW,RMO,2025-11-07,Warszawa,Polska,Kiszyniów,Mołdawia
2025-12-18,,550.0,WAW,RMO,2025-11-07,Warszawa,Polska,Kiszyniów,Mołdawia
2025-12-19,,900.0,WAW,RMO,2025-11-07,Warszawa,Polska,Kiszyniów,Mołdawia
2025-12-20,,750.0,WAW,RMO,2025-11-07,Warszawa,Polska,Kiszyniów,Mołdawia
2025-12-21,,450.0,WAW,RMO,2025-11-07,Warszawa,Polska,Kiszyniów,Mołdawia
2025-12-22,,450.0,WAW,RMO,2025-11-07,Warszawa,Polska,Kiszyniów,Mołdawia
2025-12-23,,550.0,WAW,RMO,2025-11-07,Warszawa,Polska,Kiszyniów,Mołdawia
2025-12-24,,650.0,WAW,RMO,2025-11-07,Warszawa,Polska,Kiszyniów,Mołdawia
2025-12-25,,880.0,WAW,RMO,2025-11-07,Warszawa,Polska,Kiszyniów,Mołdawia
2025-12-26,,650.0,WAW,RMO,2025-11-07,Warszawa,Polska,Kiszyniów,Mołdawia
2025-12-27,,650.0,WAW,RMO,2025-11-07,Warszawa,Polska,Kiszyniów,Mołdawia
2025-12-28,,450.0,WAW,RMO,2025-11-07,Warszawa,Polska,Kiszyniów,Mołdawia
2025-12-29,,550.0,WAW,RMO,2025-11-07,Warszawa,Polska,Kiszyniów,Mołdawia
2025-12-30,,400.0,WAW,RMO,2025-11-07,Warszawa,Polska,Kiszyniów,Mołdawia
2025-12-31,,450.0,WAW,RMO,2025-11-07,Warszawa,Polska,Kiszyniów,Mołdawia
2026-01-01,,650.0,WAW,RMO,2025-11-07,Warszawa,Polska,Kiszyniów,Mołdawia
2026-01-02,,500.0,WAW,RMO,2025-11-07,Warszawa,Polska,Kiszyniów,Mołdawia
2026-01-03,,550.0,WAW,RMO,2025-11-07,Warszawa,Polska,Kiszyniów,Mołdawia
2026-01-04,,450.0,WAW,RMO,2025-11-07,Warszawa,Polska,Kiszyniów,Mołdawia
2026-01-05,,400.0,WAW,RMO,2025-11-07,Warszawa,Polska,Kiszyniów,Mołdawia
2026-01-06,,400.0,WAW,RMO,2025-11-07,Warszawa,Polska,Kiszyniów,Mołdawia
2026-01-07,,400.0,WAW,RMO,2025-11-07,Warszawa,Polska,Kiszyniów,Mołdawia
2026-01-08,,657.0,WAW,RMO,2025-11-07,Warszawa,Polska,Kiszyniów,Mołdawia
2026-01-09,,500.0,WAW,RMO,2025-11-07,Warszawa,Polska,Kiszyniów,Mołdawia
2026-01-10,,464.0,WAW,RMO,2025-11-07,Warszawa,Polska,Kiszyniów,Mołdawia
2026-01-11,,450.0,WAW,RMO,2025-11-07,Warszawa,Polska,Kiszyniów,Mołdawia
2026-01-12,,550.0,WAW,RMO,2025-11-07,Warszawa,Polska,Kiszyniów,Mołdawia
2026-01-13,,400.0,WAW,RMO,2025-11-07,Warszawa,Polska,Kiszyniów,Mołdawia
2026-01-14,,355.0,WAW,RMO,2025-11-07,Warszawa,Polska,Kiszyniów,Mołdawia
2026-01-15,,450.0,WAW,RMO,2025-11-07,Warszawa,Polska,Kiszyniów,Mołdawia
2026-01-16,,650.0,WAW,RMO,2025-11-07,Warszawa,Polska,Kiszyniów,Mołdawia
2026-01-17,,450.0,WAW,RMO,2025-11-07,Warszawa,Polska,Kiszyniów,Mołdawia
2026-01-18,,450.0,WAW,RMO,2025-11-07,Warszawa,Polska,Kiszyniów,Mołdawia
2026-01-19,,400.0,WAW,RMO,2025-11-07,Warszawa,Polska,Kiszyniów,Mołdawia
2026-01-20,,400.0,WAW,RMO,2025-11-07,Warszawa,Polska,Kiszyniów,Mołdawia
2026-01-21,,392.0,WAW,RMO,2025-11-07,Warszawa,Polska,Kiszyniów,Mołdawia
2026-01-22,,550.0,WAW,RMO,2025-11-07,Warszawa,Polska,Kiszyniów,Mołdawia
2026-01-23,,500.0,WAW,RMO,2025-11-07,Warszawa,Polska,Kiszyniów,Mołdawia
2026-01-24,,500.0,WAW,RMO,2025-11-07,Warszawa,Polska,Kiszyniów,Mołdawia
2026-01-25,,450.0,WAW,RMO,2025-11-07,Warszawa,Polska,Kiszyniów,Mołdawia
2026-01-26,,450.0,WAW,RMO,2025-11-07,Warszawa,Polska,Kiszyniów,Mołdawia
2026-01-27,,400.0,WAW,RMO,2025-11-07,Warszawa,Polska,Kiszyniów,Mołdawia
2026-01-28,,392.0,WAW,RMO,2025-11-07,Warszawa,Polska,Kiszyniów,Mołdawia
2026-01-29,,500.0,WAW,RMO,2025-11-07,Warszawa,Polska,Kiszyniów,Mołdawia
2026-01-30,,650.0,WAW,RMO,2025-11-07,Warszawa,Polska,Kiszyniów,Mołdawia
2025-11-07,,849.0,WAW,BBU,2025-11-07,Warszawa,Polska,Bukareszt,Rumunia
2025-11-08,,719.0,WAW,BBU,2025-11-07,Warszawa,Polska,Bukareszt,Rumunia
2025-11-09,,449.0,WAW,BBU,2025-11-07,Warszawa,Polska,Bukareszt,Rumunia
2025-11-10,,299.0,WAW,BBU,2025-11-07,Warszawa,Polska,Bukareszt,Rumunia
2025-11-11,,269.0,WAW,BBU,2025-11-07,Warszawa,Polska,Bukareszt,Rumunia
2025-11-12,,299.0,WAW,BBU,2025-11-07,Warszawa,Polska,Bukareszt,Rumunia
2025-11-13,,359.0,WAW,BBU,2025-11-07,Warszawa,Polska,Bukareszt,Rumunia
2025-11-14,,309.0,WAW,BBU,2025-11-07,Warszawa,Polska,Bukareszt,Rumunia
2025-11-15,,299.0,WAW,BBU,2025-11-07,Warszawa,Polska,Bukareszt,Rumunia
2025-11-16,,299.0,WAW,BBU,2025-11-07,Warszawa,Polska,Bukareszt,Rumunia
2025-11-17,,249.0,WAW,BBU,2025-11-07,Warszawa,Polska,Bukareszt,Rumunia
2025-11-18,,209.0,WAW,BBU,2025-11-07,Warszawa,Polska,Bukareszt,Rumunia
2025-11-19,,249.0,WAW,BBU,2025-11-07,Warszawa,Polska,Bukareszt,Rumunia
2025-11-20,,249.0,WAW,BBU,2025-11-07,Warszawa,Polska,Bukareszt,Rumunia
2025-11-21,,209.0,WAW,BBU,2025-11-07,Warszawa,Polska,Bukareszt,Rumunia
2025-11-22,,159.0,WAW,BBU,2025-11-07,Warszawa,Polska,Bukareszt,Rumunia
2025-11-23,,209.0,WAW,BBU,2025-11-07,Warszawa,Polska,Bukareszt,Rumunia
2025-11-24,,129.0,WAW,BBU,2025-11-07,Warszawa,Polska,Bukareszt,Rumunia
2025-11-25,,129.0,WAW,BBU,2025-11-07,Warszawa,Polska,Bukareszt,Rumunia
2025-11-26,,129.0,WAW,BBU,2025-11-07,Warszawa,Polska,Bukareszt,Rumunia
2025-11-27,,129.0,WAW,BBU,2025-11-07,Warszawa,Polska,Bukareszt,Rumunia
2025-11-28,,179.0,WAW,BBU,2025-11-07,Warszawa,Polska,Bukareszt,Rumunia
2025-11-29,,109.0,WAW,BBU,2025-11-07,Warszawa,Polska,Bukareszt,Rumunia
2025-11-30,,299.0,WAW,BBU,2025-11-07,Warszawa,Polska,Bukareszt,Rumunia
2025-12-01,,559.0,WAW,BBU,2025-11-07,Warszawa,Polska,Bukareszt,Rumunia
2025-12-02,,209.0,WAW,BBU,2025-11-07,Warszawa,Polska,Bukareszt,Rumunia
2025-12-03,,139.0,WAW,BBU,2025-11-07,Warszawa,Polska,Bukareszt,Rumunia
2025-12-04,,249.0,WAW,BBU,2025-11-07,Warszawa,Polska,Bukareszt,Rumunia
2025-12-05,,209.0,WAW,BBU,2025-11-07,Warszawa,Polska,Bukareszt,Rumunia
2025-12-06,,109.0,WAW,BBU,2025-11-07,Warszawa,Polska,Bukareszt,Rumunia
2025-12-07,,299.0,WAW,BBU,2025-11-07,Warszawa,Polska,Bukareszt,Rumunia
2025-12-08,,139.0,WAW,BBU,2025-11-07,Warszawa,Polska,Bukareszt,Rumunia
2025-12-09,,129.0,WAW,BBU,2025-11-07,Warszawa,Polska,Bukareszt,Rumunia
2025-12-10,,309.0,WAW,BBU,2025-11-07,Warszawa,Polska,Bukareszt,Rumunia
2025-12-11,,109.0,WAW,BBU,2025-11-07,Warszawa,Polska,Bukareszt,Rumunia
2025-12-12,,219.0,WAW,BBU,2025-11-07,Warszawa,Polska,Bukareszt,Rumunia
2025-12-13,,109.0,WAW,BBU,2025-11-07,Warszawa,Polska,Bukareszt,Rumunia
2025-12-14,,209.0,WAW,BBU,2025-11-07,Warszawa,Polska,Bukareszt,Rumunia
2025-12-15,,139.0,WAW,BBU,2025-11-07,Warszawa,Polska,Bukareszt,Rumunia
2025-12-16,,109.0,WAW,BBU,2025-11-07,Warszawa,Polska,Bukareszt,Rumunia
2025-12-17,,109.0,WAW,BBU,2025-11-07,Warszawa,Polska,Bukareszt,Rumunia
2025-12-18,,109.0,WAW,BBU,2025-11-07,Warszawa,Polska,Bukareszt,Rumunia
2025-12-19,,219.0,WAW,BBU,2025-11-07,Warszawa,Polska,Bukareszt,Rumunia
2025-12-20,,179.0,WAW,BBU,2025-11-07,Warszawa,Polska,Bukareszt,Rumunia
2025-12-21,,249.0,WAW,BBU,2025-11-07,Warszawa,Polska,Bukareszt,Rumunia
2025-12-22,,209.0,WAW,BBU,2025-11-07,Warszawa,Polska,Bukareszt,Rumunia
2025-12-23,,209.0,WAW,BBU,2025-11-07,Warszawa,Polska,Bukareszt,Rumunia
2025-12-24,,109.0,WAW,BBU,2025-11-07,Warszawa,Polska,Bukareszt,Rumunia
2025-12-26,,209.0,WAW,BBU,2025-11-07,Warszawa,Polska,Bukareszt,Rumunia
2025-12-27,,299.0,WAW,BBU,2025-11-07,Warszawa,Polska,Bukareszt,Rumunia
2025-12-28,,219.0,WAW,BBU,2025-11-07,Warszawa,Polska,Bukareszt,Rumunia
2025-12-29,,249.0,WAW,BBU,2025-11-07,Warszawa,Polska,Bukareszt,Rumunia
2025-12-30,,359.0,WAW,BBU,2025-11-07,Warszawa,Polska,Bukareszt,Rumunia
2025-12-31,,109.0,WAW,BBU,2025-11-07,Warszawa,Polska,Bukareszt,Rumunia
2026-01-01,,219.0,WAW,BBU,2025-11-07,Warszawa,Polska,Bukareszt,Rumunia
2026-01-02,,359.0,WAW,BBU,2025-11-07,Warszawa,Polska,Bukareszt,Rumunia
2026-01-03,,269.0,WAW,BBU,2025-11-07,Warszawa,Polska,Bukareszt,Rumunia
2026-01-04,,249.0,WAW,BBU,2025-11-07,Warszawa,Polska,Bukareszt,Rumunia
2026-01-05,,129.0,WAW,BBU,2025-11-07,Warszawa,Polska,Bukareszt,Rumunia
2026-01-06,,109.0,WAW,BBU,2025-11-07,Warszawa,Polska,Bukareszt,Rumunia
2026-01-07,,109.0,WAW,BBU,2025-11-07,Warszawa,Polska,Bukareszt,Rumunia
2026-01-08,,109.0,WAW,BBU,2025-11-07,Warszawa,Polska,Bukareszt,Rumunia
2026-01-09,,109.0,WAW,BBU,2025-11-07,Warszawa,Polska,Bukareszt,Rumunia
2026-01-10,,109.0,WAW,BBU,2025-11-07,Warszawa,Polska,Bukareszt,Rumunia
2026-01-11,,109.0,WAW,BBU,2025-11-07,Warszawa,Polska,Bukareszt,Rumunia
2026-01-12,,109.0,WAW,BBU,2025-11-07,Warszawa,Polska,Bukareszt,Rumunia
2026-01-14,,109.0,WAW,BBU,2025-11-07,Warszawa,Polska,Bukareszt,Rumunia
2026-01-15,,109.0,WAW,BBU,2025-11-07,Warszawa,Polska,Bukareszt,Rumunia
2026-01-16,,109.0,WAW,BBU,2025-11-07,Warszawa,Polska,Bukareszt,Rumunia
2026-01-18,,109.0,WAW,BBU,2025-11-07,Warszawa,Polska,Bukareszt,Rumunia
2026-01-19,,109.0,WAW,BBU,2025-11-07,Warszawa,Polska,Bukareszt,Rumunia
2026-01-21,,109.0,WAW,BBU,2025-11-07,Warszawa,Polska,Bukareszt,Rumunia
2026-01-22,,109.0,WAW,BBU,2025-11-07,Warszawa,Polska,Bukareszt,Rumunia
2026-01-23,,109.0,WAW,BBU,2025-11-07,Warszawa,Polska,Bukareszt,Rumunia
2026-01-25,,109.0,WAW,BBU,2025-11-07,Warszawa,Polska,Bukareszt,Rumunia
2026-01-26,,109.0,WAW,BBU,2025-11-07,Warszawa,Polska,Bukareszt,Rumunia
2026-01-28,,109.0,WAW,BBU,2025-11-07,Warszawa,Polska,Bukareszt,Rumunia
2026-01-29,,109.0,WAW,BBU,2025-11-07,Warszawa,Polska,Bukareszt,Rumunia
2026-01-30,,109.0,WAW,BBU,2025-11-07,Warszawa,Polska,Bukareszt,Rumunia
2025-12-25,,,WAW,BBU,2025-11-07,Warszawa,Polska,Bukareszt,Rumunia
2026-01-13,,,WAW,BBU,2025-11-07,Warszawa,Polska,Bukareszt,Rumunia
2026-01-17,,,WAW,BBU,2025-11-07,Warszawa,Polska,Bukareszt,Rumunia
2026-01-20,,,WAW,BBU,2025-11-07,Warszawa,Polska,Bukareszt,Rumunia
2026-01-24,,,WAW,BBU,2025-11-07,Warszawa,Polska,Bukareszt,Rumunia
2026-01-27,,,WAW,BBU,2025-11-07,Warszawa,Polska,Bukareszt,Rumunia
2025-11-07,,950.0,WAW,OTP,2025-11-07,Warszawa,Polska,Bukareszt,Rumunia
2025-11-08,,1266.0,WAW,OTP,2025-11-07,Warszawa,Polska,Bukareszt,Rumunia
2025-11-09,,750.0,WAW,OTP,2025-11-07,Warszawa,Polska,Bukareszt,Rumunia
2025-11-10,,737.0,WAW,OTP,2025-11-07,Warszawa,Polska,Bukareszt,Rumunia
2025-11-11,,741.0,WAW,OTP,2025-11-07,Warszawa,Polska,Bukareszt,Rumunia
2025-11-12,,741.0,WAW,OTP,2025-11-07,Warszawa,Polska,Bukareszt,Rumunia
2025-11-13,,612.0,WAW,OTP,2025-11-07,Warszawa,Polska,Bukareszt,Rumunia
2025-11-14,,612.0,WAW,OTP,2025-11-07,Warszawa,Polska,Bukareszt,Rumunia
2025-11-15,,612.0,WAW,OTP,2025-11-07,Warszawa,Polska,Bukareszt,Rumunia
2025-11-16,,666.0,WAW,OTP,2025-11-07,Warszawa,Polska,Bukareszt,Rumunia
2025-11-17,,391.0,WAW,OTP,2025-11-07,Warszawa,Polska,Bukareszt,Rumunia
2025-11-18,,520.0,WAW,OTP,2025-11-07,Warszawa,Polska,Bukareszt,Rumunia
2025-11-19,,296.0,WAW,OTP,2025-11-07,Warszawa,Polska,Bukareszt,Rumunia
2025-11-20,,296.0,WAW,OTP,2025-11-07,Warszawa,Polska,Bukareszt,Rumunia
2025-11-21,,612.0,WAW,OTP,2025-11-07,Warszawa,Polska,Bukareszt,Rumunia
2025-11-22,,296.0,WAW,OTP,2025-11-07,Warszawa,Polska,Bukareszt,Rumunia
2025-11-23,,523.0,WAW,OTP,2025-11-07,Warszawa,Polska,Bukareszt,Rumunia
2025-11-24,,454.0,WAW,OTP,2025-11-07,Warszawa,Polska,Bukareszt,Rumunia
2025-11-25,,391.0,WAW,OTP,2025-11-07,Warszawa,Polska,Bukareszt,Rumunia
2025-11-26,,391.0,WAW,OTP,2025-11-07,Warszawa,Polska,Bukareszt,Rumunia
2025-11-27,,391.0,WAW,OTP,2025-11-07,Warszawa,Polska,Bukareszt,Rumunia
2025-11-28,,450.0,WAW,OTP,2025-11-07,Warszawa,Polska,Bukareszt,Rumunia
2025-11-29,,450.0,WAW,OTP,2025-11-07,Warszawa,Polska,Bukareszt,Rumunia
2025-11-30,,523.0,WAW,OTP,2025-11-07,Warszawa,Polska,Bukareszt,Rumunia
2025-12-01,,629.0,WAW,OTP,2025-11-07,Warszawa,Polska,Bukareszt,Rumunia
2025-12-02,,629.0,WAW,OTP,2025-11-07,Warszawa,Polska,Bukareszt,Rumunia
2025-12-03,,523.0,WAW,OTP,2025-11-07,Warszawa,Polska,Bukareszt,Rumunia
2025-12-04,,391.0,WAW,OTP,2025-11-07,Warszawa,Polska,Bukareszt,Rumunia
2025-12-05,,403.0,WAW,OTP,2025-11-07,Warszawa,Polska,Bukareszt,Rumunia
2025-12-06,,296.0,WAW,OTP,2025-11-07,Warszawa,Polska,Bukareszt,Rumunia
2025-12-07,,403.0,WAW,OTP,2025-11-07,Warszawa,Polska,Bukareszt,Rumunia
2025-12-08,,452.0,WAW,OTP,2025-11-07,Warszawa,Polska,Bukareszt,Rumunia
2025-12-09,,391.0,WAW,OTP,2025-11-07,Warszawa,Polska,Bukareszt,Rumunia
2025-12-10,,452.0,WAW,OTP,2025-11-07,Warszawa,Polska,Bukareszt,Rumunia
2025-12-11,,391.0,WAW,OTP,2025-11-07,Warszawa,Polska,Bukareszt,Rumunia
2025-12-12,,403.0,WAW,OTP,2025-11-07,Warszawa,Polska,Bukareszt,Rumunia
2025-12-13,,391.0,WAW,OTP,2025-11-07,Warszawa,Polska,Bukareszt,Rumunia
2025-12-14,,519.0,WAW,OTP,2025-11-07,Warszawa,Polska,Bukareszt,Rumunia
2025-12-15,,391.0,WAW,OTP,2025-11-07,Warszawa,Polska,Bukareszt,Rumunia
2025-12-16,,391.0,WAW,OTP,2025-11-07,Warszawa,Polska,Bukareszt,Rumunia
2025-12-17,,391.0,WAW,OTP,2025-11-07,Warszawa,Polska,Bukareszt,Rumunia
2025-12-18,,571.0,WAW,OTP,2025-11-07,Warszawa,Polska,Bukareszt,Rumunia
2025-12-19,,742.0,WAW,OTP,2025-11-07,Warszawa,Polska,Bukareszt,Rumunia
2025-12-20,,909.0,WAW,OTP,2025-11-07,Warszawa,Polska,Bukareszt,Rumunia
2025-12-21,,909.0,WAW,OTP,2025-11-07,Warszawa,Polska,Bukareszt,Rumunia
2025-12-22,,750.0,WAW,OTP,2025-11-07,Warszawa,Polska,Bukareszt,Rumunia
2025-12-23,,744.0,WAW,OTP,2025-11-07,Warszawa,Polska,Bukareszt,Rumunia
2025-12-24,,744.0,WAW,OTP,2025-11-07,Warszawa,Polska,Bukareszt,Rumunia
2025-12-25,,419.0,WAW,OTP,2025-11-07,Warszawa,Polska,Bukareszt,Rumunia
2025-12-26,,419.0,WAW,OTP,2025-11-07,Warszawa,Polska,Bukareszt,Rumunia
2025-12-27,,419.0,WAW,OTP,2025-11-07,Warszawa,Polska,Bukareszt,Rumunia
2025-12-28,,419.0,WAW,OTP,2025-11-07,Warszawa,Polska,Bukareszt,Rumunia
2025-12-29,,419.0,WAW,OTP,2025-11-07,Warszawa,Polska,Bukareszt,Rumunia
2025-12-30,,419.0,WAW,OTP,2025-11-07,Warszawa,Polska,Bukareszt,Rumunia
2025-12-31,,419.0,WAW,OTP,2025-11-07,Warszawa,Polska,Bukareszt,Rumunia
2026-01-01,,419.0,WAW,OTP,2025-11-07,Warszawa,Polska,Bukareszt,Rumunia
2026-01-02,,419.0,WAW,OTP,2025-11-07,Warszawa,Polska,Bukareszt,Rumunia
2026-01-03,,419.0,WAW,OTP,2025-11-07,Warszawa,Polska,Bukareszt,Rumunia
2026-01-04,,419.0,WAW,OTP,2025-11-07,Warszawa,Polska,Bukareszt,Rumunia
2026-01-05,,419.0,WAW,OTP,2025-11-07,Warszawa,Polska,Bukareszt,Rumunia
2026-01-06,,419.0,WAW,OTP,2025-11-07,Warszawa,Polska,Bukareszt,Rumunia
2026-01-07,,419.0,WAW,OTP,2025-11-07,Warszawa,Polska,Bukareszt,Rumunia
2026-01-08,,369.0,WAW,OTP,2025-11-07,Warszawa,Polska,Bukareszt,Rumunia
2026-01-09,,369.0,WAW,OTP,2025-11-07,Warszawa,Polska,Bukareszt,Rumunia
2026-01-10,,369.0,WAW,OTP,2025-11-07,Warszawa,Polska,Bukareszt,Rumunia
2026-01-11,,369.0,WAW,OTP,2025-11-07,Warszawa,Polska,Bukareszt,Rumunia
2026-01-12,,315.0,WAW,OTP,2025-11-07,Warszawa,Polska,Bukareszt,Rumunia
2026-01-13,,315.0,WAW,OTP,2025-11-07,Warszawa,Polska,Bukareszt,Rumunia
2026-01-14,,315.0,WAW,OTP,2025-11-07,Warszawa,Polska,Bukareszt,Rumunia
2026-01-15,,419.0,WAW,OTP,2025-11-07,Warszawa,Polska,Bukareszt,Rumunia
2026-01-16,,419.0,WAW,OTP,2025-11-07,Warszawa,Polska,Bukareszt,Rumunia
2026-01-17,,414.0,WAW,OTP,2025-11-07,Warszawa,Polska,Bukareszt,Rumunia
2026-01-18,,419.0,WAW,OTP,2025-11-07,Warszawa,Polska,Bukareszt,Rumunia
2026-01-19,,419.0,WAW,OTP,2025-11-07,Warszawa,Polska,Bukareszt,Rumunia
2026-01-20,,419.0,WAW,OTP,2025-11-07,Warszawa,Polska,Bukareszt,Rumunia
2026-01-21,,352.0,WAW,OTP,2025-11-07,Warszawa,Polska,Bukareszt,Rumunia
2026-01-22,,352.0,WAW,OTP,2025-11-07,Warszawa,Polska,Bukareszt,Rumunia
2026-01-23,,419.0,WAW,OTP,2025-11-07,Warszawa,Polska,Bukareszt,Rumunia
2026-01-24,,369.0,WAW,OTP,2025-11-07,Warszawa,Polska,Bukareszt,Rumunia
2026-01-25,,369.0,WAW,OTP,2025-11-07,Warszawa,Polska,Bukareszt,Rumunia
2026-01-26,,369.0,WAW,OTP,2025-11-07,Warszawa,Polska,Bukareszt,Rumunia
2026-01-27,,352.0,WAW,OTP,2025-11-07,Warszawa,Polska,Bukareszt,Rumunia
2026-01-28,,352.0,WAW,OTP,2025-11-07,Warszawa,Polska,Bukareszt,Rumunia
2026-01-29,,369.0,WAW,OTP,2025-11-07,Warszawa,Polska,Bukareszt,Rumunia
2026-01-30,,419.0,WAW,OTP,2025-11-07,Warszawa,Polska,Bukareszt,Rumunia
2025-11-07,,1351.0,WAW,CPH,2025-11-07,Warszawa,Polska,Kopenhaga,Dania
2025-11-08,,1350.0,WAW,CPH,2025-11-07,Warszawa,Polska,Kopenhaga,Dania
2025-11-09,,809.0,WAW,CPH,2025-11-07,Warszawa,Polska,Kopenhaga,Dania
2025-11-10,,522.0,WAW,CPH,2025-11-07,Warszawa,Polska,Kopenhaga,Dania
2025-11-11,,399.0,WAW,CPH,2025-11-07,Warszawa,Polska,Kopenhaga,Dania
2025-11-12,,299.0,WAW,CPH,2025-11-07,Warszawa,Polska,Kopenhaga,Dania
2025-11-13,,219.0,WAW,CPH,2025-11-07,Warszawa,Polska,Kopenhaga,Dania
2025-11-14,,299.0,WAW,CPH,2025-11-07,Warszawa,Polska,Kopenhaga,Dania
2025-11-15,,309.0,WAW,CPH,2025-11-07,Warszawa,Polska,Kopenhaga,Dania
2025-11-16,,309.0,WAW,CPH,2025-11-07,Warszawa,Polska,Kopenhaga,Dania
2025-11-17,,432.0,WAW,CPH,2025-11-07,Warszawa,Polska,Kopenhaga,Dania
2025-11-18,,179.0,WAW,CPH,2025-11-07,Warszawa,Polska,Kopenhaga,Dania
2025-11-19,,209.0,WAW,CPH,2025-11-07,Warszawa,Polska,Kopenhaga,Dania
2025-11-20,,219.0,WAW,CPH,2025-11-07,Warszawa,Polska,Kopenhaga,Dania
2025-11-21,,209.0,WAW,CPH,2025-11-07,Warszawa,Polska,Kopenhaga,Dania
2025-11-22,,179.0,WAW,CPH,2025-11-07,Warszawa,Polska,Kopenhaga,Dania
2025-11-23,,249.0,WAW,CPH,2025-11-07,Warszawa,Polska,Kopenhaga,Dania
2025-11-24,,179.0,WAW,CPH,2025-11-07,Warszawa,Polska,Kopenhaga,Dania
2025-11-25,,109.0,WAW,CPH,2025-11-07,Warszawa,Polska,Kopenhaga,Dania
2025-11-26,,109.0,WAW,CPH,2025-11-07,Warszawa,Polska,Kopenhaga,Dania
2025-11-27,,109.0,WAW,CPH,2025-11-07,Warszawa,Polska,Kopenhaga,Dania
2025-11-28,,139.0,WAW,CPH,2025-11-07,Warszawa,Polska,Kopenhaga,Dania
2025-11-29,,139.0,WAW,CPH,2025-11-07,Warszawa,Polska,Kopenhaga,Dania
2025-11-30,,269.0,WAW,CPH,2025-11-07,Warszawa,Polska,Kopenhaga,Dania
2025-12-01,,269.0,WAW,CPH,2025-11-07,Warszawa,Polska,Kopenhaga,Dania
2025-12-02,,109.0,WAW,CPH,2025-11-07,Warszawa,Polska,Kopenhaga,Dania
2025-12-03,,109.0,WAW,CPH,2025-11-07,Warszawa,Polska,Kopenhaga,Dania
2025-12-04,,139.0,WAW,CPH,2025-11-07,Warszawa,Polska,Kopenhaga,Dania
2025-12-05,,179.0,WAW,CPH,2025-11-07,Warszawa,Polska,Kopenhaga,Dania
2025-12-06,,159.0,WAW,CPH,2025-11-07,Warszawa,Polska,Kopenhaga,Dania
2025-12-07,,179.0,WAW,CPH,2025-11-07,Warszawa,Polska,Kopenhaga,Dania
2025-12-08,,179.0,WAW,CPH,2025-11-07,Warszawa,Polska,Kopenhaga,Dania
2025-12-09,,109.0,WAW,CPH,2025-11-07,Warszawa,Polska,Kopenhaga,Dania
2025-12-10,,109.0,WAW,CPH,2025-11-07,Warszawa,Polska,Kopenhaga,Dania
2025-12-11,,109.0,WAW,CPH,2025-11-07,Warszawa,Polska,Kopenhaga,Dania
2025-12-12,,129.0,WAW,CPH,2025-11-07,Warszawa,Polska,Kopenhaga,Dania
2025-12-13,,109.0,WAW,CPH,2025-11-07,Warszawa,Polska,Kopenhaga,Dania
2025-12-14,,109.0,WAW,CPH,2025-11-07,Warszawa,Polska,Kopenhaga,Dania
2025-12-15,,109.0,WAW,CPH,2025-11-07,Warszawa,Polska,Kopenhaga,Dania
2025-12-16,,109.0,WAW,CPH,2025-11-07,Warszawa,Polska,Kopenhaga,Dania
2025-12-17,,109.0,WAW,CPH,2025-11-07,Warszawa,Polska,Kopenhaga,Dania
2025-12-18,,109.0,WAW,CPH,2025-11-07,Warszawa,Polska,Kopenhaga,Dania
2025-12-19,,109.0,WAW,CPH,2025-11-07,Warszawa,Polska,Kopenhaga,Dania
2025-12-20,,257.0,WAW,CPH,2025-11-07,Warszawa,Polska,Kopenhaga,Dania
2025-12-21,,109.0,WAW,CPH,2025-11-07,Warszawa,Polska,Kopenhaga,Dania
2025-12-22,,109.0,WAW,CPH,2025-11-07,Warszawa,Polska,Kopenhaga,Dania
2025-12-23,,109.0,WAW,CPH,2025-11-07,Warszawa,Polska,Kopenhaga,Dania
2025-12-24,,109.0,WAW,CPH,2025-11-07,Warszawa,Polska,Kopenhaga,Dania
2025-12-25,,257.0,WAW,CPH,2025-11-07,Warszawa,Polska,Kopenhaga,Dania
2025-12-26,,269.0,WAW,CPH,2025-11-07,Warszawa,Polska,Kopenhaga,Dania
2025-12-27,,299.0,WAW,CPH,2025-11-07,Warszawa,Polska,Kopenhaga,Dania
2025-12-28,,399.0,WAW,CPH,2025-11-07,Warszawa,Polska,Kopenhaga,Dania
2025-12-29,,399.0,WAW,CPH,2025-11-07,Warszawa,Polska,Kopenhaga,Dania
2025-12-30,,432.0,WAW,CPH,2025-11-07,Warszawa,Polska,Kopenhaga,Dania
2025-12-31,,399.0,WAW,CPH,2025-11-07,Warszawa,Polska,Kopenhaga,Dania
2026-01-01,,432.0,WAW,CPH,2025-11-07,Warszawa,Polska,Kopenhaga,Dania
2026-01-02,,309.0,WAW,CPH,2025-11-07,Warszawa,Polska,Kopenhaga,Dania
2026-01-03,,519.0,WAW,CPH,2025-11-07,Warszawa,Polska,Kopenhaga,Dania
2026-01-04,,399.0,WAW,CPH,2025-11-07,Warszawa,Polska,Kopenhaga,Dania
2026-01-05,,292.0,WAW,CPH,2025-11-07,Warszawa,Polska,Kopenhaga,Dania
2026-01-06,,179.0,WAW,CPH,2025-11-07,Warszawa,Polska,Kopenhaga,Dania
2026-01-07,,109.0,WAW,CPH,2025-11-07,Warszawa,Polska,Kopenhaga,Dania
2026-01-08,,109.0,WAW,CPH,2025-11-07,Warszawa,Polska,Kopenhaga,Dania
2026-01-09,,109.0,WAW,CPH,2025-11-07,Warszawa,Polska,Kopenhaga,Dania
2026-01-10,,109.0,WAW,CPH,2025-11-07,Warszawa,Polska,Kopenhaga,Dania
2026-01-11,,109.0,WAW,CPH,2025-11-07,Warszawa,Polska,Kopenhaga,Dania
2026-01-12,,109.0,WAW,CPH,2025-11-07,Warszawa,Polska,Kopenhaga,Dania
2026-01-13,,250.0,WAW,CPH,2025-11-07,Warszawa,Polska,Kopenhaga,Dania
2026-01-14,,109.0,WAW,CPH,2025-11-07,Warszawa,Polska,Kopenhaga,Dania
2026-01-15,,109.0,WAW,CPH,2025-11-07,Warszawa,Polska,Kopenhaga,Dania
2026-01-16,,109.0,WAW,CPH,2025-11-07,Warszawa,Polska,Kopenhaga,Dania
2026-01-17,,109.0,WAW,CPH,2025-11-07,Warszawa,Polska,Kopenhaga,Dania
2026-01-18,,109.0,WAW,CPH,2025-11-07,Warszawa,Polska,Kopenhaga,Dania
2026-01-19,,109.0,WAW,CPH,2025-11-07,Warszawa,Polska,Kopenhaga,Dania
2026-01-20,,250.0,WAW,CPH,2025-11-07,Warszawa,Polska,Kopenhaga,Dania
2026-01-21,,109.0,WAW,CPH,2025-11-07,Warszawa,Polska,Kopenhaga,Dania
2026-01-22,,109.0,WAW,CPH,2025-11-07,Warszawa,Polska,Kopenhaga,Dania
2026-01-23,,109.0,WAW,CPH,2025-11-07,Warszawa,Polska,Kopenhaga,Dania
2026-01-24,,109.0,WAW,CPH,2025-11-07,Warszawa,Polska,Kopenhaga,Dania
2026-01-25,,109.0,WAW,CPH,2025-11-07,Warszawa,Polska,Kopenhaga,Dania
2026-01-26,,109.0,WAW,CPH,2025-11-07,Warszawa,Polska,Kopenhaga,Dania
2026-01-27,,250.0,WAW,CPH,2025-11-07,Warszawa,Polska,Kopenhaga,Dania
2026-01-28,,109.0,WAW,CPH,2025-11-07,Warszawa,Polska,Kopenhaga,Dania
2026-01-29,,109.0,WAW,CPH,2025-11-07,Warszawa,Polska,Kopenhaga,Dania
2026-01-30,,109.0,WAW,CPH,2025-11-07,Warszawa,Polska,Kopenhaga,Dania
2025-11-07,,1369.0,WAW,ARN,2025-11-07,Warszawa,Polska,Sztokholm,Szwecja
2025-11-08,,1205.0,WAW,ARN,2025-11-07,Warszawa,Polska,Sztokholm,Szwecja
2025-11-09,,970.0,WAW,ARN,2025-11-07,Warszawa,Polska,Sztokholm,Szwecja
2025-11-10,,970.0,WAW,ARN,2025-11-07,Warszawa,Polska,Sztokholm,Szwecja
2025-11-11,,765.0,WAW,ARN,2025-11-07,Warszawa,Polska,Sztokholm,Szwecja
2025-11-12,,689.0,WAW,ARN,2025-11-07,Warszawa,Polska,Sztokholm,Szwecja
2025-11-13,,674.0,WAW,ARN,2025-11-07,Warszawa,Polska,Sztokholm,Szwecja
2025-11-14,,667.0,WAW,ARN,2025-11-07,Warszawa,Polska,Sztokholm,Szwecja
2025-11-15,,667.0,WAW,ARN,2025-11-07,Warszawa,Polska,Sztokholm,Szwecja
2025-11-16,,667.0,WAW,ARN,2025-11-07,Warszawa,Polska,Sztokholm,Szwecja
2025-11-17,,632.0,WAW,ARN,2025-11-07,Warszawa,Polska,Sztokholm,Szwecja
2025-11-18,,516.0,WAW,ARN,2025-11-07,Warszawa,Polska,Sztokholm,Szwecja
2025-11-19,,477.0,WAW,ARN,2025-11-07,Warszawa,Polska,Sztokholm,Szwecja
2025-11-20,,500.0,WAW,ARN,2025-11-07,Warszawa,Polska,Sztokholm,Szwecja
2025-11-21,,470.0,WAW,ARN,2025-11-07,Warszawa,Polska,Sztokholm,Szwecja
2025-11-22,,477.0,WAW,ARN,2025-11-07,Warszawa,Polska,Sztokholm,Szwecja
2025-11-23,,555.0,WAW,ARN,2025-11-07,Warszawa,Polska,Sztokholm,Szwecja
2025-11-24,,453.0,WAW,ARN,2025-11-07,Warszawa,Polska,Sztokholm,Szwecja
2025-11-25,,430.0,WAW,ARN,2025-11-07,Warszawa,Polska,Sztokholm,Szwecja
2025-11-26,,437.0,WAW,ARN,2025-11-07,Warszawa,Polska,Sztokholm,Szwecja
2025-11-27,,430.0,WAW,ARN,2025-11-07,Warszawa,Polska,Sztokholm,Szwecja
2025-11-28,,430.0,WAW,ARN,2025-11-07,Warszawa,Polska,Sztokholm,Szwecja
2025-11-29,,430.0,WAW,ARN,2025-11-07,Warszawa,Polska,Sztokholm,Szwecja
2025-11-30,,461.0,WAW,ARN,2025-11-07,Warszawa,Polska,Sztokholm,Szwecja
2025-12-01,,430.0,WAW,ARN,2025-11-07,Warszawa,Polska,Sztokholm,Szwecja
2025-12-02,,420.0,WAW,ARN,2025-11-07,Warszawa,Polska,Sztokholm,Szwecja
2025-12-03,,420.0,WAW,ARN,2025-11-07,Warszawa,Polska,Sztokholm,Szwecja
2025-12-04,,430.0,WAW,ARN,2025-11-07,Warszawa,Polska,Sztokholm,Szwecja
2025-12-05,,420.0,WAW,ARN,2025-11-07,Warszawa,Polska,Sztokholm,Szwecja
2025-12-06,,420.0,WAW,ARN,2025-11-07,Warszawa,Polska,Sztokholm,Szwecja
2025-12-07,,430.0,WAW,ARN,2025-11-07,Warszawa,Polska,Sztokholm,Szwecja
2025-12-08,,366.0,WAW,ARN,2025-11-07,Warszawa,Polska,Sztokholm,Szwecja
2025-12-09,,420.0,WAW,ARN,2025-11-07,Warszawa,Polska,Sztokholm,Szwecja
2025-12-10,,366.0,WAW,ARN,2025-11-07,Warszawa,Polska,Sztokholm,Szwecja
2025-12-11,,366.0,WAW,ARN,2025-11-07,Warszawa,Polska,Sztokholm,Szwecja
2025-12-12,,430.0,WAW,ARN,2025-11-07,Warszawa,Polska,Sztokholm,Szwecja
2025-12-13,,366.0,WAW,ARN,2025-11-07,Warszawa,Polska,Sztokholm,Szwecja
2025-12-14,,366.0,WAW,ARN,2025-11-07,Warszawa,Polska,Sztokholm,Szwecja
2025-12-15,,366.0,WAW,ARN,2025-11-07,Warszawa,Polska,Sztokholm,Szwecja
2025-12-16,,366.0,WAW,ARN,2025-11-07,Warszawa,Polska,Sztokholm,Szwecja
2025-12-17,,366.0,WAW,ARN,2025-11-07,Warszawa,Polska,Sztokholm,Szwecja
2025-12-18,,420.0,WAW,ARN,2025-11-07,Warszawa,Polska,Sztokholm,Szwecja
2025-12-19,,566.0,WAW,ARN,2025-11-07,Warszawa,Polska,Sztokholm,Szwecja
2025-12-20,,430.0,WAW,ARN,2025-11-07,Warszawa,Polska,Sztokholm,Szwecja
2025-12-21,,430.0,WAW,ARN,2025-11-07,Warszawa,Polska,Sztokholm,Szwecja
2025-12-22,,592.0,WAW,ARN,2025-11-07,Warszawa,Polska,Sztokholm,Szwecja
2025-12-23,,413.0,WAW,ARN,2025-11-07,Warszawa,Polska,Sztokholm,Szwecja
2025-12-24,,366.0,WAW,ARN,2025-11-07,Warszawa,Polska,Sztokholm,Szwecja
2025-12-25,,420.0,WAW,ARN,2025-11-07,Warszawa,Polska,Sztokholm,Szwecja
2025-12-26,,670.0,WAW,ARN,2025-11-07,Warszawa,Polska,Sztokholm,Szwecja
2025-12-27,,430.0,WAW,ARN,2025-11-07,Warszawa,Polska,Sztokholm,Szwecja
2025-12-28,,667.0,WAW,ARN,2025-11-07,Warszawa,Polska,Sztokholm,Szwecja
2025-12-29,,670.0,WAW,ARN,2025-11-07,Warszawa,Polska,Sztokholm,Szwecja
2025-12-30,,413.0,WAW,ARN,2025-11-07,Warszawa,Polska,Sztokholm,Szwecja
2025-12-31,,430.0,WAW,ARN,2025-11-07,Warszawa,Polska,Sztokholm,Szwecja
2026-01-01,,632.0,WAW,ARN,2025-11-07,Warszawa,Polska,Sztokholm,Szwecja
2026-01-02,,707.0,WAW,ARN,2025-11-07,Warszawa,Polska,Sztokholm,Szwecja
2026-01-03,,667.0,WAW,ARN,2025-11-07,Warszawa,Polska,Sztokholm,Szwecja
2026-01-04,,667.0,WAW,ARN,2025-11-07,Warszawa,Polska,Sztokholm,Szwecja
2026-01-05,,757.0,WAW,ARN,2025-11-07,Warszawa,Polska,Sztokholm,Szwecja
2026-01-06,,577.0,WAW,ARN,2025-11-07,Warszawa,Polska,Sztokholm,Szwecja
2026-01-07,,430.0,WAW,ARN,2025-11-07,Warszawa,Polska,Sztokholm,Szwecja
2026-01-08,,430.0,WAW,ARN,2025-11-07,Warszawa,Polska,Sztokholm,Szwecja
2026-01-09,,632.0,WAW,ARN,2025-11-07,Warszawa,Polska,Sztokholm,Szwecja
2026-01-10,,477.0,WAW,ARN,2025-11-07,Warszawa,Polska,Sztokholm,Szwecja
2026-01-11,,477.0,WAW,ARN,2025-11-07,Warszawa,Polska,Sztokholm,Szwecja
2026-01-12,,420.0,WAW,ARN,2025-11-07,Warszawa,Polska,Sztokholm,Szwecja
2026-01-13,,413.0,WAW,ARN,2025-11-07,Warszawa,Polska,Sztokholm,Szwecja
2026-01-14,,430.0,WAW,ARN,2025-11-07,Warszawa,Polska,Sztokholm,Szwecja
2026-01-15,,477.0,WAW,ARN,2025-11-07,Warszawa,Polska,Sztokholm,Szwecja
2026-01-16,,430.0,WAW,ARN,2025-11-07,Warszawa,Polska,Sztokholm,Szwecja
2026-01-17,,542.0,WAW,ARN,2025-11-07,Warszawa,Polska,Sztokholm,Szwecja
2026-01-18,,476.0,WAW,ARN,2025-11-07,Warszawa,Polska,Sztokholm,Szwecja
2026-01-19,,477.0,WAW,ARN,2025-11-07,Warszawa,Polska,Sztokholm,Szwecja
2026-01-20,,420.0,WAW,ARN,2025-11-07,Warszawa,Polska,Sztokholm,Szwecja
2026-01-21,,366.0,WAW,ARN,2025-11-07,Warszawa,Polska,Sztokholm,Szwecja
2026-01-22,,366.0,WAW,ARN,2025-11-07,Warszawa,Polska,Sztokholm,Szwecja
2026-01-23,,413.0,WAW,ARN,2025-11-07,Warszawa,Polska,Sztokholm,Szwecja
2026-01-24,,366.0,WAW,ARN,2025-11-07,Warszawa,Polska,Sztokholm,Szwecja
2026-01-25,,366.0,WAW,ARN,2025-11-07,Warszawa,Polska,Sztokholm,Szwecja
2026-01-26,,366.0,WAW,ARN,2025-11-07,Warszawa,Polska,Sztokholm,Szwecja
2026-01-27,,366.0,WAW,ARN,2025-11-07,Warszawa,Polska,Sztokholm,Szwecja
2026-01-28,,366.0,WAW,ARN,2025-11-07,Warszawa,Polska,Sztokholm,Szwecja
2026-01-29,,366.0,WAW,ARN,2025-11-07,Warszawa,Polska,Sztokholm,Szwecja
2026-01-30,,366.0,WAW,ARN,2025-11-07,Warszawa,Polska,Sztokholm,Szwecja
2025-11-07,,1132.0,WAW,GOT,2025-11-07,Warszawa,Polska,Gotenburg,Szwecja
2025-11-08,,1045.0,WAW,GOT,2025-11-07,Warszawa,Polska,Gotenburg,Szwecja
2025-11-09,,1161.0,WAW,GOT,2025-11-07,Warszawa,Polska,Gotenburg,Szwecja
2025-11-10,,609.0,WAW,GOT,2025-11-07,Warszawa,Polska,Gotenburg,Szwecja
2025-11-11,,781.0,WAW,GOT,2025-11-07,Warszawa,Polska,Gotenburg,Szwecja
2025-11-12,,609.0,WAW,GOT,2025-11-07,Warszawa,Polska,Gotenburg,Szwecja
2025-11-13,,609.0,WAW,GOT,2025-11-07,Warszawa,Polska,Gotenburg,Szwecja
2025-11-14,,739.0,WAW,GOT,2025-11-07,Warszawa,Polska,Gotenburg,Szwecja
2025-11-15,,759.0,WAW,GOT,2025-11-07,Warszawa,Polska,Gotenburg,Szwecja
2025-11-16,,609.0,WAW,GOT,2025-11-07,Warszawa,Polska,Gotenburg,Szwecja
2025-11-17,,439.0,WAW,GOT,2025-11-07,Warszawa,Polska,Gotenburg,Szwecja
2025-11-18,,572.0,WAW,GOT,2025-11-07,Warszawa,Polska,Gotenburg,Szwecja
2025-11-19,,439.0,WAW,GOT,2025-11-07,Warszawa,Polska,Gotenburg,Szwecja
2025-11-20,,439.0,WAW,GOT,2025-11-07,Warszawa,Polska,Gotenburg,Szwecja
2025-11-21,,494.0,WAW,GOT,2025-11-07,Warszawa,Polska,Gotenburg,Szwecja
2025-11-22,,494.0,WAW,GOT,2025-11-07,Warszawa,Polska,Gotenburg,Szwecja
2025-11-23,,394.0,WAW,GOT,2025-11-07,Warszawa,Polska,Gotenburg,Szwecja
2025-11-24,,394.0,WAW,GOT,2025-11-07,Warszawa,Polska,Gotenburg,Szwecja
2025-11-25,,445.0,WAW,GOT,2025-11-07,Warszawa,Polska,Gotenburg,Szwecja
2025-11-26,,394.0,WAW,GOT,2025-11-07,Warszawa,Polska,Gotenburg,Szwecja
2025-11-27,,394.0,WAW,GOT,2025-11-07,Warszawa,Polska,Gotenburg,Szwecja
2025-11-28,,451.0,WAW,GOT,2025-11-07,Warszawa,Polska,Gotenburg,Szwecja
2025-11-29,,420.0,WAW,GOT,2025-11-07,Warszawa,Polska,Gotenburg,Szwecja
2025-11-30,,349.0,WAW,GOT,2025-11-07,Warszawa,Polska,Gotenburg,Szwecja
2025-12-01,,349.0,WAW,GOT,2025-11-07,Warszawa,Polska,Gotenburg,Szwecja
2025-12-02,,425.0,WAW,GOT,2025-11-07,Warszawa,Polska,Gotenburg,Szwecja
2025-12-03,,349.0,WAW,GOT,2025-11-07,Warszawa,Polska,Gotenburg,Szwecja
2025-12-04,,349.0,WAW,GOT,2025-11-07,Warszawa,Polska,Gotenburg,Szwecja
2025-12-05,,425.0,WAW,GOT,2025-11-07,Warszawa,Polska,Gotenburg,Szwecja
2025-12-06,,425.0,WAW,GOT,2025-11-07,Warszawa,Polska,Gotenburg,Szwecja
2025-12-07,,349.0,WAW,GOT,2025-11-07,Warszawa,Polska,Gotenburg,Szwecja
2025-12-08,,349.0,WAW,GOT,2025-11-07,Warszawa,Polska,Gotenburg,Szwecja
2025-12-09,,420.0,WAW,GOT,2025-11-07,Warszawa,Polska,Gotenburg,Szwecja
2025-12-10,,349.0,WAW,GOT,2025-11-07,Warszawa,Polska,Gotenburg,Szwecja
2025-12-11,,349.0,WAW,GOT,2025-11-07,Warszawa,Polska,Gotenburg,Szwecja
2025-12-12,,451.0,WAW,GOT,2025-11-07,Warszawa,Polska,Gotenburg,Szwecja
2025-12-13,,370.0,WAW,GOT,2025-11-07,Warszawa,Polska,Gotenburg,Szwecja
2025-12-14,,309.0,WAW,GOT,2025-11-07,Warszawa,Polska,Gotenburg,Szwecja
2025-12-15,,370.0,WAW,GOT,2025-11-07,Warszawa,Polska,Gotenburg,Szwecja
2025-12-16,,309.0,WAW,GOT,2025-11-07,Warszawa,Polska,Gotenburg,Szwecja
2025-12-17,,309.0,WAW,GOT,2025-11-07,Warszawa,Polska,Gotenburg,Szwecja
2025-12-18,,309.0,WAW,GOT,2025-11-07,Warszawa,Polska,Gotenburg,Szwecja
2025-12-19,,309.0,WAW,GOT,2025-11-07,Warszawa,Polska,Gotenburg,Szwecja
2025-12-20,,451.0,WAW,GOT,2025-11-07,Warszawa,Polska,Gotenburg,Szwecja
2025-12-21,,394.0,WAW,GOT,2025-11-07,Warszawa,Polska,Gotenburg,Szwecja
2025-12-22,,439.0,WAW,GOT,2025-11-07,Warszawa,Polska,Gotenburg,Szwecja
2025-12-23,,349.0,WAW,GOT,2025-11-07,Warszawa,Polska,Gotenburg,Szwecja
2025-12-24,,349.0,WAW,GOT,2025-11-07,Warszawa,Polska,Gotenburg,Szwecja
2025-12-25,,394.0,WAW,GOT,2025-11-07,Warszawa,Polska,Gotenburg,Szwecja
2025-12-26,,642.0,WAW,GOT,2025-11-07,Warszawa,Polska,Gotenburg,Szwecja
2025-12-27,,659.0,WAW,GOT,2025-11-07,Warszawa,Polska,Gotenburg,Szwecja
2025-12-28,,684.0,WAW,GOT,2025-11-07,Warszawa,Polska,Gotenburg,Szwecja
2025-12-29,,642.0,WAW,GOT,2025-11-07,Warszawa,Polska,Gotenburg,Szwecja
2025-12-30,,642.0,WAW,GOT,2025-11-07,Warszawa,Polska,Gotenburg,Szwecja
2025-12-31,,429.0,WAW,GOT,2025-11-07,Warszawa,Polska,Gotenburg,Szwecja
2026-01-01,,636.0,WAW,GOT,2025-11-07,Warszawa,Polska,Gotenburg,Szwecja
2026-01-02,,867.0,WAW,GOT,2025-11-07,Warszawa,Polska,Gotenburg,Szwecja
2026-01-03,,759.0,WAW,GOT,2025-11-07,Warszawa,Polska,Gotenburg,Szwecja
2026-01-04,,684.0,WAW,GOT,2025-11-07,Warszawa,Polska,Gotenburg,Szwecja
2026-01-05,,867.0,WAW,GOT,2025-11-07,Warszawa,Polska,Gotenburg,Szwecja
2026-01-06,,659.0,WAW,GOT,2025-11-07,Warszawa,Polska,Gotenburg,Szwecja
2026-01-07,,451.0,WAW,GOT,2025-11-07,Warszawa,Polska,Gotenburg,Szwecja
2026-01-08,,429.0,WAW,GOT,2025-11-07,Warszawa,Polska,Gotenburg,Szwecja
2026-01-09,,594.0,WAW,GOT,2025-11-07,Warszawa,Polska,Gotenburg,Szwecja
2026-01-10,,451.0,WAW,GOT,2025-11-07,Warszawa,Polska,Gotenburg,Szwecja
2026-01-11,,451.0,WAW,GOT,2025-11-07,Warszawa,Polska,Gotenburg,Szwecja
2026-01-12,,451.0,WAW,GOT,2025-11-07,Warszawa,Polska,Gotenburg,Szwecja
2026-01-13,,451.0,WAW,GOT,2025-11-07,Warszawa,Polska,Gotenburg,Szwecja
2026-01-14,,349.0,WAW,GOT,2025-11-07,Warszawa,Polska,Gotenburg,Szwecja
2026-01-15,,349.0,WAW,GOT,2025-11-07,Warszawa,Polska,Gotenburg,Szwecja
2026-01-16,,451.0,WAW,GOT,2025-11-07,Warszawa,Polska,Gotenburg,Szwecja
2026-01-17,,451.0,WAW,GOT,2025-11-07,Warszawa,Polska,Gotenburg,Szwecja
2026-01-18,,394.0,WAW,GOT,2025-11-07,Warszawa,Polska,Gotenburg,Szwecja
2026-01-19,,349.0,WAW,GOT,2025-11-07,Warszawa,Polska,Gotenburg,Szwecja
2026-01-20,,451.0,WAW,GOT,2025-11-07,Warszawa,Polska,Gotenburg,Szwecja
2026-01-21,,349.0,WAW,GOT,2025-11-07,Warszawa,Polska,Gotenburg,Szwecja
2026-01-22,,349.0,WAW,GOT,2025-11-07,Warszawa,Polska,Gotenburg,Szwecja
2026-01-23,,425.0,WAW,GOT,2025-11-07,Warszawa,Polska,Gotenburg,Szwecja
2026-01-24,,451.0,WAW,GOT,2025-11-07,Warszawa,Polska,Gotenburg,Szwecja
2026-01-25,,370.0,WAW,GOT,2025-11-07,Warszawa,Polska,Gotenburg,Szwecja
2026-01-26,,349.0,WAW,GOT,2025-11-07,Warszawa,Polska,Gotenburg,Szwecja
2026-01-27,,370.0,WAW,GOT,2025-11-07,Warszawa,Polska,Gotenburg,Szwecja
2026-01-28,,349.0,WAW,GOT,2025-11-07,Warszawa,Polska,Gotenburg,Szwecja
2026-01-29,,370.0,WAW,GOT,2025-11-07,Warszawa,Polska,Gotenburg,Szwecja
2026-01-30,,420.0,WAW,GOT,2025-11-07,Warszawa,Polska,Gotenburg,Szwecja
2025-11-07,,1065.0,WAW,ATH,2025-11-07,Warszawa,Polska,Ateny,Grecja
2025-11-08,,1330.0,WAW,ATH,2025-11-07,Warszawa,Polska,Ateny,Grecja
2025-11-09,,849.0,WAW,ATH,2025-11-07,Warszawa,Polska,Ateny,Grecja
2025-11-10,,374.0,WAW,ATH,2025-11-07,Warszawa,Polska,Ateny,Grecja
2025-11-11,,272.0,WAW,ATH,2025-11-07,Warszawa,Polska,Ateny,Grecja
2025-11-12,,195.0,WAW,ATH,2025-11-07,Warszawa,Polska,Ateny,Grecja
2025-11-13,,293.0,WAW,ATH,2025-11-07,Warszawa,Polska,Ateny,Grecja
2025-11-14,,279.0,WAW,ATH,2025-11-07,Warszawa,Polska,Ateny,Grecja
2025-11-15,,174.0,WAW,ATH,2025-11-07,Warszawa,Polska,Ateny,Grecja
2025-11-16,,279.0,WAW,ATH,2025-11-07,Warszawa,Polska,Ateny,Grecja
2025-11-17,,183.0,WAW,ATH,2025-11-07,Warszawa,Polska,Ateny,Grecja
2025-11-18,,174.0,WAW,ATH,2025-11-07,Warszawa,Polska,Ateny,Grecja
2025-11-19,,174.0,WAW,ATH,2025-11-07,Warszawa,Polska,Ateny,Grecja
2025-11-20,,212.0,WAW,ATH,2025-11-07,Warszawa,Polska,Ateny,Grecja
2025-11-21,,279.0,WAW,ATH,2025-11-07,Warszawa,Polska,Ateny,Grecja
2025-11-22,,255.0,WAW,ATH,2025-11-07,Warszawa,Polska,Ateny,Grecja
2025-11-23,,349.0,WAW,ATH,2025-11-07,Warszawa,Polska,Ateny,Grecja
2025-11-24,,183.0,WAW,ATH,2025-11-07,Warszawa,Polska,Ateny,Grecja
2025-11-25,,174.0,WAW,ATH,2025-11-07,Warszawa,Polska,Ateny,Grecja
2025-11-26,,183.0,WAW,ATH,2025-11-07,Warszawa,Polska,Ateny,Grecja
2025-11-27,,174.0,WAW,ATH,2025-11-07,Warszawa,Polska,Ateny,Grecja
2025-11-28,,183.0,WAW,ATH,2025-11-07,Warszawa,Polska,Ateny,Grecja
2025-11-29,,174.0,WAW,ATH,2025-11-07,Warszawa,Polska,Ateny,Grecja
2025-11-30,,276.0,WAW,ATH,2025-11-07,Warszawa,Polska,Ateny,Grecja
2025-12-01,,183.0,WAW,ATH,2025-11-07,Warszawa,Polska,Ateny,Grecja
2025-12-02,,174.0,WAW,ATH,2025-11-07,Warszawa,Polska,Ateny,Grecja
2025-12-03,,174.0,WAW,ATH,2025-11-07,Warszawa,Polska,Ateny,Grecja
2025-12-04,,174.0,WAW,ATH,2025-11-07,Warszawa,Polska,Ateny,Grecja
2025-12-05,,183.0,WAW,ATH,2025-11-07,Warszawa,Polska,Ateny,Grecja
2025-12-06,,183.0,WAW,ATH,2025-11-07,Warszawa,Polska,Ateny,Grecja
2025-12-07,,183.0,WAW,ATH,2025-11-07,Warszawa,Polska,Ateny,Grecja
2025-12-08,,221.0,WAW,ATH,2025-11-07,Warszawa,Polska,Ateny,Grecja
2025-12-09,,183.0,WAW,ATH,2025-11-07,Warszawa,Polska,Ateny,Grecja
2025-12-10,,255.0,WAW,ATH,2025-11-07,Warszawa,Polska,Ateny,Grecja
2025-12-11,,183.0,WAW,ATH,2025-11-07,Warszawa,Polska,Ateny,Grecja
2025-12-12,,264.0,WAW,ATH,2025-11-07,Warszawa,Polska,Ateny,Grecja
2025-12-13,,183.0,WAW,ATH,2025-11-07,Warszawa,Polska,Ateny,Grecja
2025-12-14,,279.0,WAW,ATH,2025-11-07,Warszawa,Polska,Ateny,Grecja
2025-12-15,,264.0,WAW,ATH,2025-11-07,Warszawa,Polska,Ateny,Grecja
2025-12-16,,183.0,WAW,ATH,2025-11-07,Warszawa,Polska,Ateny,Grecja
2025-12-17,,174.0,WAW,ATH,2025-11-07,Warszawa,Polska,Ateny,Grecja
2025-12-18,,404.0,WAW,ATH,2025-11-07,Warszawa,Polska,Ateny,Grecja
2025-12-19,,276.0,WAW,ATH,2025-11-07,Warszawa,Polska,Ateny,Grecja
2025-12-20,,404.0,WAW,ATH,2025-11-07,Warszawa,Polska,Ateny,Grecja
2025-12-21,,519.0,WAW,ATH,2025-11-07,Warszawa,Polska,Ateny,Grecja
2025-12-22,,276.0,WAW,ATH,2025-11-07,Warszawa,Polska,Ateny,Grecja
2025-12-23,,344.0,WAW,ATH,2025-11-07,Warszawa,Polska,Ateny,Grecja
2025-12-24,,285.0,WAW,ATH,2025-11-07,Warszawa,Polska,Ateny,Grecja
2025-12-25,,349.0,WAW,ATH,2025-11-07,Warszawa,Polska,Ateny,Grecja
2025-12-26,,729.0,WAW,ATH,2025-11-07,Warszawa,Polska,Ateny,Grecja
2025-12-27,,794.0,WAW,ATH,2025-11-07,Warszawa,Polska,Ateny,Grecja
2025-12-28,,1254.0,WAW,ATH,2025-11-07,Warszawa,Polska,Ateny,Grecja
2025-12-29,,795.0,WAW,ATH,2025-11-07,Warszawa,Polska,Ateny,Grecja
2025-12-30,,697.0,WAW,ATH,2025-11-07,Warszawa,Polska,Ateny,Grecja
2025-12-31,,429.0,WAW,ATH,2025-11-07,Warszawa,Polska,Ateny,Grecja
2026-01-01,,403.0,WAW,ATH,2025-11-07,Warszawa,Polska,Ateny,Grecja
2026-01-02,,404.0,WAW,ATH,2025-11-07,Warszawa,Polska,Ateny,Grecja
2026-01-03,,446.0,WAW,ATH,2025-11-07,Warszawa,Polska,Ateny,Grecja
2026-01-04,,370.0,WAW,ATH,2025-11-07,Warszawa,Polska,Ateny,Grecja
2026-01-05,,370.0,WAW,ATH,2025-11-07,Warszawa,Polska,Ateny,Grecja
2026-01-06,,429.0,WAW,ATH,2025-11-07,Warszawa,Polska,Ateny,Grecja
2026-01-07,,191.0,WAW,ATH,2025-11-07,Warszawa,Polska,Ateny,Grecja
2026-01-08,,191.0,WAW,ATH,2025-11-07,Warszawa,Polska,Ateny,Grecja
2026-01-09,,191.0,WAW,ATH,2025-11-07,Warszawa,Polska,Ateny,Grecja
2026-01-10,,191.0,WAW,ATH,2025-11-07,Warszawa,Polska,Ateny,Grecja
2026-01-11,,174.0,WAW,ATH,2025-11-07,Warszawa,Polska,Ateny,Grecja
2026-01-12,,195.0,WAW,ATH,2025-11-07,Warszawa,Polska,Ateny,Grecja
2026-01-13,,191.0,WAW,ATH,2025-11-07,Warszawa,Polska,Ateny,Grecja
2026-01-14,,191.0,WAW,ATH,2025-11-07,Warszawa,Polska,Ateny,Grecja
2026-01-15,,195.0,WAW,ATH,2025-11-07,Warszawa,Polska,Ateny,Grecja
2026-01-16,,191.0,WAW,ATH,2025-11-07,Warszawa,Polska,Ateny,Grecja
2026-01-17,,191.0,WAW,ATH,2025-11-07,Warszawa,Polska,Ateny,Grecja
2026-01-18,,374.0,WAW,ATH,2025-11-07,Warszawa,Polska,Ateny,Grecja
2026-01-19,,195.0,WAW,ATH,2025-11-07,Warszawa,Polska,Ateny,Grecja
2026-01-20,,374.0,WAW,ATH,2025-11-07,Warszawa,Polska,Ateny,Grecja
2026-01-21,,213.0,WAW,ATH,2025-11-07,Warszawa,Polska,Ateny,Grecja
2026-01-22,,195.0,WAW,ATH,2025-11-07,Warszawa,Polska,Ateny,Grecja
2026-01-23,,374.0,WAW,ATH,2025-11-07,Warszawa,Polska,Ateny,Grecja
2026-01-24,,195.0,WAW,ATH,2025-11-07,Warszawa,Polska,Ateny,Grecja
2026-01-25,,356.0,WAW,ATH,2025-11-07,Warszawa,Polska,Ateny,Grecja
2026-01-26,,195.0,WAW,ATH,2025-11-07,Warszawa,Polska,Ateny,Grecja
2026-01-27,,213.0,WAW,ATH,2025-11-07,Warszawa,Polska,Ateny,Grecja
2026-01-28,,213.0,WAW,ATH,2025-11-07,Warszawa,Polska,Ateny,Grecja
2026-01-29,,195.0,WAW,ATH,2025-11-07,Warszawa,Polska,Ateny,Grecja
2026-01-30,,195.0,WAW,ATH,2025-11-07,Warszawa,Polska,Ateny,Grecja
2025-11-07,,1419.0,WAW,BUD,2025-11-07,Warszawa,Polska,Budapeszt,Węgry
2025-11-08,,1689.0,WAW,BUD,2025-11-07,Warszawa,Polska,Budapeszt,Węgry
2025-11-09,,449.0,WAW,BUD,2025-11-07,Warszawa,Polska,Budapeszt,Węgry
2025-11-10,,219.0,WAW,BUD,2025-11-07,Warszawa,Polska,Budapeszt,Węgry
2025-11-11,,209.0,WAW,BUD,2025-11-07,Warszawa,Polska,Budapeszt,Węgry
2025-11-12,,209.0,WAW,BUD,2025-11-07,Warszawa,Polska,Budapeszt,Węgry
2025-11-13,,209.0,WAW,BUD,2025-11-07,Warszawa,Polska,Budapeszt,Węgry
2025-11-14,,249.0,WAW,BUD,2025-11-07,Warszawa,Polska,Budapeszt,Węgry
2025-11-15,,399.0,WAW,BUD,2025-11-07,Warszawa,Polska,Budapeszt,Węgry
2025-11-16,,209.0,WAW,BUD,2025-11-07,Warszawa,Polska,Budapeszt,Węgry
2025-11-17,,139.0,WAW,BUD,2025-11-07,Warszawa,Polska,Budapeszt,Węgry
2025-11-18,,159.0,WAW,BUD,2025-11-07,Warszawa,Polska,Budapeszt,Węgry
2025-11-19,,139.0,WAW,BUD,2025-11-07,Warszawa,Polska,Budapeszt,Węgry
2025-11-20,,209.0,WAW,BUD,2025-11-07,Warszawa,Polska,Budapeszt,Węgry
2025-11-21,,209.0,WAW,BUD,2025-11-07,Warszawa,Polska,Budapeszt,Węgry
2025-11-22,,299.0,WAW,BUD,2025-11-07,Warszawa,Polska,Budapeszt,Węgry
2025-11-23,,159.0,WAW,BUD,2025-11-07,Warszawa,Polska,Budapeszt,Węgry
2025-11-24,,109.0,WAW,BUD,2025-11-07,Warszawa,Polska,Budapeszt,Węgry
2025-11-25,,109.0,WAW,BUD,2025-11-07,Warszawa,Polska,Budapeszt,Węgry
2025-11-26,,109.0,WAW,BUD,2025-11-07,Warszawa,Polska,Budapeszt,Węgry
2025-11-27,,179.0,WAW,BUD,2025-11-07,Warszawa,Polska,Budapeszt,Węgry
2025-11-28,,219.0,WAW,BUD,2025-11-07,Warszawa,Polska,Budapeszt,Węgry
2025-11-29,,249.0,WAW,BUD,2025-11-07,Warszawa,Polska,Budapeszt,Węgry
2025-11-30,,209.0,WAW,BUD,2025-11-07,Warszawa,Polska,Budapeszt,Węgry
2025-12-01,,109.0,WAW,BUD,2025-11-07,Warszawa,Polska,Budapeszt,Węgry
2025-12-02,,109.0,WAW,BUD,2025-11-07,Warszawa,Polska,Budapeszt,Węgry
2025-12-03,,109.0,WAW,BUD,2025-11-07,Warszawa,Polska,Budapeszt,Węgry
2025-12-04,,139.0,WAW,BUD,2025-11-07,Warszawa,Polska,Budapeszt,Węgry
2025-12-05,,219.0,WAW,BUD,2025-11-07,Warszawa,Polska,Budapeszt,Węgry
2025-12-06,,249.0,WAW,BUD,2025-11-07,Warszawa,Polska,Budapeszt,Węgry
2025-12-07,,139.0,WAW,BUD,2025-11-07,Warszawa,Polska,Budapeszt,Węgry
2025-12-08,,109.0,WAW,BUD,2025-11-07,Warszawa,Polska,Budapeszt,Węgry
2025-12-09,,109.0,WAW,BUD,2025-11-07,Warszawa,Polska,Budapeszt,Węgry
2025-12-10,,109.0,WAW,BUD,2025-11-07,Warszawa,Polska,Budapeszt,Węgry
2025-12-11,,269.0,WAW,BUD,2025-11-07,Warszawa,Polska,Budapeszt,Węgry
2025-12-12,,209.0,WAW,BUD,2025-11-07,Warszawa,Polska,Budapeszt,Węgry
2025-12-13,,219.0,WAW,BUD,2025-11-07,Warszawa,Polska,Budapeszt,Węgry
2025-12-14,,219.0,WAW,BUD,2025-11-07,Warszawa,Polska,Budapeszt,Węgry
2025-12-15,,109.0,WAW,BUD,2025-11-07,Warszawa,Polska,Budapeszt,Węgry
2025-12-16,,109.0,WAW,BUD,2025-11-07,Warszawa,Polska,Budapeszt,Węgry
2025-12-17,,109.0,WAW,BUD,2025-11-07,Warszawa,Polska,Budapeszt,Węgry
2025-12-18,,209.0,WAW,BUD,2025-11-07,Warszawa,Polska,Budapeszt,Węgry
2025-12-19,,309.0,WAW,BUD,2025-11-07,Warszawa,Polska,Budapeszt,Węgry
2025-12-20,,209.0,WAW,BUD,2025-11-07,Warszawa,Polska,Budapeszt,Węgry
2025-12-21,,179.0,WAW,BUD,2025-11-07,Warszawa,Polska,Budapeszt,Węgry
2025-12-22,,109.0,WAW,BUD,2025-11-07,Warszawa,Polska,Budapeszt,Węgry
2025-12-23,,109.0,WAW,BUD,2025-11-07,Warszawa,Polska,Budapeszt,Węgry
2025-12-24,,219.0,WAW,BUD,2025-11-07,Warszawa,Polska,Budapeszt,Węgry
2025-12-25,,269.0,WAW,BUD,2025-11-07,Warszawa,Polska,Budapeszt,Węgry
2025-12-26,,179.0,WAW,BUD,2025-11-07,Warszawa,Polska,Budapeszt,Węgry
2025-12-27,,209.0,WAW,BUD,2025-11-07,Warszawa,Polska,Budapeszt,Węgry
2025-12-28,,179.0,WAW,BUD,2025-11-07,Warszawa,Polska,Budapeszt,Węgry
2025-12-29,,219.0,WAW,BUD,2025-11-07,Warszawa,Polska,Budapeszt,Węgry
2025-12-30,,309.0,WAW,BUD,2025-11-07,Warszawa,Polska,Budapeszt,Węgry
2025-12-31,,429.0,WAW,BUD,2025-11-07,Warszawa,Polska,Budapeszt,Węgry
2026-01-01,,209.0,WAW,BUD,2025-11-07,Warszawa,Polska,Budapeszt,Węgry
2026-01-02,,179.0,WAW,BUD,2025-11-07,Warszawa,Polska,Budapeszt,Węgry
2026-01-03,,219.0,WAW,BUD,2025-11-07,Warszawa,Polska,Budapeszt,Węgry
2026-01-04,,109.0,WAW,BUD,2025-11-07,Warszawa,Polska,Budapeszt,Węgry
2026-01-05,,109.0,WAW,BUD,2025-11-07,Warszawa,Polska,Budapeszt,Węgry
2026-01-06,,109.0,WAW,BUD,2025-11-07,Warszawa,Polska,Budapeszt,Węgry
2026-01-07,,109.0,WAW,BUD,2025-11-07,Warszawa,Polska,Budapeszt,Węgry
2026-01-08,,109.0,WAW,BUD,2025-11-07,Warszawa,Polska,Budapeszt,Węgry
2026-01-09,,109.0,WAW,BUD,2025-11-07,Warszawa,Polska,Budapeszt,Węgry
2026-01-10,,109.0,WAW,BUD,2025-11-07,Warszawa,Polska,Budapeszt,Węgry
2026-01-11,,109.0,WAW,BUD,2025-11-07,Warszawa,Polska,Budapeszt,Węgry
2026-01-12,,109.0,WAW,BUD,2025-11-07,Warszawa,Polska,Budapeszt,Węgry
2026-01-13,,109.0,WAW,BUD,2025-11-07,Warszawa,Polska,Budapeszt,Węgry
2026-01-14,,109.0,WAW,BUD,2025-11-07,Warszawa,Polska,Budapeszt,Węgry
2026-01-15,,109.0,WAW,BUD,2025-11-07,Warszawa,Polska,Budapeszt,Węgry
2026-01-16,,129.0,WAW,BUD,2025-11-07,Warszawa,Polska,Budapeszt,Węgry
2026-01-17,,219.0,WAW,BUD,2025-11-07,Warszawa,Polska,Budapeszt,Węgry
2026-01-18,,109.0,WAW,BUD,2025-11-07,Warszawa,Polska,Budapeszt,Węgry
2026-01-19,,109.0,WAW,BUD,2025-11-07,Warszawa,Polska,Budapeszt,Węgry
2026-01-20,,109.0,WAW,BUD,2025-11-07,Warszawa,Polska,Budapeszt,Węgry
2026-01-21,,109.0,WAW,BUD,2025-11-07,Warszawa,Polska,Budapeszt,Węgry
2026-01-22,,109.0,WAW,BUD,2025-11-07,Warszawa,Polska,Budapeszt,Węgry
2026-01-23,,109.0,WAW,BUD,2025-11-07,Warszawa,Polska,Budapeszt,Węgry
2026-01-24,,179.0,WAW,BUD,2025-11-07,Warszawa,Polska,Budapeszt,Węgry
2026-01-25,,109.0,WAW,BUD,2025-11-07,Warszawa,Polska,Budapeszt,Węgry
2026-01-26,,109.0,WAW,BUD,2025-11-07,Warszawa,Polska,Budapeszt,Węgry
2026-01-27,,109.0,WAW,BUD,2025-11-07,Warszawa,Polska,Budapeszt,Węgry
2026-01-28,,109.0,WAW,BUD,2025-11-07,Warszawa,Polska,Budapeszt,Węgry
2026-01-29,,109.0,WAW,BUD,2025-11-07,Warszawa,Polska,Budapeszt,Węgry
2026-01-30,,139.0,WAW,BUD,2025-11-07,Warszawa,Polska,Budapeszt,Węgry
2025-11-07,,2039.0,WAW,AUH,2025-11-07,Warszawa,Polska,Abu Dhabi,Zjednoczone Emiraty Arabskie
2025-11-08,,2944.0,WAW,AUH,2025-11-07,Warszawa,Polska,Abu Dhabi,Zjednoczone Emiraty Arabskie
2025-11-09,,1559.0,WAW,AUH,2025-11-07,Warszawa,Polska,Abu Dhabi,Zjednoczone Emiraty Arabskie
2025-11-10,,1183.0,WAW,AUH,2025-11-07,Warszawa,Polska,Abu Dhabi,Zjednoczone Emiraty Arabskie
2025-11-11,,1159.0,WAW,AUH,2025-11-07,Warszawa,Polska,Abu Dhabi,Zjednoczone Emiraty Arabskie
2025-11-12,,1207.0,WAW,AUH,2025-11-07,Warszawa,Polska,Abu Dhabi,Zjednoczone Emiraty Arabskie
2025-11-13,,1159.0,WAW,AUH,2025-11-07,Warszawa,Polska,Abu Dhabi,Zjednoczone Emiraty Arabskie
2025-11-14,,1368.0,WAW,AUH,2025-11-07,Warszawa,Polska,Abu Dhabi,Zjednoczone Emiraty Arabskie
2025-11-15,,747.0,WAW,AUH,2025-11-07,Warszawa,Polska,Abu Dhabi,Zjednoczone Emiraty Arabskie
2025-11-16,,1159.0,WAW,AUH,2025-11-07,Warszawa,Polska,Abu Dhabi,Zjednoczone Emiraty Arabskie
2025-11-17,,718.0,WAW,AUH,2025-11-07,Warszawa,Polska,Abu Dhabi,Zjednoczone Emiraty Arabskie
2025-11-18,,1262.0,WAW,AUH,2025-11-07,Warszawa,Polska,Abu Dhabi,Zjednoczone Emiraty Arabskie
2025-11-19,,577.0,WAW,AUH,2025-11-07,Warszawa,Polska,Abu Dhabi,Zjednoczone Emiraty Arabskie
2025-11-20,,1284.0,WAW,AUH,2025-11-07,Warszawa,Polska,Abu Dhabi,Zjednoczone Emiraty Arabskie
2025-11-21,,1284.0,WAW,AUH,2025-11-07,Warszawa,Polska,Abu Dhabi,Zjednoczone Emiraty Arabskie
2025-11-22,,577.0,WAW,AUH,2025-11-07,Warszawa,Polska,Abu Dhabi,Zjednoczone Emiraty Arabskie
2025-11-23,,1159.0,WAW,AUH,2025-11-07,Warszawa,Polska,Abu Dhabi,Zjednoczone Emiraty Arabskie
2025-11-24,,880.0,WAW,AUH,2025-11-07,Warszawa,Polska,Abu Dhabi,Zjednoczone Emiraty Arabskie
2025-11-25,,1159.0,WAW,AUH,2025-11-07,Warszawa,Polska,Abu Dhabi,Zjednoczone Emiraty Arabskie
2025-11-26,,1262.0,WAW,AUH,2025-11-07,Warszawa,Polska,Abu Dhabi,Zjednoczone Emiraty Arabskie
2025-11-27,,1159.0,WAW,AUH,2025-11-07,Warszawa,Polska,Abu Dhabi,Zjednoczone Emiraty Arabskie
2025-11-28,,1284.0,WAW,AUH,2025-11-07,Warszawa,Polska,Abu Dhabi,Zjednoczone Emiraty Arabskie
2025-11-29,,718.0,WAW,AUH,2025-11-07,Warszawa,Polska,Abu Dhabi,Zjednoczone Emiraty Arabskie
2025-11-30,,1159.0,WAW,AUH,2025-11-07,Warszawa,Polska,Abu Dhabi,Zjednoczone Emiraty Arabskie
2025-12-01,,1460.0,WAW,AUH,2025-11-07,Warszawa,Polska,Abu Dhabi,Zjednoczone Emiraty Arabskie
2025-12-02,,1159.0,WAW,AUH,2025-11-07,Warszawa,Polska,Abu Dhabi,Zjednoczone Emiraty Arabskie
2025-12-03,,718.0,WAW,AUH,2025-11-07,Warszawa,Polska,Abu Dhabi,Zjednoczone Emiraty Arabskie
2025-12-04,,1207.0,WAW,AUH,2025-11-07,Warszawa,Polska,Abu Dhabi,Zjednoczone Emiraty Arabskie
2025-12-05,,1368.0,WAW,AUH,2025-11-07,Warszawa,Polska,Abu Dhabi,Zjednoczone Emiraty Arabskie
2025-12-06,,577.0,WAW,AUH,2025-11-07,Warszawa,Polska,Abu Dhabi,Zjednoczone Emiraty Arabskie
2025-12-07,,1159.0,WAW,AUH,2025-11-07,Warszawa,Polska,Abu Dhabi,Zjednoczone Emiraty Arabskie
2025-12-08,,718.0,WAW,AUH,2025-11-07,Warszawa,Polska,Abu Dhabi,Zjednoczone Emiraty Arabskie
2025-12-09,,1159.0,WAW,AUH,2025-11-07,Warszawa,Polska,Abu Dhabi,Zjednoczone Emiraty Arabskie
2025-12-10,,577.0,WAW,AUH,2025-11-07,Warszawa,Polska,Abu Dhabi,Zjednoczone Emiraty Arabskie
2025-12-11,,1159.0,WAW,AUH,2025-11-07,Warszawa,Polska,Abu Dhabi,Zjednoczone Emiraty Arabskie
2025-12-12,,1368.0,WAW,AUH,2025-11-07,Warszawa,Polska,Abu Dhabi,Zjednoczone Emiraty Arabskie
2025-12-13,,1238.0,WAW,AUH,2025-11-07,Warszawa,Polska,Abu Dhabi,Zjednoczone Emiraty Arabskie
2025-12-14,,1159.0,WAW,AUH,2025-11-07,Warszawa,Polska,Abu Dhabi,Zjednoczone Emiraty Arabskie
2025-12-15,,577.0,WAW,AUH,2025-11-07,Warszawa,Polska,Abu Dhabi,Zjednoczone Emiraty Arabskie
2025-12-16,,1159.0,WAW,AUH,2025-11-07,Warszawa,Polska,Abu Dhabi,Zjednoczone Emiraty Arabskie
2025-12-17,,718.0,WAW,AUH,2025-11-07,Warszawa,Polska,Abu Dhabi,Zjednoczone Emiraty Arabskie
2025-12-18,,1346.0,WAW,AUH,2025-11-07,Warszawa,Polska,Abu Dhabi,Zjednoczone Emiraty Arabskie
2025-12-19,,1792.0,WAW,AUH,2025-11-07,Warszawa,Polska,Abu Dhabi,Zjednoczone Emiraty Arabskie
2025-12-20,,1713.0,WAW,AUH,2025-11-07,Warszawa,Polska,Abu Dhabi,Zjednoczone Emiraty Arabskie
2025-12-21,,2360.0,WAW,AUH,2025-11-07,Warszawa,Polska,Abu Dhabi,Zjednoczone Emiraty Arabskie
2025-12-22,,1713.0,WAW,AUH,2025-11-07,Warszawa,Polska,Abu Dhabi,Zjednoczone Emiraty Arabskie
2025-12-23,,1699.0,WAW,AUH,2025-11-07,Warszawa,Polska,Abu Dhabi,Zjednoczone Emiraty Arabskie
2025-12-24,,1713.0,WAW,AUH,2025-11-07,Warszawa,Polska,Abu Dhabi,Zjednoczone Emiraty Arabskie
2025-12-25,,1723.0,WAW,AUH,2025-11-07,Warszawa,Polska,Abu Dhabi,Zjednoczone Emiraty Arabskie
2025-12-26,,1723.0,WAW,AUH,2025-11-07,Warszawa,Polska,Abu Dhabi,Zjednoczone Emiraty Arabskie
2025-12-27,,1713.0,WAW,AUH,2025-11-07,Warszawa,Polska,Abu Dhabi,Zjednoczone Emiraty Arabskie
2025-12-28,,1585.0,WAW,AUH,2025-11-07,Warszawa,Polska,Abu Dhabi,Zjednoczone Emiraty Arabskie
2025-12-29,,1585.0,WAW,AUH,2025-11-07,Warszawa,Polska,Abu Dhabi,Zjednoczone Emiraty Arabskie
2025-12-30,,1159.0,WAW,AUH,2025-11-07,Warszawa,Polska,Abu Dhabi,Zjednoczone Emiraty Arabskie
2025-12-31,,1460.0,WAW,AUH,2025-11-07,Warszawa,Polska,Abu Dhabi,Zjednoczone Emiraty Arabskie
2026-01-01,,1053.0,WAW,AUH,2025-11-07,Warszawa,Polska,Abu Dhabi,Zjednoczone Emiraty Arabskie
2026-01-02,,1646.0,WAW,AUH,2025-11-07,Warszawa,Polska,Abu Dhabi,Zjednoczone Emiraty Arabskie
2026-01-03,,1368.0,WAW,AUH,2025-11-07,Warszawa,Polska,Abu Dhabi,Zjednoczone Emiraty Arabskie
2026-01-04,,1159.0,WAW,AUH,2025-11-07,Warszawa,Polska,Abu Dhabi,Zjednoczone Emiraty Arabskie
2026-01-05,,1564.0,WAW,AUH,2025-11-07,Warszawa,Polska,Abu Dhabi,Zjednoczone Emiraty Arabskie
2026-01-06,,1159.0,WAW,AUH,2025-11-07,Warszawa,Polska,Abu Dhabi,Zjednoczone Emiraty Arabskie
2026-01-07,,1207.0,WAW,AUH,2025-11-07,Warszawa,Polska,Abu Dhabi,Zjednoczone Emiraty Arabskie
2026-01-08,,995.0,WAW,AUH,2025-11-07,Warszawa,Polska,Abu Dhabi,Zjednoczone Emiraty Arabskie
2026-01-09,,1368.0,WAW,AUH,2025-11-07,Warszawa,Polska,Abu Dhabi,Zjednoczone Emiraty Arabskie
2026-01-10,,1368.0,WAW,AUH,2025-11-07,Warszawa,Polska,Abu Dhabi,Zjednoczone Emiraty Arabskie
2026-01-11,,1159.0,WAW,AUH,2025-11-07,Warszawa,Polska,Abu Dhabi,Zjednoczone Emiraty Arabskie
2026-01-12,,1207.0,WAW,AUH,2025-11-07,Warszawa,Polska,Abu Dhabi,Zjednoczone Emiraty Arabskie
2026-01-13,,1159.0,WAW,AUH,2025-11-07,Warszawa,Polska,Abu Dhabi,Zjednoczone Emiraty Arabskie
2026-01-14,,1262.0,WAW,AUH,2025-11-07,Warszawa,Polska,Abu Dhabi,Zjednoczone Emiraty Arabskie
2026-01-15,,1159.0,WAW,AUH,2025-11-07,Warszawa,Polska,Abu Dhabi,Zjednoczone Emiraty Arabskie
2026-01-16,,1585.0,WAW,AUH,2025-11-07,Warszawa,Polska,Abu Dhabi,Zjednoczone Emiraty Arabskie
2026-01-17,,1618.0,WAW,AUH,2025-11-07,Warszawa,Polska,Abu Dhabi,Zjednoczone Emiraty Arabskie
2026-01-18,,1159.0,WAW,AUH,2025-11-07,Warszawa,Polska,Abu Dhabi,Zjednoczone Emiraty Arabskie
2026-01-19,,1545.0,WAW,AUH,2025-11-07,Warszawa,Polska,Abu Dhabi,Zjednoczone Emiraty Arabskie
2026-01-20,,1159.0,WAW,AUH,2025-11-07,Warszawa,Polska,Abu Dhabi,Zjednoczone Emiraty Arabskie
2026-01-21,,1262.0,WAW,AUH,2025-11-07,Warszawa,Polska,Abu Dhabi,Zjednoczone Emiraty Arabskie
2026-01-22,,1159.0,WAW,AUH,2025-11-07,Warszawa,Polska,Abu Dhabi,Zjednoczone Emiraty Arabskie
2026-01-23,,1585.0,WAW,AUH,2025-11-07,Warszawa,Polska,Abu Dhabi,Zjednoczone Emiraty Arabskie
2026-01-24,,939.0,WAW,AUH,2025-11-07,Warszawa,Polska,Abu Dhabi,Zjednoczone Emiraty Arabskie
2026-01-25,,1159.0,WAW,AUH,2025-11-07,Warszawa,Polska,Abu Dhabi,Zjednoczone Emiraty Arabskie
2026-01-26,,1545.0,WAW,AUH,2025-11-07,Warszawa,Polska,Abu Dhabi,Zjednoczone Emiraty Arabskie
2026-01-27,,1159.0,WAW,AUH,2025-11-07,Warszawa,Polska,Abu Dhabi,Zjednoczone Emiraty Arabskie
2026-01-28,,1183.0,WAW,AUH,2025-11-07,Warszawa,Polska,Abu Dhabi,Zjednoczone Emiraty Arabskie
2026-01-29,,1159.0,WAW,AUH,2025-11-07,Warszawa,Polska,Abu Dhabi,Zjednoczone Emiraty Arabskie
2026-01-30,,1585.0,WAW,AUH,2025-11-07,Warszawa,Polska,Abu Dhabi,Zjednoczone Emiraty Arabskie
2025-11-07,,1827.0,WAW,IST,2025-11-07,Warszawa,Polska,Stambuł,Turcja
2025-11-08,,934.0,WAW,IST,2025-11-07,Warszawa,Polska,Stambuł,Turcja
2025-11-09,,971.0,WAW,IST,2025-11-07,Warszawa,Polska,Stambuł,Turcja
2025-11-10,,769.0,WAW,IST,2025-11-07,Warszawa,Polska,Stambuł,Turcja
2025-11-11,,850.0,WAW,IST,2025-11-07,Warszawa,Polska,Stambuł,Turcja
2025-11-12,,850.0,WAW,IST,2025-11-07,Warszawa,Polska,Stambuł,Turcja
2025-11-13,,850.0,WAW,IST,2025-11-07,Warszawa,Polska,Stambuł,Turcja
2025-11-14,,769.0,WAW,IST,2025-11-07,Warszawa,Polska,Stambuł,Turcja
2025-11-15,,769.0,WAW,IST,2025-11-07,Warszawa,Polska,Stambuł,Turcja
2025-11-16,,650.0,WAW,IST,2025-11-07,Warszawa,Polska,Stambuł,Turcja
2025-11-17,,502.0,WAW,IST,2025-11-07,Warszawa,Polska,Stambuł,Turcja
2025-11-18,,461.0,WAW,IST,2025-11-07,Warszawa,Polska,Stambuł,Turcja
2025-11-19,,650.0,WAW,IST,2025-11-07,Warszawa,Polska,Stambuł,Turcja
2025-11-20,,581.0,WAW,IST,2025-11-07,Warszawa,Polska,Stambuł,Turcja
2025-11-21,,595.0,WAW,IST,2025-11-07,Warszawa,Polska,Stambuł,Turcja
2025-11-22,,406.0,WAW,IST,2025-11-07,Warszawa,Polska,Stambuł,Turcja
2025-11-23,,706.0,WAW,IST,2025-11-07,Warszawa,Polska,Stambuł,Turcja
2025-11-24,,461.0,WAW,IST,2025-11-07,Warszawa,Polska,Stambuł,Turcja
2025-11-25,,406.0,WAW,IST,2025-11-07,Warszawa,Polska,Stambuł,Turcja
2025-11-26,,488.0,WAW,IST,2025-11-07,Warszawa,Polska,Stambuł,Turcja
2025-11-27,,488.0,WAW,IST,2025-11-07,Warszawa,Polska,Stambuł,Turcja
2025-11-28,,421.0,WAW,IST,2025-11-07,Warszawa,Polska,Stambuł,Turcja
2025-11-29,,421.0,WAW,IST,2025-11-07,Warszawa,Polska,Stambuł,Turcja
2025-11-30,,421.0,WAW,IST,2025-11-07,Warszawa,Polska,Stambuł,Turcja
2025-12-01,,502.0,WAW,IST,2025-11-07,Warszawa,Polska,Stambuł,Turcja
2025-12-02,,461.0,WAW,IST,2025-11-07,Warszawa,Polska,Stambuł,Turcja
2025-12-03,,488.0,WAW,IST,2025-11-07,Warszawa,Polska,Stambuł,Turcja
2025-12-04,,488.0,WAW,IST,2025-11-07,Warszawa,Polska,Stambuł,Turcja
2025-12-05,,502.0,WAW,IST,2025-11-07,Warszawa,Polska,Stambuł,Turcja
2025-12-06,,502.0,WAW,IST,2025-11-07,Warszawa,Polska,Stambuł,Turcja
2025-12-07,,502.0,WAW,IST,2025-11-07,Warszawa,Polska,Stambuł,Turcja
2025-12-08,,488.0,WAW,IST,2025-11-07,Warszawa,Polska,Stambuł,Turcja
2025-12-09,,488.0,WAW,IST,2025-11-07,Warszawa,Polska,Stambuł,Turcja
2025-12-10,,488.0,WAW,IST,2025-11-07,Warszawa,Polska,Stambuł,Turcja
2025-12-11,,421.0,WAW,IST,2025-11-07,Warszawa,Polska,Stambuł,Turcja
2025-12-12,,502.0,WAW,IST,2025-11-07,Warszawa,Polska,Stambuł,Turcja
2025-12-13,,421.0,WAW,IST,2025-11-07,Warszawa,Polska,Stambuł,Turcja
2025-12-14,,502.0,WAW,IST,2025-11-07,Warszawa,Polska,Stambuł,Turcja
2025-12-15,,502.0,WAW,IST,2025-11-07,Warszawa,Polska,Stambuł,Turcja
2025-12-16,,406.0,WAW,IST,2025-11-07,Warszawa,Polska,Stambuł,Turcja
2025-12-17,,488.0,WAW,IST,2025-11-07,Warszawa,Polska,Stambuł,Turcja
2025-12-18,,621.0,WAW,IST,2025-11-07,Warszawa,Polska,Stambuł,Turcja
2025-12-19,,854.0,WAW,IST,2025-11-07,Warszawa,Polska,Stambuł,Turcja
2025-12-20,,1011.0,WAW,IST,2025-11-07,Warszawa,Polska,Stambuł,Turcja
2025-12-21,,1087.0,WAW,IST,2025-11-07,Warszawa,Polska,Stambuł,Turcja
2025-12-22,,959.0,WAW,IST,2025-11-07,Warszawa,Polska,Stambuł,Turcja
2025-12-23,,943.0,WAW,IST,2025-11-07,Warszawa,Polska,Stambuł,Turcja
2025-12-24,,988.0,WAW,IST,2025-11-07,Warszawa,Polska,Stambuł,Turcja
2025-12-25,,1011.0,WAW,IST,2025-11-07,Warszawa,Polska,Stambuł,Turcja
2025-12-26,,1057.0,WAW,IST,2025-11-07,Warszawa,Polska,Stambuł,Turcja
2025-12-27,,1057.0,WAW,IST,2025-11-07,Warszawa,Polska,Stambuł,Turcja
2025-12-28,,943.0,WAW,IST,2025-11-07,Warszawa,Polska,Stambuł,Turcja
2025-12-29,,900.0,WAW,IST,2025-11-07,Warszawa,Polska,Stambuł,Turcja
2025-12-30,,850.0,WAW,IST,2025-11-07,Warszawa,Polska,Stambuł,Turcja
2025-12-31,,888.0,WAW,IST,2025-11-07,Warszawa,Polska,Stambuł,Turcja
2026-01-01,,788.0,WAW,IST,2025-11-07,Warszawa,Polska,Stambuł,Turcja
2026-01-02,,931.0,WAW,IST,2025-11-07,Warszawa,Polska,Stambuł,Turcja
2026-01-03,,931.0,WAW,IST,2025-11-07,Warszawa,Polska,Stambuł,Turcja
2026-01-04,,850.0,WAW,IST,2025-11-07,Warszawa,Polska,Stambuł,Turcja
2026-01-05,,728.0,WAW,IST,2025-11-07,Warszawa,Polska,Stambuł,Turcja
2026-01-06,,741.0,WAW,IST,2025-11-07,Warszawa,Polska,Stambuł,Turcja
2026-01-07,,713.0,WAW,IST,2025-11-07,Warszawa,Polska,Stambuł,Turcja
2026-01-08,,527.0,WAW,IST,2025-11-07,Warszawa,Polska,Stambuł,Turcja
2026-01-09,,495.0,WAW,IST,2025-11-07,Warszawa,Polska,Stambuł,Turcja
2026-01-10,,451.0,WAW,IST,2025-11-07,Warszawa,Polska,Stambuł,Turcja
2026-01-11,,548.0,WAW,IST,2025-11-07,Warszawa,Polska,Stambuł,Turcja
2026-01-12,,439.0,WAW,IST,2025-11-07,Warszawa,Polska,Stambuł,Turcja
2026-01-13,,439.0,WAW,IST,2025-11-07,Warszawa,Polska,Stambuł,Turcja
2026-01-14,,439.0,WAW,IST,2025-11-07,Warszawa,Polska,Stambuł,Turcja
2026-01-15,,451.0,WAW,IST,2025-11-07,Warszawa,Polska,Stambuł,Turcja
2026-01-16,,451.0,WAW,IST,2025-11-07,Warszawa,Polska,Stambuł,Turcja
2026-01-17,,451.0,WAW,IST,2025-11-07,Warszawa,Polska,Stambuł,Turcja
2026-01-18,,584.0,WAW,IST,2025-11-07,Warszawa,Polska,Stambuł,Turcja
2026-01-19,,519.0,WAW,IST,2025-11-07,Warszawa,Polska,Stambuł,Turcja
2026-01-20,,584.0,WAW,IST,2025-11-07,Warszawa,Polska,Stambuł,Turcja
2026-01-21,,504.0,WAW,IST,2025-11-07,Warszawa,Polska,Stambuł,Turcja
2026-01-22,,519.0,WAW,IST,2025-11-07,Warszawa,Polska,Stambuł,Turcja
2026-01-23,,519.0,WAW,IST,2025-11-07,Warszawa,Polska,Stambuł,Turcja
2026-01-24,,519.0,WAW,IST,2025-11-07,Warszawa,Polska,Stambuł,Turcja
2026-01-25,,769.0,WAW,IST,2025-11-07,Warszawa,Polska,Stambuł,Turcja
2026-01-26,,461.0,WAW,IST,2025-11-07,Warszawa,Polska,Stambuł,Turcja
2026-01-27,,504.0,WAW,IST,2025-11-07,Warszawa,Polska,Stambuł,Turcja
2026-01-28,,504.0,WAW,IST,2025-11-07,Warszawa,Polska,Stambuł,Turcja
2026-01-29,,519.0,WAW,IST,2025-11-07,Warszawa,Polska,Stambuł,Turcja
2026-01-30,,461.0,WAW,IST,2025-11-07,Warszawa,Polska,Stambuł,Turcja
2025-11-07,,2000.0,WAW,SKP,2025-11-07,Warszawa,Polska,Skopje,Macedonia Półncona
2025-11-08,,1549.0,WAW,SKP,2025-11-07,Warszawa,Polska,Skopje,Macedonia Półncona
2025-11-09,,1335.0,WAW,SKP,2025-11-07,Warszawa,Polska,Skopje,Macedonia Półncona
2025-11-10,,935.0,WAW,SKP,2025-11-07,Warszawa,Polska,Skopje,Macedonia Półncona
2025-11-11,,322.0,WAW,SKP,2025-11-07,Warszawa,Polska,Skopje,Macedonia Półncona
2025-11-12,,935.0,WAW,SKP,2025-11-07,Warszawa,Polska,Skopje,Macedonia Półncona
2025-11-13,,781.0,WAW,SKP,2025-11-07,Warszawa,Polska,Skopje,Macedonia Półncona
2025-11-14,,781.0,WAW,SKP,2025-11-07,Warszawa,Polska,Skopje,Macedonia Półncona
2025-11-15,,265.0,WAW,SKP,2025-11-07,Warszawa,Polska,Skopje,Macedonia Półncona
2025-11-16,,451.0,WAW,SKP,2025-11-07,Warszawa,Polska,Skopje,Macedonia Półncona
2025-11-17,,688.0,WAW,SKP,2025-11-07,Warszawa,Polska,Skopje,Macedonia Półncona
2025-11-18,,238.0,WAW,SKP,2025-11-07,Warszawa,Polska,Skopje,Macedonia Półncona
2025-11-19,,721.0,WAW,SKP,2025-11-07,Warszawa,Polska,Skopje,Macedonia Półncona
2025-11-20,,238.0,WAW,SKP,2025-11-07,Warszawa,Polska,Skopje,Macedonia Półncona
2025-11-21,,625.0,WAW,SKP,2025-11-07,Warszawa,Polska,Skopje,Macedonia Półncona
2025-11-22,,359.0,WAW,SKP,2025-11-07,Warszawa,Polska,Skopje,Macedonia Półncona
2025-11-23,,624.0,WAW,SKP,2025-11-07,Warszawa,Polska,Skopje,Macedonia Półncona
2025-11-24,,588.0,WAW,SKP,2025-11-07,Warszawa,Polska,Skopje,Macedonia Półncona
2025-11-25,,238.0,WAW,SKP,2025-11-07,Warszawa,Polska,Skopje,Macedonia Półncona
2025-11-26,,652.0,WAW,SKP,2025-11-07,Warszawa,Polska,Skopje,Macedonia Półncona
2025-11-27,,359.0,WAW,SKP,2025-11-07,Warszawa,Polska,Skopje,Macedonia Półncona
2025-11-28,,374.0,WAW,SKP,2025-11-07,Warszawa,Polska,Skopje,Macedonia Półncona
2025-11-29,,238.0,WAW,SKP,2025-11-07,Warszawa,Polska,Skopje,Macedonia Półncona
2025-11-30,,374.0,WAW,SKP,2025-11-07,Warszawa,Polska,Skopje,Macedonia Półncona
2025-12-01,,545.0,WAW,SKP,2025-11-07,Warszawa,Polska,Skopje,Macedonia Półncona
2025-12-02,,238.0,WAW,SKP,2025-11-07,Warszawa,Polska,Skopje,Macedonia Półncona
2025-12-03,,545.0,WAW,SKP,2025-11-07,Warszawa,Polska,Skopje,Macedonia Półncona
2025-12-04,,238.0,WAW,SKP,2025-11-07,Warszawa,Polska,Skopje,Macedonia Półncona
2025-12-05,,251.0,WAW,SKP,2025-11-07,Warszawa,Polska,Skopje,Macedonia Półncona
2025-12-06,,238.0,WAW,SKP,2025-11-07,Warszawa,Polska,Skopje,Macedonia Półncona
2025-12-07,,374.0,WAW,SKP,2025-11-07,Warszawa,Polska,Skopje,Macedonia Półncona
2025-12-08,,545.0,WAW,SKP,2025-11-07,Warszawa,Polska,Skopje,Macedonia Półncona
2025-12-09,,278.0,WAW,SKP,2025-11-07,Warszawa,Polska,Skopje,Macedonia Półncona
2025-12-10,,545.0,WAW,SKP,2025-11-07,Warszawa,Polska,Skopje,Macedonia Półncona
2025-12-11,,278.0,WAW,SKP,2025-11-07,Warszawa,Polska,Skopje,Macedonia Półncona
2025-12-12,,294.0,WAW,SKP,2025-11-07,Warszawa,Polska,Skopje,Macedonia Półncona
2025-12-13,,238.0,WAW,SKP,2025-11-07,Warszawa,Polska,Skopje,Macedonia Półncona
2025-12-14,,374.0,WAW,SKP,2025-11-07,Warszawa,Polska,Skopje,Macedonia Półncona
2025-12-15,,545.0,WAW,SKP,2025-11-07,Warszawa,Polska,Skopje,Macedonia Półncona
2025-12-16,,238.0,WAW,SKP,2025-11-07,Warszawa,Polska,Skopje,Macedonia Półncona
2025-12-17,,545.0,WAW,SKP,2025-11-07,Warszawa,Polska,Skopje,Macedonia Półncona
2025-12-18,,386.0,WAW,SKP,2025-11-07,Warszawa,Polska,Skopje,Macedonia Półncona
2025-12-19,,540.0,WAW,SKP,2025-11-07,Warszawa,Polska,Skopje,Macedonia Półncona
2025-12-20,,588.0,WAW,SKP,2025-11-07,Warszawa,Polska,Skopje,Macedonia Półncona
2025-12-21,,679.0,WAW,SKP,2025-11-07,Warszawa,Polska,Skopje,Macedonia Półncona
2025-12-22,,588.0,WAW,SKP,2025-11-07,Warszawa,Polska,Skopje,Macedonia Półncona
2025-12-23,,721.0,WAW,SKP,2025-11-07,Warszawa,Polska,Skopje,Macedonia Półncona
2025-12-24,,721.0,WAW,SKP,2025-11-07,Warszawa,Polska,Skopje,Macedonia Półncona
2025-12-25,,588.0,WAW,SKP,2025-11-07,Warszawa,Polska,Skopje,Macedonia Półncona
2025-12-26,,652.0,WAW,SKP,2025-11-07,Warszawa,Polska,Skopje,Macedonia Półncona
2025-12-27,,358.0,WAW,SKP,2025-11-07,Warszawa,Polska,Skopje,Macedonia Półncona
2025-12-28,,721.0,WAW,SKP,2025-11-07,Warszawa,Polska,Skopje,Macedonia Półncona
2025-12-29,,358.0,WAW,SKP,2025-11-07,Warszawa,Polska,Skopje,Macedonia Półncona
2025-12-30,,652.0,WAW,SKP,2025-11-07,Warszawa,Polska,Skopje,Macedonia Półncona
2025-12-31,,721.0,WAW,SKP,2025-11-07,Warszawa,Polska,Skopje,Macedonia Półncona
2026-01-01,,358.0,WAW,SKP,2025-11-07,Warszawa,Polska,Skopje,Macedonia Półncona
2026-01-02,,545.0,WAW,SKP,2025-11-07,Warszawa,Polska,Skopje,Macedonia Półncona
2026-01-03,,358.0,WAW,SKP,2025-11-07,Warszawa,Polska,Skopje,Macedonia Półncona
2026-01-04,,545.0,WAW,SKP,2025-11-07,Warszawa,Polska,Skopje,Macedonia Półncona
2026-01-05,,358.0,WAW,SKP,2025-11-07,Warszawa,Polska,Skopje,Macedonia Półncona
2026-01-06,,545.0,WAW,SKP,2025-11-07,Warszawa,Polska,Skopje,Macedonia Półncona
2026-01-07,,545.0,WAW,SKP,2025-11-07,Warszawa,Polska,Skopje,Macedonia Półncona
2026-01-08,,293.0,WAW,SKP,2025-11-07,Warszawa,Polska,Skopje,Macedonia Półncona
2026-01-09,,400.0,WAW,SKP,2025-11-07,Warszawa,Polska,Skopje,Macedonia Półncona
2026-01-10,,358.0,WAW,SKP,2025-11-07,Warszawa,Polska,Skopje,Macedonia Półncona
2026-01-11,,545.0,WAW,SKP,2025-11-07,Warszawa,Polska,Skopje,Macedonia Półncona
2026-01-12,,358.0,WAW,SKP,2025-11-07,Warszawa,Polska,Skopje,Macedonia Półncona
2026-01-13,,293.0,WAW,SKP,2025-11-07,Warszawa,Polska,Skopje,Macedonia Półncona
2026-01-14,,652.0,WAW,SKP,2025-11-07,Warszawa,Polska,Skopje,Macedonia Półncona
2026-01-15,,293.0,WAW,SKP,2025-11-07,Warszawa,Polska,Skopje,Macedonia Półncona
2026-01-16,,400.0,WAW,SKP,2025-11-07,Warszawa,Polska,Skopje,Macedonia Półncona
2026-01-17,,293.0,WAW,SKP,2025-11-07,Warszawa,Polska,Skopje,Macedonia Półncona
2026-01-18,,689.0,WAW,SKP,2025-11-07,Warszawa,Polska,Skopje,Macedonia Półncona
2026-01-19,,721.0,WAW,SKP,2025-11-07,Warszawa,Polska,Skopje,Macedonia Półncona
2026-01-20,,652.0,WAW,SKP,2025-11-07,Warszawa,Polska,Skopje,Macedonia Półncona
2026-01-21,,721.0,WAW,SKP,2025-11-07,Warszawa,Polska,Skopje,Macedonia Półncona
2026-01-22,,438.0,WAW,SKP,2025-11-07,Warszawa,Polska,Skopje,Macedonia Półncona
2026-01-23,,451.0,WAW,SKP,2025-11-07,Warszawa,Polska,Skopje,Macedonia Półncona
2026-01-24,,322.0,WAW,SKP,2025-11-07,Warszawa,Polska,Skopje,Macedonia Półncona
2026-01-25,,652.0,WAW,SKP,2025-11-07,Warszawa,Polska,Skopje,Macedonia Półncona
2026-01-26,,653.0,WAW,SKP,2025-11-07,Warszawa,Polska,Skopje,Macedonia Półncona
2026-01-27,,322.0,WAW,SKP,2025-11-07,Warszawa,Polska,Skopje,Macedonia Półncona
2026-01-28,,548.0,WAW,SKP,2025-11-07,Warszawa,Polska,Skopje,Macedonia Półncona
2026-01-29,,438.0,WAW,SKP,2025-11-07,Warszawa,Polska,Skopje,Macedonia Półncona
2026-01-30,,451.0,WAW,SKP,2025-11-07,Warszawa,Polska,Skopje,Macedonia Półncona
2025-11-09,,609.0,WAW,KUT,2025-11-07,Warszawa,Polska,Kutaisi,Gruzja
2025-11-09,,609.0,WAW,KUT,2025-11-07,Warszawa,Polska,Kutaisi,Gruzja
2025-11-10,,559.0,WAW,KUT,2025-11-07,Warszawa,Polska,Kutaisi,Gruzja
2025-11-10,,559.0,WAW,KUT,2025-11-07,Warszawa,Polska,Kutaisi,Gruzja
2025-11-12,,309.0,WAW,KUT,2025-11-07,Warszawa,Polska,Kutaisi,Gruzja
2025-11-12,,309.0,WAW,KUT,2025-11-07,Warszawa,Polska,Kutaisi,Gruzja
2025-11-13,,249.0,WAW,KUT,2025-11-07,Warszawa,Polska,Kutaisi,Gruzja
2025-11-13,,249.0,WAW,KUT,2025-11-07,Warszawa,Polska,Kutaisi,Gruzja
2025-11-14,,399.0,WAW,KUT,2025-11-07,Warszawa,Polska,Kutaisi,Gruzja
2025-11-14,,399.0,WAW,KUT,2025-11-07,Warszawa,Polska,Kutaisi,Gruzja
2025-11-16,,399.0,WAW,KUT,2025-11-07,Warszawa,Polska,Kutaisi,Gruzja
2025-11-16,,399.0,WAW,KUT,2025-11-07,Warszawa,Polska,Kutaisi,Gruzja
2025-11-17,,299.0,WAW,KUT,2025-11-07,Warszawa,Polska,Kutaisi,Gruzja
2025-11-17,,299.0,WAW,KUT,2025-11-07,Warszawa,Polska,Kutaisi,Gruzja
2025-11-19,,309.0,WAW,KUT,2025-11-07,Warszawa,Polska,Kutaisi,Gruzja
2025-11-19,,309.0,WAW,KUT,2025-11-07,Warszawa,Polska,Kutaisi,Gruzja
2025-11-20,,299.0,WAW,KUT,2025-11-07,Warszawa,Polska,Kutaisi,Gruzja
2025-11-20,,299.0,WAW,KUT,2025-11-07,Warszawa,Polska,Kutaisi,Gruzja
2025-11-21,,249.0,WAW,KUT,2025-11-07,Warszawa,Polska,Kutaisi,Gruzja
2025-11-21,,249.0,WAW,KUT,2025-11-07,Warszawa,Polska,Kutaisi,Gruzja
2025-11-23,,249.0,WAW,KUT,2025-11-07,Warszawa,Polska,Kutaisi,Gruzja
2025-11-23,,249.0,WAW,KUT,2025-11-07,Warszawa,Polska,Kutaisi,Gruzja
2025-11-24,,219.0,WAW,KUT,2025-11-07,Warszawa,Polska,Kutaisi,Gruzja
2025-11-24,,219.0,WAW,KUT,2025-11-07,Warszawa,Polska,Kutaisi,Gruzja
2025-11-26,,219.0,WAW,KUT,2025-11-07,Warszawa,Polska,Kutaisi,Gruzja
2025-11-26,,219.0,WAW,KUT,2025-11-07,Warszawa,Polska,Kutaisi,Gruzja
2025-11-27,,219.0,WAW,KUT,2025-11-07,Warszawa,Polska,Kutaisi,Gruzja
2025-11-27,,219.0,WAW,KUT,2025-11-07,Warszawa,Polska,Kutaisi,Gruzja
2025-11-28,,209.0,WAW,KUT,2025-11-07,Warszawa,Polska,Kutaisi,Gruzja
2025-11-28,,209.0,WAW,KUT,2025-11-07,Warszawa,Polska,Kutaisi,Gruzja
2025-11-30,,219.0,WAW,KUT,2025-11-07,Warszawa,Polska,Kutaisi,Gruzja
2025-11-30,,219.0,WAW,KUT,2025-11-07,Warszawa,Polska,Kutaisi,Gruzja
2025-12-18,,249.0,WAW,KUT,2025-11-07,Warszawa,Polska,Kutaisi,Gruzja
2025-12-18,,249.0,WAW,KUT,2025-11-07,Warszawa,Polska,Kutaisi,Gruzja
2025-12-19,,359.0,WAW,KUT,2025-11-07,Warszawa,Polska,Kutaisi,Gruzja
2025-12-19,,359.0,WAW,KUT,2025-11-07,Warszawa,Polska,Kutaisi,Gruzja
2025-12-21,,519.0,WAW,KUT,2025-11-07,Warszawa,Polska,Kutaisi,Gruzja
2025-12-21,,519.0,WAW,KUT,2025-11-07,Warszawa,Polska,Kutaisi,Gruzja
2025-12-22,,449.0,WAW,KUT,2025-11-07,Warszawa,Polska,Kutaisi,Gruzja
2025-12-22,,449.0,WAW,KUT,2025-11-07,Warszawa,Polska,Kutaisi,Gruzja
2025-12-24,,609.0,WAW,KUT,2025-11-07,Warszawa,Polska,Kutaisi,Gruzja
2025-12-24,,609.0,WAW,KUT,2025-11-07,Warszawa,Polska,Kutaisi,Gruzja
2026-01-12,,179.0,WAW,KUT,2025-11-07,Warszawa,Polska,Kutaisi,Gruzja
2026-01-12,,179.0,WAW,KUT,2025-11-07,Warszawa,Polska,Kutaisi,Gruzja
2026-01-14,,179.0,WAW,KUT,2025-11-07,Warszawa,Polska,Kutaisi,Gruzja
2026-01-14,,179.0,WAW,KUT,2025-11-07,Warszawa,Polska,Kutaisi,Gruzja
2026-01-15,,179.0,WAW,KUT,2025-11-07,Warszawa,Polska,Kutaisi,Gruzja
2026-01-15,,179.0,WAW,KUT,2025-11-07,Warszawa,Polska,Kutaisi,Gruzja
2026-01-16,,179.0,WAW,KUT,2025-11-07,Warszawa,Polska,Kutaisi,Gruzja
2026-01-16,,179.0,WAW,KUT,2025-11-07,Warszawa,Polska,Kutaisi,Gruzja
2026-01-18,,179.0,WAW,KUT,2025-11-07,Warszawa,Polska,Kutaisi,Gruzja
2026-01-18,,179.0,WAW,KUT,2025-11-07,Warszawa,Polska,Kutaisi,Gruzja
2026-01-19,,179.0,WAW,KUT,2025-11-07,Warszawa,Polska,Kutaisi,Gruzja
2026-01-19,,179.0,WAW,KUT,2025-11-07,Warszawa,Polska,Kutaisi,Gruzja
2026-01-21,,179.0,WAW,KUT,2025-11-07,Warszawa,Polska,Kutaisi,Gruzja
2026-01-21,,179.0,WAW,KUT,2025-11-07,Warszawa,Polska,Kutaisi,Gruzja
2026-01-22,,179.0,WAW,KUT,2025-11-07,Warszawa,Polska,Kutaisi,Gruzja
2026-01-22,,179.0,WAW,KUT,2025-11-07,Warszawa,Polska,Kutaisi,Gruzja
2026-01-23,,179.0,WAW,KUT,2025-11-07,Warszawa,Polska,Kutaisi,Gruzja
2026-01-23,,179.0,WAW,KUT,2025-11-07,Warszawa,Polska,Kutaisi,Gruzja
2026-01-25,,179.0,WAW,KUT,2025-11-07,Warszawa,Polska,Kutaisi,Gruzja
2026-01-25,,179.0,WAW,KUT,2025-11-07,Warszawa,Polska,Kutaisi,Gruzja
2026-01-26,,179.0,WAW,KUT,2025-11-07,Warszawa,Polska,Kutaisi,Gruzja
2026-01-26,,179.0,WAW,KUT,2025-11-07,Warszawa,Polska,Kutaisi,Gruzja
2026-01-28,,179.0,WAW,KUT,2025-11-07,Warszawa,Polska,Kutaisi,Gruzja
2026-01-28,,179.0,WAW,KUT,2025-11-07,Warszawa,Polska,Kutaisi,Gruzja
2025-12-04,,209.0,WAW,KUT,2025-11-07,Warszawa,Polska,Kutaisi,Gruzja
2025-12-04,,209.0,WAW,KUT,2025-11-07,Warszawa,Polska,Kutaisi,Gruzja
2025-12-05,,209.0,WAW,KUT,2025-11-07,Warszawa,Polska,Kutaisi,Gruzja
2025-12-05,,209.0,WAW,KUT,2025-11-07,Warszawa,Polska,Kutaisi,Gruzja
2025-12-07,,179.0,WAW,KUT,2025-11-07,Warszawa,Polska,Kutaisi,Gruzja
2025-12-07,,179.0,WAW,KUT,2025-11-07,Warszawa,Polska,Kutaisi,Gruzja
2025-12-08,,179.0,WAW,KUT,2025-11-07,Warszawa,Polska,Kutaisi,Gruzja
2025-12-08,,179.0,WAW,KUT,2025-11-07,Warszawa,Polska,Kutaisi,Gruzja
2025-12-10,,179.0,WAW,KUT,2025-11-07,Warszawa,Polska,Kutaisi,Gruzja
2025-12-10,,179.0,WAW,KUT,2025-11-07,Warszawa,Polska,Kutaisi,Gruzja
2025-12-11,,179.0,WAW,KUT,2025-11-07,Warszawa,Polska,Kutaisi,Gruzja
2025-12-11,,179.0,WAW,KUT,2025-11-07,Warszawa,Polska,Kutaisi,Gruzja
2026-01-01,,179.0,WAW,KUT,2025-11-07,Warszawa,Polska,Kutaisi,Gruzja
2026-01-01,,179.0,WAW,KUT,2025-11-07,Warszawa,Polska,Kutaisi,Gruzja
2026-01-02,,179.0,WAW,KUT,2025-11-07,Warszawa,Polska,Kutaisi,Gruzja
2026-01-02,,179.0,WAW,KUT,2025-11-07,Warszawa,Polska,Kutaisi,Gruzja
2026-01-04,,219.0,WAW,KUT,2025-11-07,Warszawa,Polska,Kutaisi,Gruzja
2026-01-04,,219.0,WAW,KUT,2025-11-07,Warszawa,Polska,Kutaisi,Gruzja
2026-01-05,,269.0,WAW,KUT,2025-11-07,Warszawa,Polska,Kutaisi,Gruzja
2026-01-05,,269.0,WAW,KUT,2025-11-07,Warszawa,Polska,Kutaisi,Gruzja
2026-01-07,,179.0,WAW,KUT,2025-11-07,Warszawa,Polska,Kutaisi,Gruzja
2026-01-07,,179.0,WAW,KUT,2025-11-07,Warszawa,Polska,Kutaisi,Gruzja
2026-01-08,,179.0,WAW,KUT,2025-11-07,Warszawa,Polska,Kutaisi,Gruzja
2026-01-08,,179.0,WAW,KUT,2025-11-07,Warszawa,Polska,Kutaisi,Gruzja
2026-01-09,,179.0,WAW,KUT,2025-11-07,Warszawa,Polska,Kutaisi,Gruzja
2026-01-09,,179.0,WAW,KUT,2025-11-07,Warszawa,Polska,Kutaisi,Gruzja
2025-11-07,,2177.0,WAW,MLA,2025-11-07,Warszawa,Polska,Valletta,Malta
2025-11-08,,2249.0,WAW,MLA,2025-11-07,Warszawa,Polska,Valletta,Malta
2025-11-09,,1916.0,WAW,MLA,2025-11-07,Warszawa,Polska,Valletta,Malta
2025-11-10,,1389.0,WAW,MLA,2025-11-07,Warszawa,Polska,Valletta,Malta
2025-11-11,,669.0,WAW,MLA,2025-11-07,Warszawa,Polska,Valletta,Malta
2025-11-12,,719.0,WAW,MLA,2025-11-07,Warszawa,Polska,Valletta,Malta
2025-11-13,,449.0,WAW,MLA,2025-11-07,Warszawa,Polska,Valletta,Malta
2025-11-14,,719.0,WAW,MLA,2025-11-07,Warszawa,Polska,Valletta,Malta
2025-11-15,,518.0,WAW,MLA,2025-11-07,Warszawa,Polska,Valletta,Malta
2025-11-16,,530.0,WAW,MLA,2025-11-07,Warszawa,Polska,Valletta,Malta
2025-11-17,,309.0,WAW,MLA,2025-11-07,Warszawa,Polska,Valletta,Malta
2025-11-18,,309.0,WAW,MLA,2025-11-07,Warszawa,Polska,Valletta,Malta
2025-11-19,,399.0,WAW,MLA,2025-11-07,Warszawa,Polska,Valletta,Malta
2025-11-20,,449.0,WAW,MLA,2025-11-07,Warszawa,Polska,Valletta,Malta
2025-11-21,,399.0,WAW,MLA,2025-11-07,Warszawa,Polska,Valletta,Malta
2025-11-22,,299.0,WAW,MLA,2025-11-07,Warszawa,Polska,Valletta,Malta
2025-11-23,,219.0,WAW,MLA,2025-11-07,Warszawa,Polska,Valletta,Malta
2025-11-24,,219.0,WAW,MLA,2025-11-07,Warszawa,Polska,Valletta,Malta
2025-11-25,,209.0,WAW,MLA,2025-11-07,Warszawa,Polska,Valletta,Malta
2025-11-26,,209.0,WAW,MLA,2025-11-07,Warszawa,Polska,Valletta,Malta
2025-11-27,,399.0,WAW,MLA,2025-11-07,Warszawa,Polska,Valletta,Malta
2025-11-28,,299.0,WAW,MLA,2025-11-07,Warszawa,Polska,Valletta,Malta
2025-11-29,,219.0,WAW,MLA,2025-11-07,Warszawa,Polska,Valletta,Malta
2025-11-30,,139.0,WAW,MLA,2025-11-07,Warszawa,Polska,Valletta,Malta
2025-12-01,,129.0,WAW,MLA,2025-11-07,Warszawa,Polska,Valletta,Malta
2025-12-02,,129.0,WAW,MLA,2025-11-07,Warszawa,Polska,Valletta,Malta
2025-12-03,,129.0,WAW,MLA,2025-11-07,Warszawa,Polska,Valletta,Malta
2025-12-04,,179.0,WAW,MLA,2025-11-07,Warszawa,Polska,Valletta,Malta
2025-12-05,,359.0,WAW,MLA,2025-11-07,Warszawa,Polska,Valletta,Malta
2025-12-06,,179.0,WAW,MLA,2025-11-07,Warszawa,Polska,Valletta,Malta
2025-12-07,,129.0,WAW,MLA,2025-11-07,Warszawa,Polska,Valletta,Malta
2025-12-08,,159.0,WAW,MLA,2025-11-07,Warszawa,Polska,Valletta,Malta
2025-12-09,,129.0,WAW,MLA,2025-11-07,Warszawa,Polska,Valletta,Malta
2025-12-10,,129.0,WAW,MLA,2025-11-07,Warszawa,Polska,Valletta,Malta
2025-12-11,,209.0,WAW,MLA,2025-11-07,Warszawa,Polska,Valletta,Malta
2025-12-12,,249.0,WAW,MLA,2025-11-07,Warszawa,Polska,Valletta,Malta
2025-12-13,,219.0,WAW,MLA,2025-11-07,Warszawa,Polska,Valletta,Malta
2025-12-14,,129.0,WAW,MLA,2025-11-07,Warszawa,Polska,Valletta,Malta
2025-12-15,,129.0,WAW,MLA,2025-11-07,Warszawa,Polska,Valletta,Malta
2025-12-16,,129.0,WAW,MLA,2025-11-07,Warszawa,Polska,Valletta,Malta
2025-12-17,,129.0,WAW,MLA,2025-11-07,Warszawa,Polska,Valletta,Malta
2025-12-18,,209.0,WAW,MLA,2025-11-07,Warszawa,Polska,Valletta,Malta
2025-12-19,,299.0,WAW,MLA,2025-11-07,Warszawa,Polska,Valletta,Malta
2025-12-20,,249.0,WAW,MLA,2025-11-07,Warszawa,Polska,Valletta,Malta
2025-12-21,,269.0,WAW,MLA,2025-11-07,Warszawa,Polska,Valletta,Malta
2025-12-22,,249.0,WAW,MLA,2025-11-07,Warszawa,Polska,Valletta,Malta
2025-12-23,,359.0,WAW,MLA,2025-11-07,Warszawa,Polska,Valletta,Malta
2025-12-24,,399.0,WAW,MLA,2025-11-07,Warszawa,Polska,Valletta,Malta
2025-12-25,,559.0,WAW,MLA,2025-11-07,Warszawa,Polska,Valletta,Malta
2025-12-26,,809.0,WAW,MLA,2025-11-07,Warszawa,Polska,Valletta,Malta
2025-12-27,,559.0,WAW,MLA,2025-11-07,Warszawa,Polska,Valletta,Malta
2025-12-28,,609.0,WAW,MLA,2025-11-07,Warszawa,Polska,Valletta,Malta
2025-12-29,,669.0,WAW,MLA,2025-11-07,Warszawa,Polska,Valletta,Malta
2025-12-30,,719.0,WAW,MLA,2025-11-07,Warszawa,Polska,Valletta,Malta
2025-12-31,,399.0,WAW,MLA,2025-11-07,Warszawa,Polska,Valletta,Malta
2026-01-01,,299.0,WAW,MLA,2025-11-07,Warszawa,Polska,Valletta,Malta
2026-01-02,,249.0,WAW,MLA,2025-11-07,Warszawa,Polska,Valletta,Malta
2026-01-03,,179.0,WAW,MLA,2025-11-07,Warszawa,Polska,Valletta,Malta
2026-01-04,,179.0,WAW,MLA,2025-11-07,Warszawa,Polska,Valletta,Malta
2026-01-05,,129.0,WAW,MLA,2025-11-07,Warszawa,Polska,Valletta,Malta
2026-01-06,,129.0,WAW,MLA,2025-11-07,Warszawa,Polska,Valletta,Malta
2026-01-07,,129.0,WAW,MLA,2025-11-07,Warszawa,Polska,Valletta,Malta
2026-01-08,,129.0,WAW,MLA,2025-11-07,Warszawa,Polska,Valletta,Malta
2026-01-09,,129.0,WAW,MLA,2025-11-07,Warszawa,Polska,Valletta,Malta
2026-01-10,,129.0,WAW,MLA,2025-11-07,Warszawa,Polska,Valletta,Malta
2026-01-11,,129.0,WAW,MLA,2025-11-07,Warszawa,Polska,Valletta,Malta
2026-01-12,,129.0,WAW,MLA,2025-11-07,Warszawa,Polska,Valletta,Malta
2026-01-13,,129.0,WAW,MLA,2025-11-07,Warszawa,Polska,Valletta,Malta
2026-01-14,,129.0,WAW,MLA,2025-11-07,Warszawa,Polska,Valletta,Malta
2026-01-15,,159.0,WAW,MLA,2025-11-07,Warszawa,Polska,Valletta,Malta
2026-01-16,,299.0,WAW,MLA,2025-11-07,Warszawa,Polska,Valletta,Malta
2026-01-17,,309.0,WAW,MLA,2025-11-07,Warszawa,Polska,Valletta,Malta
2026-01-18,,399.0,WAW,MLA,2025-11-07,Warszawa,Polska,Valletta,Malta
2026-01-19,,609.0,WAW,MLA,2025-11-07,Warszawa,Polska,Valletta,Malta
2026-01-20,,219.0,WAW,MLA,2025-11-07,Warszawa,Polska,Valletta,Malta
2026-01-21,,209.0,WAW,MLA,2025-11-07,Warszawa,Polska,Valletta,Malta
2026-01-22,,299.0,WAW,MLA,2025-11-07,Warszawa,Polska,Valletta,Malta
2026-01-23,,219.0,WAW,MLA,2025-11-07,Warszawa,Polska,Valletta,Malta
2026-01-24,,219.0,WAW,MLA,2025-11-07,Warszawa,Polska,Valletta,Malta
2026-01-25,,219.0,WAW,MLA,2025-11-07,Warszawa,Polska,Valletta,Malta
2026-01-26,,129.0,WAW,MLA,2025-11-07,Warszawa,Polska,Valletta,Malta
2026-01-27,,129.0,WAW,MLA,2025-11-07,Warszawa,Polska,Valletta,Malta
2026-01-28,,129.0,WAW,MLA,2025-11-07,Warszawa,Polska,Valletta,Malta
2026-01-29,,129.0,WAW,MLA,2025-11-07,Warszawa,Polska,Valletta,Malta
2026-01-30,,129.0,WAW,MLA,2025-11-07,Warszawa,Polska,Valletta,Malta
2025-11-07,,3352.0,WAW,AMM,2025-11-07,Warszawa,Polska,Amman,Jordania
2025-11-08,,2018.0,WAW,AMM,2025-11-07,Warszawa,Polska,Amman,Jordania
2025-11-09,,1519.0,WAW,AMM,2025-11-07,Warszawa,Polska,Amman,Jordania
2025-11-10,,1364.0,WAW,AMM,2025-11-07,Warszawa,Polska,Amman,Jordania
2025-11-11,,896.0,WAW,AMM,2025-11-07,Warszawa,Polska,Amman,Jordania
2025-11-12,,896.0,WAW,AMM,2025-11-07,Warszawa,Polska,Amman,Jordania
2025-11-13,,579.0,WAW,AMM,2025-11-07,Warszawa,Polska,Amman,Jordania
2025-11-14,,896.0,WAW,AMM,2025-11-07,Warszawa,Polska,Amman,Jordania
2025-11-15,,732.0,WAW,AMM,2025-11-07,Warszawa,Polska,Amman,Jordania
2025-11-16,,579.0,WAW,AMM,2025-11-07,Warszawa,Polska,Amman,Jordania
2025-11-17,,896.0,WAW,AMM,2025-11-07,Warszawa,Polska,Amman,Jordania
2025-11-18,,896.0,WAW,AMM,2025-11-07,Warszawa,Polska,Amman,Jordania
2025-11-19,,798.0,WAW,AMM,2025-11-07,Warszawa,Polska,Amman,Jordania
2025-11-20,,379.0,WAW,AMM,2025-11-07,Warszawa,Polska,Amman,Jordania
2025-11-21,,896.0,WAW,AMM,2025-11-07,Warszawa,Polska,Amman,Jordania
2025-11-22,,800.0,WAW,AMM,2025-11-07,Warszawa,Polska,Amman,Jordania
2025-11-23,,685.0,WAW,AMM,2025-11-07,Warszawa,Polska,Amman,Jordania
2025-11-24,,896.0,WAW,AMM,2025-11-07,Warszawa,Polska,Amman,Jordania
2025-11-25,,896.0,WAW,AMM,2025-11-07,Warszawa,Polska,Amman,Jordania
2025-11-26,,752.0,WAW,AMM,2025-11-07,Warszawa,Polska,Amman,Jordania
2025-11-27,,379.0,WAW,AMM,2025-11-07,Warszawa,Polska,Amman,Jordania
2025-11-28,,896.0,WAW,AMM,2025-11-07,Warszawa,Polska,Amman,Jordania
2025-11-29,,798.0,WAW,AMM,2025-11-07,Warszawa,Polska,Amman,Jordania
2025-11-30,,464.0,WAW,AMM,2025-11-07,Warszawa,Polska,Amman,Jordania
2025-12-01,,896.0,WAW,AMM,2025-11-07,Warszawa,Polska,Amman,Jordania
2025-12-02,,896.0,WAW,AMM,2025-11-07,Warszawa,Polska,Amman,Jordania
2025-12-03,,798.0,WAW,AMM,2025-11-07,Warszawa,Polska,Amman,Jordania
2025-12-04,,379.0,WAW,AMM,2025-11-07,Warszawa,Polska,Amman,Jordania
2025-12-05,,896.0,WAW,AMM,2025-11-07,Warszawa,Polska,Amman,Jordania
2025-12-06,,798.0,WAW,AMM,2025-11-07,Warszawa,Polska,Amman,Jordania
2025-12-07,,464.0,WAW,AMM,2025-11-07,Warszawa,Polska,Amman,Jordania
2025-12-08,,896.0,WAW,AMM,2025-11-07,Warszawa,Polska,Amman,Jordania
2025-12-09,,896.0,WAW,AMM,2025-11-07,Warszawa,Polska,Amman,Jordania
2025-12-10,,800.0,WAW,AMM,2025-11-07,Warszawa,Polska,Amman,Jordania
2025-12-11,,379.0,WAW,AMM,2025-11-07,Warszawa,Polska,Amman,Jordania
2025-12-12,,896.0,WAW,AMM,2025-11-07,Warszawa,Polska,Amman,Jordania
2025-12-13,,798.0,WAW,AMM,2025-11-07,Warszawa,Polska,Amman,Jordania
2025-12-14,,464.0,WAW,AMM,2025-11-07,Warszawa,Polska,Amman,Jordania
2025-12-15,,896.0,WAW,AMM,2025-11-07,Warszawa,Polska,Amman,Jordania
2025-12-16,,1157.0,WAW,AMM,2025-11-07,Warszawa,Polska,Amman,Jordania
2025-12-17,,943.0,WAW,AMM,2025-11-07,Warszawa,Polska,Amman,Jordania
2025-12-18,,507.0,WAW,AMM,2025-11-07,Warszawa,Polska,Amman,Jordania
2025-12-19,,1407.0,WAW,AMM,2025-11-07,Warszawa,Polska,Amman,Jordania
2025-12-20,,1011.0,WAW,AMM,2025-11-07,Warszawa,Polska,Amman,Jordania
2025-12-21,,999.0,WAW,AMM,2025-11-07,Warszawa,Polska,Amman,Jordania
2025-12-22,,1364.0,WAW,AMM,2025-11-07,Warszawa,Polska,Amman,Jordania
2025-12-23,,1364.0,WAW,AMM,2025-11-07,Warszawa,Polska,Amman,Jordania
2025-12-24,,926.0,WAW,AMM,2025-11-07,Warszawa,Polska,Amman,Jordania
2025-12-25,,868.0,WAW,AMM,2025-11-07,Warszawa,Polska,Amman,Jordania
2025-12-26,,1407.0,WAW,AMM,2025-11-07,Warszawa,Polska,Amman,Jordania
2025-12-27,,951.0,WAW,AMM,2025-11-07,Warszawa,Polska,Amman,Jordania
2025-12-28,,1156.0,WAW,AMM,2025-11-07,Warszawa,Polska,Amman,Jordania
2025-12-29,,1157.0,WAW,AMM,2025-11-07,Warszawa,Polska,Amman,Jordania
2025-12-30,,1024.0,WAW,AMM,2025-11-07,Warszawa,Polska,Amman,Jordania
2025-12-31,,926.0,WAW,AMM,2025-11-07,Warszawa,Polska,Amman,Jordania
2026-01-01,,753.0,WAW,AMM,2025-11-07,Warszawa,Polska,Amman,Jordania
2026-01-02,,1110.0,WAW,AMM,2025-11-07,Warszawa,Polska,Amman,Jordania
2026-01-03,,771.0,WAW,AMM,2025-11-07,Warszawa,Polska,Amman,Jordania
2026-01-04,,999.0,WAW,AMM,2025-11-07,Warszawa,Polska,Amman,Jordania
2026-01-05,,1024.0,WAW,AMM,2025-11-07,Warszawa,Polska,Amman,Jordania
2026-01-06,,1024.0,WAW,AMM,2025-11-07,Warszawa,Polska,Amman,Jordania
2026-01-07,,835.0,WAW,AMM,2025-11-07,Warszawa,Polska,Amman,Jordania
2026-01-08,,583.0,WAW,AMM,2025-11-07,Warszawa,Polska,Amman,Jordania
2026-01-09,,1024.0,WAW,AMM,2025-11-07,Warszawa,Polska,Amman,Jordania
2026-01-10,,1024.0,WAW,AMM,2025-11-07,Warszawa,Polska,Amman,Jordania
2026-01-11,,1024.0,WAW,AMM,2025-11-07,Warszawa,Polska,Amman,Jordania
2026-01-12,,1024.0,WAW,AMM,2025-11-07,Warszawa,Polska,Amman,Jordania
2026-01-13,,1024.0,WAW,AMM,2025-11-07,Warszawa,Polska,Amman,Jordania
2026-01-14,,1024.0,WAW,AMM,2025-11-07,Warszawa,Polska,Amman,Jordania
2026-01-15,,1024.0,WAW,AMM,2025-11-07,Warszawa,Polska,Amman,Jordania
2026-01-16,,1407.0,WAW,AMM,2025-11-07,Warszawa,Polska,Amman,Jordania
2026-01-17,,1397.0,WAW,AMM,2025-11-07,Warszawa,Polska,Amman,Jordania
2026-01-18,,1304.0,WAW,AMM,2025-11-07,Warszawa,Polska,Amman,Jordania
2026-01-19,,1294.0,WAW,AMM,2025-11-07,Warszawa,Polska,Amman,Jordania
2026-01-20,,1304.0,WAW,AMM,2025-11-07,Warszawa,Polska,Amman,Jordania
2026-01-21,,1258.0,WAW,AMM,2025-11-07,Warszawa,Polska,Amman,Jordania
2026-01-22,,1024.0,WAW,AMM,2025-11-07,Warszawa,Polska,Amman,Jordania
2026-01-23,,1024.0,WAW,AMM,2025-11-07,Warszawa,Polska,Amman,Jordania
2026-01-24,,1024.0,WAW,AMM,2025-11-07,Warszawa,Polska,Amman,Jordania
2026-01-25,,1024.0,WAW,AMM,2025-11-07,Warszawa,Polska,Amman,Jordania
2026-01-26,,1024.0,WAW,AMM,2025-11-07,Warszawa,Polska,Amman,Jordania
2026-01-27,,1024.0,WAW,AMM,2025-11-07,Warszawa,Polska,Amman,Jordania
2026-01-28,,1024.0,WAW,AMM,2025-11-07,Warszawa,Polska,Amman,Jordania
2026-01-29,,1024.0,WAW,AMM,2025-11-07,Warszawa,Polska,Amman,Jordania
2026-01-30,,1024.0,WAW,AMM,2025-11-07,Warszawa,Polska,Amman,Jordania
2025-11-07,,1351.0,WAW,RAK,2025-11-07,Warszawa,Polska,Marakesz,Maroko
2025-11-08,,2182.0,WAW,RAK,2025-11-07,Warszawa,Polska,Marakesz,Maroko
2025-11-09,,969.0,WAW,RAK,2025-11-07,Warszawa,Polska,Marakesz,Maroko
2025-11-10,,1254.0,WAW,RAK,2025-11-07,Warszawa,Polska,Marakesz,Maroko
2025-11-11,,643.0,WAW,RAK,2025-11-07,Warszawa,Polska,Marakesz,Maroko
2025-11-12,,579.0,WAW,RAK,2025-11-07,Warszawa,Polska,Marakesz,Maroko
2025-11-13,,643.0,WAW,RAK,2025-11-07,Warszawa,Polska,Marakesz,Maroko
2025-11-14,,1110.0,WAW,RAK,2025-11-07,Warszawa,Polska,Marakesz,Maroko
2025-11-15,,643.0,WAW,RAK,2025-11-07,Warszawa,Polska,Marakesz,Maroko
2025-11-16,,269.0,WAW,RAK,2025-11-07,Warszawa,Polska,Marakesz,Maroko
2025-11-17,,669.0,WAW,RAK,2025-11-07,Warszawa,Polska,Marakesz,Maroko
2025-11-18,,643.0,WAW,RAK,2025-11-07,Warszawa,Polska,Marakesz,Maroko
2025-11-19,,269.0,WAW,RAK,2025-11-07,Warszawa,Polska,Marakesz,Maroko
2025-11-20,,643.0,WAW,RAK,2025-11-07,Warszawa,Polska,Marakesz,Maroko
2025-11-21,,643.0,WAW,RAK,2025-11-07,Warszawa,Polska,Marakesz,Maroko
2025-11-22,,643.0,WAW,RAK,2025-11-07,Warszawa,Polska,Marakesz,Maroko
2025-11-23,,299.0,WAW,RAK,2025-11-07,Warszawa,Polska,Marakesz,Maroko
2025-11-24,,548.0,WAW,RAK,2025-11-07,Warszawa,Polska,Marakesz,Maroko
2025-11-25,,570.0,WAW,RAK,2025-11-07,Warszawa,Polska,Marakesz,Maroko
2025-11-26,,309.0,WAW,RAK,2025-11-07,Warszawa,Polska,Marakesz,Maroko
2025-11-27,,643.0,WAW,RAK,2025-11-07,Warszawa,Polska,Marakesz,Maroko
2025-11-28,,643.0,WAW,RAK,2025-11-07,Warszawa,Polska,Marakesz,Maroko
2025-11-29,,501.0,WAW,RAK,2025-11-07,Warszawa,Polska,Marakesz,Maroko
2025-11-30,,219.0,WAW,RAK,2025-11-07,Warszawa,Polska,Marakesz,Maroko
2025-12-01,,669.0,WAW,RAK,2025-11-07,Warszawa,Polska,Marakesz,Maroko
2025-12-02,,643.0,WAW,RAK,2025-11-07,Warszawa,Polska,Marakesz,Maroko
2025-12-03,,219.0,WAW,RAK,2025-11-07,Warszawa,Polska,Marakesz,Maroko
2025-12-04,,570.0,WAW,RAK,2025-11-07,Warszawa,Polska,Marakesz,Maroko
2025-12-05,,548.0,WAW,RAK,2025-11-07,Warszawa,Polska,Marakesz,Maroko
2025-12-06,,501.0,WAW,RAK,2025-11-07,Warszawa,Polska,Marakesz,Maroko
2025-12-07,,219.0,WAW,RAK,2025-11-07,Warszawa,Polska,Marakesz,Maroko
2025-12-08,,663.0,WAW,RAK,2025-11-07,Warszawa,Polska,Marakesz,Maroko
2025-12-09,,501.0,WAW,RAK,2025-11-07,Warszawa,Polska,Marakesz,Maroko
2025-12-10,,249.0,WAW,RAK,2025-11-07,Warszawa,Polska,Marakesz,Maroko
2025-12-11,,643.0,WAW,RAK,2025-11-07,Warszawa,Polska,Marakesz,Maroko
2025-12-12,,643.0,WAW,RAK,2025-11-07,Warszawa,Polska,Marakesz,Maroko
2025-12-13,,501.0,WAW,RAK,2025-11-07,Warszawa,Polska,Marakesz,Maroko
2025-12-14,,219.0,WAW,RAK,2025-11-07,Warszawa,Polska,Marakesz,Maroko
2025-12-15,,501.0,WAW,RAK,2025-11-07,Warszawa,Polska,Marakesz,Maroko
2025-12-16,,643.0,WAW,RAK,2025-11-07,Warszawa,Polska,Marakesz,Maroko
2025-12-17,,249.0,WAW,RAK,2025-11-07,Warszawa,Polska,Marakesz,Maroko
2025-12-18,,763.0,WAW,RAK,2025-11-07,Warszawa,Polska,Marakesz,Maroko
2025-12-19,,1530.0,WAW,RAK,2025-11-07,Warszawa,Polska,Marakesz,Maroko
2025-12-20,,1146.0,WAW,RAK,2025-11-07,Warszawa,Polska,Marakesz,Maroko
2025-12-21,,539.0,WAW,RAK,2025-11-07,Warszawa,Polska,Marakesz,Maroko
2025-12-22,,1449.0,WAW,RAK,2025-11-07,Warszawa,Polska,Marakesz,Maroko
2025-12-23,,981.0,WAW,RAK,2025-11-07,Warszawa,Polska,Marakesz,Maroko
2025-12-24,,579.0,WAW,RAK,2025-11-07,Warszawa,Polska,Marakesz,Maroko
2025-12-25,,1737.0,WAW,RAK,2025-11-07,Warszawa,Polska,Marakesz,Maroko
2025-12-26,,1575.0,WAW,RAK,2025-11-07,Warszawa,Polska,Marakesz,Maroko
2025-12-27,,1530.0,WAW,RAK,2025-11-07,Warszawa,Polska,Marakesz,Maroko
2025-12-28,,892.0,WAW,RAK,2025-11-07,Warszawa,Polska,Marakesz,Maroko
2025-12-29,,1149.0,WAW,RAK,2025-11-07,Warszawa,Polska,Marakesz,Maroko
2025-12-30,,1101.0,WAW,RAK,2025-11-07,Warszawa,Polska,Marakesz,Maroko
2025-12-31,,539.0,WAW,RAK,2025-11-07,Warszawa,Polska,Marakesz,Maroko
2026-01-01,,689.0,WAW,RAK,2025-11-07,Warszawa,Polska,Marakesz,Maroko
2026-01-02,,661.0,WAW,RAK,2025-11-07,Warszawa,Polska,Marakesz,Maroko
2026-01-03,,661.0,WAW,RAK,2025-11-07,Warszawa,Polska,Marakesz,Maroko
2026-01-04,,249.0,WAW,RAK,2025-11-07,Warszawa,Polska,Marakesz,Maroko
2026-01-05,,661.0,WAW,RAK,2025-11-07,Warszawa,Polska,Marakesz,Maroko
2026-01-06,,660.0,WAW,RAK,2025-11-07,Warszawa,Polska,Marakesz,Maroko
2026-01-07,,219.0,WAW,RAK,2025-11-07,Warszawa,Polska,Marakesz,Maroko
2026-01-08,,501.0,WAW,RAK,2025-11-07,Warszawa,Polska,Marakesz,Maroko
2026-01-09,,645.0,WAW,RAK,2025-11-07,Warszawa,Polska,Marakesz,Maroko
2026-01-10,,661.0,WAW,RAK,2025-11-07,Warszawa,Polska,Marakesz,Maroko
2026-01-11,,269.0,WAW,RAK,2025-11-07,Warszawa,Polska,Marakesz,Maroko
2026-01-12,,609.0,WAW,RAK,2025-11-07,Warszawa,Polska,Marakesz,Maroko
2026-01-13,,501.0,WAW,RAK,2025-11-07,Warszawa,Polska,Marakesz,Maroko
2026-01-14,,359.0,WAW,RAK,2025-11-07,Warszawa,Polska,Marakesz,Maroko
2026-01-15,,763.0,WAW,RAK,2025-11-07,Warszawa,Polska,Marakesz,Maroko
2026-01-16,,519.0,WAW,RAK,2025-11-07,Warszawa,Polska,Marakesz,Maroko
2026-01-17,,846.0,WAW,RAK,2025-11-07,Warszawa,Polska,Marakesz,Maroko
2026-01-18,,846.0,WAW,RAK,2025-11-07,Warszawa,Polska,Marakesz,Maroko
2026-01-19,,730.0,WAW,RAK,2025-11-07,Warszawa,Polska,Marakesz,Maroko
2026-01-20,,645.0,WAW,RAK,2025-11-07,Warszawa,Polska,Marakesz,Maroko
2026-01-21,,649.0,WAW,RAK,2025-11-07,Warszawa,Polska,Marakesz,Maroko
2026-01-22,,663.0,WAW,RAK,2025-11-07,Warszawa,Polska,Marakesz,Maroko
2026-01-23,,519.0,WAW,RAK,2025-11-07,Warszawa,Polska,Marakesz,Maroko
2026-01-24,,501.0,WAW,RAK,2025-11-07,Warszawa,Polska,Marakesz,Maroko
2026-01-25,,389.0,WAW,RAK,2025-11-07,Warszawa,Polska,Marakesz,Maroko
2026-01-26,,645.0,WAW,RAK,2025-11-07,Warszawa,Polska,Marakesz,Maroko
2026-01-27,,663.0,WAW,RAK,2025-11-07,Warszawa,Polska,Marakesz,Maroko
2026-01-28,,219.0,WAW,RAK,2025-11-07,Warszawa,Polska,Marakesz,Maroko
2026-01-29,,501.0,WAW,RAK,2025-11-07,Warszawa,Polska,Marakesz,Maroko
2026-01-30,,519.0,WAW,RAK,2025-11-07,Warszawa,Polska,Marakesz,Maroko
2025-11-07,,4798.0,WAW,RBA,2025-11-07,Warszawa,Polska,Rabat,Maroko
2025-11-08,,3308.0,WAW,RBA,2025-11-07,Warszawa,Polska,Rabat,Maroko
2025-11-09,,6122.0,WAW,RBA,2025-11-07,Warszawa,Polska,Rabat,Maroko
2025-11-10,,2272.0,WAW,RBA,2025-11-07,Warszawa,Polska,Rabat,Maroko
2025-11-11,,1271.0,WAW,RBA,2025-11-07,Warszawa,Polska,Rabat,Maroko
2025-11-12,,1271.0,WAW,RBA,2025-11-07,Warszawa,Polska,Rabat,Maroko
2025-11-13,,1271.0,WAW,RBA,2025-11-07,Warszawa,Polska,Rabat,Maroko
2025-11-14,,1271.0,WAW,RBA,2025-11-07,Warszawa,Polska,Rabat,Maroko
2025-11-15,,1335.0,WAW,RBA,2025-11-07,Warszawa,Polska,Rabat,Maroko
2025-11-16,,1659.0,WAW,RBA,2025-11-07,Warszawa,Polska,Rabat,Maroko
2025-11-17,,1659.0,WAW,RBA,2025-11-07,Warszawa,Polska,Rabat,Maroko
2025-11-18,,1356.0,WAW,RBA,2025-11-07,Warszawa,Polska,Rabat,Maroko
2025-11-19,,965.0,WAW,RBA,2025-11-07,Warszawa,Polska,Rabat,Maroko
2025-11-20,,1418.0,WAW,RBA,2025-11-07,Warszawa,Polska,Rabat,Maroko
2025-11-21,,1470.0,WAW,RBA,2025-11-07,Warszawa,Polska,Rabat,Maroko
2025-11-22,,1570.0,WAW,RBA,2025-11-07,Warszawa,Polska,Rabat,Maroko
2025-11-23,,1025.0,WAW,RBA,2025-11-07,Warszawa,Polska,Rabat,Maroko
2025-11-24,,1418.0,WAW,RBA,2025-11-07,Warszawa,Polska,Rabat,Maroko
2025-11-25,,888.0,WAW,RBA,2025-11-07,Warszawa,Polska,Rabat,Maroko
2025-11-26,,1139.0,WAW,RBA,2025-11-07,Warszawa,Polska,Rabat,Maroko
2025-11-27,,888.0,WAW,RBA,2025-11-07,Warszawa,Polska,Rabat,Maroko
2025-11-28,,1161.0,WAW,RBA,2025-11-07,Warszawa,Polska,Rabat,Maroko
2025-11-29,,888.0,WAW,RBA,2025-11-07,Warszawa,Polska,Rabat,Maroko
2025-11-30,,851.0,WAW,RBA,2025-11-07,Warszawa,Polska,Rabat,Maroko
2025-12-01,,968.0,WAW,RBA,2025-11-07,Warszawa,Polska,Rabat,Maroko
2025-12-02,,1059.0,WAW,RBA,2025-11-07,Warszawa,Polska,Rabat,Maroko
2025-12-03,,965.0,WAW,RBA,2025-11-07,Warszawa,Polska,Rabat,Maroko
2025-12-04,,888.0,WAW,RBA,2025-11-07,Warszawa,Polska,Rabat,Maroko
2025-12-05,,888.0,WAW,RBA,2025-11-07,Warszawa,Polska,Rabat,Maroko
2025-12-06,,888.0,WAW,RBA,2025-11-07,Warszawa,Polska,Rabat,Maroko
2025-12-07,,851.0,WAW,RBA,2025-11-07,Warszawa,Polska,Rabat,Maroko
2025-12-08,,888.0,WAW,RBA,2025-11-07,Warszawa,Polska,Rabat,Maroko
2025-12-09,,851.0,WAW,RBA,2025-11-07,Warszawa,Polska,Rabat,Maroko
2025-12-10,,888.0,WAW,RBA,2025-11-07,Warszawa,Polska,Rabat,Maroko
2025-12-11,,888.0,WAW,RBA,2025-11-07,Warszawa,Polska,Rabat,Maroko
2025-12-12,,1277.0,WAW,RBA,2025-11-07,Warszawa,Polska,Rabat,Maroko
2025-12-13,,888.0,WAW,RBA,2025-11-07,Warszawa,Polska,Rabat,Maroko
2025-12-14,,851.0,WAW,RBA,2025-11-07,Warszawa,Polska,Rabat,Maroko
2025-12-15,,1161.0,WAW,RBA,2025-11-07,Warszawa,Polska,Rabat,Maroko
2025-12-16,,1161.0,WAW,RBA,2025-11-07,Warszawa,Polska,Rabat,Maroko
2025-12-17,,1659.0,WAW,RBA,2025-11-07,Warszawa,Polska,Rabat,Maroko
2025-12-18,,1890.0,WAW,RBA,2025-11-07,Warszawa,Polska,Rabat,Maroko
2025-12-19,,1619.0,WAW,RBA,2025-11-07,Warszawa,Polska,Rabat,Maroko
2025-12-20,,1474.0,WAW,RBA,2025-11-07,Warszawa,Polska,Rabat,Maroko
2025-12-21,,2190.0,WAW,RBA,2025-11-07,Warszawa,Polska,Rabat,Maroko
2025-12-22,,1575.0,WAW,RBA,2025-11-07,Warszawa,Polska,Rabat,Maroko
2025-12-23,,1445.0,WAW,RBA,2025-11-07,Warszawa,Polska,Rabat,Maroko
2025-12-24,,1659.0,WAW,RBA,2025-11-07,Warszawa,Polska,Rabat,Maroko
2025-12-25,,2499.0,WAW,RBA,2025-11-07,Warszawa,Polska,Rabat,Maroko
2025-12-26,,2090.0,WAW,RBA,2025-11-07,Warszawa,Polska,Rabat,Maroko
2025-12-27,,2213.0,WAW,RBA,2025-11-07,Warszawa,Polska,Rabat,Maroko
2025-12-28,,1025.0,WAW,RBA,2025-11-07,Warszawa,Polska,Rabat,Maroko
2025-12-29,,1890.0,WAW,RBA,2025-11-07,Warszawa,Polska,Rabat,Maroko
2025-12-30,,1659.0,WAW,RBA,2025-11-07,Warszawa,Polska,Rabat,Maroko
2025-12-31,,1418.0,WAW,RBA,2025-11-07,Warszawa,Polska,Rabat,Maroko
2026-01-01,,1161.0,WAW,RBA,2025-11-07,Warszawa,Polska,Rabat,Maroko
2026-01-02,,1890.0,WAW,RBA,2025-11-07,Warszawa,Polska,Rabat,Maroko
2026-01-03,,2190.0,WAW,RBA,2025-11-07,Warszawa,Polska,Rabat,Maroko
2026-01-04,,1702.0,WAW,RBA,2025-11-07,Warszawa,Polska,Rabat,Maroko
2026-01-05,,1691.0,WAW,RBA,2025-11-07,Warszawa,Polska,Rabat,Maroko
2026-01-06,,851.0,WAW,RBA,2025-11-07,Warszawa,Polska,Rabat,Maroko
2026-01-07,,1277.0,WAW,RBA,2025-11-07,Warszawa,Polska,Rabat,Maroko
2026-01-08,,1161.0,WAW,RBA,2025-11-07,Warszawa,Polska,Rabat,Maroko
2026-01-09,,1335.0,WAW,RBA,2025-11-07,Warszawa,Polska,Rabat,Maroko
2026-01-10,,888.0,WAW,RBA,2025-11-07,Warszawa,Polska,Rabat,Maroko
2026-01-11,,851.0,WAW,RBA,2025-11-07,Warszawa,Polska,Rabat,Maroko
2026-01-12,,888.0,WAW,RBA,2025-11-07,Warszawa,Polska,Rabat,Maroko
2026-01-13,,1161.0,WAW,RBA,2025-11-07,Warszawa,Polska,Rabat,Maroko
2026-01-14,,1750.0,WAW,RBA,2025-11-07,Warszawa,Polska,Rabat,Maroko
2026-01-15,,965.0,WAW,RBA,2025-11-07,Warszawa,Polska,Rabat,Maroko
2026-01-16,,2120.0,WAW,RBA,2025-11-07,Warszawa,Polska,Rabat,Maroko
2026-01-17,,1417.0,WAW,RBA,2025-11-07,Warszawa,Polska,Rabat,Maroko
2026-01-18,,888.0,WAW,RBA,2025-11-07,Warszawa,Polska,Rabat,Maroko
2026-01-19,,888.0,WAW,RBA,2025-11-07,Warszawa,Polska,Rabat,Maroko
2026-01-20,,888.0,WAW,RBA,2025-11-07,Warszawa,Polska,Rabat,Maroko
2026-01-21,,888.0,WAW,RBA,2025-11-07,Warszawa,Polska,Rabat,Maroko
2026-01-22,,888.0,WAW,RBA,2025-11-07,Warszawa,Polska,Rabat,Maroko
2026-01-23,,888.0,WAW,RBA,2025-11-07,Warszawa,Polska,Rabat,Maroko
2026-01-24,,888.0,WAW,RBA,2025-11-07,Warszawa,Polska,Rabat,Maroko
2026-01-25,,851.0,WAW,RBA,2025-11-07,Warszawa,Polska,Rabat,Maroko
2026-01-26,,888.0,WAW,RBA,2025-11-07,Warszawa,Polska,Rabat,Maroko
2026-01-27,,851.0,WAW,RBA,2025-11-07,Warszawa,Polska,Rabat,Maroko
2026-01-28,,965.0,WAW,RBA,2025-11-07,Warszawa,Polska,Rabat,Maroko
2026-01-29,,888.0,WAW,RBA,2025-11-07,Warszawa,Polska,Rabat,Maroko
2026-01-30,,888.0,WAW,RBA,2025-11-07,Warszawa,Polska,Rabat,Maroko
2025-11-07,,1220.0,WAW,AGA,2025-11-07,Warszawa,Polska,Agadir,Maroko
2025-11-08,,6094.0,WAW,AGA,2025-11-07,Warszawa,Polska,Agadir,Maroko
2025-11-09,,2926.0,WAW,AGA,2025-11-07,Warszawa,Polska,Agadir,Maroko
2025-11-10,,1191.0,WAW,AGA,2025-11-07,Warszawa,Polska,Agadir,Maroko
2025-11-11,,1522.0,WAW,AGA,2025-11-07,Warszawa,Polska,Agadir,Maroko
2025-11-12,,2785.0,WAW,AGA,2025-11-07,Warszawa,Polska,Agadir,Maroko
2025-11-13,,1157.0,WAW,AGA,2025-11-07,Warszawa,Polska,Agadir,Maroko
2025-11-14,,359.0,WAW,AGA,2025-11-07,Warszawa,Polska,Agadir,Maroko
2025-11-15,,2247.0,WAW,AGA,2025-11-07,Warszawa,Polska,Agadir,Maroko
2025-11-17,,249.0,WAW,AGA,2025-11-07,Warszawa,Polska,Agadir,Maroko
2025-11-18,,854.0,WAW,AGA,2025-11-07,Warszawa,Polska,Agadir,Maroko
2025-11-19,,1986.0,WAW,AGA,2025-11-07,Warszawa,Polska,Agadir,Maroko
2025-11-20,,2006.0,WAW,AGA,2025-11-07,Warszawa,Polska,Agadir,Maroko
2025-11-21,,309.0,WAW,AGA,2025-11-07,Warszawa,Polska,Agadir,Maroko
2025-11-22,,1709.0,WAW,AGA,2025-11-07,Warszawa,Polska,Agadir,Maroko
2025-11-23,,1876.0,WAW,AGA,2025-11-07,Warszawa,Polska,Agadir,Maroko
2025-11-24,,219.0,WAW,AGA,2025-11-07,Warszawa,Polska,Agadir,Maroko
2025-11-25,,1029.0,WAW,AGA,2025-11-07,Warszawa,Polska,Agadir,Maroko
2025-11-26,,1851.0,WAW,AGA,2025-11-07,Warszawa,Polska,Agadir,Maroko
2025-11-27,,2376.0,WAW,AGA,2025-11-07,Warszawa,Polska,Agadir,Maroko
2025-11-28,,399.0,WAW,AGA,2025-11-07,Warszawa,Polska,Agadir,Maroko
2025-11-29,,1545.0,WAW,AGA,2025-11-07,Warszawa,Polska,Agadir,Maroko
2025-11-30,,2119.0,WAW,AGA,2025-11-07,Warszawa,Polska,Agadir,Maroko
2025-12-01,,219.0,WAW,AGA,2025-11-07,Warszawa,Polska,Agadir,Maroko
2025-12-02,,1157.0,WAW,AGA,2025-11-07,Warszawa,Polska,Agadir,Maroko
2025-12-03,,1585.0,WAW,AGA,2025-11-07,Warszawa,Polska,Agadir,Maroko
2025-12-04,,1025.0,WAW,AGA,2025-11-07,Warszawa,Polska,Agadir,Maroko
2025-12-05,,399.0,WAW,AGA,2025-11-07,Warszawa,Polska,Agadir,Maroko
2025-12-06,,1585.0,WAW,AGA,2025-11-07,Warszawa,Polska,Agadir,Maroko
2025-12-07,,1781.0,WAW,AGA,2025-11-07,Warszawa,Polska,Agadir,Maroko
2025-12-08,,219.0,WAW,AGA,2025-11-07,Warszawa,Polska,Agadir,Maroko
2025-12-09,,1470.0,WAW,AGA,2025-11-07,Warszawa,Polska,Agadir,Maroko
2025-12-10,,1410.0,WAW,AGA,2025-11-07,Warszawa,Polska,Agadir,Maroko
2025-12-11,,851.0,WAW,AGA,2025-11-07,Warszawa,Polska,Agadir,Maroko
2025-12-12,,339.0,WAW,AGA,2025-11-07,Warszawa,Polska,Agadir,Maroko
2025-12-13,,1510.0,WAW,AGA,2025-11-07,Warszawa,Polska,Agadir,Maroko
2025-12-14,,1701.0,WAW,AGA,2025-11-07,Warszawa,Polska,Agadir,Maroko
2025-12-15,,219.0,WAW,AGA,2025-11-07,Warszawa,Polska,Agadir,Maroko
2025-12-16,,851.0,WAW,AGA,2025-11-07,Warszawa,Polska,Agadir,Maroko
2025-12-17,,1364.0,WAW,AGA,2025-11-07,Warszawa,Polska,Agadir,Maroko
2025-12-18,,851.0,WAW,AGA,2025-11-07,Warszawa,Polska,Agadir,Maroko
2025-12-19,,399.0,WAW,AGA,2025-11-07,Warszawa,Polska,Agadir,Maroko
2025-12-20,,1544.0,WAW,AGA,2025-11-07,Warszawa,Polska,Agadir,Maroko
2025-12-21,,1425.0,WAW,AGA,2025-11-07,Warszawa,Polska,Agadir,Maroko
2025-12-22,,389.0,WAW,AGA,2025-11-07,Warszawa,Polska,Agadir,Maroko
2025-12-23,,1702.0,WAW,AGA,2025-11-07,Warszawa,Polska,Agadir,Maroko
2025-12-25,,1445.0,WAW,AGA,2025-11-07,Warszawa,Polska,Agadir,Maroko
2025-12-26,,927.0,WAW,AGA,2025-11-07,Warszawa,Polska,Agadir,Maroko
2025-12-27,,2785.0,WAW,AGA,2025-11-07,Warszawa,Polska,Agadir,Maroko
2025-12-28,,1894.0,WAW,AGA,2025-11-07,Warszawa,Polska,Agadir,Maroko
2025-12-29,,851.0,WAW,AGA,2025-11-07,Warszawa,Polska,Agadir,Maroko
2025-12-30,,1233.0,WAW,AGA,2025-11-07,Warszawa,Polska,Agadir,Maroko
2025-12-31,,1816.0,WAW,AGA,2025-11-07,Warszawa,Polska,Agadir,Maroko
2026-01-01,,1025.0,WAW,AGA,2025-11-07,Warszawa,Polska,Agadir,Maroko
2026-01-02,,339.0,WAW,AGA,2025-11-07,Warszawa,Polska,Agadir,Maroko
2026-01-03,,2134.0,WAW,AGA,2025-11-07,Warszawa,Polska,Agadir,Maroko
2026-01-04,,2101.0,WAW,AGA,2025-11-07,Warszawa,Polska,Agadir,Maroko
2026-01-05,,219.0,WAW,AGA,2025-11-07,Warszawa,Polska,Agadir,Maroko
2026-01-06,,498.0,WAW,AGA,2025-11-07,Warszawa,Polska,Agadir,Maroko
2026-01-07,,1547.0,WAW,AGA,2025-11-07,Warszawa,Polska,Agadir,Maroko
2026-01-08,,851.0,WAW,AGA,2025-11-07,Warszawa,Polska,Agadir,Maroko
2026-01-09,,219.0,WAW,AGA,2025-11-07,Warszawa,Polska,Agadir,Maroko
2026-01-10,,1220.0,WAW,AGA,2025-11-07,Warszawa,Polska,Agadir,Maroko
2026-01-11,,1427.0,WAW,AGA,2025-11-07,Warszawa,Polska,Agadir,Maroko
2026-01-12,,269.0,WAW,AGA,2025-11-07,Warszawa,Polska,Agadir,Maroko
2026-01-13,,1221.0,WAW,AGA,2025-11-07,Warszawa,Polska,Agadir,Maroko
2026-01-14,,7696.0,WAW,AGA,2025-11-07,Warszawa,Polska,Agadir,Maroko
2026-01-15,,1445.0,WAW,AGA,2025-11-07,Warszawa,Polska,Agadir,Maroko
2026-01-16,,579.0,WAW,AGA,2025-11-07,Warszawa,Polska,Agadir,Maroko
2026-01-17,,1722.0,WAW,AGA,2025-11-07,Warszawa,Polska,Agadir,Maroko
2026-01-18,,1467.0,WAW,AGA,2025-11-07,Warszawa,Polska,Agadir,Maroko
2026-01-19,,449.0,WAW,AGA,2025-11-07,Warszawa,Polska,Agadir,Maroko
2026-01-20,,2854.0,WAW,AGA,2025-11-07,Warszawa,Polska,Agadir,Maroko
2026-01-21,,7696.0,WAW,AGA,2025-11-07,Warszawa,Polska,Agadir,Maroko
2026-01-22,,851.0,WAW,AGA,2025-11-07,Warszawa,Polska,Agadir,Maroko
2026-01-23,,489.0,WAW,AGA,2025-11-07,Warszawa,Polska,Agadir,Maroko
2026-01-24,,1179.0,WAW,AGA,2025-11-07,Warszawa,Polska,Agadir,Maroko
2026-01-25,,1386.0,WAW,AGA,2025-11-07,Warszawa,Polska,Agadir,Maroko
2026-01-26,,399.0,WAW,AGA,2025-11-07,Warszawa,Polska,Agadir,Maroko
2026-01-27,,851.0,WAW,AGA,2025-11-07,Warszawa,Polska,Agadir,Maroko
2026-01-28,,5993.0,WAW,AGA,2025-11-07,Warszawa,Polska,Agadir,Maroko
2026-01-29,,851.0,WAW,AGA,2025-11-07,Warszawa,Polska,Agadir,Maroko
2026-01-30,,219.0,WAW,AGA,2025-11-07,Warszawa,Polska,Agadir,Maroko
2025-12-24,,,WAW,AGA,2025-11-07,Warszawa,Polska,Agadir,Maroko
2025-11-16,,,WAW,AGA,2025-11-07,Warszawa,Polska,Agadir,Maroko
2025-11-07,,2548.0,WAW,EIN,2025-11-07,Warszawa,Polska,Eindhoven,Holandia
2025-11-08,,1689.0,WAW,EIN,2025-11-07,Warszawa,Polska,Eindhoven,Holandia
2025-11-09,,1689.0,WAW,EIN,2025-11-07,Warszawa,Polska,Eindhoven,Holandia
2025-11-10,,719.0,WAW,EIN,2025-11-07,Warszawa,Polska,Eindhoven,Holandia
2025-11-11,,559.0,WAW,EIN,2025-11-07,Warszawa,Polska,Eindhoven,Holandia
2025-11-12,,809.0,WAW,EIN,2025-11-07,Warszawa,Polska,Eindhoven,Holandia
2025-11-13,,309.0,WAW,EIN,2025-11-07,Warszawa,Polska,Eindhoven,Holandia
2025-11-14,,559.0,WAW,EIN,2025-11-07,Warszawa,Polska,Eindhoven,Holandia
2025-11-15,,669.0,WAW,EIN,2025-11-07,Warszawa,Polska,Eindhoven,Holandia
2025-11-16,,669.0,WAW,EIN,2025-11-07,Warszawa,Polska,Eindhoven,Holandia
2025-11-17,,678.0,WAW,EIN,2025-11-07,Warszawa,Polska,Eindhoven,Holandia
2025-11-18,,399.0,WAW,EIN,2025-11-07,Warszawa,Polska,Eindhoven,Holandia
2025-11-19,,449.0,WAW,EIN,2025-11-07,Warszawa,Polska,Eindhoven,Holandia
2025-11-20,,609.0,WAW,EIN,2025-11-07,Warszawa,Polska,Eindhoven,Holandia
2025-11-21,,249.0,WAW,EIN,2025-11-07,Warszawa,Polska,Eindhoven,Holandia
2025-11-22,,299.0,WAW,EIN,2025-11-07,Warszawa,Polska,Eindhoven,Holandia
2025-11-23,,449.0,WAW,EIN,2025-11-07,Warszawa,Polska,Eindhoven,Holandia
2025-11-24,,309.0,WAW,EIN,2025-11-07,Warszawa,Polska,Eindhoven,Holandia
2025-11-25,,299.0,WAW,EIN,2025-11-07,Warszawa,Polska,Eindhoven,Holandia
2025-11-26,,179.0,WAW,EIN,2025-11-07,Warszawa,Polska,Eindhoven,Holandia
2025-11-27,,209.0,WAW,EIN,2025-11-07,Warszawa,Polska,Eindhoven,Holandia
2025-11-28,,249.0,WAW,EIN,2025-11-07,Warszawa,Polska,Eindhoven,Holandia
2025-11-29,,219.0,WAW,EIN,2025-11-07,Warszawa,Polska,Eindhoven,Holandia
2025-11-30,,399.0,WAW,EIN,2025-11-07,Warszawa,Polska,Eindhoven,Holandia
2025-12-01,,249.0,WAW,EIN,2025-11-07,Warszawa,Polska,Eindhoven,Holandia
2025-12-02,,179.0,WAW,EIN,2025-11-07,Warszawa,Polska,Eindhoven,Holandia
2025-12-03,,109.0,WAW,EIN,2025-11-07,Warszawa,Polska,Eindhoven,Holandia
2025-12-04,,109.0,WAW,EIN,2025-11-07,Warszawa,Polska,Eindhoven,Holandia
2025-12-05,,179.0,WAW,EIN,2025-11-07,Warszawa,Polska,Eindhoven,Holandia
2025-12-06,,179.0,WAW,EIN,2025-11-07,Warszawa,Polska,Eindhoven,Holandia
2025-12-07,,269.0,WAW,EIN,2025-11-07,Warszawa,Polska,Eindhoven,Holandia
2025-12-08,,269.0,WAW,EIN,2025-11-07,Warszawa,Polska,Eindhoven,Holandia
2025-12-09,,109.0,WAW,EIN,2025-11-07,Warszawa,Polska,Eindhoven,Holandia
2025-12-10,,109.0,WAW,EIN,2025-11-07,Warszawa,Polska,Eindhoven,Holandia
2025-12-11,,109.0,WAW,EIN,2025-11-07,Warszawa,Polska,Eindhoven,Holandia
2025-12-12,,109.0,WAW,EIN,2025-11-07,Warszawa,Polska,Eindhoven,Holandia
2025-12-13,,179.0,WAW,EIN,2025-11-07,Warszawa,Polska,Eindhoven,Holandia
2025-12-14,,269.0,WAW,EIN,2025-11-07,Warszawa,Polska,Eindhoven,Holandia
2025-12-15,,139.0,WAW,EIN,2025-11-07,Warszawa,Polska,Eindhoven,Holandia
2025-12-16,,109.0,WAW,EIN,2025-11-07,Warszawa,Polska,Eindhoven,Holandia
2025-12-17,,109.0,WAW,EIN,2025-11-07,Warszawa,Polska,Eindhoven,Holandia
2025-12-18,,109.0,WAW,EIN,2025-11-07,Warszawa,Polska,Eindhoven,Holandia
2025-12-19,,139.0,WAW,EIN,2025-11-07,Warszawa,Polska,Eindhoven,Holandia
2025-12-20,,359.0,WAW,EIN,2025-11-07,Warszawa,Polska,Eindhoven,Holandia
2025-12-21,,269.0,WAW,EIN,2025-11-07,Warszawa,Polska,Eindhoven,Holandia
2025-12-22,,269.0,WAW,EIN,2025-11-07,Warszawa,Polska,Eindhoven,Holandia
2025-12-23,,269.0,WAW,EIN,2025-11-07,Warszawa,Polska,Eindhoven,Holandia
2025-12-24,,309.0,WAW,EIN,2025-11-07,Warszawa,Polska,Eindhoven,Holandia
2025-12-25,,336.0,WAW,EIN,2025-11-07,Warszawa,Polska,Eindhoven,Holandia
2025-12-26,,399.0,WAW,EIN,2025-11-07,Warszawa,Polska,Eindhoven,Holandia
2025-12-27,,586.0,WAW,EIN,2025-11-07,Warszawa,Polska,Eindhoven,Holandia
2025-12-28,,678.0,WAW,EIN,2025-11-07,Warszawa,Polska,Eindhoven,Holandia
2025-12-29,,606.0,WAW,EIN,2025-11-07,Warszawa,Polska,Eindhoven,Holandia
2025-12-30,,609.0,WAW,EIN,2025-11-07,Warszawa,Polska,Eindhoven,Holandia
2025-12-31,,445.0,WAW,EIN,2025-11-07,Warszawa,Polska,Eindhoven,Holandia
2026-01-01,,445.0,WAW,EIN,2025-11-07,Warszawa,Polska,Eindhoven,Holandia
2026-01-02,,669.0,WAW,EIN,2025-11-07,Warszawa,Polska,Eindhoven,Holandia
2026-01-03,,710.0,WAW,EIN,2025-11-07,Warszawa,Polska,Eindhoven,Holandia
2026-01-04,,953.0,WAW,EIN,2025-11-07,Warszawa,Polska,Eindhoven,Holandia
2026-01-05,,609.0,WAW,EIN,2025-11-07,Warszawa,Polska,Eindhoven,Holandia
2026-01-06,,399.0,WAW,EIN,2025-11-07,Warszawa,Polska,Eindhoven,Holandia
2026-01-07,,179.0,WAW,EIN,2025-11-07,Warszawa,Polska,Eindhoven,Holandia
2026-01-08,,109.0,WAW,EIN,2025-11-07,Warszawa,Polska,Eindhoven,Holandia
2026-01-09,,109.0,WAW,EIN,2025-11-07,Warszawa,Polska,Eindhoven,Holandia
2026-01-10,,129.0,WAW,EIN,2025-11-07,Warszawa,Polska,Eindhoven,Holandia
2026-01-11,,209.0,WAW,EIN,2025-11-07,Warszawa,Polska,Eindhoven,Holandia
2026-01-12,,109.0,WAW,EIN,2025-11-07,Warszawa,Polska,Eindhoven,Holandia
2026-01-13,,109.0,WAW,EIN,2025-11-07,Warszawa,Polska,Eindhoven,Holandia
2026-01-14,,109.0,WAW,EIN,2025-11-07,Warszawa,Polska,Eindhoven,Holandia
2026-01-15,,139.0,WAW,EIN,2025-11-07,Warszawa,Polska,Eindhoven,Holandia
2026-01-16,,109.0,WAW,EIN,2025-11-07,Warszawa,Polska,Eindhoven,Holandia
2026-01-17,,139.0,WAW,EIN,2025-11-07,Warszawa,Polska,Eindhoven,Holandia
2026-01-18,,109.0,WAW,EIN,2025-11-07,Warszawa,Polska,Eindhoven,Holandia
2026-01-19,,179.0,WAW,EIN,2025-11-07,Warszawa,Polska,Eindhoven,Holandia
2026-01-20,,109.0,WAW,EIN,2025-11-07,Warszawa,Polska,Eindhoven,Holandia
2026-01-21,,109.0,WAW,EIN,2025-11-07,Warszawa,Polska,Eindhoven,Holandia
2026-01-22,,109.0,WAW,EIN,2025-11-07,Warszawa,Polska,Eindhoven,Holandia
2026-01-23,,109.0,WAW,EIN,2025-11-07,Warszawa,Polska,Eindhoven,Holandia
2026-01-24,,109.0,WAW,EIN,2025-11-07,Warszawa,Polska,Eindhoven,Holandia
2026-01-25,,109.0,WAW,EIN,2025-11-07,Warszawa,Polska,Eindhoven,Holandia
2026-01-26,,109.0,WAW,EIN,2025-11-07,Warszawa,Polska,Eindhoven,Holandia
2026-01-27,,109.0,WAW,EIN,2025-11-07,Warszawa,Polska,Eindhoven,Holandia
2026-01-28,,109.0,WAW,EIN,2025-11-07,Warszawa,Polska,Eindhoven,Holandia
2026-01-29,,109.0,WAW,EIN,2025-11-07,Warszawa,Polska,Eindhoven,Holandia
2026-01-30,,109.0,WAW,EIN,2025-11-07,Warszawa,Polska,Eindhoven,Holandia
2025-11-07,,1284.0,WAW,OSL,2025-11-07,Warszawa,Polska,Oslo,Norwegia
2025-11-08,,1052.0,WAW,OSL,2025-11-07,Warszawa,Polska,Oslo,Norwegia
2025-11-09,,1264.0,WAW,OSL,2025-11-07,Warszawa,Polska,Oslo,Norwegia
2025-11-10,,1038.0,WAW,OSL,2025-11-07,Warszawa,Polska,Oslo,Norwegia
2025-11-11,,737.0,WAW,OSL,2025-11-07,Warszawa,Polska,Oslo,Norwegia
2025-11-12,,657.0,WAW,OSL,2025-11-07,Warszawa,Polska,Oslo,Norwegia
2025-11-13,,373.0,WAW,OSL,2025-11-07,Warszawa,Polska,Oslo,Norwegia
2025-11-14,,446.0,WAW,OSL,2025-11-07,Warszawa,Polska,Oslo,Norwegia
2025-11-15,,577.0,WAW,OSL,2025-11-07,Warszawa,Polska,Oslo,Norwegia
2025-11-16,,726.0,WAW,OSL,2025-11-07,Warszawa,Polska,Oslo,Norwegia
2025-11-17,,517.0,WAW,OSL,2025-11-07,Warszawa,Polska,Oslo,Norwegia
2025-11-18,,517.0,WAW,OSL,2025-11-07,Warszawa,Polska,Oslo,Norwegia
2025-11-19,,517.0,WAW,OSL,2025-11-07,Warszawa,Polska,Oslo,Norwegia
2025-11-20,,337.0,WAW,OSL,2025-11-07,Warszawa,Polska,Oslo,Norwegia
2025-11-21,,301.0,WAW,OSL,2025-11-07,Warszawa,Polska,Oslo,Norwegia
2025-11-22,,457.0,WAW,OSL,2025-11-07,Warszawa,Polska,Oslo,Norwegia
2025-11-23,,649.0,WAW,OSL,2025-11-07,Warszawa,Polska,Oslo,Norwegia
2025-11-24,,373.0,WAW,OSL,2025-11-07,Warszawa,Polska,Oslo,Norwegia
2025-11-25,,446.0,WAW,OSL,2025-11-07,Warszawa,Polska,Oslo,Norwegia
2025-11-26,,457.0,WAW,OSL,2025-11-07,Warszawa,Polska,Oslo,Norwegia
2025-11-27,,229.0,WAW,OSL,2025-11-07,Warszawa,Polska,Oslo,Norwegia
2025-11-28,,229.0,WAW,OSL,2025-11-07,Warszawa,Polska,Oslo,Norwegia
2025-11-29,,457.0,WAW,OSL,2025-11-07,Warszawa,Polska,Oslo,Norwegia
2025-11-30,,555.0,WAW,OSL,2025-11-07,Warszawa,Polska,Oslo,Norwegia
2025-12-01,,446.0,WAW,OSL,2025-11-07,Warszawa,Polska,Oslo,Norwegia
2025-12-02,,437.0,WAW,OSL,2025-11-07,Warszawa,Polska,Oslo,Norwegia
2025-12-03,,437.0,WAW,OSL,2025-11-07,Warszawa,Polska,Oslo,Norwegia
2025-12-04,,229.0,WAW,OSL,2025-11-07,Warszawa,Polska,Oslo,Norwegia
2025-12-05,,229.0,WAW,OSL,2025-11-07,Warszawa,Polska,Oslo,Norwegia
2025-12-06,,437.0,WAW,OSL,2025-11-07,Warszawa,Polska,Oslo,Norwegia
2025-12-07,,409.0,WAW,OSL,2025-11-07,Warszawa,Polska,Oslo,Norwegia
2025-12-08,,301.0,WAW,OSL,2025-11-07,Warszawa,Polska,Oslo,Norwegia
2025-12-09,,457.0,WAW,OSL,2025-11-07,Warszawa,Polska,Oslo,Norwegia
2025-12-10,,437.0,WAW,OSL,2025-11-07,Warszawa,Polska,Oslo,Norwegia
2025-12-11,,229.0,WAW,OSL,2025-11-07,Warszawa,Polska,Oslo,Norwegia
2025-12-12,,229.0,WAW,OSL,2025-11-07,Warszawa,Polska,Oslo,Norwegia
2025-12-13,,377.0,WAW,OSL,2025-11-07,Warszawa,Polska,Oslo,Norwegia
2025-12-14,,265.0,WAW,OSL,2025-11-07,Warszawa,Polska,Oslo,Norwegia
2025-12-15,,193.0,WAW,OSL,2025-11-07,Warszawa,Polska,Oslo,Norwegia
2025-12-16,,377.0,WAW,OSL,2025-11-07,Warszawa,Polska,Oslo,Norwegia
2025-12-17,,377.0,WAW,OSL,2025-11-07,Warszawa,Polska,Oslo,Norwegia
2025-12-18,,229.0,WAW,OSL,2025-11-07,Warszawa,Polska,Oslo,Norwegia
2025-12-19,,265.0,WAW,OSL,2025-11-07,Warszawa,Polska,Oslo,Norwegia
2025-12-20,,457.0,WAW,OSL,2025-11-07,Warszawa,Polska,Oslo,Norwegia
2025-12-21,,301.0,WAW,OSL,2025-11-07,Warszawa,Polska,Oslo,Norwegia
2025-12-22,,337.0,WAW,OSL,2025-11-07,Warszawa,Polska,Oslo,Norwegia
2025-12-23,,438.0,WAW,OSL,2025-11-07,Warszawa,Polska,Oslo,Norwegia
2025-12-24,,457.0,WAW,OSL,2025-11-07,Warszawa,Polska,Oslo,Norwegia
2025-12-25,,446.0,WAW,OSL,2025-11-07,Warszawa,Polska,Oslo,Norwegia
2025-12-26,,409.0,WAW,OSL,2025-11-07,Warszawa,Polska,Oslo,Norwegia
2025-12-27,,607.0,WAW,OSL,2025-11-07,Warszawa,Polska,Oslo,Norwegia
2025-12-28,,606.0,WAW,OSL,2025-11-07,Warszawa,Polska,Oslo,Norwegia
2025-12-29,,590.0,WAW,OSL,2025-11-07,Warszawa,Polska,Oslo,Norwegia
2025-12-30,,606.0,WAW,OSL,2025-11-07,Warszawa,Polska,Oslo,Norwegia
2025-12-31,,607.0,WAW,OSL,2025-11-07,Warszawa,Polska,Oslo,Norwegia
2026-01-01,,446.0,WAW,OSL,2025-11-07,Warszawa,Polska,Oslo,Norwegia
2026-01-02,,716.0,WAW,OSL,2025-11-07,Warszawa,Polska,Oslo,Norwegia
2026-01-03,,716.0,WAW,OSL,2025-11-07,Warszawa,Polska,Oslo,Norwegia
2026-01-04,,716.0,WAW,OSL,2025-11-07,Warszawa,Polska,Oslo,Norwegia
2026-01-05,,553.0,WAW,OSL,2025-11-07,Warszawa,Polska,Oslo,Norwegia
2026-01-06,,442.0,WAW,OSL,2025-11-07,Warszawa,Polska,Oslo,Norwegia
2026-01-07,,492.0,WAW,OSL,2025-11-07,Warszawa,Polska,Oslo,Norwegia
2026-01-08,,337.0,WAW,OSL,2025-11-07,Warszawa,Polska,Oslo,Norwegia
2026-01-09,,301.0,WAW,OSL,2025-11-07,Warszawa,Polska,Oslo,Norwegia
2026-01-10,,377.0,WAW,OSL,2025-11-07,Warszawa,Polska,Oslo,Norwegia
2026-01-11,,373.0,WAW,OSL,2025-11-07,Warszawa,Polska,Oslo,Norwegia
2026-01-12,,377.0,WAW,OSL,2025-11-07,Warszawa,Polska,Oslo,Norwegia
2026-01-13,,377.0,WAW,OSL,2025-11-07,Warszawa,Polska,Oslo,Norwegia
2026-01-14,,377.0,WAW,OSL,2025-11-07,Warszawa,Polska,Oslo,Norwegia
2026-01-15,,229.0,WAW,OSL,2025-11-07,Warszawa,Polska,Oslo,Norwegia
2026-01-16,,265.0,WAW,OSL,2025-11-07,Warszawa,Polska,Oslo,Norwegia
2026-01-17,,438.0,WAW,OSL,2025-11-07,Warszawa,Polska,Oslo,Norwegia
2026-01-18,,373.0,WAW,OSL,2025-11-07,Warszawa,Polska,Oslo,Norwegia
2026-01-19,,438.0,WAW,OSL,2025-11-07,Warszawa,Polska,Oslo,Norwegia
2026-01-20,,438.0,WAW,OSL,2025-11-07,Warszawa,Polska,Oslo,Norwegia
2026-01-21,,377.0,WAW,OSL,2025-11-07,Warszawa,Polska,Oslo,Norwegia
2026-01-22,,229.0,WAW,OSL,2025-11-07,Warszawa,Polska,Oslo,Norwegia
2026-01-23,,265.0,WAW,OSL,2025-11-07,Warszawa,Polska,Oslo,Norwegia
2026-01-24,,377.0,WAW,OSL,2025-11-07,Warszawa,Polska,Oslo,Norwegia
2026-01-25,,373.0,WAW,OSL,2025-11-07,Warszawa,Polska,Oslo,Norwegia
2026-01-26,,377.0,WAW,OSL,2025-11-07,Warszawa,Polska,Oslo,Norwegia
2026-01-27,,377.0,WAW,OSL,2025-11-07,Warszawa,Polska,Oslo,Norwegia
2026-01-28,,377.0,WAW,OSL,2025-11-07,Warszawa,Polska,Oslo,Norwegia
2026-01-29,,193.0,WAW,OSL,2025-11-07,Warszawa,Polska,Oslo,Norwegia
2026-01-30,,229.0,WAW,OSL,2025-11-07,Warszawa,Polska,Oslo,Norwegia
2025-11-07,,3357.0,WAW,TRF,2025-11-07,Warszawa,Polska,Oslo,Norwegia
2025-11-08,,1149.0,WAW,TRF,2025-11-07,Warszawa,Polska,Oslo,Norwegia
2025-11-09,,1264.0,WAW,TRF,2025-11-07,Warszawa,Polska,Oslo,Norwegia
2025-11-10,,719.0,WAW,TRF,2025-11-07,Warszawa,Polska,Oslo,Norwegia
2025-11-11,,249.0,WAW,TRF,2025-11-07,Warszawa,Polska,Oslo,Norwegia
2025-11-12,,209.0,WAW,TRF,2025-11-07,Warszawa,Polska,Oslo,Norwegia
2025-11-13,,139.0,WAW,TRF,2025-11-07,Warszawa,Polska,Oslo,Norwegia
2025-11-14,,249.0,WAW,TRF,2025-11-07,Warszawa,Polska,Oslo,Norwegia
2025-11-15,,299.0,WAW,TRF,2025-11-07,Warszawa,Polska,Oslo,Norwegia
2025-11-16,,309.0,WAW,TRF,2025-11-07,Warszawa,Polska,Oslo,Norwegia
2025-11-17,,359.0,WAW,TRF,2025-11-07,Warszawa,Polska,Oslo,Norwegia
2025-11-18,,159.0,WAW,TRF,2025-11-07,Warszawa,Polska,Oslo,Norwegia
2025-11-19,,109.0,WAW,TRF,2025-11-07,Warszawa,Polska,Oslo,Norwegia
2025-11-20,,109.0,WAW,TRF,2025-11-07,Warszawa,Polska,Oslo,Norwegia
2025-11-21,,109.0,WAW,TRF,2025-11-07,Warszawa,Polska,Oslo,Norwegia
2025-11-22,,109.0,WAW,TRF,2025-11-07,Warszawa,Polska,Oslo,Norwegia
2025-11-23,,359.0,WAW,TRF,2025-11-07,Warszawa,Polska,Oslo,Norwegia
2025-11-24,,249.0,WAW,TRF,2025-11-07,Warszawa,Polska,Oslo,Norwegia
2025-11-25,,89.0,WAW,TRF,2025-11-07,Warszawa,Polska,Oslo,Norwegia
2025-11-26,,89.0,WAW,TRF,2025-11-07,Warszawa,Polska,Oslo,Norwegia
2025-11-27,,89.0,WAW,TRF,2025-11-07,Warszawa,Polska,Oslo,Norwegia
2025-11-28,,179.0,WAW,TRF,2025-11-07,Warszawa,Polska,Oslo,Norwegia
2025-11-29,,89.0,WAW,TRF,2025-11-07,Warszawa,Polska,Oslo,Norwegia
2025-11-30,,299.0,WAW,TRF,2025-11-07,Warszawa,Polska,Oslo,Norwegia
2025-12-01,,89.0,WAW,TRF,2025-11-07,Warszawa,Polska,Oslo,Norwegia
2025-12-02,,89.0,WAW,TRF,2025-11-07,Warszawa,Polska,Oslo,Norwegia
2025-12-03,,89.0,WAW,TRF,2025-11-07,Warszawa,Polska,Oslo,Norwegia
2025-12-04,,89.0,WAW,TRF,2025-11-07,Warszawa,Polska,Oslo,Norwegia
2025-12-05,,89.0,WAW,TRF,2025-11-07,Warszawa,Polska,Oslo,Norwegia
2025-12-06,,109.0,WAW,TRF,2025-11-07,Warszawa,Polska,Oslo,Norwegia
2025-12-07,,89.0,WAW,TRF,2025-11-07,Warszawa,Polska,Oslo,Norwegia
2025-12-08,,89.0,WAW,TRF,2025-11-07,Warszawa,Polska,Oslo,Norwegia
2025-12-09,,89.0,WAW,TRF,2025-11-07,Warszawa,Polska,Oslo,Norwegia
2025-12-10,,89.0,WAW,TRF,2025-11-07,Warszawa,Polska,Oslo,Norwegia
2025-12-11,,89.0,WAW,TRF,2025-11-07,Warszawa,Polska,Oslo,Norwegia
2025-12-12,,89.0,WAW,TRF,2025-11-07,Warszawa,Polska,Oslo,Norwegia
2025-12-13,,89.0,WAW,TRF,2025-11-07,Warszawa,Polska,Oslo,Norwegia
2025-12-14,,89.0,WAW,TRF,2025-11-07,Warszawa,Polska,Oslo,Norwegia
2025-12-15,,89.0,WAW,TRF,2025-11-07,Warszawa,Polska,Oslo,Norwegia
2025-12-16,,89.0,WAW,TRF,2025-11-07,Warszawa,Polska,Oslo,Norwegia
2025-12-17,,89.0,WAW,TRF,2025-11-07,Warszawa,Polska,Oslo,Norwegia
2025-12-18,,89.0,WAW,TRF,2025-11-07,Warszawa,Polska,Oslo,Norwegia
2025-12-19,,89.0,WAW,TRF,2025-11-07,Warszawa,Polska,Oslo,Norwegia
2025-12-20,,89.0,WAW,TRF,2025-11-07,Warszawa,Polska,Oslo,Norwegia
2025-12-21,,89.0,WAW,TRF,2025-11-07,Warszawa,Polska,Oslo,Norwegia
2025-12-22,,89.0,WAW,TRF,2025-11-07,Warszawa,Polska,Oslo,Norwegia
2025-12-23,,109.0,WAW,TRF,2025-11-07,Warszawa,Polska,Oslo,Norwegia
2025-12-24,,89.0,WAW,TRF,2025-11-07,Warszawa,Polska,Oslo,Norwegia
2025-12-25,,845.0,WAW,TRF,2025-11-07,Warszawa,Polska,Oslo,Norwegia
2025-12-26,,129.0,WAW,TRF,2025-11-07,Warszawa,Polska,Oslo,Norwegia
2025-12-27,,179.0,WAW,TRF,2025-11-07,Warszawa,Polska,Oslo,Norwegia
2025-12-28,,299.0,WAW,TRF,2025-11-07,Warszawa,Polska,Oslo,Norwegia
2025-12-29,,249.0,WAW,TRF,2025-11-07,Warszawa,Polska,Oslo,Norwegia
2025-12-30,,299.0,WAW,TRF,2025-11-07,Warszawa,Polska,Oslo,Norwegia
2025-12-31,,299.0,WAW,TRF,2025-11-07,Warszawa,Polska,Oslo,Norwegia
2026-01-01,,696.0,WAW,TRF,2025-11-07,Warszawa,Polska,Oslo,Norwegia
2026-01-02,,309.0,WAW,TRF,2025-11-07,Warszawa,Polska,Oslo,Norwegia
2026-01-03,,449.0,WAW,TRF,2025-11-07,Warszawa,Polska,Oslo,Norwegia
2026-01-04,,559.0,WAW,TRF,2025-11-07,Warszawa,Polska,Oslo,Norwegia
2026-01-05,,309.0,WAW,TRF,2025-11-07,Warszawa,Polska,Oslo,Norwegia
2026-01-06,,219.0,WAW,TRF,2025-11-07,Warszawa,Polska,Oslo,Norwegia
2026-01-07,,109.0,WAW,TRF,2025-11-07,Warszawa,Polska,Oslo,Norwegia
2026-01-08,,89.0,WAW,TRF,2025-11-07,Warszawa,Polska,Oslo,Norwegia
2026-01-09,,89.0,WAW,TRF,2025-11-07,Warszawa,Polska,Oslo,Norwegia
2026-01-10,,89.0,WAW,TRF,2025-11-07,Warszawa,Polska,Oslo,Norwegia
2026-01-11,,89.0,WAW,TRF,2025-11-07,Warszawa,Polska,Oslo,Norwegia
2026-01-12,,89.0,WAW,TRF,2025-11-07,Warszawa,Polska,Oslo,Norwegia
2026-01-13,,89.0,WAW,TRF,2025-11-07,Warszawa,Polska,Oslo,Norwegia
2026-01-14,,89.0,WAW,TRF,2025-11-07,Warszawa,Polska,Oslo,Norwegia
2026-01-15,,89.0,WAW,TRF,2025-11-07,Warszawa,Polska,Oslo,Norwegia
2026-01-16,,89.0,WAW,TRF,2025-11-07,Warszawa,Polska,Oslo,Norwegia
2026-01-17,,89.0,WAW,TRF,2025-11-07,Warszawa,Polska,Oslo,Norwegia
2026-01-18,,89.0,WAW,TRF,2025-11-07,Warszawa,Polska,Oslo,Norwegia
2026-01-19,,89.0,WAW,TRF,2025-11-07,Warszawa,Polska,Oslo,Norwegia
2026-01-20,,89.0,WAW,TRF,2025-11-07,Warszawa,Polska,Oslo,Norwegia
2026-01-21,,89.0,WAW,TRF,2025-11-07,Warszawa,Polska,Oslo,Norwegia
2026-01-22,,89.0,WAW,TRF,2025-11-07,Warszawa,Polska,Oslo,Norwegia
2026-01-23,,89.0,WAW,TRF,2025-11-07,Warszawa,Polska,Oslo,Norwegia
2026-01-24,,89.0,WAW,TRF,2025-11-07,Warszawa,Polska,Oslo,Norwegia
2026-01-25,,89.0,WAW,TRF,2025-11-07,Warszawa,Polska,Oslo,Norwegia
2026-01-26,,89.0,WAW,TRF,2025-11-07,Warszawa,Polska,Oslo,Norwegia
2026-01-27,,89.0,WAW,TRF,2025-11-07,Warszawa,Polska,Oslo,Norwegia
2026-01-28,,89.0,WAW,TRF,2025-11-07,Warszawa,Polska,Oslo,Norwegia
2026-01-29,,89.0,WAW,TRF,2025-11-07,Warszawa,Polska,Oslo,Norwegia
2026-01-30,,89.0,WAW,TRF,2025-11-07,Warszawa,Polska,Oslo,Norwegia
2025-11-07,,1456.0,WAW,AMS,2025-11-07,Warszawa,Polska,Amsterdam,Holandia
2025-11-08,,1225.0,WAW,AMS,2025-11-07,Warszawa,Polska,Amsterdam,Holandia
2025-11-09,,1374.0,WAW,AMS,2025-11-07,Warszawa,Polska,Amsterdam,Holandia
2025-11-10,,935.0,WAW,AMS,2025-11-07,Warszawa,Polska,Amsterdam,Holandia
2025-11-11,,825.0,WAW,AMS,2025-11-07,Warszawa,Polska,Amsterdam,Holandia
2025-11-12,,735.0,WAW,AMS,2025-11-07,Warszawa,Polska,Amsterdam,Holandia
2025-11-13,,735.0,WAW,AMS,2025-11-07,Warszawa,Polska,Amsterdam,Holandia
2025-11-14,,670.0,WAW,AMS,2025-11-07,Warszawa,Polska,Amsterdam,Holandia
2025-11-15,,678.0,WAW,AMS,2025-11-07,Warszawa,Polska,Amsterdam,Holandia
2025-11-16,,953.0,WAW,AMS,2025-11-07,Warszawa,Polska,Amsterdam,Holandia
2025-11-17,,493.0,WAW,AMS,2025-11-07,Warszawa,Polska,Amsterdam,Holandia
2025-11-18,,493.0,WAW,AMS,2025-11-07,Warszawa,Polska,Amsterdam,Holandia
2025-11-19,,493.0,WAW,AMS,2025-11-07,Warszawa,Polska,Amsterdam,Holandia
2025-11-20,,493.0,WAW,AMS,2025-11-07,Warszawa,Polska,Amsterdam,Holandia
2025-11-21,,493.0,WAW,AMS,2025-11-07,Warszawa,Polska,Amsterdam,Holandia
2025-11-22,,629.0,WAW,AMS,2025-11-07,Warszawa,Polska,Amsterdam,Holandia
2025-11-23,,629.0,WAW,AMS,2025-11-07,Warszawa,Polska,Amsterdam,Holandia
2025-11-24,,493.0,WAW,AMS,2025-11-07,Warszawa,Polska,Amsterdam,Holandia
2025-11-25,,493.0,WAW,AMS,2025-11-07,Warszawa,Polska,Amsterdam,Holandia
2025-11-26,,376.0,WAW,AMS,2025-11-07,Warszawa,Polska,Amsterdam,Holandia
2025-11-27,,493.0,WAW,AMS,2025-11-07,Warszawa,Polska,Amsterdam,Holandia
2025-11-28,,376.0,WAW,AMS,2025-11-07,Warszawa,Polska,Amsterdam,Holandia
2025-11-29,,585.0,WAW,AMS,2025-11-07,Warszawa,Polska,Amsterdam,Holandia
2025-11-30,,515.0,WAW,AMS,2025-11-07,Warszawa,Polska,Amsterdam,Holandia
2025-12-01,,493.0,WAW,AMS,2025-11-07,Warszawa,Polska,Amsterdam,Holandia
2025-12-02,,493.0,WAW,AMS,2025-11-07,Warszawa,Polska,Amsterdam,Holandia
2025-12-03,,493.0,WAW,AMS,2025-11-07,Warszawa,Polska,Amsterdam,Holandia
2025-12-04,,421.0,WAW,AMS,2025-11-07,Warszawa,Polska,Amsterdam,Holandia
2025-12-05,,423.0,WAW,AMS,2025-11-07,Warszawa,Polska,Amsterdam,Holandia
2025-12-06,,515.0,WAW,AMS,2025-11-07,Warszawa,Polska,Amsterdam,Holandia
2025-12-07,,515.0,WAW,AMS,2025-11-07,Warszawa,Polska,Amsterdam,Holandia
2025-12-08,,399.0,WAW,AMS,2025-11-07,Warszawa,Polska,Amsterdam,Holandia
2025-12-09,,399.0,WAW,AMS,2025-11-07,Warszawa,Polska,Amsterdam,Holandia
2025-12-10,,399.0,WAW,AMS,2025-11-07,Warszawa,Polska,Amsterdam,Holandia
2025-12-11,,399.0,WAW,AMS,2025-11-07,Warszawa,Polska,Amsterdam,Holandia
2025-12-12,,376.0,WAW,AMS,2025-11-07,Warszawa,Polska,Amsterdam,Holandia
2025-12-13,,376.0,WAW,AMS,2025-11-07,Warszawa,Polska,Amsterdam,Holandia
2025-12-14,,399.0,WAW,AMS,2025-11-07,Warszawa,Polska,Amsterdam,Holandia
2025-12-15,,376.0,WAW,AMS,2025-11-07,Warszawa,Polska,Amsterdam,Holandia
2025-12-16,,376.0,WAW,AMS,2025-11-07,Warszawa,Polska,Amsterdam,Holandia
2025-12-17,,376.0,WAW,AMS,2025-11-07,Warszawa,Polska,Amsterdam,Holandia
2025-12-18,,380.0,WAW,AMS,2025-11-07,Warszawa,Polska,Amsterdam,Holandia
2025-12-19,,380.0,WAW,AMS,2025-11-07,Warszawa,Polska,Amsterdam,Holandia
2025-12-20,,380.0,WAW,AMS,2025-11-07,Warszawa,Polska,Amsterdam,Holandia
2025-12-21,,385.0,WAW,AMS,2025-11-07,Warszawa,Polska,Amsterdam,Holandia
2025-12-22,,330.0,WAW,AMS,2025-11-07,Warszawa,Polska,Amsterdam,Holandia
2025-12-23,,330.0,WAW,AMS,2025-11-07,Warszawa,Polska,Amsterdam,Holandia
2025-12-24,,330.0,WAW,AMS,2025-11-07,Warszawa,Polska,Amsterdam,Holandia
2025-12-25,,330.0,WAW,AMS,2025-11-07,Warszawa,Polska,Amsterdam,Holandia
2025-12-26,,430.0,WAW,AMS,2025-11-07,Warszawa,Polska,Amsterdam,Holandia
2025-12-27,,430.0,WAW,AMS,2025-11-07,Warszawa,Polska,Amsterdam,Holandia
2025-12-28,,430.0,WAW,AMS,2025-11-07,Warszawa,Polska,Amsterdam,Holandia
2025-12-29,,510.0,WAW,AMS,2025-11-07,Warszawa,Polska,Amsterdam,Holandia
2025-12-30,,510.0,WAW,AMS,2025-11-07,Warszawa,Polska,Amsterdam,Holandia
2025-12-31,,430.0,WAW,AMS,2025-11-07,Warszawa,Polska,Amsterdam,Holandia
2026-01-01,,430.0,WAW,AMS,2025-11-07,Warszawa,Polska,Amsterdam,Holandia
2026-01-02,,430.0,WAW,AMS,2025-11-07,Warszawa,Polska,Amsterdam,Holandia
2026-01-03,,710.0,WAW,AMS,2025-11-07,Warszawa,Polska,Amsterdam,Holandia
2026-01-04,,953.0,WAW,AMS,2025-11-07,Warszawa,Polska,Amsterdam,Holandia
2026-01-05,,510.0,WAW,AMS,2025-11-07,Warszawa,Polska,Amsterdam,Holandia
2026-01-06,,380.0,WAW,AMS,2025-11-07,Warszawa,Polska,Amsterdam,Holandia
2026-01-07,,330.0,WAW,AMS,2025-11-07,Warszawa,Polska,Amsterdam,Holandia
2026-01-08,,330.0,WAW,AMS,2025-11-07,Warszawa,Polska,Amsterdam,Holandia
2026-01-09,,330.0,WAW,AMS,2025-11-07,Warszawa,Polska,Amsterdam,Holandia
2026-01-10,,330.0,WAW,AMS,2025-11-07,Warszawa,Polska,Amsterdam,Holandia
2026-01-11,,330.0,WAW,AMS,2025-11-07,Warszawa,Polska,Amsterdam,Holandia
2026-01-12,,330.0,WAW,AMS,2025-11-07,Warszawa,Polska,Amsterdam,Holandia
2026-01-13,,330.0,WAW,AMS,2025-11-07,Warszawa,Polska,Amsterdam,Holandia
2026-01-14,,330.0,WAW,AMS,2025-11-07,Warszawa,Polska,Amsterdam,Holandia
2026-01-15,,330.0,WAW,AMS,2025-11-07,Warszawa,Polska,Amsterdam,Holandia
2026-01-16,,330.0,WAW,AMS,2025-11-07,Warszawa,Polska,Amsterdam,Holandia
2026-01-17,,330.0,WAW,AMS,2025-11-07,Warszawa,Polska,Amsterdam,Holandia
2026-01-18,,330.0,WAW,AMS,2025-11-07,Warszawa,Polska,Amsterdam,Holandia
2026-01-19,,330.0,WAW,AMS,2025-11-07,Warszawa,Polska,Amsterdam,Holandia
2026-01-20,,330.0,WAW,AMS,2025-11-07,Warszawa,Polska,Amsterdam,Holandia
2026-01-21,,330.0,WAW,AMS,2025-11-07,Warszawa,Polska,Amsterdam,Holandia
2026-01-22,,330.0,WAW,AMS,2025-11-07,Warszawa,Polska,Amsterdam,Holandia
2026-01-23,,330.0,WAW,AMS,2025-11-07,Warszawa,Polska,Amsterdam,Holandia
2026-01-24,,330.0,WAW,AMS,2025-11-07,Warszawa,Polska,Amsterdam,Holandia
2026-01-25,,330.0,WAW,AMS,2025-11-07,Warszawa,Polska,Amsterdam,Holandia
2026-01-26,,330.0,WAW,AMS,2025-11-07,Warszawa,Polska,Amsterdam,Holandia
2026-01-27,,330.0,WAW,AMS,2025-11-07,Warszawa,Polska,Amsterdam,Holandia
2026-01-28,,330.0,WAW,AMS,2025-11-07,Warszawa,Polska,Amsterdam,Holandia
2026-01-29,,330.0,WAW,AMS,2025-11-07,Warszawa,Polska,Amsterdam,Holandia
2026-01-30,,312.0,WAW,AMS,2025-11-07,Warszawa,Polska,Amsterdam,Holandia
2025-11-09,,2364.0,WAW,STN,2025-11-07,Warszawa,Polska,Londyn,Wielka Brytania
2025-11-10,,1361.0,WAW,STN,2025-11-07,Warszawa,Polska,Londyn,Wielka Brytania
2025-11-11,,1113.0,WAW,STN,2025-11-07,Warszawa,Polska,Londyn,Wielka Brytania
2025-11-12,,806.0,WAW,STN,2025-11-07,Warszawa,Polska,Londyn,Wielka Brytania
2025-11-13,,845.0,WAW,STN,2025-11-07,Warszawa,Polska,Londyn,Wielka Brytania
2025-11-14,,927.0,WAW,STN,2025-11-07,Warszawa,Polska,Londyn,Wielka Brytania
2025-11-15,,1004.0,WAW,STN,2025-11-07,Warszawa,Polska,Londyn,Wielka Brytania
2025-11-18,,921.0,WAW,STN,2025-11-07,Warszawa,Polska,Londyn,Wielka Brytania
2025-11-25,,842.0,WAW,STN,2025-11-07,Warszawa,Polska,Londyn,Wielka Brytania
2025-11-27,,8479.0,WAW,STN,2025-11-07,Warszawa,Polska,Londyn,Wielka Brytania
2025-11-28,,8584.0,WAW,STN,2025-11-07,Warszawa,Polska,Londyn,Wielka Brytania
2025-12-02,,959.0,WAW,STN,2025-11-07,Warszawa,Polska,Londyn,Wielka Brytania
2025-12-05,,8584.0,WAW,STN,2025-11-07,Warszawa,Polska,Londyn,Wielka Brytania
2025-12-09,,800.0,WAW,STN,2025-11-07,Warszawa,Polska,Londyn,Wielka Brytania
2025-12-10,,7575.0,WAW,STN,2025-11-07,Warszawa,Polska,Londyn,Wielka Brytania
2025-12-11,,8296.0,WAW,STN,2025-11-07,Warszawa,Polska,Londyn,Wielka Brytania
2025-12-12,,7000.0,WAW,STN,2025-11-07,Warszawa,Polska,Londyn,Wielka Brytania
2025-12-13,,1094.0,WAW,STN,2025-11-07,Warszawa,Polska,Londyn,Wielka Brytania
2025-12-16,,722.0,WAW,STN,2025-11-07,Warszawa,Polska,Londyn,Wielka Brytania
2025-12-17,,7755.0,WAW,STN,2025-11-07,Warszawa,Polska,Londyn,Wielka Brytania
2025-12-18,,961.0,WAW,STN,2025-11-07,Warszawa,Polska,Londyn,Wielka Brytania
2025-12-19,,7436.0,WAW,STN,2025-11-07,Warszawa,Polska,Londyn,Wielka Brytania
2025-12-20,,973.0,WAW,STN,2025-11-07,Warszawa,Polska,Londyn,Wielka Brytania
2025-12-23,,881.0,WAW,STN,2025-11-07,Warszawa,Polska,Londyn,Wielka Brytania
2025-12-25,,1139.0,WAW,STN,2025-11-07,Warszawa,Polska,Londyn,Wielka Brytania
2025-12-26,,7652.0,WAW,STN,2025-11-07,Warszawa,Polska,Londyn,Wielka Brytania
2025-12-27,,1293.0,WAW,STN,2025-11-07,Warszawa,Polska,Londyn,Wielka Brytania
2025-12-30,,1110.0,WAW,STN,2025-11-07,Warszawa,Polska,Londyn,Wielka Brytania
2026-01-01,,1614.0,WAW,STN,2025-11-07,Warszawa,Polska,Londyn,Wielka Brytania
2026-01-02,,7533.0,WAW,STN,2025-11-07,Warszawa,Polska,Londyn,Wielka Brytania
2026-01-03,,1508.0,WAW,STN,2025-11-07,Warszawa,Polska,Londyn,Wielka Brytania
2026-01-06,,841.0,WAW,STN,2025-11-07,Warszawa,Polska,Londyn,Wielka Brytania
2026-01-08,,1159.0,WAW,STN,2025-11-07,Warszawa,Polska,Londyn,Wielka Brytania
2026-01-13,,800.0,WAW,STN,2025-11-07,Warszawa,Polska,Londyn,Wielka Brytania
2026-01-14,,7574.0,WAW,STN,2025-11-07,Warszawa,Polska,Londyn,Wielka Brytania
2026-01-15,,7481.0,WAW,STN,2025-11-07,Warszawa,Polska,Londyn,Wielka Brytania
2026-01-16,,7375.0,WAW,STN,2025-11-07,Warszawa,Polska,Londyn,Wielka Brytania
2026-01-17,,7316.0,WAW,STN,2025-11-07,Warszawa,Polska,Londyn,Wielka Brytania
2026-01-20,,842.0,WAW,STN,2025-11-07,Warszawa,Polska,Londyn,Wielka Brytania
2026-01-22,,7481.0,WAW,STN,2025-11-07,Warszawa,Polska,Londyn,Wielka Brytania
2026-01-23,,7007.0,WAW,STN,2025-11-07,Warszawa,Polska,Londyn,Wielka Brytania
2026-01-24,,7316.0,WAW,STN,2025-11-07,Warszawa,Polska,Londyn,Wielka Brytania
2026-01-27,,959.0,WAW,STN,2025-11-07,Warszawa,Polska,Londyn,Wielka Brytania
2026-01-30,,7158.0,WAW,STN,2025-11-07,Warszawa,Polska,Londyn,Wielka Brytania
2025-11-07,,,WAW,STN,2025-11-07,Warszawa,Polska,Londyn,Wielka Brytania
2025-11-08,,,WAW,STN,2025-11-07,Warszawa,Polska,Londyn,Wielka Brytania
2025-11-16,,,WAW,STN,2025-11-07,Warszawa,Polska,Londyn,Wielka Brytania
2025-11-17,,,WAW,STN,2025-11-07,Warszawa,Polska,Londyn,Wielka Brytania
2025-11-19,,,WAW,STN,2025-11-07,Warszawa,Polska,Londyn,Wielka Brytania
2025-11-20,,,WAW,STN,2025-11-07,Warszawa,Polska,Londyn,Wielka Brytania
2025-11-21,,,WAW,STN,2025-11-07,Warszawa,Polska,Londyn,Wielka Brytania
2025-11-22,,,WAW,STN,2025-11-07,Warszawa,Polska,Londyn,Wielka Brytania
2025-11-23,,,WAW,STN,2025-11-07,Warszawa,Polska,Londyn,Wielka Brytania
2025-11-24,,,WAW,STN,2025-11-07,Warszawa,Polska,Londyn,Wielka Brytania
2025-11-26,,,WAW,STN,2025-11-07,Warszawa,Polska,Londyn,Wielka Brytania
2025-11-29,,,WAW,STN,2025-11-07,Warszawa,Polska,Londyn,Wielka Brytania
2025-11-30,,,WAW,STN,2025-11-07,Warszawa,Polska,Londyn,Wielka Brytania
2025-12-01,,,WAW,STN,2025-11-07,Warszawa,Polska,Londyn,Wielka Brytania
2025-12-03,,,WAW,STN,2025-11-07,Warszawa,Polska,Londyn,Wielka Brytania
2025-12-04,,,WAW,STN,2025-11-07,Warszawa,Polska,Londyn,Wielka Brytania
2025-12-06,,,WAW,STN,2025-11-07,Warszawa,Polska,Londyn,Wielka Brytania
2025-12-07,,,WAW,STN,2025-11-07,Warszawa,Polska,Londyn,Wielka Brytania
2025-12-08,,,WAW,STN,2025-11-07,Warszawa,Polska,Londyn,Wielka Brytania
2025-12-14,,,WAW,STN,2025-11-07,Warszawa,Polska,Londyn,Wielka Brytania
2025-12-15,,,WAW,STN,2025-11-07,Warszawa,Polska,Londyn,Wielka Brytania
2025-12-21,,,WAW,STN,2025-11-07,Warszawa,Polska,Londyn,Wielka Brytania
2025-12-22,,,WAW,STN,2025-11-07,Warszawa,Polska,Londyn,Wielka Brytania
2025-12-24,,,WAW,STN,2025-11-07,Warszawa,Polska,Londyn,Wielka Brytania
2025-12-28,,,WAW,STN,2025-11-07,Warszawa,Polska,Londyn,Wielka Brytania
2025-12-29,,,WAW,STN,2025-11-07,Warszawa,Polska,Londyn,Wielka Brytania
2025-12-31,,,WAW,STN,2025-11-07,Warszawa,Polska,Londyn,Wielka Brytania
2026-01-04,,,WAW,STN,2025-11-07,Warszawa,Polska,Londyn,Wielka Brytania
2026-01-05,,,WAW,STN,2025-11-07,Warszawa,Polska,Londyn,Wielka Brytania
2026-01-07,,,WAW,STN,2025-11-07,Warszawa,Polska,Londyn,Wielka Brytania
2026-01-09,,,WAW,STN,2025-11-07,Warszawa,Polska,Londyn,Wielka Brytania
2026-01-10,,,WAW,STN,2025-11-07,Warszawa,Polska,Londyn,Wielka Brytania
2026-01-11,,,WAW,STN,2025-11-07,Warszawa,Polska,Londyn,Wielka Brytania
2026-01-12,,,WAW,STN,2025-11-07,Warszawa,Polska,Londyn,Wielka Brytania
2026-01-18,,,WAW,STN,2025-11-07,Warszawa,Polska,Londyn,Wielka Brytania
2026-01-19,,,WAW,STN,2025-11-07,Warszawa,Polska,Londyn,Wielka Brytania
2026-01-21,,,WAW,STN,2025-11-07,Warszawa,Polska,Londyn,Wielka Brytania
2026-01-25,,,WAW,STN,2025-11-07,Warszawa,Polska,Londyn,Wielka Brytania
2026-01-26,,,WAW,STN,2025-11-07,Warszawa,Polska,Londyn,Wielka Brytania
2026-01-28,,,WAW,STN,2025-11-07,Warszawa,Polska,Londyn,Wielka Brytania
2026-01-29,,,WAW,STN,2025-11-07,Warszawa,Polska,Londyn,Wielka Brytania
2025-11-07,,2249.0,WAW,LTN,2025-11-07,Warszawa,Polska,Londyn,Wielka Brytania
2025-11-08,,1149.0,WAW,LTN,2025-11-07,Warszawa,Polska,Londyn,Wielka Brytania
2025-11-09,,809.0,WAW,LTN,2025-11-07,Warszawa,Polska,Londyn,Wielka Brytania
2025-11-10,,719.0,WAW,LTN,2025-11-07,Warszawa,Polska,Londyn,Wielka Brytania
2025-11-11,,519.0,WAW,LTN,2025-11-07,Warszawa,Polska,Londyn,Wielka Brytania
2025-11-12,,269.0,WAW,LTN,2025-11-07,Warszawa,Polska,Londyn,Wielka Brytania
2025-11-13,,179.0,WAW,LTN,2025-11-07,Warszawa,Polska,Londyn,Wielka Brytania
2025-11-14,,309.0,WAW,LTN,2025-11-07,Warszawa,Polska,Londyn,Wielka Brytania
2025-11-15,,449.0,WAW,LTN,2025-11-07,Warszawa,Polska,Londyn,Wielka Brytania
2025-11-16,,249.0,WAW,LTN,2025-11-07,Warszawa,Polska,Londyn,Wielka Brytania
2025-11-17,,249.0,WAW,LTN,2025-11-07,Warszawa,Polska,Londyn,Wielka Brytania
2025-11-18,,159.0,WAW,LTN,2025-11-07,Warszawa,Polska,Londyn,Wielka Brytania
2025-11-19,,159.0,WAW,LTN,2025-11-07,Warszawa,Polska,Londyn,Wielka Brytania
2025-11-20,,139.0,WAW,LTN,2025-11-07,Warszawa,Polska,Londyn,Wielka Brytania
2025-11-21,,179.0,WAW,LTN,2025-11-07,Warszawa,Polska,Londyn,Wielka Brytania
2025-11-22,,179.0,WAW,LTN,2025-11-07,Warszawa,Polska,Londyn,Wielka Brytania
2025-11-23,,139.0,WAW,LTN,2025-11-07,Warszawa,Polska,Londyn,Wielka Brytania
2025-11-24,,179.0,WAW,LTN,2025-11-07,Warszawa,Polska,Londyn,Wielka Brytania
2025-11-25,,179.0,WAW,LTN,2025-11-07,Warszawa,Polska,Londyn,Wielka Brytania
2025-11-26,,109.0,WAW,LTN,2025-11-07,Warszawa,Polska,Londyn,Wielka Brytania
2025-11-27,,209.0,WAW,LTN,2025-11-07,Warszawa,Polska,Londyn,Wielka Brytania
2025-11-28,,219.0,WAW,LTN,2025-11-07,Warszawa,Polska,Londyn,Wielka Brytania
2025-11-29,,179.0,WAW,LTN,2025-11-07,Warszawa,Polska,Londyn,Wielka Brytania
2025-11-30,,249.0,WAW,LTN,2025-11-07,Warszawa,Polska,Londyn,Wielka Brytania
2025-12-01,,179.0,WAW,LTN,2025-11-07,Warszawa,Polska,Londyn,Wielka Brytania
2025-12-02,,139.0,WAW,LTN,2025-11-07,Warszawa,Polska,Londyn,Wielka Brytania
2025-12-03,,109.0,WAW,LTN,2025-11-07,Warszawa,Polska,Londyn,Wielka Brytania
2025-12-04,,159.0,WAW,LTN,2025-11-07,Warszawa,Polska,Londyn,Wielka Brytania
2025-12-05,,299.0,WAW,LTN,2025-11-07,Warszawa,Polska,Londyn,Wielka Brytania
2025-12-06,,219.0,WAW,LTN,2025-11-07,Warszawa,Polska,Londyn,Wielka Brytania
2025-12-07,,219.0,WAW,LTN,2025-11-07,Warszawa,Polska,Londyn,Wielka Brytania
2025-12-08,,159.0,WAW,LTN,2025-11-07,Warszawa,Polska,Londyn,Wielka Brytania
2025-12-09,,109.0,WAW,LTN,2025-11-07,Warszawa,Polska,Londyn,Wielka Brytania
2025-12-10,,109.0,WAW,LTN,2025-11-07,Warszawa,Polska,Londyn,Wielka Brytania
2025-12-11,,109.0,WAW,LTN,2025-11-07,Warszawa,Polska,Londyn,Wielka Brytania
2025-12-12,,109.0,WAW,LTN,2025-11-07,Warszawa,Polska,Londyn,Wielka Brytania
2025-12-13,,109.0,WAW,LTN,2025-11-07,Warszawa,Polska,Londyn,Wielka Brytania
2025-12-14,,109.0,WAW,LTN,2025-11-07,Warszawa,Polska,Londyn,Wielka Brytania
2025-12-15,,109.0,WAW,LTN,2025-11-07,Warszawa,Polska,Londyn,Wielka Brytania
2025-12-16,,109.0,WAW,LTN,2025-11-07,Warszawa,Polska,Londyn,Wielka Brytania
2025-12-17,,109.0,WAW,LTN,2025-11-07,Warszawa,Polska,Londyn,Wielka Brytania
2025-12-18,,109.0,WAW,LTN,2025-11-07,Warszawa,Polska,Londyn,Wielka Brytania
2025-12-19,,109.0,WAW,LTN,2025-11-07,Warszawa,Polska,Londyn,Wielka Brytania
2025-12-20,,179.0,WAW,LTN,2025-11-07,Warszawa,Polska,Londyn,Wielka Brytania
2025-12-21,,109.0,WAW,LTN,2025-11-07,Warszawa,Polska,Londyn,Wielka Brytania
2025-12-22,,109.0,WAW,LTN,2025-11-07,Warszawa,Polska,Londyn,Wielka Brytania
2025-12-23,,269.0,WAW,LTN,2025-11-07,Warszawa,Polska,Londyn,Wielka Brytania
2025-12-24,,109.0,WAW,LTN,2025-11-07,Warszawa,Polska,Londyn,Wielka Brytania
2025-12-25,,109.0,WAW,LTN,2025-11-07,Warszawa,Polska,Londyn,Wielka Brytania
2025-12-26,,399.0,WAW,LTN,2025-11-07,Warszawa,Polska,Londyn,Wielka Brytania
2025-12-27,,399.0,WAW,LTN,2025-11-07,Warszawa,Polska,Londyn,Wielka Brytania
2025-12-28,,519.0,WAW,LTN,2025-11-07,Warszawa,Polska,Londyn,Wielka Brytania
2025-12-29,,519.0,WAW,LTN,2025-11-07,Warszawa,Polska,Londyn,Wielka Brytania
2025-12-30,,519.0,WAW,LTN,2025-11-07,Warszawa,Polska,Londyn,Wielka Brytania
2025-12-31,,519.0,WAW,LTN,2025-11-07,Warszawa,Polska,Londyn,Wielka Brytania
2026-01-01,,519.0,WAW,LTN,2025-11-07,Warszawa,Polska,Londyn,Wielka Brytania
2026-01-02,,719.0,WAW,LTN,2025-11-07,Warszawa,Polska,Londyn,Wielka Brytania
2026-01-03,,849.0,WAW,LTN,2025-11-07,Warszawa,Polska,Londyn,Wielka Brytania
2026-01-04,,1149.0,WAW,LTN,2025-11-07,Warszawa,Polska,Londyn,Wielka Brytania
2026-01-05,,719.0,WAW,LTN,2025-11-07,Warszawa,Polska,Londyn,Wielka Brytania
2026-01-06,,399.0,WAW,LTN,2025-11-07,Warszawa,Polska,Londyn,Wielka Brytania
2026-01-07,,269.0,WAW,LTN,2025-11-07,Warszawa,Polska,Londyn,Wielka Brytania
2026-01-08,,109.0,WAW,LTN,2025-11-07,Warszawa,Polska,Londyn,Wielka Brytania
2026-01-09,,109.0,WAW,LTN,2025-11-07,Warszawa,Polska,Londyn,Wielka Brytania
2026-01-10,,109.0,WAW,LTN,2025-11-07,Warszawa,Polska,Londyn,Wielka Brytania
2026-01-11,,109.0,WAW,LTN,2025-11-07,Warszawa,Polska,Londyn,Wielka Brytania
2026-01-12,,109.0,WAW,LTN,2025-11-07,Warszawa,Polska,Londyn,Wielka Brytania
2026-01-13,,109.0,WAW,LTN,2025-11-07,Warszawa,Polska,Londyn,Wielka Brytania
2026-01-14,,109.0,WAW,LTN,2025-11-07,Warszawa,Polska,Londyn,Wielka Brytania
2026-01-15,,109.0,WAW,LTN,2025-11-07,Warszawa,Polska,Londyn,Wielka Brytania
2026-01-16,,179.0,WAW,LTN,2025-11-07,Warszawa,Polska,Londyn,Wielka Brytania
2026-01-17,,109.0,WAW,LTN,2025-11-07,Warszawa,Polska,Londyn,Wielka Brytania
2026-01-18,,179.0,WAW,LTN,2025-11-07,Warszawa,Polska,Londyn,Wielka Brytania
2026-01-19,,109.0,WAW,LTN,2025-11-07,Warszawa,Polska,Londyn,Wielka Brytania
2026-01-20,,109.0,WAW,LTN,2025-11-07,Warszawa,Polska,Londyn,Wielka Brytania
2026-01-21,,109.0,WAW,LTN,2025-11-07,Warszawa,Polska,Londyn,Wielka Brytania
2026-01-22,,109.0,WAW,LTN,2025-11-07,Warszawa,Polska,Londyn,Wielka Brytania
2026-01-23,,129.0,WAW,LTN,2025-11-07,Warszawa,Polska,Londyn,Wielka Brytania
2026-01-24,,109.0,WAW,LTN,2025-11-07,Warszawa,Polska,Londyn,Wielka Brytania
2026-01-25,,109.0,WAW,LTN,2025-11-07,Warszawa,Polska,Londyn,Wielka Brytania
2026-01-26,,109.0,WAW,LTN,2025-11-07,Warszawa,Polska,Londyn,Wielka Brytania
2026-01-27,,109.0,WAW,LTN,2025-11-07,Warszawa,Polska,Londyn,Wielka Brytania
2026-01-28,,109.0,WAW,LTN,2025-11-07,Warszawa,Polska,Londyn,Wielka Brytania
2026-01-29,,109.0,WAW,LTN,2025-11-07,Warszawa,Polska,Londyn,Wielka Brytania
2026-01-30,,109.0,WAW,LTN,2025-11-07,Warszawa,Polska,Londyn,Wielka Brytania
2025-11-07,,1429.0,WAW,LGW,2025-11-07,Warszawa,Polska,Londyn,Wielka Brytania
2025-11-08,,1660.0,WAW,LGW,2025-11-07,Warszawa,Polska,Londyn,Wielka Brytania
2025-11-09,,1259.0,WAW,LGW,2025-11-07,Warszawa,Polska,Londyn,Wielka Brytania
2025-11-10,,719.0,WAW,LGW,2025-11-07,Warszawa,Polska,Londyn,Wielka Brytania
2025-11-11,,539.0,WAW,LGW,2025-11-07,Warszawa,Polska,Londyn,Wielka Brytania
2025-11-12,,309.0,WAW,LGW,2025-11-07,Warszawa,Polska,Londyn,Wielka Brytania
2025-11-13,,249.0,WAW,LGW,2025-11-07,Warszawa,Polska,Londyn,Wielka Brytania
2025-11-14,,309.0,WAW,LGW,2025-11-07,Warszawa,Polska,Londyn,Wielka Brytania
2025-11-15,,339.0,WAW,LGW,2025-11-07,Warszawa,Polska,Londyn,Wielka Brytania
2025-11-16,,309.0,WAW,LGW,2025-11-07,Warszawa,Polska,Londyn,Wielka Brytania
2025-11-17,,219.0,WAW,LGW,2025-11-07,Warszawa,Polska,Londyn,Wielka Brytania
2025-11-18,,129.0,WAW,LGW,2025-11-07,Warszawa,Polska,Londyn,Wielka Brytania
2025-11-19,,129.0,WAW,LGW,2025-11-07,Warszawa,Polska,Londyn,Wielka Brytania
2025-11-20,,209.0,WAW,LGW,2025-11-07,Warszawa,Polska,Londyn,Wielka Brytania
2025-11-21,,219.0,WAW,LGW,2025-11-07,Warszawa,Polska,Londyn,Wielka Brytania
2025-11-22,,249.0,WAW,LGW,2025-11-07,Warszawa,Polska,Londyn,Wielka Brytania
2025-11-23,,359.0,WAW,LGW,2025-11-07,Warszawa,Polska,Londyn,Wielka Brytania
2025-11-24,,209.0,WAW,LGW,2025-11-07,Warszawa,Polska,Londyn,Wielka Brytania
2025-11-25,,179.0,WAW,LGW,2025-11-07,Warszawa,Polska,Londyn,Wielka Brytania
2025-11-26,,129.0,WAW,LGW,2025-11-07,Warszawa,Polska,Londyn,Wielka Brytania
2025-11-27,,179.0,WAW,LGW,2025-11-07,Warszawa,Polska,Londyn,Wielka Brytania
2025-11-28,,219.0,WAW,LGW,2025-11-07,Warszawa,Polska,Londyn,Wielka Brytania
2025-11-29,,219.0,WAW,LGW,2025-11-07,Warszawa,Polska,Londyn,Wielka Brytania
2025-11-30,,299.0,WAW,LGW,2025-11-07,Warszawa,Polska,Londyn,Wielka Brytania
2025-12-01,,209.0,WAW,LGW,2025-11-07,Warszawa,Polska,Londyn,Wielka Brytania
2025-12-02,,129.0,WAW,LGW,2025-11-07,Warszawa,Polska,Londyn,Wielka Brytania
2025-12-03,,129.0,WAW,LGW,2025-11-07,Warszawa,Polska,Londyn,Wielka Brytania
2025-12-04,,179.0,WAW,LGW,2025-11-07,Warszawa,Polska,Londyn,Wielka Brytania
2025-12-05,,603.0,WAW,LGW,2025-11-07,Warszawa,Polska,Londyn,Wielka Brytania
2025-12-06,,219.0,WAW,LGW,2025-11-07,Warszawa,Polska,Londyn,Wielka Brytania
2025-12-07,,676.0,WAW,LGW,2025-11-07,Warszawa,Polska,Londyn,Wielka Brytania
2025-12-08,,129.0,WAW,LGW,2025-11-07,Warszawa,Polska,Londyn,Wielka Brytania
2025-12-09,,129.0,WAW,LGW,2025-11-07,Warszawa,Polska,Londyn,Wielka Brytania
2025-12-10,,525.0,WAW,LGW,2025-11-07,Warszawa,Polska,Londyn,Wielka Brytania
2025-12-11,,129.0,WAW,LGW,2025-11-07,Warszawa,Polska,Londyn,Wielka Brytania
2025-12-12,,556.0,WAW,LGW,2025-11-07,Warszawa,Polska,Londyn,Wielka Brytania
2025-12-13,,129.0,WAW,LGW,2025-11-07,Warszawa,Polska,Londyn,Wielka Brytania
2025-12-14,,495.0,WAW,LGW,2025-11-07,Warszawa,Polska,Londyn,Wielka Brytania
2025-12-15,,129.0,WAW,LGW,2025-11-07,Warszawa,Polska,Londyn,Wielka Brytania
2025-12-16,,129.0,WAW,LGW,2025-11-07,Warszawa,Polska,Londyn,Wielka Brytania
2025-12-17,,386.0,WAW,LGW,2025-11-07,Warszawa,Polska,Londyn,Wielka Brytania
2025-12-18,,129.0,WAW,LGW,2025-11-07,Warszawa,Polska,Londyn,Wielka Brytania
2025-12-19,,751.0,WAW,LGW,2025-11-07,Warszawa,Polska,Londyn,Wielka Brytania
2025-12-20,,179.0,WAW,LGW,2025-11-07,Warszawa,Polska,Londyn,Wielka Brytania
2025-12-21,,676.0,WAW,LGW,2025-11-07,Warszawa,Polska,Londyn,Wielka Brytania
2025-12-22,,129.0,WAW,LGW,2025-11-07,Warszawa,Polska,Londyn,Wielka Brytania
2025-12-23,,179.0,WAW,LGW,2025-11-07,Warszawa,Polska,Londyn,Wielka Brytania
2025-12-24,,716.0,WAW,LGW,2025-11-07,Warszawa,Polska,Londyn,Wielka Brytania
2025-12-25,,129.0,WAW,LGW,2025-11-07,Warszawa,Polska,Londyn,Wielka Brytania
2025-12-26,,820.0,WAW,LGW,2025-11-07,Warszawa,Polska,Londyn,Wielka Brytania
2025-12-27,,969.0,WAW,LGW,2025-11-07,Warszawa,Polska,Londyn,Wielka Brytania
2025-12-28,,1330.0,WAW,LGW,2025-11-07,Warszawa,Polska,Londyn,Wielka Brytania
2025-12-29,,649.0,WAW,LGW,2025-11-07,Warszawa,Polska,Londyn,Wielka Brytania
2025-12-30,,649.0,WAW,LGW,2025-11-07,Warszawa,Polska,Londyn,Wielka Brytania
2025-12-31,,1029.0,WAW,LGW,2025-11-07,Warszawa,Polska,Londyn,Wielka Brytania
2026-01-01,,489.0,WAW,LGW,2025-11-07,Warszawa,Polska,Londyn,Wielka Brytania
2026-01-02,,1297.0,WAW,LGW,2025-11-07,Warszawa,Polska,Londyn,Wielka Brytania
2026-01-03,,1585.0,WAW,LGW,2025-11-07,Warszawa,Polska,Londyn,Wielka Brytania
2026-01-04,,1495.0,WAW,LGW,2025-11-07,Warszawa,Polska,Londyn,Wielka Brytania
2026-01-05,,809.0,WAW,LGW,2025-11-07,Warszawa,Polska,Londyn,Wielka Brytania
2026-01-06,,539.0,WAW,LGW,2025-11-07,Warszawa,Polska,Londyn,Wielka Brytania
2026-01-07,,716.0,WAW,LGW,2025-11-07,Warszawa,Polska,Londyn,Wielka Brytania
2026-01-08,,179.0,WAW,LGW,2025-11-07,Warszawa,Polska,Londyn,Wielka Brytania
2026-01-09,,455.0,WAW,LGW,2025-11-07,Warszawa,Polska,Londyn,Wielka Brytania
2026-01-10,,179.0,WAW,LGW,2025-11-07,Warszawa,Polska,Londyn,Wielka Brytania
2026-01-11,,562.0,WAW,LGW,2025-11-07,Warszawa,Polska,Londyn,Wielka Brytania
2026-01-12,,129.0,WAW,LGW,2025-11-07,Warszawa,Polska,Londyn,Wielka Brytania
2026-01-13,,129.0,WAW,LGW,2025-11-07,Warszawa,Polska,Londyn,Wielka Brytania
2026-01-14,,525.0,WAW,LGW,2025-11-07,Warszawa,Polska,Londyn,Wielka Brytania
2026-01-15,,129.0,WAW,LGW,2025-11-07,Warszawa,Polska,Londyn,Wielka Brytania
2026-01-16,,495.0,WAW,LGW,2025-11-07,Warszawa,Polska,Londyn,Wielka Brytania
2026-01-17,,269.0,WAW,LGW,2025-11-07,Warszawa,Polska,Londyn,Wielka Brytania
2026-01-18,,563.0,WAW,LGW,2025-11-07,Warszawa,Polska,Londyn,Wielka Brytania
2026-01-19,,219.0,WAW,LGW,2025-11-07,Warszawa,Polska,Londyn,Wielka Brytania
2026-01-20,,129.0,WAW,LGW,2025-11-07,Warszawa,Polska,Londyn,Wielka Brytania
2026-01-21,,612.0,WAW,LGW,2025-11-07,Warszawa,Polska,Londyn,Wielka Brytania
2026-01-22,,129.0,WAW,LGW,2025-11-07,Warszawa,Polska,Londyn,Wielka Brytania
2026-01-23,,532.0,WAW,LGW,2025-11-07,Warszawa,Polska,Londyn,Wielka Brytania
2026-01-24,,299.0,WAW,LGW,2025-11-07,Warszawa,Polska,Londyn,Wielka Brytania
2026-01-25,,563.0,WAW,LGW,2025-11-07,Warszawa,Polska,Londyn,Wielka Brytania
2026-01-26,,129.0,WAW,LGW,2025-11-07,Warszawa,Polska,Londyn,Wielka Brytania
2026-01-27,,129.0,WAW,LGW,2025-11-07,Warszawa,Polska,Londyn,Wielka Brytania
2026-01-28,,673.0,WAW,LGW,2025-11-07,Warszawa,Polska,Londyn,Wielka Brytania
2026-01-29,,129.0,WAW,LGW,2025-11-07,Warszawa,Polska,Londyn,Wielka Brytania
2026-01-30,,419.0,WAW,LGW,2025-11-07,Warszawa,Polska,Londyn,Wielka Brytania
2025-11-07,,1582.0,WAW,MAN,2025-11-07,Warszawa,Polska,Manchester,Wielka Brytania
2025-11-08,,1582.0,WAW,MAN,2025-11-07,Warszawa,Polska,Manchester,Wielka Brytania
2025-11-09,,1173.0,WAW,MAN,2025-11-07,Warszawa,Polska,Manchester,Wielka Brytania
2025-11-10,,643.0,WAW,MAN,2025-11-07,Warszawa,Polska,Manchester,Wielka Brytania
2025-11-11,,751.0,WAW,MAN,2025-11-07,Warszawa,Polska,Manchester,Wielka Brytania
2025-11-12,,751.0,WAW,MAN,2025-11-07,Warszawa,Polska,Manchester,Wielka Brytania
2025-11-13,,643.0,WAW,MAN,2025-11-07,Warszawa,Polska,Manchester,Wielka Brytania
2025-11-14,,643.0,WAW,MAN,2025-11-07,Warszawa,Polska,Manchester,Wielka Brytania
2025-11-15,,914.0,WAW,MAN,2025-11-07,Warszawa,Polska,Manchester,Wielka Brytania
2025-11-16,,312.0,WAW,MAN,2025-11-07,Warszawa,Polska,Manchester,Wielka Brytania
2025-11-17,,559.0,WAW,MAN,2025-11-07,Warszawa,Polska,Manchester,Wielka Brytania
2025-11-18,,559.0,WAW,MAN,2025-11-07,Warszawa,Polska,Manchester,Wielka Brytania
2025-11-19,,559.0,WAW,MAN,2025-11-07,Warszawa,Polska,Manchester,Wielka Brytania
2025-11-20,,593.0,WAW,MAN,2025-11-07,Warszawa,Polska,Manchester,Wielka Brytania
2025-11-21,,324.0,WAW,MAN,2025-11-07,Warszawa,Polska,Manchester,Wielka Brytania
2025-11-22,,559.0,WAW,MAN,2025-11-07,Warszawa,Polska,Manchester,Wielka Brytania
2025-11-23,,515.0,WAW,MAN,2025-11-07,Warszawa,Polska,Manchester,Wielka Brytania
2025-11-24,,589.0,WAW,MAN,2025-11-07,Warszawa,Polska,Manchester,Wielka Brytania
2025-11-25,,579.0,WAW,MAN,2025-11-07,Warszawa,Polska,Manchester,Wielka Brytania
2025-11-26,,589.0,WAW,MAN,2025-11-07,Warszawa,Polska,Manchester,Wielka Brytania
2025-11-27,,503.0,WAW,MAN,2025-11-07,Warszawa,Polska,Manchester,Wielka Brytania
2025-11-28,,161.0,WAW,MAN,2025-11-07,Warszawa,Polska,Manchester,Wielka Brytania
2025-11-29,,503.0,WAW,MAN,2025-11-07,Warszawa,Polska,Manchester,Wielka Brytania
2025-11-30,,471.0,WAW,MAN,2025-11-07,Warszawa,Polska,Manchester,Wielka Brytania
2025-12-01,,503.0,WAW,MAN,2025-11-07,Warszawa,Polska,Manchester,Wielka Brytania
2025-12-02,,433.0,WAW,MAN,2025-11-07,Warszawa,Polska,Manchester,Wielka Brytania
2025-12-03,,341.0,WAW,MAN,2025-11-07,Warszawa,Polska,Manchester,Wielka Brytania
2025-12-04,,433.0,WAW,MAN,2025-11-07,Warszawa,Polska,Manchester,Wielka Brytania
2025-12-05,,205.0,WAW,MAN,2025-11-07,Warszawa,Polska,Manchester,Wielka Brytania
2025-12-06,,433.0,WAW,MAN,2025-11-07,Warszawa,Polska,Manchester,Wielka Brytania
2025-12-07,,188.0,WAW,MAN,2025-11-07,Warszawa,Polska,Manchester,Wielka Brytania
2025-12-08,,366.0,WAW,MAN,2025-11-07,Warszawa,Polska,Manchester,Wielka Brytania
2025-12-09,,477.0,WAW,MAN,2025-11-07,Warszawa,Polska,Manchester,Wielka Brytania
2025-12-10,,477.0,WAW,MAN,2025-11-07,Warszawa,Polska,Manchester,Wielka Brytania
2025-12-11,,477.0,WAW,MAN,2025-11-07,Warszawa,Polska,Manchester,Wielka Brytania
2025-12-12,,107.0,WAW,MAN,2025-11-07,Warszawa,Polska,Manchester,Wielka Brytania
2025-12-13,,425.0,WAW,MAN,2025-11-07,Warszawa,Polska,Manchester,Wielka Brytania
2025-12-14,,324.0,WAW,MAN,2025-11-07,Warszawa,Polska,Manchester,Wielka Brytania
2025-12-15,,366.0,WAW,MAN,2025-11-07,Warszawa,Polska,Manchester,Wielka Brytania
2025-12-16,,366.0,WAW,MAN,2025-11-07,Warszawa,Polska,Manchester,Wielka Brytania
2025-12-17,,366.0,WAW,MAN,2025-11-07,Warszawa,Polska,Manchester,Wielka Brytania
2025-12-18,,366.0,WAW,MAN,2025-11-07,Warszawa,Polska,Manchester,Wielka Brytania
2025-12-19,,275.0,WAW,MAN,2025-11-07,Warszawa,Polska,Manchester,Wielka Brytania
2025-12-20,,366.0,WAW,MAN,2025-11-07,Warszawa,Polska,Manchester,Wielka Brytania
2025-12-21,,240.0,WAW,MAN,2025-11-07,Warszawa,Polska,Manchester,Wielka Brytania
2025-12-22,,483.0,WAW,MAN,2025-11-07,Warszawa,Polska,Manchester,Wielka Brytania
2025-12-23,,548.0,WAW,MAN,2025-11-07,Warszawa,Polska,Manchester,Wielka Brytania
2025-12-24,,366.0,WAW,MAN,2025-11-07,Warszawa,Polska,Manchester,Wielka Brytania
2025-12-25,,589.0,WAW,MAN,2025-11-07,Warszawa,Polska,Manchester,Wielka Brytania
2025-12-26,,523.0,WAW,MAN,2025-11-07,Warszawa,Polska,Manchester,Wielka Brytania
2025-12-27,,910.0,WAW,MAN,2025-11-07,Warszawa,Polska,Manchester,Wielka Brytania
2025-12-28,,710.0,WAW,MAN,2025-11-07,Warszawa,Polska,Manchester,Wielka Brytania
2025-12-29,,710.0,WAW,MAN,2025-11-07,Warszawa,Polska,Manchester,Wielka Brytania
2025-12-30,,744.0,WAW,MAN,2025-11-07,Warszawa,Polska,Manchester,Wielka Brytania
2025-12-31,,589.0,WAW,MAN,2025-11-07,Warszawa,Polska,Manchester,Wielka Brytania
2026-01-01,,684.0,WAW,MAN,2025-11-07,Warszawa,Polska,Manchester,Wielka Brytania
2026-01-02,,927.0,WAW,MAN,2025-11-07,Warszawa,Polska,Manchester,Wielka Brytania
2026-01-03,,1049.0,WAW,MAN,2025-11-07,Warszawa,Polska,Manchester,Wielka Brytania
2026-01-04,,1022.0,WAW,MAN,2025-11-07,Warszawa,Polska,Manchester,Wielka Brytania
2026-01-05,,730.0,WAW,MAN,2025-11-07,Warszawa,Polska,Manchester,Wielka Brytania
2026-01-06,,652.0,WAW,MAN,2025-11-07,Warszawa,Polska,Manchester,Wielka Brytania
2026-01-07,,650.0,WAW,MAN,2025-11-07,Warszawa,Polska,Manchester,Wielka Brytania
2026-01-08,,366.0,WAW,MAN,2025-11-07,Warszawa,Polska,Manchester,Wielka Brytania
2026-01-09,,351.0,WAW,MAN,2025-11-07,Warszawa,Polska,Manchester,Wielka Brytania
2026-01-10,,433.0,WAW,MAN,2025-11-07,Warszawa,Polska,Manchester,Wielka Brytania
2026-01-11,,314.0,WAW,MAN,2025-11-07,Warszawa,Polska,Manchester,Wielka Brytania
2026-01-12,,366.0,WAW,MAN,2025-11-07,Warszawa,Polska,Manchester,Wielka Brytania
2026-01-13,,366.0,WAW,MAN,2025-11-07,Warszawa,Polska,Manchester,Wielka Brytania
2026-01-14,,366.0,WAW,MAN,2025-11-07,Warszawa,Polska,Manchester,Wielka Brytania
2026-01-15,,503.0,WAW,MAN,2025-11-07,Warszawa,Polska,Manchester,Wielka Brytania
2026-01-16,,232.0,WAW,MAN,2025-11-07,Warszawa,Polska,Manchester,Wielka Brytania
2026-01-17,,645.0,WAW,MAN,2025-11-07,Warszawa,Polska,Manchester,Wielka Brytania
2026-01-18,,368.0,WAW,MAN,2025-11-07,Warszawa,Polska,Manchester,Wielka Brytania
2026-01-19,,561.0,WAW,MAN,2025-11-07,Warszawa,Polska,Manchester,Wielka Brytania
2026-01-20,,503.0,WAW,MAN,2025-11-07,Warszawa,Polska,Manchester,Wielka Brytania
2026-01-21,,503.0,WAW,MAN,2025-11-07,Warszawa,Polska,Manchester,Wielka Brytania
2026-01-22,,503.0,WAW,MAN,2025-11-07,Warszawa,Polska,Manchester,Wielka Brytania
2026-01-23,,314.0,WAW,MAN,2025-11-07,Warszawa,Polska,Manchester,Wielka Brytania
2026-01-24,,366.0,WAW,MAN,2025-11-07,Warszawa,Polska,Manchester,Wielka Brytania
2026-01-25,,104.0,WAW,MAN,2025-11-07,Warszawa,Polska,Manchester,Wielka Brytania
2026-01-26,,366.0,WAW,MAN,2025-11-07,Warszawa,Polska,Manchester,Wielka Brytania
2026-01-27,,366.0,WAW,MAN,2025-11-07,Warszawa,Polska,Manchester,Wielka Brytania
2026-01-28,,503.0,WAW,MAN,2025-11-07,Warszawa,Polska,Manchester,Wielka Brytania
2026-01-29,,503.0,WAW,MAN,2025-11-07,Warszawa,Polska,Manchester,Wielka Brytania
2026-01-30,,191.0,WAW,MAN,2025-11-07,Warszawa,Polska,Manchester,Wielka Brytania
2025-11-07,,1559.0,WAW,DUB,2025-11-07,Warszawa,Polska,Dublin,Irlandia
2025-11-08,,1198.0,WAW,DUB,2025-11-07,Warszawa,Polska,Dublin,Irlandia
2025-11-09,,874.0,WAW,DUB,2025-11-07,Warszawa,Polska,Dublin,Irlandia
2025-11-10,,803.0,WAW,DUB,2025-11-07,Warszawa,Polska,Dublin,Irlandia
2025-11-11,,721.0,WAW,DUB,2025-11-07,Warszawa,Polska,Dublin,Irlandia
2025-11-12,,607.0,WAW,DUB,2025-11-07,Warszawa,Polska,Dublin,Irlandia
2025-11-13,,695.0,WAW,DUB,2025-11-07,Warszawa,Polska,Dublin,Irlandia
2025-11-14,,650.0,WAW,DUB,2025-11-07,Warszawa,Polska,Dublin,Irlandia
2025-11-15,,607.0,WAW,DUB,2025-11-07,Warszawa,Polska,Dublin,Irlandia
2025-11-16,,726.0,WAW,DUB,2025-11-07,Warszawa,Polska,Dublin,Irlandia
2025-11-17,,493.0,WAW,DUB,2025-11-07,Warszawa,Polska,Dublin,Irlandia
2025-11-18,,607.0,WAW,DUB,2025-11-07,Warszawa,Polska,Dublin,Irlandia
2025-11-19,,607.0,WAW,DUB,2025-11-07,Warszawa,Polska,Dublin,Irlandia
2025-11-20,,493.0,WAW,DUB,2025-11-07,Warszawa,Polska,Dublin,Irlandia
2025-11-21,,607.0,WAW,DUB,2025-11-07,Warszawa,Polska,Dublin,Irlandia
2025-11-22,,607.0,WAW,DUB,2025-11-07,Warszawa,Polska,Dublin,Irlandia
2025-11-23,,695.0,WAW,DUB,2025-11-07,Warszawa,Polska,Dublin,Irlandia
2025-11-24,,493.0,WAW,DUB,2025-11-07,Warszawa,Polska,Dublin,Irlandia
2025-11-25,,493.0,WAW,DUB,2025-11-07,Warszawa,Polska,Dublin,Irlandia
2025-11-26,,629.0,WAW,DUB,2025-11-07,Warszawa,Polska,Dublin,Irlandia
2025-11-27,,607.0,WAW,DUB,2025-11-07,Warszawa,Polska,Dublin,Irlandia
2025-11-28,,577.0,WAW,DUB,2025-11-07,Warszawa,Polska,Dublin,Irlandia
2025-11-29,,529.0,WAW,DUB,2025-11-07,Warszawa,Polska,Dublin,Irlandia
2025-11-30,,529.0,WAW,DUB,2025-11-07,Warszawa,Polska,Dublin,Irlandia
2025-12-01,,304.0,WAW,DUB,2025-11-07,Warszawa,Polska,Dublin,Irlandia
2025-12-02,,493.0,WAW,DUB,2025-11-07,Warszawa,Polska,Dublin,Irlandia
2025-12-03,,191.0,WAW,DUB,2025-11-07,Warszawa,Polska,Dublin,Irlandia
2025-12-04,,399.0,WAW,DUB,2025-11-07,Warszawa,Polska,Dublin,Irlandia
2025-12-05,,223.0,WAW,DUB,2025-11-07,Warszawa,Polska,Dublin,Irlandia
2025-12-06,,537.0,WAW,DUB,2025-11-07,Warszawa,Polska,Dublin,Irlandia
2025-12-07,,304.0,WAW,DUB,2025-11-07,Warszawa,Polska,Dublin,Irlandia
2025-12-08,,379.0,WAW,DUB,2025-11-07,Warszawa,Polska,Dublin,Irlandia
2025-12-09,,399.0,WAW,DUB,2025-11-07,Warszawa,Polska,Dublin,Irlandia
2025-12-10,,191.0,WAW,DUB,2025-11-07,Warszawa,Polska,Dublin,Irlandia
2025-12-11,,320.0,WAW,DUB,2025-11-07,Warszawa,Polska,Dublin,Irlandia
2025-12-12,,223.0,WAW,DUB,2025-11-07,Warszawa,Polska,Dublin,Irlandia
2025-12-13,,468.0,WAW,DUB,2025-11-07,Warszawa,Polska,Dublin,Irlandia
2025-12-14,,304.0,WAW,DUB,2025-11-07,Warszawa,Polska,Dublin,Irlandia
2025-12-15,,304.0,WAW,DUB,2025-11-07,Warszawa,Polska,Dublin,Irlandia
2025-12-16,,399.0,WAW,DUB,2025-11-07,Warszawa,Polska,Dublin,Irlandia
2025-12-17,,223.0,WAW,DUB,2025-11-07,Warszawa,Polska,Dublin,Irlandia
2025-12-18,,341.0,WAW,DUB,2025-11-07,Warszawa,Polska,Dublin,Irlandia
2025-12-19,,304.0,WAW,DUB,2025-11-07,Warszawa,Polska,Dublin,Irlandia
2025-12-20,,223.0,WAW,DUB,2025-11-07,Warszawa,Polska,Dublin,Irlandia
2025-12-21,,304.0,WAW,DUB,2025-11-07,Warszawa,Polska,Dublin,Irlandia
2025-12-22,,304.0,WAW,DUB,2025-11-07,Warszawa,Polska,Dublin,Irlandia
2025-12-23,,468.0,WAW,DUB,2025-11-07,Warszawa,Polska,Dublin,Irlandia
2025-12-24,,304.0,WAW,DUB,2025-11-07,Warszawa,Polska,Dublin,Irlandia
2025-12-25,,629.0,WAW,DUB,2025-11-07,Warszawa,Polska,Dublin,Irlandia
2025-12-26,,399.0,WAW,DUB,2025-11-07,Warszawa,Polska,Dublin,Irlandia
2025-12-27,,650.0,WAW,DUB,2025-11-07,Warszawa,Polska,Dublin,Irlandia
2025-12-28,,832.0,WAW,DUB,2025-11-07,Warszawa,Polska,Dublin,Irlandia
2025-12-29,,399.0,WAW,DUB,2025-11-07,Warszawa,Polska,Dublin,Irlandia
2025-12-30,,607.0,WAW,DUB,2025-11-07,Warszawa,Polska,Dublin,Irlandia
2025-12-31,,784.0,WAW,DUB,2025-11-07,Warszawa,Polska,Dublin,Irlandia
2026-01-01,,493.0,WAW,DUB,2025-11-07,Warszawa,Polska,Dublin,Irlandia
2026-01-02,,914.0,WAW,DUB,2025-11-07,Warszawa,Polska,Dublin,Irlandia
2026-01-03,,909.0,WAW,DUB,2025-11-07,Warszawa,Polska,Dublin,Irlandia
2026-01-04,,1102.0,WAW,DUB,2025-11-07,Warszawa,Polska,Dublin,Irlandia
2026-01-05,,629.0,WAW,DUB,2025-11-07,Warszawa,Polska,Dublin,Irlandia
2026-01-06,,577.0,WAW,DUB,2025-11-07,Warszawa,Polska,Dublin,Irlandia
2026-01-07,,549.0,WAW,DUB,2025-11-07,Warszawa,Polska,Dublin,Irlandia
2026-01-08,,468.0,WAW,DUB,2025-11-07,Warszawa,Polska,Dublin,Irlandia
2026-01-09,,223.0,WAW,DUB,2025-11-07,Warszawa,Polska,Dublin,Irlandia
2026-01-10,,468.0,WAW,DUB,2025-11-07,Warszawa,Polska,Dublin,Irlandia
2026-01-11,,342.0,WAW,DUB,2025-11-07,Warszawa,Polska,Dublin,Irlandia
2026-01-12,,468.0,WAW,DUB,2025-11-07,Warszawa,Polska,Dublin,Irlandia
2026-01-13,,468.0,WAW,DUB,2025-11-07,Warszawa,Polska,Dublin,Irlandia
2026-01-14,,468.0,WAW,DUB,2025-11-07,Warszawa,Polska,Dublin,Irlandia
2026-01-15,,586.0,WAW,DUB,2025-11-07,Warszawa,Polska,Dublin,Irlandia
2026-01-16,,559.0,WAW,DUB,2025-11-07,Warszawa,Polska,Dublin,Irlandia
2026-01-17,,559.0,WAW,DUB,2025-11-07,Warszawa,Polska,Dublin,Irlandia
2026-01-18,,529.0,WAW,DUB,2025-11-07,Warszawa,Polska,Dublin,Irlandia
2026-01-19,,399.0,WAW,DUB,2025-11-07,Warszawa,Polska,Dublin,Irlandia
2026-01-20,,468.0,WAW,DUB,2025-11-07,Warszawa,Polska,Dublin,Irlandia
2026-01-21,,468.0,WAW,DUB,2025-11-07,Warszawa,Polska,Dublin,Irlandia
2026-01-22,,468.0,WAW,DUB,2025-11-07,Warszawa,Polska,Dublin,Irlandia
2026-01-23,,399.0,WAW,DUB,2025-11-07,Warszawa,Polska,Dublin,Irlandia
2026-01-24,,468.0,WAW,DUB,2025-11-07,Warszawa,Polska,Dublin,Irlandia
2026-01-25,,468.0,WAW,DUB,2025-11-07,Warszawa,Polska,Dublin,Irlandia
2026-01-26,,399.0,WAW,DUB,2025-11-07,Warszawa,Polska,Dublin,Irlandia
2026-01-27,,399.0,WAW,DUB,2025-11-07,Warszawa,Polska,Dublin,Irlandia
2026-01-28,,399.0,WAW,DUB,2025-11-07,Warszawa,Polska,Dublin,Irlandia
2026-01-29,,468.0,WAW,DUB,2025-11-07,Warszawa,Polska,Dublin,Irlandia
2026-01-30,,399.0,WAW,DUB,2025-11-07,Warszawa,Polska,Dublin,Irlandia
2025-11-07,,1425.0,WAW,AYT,2025-11-07,Warszawa,Polska,Antalya,Turcja
2025-11-08,,1545.0,WAW,AYT,2025-11-07,Warszawa,Polska,Antalya,Turcja
2025-11-09,,836.0,WAW,AYT,2025-11-07,Warszawa,Polska,Antalya,Turcja
2025-11-10,,675.0,WAW,AYT,2025-11-07,Warszawa,Polska,Antalya,Turcja
2025-11-11,,434.0,WAW,AYT,2025-11-07,Warszawa,Polska,Antalya,Turcja
2025-11-12,,314.0,WAW,AYT,2025-11-07,Warszawa,Polska,Antalya,Turcja
2025-11-13,,314.0,WAW,AYT,2025-11-07,Warszawa,Polska,Antalya,Turcja
2025-11-14,,310.0,WAW,AYT,2025-11-07,Warszawa,Polska,Antalya,Turcja
2025-11-15,,434.0,WAW,AYT,2025-11-07,Warszawa,Polska,Antalya,Turcja
2025-11-16,,615.0,WAW,AYT,2025-11-07,Warszawa,Polska,Antalya,Turcja
2025-11-17,,1041.0,WAW,AYT,2025-11-07,Warszawa,Polska,Antalya,Turcja
2025-11-18,,474.0,WAW,AYT,2025-11-07,Warszawa,Polska,Antalya,Turcja
2025-11-19,,1040.0,WAW,AYT,2025-11-07,Warszawa,Polska,Antalya,Turcja
2025-11-20,,394.0,WAW,AYT,2025-11-07,Warszawa,Polska,Antalya,Turcja
2025-11-21,,310.0,WAW,AYT,2025-11-07,Warszawa,Polska,Antalya,Turcja
2025-11-22,,394.0,WAW,AYT,2025-11-07,Warszawa,Polska,Antalya,Turcja
2025-11-23,,372.0,WAW,AYT,2025-11-07,Warszawa,Polska,Antalya,Turcja
2025-11-24,,898.0,WAW,AYT,2025-11-07,Warszawa,Polska,Antalya,Turcja
2025-11-25,,434.0,WAW,AYT,2025-11-07,Warszawa,Polska,Antalya,Turcja
2025-11-26,,894.0,WAW,AYT,2025-11-07,Warszawa,Polska,Antalya,Turcja
2025-11-27,,353.0,WAW,AYT,2025-11-07,Warszawa,Polska,Antalya,Turcja
2025-11-28,,310.0,WAW,AYT,2025-11-07,Warszawa,Polska,Antalya,Turcja
2025-11-29,,353.0,WAW,AYT,2025-11-07,Warszawa,Polska,Antalya,Turcja
2025-11-30,,501.0,WAW,AYT,2025-11-07,Warszawa,Polska,Antalya,Turcja
2025-12-01,,785.0,WAW,AYT,2025-11-07,Warszawa,Polska,Antalya,Turcja
2025-12-02,,474.0,WAW,AYT,2025-11-07,Warszawa,Polska,Antalya,Turcja
2025-12-03,,775.0,WAW,AYT,2025-11-07,Warszawa,Polska,Antalya,Turcja
2025-12-04,,372.0,WAW,AYT,2025-11-07,Warszawa,Polska,Antalya,Turcja
2025-12-05,,310.0,WAW,AYT,2025-11-07,Warszawa,Polska,Antalya,Turcja
2025-12-06,,353.0,WAW,AYT,2025-11-07,Warszawa,Polska,Antalya,Turcja
2025-12-07,,590.0,WAW,AYT,2025-11-07,Warszawa,Polska,Antalya,Turcja
2025-12-08,,775.0,WAW,AYT,2025-11-07,Warszawa,Polska,Antalya,Turcja
2025-12-09,,353.0,WAW,AYT,2025-11-07,Warszawa,Polska,Antalya,Turcja
2025-12-10,,775.0,WAW,AYT,2025-11-07,Warszawa,Polska,Antalya,Turcja
2025-12-11,,353.0,WAW,AYT,2025-11-07,Warszawa,Polska,Antalya,Turcja
2025-12-12,,310.0,WAW,AYT,2025-11-07,Warszawa,Polska,Antalya,Turcja
2025-12-13,,515.0,WAW,AYT,2025-11-07,Warszawa,Polska,Antalya,Turcja
2025-12-14,,641.0,WAW,AYT,2025-11-07,Warszawa,Polska,Antalya,Turcja
2025-12-15,,981.0,WAW,AYT,2025-11-07,Warszawa,Polska,Antalya,Turcja
2025-12-16,,378.0,WAW,AYT,2025-11-07,Warszawa,Polska,Antalya,Turcja
2025-12-17,,898.0,WAW,AYT,2025-11-07,Warszawa,Polska,Antalya,Turcja
2025-12-18,,515.0,WAW,AYT,2025-11-07,Warszawa,Polska,Antalya,Turcja
2025-12-19,,656.0,WAW,AYT,2025-11-07,Warszawa,Polska,Antalya,Turcja
2025-12-20,,675.0,WAW,AYT,2025-11-07,Warszawa,Polska,Antalya,Turcja
2025-12-21,,670.0,WAW,AYT,2025-11-07,Warszawa,Polska,Antalya,Turcja
2025-12-22,,1112.0,WAW,AYT,2025-11-07,Warszawa,Polska,Antalya,Turcja
2025-12-23,,459.0,WAW,AYT,2025-11-07,Warszawa,Polska,Antalya,Turcja
2025-12-24,,1429.0,WAW,AYT,2025-11-07,Warszawa,Polska,Antalya,Turcja
2025-12-25,,615.0,WAW,AYT,2025-11-07,Warszawa,Polska,Antalya,Turcja
2025-12-26,,656.0,WAW,AYT,2025-11-07,Warszawa,Polska,Antalya,Turcja
2025-12-27,,615.0,WAW,AYT,2025-11-07,Warszawa,Polska,Antalya,Turcja
2025-12-28,,843.0,WAW,AYT,2025-11-07,Warszawa,Polska,Antalya,Turcja
2025-12-29,,981.0,WAW,AYT,2025-11-07,Warszawa,Polska,Antalya,Turcja
2025-12-30,,378.0,WAW,AYT,2025-11-07,Warszawa,Polska,Antalya,Turcja
2025-12-31,,898.0,WAW,AYT,2025-11-07,Warszawa,Polska,Antalya,Turcja
2026-01-01,,394.0,WAW,AYT,2025-11-07,Warszawa,Polska,Antalya,Turcja
2026-01-02,,310.0,WAW,AYT,2025-11-07,Warszawa,Polska,Antalya,Turcja
2026-01-03,,434.0,WAW,AYT,2025-11-07,Warszawa,Polska,Antalya,Turcja
2026-01-04,,645.0,WAW,AYT,2025-11-07,Warszawa,Polska,Antalya,Turcja
2026-01-05,,775.0,WAW,AYT,2025-11-07,Warszawa,Polska,Antalya,Turcja
2026-01-06,,353.0,WAW,AYT,2025-11-07,Warszawa,Polska,Antalya,Turcja
2026-01-07,,898.0,WAW,AYT,2025-11-07,Warszawa,Polska,Antalya,Turcja
2026-01-08,,353.0,WAW,AYT,2025-11-07,Warszawa,Polska,Antalya,Turcja
2026-01-09,,310.0,WAW,AYT,2025-11-07,Warszawa,Polska,Antalya,Turcja
2026-01-10,,394.0,WAW,AYT,2025-11-07,Warszawa,Polska,Antalya,Turcja
2026-01-11,,372.0,WAW,AYT,2025-11-07,Warszawa,Polska,Antalya,Turcja
2026-01-12,,914.0,WAW,AYT,2025-11-07,Warszawa,Polska,Antalya,Turcja
2026-01-13,,353.0,WAW,AYT,2025-11-07,Warszawa,Polska,Antalya,Turcja
2026-01-14,,914.0,WAW,AYT,2025-11-07,Warszawa,Polska,Antalya,Turcja
2026-01-15,,409.0,WAW,AYT,2025-11-07,Warszawa,Polska,Antalya,Turcja
2026-01-16,,310.0,WAW,AYT,2025-11-07,Warszawa,Polska,Antalya,Turcja
2026-01-17,,554.0,WAW,AYT,2025-11-07,Warszawa,Polska,Antalya,Turcja
2026-01-18,,409.0,WAW,AYT,2025-11-07,Warszawa,Polska,Antalya,Turcja
2026-01-19,,981.0,WAW,AYT,2025-11-07,Warszawa,Polska,Antalya,Turcja
2026-01-20,,434.0,WAW,AYT,2025-11-07,Warszawa,Polska,Antalya,Turcja
2026-01-21,,898.0,WAW,AYT,2025-11-07,Warszawa,Polska,Antalya,Turcja
2026-01-22,,409.0,WAW,AYT,2025-11-07,Warszawa,Polska,Antalya,Turcja
2026-01-23,,310.0,WAW,AYT,2025-11-07,Warszawa,Polska,Antalya,Turcja
2026-01-24,,615.0,WAW,AYT,2025-11-07,Warszawa,Polska,Antalya,Turcja
2026-01-25,,1053.0,WAW,AYT,2025-11-07,Warszawa,Polska,Antalya,Turcja
2026-01-26,,896.0,WAW,AYT,2025-11-07,Warszawa,Polska,Antalya,Turcja
2026-01-27,,459.0,WAW,AYT,2025-11-07,Warszawa,Polska,Antalya,Turcja
2026-01-28,,896.0,WAW,AYT,2025-11-07,Warszawa,Polska,Antalya,Turcja
2026-01-29,,434.0,WAW,AYT,2025-11-07,Warszawa,Polska,Antalya,Turcja
2026-01-30,,310.0,WAW,AYT,2025-11-07,Warszawa,Polska,Antalya,Turcja
2025-11-07,,1712.0,WAW,ADB,2025-11-07,Warszawa,Polska,Izmir,Turcja
2025-11-08,,1012.0,WAW,ADB,2025-11-07,Warszawa,Polska,Izmir,Turcja
2025-11-09,,1061.0,WAW,ADB,2025-11-07,Warszawa,Polska,Izmir,Turcja
2025-11-10,,911.0,WAW,ADB,2025-11-07,Warszawa,Polska,Izmir,Turcja
2025-11-11,,353.0,WAW,ADB,2025-11-07,Warszawa,Polska,Izmir,Turcja
2025-11-12,,522.0,WAW,ADB,2025-11-07,Warszawa,Polska,Izmir,Turcja
2025-11-13,,542.0,WAW,ADB,2025-11-07,Warszawa,Polska,Izmir,Turcja
2025-11-14,,688.0,WAW,ADB,2025-11-07,Warszawa,Polska,Izmir,Turcja
2025-11-15,,560.0,WAW,ADB,2025-11-07,Warszawa,Polska,Izmir,Turcja
2025-11-16,,793.0,WAW,ADB,2025-11-07,Warszawa,Polska,Izmir,Turcja
2025-11-17,,1041.0,WAW,ADB,2025-11-07,Warszawa,Polska,Izmir,Turcja
2025-11-18,,604.0,WAW,ADB,2025-11-07,Warszawa,Polska,Izmir,Turcja
2025-11-19,,1041.0,WAW,ADB,2025-11-07,Warszawa,Polska,Izmir,Turcja
2025-11-20,,372.0,WAW,ADB,2025-11-07,Warszawa,Polska,Izmir,Turcja
2025-11-21,,812.0,WAW,ADB,2025-11-07,Warszawa,Polska,Izmir,Turcja
2025-11-22,,310.0,WAW,ADB,2025-11-07,Warszawa,Polska,Izmir,Turcja
2025-11-23,,409.0,WAW,ADB,2025-11-07,Warszawa,Polska,Izmir,Turcja
2025-11-24,,899.0,WAW,ADB,2025-11-07,Warszawa,Polska,Izmir,Turcja
2025-11-25,,587.0,WAW,ADB,2025-11-07,Warszawa,Polska,Izmir,Turcja
2025-11-26,,899.0,WAW,ADB,2025-11-07,Warszawa,Polska,Izmir,Turcja
2025-11-27,,372.0,WAW,ADB,2025-11-07,Warszawa,Polska,Izmir,Turcja
2025-11-28,,706.0,WAW,ADB,2025-11-07,Warszawa,Polska,Izmir,Turcja
2025-11-29,,310.0,WAW,ADB,2025-11-07,Warszawa,Polska,Izmir,Turcja
2025-11-30,,501.0,WAW,ADB,2025-11-07,Warszawa,Polska,Izmir,Turcja
2025-12-01,,893.0,WAW,ADB,2025-11-07,Warszawa,Polska,Izmir,Turcja
2025-12-02,,604.0,WAW,ADB,2025-11-07,Warszawa,Polska,Izmir,Turcja
2025-12-03,,773.0,WAW,ADB,2025-11-07,Warszawa,Polska,Izmir,Turcja
2025-12-04,,372.0,WAW,ADB,2025-11-07,Warszawa,Polska,Izmir,Turcja
2025-12-05,,773.0,WAW,ADB,2025-11-07,Warszawa,Polska,Izmir,Turcja
2025-12-06,,310.0,WAW,ADB,2025-11-07,Warszawa,Polska,Izmir,Turcja
2025-12-07,,590.0,WAW,ADB,2025-11-07,Warszawa,Polska,Izmir,Turcja
2025-12-08,,932.0,WAW,ADB,2025-11-07,Warszawa,Polska,Izmir,Turcja
2025-12-09,,512.0,WAW,ADB,2025-11-07,Warszawa,Polska,Izmir,Turcja
2025-12-10,,899.0,WAW,ADB,2025-11-07,Warszawa,Polska,Izmir,Turcja
2025-12-11,,372.0,WAW,ADB,2025-11-07,Warszawa,Polska,Izmir,Turcja
2025-12-12,,899.0,WAW,ADB,2025-11-07,Warszawa,Polska,Izmir,Turcja
2025-12-13,,310.0,WAW,ADB,2025-11-07,Warszawa,Polska,Izmir,Turcja
2025-12-14,,616.0,WAW,ADB,2025-11-07,Warszawa,Polska,Izmir,Turcja
2025-12-15,,1041.0,WAW,ADB,2025-11-07,Warszawa,Polska,Izmir,Turcja
2025-12-16,,353.0,WAW,ADB,2025-11-07,Warszawa,Polska,Izmir,Turcja
2025-12-17,,1231.0,WAW,ADB,2025-11-07,Warszawa,Polska,Izmir,Turcja
2025-12-18,,553.0,WAW,ADB,2025-11-07,Warszawa,Polska,Izmir,Turcja
2025-12-19,,778.0,WAW,ADB,2025-11-07,Warszawa,Polska,Izmir,Turcja
2025-12-20,,744.0,WAW,ADB,2025-11-07,Warszawa,Polska,Izmir,Turcja
2025-12-21,,671.0,WAW,ADB,2025-11-07,Warszawa,Polska,Izmir,Turcja
2025-12-22,,1112.0,WAW,ADB,2025-11-07,Warszawa,Polska,Izmir,Turcja
2025-12-23,,434.0,WAW,ADB,2025-11-07,Warszawa,Polska,Izmir,Turcja
2025-12-24,,1469.0,WAW,ADB,2025-11-07,Warszawa,Polska,Izmir,Turcja
2025-12-25,,774.0,WAW,ADB,2025-11-07,Warszawa,Polska,Izmir,Turcja
2025-12-26,,1045.0,WAW,ADB,2025-11-07,Warszawa,Polska,Izmir,Turcja
2025-12-27,,656.0,WAW,ADB,2025-11-07,Warszawa,Polska,Izmir,Turcja
2025-12-28,,844.0,WAW,ADB,2025-11-07,Warszawa,Polska,Izmir,Turcja
2025-12-29,,932.0,WAW,ADB,2025-11-07,Warszawa,Polska,Izmir,Turcja
2025-12-30,,353.0,WAW,ADB,2025-11-07,Warszawa,Polska,Izmir,Turcja
2025-12-31,,811.0,WAW,ADB,2025-11-07,Warszawa,Polska,Izmir,Turcja
2026-01-01,,409.0,WAW,ADB,2025-11-07,Warszawa,Polska,Izmir,Turcja
2026-01-02,,937.0,WAW,ADB,2025-11-07,Warszawa,Polska,Izmir,Turcja
2026-01-03,,571.0,WAW,ADB,2025-11-07,Warszawa,Polska,Izmir,Turcja
2026-01-04,,645.0,WAW,ADB,2025-11-07,Warszawa,Polska,Izmir,Turcja
2026-01-05,,893.0,WAW,ADB,2025-11-07,Warszawa,Polska,Izmir,Turcja
2026-01-06,,394.0,WAW,ADB,2025-11-07,Warszawa,Polska,Izmir,Turcja
2026-01-07,,773.0,WAW,ADB,2025-11-07,Warszawa,Polska,Izmir,Turcja
2026-01-08,,409.0,WAW,ADB,2025-11-07,Warszawa,Polska,Izmir,Turcja
2026-01-09,,519.0,WAW,ADB,2025-11-07,Warszawa,Polska,Izmir,Turcja
2026-01-10,,310.0,WAW,ADB,2025-11-07,Warszawa,Polska,Izmir,Turcja
2026-01-11,,409.0,WAW,ADB,2025-11-07,Warszawa,Polska,Izmir,Turcja
2026-01-12,,773.0,WAW,ADB,2025-11-07,Warszawa,Polska,Izmir,Turcja
2026-01-13,,424.0,WAW,ADB,2025-11-07,Warszawa,Polska,Izmir,Turcja
2026-01-14,,817.0,WAW,ADB,2025-11-07,Warszawa,Polska,Izmir,Turcja
2026-01-15,,409.0,WAW,ADB,2025-11-07,Warszawa,Polska,Izmir,Turcja
2026-01-16,,519.0,WAW,ADB,2025-11-07,Warszawa,Polska,Izmir,Turcja
2026-01-17,,310.0,WAW,ADB,2025-11-07,Warszawa,Polska,Izmir,Turcja
2026-01-18,,409.0,WAW,ADB,2025-11-07,Warszawa,Polska,Izmir,Turcja
2026-01-19,,773.0,WAW,ADB,2025-11-07,Warszawa,Polska,Izmir,Turcja
2026-01-20,,434.0,WAW,ADB,2025-11-07,Warszawa,Polska,Izmir,Turcja
2026-01-21,,937.0,WAW,ADB,2025-11-07,Warszawa,Polska,Izmir,Turcja
2026-01-22,,409.0,WAW,ADB,2025-11-07,Warszawa,Polska,Izmir,Turcja
2026-01-23,,773.0,WAW,ADB,2025-11-07,Warszawa,Polska,Izmir,Turcja
2026-01-24,,310.0,WAW,ADB,2025-11-07,Warszawa,Polska,Izmir,Turcja
2026-01-25,,937.0,WAW,ADB,2025-11-07,Warszawa,Polska,Izmir,Turcja
2026-01-26,,817.0,WAW,ADB,2025-11-07,Warszawa,Polska,Izmir,Turcja
2026-01-27,,434.0,WAW,ADB,2025-11-07,Warszawa,Polska,Izmir,Turcja
2026-01-28,,937.0,WAW,ADB,2025-11-07,Warszawa,Polska,Izmir,Turcja
2026-01-29,,587.0,WAW,ADB,2025-11-07,Warszawa,Polska,Izmir,Turcja
2026-01-30,,926.0,WAW,ADB,2025-11-07,Warszawa,Polska,Izmir,Turcja
2025-11-07,,3459.0,WAW,GLA,2025-11-07,Warszawa,Polska,Glasgow,Szkocja
2025-11-08,,1525.0,WAW,GLA,2025-11-07,Warszawa,Polska,Glasgow,Szkocja
2025-11-09,,1670.0,WAW,GLA,2025-11-07,Warszawa,Polska,Glasgow,Szkocja
2025-11-10,,751.0,WAW,GLA,2025-11-07,Warszawa,Polska,Glasgow,Szkocja
2025-11-11,,879.0,WAW,GLA,2025-11-07,Warszawa,Polska,Glasgow,Szkocja
2025-11-12,,751.0,WAW,GLA,2025-11-07,Warszawa,Polska,Glasgow,Szkocja
2025-11-13,,751.0,WAW,GLA,2025-11-07,Warszawa,Polska,Glasgow,Szkocja
2025-11-14,,643.0,WAW,GLA,2025-11-07,Warszawa,Polska,Glasgow,Szkocja
2025-11-15,,912.0,WAW,GLA,2025-11-07,Warszawa,Polska,Glasgow,Szkocja
2025-11-16,,1019.0,WAW,GLA,2025-11-07,Warszawa,Polska,Glasgow,Szkocja
2025-11-17,,559.0,WAW,GLA,2025-11-07,Warszawa,Polska,Glasgow,Szkocja
2025-11-18,,559.0,WAW,GLA,2025-11-07,Warszawa,Polska,Glasgow,Szkocja
2025-11-19,,559.0,WAW,GLA,2025-11-07,Warszawa,Polska,Glasgow,Szkocja
2025-11-20,,780.0,WAW,GLA,2025-11-07,Warszawa,Polska,Glasgow,Szkocja
2025-11-21,,912.0,WAW,GLA,2025-11-07,Warszawa,Polska,Glasgow,Szkocja
2025-11-22,,673.0,WAW,GLA,2025-11-07,Warszawa,Polska,Glasgow,Szkocja
2025-11-23,,593.0,WAW,GLA,2025-11-07,Warszawa,Polska,Glasgow,Szkocja
2025-11-24,,601.0,WAW,GLA,2025-11-07,Warszawa,Polska,Glasgow,Szkocja
2025-11-25,,601.0,WAW,GLA,2025-11-07,Warszawa,Polska,Glasgow,Szkocja
2025-11-26,,601.0,WAW,GLA,2025-11-07,Warszawa,Polska,Glasgow,Szkocja
2025-11-27,,677.0,WAW,GLA,2025-11-07,Warszawa,Polska,Glasgow,Szkocja
2025-11-28,,809.0,WAW,GLA,2025-11-07,Warszawa,Polska,Glasgow,Szkocja
2025-11-29,,601.0,WAW,GLA,2025-11-07,Warszawa,Polska,Glasgow,Szkocja
2025-11-30,,584.0,WAW,GLA,2025-11-07,Warszawa,Polska,Glasgow,Szkocja
2025-12-01,,584.0,WAW,GLA,2025-11-07,Warszawa,Polska,Glasgow,Szkocja
2025-12-02,,506.0,WAW,GLA,2025-11-07,Warszawa,Polska,Glasgow,Szkocja
2025-12-03,,506.0,WAW,GLA,2025-11-07,Warszawa,Polska,Glasgow,Szkocja
2025-12-04,,506.0,WAW,GLA,2025-11-07,Warszawa,Polska,Glasgow,Szkocja
2025-12-05,,506.0,WAW,GLA,2025-11-07,Warszawa,Polska,Glasgow,Szkocja
2025-12-06,,506.0,WAW,GLA,2025-11-07,Warszawa,Polska,Glasgow,Szkocja
2025-12-07,,435.0,WAW,GLA,2025-11-07,Warszawa,Polska,Glasgow,Szkocja
2025-12-08,,435.0,WAW,GLA,2025-11-07,Warszawa,Polska,Glasgow,Szkocja
2025-12-09,,506.0,WAW,GLA,2025-11-07,Warszawa,Polska,Glasgow,Szkocja
2025-12-10,,435.0,WAW,GLA,2025-11-07,Warszawa,Polska,Glasgow,Szkocja
2025-12-11,,559.0,WAW,GLA,2025-11-07,Warszawa,Polska,Glasgow,Szkocja
2025-12-12,,649.0,WAW,GLA,2025-11-07,Warszawa,Polska,Glasgow,Szkocja
2025-12-13,,435.0,WAW,GLA,2025-11-07,Warszawa,Polska,Glasgow,Szkocja
2025-12-14,,435.0,WAW,GLA,2025-11-07,Warszawa,Polska,Glasgow,Szkocja
2025-12-15,,435.0,WAW,GLA,2025-11-07,Warszawa,Polska,Glasgow,Szkocja
2025-12-16,,435.0,WAW,GLA,2025-11-07,Warszawa,Polska,Glasgow,Szkocja
2025-12-17,,435.0,WAW,GLA,2025-11-07,Warszawa,Polska,Glasgow,Szkocja
2025-12-18,,435.0,WAW,GLA,2025-11-07,Warszawa,Polska,Glasgow,Szkocja
2025-12-19,,584.0,WAW,GLA,2025-11-07,Warszawa,Polska,Glasgow,Szkocja
2025-12-20,,584.0,WAW,GLA,2025-11-07,Warszawa,Polska,Glasgow,Szkocja
2025-12-21,,584.0,WAW,GLA,2025-11-07,Warszawa,Polska,Glasgow,Szkocja
2025-12-22,,584.0,WAW,GLA,2025-11-07,Warszawa,Polska,Glasgow,Szkocja
2025-12-23,,506.0,WAW,GLA,2025-11-07,Warszawa,Polska,Glasgow,Szkocja
2025-12-24,,506.0,WAW,GLA,2025-11-07,Warszawa,Polska,Glasgow,Szkocja
2025-12-25,,435.0,WAW,GLA,2025-11-07,Warszawa,Polska,Glasgow,Szkocja
2025-12-26,,659.0,WAW,GLA,2025-11-07,Warszawa,Polska,Glasgow,Szkocja
2025-12-27,,1751.0,WAW,GLA,2025-11-07,Warszawa,Polska,Glasgow,Szkocja
2025-12-28,,1271.0,WAW,GLA,2025-11-07,Warszawa,Polska,Glasgow,Szkocja
2025-12-29,,1062.0,WAW,GLA,2025-11-07,Warszawa,Polska,Glasgow,Szkocja
2025-12-30,,1032.0,WAW,GLA,2025-11-07,Warszawa,Polska,Glasgow,Szkocja
2025-12-31,,543.0,WAW,GLA,2025-11-07,Warszawa,Polska,Glasgow,Szkocja
2026-01-01,,584.0,WAW,GLA,2025-11-07,Warszawa,Polska,Glasgow,Szkocja
2026-01-02,,1271.0,WAW,GLA,2025-11-07,Warszawa,Polska,Glasgow,Szkocja
2026-01-03,,942.0,WAW,GLA,2025-11-07,Warszawa,Polska,Glasgow,Szkocja
2026-01-04,,1152.0,WAW,GLA,2025-11-07,Warszawa,Polska,Glasgow,Szkocja
2026-01-05,,891.0,WAW,GLA,2025-11-07,Warszawa,Polska,Glasgow,Szkocja
2026-01-06,,718.0,WAW,GLA,2025-11-07,Warszawa,Polska,Glasgow,Szkocja
2026-01-07,,659.0,WAW,GLA,2025-11-07,Warszawa,Polska,Glasgow,Szkocja
2026-01-08,,435.0,WAW,GLA,2025-11-07,Warszawa,Polska,Glasgow,Szkocja
2026-01-09,,506.0,WAW,GLA,2025-11-07,Warszawa,Polska,Glasgow,Szkocja
2026-01-10,,435.0,WAW,GLA,2025-11-07,Warszawa,Polska,Glasgow,Szkocja
2026-01-11,,435.0,WAW,GLA,2025-11-07,Warszawa,Polska,Glasgow,Szkocja
2026-01-12,,435.0,WAW,GLA,2025-11-07,Warszawa,Polska,Glasgow,Szkocja
2026-01-13,,435.0,WAW,GLA,2025-11-07,Warszawa,Polska,Glasgow,Szkocja
2026-01-14,,435.0,WAW,GLA,2025-11-07,Warszawa,Polska,Glasgow,Szkocja
2026-01-15,,584.0,WAW,GLA,2025-11-07,Warszawa,Polska,Glasgow,Szkocja
2026-01-16,,677.0,WAW,GLA,2025-11-07,Warszawa,Polska,Glasgow,Szkocja
2026-01-17,,645.0,WAW,GLA,2025-11-07,Warszawa,Polska,Glasgow,Szkocja
2026-01-18,,731.0,WAW,GLA,2025-11-07,Warszawa,Polska,Glasgow,Szkocja
2026-01-19,,561.0,WAW,GLA,2025-11-07,Warszawa,Polska,Glasgow,Szkocja
2026-01-20,,506.0,WAW,GLA,2025-11-07,Warszawa,Polska,Glasgow,Szkocja
2026-01-21,,506.0,WAW,GLA,2025-11-07,Warszawa,Polska,Glasgow,Szkocja
2026-01-22,,561.0,WAW,GLA,2025-11-07,Warszawa,Polska,Glasgow,Szkocja
2026-01-23,,659.0,WAW,GLA,2025-11-07,Warszawa,Polska,Glasgow,Szkocja
2026-01-24,,435.0,WAW,GLA,2025-11-07,Warszawa,Polska,Glasgow,Szkocja
2026-01-25,,435.0,WAW,GLA,2025-11-07,Warszawa,Polska,Glasgow,Szkocja
2026-01-26,,435.0,WAW,GLA,2025-11-07,Warszawa,Polska,Glasgow,Szkocja
2026-01-27,,435.0,WAW,GLA,2025-11-07,Warszawa,Polska,Glasgow,Szkocja
2026-01-28,,603.0,WAW,GLA,2025-11-07,Warszawa,Polska,Glasgow,Szkocja
2026-01-29,,603.0,WAW,GLA,2025-11-07,Warszawa,Polska,Glasgow,Szkocja
2026-01-30,,603.0,WAW,GLA,2025-11-07,Warszawa,Polska,Glasgow,Szkocja
2025-11-07,,3549.0,WAW,EDI,2025-11-07,Warszawa,Polska,Edynburg,Szkocja
2025-11-08,,1547.0,WAW,EDI,2025-11-07,Warszawa,Polska,Edynburg,Szkocja
2025-11-09,,1381.0,WAW,EDI,2025-11-07,Warszawa,Polska,Edynburg,Szkocja
2025-11-10,,643.0,WAW,EDI,2025-11-07,Warszawa,Polska,Edynburg,Szkocja
2025-11-11,,751.0,WAW,EDI,2025-11-07,Warszawa,Polska,Edynburg,Szkocja
2025-11-12,,683.0,WAW,EDI,2025-11-07,Warszawa,Polska,Edynburg,Szkocja
2025-11-13,,683.0,WAW,EDI,2025-11-07,Warszawa,Polska,Edynburg,Szkocja
2025-11-14,,751.0,WAW,EDI,2025-11-07,Warszawa,Polska,Edynburg,Szkocja
2025-11-15,,819.0,WAW,EDI,2025-11-07,Warszawa,Polska,Edynburg,Szkocja
2025-11-16,,979.0,WAW,EDI,2025-11-07,Warszawa,Polska,Edynburg,Szkocja
2025-11-17,,559.0,WAW,EDI,2025-11-07,Warszawa,Polska,Edynburg,Szkocja
2025-11-18,,559.0,WAW,EDI,2025-11-07,Warszawa,Polska,Edynburg,Szkocja
2025-11-19,,559.0,WAW,EDI,2025-11-07,Warszawa,Polska,Edynburg,Szkocja
2025-11-20,,559.0,WAW,EDI,2025-11-07,Warszawa,Polska,Edynburg,Szkocja
2025-11-21,,801.0,WAW,EDI,2025-11-07,Warszawa,Polska,Edynburg,Szkocja
2025-11-22,,559.0,WAW,EDI,2025-11-07,Warszawa,Polska,Edynburg,Szkocja
2025-11-23,,700.0,WAW,EDI,2025-11-07,Warszawa,Polska,Edynburg,Szkocja
2025-11-24,,601.0,WAW,EDI,2025-11-07,Warszawa,Polska,Edynburg,Szkocja
2025-11-25,,601.0,WAW,EDI,2025-11-07,Warszawa,Polska,Edynburg,Szkocja
2025-11-26,,635.0,WAW,EDI,2025-11-07,Warszawa,Polska,Edynburg,Szkocja
2025-11-27,,635.0,WAW,EDI,2025-11-07,Warszawa,Polska,Edynburg,Szkocja
2025-11-28,,747.0,WAW,EDI,2025-11-07,Warszawa,Polska,Edynburg,Szkocja
2025-11-29,,601.0,WAW,EDI,2025-11-07,Warszawa,Polska,Edynburg,Szkocja
2025-11-30,,604.0,WAW,EDI,2025-11-07,Warszawa,Polska,Edynburg,Szkocja
2025-12-01,,604.0,WAW,EDI,2025-11-07,Warszawa,Polska,Edynburg,Szkocja
2025-12-02,,526.0,WAW,EDI,2025-11-07,Warszawa,Polska,Edynburg,Szkocja
2025-12-03,,526.0,WAW,EDI,2025-11-07,Warszawa,Polska,Edynburg,Szkocja
2025-12-04,,526.0,WAW,EDI,2025-11-07,Warszawa,Polska,Edynburg,Szkocja
2025-12-05,,526.0,WAW,EDI,2025-11-07,Warszawa,Polska,Edynburg,Szkocja
2025-12-06,,526.0,WAW,EDI,2025-11-07,Warszawa,Polska,Edynburg,Szkocja
2025-12-07,,452.0,WAW,EDI,2025-11-07,Warszawa,Polska,Edynburg,Szkocja
2025-12-08,,452.0,WAW,EDI,2025-11-07,Warszawa,Polska,Edynburg,Szkocja
2025-12-09,,452.0,WAW,EDI,2025-11-07,Warszawa,Polska,Edynburg,Szkocja
2025-12-10,,452.0,WAW,EDI,2025-11-07,Warszawa,Polska,Edynburg,Szkocja
2025-12-11,,559.0,WAW,EDI,2025-11-07,Warszawa,Polska,Edynburg,Szkocja
2025-12-12,,573.0,WAW,EDI,2025-11-07,Warszawa,Polska,Edynburg,Szkocja
2025-12-13,,452.0,WAW,EDI,2025-11-07,Warszawa,Polska,Edynburg,Szkocja
2025-12-14,,452.0,WAW,EDI,2025-11-07,Warszawa,Polska,Edynburg,Szkocja
2025-12-15,,452.0,WAW,EDI,2025-11-07,Warszawa,Polska,Edynburg,Szkocja
2025-12-16,,452.0,WAW,EDI,2025-11-07,Warszawa,Polska,Edynburg,Szkocja
2025-12-17,,452.0,WAW,EDI,2025-11-07,Warszawa,Polska,Edynburg,Szkocja
2025-12-18,,526.0,WAW,EDI,2025-11-07,Warszawa,Polska,Edynburg,Szkocja
2025-12-19,,601.0,WAW,EDI,2025-11-07,Warszawa,Polska,Edynburg,Szkocja
2025-12-20,,700.0,WAW,EDI,2025-11-07,Warszawa,Polska,Edynburg,Szkocja
2025-12-21,,604.0,WAW,EDI,2025-11-07,Warszawa,Polska,Edynburg,Szkocja
2025-12-22,,637.0,WAW,EDI,2025-11-07,Warszawa,Polska,Edynburg,Szkocja
2025-12-23,,585.0,WAW,EDI,2025-11-07,Warszawa,Polska,Edynburg,Szkocja
2025-12-24,,452.0,WAW,EDI,2025-11-07,Warszawa,Polska,Edynburg,Szkocja
2025-12-25,,637.0,WAW,EDI,2025-11-07,Warszawa,Polska,Edynburg,Szkocja
2025-12-26,,997.0,WAW,EDI,2025-11-07,Warszawa,Polska,Edynburg,Szkocja
2025-12-27,,1303.0,WAW,EDI,2025-11-07,Warszawa,Polska,Edynburg,Szkocja
2025-12-28,,1177.0,WAW,EDI,2025-11-07,Warszawa,Polska,Edynburg,Szkocja
2025-12-29,,1167.0,WAW,EDI,2025-11-07,Warszawa,Polska,Edynburg,Szkocja
2025-12-30,,956.0,WAW,EDI,2025-11-07,Warszawa,Polska,Edynburg,Szkocja
2025-12-31,,526.0,WAW,EDI,2025-11-07,Warszawa,Polska,Edynburg,Szkocja
2026-01-01,,565.0,WAW,EDI,2025-11-07,Warszawa,Polska,Edynburg,Szkocja
2026-01-02,,986.0,WAW,EDI,2025-11-07,Warszawa,Polska,Edynburg,Szkocja
2026-01-03,,924.0,WAW,EDI,2025-11-07,Warszawa,Polska,Edynburg,Szkocja
2026-01-04,,999.0,WAW,EDI,2025-11-07,Warszawa,Polska,Edynburg,Szkocja
2026-01-05,,924.0,WAW,EDI,2025-11-07,Warszawa,Polska,Edynburg,Szkocja
2026-01-06,,637.0,WAW,EDI,2025-11-07,Warszawa,Polska,Edynburg,Szkocja
2026-01-07,,603.0,WAW,EDI,2025-11-07,Warszawa,Polska,Edynburg,Szkocja
2026-01-08,,452.0,WAW,EDI,2025-11-07,Warszawa,Polska,Edynburg,Szkocja
2026-01-09,,452.0,WAW,EDI,2025-11-07,Warszawa,Polska,Edynburg,Szkocja
2026-01-10,,526.0,WAW,EDI,2025-11-07,Warszawa,Polska,Edynburg,Szkocja
2026-01-11,,452.0,WAW,EDI,2025-11-07,Warszawa,Polska,Edynburg,Szkocja
2026-01-12,,452.0,WAW,EDI,2025-11-07,Warszawa,Polska,Edynburg,Szkocja
2026-01-13,,452.0,WAW,EDI,2025-11-07,Warszawa,Polska,Edynburg,Szkocja
2026-01-14,,452.0,WAW,EDI,2025-11-07,Warszawa,Polska,Edynburg,Szkocja
2026-01-15,,604.0,WAW,EDI,2025-11-07,Warszawa,Polska,Edynburg,Szkocja
2026-01-16,,700.0,WAW,EDI,2025-11-07,Warszawa,Polska,Edynburg,Szkocja
2026-01-17,,645.0,WAW,EDI,2025-11-07,Warszawa,Polska,Edynburg,Szkocja
2026-01-18,,592.0,WAW,EDI,2025-11-07,Warszawa,Polska,Edynburg,Szkocja
2026-01-19,,561.0,WAW,EDI,2025-11-07,Warszawa,Polska,Edynburg,Szkocja
2026-01-20,,452.0,WAW,EDI,2025-11-07,Warszawa,Polska,Edynburg,Szkocja
2026-01-21,,452.0,WAW,EDI,2025-11-07,Warszawa,Polska,Edynburg,Szkocja
2026-01-22,,561.0,WAW,EDI,2025-11-07,Warszawa,Polska,Edynburg,Szkocja
2026-01-23,,561.0,WAW,EDI,2025-11-07,Warszawa,Polska,Edynburg,Szkocja
2026-01-24,,452.0,WAW,EDI,2025-11-07,Warszawa,Polska,Edynburg,Szkocja
2026-01-25,,452.0,WAW,EDI,2025-11-07,Warszawa,Polska,Edynburg,Szkocja
2026-01-26,,452.0,WAW,EDI,2025-11-07,Warszawa,Polska,Edynburg,Szkocja
2026-01-27,,452.0,WAW,EDI,2025-11-07,Warszawa,Polska,Edynburg,Szkocja
2026-01-28,,603.0,WAW,EDI,2025-11-07,Warszawa,Polska,Edynburg,Szkocja
2026-01-29,,584.0,WAW,EDI,2025-11-07,Warszawa,Polska,Edynburg,Szkocja
2026-01-30,,584.0,WAW,EDI,2025-11-07,Warszawa,Polska,Edynburg,Szkocja
2025-11-07,,10937.0,WAW,MEX,2025-11-07,Warszawa,Polska,Meksyk,Meksyk
2025-11-08,,4759.0,WAW,MEX,2025-11-07,Warszawa,Polska,Meksyk,Meksyk
2025-11-09,,4216.0,WAW,MEX,2025-11-07,Warszawa,Polska,Meksyk,Meksyk
2025-11-10,,3912.0,WAW,MEX,2025-11-07,Warszawa,Polska,Meksyk,Meksyk
2025-11-11,,3912.0,WAW,MEX,2025-11-07,Warszawa,Polska,Meksyk,Meksyk
2025-11-12,,3912.0,WAW,MEX,2025-11-07,Warszawa,Polska,Meksyk,Meksyk
2025-11-13,,3912.0,WAW,MEX,2025-11-07,Warszawa,Polska,Meksyk,Meksyk
2025-11-14,,3955.0,WAW,MEX,2025-11-07,Warszawa,Polska,Meksyk,Meksyk
2025-11-15,,3955.0,WAW,MEX,2025-11-07,Warszawa,Polska,Meksyk,Meksyk
2025-11-16,,3955.0,WAW,MEX,2025-11-07,Warszawa,Polska,Meksyk,Meksyk
2025-11-17,,3409.0,WAW,MEX,2025-11-07,Warszawa,Polska,Meksyk,Meksyk
2025-11-18,,3409.0,WAW,MEX,2025-11-07,Warszawa,Polska,Meksyk,Meksyk
2025-11-19,,3409.0,WAW,MEX,2025-11-07,Warszawa,Polska,Meksyk,Meksyk
2025-11-20,,3230.0,WAW,MEX,2025-11-07,Warszawa,Polska,Meksyk,Meksyk
2025-11-21,,3742.0,WAW,MEX,2025-11-07,Warszawa,Polska,Meksyk,Meksyk
2025-11-22,,3955.0,WAW,MEX,2025-11-07,Warszawa,Polska,Meksyk,Meksyk
2025-11-23,,3742.0,WAW,MEX,2025-11-07,Warszawa,Polska,Meksyk,Meksyk
2025-11-24,,3016.0,WAW,MEX,2025-11-07,Warszawa,Polska,Meksyk,Meksyk
2025-11-25,,3409.0,WAW,MEX,2025-11-07,Warszawa,Polska,Meksyk,Meksyk
2025-11-26,,3409.0,WAW,MEX,2025-11-07,Warszawa,Polska,Meksyk,Meksyk
2025-11-27,,3272.0,WAW,MEX,2025-11-07,Warszawa,Polska,Meksyk,Meksyk
2025-11-28,,3742.0,WAW,MEX,2025-11-07,Warszawa,Polska,Meksyk,Meksyk
2025-11-29,,3955.0,WAW,MEX,2025-11-07,Warszawa,Polska,Meksyk,Meksyk
2025-11-30,,3742.0,WAW,MEX,2025-11-07,Warszawa,Polska,Meksyk,Meksyk
2025-12-01,,3398.0,WAW,MEX,2025-11-07,Warszawa,Polska,Meksyk,Meksyk
2025-12-02,,3409.0,WAW,MEX,2025-11-07,Warszawa,Polska,Meksyk,Meksyk
2025-12-03,,3409.0,WAW,MEX,2025-11-07,Warszawa,Polska,Meksyk,Meksyk
2025-12-04,,3188.0,WAW,MEX,2025-11-07,Warszawa,Polska,Meksyk,Meksyk
2025-12-05,,3128.0,WAW,MEX,2025-11-07,Warszawa,Polska,Meksyk,Meksyk
2025-12-06,,3075.0,WAW,MEX,2025-11-07,Warszawa,Polska,Meksyk,Meksyk
2025-12-07,,3075.0,WAW,MEX,2025-11-07,Warszawa,Polska,Meksyk,Meksyk
2025-12-08,,3075.0,WAW,MEX,2025-11-07,Warszawa,Polska,Meksyk,Meksyk
2025-12-09,,2937.0,WAW,MEX,2025-11-07,Warszawa,Polska,Meksyk,Meksyk
2025-12-10,,3075.0,WAW,MEX,2025-11-07,Warszawa,Polska,Meksyk,Meksyk
2025-12-11,,3075.0,WAW,MEX,2025-11-07,Warszawa,Polska,Meksyk,Meksyk
2025-12-12,,3075.0,WAW,MEX,2025-11-07,Warszawa,Polska,Meksyk,Meksyk
2025-12-13,,3075.0,WAW,MEX,2025-11-07,Warszawa,Polska,Meksyk,Meksyk
2025-12-14,,3742.0,WAW,MEX,2025-11-07,Warszawa,Polska,Meksyk,Meksyk
2025-12-15,,3075.0,WAW,MEX,2025-11-07,Warszawa,Polska,Meksyk,Meksyk
2025-12-16,,3075.0,WAW,MEX,2025-11-07,Warszawa,Polska,Meksyk,Meksyk
2025-12-17,,3075.0,WAW,MEX,2025-11-07,Warszawa,Polska,Meksyk,Meksyk
2025-12-18,,3618.0,WAW,MEX,2025-11-07,Warszawa,Polska,Meksyk,Meksyk
2025-12-19,,3955.0,WAW,MEX,2025-11-07,Warszawa,Polska,Meksyk,Meksyk
2025-12-20,,3955.0,WAW,MEX,2025-11-07,Warszawa,Polska,Meksyk,Meksyk
2025-12-21,,3955.0,WAW,MEX,2025-11-07,Warszawa,Polska,Meksyk,Meksyk
2025-12-22,,3571.0,WAW,MEX,2025-11-07,Warszawa,Polska,Meksyk,Meksyk
2025-12-23,,3571.0,WAW,MEX,2025-11-07,Warszawa,Polska,Meksyk,Meksyk
2025-12-24,,3075.0,WAW,MEX,2025-11-07,Warszawa,Polska,Meksyk,Meksyk
2025-12-25,,3699.0,WAW,MEX,2025-11-07,Warszawa,Polska,Meksyk,Meksyk
2025-12-26,,3796.0,WAW,MEX,2025-11-07,Warszawa,Polska,Meksyk,Meksyk
2025-12-27,,3473.0,WAW,MEX,2025-11-07,Warszawa,Polska,Meksyk,Meksyk
2025-12-28,,3473.0,WAW,MEX,2025-11-07,Warszawa,Polska,Meksyk,Meksyk
2025-12-29,,3870.0,WAW,MEX,2025-11-07,Warszawa,Polska,Meksyk,Meksyk
2025-12-30,,3457.0,WAW,MEX,2025-11-07,Warszawa,Polska,Meksyk,Meksyk
2025-12-31,,3404.0,WAW,MEX,2025-11-07,Warszawa,Polska,Meksyk,Meksyk
2026-01-01,,3404.0,WAW,MEX,2025-11-07,Warszawa,Polska,Meksyk,Meksyk
2026-01-02,,3955.0,WAW,MEX,2025-11-07,Warszawa,Polska,Meksyk,Meksyk
2026-01-03,,3955.0,WAW,MEX,2025-11-07,Warszawa,Polska,Meksyk,Meksyk
2026-01-04,,3955.0,WAW,MEX,2025-11-07,Warszawa,Polska,Meksyk,Meksyk
2026-01-05,,3404.0,WAW,MEX,2025-11-07,Warszawa,Polska,Meksyk,Meksyk
2026-01-06,,3075.0,WAW,MEX,2025-11-07,Warszawa,Polska,Meksyk,Meksyk
2026-01-07,,3149.0,WAW,MEX,2025-11-07,Warszawa,Polska,Meksyk,Meksyk
2026-01-08,,3075.0,WAW,MEX,2025-11-07,Warszawa,Polska,Meksyk,Meksyk
2026-01-09,,2136.0,WAW,MEX,2025-11-07,Warszawa,Polska,Meksyk,Meksyk
2026-01-10,,2136.0,WAW,MEX,2025-11-07,Warszawa,Polska,Meksyk,Meksyk
2026-01-11,,2136.0,WAW,MEX,2025-11-07,Warszawa,Polska,Meksyk,Meksyk
2026-01-12,,2136.0,WAW,MEX,2025-11-07,Warszawa,Polska,Meksyk,Meksyk
2026-01-13,,2136.0,WAW,MEX,2025-11-07,Warszawa,Polska,Meksyk,Meksyk
2026-01-14,,2136.0,WAW,MEX,2025-11-07,Warszawa,Polska,Meksyk,Meksyk
2026-01-15,,2136.0,WAW,MEX,2025-11-07,Warszawa,Polska,Meksyk,Meksyk
2026-01-16,,2136.0,WAW,MEX,2025-11-07,Warszawa,Polska,Meksyk,Meksyk
2026-01-17,,2136.0,WAW,MEX,2025-11-07,Warszawa,Polska,Meksyk,Meksyk
2026-01-18,,2136.0,WAW,MEX,2025-11-07,Warszawa,Polska,Meksyk,Meksyk
2026-01-19,,2136.0,WAW,MEX,2025-11-07,Warszawa,Polska,Meksyk,Meksyk
2026-01-20,,2136.0,WAW,MEX,2025-11-07,Warszawa,Polska,Meksyk,Meksyk
2026-01-21,,2136.0,WAW,MEX,2025-11-07,Warszawa,Polska,Meksyk,Meksyk
2026-01-22,,2136.0,WAW,MEX,2025-11-07,Warszawa,Polska,Meksyk,Meksyk
2026-01-23,,2136.0,WAW,MEX,2025-11-07,Warszawa,Polska,Meksyk,Meksyk
2026-01-24,,2136.0,WAW,MEX,2025-11-07,Warszawa,Polska,Meksyk,Meksyk
2026-01-25,,2136.0,WAW,MEX,2025-11-07,Warszawa,Polska,Meksyk,Meksyk
2026-01-26,,2136.0,WAW,MEX,2025-11-07,Warszawa,Polska,Meksyk,Meksyk
2026-01-27,,2136.0,WAW,MEX,2025-11-07,Warszawa,Polska,Meksyk,Meksyk
2026-01-28,,2136.0,WAW,MEX,2025-11-07,Warszawa,Polska,Meksyk,Meksyk
2026-01-29,,2136.0,WAW,MEX,2025-11-07,Warszawa,Polska,Meksyk,Meksyk
2026-01-30,,2136.0,WAW,MEX,2025-11-07,Warszawa,Polska,Meksyk,Meksyk
2025-11-07,,4699.0,WAW,CUN,2025-11-07,Warszawa,Polska,Cancún,Meksyk
2025-11-08,,4209.0,WAW,CUN,2025-11-07,Warszawa,Polska,Cancún,Meksyk
2025-11-09,,4151.0,WAW,CUN,2025-11-07,Warszawa,Polska,Cancún,Meksyk
2025-11-10,,4151.0,WAW,CUN,2025-11-07,Warszawa,Polska,Cancún,Meksyk
2025-11-11,,4151.0,WAW,CUN,2025-11-07,Warszawa,Polska,Cancún,Meksyk
2025-11-12,,4080.0,WAW,CUN,2025-11-07,Warszawa,Polska,Cancún,Meksyk
2025-11-13,,2932.0,WAW,CUN,2025-11-07,Warszawa,Polska,Cancún,Meksyk
2025-11-14,,3186.0,WAW,CUN,2025-11-07,Warszawa,Polska,Cancún,Meksyk
2025-11-15,,4151.0,WAW,CUN,2025-11-07,Warszawa,Polska,Cancún,Meksyk
2025-11-16,,3187.0,WAW,CUN,2025-11-07,Warszawa,Polska,Cancún,Meksyk
2025-11-17,,3187.0,WAW,CUN,2025-11-07,Warszawa,Polska,Cancún,Meksyk
2025-11-18,,2933.0,WAW,CUN,2025-11-07,Warszawa,Polska,Cancún,Meksyk
2025-11-19,,2933.0,WAW,CUN,2025-11-07,Warszawa,Polska,Cancún,Meksyk
2025-11-20,,2931.0,WAW,CUN,2025-11-07,Warszawa,Polska,Cancún,Meksyk
2025-11-21,,2931.0,WAW,CUN,2025-11-07,Warszawa,Polska,Cancún,Meksyk
2025-11-22,,4080.0,WAW,CUN,2025-11-07,Warszawa,Polska,Cancún,Meksyk
2025-11-23,,3187.0,WAW,CUN,2025-11-07,Warszawa,Polska,Cancún,Meksyk
2025-11-24,,3016.0,WAW,CUN,2025-11-07,Warszawa,Polska,Cancún,Meksyk
2025-11-25,,2933.0,WAW,CUN,2025-11-07,Warszawa,Polska,Cancún,Meksyk
2025-11-26,,2932.0,WAW,CUN,2025-11-07,Warszawa,Polska,Cancún,Meksyk
2025-11-27,,3101.0,WAW,CUN,2025-11-07,Warszawa,Polska,Cancún,Meksyk
2025-11-28,,2932.0,WAW,CUN,2025-11-07,Warszawa,Polska,Cancún,Meksyk
2025-11-29,,2933.0,WAW,CUN,2025-11-07,Warszawa,Polska,Cancún,Meksyk
2025-11-30,,2932.0,WAW,CUN,2025-11-07,Warszawa,Polska,Cancún,Meksyk
2025-12-01,,2933.0,WAW,CUN,2025-11-07,Warszawa,Polska,Cancún,Meksyk
2025-12-02,,2932.0,WAW,CUN,2025-11-07,Warszawa,Polska,Cancún,Meksyk
2025-12-03,,2932.0,WAW,CUN,2025-11-07,Warszawa,Polska,Cancún,Meksyk
2025-12-04,,2931.0,WAW,CUN,2025-11-07,Warszawa,Polska,Cancún,Meksyk
2025-12-05,,2932.0,WAW,CUN,2025-11-07,Warszawa,Polska,Cancún,Meksyk
2025-12-06,,2900.0,WAW,CUN,2025-11-07,Warszawa,Polska,Cancún,Meksyk
2025-12-07,,2708.0,WAW,CUN,2025-11-07,Warszawa,Polska,Cancún,Meksyk
2025-12-08,,2932.0,WAW,CUN,2025-11-07,Warszawa,Polska,Cancún,Meksyk
2025-12-09,,2931.0,WAW,CUN,2025-11-07,Warszawa,Polska,Cancún,Meksyk
2025-12-10,,2932.0,WAW,CUN,2025-11-07,Warszawa,Polska,Cancún,Meksyk
2025-12-11,,2932.0,WAW,CUN,2025-11-07,Warszawa,Polska,Cancún,Meksyk
2025-12-12,,3068.0,WAW,CUN,2025-11-07,Warszawa,Polska,Cancún,Meksyk
2025-12-13,,3032.0,WAW,CUN,2025-11-07,Warszawa,Polska,Cancún,Meksyk
2025-12-14,,3032.0,WAW,CUN,2025-11-07,Warszawa,Polska,Cancún,Meksyk
2025-12-15,,3068.0,WAW,CUN,2025-11-07,Warszawa,Polska,Cancún,Meksyk
2025-12-16,,3068.0,WAW,CUN,2025-11-07,Warszawa,Polska,Cancún,Meksyk
2025-12-17,,3068.0,WAW,CUN,2025-11-07,Warszawa,Polska,Cancún,Meksyk
2025-12-18,,3439.0,WAW,CUN,2025-11-07,Warszawa,Polska,Cancún,Meksyk
2025-12-19,,3564.0,WAW,CUN,2025-11-07,Warszawa,Polska,Cancún,Meksyk
2025-12-20,,3564.0,WAW,CUN,2025-11-07,Warszawa,Polska,Cancún,Meksyk
2025-12-21,,3564.0,WAW,CUN,2025-11-07,Warszawa,Polska,Cancún,Meksyk
2025-12-22,,3385.0,WAW,CUN,2025-11-07,Warszawa,Polska,Cancún,Meksyk
2025-12-23,,3068.0,WAW,CUN,2025-11-07,Warszawa,Polska,Cancún,Meksyk
2025-12-24,,3068.0,WAW,CUN,2025-11-07,Warszawa,Polska,Cancún,Meksyk
2025-12-25,,3397.0,WAW,CUN,2025-11-07,Warszawa,Polska,Cancún,Meksyk
2025-12-26,,3068.0,WAW,CUN,2025-11-07,Warszawa,Polska,Cancún,Meksyk
2025-12-27,,3068.0,WAW,CUN,2025-11-07,Warszawa,Polska,Cancún,Meksyk
2025-12-28,,3068.0,WAW,CUN,2025-11-07,Warszawa,Polska,Cancún,Meksyk
2025-12-29,,2732.0,WAW,CUN,2025-11-07,Warszawa,Polska,Cancún,Meksyk
2025-12-30,,3068.0,WAW,CUN,2025-11-07,Warszawa,Polska,Cancún,Meksyk
2025-12-31,,3101.0,WAW,CUN,2025-11-07,Warszawa,Polska,Cancún,Meksyk
2026-01-01,,3032.0,WAW,CUN,2025-11-07,Warszawa,Polska,Cancún,Meksyk
2026-01-02,,3032.0,WAW,CUN,2025-11-07,Warszawa,Polska,Cancún,Meksyk
2026-01-03,,3979.0,WAW,CUN,2025-11-07,Warszawa,Polska,Cancún,Meksyk
2026-01-04,,3739.0,WAW,CUN,2025-11-07,Warszawa,Polska,Cancún,Meksyk
2026-01-05,,3032.0,WAW,CUN,2025-11-07,Warszawa,Polska,Cancún,Meksyk
2026-01-06,,3032.0,WAW,CUN,2025-11-07,Warszawa,Polska,Cancún,Meksyk
2026-01-07,,3032.0,WAW,CUN,2025-11-07,Warszawa,Polska,Cancún,Meksyk
2026-01-08,,3032.0,WAW,CUN,2025-11-07,Warszawa,Polska,Cancún,Meksyk
2026-01-09,,2129.0,WAW,CUN,2025-11-07,Warszawa,Polska,Cancún,Meksyk
2026-01-10,,2129.0,WAW,CUN,2025-11-07,Warszawa,Polska,Cancún,Meksyk
2026-01-11,,2129.0,WAW,CUN,2025-11-07,Warszawa,Polska,Cancún,Meksyk
2026-01-12,,2129.0,WAW,CUN,2025-11-07,Warszawa,Polska,Cancún,Meksyk
2026-01-13,,2129.0,WAW,CUN,2025-11-07,Warszawa,Polska,Cancún,Meksyk
2026-01-14,,2129.0,WAW,CUN,2025-11-07,Warszawa,Polska,Cancún,Meksyk
2026-01-15,,2129.0,WAW,CUN,2025-11-07,Warszawa,Polska,Cancún,Meksyk
2026-01-16,,2129.0,WAW,CUN,2025-11-07,Warszawa,Polska,Cancún,Meksyk
2026-01-17,,2129.0,WAW,CUN,2025-11-07,Warszawa,Polska,Cancún,Meksyk
2026-01-18,,2129.0,WAW,CUN,2025-11-07,Warszawa,Polska,Cancún,Meksyk
2026-01-19,,2129.0,WAW,CUN,2025-11-07,Warszawa,Polska,Cancún,Meksyk
2026-01-20,,2129.0,WAW,CUN,2025-11-07,Warszawa,Polska,Cancún,Meksyk
2026-01-21,,2129.0,WAW,CUN,2025-11-07,Warszawa,Polska,Cancún,Meksyk
2026-01-22,,2129.0,WAW,CUN,2025-11-07,Warszawa,Polska,Cancún,Meksyk
2026-01-23,,2129.0,WAW,CUN,2025-11-07,Warszawa,Polska,Cancún,Meksyk
2026-01-24,,2129.0,WAW,CUN,2025-11-07,Warszawa,Polska,Cancún,Meksyk
2026-01-25,,2129.0,WAW,CUN,2025-11-07,Warszawa,Polska,Cancún,Meksyk
2026-01-26,,2129.0,WAW,CUN,2025-11-07,Warszawa,Polska,Cancún,Meksyk
2026-01-27,,2129.0,WAW,CUN,2025-11-07,Warszawa,Polska,Cancún,Meksyk
2026-01-28,,2129.0,WAW,CUN,2025-11-07,Warszawa,Polska,Cancún,Meksyk
2026-01-29,,2129.0,WAW,CUN,2025-11-07,Warszawa,Polska,Cancún,Meksyk
2026-01-30,,2129.0,WAW,CUN,2025-11-07,Warszawa,Polska,Cancún,Meksyk
2025-11-07,,4618.0,WAW,BKK,2025-11-07,Warszawa,Polska,Bangkok,Tajlandia
2025-11-08,,2567.0,WAW,BKK,2025-11-07,Warszawa,Polska,Bangkok,Tajlandia
2025-11-09,,2492.0,WAW,BKK,2025-11-07,Warszawa,Polska,Bangkok,Tajlandia
2025-11-10,,2097.0,WAW,BKK,2025-11-07,Warszawa,Polska,Bangkok,Tajlandia
2025-11-11,,1959.0,WAW,BKK,2025-11-07,Warszawa,Polska,Bangkok,Tajlandia
2025-11-12,,1771.0,WAW,BKK,2025-11-07,Warszawa,Polska,Bangkok,Tajlandia
2025-11-13,,1951.0,WAW,BKK,2025-11-07,Warszawa,Polska,Bangkok,Tajlandia
2025-11-14,,1983.0,WAW,BKK,2025-11-07,Warszawa,Polska,Bangkok,Tajlandia
2025-11-15,,1894.0,WAW,BKK,2025-11-07,Warszawa,Polska,Bangkok,Tajlandia
2025-11-16,,1892.0,WAW,BKK,2025-11-07,Warszawa,Polska,Bangkok,Tajlandia
2025-11-17,,1807.0,WAW,BKK,2025-11-07,Warszawa,Polska,Bangkok,Tajlandia
2025-11-18,,1827.0,WAW,BKK,2025-11-07,Warszawa,Polska,Bangkok,Tajlandia
2025-11-19,,1771.0,WAW,BKK,2025-11-07,Warszawa,Polska,Bangkok,Tajlandia
2025-11-20,,1839.0,WAW,BKK,2025-11-07,Warszawa,Polska,Bangkok,Tajlandia
2025-11-21,,1878.0,WAW,BKK,2025-11-07,Warszawa,Polska,Bangkok,Tajlandia
2025-11-22,,1878.0,WAW,BKK,2025-11-07,Warszawa,Polska,Bangkok,Tajlandia
2025-11-23,,1771.0,WAW,BKK,2025-11-07,Warszawa,Polska,Bangkok,Tajlandia
2025-11-24,,1732.0,WAW,BKK,2025-11-07,Warszawa,Polska,Bangkok,Tajlandia
2025-11-25,,1770.0,WAW,BKK,2025-11-07,Warszawa,Polska,Bangkok,Tajlandia
2025-11-26,,1732.0,WAW,BKK,2025-11-07,Warszawa,Polska,Bangkok,Tajlandia
2025-11-27,,1743.0,WAW,BKK,2025-11-07,Warszawa,Polska,Bangkok,Tajlandia
2025-11-28,,1856.0,WAW,BKK,2025-11-07,Warszawa,Polska,Bangkok,Tajlandia
2025-11-29,,1818.0,WAW,BKK,2025-11-07,Warszawa,Polska,Bangkok,Tajlandia
2025-11-30,,1771.0,WAW,BKK,2025-11-07,Warszawa,Polska,Bangkok,Tajlandia
2025-12-01,,1771.0,WAW,BKK,2025-11-07,Warszawa,Polska,Bangkok,Tajlandia
2025-12-02,,1807.0,WAW,BKK,2025-11-07,Warszawa,Polska,Bangkok,Tajlandia
2025-12-03,,1770.0,WAW,BKK,2025-11-07,Warszawa,Polska,Bangkok,Tajlandia
2025-12-04,,1771.0,WAW,BKK,2025-11-07,Warszawa,Polska,Bangkok,Tajlandia
2025-12-05,,1743.0,WAW,BKK,2025-11-07,Warszawa,Polska,Bangkok,Tajlandia
2025-12-06,,1780.0,WAW,BKK,2025-11-07,Warszawa,Polska,Bangkok,Tajlandia
2025-12-07,,1771.0,WAW,BKK,2025-11-07,Warszawa,Polska,Bangkok,Tajlandia
2025-12-08,,1771.0,WAW,BKK,2025-11-07,Warszawa,Polska,Bangkok,Tajlandia
2025-12-09,,1883.0,WAW,BKK,2025-11-07,Warszawa,Polska,Bangkok,Tajlandia
2025-12-10,,1921.0,WAW,BKK,2025-11-07,Warszawa,Polska,Bangkok,Tajlandia
2025-12-11,,1771.0,WAW,BKK,2025-11-07,Warszawa,Polska,Bangkok,Tajlandia
2025-12-12,,2045.0,WAW,BKK,2025-11-07,Warszawa,Polska,Bangkok,Tajlandia
2025-12-13,,2191.0,WAW,BKK,2025-11-07,Warszawa,Polska,Bangkok,Tajlandia
2025-12-14,,2174.0,WAW,BKK,2025-11-07,Warszawa,Polska,Bangkok,Tajlandia
2025-12-15,,2260.0,WAW,BKK,2025-11-07,Warszawa,Polska,Bangkok,Tajlandia
2025-12-16,,2400.0,WAW,BKK,2025-11-07,Warszawa,Polska,Bangkok,Tajlandia
2025-12-17,,2522.0,WAW,BKK,2025-11-07,Warszawa,Polska,Bangkok,Tajlandia
2025-12-18,,2837.0,WAW,BKK,2025-11-07,Warszawa,Polska,Bangkok,Tajlandia
2025-12-19,,3725.0,WAW,BKK,2025-11-07,Warszawa,Polska,Bangkok,Tajlandia
2025-12-20,,4685.0,WAW,BKK,2025-11-07,Warszawa,Polska,Bangkok,Tajlandia
2025-12-21,,3739.0,WAW,BKK,2025-11-07,Warszawa,Polska,Bangkok,Tajlandia
2025-12-22,,2893.0,WAW,BKK,2025-11-07,Warszawa,Polska,Bangkok,Tajlandia
2025-12-23,,2522.0,WAW,BKK,2025-11-07,Warszawa,Polska,Bangkok,Tajlandia
2025-12-24,,2700.0,WAW,BKK,2025-11-07,Warszawa,Polska,Bangkok,Tajlandia
2025-12-25,,3427.0,WAW,BKK,2025-11-07,Warszawa,Polska,Bangkok,Tajlandia
2025-12-26,,3301.0,WAW,BKK,2025-11-07,Warszawa,Polska,Bangkok,Tajlandia
2025-12-27,,2888.0,WAW,BKK,2025-11-07,Warszawa,Polska,Bangkok,Tajlandia
2025-12-28,,2726.0,WAW,BKK,2025-11-07,Warszawa,Polska,Bangkok,Tajlandia
2025-12-29,,3091.0,WAW,BKK,2025-11-07,Warszawa,Polska,Bangkok,Tajlandia
2025-12-30,,2659.0,WAW,BKK,2025-11-07,Warszawa,Polska,Bangkok,Tajlandia
2025-12-31,,2050.0,WAW,BKK,2025-11-07,Warszawa,Polska,Bangkok,Tajlandia
2026-01-01,,2051.0,WAW,BKK,2025-11-07,Warszawa,Polska,Bangkok,Tajlandia
2026-01-02,,1915.0,WAW,BKK,2025-11-07,Warszawa,Polska,Bangkok,Tajlandia
2026-01-03,,1900.0,WAW,BKK,2025-11-07,Warszawa,Polska,Bangkok,Tajlandia
2026-01-04,,1748.0,WAW,BKK,2025-11-07,Warszawa,Polska,Bangkok,Tajlandia
2026-01-05,,1737.0,WAW,BKK,2025-11-07,Warszawa,Polska,Bangkok,Tajlandia
2026-01-06,,1737.0,WAW,BKK,2025-11-07,Warszawa,Polska,Bangkok,Tajlandia
2026-01-07,,1737.0,WAW,BKK,2025-11-07,Warszawa,Polska,Bangkok,Tajlandia
2026-01-08,,1748.0,WAW,BKK,2025-11-07,Warszawa,Polska,Bangkok,Tajlandia
2026-01-09,,1748.0,WAW,BKK,2025-11-07,Warszawa,Polska,Bangkok,Tajlandia
2026-01-10,,1749.0,WAW,BKK,2025-11-07,Warszawa,Polska,Bangkok,Tajlandia
2026-01-11,,1748.0,WAW,BKK,2025-11-07,Warszawa,Polska,Bangkok,Tajlandia
2026-01-12,,1737.0,WAW,BKK,2025-11-07,Warszawa,Polska,Bangkok,Tajlandia
2026-01-13,,1737.0,WAW,BKK,2025-11-07,Warszawa,Polska,Bangkok,Tajlandia
2026-01-14,,1737.0,WAW,BKK,2025-11-07,Warszawa,Polska,Bangkok,Tajlandia
2026-01-15,,1842.0,WAW,BKK,2025-11-07,Warszawa,Polska,Bangkok,Tajlandia
2026-01-16,,2239.0,WAW,BKK,2025-11-07,Warszawa,Polska,Bangkok,Tajlandia
2026-01-17,,2278.0,WAW,BKK,2025-11-07,Warszawa,Polska,Bangkok,Tajlandia
2026-01-18,,2056.0,WAW,BKK,2025-11-07,Warszawa,Polska,Bangkok,Tajlandia
2026-01-19,,1737.0,WAW,BKK,2025-11-07,Warszawa,Polska,Bangkok,Tajlandia
2026-01-20,,1737.0,WAW,BKK,2025-11-07,Warszawa,Polska,Bangkok,Tajlandia
2026-01-21,,1737.0,WAW,BKK,2025-11-07,Warszawa,Polska,Bangkok,Tajlandia
2026-01-22,,1748.0,WAW,BKK,2025-11-07,Warszawa,Polska,Bangkok,Tajlandia
2026-01-23,,1748.0,WAW,BKK,2025-11-07,Warszawa,Polska,Bangkok,Tajlandia
2026-01-24,,1747.0,WAW,BKK,2025-11-07,Warszawa,Polska,Bangkok,Tajlandia
2026-01-25,,1748.0,WAW,BKK,2025-11-07,Warszawa,Polska,Bangkok,Tajlandia
2026-01-26,,1737.0,WAW,BKK,2025-11-07,Warszawa,Polska,Bangkok,Tajlandia
2026-01-27,,1737.0,WAW,BKK,2025-11-07,Warszawa,Polska,Bangkok,Tajlandia
2026-01-28,,1737.0,WAW,BKK,2025-11-07,Warszawa,Polska,Bangkok,Tajlandia
2026-01-29,,1805.0,WAW,BKK,2025-11-07,Warszawa,Polska,Bangkok,Tajlandia
2026-01-30,,2164.0,WAW,BKK,2025-11-07,Warszawa,Polska,Bangkok,Tajlandia
2025-11-07,,3901.0,WAW,HKT,2025-11-07,Warszawa,Polska,Phuket,Tajlandia
2025-11-08,,2567.0,WAW,HKT,2025-11-07,Warszawa,Polska,Phuket,Tajlandia
2025-11-09,,2038.0,WAW,HKT,2025-11-07,Warszawa,Polska,Phuket,Tajlandia
2025-11-10,,1749.0,WAW,HKT,2025-11-07,Warszawa,Polska,Phuket,Tajlandia
2025-11-11,,1959.0,WAW,HKT,2025-11-07,Warszawa,Polska,Phuket,Tajlandia
2025-11-12,,1749.0,WAW,HKT,2025-11-07,Warszawa,Polska,Phuket,Tajlandia
2025-11-13,,1912.0,WAW,HKT,2025-11-07,Warszawa,Polska,Phuket,Tajlandia
2025-11-14,,2392.0,WAW,HKT,2025-11-07,Warszawa,Polska,Phuket,Tajlandia
2025-11-15,,1894.0,WAW,HKT,2025-11-07,Warszawa,Polska,Phuket,Tajlandia
2025-11-16,,1787.0,WAW,HKT,2025-11-07,Warszawa,Polska,Phuket,Tajlandia
2025-11-17,,1822.0,WAW,HKT,2025-11-07,Warszawa,Polska,Phuket,Tajlandia
2025-11-18,,1828.0,WAW,HKT,2025-11-07,Warszawa,Polska,Phuket,Tajlandia
2025-11-19,,1841.0,WAW,HKT,2025-11-07,Warszawa,Polska,Phuket,Tajlandia
2025-11-20,,2064.0,WAW,HKT,2025-11-07,Warszawa,Polska,Phuket,Tajlandia
2025-11-21,,2008.0,WAW,HKT,2025-11-07,Warszawa,Polska,Phuket,Tajlandia
2025-11-22,,1894.0,WAW,HKT,2025-11-07,Warszawa,Polska,Phuket,Tajlandia
2025-11-23,,1749.0,WAW,HKT,2025-11-07,Warszawa,Polska,Phuket,Tajlandia
2025-11-24,,1770.0,WAW,HKT,2025-11-07,Warszawa,Polska,Phuket,Tajlandia
2025-11-25,,1770.0,WAW,HKT,2025-11-07,Warszawa,Polska,Phuket,Tajlandia
2025-11-26,,1748.0,WAW,HKT,2025-11-07,Warszawa,Polska,Phuket,Tajlandia
2025-11-27,,1782.0,WAW,HKT,2025-11-07,Warszawa,Polska,Phuket,Tajlandia
2025-11-28,,1855.0,WAW,HKT,2025-11-07,Warszawa,Polska,Phuket,Tajlandia
2025-11-29,,1819.0,WAW,HKT,2025-11-07,Warszawa,Polska,Phuket,Tajlandia
2025-11-30,,1749.0,WAW,HKT,2025-11-07,Warszawa,Polska,Phuket,Tajlandia
2025-12-01,,1855.0,WAW,HKT,2025-11-07,Warszawa,Polska,Phuket,Tajlandia
2025-12-02,,1808.0,WAW,HKT,2025-11-07,Warszawa,Polska,Phuket,Tajlandia
2025-12-03,,1769.0,WAW,HKT,2025-11-07,Warszawa,Polska,Phuket,Tajlandia
2025-12-04,,1804.0,WAW,HKT,2025-11-07,Warszawa,Polska,Phuket,Tajlandia
2025-12-05,,1743.0,WAW,HKT,2025-11-07,Warszawa,Polska,Phuket,Tajlandia
2025-12-06,,1781.0,WAW,HKT,2025-11-07,Warszawa,Polska,Phuket,Tajlandia
2025-12-07,,1799.0,WAW,HKT,2025-11-07,Warszawa,Polska,Phuket,Tajlandia
2025-12-08,,1827.0,WAW,HKT,2025-11-07,Warszawa,Polska,Phuket,Tajlandia
2025-12-09,,1883.0,WAW,HKT,2025-11-07,Warszawa,Polska,Phuket,Tajlandia
2025-12-10,,1749.0,WAW,HKT,2025-11-07,Warszawa,Polska,Phuket,Tajlandia
2025-12-11,,1845.0,WAW,HKT,2025-11-07,Warszawa,Polska,Phuket,Tajlandia
2025-12-12,,1855.0,WAW,HKT,2025-11-07,Warszawa,Polska,Phuket,Tajlandia
2025-12-13,,2350.0,WAW,HKT,2025-11-07,Warszawa,Polska,Phuket,Tajlandia
2025-12-14,,2534.0,WAW,HKT,2025-11-07,Warszawa,Polska,Phuket,Tajlandia
2025-12-15,,2260.0,WAW,HKT,2025-11-07,Warszawa,Polska,Phuket,Tajlandia
2025-12-16,,2732.0,WAW,HKT,2025-11-07,Warszawa,Polska,Phuket,Tajlandia
2025-12-17,,2906.0,WAW,HKT,2025-11-07,Warszawa,Polska,Phuket,Tajlandia
2025-12-18,,3049.0,WAW,HKT,2025-11-07,Warszawa,Polska,Phuket,Tajlandia
2025-12-19,,3722.0,WAW,HKT,2025-11-07,Warszawa,Polska,Phuket,Tajlandia
2025-12-20,,3745.0,WAW,HKT,2025-11-07,Warszawa,Polska,Phuket,Tajlandia
2025-12-21,,3672.0,WAW,HKT,2025-11-07,Warszawa,Polska,Phuket,Tajlandia
2025-12-22,,2795.0,WAW,HKT,2025-11-07,Warszawa,Polska,Phuket,Tajlandia
2025-12-23,,2846.0,WAW,HKT,2025-11-07,Warszawa,Polska,Phuket,Tajlandia
2025-12-24,,3072.0,WAW,HKT,2025-11-07,Warszawa,Polska,Phuket,Tajlandia
2025-12-25,,3474.0,WAW,HKT,2025-11-07,Warszawa,Polska,Phuket,Tajlandia
2025-12-26,,3979.0,WAW,HKT,2025-11-07,Warszawa,Polska,Phuket,Tajlandia
2025-12-27,,3085.0,WAW,HKT,2025-11-07,Warszawa,Polska,Phuket,Tajlandia
2025-12-28,,3390.0,WAW,HKT,2025-11-07,Warszawa,Polska,Phuket,Tajlandia
2025-12-29,,2967.0,WAW,HKT,2025-11-07,Warszawa,Polska,Phuket,Tajlandia
2025-12-30,,2691.0,WAW,HKT,2025-11-07,Warszawa,Polska,Phuket,Tajlandia
2025-12-31,,1824.0,WAW,HKT,2025-11-07,Warszawa,Polska,Phuket,Tajlandia
2026-01-01,,1749.0,WAW,HKT,2025-11-07,Warszawa,Polska,Phuket,Tajlandia
2026-01-02,,1822.0,WAW,HKT,2025-11-07,Warszawa,Polska,Phuket,Tajlandia
2026-01-03,,1749.0,WAW,HKT,2025-11-07,Warszawa,Polska,Phuket,Tajlandia
2026-01-04,,1748.0,WAW,HKT,2025-11-07,Warszawa,Polska,Phuket,Tajlandia
2026-01-05,,1737.0,WAW,HKT,2025-11-07,Warszawa,Polska,Phuket,Tajlandia
2026-01-06,,1737.0,WAW,HKT,2025-11-07,Warszawa,Polska,Phuket,Tajlandia
2026-01-07,,1737.0,WAW,HKT,2025-11-07,Warszawa,Polska,Phuket,Tajlandia
2026-01-08,,1748.0,WAW,HKT,2025-11-07,Warszawa,Polska,Phuket,Tajlandia
2026-01-09,,1748.0,WAW,HKT,2025-11-07,Warszawa,Polska,Phuket,Tajlandia
2026-01-10,,1749.0,WAW,HKT,2025-11-07,Warszawa,Polska,Phuket,Tajlandia
2026-01-11,,1748.0,WAW,HKT,2025-11-07,Warszawa,Polska,Phuket,Tajlandia
2026-01-12,,1737.0,WAW,HKT,2025-11-07,Warszawa,Polska,Phuket,Tajlandia
2026-01-13,,1737.0,WAW,HKT,2025-11-07,Warszawa,Polska,Phuket,Tajlandia
2026-01-14,,1738.0,WAW,HKT,2025-11-07,Warszawa,Polska,Phuket,Tajlandia
2026-01-15,,1761.0,WAW,HKT,2025-11-07,Warszawa,Polska,Phuket,Tajlandia
2026-01-16,,1749.0,WAW,HKT,2025-11-07,Warszawa,Polska,Phuket,Tajlandia
2026-01-17,,2000.0,WAW,HKT,2025-11-07,Warszawa,Polska,Phuket,Tajlandia
2026-01-18,,2455.0,WAW,HKT,2025-11-07,Warszawa,Polska,Phuket,Tajlandia
2026-01-19,,1738.0,WAW,HKT,2025-11-07,Warszawa,Polska,Phuket,Tajlandia
2026-01-20,,1725.0,WAW,HKT,2025-11-07,Warszawa,Polska,Phuket,Tajlandia
2026-01-21,,1738.0,WAW,HKT,2025-11-07,Warszawa,Polska,Phuket,Tajlandia
2026-01-22,,1725.0,WAW,HKT,2025-11-07,Warszawa,Polska,Phuket,Tajlandia
2026-01-23,,1725.0,WAW,HKT,2025-11-07,Warszawa,Polska,Phuket,Tajlandia
2026-01-24,,1725.0,WAW,HKT,2025-11-07,Warszawa,Polska,Phuket,Tajlandia
2026-01-25,,1748.0,WAW,HKT,2025-11-07,Warszawa,Polska,Phuket,Tajlandia
2026-01-26,,1738.0,WAW,HKT,2025-11-07,Warszawa,Polska,Phuket,Tajlandia
2026-01-27,,1725.0,WAW,HKT,2025-11-07,Warszawa,Polska,Phuket,Tajlandia
2026-01-28,,1738.0,WAW,HKT,2025-11-07,Warszawa,Polska,Phuket,Tajlandia
2026-01-29,,1725.0,WAW,HKT,2025-11-07,Warszawa,Polska,Phuket,Tajlandia
2026-01-30,,2104.0,WAW,HKT,2025-11-07,Warszawa,Polska,Phuket,Tajlandia
2025-11-07,,4954.0,WAW,KBV,2025-11-07,Warszawa,Polska,Krabi,Tajlandia
2025-11-08,,3553.0,WAW,KBV,2025-11-07,Warszawa,Polska,Krabi,Tajlandia
2025-11-09,,3277.0,WAW,KBV,2025-11-07,Warszawa,Polska,Krabi,Tajlandia
2025-11-10,,2226.0,WAW,KBV,2025-11-07,Warszawa,Polska,Krabi,Tajlandia
2025-11-11,,2227.0,WAW,KBV,2025-11-07,Warszawa,Polska,Krabi,Tajlandia
2025-11-12,,1684.0,WAW,KBV,2025-11-07,Warszawa,Polska,Krabi,Tajlandia
2025-11-13,,2226.0,WAW,KBV,2025-11-07,Warszawa,Polska,Krabi,Tajlandia
2025-11-14,,2268.0,WAW,KBV,2025-11-07,Warszawa,Polska,Krabi,Tajlandia
2025-11-15,,2268.0,WAW,KBV,2025-11-07,Warszawa,Polska,Krabi,Tajlandia
2025-11-16,,2228.0,WAW,KBV,2025-11-07,Warszawa,Polska,Krabi,Tajlandia
2025-11-17,,1743.0,WAW,KBV,2025-11-07,Warszawa,Polska,Krabi,Tajlandia
2025-11-18,,2067.0,WAW,KBV,2025-11-07,Warszawa,Polska,Krabi,Tajlandia
2025-11-19,,2086.0,WAW,KBV,2025-11-07,Warszawa,Polska,Krabi,Tajlandia
2025-11-20,,2086.0,WAW,KBV,2025-11-07,Warszawa,Polska,Krabi,Tajlandia
2025-11-21,,1764.0,WAW,KBV,2025-11-07,Warszawa,Polska,Krabi,Tajlandia
2025-11-22,,1764.0,WAW,KBV,2025-11-07,Warszawa,Polska,Krabi,Tajlandia
2025-11-23,,2202.0,WAW,KBV,2025-11-07,Warszawa,Polska,Krabi,Tajlandia
2025-11-24,,1743.0,WAW,KBV,2025-11-07,Warszawa,Polska,Krabi,Tajlandia
2025-11-25,,1684.0,WAW,KBV,2025-11-07,Warszawa,Polska,Krabi,Tajlandia
2025-11-26,,1657.0,WAW,KBV,2025-11-07,Warszawa,Polska,Krabi,Tajlandia
2025-11-27,,2202.0,WAW,KBV,2025-11-07,Warszawa,Polska,Krabi,Tajlandia
2025-11-28,,1856.0,WAW,KBV,2025-11-07,Warszawa,Polska,Krabi,Tajlandia
2025-11-29,,1764.0,WAW,KBV,2025-11-07,Warszawa,Polska,Krabi,Tajlandia
2025-11-30,,2202.0,WAW,KBV,2025-11-07,Warszawa,Polska,Krabi,Tajlandia
2025-12-01,,2126.0,WAW,KBV,2025-11-07,Warszawa,Polska,Krabi,Tajlandia
2025-12-02,,1684.0,WAW,KBV,2025-11-07,Warszawa,Polska,Krabi,Tajlandia
2025-12-03,,1657.0,WAW,KBV,2025-11-07,Warszawa,Polska,Krabi,Tajlandia
2025-12-04,,1657.0,WAW,KBV,2025-11-07,Warszawa,Polska,Krabi,Tajlandia
2025-12-05,,1744.0,WAW,KBV,2025-11-07,Warszawa,Polska,Krabi,Tajlandia
2025-12-06,,1781.0,WAW,KBV,2025-11-07,Warszawa,Polska,Krabi,Tajlandia
2025-12-07,,1815.0,WAW,KBV,2025-11-07,Warszawa,Polska,Krabi,Tajlandia
2025-12-08,,1842.0,WAW,KBV,2025-11-07,Warszawa,Polska,Krabi,Tajlandia
2025-12-09,,2086.0,WAW,KBV,2025-11-07,Warszawa,Polska,Krabi,Tajlandia
2025-12-10,,1937.0,WAW,KBV,2025-11-07,Warszawa,Polska,Krabi,Tajlandia
2025-12-11,,2398.0,WAW,KBV,2025-11-07,Warszawa,Polska,Krabi,Tajlandia
2025-12-12,,2350.0,WAW,KBV,2025-11-07,Warszawa,Polska,Krabi,Tajlandia
2025-12-13,,2660.0,WAW,KBV,2025-11-07,Warszawa,Polska,Krabi,Tajlandia
2025-12-14,,2619.0,WAW,KBV,2025-11-07,Warszawa,Polska,Krabi,Tajlandia
2025-12-15,,2226.0,WAW,KBV,2025-11-07,Warszawa,Polska,Krabi,Tajlandia
2025-12-16,,2227.0,WAW,KBV,2025-11-07,Warszawa,Polska,Krabi,Tajlandia
2025-12-17,,2858.0,WAW,KBV,2025-11-07,Warszawa,Polska,Krabi,Tajlandia
2025-12-18,,3181.0,WAW,KBV,2025-11-07,Warszawa,Polska,Krabi,Tajlandia
2025-12-19,,3820.0,WAW,KBV,2025-11-07,Warszawa,Polska,Krabi,Tajlandia
2025-12-20,,4480.0,WAW,KBV,2025-11-07,Warszawa,Polska,Krabi,Tajlandia
2025-12-21,,3783.0,WAW,KBV,2025-11-07,Warszawa,Polska,Krabi,Tajlandia
2025-12-22,,3284.0,WAW,KBV,2025-11-07,Warszawa,Polska,Krabi,Tajlandia
2025-12-23,,3274.0,WAW,KBV,2025-11-07,Warszawa,Polska,Krabi,Tajlandia
2025-12-24,,3332.0,WAW,KBV,2025-11-07,Warszawa,Polska,Krabi,Tajlandia
2025-12-25,,3697.0,WAW,KBV,2025-11-07,Warszawa,Polska,Krabi,Tajlandia
2025-12-26,,4200.0,WAW,KBV,2025-11-07,Warszawa,Polska,Krabi,Tajlandia
2025-12-27,,3085.0,WAW,KBV,2025-11-07,Warszawa,Polska,Krabi,Tajlandia
2025-12-28,,3400.0,WAW,KBV,2025-11-07,Warszawa,Polska,Krabi,Tajlandia
2025-12-29,,3053.0,WAW,KBV,2025-11-07,Warszawa,Polska,Krabi,Tajlandia
2025-12-30,,3128.0,WAW,KBV,2025-11-07,Warszawa,Polska,Krabi,Tajlandia
2025-12-31,,1829.0,WAW,KBV,2025-11-07,Warszawa,Polska,Krabi,Tajlandia
2026-01-01,,2619.0,WAW,KBV,2025-11-07,Warszawa,Polska,Krabi,Tajlandia
2026-01-02,,1824.0,WAW,KBV,2025-11-07,Warszawa,Polska,Krabi,Tajlandia
2026-01-03,,1749.0,WAW,KBV,2025-11-07,Warszawa,Polska,Krabi,Tajlandia
2026-01-04,,1763.0,WAW,KBV,2025-11-07,Warszawa,Polska,Krabi,Tajlandia
2026-01-05,,1751.0,WAW,KBV,2025-11-07,Warszawa,Polska,Krabi,Tajlandia
2026-01-06,,2227.0,WAW,KBV,2025-11-07,Warszawa,Polska,Krabi,Tajlandia
2026-01-07,,1753.0,WAW,KBV,2025-11-07,Warszawa,Polska,Krabi,Tajlandia
2026-01-08,,2138.0,WAW,KBV,2025-11-07,Warszawa,Polska,Krabi,Tajlandia
2026-01-09,,1747.0,WAW,KBV,2025-11-07,Warszawa,Polska,Krabi,Tajlandia
2026-01-10,,1329.0,WAW,KBV,2025-11-07,Warszawa,Polska,Krabi,Tajlandia
2026-01-11,,1767.0,WAW,KBV,2025-11-07,Warszawa,Polska,Krabi,Tajlandia
2026-01-12,,1751.0,WAW,KBV,2025-11-07,Warszawa,Polska,Krabi,Tajlandia
2026-01-13,,2067.0,WAW,KBV,2025-11-07,Warszawa,Polska,Krabi,Tajlandia
2026-01-14,,1751.0,WAW,KBV,2025-11-07,Warszawa,Polska,Krabi,Tajlandia
2026-01-15,,2354.0,WAW,KBV,2025-11-07,Warszawa,Polska,Krabi,Tajlandia
2026-01-16,,2335.0,WAW,KBV,2025-11-07,Warszawa,Polska,Krabi,Tajlandia
2026-01-17,,2277.0,WAW,KBV,2025-11-07,Warszawa,Polska,Krabi,Tajlandia
2026-01-18,,2617.0,WAW,KBV,2025-11-07,Warszawa,Polska,Krabi,Tajlandia
2026-01-19,,1753.0,WAW,KBV,2025-11-07,Warszawa,Polska,Krabi,Tajlandia
2026-01-20,,2497.0,WAW,KBV,2025-11-07,Warszawa,Polska,Krabi,Tajlandia
2026-01-21,,1752.0,WAW,KBV,2025-11-07,Warszawa,Polska,Krabi,Tajlandia
2026-01-22,,2497.0,WAW,KBV,2025-11-07,Warszawa,Polska,Krabi,Tajlandia
2026-01-23,,1749.0,WAW,KBV,2025-11-07,Warszawa,Polska,Krabi,Tajlandia
2026-01-24,,1330.0,WAW,KBV,2025-11-07,Warszawa,Polska,Krabi,Tajlandia
2026-01-25,,1330.0,WAW,KBV,2025-11-07,Warszawa,Polska,Krabi,Tajlandia
2026-01-26,,1330.0,WAW,KBV,2025-11-07,Warszawa,Polska,Krabi,Tajlandia
2026-01-27,,2067.0,WAW,KBV,2025-11-07,Warszawa,Polska,Krabi,Tajlandia
2026-01-28,,1753.0,WAW,KBV,2025-11-07,Warszawa,Polska,Krabi,Tajlandia
2026-01-29,,2497.0,WAW,KBV,2025-11-07,Warszawa,Polska,Krabi,Tajlandia
2026-01-30,,2164.0,WAW,KBV,2025-11-07,Warszawa,Polska,Krabi,Tajlandia
2025-11-09,,609.0,WAW,KUT,2025-11-07,Warszawa,Polska,Kutaisi,Gruzja
2025-11-09,,609.0,WAW,KUT,2025-11-07,Warszawa,Polska,Kutaisi,Gruzja
2025-11-10,,559.0,WAW,KUT,2025-11-07,Warszawa,Polska,Kutaisi,Gruzja
2025-11-10,,559.0,WAW,KUT,2025-11-07,Warszawa,Polska,Kutaisi,Gruzja
2025-11-12,,309.0,WAW,KUT,2025-11-07,Warszawa,Polska,Kutaisi,Gruzja
2025-11-12,,309.0,WAW,KUT,2025-11-07,Warszawa,Polska,Kutaisi,Gruzja
2025-11-13,,249.0,WAW,KUT,2025-11-07,Warszawa,Polska,Kutaisi,Gruzja
2025-11-13,,249.0,WAW,KUT,2025-11-07,Warszawa,Polska,Kutaisi,Gruzja
2025-11-14,,399.0,WAW,KUT,2025-11-07,Warszawa,Polska,Kutaisi,Gruzja
2025-11-14,,399.0,WAW,KUT,2025-11-07,Warszawa,Polska,Kutaisi,Gruzja
2025-11-16,,399.0,WAW,KUT,2025-11-07,Warszawa,Polska,Kutaisi,Gruzja
2025-11-16,,399.0,WAW,KUT,2025-11-07,Warszawa,Polska,Kutaisi,Gruzja
2025-11-17,,299.0,WAW,KUT,2025-11-07,Warszawa,Polska,Kutaisi,Gruzja
2025-11-17,,299.0,WAW,KUT,2025-11-07,Warszawa,Polska,Kutaisi,Gruzja
2025-11-19,,309.0,WAW,KUT,2025-11-07,Warszawa,Polska,Kutaisi,Gruzja
2025-11-19,,309.0,WAW,KUT,2025-11-07,Warszawa,Polska,Kutaisi,Gruzja
2025-11-20,,299.0,WAW,KUT,2025-11-07,Warszawa,Polska,Kutaisi,Gruzja
2025-11-20,,299.0,WAW,KUT,2025-11-07,Warszawa,Polska,Kutaisi,Gruzja
2025-11-21,,249.0,WAW,KUT,2025-11-07,Warszawa,Polska,Kutaisi,Gruzja
2025-11-21,,249.0,WAW,KUT,2025-11-07,Warszawa,Polska,Kutaisi,Gruzja
2025-11-23,,249.0,WAW,KUT,2025-11-07,Warszawa,Polska,Kutaisi,Gruzja
2025-11-23,,249.0,WAW,KUT,2025-11-07,Warszawa,Polska,Kutaisi,Gruzja
2025-11-24,,219.0,WAW,KUT,2025-11-07,Warszawa,Polska,Kutaisi,Gruzja
2025-11-24,,219.0,WAW,KUT,2025-11-07,Warszawa,Polska,Kutaisi,Gruzja
2025-11-26,,219.0,WAW,KUT,2025-11-07,Warszawa,Polska,Kutaisi,Gruzja
2025-11-26,,219.0,WAW,KUT,2025-11-07,Warszawa,Polska,Kutaisi,Gruzja
2025-11-27,,219.0,WAW,KUT,2025-11-07,Warszawa,Polska,Kutaisi,Gruzja
2025-11-27,,219.0,WAW,KUT,2025-11-07,Warszawa,Polska,Kutaisi,Gruzja
2025-11-28,,209.0,WAW,KUT,2025-11-07,Warszawa,Polska,Kutaisi,Gruzja
2025-11-28,,209.0,WAW,KUT,2025-11-07,Warszawa,Polska,Kutaisi,Gruzja
2025-11-30,,219.0,WAW,KUT,2025-11-07,Warszawa,Polska,Kutaisi,Gruzja
2025-11-30,,219.0,WAW,KUT,2025-11-07,Warszawa,Polska,Kutaisi,Gruzja
2025-12-18,,249.0,WAW,KUT,2025-11-07,Warszawa,Polska,Kutaisi,Gruzja
2025-12-18,,249.0,WAW,KUT,2025-11-07,Warszawa,Polska,Kutaisi,Gruzja
2025-12-19,,359.0,WAW,KUT,2025-11-07,Warszawa,Polska,Kutaisi,Gruzja
2025-12-19,,359.0,WAW,KUT,2025-11-07,Warszawa,Polska,Kutaisi,Gruzja
2025-12-21,,519.0,WAW,KUT,2025-11-07,Warszawa,Polska,Kutaisi,Gruzja
2025-12-21,,519.0,WAW,KUT,2025-11-07,Warszawa,Polska,Kutaisi,Gruzja
2025-12-22,,449.0,WAW,KUT,2025-11-07,Warszawa,Polska,Kutaisi,Gruzja
2025-12-22,,449.0,WAW,KUT,2025-11-07,Warszawa,Polska,Kutaisi,Gruzja
2025-12-24,,609.0,WAW,KUT,2025-11-07,Warszawa,Polska,Kutaisi,Gruzja
2025-12-24,,609.0,WAW,KUT,2025-11-07,Warszawa,Polska,Kutaisi,Gruzja
2026-01-12,,179.0,WAW,KUT,2025-11-07,Warszawa,Polska,Kutaisi,Gruzja
2026-01-12,,179.0,WAW,KUT,2025-11-07,Warszawa,Polska,Kutaisi,Gruzja
2026-01-14,,179.0,WAW,KUT,2025-11-07,Warszawa,Polska,Kutaisi,Gruzja
2026-01-14,,179.0,WAW,KUT,2025-11-07,Warszawa,Polska,Kutaisi,Gruzja
2026-01-15,,179.0,WAW,KUT,2025-11-07,Warszawa,Polska,Kutaisi,Gruzja
2026-01-15,,179.0,WAW,KUT,2025-11-07,Warszawa,Polska,Kutaisi,Gruzja
2026-01-16,,179.0,WAW,KUT,2025-11-07,Warszawa,Polska,Kutaisi,Gruzja
2026-01-16,,179.0,WAW,KUT,2025-11-07,Warszawa,Polska,Kutaisi,Gruzja
2026-01-18,,179.0,WAW,KUT,2025-11-07,Warszawa,Polska,Kutaisi,Gruzja
2026-01-18,,179.0,WAW,KUT,2025-11-07,Warszawa,Polska,Kutaisi,Gruzja
2026-01-19,,179.0,WAW,KUT,2025-11-07,Warszawa,Polska,Kutaisi,Gruzja
2026-01-19,,179.0,WAW,KUT,2025-11-07,Warszawa,Polska,Kutaisi,Gruzja
2026-01-21,,179.0,WAW,KUT,2025-11-07,Warszawa,Polska,Kutaisi,Gruzja
2026-01-21,,179.0,WAW,KUT,2025-11-07,Warszawa,Polska,Kutaisi,Gruzja
2026-01-22,,179.0,WAW,KUT,2025-11-07,Warszawa,Polska,Kutaisi,Gruzja
2026-01-22,,179.0,WAW,KUT,2025-11-07,Warszawa,Polska,Kutaisi,Gruzja
2026-01-23,,179.0,WAW,KUT,2025-11-07,Warszawa,Polska,Kutaisi,Gruzja
2026-01-23,,179.0,WAW,KUT,2025-11-07,Warszawa,Polska,Kutaisi,Gruzja
2026-01-25,,179.0,WAW,KUT,2025-11-07,Warszawa,Polska,Kutaisi,Gruzja
2026-01-25,,179.0,WAW,KUT,2025-11-07,Warszawa,Polska,Kutaisi,Gruzja
2026-01-26,,179.0,WAW,KUT,2025-11-07,Warszawa,Polska,Kutaisi,Gruzja
2026-01-26,,179.0,WAW,KUT,2025-11-07,Warszawa,Polska,Kutaisi,Gruzja
2026-01-28,,179.0,WAW,KUT,2025-11-07,Warszawa,Polska,Kutaisi,Gruzja
2026-01-28,,179.0,WAW,KUT,2025-11-07,Warszawa,Polska,Kutaisi,Gruzja
2025-12-04,,209.0,WAW,KUT,2025-11-07,Warszawa,Polska,Kutaisi,Gruzja
2025-12-04,,209.0,WAW,KUT,2025-11-07,Warszawa,Polska,Kutaisi,Gruzja
2025-12-05,,209.0,WAW,KUT,2025-11-07,Warszawa,Polska,Kutaisi,Gruzja
2025-12-05,,209.0,WAW,KUT,2025-11-07,Warszawa,Polska,Kutaisi,Gruzja
2025-12-07,,179.0,WAW,KUT,2025-11-07,Warszawa,Polska,Kutaisi,Gruzja
2025-12-07,,179.0,WAW,KUT,2025-11-07,Warszawa,Polska,Kutaisi,Gruzja
2025-12-08,,179.0,WAW,KUT,2025-11-07,Warszawa,Polska,Kutaisi,Gruzja
2025-12-08,,179.0,WAW,KUT,2025-11-07,Warszawa,Polska,Kutaisi,Gruzja
2025-12-10,,179.0,WAW,KUT,2025-11-07,Warszawa,Polska,Kutaisi,Gruzja
2025-12-10,,179.0,WAW,KUT,2025-11-07,Warszawa,Polska,Kutaisi,Gruzja
2025-12-11,,179.0,WAW,KUT,2025-11-07,Warszawa,Polska,Kutaisi,Gruzja
2025-12-11,,179.0,WAW,KUT,2025-11-07,Warszawa,Polska,Kutaisi,Gruzja
2026-01-01,,179.0,WAW,KUT,2025-11-07,Warszawa,Polska,Kutaisi,Gruzja
2026-01-01,,179.0,WAW,KUT,2025-11-07,Warszawa,Polska,Kutaisi,Gruzja
2026-01-02,,179.0,WAW,KUT,2025-11-07,Warszawa,Polska,Kutaisi,Gruzja
2026-01-02,,179.0,WAW,KUT,2025-11-07,Warszawa,Polska,Kutaisi,Gruzja
2026-01-04,,219.0,WAW,KUT,2025-11-07,Warszawa,Polska,Kutaisi,Gruzja
2026-01-04,,219.0,WAW,KUT,2025-11-07,Warszawa,Polska,Kutaisi,Gruzja
2026-01-05,,269.0,WAW,KUT,2025-11-07,Warszawa,Polska,Kutaisi,Gruzja
2026-01-05,,269.0,WAW,KUT,2025-11-07,Warszawa,Polska,Kutaisi,Gruzja
2026-01-07,,179.0,WAW,KUT,2025-11-07,Warszawa,Polska,Kutaisi,Gruzja
2026-01-07,,179.0,WAW,KUT,2025-11-07,Warszawa,Polska,Kutaisi,Gruzja
2026-01-08,,179.0,WAW,KUT,2025-11-07,Warszawa,Polska,Kutaisi,Gruzja
2026-01-08,,179.0,WAW,KUT,2025-11-07,Warszawa,Polska,Kutaisi,Gruzja
2026-01-09,,179.0,WAW,KUT,2025-11-07,Warszawa,Polska,Kutaisi,Gruzja
2026-01-09,,179.0,WAW,KUT,2025-11-07,Warszawa,Polska,Kutaisi,Gruzja
2025-11-07,,,WMI,HER,2025-11-07,Warszawa,Polska,Heraklion,Grecja
2025-11-08,,,WMI,HER,2025-11-07,Warszawa,Polska,Heraklion,Grecja
2025-11-09,,,WMI,HER,2025-11-07,Warszawa,Polska,Heraklion,Grecja
2025-11-10,,,WMI,HER,2025-11-07,Warszawa,Polska,Heraklion,Grecja
2025-11-11,,,WMI,HER,2025-11-07,Warszawa,Polska,Heraklion,Grecja
2025-11-12,,,WMI,HER,2025-11-07,Warszawa,Polska,Heraklion,Grecja
2025-11-13,,,WMI,HER,2025-11-07,Warszawa,Polska,Heraklion,Grecja
2025-11-14,,,WMI,HER,2025-11-07,Warszawa,Polska,Heraklion,Grecja
2025-11-15,,,WMI,HER,2025-11-07,Warszawa,Polska,Heraklion,Grecja
2025-11-16,,,WMI,HER,2025-11-07,Warszawa,Polska,Heraklion,Grecja
2025-11-17,,,WMI,HER,2025-11-07,Warszawa,Polska,Heraklion,Grecja
2025-11-18,,,WMI,HER,2025-11-07,Warszawa,Polska,Heraklion,Grecja
2025-11-19,,,WMI,HER,2025-11-07,Warszawa,Polska,Heraklion,Grecja
2025-11-20,,,WMI,HER,2025-11-07,Warszawa,Polska,Heraklion,Grecja
2025-11-21,,,WMI,HER,2025-11-07,Warszawa,Polska,Heraklion,Grecja
2025-11-22,,,WMI,HER,2025-11-07,Warszawa,Polska,Heraklion,Grecja
2025-11-23,,,WMI,HER,2025-11-07,Warszawa,Polska,Heraklion,Grecja
2025-11-24,,,WMI,HER,2025-11-07,Warszawa,Polska,Heraklion,Grecja
2025-11-25,,,WMI,HER,2025-11-07,Warszawa,Polska,Heraklion,Grecja
2025-11-26,,,WMI,HER,2025-11-07,Warszawa,Polska,Heraklion,Grecja
2025-11-27,,,WMI,HER,2025-11-07,Warszawa,Polska,Heraklion,Grecja
2025-11-28,,,WMI,HER,2025-11-07,Warszawa,Polska,Heraklion,Grecja
2025-11-29,,,WMI,HER,2025-11-07,Warszawa,Polska,Heraklion,Grecja
2025-11-30,,,WMI,HER,2025-11-07,Warszawa,Polska,Heraklion,Grecja
2025-12-01,,,WMI,HER,2025-11-07,Warszawa,Polska,Heraklion,Grecja
2025-12-02,,,WMI,HER,2025-11-07,Warszawa,Polska,Heraklion,Grecja
2025-12-03,,,WMI,HER,2025-11-07,Warszawa,Polska,Heraklion,Grecja
2025-12-04,,,WMI,HER,2025-11-07,Warszawa,Polska,Heraklion,Grecja
2025-12-05,,,WMI,HER,2025-11-07,Warszawa,Polska,Heraklion,Grecja
2025-12-06,,,WMI,HER,2025-11-07,Warszawa,Polska,Heraklion,Grecja
2025-12-07,,,WMI,HER,2025-11-07,Warszawa,Polska,Heraklion,Grecja
2025-12-08,,,WMI,HER,2025-11-07,Warszawa,Polska,Heraklion,Grecja
2025-12-09,,,WMI,HER,2025-11-07,Warszawa,Polska,Heraklion,Grecja
2025-12-10,,,WMI,HER,2025-11-07,Warszawa,Polska,Heraklion,Grecja
2025-12-11,,,WMI,HER,2025-11-07,Warszawa,Polska,Heraklion,Grecja
2025-12-12,,,WMI,HER,2025-11-07,Warszawa,Polska,Heraklion,Grecja
2025-12-13,,,WMI,HER,2025-11-07,Warszawa,Polska,Heraklion,Grecja
2025-12-14,,,WMI,HER,2025-11-07,Warszawa,Polska,Heraklion,Grecja
2025-12-15,,,WMI,HER,2025-11-07,Warszawa,Polska,Heraklion,Grecja
2025-12-16,,,WMI,HER,2025-11-07,Warszawa,Polska,Heraklion,Grecja
2025-12-17,,,WMI,HER,2025-11-07,Warszawa,Polska,Heraklion,Grecja
2025-12-18,,,WMI,HER,2025-11-07,Warszawa,Polska,Heraklion,Grecja
2025-12-19,,,WMI,HER,2025-11-07,Warszawa,Polska,Heraklion,Grecja
2025-12-20,,,WMI,HER,2025-11-07,Warszawa,Polska,Heraklion,Grecja
2025-12-21,,,WMI,HER,2025-11-07,Warszawa,Polska,Heraklion,Grecja
2025-12-22,,,WMI,HER,2025-11-07,Warszawa,Polska,Heraklion,Grecja
2025-12-23,,,WMI,HER,2025-11-07,Warszawa,Polska,Heraklion,Grecja
2025-12-24,,,WMI,HER,2025-11-07,Warszawa,Polska,Heraklion,Grecja
2025-12-25,,,WMI,HER,2025-11-07,Warszawa,Polska,Heraklion,Grecja
2025-12-26,,,WMI,HER,2025-11-07,Warszawa,Polska,Heraklion,Grecja
2025-12-27,,,WMI,HER,2025-11-07,Warszawa,Polska,Heraklion,Grecja
2025-12-28,,,WMI,HER,2025-11-07,Warszawa,Polska,Heraklion,Grecja
2025-12-29,,,WMI,HER,2025-11-07,Warszawa,Polska,Heraklion,Grecja
2025-12-30,,,WMI,HER,2025-11-07,Warszawa,Polska,Heraklion,Grecja
2025-12-31,,,WMI,HER,2025-11-07,Warszawa,Polska,Heraklion,Grecja
2026-01-01,,,WMI,HER,2025-11-07,Warszawa,Polska,Heraklion,Grecja
2026-01-02,,,WMI,HER,2025-11-07,Warszawa,Polska,Heraklion,Grecja
2026-01-03,,,WMI,HER,2025-11-07,Warszawa,Polska,Heraklion,Grecja
2026-01-04,,,WMI,HER,2025-11-07,Warszawa,Polska,Heraklion,Grecja
2026-01-05,,,WMI,HER,2025-11-07,Warszawa,Polska,Heraklion,Grecja
2026-01-06,,,WMI,HER,2025-11-07,Warszawa,Polska,Heraklion,Grecja
2026-01-07,,,WMI,HER,2025-11-07,Warszawa,Polska,Heraklion,Grecja
2026-01-08,,,WMI,HER,2025-11-07,Warszawa,Polska,Heraklion,Grecja
2026-01-09,,,WMI,HER,2025-11-07,Warszawa,Polska,Heraklion,Grecja
2026-01-10,,,WMI,HER,2025-11-07,Warszawa,Polska,Heraklion,Grecja
2026-01-11,,,WMI,HER,2025-11-07,Warszawa,Polska,Heraklion,Grecja
2026-01-12,,,WMI,HER,2025-11-07,Warszawa,Polska,Heraklion,Grecja
2026-01-13,,,WMI,HER,2025-11-07,Warszawa,Polska,Heraklion,Grecja
2026-01-14,,,WMI,HER,2025-11-07,Warszawa,Polska,Heraklion,Grecja
2026-01-15,,,WMI,HER,2025-11-07,Warszawa,Polska,Heraklion,Grecja
2026-01-16,,,WMI,HER,2025-11-07,Warszawa,Polska,Heraklion,Grecja
2026-01-17,,,WMI,HER,2025-11-07,Warszawa,Polska,Heraklion,Grecja
2026-01-18,,,WMI,HER,2025-11-07,Warszawa,Polska,Heraklion,Grecja
2026-01-19,,,WMI,HER,2025-11-07,Warszawa,Polska,Heraklion,Grecja
2026-01-20,,,WMI,HER,2025-11-07,Warszawa,Polska,Heraklion,Grecja
2026-01-21,,,WMI,HER,2025-11-07,Warszawa,Polska,Heraklion,Grecja
2026-01-22,,,WMI,HER,2025-11-07,Warszawa,Polska,Heraklion,Grecja
2026-01-23,,,WMI,HER,2025-11-07,Warszawa,Polska,Heraklion,Grecja
2026-01-24,,,WMI,HER,2025-11-07,Warszawa,Polska,Heraklion,Grecja
2026-01-25,,,WMI,HER,2025-11-07,Warszawa,Polska,Heraklion,Grecja
2026-01-26,,,WMI,HER,2025-11-07,Warszawa,Polska,Heraklion,Grecja
2026-01-27,,,WMI,HER,2025-11-07,Warszawa,Polska,Heraklion,Grecja
2026-01-28,,,WMI,HER,2025-11-07,Warszawa,Polska,Heraklion,Grecja
2026-01-29,,,WMI,HER,2025-11-07,Warszawa,Polska,Heraklion,Grecja
2026-01-30,,,WMI,HER,2025-11-07,Warszawa,Polska,Heraklion,Grecja
2025-11-07,,,WMI,RHO,2025-11-07,Warszawa,Polska,Rodos,Grecja
2025-11-08,,,WMI,RHO,2025-11-07,Warszawa,Polska,Rodos,Grecja
2025-11-09,,,WMI,RHO,2025-11-07,Warszawa,Polska,Rodos,Grecja
2025-11-10,,,WMI,RHO,2025-11-07,Warszawa,Polska,Rodos,Grecja
2025-11-11,,,WMI,RHO,2025-11-07,Warszawa,Polska,Rodos,Grecja
2025-11-12,,,WMI,RHO,2025-11-07,Warszawa,Polska,Rodos,Grecja
2025-11-13,,,WMI,RHO,2025-11-07,Warszawa,Polska,Rodos,Grecja
2025-11-14,,,WMI,RHO,2025-11-07,Warszawa,Polska,Rodos,Grecja
2025-11-15,,,WMI,RHO,2025-11-07,Warszawa,Polska,Rodos,Grecja
2025-11-16,,,WMI,RHO,2025-11-07,Warszawa,Polska,Rodos,Grecja
2025-11-17,,,WMI,RHO,2025-11-07,Warszawa,Polska,Rodos,Grecja
2025-11-18,,,WMI,RHO,2025-11-07,Warszawa,Polska,Rodos,Grecja
2025-11-19,,,WMI,RHO,2025-11-07,Warszawa,Polska,Rodos,Grecja
2025-11-20,,,WMI,RHO,2025-11-07,Warszawa,Polska,Rodos,Grecja
2025-11-21,,,WMI,RHO,2025-11-07,Warszawa,Polska,Rodos,Grecja
2025-11-22,,,WMI,RHO,2025-11-07,Warszawa,Polska,Rodos,Grecja
2025-11-23,,,WMI,RHO,2025-11-07,Warszawa,Polska,Rodos,Grecja
2025-11-24,,,WMI,RHO,2025-11-07,Warszawa,Polska,Rodos,Grecja
2025-11-25,,,WMI,RHO,2025-11-07,Warszawa,Polska,Rodos,Grecja
2025-11-26,,,WMI,RHO,2025-11-07,Warszawa,Polska,Rodos,Grecja
2025-11-27,,,WMI,RHO,2025-11-07,Warszawa,Polska,Rodos,Grecja
2025-11-28,,,WMI,RHO,2025-11-07,Warszawa,Polska,Rodos,Grecja
2025-11-29,,,WMI,RHO,2025-11-07,Warszawa,Polska,Rodos,Grecja
2025-11-30,,,WMI,RHO,2025-11-07,Warszawa,Polska,Rodos,Grecja
2025-12-01,,,WMI,RHO,2025-11-07,Warszawa,Polska,Rodos,Grecja
2025-12-02,,,WMI,RHO,2025-11-07,Warszawa,Polska,Rodos,Grecja
2025-12-03,,,WMI,RHO,2025-11-07,Warszawa,Polska,Rodos,Grecja
2025-12-04,,,WMI,RHO,2025-11-07,Warszawa,Polska,Rodos,Grecja
2025-12-05,,,WMI,RHO,2025-11-07,Warszawa,Polska,Rodos,Grecja
2025-12-06,,,WMI,RHO,2025-11-07,Warszawa,Polska,Rodos,Grecja
2025-12-07,,,WMI,RHO,2025-11-07,Warszawa,Polska,Rodos,Grecja
2025-12-08,,,WMI,RHO,2025-11-07,Warszawa,Polska,Rodos,Grecja
2025-12-09,,,WMI,RHO,2025-11-07,Warszawa,Polska,Rodos,Grecja
2025-12-10,,,WMI,RHO,2025-11-07,Warszawa,Polska,Rodos,Grecja
2025-12-11,,,WMI,RHO,2025-11-07,Warszawa,Polska,Rodos,Grecja
2025-12-12,,,WMI,RHO,2025-11-07,Warszawa,Polska,Rodos,Grecja
2025-12-13,,,WMI,RHO,2025-11-07,Warszawa,Polska,Rodos,Grecja
2025-12-14,,,WMI,RHO,2025-11-07,Warszawa,Polska,Rodos,Grecja
2025-12-15,,,WMI,RHO,2025-11-07,Warszawa,Polska,Rodos,Grecja
2025-12-16,,,WMI,RHO,2025-11-07,Warszawa,Polska,Rodos,Grecja
2025-12-17,,,WMI,RHO,2025-11-07,Warszawa,Polska,Rodos,Grecja
2025-12-18,,,WMI,RHO,2025-11-07,Warszawa,Polska,Rodos,Grecja
2025-12-19,,,WMI,RHO,2025-11-07,Warszawa,Polska,Rodos,Grecja
2025-12-20,,,WMI,RHO,2025-11-07,Warszawa,Polska,Rodos,Grecja
2025-12-21,,,WMI,RHO,2025-11-07,Warszawa,Polska,Rodos,Grecja
2025-12-22,,,WMI,RHO,2025-11-07,Warszawa,Polska,Rodos,Grecja
2025-12-23,,,WMI,RHO,2025-11-07,Warszawa,Polska,Rodos,Grecja
2025-12-24,,,WMI,RHO,2025-11-07,Warszawa,Polska,Rodos,Grecja
2025-12-25,,,WMI,RHO,2025-11-07,Warszawa,Polska,Rodos,Grecja
2025-12-26,,,WMI,RHO,2025-11-07,Warszawa,Polska,Rodos,Grecja
2025-12-27,,,WMI,RHO,2025-11-07,Warszawa,Polska,Rodos,Grecja
2025-12-28,,,WMI,RHO,2025-11-07,Warszawa,Polska,Rodos,Grecja
2025-12-29,,,WMI,RHO,2025-11-07,Warszawa,Polska,Rodos,Grecja
2025-12-30,,,WMI,RHO,2025-11-07,Warszawa,Polska,Rodos,Grecja
2025-12-31,,,WMI,RHO,2025-11-07,Warszawa,Polska,Rodos,Grecja
2026-01-01,,,WMI,RHO,2025-11-07,Warszawa,Polska,Rodos,Grecja
2026-01-02,,,WMI,RHO,2025-11-07,Warszawa,Polska,Rodos,Grecja
2026-01-03,,,WMI,RHO,2025-11-07,Warszawa,Polska,Rodos,Grecja
2026-01-04,,,WMI,RHO,2025-11-07,Warszawa,Polska,Rodos,Grecja
2026-01-05,,,WMI,RHO,2025-11-07,Warszawa,Polska,Rodos,Grecja
2026-01-06,,,WMI,RHO,2025-11-07,Warszawa,Polska,Rodos,Grecja
2026-01-07,,,WMI,RHO,2025-11-07,Warszawa,Polska,Rodos,Grecja
2026-01-08,,,WMI,RHO,2025-11-07,Warszawa,Polska,Rodos,Grecja
2026-01-09,,,WMI,RHO,2025-11-07,Warszawa,Polska,Rodos,Grecja
2026-01-10,,,WMI,RHO,2025-11-07,Warszawa,Polska,Rodos,Grecja
2026-01-11,,,WMI,RHO,2025-11-07,Warszawa,Polska,Rodos,Grecja
2026-01-12,,,WMI,RHO,2025-11-07,Warszawa,Polska,Rodos,Grecja
2026-01-13,,,WMI,RHO,2025-11-07,Warszawa,Polska,Rodos,Grecja
2026-01-14,,,WMI,RHO,2025-11-07,Warszawa,Polska,Rodos,Grecja
2026-01-15,,,WMI,RHO,2025-11-07,Warszawa,Polska,Rodos,Grecja
2026-01-16,,,WMI,RHO,2025-11-07,Warszawa,Polska,Rodos,Grecja
2026-01-17,,,WMI,RHO,2025-11-07,Warszawa,Polska,Rodos,Grecja
2026-01-18,,,WMI,RHO,2025-11-07,Warszawa,Polska,Rodos,Grecja
2026-01-19,,,WMI,RHO,2025-11-07,Warszawa,Polska,Rodos,Grecja
2026-01-20,,,WMI,RHO,2025-11-07,Warszawa,Polska,Rodos,Grecja
2026-01-21,,,WMI,RHO,2025-11-07,Warszawa,Polska,Rodos,Grecja
2026-01-22,,,WMI,RHO,2025-11-07,Warszawa,Polska,Rodos,Grecja
2026-01-23,,,WMI,RHO,2025-11-07,Warszawa,Polska,Rodos,Grecja
2026-01-24,,,WMI,RHO,2025-11-07,Warszawa,Polska,Rodos,Grecja
2026-01-25,,,WMI,RHO,2025-11-07,Warszawa,Polska,Rodos,Grecja
2026-01-26,,,WMI,RHO,2025-11-07,Warszawa,Polska,Rodos,Grecja
2026-01-27,,,WMI,RHO,2025-11-07,Warszawa,Polska,Rodos,Grecja
2026-01-28,,,WMI,RHO,2025-11-07,Warszawa,Polska,Rodos,Grecja
2026-01-29,,,WMI,RHO,2025-11-07,Warszawa,Polska,Rodos,Grecja
2026-01-30,,,WMI,RHO,2025-11-07,Warszawa,Polska,Rodos,Grecja
2025-11-07,,,WMI,SKG,2025-11-07,Warszawa,Polska,Saloniki,Grecja
2025-11-08,,,WMI,SKG,2025-11-07,Warszawa,Polska,Saloniki,Grecja
2025-11-09,,,WMI,SKG,2025-11-07,Warszawa,Polska,Saloniki,Grecja
2025-11-10,,,WMI,SKG,2025-11-07,Warszawa,Polska,Saloniki,Grecja
2025-11-11,,,WMI,SKG,2025-11-07,Warszawa,Polska,Saloniki,Grecja
2025-11-12,,,WMI,SKG,2025-11-07,Warszawa,Polska,Saloniki,Grecja
2025-11-13,,,WMI,SKG,2025-11-07,Warszawa,Polska,Saloniki,Grecja
2025-11-14,,,WMI,SKG,2025-11-07,Warszawa,Polska,Saloniki,Grecja
2025-11-15,,,WMI,SKG,2025-11-07,Warszawa,Polska,Saloniki,Grecja
2025-11-16,,,WMI,SKG,2025-11-07,Warszawa,Polska,Saloniki,Grecja
2025-11-17,,,WMI,SKG,2025-11-07,Warszawa,Polska,Saloniki,Grecja
2025-11-18,,,WMI,SKG,2025-11-07,Warszawa,Polska,Saloniki,Grecja
2025-11-19,,,WMI,SKG,2025-11-07,Warszawa,Polska,Saloniki,Grecja
2025-11-20,,,WMI,SKG,2025-11-07,Warszawa,Polska,Saloniki,Grecja
2025-11-21,,,WMI,SKG,2025-11-07,Warszawa,Polska,Saloniki,Grecja
2025-11-22,,,WMI,SKG,2025-11-07,Warszawa,Polska,Saloniki,Grecja
2025-11-23,,,WMI,SKG,2025-11-07,Warszawa,Polska,Saloniki,Grecja
2025-11-24,,,WMI,SKG,2025-11-07,Warszawa,Polska,Saloniki,Grecja
2025-11-25,,,WMI,SKG,2025-11-07,Warszawa,Polska,Saloniki,Grecja
2025-11-26,,,WMI,SKG,2025-11-07,Warszawa,Polska,Saloniki,Grecja
2025-11-27,,,WMI,SKG,2025-11-07,Warszawa,Polska,Saloniki,Grecja
2025-11-28,,,WMI,SKG,2025-11-07,Warszawa,Polska,Saloniki,Grecja
2025-11-29,,,WMI,SKG,2025-11-07,Warszawa,Polska,Saloniki,Grecja
2025-11-30,,,WMI,SKG,2025-11-07,Warszawa,Polska,Saloniki,Grecja
2025-12-01,,,WMI,SKG,2025-11-07,Warszawa,Polska,Saloniki,Grecja
2025-12-02,,,WMI,SKG,2025-11-07,Warszawa,Polska,Saloniki,Grecja
2025-12-03,,,WMI,SKG,2025-11-07,Warszawa,Polska,Saloniki,Grecja
2025-12-04,,,WMI,SKG,2025-11-07,Warszawa,Polska,Saloniki,Grecja
2025-12-05,,,WMI,SKG,2025-11-07,Warszawa,Polska,Saloniki,Grecja
2025-12-06,,,WMI,SKG,2025-11-07,Warszawa,Polska,Saloniki,Grecja
2025-12-07,,,WMI,SKG,2025-11-07,Warszawa,Polska,Saloniki,Grecja
2025-12-08,,,WMI,SKG,2025-11-07,Warszawa,Polska,Saloniki,Grecja
2025-12-09,,,WMI,SKG,2025-11-07,Warszawa,Polska,Saloniki,Grecja
2025-12-10,,,WMI,SKG,2025-11-07,Warszawa,Polska,Saloniki,Grecja
2025-12-11,,,WMI,SKG,2025-11-07,Warszawa,Polska,Saloniki,Grecja
2025-12-12,,,WMI,SKG,2025-11-07,Warszawa,Polska,Saloniki,Grecja
2025-12-13,,,WMI,SKG,2025-11-07,Warszawa,Polska,Saloniki,Grecja
2025-12-14,,,WMI,SKG,2025-11-07,Warszawa,Polska,Saloniki,Grecja
2025-12-15,,,WMI,SKG,2025-11-07,Warszawa,Polska,Saloniki,Grecja
2025-12-16,,,WMI,SKG,2025-11-07,Warszawa,Polska,Saloniki,Grecja
2025-12-17,,,WMI,SKG,2025-11-07,Warszawa,Polska,Saloniki,Grecja
2025-12-18,,,WMI,SKG,2025-11-07,Warszawa,Polska,Saloniki,Grecja
2025-12-19,,,WMI,SKG,2025-11-07,Warszawa,Polska,Saloniki,Grecja
2025-12-20,,,WMI,SKG,2025-11-07,Warszawa,Polska,Saloniki,Grecja
2025-12-21,,,WMI,SKG,2025-11-07,Warszawa,Polska,Saloniki,Grecja
2025-12-22,,,WMI,SKG,2025-11-07,Warszawa,Polska,Saloniki,Grecja
2025-12-23,,,WMI,SKG,2025-11-07,Warszawa,Polska,Saloniki,Grecja
2025-12-24,,,WMI,SKG,2025-11-07,Warszawa,Polska,Saloniki,Grecja
2025-12-25,,,WMI,SKG,2025-11-07,Warszawa,Polska,Saloniki,Grecja
2025-12-26,,,WMI,SKG,2025-11-07,Warszawa,Polska,Saloniki,Grecja
2025-12-27,,,WMI,SKG,2025-11-07,Warszawa,Polska,Saloniki,Grecja
2025-12-28,,,WMI,SKG,2025-11-07,Warszawa,Polska,Saloniki,Grecja
2025-12-29,,,WMI,SKG,2025-11-07,Warszawa,Polska,Saloniki,Grecja
2025-12-30,,,WMI,SKG,2025-11-07,Warszawa,Polska,Saloniki,Grecja
2025-12-31,,,WMI,SKG,2025-11-07,Warszawa,Polska,Saloniki,Grecja
2026-01-01,,,WMI,SKG,2025-11-07,Warszawa,Polska,Saloniki,Grecja
2026-01-02,,,WMI,SKG,2025-11-07,Warszawa,Polska,Saloniki,Grecja
2026-01-03,,,WMI,SKG,2025-11-07,Warszawa,Polska,Saloniki,Grecja
2026-01-04,,,WMI,SKG,2025-11-07,Warszawa,Polska,Saloniki,Grecja
2026-01-05,,,WMI,SKG,2025-11-07,Warszawa,Polska,Saloniki,Grecja
2026-01-06,,,WMI,SKG,2025-11-07,Warszawa,Polska,Saloniki,Grecja
2026-01-07,,,WMI,SKG,2025-11-07,Warszawa,Polska,Saloniki,Grecja
2026-01-08,,,WMI,SKG,2025-11-07,Warszawa,Polska,Saloniki,Grecja
2026-01-09,,,WMI,SKG,2025-11-07,Warszawa,Polska,Saloniki,Grecja
2026-01-10,,,WMI,SKG,2025-11-07,Warszawa,Polska,Saloniki,Grecja
2026-01-11,,,WMI,SKG,2025-11-07,Warszawa,Polska,Saloniki,Grecja
2026-01-12,,,WMI,SKG,2025-11-07,Warszawa,Polska,Saloniki,Grecja
2026-01-13,,,WMI,SKG,2025-11-07,Warszawa,Polska,Saloniki,Grecja
2026-01-14,,,WMI,SKG,2025-11-07,Warszawa,Polska,Saloniki,Grecja
2026-01-15,,,WMI,SKG,2025-11-07,Warszawa,Polska,Saloniki,Grecja
2026-01-16,,,WMI,SKG,2025-11-07,Warszawa,Polska,Saloniki,Grecja
2026-01-17,,,WMI,SKG,2025-11-07,Warszawa,Polska,Saloniki,Grecja
2026-01-18,,,WMI,SKG,2025-11-07,Warszawa,Polska,Saloniki,Grecja
2026-01-19,,,WMI,SKG,2025-11-07,Warszawa,Polska,Saloniki,Grecja
2026-01-20,,,WMI,SKG,2025-11-07,Warszawa,Polska,Saloniki,Grecja
2026-01-21,,,WMI,SKG,2025-11-07,Warszawa,Polska,Saloniki,Grecja
2026-01-22,,,WMI,SKG,2025-11-07,Warszawa,Polska,Saloniki,Grecja
2026-01-23,,,WMI,SKG,2025-11-07,Warszawa,Polska,Saloniki,Grecja
2026-01-24,,,WMI,SKG,2025-11-07,Warszawa,Polska,Saloniki,Grecja
2026-01-25,,,WMI,SKG,2025-11-07,Warszawa,Polska,Saloniki,Grecja
2026-01-26,,,WMI,SKG,2025-11-07,Warszawa,Polska,Saloniki,Grecja
2026-01-27,,,WMI,SKG,2025-11-07,Warszawa,Polska,Saloniki,Grecja
2026-01-28,,,WMI,SKG,2025-11-07,Warszawa,Polska,Saloniki,Grecja
2026-01-29,,,WMI,SKG,2025-11-07,Warszawa,Polska,Saloniki,Grecja
2026-01-30,,,WMI,SKG,2025-11-07,Warszawa,Polska,Saloniki,Grecja
2025-11-07,,,WMI,CFU,2025-11-07,Warszawa,Polska,Korfu,Grecja
2025-11-08,,,WMI,CFU,2025-11-07,Warszawa,Polska,Korfu,Grecja
2025-11-09,,,WMI,CFU,2025-11-07,Warszawa,Polska,Korfu,Grecja
2025-11-10,,,WMI,CFU,2025-11-07,Warszawa,Polska,Korfu,Grecja
2025-11-11,,,WMI,CFU,2025-11-07,Warszawa,Polska,Korfu,Grecja
2025-11-12,,,WMI,CFU,2025-11-07,Warszawa,Polska,Korfu,Grecja
2025-11-13,,,WMI,CFU,2025-11-07,Warszawa,Polska,Korfu,Grecja
2025-11-14,,,WMI,CFU,2025-11-07,Warszawa,Polska,Korfu,Grecja
2025-11-15,,,WMI,CFU,2025-11-07,Warszawa,Polska,Korfu,Grecja
2025-11-16,,,WMI,CFU,2025-11-07,Warszawa,Polska,Korfu,Grecja
2025-11-17,,,WMI,CFU,2025-11-07,Warszawa,Polska,Korfu,Grecja
2025-11-18,,,WMI,CFU,2025-11-07,Warszawa,Polska,Korfu,Grecja
2025-11-19,,,WMI,CFU,2025-11-07,Warszawa,Polska,Korfu,Grecja
2025-11-20,,,WMI,CFU,2025-11-07,Warszawa,Polska,Korfu,Grecja
2025-11-21,,,WMI,CFU,2025-11-07,Warszawa,Polska,Korfu,Grecja
2025-11-22,,,WMI,CFU,2025-11-07,Warszawa,Polska,Korfu,Grecja
2025-11-23,,,WMI,CFU,2025-11-07,Warszawa,Polska,Korfu,Grecja
2025-11-24,,,WMI,CFU,2025-11-07,Warszawa,Polska,Korfu,Grecja
2025-11-25,,,WMI,CFU,2025-11-07,Warszawa,Polska,Korfu,Grecja
2025-11-26,,,WMI,CFU,2025-11-07,Warszawa,Polska,Korfu,Grecja
2025-11-27,,,WMI,CFU,2025-11-07,Warszawa,Polska,Korfu,Grecja
2025-11-28,,,WMI,CFU,2025-11-07,Warszawa,Polska,Korfu,Grecja
2025-11-29,,,WMI,CFU,2025-11-07,Warszawa,Polska,Korfu,Grecja
2025-11-30,,,WMI,CFU,2025-11-07,Warszawa,Polska,Korfu,Grecja
2025-12-01,,,WMI,CFU,2025-11-07,Warszawa,Polska,Korfu,Grecja
2025-12-02,,,WMI,CFU,2025-11-07,Warszawa,Polska,Korfu,Grecja
2025-12-03,,,WMI,CFU,2025-11-07,Warszawa,Polska,Korfu,Grecja
2025-12-04,,,WMI,CFU,2025-11-07,Warszawa,Polska,Korfu,Grecja
2025-12-05,,,WMI,CFU,2025-11-07,Warszawa,Polska,Korfu,Grecja
2025-12-06,,,WMI,CFU,2025-11-07,Warszawa,Polska,Korfu,Grecja
2025-12-07,,,WMI,CFU,2025-11-07,Warszawa,Polska,Korfu,Grecja
2025-12-08,,,WMI,CFU,2025-11-07,Warszawa,Polska,Korfu,Grecja
2025-12-09,,,WMI,CFU,2025-11-07,Warszawa,Polska,Korfu,Grecja
2025-12-10,,,WMI,CFU,2025-11-07,Warszawa,Polska,Korfu,Grecja
2025-12-11,,,WMI,CFU,2025-11-07,Warszawa,Polska,Korfu,Grecja
2025-12-12,,,WMI,CFU,2025-11-07,Warszawa,Polska,Korfu,Grecja
2025-12-13,,,WMI,CFU,2025-11-07,Warszawa,Polska,Korfu,Grecja
2025-12-14,,,WMI,CFU,2025-11-07,Warszawa,Polska,Korfu,Grecja
2025-12-15,,,WMI,CFU,2025-11-07,Warszawa,Polska,Korfu,Grecja
2025-12-16,,,WMI,CFU,2025-11-07,Warszawa,Polska,Korfu,Grecja
2025-12-17,,,WMI,CFU,2025-11-07,Warszawa,Polska,Korfu,Grecja
2025-12-18,,,WMI,CFU,2025-11-07,Warszawa,Polska,Korfu,Grecja
2025-12-19,,,WMI,CFU,2025-11-07,Warszawa,Polska,Korfu,Grecja
2025-12-20,,,WMI,CFU,2025-11-07,Warszawa,Polska,Korfu,Grecja
2025-12-21,,,WMI,CFU,2025-11-07,Warszawa,Polska,Korfu,Grecja
2025-12-22,,,WMI,CFU,2025-11-07,Warszawa,Polska,Korfu,Grecja
2025-12-23,,,WMI,CFU,2025-11-07,Warszawa,Polska,Korfu,Grecja
2025-12-24,,,WMI,CFU,2025-11-07,Warszawa,Polska,Korfu,Grecja
2025-12-25,,,WMI,CFU,2025-11-07,Warszawa,Polska,Korfu,Grecja
2025-12-26,,,WMI,CFU,2025-11-07,Warszawa,Polska,Korfu,Grecja
2025-12-27,,,WMI,CFU,2025-11-07,Warszawa,Polska,Korfu,Grecja
2025-12-28,,,WMI,CFU,2025-11-07,Warszawa,Polska,Korfu,Grecja
2025-12-29,,,WMI,CFU,2025-11-07,Warszawa,Polska,Korfu,Grecja
2025-12-30,,,WMI,CFU,2025-11-07,Warszawa,Polska,Korfu,Grecja
2025-12-31,,,WMI,CFU,2025-11-07,Warszawa,Polska,Korfu,Grecja
2026-01-01,,,WMI,CFU,2025-11-07,Warszawa,Polska,Korfu,Grecja
2026-01-02,,,WMI,CFU,2025-11-07,Warszawa,Polska,Korfu,Grecja
2026-01-03,,,WMI,CFU,2025-11-07,Warszawa,Polska,Korfu,Grecja
2026-01-04,,,WMI,CFU,2025-11-07,Warszawa,Polska,Korfu,Grecja
2026-01-05,,,WMI,CFU,2025-11-07,Warszawa,Polska,Korfu,Grecja
2026-01-06,,,WMI,CFU,2025-11-07,Warszawa,Polska,Korfu,Grecja
2026-01-07,,,WMI,CFU,2025-11-07,Warszawa,Polska,Korfu,Grecja
2026-01-08,,,WMI,CFU,2025-11-07,Warszawa,Polska,Korfu,Grecja
2026-01-09,,,WMI,CFU,2025-11-07,Warszawa,Polska,Korfu,Grecja
2026-01-10,,,WMI,CFU,2025-11-07,Warszawa,Polska,Korfu,Grecja
2026-01-11,,,WMI,CFU,2025-11-07,Warszawa,Polska,Korfu,Grecja
2026-01-12,,,WMI,CFU,2025-11-07,Warszawa,Polska,Korfu,Grecja
2026-01-13,,,WMI,CFU,2025-11-07,Warszawa,Polska,Korfu,Grecja
2026-01-14,,,WMI,CFU,2025-11-07,Warszawa,Polska,Korfu,Grecja
2026-01-15,,,WMI,CFU,2025-11-07,Warszawa,Polska,Korfu,Grecja
2026-01-16,,,WMI,CFU,2025-11-07,Warszawa,Polska,Korfu,Grecja
2026-01-17,,,WMI,CFU,2025-11-07,Warszawa,Polska,Korfu,Grecja
2026-01-18,,,WMI,CFU,2025-11-07,Warszawa,Polska,Korfu,Grecja
2026-01-19,,,WMI,CFU,2025-11-07,Warszawa,Polska,Korfu,Grecja
2026-01-20,,,WMI,CFU,2025-11-07,Warszawa,Polska,Korfu,Grecja
2026-01-21,,,WMI,CFU,2025-11-07,Warszawa,Polska,Korfu,Grecja
2026-01-22,,,WMI,CFU,2025-11-07,Warszawa,Polska,Korfu,Grecja
2026-01-23,,,WMI,CFU,2025-11-07,Warszawa,Polska,Korfu,Grecja
2026-01-24,,,WMI,CFU,2025-11-07,Warszawa,Polska,Korfu,Grecja
2026-01-25,,,WMI,CFU,2025-11-07,Warszawa,Polska,Korfu,Grecja
2026-01-26,,,WMI,CFU,2025-11-07,Warszawa,Polska,Korfu,Grecja
2026-01-27,,,WMI,CFU,2025-11-07,Warszawa,Polska,Korfu,Grecja
2026-01-28,,,WMI,CFU,2025-11-07,Warszawa,Polska,Korfu,Grecja
2026-01-29,,,WMI,CFU,2025-11-07,Warszawa,Polska,Korfu,Grecja
2026-01-30,,,WMI,CFU,2025-11-07,Warszawa,Polska,Korfu,Grecja
2025-11-07,,,WMI,ZTH,2025-11-07,Warszawa,Polska,Zakynthos,Grecja
2025-11-08,,,WMI,ZTH,2025-11-07,Warszawa,Polska,Zakynthos,Grecja
2025-11-09,,,WMI,ZTH,2025-11-07,Warszawa,Polska,Zakynthos,Grecja
2025-11-10,,,WMI,ZTH,2025-11-07,Warszawa,Polska,Zakynthos,Grecja
2025-11-11,,,WMI,ZTH,2025-11-07,Warszawa,Polska,Zakynthos,Grecja
2025-11-12,,,WMI,ZTH,2025-11-07,Warszawa,Polska,Zakynthos,Grecja
2025-11-13,,,WMI,ZTH,2025-11-07,Warszawa,Polska,Zakynthos,Grecja
2025-11-14,,,WMI,ZTH,2025-11-07,Warszawa,Polska,Zakynthos,Grecja
2025-11-15,,,WMI,ZTH,2025-11-07,Warszawa,Polska,Zakynthos,Grecja
2025-11-16,,,WMI,ZTH,2025-11-07,Warszawa,Polska,Zakynthos,Grecja
2025-11-17,,,WMI,ZTH,2025-11-07,Warszawa,Polska,Zakynthos,Grecja
2025-11-18,,,WMI,ZTH,2025-11-07,Warszawa,Polska,Zakynthos,Grecja
2025-11-19,,,WMI,ZTH,2025-11-07,Warszawa,Polska,Zakynthos,Grecja
2025-11-20,,,WMI,ZTH,2025-11-07,Warszawa,Polska,Zakynthos,Grecja
2025-11-21,,,WMI,ZTH,2025-11-07,Warszawa,Polska,Zakynthos,Grecja
2025-11-22,,,WMI,ZTH,2025-11-07,Warszawa,Polska,Zakynthos,Grecja
2025-11-23,,,WMI,ZTH,2025-11-07,Warszawa,Polska,Zakynthos,Grecja
2025-11-24,,,WMI,ZTH,2025-11-07,Warszawa,Polska,Zakynthos,Grecja
2025-11-25,,,WMI,ZTH,2025-11-07,Warszawa,Polska,Zakynthos,Grecja
2025-11-26,,,WMI,ZTH,2025-11-07,Warszawa,Polska,Zakynthos,Grecja
2025-11-27,,,WMI,ZTH,2025-11-07,Warszawa,Polska,Zakynthos,Grecja
2025-11-28,,,WMI,ZTH,2025-11-07,Warszawa,Polska,Zakynthos,Grecja
2025-11-29,,,WMI,ZTH,2025-11-07,Warszawa,Polska,Zakynthos,Grecja
2025-11-30,,,WMI,ZTH,2025-11-07,Warszawa,Polska,Zakynthos,Grecja
2025-12-01,,,WMI,ZTH,2025-11-07,Warszawa,Polska,Zakynthos,Grecja
2025-12-02,,,WMI,ZTH,2025-11-07,Warszawa,Polska,Zakynthos,Grecja
2025-12-03,,,WMI,ZTH,2025-11-07,Warszawa,Polska,Zakynthos,Grecja
2025-12-04,,,WMI,ZTH,2025-11-07,Warszawa,Polska,Zakynthos,Grecja
2025-12-05,,,WMI,ZTH,2025-11-07,Warszawa,Polska,Zakynthos,Grecja
2025-12-06,,,WMI,ZTH,2025-11-07,Warszawa,Polska,Zakynthos,Grecja
2025-12-07,,,WMI,ZTH,2025-11-07,Warszawa,Polska,Zakynthos,Grecja
2025-12-08,,,WMI,ZTH,2025-11-07,Warszawa,Polska,Zakynthos,Grecja
2025-12-09,,,WMI,ZTH,2025-11-07,Warszawa,Polska,Zakynthos,Grecja
2025-12-10,,,WMI,ZTH,2025-11-07,Warszawa,Polska,Zakynthos,Grecja
2025-12-11,,,WMI,ZTH,2025-11-07,Warszawa,Polska,Zakynthos,Grecja
2025-12-12,,,WMI,ZTH,2025-11-07,Warszawa,Polska,Zakynthos,Grecja
2025-12-13,,,WMI,ZTH,2025-11-07,Warszawa,Polska,Zakynthos,Grecja
2025-12-14,,,WMI,ZTH,2025-11-07,Warszawa,Polska,Zakynthos,Grecja
2025-12-15,,,WMI,ZTH,2025-11-07,Warszawa,Polska,Zakynthos,Grecja
2025-12-16,,,WMI,ZTH,2025-11-07,Warszawa,Polska,Zakynthos,Grecja
2025-12-17,,,WMI,ZTH,2025-11-07,Warszawa,Polska,Zakynthos,Grecja
2025-12-18,,,WMI,ZTH,2025-11-07,Warszawa,Polska,Zakynthos,Grecja
2025-12-19,,,WMI,ZTH,2025-11-07,Warszawa,Polska,Zakynthos,Grecja
2025-12-20,,,WMI,ZTH,2025-11-07,Warszawa,Polska,Zakynthos,Grecja
2025-12-21,,,WMI,ZTH,2025-11-07,Warszawa,Polska,Zakynthos,Grecja
2025-12-22,,,WMI,ZTH,2025-11-07,Warszawa,Polska,Zakynthos,Grecja
2025-12-23,,,WMI,ZTH,2025-11-07,Warszawa,Polska,Zakynthos,Grecja
2025-12-24,,,WMI,ZTH,2025-11-07,Warszawa,Polska,Zakynthos,Grecja
2025-12-25,,,WMI,ZTH,2025-11-07,Warszawa,Polska,Zakynthos,Grecja
2025-12-26,,,WMI,ZTH,2025-11-07,Warszawa,Polska,Zakynthos,Grecja
2025-12-27,,,WMI,ZTH,2025-11-07,Warszawa,Polska,Zakynthos,Grecja
2025-12-28,,,WMI,ZTH,2025-11-07,Warszawa,Polska,Zakynthos,Grecja
2025-12-29,,,WMI,ZTH,2025-11-07,Warszawa,Polska,Zakynthos,Grecja
2025-12-30,,,WMI,ZTH,2025-11-07,Warszawa,Polska,Zakynthos,Grecja
2025-12-31,,,WMI,ZTH,2025-11-07,Warszawa,Polska,Zakynthos,Grecja
2026-01-01,,,WMI,ZTH,2025-11-07,Warszawa,Polska,Zakynthos,Grecja
2026-01-02,,,WMI,ZTH,2025-11-07,Warszawa,Polska,Zakynthos,Grecja
2026-01-03,,,WMI,ZTH,2025-11-07,Warszawa,Polska,Zakynthos,Grecja
2026-01-04,,,WMI,ZTH,2025-11-07,Warszawa,Polska,Zakynthos,Grecja
2026-01-05,,,WMI,ZTH,2025-11-07,Warszawa,Polska,Zakynthos,Grecja
2026-01-06,,,WMI,ZTH,2025-11-07,Warszawa,Polska,Zakynthos,Grecja
2026-01-07,,,WMI,ZTH,2025-11-07,Warszawa,Polska,Zakynthos,Grecja
2026-01-08,,,WMI,ZTH,2025-11-07,Warszawa,Polska,Zakynthos,Grecja
2026-01-09,,,WMI,ZTH,2025-11-07,Warszawa,Polska,Zakynthos,Grecja
2026-01-10,,,WMI,ZTH,2025-11-07,Warszawa,Polska,Zakynthos,Grecja
2026-01-11,,,WMI,ZTH,2025-11-07,Warszawa,Polska,Zakynthos,Grecja
2026-01-12,,,WMI,ZTH,2025-11-07,Warszawa,Polska,Zakynthos,Grecja
2026-01-13,,,WMI,ZTH,2025-11-07,Warszawa,Polska,Zakynthos,Grecja
2026-01-14,,,WMI,ZTH,2025-11-07,Warszawa,Polska,Zakynthos,Grecja
2026-01-15,,,WMI,ZTH,2025-11-07,Warszawa,Polska,Zakynthos,Grecja
2026-01-16,,,WMI,ZTH,2025-11-07,Warszawa,Polska,Zakynthos,Grecja
2026-01-17,,,WMI,ZTH,2025-11-07,Warszawa,Polska,Zakynthos,Grecja
2026-01-18,,,WMI,ZTH,2025-11-07,Warszawa,Polska,Zakynthos,Grecja
2026-01-19,,,WMI,ZTH,2025-11-07,Warszawa,Polska,Zakynthos,Grecja
2026-01-20,,,WMI,ZTH,2025-11-07,Warszawa,Polska,Zakynthos,Grecja
2026-01-21,,,WMI,ZTH,2025-11-07,Warszawa,Polska,Zakynthos,Grecja
2026-01-22,,,WMI,ZTH,2025-11-07,Warszawa,Polska,Zakynthos,Grecja
2026-01-23,,,WMI,ZTH,2025-11-07,Warszawa,Polska,Zakynthos,Grecja
2026-01-24,,,WMI,ZTH,2025-11-07,Warszawa,Polska,Zakynthos,Grecja
2026-01-25,,,WMI,ZTH,2025-11-07,Warszawa,Polska,Zakynthos,Grecja
2026-01-26,,,WMI,ZTH,2025-11-07,Warszawa,Polska,Zakynthos,Grecja
2026-01-27,,,WMI,ZTH,2025-11-07,Warszawa,Polska,Zakynthos,Grecja
2026-01-28,,,WMI,ZTH,2025-11-07,Warszawa,Polska,Zakynthos,Grecja
2026-01-29,,,WMI,ZTH,2025-11-07,Warszawa,Polska,Zakynthos,Grecja
2026-01-30,,,WMI,ZTH,2025-11-07,Warszawa,Polska,Zakynthos,Grecja
2025-11-07,,,WMI,KGS,2025-11-07,Warszawa,Polska,Kos,Grecja
2025-11-08,,,WMI,KGS,2025-11-07,Warszawa,Polska,Kos,Grecja
2025-11-09,,,WMI,KGS,2025-11-07,Warszawa,Polska,Kos,Grecja
2025-11-10,,,WMI,KGS,2025-11-07,Warszawa,Polska,Kos,Grecja
2025-11-11,,,WMI,KGS,2025-11-07,Warszawa,Polska,Kos,Grecja
2025-11-12,,,WMI,KGS,2025-11-07,Warszawa,Polska,Kos,Grecja
2025-11-13,,,WMI,KGS,2025-11-07,Warszawa,Polska,Kos,Grecja
2025-11-14,,,WMI,KGS,2025-11-07,Warszawa,Polska,Kos,Grecja
2025-11-15,,,WMI,KGS,2025-11-07,Warszawa,Polska,Kos,Grecja
2025-11-16,,,WMI,KGS,2025-11-07,Warszawa,Polska,Kos,Grecja
2025-11-17,,,WMI,KGS,2025-11-07,Warszawa,Polska,Kos,Grecja
2025-11-18,,,WMI,KGS,2025-11-07,Warszawa,Polska,Kos,Grecja
2025-11-19,,,WMI,KGS,2025-11-07,Warszawa,Polska,Kos,Grecja
2025-11-20,,,WMI,KGS,2025-11-07,Warszawa,Polska,Kos,Grecja
2025-11-21,,,WMI,KGS,2025-11-07,Warszawa,Polska,Kos,Grecja
2025-11-22,,,WMI,KGS,2025-11-07,Warszawa,Polska,Kos,Grecja
2025-11-23,,,WMI,KGS,2025-11-07,Warszawa,Polska,Kos,Grecja
2025-11-24,,,WMI,KGS,2025-11-07,Warszawa,Polska,Kos,Grecja
2025-11-25,,,WMI,KGS,2025-11-07,Warszawa,Polska,Kos,Grecja
2025-11-26,,,WMI,KGS,2025-11-07,Warszawa,Polska,Kos,Grecja
2025-11-27,,,WMI,KGS,2025-11-07,Warszawa,Polska,Kos,Grecja
2025-11-28,,,WMI,KGS,2025-11-07,Warszawa,Polska,Kos,Grecja
2025-11-29,,,WMI,KGS,2025-11-07,Warszawa,Polska,Kos,Grecja
2025-11-30,,,WMI,KGS,2025-11-07,Warszawa,Polska,Kos,Grecja
2025-12-01,,,WMI,KGS,2025-11-07,Warszawa,Polska,Kos,Grecja
2025-12-02,,,WMI,KGS,2025-11-07,Warszawa,Polska,Kos,Grecja
2025-12-03,,,WMI,KGS,2025-11-07,Warszawa,Polska,Kos,Grecja
2025-12-04,,,WMI,KGS,2025-11-07,Warszawa,Polska,Kos,Grecja
2025-12-05,,,WMI,KGS,2025-11-07,Warszawa,Polska,Kos,Grecja
2025-12-06,,,WMI,KGS,2025-11-07,Warszawa,Polska,Kos,Grecja
2025-12-07,,,WMI,KGS,2025-11-07,Warszawa,Polska,Kos,Grecja
2025-12-08,,,WMI,KGS,2025-11-07,Warszawa,Polska,Kos,Grecja
2025-12-09,,,WMI,KGS,2025-11-07,Warszawa,Polska,Kos,Grecja
2025-12-10,,,WMI,KGS,2025-11-07,Warszawa,Polska,Kos,Grecja
2025-12-11,,,WMI,KGS,2025-11-07,Warszawa,Polska,Kos,Grecja
2025-12-12,,,WMI,KGS,2025-11-07,Warszawa,Polska,Kos,Grecja
2025-12-13,,,WMI,KGS,2025-11-07,Warszawa,Polska,Kos,Grecja
2025-12-14,,,WMI,KGS,2025-11-07,Warszawa,Polska,Kos,Grecja
2025-12-15,,,WMI,KGS,2025-11-07,Warszawa,Polska,Kos,Grecja
2025-12-16,,,WMI,KGS,2025-11-07,Warszawa,Polska,Kos,Grecja
2025-12-17,,,WMI,KGS,2025-11-07,Warszawa,Polska,Kos,Grecja
2025-12-18,,,WMI,KGS,2025-11-07,Warszawa,Polska,Kos,Grecja
2025-12-19,,,WMI,KGS,2025-11-07,Warszawa,Polska,Kos,Grecja
2025-12-20,,,WMI,KGS,2025-11-07,Warszawa,Polska,Kos,Grecja
2025-12-21,,,WMI,KGS,2025-11-07,Warszawa,Polska,Kos,Grecja
2025-12-22,,,WMI,KGS,2025-11-07,Warszawa,Polska,Kos,Grecja
2025-12-23,,,WMI,KGS,2025-11-07,Warszawa,Polska,Kos,Grecja
2025-12-24,,,WMI,KGS,2025-11-07,Warszawa,Polska,Kos,Grecja
2025-12-25,,,WMI,KGS,2025-11-07,Warszawa,Polska,Kos,Grecja
2025-12-26,,,WMI,KGS,2025-11-07,Warszawa,Polska,Kos,Grecja
2025-12-27,,,WMI,KGS,2025-11-07,Warszawa,Polska,Kos,Grecja
2025-12-28,,,WMI,KGS,2025-11-07,Warszawa,Polska,Kos,Grecja
2025-12-29,,,WMI,KGS,2025-11-07,Warszawa,Polska,Kos,Grecja
2025-12-30,,,WMI,KGS,2025-11-07,Warszawa,Polska,Kos,Grecja
2025-12-31,,,WMI,KGS,2025-11-07,Warszawa,Polska,Kos,Grecja
2026-01-01,,,WMI,KGS,2025-11-07,Warszawa,Polska,Kos,Grecja
2026-01-02,,,WMI,KGS,2025-11-07,Warszawa,Polska,Kos,Grecja
2026-01-03,,,WMI,KGS,2025-11-07,Warszawa,Polska,Kos,Grecja
2026-01-04,,,WMI,KGS,2025-11-07,Warszawa,Polska,Kos,Grecja
2026-01-05,,,WMI,KGS,2025-11-07,Warszawa,Polska,Kos,Grecja
2026-01-06,,,WMI,KGS,2025-11-07,Warszawa,Polska,Kos,Grecja
2026-01-07,,,WMI,KGS,2025-11-07,Warszawa,Polska,Kos,Grecja
2026-01-08,,,WMI,KGS,2025-11-07,Warszawa,Polska,Kos,Grecja
2026-01-09,,,WMI,KGS,2025-11-07,Warszawa,Polska,Kos,Grecja
2026-01-10,,,WMI,KGS,2025-11-07,Warszawa,Polska,Kos,Grecja
2026-01-11,,,WMI,KGS,2025-11-07,Warszawa,Polska,Kos,Grecja
2026-01-12,,,WMI,KGS,2025-11-07,Warszawa,Polska,Kos,Grecja
2026-01-13,,,WMI,KGS,2025-11-07,Warszawa,Polska,Kos,Grecja
2026-01-14,,,WMI,KGS,2025-11-07,Warszawa,Polska,Kos,Grecja
2026-01-15,,,WMI,KGS,2025-11-07,Warszawa,Polska,Kos,Grecja
2026-01-16,,,WMI,KGS,2025-11-07,Warszawa,Polska,Kos,Grecja
2026-01-17,,,WMI,KGS,2025-11-07,Warszawa,Polska,Kos,Grecja
2026-01-18,,,WMI,KGS,2025-11-07,Warszawa,Polska,Kos,Grecja
2026-01-19,,,WMI,KGS,2025-11-07,Warszawa,Polska,Kos,Grecja
2026-01-20,,,WMI,KGS,2025-11-07,Warszawa,Polska,Kos,Grecja
2026-01-21,,,WMI,KGS,2025-11-07,Warszawa,Polska,Kos,Grecja
2026-01-22,,,WMI,KGS,2025-11-07,Warszawa,Polska,Kos,Grecja
2026-01-23,,,WMI,KGS,2025-11-07,Warszawa,Polska,Kos,Grecja
2026-01-24,,,WMI,KGS,2025-11-07,Warszawa,Polska,Kos,Grecja
2026-01-25,,,WMI,KGS,2025-11-07,Warszawa,Polska,Kos,Grecja
2026-01-26,,,WMI,KGS,2025-11-07,Warszawa,Polska,Kos,Grecja
2026-01-27,,,WMI,KGS,2025-11-07,Warszawa,Polska,Kos,Grecja
2026-01-28,,,WMI,KGS,2025-11-07,Warszawa,Polska,Kos,Grecja
2026-01-29,,,WMI,KGS,2025-11-07,Warszawa,Polska,Kos,Grecja
2026-01-30,,,WMI,KGS,2025-11-07,Warszawa,Polska,Kos,Grecja
2025-11-07,,,WMI,CHQ,2025-11-07,Warszawa,Polska,Chania,Grecja
2025-11-08,,,WMI,CHQ,2025-11-07,Warszawa,Polska,Chania,Grecja
2025-11-09,,,WMI,CHQ,2025-11-07,Warszawa,Polska,Chania,Grecja
2025-11-10,,,WMI,CHQ,2025-11-07,Warszawa,Polska,Chania,Grecja
2025-11-11,,,WMI,CHQ,2025-11-07,Warszawa,Polska,Chania,Grecja
2025-11-12,,,WMI,CHQ,2025-11-07,Warszawa,Polska,Chania,Grecja
2025-11-13,,,WMI,CHQ,2025-11-07,Warszawa,Polska,Chania,Grecja
2025-11-14,,,WMI,CHQ,2025-11-07,Warszawa,Polska,Chania,Grecja
2025-11-15,,,WMI,CHQ,2025-11-07,Warszawa,Polska,Chania,Grecja
2025-11-16,,,WMI,CHQ,2025-11-07,Warszawa,Polska,Chania,Grecja
2025-11-17,,,WMI,CHQ,2025-11-07,Warszawa,Polska,Chania,Grecja
2025-11-18,,,WMI,CHQ,2025-11-07,Warszawa,Polska,Chania,Grecja
2025-11-19,,,WMI,CHQ,2025-11-07,Warszawa,Polska,Chania,Grecja
2025-11-20,,,WMI,CHQ,2025-11-07,Warszawa,Polska,Chania,Grecja
2025-11-21,,,WMI,CHQ,2025-11-07,Warszawa,Polska,Chania,Grecja
2025-11-22,,,WMI,CHQ,2025-11-07,Warszawa,Polska,Chania,Grecja
2025-11-23,,,WMI,CHQ,2025-11-07,Warszawa,Polska,Chania,Grecja
2025-11-24,,,WMI,CHQ,2025-11-07,Warszawa,Polska,Chania,Grecja
2025-11-25,,,WMI,CHQ,2025-11-07,Warszawa,Polska,Chania,Grecja
2025-11-26,,,WMI,CHQ,2025-11-07,Warszawa,Polska,Chania,Grecja
2025-11-27,,,WMI,CHQ,2025-11-07,Warszawa,Polska,Chania,Grecja
2025-11-28,,,WMI,CHQ,2025-11-07,Warszawa,Polska,Chania,Grecja
2025-11-29,,,WMI,CHQ,2025-11-07,Warszawa,Polska,Chania,Grecja
2025-11-30,,,WMI,CHQ,2025-11-07,Warszawa,Polska,Chania,Grecja
2025-12-01,,,WMI,CHQ,2025-11-07,Warszawa,Polska,Chania,Grecja
2025-12-02,,,WMI,CHQ,2025-11-07,Warszawa,Polska,Chania,Grecja
2025-12-03,,,WMI,CHQ,2025-11-07,Warszawa,Polska,Chania,Grecja
2025-12-04,,,WMI,CHQ,2025-11-07,Warszawa,Polska,Chania,Grecja
2025-12-05,,,WMI,CHQ,2025-11-07,Warszawa,Polska,Chania,Grecja
2025-12-06,,,WMI,CHQ,2025-11-07,Warszawa,Polska,Chania,Grecja
2025-12-07,,,WMI,CHQ,2025-11-07,Warszawa,Polska,Chania,Grecja
2025-12-08,,,WMI,CHQ,2025-11-07,Warszawa,Polska,Chania,Grecja
2025-12-09,,,WMI,CHQ,2025-11-07,Warszawa,Polska,Chania,Grecja
2025-12-10,,,WMI,CHQ,2025-11-07,Warszawa,Polska,Chania,Grecja
2025-12-11,,,WMI,CHQ,2025-11-07,Warszawa,Polska,Chania,Grecja
2025-12-12,,,WMI,CHQ,2025-11-07,Warszawa,Polska,Chania,Grecja
2025-12-13,,,WMI,CHQ,2025-11-07,Warszawa,Polska,Chania,Grecja
2025-12-14,,,WMI,CHQ,2025-11-07,Warszawa,Polska,Chania,Grecja
2025-12-15,,,WMI,CHQ,2025-11-07,Warszawa,Polska,Chania,Grecja
2025-12-16,,,WMI,CHQ,2025-11-07,Warszawa,Polska,Chania,Grecja
2025-12-17,,,WMI,CHQ,2025-11-07,Warszawa,Polska,Chania,Grecja
2025-12-18,,,WMI,CHQ,2025-11-07,Warszawa,Polska,Chania,Grecja
2025-12-19,,,WMI,CHQ,2025-11-07,Warszawa,Polska,Chania,Grecja
2025-12-20,,,WMI,CHQ,2025-11-07,Warszawa,Polska,Chania,Grecja
2025-12-21,,,WMI,CHQ,2025-11-07,Warszawa,Polska,Chania,Grecja
2025-12-22,,,WMI,CHQ,2025-11-07,Warszawa,Polska,Chania,Grecja
2025-12-23,,,WMI,CHQ,2025-11-07,Warszawa,Polska,Chania,Grecja
2025-12-24,,,WMI,CHQ,2025-11-07,Warszawa,Polska,Chania,Grecja
2025-12-25,,,WMI,CHQ,2025-11-07,Warszawa,Polska,Chania,Grecja
2025-12-26,,,WMI,CHQ,2025-11-07,Warszawa,Polska,Chania,Grecja
2025-12-27,,,WMI,CHQ,2025-11-07,Warszawa,Polska,Chania,Grecja
2025-12-28,,,WMI,CHQ,2025-11-07,Warszawa,Polska,Chania,Grecja
2025-12-29,,,WMI,CHQ,2025-11-07,Warszawa,Polska,Chania,Grecja
2025-12-30,,,WMI,CHQ,2025-11-07,Warszawa,Polska,Chania,Grecja
2025-12-31,,,WMI,CHQ,2025-11-07,Warszawa,Polska,Chania,Grecja
2026-01-01,,,WMI,CHQ,2025-11-07,Warszawa,Polska,Chania,Grecja
2026-01-02,,,WMI,CHQ,2025-11-07,Warszawa,Polska,Chania,Grecja
2026-01-03,,,WMI,CHQ,2025-11-07,Warszawa,Polska,Chania,Grecja
2026-01-04,,,WMI,CHQ,2025-11-07,Warszawa,Polska,Chania,Grecja
2026-01-05,,,WMI,CHQ,2025-11-07,Warszawa,Polska,Chania,Grecja
2026-01-06,,,WMI,CHQ,2025-11-07,Warszawa,Polska,Chania,Grecja
2026-01-07,,,WMI,CHQ,2025-11-07,Warszawa,Polska,Chania,Grecja
2026-01-08,,,WMI,CHQ,2025-11-07,Warszawa,Polska,Chania,Grecja
2026-01-09,,,WMI,CHQ,2025-11-07,Warszawa,Polska,Chania,Grecja
2026-01-10,,,WMI,CHQ,2025-11-07,Warszawa,Polska,Chania,Grecja
2026-01-11,,,WMI,CHQ,2025-11-07,Warszawa,Polska,Chania,Grecja
2026-01-12,,,WMI,CHQ,2025-11-07,Warszawa,Polska,Chania,Grecja
2026-01-13,,,WMI,CHQ,2025-11-07,Warszawa,Polska,Chania,Grecja
2026-01-14,,,WMI,CHQ,2025-11-07,Warszawa,Polska,Chania,Grecja
2026-01-15,,,WMI,CHQ,2025-11-07,Warszawa,Polska,Chania,Grecja
2026-01-16,,,WMI,CHQ,2025-11-07,Warszawa,Polska,Chania,Grecja
2026-01-17,,,WMI,CHQ,2025-11-07,Warszawa,Polska,Chania,Grecja
2026-01-18,,,WMI,CHQ,2025-11-07,Warszawa,Polska,Chania,Grecja
2026-01-19,,,WMI,CHQ,2025-11-07,Warszawa,Polska,Chania,Grecja
2026-01-20,,,WMI,CHQ,2025-11-07,Warszawa,Polska,Chania,Grecja
2026-01-21,,,WMI,CHQ,2025-11-07,Warszawa,Polska,Chania,Grecja
2026-01-22,,,WMI,CHQ,2025-11-07,Warszawa,Polska,Chania,Grecja
2026-01-23,,,WMI,CHQ,2025-11-07,Warszawa,Polska,Chania,Grecja
2026-01-24,,,WMI,CHQ,2025-11-07,Warszawa,Polska,Chania,Grecja
2026-01-25,,,WMI,CHQ,2025-11-07,Warszawa,Polska,Chania,Grecja
2026-01-26,,,WMI,CHQ,2025-11-07,Warszawa,Polska,Chania,Grecja
2026-01-27,,,WMI,CHQ,2025-11-07,Warszawa,Polska,Chania,Grecja
2026-01-28,,,WMI,CHQ,2025-11-07,Warszawa,Polska,Chania,Grecja
2026-01-29,,,WMI,CHQ,2025-11-07,Warszawa,Polska,Chania,Grecja
2026-01-30,,,WMI,CHQ,2025-11-07,Warszawa,Polska,Chania,Grecja
2025-11-09,,1070.0,WMI,MAD,2025-11-07,Warszawa,Polska,Madryt,Hiszpania
2025-11-14,,251.0,WMI,MAD,2025-11-07,Warszawa,Polska,Madryt,Hiszpania
2025-11-16,,137.0,WMI,MAD,2025-11-07,Warszawa,Polska,Madryt,Hiszpania
2025-11-21,,111.0,WMI,MAD,2025-11-07,Warszawa,Polska,Madryt,Hiszpania
2025-11-23,,179.0,WMI,MAD,2025-11-07,Warszawa,Polska,Madryt,Hiszpania
2025-11-28,,132.0,WMI,MAD,2025-11-07,Warszawa,Polska,Madryt,Hiszpania
2025-11-30,,311.0,WMI,MAD,2025-11-07,Warszawa,Polska,Madryt,Hiszpania
2025-12-05,,192.0,WMI,MAD,2025-11-07,Warszawa,Polska,Madryt,Hiszpania
2025-12-07,,192.0,WMI,MAD,2025-11-07,Warszawa,Polska,Madryt,Hiszpania
2025-12-12,,332.0,WMI,MAD,2025-11-07,Warszawa,Polska,Madryt,Hiszpania
2025-12-14,,197.0,WMI,MAD,2025-11-07,Warszawa,Polska,Madryt,Hiszpania
2025-12-19,,548.0,WMI,MAD,2025-11-07,Warszawa,Polska,Madryt,Hiszpania
2025-12-21,,493.0,WMI,MAD,2025-11-07,Warszawa,Polska,Madryt,Hiszpania
2025-12-28,,777.0,WMI,MAD,2025-11-07,Warszawa,Polska,Madryt,Hiszpania
2026-01-02,,298.0,WMI,MAD,2025-11-07,Warszawa,Polska,Madryt,Hiszpania
2026-01-04,,370.0,WMI,MAD,2025-11-07,Warszawa,Polska,Madryt,Hiszpania
2026-01-09,,145.0,WMI,MAD,2025-11-07,Warszawa,Polska,Madryt,Hiszpania
2026-01-11,,152.0,WMI,MAD,2025-11-07,Warszawa,Polska,Madryt,Hiszpania
2026-01-16,,255.0,WMI,MAD,2025-11-07,Warszawa,Polska,Madryt,Hiszpania
2026-01-18,,302.0,WMI,MAD,2025-11-07,Warszawa,Polska,Madryt,Hiszpania
2026-01-23,,255.0,WMI,MAD,2025-11-07,Warszawa,Polska,Madryt,Hiszpania
2026-01-25,,243.0,WMI,MAD,2025-11-07,Warszawa,Polska,Madryt,Hiszpania
2026-01-30,,243.0,WMI,MAD,2025-11-07,Warszawa,Polska,Madryt,Hiszpania
2025-11-07,,,WMI,MAD,2025-11-07,Warszawa,Polska,Madryt,Hiszpania
2025-11-08,,,WMI,MAD,2025-11-07,Warszawa,Polska,Madryt,Hiszpania
2025-11-10,,,WMI,MAD,2025-11-07,Warszawa,Polska,Madryt,Hiszpania
2025-11-11,,,WMI,MAD,2025-11-07,Warszawa,Polska,Madryt,Hiszpania
2025-11-12,,,WMI,MAD,2025-11-07,Warszawa,Polska,Madryt,Hiszpania
2025-11-13,,,WMI,MAD,2025-11-07,Warszawa,Polska,Madryt,Hiszpania
2025-11-15,,,WMI,MAD,2025-11-07,Warszawa,Polska,Madryt,Hiszpania
2025-11-17,,,WMI,MAD,2025-11-07,Warszawa,Polska,Madryt,Hiszpania
2025-11-18,,,WMI,MAD,2025-11-07,Warszawa,Polska,Madryt,Hiszpania
2025-11-19,,,WMI,MAD,2025-11-07,Warszawa,Polska,Madryt,Hiszpania
2025-11-20,,,WMI,MAD,2025-11-07,Warszawa,Polska,Madryt,Hiszpania
2025-11-22,,,WMI,MAD,2025-11-07,Warszawa,Polska,Madryt,Hiszpania
2025-11-24,,,WMI,MAD,2025-11-07,Warszawa,Polska,Madryt,Hiszpania
2025-11-25,,,WMI,MAD,2025-11-07,Warszawa,Polska,Madryt,Hiszpania
2025-11-26,,,WMI,MAD,2025-11-07,Warszawa,Polska,Madryt,Hiszpania
2025-11-27,,,WMI,MAD,2025-11-07,Warszawa,Polska,Madryt,Hiszpania
2025-11-29,,,WMI,MAD,2025-11-07,Warszawa,Polska,Madryt,Hiszpania
2025-12-01,,,WMI,MAD,2025-11-07,Warszawa,Polska,Madryt,Hiszpania
2025-12-02,,,WMI,MAD,2025-11-07,Warszawa,Polska,Madryt,Hiszpania
2025-12-03,,,WMI,MAD,2025-11-07,Warszawa,Polska,Madryt,Hiszpania
2025-12-04,,,WMI,MAD,2025-11-07,Warszawa,Polska,Madryt,Hiszpania
2025-12-06,,,WMI,MAD,2025-11-07,Warszawa,Polska,Madryt,Hiszpania
2025-12-08,,,WMI,MAD,2025-11-07,Warszawa,Polska,Madryt,Hiszpania
2025-12-09,,,WMI,MAD,2025-11-07,Warszawa,Polska,Madryt,Hiszpania
2025-12-10,,,WMI,MAD,2025-11-07,Warszawa,Polska,Madryt,Hiszpania
2025-12-11,,,WMI,MAD,2025-11-07,Warszawa,Polska,Madryt,Hiszpania
2025-12-13,,,WMI,MAD,2025-11-07,Warszawa,Polska,Madryt,Hiszpania
2025-12-15,,,WMI,MAD,2025-11-07,Warszawa,Polska,Madryt,Hiszpania
2025-12-16,,,WMI,MAD,2025-11-07,Warszawa,Polska,Madryt,Hiszpania
2025-12-17,,,WMI,MAD,2025-11-07,Warszawa,Polska,Madryt,Hiszpania
2025-12-18,,,WMI,MAD,2025-11-07,Warszawa,Polska,Madryt,Hiszpania
2025-12-20,,,WMI,MAD,2025-11-07,Warszawa,Polska,Madryt,Hiszpania
2025-12-22,,,WMI,MAD,2025-11-07,Warszawa,Polska,Madryt,Hiszpania
2025-12-23,,,WMI,MAD,2025-11-07,Warszawa,Polska,Madryt,Hiszpania
2025-12-24,,,WMI,MAD,2025-11-07,Warszawa,Polska,Madryt,Hiszpania
2025-12-25,,,WMI,MAD,2025-11-07,Warszawa,Polska,Madryt,Hiszpania
2025-12-26,,,WMI,MAD,2025-11-07,Warszawa,Polska,Madryt,Hiszpania
2025-12-27,,,WMI,MAD,2025-11-07,Warszawa,Polska,Madryt,Hiszpania
2025-12-29,,,WMI,MAD,2025-11-07,Warszawa,Polska,Madryt,Hiszpania
2025-12-30,,,WMI,MAD,2025-11-07,Warszawa,Polska,Madryt,Hiszpania
2025-12-31,,,WMI,MAD,2025-11-07,Warszawa,Polska,Madryt,Hiszpania
2026-01-01,,,WMI,MAD,2025-11-07,Warszawa,Polska,Madryt,Hiszpania
2026-01-03,,,WMI,MAD,2025-11-07,Warszawa,Polska,Madryt,Hiszpania
2026-01-05,,,WMI,MAD,2025-11-07,Warszawa,Polska,Madryt,Hiszpania
2026-01-06,,,WMI,MAD,2025-11-07,Warszawa,Polska,Madryt,Hiszpania
2026-01-07,,,WMI,MAD,2025-11-07,Warszawa,Polska,Madryt,Hiszpania
2026-01-08,,,WMI,MAD,2025-11-07,Warszawa,Polska,Madryt,Hiszpania
2026-01-10,,,WMI,MAD,2025-11-07,Warszawa,Polska,Madryt,Hiszpania
2026-01-12,,,WMI,MAD,2025-11-07,Warszawa,Polska,Madryt,Hiszpania
2026-01-13,,,WMI,MAD,2025-11-07,Warszawa,Polska,Madryt,Hiszpania
2026-01-14,,,WMI,MAD,2025-11-07,Warszawa,Polska,Madryt,Hiszpania
2026-01-15,,,WMI,MAD,2025-11-07,Warszawa,Polska,Madryt,Hiszpania
2026-01-17,,,WMI,MAD,2025-11-07,Warszawa,Polska,Madryt,Hiszpania
2026-01-19,,,WMI,MAD,2025-11-07,Warszawa,Polska,Madryt,Hiszpania
2026-01-20,,,WMI,MAD,2025-11-07,Warszawa,Polska,Madryt,Hiszpania
2026-01-21,,,WMI,MAD,2025-11-07,Warszawa,Polska,Madryt,Hiszpania
2026-01-22,,,WMI,MAD,2025-11-07,Warszawa,Polska,Madryt,Hiszpania
2026-01-24,,,WMI,MAD,2025-11-07,Warszawa,Polska,Madryt,Hiszpania
2026-01-26,,,WMI,MAD,2025-11-07,Warszawa,Polska,Madryt,Hiszpania
2026-01-27,,,WMI,MAD,2025-11-07,Warszawa,Polska,Madryt,Hiszpania
2026-01-28,,,WMI,MAD,2025-11-07,Warszawa,Polska,Madryt,Hiszpania
2026-01-29,,,WMI,MAD,2025-11-07,Warszawa,Polska,Madryt,Hiszpania
2025-11-14,,291.0,WMI,BCN,2025-11-07,Warszawa,Polska,Barcelona,Hiszpania
2025-11-16,,214.0,WMI,BCN,2025-11-07,Warszawa,Polska,Barcelona,Hiszpania
2025-11-17,,234.0,WMI,BCN,2025-11-07,Warszawa,Polska,Barcelona,Hiszpania
2025-11-18,,120.0,WMI,BCN,2025-11-07,Warszawa,Polska,Barcelona,Hiszpania
2025-11-20,,319.0,WMI,BCN,2025-11-07,Warszawa,Polska,Barcelona,Hiszpania
2025-11-21,,370.0,WMI,BCN,2025-11-07,Warszawa,Polska,Barcelona,Hiszpania
2025-11-23,,166.0,WMI,BCN,2025-11-07,Warszawa,Polska,Barcelona,Hiszpania
2025-11-24,,119.0,WMI,BCN,2025-11-07,Warszawa,Polska,Barcelona,Hiszpania
2025-11-25,,145.0,WMI,BCN,2025-11-07,Warszawa,Polska,Barcelona,Hiszpania
2025-11-27,,281.0,WMI,BCN,2025-11-07,Warszawa,Polska,Barcelona,Hiszpania
2025-11-28,,374.0,WMI,BCN,2025-11-07,Warszawa,Polska,Barcelona,Hiszpania
2025-11-30,,183.0,WMI,BCN,2025-11-07,Warszawa,Polska,Barcelona,Hiszpania
2025-12-01,,129.0,WMI,BCN,2025-11-07,Warszawa,Polska,Barcelona,Hiszpania
2025-12-02,,99.0,WMI,BCN,2025-11-07,Warszawa,Polska,Barcelona,Hiszpania
2025-12-03,,129.0,WMI,BCN,2025-11-07,Warszawa,Polska,Barcelona,Hiszpania
2025-12-04,,333.0,WMI,BCN,2025-11-07,Warszawa,Polska,Barcelona,Hiszpania
2025-12-05,,319.0,WMI,BCN,2025-11-07,Warszawa,Polska,Barcelona,Hiszpania
2025-12-07,,209.0,WMI,BCN,2025-11-07,Warszawa,Polska,Barcelona,Hiszpania
2025-12-08,,359.0,WMI,BCN,2025-11-07,Warszawa,Polska,Barcelona,Hiszpania
2025-12-09,,260.0,WMI,BCN,2025-11-07,Warszawa,Polska,Barcelona,Hiszpania
2025-12-10,,179.0,WMI,BCN,2025-11-07,Warszawa,Polska,Barcelona,Hiszpania
2025-12-11,,230.0,WMI,BCN,2025-11-07,Warszawa,Polska,Barcelona,Hiszpania
2025-12-12,,217.0,WMI,BCN,2025-11-07,Warszawa,Polska,Barcelona,Hiszpania
2025-12-14,,129.0,WMI,BCN,2025-11-07,Warszawa,Polska,Barcelona,Hiszpania
2025-12-15,,103.0,WMI,BCN,2025-11-07,Warszawa,Polska,Barcelona,Hiszpania
2025-12-16,,103.0,WMI,BCN,2025-11-07,Warszawa,Polska,Barcelona,Hiszpania
2025-12-17,,129.0,WMI,BCN,2025-11-07,Warszawa,Polska,Barcelona,Hiszpania
2025-12-18,,119.0,WMI,BCN,2025-11-07,Warszawa,Polska,Barcelona,Hiszpania
2025-12-19,,139.0,WMI,BCN,2025-11-07,Warszawa,Polska,Barcelona,Hiszpania
2025-12-21,,179.0,WMI,BCN,2025-11-07,Warszawa,Polska,Barcelona,Hiszpania
2025-12-22,,139.0,WMI,BCN,2025-11-07,Warszawa,Polska,Barcelona,Hiszpania
2025-12-23,,255.0,WMI,BCN,2025-11-07,Warszawa,Polska,Barcelona,Hiszpania
2025-12-24,,209.0,WMI,BCN,2025-11-07,Warszawa,Polska,Barcelona,Hiszpania
2025-12-26,,408.0,WMI,BCN,2025-11-07,Warszawa,Polska,Barcelona,Hiszpania
2025-12-28,,514.0,WMI,BCN,2025-11-07,Warszawa,Polska,Barcelona,Hiszpania
2025-12-29,,519.0,WMI,BCN,2025-11-07,Warszawa,Polska,Barcelona,Hiszpania
2025-12-30,,568.0,WMI,BCN,2025-11-07,Warszawa,Polska,Barcelona,Hiszpania
2025-12-31,,559.0,WMI,BCN,2025-11-07,Warszawa,Polska,Barcelona,Hiszpania
2026-01-01,,362.0,WMI,BCN,2025-11-07,Warszawa,Polska,Barcelona,Hiszpania
2026-01-02,,359.0,WMI,BCN,2025-11-07,Warszawa,Polska,Barcelona,Hiszpania
2026-01-04,,268.0,WMI,BCN,2025-11-07,Warszawa,Polska,Barcelona,Hiszpania
2026-01-05,,196.0,WMI,BCN,2025-11-07,Warszawa,Polska,Barcelona,Hiszpania
2026-01-06,,158.0,WMI,BCN,2025-11-07,Warszawa,Polska,Barcelona,Hiszpania
2026-01-07,,129.0,WMI,BCN,2025-11-07,Warszawa,Polska,Barcelona,Hiszpania
2026-01-09,,170.0,WMI,BCN,2025-11-07,Warszawa,Polska,Barcelona,Hiszpania
2026-01-11,,119.0,WMI,BCN,2025-11-07,Warszawa,Polska,Barcelona,Hiszpania
2026-01-12,,129.0,WMI,BCN,2025-11-07,Warszawa,Polska,Barcelona,Hiszpania
2026-01-14,,129.0,WMI,BCN,2025-11-07,Warszawa,Polska,Barcelona,Hiszpania
2026-01-16,,196.0,WMI,BCN,2025-11-07,Warszawa,Polska,Barcelona,Hiszpania
2026-01-18,,249.0,WMI,BCN,2025-11-07,Warszawa,Polska,Barcelona,Hiszpania
2026-01-19,,219.0,WMI,BCN,2025-11-07,Warszawa,Polska,Barcelona,Hiszpania
2026-01-21,,159.0,WMI,BCN,2025-11-07,Warszawa,Polska,Barcelona,Hiszpania
2026-01-23,,209.0,WMI,BCN,2025-11-07,Warszawa,Polska,Barcelona,Hiszpania
2026-01-25,,178.0,WMI,BCN,2025-11-07,Warszawa,Polska,Barcelona,Hiszpania
2026-01-26,,179.0,WMI,BCN,2025-11-07,Warszawa,Polska,Barcelona,Hiszpania
2026-01-28,,139.0,WMI,BCN,2025-11-07,Warszawa,Polska,Barcelona,Hiszpania
2026-01-30,,139.0,WMI,BCN,2025-11-07,Warszawa,Polska,Barcelona,Hiszpania
2025-11-07,,,WMI,BCN,2025-11-07,Warszawa,Polska,Barcelona,Hiszpania
2025-11-08,,,WMI,BCN,2025-11-07,Warszawa,Polska,Barcelona,Hiszpania
2025-11-09,,,WMI,BCN,2025-11-07,Warszawa,Polska,Barcelona,Hiszpania
2025-11-10,,,WMI,BCN,2025-11-07,Warszawa,Polska,Barcelona,Hiszpania
2025-11-11,,,WMI,BCN,2025-11-07,Warszawa,Polska,Barcelona,Hiszpania
2025-11-12,,,WMI,BCN,2025-11-07,Warszawa,Polska,Barcelona,Hiszpania
2025-11-13,,,WMI,BCN,2025-11-07,Warszawa,Polska,Barcelona,Hiszpania
2025-11-15,,,WMI,BCN,2025-11-07,Warszawa,Polska,Barcelona,Hiszpania
2025-11-19,,,WMI,BCN,2025-11-07,Warszawa,Polska,Barcelona,Hiszpania
2025-11-22,,,WMI,BCN,2025-11-07,Warszawa,Polska,Barcelona,Hiszpania
2025-11-26,,,WMI,BCN,2025-11-07,Warszawa,Polska,Barcelona,Hiszpania
2025-11-29,,,WMI,BCN,2025-11-07,Warszawa,Polska,Barcelona,Hiszpania
2025-12-06,,,WMI,BCN,2025-11-07,Warszawa,Polska,Barcelona,Hiszpania
2025-12-13,,,WMI,BCN,2025-11-07,Warszawa,Polska,Barcelona,Hiszpania
2025-12-20,,,WMI,BCN,2025-11-07,Warszawa,Polska,Barcelona,Hiszpania
2025-12-25,,,WMI,BCN,2025-11-07,Warszawa,Polska,Barcelona,Hiszpania
2025-12-27,,,WMI,BCN,2025-11-07,Warszawa,Polska,Barcelona,Hiszpania
2026-01-03,,,WMI,BCN,2025-11-07,Warszawa,Polska,Barcelona,Hiszpania
2026-01-08,,,WMI,BCN,2025-11-07,Warszawa,Polska,Barcelona,Hiszpania
2026-01-10,,,WMI,BCN,2025-11-07,Warszawa,Polska,Barcelona,Hiszpania
2026-01-13,,,WMI,BCN,2025-11-07,Warszawa,Polska,Barcelona,Hiszpania
2026-01-15,,,WMI,BCN,2025-11-07,Warszawa,Polska,Barcelona,Hiszpania
2026-01-17,,,WMI,BCN,2025-11-07,Warszawa,Polska,Barcelona,Hiszpania
2026-01-20,,,WMI,BCN,2025-11-07,Warszawa,Polska,Barcelona,Hiszpania
2026-01-22,,,WMI,BCN,2025-11-07,Warszawa,Polska,Barcelona,Hiszpania
2026-01-24,,,WMI,BCN,2025-11-07,Warszawa,Polska,Barcelona,Hiszpania
2026-01-27,,,WMI,BCN,2025-11-07,Warszawa,Polska,Barcelona,Hiszpania
2026-01-29,,,WMI,BCN,2025-11-07,Warszawa,Polska,Barcelona,Hiszpania
2025-11-11,,391.0,WMI,AGP,2025-11-07,Warszawa,Polska,Malaga,Hiszpania
2025-11-14,,170.0,WMI,AGP,2025-11-07,Warszawa,Polska,Malaga,Hiszpania
2025-11-18,,149.0,WMI,AGP,2025-11-07,Warszawa,Polska,Malaga,Hiszpania
2025-11-21,,489.0,WMI,AGP,2025-11-07,Warszawa,Polska,Malaga,Hiszpania
2025-11-25,,145.0,WMI,AGP,2025-11-07,Warszawa,Polska,Malaga,Hiszpania
2025-11-28,,294.0,WMI,AGP,2025-11-07,Warszawa,Polska,Malaga,Hiszpania
2025-12-02,,91.0,WMI,AGP,2025-11-07,Warszawa,Polska,Malaga,Hiszpania
2025-12-05,,298.0,WMI,AGP,2025-11-07,Warszawa,Polska,Malaga,Hiszpania
2025-12-09,,189.0,WMI,AGP,2025-11-07,Warszawa,Polska,Malaga,Hiszpania
2025-12-12,,247.0,WMI,AGP,2025-11-07,Warszawa,Polska,Malaga,Hiszpania
2025-12-16,,165.0,WMI,AGP,2025-11-07,Warszawa,Polska,Malaga,Hiszpania
2025-12-19,,451.0,WMI,AGP,2025-11-07,Warszawa,Polska,Malaga,Hiszpania
2025-12-23,,555.0,WMI,AGP,2025-11-07,Warszawa,Polska,Malaga,Hiszpania
2025-12-26,,1367.0,WMI,AGP,2025-11-07,Warszawa,Polska,Malaga,Hiszpania
2025-12-30,,612.0,WMI,AGP,2025-11-07,Warszawa,Polska,Malaga,Hiszpania
2026-01-02,,332.0,WMI,AGP,2025-11-07,Warszawa,Polska,Malaga,Hiszpania
2026-01-06,,102.0,WMI,AGP,2025-11-07,Warszawa,Polska,Malaga,Hiszpania
2026-01-09,,141.0,WMI,AGP,2025-11-07,Warszawa,Polska,Malaga,Hiszpania
2026-01-13,,115.0,WMI,AGP,2025-11-07,Warszawa,Polska,Malaga,Hiszpania
2026-01-16,,576.0,WMI,AGP,2025-11-07,Warszawa,Polska,Malaga,Hiszpania
2026-01-20,,370.0,WMI,AGP,2025-11-07,Warszawa,Polska,Malaga,Hiszpania
2026-01-23,,289.0,WMI,AGP,2025-11-07,Warszawa,Polska,Malaga,Hiszpania
2026-01-27,,167.0,WMI,AGP,2025-11-07,Warszawa,Polska,Malaga,Hiszpania
2026-01-30,,230.0,WMI,AGP,2025-11-07,Warszawa,Polska,Malaga,Hiszpania
2025-11-07,,,WMI,AGP,2025-11-07,Warszawa,Polska,Malaga,Hiszpania
2025-11-08,,,WMI,AGP,2025-11-07,Warszawa,Polska,Malaga,Hiszpania
2025-11-09,,,WMI,AGP,2025-11-07,Warszawa,Polska,Malaga,Hiszpania
2025-11-10,,,WMI,AGP,2025-11-07,Warszawa,Polska,Malaga,Hiszpania
2025-11-12,,,WMI,AGP,2025-11-07,Warszawa,Polska,Malaga,Hiszpania
2025-11-13,,,WMI,AGP,2025-11-07,Warszawa,Polska,Malaga,Hiszpania
2025-11-15,,,WMI,AGP,2025-11-07,Warszawa,Polska,Malaga,Hiszpania
2025-11-16,,,WMI,AGP,2025-11-07,Warszawa,Polska,Malaga,Hiszpania
2025-11-17,,,WMI,AGP,2025-11-07,Warszawa,Polska,Malaga,Hiszpania
2025-11-19,,,WMI,AGP,2025-11-07,Warszawa,Polska,Malaga,Hiszpania
2025-11-20,,,WMI,AGP,2025-11-07,Warszawa,Polska,Malaga,Hiszpania
2025-11-22,,,WMI,AGP,2025-11-07,Warszawa,Polska,Malaga,Hiszpania
2025-11-23,,,WMI,AGP,2025-11-07,Warszawa,Polska,Malaga,Hiszpania
2025-11-24,,,WMI,AGP,2025-11-07,Warszawa,Polska,Malaga,Hiszpania
2025-11-26,,,WMI,AGP,2025-11-07,Warszawa,Polska,Malaga,Hiszpania
2025-11-27,,,WMI,AGP,2025-11-07,Warszawa,Polska,Malaga,Hiszpania
2025-11-29,,,WMI,AGP,2025-11-07,Warszawa,Polska,Malaga,Hiszpania
2025-11-30,,,WMI,AGP,2025-11-07,Warszawa,Polska,Malaga,Hiszpania
2025-12-01,,,WMI,AGP,2025-11-07,Warszawa,Polska,Malaga,Hiszpania
2025-12-03,,,WMI,AGP,2025-11-07,Warszawa,Polska,Malaga,Hiszpania
2025-12-04,,,WMI,AGP,2025-11-07,Warszawa,Polska,Malaga,Hiszpania
2025-12-06,,,WMI,AGP,2025-11-07,Warszawa,Polska,Malaga,Hiszpania
2025-12-07,,,WMI,AGP,2025-11-07,Warszawa,Polska,Malaga,Hiszpania
2025-12-08,,,WMI,AGP,2025-11-07,Warszawa,Polska,Malaga,Hiszpania
2025-12-10,,,WMI,AGP,2025-11-07,Warszawa,Polska,Malaga,Hiszpania
2025-12-11,,,WMI,AGP,2025-11-07,Warszawa,Polska,Malaga,Hiszpania
2025-12-13,,,WMI,AGP,2025-11-07,Warszawa,Polska,Malaga,Hiszpania
2025-12-14,,,WMI,AGP,2025-11-07,Warszawa,Polska,Malaga,Hiszpania
2025-12-15,,,WMI,AGP,2025-11-07,Warszawa,Polska,Malaga,Hiszpania
2025-12-17,,,WMI,AGP,2025-11-07,Warszawa,Polska,Malaga,Hiszpania
2025-12-18,,,WMI,AGP,2025-11-07,Warszawa,Polska,Malaga,Hiszpania
2025-12-20,,,WMI,AGP,2025-11-07,Warszawa,Polska,Malaga,Hiszpania
2025-12-21,,,WMI,AGP,2025-11-07,Warszawa,Polska,Malaga,Hiszpania
2025-12-22,,,WMI,AGP,2025-11-07,Warszawa,Polska,Malaga,Hiszpania
2025-12-24,,,WMI,AGP,2025-11-07,Warszawa,Polska,Malaga,Hiszpania
2025-12-25,,,WMI,AGP,2025-11-07,Warszawa,Polska,Malaga,Hiszpania
2025-12-27,,,WMI,AGP,2025-11-07,Warszawa,Polska,Malaga,Hiszpania
2025-12-28,,,WMI,AGP,2025-11-07,Warszawa,Polska,Malaga,Hiszpania
2025-12-29,,,WMI,AGP,2025-11-07,Warszawa,Polska,Malaga,Hiszpania
2025-12-31,,,WMI,AGP,2025-11-07,Warszawa,Polska,Malaga,Hiszpania
2026-01-01,,,WMI,AGP,2025-11-07,Warszawa,Polska,Malaga,Hiszpania
2026-01-03,,,WMI,AGP,2025-11-07,Warszawa,Polska,Malaga,Hiszpania
2026-01-04,,,WMI,AGP,2025-11-07,Warszawa,Polska,Malaga,Hiszpania
2026-01-05,,,WMI,AGP,2025-11-07,Warszawa,Polska,Malaga,Hiszpania
2026-01-07,,,WMI,AGP,2025-11-07,Warszawa,Polska,Malaga,Hiszpania
2026-01-08,,,WMI,AGP,2025-11-07,Warszawa,Polska,Malaga,Hiszpania
2026-01-10,,,WMI,AGP,2025-11-07,Warszawa,Polska,Malaga,Hiszpania
2026-01-11,,,WMI,AGP,2025-11-07,Warszawa,Polska,Malaga,Hiszpania
2026-01-12,,,WMI,AGP,2025-11-07,Warszawa,Polska,Malaga,Hiszpania
2026-01-14,,,WMI,AGP,2025-11-07,Warszawa,Polska,Malaga,Hiszpania
2026-01-15,,,WMI,AGP,2025-11-07,Warszawa,Polska,Malaga,Hiszpania
2026-01-17,,,WMI,AGP,2025-11-07,Warszawa,Polska,Malaga,Hiszpania
2026-01-18,,,WMI,AGP,2025-11-07,Warszawa,Polska,Malaga,Hiszpania
2026-01-19,,,WMI,AGP,2025-11-07,Warszawa,Polska,Malaga,Hiszpania
2026-01-21,,,WMI,AGP,2025-11-07,Warszawa,Polska,Malaga,Hiszpania
2026-01-22,,,WMI,AGP,2025-11-07,Warszawa,Polska,Malaga,Hiszpania
2026-01-24,,,WMI,AGP,2025-11-07,Warszawa,Polska,Malaga,Hiszpania
2026-01-25,,,WMI,AGP,2025-11-07,Warszawa,Polska,Malaga,Hiszpania
2026-01-26,,,WMI,AGP,2025-11-07,Warszawa,Polska,Malaga,Hiszpania
2026-01-28,,,WMI,AGP,2025-11-07,Warszawa,Polska,Malaga,Hiszpania
2026-01-29,,,WMI,AGP,2025-11-07,Warszawa,Polska,Malaga,Hiszpania
2025-11-07,,,WMI,PMI,2025-11-07,Warszawa,Polska,Majorka,Hiszpania
2025-11-08,,,WMI,PMI,2025-11-07,Warszawa,Polska,Majorka,Hiszpania
2025-11-09,,,WMI,PMI,2025-11-07,Warszawa,Polska,Majorka,Hiszpania
2025-11-10,,,WMI,PMI,2025-11-07,Warszawa,Polska,Majorka,Hiszpania
2025-11-11,,,WMI,PMI,2025-11-07,Warszawa,Polska,Majorka,Hiszpania
2025-11-12,,,WMI,PMI,2025-11-07,Warszawa,Polska,Majorka,Hiszpania
2025-11-13,,,WMI,PMI,2025-11-07,Warszawa,Polska,Majorka,Hiszpania
2025-11-14,,,WMI,PMI,2025-11-07,Warszawa,Polska,Majorka,Hiszpania
2025-11-15,,,WMI,PMI,2025-11-07,Warszawa,Polska,Majorka,Hiszpania
2025-11-16,,,WMI,PMI,2025-11-07,Warszawa,Polska,Majorka,Hiszpania
2025-11-17,,,WMI,PMI,2025-11-07,Warszawa,Polska,Majorka,Hiszpania
2025-11-18,,,WMI,PMI,2025-11-07,Warszawa,Polska,Majorka,Hiszpania
2025-11-19,,,WMI,PMI,2025-11-07,Warszawa,Polska,Majorka,Hiszpania
2025-11-20,,,WMI,PMI,2025-11-07,Warszawa,Polska,Majorka,Hiszpania
2025-11-21,,,WMI,PMI,2025-11-07,Warszawa,Polska,Majorka,Hiszpania
2025-11-22,,,WMI,PMI,2025-11-07,Warszawa,Polska,Majorka,Hiszpania
2025-11-23,,,WMI,PMI,2025-11-07,Warszawa,Polska,Majorka,Hiszpania
2025-11-24,,,WMI,PMI,2025-11-07,Warszawa,Polska,Majorka,Hiszpania
2025-11-25,,,WMI,PMI,2025-11-07,Warszawa,Polska,Majorka,Hiszpania
2025-11-26,,,WMI,PMI,2025-11-07,Warszawa,Polska,Majorka,Hiszpania
2025-11-27,,,WMI,PMI,2025-11-07,Warszawa,Polska,Majorka,Hiszpania
2025-11-28,,,WMI,PMI,2025-11-07,Warszawa,Polska,Majorka,Hiszpania
2025-11-29,,,WMI,PMI,2025-11-07,Warszawa,Polska,Majorka,Hiszpania
2025-11-30,,,WMI,PMI,2025-11-07,Warszawa,Polska,Majorka,Hiszpania
2025-12-01,,,WMI,PMI,2025-11-07,Warszawa,Polska,Majorka,Hiszpania
2025-12-02,,,WMI,PMI,2025-11-07,Warszawa,Polska,Majorka,Hiszpania
2025-12-03,,,WMI,PMI,2025-11-07,Warszawa,Polska,Majorka,Hiszpania
2025-12-04,,,WMI,PMI,2025-11-07,Warszawa,Polska,Majorka,Hiszpania
2025-12-05,,,WMI,PMI,2025-11-07,Warszawa,Polska,Majorka,Hiszpania
2025-12-06,,,WMI,PMI,2025-11-07,Warszawa,Polska,Majorka,Hiszpania
2025-12-07,,,WMI,PMI,2025-11-07,Warszawa,Polska,Majorka,Hiszpania
2025-12-08,,,WMI,PMI,2025-11-07,Warszawa,Polska,Majorka,Hiszpania
2025-12-09,,,WMI,PMI,2025-11-07,Warszawa,Polska,Majorka,Hiszpania
2025-12-10,,,WMI,PMI,2025-11-07,Warszawa,Polska,Majorka,Hiszpania
2025-12-11,,,WMI,PMI,2025-11-07,Warszawa,Polska,Majorka,Hiszpania
2025-12-12,,,WMI,PMI,2025-11-07,Warszawa,Polska,Majorka,Hiszpania
2025-12-13,,,WMI,PMI,2025-11-07,Warszawa,Polska,Majorka,Hiszpania
2025-12-14,,,WMI,PMI,2025-11-07,Warszawa,Polska,Majorka,Hiszpania
2025-12-15,,,WMI,PMI,2025-11-07,Warszawa,Polska,Majorka,Hiszpania
2025-12-16,,,WMI,PMI,2025-11-07,Warszawa,Polska,Majorka,Hiszpania
2025-12-17,,,WMI,PMI,2025-11-07,Warszawa,Polska,Majorka,Hiszpania
2025-12-18,,,WMI,PMI,2025-11-07,Warszawa,Polska,Majorka,Hiszpania
2025-12-19,,,WMI,PMI,2025-11-07,Warszawa,Polska,Majorka,Hiszpania
2025-12-20,,,WMI,PMI,2025-11-07,Warszawa,Polska,Majorka,Hiszpania
2025-12-21,,,WMI,PMI,2025-11-07,Warszawa,Polska,Majorka,Hiszpania
2025-12-22,,,WMI,PMI,2025-11-07,Warszawa,Polska,Majorka,Hiszpania
2025-12-23,,,WMI,PMI,2025-11-07,Warszawa,Polska,Majorka,Hiszpania
2025-12-24,,,WMI,PMI,2025-11-07,Warszawa,Polska,Majorka,Hiszpania
2025-12-25,,,WMI,PMI,2025-11-07,Warszawa,Polska,Majorka,Hiszpania
2025-12-26,,,WMI,PMI,2025-11-07,Warszawa,Polska,Majorka,Hiszpania
2025-12-27,,,WMI,PMI,2025-11-07,Warszawa,Polska,Majorka,Hiszpania
2025-12-28,,,WMI,PMI,2025-11-07,Warszawa,Polska,Majorka,Hiszpania
2025-12-29,,,WMI,PMI,2025-11-07,Warszawa,Polska,Majorka,Hiszpania
2025-12-30,,,WMI,PMI,2025-11-07,Warszawa,Polska,Majorka,Hiszpania
2025-12-31,,,WMI,PMI,2025-11-07,Warszawa,Polska,Majorka,Hiszpania
2026-01-01,,,WMI,PMI,2025-11-07,Warszawa,Polska,Majorka,Hiszpania
2026-01-02,,,WMI,PMI,2025-11-07,Warszawa,Polska,Majorka,Hiszpania
2026-01-03,,,WMI,PMI,2025-11-07,Warszawa,Polska,Majorka,Hiszpania
2026-01-04,,,WMI,PMI,2025-11-07,Warszawa,Polska,Majorka,Hiszpania
2026-01-05,,,WMI,PMI,2025-11-07,Warszawa,Polska,Majorka,Hiszpania
2026-01-06,,,WMI,PMI,2025-11-07,Warszawa,Polska,Majorka,Hiszpania
2026-01-07,,,WMI,PMI,2025-11-07,Warszawa,Polska,Majorka,Hiszpania
2026-01-08,,,WMI,PMI,2025-11-07,Warszawa,Polska,Majorka,Hiszpania
2026-01-09,,,WMI,PMI,2025-11-07,Warszawa,Polska,Majorka,Hiszpania
2026-01-10,,,WMI,PMI,2025-11-07,Warszawa,Polska,Majorka,Hiszpania
2026-01-11,,,WMI,PMI,2025-11-07,Warszawa,Polska,Majorka,Hiszpania
2026-01-12,,,WMI,PMI,2025-11-07,Warszawa,Polska,Majorka,Hiszpania
2026-01-13,,,WMI,PMI,2025-11-07,Warszawa,Polska,Majorka,Hiszpania
2026-01-14,,,WMI,PMI,2025-11-07,Warszawa,Polska,Majorka,Hiszpania
2026-01-15,,,WMI,PMI,2025-11-07,Warszawa,Polska,Majorka,Hiszpania
2026-01-16,,,WMI,PMI,2025-11-07,Warszawa,Polska,Majorka,Hiszpania
2026-01-17,,,WMI,PMI,2025-11-07,Warszawa,Polska,Majorka,Hiszpania
2026-01-18,,,WMI,PMI,2025-11-07,Warszawa,Polska,Majorka,Hiszpania
2026-01-19,,,WMI,PMI,2025-11-07,Warszawa,Polska,Majorka,Hiszpania
2026-01-20,,,WMI,PMI,2025-11-07,Warszawa,Polska,Majorka,Hiszpania
2026-01-21,,,WMI,PMI,2025-11-07,Warszawa,Polska,Majorka,Hiszpania
2026-01-22,,,WMI,PMI,2025-11-07,Warszawa,Polska,Majorka,Hiszpania
2026-01-23,,,WMI,PMI,2025-11-07,Warszawa,Polska,Majorka,Hiszpania
2026-01-24,,,WMI,PMI,2025-11-07,Warszawa,Polska,Majorka,Hiszpania
2026-01-25,,,WMI,PMI,2025-11-07,Warszawa,Polska,Majorka,Hiszpania
2026-01-26,,,WMI,PMI,2025-11-07,Warszawa,Polska,Majorka,Hiszpania
2026-01-27,,,WMI,PMI,2025-11-07,Warszawa,Polska,Majorka,Hiszpania
2026-01-28,,,WMI,PMI,2025-11-07,Warszawa,Polska,Majorka,Hiszpania
2026-01-29,,,WMI,PMI,2025-11-07,Warszawa,Polska,Majorka,Hiszpania
2026-01-30,,,WMI,PMI,2025-11-07,Warszawa,Polska,Majorka,Hiszpania
2025-11-10,,1485.0,WMI,ALC,2025-11-07,Warszawa,Polska,Alicante,Hiszpania
2025-11-13,,145.0,WMI,ALC,2025-11-07,Warszawa,Polska,Alicante,Hiszpania
2025-11-17,,145.0,WMI,ALC,2025-11-07,Warszawa,Polska,Alicante,Hiszpania
2025-11-20,,248.0,WMI,ALC,2025-11-07,Warszawa,Polska,Alicante,Hiszpania
2025-11-24,,183.0,WMI,ALC,2025-11-07,Warszawa,Polska,Alicante,Hiszpania
2025-11-27,,234.0,WMI,ALC,2025-11-07,Warszawa,Polska,Alicante,Hiszpania
2025-12-01,,162.0,WMI,ALC,2025-11-07,Warszawa,Polska,Alicante,Hiszpania
2025-12-04,,192.0,WMI,ALC,2025-11-07,Warszawa,Polska,Alicante,Hiszpania
2025-12-08,,196.0,WMI,ALC,2025-11-07,Warszawa,Polska,Alicante,Hiszpania
2025-12-11,,146.0,WMI,ALC,2025-11-07,Warszawa,Polska,Alicante,Hiszpania
2025-12-15,,125.0,WMI,ALC,2025-11-07,Warszawa,Polska,Alicante,Hiszpania
2025-12-18,,233.0,WMI,ALC,2025-11-07,Warszawa,Polska,Alicante,Hiszpania
2025-12-22,,404.0,WMI,ALC,2025-11-07,Warszawa,Polska,Alicante,Hiszpania
2025-12-23,,332.0,WMI,ALC,2025-11-07,Warszawa,Polska,Alicante,Hiszpania
2025-12-29,,521.0,WMI,ALC,2025-11-07,Warszawa,Polska,Alicante,Hiszpania
2025-12-30,,591.0,WMI,ALC,2025-11-07,Warszawa,Polska,Alicante,Hiszpania
2026-01-01,,204.0,WMI,ALC,2025-11-07,Warszawa,Polska,Alicante,Hiszpania
2026-01-05,,145.0,WMI,ALC,2025-11-07,Warszawa,Polska,Alicante,Hiszpania
2026-01-08,,103.0,WMI,ALC,2025-11-07,Warszawa,Polska,Alicante,Hiszpania
2026-01-12,,120.0,WMI,ALC,2025-11-07,Warszawa,Polska,Alicante,Hiszpania
2026-01-15,,209.0,WMI,ALC,2025-11-07,Warszawa,Polska,Alicante,Hiszpania
2026-01-19,,285.0,WMI,ALC,2025-11-07,Warszawa,Polska,Alicante,Hiszpania
2026-01-22,,244.0,WMI,ALC,2025-11-07,Warszawa,Polska,Alicante,Hiszpania
2026-01-26,,226.0,WMI,ALC,2025-11-07,Warszawa,Polska,Alicante,Hiszpania
2026-01-29,,162.0,WMI,ALC,2025-11-07,Warszawa,Polska,Alicante,Hiszpania
2025-11-07,,,WMI,ALC,2025-11-07,Warszawa,Polska,Alicante,Hiszpania
2025-11-08,,,WMI,ALC,2025-11-07,Warszawa,Polska,Alicante,Hiszpania
2025-11-09,,,WMI,ALC,2025-11-07,Warszawa,Polska,Alicante,Hiszpania
2025-11-11,,,WMI,ALC,2025-11-07,Warszawa,Polska,Alicante,Hiszpania
2025-11-12,,,WMI,ALC,2025-11-07,Warszawa,Polska,Alicante,Hiszpania
2025-11-14,,,WMI,ALC,2025-11-07,Warszawa,Polska,Alicante,Hiszpania
2025-11-15,,,WMI,ALC,2025-11-07,Warszawa,Polska,Alicante,Hiszpania
2025-11-16,,,WMI,ALC,2025-11-07,Warszawa,Polska,Alicante,Hiszpania
2025-11-18,,,WMI,ALC,2025-11-07,Warszawa,Polska,Alicante,Hiszpania
2025-11-19,,,WMI,ALC,2025-11-07,Warszawa,Polska,Alicante,Hiszpania
2025-11-21,,,WMI,ALC,2025-11-07,Warszawa,Polska,Alicante,Hiszpania
2025-11-22,,,WMI,ALC,2025-11-07,Warszawa,Polska,Alicante,Hiszpania
2025-11-23,,,WMI,ALC,2025-11-07,Warszawa,Polska,Alicante,Hiszpania
2025-11-25,,,WMI,ALC,2025-11-07,Warszawa,Polska,Alicante,Hiszpania
2025-11-26,,,WMI,ALC,2025-11-07,Warszawa,Polska,Alicante,Hiszpania
2025-11-28,,,WMI,ALC,2025-11-07,Warszawa,Polska,Alicante,Hiszpania
2025-11-29,,,WMI,ALC,2025-11-07,Warszawa,Polska,Alicante,Hiszpania
2025-11-30,,,WMI,ALC,2025-11-07,Warszawa,Polska,Alicante,Hiszpania
2025-12-02,,,WMI,ALC,2025-11-07,Warszawa,Polska,Alicante,Hiszpania
2025-12-03,,,WMI,ALC,2025-11-07,Warszawa,Polska,Alicante,Hiszpania
2025-12-05,,,WMI,ALC,2025-11-07,Warszawa,Polska,Alicante,Hiszpania
2025-12-06,,,WMI,ALC,2025-11-07,Warszawa,Polska,Alicante,Hiszpania
2025-12-07,,,WMI,ALC,2025-11-07,Warszawa,Polska,Alicante,Hiszpania
2025-12-09,,,WMI,ALC,2025-11-07,Warszawa,Polska,Alicante,Hiszpania
2025-12-10,,,WMI,ALC,2025-11-07,Warszawa,Polska,Alicante,Hiszpania
2025-12-12,,,WMI,ALC,2025-11-07,Warszawa,Polska,Alicante,Hiszpania
2025-12-13,,,WMI,ALC,2025-11-07,Warszawa,Polska,Alicante,Hiszpania
2025-12-14,,,WMI,ALC,2025-11-07,Warszawa,Polska,Alicante,Hiszpania
2025-12-16,,,WMI,ALC,2025-11-07,Warszawa,Polska,Alicante,Hiszpania
2025-12-17,,,WMI,ALC,2025-11-07,Warszawa,Polska,Alicante,Hiszpania
2025-12-19,,,WMI,ALC,2025-11-07,Warszawa,Polska,Alicante,Hiszpania
2025-12-20,,,WMI,ALC,2025-11-07,Warszawa,Polska,Alicante,Hiszpania
2025-12-21,,,WMI,ALC,2025-11-07,Warszawa,Polska,Alicante,Hiszpania
2025-12-24,,,WMI,ALC,2025-11-07,Warszawa,Polska,Alicante,Hiszpania
2025-12-25,,,WMI,ALC,2025-11-07,Warszawa,Polska,Alicante,Hiszpania
2025-12-26,,,WMI,ALC,2025-11-07,Warszawa,Polska,Alicante,Hiszpania
2025-12-27,,,WMI,ALC,2025-11-07,Warszawa,Polska,Alicante,Hiszpania
2025-12-28,,,WMI,ALC,2025-11-07,Warszawa,Polska,Alicante,Hiszpania
2025-12-31,,,WMI,ALC,2025-11-07,Warszawa,Polska,Alicante,Hiszpania
2026-01-02,,,WMI,ALC,2025-11-07,Warszawa,Polska,Alicante,Hiszpania
2026-01-03,,,WMI,ALC,2025-11-07,Warszawa,Polska,Alicante,Hiszpania
2026-01-04,,,WMI,ALC,2025-11-07,Warszawa,Polska,Alicante,Hiszpania
2026-01-06,,,WMI,ALC,2025-11-07,Warszawa,Polska,Alicante,Hiszpania
2026-01-07,,,WMI,ALC,2025-11-07,Warszawa,Polska,Alicante,Hiszpania
2026-01-09,,,WMI,ALC,2025-11-07,Warszawa,Polska,Alicante,Hiszpania
2026-01-10,,,WMI,ALC,2025-11-07,Warszawa,Polska,Alicante,Hiszpania
2026-01-11,,,WMI,ALC,2025-11-07,Warszawa,Polska,Alicante,Hiszpania
2026-01-13,,,WMI,ALC,2025-11-07,Warszawa,Polska,Alicante,Hiszpania
2026-01-14,,,WMI,ALC,2025-11-07,Warszawa,Polska,Alicante,Hiszpania
2026-01-16,,,WMI,ALC,2025-11-07,Warszawa,Polska,Alicante,Hiszpania
2026-01-17,,,WMI,ALC,2025-11-07,Warszawa,Polska,Alicante,Hiszpania
2026-01-18,,,WMI,ALC,2025-11-07,Warszawa,Polska,Alicante,Hiszpania
2026-01-20,,,WMI,ALC,2025-11-07,Warszawa,Polska,Alicante,Hiszpania
2026-01-21,,,WMI,ALC,2025-11-07,Warszawa,Polska,Alicante,Hiszpania
2026-01-23,,,WMI,ALC,2025-11-07,Warszawa,Polska,Alicante,Hiszpania
2026-01-24,,,WMI,ALC,2025-11-07,Warszawa,Polska,Alicante,Hiszpania
2026-01-25,,,WMI,ALC,2025-11-07,Warszawa,Polska,Alicante,Hiszpania
2026-01-27,,,WMI,ALC,2025-11-07,Warszawa,Polska,Alicante,Hiszpania
2026-01-28,,,WMI,ALC,2025-11-07,Warszawa,Polska,Alicante,Hiszpania
2026-01-30,,,WMI,ALC,2025-11-07,Warszawa,Polska,Alicante,Hiszpania
2025-11-11,,1580.0,WMI,TFS,2025-11-07,Warszawa,Polska,Teneryfa,Hiszpania
2025-11-12,,847.0,WMI,TFS,2025-11-07,Warszawa,Polska,Teneryfa,Hiszpania
2025-11-13,,1025.0,WMI,TFS,2025-11-07,Warszawa,Polska,Teneryfa,Hiszpania
2025-11-15,,1101.0,WMI,TFS,2025-11-07,Warszawa,Polska,Teneryfa,Hiszpania
2025-11-16,,574.0,WMI,TFS,2025-11-07,Warszawa,Polska,Teneryfa,Hiszpania
2025-11-18,,729.0,WMI,TFS,2025-11-07,Warszawa,Polska,Teneryfa,Hiszpania
2025-11-19,,325.0,WMI,TFS,2025-11-07,Warszawa,Polska,Teneryfa,Hiszpania
2025-11-20,,526.0,WMI,TFS,2025-11-07,Warszawa,Polska,Teneryfa,Hiszpania
2025-11-22,,512.0,WMI,TFS,2025-11-07,Warszawa,Polska,Teneryfa,Hiszpania
2025-11-23,,582.0,WMI,TFS,2025-11-07,Warszawa,Polska,Teneryfa,Hiszpania
2025-11-25,,569.0,WMI,TFS,2025-11-07,Warszawa,Polska,Teneryfa,Hiszpania
2025-11-26,,313.0,WMI,TFS,2025-11-07,Warszawa,Polska,Teneryfa,Hiszpania
2025-11-27,,325.0,WMI,TFS,2025-11-07,Warszawa,Polska,Teneryfa,Hiszpania
2025-11-29,,643.0,WMI,TFS,2025-11-07,Warszawa,Polska,Teneryfa,Hiszpania
2025-11-30,,248.0,WMI,TFS,2025-11-07,Warszawa,Polska,Teneryfa,Hiszpania
2025-12-02,,362.0,WMI,TFS,2025-11-07,Warszawa,Polska,Teneryfa,Hiszpania
2025-12-03,,362.0,WMI,TFS,2025-11-07,Warszawa,Polska,Teneryfa,Hiszpania
2025-12-04,,367.0,WMI,TFS,2025-11-07,Warszawa,Polska,Teneryfa,Hiszpania
2025-12-06,,596.0,WMI,TFS,2025-11-07,Warszawa,Polska,Teneryfa,Hiszpania
2025-12-07,,505.0,WMI,TFS,2025-11-07,Warszawa,Polska,Teneryfa,Hiszpania
2025-12-09,,425.0,WMI,TFS,2025-11-07,Warszawa,Polska,Teneryfa,Hiszpania
2025-12-10,,419.0,WMI,TFS,2025-11-07,Warszawa,Polska,Teneryfa,Hiszpania
2025-12-11,,857.0,WMI,TFS,2025-11-07,Warszawa,Polska,Teneryfa,Hiszpania
2025-12-13,,284.0,WMI,TFS,2025-11-07,Warszawa,Polska,Teneryfa,Hiszpania
2025-12-14,,208.0,WMI,TFS,2025-11-07,Warszawa,Polska,Teneryfa,Hiszpania
2025-12-16,,325.0,WMI,TFS,2025-11-07,Warszawa,Polska,Teneryfa,Hiszpania
2025-12-17,,643.0,WMI,TFS,2025-11-07,Warszawa,Polska,Teneryfa,Hiszpania
2025-12-18,,635.0,WMI,TFS,2025-11-07,Warszawa,Polska,Teneryfa,Hiszpania
2025-12-20,,948.0,WMI,TFS,2025-11-07,Warszawa,Polska,Teneryfa,Hiszpania
2025-12-21,,997.0,WMI,TFS,2025-11-07,Warszawa,Polska,Teneryfa,Hiszpania
2025-12-23,,1197.0,WMI,TFS,2025-11-07,Warszawa,Polska,Teneryfa,Hiszpania
2025-12-27,,1427.0,WMI,TFS,2025-11-07,Warszawa,Polska,Teneryfa,Hiszpania
2025-12-28,,1101.0,WMI,TFS,2025-11-07,Warszawa,Polska,Teneryfa,Hiszpania
2025-12-30,,873.0,WMI,TFS,2025-11-07,Warszawa,Polska,Teneryfa,Hiszpania
2025-12-31,,729.0,WMI,TFS,2025-11-07,Warszawa,Polska,Teneryfa,Hiszpania
2026-01-01,,729.0,WMI,TFS,2025-11-07,Warszawa,Polska,Teneryfa,Hiszpania
2026-01-03,,635.0,WMI,TFS,2025-11-07,Warszawa,Polska,Teneryfa,Hiszpania
2026-01-04,,526.0,WMI,TFS,2025-11-07,Warszawa,Polska,Teneryfa,Hiszpania
2026-01-06,,470.0,WMI,TFS,2025-11-07,Warszawa,Polska,Teneryfa,Hiszpania
2026-01-07,,372.0,WMI,TFS,2025-11-07,Warszawa,Polska,Teneryfa,Hiszpania
2026-01-08,,519.0,WMI,TFS,2025-11-07,Warszawa,Polska,Teneryfa,Hiszpania
2026-01-10,,596.0,WMI,TFS,2025-11-07,Warszawa,Polska,Teneryfa,Hiszpania
2026-01-11,,419.0,WMI,TFS,2025-11-07,Warszawa,Polska,Teneryfa,Hiszpania
2026-01-13,,582.0,WMI,TFS,2025-11-07,Warszawa,Polska,Teneryfa,Hiszpania
2026-01-14,,582.0,WMI,TFS,2025-11-07,Warszawa,Polska,Teneryfa,Hiszpania
2026-01-15,,659.0,WMI,TFS,2025-11-07,Warszawa,Polska,Teneryfa,Hiszpania
2026-01-17,,1246.0,WMI,TFS,2025-11-07,Warszawa,Polska,Teneryfa,Hiszpania
2026-01-18,,873.0,WMI,TFS,2025-11-07,Warszawa,Polska,Teneryfa,Hiszpania
2026-01-20,,719.0,WMI,TFS,2025-11-07,Warszawa,Polska,Teneryfa,Hiszpania
2026-01-21,,789.0,WMI,TFS,2025-11-07,Warszawa,Polska,Teneryfa,Hiszpania
2026-01-22,,577.0,WMI,TFS,2025-11-07,Warszawa,Polska,Teneryfa,Hiszpania
2026-01-24,,512.0,WMI,TFS,2025-11-07,Warszawa,Polska,Teneryfa,Hiszpania
2026-01-25,,413.0,WMI,TFS,2025-11-07,Warszawa,Polska,Teneryfa,Hiszpania
2026-01-27,,478.0,WMI,TFS,2025-11-07,Warszawa,Polska,Teneryfa,Hiszpania
2026-01-28,,325.0,WMI,TFS,2025-11-07,Warszawa,Polska,Teneryfa,Hiszpania
2026-01-29,,512.0,WMI,TFS,2025-11-07,Warszawa,Polska,Teneryfa,Hiszpania
2025-11-07,,,WMI,TFS,2025-11-07,Warszawa,Polska,Teneryfa,Hiszpania
2025-11-08,,,WMI,TFS,2025-11-07,Warszawa,Polska,Teneryfa,Hiszpania
2025-11-09,,,WMI,TFS,2025-11-07,Warszawa,Polska,Teneryfa,Hiszpania
2025-11-10,,,WMI,TFS,2025-11-07,Warszawa,Polska,Teneryfa,Hiszpania
2025-11-14,,,WMI,TFS,2025-11-07,Warszawa,Polska,Teneryfa,Hiszpania
2025-11-17,,,WMI,TFS,2025-11-07,Warszawa,Polska,Teneryfa,Hiszpania
2025-11-21,,,WMI,TFS,2025-11-07,Warszawa,Polska,Teneryfa,Hiszpania
2025-11-24,,,WMI,TFS,2025-11-07,Warszawa,Polska,Teneryfa,Hiszpania
2025-11-28,,,WMI,TFS,2025-11-07,Warszawa,Polska,Teneryfa,Hiszpania
2025-12-01,,,WMI,TFS,2025-11-07,Warszawa,Polska,Teneryfa,Hiszpania
2025-12-05,,,WMI,TFS,2025-11-07,Warszawa,Polska,Teneryfa,Hiszpania
2025-12-08,,,WMI,TFS,2025-11-07,Warszawa,Polska,Teneryfa,Hiszpania
2025-12-12,,,WMI,TFS,2025-11-07,Warszawa,Polska,Teneryfa,Hiszpania
2025-12-15,,,WMI,TFS,2025-11-07,Warszawa,Polska,Teneryfa,Hiszpania
2025-12-19,,,WMI,TFS,2025-11-07,Warszawa,Polska,Teneryfa,Hiszpania
2025-12-22,,,WMI,TFS,2025-11-07,Warszawa,Polska,Teneryfa,Hiszpania
2025-12-24,,,WMI,TFS,2025-11-07,Warszawa,Polska,Teneryfa,Hiszpania
2025-12-25,,,WMI,TFS,2025-11-07,Warszawa,Polska,Teneryfa,Hiszpania
2025-12-26,,,WMI,TFS,2025-11-07,Warszawa,Polska,Teneryfa,Hiszpania
2025-12-29,,,WMI,TFS,2025-11-07,Warszawa,Polska,Teneryfa,Hiszpania
2026-01-02,,,WMI,TFS,2025-11-07,Warszawa,Polska,Teneryfa,Hiszpania
2026-01-05,,,WMI,TFS,2025-11-07,Warszawa,Polska,Teneryfa,Hiszpania
2026-01-09,,,WMI,TFS,2025-11-07,Warszawa,Polska,Teneryfa,Hiszpania
2026-01-12,,,WMI,TFS,2025-11-07,Warszawa,Polska,Teneryfa,Hiszpania
2026-01-16,,,WMI,TFS,2025-11-07,Warszawa,Polska,Teneryfa,Hiszpania
2026-01-19,,,WMI,TFS,2025-11-07,Warszawa,Polska,Teneryfa,Hiszpania
2026-01-23,,,WMI,TFS,2025-11-07,Warszawa,Polska,Teneryfa,Hiszpania
2026-01-26,,,WMI,TFS,2025-11-07,Warszawa,Polska,Teneryfa,Hiszpania
2026-01-30,,,WMI,TFS,2025-11-07,Warszawa,Polska,Teneryfa,Hiszpania
2025-11-07,,,WMI,SVQ,2025-11-07,Warszawa,Polska,Sewilla,Hiszpania
2025-11-08,,,WMI,SVQ,2025-11-07,Warszawa,Polska,Sewilla,Hiszpania
2025-11-09,,,WMI,SVQ,2025-11-07,Warszawa,Polska,Sewilla,Hiszpania
2025-11-10,,,WMI,SVQ,2025-11-07,Warszawa,Polska,Sewilla,Hiszpania
2025-11-11,,,WMI,SVQ,2025-11-07,Warszawa,Polska,Sewilla,Hiszpania
2025-11-12,,,WMI,SVQ,2025-11-07,Warszawa,Polska,Sewilla,Hiszpania
2025-11-13,,,WMI,SVQ,2025-11-07,Warszawa,Polska,Sewilla,Hiszpania
2025-11-14,,,WMI,SVQ,2025-11-07,Warszawa,Polska,Sewilla,Hiszpania
2025-11-15,,,WMI,SVQ,2025-11-07,Warszawa,Polska,Sewilla,Hiszpania
2025-11-16,,,WMI,SVQ,2025-11-07,Warszawa,Polska,Sewilla,Hiszpania
2025-11-17,,,WMI,SVQ,2025-11-07,Warszawa,Polska,Sewilla,Hiszpania
2025-11-18,,,WMI,SVQ,2025-11-07,Warszawa,Polska,Sewilla,Hiszpania
2025-11-19,,,WMI,SVQ,2025-11-07,Warszawa,Polska,Sewilla,Hiszpania
2025-11-20,,,WMI,SVQ,2025-11-07,Warszawa,Polska,Sewilla,Hiszpania
2025-11-21,,,WMI,SVQ,2025-11-07,Warszawa,Polska,Sewilla,Hiszpania
2025-11-22,,,WMI,SVQ,2025-11-07,Warszawa,Polska,Sewilla,Hiszpania
2025-11-23,,,WMI,SVQ,2025-11-07,Warszawa,Polska,Sewilla,Hiszpania
2025-11-24,,,WMI,SVQ,2025-11-07,Warszawa,Polska,Sewilla,Hiszpania
2025-11-25,,,WMI,SVQ,2025-11-07,Warszawa,Polska,Sewilla,Hiszpania
2025-11-26,,,WMI,SVQ,2025-11-07,Warszawa,Polska,Sewilla,Hiszpania
2025-11-27,,,WMI,SVQ,2025-11-07,Warszawa,Polska,Sewilla,Hiszpania
2025-11-28,,,WMI,SVQ,2025-11-07,Warszawa,Polska,Sewilla,Hiszpania
2025-11-29,,,WMI,SVQ,2025-11-07,Warszawa,Polska,Sewilla,Hiszpania
2025-11-30,,,WMI,SVQ,2025-11-07,Warszawa,Polska,Sewilla,Hiszpania
2025-12-01,,,WMI,SVQ,2025-11-07,Warszawa,Polska,Sewilla,Hiszpania
2025-12-02,,,WMI,SVQ,2025-11-07,Warszawa,Polska,Sewilla,Hiszpania
2025-12-03,,,WMI,SVQ,2025-11-07,Warszawa,Polska,Sewilla,Hiszpania
2025-12-04,,,WMI,SVQ,2025-11-07,Warszawa,Polska,Sewilla,Hiszpania
2025-12-05,,,WMI,SVQ,2025-11-07,Warszawa,Polska,Sewilla,Hiszpania
2025-12-06,,,WMI,SVQ,2025-11-07,Warszawa,Polska,Sewilla,Hiszpania
2025-12-07,,,WMI,SVQ,2025-11-07,Warszawa,Polska,Sewilla,Hiszpania
2025-12-08,,,WMI,SVQ,2025-11-07,Warszawa,Polska,Sewilla,Hiszpania
2025-12-09,,,WMI,SVQ,2025-11-07,Warszawa,Polska,Sewilla,Hiszpania
2025-12-10,,,WMI,SVQ,2025-11-07,Warszawa,Polska,Sewilla,Hiszpania
2025-12-11,,,WMI,SVQ,2025-11-07,Warszawa,Polska,Sewilla,Hiszpania
2025-12-12,,,WMI,SVQ,2025-11-07,Warszawa,Polska,Sewilla,Hiszpania
2025-12-13,,,WMI,SVQ,2025-11-07,Warszawa,Polska,Sewilla,Hiszpania
2025-12-14,,,WMI,SVQ,2025-11-07,Warszawa,Polska,Sewilla,Hiszpania
2025-12-15,,,WMI,SVQ,2025-11-07,Warszawa,Polska,Sewilla,Hiszpania
2025-12-16,,,WMI,SVQ,2025-11-07,Warszawa,Polska,Sewilla,Hiszpania
2025-12-17,,,WMI,SVQ,2025-11-07,Warszawa,Polska,Sewilla,Hiszpania
2025-12-18,,,WMI,SVQ,2025-11-07,Warszawa,Polska,Sewilla,Hiszpania
2025-12-19,,,WMI,SVQ,2025-11-07,Warszawa,Polska,Sewilla,Hiszpania
2025-12-20,,,WMI,SVQ,2025-11-07,Warszawa,Polska,Sewilla,Hiszpania
2025-12-21,,,WMI,SVQ,2025-11-07,Warszawa,Polska,Sewilla,Hiszpania
2025-12-22,,,WMI,SVQ,2025-11-07,Warszawa,Polska,Sewilla,Hiszpania
2025-12-23,,,WMI,SVQ,2025-11-07,Warszawa,Polska,Sewilla,Hiszpania
2025-12-24,,,WMI,SVQ,2025-11-07,Warszawa,Polska,Sewilla,Hiszpania
2025-12-25,,,WMI,SVQ,2025-11-07,Warszawa,Polska,Sewilla,Hiszpania
2025-12-26,,,WMI,SVQ,2025-11-07,Warszawa,Polska,Sewilla,Hiszpania
2025-12-27,,,WMI,SVQ,2025-11-07,Warszawa,Polska,Sewilla,Hiszpania
2025-12-28,,,WMI,SVQ,2025-11-07,Warszawa,Polska,Sewilla,Hiszpania
2025-12-29,,,WMI,SVQ,2025-11-07,Warszawa,Polska,Sewilla,Hiszpania
2025-12-30,,,WMI,SVQ,2025-11-07,Warszawa,Polska,Sewilla,Hiszpania
2025-12-31,,,WMI,SVQ,2025-11-07,Warszawa,Polska,Sewilla,Hiszpania
2026-01-01,,,WMI,SVQ,2025-11-07,Warszawa,Polska,Sewilla,Hiszpania
2026-01-02,,,WMI,SVQ,2025-11-07,Warszawa,Polska,Sewilla,Hiszpania
2026-01-03,,,WMI,SVQ,2025-11-07,Warszawa,Polska,Sewilla,Hiszpania
2026-01-04,,,WMI,SVQ,2025-11-07,Warszawa,Polska,Sewilla,Hiszpania
2026-01-05,,,WMI,SVQ,2025-11-07,Warszawa,Polska,Sewilla,Hiszpania
2026-01-06,,,WMI,SVQ,2025-11-07,Warszawa,Polska,Sewilla,Hiszpania
2026-01-07,,,WMI,SVQ,2025-11-07,Warszawa,Polska,Sewilla,Hiszpania
2026-01-08,,,WMI,SVQ,2025-11-07,Warszawa,Polska,Sewilla,Hiszpania
2026-01-09,,,WMI,SVQ,2025-11-07,Warszawa,Polska,Sewilla,Hiszpania
2026-01-10,,,WMI,SVQ,2025-11-07,Warszawa,Polska,Sewilla,Hiszpania
2026-01-11,,,WMI,SVQ,2025-11-07,Warszawa,Polska,Sewilla,Hiszpania
2026-01-12,,,WMI,SVQ,2025-11-07,Warszawa,Polska,Sewilla,Hiszpania
2026-01-13,,,WMI,SVQ,2025-11-07,Warszawa,Polska,Sewilla,Hiszpania
2026-01-14,,,WMI,SVQ,2025-11-07,Warszawa,Polska,Sewilla,Hiszpania
2026-01-15,,,WMI,SVQ,2025-11-07,Warszawa,Polska,Sewilla,Hiszpania
2026-01-16,,,WMI,SVQ,2025-11-07,Warszawa,Polska,Sewilla,Hiszpania
2026-01-17,,,WMI,SVQ,2025-11-07,Warszawa,Polska,Sewilla,Hiszpania
2026-01-18,,,WMI,SVQ,2025-11-07,Warszawa,Polska,Sewilla,Hiszpania
2026-01-19,,,WMI,SVQ,2025-11-07,Warszawa,Polska,Sewilla,Hiszpania
2026-01-20,,,WMI,SVQ,2025-11-07,Warszawa,Polska,Sewilla,Hiszpania
2026-01-21,,,WMI,SVQ,2025-11-07,Warszawa,Polska,Sewilla,Hiszpania
2026-01-22,,,WMI,SVQ,2025-11-07,Warszawa,Polska,Sewilla,Hiszpania
2026-01-23,,,WMI,SVQ,2025-11-07,Warszawa,Polska,Sewilla,Hiszpania
2026-01-24,,,WMI,SVQ,2025-11-07,Warszawa,Polska,Sewilla,Hiszpania
2026-01-25,,,WMI,SVQ,2025-11-07,Warszawa,Polska,Sewilla,Hiszpania
2026-01-26,,,WMI,SVQ,2025-11-07,Warszawa,Polska,Sewilla,Hiszpania
2026-01-27,,,WMI,SVQ,2025-11-07,Warszawa,Polska,Sewilla,Hiszpania
2026-01-28,,,WMI,SVQ,2025-11-07,Warszawa,Polska,Sewilla,Hiszpania
2026-01-29,,,WMI,SVQ,2025-11-07,Warszawa,Polska,Sewilla,Hiszpania
2026-01-30,,,WMI,SVQ,2025-11-07,Warszawa,Polska,Sewilla,Hiszpania
2025-11-07,,,WMI,IBZ,2025-11-07,Warszawa,Polska,Ibiza,Hiszpania
2025-11-08,,,WMI,IBZ,2025-11-07,Warszawa,Polska,Ibiza,Hiszpania
2025-11-09,,,WMI,IBZ,2025-11-07,Warszawa,Polska,Ibiza,Hiszpania
2025-11-10,,,WMI,IBZ,2025-11-07,Warszawa,Polska,Ibiza,Hiszpania
2025-11-11,,,WMI,IBZ,2025-11-07,Warszawa,Polska,Ibiza,Hiszpania
2025-11-12,,,WMI,IBZ,2025-11-07,Warszawa,Polska,Ibiza,Hiszpania
2025-11-13,,,WMI,IBZ,2025-11-07,Warszawa,Polska,Ibiza,Hiszpania
2025-11-14,,,WMI,IBZ,2025-11-07,Warszawa,Polska,Ibiza,Hiszpania
2025-11-15,,,WMI,IBZ,2025-11-07,Warszawa,Polska,Ibiza,Hiszpania
2025-11-16,,,WMI,IBZ,2025-11-07,Warszawa,Polska,Ibiza,Hiszpania
2025-11-17,,,WMI,IBZ,2025-11-07,Warszawa,Polska,Ibiza,Hiszpania
2025-11-18,,,WMI,IBZ,2025-11-07,Warszawa,Polska,Ibiza,Hiszpania
2025-11-19,,,WMI,IBZ,2025-11-07,Warszawa,Polska,Ibiza,Hiszpania
2025-11-20,,,WMI,IBZ,2025-11-07,Warszawa,Polska,Ibiza,Hiszpania
2025-11-21,,,WMI,IBZ,2025-11-07,Warszawa,Polska,Ibiza,Hiszpania
2025-11-22,,,WMI,IBZ,2025-11-07,Warszawa,Polska,Ibiza,Hiszpania
2025-11-23,,,WMI,IBZ,2025-11-07,Warszawa,Polska,Ibiza,Hiszpania
2025-11-24,,,WMI,IBZ,2025-11-07,Warszawa,Polska,Ibiza,Hiszpania
2025-11-25,,,WMI,IBZ,2025-11-07,Warszawa,Polska,Ibiza,Hiszpania
2025-11-26,,,WMI,IBZ,2025-11-07,Warszawa,Polska,Ibiza,Hiszpania
2025-11-27,,,WMI,IBZ,2025-11-07,Warszawa,Polska,Ibiza,Hiszpania
2025-11-28,,,WMI,IBZ,2025-11-07,Warszawa,Polska,Ibiza,Hiszpania
2025-11-29,,,WMI,IBZ,2025-11-07,Warszawa,Polska,Ibiza,Hiszpania
2025-11-30,,,WMI,IBZ,2025-11-07,Warszawa,Polska,Ibiza,Hiszpania
2025-12-01,,,WMI,IBZ,2025-11-07,Warszawa,Polska,Ibiza,Hiszpania
2025-12-02,,,WMI,IBZ,2025-11-07,Warszawa,Polska,Ibiza,Hiszpania
2025-12-03,,,WMI,IBZ,2025-11-07,Warszawa,Polska,Ibiza,Hiszpania
2025-12-04,,,WMI,IBZ,2025-11-07,Warszawa,Polska,Ibiza,Hiszpania
2025-12-05,,,WMI,IBZ,2025-11-07,Warszawa,Polska,Ibiza,Hiszpania
2025-12-06,,,WMI,IBZ,2025-11-07,Warszawa,Polska,Ibiza,Hiszpania
2025-12-07,,,WMI,IBZ,2025-11-07,Warszawa,Polska,Ibiza,Hiszpania
2025-12-08,,,WMI,IBZ,2025-11-07,Warszawa,Polska,Ibiza,Hiszpania
2025-12-09,,,WMI,IBZ,2025-11-07,Warszawa,Polska,Ibiza,Hiszpania
2025-12-10,,,WMI,IBZ,2025-11-07,Warszawa,Polska,Ibiza,Hiszpania
2025-12-11,,,WMI,IBZ,2025-11-07,Warszawa,Polska,Ibiza,Hiszpania
2025-12-12,,,WMI,IBZ,2025-11-07,Warszawa,Polska,Ibiza,Hiszpania
2025-12-13,,,WMI,IBZ,2025-11-07,Warszawa,Polska,Ibiza,Hiszpania
2025-12-14,,,WMI,IBZ,2025-11-07,Warszawa,Polska,Ibiza,Hiszpania
2025-12-15,,,WMI,IBZ,2025-11-07,Warszawa,Polska,Ibiza,Hiszpania
2025-12-16,,,WMI,IBZ,2025-11-07,Warszawa,Polska,Ibiza,Hiszpania
2025-12-17,,,WMI,IBZ,2025-11-07,Warszawa,Polska,Ibiza,Hiszpania
2025-12-18,,,WMI,IBZ,2025-11-07,Warszawa,Polska,Ibiza,Hiszpania
2025-12-19,,,WMI,IBZ,2025-11-07,Warszawa,Polska,Ibiza,Hiszpania
2025-12-20,,,WMI,IBZ,2025-11-07,Warszawa,Polska,Ibiza,Hiszpania
2025-12-21,,,WMI,IBZ,2025-11-07,Warszawa,Polska,Ibiza,Hiszpania
2025-12-22,,,WMI,IBZ,2025-11-07,Warszawa,Polska,Ibiza,Hiszpania
2025-12-23,,,WMI,IBZ,2025-11-07,Warszawa,Polska,Ibiza,Hiszpania
2025-12-24,,,WMI,IBZ,2025-11-07,Warszawa,Polska,Ibiza,Hiszpania
2025-12-25,,,WMI,IBZ,2025-11-07,Warszawa,Polska,Ibiza,Hiszpania
2025-12-26,,,WMI,IBZ,2025-11-07,Warszawa,Polska,Ibiza,Hiszpania
2025-12-27,,,WMI,IBZ,2025-11-07,Warszawa,Polska,Ibiza,Hiszpania
2025-12-28,,,WMI,IBZ,2025-11-07,Warszawa,Polska,Ibiza,Hiszpania
2025-12-29,,,WMI,IBZ,2025-11-07,Warszawa,Polska,Ibiza,Hiszpania
2025-12-30,,,WMI,IBZ,2025-11-07,Warszawa,Polska,Ibiza,Hiszpania
2025-12-31,,,WMI,IBZ,2025-11-07,Warszawa,Polska,Ibiza,Hiszpania
2026-01-01,,,WMI,IBZ,2025-11-07,Warszawa,Polska,Ibiza,Hiszpania
2026-01-02,,,WMI,IBZ,2025-11-07,Warszawa,Polska,Ibiza,Hiszpania
2026-01-03,,,WMI,IBZ,2025-11-07,Warszawa,Polska,Ibiza,Hiszpania
2026-01-04,,,WMI,IBZ,2025-11-07,Warszawa,Polska,Ibiza,Hiszpania
2026-01-05,,,WMI,IBZ,2025-11-07,Warszawa,Polska,Ibiza,Hiszpania
2026-01-06,,,WMI,IBZ,2025-11-07,Warszawa,Polska,Ibiza,Hiszpania
2026-01-07,,,WMI,IBZ,2025-11-07,Warszawa,Polska,Ibiza,Hiszpania
2026-01-08,,,WMI,IBZ,2025-11-07,Warszawa,Polska,Ibiza,Hiszpania
2026-01-09,,,WMI,IBZ,2025-11-07,Warszawa,Polska,Ibiza,Hiszpania
2026-01-10,,,WMI,IBZ,2025-11-07,Warszawa,Polska,Ibiza,Hiszpania
2026-01-11,,,WMI,IBZ,2025-11-07,Warszawa,Polska,Ibiza,Hiszpania
2026-01-12,,,WMI,IBZ,2025-11-07,Warszawa,Polska,Ibiza,Hiszpania
2026-01-13,,,WMI,IBZ,2025-11-07,Warszawa,Polska,Ibiza,Hiszpania
2026-01-14,,,WMI,IBZ,2025-11-07,Warszawa,Polska,Ibiza,Hiszpania
2026-01-15,,,WMI,IBZ,2025-11-07,Warszawa,Polska,Ibiza,Hiszpania
2026-01-16,,,WMI,IBZ,2025-11-07,Warszawa,Polska,Ibiza,Hiszpania
2026-01-17,,,WMI,IBZ,2025-11-07,Warszawa,Polska,Ibiza,Hiszpania
2026-01-18,,,WMI,IBZ,2025-11-07,Warszawa,Polska,Ibiza,Hiszpania
2026-01-19,,,WMI,IBZ,2025-11-07,Warszawa,Polska,Ibiza,Hiszpania
2026-01-20,,,WMI,IBZ,2025-11-07,Warszawa,Polska,Ibiza,Hiszpania
2026-01-21,,,WMI,IBZ,2025-11-07,Warszawa,Polska,Ibiza,Hiszpania
2026-01-22,,,WMI,IBZ,2025-11-07,Warszawa,Polska,Ibiza,Hiszpania
2026-01-23,,,WMI,IBZ,2025-11-07,Warszawa,Polska,Ibiza,Hiszpania
2026-01-24,,,WMI,IBZ,2025-11-07,Warszawa,Polska,Ibiza,Hiszpania
2026-01-25,,,WMI,IBZ,2025-11-07,Warszawa,Polska,Ibiza,Hiszpania
2026-01-26,,,WMI,IBZ,2025-11-07,Warszawa,Polska,Ibiza,Hiszpania
2026-01-27,,,WMI,IBZ,2025-11-07,Warszawa,Polska,Ibiza,Hiszpania
2026-01-28,,,WMI,IBZ,2025-11-07,Warszawa,Polska,Ibiza,Hiszpania
2026-01-29,,,WMI,IBZ,2025-11-07,Warszawa,Polska,Ibiza,Hiszpania
2026-01-30,,,WMI,IBZ,2025-11-07,Warszawa,Polska,Ibiza,Hiszpania
2025-11-07,,,WMI,VLC,2025-11-07,Warszawa,Polska,Valencia,Hiszpania
2025-11-08,,,WMI,VLC,2025-11-07,Warszawa,Polska,Valencia,Hiszpania
2025-11-09,,,WMI,VLC,2025-11-07,Warszawa,Polska,Valencia,Hiszpania
2025-11-10,,,WMI,VLC,2025-11-07,Warszawa,Polska,Valencia,Hiszpania
2025-11-11,,,WMI,VLC,2025-11-07,Warszawa,Polska,Valencia,Hiszpania
2025-11-12,,,WMI,VLC,2025-11-07,Warszawa,Polska,Valencia,Hiszpania
2025-11-13,,,WMI,VLC,2025-11-07,Warszawa,Polska,Valencia,Hiszpania
2025-11-14,,,WMI,VLC,2025-11-07,Warszawa,Polska,Valencia,Hiszpania
2025-11-15,,,WMI,VLC,2025-11-07,Warszawa,Polska,Valencia,Hiszpania
2025-11-16,,,WMI,VLC,2025-11-07,Warszawa,Polska,Valencia,Hiszpania
2025-11-17,,,WMI,VLC,2025-11-07,Warszawa,Polska,Valencia,Hiszpania
2025-11-18,,,WMI,VLC,2025-11-07,Warszawa,Polska,Valencia,Hiszpania
2025-11-19,,,WMI,VLC,2025-11-07,Warszawa,Polska,Valencia,Hiszpania
2025-11-20,,,WMI,VLC,2025-11-07,Warszawa,Polska,Valencia,Hiszpania
2025-11-21,,,WMI,VLC,2025-11-07,Warszawa,Polska,Valencia,Hiszpania
2025-11-22,,,WMI,VLC,2025-11-07,Warszawa,Polska,Valencia,Hiszpania
2025-11-23,,,WMI,VLC,2025-11-07,Warszawa,Polska,Valencia,Hiszpania
2025-11-24,,,WMI,VLC,2025-11-07,Warszawa,Polska,Valencia,Hiszpania
2025-11-25,,,WMI,VLC,2025-11-07,Warszawa,Polska,Valencia,Hiszpania
2025-11-26,,,WMI,VLC,2025-11-07,Warszawa,Polska,Valencia,Hiszpania
2025-11-27,,,WMI,VLC,2025-11-07,Warszawa,Polska,Valencia,Hiszpania
2025-11-28,,,WMI,VLC,2025-11-07,Warszawa,Polska,Valencia,Hiszpania
2025-11-29,,,WMI,VLC,2025-11-07,Warszawa,Polska,Valencia,Hiszpania
2025-11-30,,,WMI,VLC,2025-11-07,Warszawa,Polska,Valencia,Hiszpania
2025-12-01,,,WMI,VLC,2025-11-07,Warszawa,Polska,Valencia,Hiszpania
2025-12-02,,,WMI,VLC,2025-11-07,Warszawa,Polska,Valencia,Hiszpania
2025-12-03,,,WMI,VLC,2025-11-07,Warszawa,Polska,Valencia,Hiszpania
2025-12-04,,,WMI,VLC,2025-11-07,Warszawa,Polska,Valencia,Hiszpania
2025-12-05,,,WMI,VLC,2025-11-07,Warszawa,Polska,Valencia,Hiszpania
2025-12-06,,,WMI,VLC,2025-11-07,Warszawa,Polska,Valencia,Hiszpania
2025-12-07,,,WMI,VLC,2025-11-07,Warszawa,Polska,Valencia,Hiszpania
2025-12-08,,,WMI,VLC,2025-11-07,Warszawa,Polska,Valencia,Hiszpania
2025-12-09,,,WMI,VLC,2025-11-07,Warszawa,Polska,Valencia,Hiszpania
2025-12-10,,,WMI,VLC,2025-11-07,Warszawa,Polska,Valencia,Hiszpania
2025-12-11,,,WMI,VLC,2025-11-07,Warszawa,Polska,Valencia,Hiszpania
2025-12-12,,,WMI,VLC,2025-11-07,Warszawa,Polska,Valencia,Hiszpania
2025-12-13,,,WMI,VLC,2025-11-07,Warszawa,Polska,Valencia,Hiszpania
2025-12-14,,,WMI,VLC,2025-11-07,Warszawa,Polska,Valencia,Hiszpania
2025-12-15,,,WMI,VLC,2025-11-07,Warszawa,Polska,Valencia,Hiszpania
2025-12-16,,,WMI,VLC,2025-11-07,Warszawa,Polska,Valencia,Hiszpania
2025-12-17,,,WMI,VLC,2025-11-07,Warszawa,Polska,Valencia,Hiszpania
2025-12-18,,,WMI,VLC,2025-11-07,Warszawa,Polska,Valencia,Hiszpania
2025-12-19,,,WMI,VLC,2025-11-07,Warszawa,Polska,Valencia,Hiszpania
2025-12-20,,,WMI,VLC,2025-11-07,Warszawa,Polska,Valencia,Hiszpania
2025-12-21,,,WMI,VLC,2025-11-07,Warszawa,Polska,Valencia,Hiszpania
2025-12-22,,,WMI,VLC,2025-11-07,Warszawa,Polska,Valencia,Hiszpania
2025-12-23,,,WMI,VLC,2025-11-07,Warszawa,Polska,Valencia,Hiszpania
2025-12-24,,,WMI,VLC,2025-11-07,Warszawa,Polska,Valencia,Hiszpania
2025-12-25,,,WMI,VLC,2025-11-07,Warszawa,Polska,Valencia,Hiszpania
2025-12-26,,,WMI,VLC,2025-11-07,Warszawa,Polska,Valencia,Hiszpania
2025-12-27,,,WMI,VLC,2025-11-07,Warszawa,Polska,Valencia,Hiszpania
2025-12-28,,,WMI,VLC,2025-11-07,Warszawa,Polska,Valencia,Hiszpania
2025-12-29,,,WMI,VLC,2025-11-07,Warszawa,Polska,Valencia,Hiszpania
2025-12-30,,,WMI,VLC,2025-11-07,Warszawa,Polska,Valencia,Hiszpania
2025-12-31,,,WMI,VLC,2025-11-07,Warszawa,Polska,Valencia,Hiszpania
2026-01-01,,,WMI,VLC,2025-11-07,Warszawa,Polska,Valencia,Hiszpania
2026-01-02,,,WMI,VLC,2025-11-07,Warszawa,Polska,Valencia,Hiszpania
2026-01-03,,,WMI,VLC,2025-11-07,Warszawa,Polska,Valencia,Hiszpania
2026-01-04,,,WMI,VLC,2025-11-07,Warszawa,Polska,Valencia,Hiszpania
2026-01-05,,,WMI,VLC,2025-11-07,Warszawa,Polska,Valencia,Hiszpania
2026-01-06,,,WMI,VLC,2025-11-07,Warszawa,Polska,Valencia,Hiszpania
2026-01-07,,,WMI,VLC,2025-11-07,Warszawa,Polska,Valencia,Hiszpania
2026-01-08,,,WMI,VLC,2025-11-07,Warszawa,Polska,Valencia,Hiszpania
2026-01-09,,,WMI,VLC,2025-11-07,Warszawa,Polska,Valencia,Hiszpania
2026-01-10,,,WMI,VLC,2025-11-07,Warszawa,Polska,Valencia,Hiszpania
2026-01-11,,,WMI,VLC,2025-11-07,Warszawa,Polska,Valencia,Hiszpania
2026-01-12,,,WMI,VLC,2025-11-07,Warszawa,Polska,Valencia,Hiszpania
2026-01-13,,,WMI,VLC,2025-11-07,Warszawa,Polska,Valencia,Hiszpania
2026-01-14,,,WMI,VLC,2025-11-07,Warszawa,Polska,Valencia,Hiszpania
2026-01-15,,,WMI,VLC,2025-11-07,Warszawa,Polska,Valencia,Hiszpania
2026-01-16,,,WMI,VLC,2025-11-07,Warszawa,Polska,Valencia,Hiszpania
2026-01-17,,,WMI,VLC,2025-11-07,Warszawa,Polska,Valencia,Hiszpania
2026-01-18,,,WMI,VLC,2025-11-07,Warszawa,Polska,Valencia,Hiszpania
2026-01-19,,,WMI,VLC,2025-11-07,Warszawa,Polska,Valencia,Hiszpania
2026-01-20,,,WMI,VLC,2025-11-07,Warszawa,Polska,Valencia,Hiszpania
2026-01-21,,,WMI,VLC,2025-11-07,Warszawa,Polska,Valencia,Hiszpania
2026-01-22,,,WMI,VLC,2025-11-07,Warszawa,Polska,Valencia,Hiszpania
2026-01-23,,,WMI,VLC,2025-11-07,Warszawa,Polska,Valencia,Hiszpania
2026-01-24,,,WMI,VLC,2025-11-07,Warszawa,Polska,Valencia,Hiszpania
2026-01-25,,,WMI,VLC,2025-11-07,Warszawa,Polska,Valencia,Hiszpania
2026-01-26,,,WMI,VLC,2025-11-07,Warszawa,Polska,Valencia,Hiszpania
2026-01-27,,,WMI,VLC,2025-11-07,Warszawa,Polska,Valencia,Hiszpania
2026-01-28,,,WMI,VLC,2025-11-07,Warszawa,Polska,Valencia,Hiszpania
2026-01-29,,,WMI,VLC,2025-11-07,Warszawa,Polska,Valencia,Hiszpania
2026-01-30,,,WMI,VLC,2025-11-07,Warszawa,Polska,Valencia,Hiszpania
2025-11-07,,,WMI,BIO,2025-11-07,Warszawa,Polska,Bilbao,Hiszpania
2025-11-08,,,WMI,BIO,2025-11-07,Warszawa,Polska,Bilbao,Hiszpania
2025-11-09,,,WMI,BIO,2025-11-07,Warszawa,Polska,Bilbao,Hiszpania
2025-11-10,,,WMI,BIO,2025-11-07,Warszawa,Polska,Bilbao,Hiszpania
2025-11-11,,,WMI,BIO,2025-11-07,Warszawa,Polska,Bilbao,Hiszpania
2025-11-12,,,WMI,BIO,2025-11-07,Warszawa,Polska,Bilbao,Hiszpania
2025-11-13,,,WMI,BIO,2025-11-07,Warszawa,Polska,Bilbao,Hiszpania
2025-11-14,,,WMI,BIO,2025-11-07,Warszawa,Polska,Bilbao,Hiszpania
2025-11-15,,,WMI,BIO,2025-11-07,Warszawa,Polska,Bilbao,Hiszpania
2025-11-16,,,WMI,BIO,2025-11-07,Warszawa,Polska,Bilbao,Hiszpania
2025-11-17,,,WMI,BIO,2025-11-07,Warszawa,Polska,Bilbao,Hiszpania
2025-11-18,,,WMI,BIO,2025-11-07,Warszawa,Polska,Bilbao,Hiszpania
2025-11-19,,,WMI,BIO,2025-11-07,Warszawa,Polska,Bilbao,Hiszpania
2025-11-20,,,WMI,BIO,2025-11-07,Warszawa,Polska,Bilbao,Hiszpania
2025-11-21,,,WMI,BIO,2025-11-07,Warszawa,Polska,Bilbao,Hiszpania
2025-11-22,,,WMI,BIO,2025-11-07,Warszawa,Polska,Bilbao,Hiszpania
2025-11-23,,,WMI,BIO,2025-11-07,Warszawa,Polska,Bilbao,Hiszpania
2025-11-24,,,WMI,BIO,2025-11-07,Warszawa,Polska,Bilbao,Hiszpania
2025-11-25,,,WMI,BIO,2025-11-07,Warszawa,Polska,Bilbao,Hiszpania
2025-11-26,,,WMI,BIO,2025-11-07,Warszawa,Polska,Bilbao,Hiszpania
2025-11-27,,,WMI,BIO,2025-11-07,Warszawa,Polska,Bilbao,Hiszpania
2025-11-28,,,WMI,BIO,2025-11-07,Warszawa,Polska,Bilbao,Hiszpania
2025-11-29,,,WMI,BIO,2025-11-07,Warszawa,Polska,Bilbao,Hiszpania
2025-11-30,,,WMI,BIO,2025-11-07,Warszawa,Polska,Bilbao,Hiszpania
2025-12-01,,,WMI,BIO,2025-11-07,Warszawa,Polska,Bilbao,Hiszpania
2025-12-02,,,WMI,BIO,2025-11-07,Warszawa,Polska,Bilbao,Hiszpania
2025-12-03,,,WMI,BIO,2025-11-07,Warszawa,Polska,Bilbao,Hiszpania
2025-12-04,,,WMI,BIO,2025-11-07,Warszawa,Polska,Bilbao,Hiszpania
2025-12-05,,,WMI,BIO,2025-11-07,Warszawa,Polska,Bilbao,Hiszpania
2025-12-06,,,WMI,BIO,2025-11-07,Warszawa,Polska,Bilbao,Hiszpania
2025-12-07,,,WMI,BIO,2025-11-07,Warszawa,Polska,Bilbao,Hiszpania
2025-12-08,,,WMI,BIO,2025-11-07,Warszawa,Polska,Bilbao,Hiszpania
2025-12-09,,,WMI,BIO,2025-11-07,Warszawa,Polska,Bilbao,Hiszpania
2025-12-10,,,WMI,BIO,2025-11-07,Warszawa,Polska,Bilbao,Hiszpania
2025-12-11,,,WMI,BIO,2025-11-07,Warszawa,Polska,Bilbao,Hiszpania
2025-12-12,,,WMI,BIO,2025-11-07,Warszawa,Polska,Bilbao,Hiszpania
2025-12-13,,,WMI,BIO,2025-11-07,Warszawa,Polska,Bilbao,Hiszpania
2025-12-14,,,WMI,BIO,2025-11-07,Warszawa,Polska,Bilbao,Hiszpania
2025-12-15,,,WMI,BIO,2025-11-07,Warszawa,Polska,Bilbao,Hiszpania
2025-12-16,,,WMI,BIO,2025-11-07,Warszawa,Polska,Bilbao,Hiszpania
2025-12-17,,,WMI,BIO,2025-11-07,Warszawa,Polska,Bilbao,Hiszpania
2025-12-18,,,WMI,BIO,2025-11-07,Warszawa,Polska,Bilbao,Hiszpania
2025-12-19,,,WMI,BIO,2025-11-07,Warszawa,Polska,Bilbao,Hiszpania
2025-12-20,,,WMI,BIO,2025-11-07,Warszawa,Polska,Bilbao,Hiszpania
2025-12-21,,,WMI,BIO,2025-11-07,Warszawa,Polska,Bilbao,Hiszpania
2025-12-22,,,WMI,BIO,2025-11-07,Warszawa,Polska,Bilbao,Hiszpania
2025-12-23,,,WMI,BIO,2025-11-07,Warszawa,Polska,Bilbao,Hiszpania
2025-12-24,,,WMI,BIO,2025-11-07,Warszawa,Polska,Bilbao,Hiszpania
2025-12-25,,,WMI,BIO,2025-11-07,Warszawa,Polska,Bilbao,Hiszpania
2025-12-26,,,WMI,BIO,2025-11-07,Warszawa,Polska,Bilbao,Hiszpania
2025-12-27,,,WMI,BIO,2025-11-07,Warszawa,Polska,Bilbao,Hiszpania
2025-12-28,,,WMI,BIO,2025-11-07,Warszawa,Polska,Bilbao,Hiszpania
2025-12-29,,,WMI,BIO,2025-11-07,Warszawa,Polska,Bilbao,Hiszpania
2025-12-30,,,WMI,BIO,2025-11-07,Warszawa,Polska,Bilbao,Hiszpania
2025-12-31,,,WMI,BIO,2025-11-07,Warszawa,Polska,Bilbao,Hiszpania
2026-01-01,,,WMI,BIO,2025-11-07,Warszawa,Polska,Bilbao,Hiszpania
2026-01-02,,,WMI,BIO,2025-11-07,Warszawa,Polska,Bilbao,Hiszpania
2026-01-03,,,WMI,BIO,2025-11-07,Warszawa,Polska,Bilbao,Hiszpania
2026-01-04,,,WMI,BIO,2025-11-07,Warszawa,Polska,Bilbao,Hiszpania
2026-01-05,,,WMI,BIO,2025-11-07,Warszawa,Polska,Bilbao,Hiszpania
2026-01-06,,,WMI,BIO,2025-11-07,Warszawa,Polska,Bilbao,Hiszpania
2026-01-07,,,WMI,BIO,2025-11-07,Warszawa,Polska,Bilbao,Hiszpania
2026-01-08,,,WMI,BIO,2025-11-07,Warszawa,Polska,Bilbao,Hiszpania
2026-01-09,,,WMI,BIO,2025-11-07,Warszawa,Polska,Bilbao,Hiszpania
2026-01-10,,,WMI,BIO,2025-11-07,Warszawa,Polska,Bilbao,Hiszpania
2026-01-11,,,WMI,BIO,2025-11-07,Warszawa,Polska,Bilbao,Hiszpania
2026-01-12,,,WMI,BIO,2025-11-07,Warszawa,Polska,Bilbao,Hiszpania
2026-01-13,,,WMI,BIO,2025-11-07,Warszawa,Polska,Bilbao,Hiszpania
2026-01-14,,,WMI,BIO,2025-11-07,Warszawa,Polska,Bilbao,Hiszpania
2026-01-15,,,WMI,BIO,2025-11-07,Warszawa,Polska,Bilbao,Hiszpania
2026-01-16,,,WMI,BIO,2025-11-07,Warszawa,Polska,Bilbao,Hiszpania
2026-01-17,,,WMI,BIO,2025-11-07,Warszawa,Polska,Bilbao,Hiszpania
2026-01-18,,,WMI,BIO,2025-11-07,Warszawa,Polska,Bilbao,Hiszpania
2026-01-19,,,WMI,BIO,2025-11-07,Warszawa,Polska,Bilbao,Hiszpania
2026-01-20,,,WMI,BIO,2025-11-07,Warszawa,Polska,Bilbao,Hiszpania
2026-01-21,,,WMI,BIO,2025-11-07,Warszawa,Polska,Bilbao,Hiszpania
2026-01-22,,,WMI,BIO,2025-11-07,Warszawa,Polska,Bilbao,Hiszpania
2026-01-23,,,WMI,BIO,2025-11-07,Warszawa,Polska,Bilbao,Hiszpania
2026-01-24,,,WMI,BIO,2025-11-07,Warszawa,Polska,Bilbao,Hiszpania
2026-01-25,,,WMI,BIO,2025-11-07,Warszawa,Polska,Bilbao,Hiszpania
2026-01-26,,,WMI,BIO,2025-11-07,Warszawa,Polska,Bilbao,Hiszpania
2026-01-27,,,WMI,BIO,2025-11-07,Warszawa,Polska,Bilbao,Hiszpania
2026-01-28,,,WMI,BIO,2025-11-07,Warszawa,Polska,Bilbao,Hiszpania
2026-01-29,,,WMI,BIO,2025-11-07,Warszawa,Polska,Bilbao,Hiszpania
2026-01-30,,,WMI,BIO,2025-11-07,Warszawa,Polska,Bilbao,Hiszpania
2025-11-07,,,WMI,TFN,2025-11-07,Warszawa,Polska,Teneryfa,Hiszpania
2025-11-08,,,WMI,TFN,2025-11-07,Warszawa,Polska,Teneryfa,Hiszpania
2025-11-09,,,WMI,TFN,2025-11-07,Warszawa,Polska,Teneryfa,Hiszpania
2025-11-10,,,WMI,TFN,2025-11-07,Warszawa,Polska,Teneryfa,Hiszpania
2025-11-11,,,WMI,TFN,2025-11-07,Warszawa,Polska,Teneryfa,Hiszpania
2025-11-12,,,WMI,TFN,2025-11-07,Warszawa,Polska,Teneryfa,Hiszpania
2025-11-13,,,WMI,TFN,2025-11-07,Warszawa,Polska,Teneryfa,Hiszpania
2025-11-14,,,WMI,TFN,2025-11-07,Warszawa,Polska,Teneryfa,Hiszpania
2025-11-15,,,WMI,TFN,2025-11-07,Warszawa,Polska,Teneryfa,Hiszpania
2025-11-16,,,WMI,TFN,2025-11-07,Warszawa,Polska,Teneryfa,Hiszpania
2025-11-17,,,WMI,TFN,2025-11-07,Warszawa,Polska,Teneryfa,Hiszpania
2025-11-18,,,WMI,TFN,2025-11-07,Warszawa,Polska,Teneryfa,Hiszpania
2025-11-19,,,WMI,TFN,2025-11-07,Warszawa,Polska,Teneryfa,Hiszpania
2025-11-20,,,WMI,TFN,2025-11-07,Warszawa,Polska,Teneryfa,Hiszpania
2025-11-21,,,WMI,TFN,2025-11-07,Warszawa,Polska,Teneryfa,Hiszpania
2025-11-22,,,WMI,TFN,2025-11-07,Warszawa,Polska,Teneryfa,Hiszpania
2025-11-23,,,WMI,TFN,2025-11-07,Warszawa,Polska,Teneryfa,Hiszpania
2025-11-24,,,WMI,TFN,2025-11-07,Warszawa,Polska,Teneryfa,Hiszpania
2025-11-25,,,WMI,TFN,2025-11-07,Warszawa,Polska,Teneryfa,Hiszpania
2025-11-26,,,WMI,TFN,2025-11-07,Warszawa,Polska,Teneryfa,Hiszpania
2025-11-27,,,WMI,TFN,2025-11-07,Warszawa,Polska,Teneryfa,Hiszpania
2025-11-28,,,WMI,TFN,2025-11-07,Warszawa,Polska,Teneryfa,Hiszpania
2025-11-29,,,WMI,TFN,2025-11-07,Warszawa,Polska,Teneryfa,Hiszpania
2025-11-30,,,WMI,TFN,2025-11-07,Warszawa,Polska,Teneryfa,Hiszpania
2025-12-01,,,WMI,TFN,2025-11-07,Warszawa,Polska,Teneryfa,Hiszpania
2025-12-02,,,WMI,TFN,2025-11-07,Warszawa,Polska,Teneryfa,Hiszpania
2025-12-03,,,WMI,TFN,2025-11-07,Warszawa,Polska,Teneryfa,Hiszpania
2025-12-04,,,WMI,TFN,2025-11-07,Warszawa,Polska,Teneryfa,Hiszpania
2025-12-05,,,WMI,TFN,2025-11-07,Warszawa,Polska,Teneryfa,Hiszpania
2025-12-06,,,WMI,TFN,2025-11-07,Warszawa,Polska,Teneryfa,Hiszpania
2025-12-07,,,WMI,TFN,2025-11-07,Warszawa,Polska,Teneryfa,Hiszpania
2025-12-08,,,WMI,TFN,2025-11-07,Warszawa,Polska,Teneryfa,Hiszpania
2025-12-09,,,WMI,TFN,2025-11-07,Warszawa,Polska,Teneryfa,Hiszpania
2025-12-10,,,WMI,TFN,2025-11-07,Warszawa,Polska,Teneryfa,Hiszpania
2025-12-11,,,WMI,TFN,2025-11-07,Warszawa,Polska,Teneryfa,Hiszpania
2025-12-12,,,WMI,TFN,2025-11-07,Warszawa,Polska,Teneryfa,Hiszpania
2025-12-13,,,WMI,TFN,2025-11-07,Warszawa,Polska,Teneryfa,Hiszpania
2025-12-14,,,WMI,TFN,2025-11-07,Warszawa,Polska,Teneryfa,Hiszpania
2025-12-15,,,WMI,TFN,2025-11-07,Warszawa,Polska,Teneryfa,Hiszpania
2025-12-16,,,WMI,TFN,2025-11-07,Warszawa,Polska,Teneryfa,Hiszpania
2025-12-17,,,WMI,TFN,2025-11-07,Warszawa,Polska,Teneryfa,Hiszpania
2025-12-18,,,WMI,TFN,2025-11-07,Warszawa,Polska,Teneryfa,Hiszpania
2025-12-19,,,WMI,TFN,2025-11-07,Warszawa,Polska,Teneryfa,Hiszpania
2025-12-20,,,WMI,TFN,2025-11-07,Warszawa,Polska,Teneryfa,Hiszpania
2025-12-21,,,WMI,TFN,2025-11-07,Warszawa,Polska,Teneryfa,Hiszpania
2025-12-22,,,WMI,TFN,2025-11-07,Warszawa,Polska,Teneryfa,Hiszpania
2025-12-23,,,WMI,TFN,2025-11-07,Warszawa,Polska,Teneryfa,Hiszpania
2025-12-24,,,WMI,TFN,2025-11-07,Warszawa,Polska,Teneryfa,Hiszpania
2025-12-25,,,WMI,TFN,2025-11-07,Warszawa,Polska,Teneryfa,Hiszpania
2025-12-26,,,WMI,TFN,2025-11-07,Warszawa,Polska,Teneryfa,Hiszpania
2025-12-27,,,WMI,TFN,2025-11-07,Warszawa,Polska,Teneryfa,Hiszpania
2025-12-28,,,WMI,TFN,2025-11-07,Warszawa,Polska,Teneryfa,Hiszpania
2025-12-29,,,WMI,TFN,2025-11-07,Warszawa,Polska,Teneryfa,Hiszpania
2025-12-30,,,WMI,TFN,2025-11-07,Warszawa,Polska,Teneryfa,Hiszpania
2025-12-31,,,WMI,TFN,2025-11-07,Warszawa,Polska,Teneryfa,Hiszpania
2026-01-01,,,WMI,TFN,2025-11-07,Warszawa,Polska,Teneryfa,Hiszpania
2026-01-02,,,WMI,TFN,2025-11-07,Warszawa,Polska,Teneryfa,Hiszpania
2026-01-03,,,WMI,TFN,2025-11-07,Warszawa,Polska,Teneryfa,Hiszpania
2026-01-04,,,WMI,TFN,2025-11-07,Warszawa,Polska,Teneryfa,Hiszpania
2026-01-05,,,WMI,TFN,2025-11-07,Warszawa,Polska,Teneryfa,Hiszpania
2026-01-06,,,WMI,TFN,2025-11-07,Warszawa,Polska,Teneryfa,Hiszpania
2026-01-07,,,WMI,TFN,2025-11-07,Warszawa,Polska,Teneryfa,Hiszpania
2026-01-08,,,WMI,TFN,2025-11-07,Warszawa,Polska,Teneryfa,Hiszpania
2026-01-09,,,WMI,TFN,2025-11-07,Warszawa,Polska,Teneryfa,Hiszpania
2026-01-10,,,WMI,TFN,2025-11-07,Warszawa,Polska,Teneryfa,Hiszpania
2026-01-11,,,WMI,TFN,2025-11-07,Warszawa,Polska,Teneryfa,Hiszpania
2026-01-12,,,WMI,TFN,2025-11-07,Warszawa,Polska,Teneryfa,Hiszpania
2026-01-13,,,WMI,TFN,2025-11-07,Warszawa,Polska,Teneryfa,Hiszpania
2026-01-14,,,WMI,TFN,2025-11-07,Warszawa,Polska,Teneryfa,Hiszpania
2026-01-15,,,WMI,TFN,2025-11-07,Warszawa,Polska,Teneryfa,Hiszpania
2026-01-16,,,WMI,TFN,2025-11-07,Warszawa,Polska,Teneryfa,Hiszpania
2026-01-17,,,WMI,TFN,2025-11-07,Warszawa,Polska,Teneryfa,Hiszpania
2026-01-18,,,WMI,TFN,2025-11-07,Warszawa,Polska,Teneryfa,Hiszpania
2026-01-19,,,WMI,TFN,2025-11-07,Warszawa,Polska,Teneryfa,Hiszpania
2026-01-20,,,WMI,TFN,2025-11-07,Warszawa,Polska,Teneryfa,Hiszpania
2026-01-21,,,WMI,TFN,2025-11-07,Warszawa,Polska,Teneryfa,Hiszpania
2026-01-22,,,WMI,TFN,2025-11-07,Warszawa,Polska,Teneryfa,Hiszpania
2026-01-23,,,WMI,TFN,2025-11-07,Warszawa,Polska,Teneryfa,Hiszpania
2026-01-24,,,WMI,TFN,2025-11-07,Warszawa,Polska,Teneryfa,Hiszpania
2026-01-25,,,WMI,TFN,2025-11-07,Warszawa,Polska,Teneryfa,Hiszpania
2026-01-26,,,WMI,TFN,2025-11-07,Warszawa,Polska,Teneryfa,Hiszpania
2026-01-27,,,WMI,TFN,2025-11-07,Warszawa,Polska,Teneryfa,Hiszpania
2026-01-28,,,WMI,TFN,2025-11-07,Warszawa,Polska,Teneryfa,Hiszpania
2026-01-29,,,WMI,TFN,2025-11-07,Warszawa,Polska,Teneryfa,Hiszpania
2026-01-30,,,WMI,TFN,2025-11-07,Warszawa,Polska,Teneryfa,Hiszpania
2025-11-07,,,WMI,SPC,2025-11-07,Warszawa,Polska,Palma,Hiszpania
2025-11-08,,,WMI,SPC,2025-11-07,Warszawa,Polska,Palma,Hiszpania
2025-11-09,,,WMI,SPC,2025-11-07,Warszawa,Polska,Palma,Hiszpania
2025-11-10,,,WMI,SPC,2025-11-07,Warszawa,Polska,Palma,Hiszpania
2025-11-11,,,WMI,SPC,2025-11-07,Warszawa,Polska,Palma,Hiszpania
2025-11-12,,,WMI,SPC,2025-11-07,Warszawa,Polska,Palma,Hiszpania
2025-11-13,,,WMI,SPC,2025-11-07,Warszawa,Polska,Palma,Hiszpania
2025-11-14,,,WMI,SPC,2025-11-07,Warszawa,Polska,Palma,Hiszpania
2025-11-15,,,WMI,SPC,2025-11-07,Warszawa,Polska,Palma,Hiszpania
2025-11-16,,,WMI,SPC,2025-11-07,Warszawa,Polska,Palma,Hiszpania
2025-11-17,,,WMI,SPC,2025-11-07,Warszawa,Polska,Palma,Hiszpania
2025-11-18,,,WMI,SPC,2025-11-07,Warszawa,Polska,Palma,Hiszpania
2025-11-19,,,WMI,SPC,2025-11-07,Warszawa,Polska,Palma,Hiszpania
2025-11-20,,,WMI,SPC,2025-11-07,Warszawa,Polska,Palma,Hiszpania
2025-11-21,,,WMI,SPC,2025-11-07,Warszawa,Polska,Palma,Hiszpania
2025-11-22,,,WMI,SPC,2025-11-07,Warszawa,Polska,Palma,Hiszpania
2025-11-23,,,WMI,SPC,2025-11-07,Warszawa,Polska,Palma,Hiszpania
2025-11-24,,,WMI,SPC,2025-11-07,Warszawa,Polska,Palma,Hiszpania
2025-11-25,,,WMI,SPC,2025-11-07,Warszawa,Polska,Palma,Hiszpania
2025-11-26,,,WMI,SPC,2025-11-07,Warszawa,Polska,Palma,Hiszpania
2025-11-27,,,WMI,SPC,2025-11-07,Warszawa,Polska,Palma,Hiszpania
2025-11-28,,,WMI,SPC,2025-11-07,Warszawa,Polska,Palma,Hiszpania
2025-11-29,,,WMI,SPC,2025-11-07,Warszawa,Polska,Palma,Hiszpania
2025-11-30,,,WMI,SPC,2025-11-07,Warszawa,Polska,Palma,Hiszpania
2025-12-01,,,WMI,SPC,2025-11-07,Warszawa,Polska,Palma,Hiszpania
2025-12-02,,,WMI,SPC,2025-11-07,Warszawa,Polska,Palma,Hiszpania
2025-12-03,,,WMI,SPC,2025-11-07,Warszawa,Polska,Palma,Hiszpania
2025-12-04,,,WMI,SPC,2025-11-07,Warszawa,Polska,Palma,Hiszpania
2025-12-05,,,WMI,SPC,2025-11-07,Warszawa,Polska,Palma,Hiszpania
2025-12-06,,,WMI,SPC,2025-11-07,Warszawa,Polska,Palma,Hiszpania
2025-12-07,,,WMI,SPC,2025-11-07,Warszawa,Polska,Palma,Hiszpania
2025-12-08,,,WMI,SPC,2025-11-07,Warszawa,Polska,Palma,Hiszpania
2025-12-09,,,WMI,SPC,2025-11-07,Warszawa,Polska,Palma,Hiszpania
2025-12-10,,,WMI,SPC,2025-11-07,Warszawa,Polska,Palma,Hiszpania
2025-12-11,,,WMI,SPC,2025-11-07,Warszawa,Polska,Palma,Hiszpania
2025-12-12,,,WMI,SPC,2025-11-07,Warszawa,Polska,Palma,Hiszpania
2025-12-13,,,WMI,SPC,2025-11-07,Warszawa,Polska,Palma,Hiszpania
2025-12-14,,,WMI,SPC,2025-11-07,Warszawa,Polska,Palma,Hiszpania
2025-12-15,,,WMI,SPC,2025-11-07,Warszawa,Polska,Palma,Hiszpania
2025-12-16,,,WMI,SPC,2025-11-07,Warszawa,Polska,Palma,Hiszpania
2025-12-17,,,WMI,SPC,2025-11-07,Warszawa,Polska,Palma,Hiszpania
2025-12-18,,,WMI,SPC,2025-11-07,Warszawa,Polska,Palma,Hiszpania
2025-12-19,,,WMI,SPC,2025-11-07,Warszawa,Polska,Palma,Hiszpania
2025-12-20,,,WMI,SPC,2025-11-07,Warszawa,Polska,Palma,Hiszpania
2025-12-21,,,WMI,SPC,2025-11-07,Warszawa,Polska,Palma,Hiszpania
2025-12-22,,,WMI,SPC,2025-11-07,Warszawa,Polska,Palma,Hiszpania
2025-12-23,,,WMI,SPC,2025-11-07,Warszawa,Polska,Palma,Hiszpania
2025-12-24,,,WMI,SPC,2025-11-07,Warszawa,Polska,Palma,Hiszpania
2025-12-25,,,WMI,SPC,2025-11-07,Warszawa,Polska,Palma,Hiszpania
2025-12-26,,,WMI,SPC,2025-11-07,Warszawa,Polska,Palma,Hiszpania
2025-12-27,,,WMI,SPC,2025-11-07,Warszawa,Polska,Palma,Hiszpania
2025-12-28,,,WMI,SPC,2025-11-07,Warszawa,Polska,Palma,Hiszpania
2025-12-29,,,WMI,SPC,2025-11-07,Warszawa,Polska,Palma,Hiszpania
2025-12-30,,,WMI,SPC,2025-11-07,Warszawa,Polska,Palma,Hiszpania
2025-12-31,,,WMI,SPC,2025-11-07,Warszawa,Polska,Palma,Hiszpania
2026-01-01,,,WMI,SPC,2025-11-07,Warszawa,Polska,Palma,Hiszpania
2026-01-02,,,WMI,SPC,2025-11-07,Warszawa,Polska,Palma,Hiszpania
2026-01-03,,,WMI,SPC,2025-11-07,Warszawa,Polska,Palma,Hiszpania
2026-01-04,,,WMI,SPC,2025-11-07,Warszawa,Polska,Palma,Hiszpania
2026-01-05,,,WMI,SPC,2025-11-07,Warszawa,Polska,Palma,Hiszpania
2026-01-06,,,WMI,SPC,2025-11-07,Warszawa,Polska,Palma,Hiszpania
2026-01-07,,,WMI,SPC,2025-11-07,Warszawa,Polska,Palma,Hiszpania
2026-01-08,,,WMI,SPC,2025-11-07,Warszawa,Polska,Palma,Hiszpania
2026-01-09,,,WMI,SPC,2025-11-07,Warszawa,Polska,Palma,Hiszpania
2026-01-10,,,WMI,SPC,2025-11-07,Warszawa,Polska,Palma,Hiszpania
2026-01-11,,,WMI,SPC,2025-11-07,Warszawa,Polska,Palma,Hiszpania
2026-01-12,,,WMI,SPC,2025-11-07,Warszawa,Polska,Palma,Hiszpania
2026-01-13,,,WMI,SPC,2025-11-07,Warszawa,Polska,Palma,Hiszpania
2026-01-14,,,WMI,SPC,2025-11-07,Warszawa,Polska,Palma,Hiszpania
2026-01-15,,,WMI,SPC,2025-11-07,Warszawa,Polska,Palma,Hiszpania
2026-01-16,,,WMI,SPC,2025-11-07,Warszawa,Polska,Palma,Hiszpania
2026-01-17,,,WMI,SPC,2025-11-07,Warszawa,Polska,Palma,Hiszpania
2026-01-18,,,WMI,SPC,2025-11-07,Warszawa,Polska,Palma,Hiszpania
2026-01-19,,,WMI,SPC,2025-11-07,Warszawa,Polska,Palma,Hiszpania
2026-01-20,,,WMI,SPC,2025-11-07,Warszawa,Polska,Palma,Hiszpania
2026-01-21,,,WMI,SPC,2025-11-07,Warszawa,Polska,Palma,Hiszpania
2026-01-22,,,WMI,SPC,2025-11-07,Warszawa,Polska,Palma,Hiszpania
2026-01-23,,,WMI,SPC,2025-11-07,Warszawa,Polska,Palma,Hiszpania
2026-01-24,,,WMI,SPC,2025-11-07,Warszawa,Polska,Palma,Hiszpania
2026-01-25,,,WMI,SPC,2025-11-07,Warszawa,Polska,Palma,Hiszpania
2026-01-26,,,WMI,SPC,2025-11-07,Warszawa,Polska,Palma,Hiszpania
2026-01-27,,,WMI,SPC,2025-11-07,Warszawa,Polska,Palma,Hiszpania
2026-01-28,,,WMI,SPC,2025-11-07,Warszawa,Polska,Palma,Hiszpania
2026-01-29,,,WMI,SPC,2025-11-07,Warszawa,Polska,Palma,Hiszpania
2026-01-30,,,WMI,SPC,2025-11-07,Warszawa,Polska,Palma,Hiszpania
2025-11-07,,,WMI,GRX,2025-11-07,Warszawa,Polska,Granada,Hiszpania
2025-11-08,,,WMI,GRX,2025-11-07,Warszawa,Polska,Granada,Hiszpania
2025-11-09,,,WMI,GRX,2025-11-07,Warszawa,Polska,Granada,Hiszpania
2025-11-10,,,WMI,GRX,2025-11-07,Warszawa,Polska,Granada,Hiszpania
2025-11-11,,,WMI,GRX,2025-11-07,Warszawa,Polska,Granada,Hiszpania
2025-11-12,,,WMI,GRX,2025-11-07,Warszawa,Polska,Granada,Hiszpania
2025-11-13,,,WMI,GRX,2025-11-07,Warszawa,Polska,Granada,Hiszpania
2025-11-14,,,WMI,GRX,2025-11-07,Warszawa,Polska,Granada,Hiszpania
2025-11-15,,,WMI,GRX,2025-11-07,Warszawa,Polska,Granada,Hiszpania
2025-11-16,,,WMI,GRX,2025-11-07,Warszawa,Polska,Granada,Hiszpania
2025-11-17,,,WMI,GRX,2025-11-07,Warszawa,Polska,Granada,Hiszpania
2025-11-18,,,WMI,GRX,2025-11-07,Warszawa,Polska,Granada,Hiszpania
2025-11-19,,,WMI,GRX,2025-11-07,Warszawa,Polska,Granada,Hiszpania
2025-11-20,,,WMI,GRX,2025-11-07,Warszawa,Polska,Granada,Hiszpania
2025-11-21,,,WMI,GRX,2025-11-07,Warszawa,Polska,Granada,Hiszpania
2025-11-22,,,WMI,GRX,2025-11-07,Warszawa,Polska,Granada,Hiszpania
2025-11-23,,,WMI,GRX,2025-11-07,Warszawa,Polska,Granada,Hiszpania
2025-11-24,,,WMI,GRX,2025-11-07,Warszawa,Polska,Granada,Hiszpania
2025-11-25,,,WMI,GRX,2025-11-07,Warszawa,Polska,Granada,Hiszpania
2025-11-26,,,WMI,GRX,2025-11-07,Warszawa,Polska,Granada,Hiszpania
2025-11-27,,,WMI,GRX,2025-11-07,Warszawa,Polska,Granada,Hiszpania
2025-11-28,,,WMI,GRX,2025-11-07,Warszawa,Polska,Granada,Hiszpania
2025-11-29,,,WMI,GRX,2025-11-07,Warszawa,Polska,Granada,Hiszpania
2025-11-30,,,WMI,GRX,2025-11-07,Warszawa,Polska,Granada,Hiszpania
2025-12-01,,,WMI,GRX,2025-11-07,Warszawa,Polska,Granada,Hiszpania
2025-12-02,,,WMI,GRX,2025-11-07,Warszawa,Polska,Granada,Hiszpania
2025-12-03,,,WMI,GRX,2025-11-07,Warszawa,Polska,Granada,Hiszpania
2025-12-04,,,WMI,GRX,2025-11-07,Warszawa,Polska,Granada,Hiszpania
2025-12-05,,,WMI,GRX,2025-11-07,Warszawa,Polska,Granada,Hiszpania
2025-12-06,,,WMI,GRX,2025-11-07,Warszawa,Polska,Granada,Hiszpania
2025-12-07,,,WMI,GRX,2025-11-07,Warszawa,Polska,Granada,Hiszpania
2025-12-08,,,WMI,GRX,2025-11-07,Warszawa,Polska,Granada,Hiszpania
2025-12-09,,,WMI,GRX,2025-11-07,Warszawa,Polska,Granada,Hiszpania
2025-12-10,,,WMI,GRX,2025-11-07,Warszawa,Polska,Granada,Hiszpania
2025-12-11,,,WMI,GRX,2025-11-07,Warszawa,Polska,Granada,Hiszpania
2025-12-12,,,WMI,GRX,2025-11-07,Warszawa,Polska,Granada,Hiszpania
2025-12-13,,,WMI,GRX,2025-11-07,Warszawa,Polska,Granada,Hiszpania
2025-12-14,,,WMI,GRX,2025-11-07,Warszawa,Polska,Granada,Hiszpania
2025-12-15,,,WMI,GRX,2025-11-07,Warszawa,Polska,Granada,Hiszpania
2025-12-16,,,WMI,GRX,2025-11-07,Warszawa,Polska,Granada,Hiszpania
2025-12-17,,,WMI,GRX,2025-11-07,Warszawa,Polska,Granada,Hiszpania
2025-12-18,,,WMI,GRX,2025-11-07,Warszawa,Polska,Granada,Hiszpania
2025-12-19,,,WMI,GRX,2025-11-07,Warszawa,Polska,Granada,Hiszpania
2025-12-20,,,WMI,GRX,2025-11-07,Warszawa,Polska,Granada,Hiszpania
2025-12-21,,,WMI,GRX,2025-11-07,Warszawa,Polska,Granada,Hiszpania
2025-12-22,,,WMI,GRX,2025-11-07,Warszawa,Polska,Granada,Hiszpania
2025-12-23,,,WMI,GRX,2025-11-07,Warszawa,Polska,Granada,Hiszpania
2025-12-24,,,WMI,GRX,2025-11-07,Warszawa,Polska,Granada,Hiszpania
2025-12-25,,,WMI,GRX,2025-11-07,Warszawa,Polska,Granada,Hiszpania
2025-12-26,,,WMI,GRX,2025-11-07,Warszawa,Polska,Granada,Hiszpania
2025-12-27,,,WMI,GRX,2025-11-07,Warszawa,Polska,Granada,Hiszpania
2025-12-28,,,WMI,GRX,2025-11-07,Warszawa,Polska,Granada,Hiszpania
2025-12-29,,,WMI,GRX,2025-11-07,Warszawa,Polska,Granada,Hiszpania
2025-12-30,,,WMI,GRX,2025-11-07,Warszawa,Polska,Granada,Hiszpania
2025-12-31,,,WMI,GRX,2025-11-07,Warszawa,Polska,Granada,Hiszpania
2026-01-01,,,WMI,GRX,2025-11-07,Warszawa,Polska,Granada,Hiszpania
2026-01-02,,,WMI,GRX,2025-11-07,Warszawa,Polska,Granada,Hiszpania
2026-01-03,,,WMI,GRX,2025-11-07,Warszawa,Polska,Granada,Hiszpania
2026-01-04,,,WMI,GRX,2025-11-07,Warszawa,Polska,Granada,Hiszpania
2026-01-05,,,WMI,GRX,2025-11-07,Warszawa,Polska,Granada,Hiszpania
2026-01-06,,,WMI,GRX,2025-11-07,Warszawa,Polska,Granada,Hiszpania
2026-01-07,,,WMI,GRX,2025-11-07,Warszawa,Polska,Granada,Hiszpania
2026-01-08,,,WMI,GRX,2025-11-07,Warszawa,Polska,Granada,Hiszpania
2026-01-09,,,WMI,GRX,2025-11-07,Warszawa,Polska,Granada,Hiszpania
2026-01-10,,,WMI,GRX,2025-11-07,Warszawa,Polska,Granada,Hiszpania
2026-01-11,,,WMI,GRX,2025-11-07,Warszawa,Polska,Granada,Hiszpania
2026-01-12,,,WMI,GRX,2025-11-07,Warszawa,Polska,Granada,Hiszpania
2026-01-13,,,WMI,GRX,2025-11-07,Warszawa,Polska,Granada,Hiszpania
2026-01-14,,,WMI,GRX,2025-11-07,Warszawa,Polska,Granada,Hiszpania
2026-01-15,,,WMI,GRX,2025-11-07,Warszawa,Polska,Granada,Hiszpania
2026-01-16,,,WMI,GRX,2025-11-07,Warszawa,Polska,Granada,Hiszpania
2026-01-17,,,WMI,GRX,2025-11-07,Warszawa,Polska,Granada,Hiszpania
2026-01-18,,,WMI,GRX,2025-11-07,Warszawa,Polska,Granada,Hiszpania
2026-01-19,,,WMI,GRX,2025-11-07,Warszawa,Polska,Granada,Hiszpania
2026-01-20,,,WMI,GRX,2025-11-07,Warszawa,Polska,Granada,Hiszpania
2026-01-21,,,WMI,GRX,2025-11-07,Warszawa,Polska,Granada,Hiszpania
2026-01-22,,,WMI,GRX,2025-11-07,Warszawa,Polska,Granada,Hiszpania
2026-01-23,,,WMI,GRX,2025-11-07,Warszawa,Polska,Granada,Hiszpania
2026-01-24,,,WMI,GRX,2025-11-07,Warszawa,Polska,Granada,Hiszpania
2026-01-25,,,WMI,GRX,2025-11-07,Warszawa,Polska,Granada,Hiszpania
2026-01-26,,,WMI,GRX,2025-11-07,Warszawa,Polska,Granada,Hiszpania
2026-01-27,,,WMI,GRX,2025-11-07,Warszawa,Polska,Granada,Hiszpania
2026-01-28,,,WMI,GRX,2025-11-07,Warszawa,Polska,Granada,Hiszpania
2026-01-29,,,WMI,GRX,2025-11-07,Warszawa,Polska,Granada,Hiszpania
2026-01-30,,,WMI,GRX,2025-11-07,Warszawa,Polska,Granada,Hiszpania
2025-11-07,,,WMI,FCO,2025-11-07,Warszawa,Polska,Rzym,Włochy
2025-11-08,,,WMI,FCO,2025-11-07,Warszawa,Polska,Rzym,Włochy
2025-11-09,,,WMI,FCO,2025-11-07,Warszawa,Polska,Rzym,Włochy
2025-11-10,,,WMI,FCO,2025-11-07,Warszawa,Polska,Rzym,Włochy
2025-11-11,,,WMI,FCO,2025-11-07,Warszawa,Polska,Rzym,Włochy
2025-11-12,,,WMI,FCO,2025-11-07,Warszawa,Polska,Rzym,Włochy
2025-11-13,,,WMI,FCO,2025-11-07,Warszawa,Polska,Rzym,Włochy
2025-11-14,,,WMI,FCO,2025-11-07,Warszawa,Polska,Rzym,Włochy
2025-11-15,,,WMI,FCO,2025-11-07,Warszawa,Polska,Rzym,Włochy
2025-11-16,,,WMI,FCO,2025-11-07,Warszawa,Polska,Rzym,Włochy
2025-11-17,,,WMI,FCO,2025-11-07,Warszawa,Polska,Rzym,Włochy
2025-11-18,,,WMI,FCO,2025-11-07,Warszawa,Polska,Rzym,Włochy
2025-11-19,,,WMI,FCO,2025-11-07,Warszawa,Polska,Rzym,Włochy
2025-11-20,,,WMI,FCO,2025-11-07,Warszawa,Polska,Rzym,Włochy
2025-11-21,,,WMI,FCO,2025-11-07,Warszawa,Polska,Rzym,Włochy
2025-11-22,,,WMI,FCO,2025-11-07,Warszawa,Polska,Rzym,Włochy
2025-11-23,,,WMI,FCO,2025-11-07,Warszawa,Polska,Rzym,Włochy
2025-11-24,,,WMI,FCO,2025-11-07,Warszawa,Polska,Rzym,Włochy
2025-11-25,,,WMI,FCO,2025-11-07,Warszawa,Polska,Rzym,Włochy
2025-11-26,,,WMI,FCO,2025-11-07,Warszawa,Polska,Rzym,Włochy
2025-11-27,,,WMI,FCO,2025-11-07,Warszawa,Polska,Rzym,Włochy
2025-11-28,,,WMI,FCO,2025-11-07,Warszawa,Polska,Rzym,Włochy
2025-11-29,,,WMI,FCO,2025-11-07,Warszawa,Polska,Rzym,Włochy
2025-11-30,,,WMI,FCO,2025-11-07,Warszawa,Polska,Rzym,Włochy
2025-12-01,,,WMI,FCO,2025-11-07,Warszawa,Polska,Rzym,Włochy
2025-12-02,,,WMI,FCO,2025-11-07,Warszawa,Polska,Rzym,Włochy
2025-12-03,,,WMI,FCO,2025-11-07,Warszawa,Polska,Rzym,Włochy
2025-12-04,,,WMI,FCO,2025-11-07,Warszawa,Polska,Rzym,Włochy
2025-12-05,,,WMI,FCO,2025-11-07,Warszawa,Polska,Rzym,Włochy
2025-12-06,,,WMI,FCO,2025-11-07,Warszawa,Polska,Rzym,Włochy
2025-12-07,,,WMI,FCO,2025-11-07,Warszawa,Polska,Rzym,Włochy
2025-12-08,,,WMI,FCO,2025-11-07,Warszawa,Polska,Rzym,Włochy
2025-12-09,,,WMI,FCO,2025-11-07,Warszawa,Polska,Rzym,Włochy
2025-12-10,,,WMI,FCO,2025-11-07,Warszawa,Polska,Rzym,Włochy
2025-12-11,,,WMI,FCO,2025-11-07,Warszawa,Polska,Rzym,Włochy
2025-12-12,,,WMI,FCO,2025-11-07,Warszawa,Polska,Rzym,Włochy
2025-12-13,,,WMI,FCO,2025-11-07,Warszawa,Polska,Rzym,Włochy
2025-12-14,,,WMI,FCO,2025-11-07,Warszawa,Polska,Rzym,Włochy
2025-12-15,,,WMI,FCO,2025-11-07,Warszawa,Polska,Rzym,Włochy
2025-12-16,,,WMI,FCO,2025-11-07,Warszawa,Polska,Rzym,Włochy
2025-12-17,,,WMI,FCO,2025-11-07,Warszawa,Polska,Rzym,Włochy
2025-12-18,,,WMI,FCO,2025-11-07,Warszawa,Polska,Rzym,Włochy
2025-12-19,,,WMI,FCO,2025-11-07,Warszawa,Polska,Rzym,Włochy
2025-12-20,,,WMI,FCO,2025-11-07,Warszawa,Polska,Rzym,Włochy
2025-12-21,,,WMI,FCO,2025-11-07,Warszawa,Polska,Rzym,Włochy
2025-12-22,,,WMI,FCO,2025-11-07,Warszawa,Polska,Rzym,Włochy
2025-12-23,,,WMI,FCO,2025-11-07,Warszawa,Polska,Rzym,Włochy
2025-12-24,,,WMI,FCO,2025-11-07,Warszawa,Polska,Rzym,Włochy
2025-12-25,,,WMI,FCO,2025-11-07,Warszawa,Polska,Rzym,Włochy
2025-12-26,,,WMI,FCO,2025-11-07,Warszawa,Polska,Rzym,Włochy
2025-12-27,,,WMI,FCO,2025-11-07,Warszawa,Polska,Rzym,Włochy
2025-12-28,,,WMI,FCO,2025-11-07,Warszawa,Polska,Rzym,Włochy
2025-12-29,,,WMI,FCO,2025-11-07,Warszawa,Polska,Rzym,Włochy
2025-12-30,,,WMI,FCO,2025-11-07,Warszawa,Polska,Rzym,Włochy
2025-12-31,,,WMI,FCO,2025-11-07,Warszawa,Polska,Rzym,Włochy
2026-01-01,,,WMI,FCO,2025-11-07,Warszawa,Polska,Rzym,Włochy
2026-01-02,,,WMI,FCO,2025-11-07,Warszawa,Polska,Rzym,Włochy
2026-01-03,,,WMI,FCO,2025-11-07,Warszawa,Polska,Rzym,Włochy
2026-01-04,,,WMI,FCO,2025-11-07,Warszawa,Polska,Rzym,Włochy
2026-01-05,,,WMI,FCO,2025-11-07,Warszawa,Polska,Rzym,Włochy
2026-01-06,,,WMI,FCO,2025-11-07,Warszawa,Polska,Rzym,Włochy
2026-01-07,,,WMI,FCO,2025-11-07,Warszawa,Polska,Rzym,Włochy
2026-01-08,,,WMI,FCO,2025-11-07,Warszawa,Polska,Rzym,Włochy
2026-01-09,,,WMI,FCO,2025-11-07,Warszawa,Polska,Rzym,Włochy
2026-01-10,,,WMI,FCO,2025-11-07,Warszawa,Polska,Rzym,Włochy
2026-01-11,,,WMI,FCO,2025-11-07,Warszawa,Polska,Rzym,Włochy
2026-01-12,,,WMI,FCO,2025-11-07,Warszawa,Polska,Rzym,Włochy
2026-01-13,,,WMI,FCO,2025-11-07,Warszawa,Polska,Rzym,Włochy
2026-01-14,,,WMI,FCO,2025-11-07,Warszawa,Polska,Rzym,Włochy
2026-01-15,,,WMI,FCO,2025-11-07,Warszawa,Polska,Rzym,Włochy
2026-01-16,,,WMI,FCO,2025-11-07,Warszawa,Polska,Rzym,Włochy
2026-01-17,,,WMI,FCO,2025-11-07,Warszawa,Polska,Rzym,Włochy
2026-01-18,,,WMI,FCO,2025-11-07,Warszawa,Polska,Rzym,Włochy
2026-01-19,,,WMI,FCO,2025-11-07,Warszawa,Polska,Rzym,Włochy
2026-01-20,,,WMI,FCO,2025-11-07,Warszawa,Polska,Rzym,Włochy
2026-01-21,,,WMI,FCO,2025-11-07,Warszawa,Polska,Rzym,Włochy
2026-01-22,,,WMI,FCO,2025-11-07,Warszawa,Polska,Rzym,Włochy
2026-01-23,,,WMI,FCO,2025-11-07,Warszawa,Polska,Rzym,Włochy
2026-01-24,,,WMI,FCO,2025-11-07,Warszawa,Polska,Rzym,Włochy
2026-01-25,,,WMI,FCO,2025-11-07,Warszawa,Polska,Rzym,Włochy
2026-01-26,,,WMI,FCO,2025-11-07,Warszawa,Polska,Rzym,Włochy
2026-01-27,,,WMI,FCO,2025-11-07,Warszawa,Polska,Rzym,Włochy
2026-01-28,,,WMI,FCO,2025-11-07,Warszawa,Polska,Rzym,Włochy
2026-01-29,,,WMI,FCO,2025-11-07,Warszawa,Polska,Rzym,Włochy
2026-01-30,,,WMI,FCO,2025-11-07,Warszawa,Polska,Rzym,Włochy
2025-11-09,,1408.0,WMI,CIA,2025-11-07,Warszawa,Polska,Rzym,Włochy
2025-11-10,,297.0,WMI,CIA,2025-11-07,Warszawa,Polska,Rzym,Włochy
2025-11-11,,240.0,WMI,CIA,2025-11-07,Warszawa,Polska,Rzym,Włochy
2025-11-12,,209.0,WMI,CIA,2025-11-07,Warszawa,Polska,Rzym,Włochy
2025-11-13,,209.0,WMI,CIA,2025-11-07,Warszawa,Polska,Rzym,Włochy
2025-11-14,,475.0,WMI,CIA,2025-11-07,Warszawa,Polska,Rzym,Włochy
2025-11-15,,205.0,WMI,CIA,2025-11-07,Warszawa,Polska,Rzym,Włochy
2025-11-16,,205.0,WMI,CIA,2025-11-07,Warszawa,Polska,Rzym,Włochy
2025-11-17,,104.0,WMI,CIA,2025-11-07,Warszawa,Polska,Rzym,Włochy
2025-11-18,,278.0,WMI,CIA,2025-11-07,Warszawa,Polska,Rzym,Włochy
2025-11-19,,146.0,WMI,CIA,2025-11-07,Warszawa,Polska,Rzym,Włochy
2025-11-20,,309.0,WMI,CIA,2025-11-07,Warszawa,Polska,Rzym,Włochy
2025-11-21,,205.0,WMI,CIA,2025-11-07,Warszawa,Polska,Rzym,Włochy
2025-11-22,,205.0,WMI,CIA,2025-11-07,Warszawa,Polska,Rzym,Włochy
2025-11-23,,232.0,WMI,CIA,2025-11-07,Warszawa,Polska,Rzym,Włochy
2025-11-24,,104.0,WMI,CIA,2025-11-07,Warszawa,Polska,Rzym,Włochy
2025-11-25,,169.0,WMI,CIA,2025-11-07,Warszawa,Polska,Rzym,Włochy
2025-11-26,,161.0,WMI,CIA,2025-11-07,Warszawa,Polska,Rzym,Włochy
2025-11-27,,161.0,WMI,CIA,2025-11-07,Warszawa,Polska,Rzym,Włochy
2025-11-28,,171.0,WMI,CIA,2025-11-07,Warszawa,Polska,Rzym,Włochy
2025-11-29,,205.0,WMI,CIA,2025-11-07,Warszawa,Polska,Rzym,Włochy
2025-11-30,,171.0,WMI,CIA,2025-11-07,Warszawa,Polska,Rzym,Włochy
2025-12-01,,104.0,WMI,CIA,2025-11-07,Warszawa,Polska,Rzym,Włochy
2025-12-02,,118.0,WMI,CIA,2025-11-07,Warszawa,Polska,Rzym,Włochy
2025-12-03,,104.0,WMI,CIA,2025-11-07,Warszawa,Polska,Rzym,Włochy
2025-12-04,,201.0,WMI,CIA,2025-11-07,Warszawa,Polska,Rzym,Włochy
2025-12-05,,324.0,WMI,CIA,2025-11-07,Warszawa,Polska,Rzym,Włochy
2025-12-06,,274.0,WMI,CIA,2025-11-07,Warszawa,Polska,Rzym,Włochy
2025-12-07,,244.0,WMI,CIA,2025-11-07,Warszawa,Polska,Rzym,Włochy
2025-12-08,,275.0,WMI,CIA,2025-11-07,Warszawa,Polska,Rzym,Włochy
2025-12-09,,230.0,WMI,CIA,2025-11-07,Warszawa,Polska,Rzym,Włochy
2025-12-10,,166.0,WMI,CIA,2025-11-07,Warszawa,Polska,Rzym,Włochy
2025-12-11,,357.0,WMI,CIA,2025-11-07,Warszawa,Polska,Rzym,Włochy
2025-12-12,,224.0,WMI,CIA,2025-11-07,Warszawa,Polska,Rzym,Włochy
2025-12-13,,201.0,WMI,CIA,2025-11-07,Warszawa,Polska,Rzym,Włochy
2025-12-14,,120.0,WMI,CIA,2025-11-07,Warszawa,Polska,Rzym,Włochy
2025-12-15,,146.0,WMI,CIA,2025-11-07,Warszawa,Polska,Rzym,Włochy
2025-12-16,,114.0,WMI,CIA,2025-11-07,Warszawa,Polska,Rzym,Włochy
2025-12-17,,104.0,WMI,CIA,2025-11-07,Warszawa,Polska,Rzym,Włochy
2025-12-18,,136.0,WMI,CIA,2025-11-07,Warszawa,Polska,Rzym,Włochy
2025-12-19,,171.0,WMI,CIA,2025-11-07,Warszawa,Polska,Rzym,Włochy
2025-12-20,,262.0,WMI,CIA,2025-11-07,Warszawa,Polska,Rzym,Włochy
2025-12-21,,319.0,WMI,CIA,2025-11-07,Warszawa,Polska,Rzym,Włochy
2025-12-22,,240.0,WMI,CIA,2025-11-07,Warszawa,Polska,Rzym,Włochy
2025-12-23,,382.0,WMI,CIA,2025-11-07,Warszawa,Polska,Rzym,Włochy
2025-12-24,,407.0,WMI,CIA,2025-11-07,Warszawa,Polska,Rzym,Włochy
2025-12-26,,378.0,WMI,CIA,2025-11-07,Warszawa,Polska,Rzym,Włochy
2025-12-27,,449.0,WMI,CIA,2025-11-07,Warszawa,Polska,Rzym,Włochy
2025-12-28,,605.0,WMI,CIA,2025-11-07,Warszawa,Polska,Rzym,Włochy
2025-12-29,,449.0,WMI,CIA,2025-11-07,Warszawa,Polska,Rzym,Włochy
2025-12-30,,594.0,WMI,CIA,2025-11-07,Warszawa,Polska,Rzym,Włochy
2025-12-31,,451.0,WMI,CIA,2025-11-07,Warszawa,Polska,Rzym,Włochy
2026-01-01,,304.0,WMI,CIA,2025-11-07,Warszawa,Polska,Rzym,Włochy
2026-01-02,,449.0,WMI,CIA,2025-11-07,Warszawa,Polska,Rzym,Włochy
2026-01-03,,357.0,WMI,CIA,2025-11-07,Warszawa,Polska,Rzym,Włochy
2026-01-04,,493.0,WMI,CIA,2025-11-07,Warszawa,Polska,Rzym,Włochy
2026-01-05,,171.0,WMI,CIA,2025-11-07,Warszawa,Polska,Rzym,Włochy
2026-01-06,,228.0,WMI,CIA,2025-11-07,Warszawa,Polska,Rzym,Włochy
2026-01-07,,279.0,WMI,CIA,2025-11-07,Warszawa,Polska,Rzym,Włochy
2026-01-08,,198.0,WMI,CIA,2025-11-07,Warszawa,Polska,Rzym,Włochy
2026-01-09,,368.0,WMI,CIA,2025-11-07,Warszawa,Polska,Rzym,Włochy
2026-01-10,,171.0,WMI,CIA,2025-11-07,Warszawa,Polska,Rzym,Włochy
2026-01-11,,171.0,WMI,CIA,2025-11-07,Warszawa,Polska,Rzym,Włochy
2026-01-12,,104.0,WMI,CIA,2025-11-07,Warszawa,Polska,Rzym,Włochy
2026-01-13,,104.0,WMI,CIA,2025-11-07,Warszawa,Polska,Rzym,Włochy
2026-01-14,,171.0,WMI,CIA,2025-11-07,Warszawa,Polska,Rzym,Włochy
2026-01-15,,240.0,WMI,CIA,2025-11-07,Warszawa,Polska,Rzym,Włochy
2026-01-16,,314.0,WMI,CIA,2025-11-07,Warszawa,Polska,Rzym,Włochy
2026-01-17,,304.0,WMI,CIA,2025-11-07,Warszawa,Polska,Rzym,Włochy
2026-01-18,,368.0,WMI,CIA,2025-11-07,Warszawa,Polska,Rzym,Włochy
2026-01-19,,198.0,WMI,CIA,2025-11-07,Warszawa,Polska,Rzym,Włochy
2026-01-20,,279.0,WMI,CIA,2025-11-07,Warszawa,Polska,Rzym,Włochy
2026-01-21,,357.0,WMI,CIA,2025-11-07,Warszawa,Polska,Rzym,Włochy
2026-01-22,,419.0,WMI,CIA,2025-11-07,Warszawa,Polska,Rzym,Włochy
2026-01-23,,205.0,WMI,CIA,2025-11-07,Warszawa,Polska,Rzym,Włochy
2026-01-24,,243.0,WMI,CIA,2025-11-07,Warszawa,Polska,Rzym,Włochy
2026-01-25,,240.0,WMI,CIA,2025-11-07,Warszawa,Polska,Rzym,Włochy
2026-01-26,,171.0,WMI,CIA,2025-11-07,Warszawa,Polska,Rzym,Włochy
2026-01-27,,201.0,WMI,CIA,2025-11-07,Warszawa,Polska,Rzym,Włochy
2026-01-28,,243.0,WMI,CIA,2025-11-07,Warszawa,Polska,Rzym,Włochy
2026-01-29,,205.0,WMI,CIA,2025-11-07,Warszawa,Polska,Rzym,Włochy
2026-01-30,,166.0,WMI,CIA,2025-11-07,Warszawa,Polska,Rzym,Włochy
2025-11-07,,,WMI,CIA,2025-11-07,Warszawa,Polska,Rzym,Włochy
2025-11-08,,,WMI,CIA,2025-11-07,Warszawa,Polska,Rzym,Włochy
2025-12-25,,,WMI,CIA,2025-11-07,Warszawa,Polska,Rzym,Włochy
2025-11-09,,1374.0,WMI,MXP,2025-11-07,Warszawa,Polska,Mediolan,Włochy
2025-11-10,,495.0,WMI,MXP,2025-11-07,Warszawa,Polska,Mediolan,Włochy
2025-11-11,,135.0,WMI,MXP,2025-11-07,Warszawa,Polska,Mediolan,Włochy
2025-11-12,,69.0,WMI,MXP,2025-11-07,Warszawa,Polska,Mediolan,Włochy
2025-11-13,,69.0,WMI,MXP,2025-11-07,Warszawa,Polska,Mediolan,Włochy
2025-11-14,,139.0,WMI,MXP,2025-11-07,Warszawa,Polska,Mediolan,Włochy
2025-11-15,,69.0,WMI,MXP,2025-11-07,Warszawa,Polska,Mediolan,Włochy
2025-11-16,,150.0,WMI,MXP,2025-11-07,Warszawa,Polska,Mediolan,Włochy
2025-11-17,,70.0,WMI,MXP,2025-11-07,Warszawa,Polska,Mediolan,Włochy
2025-11-18,,69.0,WMI,MXP,2025-11-07,Warszawa,Polska,Mediolan,Włochy
2025-11-19,,69.0,WMI,MXP,2025-11-07,Warszawa,Polska,Mediolan,Włochy
2025-11-20,,69.0,WMI,MXP,2025-11-07,Warszawa,Polska,Mediolan,Włochy
2025-11-21,,124.0,WMI,MXP,2025-11-07,Warszawa,Polska,Mediolan,Włochy
2025-11-22,,69.0,WMI,MXP,2025-11-07,Warszawa,Polska,Mediolan,Włochy
2025-11-23,,303.0,WMI,MXP,2025-11-07,Warszawa,Polska,Mediolan,Włochy
2025-11-24,,69.0,WMI,MXP,2025-11-07,Warszawa,Polska,Mediolan,Włochy
2025-11-25,,69.0,WMI,MXP,2025-11-07,Warszawa,Polska,Mediolan,Włochy
2025-11-26,,69.0,WMI,MXP,2025-11-07,Warszawa,Polska,Mediolan,Włochy
2025-11-27,,70.0,WMI,MXP,2025-11-07,Warszawa,Polska,Mediolan,Włochy
2025-11-28,,139.0,WMI,MXP,2025-11-07,Warszawa,Polska,Mediolan,Włochy
2025-11-29,,69.0,WMI,MXP,2025-11-07,Warszawa,Polska,Mediolan,Włochy
2025-11-30,,273.0,WMI,MXP,2025-11-07,Warszawa,Polska,Mediolan,Włochy
2025-12-01,,111.0,WMI,MXP,2025-11-07,Warszawa,Polska,Mediolan,Włochy
2025-12-02,,99.0,WMI,MXP,2025-11-07,Warszawa,Polska,Mediolan,Włochy
2025-12-03,,99.0,WMI,MXP,2025-11-07,Warszawa,Polska,Mediolan,Włochy
2025-12-04,,98.0,WMI,MXP,2025-11-07,Warszawa,Polska,Mediolan,Włochy
2025-12-05,,83.0,WMI,MXP,2025-11-07,Warszawa,Polska,Mediolan,Włochy
2025-12-06,,69.0,WMI,MXP,2025-11-07,Warszawa,Polska,Mediolan,Włochy
2025-12-07,,237.0,WMI,MXP,2025-11-07,Warszawa,Polska,Mediolan,Włochy
2025-12-08,,518.0,WMI,MXP,2025-11-07,Warszawa,Polska,Mediolan,Włochy
2025-12-09,,141.0,WMI,MXP,2025-11-07,Warszawa,Polska,Mediolan,Włochy
2025-12-10,,95.0,WMI,MXP,2025-11-07,Warszawa,Polska,Mediolan,Włochy
2025-12-11,,96.0,WMI,MXP,2025-11-07,Warszawa,Polska,Mediolan,Włochy
2025-12-12,,96.0,WMI,MXP,2025-11-07,Warszawa,Polska,Mediolan,Włochy
2025-12-13,,94.0,WMI,MXP,2025-11-07,Warszawa,Polska,Mediolan,Włochy
2025-12-14,,273.0,WMI,MXP,2025-11-07,Warszawa,Polska,Mediolan,Włochy
2025-12-15,,78.0,WMI,MXP,2025-11-07,Warszawa,Polska,Mediolan,Włochy
2025-12-16,,97.0,WMI,MXP,2025-11-07,Warszawa,Polska,Mediolan,Włochy
2025-12-17,,98.0,WMI,MXP,2025-11-07,Warszawa,Polska,Mediolan,Włochy
2025-12-18,,96.0,WMI,MXP,2025-11-07,Warszawa,Polska,Mediolan,Włochy
2025-12-19,,99.0,WMI,MXP,2025-11-07,Warszawa,Polska,Mediolan,Włochy
2025-12-20,,99.0,WMI,MXP,2025-11-07,Warszawa,Polska,Mediolan,Włochy
2025-12-21,,103.0,WMI,MXP,2025-11-07,Warszawa,Polska,Mediolan,Włochy
2025-12-22,,111.0,WMI,MXP,2025-11-07,Warszawa,Polska,Mediolan,Włochy
2025-12-23,,99.0,WMI,MXP,2025-11-07,Warszawa,Polska,Mediolan,Włochy
2025-12-26,,124.0,WMI,MXP,2025-11-07,Warszawa,Polska,Mediolan,Włochy
2025-12-27,,158.0,WMI,MXP,2025-11-07,Warszawa,Polska,Mediolan,Włochy
2025-12-28,,274.0,WMI,MXP,2025-11-07,Warszawa,Polska,Mediolan,Włochy
2025-12-29,,230.0,WMI,MXP,2025-11-07,Warszawa,Polska,Mediolan,Włochy
2025-12-30,,240.0,WMI,MXP,2025-11-07,Warszawa,Polska,Mediolan,Włochy
2025-12-31,,246.0,WMI,MXP,2025-11-07,Warszawa,Polska,Mediolan,Włochy
2026-01-01,,453.0,WMI,MXP,2025-11-07,Warszawa,Polska,Mediolan,Włochy
2026-01-02,,444.0,WMI,MXP,2025-11-07,Warszawa,Polska,Mediolan,Włochy
2026-01-03,,558.0,WMI,MXP,2025-11-07,Warszawa,Polska,Mediolan,Włochy
2026-01-04,,558.0,WMI,MXP,2025-11-07,Warszawa,Polska,Mediolan,Włochy
2026-01-05,,240.0,WMI,MXP,2025-11-07,Warszawa,Polska,Mediolan,Włochy
2026-01-06,,175.0,WMI,MXP,2025-11-07,Warszawa,Polska,Mediolan,Włochy
2026-01-07,,96.0,WMI,MXP,2025-11-07,Warszawa,Polska,Mediolan,Włochy
2026-01-08,,95.0,WMI,MXP,2025-11-07,Warszawa,Polska,Mediolan,Włochy
2026-01-09,,95.0,WMI,MXP,2025-11-07,Warszawa,Polska,Mediolan,Włochy
2026-01-10,,95.0,WMI,MXP,2025-11-07,Warszawa,Polska,Mediolan,Włochy
2026-01-11,,101.0,WMI,MXP,2025-11-07,Warszawa,Polska,Mediolan,Włochy
2026-01-12,,95.0,WMI,MXP,2025-11-07,Warszawa,Polska,Mediolan,Włochy
2026-01-13,,95.0,WMI,MXP,2025-11-07,Warszawa,Polska,Mediolan,Włochy
2026-01-14,,95.0,WMI,MXP,2025-11-07,Warszawa,Polska,Mediolan,Włochy
2026-01-15,,95.0,WMI,MXP,2025-11-07,Warszawa,Polska,Mediolan,Włochy
2026-01-16,,95.0,WMI,MXP,2025-11-07,Warszawa,Polska,Mediolan,Włochy
2026-01-17,,143.0,WMI,MXP,2025-11-07,Warszawa,Polska,Mediolan,Włochy
2026-01-18,,96.0,WMI,MXP,2025-11-07,Warszawa,Polska,Mediolan,Włochy
2026-01-19,,95.0,WMI,MXP,2025-11-07,Warszawa,Polska,Mediolan,Włochy
2026-01-20,,102.0,WMI,MXP,2025-11-07,Warszawa,Polska,Mediolan,Włochy
2026-01-21,,95.0,WMI,MXP,2025-11-07,Warszawa,Polska,Mediolan,Włochy
2026-01-22,,95.0,WMI,MXP,2025-11-07,Warszawa,Polska,Mediolan,Włochy
2026-01-23,,98.0,WMI,MXP,2025-11-07,Warszawa,Polska,Mediolan,Włochy
2026-01-24,,95.0,WMI,MXP,2025-11-07,Warszawa,Polska,Mediolan,Włochy
2026-01-25,,95.0,WMI,MXP,2025-11-07,Warszawa,Polska,Mediolan,Włochy
2026-01-26,,95.0,WMI,MXP,2025-11-07,Warszawa,Polska,Mediolan,Włochy
2026-01-27,,95.0,WMI,MXP,2025-11-07,Warszawa,Polska,Mediolan,Włochy
2026-01-28,,95.0,WMI,MXP,2025-11-07,Warszawa,Polska,Mediolan,Włochy
2026-01-29,,95.0,WMI,MXP,2025-11-07,Warszawa,Polska,Mediolan,Włochy
2026-01-30,,95.0,WMI,MXP,2025-11-07,Warszawa,Polska,Mediolan,Włochy
2025-11-07,,,WMI,MXP,2025-11-07,Warszawa,Polska,Mediolan,Włochy
2025-11-08,,,WMI,MXP,2025-11-07,Warszawa,Polska,Mediolan,Włochy
2025-12-24,,,WMI,MXP,2025-11-07,Warszawa,Polska,Mediolan,Włochy
2025-12-25,,,WMI,MXP,2025-11-07,Warszawa,Polska,Mediolan,Włochy
2025-11-10,,935.0,WMI,BGY,2025-11-07,Warszawa,Polska,Mediolan,Włochy
2025-11-13,,107.0,WMI,BGY,2025-11-07,Warszawa,Polska,Mediolan,Włochy
2025-11-14,,107.0,WMI,BGY,2025-11-07,Warszawa,Polska,Mediolan,Włochy
2025-11-15,,69.0,WMI,BGY,2025-11-07,Warszawa,Polska,Mediolan,Włochy
2025-11-16,,69.0,WMI,BGY,2025-11-07,Warszawa,Polska,Mediolan,Włochy
2025-11-17,,69.0,WMI,BGY,2025-11-07,Warszawa,Polska,Mediolan,Włochy
2025-11-18,,69.0,WMI,BGY,2025-11-07,Warszawa,Polska,Mediolan,Włochy
2025-11-19,,69.0,WMI,BGY,2025-11-07,Warszawa,Polska,Mediolan,Włochy
2025-11-20,,69.0,WMI,BGY,2025-11-07,Warszawa,Polska,Mediolan,Włochy
2025-11-21,,124.0,WMI,BGY,2025-11-07,Warszawa,Polska,Mediolan,Włochy
2025-11-22,,72.0,WMI,BGY,2025-11-07,Warszawa,Polska,Mediolan,Włochy
2025-11-23,,69.0,WMI,BGY,2025-11-07,Warszawa,Polska,Mediolan,Włochy
2025-11-24,,69.0,WMI,BGY,2025-11-07,Warszawa,Polska,Mediolan,Włochy
2025-11-25,,69.0,WMI,BGY,2025-11-07,Warszawa,Polska,Mediolan,Włochy
2025-11-26,,69.0,WMI,BGY,2025-11-07,Warszawa,Polska,Mediolan,Włochy
2025-11-27,,69.0,WMI,BGY,2025-11-07,Warszawa,Polska,Mediolan,Włochy
2025-11-28,,103.0,WMI,BGY,2025-11-07,Warszawa,Polska,Mediolan,Włochy
2025-11-29,,69.0,WMI,BGY,2025-11-07,Warszawa,Polska,Mediolan,Włochy
2025-11-30,,69.0,WMI,BGY,2025-11-07,Warszawa,Polska,Mediolan,Włochy
2025-12-01,,69.0,WMI,BGY,2025-11-07,Warszawa,Polska,Mediolan,Włochy
2025-12-02,,89.0,WMI,BGY,2025-11-07,Warszawa,Polska,Mediolan,Włochy
2025-12-03,,69.0,WMI,BGY,2025-11-07,Warszawa,Polska,Mediolan,Włochy
2025-12-04,,79.0,WMI,BGY,2025-11-07,Warszawa,Polska,Mediolan,Włochy
2025-12-05,,103.0,WMI,BGY,2025-11-07,Warszawa,Polska,Mediolan,Włochy
2025-12-06,,95.0,WMI,BGY,2025-11-07,Warszawa,Polska,Mediolan,Włochy
2025-12-07,,85.0,WMI,BGY,2025-11-07,Warszawa,Polska,Mediolan,Włochy
2025-12-08,,402.0,WMI,BGY,2025-11-07,Warszawa,Polska,Mediolan,Włochy
2025-12-09,,116.0,WMI,BGY,2025-11-07,Warszawa,Polska,Mediolan,Włochy
2025-12-10,,97.0,WMI,BGY,2025-11-07,Warszawa,Polska,Mediolan,Włochy
2025-12-11,,89.0,WMI,BGY,2025-11-07,Warszawa,Polska,Mediolan,Włochy
2025-12-12,,80.0,WMI,BGY,2025-11-07,Warszawa,Polska,Mediolan,Włochy
2025-12-13,,95.0,WMI,BGY,2025-11-07,Warszawa,Polska,Mediolan,Włochy
2025-12-14,,69.0,WMI,BGY,2025-11-07,Warszawa,Polska,Mediolan,Włochy
2025-12-15,,84.0,WMI,BGY,2025-11-07,Warszawa,Polska,Mediolan,Włochy
2025-12-16,,69.0,WMI,BGY,2025-11-07,Warszawa,Polska,Mediolan,Włochy
2025-12-17,,89.0,WMI,BGY,2025-11-07,Warszawa,Polska,Mediolan,Włochy
2025-12-18,,81.0,WMI,BGY,2025-11-07,Warszawa,Polska,Mediolan,Włochy
2025-12-19,,89.0,WMI,BGY,2025-11-07,Warszawa,Polska,Mediolan,Włochy
2025-12-20,,89.0,WMI,BGY,2025-11-07,Warszawa,Polska,Mediolan,Włochy
2025-12-21,,89.0,WMI,BGY,2025-11-07,Warszawa,Polska,Mediolan,Włochy
2025-12-22,,89.0,WMI,BGY,2025-11-07,Warszawa,Polska,Mediolan,Włochy
2025-12-23,,89.0,WMI,BGY,2025-11-07,Warszawa,Polska,Mediolan,Włochy
2025-12-24,,96.0,WMI,BGY,2025-11-07,Warszawa,Polska,Mediolan,Włochy
2025-12-25,,99.0,WMI,BGY,2025-11-07,Warszawa,Polska,Mediolan,Włochy
2025-12-26,,96.0,WMI,BGY,2025-11-07,Warszawa,Polska,Mediolan,Włochy
2025-12-27,,201.0,WMI,BGY,2025-11-07,Warszawa,Polska,Mediolan,Włochy
2025-12-28,,229.0,WMI,BGY,2025-11-07,Warszawa,Polska,Mediolan,Włochy
2025-12-29,,240.0,WMI,BGY,2025-11-07,Warszawa,Polska,Mediolan,Włochy
2025-12-30,,229.0,WMI,BGY,2025-11-07,Warszawa,Polska,Mediolan,Włochy
2025-12-31,,265.0,WMI,BGY,2025-11-07,Warszawa,Polska,Mediolan,Włochy
2026-01-01,,150.0,WMI,BGY,2025-11-07,Warszawa,Polska,Mediolan,Włochy
2026-01-02,,316.0,WMI,BGY,2025-11-07,Warszawa,Polska,Mediolan,Włochy
2026-01-03,,316.0,WMI,BGY,2025-11-07,Warszawa,Polska,Mediolan,Włochy
2026-01-04,,205.0,WMI,BGY,2025-11-07,Warszawa,Polska,Mediolan,Włochy
2026-01-05,,179.0,WMI,BGY,2025-11-07,Warszawa,Polska,Mediolan,Włochy
2026-01-06,,150.0,WMI,BGY,2025-11-07,Warszawa,Polska,Mediolan,Włochy
2026-01-07,,89.0,WMI,BGY,2025-11-07,Warszawa,Polska,Mediolan,Włochy
2026-01-08,,89.0,WMI,BGY,2025-11-07,Warszawa,Polska,Mediolan,Włochy
2026-01-09,,89.0,WMI,BGY,2025-11-07,Warszawa,Polska,Mediolan,Włochy
2026-01-10,,89.0,WMI,BGY,2025-11-07,Warszawa,Polska,Mediolan,Włochy
2026-01-11,,89.0,WMI,BGY,2025-11-07,Warszawa,Polska,Mediolan,Włochy
2026-01-12,,89.0,WMI,BGY,2025-11-07,Warszawa,Polska,Mediolan,Włochy
2026-01-13,,89.0,WMI,BGY,2025-11-07,Warszawa,Polska,Mediolan,Włochy
2026-01-14,,89.0,WMI,BGY,2025-11-07,Warszawa,Polska,Mediolan,Włochy
2026-01-15,,89.0,WMI,BGY,2025-11-07,Warszawa,Polska,Mediolan,Włochy
2026-01-16,,95.0,WMI,BGY,2025-11-07,Warszawa,Polska,Mediolan,Włochy
2026-01-17,,309.0,WMI,BGY,2025-11-07,Warszawa,Polska,Mediolan,Włochy
2026-01-18,,175.0,WMI,BGY,2025-11-07,Warszawa,Polska,Mediolan,Włochy
2026-01-19,,109.0,WMI,BGY,2025-11-07,Warszawa,Polska,Mediolan,Włochy
2026-01-20,,89.0,WMI,BGY,2025-11-07,Warszawa,Polska,Mediolan,Włochy
2026-01-21,,89.0,WMI,BGY,2025-11-07,Warszawa,Polska,Mediolan,Włochy
2026-01-22,,89.0,WMI,BGY,2025-11-07,Warszawa,Polska,Mediolan,Włochy
2026-01-23,,89.0,WMI,BGY,2025-11-07,Warszawa,Polska,Mediolan,Włochy
2026-01-24,,205.0,WMI,BGY,2025-11-07,Warszawa,Polska,Mediolan,Włochy
2026-01-25,,209.0,WMI,BGY,2025-11-07,Warszawa,Polska,Mediolan,Włochy
2026-01-26,,89.0,WMI,BGY,2025-11-07,Warszawa,Polska,Mediolan,Włochy
2026-01-27,,89.0,WMI,BGY,2025-11-07,Warszawa,Polska,Mediolan,Włochy
2026-01-28,,89.0,WMI,BGY,2025-11-07,Warszawa,Polska,Mediolan,Włochy
2026-01-29,,89.0,WMI,BGY,2025-11-07,Warszawa,Polska,Mediolan,Włochy
2026-01-30,,89.0,WMI,BGY,2025-11-07,Warszawa,Polska,Mediolan,Włochy
2025-11-07,,,WMI,BGY,2025-11-07,Warszawa,Polska,Mediolan,Włochy
2025-11-08,,,WMI,BGY,2025-11-07,Warszawa,Polska,Mediolan,Włochy
2025-11-09,,,WMI,BGY,2025-11-07,Warszawa,Polska,Mediolan,Włochy
2025-11-11,,,WMI,BGY,2025-11-07,Warszawa,Polska,Mediolan,Włochy
2025-11-12,,,WMI,BGY,2025-11-07,Warszawa,Polska,Mediolan,Włochy
2025-11-07,,,WMI,VCE,2025-11-07,Warszawa,Polska,Wenecja,Włochy
2025-11-08,,,WMI,VCE,2025-11-07,Warszawa,Polska,Wenecja,Włochy
2025-11-09,,,WMI,VCE,2025-11-07,Warszawa,Polska,Wenecja,Włochy
2025-11-10,,,WMI,VCE,2025-11-07,Warszawa,Polska,Wenecja,Włochy
2025-11-11,,,WMI,VCE,2025-11-07,Warszawa,Polska,Wenecja,Włochy
2025-11-12,,,WMI,VCE,2025-11-07,Warszawa,Polska,Wenecja,Włochy
2025-11-13,,,WMI,VCE,2025-11-07,Warszawa,Polska,Wenecja,Włochy
2025-11-14,,,WMI,VCE,2025-11-07,Warszawa,Polska,Wenecja,Włochy
2025-11-15,,,WMI,VCE,2025-11-07,Warszawa,Polska,Wenecja,Włochy
2025-11-16,,,WMI,VCE,2025-11-07,Warszawa,Polska,Wenecja,Włochy
2025-11-17,,,WMI,VCE,2025-11-07,Warszawa,Polska,Wenecja,Włochy
2025-11-18,,,WMI,VCE,2025-11-07,Warszawa,Polska,Wenecja,Włochy
2025-11-19,,,WMI,VCE,2025-11-07,Warszawa,Polska,Wenecja,Włochy
2025-11-20,,,WMI,VCE,2025-11-07,Warszawa,Polska,Wenecja,Włochy
2025-11-21,,,WMI,VCE,2025-11-07,Warszawa,Polska,Wenecja,Włochy
2025-11-22,,,WMI,VCE,2025-11-07,Warszawa,Polska,Wenecja,Włochy
2025-11-23,,,WMI,VCE,2025-11-07,Warszawa,Polska,Wenecja,Włochy
2025-11-24,,,WMI,VCE,2025-11-07,Warszawa,Polska,Wenecja,Włochy
2025-11-25,,,WMI,VCE,2025-11-07,Warszawa,Polska,Wenecja,Włochy
2025-11-26,,,WMI,VCE,2025-11-07,Warszawa,Polska,Wenecja,Włochy
2025-11-27,,,WMI,VCE,2025-11-07,Warszawa,Polska,Wenecja,Włochy
2025-11-28,,,WMI,VCE,2025-11-07,Warszawa,Polska,Wenecja,Włochy
2025-11-29,,,WMI,VCE,2025-11-07,Warszawa,Polska,Wenecja,Włochy
2025-11-30,,,WMI,VCE,2025-11-07,Warszawa,Polska,Wenecja,Włochy
2025-12-01,,,WMI,VCE,2025-11-07,Warszawa,Polska,Wenecja,Włochy
2025-12-02,,,WMI,VCE,2025-11-07,Warszawa,Polska,Wenecja,Włochy
2025-12-03,,,WMI,VCE,2025-11-07,Warszawa,Polska,Wenecja,Włochy
2025-12-04,,,WMI,VCE,2025-11-07,Warszawa,Polska,Wenecja,Włochy
2025-12-05,,,WMI,VCE,2025-11-07,Warszawa,Polska,Wenecja,Włochy
2025-12-06,,,WMI,VCE,2025-11-07,Warszawa,Polska,Wenecja,Włochy
2025-12-07,,,WMI,VCE,2025-11-07,Warszawa,Polska,Wenecja,Włochy
2025-12-08,,,WMI,VCE,2025-11-07,Warszawa,Polska,Wenecja,Włochy
2025-12-09,,,WMI,VCE,2025-11-07,Warszawa,Polska,Wenecja,Włochy
2025-12-10,,,WMI,VCE,2025-11-07,Warszawa,Polska,Wenecja,Włochy
2025-12-11,,,WMI,VCE,2025-11-07,Warszawa,Polska,Wenecja,Włochy
2025-12-12,,,WMI,VCE,2025-11-07,Warszawa,Polska,Wenecja,Włochy
2025-12-13,,,WMI,VCE,2025-11-07,Warszawa,Polska,Wenecja,Włochy
2025-12-14,,,WMI,VCE,2025-11-07,Warszawa,Polska,Wenecja,Włochy
2025-12-15,,,WMI,VCE,2025-11-07,Warszawa,Polska,Wenecja,Włochy
2025-12-16,,,WMI,VCE,2025-11-07,Warszawa,Polska,Wenecja,Włochy
2025-12-17,,,WMI,VCE,2025-11-07,Warszawa,Polska,Wenecja,Włochy
2025-12-18,,,WMI,VCE,2025-11-07,Warszawa,Polska,Wenecja,Włochy
2025-12-19,,,WMI,VCE,2025-11-07,Warszawa,Polska,Wenecja,Włochy
2025-12-20,,,WMI,VCE,2025-11-07,Warszawa,Polska,Wenecja,Włochy
2025-12-21,,,WMI,VCE,2025-11-07,Warszawa,Polska,Wenecja,Włochy
2025-12-22,,,WMI,VCE,2025-11-07,Warszawa,Polska,Wenecja,Włochy
2025-12-23,,,WMI,VCE,2025-11-07,Warszawa,Polska,Wenecja,Włochy
2025-12-24,,,WMI,VCE,2025-11-07,Warszawa,Polska,Wenecja,Włochy
2025-12-25,,,WMI,VCE,2025-11-07,Warszawa,Polska,Wenecja,Włochy
2025-12-26,,,WMI,VCE,2025-11-07,Warszawa,Polska,Wenecja,Włochy
2025-12-27,,,WMI,VCE,2025-11-07,Warszawa,Polska,Wenecja,Włochy
2025-12-28,,,WMI,VCE,2025-11-07,Warszawa,Polska,Wenecja,Włochy
2025-12-29,,,WMI,VCE,2025-11-07,Warszawa,Polska,Wenecja,Włochy
2025-12-30,,,WMI,VCE,2025-11-07,Warszawa,Polska,Wenecja,Włochy
2025-12-31,,,WMI,VCE,2025-11-07,Warszawa,Polska,Wenecja,Włochy
2026-01-01,,,WMI,VCE,2025-11-07,Warszawa,Polska,Wenecja,Włochy
2026-01-02,,,WMI,VCE,2025-11-07,Warszawa,Polska,Wenecja,Włochy
2026-01-03,,,WMI,VCE,2025-11-07,Warszawa,Polska,Wenecja,Włochy
2026-01-04,,,WMI,VCE,2025-11-07,Warszawa,Polska,Wenecja,Włochy
2026-01-05,,,WMI,VCE,2025-11-07,Warszawa,Polska,Wenecja,Włochy
2026-01-06,,,WMI,VCE,2025-11-07,Warszawa,Polska,Wenecja,Włochy
2026-01-07,,,WMI,VCE,2025-11-07,Warszawa,Polska,Wenecja,Włochy
2026-01-08,,,WMI,VCE,2025-11-07,Warszawa,Polska,Wenecja,Włochy
2026-01-09,,,WMI,VCE,2025-11-07,Warszawa,Polska,Wenecja,Włochy
2026-01-10,,,WMI,VCE,2025-11-07,Warszawa,Polska,Wenecja,Włochy
2026-01-11,,,WMI,VCE,2025-11-07,Warszawa,Polska,Wenecja,Włochy
2026-01-12,,,WMI,VCE,2025-11-07,Warszawa,Polska,Wenecja,Włochy
2026-01-13,,,WMI,VCE,2025-11-07,Warszawa,Polska,Wenecja,Włochy
2026-01-14,,,WMI,VCE,2025-11-07,Warszawa,Polska,Wenecja,Włochy
2026-01-15,,,WMI,VCE,2025-11-07,Warszawa,Polska,Wenecja,Włochy
2026-01-16,,,WMI,VCE,2025-11-07,Warszawa,Polska,Wenecja,Włochy
2026-01-17,,,WMI,VCE,2025-11-07,Warszawa,Polska,Wenecja,Włochy
2026-01-18,,,WMI,VCE,2025-11-07,Warszawa,Polska,Wenecja,Włochy
2026-01-19,,,WMI,VCE,2025-11-07,Warszawa,Polska,Wenecja,Włochy
2026-01-20,,,WMI,VCE,2025-11-07,Warszawa,Polska,Wenecja,Włochy
2026-01-21,,,WMI,VCE,2025-11-07,Warszawa,Polska,Wenecja,Włochy
2026-01-22,,,WMI,VCE,2025-11-07,Warszawa,Polska,Wenecja,Włochy
2026-01-23,,,WMI,VCE,2025-11-07,Warszawa,Polska,Wenecja,Włochy
2026-01-24,,,WMI,VCE,2025-11-07,Warszawa,Polska,Wenecja,Włochy
2026-01-25,,,WMI,VCE,2025-11-07,Warszawa,Polska,Wenecja,Włochy
2026-01-26,,,WMI,VCE,2025-11-07,Warszawa,Polska,Wenecja,Włochy
2026-01-27,,,WMI,VCE,2025-11-07,Warszawa,Polska,Wenecja,Włochy
2026-01-28,,,WMI,VCE,2025-11-07,Warszawa,Polska,Wenecja,Włochy
2026-01-29,,,WMI,VCE,2025-11-07,Warszawa,Polska,Wenecja,Włochy
2026-01-30,,,WMI,VCE,2025-11-07,Warszawa,Polska,Wenecja,Włochy
2025-11-07,,,WMI,FLR,2025-11-07,Warszawa,Polska,Florencja,Włochy
2025-11-08,,,WMI,FLR,2025-11-07,Warszawa,Polska,Florencja,Włochy
2025-11-09,,,WMI,FLR,2025-11-07,Warszawa,Polska,Florencja,Włochy
2025-11-10,,,WMI,FLR,2025-11-07,Warszawa,Polska,Florencja,Włochy
2025-11-11,,,WMI,FLR,2025-11-07,Warszawa,Polska,Florencja,Włochy
2025-11-12,,,WMI,FLR,2025-11-07,Warszawa,Polska,Florencja,Włochy
2025-11-13,,,WMI,FLR,2025-11-07,Warszawa,Polska,Florencja,Włochy
2025-11-14,,,WMI,FLR,2025-11-07,Warszawa,Polska,Florencja,Włochy
2025-11-15,,,WMI,FLR,2025-11-07,Warszawa,Polska,Florencja,Włochy
2025-11-16,,,WMI,FLR,2025-11-07,Warszawa,Polska,Florencja,Włochy
2025-11-17,,,WMI,FLR,2025-11-07,Warszawa,Polska,Florencja,Włochy
2025-11-18,,,WMI,FLR,2025-11-07,Warszawa,Polska,Florencja,Włochy
2025-11-19,,,WMI,FLR,2025-11-07,Warszawa,Polska,Florencja,Włochy
2025-11-20,,,WMI,FLR,2025-11-07,Warszawa,Polska,Florencja,Włochy
2025-11-21,,,WMI,FLR,2025-11-07,Warszawa,Polska,Florencja,Włochy
2025-11-22,,,WMI,FLR,2025-11-07,Warszawa,Polska,Florencja,Włochy
2025-11-23,,,WMI,FLR,2025-11-07,Warszawa,Polska,Florencja,Włochy
2025-11-24,,,WMI,FLR,2025-11-07,Warszawa,Polska,Florencja,Włochy
2025-11-25,,,WMI,FLR,2025-11-07,Warszawa,Polska,Florencja,Włochy
2025-11-26,,,WMI,FLR,2025-11-07,Warszawa,Polska,Florencja,Włochy
2025-11-27,,,WMI,FLR,2025-11-07,Warszawa,Polska,Florencja,Włochy
2025-11-28,,,WMI,FLR,2025-11-07,Warszawa,Polska,Florencja,Włochy
2025-11-29,,,WMI,FLR,2025-11-07,Warszawa,Polska,Florencja,Włochy
2025-11-30,,,WMI,FLR,2025-11-07,Warszawa,Polska,Florencja,Włochy
2025-12-01,,,WMI,FLR,2025-11-07,Warszawa,Polska,Florencja,Włochy
2025-12-02,,,WMI,FLR,2025-11-07,Warszawa,Polska,Florencja,Włochy
2025-12-03,,,WMI,FLR,2025-11-07,Warszawa,Polska,Florencja,Włochy
2025-12-04,,,WMI,FLR,2025-11-07,Warszawa,Polska,Florencja,Włochy
2025-12-05,,,WMI,FLR,2025-11-07,Warszawa,Polska,Florencja,Włochy
2025-12-06,,,WMI,FLR,2025-11-07,Warszawa,Polska,Florencja,Włochy
2025-12-07,,,WMI,FLR,2025-11-07,Warszawa,Polska,Florencja,Włochy
2025-12-08,,,WMI,FLR,2025-11-07,Warszawa,Polska,Florencja,Włochy
2025-12-09,,,WMI,FLR,2025-11-07,Warszawa,Polska,Florencja,Włochy
2025-12-10,,,WMI,FLR,2025-11-07,Warszawa,Polska,Florencja,Włochy
2025-12-11,,,WMI,FLR,2025-11-07,Warszawa,Polska,Florencja,Włochy
2025-12-12,,,WMI,FLR,2025-11-07,Warszawa,Polska,Florencja,Włochy
2025-12-13,,,WMI,FLR,2025-11-07,Warszawa,Polska,Florencja,Włochy
2025-12-14,,,WMI,FLR,2025-11-07,Warszawa,Polska,Florencja,Włochy
2025-12-15,,,WMI,FLR,2025-11-07,Warszawa,Polska,Florencja,Włochy
2025-12-16,,,WMI,FLR,2025-11-07,Warszawa,Polska,Florencja,Włochy
2025-12-17,,,WMI,FLR,2025-11-07,Warszawa,Polska,Florencja,Włochy
2025-12-18,,,WMI,FLR,2025-11-07,Warszawa,Polska,Florencja,Włochy
2025-12-19,,,WMI,FLR,2025-11-07,Warszawa,Polska,Florencja,Włochy
2025-12-20,,,WMI,FLR,2025-11-07,Warszawa,Polska,Florencja,Włochy
2025-12-21,,,WMI,FLR,2025-11-07,Warszawa,Polska,Florencja,Włochy
2025-12-22,,,WMI,FLR,2025-11-07,Warszawa,Polska,Florencja,Włochy
2025-12-23,,,WMI,FLR,2025-11-07,Warszawa,Polska,Florencja,Włochy
2025-12-24,,,WMI,FLR,2025-11-07,Warszawa,Polska,Florencja,Włochy
2025-12-25,,,WMI,FLR,2025-11-07,Warszawa,Polska,Florencja,Włochy
2025-12-26,,,WMI,FLR,2025-11-07,Warszawa,Polska,Florencja,Włochy
2025-12-27,,,WMI,FLR,2025-11-07,Warszawa,Polska,Florencja,Włochy
2025-12-28,,,WMI,FLR,2025-11-07,Warszawa,Polska,Florencja,Włochy
2025-12-29,,,WMI,FLR,2025-11-07,Warszawa,Polska,Florencja,Włochy
2025-12-30,,,WMI,FLR,2025-11-07,Warszawa,Polska,Florencja,Włochy
2025-12-31,,,WMI,FLR,2025-11-07,Warszawa,Polska,Florencja,Włochy
2026-01-01,,,WMI,FLR,2025-11-07,Warszawa,Polska,Florencja,Włochy
2026-01-02,,,WMI,FLR,2025-11-07,Warszawa,Polska,Florencja,Włochy
2026-01-03,,,WMI,FLR,2025-11-07,Warszawa,Polska,Florencja,Włochy
2026-01-04,,,WMI,FLR,2025-11-07,Warszawa,Polska,Florencja,Włochy
2026-01-05,,,WMI,FLR,2025-11-07,Warszawa,Polska,Florencja,Włochy
2026-01-06,,,WMI,FLR,2025-11-07,Warszawa,Polska,Florencja,Włochy
2026-01-07,,,WMI,FLR,2025-11-07,Warszawa,Polska,Florencja,Włochy
2026-01-08,,,WMI,FLR,2025-11-07,Warszawa,Polska,Florencja,Włochy
2026-01-09,,,WMI,FLR,2025-11-07,Warszawa,Polska,Florencja,Włochy
2026-01-10,,,WMI,FLR,2025-11-07,Warszawa,Polska,Florencja,Włochy
2026-01-11,,,WMI,FLR,2025-11-07,Warszawa,Polska,Florencja,Włochy
2026-01-12,,,WMI,FLR,2025-11-07,Warszawa,Polska,Florencja,Włochy
2026-01-13,,,WMI,FLR,2025-11-07,Warszawa,Polska,Florencja,Włochy
2026-01-14,,,WMI,FLR,2025-11-07,Warszawa,Polska,Florencja,Włochy
2026-01-15,,,WMI,FLR,2025-11-07,Warszawa,Polska,Florencja,Włochy
2026-01-16,,,WMI,FLR,2025-11-07,Warszawa,Polska,Florencja,Włochy
2026-01-17,,,WMI,FLR,2025-11-07,Warszawa,Polska,Florencja,Włochy
2026-01-18,,,WMI,FLR,2025-11-07,Warszawa,Polska,Florencja,Włochy
2026-01-19,,,WMI,FLR,2025-11-07,Warszawa,Polska,Florencja,Włochy
2026-01-20,,,WMI,FLR,2025-11-07,Warszawa,Polska,Florencja,Włochy
2026-01-21,,,WMI,FLR,2025-11-07,Warszawa,Polska,Florencja,Włochy
2026-01-22,,,WMI,FLR,2025-11-07,Warszawa,Polska,Florencja,Włochy
2026-01-23,,,WMI,FLR,2025-11-07,Warszawa,Polska,Florencja,Włochy
2026-01-24,,,WMI,FLR,2025-11-07,Warszawa,Polska,Florencja,Włochy
2026-01-25,,,WMI,FLR,2025-11-07,Warszawa,Polska,Florencja,Włochy
2026-01-26,,,WMI,FLR,2025-11-07,Warszawa,Polska,Florencja,Włochy
2026-01-27,,,WMI,FLR,2025-11-07,Warszawa,Polska,Florencja,Włochy
2026-01-28,,,WMI,FLR,2025-11-07,Warszawa,Polska,Florencja,Włochy
2026-01-29,,,WMI,FLR,2025-11-07,Warszawa,Polska,Florencja,Włochy
2026-01-30,,,WMI,FLR,2025-11-07,Warszawa,Polska,Florencja,Włochy
2025-11-07,,,WMI,TRN,2025-11-07,Warszawa,Polska,Turyn,Włochy
2025-11-08,,,WMI,TRN,2025-11-07,Warszawa,Polska,Turyn,Włochy
2025-11-09,,,WMI,TRN,2025-11-07,Warszawa,Polska,Turyn,Włochy
2025-11-10,,,WMI,TRN,2025-11-07,Warszawa,Polska,Turyn,Włochy
2025-11-11,,,WMI,TRN,2025-11-07,Warszawa,Polska,Turyn,Włochy
2025-11-12,,,WMI,TRN,2025-11-07,Warszawa,Polska,Turyn,Włochy
2025-11-13,,,WMI,TRN,2025-11-07,Warszawa,Polska,Turyn,Włochy
2025-11-14,,,WMI,TRN,2025-11-07,Warszawa,Polska,Turyn,Włochy
2025-11-15,,,WMI,TRN,2025-11-07,Warszawa,Polska,Turyn,Włochy
2025-11-16,,,WMI,TRN,2025-11-07,Warszawa,Polska,Turyn,Włochy
2025-11-17,,,WMI,TRN,2025-11-07,Warszawa,Polska,Turyn,Włochy
2025-11-18,,,WMI,TRN,2025-11-07,Warszawa,Polska,Turyn,Włochy
2025-11-19,,,WMI,TRN,2025-11-07,Warszawa,Polska,Turyn,Włochy
2025-11-20,,,WMI,TRN,2025-11-07,Warszawa,Polska,Turyn,Włochy
2025-11-21,,,WMI,TRN,2025-11-07,Warszawa,Polska,Turyn,Włochy
2025-11-22,,,WMI,TRN,2025-11-07,Warszawa,Polska,Turyn,Włochy
2025-11-23,,,WMI,TRN,2025-11-07,Warszawa,Polska,Turyn,Włochy
2025-11-24,,,WMI,TRN,2025-11-07,Warszawa,Polska,Turyn,Włochy
2025-11-25,,,WMI,TRN,2025-11-07,Warszawa,Polska,Turyn,Włochy
2025-11-26,,,WMI,TRN,2025-11-07,Warszawa,Polska,Turyn,Włochy
2025-11-27,,,WMI,TRN,2025-11-07,Warszawa,Polska,Turyn,Włochy
2025-11-28,,,WMI,TRN,2025-11-07,Warszawa,Polska,Turyn,Włochy
2025-11-29,,,WMI,TRN,2025-11-07,Warszawa,Polska,Turyn,Włochy
2025-11-30,,,WMI,TRN,2025-11-07,Warszawa,Polska,Turyn,Włochy
2025-12-01,,,WMI,TRN,2025-11-07,Warszawa,Polska,Turyn,Włochy
2025-12-02,,,WMI,TRN,2025-11-07,Warszawa,Polska,Turyn,Włochy
2025-12-03,,,WMI,TRN,2025-11-07,Warszawa,Polska,Turyn,Włochy
2025-12-04,,,WMI,TRN,2025-11-07,Warszawa,Polska,Turyn,Włochy
2025-12-05,,,WMI,TRN,2025-11-07,Warszawa,Polska,Turyn,Włochy
2025-12-06,,,WMI,TRN,2025-11-07,Warszawa,Polska,Turyn,Włochy
2025-12-07,,,WMI,TRN,2025-11-07,Warszawa,Polska,Turyn,Włochy
2025-12-08,,,WMI,TRN,2025-11-07,Warszawa,Polska,Turyn,Włochy
2025-12-09,,,WMI,TRN,2025-11-07,Warszawa,Polska,Turyn,Włochy
2025-12-10,,,WMI,TRN,2025-11-07,Warszawa,Polska,Turyn,Włochy
2025-12-11,,,WMI,TRN,2025-11-07,Warszawa,Polska,Turyn,Włochy
2025-12-12,,,WMI,TRN,2025-11-07,Warszawa,Polska,Turyn,Włochy
2025-12-13,,,WMI,TRN,2025-11-07,Warszawa,Polska,Turyn,Włochy
2025-12-14,,,WMI,TRN,2025-11-07,Warszawa,Polska,Turyn,Włochy
2025-12-15,,,WMI,TRN,2025-11-07,Warszawa,Polska,Turyn,Włochy
2025-12-16,,,WMI,TRN,2025-11-07,Warszawa,Polska,Turyn,Włochy
2025-12-17,,,WMI,TRN,2025-11-07,Warszawa,Polska,Turyn,Włochy
2025-12-18,,,WMI,TRN,2025-11-07,Warszawa,Polska,Turyn,Włochy
2025-12-19,,,WMI,TRN,2025-11-07,Warszawa,Polska,Turyn,Włochy
2025-12-20,,,WMI,TRN,2025-11-07,Warszawa,Polska,Turyn,Włochy
2025-12-21,,,WMI,TRN,2025-11-07,Warszawa,Polska,Turyn,Włochy
2025-12-22,,,WMI,TRN,2025-11-07,Warszawa,Polska,Turyn,Włochy
2025-12-23,,,WMI,TRN,2025-11-07,Warszawa,Polska,Turyn,Włochy
2025-12-24,,,WMI,TRN,2025-11-07,Warszawa,Polska,Turyn,Włochy
2025-12-25,,,WMI,TRN,2025-11-07,Warszawa,Polska,Turyn,Włochy
2025-12-26,,,WMI,TRN,2025-11-07,Warszawa,Polska,Turyn,Włochy
2025-12-27,,,WMI,TRN,2025-11-07,Warszawa,Polska,Turyn,Włochy
2025-12-28,,,WMI,TRN,2025-11-07,Warszawa,Polska,Turyn,Włochy
2025-12-29,,,WMI,TRN,2025-11-07,Warszawa,Polska,Turyn,Włochy
2025-12-30,,,WMI,TRN,2025-11-07,Warszawa,Polska,Turyn,Włochy
2025-12-31,,,WMI,TRN,2025-11-07,Warszawa,Polska,Turyn,Włochy
2026-01-01,,,WMI,TRN,2025-11-07,Warszawa,Polska,Turyn,Włochy
2026-01-02,,,WMI,TRN,2025-11-07,Warszawa,Polska,Turyn,Włochy
2026-01-03,,,WMI,TRN,2025-11-07,Warszawa,Polska,Turyn,Włochy
2026-01-04,,,WMI,TRN,2025-11-07,Warszawa,Polska,Turyn,Włochy
2026-01-05,,,WMI,TRN,2025-11-07,Warszawa,Polska,Turyn,Włochy
2026-01-06,,,WMI,TRN,2025-11-07,Warszawa,Polska,Turyn,Włochy
2026-01-07,,,WMI,TRN,2025-11-07,Warszawa,Polska,Turyn,Włochy
2026-01-08,,,WMI,TRN,2025-11-07,Warszawa,Polska,Turyn,Włochy
2026-01-09,,,WMI,TRN,2025-11-07,Warszawa,Polska,Turyn,Włochy
2026-01-10,,,WMI,TRN,2025-11-07,Warszawa,Polska,Turyn,Włochy
2026-01-11,,,WMI,TRN,2025-11-07,Warszawa,Polska,Turyn,Włochy
2026-01-12,,,WMI,TRN,2025-11-07,Warszawa,Polska,Turyn,Włochy
2026-01-13,,,WMI,TRN,2025-11-07,Warszawa,Polska,Turyn,Włochy
2026-01-14,,,WMI,TRN,2025-11-07,Warszawa,Polska,Turyn,Włochy
2026-01-15,,,WMI,TRN,2025-11-07,Warszawa,Polska,Turyn,Włochy
2026-01-16,,,WMI,TRN,2025-11-07,Warszawa,Polska,Turyn,Włochy
2026-01-17,,,WMI,TRN,2025-11-07,Warszawa,Polska,Turyn,Włochy
2026-01-18,,,WMI,TRN,2025-11-07,Warszawa,Polska,Turyn,Włochy
2026-01-19,,,WMI,TRN,2025-11-07,Warszawa,Polska,Turyn,Włochy
2026-01-20,,,WMI,TRN,2025-11-07,Warszawa,Polska,Turyn,Włochy
2026-01-21,,,WMI,TRN,2025-11-07,Warszawa,Polska,Turyn,Włochy
2026-01-22,,,WMI,TRN,2025-11-07,Warszawa,Polska,Turyn,Włochy
2026-01-23,,,WMI,TRN,2025-11-07,Warszawa,Polska,Turyn,Włochy
2026-01-24,,,WMI,TRN,2025-11-07,Warszawa,Polska,Turyn,Włochy
2026-01-25,,,WMI,TRN,2025-11-07,Warszawa,Polska,Turyn,Włochy
2026-01-26,,,WMI,TRN,2025-11-07,Warszawa,Polska,Turyn,Włochy
2026-01-27,,,WMI,TRN,2025-11-07,Warszawa,Polska,Turyn,Włochy
2026-01-28,,,WMI,TRN,2025-11-07,Warszawa,Polska,Turyn,Włochy
2026-01-29,,,WMI,TRN,2025-11-07,Warszawa,Polska,Turyn,Włochy
2026-01-30,,,WMI,TRN,2025-11-07,Warszawa,Polska,Turyn,Włochy
2025-11-10,,659.0,WMI,BRI,2025-11-07,Warszawa,Polska,Bari,Włochy
2025-11-14,,170.0,WMI,BRI,2025-11-07,Warszawa,Polska,Bari,Włochy
2025-11-15,,179.0,WMI,BRI,2025-11-07,Warszawa,Polska,Bari,Włochy
2025-11-17,,119.0,WMI,BRI,2025-11-07,Warszawa,Polska,Bari,Włochy
2025-11-20,,119.0,WMI,BRI,2025-11-07,Warszawa,Polska,Bari,Włochy
2025-11-21,,119.0,WMI,BRI,2025-11-07,Warszawa,Polska,Bari,Włochy
2025-11-22,,200.0,WMI,BRI,2025-11-07,Warszawa,Polska,Bari,Włochy
2025-11-24,,116.0,WMI,BRI,2025-11-07,Warszawa,Polska,Bari,Włochy
2025-11-27,,119.0,WMI,BRI,2025-11-07,Warszawa,Polska,Bari,Włochy
2025-11-28,,119.0,WMI,BRI,2025-11-07,Warszawa,Polska,Bari,Włochy
2025-11-29,,277.0,WMI,BRI,2025-11-07,Warszawa,Polska,Bari,Włochy
2025-12-01,,221.0,WMI,BRI,2025-11-07,Warszawa,Polska,Bari,Włochy
2025-12-04,,103.0,WMI,BRI,2025-11-07,Warszawa,Polska,Bari,Włochy
2025-12-05,,119.0,WMI,BRI,2025-11-07,Warszawa,Polska,Bari,Włochy
2025-12-06,,132.0,WMI,BRI,2025-11-07,Warszawa,Polska,Bari,Włochy
2025-12-08,,680.0,WMI,BRI,2025-11-07,Warszawa,Polska,Bari,Włochy
2025-12-11,,200.0,WMI,BRI,2025-11-07,Warszawa,Polska,Bari,Włochy
2025-12-12,,332.0,WMI,BRI,2025-11-07,Warszawa,Polska,Bari,Włochy
2025-12-13,,226.0,WMI,BRI,2025-11-07,Warszawa,Polska,Bari,Włochy
2025-12-15,,184.0,WMI,BRI,2025-11-07,Warszawa,Polska,Bari,Włochy
2025-12-18,,238.0,WMI,BRI,2025-11-07,Warszawa,Polska,Bari,Włochy
2025-12-19,,149.0,WMI,BRI,2025-11-07,Warszawa,Polska,Bari,Włochy
2025-12-20,,170.0,WMI,BRI,2025-11-07,Warszawa,Polska,Bari,Włochy
2025-12-22,,294.0,WMI,BRI,2025-11-07,Warszawa,Polska,Bari,Włochy
2025-12-23,,311.0,WMI,BRI,2025-11-07,Warszawa,Polska,Bari,Włochy
2025-12-26,,442.0,WMI,BRI,2025-11-07,Warszawa,Polska,Bari,Włochy
2025-12-27,,485.0,WMI,BRI,2025-11-07,Warszawa,Polska,Bari,Włochy
2025-12-29,,370.0,WMI,BRI,2025-11-07,Warszawa,Polska,Bari,Włochy
2025-12-30,,549.0,WMI,BRI,2025-11-07,Warszawa,Polska,Bari,Włochy
2026-01-01,,141.0,WMI,BRI,2025-11-07,Warszawa,Polska,Bari,Włochy
2026-01-02,,311.0,WMI,BRI,2025-11-07,Warszawa,Polska,Bari,Włochy
2026-01-03,,332.0,WMI,BRI,2025-11-07,Warszawa,Polska,Bari,Włochy
2026-01-05,,353.0,WMI,BRI,2025-11-07,Warszawa,Polska,Bari,Włochy
2026-01-09,,204.0,WMI,BRI,2025-11-07,Warszawa,Polska,Bari,Włochy
2026-01-12,,124.0,WMI,BRI,2025-11-07,Warszawa,Polska,Bari,Włochy
2026-01-16,,329.0,WMI,BRI,2025-11-07,Warszawa,Polska,Bari,Włochy
2026-01-19,,196.0,WMI,BRI,2025-11-07,Warszawa,Polska,Bari,Włochy
2026-01-23,,271.0,WMI,BRI,2025-11-07,Warszawa,Polska,Bari,Włochy
2026-01-26,,112.0,WMI,BRI,2025-11-07,Warszawa,Polska,Bari,Włochy
2026-01-30,,119.0,WMI,BRI,2025-11-07,Warszawa,Polska,Bari,Włochy
2025-11-07,,,WMI,BRI,2025-11-07,Warszawa,Polska,Bari,Włochy
2025-11-08,,,WMI,BRI,2025-11-07,Warszawa,Polska,Bari,Włochy
2025-11-09,,,WMI,BRI,2025-11-07,Warszawa,Polska,Bari,Włochy
2025-11-11,,,WMI,BRI,2025-11-07,Warszawa,Polska,Bari,Włochy
2025-11-12,,,WMI,BRI,2025-11-07,Warszawa,Polska,Bari,Włochy
2025-11-13,,,WMI,BRI,2025-11-07,Warszawa,Polska,Bari,Włochy
2025-11-16,,,WMI,BRI,2025-11-07,Warszawa,Polska,Bari,Włochy
2025-11-18,,,WMI,BRI,2025-11-07,Warszawa,Polska,Bari,Włochy
2025-11-19,,,WMI,BRI,2025-11-07,Warszawa,Polska,Bari,Włochy
2025-11-23,,,WMI,BRI,2025-11-07,Warszawa,Polska,Bari,Włochy
2025-11-25,,,WMI,BRI,2025-11-07,Warszawa,Polska,Bari,Włochy
2025-11-26,,,WMI,BRI,2025-11-07,Warszawa,Polska,Bari,Włochy
2025-11-30,,,WMI,BRI,2025-11-07,Warszawa,Polska,Bari,Włochy
2025-12-02,,,WMI,BRI,2025-11-07,Warszawa,Polska,Bari,Włochy
2025-12-03,,,WMI,BRI,2025-11-07,Warszawa,Polska,Bari,Włochy
2025-12-07,,,WMI,BRI,2025-11-07,Warszawa,Polska,Bari,Włochy
2025-12-09,,,WMI,BRI,2025-11-07,Warszawa,Polska,Bari,Włochy
2025-12-10,,,WMI,BRI,2025-11-07,Warszawa,Polska,Bari,Włochy
2025-12-14,,,WMI,BRI,2025-11-07,Warszawa,Polska,Bari,Włochy
2025-12-16,,,WMI,BRI,2025-11-07,Warszawa,Polska,Bari,Włochy
2025-12-17,,,WMI,BRI,2025-11-07,Warszawa,Polska,Bari,Włochy
2025-12-21,,,WMI,BRI,2025-11-07,Warszawa,Polska,Bari,Włochy
2025-12-24,,,WMI,BRI,2025-11-07,Warszawa,Polska,Bari,Włochy
2025-12-25,,,WMI,BRI,2025-11-07,Warszawa,Polska,Bari,Włochy
2025-12-28,,,WMI,BRI,2025-11-07,Warszawa,Polska,Bari,Włochy
2025-12-31,,,WMI,BRI,2025-11-07,Warszawa,Polska,Bari,Włochy
2026-01-04,,,WMI,BRI,2025-11-07,Warszawa,Polska,Bari,Włochy
2026-01-06,,,WMI,BRI,2025-11-07,Warszawa,Polska,Bari,Włochy
2026-01-07,,,WMI,BRI,2025-11-07,Warszawa,Polska,Bari,Włochy
2026-01-08,,,WMI,BRI,2025-11-07,Warszawa,Polska,Bari,Włochy
2026-01-10,,,WMI,BRI,2025-11-07,Warszawa,Polska,Bari,Włochy
2026-01-11,,,WMI,BRI,2025-11-07,Warszawa,Polska,Bari,Włochy
2026-01-13,,,WMI,BRI,2025-11-07,Warszawa,Polska,Bari,Włochy
2026-01-14,,,WMI,BRI,2025-11-07,Warszawa,Polska,Bari,Włochy
2026-01-15,,,WMI,BRI,2025-11-07,Warszawa,Polska,Bari,Włochy
2026-01-17,,,WMI,BRI,2025-11-07,Warszawa,Polska,Bari,Włochy
2026-01-18,,,WMI,BRI,2025-11-07,Warszawa,Polska,Bari,Włochy
2026-01-20,,,WMI,BRI,2025-11-07,Warszawa,Polska,Bari,Włochy
2026-01-21,,,WMI,BRI,2025-11-07,Warszawa,Polska,Bari,Włochy
2026-01-22,,,WMI,BRI,2025-11-07,Warszawa,Polska,Bari,Włochy
2026-01-24,,,WMI,BRI,2025-11-07,Warszawa,Polska,Bari,Włochy
2026-01-25,,,WMI,BRI,2025-11-07,Warszawa,Polska,Bari,Włochy
2026-01-27,,,WMI,BRI,2025-11-07,Warszawa,Polska,Bari,Włochy
2026-01-28,,,WMI,BRI,2025-11-07,Warszawa,Polska,Bari,Włochy
2026-01-29,,,WMI,BRI,2025-11-07,Warszawa,Polska,Bari,Włochy
2025-11-15,,470.0,WMI,PMO,2025-11-07,Warszawa,Polska,Palermo,Włochy
2025-11-16,,256.0,WMI,PMO,2025-11-07,Warszawa,Polska,Palermo,Włochy
2025-11-17,,218.0,WMI,PMO,2025-11-07,Warszawa,Polska,Palermo,Włochy
2025-11-18,,133.0,WMI,PMO,2025-11-07,Warszawa,Polska,Palermo,Włochy
2025-11-20,,333.0,WMI,PMO,2025-11-07,Warszawa,Polska,Palermo,Włochy
2025-11-22,,208.0,WMI,PMO,2025-11-07,Warszawa,Polska,Palermo,Włochy
2025-11-23,,352.0,WMI,PMO,2025-11-07,Warszawa,Polska,Palermo,Włochy
2025-11-24,,133.0,WMI,PMO,2025-11-07,Warszawa,Polska,Palermo,Włochy
2025-11-25,,69.0,WMI,PMO,2025-11-07,Warszawa,Polska,Palermo,Włochy
2025-11-27,,324.0,WMI,PMO,2025-11-07,Warszawa,Polska,Palermo,Włochy
2025-11-29,,204.0,WMI,PMO,2025-11-07,Warszawa,Polska,Palermo,Włochy
2025-11-30,,129.0,WMI,PMO,2025-11-07,Warszawa,Polska,Palermo,Włochy
2025-12-01,,135.0,WMI,PMO,2025-11-07,Warszawa,Polska,Palermo,Włochy
2025-12-02,,69.0,WMI,PMO,2025-11-07,Warszawa,Polska,Palermo,Włochy
2025-12-04,,312.0,WMI,PMO,2025-11-07,Warszawa,Polska,Palermo,Włochy
2025-12-06,,164.0,WMI,PMO,2025-11-07,Warszawa,Polska,Palermo,Włochy
2025-12-07,,129.0,WMI,PMO,2025-11-07,Warszawa,Polska,Palermo,Włochy
2025-12-08,,150.0,WMI,PMO,2025-11-07,Warszawa,Polska,Palermo,Włochy
2025-12-09,,69.0,WMI,PMO,2025-11-07,Warszawa,Polska,Palermo,Włochy
2025-12-11,,206.0,WMI,PMO,2025-11-07,Warszawa,Polska,Palermo,Włochy
2025-12-13,,154.0,WMI,PMO,2025-11-07,Warszawa,Polska,Palermo,Włochy
2025-12-14,,169.0,WMI,PMO,2025-11-07,Warszawa,Polska,Palermo,Włochy
2025-12-15,,154.0,WMI,PMO,2025-11-07,Warszawa,Polska,Palermo,Włochy
2025-12-16,,154.0,WMI,PMO,2025-11-07,Warszawa,Polska,Palermo,Włochy
2025-12-18,,159.0,WMI,PMO,2025-11-07,Warszawa,Polska,Palermo,Włochy
2025-12-20,,249.0,WMI,PMO,2025-11-07,Warszawa,Polska,Palermo,Włochy
2025-12-21,,244.0,WMI,PMO,2025-11-07,Warszawa,Polska,Palermo,Włochy
2025-12-22,,402.0,WMI,PMO,2025-11-07,Warszawa,Polska,Palermo,Włochy
2025-12-23,,299.0,WMI,PMO,2025-11-07,Warszawa,Polska,Palermo,Włochy
2025-12-25,,449.0,WMI,PMO,2025-11-07,Warszawa,Polska,Palermo,Włochy
2025-12-27,,519.0,WMI,PMO,2025-11-07,Warszawa,Polska,Palermo,Włochy
2025-12-28,,553.0,WMI,PMO,2025-11-07,Warszawa,Polska,Palermo,Włochy
2025-12-29,,470.0,WMI,PMO,2025-11-07,Warszawa,Polska,Palermo,Włochy
2025-12-30,,449.0,WMI,PMO,2025-11-07,Warszawa,Polska,Palermo,Włochy
2026-01-01,,359.0,WMI,PMO,2025-11-07,Warszawa,Polska,Palermo,Włochy
2026-01-03,,291.0,WMI,PMO,2025-11-07,Warszawa,Polska,Palermo,Włochy
2026-01-04,,624.0,WMI,PMO,2025-11-07,Warszawa,Polska,Palermo,Włochy
2026-01-05,,184.0,WMI,PMO,2025-11-07,Warszawa,Polska,Palermo,Włochy
2026-01-06,,154.0,WMI,PMO,2025-11-07,Warszawa,Polska,Palermo,Włochy
2026-01-08,,95.0,WMI,PMO,2025-11-07,Warszawa,Polska,Palermo,Włochy
2026-01-10,,159.0,WMI,PMO,2025-11-07,Warszawa,Polska,Palermo,Włochy
2026-01-11,,624.0,WMI,PMO,2025-11-07,Warszawa,Polska,Palermo,Włochy
2026-01-12,,521.0,WMI,PMO,2025-11-07,Warszawa,Polska,Palermo,Włochy
2026-01-13,,159.0,WMI,PMO,2025-11-07,Warszawa,Polska,Palermo,Włochy
2026-01-15,,159.0,WMI,PMO,2025-11-07,Warszawa,Polska,Palermo,Włochy
2026-01-17,,359.0,WMI,PMO,2025-11-07,Warszawa,Polska,Palermo,Włochy
2026-01-18,,624.0,WMI,PMO,2025-11-07,Warszawa,Polska,Palermo,Włochy
2026-01-19,,184.0,WMI,PMO,2025-11-07,Warszawa,Polska,Palermo,Włochy
2026-01-20,,219.0,WMI,PMO,2025-11-07,Warszawa,Polska,Palermo,Włochy
2026-01-22,,159.0,WMI,PMO,2025-11-07,Warszawa,Polska,Palermo,Włochy
2026-01-24,,209.0,WMI,PMO,2025-11-07,Warszawa,Polska,Palermo,Włochy
2026-01-25,,624.0,WMI,PMO,2025-11-07,Warszawa,Polska,Palermo,Włochy
2026-01-26,,427.0,WMI,PMO,2025-11-07,Warszawa,Polska,Palermo,Włochy
2026-01-27,,159.0,WMI,PMO,2025-11-07,Warszawa,Polska,Palermo,Włochy
2026-01-29,,159.0,WMI,PMO,2025-11-07,Warszawa,Polska,Palermo,Włochy
2025-11-07,,,WMI,PMO,2025-11-07,Warszawa,Polska,Palermo,Włochy
2025-11-08,,,WMI,PMO,2025-11-07,Warszawa,Polska,Palermo,Włochy
2025-11-09,,,WMI,PMO,2025-11-07,Warszawa,Polska,Palermo,Włochy
2025-11-10,,,WMI,PMO,2025-11-07,Warszawa,Polska,Palermo,Włochy
2025-11-11,,,WMI,PMO,2025-11-07,Warszawa,Polska,Palermo,Włochy
2025-11-12,,,WMI,PMO,2025-11-07,Warszawa,Polska,Palermo,Włochy
2025-11-13,,,WMI,PMO,2025-11-07,Warszawa,Polska,Palermo,Włochy
2025-11-14,,,WMI,PMO,2025-11-07,Warszawa,Polska,Palermo,Włochy
2025-11-19,,,WMI,PMO,2025-11-07,Warszawa,Polska,Palermo,Włochy
2025-11-21,,,WMI,PMO,2025-11-07,Warszawa,Polska,Palermo,Włochy
2025-11-26,,,WMI,PMO,2025-11-07,Warszawa,Polska,Palermo,Włochy
2025-11-28,,,WMI,PMO,2025-11-07,Warszawa,Polska,Palermo,Włochy
2025-12-03,,,WMI,PMO,2025-11-07,Warszawa,Polska,Palermo,Włochy
2025-12-05,,,WMI,PMO,2025-11-07,Warszawa,Polska,Palermo,Włochy
2025-12-10,,,WMI,PMO,2025-11-07,Warszawa,Polska,Palermo,Włochy
2025-12-12,,,WMI,PMO,2025-11-07,Warszawa,Polska,Palermo,Włochy
2025-12-17,,,WMI,PMO,2025-11-07,Warszawa,Polska,Palermo,Włochy
2025-12-19,,,WMI,PMO,2025-11-07,Warszawa,Polska,Palermo,Włochy
2025-12-24,,,WMI,PMO,2025-11-07,Warszawa,Polska,Palermo,Włochy
2025-12-26,,,WMI,PMO,2025-11-07,Warszawa,Polska,Palermo,Włochy
2025-12-31,,,WMI,PMO,2025-11-07,Warszawa,Polska,Palermo,Włochy
2026-01-02,,,WMI,PMO,2025-11-07,Warszawa,Polska,Palermo,Włochy
2026-01-07,,,WMI,PMO,2025-11-07,Warszawa,Polska,Palermo,Włochy
2026-01-09,,,WMI,PMO,2025-11-07,Warszawa,Polska,Palermo,Włochy
2026-01-14,,,WMI,PMO,2025-11-07,Warszawa,Polska,Palermo,Włochy
2026-01-16,,,WMI,PMO,2025-11-07,Warszawa,Polska,Palermo,Włochy
2026-01-21,,,WMI,PMO,2025-11-07,Warszawa,Polska,Palermo,Włochy
2026-01-23,,,WMI,PMO,2025-11-07,Warszawa,Polska,Palermo,Włochy
2026-01-28,,,WMI,PMO,2025-11-07,Warszawa,Polska,Palermo,Włochy
2026-01-30,,,WMI,PMO,2025-11-07,Warszawa,Polska,Palermo,Włochy
2025-11-07,,,WMI,CTA,2025-11-07,Warszawa,Polska,Katania,Włochy
2025-11-08,,,WMI,CTA,2025-11-07,Warszawa,Polska,Katania,Włochy
2025-11-09,,,WMI,CTA,2025-11-07,Warszawa,Polska,Katania,Włochy
2025-11-10,,,WMI,CTA,2025-11-07,Warszawa,Polska,Katania,Włochy
2025-11-11,,,WMI,CTA,2025-11-07,Warszawa,Polska,Katania,Włochy
2025-11-12,,,WMI,CTA,2025-11-07,Warszawa,Polska,Katania,Włochy
2025-11-13,,,WMI,CTA,2025-11-07,Warszawa,Polska,Katania,Włochy
2025-11-14,,,WMI,CTA,2025-11-07,Warszawa,Polska,Katania,Włochy
2025-11-15,,,WMI,CTA,2025-11-07,Warszawa,Polska,Katania,Włochy
2025-11-16,,,WMI,CTA,2025-11-07,Warszawa,Polska,Katania,Włochy
2025-11-17,,,WMI,CTA,2025-11-07,Warszawa,Polska,Katania,Włochy
2025-11-18,,,WMI,CTA,2025-11-07,Warszawa,Polska,Katania,Włochy
2025-11-19,,,WMI,CTA,2025-11-07,Warszawa,Polska,Katania,Włochy
2025-11-20,,,WMI,CTA,2025-11-07,Warszawa,Polska,Katania,Włochy
2025-11-21,,,WMI,CTA,2025-11-07,Warszawa,Polska,Katania,Włochy
2025-11-22,,,WMI,CTA,2025-11-07,Warszawa,Polska,Katania,Włochy
2025-11-23,,,WMI,CTA,2025-11-07,Warszawa,Polska,Katania,Włochy
2025-11-24,,,WMI,CTA,2025-11-07,Warszawa,Polska,Katania,Włochy
2025-11-25,,,WMI,CTA,2025-11-07,Warszawa,Polska,Katania,Włochy
2025-11-26,,,WMI,CTA,2025-11-07,Warszawa,Polska,Katania,Włochy
2025-11-27,,,WMI,CTA,2025-11-07,Warszawa,Polska,Katania,Włochy
2025-11-28,,,WMI,CTA,2025-11-07,Warszawa,Polska,Katania,Włochy
2025-11-29,,,WMI,CTA,2025-11-07,Warszawa,Polska,Katania,Włochy
2025-11-30,,,WMI,CTA,2025-11-07,Warszawa,Polska,Katania,Włochy
2025-12-01,,,WMI,CTA,2025-11-07,Warszawa,Polska,Katania,Włochy
2025-12-02,,,WMI,CTA,2025-11-07,Warszawa,Polska,Katania,Włochy
2025-12-03,,,WMI,CTA,2025-11-07,Warszawa,Polska,Katania,Włochy
2025-12-04,,,WMI,CTA,2025-11-07,Warszawa,Polska,Katania,Włochy
2025-12-05,,,WMI,CTA,2025-11-07,Warszawa,Polska,Katania,Włochy
2025-12-06,,,WMI,CTA,2025-11-07,Warszawa,Polska,Katania,Włochy
2025-12-07,,,WMI,CTA,2025-11-07,Warszawa,Polska,Katania,Włochy
2025-12-08,,,WMI,CTA,2025-11-07,Warszawa,Polska,Katania,Włochy
2025-12-09,,,WMI,CTA,2025-11-07,Warszawa,Polska,Katania,Włochy
2025-12-10,,,WMI,CTA,2025-11-07,Warszawa,Polska,Katania,Włochy
2025-12-11,,,WMI,CTA,2025-11-07,Warszawa,Polska,Katania,Włochy
2025-12-12,,,WMI,CTA,2025-11-07,Warszawa,Polska,Katania,Włochy
2025-12-13,,,WMI,CTA,2025-11-07,Warszawa,Polska,Katania,Włochy
2025-12-14,,,WMI,CTA,2025-11-07,Warszawa,Polska,Katania,Włochy
2025-12-15,,,WMI,CTA,2025-11-07,Warszawa,Polska,Katania,Włochy
2025-12-16,,,WMI,CTA,2025-11-07,Warszawa,Polska,Katania,Włochy
2025-12-17,,,WMI,CTA,2025-11-07,Warszawa,Polska,Katania,Włochy
2025-12-18,,,WMI,CTA,2025-11-07,Warszawa,Polska,Katania,Włochy
2025-12-19,,,WMI,CTA,2025-11-07,Warszawa,Polska,Katania,Włochy
2025-12-20,,,WMI,CTA,2025-11-07,Warszawa,Polska,Katania,Włochy
2025-12-21,,,WMI,CTA,2025-11-07,Warszawa,Polska,Katania,Włochy
2025-12-22,,,WMI,CTA,2025-11-07,Warszawa,Polska,Katania,Włochy
2025-12-23,,,WMI,CTA,2025-11-07,Warszawa,Polska,Katania,Włochy
2025-12-24,,,WMI,CTA,2025-11-07,Warszawa,Polska,Katania,Włochy
2025-12-25,,,WMI,CTA,2025-11-07,Warszawa,Polska,Katania,Włochy
2025-12-26,,,WMI,CTA,2025-11-07,Warszawa,Polska,Katania,Włochy
2025-12-27,,,WMI,CTA,2025-11-07,Warszawa,Polska,Katania,Włochy
2025-12-28,,,WMI,CTA,2025-11-07,Warszawa,Polska,Katania,Włochy
2025-12-29,,,WMI,CTA,2025-11-07,Warszawa,Polska,Katania,Włochy
2025-12-30,,,WMI,CTA,2025-11-07,Warszawa,Polska,Katania,Włochy
2025-12-31,,,WMI,CTA,2025-11-07,Warszawa,Polska,Katania,Włochy
2026-01-01,,,WMI,CTA,2025-11-07,Warszawa,Polska,Katania,Włochy
2026-01-02,,,WMI,CTA,2025-11-07,Warszawa,Polska,Katania,Włochy
2026-01-03,,,WMI,CTA,2025-11-07,Warszawa,Polska,Katania,Włochy
2026-01-04,,,WMI,CTA,2025-11-07,Warszawa,Polska,Katania,Włochy
2026-01-05,,,WMI,CTA,2025-11-07,Warszawa,Polska,Katania,Włochy
2026-01-06,,,WMI,CTA,2025-11-07,Warszawa,Polska,Katania,Włochy
2026-01-07,,,WMI,CTA,2025-11-07,Warszawa,Polska,Katania,Włochy
2026-01-08,,,WMI,CTA,2025-11-07,Warszawa,Polska,Katania,Włochy
2026-01-09,,,WMI,CTA,2025-11-07,Warszawa,Polska,Katania,Włochy
2026-01-10,,,WMI,CTA,2025-11-07,Warszawa,Polska,Katania,Włochy
2026-01-11,,,WMI,CTA,2025-11-07,Warszawa,Polska,Katania,Włochy
2026-01-12,,,WMI,CTA,2025-11-07,Warszawa,Polska,Katania,Włochy
2026-01-13,,,WMI,CTA,2025-11-07,Warszawa,Polska,Katania,Włochy
2026-01-14,,,WMI,CTA,2025-11-07,Warszawa,Polska,Katania,Włochy
2026-01-15,,,WMI,CTA,2025-11-07,Warszawa,Polska,Katania,Włochy
2026-01-16,,,WMI,CTA,2025-11-07,Warszawa,Polska,Katania,Włochy
2026-01-17,,,WMI,CTA,2025-11-07,Warszawa,Polska,Katania,Włochy
2026-01-18,,,WMI,CTA,2025-11-07,Warszawa,Polska,Katania,Włochy
2026-01-19,,,WMI,CTA,2025-11-07,Warszawa,Polska,Katania,Włochy
2026-01-20,,,WMI,CTA,2025-11-07,Warszawa,Polska,Katania,Włochy
2026-01-21,,,WMI,CTA,2025-11-07,Warszawa,Polska,Katania,Włochy
2026-01-22,,,WMI,CTA,2025-11-07,Warszawa,Polska,Katania,Włochy
2026-01-23,,,WMI,CTA,2025-11-07,Warszawa,Polska,Katania,Włochy
2026-01-24,,,WMI,CTA,2025-11-07,Warszawa,Polska,Katania,Włochy
2026-01-25,,,WMI,CTA,2025-11-07,Warszawa,Polska,Katania,Włochy
2026-01-26,,,WMI,CTA,2025-11-07,Warszawa,Polska,Katania,Włochy
2026-01-27,,,WMI,CTA,2025-11-07,Warszawa,Polska,Katania,Włochy
2026-01-28,,,WMI,CTA,2025-11-07,Warszawa,Polska,Katania,Włochy
2026-01-29,,,WMI,CTA,2025-11-07,Warszawa,Polska,Katania,Włochy
2026-01-30,,,WMI,CTA,2025-11-07,Warszawa,Polska,Katania,Włochy
2025-11-07,,,WMI,OLB,2025-11-07,Warszawa,Polska,Olbia,Włochy
2025-11-08,,,WMI,OLB,2025-11-07,Warszawa,Polska,Olbia,Włochy
2025-11-09,,,WMI,OLB,2025-11-07,Warszawa,Polska,Olbia,Włochy
2025-11-10,,,WMI,OLB,2025-11-07,Warszawa,Polska,Olbia,Włochy
2025-11-11,,,WMI,OLB,2025-11-07,Warszawa,Polska,Olbia,Włochy
2025-11-12,,,WMI,OLB,2025-11-07,Warszawa,Polska,Olbia,Włochy
2025-11-13,,,WMI,OLB,2025-11-07,Warszawa,Polska,Olbia,Włochy
2025-11-14,,,WMI,OLB,2025-11-07,Warszawa,Polska,Olbia,Włochy
2025-11-15,,,WMI,OLB,2025-11-07,Warszawa,Polska,Olbia,Włochy
2025-11-16,,,WMI,OLB,2025-11-07,Warszawa,Polska,Olbia,Włochy
2025-11-17,,,WMI,OLB,2025-11-07,Warszawa,Polska,Olbia,Włochy
2025-11-18,,,WMI,OLB,2025-11-07,Warszawa,Polska,Olbia,Włochy
2025-11-19,,,WMI,OLB,2025-11-07,Warszawa,Polska,Olbia,Włochy
2025-11-20,,,WMI,OLB,2025-11-07,Warszawa,Polska,Olbia,Włochy
2025-11-21,,,WMI,OLB,2025-11-07,Warszawa,Polska,Olbia,Włochy
2025-11-22,,,WMI,OLB,2025-11-07,Warszawa,Polska,Olbia,Włochy
2025-11-23,,,WMI,OLB,2025-11-07,Warszawa,Polska,Olbia,Włochy
2025-11-24,,,WMI,OLB,2025-11-07,Warszawa,Polska,Olbia,Włochy
2025-11-25,,,WMI,OLB,2025-11-07,Warszawa,Polska,Olbia,Włochy
2025-11-26,,,WMI,OLB,2025-11-07,Warszawa,Polska,Olbia,Włochy
2025-11-27,,,WMI,OLB,2025-11-07,Warszawa,Polska,Olbia,Włochy
2025-11-28,,,WMI,OLB,2025-11-07,Warszawa,Polska,Olbia,Włochy
2025-11-29,,,WMI,OLB,2025-11-07,Warszawa,Polska,Olbia,Włochy
2025-11-30,,,WMI,OLB,2025-11-07,Warszawa,Polska,Olbia,Włochy
2025-12-01,,,WMI,OLB,2025-11-07,Warszawa,Polska,Olbia,Włochy
2025-12-02,,,WMI,OLB,2025-11-07,Warszawa,Polska,Olbia,Włochy
2025-12-03,,,WMI,OLB,2025-11-07,Warszawa,Polska,Olbia,Włochy
2025-12-04,,,WMI,OLB,2025-11-07,Warszawa,Polska,Olbia,Włochy
2025-12-05,,,WMI,OLB,2025-11-07,Warszawa,Polska,Olbia,Włochy
2025-12-06,,,WMI,OLB,2025-11-07,Warszawa,Polska,Olbia,Włochy
2025-12-07,,,WMI,OLB,2025-11-07,Warszawa,Polska,Olbia,Włochy
2025-12-08,,,WMI,OLB,2025-11-07,Warszawa,Polska,Olbia,Włochy
2025-12-09,,,WMI,OLB,2025-11-07,Warszawa,Polska,Olbia,Włochy
2025-12-10,,,WMI,OLB,2025-11-07,Warszawa,Polska,Olbia,Włochy
2025-12-11,,,WMI,OLB,2025-11-07,Warszawa,Polska,Olbia,Włochy
2025-12-12,,,WMI,OLB,2025-11-07,Warszawa,Polska,Olbia,Włochy
2025-12-13,,,WMI,OLB,2025-11-07,Warszawa,Polska,Olbia,Włochy
2025-12-14,,,WMI,OLB,2025-11-07,Warszawa,Polska,Olbia,Włochy
2025-12-15,,,WMI,OLB,2025-11-07,Warszawa,Polska,Olbia,Włochy
2025-12-16,,,WMI,OLB,2025-11-07,Warszawa,Polska,Olbia,Włochy
2025-12-17,,,WMI,OLB,2025-11-07,Warszawa,Polska,Olbia,Włochy
2025-12-18,,,WMI,OLB,2025-11-07,Warszawa,Polska,Olbia,Włochy
2025-12-19,,,WMI,OLB,2025-11-07,Warszawa,Polska,Olbia,Włochy
2025-12-20,,,WMI,OLB,2025-11-07,Warszawa,Polska,Olbia,Włochy
2025-12-21,,,WMI,OLB,2025-11-07,Warszawa,Polska,Olbia,Włochy
2025-12-22,,,WMI,OLB,2025-11-07,Warszawa,Polska,Olbia,Włochy
2025-12-23,,,WMI,OLB,2025-11-07,Warszawa,Polska,Olbia,Włochy
2025-12-24,,,WMI,OLB,2025-11-07,Warszawa,Polska,Olbia,Włochy
2025-12-25,,,WMI,OLB,2025-11-07,Warszawa,Polska,Olbia,Włochy
2025-12-26,,,WMI,OLB,2025-11-07,Warszawa,Polska,Olbia,Włochy
2025-12-27,,,WMI,OLB,2025-11-07,Warszawa,Polska,Olbia,Włochy
2025-12-28,,,WMI,OLB,2025-11-07,Warszawa,Polska,Olbia,Włochy
2025-12-29,,,WMI,OLB,2025-11-07,Warszawa,Polska,Olbia,Włochy
2025-12-30,,,WMI,OLB,2025-11-07,Warszawa,Polska,Olbia,Włochy
2025-12-31,,,WMI,OLB,2025-11-07,Warszawa,Polska,Olbia,Włochy
2026-01-01,,,WMI,OLB,2025-11-07,Warszawa,Polska,Olbia,Włochy
2026-01-02,,,WMI,OLB,2025-11-07,Warszawa,Polska,Olbia,Włochy
2026-01-03,,,WMI,OLB,2025-11-07,Warszawa,Polska,Olbia,Włochy
2026-01-04,,,WMI,OLB,2025-11-07,Warszawa,Polska,Olbia,Włochy
2026-01-05,,,WMI,OLB,2025-11-07,Warszawa,Polska,Olbia,Włochy
2026-01-06,,,WMI,OLB,2025-11-07,Warszawa,Polska,Olbia,Włochy
2026-01-07,,,WMI,OLB,2025-11-07,Warszawa,Polska,Olbia,Włochy
2026-01-08,,,WMI,OLB,2025-11-07,Warszawa,Polska,Olbia,Włochy
2026-01-09,,,WMI,OLB,2025-11-07,Warszawa,Polska,Olbia,Włochy
2026-01-10,,,WMI,OLB,2025-11-07,Warszawa,Polska,Olbia,Włochy
2026-01-11,,,WMI,OLB,2025-11-07,Warszawa,Polska,Olbia,Włochy
2026-01-12,,,WMI,OLB,2025-11-07,Warszawa,Polska,Olbia,Włochy
2026-01-13,,,WMI,OLB,2025-11-07,Warszawa,Polska,Olbia,Włochy
2026-01-14,,,WMI,OLB,2025-11-07,Warszawa,Polska,Olbia,Włochy
2026-01-15,,,WMI,OLB,2025-11-07,Warszawa,Polska,Olbia,Włochy
2026-01-16,,,WMI,OLB,2025-11-07,Warszawa,Polska,Olbia,Włochy
2026-01-17,,,WMI,OLB,2025-11-07,Warszawa,Polska,Olbia,Włochy
2026-01-18,,,WMI,OLB,2025-11-07,Warszawa,Polska,Olbia,Włochy
2026-01-19,,,WMI,OLB,2025-11-07,Warszawa,Polska,Olbia,Włochy
2026-01-20,,,WMI,OLB,2025-11-07,Warszawa,Polska,Olbia,Włochy
2026-01-21,,,WMI,OLB,2025-11-07,Warszawa,Polska,Olbia,Włochy
2026-01-22,,,WMI,OLB,2025-11-07,Warszawa,Polska,Olbia,Włochy
2026-01-23,,,WMI,OLB,2025-11-07,Warszawa,Polska,Olbia,Włochy
2026-01-24,,,WMI,OLB,2025-11-07,Warszawa,Polska,Olbia,Włochy
2026-01-25,,,WMI,OLB,2025-11-07,Warszawa,Polska,Olbia,Włochy
2026-01-26,,,WMI,OLB,2025-11-07,Warszawa,Polska,Olbia,Włochy
2026-01-27,,,WMI,OLB,2025-11-07,Warszawa,Polska,Olbia,Włochy
2026-01-28,,,WMI,OLB,2025-11-07,Warszawa,Polska,Olbia,Włochy
2026-01-29,,,WMI,OLB,2025-11-07,Warszawa,Polska,Olbia,Włochy
2026-01-30,,,WMI,OLB,2025-11-07,Warszawa,Polska,Olbia,Włochy
2025-11-07,,,WMI,AHO,2025-11-07,Warszawa,Polska,Alghero,Włochy
2025-11-08,,,WMI,AHO,2025-11-07,Warszawa,Polska,Alghero,Włochy
2025-11-09,,,WMI,AHO,2025-11-07,Warszawa,Polska,Alghero,Włochy
2025-11-10,,,WMI,AHO,2025-11-07,Warszawa,Polska,Alghero,Włochy
2025-11-11,,,WMI,AHO,2025-11-07,Warszawa,Polska,Alghero,Włochy
2025-11-12,,,WMI,AHO,2025-11-07,Warszawa,Polska,Alghero,Włochy
2025-11-13,,,WMI,AHO,2025-11-07,Warszawa,Polska,Alghero,Włochy
2025-11-14,,,WMI,AHO,2025-11-07,Warszawa,Polska,Alghero,Włochy
2025-11-15,,,WMI,AHO,2025-11-07,Warszawa,Polska,Alghero,Włochy
2025-11-16,,,WMI,AHO,2025-11-07,Warszawa,Polska,Alghero,Włochy
2025-11-17,,,WMI,AHO,2025-11-07,Warszawa,Polska,Alghero,Włochy
2025-11-18,,,WMI,AHO,2025-11-07,Warszawa,Polska,Alghero,Włochy
2025-11-19,,,WMI,AHO,2025-11-07,Warszawa,Polska,Alghero,Włochy
2025-11-20,,,WMI,AHO,2025-11-07,Warszawa,Polska,Alghero,Włochy
2025-11-21,,,WMI,AHO,2025-11-07,Warszawa,Polska,Alghero,Włochy
2025-11-22,,,WMI,AHO,2025-11-07,Warszawa,Polska,Alghero,Włochy
2025-11-23,,,WMI,AHO,2025-11-07,Warszawa,Polska,Alghero,Włochy
2025-11-24,,,WMI,AHO,2025-11-07,Warszawa,Polska,Alghero,Włochy
2025-11-25,,,WMI,AHO,2025-11-07,Warszawa,Polska,Alghero,Włochy
2025-11-26,,,WMI,AHO,2025-11-07,Warszawa,Polska,Alghero,Włochy
2025-11-27,,,WMI,AHO,2025-11-07,Warszawa,Polska,Alghero,Włochy
2025-11-28,,,WMI,AHO,2025-11-07,Warszawa,Polska,Alghero,Włochy
2025-11-29,,,WMI,AHO,2025-11-07,Warszawa,Polska,Alghero,Włochy
2025-11-30,,,WMI,AHO,2025-11-07,Warszawa,Polska,Alghero,Włochy
2025-12-01,,,WMI,AHO,2025-11-07,Warszawa,Polska,Alghero,Włochy
2025-12-02,,,WMI,AHO,2025-11-07,Warszawa,Polska,Alghero,Włochy
2025-12-03,,,WMI,AHO,2025-11-07,Warszawa,Polska,Alghero,Włochy
2025-12-04,,,WMI,AHO,2025-11-07,Warszawa,Polska,Alghero,Włochy
2025-12-05,,,WMI,AHO,2025-11-07,Warszawa,Polska,Alghero,Włochy
2025-12-06,,,WMI,AHO,2025-11-07,Warszawa,Polska,Alghero,Włochy
2025-12-07,,,WMI,AHO,2025-11-07,Warszawa,Polska,Alghero,Włochy
2025-12-08,,,WMI,AHO,2025-11-07,Warszawa,Polska,Alghero,Włochy
2025-12-09,,,WMI,AHO,2025-11-07,Warszawa,Polska,Alghero,Włochy
2025-12-10,,,WMI,AHO,2025-11-07,Warszawa,Polska,Alghero,Włochy
2025-12-11,,,WMI,AHO,2025-11-07,Warszawa,Polska,Alghero,Włochy
2025-12-12,,,WMI,AHO,2025-11-07,Warszawa,Polska,Alghero,Włochy
2025-12-13,,,WMI,AHO,2025-11-07,Warszawa,Polska,Alghero,Włochy
2025-12-14,,,WMI,AHO,2025-11-07,Warszawa,Polska,Alghero,Włochy
2025-12-15,,,WMI,AHO,2025-11-07,Warszawa,Polska,Alghero,Włochy
2025-12-16,,,WMI,AHO,2025-11-07,Warszawa,Polska,Alghero,Włochy
2025-12-17,,,WMI,AHO,2025-11-07,Warszawa,Polska,Alghero,Włochy
2025-12-18,,,WMI,AHO,2025-11-07,Warszawa,Polska,Alghero,Włochy
2025-12-19,,,WMI,AHO,2025-11-07,Warszawa,Polska,Alghero,Włochy
2025-12-20,,,WMI,AHO,2025-11-07,Warszawa,Polska,Alghero,Włochy
2025-12-21,,,WMI,AHO,2025-11-07,Warszawa,Polska,Alghero,Włochy
2025-12-22,,,WMI,AHO,2025-11-07,Warszawa,Polska,Alghero,Włochy
2025-12-23,,,WMI,AHO,2025-11-07,Warszawa,Polska,Alghero,Włochy
2025-12-24,,,WMI,AHO,2025-11-07,Warszawa,Polska,Alghero,Włochy
2025-12-25,,,WMI,AHO,2025-11-07,Warszawa,Polska,Alghero,Włochy
2025-12-26,,,WMI,AHO,2025-11-07,Warszawa,Polska,Alghero,Włochy
2025-12-27,,,WMI,AHO,2025-11-07,Warszawa,Polska,Alghero,Włochy
2025-12-28,,,WMI,AHO,2025-11-07,Warszawa,Polska,Alghero,Włochy
2025-12-29,,,WMI,AHO,2025-11-07,Warszawa,Polska,Alghero,Włochy
2025-12-30,,,WMI,AHO,2025-11-07,Warszawa,Polska,Alghero,Włochy
2025-12-31,,,WMI,AHO,2025-11-07,Warszawa,Polska,Alghero,Włochy
2026-01-01,,,WMI,AHO,2025-11-07,Warszawa,Polska,Alghero,Włochy
2026-01-02,,,WMI,AHO,2025-11-07,Warszawa,Polska,Alghero,Włochy
2026-01-03,,,WMI,AHO,2025-11-07,Warszawa,Polska,Alghero,Włochy
2026-01-04,,,WMI,AHO,2025-11-07,Warszawa,Polska,Alghero,Włochy
2026-01-05,,,WMI,AHO,2025-11-07,Warszawa,Polska,Alghero,Włochy
2026-01-06,,,WMI,AHO,2025-11-07,Warszawa,Polska,Alghero,Włochy
2026-01-07,,,WMI,AHO,2025-11-07,Warszawa,Polska,Alghero,Włochy
2026-01-08,,,WMI,AHO,2025-11-07,Warszawa,Polska,Alghero,Włochy
2026-01-09,,,WMI,AHO,2025-11-07,Warszawa,Polska,Alghero,Włochy
2026-01-10,,,WMI,AHO,2025-11-07,Warszawa,Polska,Alghero,Włochy
2026-01-11,,,WMI,AHO,2025-11-07,Warszawa,Polska,Alghero,Włochy
2026-01-12,,,WMI,AHO,2025-11-07,Warszawa,Polska,Alghero,Włochy
2026-01-13,,,WMI,AHO,2025-11-07,Warszawa,Polska,Alghero,Włochy
2026-01-14,,,WMI,AHO,2025-11-07,Warszawa,Polska,Alghero,Włochy
2026-01-15,,,WMI,AHO,2025-11-07,Warszawa,Polska,Alghero,Włochy
2026-01-16,,,WMI,AHO,2025-11-07,Warszawa,Polska,Alghero,Włochy
2026-01-17,,,WMI,AHO,2025-11-07,Warszawa,Polska,Alghero,Włochy
2026-01-18,,,WMI,AHO,2025-11-07,Warszawa,Polska,Alghero,Włochy
2026-01-19,,,WMI,AHO,2025-11-07,Warszawa,Polska,Alghero,Włochy
2026-01-20,,,WMI,AHO,2025-11-07,Warszawa,Polska,Alghero,Włochy
2026-01-21,,,WMI,AHO,2025-11-07,Warszawa,Polska,Alghero,Włochy
2026-01-22,,,WMI,AHO,2025-11-07,Warszawa,Polska,Alghero,Włochy
2026-01-23,,,WMI,AHO,2025-11-07,Warszawa,Polska,Alghero,Włochy
2026-01-24,,,WMI,AHO,2025-11-07,Warszawa,Polska,Alghero,Włochy
2026-01-25,,,WMI,AHO,2025-11-07,Warszawa,Polska,Alghero,Włochy
2026-01-26,,,WMI,AHO,2025-11-07,Warszawa,Polska,Alghero,Włochy
2026-01-27,,,WMI,AHO,2025-11-07,Warszawa,Polska,Alghero,Włochy
2026-01-28,,,WMI,AHO,2025-11-07,Warszawa,Polska,Alghero,Włochy
2026-01-29,,,WMI,AHO,2025-11-07,Warszawa,Polska,Alghero,Włochy
2026-01-30,,,WMI,AHO,2025-11-07,Warszawa,Polska,Alghero,Włochy
2025-11-07,,,WMI,VRN,2025-11-07,Warszawa,Polska,Werona,Włochy
2025-11-08,,,WMI,VRN,2025-11-07,Warszawa,Polska,Werona,Włochy
2025-11-09,,,WMI,VRN,2025-11-07,Warszawa,Polska,Werona,Włochy
2025-11-10,,,WMI,VRN,2025-11-07,Warszawa,Polska,Werona,Włochy
2025-11-11,,,WMI,VRN,2025-11-07,Warszawa,Polska,Werona,Włochy
2025-11-12,,,WMI,VRN,2025-11-07,Warszawa,Polska,Werona,Włochy
2025-11-13,,,WMI,VRN,2025-11-07,Warszawa,Polska,Werona,Włochy
2025-11-14,,,WMI,VRN,2025-11-07,Warszawa,Polska,Werona,Włochy
2025-11-15,,,WMI,VRN,2025-11-07,Warszawa,Polska,Werona,Włochy
2025-11-16,,,WMI,VRN,2025-11-07,Warszawa,Polska,Werona,Włochy
2025-11-17,,,WMI,VRN,2025-11-07,Warszawa,Polska,Werona,Włochy
2025-11-18,,,WMI,VRN,2025-11-07,Warszawa,Polska,Werona,Włochy
2025-11-19,,,WMI,VRN,2025-11-07,Warszawa,Polska,Werona,Włochy
2025-11-20,,,WMI,VRN,2025-11-07,Warszawa,Polska,Werona,Włochy
2025-11-21,,,WMI,VRN,2025-11-07,Warszawa,Polska,Werona,Włochy
2025-11-22,,,WMI,VRN,2025-11-07,Warszawa,Polska,Werona,Włochy
2025-11-23,,,WMI,VRN,2025-11-07,Warszawa,Polska,Werona,Włochy
2025-11-24,,,WMI,VRN,2025-11-07,Warszawa,Polska,Werona,Włochy
2025-11-25,,,WMI,VRN,2025-11-07,Warszawa,Polska,Werona,Włochy
2025-11-26,,,WMI,VRN,2025-11-07,Warszawa,Polska,Werona,Włochy
2025-11-27,,,WMI,VRN,2025-11-07,Warszawa,Polska,Werona,Włochy
2025-11-28,,,WMI,VRN,2025-11-07,Warszawa,Polska,Werona,Włochy
2025-11-29,,,WMI,VRN,2025-11-07,Warszawa,Polska,Werona,Włochy
2025-11-30,,,WMI,VRN,2025-11-07,Warszawa,Polska,Werona,Włochy
2025-12-01,,,WMI,VRN,2025-11-07,Warszawa,Polska,Werona,Włochy
2025-12-02,,,WMI,VRN,2025-11-07,Warszawa,Polska,Werona,Włochy
2025-12-03,,,WMI,VRN,2025-11-07,Warszawa,Polska,Werona,Włochy
2025-12-04,,,WMI,VRN,2025-11-07,Warszawa,Polska,Werona,Włochy
2025-12-05,,,WMI,VRN,2025-11-07,Warszawa,Polska,Werona,Włochy
2025-12-06,,,WMI,VRN,2025-11-07,Warszawa,Polska,Werona,Włochy
2025-12-07,,,WMI,VRN,2025-11-07,Warszawa,Polska,Werona,Włochy
2025-12-08,,,WMI,VRN,2025-11-07,Warszawa,Polska,Werona,Włochy
2025-12-09,,,WMI,VRN,2025-11-07,Warszawa,Polska,Werona,Włochy
2025-12-10,,,WMI,VRN,2025-11-07,Warszawa,Polska,Werona,Włochy
2025-12-11,,,WMI,VRN,2025-11-07,Warszawa,Polska,Werona,Włochy
2025-12-12,,,WMI,VRN,2025-11-07,Warszawa,Polska,Werona,Włochy
2025-12-13,,,WMI,VRN,2025-11-07,Warszawa,Polska,Werona,Włochy
2025-12-14,,,WMI,VRN,2025-11-07,Warszawa,Polska,Werona,Włochy
2025-12-15,,,WMI,VRN,2025-11-07,Warszawa,Polska,Werona,Włochy
2025-12-16,,,WMI,VRN,2025-11-07,Warszawa,Polska,Werona,Włochy
2025-12-17,,,WMI,VRN,2025-11-07,Warszawa,Polska,Werona,Włochy
2025-12-18,,,WMI,VRN,2025-11-07,Warszawa,Polska,Werona,Włochy
2025-12-19,,,WMI,VRN,2025-11-07,Warszawa,Polska,Werona,Włochy
2025-12-20,,,WMI,VRN,2025-11-07,Warszawa,Polska,Werona,Włochy
2025-12-21,,,WMI,VRN,2025-11-07,Warszawa,Polska,Werona,Włochy
2025-12-22,,,WMI,VRN,2025-11-07,Warszawa,Polska,Werona,Włochy
2025-12-23,,,WMI,VRN,2025-11-07,Warszawa,Polska,Werona,Włochy
2025-12-24,,,WMI,VRN,2025-11-07,Warszawa,Polska,Werona,Włochy
2025-12-25,,,WMI,VRN,2025-11-07,Warszawa,Polska,Werona,Włochy
2025-12-26,,,WMI,VRN,2025-11-07,Warszawa,Polska,Werona,Włochy
2025-12-27,,,WMI,VRN,2025-11-07,Warszawa,Polska,Werona,Włochy
2025-12-28,,,WMI,VRN,2025-11-07,Warszawa,Polska,Werona,Włochy
2025-12-29,,,WMI,VRN,2025-11-07,Warszawa,Polska,Werona,Włochy
2025-12-30,,,WMI,VRN,2025-11-07,Warszawa,Polska,Werona,Włochy
2025-12-31,,,WMI,VRN,2025-11-07,Warszawa,Polska,Werona,Włochy
2026-01-01,,,WMI,VRN,2025-11-07,Warszawa,Polska,Werona,Włochy
2026-01-02,,,WMI,VRN,2025-11-07,Warszawa,Polska,Werona,Włochy
2026-01-03,,,WMI,VRN,2025-11-07,Warszawa,Polska,Werona,Włochy
2026-01-04,,,WMI,VRN,2025-11-07,Warszawa,Polska,Werona,Włochy
2026-01-05,,,WMI,VRN,2025-11-07,Warszawa,Polska,Werona,Włochy
2026-01-06,,,WMI,VRN,2025-11-07,Warszawa,Polska,Werona,Włochy
2026-01-07,,,WMI,VRN,2025-11-07,Warszawa,Polska,Werona,Włochy
2026-01-08,,,WMI,VRN,2025-11-07,Warszawa,Polska,Werona,Włochy
2026-01-09,,,WMI,VRN,2025-11-07,Warszawa,Polska,Werona,Włochy
2026-01-10,,,WMI,VRN,2025-11-07,Warszawa,Polska,Werona,Włochy
2026-01-11,,,WMI,VRN,2025-11-07,Warszawa,Polska,Werona,Włochy
2026-01-12,,,WMI,VRN,2025-11-07,Warszawa,Polska,Werona,Włochy
2026-01-13,,,WMI,VRN,2025-11-07,Warszawa,Polska,Werona,Włochy
2026-01-14,,,WMI,VRN,2025-11-07,Warszawa,Polska,Werona,Włochy
2026-01-15,,,WMI,VRN,2025-11-07,Warszawa,Polska,Werona,Włochy
2026-01-16,,,WMI,VRN,2025-11-07,Warszawa,Polska,Werona,Włochy
2026-01-17,,,WMI,VRN,2025-11-07,Warszawa,Polska,Werona,Włochy
2026-01-18,,,WMI,VRN,2025-11-07,Warszawa,Polska,Werona,Włochy
2026-01-19,,,WMI,VRN,2025-11-07,Warszawa,Polska,Werona,Włochy
2026-01-20,,,WMI,VRN,2025-11-07,Warszawa,Polska,Werona,Włochy
2026-01-21,,,WMI,VRN,2025-11-07,Warszawa,Polska,Werona,Włochy
2026-01-22,,,WMI,VRN,2025-11-07,Warszawa,Polska,Werona,Włochy
2026-01-23,,,WMI,VRN,2025-11-07,Warszawa,Polska,Werona,Włochy
2026-01-24,,,WMI,VRN,2025-11-07,Warszawa,Polska,Werona,Włochy
2026-01-25,,,WMI,VRN,2025-11-07,Warszawa,Polska,Werona,Włochy
2026-01-26,,,WMI,VRN,2025-11-07,Warszawa,Polska,Werona,Włochy
2026-01-27,,,WMI,VRN,2025-11-07,Warszawa,Polska,Werona,Włochy
2026-01-28,,,WMI,VRN,2025-11-07,Warszawa,Polska,Werona,Włochy
2026-01-29,,,WMI,VRN,2025-11-07,Warszawa,Polska,Werona,Włochy
2026-01-30,,,WMI,VRN,2025-11-07,Warszawa,Polska,Werona,Włochy
2025-11-07,,,WMI,DBV,2025-11-07,Warszawa,Polska,Dubrovnik,Chorwacja
2025-11-08,,,WMI,DBV,2025-11-07,Warszawa,Polska,Dubrovnik,Chorwacja
2025-11-09,,,WMI,DBV,2025-11-07,Warszawa,Polska,Dubrovnik,Chorwacja
2025-11-10,,,WMI,DBV,2025-11-07,Warszawa,Polska,Dubrovnik,Chorwacja
2025-11-11,,,WMI,DBV,2025-11-07,Warszawa,Polska,Dubrovnik,Chorwacja
2025-11-12,,,WMI,DBV,2025-11-07,Warszawa,Polska,Dubrovnik,Chorwacja
2025-11-13,,,WMI,DBV,2025-11-07,Warszawa,Polska,Dubrovnik,Chorwacja
2025-11-14,,,WMI,DBV,2025-11-07,Warszawa,Polska,Dubrovnik,Chorwacja
2025-11-15,,,WMI,DBV,2025-11-07,Warszawa,Polska,Dubrovnik,Chorwacja
2025-11-16,,,WMI,DBV,2025-11-07,Warszawa,Polska,Dubrovnik,Chorwacja
2025-11-17,,,WMI,DBV,2025-11-07,Warszawa,Polska,Dubrovnik,Chorwacja
2025-11-18,,,WMI,DBV,2025-11-07,Warszawa,Polska,Dubrovnik,Chorwacja
2025-11-19,,,WMI,DBV,2025-11-07,Warszawa,Polska,Dubrovnik,Chorwacja
2025-11-20,,,WMI,DBV,2025-11-07,Warszawa,Polska,Dubrovnik,Chorwacja
2025-11-21,,,WMI,DBV,2025-11-07,Warszawa,Polska,Dubrovnik,Chorwacja
2025-11-22,,,WMI,DBV,2025-11-07,Warszawa,Polska,Dubrovnik,Chorwacja
2025-11-23,,,WMI,DBV,2025-11-07,Warszawa,Polska,Dubrovnik,Chorwacja
2025-11-24,,,WMI,DBV,2025-11-07,Warszawa,Polska,Dubrovnik,Chorwacja
2025-11-25,,,WMI,DBV,2025-11-07,Warszawa,Polska,Dubrovnik,Chorwacja
2025-11-26,,,WMI,DBV,2025-11-07,Warszawa,Polska,Dubrovnik,Chorwacja
2025-11-27,,,WMI,DBV,2025-11-07,Warszawa,Polska,Dubrovnik,Chorwacja
2025-11-28,,,WMI,DBV,2025-11-07,Warszawa,Polska,Dubrovnik,Chorwacja
2025-11-29,,,WMI,DBV,2025-11-07,Warszawa,Polska,Dubrovnik,Chorwacja
2025-11-30,,,WMI,DBV,2025-11-07,Warszawa,Polska,Dubrovnik,Chorwacja
2025-12-01,,,WMI,DBV,2025-11-07,Warszawa,Polska,Dubrovnik,Chorwacja
2025-12-02,,,WMI,DBV,2025-11-07,Warszawa,Polska,Dubrovnik,Chorwacja
2025-12-03,,,WMI,DBV,2025-11-07,Warszawa,Polska,Dubrovnik,Chorwacja
2025-12-04,,,WMI,DBV,2025-11-07,Warszawa,Polska,Dubrovnik,Chorwacja
2025-12-05,,,WMI,DBV,2025-11-07,Warszawa,Polska,Dubrovnik,Chorwacja
2025-12-06,,,WMI,DBV,2025-11-07,Warszawa,Polska,Dubrovnik,Chorwacja
2025-12-07,,,WMI,DBV,2025-11-07,Warszawa,Polska,Dubrovnik,Chorwacja
2025-12-08,,,WMI,DBV,2025-11-07,Warszawa,Polska,Dubrovnik,Chorwacja
2025-12-09,,,WMI,DBV,2025-11-07,Warszawa,Polska,Dubrovnik,Chorwacja
2025-12-10,,,WMI,DBV,2025-11-07,Warszawa,Polska,Dubrovnik,Chorwacja
2025-12-11,,,WMI,DBV,2025-11-07,Warszawa,Polska,Dubrovnik,Chorwacja
2025-12-12,,,WMI,DBV,2025-11-07,Warszawa,Polska,Dubrovnik,Chorwacja
2025-12-13,,,WMI,DBV,2025-11-07,Warszawa,Polska,Dubrovnik,Chorwacja
2025-12-14,,,WMI,DBV,2025-11-07,Warszawa,Polska,Dubrovnik,Chorwacja
2025-12-15,,,WMI,DBV,2025-11-07,Warszawa,Polska,Dubrovnik,Chorwacja
2025-12-16,,,WMI,DBV,2025-11-07,Warszawa,Polska,Dubrovnik,Chorwacja
2025-12-17,,,WMI,DBV,2025-11-07,Warszawa,Polska,Dubrovnik,Chorwacja
2025-12-18,,,WMI,DBV,2025-11-07,Warszawa,Polska,Dubrovnik,Chorwacja
2025-12-19,,,WMI,DBV,2025-11-07,Warszawa,Polska,Dubrovnik,Chorwacja
2025-12-20,,,WMI,DBV,2025-11-07,Warszawa,Polska,Dubrovnik,Chorwacja
2025-12-21,,,WMI,DBV,2025-11-07,Warszawa,Polska,Dubrovnik,Chorwacja
2025-12-22,,,WMI,DBV,2025-11-07,Warszawa,Polska,Dubrovnik,Chorwacja
2025-12-23,,,WMI,DBV,2025-11-07,Warszawa,Polska,Dubrovnik,Chorwacja
2025-12-24,,,WMI,DBV,2025-11-07,Warszawa,Polska,Dubrovnik,Chorwacja
2025-12-25,,,WMI,DBV,2025-11-07,Warszawa,Polska,Dubrovnik,Chorwacja
2025-12-26,,,WMI,DBV,2025-11-07,Warszawa,Polska,Dubrovnik,Chorwacja
2025-12-27,,,WMI,DBV,2025-11-07,Warszawa,Polska,Dubrovnik,Chorwacja
2025-12-28,,,WMI,DBV,2025-11-07,Warszawa,Polska,Dubrovnik,Chorwacja
2025-12-29,,,WMI,DBV,2025-11-07,Warszawa,Polska,Dubrovnik,Chorwacja
2025-12-30,,,WMI,DBV,2025-11-07,Warszawa,Polska,Dubrovnik,Chorwacja
2025-12-31,,,WMI,DBV,2025-11-07,Warszawa,Polska,Dubrovnik,Chorwacja
2026-01-01,,,WMI,DBV,2025-11-07,Warszawa,Polska,Dubrovnik,Chorwacja
2026-01-02,,,WMI,DBV,2025-11-07,Warszawa,Polska,Dubrovnik,Chorwacja
2026-01-03,,,WMI,DBV,2025-11-07,Warszawa,Polska,Dubrovnik,Chorwacja
2026-01-04,,,WMI,DBV,2025-11-07,Warszawa,Polska,Dubrovnik,Chorwacja
2026-01-05,,,WMI,DBV,2025-11-07,Warszawa,Polska,Dubrovnik,Chorwacja
2026-01-06,,,WMI,DBV,2025-11-07,Warszawa,Polska,Dubrovnik,Chorwacja
2026-01-07,,,WMI,DBV,2025-11-07,Warszawa,Polska,Dubrovnik,Chorwacja
2026-01-08,,,WMI,DBV,2025-11-07,Warszawa,Polska,Dubrovnik,Chorwacja
2026-01-09,,,WMI,DBV,2025-11-07,Warszawa,Polska,Dubrovnik,Chorwacja
2026-01-10,,,WMI,DBV,2025-11-07,Warszawa,Polska,Dubrovnik,Chorwacja
2026-01-11,,,WMI,DBV,2025-11-07,Warszawa,Polska,Dubrovnik,Chorwacja
2026-01-12,,,WMI,DBV,2025-11-07,Warszawa,Polska,Dubrovnik,Chorwacja
2026-01-13,,,WMI,DBV,2025-11-07,Warszawa,Polska,Dubrovnik,Chorwacja
2026-01-14,,,WMI,DBV,2025-11-07,Warszawa,Polska,Dubrovnik,Chorwacja
2026-01-15,,,WMI,DBV,2025-11-07,Warszawa,Polska,Dubrovnik,Chorwacja
2026-01-16,,,WMI,DBV,2025-11-07,Warszawa,Polska,Dubrovnik,Chorwacja
2026-01-17,,,WMI,DBV,2025-11-07,Warszawa,Polska,Dubrovnik,Chorwacja
2026-01-18,,,WMI,DBV,2025-11-07,Warszawa,Polska,Dubrovnik,Chorwacja
2026-01-19,,,WMI,DBV,2025-11-07,Warszawa,Polska,Dubrovnik,Chorwacja
2026-01-20,,,WMI,DBV,2025-11-07,Warszawa,Polska,Dubrovnik,Chorwacja
2026-01-21,,,WMI,DBV,2025-11-07,Warszawa,Polska,Dubrovnik,Chorwacja
2026-01-22,,,WMI,DBV,2025-11-07,Warszawa,Polska,Dubrovnik,Chorwacja
2026-01-23,,,WMI,DBV,2025-11-07,Warszawa,Polska,Dubrovnik,Chorwacja
2026-01-24,,,WMI,DBV,2025-11-07,Warszawa,Polska,Dubrovnik,Chorwacja
2026-01-25,,,WMI,DBV,2025-11-07,Warszawa,Polska,Dubrovnik,Chorwacja
2026-01-26,,,WMI,DBV,2025-11-07,Warszawa,Polska,Dubrovnik,Chorwacja
2026-01-27,,,WMI,DBV,2025-11-07,Warszawa,Polska,Dubrovnik,Chorwacja
2026-01-28,,,WMI,DBV,2025-11-07,Warszawa,Polska,Dubrovnik,Chorwacja
2026-01-29,,,WMI,DBV,2025-11-07,Warszawa,Polska,Dubrovnik,Chorwacja
2026-01-30,,,WMI,DBV,2025-11-07,Warszawa,Polska,Dubrovnik,Chorwacja
2025-11-07,,,WMI,ZAD,2025-11-07,Warszawa,Polska,Zadar,Chorwacja
2025-11-08,,,WMI,ZAD,2025-11-07,Warszawa,Polska,Zadar,Chorwacja
2025-11-09,,,WMI,ZAD,2025-11-07,Warszawa,Polska,Zadar,Chorwacja
2025-11-10,,,WMI,ZAD,2025-11-07,Warszawa,Polska,Zadar,Chorwacja
2025-11-11,,,WMI,ZAD,2025-11-07,Warszawa,Polska,Zadar,Chorwacja
2025-11-12,,,WMI,ZAD,2025-11-07,Warszawa,Polska,Zadar,Chorwacja
2025-11-13,,,WMI,ZAD,2025-11-07,Warszawa,Polska,Zadar,Chorwacja
2025-11-14,,,WMI,ZAD,2025-11-07,Warszawa,Polska,Zadar,Chorwacja
2025-11-15,,,WMI,ZAD,2025-11-07,Warszawa,Polska,Zadar,Chorwacja
2025-11-16,,,WMI,ZAD,2025-11-07,Warszawa,Polska,Zadar,Chorwacja
2025-11-17,,,WMI,ZAD,2025-11-07,Warszawa,Polska,Zadar,Chorwacja
2025-11-18,,,WMI,ZAD,2025-11-07,Warszawa,Polska,Zadar,Chorwacja
2025-11-19,,,WMI,ZAD,2025-11-07,Warszawa,Polska,Zadar,Chorwacja
2025-11-20,,,WMI,ZAD,2025-11-07,Warszawa,Polska,Zadar,Chorwacja
2025-11-21,,,WMI,ZAD,2025-11-07,Warszawa,Polska,Zadar,Chorwacja
2025-11-22,,,WMI,ZAD,2025-11-07,Warszawa,Polska,Zadar,Chorwacja
2025-11-23,,,WMI,ZAD,2025-11-07,Warszawa,Polska,Zadar,Chorwacja
2025-11-24,,,WMI,ZAD,2025-11-07,Warszawa,Polska,Zadar,Chorwacja
2025-11-25,,,WMI,ZAD,2025-11-07,Warszawa,Polska,Zadar,Chorwacja
2025-11-26,,,WMI,ZAD,2025-11-07,Warszawa,Polska,Zadar,Chorwacja
2025-11-27,,,WMI,ZAD,2025-11-07,Warszawa,Polska,Zadar,Chorwacja
2025-11-28,,,WMI,ZAD,2025-11-07,Warszawa,Polska,Zadar,Chorwacja
2025-11-29,,,WMI,ZAD,2025-11-07,Warszawa,Polska,Zadar,Chorwacja
2025-11-30,,,WMI,ZAD,2025-11-07,Warszawa,Polska,Zadar,Chorwacja
2025-12-01,,,WMI,ZAD,2025-11-07,Warszawa,Polska,Zadar,Chorwacja
2025-12-02,,,WMI,ZAD,2025-11-07,Warszawa,Polska,Zadar,Chorwacja
2025-12-03,,,WMI,ZAD,2025-11-07,Warszawa,Polska,Zadar,Chorwacja
2025-12-04,,,WMI,ZAD,2025-11-07,Warszawa,Polska,Zadar,Chorwacja
2025-12-05,,,WMI,ZAD,2025-11-07,Warszawa,Polska,Zadar,Chorwacja
2025-12-06,,,WMI,ZAD,2025-11-07,Warszawa,Polska,Zadar,Chorwacja
2025-12-07,,,WMI,ZAD,2025-11-07,Warszawa,Polska,Zadar,Chorwacja
2025-12-08,,,WMI,ZAD,2025-11-07,Warszawa,Polska,Zadar,Chorwacja
2025-12-09,,,WMI,ZAD,2025-11-07,Warszawa,Polska,Zadar,Chorwacja
2025-12-10,,,WMI,ZAD,2025-11-07,Warszawa,Polska,Zadar,Chorwacja
2025-12-11,,,WMI,ZAD,2025-11-07,Warszawa,Polska,Zadar,Chorwacja
2025-12-12,,,WMI,ZAD,2025-11-07,Warszawa,Polska,Zadar,Chorwacja
2025-12-13,,,WMI,ZAD,2025-11-07,Warszawa,Polska,Zadar,Chorwacja
2025-12-14,,,WMI,ZAD,2025-11-07,Warszawa,Polska,Zadar,Chorwacja
2025-12-15,,,WMI,ZAD,2025-11-07,Warszawa,Polska,Zadar,Chorwacja
2025-12-16,,,WMI,ZAD,2025-11-07,Warszawa,Polska,Zadar,Chorwacja
2025-12-17,,,WMI,ZAD,2025-11-07,Warszawa,Polska,Zadar,Chorwacja
2025-12-18,,,WMI,ZAD,2025-11-07,Warszawa,Polska,Zadar,Chorwacja
2025-12-19,,,WMI,ZAD,2025-11-07,Warszawa,Polska,Zadar,Chorwacja
2025-12-20,,,WMI,ZAD,2025-11-07,Warszawa,Polska,Zadar,Chorwacja
2025-12-21,,,WMI,ZAD,2025-11-07,Warszawa,Polska,Zadar,Chorwacja
2025-12-22,,,WMI,ZAD,2025-11-07,Warszawa,Polska,Zadar,Chorwacja
2025-12-23,,,WMI,ZAD,2025-11-07,Warszawa,Polska,Zadar,Chorwacja
2025-12-24,,,WMI,ZAD,2025-11-07,Warszawa,Polska,Zadar,Chorwacja
2025-12-25,,,WMI,ZAD,2025-11-07,Warszawa,Polska,Zadar,Chorwacja
2025-12-26,,,WMI,ZAD,2025-11-07,Warszawa,Polska,Zadar,Chorwacja
2025-12-27,,,WMI,ZAD,2025-11-07,Warszawa,Polska,Zadar,Chorwacja
2025-12-28,,,WMI,ZAD,2025-11-07,Warszawa,Polska,Zadar,Chorwacja
2025-12-29,,,WMI,ZAD,2025-11-07,Warszawa,Polska,Zadar,Chorwacja
2025-12-30,,,WMI,ZAD,2025-11-07,Warszawa,Polska,Zadar,Chorwacja
2025-12-31,,,WMI,ZAD,2025-11-07,Warszawa,Polska,Zadar,Chorwacja
2026-01-01,,,WMI,ZAD,2025-11-07,Warszawa,Polska,Zadar,Chorwacja
2026-01-02,,,WMI,ZAD,2025-11-07,Warszawa,Polska,Zadar,Chorwacja
2026-01-03,,,WMI,ZAD,2025-11-07,Warszawa,Polska,Zadar,Chorwacja
2026-01-04,,,WMI,ZAD,2025-11-07,Warszawa,Polska,Zadar,Chorwacja
2026-01-05,,,WMI,ZAD,2025-11-07,Warszawa,Polska,Zadar,Chorwacja
2026-01-06,,,WMI,ZAD,2025-11-07,Warszawa,Polska,Zadar,Chorwacja
2026-01-07,,,WMI,ZAD,2025-11-07,Warszawa,Polska,Zadar,Chorwacja
2026-01-08,,,WMI,ZAD,2025-11-07,Warszawa,Polska,Zadar,Chorwacja
2026-01-09,,,WMI,ZAD,2025-11-07,Warszawa,Polska,Zadar,Chorwacja
2026-01-10,,,WMI,ZAD,2025-11-07,Warszawa,Polska,Zadar,Chorwacja
2026-01-11,,,WMI,ZAD,2025-11-07,Warszawa,Polska,Zadar,Chorwacja
2026-01-12,,,WMI,ZAD,2025-11-07,Warszawa,Polska,Zadar,Chorwacja
2026-01-13,,,WMI,ZAD,2025-11-07,Warszawa,Polska,Zadar,Chorwacja
2026-01-14,,,WMI,ZAD,2025-11-07,Warszawa,Polska,Zadar,Chorwacja
2026-01-15,,,WMI,ZAD,2025-11-07,Warszawa,Polska,Zadar,Chorwacja
2026-01-16,,,WMI,ZAD,2025-11-07,Warszawa,Polska,Zadar,Chorwacja
2026-01-17,,,WMI,ZAD,2025-11-07,Warszawa,Polska,Zadar,Chorwacja
2026-01-18,,,WMI,ZAD,2025-11-07,Warszawa,Polska,Zadar,Chorwacja
2026-01-19,,,WMI,ZAD,2025-11-07,Warszawa,Polska,Zadar,Chorwacja
2026-01-20,,,WMI,ZAD,2025-11-07,Warszawa,Polska,Zadar,Chorwacja
2026-01-21,,,WMI,ZAD,2025-11-07,Warszawa,Polska,Zadar,Chorwacja
2026-01-22,,,WMI,ZAD,2025-11-07,Warszawa,Polska,Zadar,Chorwacja
2026-01-23,,,WMI,ZAD,2025-11-07,Warszawa,Polska,Zadar,Chorwacja
2026-01-24,,,WMI,ZAD,2025-11-07,Warszawa,Polska,Zadar,Chorwacja
2026-01-25,,,WMI,ZAD,2025-11-07,Warszawa,Polska,Zadar,Chorwacja
2026-01-26,,,WMI,ZAD,2025-11-07,Warszawa,Polska,Zadar,Chorwacja
2026-01-27,,,WMI,ZAD,2025-11-07,Warszawa,Polska,Zadar,Chorwacja
2026-01-28,,,WMI,ZAD,2025-11-07,Warszawa,Polska,Zadar,Chorwacja
2026-01-29,,,WMI,ZAD,2025-11-07,Warszawa,Polska,Zadar,Chorwacja
2026-01-30,,,WMI,ZAD,2025-11-07,Warszawa,Polska,Zadar,Chorwacja
2025-11-07,,,WMI,LCA,2025-11-07,Warszawa,Polska,Larnaka,Cypr
2025-11-08,,,WMI,LCA,2025-11-07,Warszawa,Polska,Larnaka,Cypr
2025-11-09,,,WMI,LCA,2025-11-07,Warszawa,Polska,Larnaka,Cypr
2025-11-10,,,WMI,LCA,2025-11-07,Warszawa,Polska,Larnaka,Cypr
2025-11-11,,,WMI,LCA,2025-11-07,Warszawa,Polska,Larnaka,Cypr
2025-11-12,,,WMI,LCA,2025-11-07,Warszawa,Polska,Larnaka,Cypr
2025-11-13,,,WMI,LCA,2025-11-07,Warszawa,Polska,Larnaka,Cypr
2025-11-14,,,WMI,LCA,2025-11-07,Warszawa,Polska,Larnaka,Cypr
2025-11-15,,,WMI,LCA,2025-11-07,Warszawa,Polska,Larnaka,Cypr
2025-11-16,,,WMI,LCA,2025-11-07,Warszawa,Polska,Larnaka,Cypr
2025-11-17,,,WMI,LCA,2025-11-07,Warszawa,Polska,Larnaka,Cypr
2025-11-18,,,WMI,LCA,2025-11-07,Warszawa,Polska,Larnaka,Cypr
2025-11-19,,,WMI,LCA,2025-11-07,Warszawa,Polska,Larnaka,Cypr
2025-11-20,,,WMI,LCA,2025-11-07,Warszawa,Polska,Larnaka,Cypr
2025-11-21,,,WMI,LCA,2025-11-07,Warszawa,Polska,Larnaka,Cypr
2025-11-22,,,WMI,LCA,2025-11-07,Warszawa,Polska,Larnaka,Cypr
2025-11-23,,,WMI,LCA,2025-11-07,Warszawa,Polska,Larnaka,Cypr
2025-11-24,,,WMI,LCA,2025-11-07,Warszawa,Polska,Larnaka,Cypr
2025-11-25,,,WMI,LCA,2025-11-07,Warszawa,Polska,Larnaka,Cypr
2025-11-26,,,WMI,LCA,2025-11-07,Warszawa,Polska,Larnaka,Cypr
2025-11-27,,,WMI,LCA,2025-11-07,Warszawa,Polska,Larnaka,Cypr
2025-11-28,,,WMI,LCA,2025-11-07,Warszawa,Polska,Larnaka,Cypr
2025-11-29,,,WMI,LCA,2025-11-07,Warszawa,Polska,Larnaka,Cypr
2025-11-30,,,WMI,LCA,2025-11-07,Warszawa,Polska,Larnaka,Cypr
2025-12-01,,,WMI,LCA,2025-11-07,Warszawa,Polska,Larnaka,Cypr
2025-12-02,,,WMI,LCA,2025-11-07,Warszawa,Polska,Larnaka,Cypr
2025-12-03,,,WMI,LCA,2025-11-07,Warszawa,Polska,Larnaka,Cypr
2025-12-04,,,WMI,LCA,2025-11-07,Warszawa,Polska,Larnaka,Cypr
2025-12-05,,,WMI,LCA,2025-11-07,Warszawa,Polska,Larnaka,Cypr
2025-12-06,,,WMI,LCA,2025-11-07,Warszawa,Polska,Larnaka,Cypr
2025-12-07,,,WMI,LCA,2025-11-07,Warszawa,Polska,Larnaka,Cypr
2025-12-08,,,WMI,LCA,2025-11-07,Warszawa,Polska,Larnaka,Cypr
2025-12-09,,,WMI,LCA,2025-11-07,Warszawa,Polska,Larnaka,Cypr
2025-12-10,,,WMI,LCA,2025-11-07,Warszawa,Polska,Larnaka,Cypr
2025-12-11,,,WMI,LCA,2025-11-07,Warszawa,Polska,Larnaka,Cypr
2025-12-12,,,WMI,LCA,2025-11-07,Warszawa,Polska,Larnaka,Cypr
2025-12-13,,,WMI,LCA,2025-11-07,Warszawa,Polska,Larnaka,Cypr
2025-12-14,,,WMI,LCA,2025-11-07,Warszawa,Polska,Larnaka,Cypr
2025-12-15,,,WMI,LCA,2025-11-07,Warszawa,Polska,Larnaka,Cypr
2025-12-16,,,WMI,LCA,2025-11-07,Warszawa,Polska,Larnaka,Cypr
2025-12-17,,,WMI,LCA,2025-11-07,Warszawa,Polska,Larnaka,Cypr
2025-12-18,,,WMI,LCA,2025-11-07,Warszawa,Polska,Larnaka,Cypr
2025-12-19,,,WMI,LCA,2025-11-07,Warszawa,Polska,Larnaka,Cypr
2025-12-20,,,WMI,LCA,2025-11-07,Warszawa,Polska,Larnaka,Cypr
2025-12-21,,,WMI,LCA,2025-11-07,Warszawa,Polska,Larnaka,Cypr
2025-12-22,,,WMI,LCA,2025-11-07,Warszawa,Polska,Larnaka,Cypr
2025-12-23,,,WMI,LCA,2025-11-07,Warszawa,Polska,Larnaka,Cypr
2025-12-24,,,WMI,LCA,2025-11-07,Warszawa,Polska,Larnaka,Cypr
2025-12-25,,,WMI,LCA,2025-11-07,Warszawa,Polska,Larnaka,Cypr
2025-12-26,,,WMI,LCA,2025-11-07,Warszawa,Polska,Larnaka,Cypr
2025-12-27,,,WMI,LCA,2025-11-07,Warszawa,Polska,Larnaka,Cypr
2025-12-28,,,WMI,LCA,2025-11-07,Warszawa,Polska,Larnaka,Cypr
2025-12-29,,,WMI,LCA,2025-11-07,Warszawa,Polska,Larnaka,Cypr
2025-12-30,,,WMI,LCA,2025-11-07,Warszawa,Polska,Larnaka,Cypr
2025-12-31,,,WMI,LCA,2025-11-07,Warszawa,Polska,Larnaka,Cypr
2026-01-01,,,WMI,LCA,2025-11-07,Warszawa,Polska,Larnaka,Cypr
2026-01-02,,,WMI,LCA,2025-11-07,Warszawa,Polska,Larnaka,Cypr
2026-01-03,,,WMI,LCA,2025-11-07,Warszawa,Polska,Larnaka,Cypr
2026-01-04,,,WMI,LCA,2025-11-07,Warszawa,Polska,Larnaka,Cypr
2026-01-05,,,WMI,LCA,2025-11-07,Warszawa,Polska,Larnaka,Cypr
2026-01-06,,,WMI,LCA,2025-11-07,Warszawa,Polska,Larnaka,Cypr
2026-01-07,,,WMI,LCA,2025-11-07,Warszawa,Polska,Larnaka,Cypr
2026-01-08,,,WMI,LCA,2025-11-07,Warszawa,Polska,Larnaka,Cypr
2026-01-09,,,WMI,LCA,2025-11-07,Warszawa,Polska,Larnaka,Cypr
2026-01-10,,,WMI,LCA,2025-11-07,Warszawa,Polska,Larnaka,Cypr
2026-01-11,,,WMI,LCA,2025-11-07,Warszawa,Polska,Larnaka,Cypr
2026-01-12,,,WMI,LCA,2025-11-07,Warszawa,Polska,Larnaka,Cypr
2026-01-13,,,WMI,LCA,2025-11-07,Warszawa,Polska,Larnaka,Cypr
2026-01-14,,,WMI,LCA,2025-11-07,Warszawa,Polska,Larnaka,Cypr
2026-01-15,,,WMI,LCA,2025-11-07,Warszawa,Polska,Larnaka,Cypr
2026-01-16,,,WMI,LCA,2025-11-07,Warszawa,Polska,Larnaka,Cypr
2026-01-17,,,WMI,LCA,2025-11-07,Warszawa,Polska,Larnaka,Cypr
2026-01-18,,,WMI,LCA,2025-11-07,Warszawa,Polska,Larnaka,Cypr
2026-01-19,,,WMI,LCA,2025-11-07,Warszawa,Polska,Larnaka,Cypr
2026-01-20,,,WMI,LCA,2025-11-07,Warszawa,Polska,Larnaka,Cypr
2026-01-21,,,WMI,LCA,2025-11-07,Warszawa,Polska,Larnaka,Cypr
2026-01-22,,,WMI,LCA,2025-11-07,Warszawa,Polska,Larnaka,Cypr
2026-01-23,,,WMI,LCA,2025-11-07,Warszawa,Polska,Larnaka,Cypr
2026-01-24,,,WMI,LCA,2025-11-07,Warszawa,Polska,Larnaka,Cypr
2026-01-25,,,WMI,LCA,2025-11-07,Warszawa,Polska,Larnaka,Cypr
2026-01-26,,,WMI,LCA,2025-11-07,Warszawa,Polska,Larnaka,Cypr
2026-01-27,,,WMI,LCA,2025-11-07,Warszawa,Polska,Larnaka,Cypr
2026-01-28,,,WMI,LCA,2025-11-07,Warszawa,Polska,Larnaka,Cypr
2026-01-29,,,WMI,LCA,2025-11-07,Warszawa,Polska,Larnaka,Cypr
2026-01-30,,,WMI,LCA,2025-11-07,Warszawa,Polska,Larnaka,Cypr
2025-11-14,,1286.0,WMI,PFO,2025-11-07,Warszawa,Polska,Pafos,Cypr
2025-11-15,,546.0,WMI,PFO,2025-11-07,Warszawa,Polska,Pafos,Cypr
2025-11-17,,242.0,WMI,PFO,2025-11-07,Warszawa,Polska,Pafos,Cypr
2025-11-20,,242.0,WMI,PFO,2025-11-07,Warszawa,Polska,Pafos,Cypr
2025-11-21,,154.0,WMI,PFO,2025-11-07,Warszawa,Polska,Pafos,Cypr
2025-11-22,,184.0,WMI,PFO,2025-11-07,Warszawa,Polska,Pafos,Cypr
2025-11-24,,184.0,WMI,PFO,2025-11-07,Warszawa,Polska,Pafos,Cypr
2025-11-27,,246.0,WMI,PFO,2025-11-07,Warszawa,Polska,Pafos,Cypr
2025-11-28,,119.0,WMI,PFO,2025-11-07,Warszawa,Polska,Pafos,Cypr
2025-11-29,,184.0,WMI,PFO,2025-11-07,Warszawa,Polska,Pafos,Cypr
2025-12-01,,125.0,WMI,PFO,2025-11-07,Warszawa,Polska,Pafos,Cypr
2025-12-02,,159.0,WMI,PFO,2025-11-07,Warszawa,Polska,Pafos,Cypr
2025-12-04,,159.0,WMI,PFO,2025-11-07,Warszawa,Polska,Pafos,Cypr
2025-12-05,,119.0,WMI,PFO,2025-11-07,Warszawa,Polska,Pafos,Cypr
2025-12-06,,119.0,WMI,PFO,2025-11-07,Warszawa,Polska,Pafos,Cypr
2025-12-08,,126.0,WMI,PFO,2025-11-07,Warszawa,Polska,Pafos,Cypr
2025-12-09,,159.0,WMI,PFO,2025-11-07,Warszawa,Polska,Pafos,Cypr
2025-12-11,,119.0,WMI,PFO,2025-11-07,Warszawa,Polska,Pafos,Cypr
2025-12-12,,119.0,WMI,PFO,2025-11-07,Warszawa,Polska,Pafos,Cypr
2025-12-13,,129.0,WMI,PFO,2025-11-07,Warszawa,Polska,Pafos,Cypr
2025-12-15,,125.0,WMI,PFO,2025-11-07,Warszawa,Polska,Pafos,Cypr
2025-12-16,,159.0,WMI,PFO,2025-11-07,Warszawa,Polska,Pafos,Cypr
2025-12-18,,148.0,WMI,PFO,2025-11-07,Warszawa,Polska,Pafos,Cypr
2025-12-19,,141.0,WMI,PFO,2025-11-07,Warszawa,Polska,Pafos,Cypr
2025-12-20,,252.0,WMI,PFO,2025-11-07,Warszawa,Polska,Pafos,Cypr
2025-12-22,,241.0,WMI,PFO,2025-11-07,Warszawa,Polska,Pafos,Cypr
2025-12-23,,309.0,WMI,PFO,2025-11-07,Warszawa,Polska,Pafos,Cypr
2025-12-25,,449.0,WMI,PFO,2025-11-07,Warszawa,Polska,Pafos,Cypr
2025-12-26,,788.0,WMI,PFO,2025-11-07,Warszawa,Polska,Pafos,Cypr
2025-12-27,,568.0,WMI,PFO,2025-11-07,Warszawa,Polska,Pafos,Cypr
2025-12-29,,667.0,WMI,PFO,2025-11-07,Warszawa,Polska,Pafos,Cypr
2025-12-30,,449.0,WMI,PFO,2025-11-07,Warszawa,Polska,Pafos,Cypr
2026-01-01,,154.0,WMI,PFO,2025-11-07,Warszawa,Polska,Pafos,Cypr
2026-01-02,,154.0,WMI,PFO,2025-11-07,Warszawa,Polska,Pafos,Cypr
2026-01-03,,154.0,WMI,PFO,2025-11-07,Warszawa,Polska,Pafos,Cypr
2026-01-05,,119.0,WMI,PFO,2025-11-07,Warszawa,Polska,Pafos,Cypr
2026-01-06,,159.0,WMI,PFO,2025-11-07,Warszawa,Polska,Pafos,Cypr
2026-01-08,,119.0,WMI,PFO,2025-11-07,Warszawa,Polska,Pafos,Cypr
2026-01-09,,119.0,WMI,PFO,2025-11-07,Warszawa,Polska,Pafos,Cypr
2026-01-10,,119.0,WMI,PFO,2025-11-07,Warszawa,Polska,Pafos,Cypr
2026-01-12,,119.0,WMI,PFO,2025-11-07,Warszawa,Polska,Pafos,Cypr
2026-01-13,,159.0,WMI,PFO,2025-11-07,Warszawa,Polska,Pafos,Cypr
2026-01-15,,219.0,WMI,PFO,2025-11-07,Warszawa,Polska,Pafos,Cypr
2026-01-16,,205.0,WMI,PFO,2025-11-07,Warszawa,Polska,Pafos,Cypr
2026-01-17,,219.0,WMI,PFO,2025-11-07,Warszawa,Polska,Pafos,Cypr
2026-01-19,,343.0,WMI,PFO,2025-11-07,Warszawa,Polska,Pafos,Cypr
2026-01-20,,299.0,WMI,PFO,2025-11-07,Warszawa,Polska,Pafos,Cypr
2026-01-22,,289.0,WMI,PFO,2025-11-07,Warszawa,Polska,Pafos,Cypr
2026-01-23,,170.0,WMI,PFO,2025-11-07,Warszawa,Polska,Pafos,Cypr
2026-01-24,,333.0,WMI,PFO,2025-11-07,Warszawa,Polska,Pafos,Cypr
2026-01-26,,254.0,WMI,PFO,2025-11-07,Warszawa,Polska,Pafos,Cypr
2026-01-27,,159.0,WMI,PFO,2025-11-07,Warszawa,Polska,Pafos,Cypr
2026-01-29,,128.0,WMI,PFO,2025-11-07,Warszawa,Polska,Pafos,Cypr
2026-01-30,,119.0,WMI,PFO,2025-11-07,Warszawa,Polska,Pafos,Cypr
2025-11-07,,,WMI,PFO,2025-11-07,Warszawa,Polska,Pafos,Cypr
2025-11-08,,,WMI,PFO,2025-11-07,Warszawa,Polska,Pafos,Cypr
2025-11-09,,,WMI,PFO,2025-11-07,Warszawa,Polska,Pafos,Cypr
2025-11-10,,,WMI,PFO,2025-11-07,Warszawa,Polska,Pafos,Cypr
2025-11-11,,,WMI,PFO,2025-11-07,Warszawa,Polska,Pafos,Cypr
2025-11-12,,,WMI,PFO,2025-11-07,Warszawa,Polska,Pafos,Cypr
2025-11-13,,,WMI,PFO,2025-11-07,Warszawa,Polska,Pafos,Cypr
2025-11-16,,,WMI,PFO,2025-11-07,Warszawa,Polska,Pafos,Cypr
2025-11-18,,,WMI,PFO,2025-11-07,Warszawa,Polska,Pafos,Cypr
2025-11-19,,,WMI,PFO,2025-11-07,Warszawa,Polska,Pafos,Cypr
2025-11-23,,,WMI,PFO,2025-11-07,Warszawa,Polska,Pafos,Cypr
2025-11-25,,,WMI,PFO,2025-11-07,Warszawa,Polska,Pafos,Cypr
2025-11-26,,,WMI,PFO,2025-11-07,Warszawa,Polska,Pafos,Cypr
2025-11-30,,,WMI,PFO,2025-11-07,Warszawa,Polska,Pafos,Cypr
2025-12-03,,,WMI,PFO,2025-11-07,Warszawa,Polska,Pafos,Cypr
2025-12-07,,,WMI,PFO,2025-11-07,Warszawa,Polska,Pafos,Cypr
2025-12-10,,,WMI,PFO,2025-11-07,Warszawa,Polska,Pafos,Cypr
2025-12-14,,,WMI,PFO,2025-11-07,Warszawa,Polska,Pafos,Cypr
2025-12-17,,,WMI,PFO,2025-11-07,Warszawa,Polska,Pafos,Cypr
2025-12-21,,,WMI,PFO,2025-11-07,Warszawa,Polska,Pafos,Cypr
2025-12-24,,,WMI,PFO,2025-11-07,Warszawa,Polska,Pafos,Cypr
2025-12-28,,,WMI,PFO,2025-11-07,Warszawa,Polska,Pafos,Cypr
2025-12-31,,,WMI,PFO,2025-11-07,Warszawa,Polska,Pafos,Cypr
2026-01-04,,,WMI,PFO,2025-11-07,Warszawa,Polska,Pafos,Cypr
2026-01-07,,,WMI,PFO,2025-11-07,Warszawa,Polska,Pafos,Cypr
2026-01-11,,,WMI,PFO,2025-11-07,Warszawa,Polska,Pafos,Cypr
2026-01-14,,,WMI,PFO,2025-11-07,Warszawa,Polska,Pafos,Cypr
2026-01-18,,,WMI,PFO,2025-11-07,Warszawa,Polska,Pafos,Cypr
2026-01-21,,,WMI,PFO,2025-11-07,Warszawa,Polska,Pafos,Cypr
2026-01-25,,,WMI,PFO,2025-11-07,Warszawa,Polska,Pafos,Cypr
2026-01-28,,,WMI,PFO,2025-11-07,Warszawa,Polska,Pafos,Cypr
2025-11-07,,,WMI,VAR,2025-11-07,Warszawa,Polska,Warna,Bułagria
2025-11-08,,,WMI,VAR,2025-11-07,Warszawa,Polska,Warna,Bułagria
2025-11-09,,,WMI,VAR,2025-11-07,Warszawa,Polska,Warna,Bułagria
2025-11-10,,,WMI,VAR,2025-11-07,Warszawa,Polska,Warna,Bułagria
2025-11-11,,,WMI,VAR,2025-11-07,Warszawa,Polska,Warna,Bułagria
2025-11-12,,,WMI,VAR,2025-11-07,Warszawa,Polska,Warna,Bułagria
2025-11-13,,,WMI,VAR,2025-11-07,Warszawa,Polska,Warna,Bułagria
2025-11-14,,,WMI,VAR,2025-11-07,Warszawa,Polska,Warna,Bułagria
2025-11-15,,,WMI,VAR,2025-11-07,Warszawa,Polska,Warna,Bułagria
2025-11-16,,,WMI,VAR,2025-11-07,Warszawa,Polska,Warna,Bułagria
2025-11-17,,,WMI,VAR,2025-11-07,Warszawa,Polska,Warna,Bułagria
2025-11-18,,,WMI,VAR,2025-11-07,Warszawa,Polska,Warna,Bułagria
2025-11-19,,,WMI,VAR,2025-11-07,Warszawa,Polska,Warna,Bułagria
2025-11-20,,,WMI,VAR,2025-11-07,Warszawa,Polska,Warna,Bułagria
2025-11-21,,,WMI,VAR,2025-11-07,Warszawa,Polska,Warna,Bułagria
2025-11-22,,,WMI,VAR,2025-11-07,Warszawa,Polska,Warna,Bułagria
2025-11-23,,,WMI,VAR,2025-11-07,Warszawa,Polska,Warna,Bułagria
2025-11-24,,,WMI,VAR,2025-11-07,Warszawa,Polska,Warna,Bułagria
2025-11-25,,,WMI,VAR,2025-11-07,Warszawa,Polska,Warna,Bułagria
2025-11-26,,,WMI,VAR,2025-11-07,Warszawa,Polska,Warna,Bułagria
2025-11-27,,,WMI,VAR,2025-11-07,Warszawa,Polska,Warna,Bułagria
2025-11-28,,,WMI,VAR,2025-11-07,Warszawa,Polska,Warna,Bułagria
2025-11-29,,,WMI,VAR,2025-11-07,Warszawa,Polska,Warna,Bułagria
2025-11-30,,,WMI,VAR,2025-11-07,Warszawa,Polska,Warna,Bułagria
2025-12-01,,,WMI,VAR,2025-11-07,Warszawa,Polska,Warna,Bułagria
2025-12-02,,,WMI,VAR,2025-11-07,Warszawa,Polska,Warna,Bułagria
2025-12-03,,,WMI,VAR,2025-11-07,Warszawa,Polska,Warna,Bułagria
2025-12-04,,,WMI,VAR,2025-11-07,Warszawa,Polska,Warna,Bułagria
2025-12-05,,,WMI,VAR,2025-11-07,Warszawa,Polska,Warna,Bułagria
2025-12-06,,,WMI,VAR,2025-11-07,Warszawa,Polska,Warna,Bułagria
2025-12-07,,,WMI,VAR,2025-11-07,Warszawa,Polska,Warna,Bułagria
2025-12-08,,,WMI,VAR,2025-11-07,Warszawa,Polska,Warna,Bułagria
2025-12-09,,,WMI,VAR,2025-11-07,Warszawa,Polska,Warna,Bułagria
2025-12-10,,,WMI,VAR,2025-11-07,Warszawa,Polska,Warna,Bułagria
2025-12-11,,,WMI,VAR,2025-11-07,Warszawa,Polska,Warna,Bułagria
2025-12-12,,,WMI,VAR,2025-11-07,Warszawa,Polska,Warna,Bułagria
2025-12-13,,,WMI,VAR,2025-11-07,Warszawa,Polska,Warna,Bułagria
2025-12-14,,,WMI,VAR,2025-11-07,Warszawa,Polska,Warna,Bułagria
2025-12-15,,,WMI,VAR,2025-11-07,Warszawa,Polska,Warna,Bułagria
2025-12-16,,,WMI,VAR,2025-11-07,Warszawa,Polska,Warna,Bułagria
2025-12-17,,,WMI,VAR,2025-11-07,Warszawa,Polska,Warna,Bułagria
2025-12-18,,,WMI,VAR,2025-11-07,Warszawa,Polska,Warna,Bułagria
2025-12-19,,,WMI,VAR,2025-11-07,Warszawa,Polska,Warna,Bułagria
2025-12-20,,,WMI,VAR,2025-11-07,Warszawa,Polska,Warna,Bułagria
2025-12-21,,,WMI,VAR,2025-11-07,Warszawa,Polska,Warna,Bułagria
2025-12-22,,,WMI,VAR,2025-11-07,Warszawa,Polska,Warna,Bułagria
2025-12-23,,,WMI,VAR,2025-11-07,Warszawa,Polska,Warna,Bułagria
2025-12-24,,,WMI,VAR,2025-11-07,Warszawa,Polska,Warna,Bułagria
2025-12-25,,,WMI,VAR,2025-11-07,Warszawa,Polska,Warna,Bułagria
2025-12-26,,,WMI,VAR,2025-11-07,Warszawa,Polska,Warna,Bułagria
2025-12-27,,,WMI,VAR,2025-11-07,Warszawa,Polska,Warna,Bułagria
2025-12-28,,,WMI,VAR,2025-11-07,Warszawa,Polska,Warna,Bułagria
2025-12-29,,,WMI,VAR,2025-11-07,Warszawa,Polska,Warna,Bułagria
2025-12-30,,,WMI,VAR,2025-11-07,Warszawa,Polska,Warna,Bułagria
2025-12-31,,,WMI,VAR,2025-11-07,Warszawa,Polska,Warna,Bułagria
2026-01-01,,,WMI,VAR,2025-11-07,Warszawa,Polska,Warna,Bułagria
2026-01-02,,,WMI,VAR,2025-11-07,Warszawa,Polska,Warna,Bułagria
2026-01-03,,,WMI,VAR,2025-11-07,Warszawa,Polska,Warna,Bułagria
2026-01-04,,,WMI,VAR,2025-11-07,Warszawa,Polska,Warna,Bułagria
2026-01-05,,,WMI,VAR,2025-11-07,Warszawa,Polska,Warna,Bułagria
2026-01-06,,,WMI,VAR,2025-11-07,Warszawa,Polska,Warna,Bułagria
2026-01-07,,,WMI,VAR,2025-11-07,Warszawa,Polska,Warna,Bułagria
2026-01-08,,,WMI,VAR,2025-11-07,Warszawa,Polska,Warna,Bułagria
2026-01-09,,,WMI,VAR,2025-11-07,Warszawa,Polska,Warna,Bułagria
2026-01-10,,,WMI,VAR,2025-11-07,Warszawa,Polska,Warna,Bułagria
2026-01-11,,,WMI,VAR,2025-11-07,Warszawa,Polska,Warna,Bułagria
2026-01-12,,,WMI,VAR,2025-11-07,Warszawa,Polska,Warna,Bułagria
2026-01-13,,,WMI,VAR,2025-11-07,Warszawa,Polska,Warna,Bułagria
2026-01-14,,,WMI,VAR,2025-11-07,Warszawa,Polska,Warna,Bułagria
2026-01-15,,,WMI,VAR,2025-11-07,Warszawa,Polska,Warna,Bułagria
2026-01-16,,,WMI,VAR,2025-11-07,Warszawa,Polska,Warna,Bułagria
2026-01-17,,,WMI,VAR,2025-11-07,Warszawa,Polska,Warna,Bułagria
2026-01-18,,,WMI,VAR,2025-11-07,Warszawa,Polska,Warna,Bułagria
2026-01-19,,,WMI,VAR,2025-11-07,Warszawa,Polska,Warna,Bułagria
2026-01-20,,,WMI,VAR,2025-11-07,Warszawa,Polska,Warna,Bułagria
2026-01-21,,,WMI,VAR,2025-11-07,Warszawa,Polska,Warna,Bułagria
2026-01-22,,,WMI,VAR,2025-11-07,Warszawa,Polska,Warna,Bułagria
2026-01-23,,,WMI,VAR,2025-11-07,Warszawa,Polska,Warna,Bułagria
2026-01-24,,,WMI,VAR,2025-11-07,Warszawa,Polska,Warna,Bułagria
2026-01-25,,,WMI,VAR,2025-11-07,Warszawa,Polska,Warna,Bułagria
2026-01-26,,,WMI,VAR,2025-11-07,Warszawa,Polska,Warna,Bułagria
2026-01-27,,,WMI,VAR,2025-11-07,Warszawa,Polska,Warna,Bułagria
2026-01-28,,,WMI,VAR,2025-11-07,Warszawa,Polska,Warna,Bułagria
2026-01-29,,,WMI,VAR,2025-11-07,Warszawa,Polska,Warna,Bułagria
2026-01-30,,,WMI,VAR,2025-11-07,Warszawa,Polska,Warna,Bułagria
2025-11-07,,,WMI,BOJ,2025-11-07,Warszawa,Polska,Burgas,Bułagria
2025-11-08,,,WMI,BOJ,2025-11-07,Warszawa,Polska,Burgas,Bułagria
2025-11-09,,,WMI,BOJ,2025-11-07,Warszawa,Polska,Burgas,Bułagria
2025-11-10,,,WMI,BOJ,2025-11-07,Warszawa,Polska,Burgas,Bułagria
2025-11-11,,,WMI,BOJ,2025-11-07,Warszawa,Polska,Burgas,Bułagria
2025-11-12,,,WMI,BOJ,2025-11-07,Warszawa,Polska,Burgas,Bułagria
2025-11-13,,,WMI,BOJ,2025-11-07,Warszawa,Polska,Burgas,Bułagria
2025-11-14,,,WMI,BOJ,2025-11-07,Warszawa,Polska,Burgas,Bułagria
2025-11-15,,,WMI,BOJ,2025-11-07,Warszawa,Polska,Burgas,Bułagria
2025-11-16,,,WMI,BOJ,2025-11-07,Warszawa,Polska,Burgas,Bułagria
2025-11-17,,,WMI,BOJ,2025-11-07,Warszawa,Polska,Burgas,Bułagria
2025-11-18,,,WMI,BOJ,2025-11-07,Warszawa,Polska,Burgas,Bułagria
2025-11-19,,,WMI,BOJ,2025-11-07,Warszawa,Polska,Burgas,Bułagria
2025-11-20,,,WMI,BOJ,2025-11-07,Warszawa,Polska,Burgas,Bułagria
2025-11-21,,,WMI,BOJ,2025-11-07,Warszawa,Polska,Burgas,Bułagria
2025-11-22,,,WMI,BOJ,2025-11-07,Warszawa,Polska,Burgas,Bułagria
2025-11-23,,,WMI,BOJ,2025-11-07,Warszawa,Polska,Burgas,Bułagria
2025-11-24,,,WMI,BOJ,2025-11-07,Warszawa,Polska,Burgas,Bułagria
2025-11-25,,,WMI,BOJ,2025-11-07,Warszawa,Polska,Burgas,Bułagria
2025-11-26,,,WMI,BOJ,2025-11-07,Warszawa,Polska,Burgas,Bułagria
2025-11-27,,,WMI,BOJ,2025-11-07,Warszawa,Polska,Burgas,Bułagria
2025-11-28,,,WMI,BOJ,2025-11-07,Warszawa,Polska,Burgas,Bułagria
2025-11-29,,,WMI,BOJ,2025-11-07,Warszawa,Polska,Burgas,Bułagria
2025-11-30,,,WMI,BOJ,2025-11-07,Warszawa,Polska,Burgas,Bułagria
2025-12-01,,,WMI,BOJ,2025-11-07,Warszawa,Polska,Burgas,Bułagria
2025-12-02,,,WMI,BOJ,2025-11-07,Warszawa,Polska,Burgas,Bułagria
2025-12-03,,,WMI,BOJ,2025-11-07,Warszawa,Polska,Burgas,Bułagria
2025-12-04,,,WMI,BOJ,2025-11-07,Warszawa,Polska,Burgas,Bułagria
2025-12-05,,,WMI,BOJ,2025-11-07,Warszawa,Polska,Burgas,Bułagria
2025-12-06,,,WMI,BOJ,2025-11-07,Warszawa,Polska,Burgas,Bułagria
2025-12-07,,,WMI,BOJ,2025-11-07,Warszawa,Polska,Burgas,Bułagria
2025-12-08,,,WMI,BOJ,2025-11-07,Warszawa,Polska,Burgas,Bułagria
2025-12-09,,,WMI,BOJ,2025-11-07,Warszawa,Polska,Burgas,Bułagria
2025-12-10,,,WMI,BOJ,2025-11-07,Warszawa,Polska,Burgas,Bułagria
2025-12-11,,,WMI,BOJ,2025-11-07,Warszawa,Polska,Burgas,Bułagria
2025-12-12,,,WMI,BOJ,2025-11-07,Warszawa,Polska,Burgas,Bułagria
2025-12-13,,,WMI,BOJ,2025-11-07,Warszawa,Polska,Burgas,Bułagria
2025-12-14,,,WMI,BOJ,2025-11-07,Warszawa,Polska,Burgas,Bułagria
2025-12-15,,,WMI,BOJ,2025-11-07,Warszawa,Polska,Burgas,Bułagria
2025-12-16,,,WMI,BOJ,2025-11-07,Warszawa,Polska,Burgas,Bułagria
2025-12-17,,,WMI,BOJ,2025-11-07,Warszawa,Polska,Burgas,Bułagria
2025-12-18,,,WMI,BOJ,2025-11-07,Warszawa,Polska,Burgas,Bułagria
2025-12-19,,,WMI,BOJ,2025-11-07,Warszawa,Polska,Burgas,Bułagria
2025-12-20,,,WMI,BOJ,2025-11-07,Warszawa,Polska,Burgas,Bułagria
2025-12-21,,,WMI,BOJ,2025-11-07,Warszawa,Polska,Burgas,Bułagria
2025-12-22,,,WMI,BOJ,2025-11-07,Warszawa,Polska,Burgas,Bułagria
2025-12-23,,,WMI,BOJ,2025-11-07,Warszawa,Polska,Burgas,Bułagria
2025-12-24,,,WMI,BOJ,2025-11-07,Warszawa,Polska,Burgas,Bułagria
2025-12-25,,,WMI,BOJ,2025-11-07,Warszawa,Polska,Burgas,Bułagria
2025-12-26,,,WMI,BOJ,2025-11-07,Warszawa,Polska,Burgas,Bułagria
2025-12-27,,,WMI,BOJ,2025-11-07,Warszawa,Polska,Burgas,Bułagria
2025-12-28,,,WMI,BOJ,2025-11-07,Warszawa,Polska,Burgas,Bułagria
2025-12-29,,,WMI,BOJ,2025-11-07,Warszawa,Polska,Burgas,Bułagria
2025-12-30,,,WMI,BOJ,2025-11-07,Warszawa,Polska,Burgas,Bułagria
2025-12-31,,,WMI,BOJ,2025-11-07,Warszawa,Polska,Burgas,Bułagria
2026-01-01,,,WMI,BOJ,2025-11-07,Warszawa,Polska,Burgas,Bułagria
2026-01-02,,,WMI,BOJ,2025-11-07,Warszawa,Polska,Burgas,Bułagria
2026-01-03,,,WMI,BOJ,2025-11-07,Warszawa,Polska,Burgas,Bułagria
2026-01-04,,,WMI,BOJ,2025-11-07,Warszawa,Polska,Burgas,Bułagria
2026-01-05,,,WMI,BOJ,2025-11-07,Warszawa,Polska,Burgas,Bułagria
2026-01-06,,,WMI,BOJ,2025-11-07,Warszawa,Polska,Burgas,Bułagria
2026-01-07,,,WMI,BOJ,2025-11-07,Warszawa,Polska,Burgas,Bułagria
2026-01-08,,,WMI,BOJ,2025-11-07,Warszawa,Polska,Burgas,Bułagria
2026-01-09,,,WMI,BOJ,2025-11-07,Warszawa,Polska,Burgas,Bułagria
2026-01-10,,,WMI,BOJ,2025-11-07,Warszawa,Polska,Burgas,Bułagria
2026-01-11,,,WMI,BOJ,2025-11-07,Warszawa,Polska,Burgas,Bułagria
2026-01-12,,,WMI,BOJ,2025-11-07,Warszawa,Polska,Burgas,Bułagria
2026-01-13,,,WMI,BOJ,2025-11-07,Warszawa,Polska,Burgas,Bułagria
2026-01-14,,,WMI,BOJ,2025-11-07,Warszawa,Polska,Burgas,Bułagria
2026-01-15,,,WMI,BOJ,2025-11-07,Warszawa,Polska,Burgas,Bułagria
2026-01-16,,,WMI,BOJ,2025-11-07,Warszawa,Polska,Burgas,Bułagria
2026-01-17,,,WMI,BOJ,2025-11-07,Warszawa,Polska,Burgas,Bułagria
2026-01-18,,,WMI,BOJ,2025-11-07,Warszawa,Polska,Burgas,Bułagria
2026-01-19,,,WMI,BOJ,2025-11-07,Warszawa,Polska,Burgas,Bułagria
2026-01-20,,,WMI,BOJ,2025-11-07,Warszawa,Polska,Burgas,Bułagria
2026-01-21,,,WMI,BOJ,2025-11-07,Warszawa,Polska,Burgas,Bułagria
2026-01-22,,,WMI,BOJ,2025-11-07,Warszawa,Polska,Burgas,Bułagria
2026-01-23,,,WMI,BOJ,2025-11-07,Warszawa,Polska,Burgas,Bułagria
2026-01-24,,,WMI,BOJ,2025-11-07,Warszawa,Polska,Burgas,Bułagria
2026-01-25,,,WMI,BOJ,2025-11-07,Warszawa,Polska,Burgas,Bułagria
2026-01-26,,,WMI,BOJ,2025-11-07,Warszawa,Polska,Burgas,Bułagria
2026-01-27,,,WMI,BOJ,2025-11-07,Warszawa,Polska,Burgas,Bułagria
2026-01-28,,,WMI,BOJ,2025-11-07,Warszawa,Polska,Burgas,Bułagria
2026-01-29,,,WMI,BOJ,2025-11-07,Warszawa,Polska,Burgas,Bułagria
2026-01-30,,,WMI,BOJ,2025-11-07,Warszawa,Polska,Burgas,Bułagria
2025-11-14,,333.0,WMI,SOF,2025-11-07,Warszawa,Polska,Sofia,Bułagria
2025-11-15,,188.0,WMI,SOF,2025-11-07,Warszawa,Polska,Sofia,Bułagria
2025-11-16,,69.0,WMI,SOF,2025-11-07,Warszawa,Polska,Sofia,Bułagria
2025-11-17,,69.0,WMI,SOF,2025-11-07,Warszawa,Polska,Sofia,Bułagria
2025-11-18,,192.0,WMI,SOF,2025-11-07,Warszawa,Polska,Sofia,Bułagria
2025-11-19,,69.0,WMI,SOF,2025-11-07,Warszawa,Polska,Sofia,Bułagria
2025-11-20,,133.0,WMI,SOF,2025-11-07,Warszawa,Polska,Sofia,Bułagria
2025-11-21,,133.0,WMI,SOF,2025-11-07,Warszawa,Polska,Sofia,Bułagria
2025-11-22,,192.0,WMI,SOF,2025-11-07,Warszawa,Polska,Sofia,Bułagria
2025-11-23,,158.0,WMI,SOF,2025-11-07,Warszawa,Polska,Sofia,Bułagria
2025-11-24,,137.0,WMI,SOF,2025-11-07,Warszawa,Polska,Sofia,Bułagria
2025-11-25,,69.0,WMI,SOF,2025-11-07,Warszawa,Polska,Sofia,Bułagria
2025-11-26,,69.0,WMI,SOF,2025-11-07,Warszawa,Polska,Sofia,Bułagria
2025-11-27,,69.0,WMI,SOF,2025-11-07,Warszawa,Polska,Sofia,Bułagria
2025-11-28,,133.0,WMI,SOF,2025-11-07,Warszawa,Polska,Sofia,Bułagria
2025-11-29,,69.0,WMI,SOF,2025-11-07,Warszawa,Polska,Sofia,Bułagria
2025-11-30,,158.0,WMI,SOF,2025-11-07,Warszawa,Polska,Sofia,Bułagria
2025-12-01,,107.0,WMI,SOF,2025-11-07,Warszawa,Polska,Sofia,Bułagria
2025-12-02,,107.0,WMI,SOF,2025-11-07,Warszawa,Polska,Sofia,Bułagria
2025-12-03,,69.0,WMI,SOF,2025-11-07,Warszawa,Polska,Sofia,Bułagria
2025-12-04,,69.0,WMI,SOF,2025-11-07,Warszawa,Polska,Sofia,Bułagria
2025-12-05,,69.0,WMI,SOF,2025-11-07,Warszawa,Polska,Sofia,Bułagria
2025-12-06,,69.0,WMI,SOF,2025-11-07,Warszawa,Polska,Sofia,Bułagria
2025-12-07,,69.0,WMI,SOF,2025-11-07,Warszawa,Polska,Sofia,Bułagria
2025-12-08,,115.0,WMI,SOF,2025-11-07,Warszawa,Polska,Sofia,Bułagria
2025-12-09,,152.0,WMI,SOF,2025-11-07,Warszawa,Polska,Sofia,Bułagria
2025-12-10,,69.0,WMI,SOF,2025-11-07,Warszawa,Polska,Sofia,Bułagria
2025-12-11,,69.0,WMI,SOF,2025-11-07,Warszawa,Polska,Sofia,Bułagria
2025-12-12,,113.0,WMI,SOF,2025-11-07,Warszawa,Polska,Sofia,Bułagria
2025-12-13,,69.0,WMI,SOF,2025-11-07,Warszawa,Polska,Sofia,Bułagria
2025-12-14,,115.0,WMI,SOF,2025-11-07,Warszawa,Polska,Sofia,Bułagria
2025-12-15,,69.0,WMI,SOF,2025-11-07,Warszawa,Polska,Sofia,Bułagria
2025-12-16,,69.0,WMI,SOF,2025-11-07,Warszawa,Polska,Sofia,Bułagria
2025-12-17,,69.0,WMI,SOF,2025-11-07,Warszawa,Polska,Sofia,Bułagria
2025-12-18,,82.0,WMI,SOF,2025-11-07,Warszawa,Polska,Sofia,Bułagria
2025-12-19,,109.0,WMI,SOF,2025-11-07,Warszawa,Polska,Sofia,Bułagria
2025-12-20,,111.0,WMI,SOF,2025-11-07,Warszawa,Polska,Sofia,Bułagria
2025-12-21,,143.0,WMI,SOF,2025-11-07,Warszawa,Polska,Sofia,Bułagria
2025-12-22,,133.0,WMI,SOF,2025-11-07,Warszawa,Polska,Sofia,Bułagria
2025-12-23,,111.0,WMI,SOF,2025-11-07,Warszawa,Polska,Sofia,Bułagria
2025-12-24,,82.0,WMI,SOF,2025-11-07,Warszawa,Polska,Sofia,Bułagria
2025-12-26,,109.0,WMI,SOF,2025-11-07,Warszawa,Polska,Sofia,Bułagria
2025-12-27,,174.0,WMI,SOF,2025-11-07,Warszawa,Polska,Sofia,Bułagria
2025-12-28,,147.0,WMI,SOF,2025-11-07,Warszawa,Polska,Sofia,Bułagria
2025-12-29,,192.0,WMI,SOF,2025-11-07,Warszawa,Polska,Sofia,Bułagria
2025-12-30,,231.0,WMI,SOF,2025-11-07,Warszawa,Polska,Sofia,Bułagria
2025-12-31,,165.0,WMI,SOF,2025-11-07,Warszawa,Polska,Sofia,Bułagria
2026-01-01,,291.0,WMI,SOF,2025-11-07,Warszawa,Polska,Sofia,Bułagria
2026-01-02,,249.0,WMI,SOF,2025-11-07,Warszawa,Polska,Sofia,Bułagria
2026-01-03,,188.0,WMI,SOF,2025-11-07,Warszawa,Polska,Sofia,Bułagria
2026-01-04,,188.0,WMI,SOF,2025-11-07,Warszawa,Polska,Sofia,Bułagria
2026-01-05,,82.0,WMI,SOF,2025-11-07,Warszawa,Polska,Sofia,Bułagria
2026-01-06,,188.0,WMI,SOF,2025-11-07,Warszawa,Polska,Sofia,Bułagria
2026-01-07,,82.0,WMI,SOF,2025-11-07,Warszawa,Polska,Sofia,Bułagria
2026-01-08,,82.0,WMI,SOF,2025-11-07,Warszawa,Polska,Sofia,Bułagria
2026-01-09,,82.0,WMI,SOF,2025-11-07,Warszawa,Polska,Sofia,Bułagria
2026-01-10,,158.0,WMI,SOF,2025-11-07,Warszawa,Polska,Sofia,Bułagria
2026-01-11,,82.0,WMI,SOF,2025-11-07,Warszawa,Polska,Sofia,Bułagria
2026-01-12,,82.0,WMI,SOF,2025-11-07,Warszawa,Polska,Sofia,Bułagria
2026-01-13,,158.0,WMI,SOF,2025-11-07,Warszawa,Polska,Sofia,Bułagria
2026-01-14,,82.0,WMI,SOF,2025-11-07,Warszawa,Polska,Sofia,Bułagria
2026-01-15,,158.0,WMI,SOF,2025-11-07,Warszawa,Polska,Sofia,Bułagria
2026-01-16,,82.0,WMI,SOF,2025-11-07,Warszawa,Polska,Sofia,Bułagria
2026-01-17,,158.0,WMI,SOF,2025-11-07,Warszawa,Polska,Sofia,Bułagria
2026-01-18,,82.0,WMI,SOF,2025-11-07,Warszawa,Polska,Sofia,Bułagria
2026-01-19,,82.0,WMI,SOF,2025-11-07,Warszawa,Polska,Sofia,Bułagria
2026-01-20,,158.0,WMI,SOF,2025-11-07,Warszawa,Polska,Sofia,Bułagria
2026-01-21,,82.0,WMI,SOF,2025-11-07,Warszawa,Polska,Sofia,Bułagria
2026-01-22,,158.0,WMI,SOF,2025-11-07,Warszawa,Polska,Sofia,Bułagria
2026-01-23,,82.0,WMI,SOF,2025-11-07,Warszawa,Polska,Sofia,Bułagria
2026-01-24,,158.0,WMI,SOF,2025-11-07,Warszawa,Polska,Sofia,Bułagria
2026-01-25,,82.0,WMI,SOF,2025-11-07,Warszawa,Polska,Sofia,Bułagria
2026-01-26,,82.0,WMI,SOF,2025-11-07,Warszawa,Polska,Sofia,Bułagria
2026-01-27,,158.0,WMI,SOF,2025-11-07,Warszawa,Polska,Sofia,Bułagria
2026-01-28,,82.0,WMI,SOF,2025-11-07,Warszawa,Polska,Sofia,Bułagria
2026-01-29,,158.0,WMI,SOF,2025-11-07,Warszawa,Polska,Sofia,Bułagria
2026-01-30,,116.0,WMI,SOF,2025-11-07,Warszawa,Polska,Sofia,Bułagria
2025-11-07,,,WMI,SOF,2025-11-07,Warszawa,Polska,Sofia,Bułagria
2025-11-08,,,WMI,SOF,2025-11-07,Warszawa,Polska,Sofia,Bułagria
2025-11-09,,,WMI,SOF,2025-11-07,Warszawa,Polska,Sofia,Bułagria
2025-11-10,,,WMI,SOF,2025-11-07,Warszawa,Polska,Sofia,Bułagria
2025-11-11,,,WMI,SOF,2025-11-07,Warszawa,Polska,Sofia,Bułagria
2025-11-12,,,WMI,SOF,2025-11-07,Warszawa,Polska,Sofia,Bułagria
2025-11-13,,,WMI,SOF,2025-11-07,Warszawa,Polska,Sofia,Bułagria
2025-12-25,,,WMI,SOF,2025-11-07,Warszawa,Polska,Sofia,Bułagria
2025-11-07,,,WMI,TGD,2025-11-07,Warszawa,Polska,Podgorica,Czarnogóra
2025-11-08,,,WMI,TGD,2025-11-07,Warszawa,Polska,Podgorica,Czarnogóra
2025-11-09,,,WMI,TGD,2025-11-07,Warszawa,Polska,Podgorica,Czarnogóra
2025-11-10,,,WMI,TGD,2025-11-07,Warszawa,Polska,Podgorica,Czarnogóra
2025-11-11,,,WMI,TGD,2025-11-07,Warszawa,Polska,Podgorica,Czarnogóra
2025-11-12,,,WMI,TGD,2025-11-07,Warszawa,Polska,Podgorica,Czarnogóra
2025-11-13,,,WMI,TGD,2025-11-07,Warszawa,Polska,Podgorica,Czarnogóra
2025-11-14,,,WMI,TGD,2025-11-07,Warszawa,Polska,Podgorica,Czarnogóra
2025-11-15,,,WMI,TGD,2025-11-07,Warszawa,Polska,Podgorica,Czarnogóra
2025-11-16,,,WMI,TGD,2025-11-07,Warszawa,Polska,Podgorica,Czarnogóra
2025-11-17,,,WMI,TGD,2025-11-07,Warszawa,Polska,Podgorica,Czarnogóra
2025-11-18,,,WMI,TGD,2025-11-07,Warszawa,Polska,Podgorica,Czarnogóra
2025-11-19,,,WMI,TGD,2025-11-07,Warszawa,Polska,Podgorica,Czarnogóra
2025-11-20,,,WMI,TGD,2025-11-07,Warszawa,Polska,Podgorica,Czarnogóra
2025-11-21,,,WMI,TGD,2025-11-07,Warszawa,Polska,Podgorica,Czarnogóra
2025-11-22,,,WMI,TGD,2025-11-07,Warszawa,Polska,Podgorica,Czarnogóra
2025-11-23,,,WMI,TGD,2025-11-07,Warszawa,Polska,Podgorica,Czarnogóra
2025-11-24,,,WMI,TGD,2025-11-07,Warszawa,Polska,Podgorica,Czarnogóra
2025-11-25,,,WMI,TGD,2025-11-07,Warszawa,Polska,Podgorica,Czarnogóra
2025-11-26,,,WMI,TGD,2025-11-07,Warszawa,Polska,Podgorica,Czarnogóra
2025-11-27,,,WMI,TGD,2025-11-07,Warszawa,Polska,Podgorica,Czarnogóra
2025-11-28,,,WMI,TGD,2025-11-07,Warszawa,Polska,Podgorica,Czarnogóra
2025-11-29,,,WMI,TGD,2025-11-07,Warszawa,Polska,Podgorica,Czarnogóra
2025-11-30,,,WMI,TGD,2025-11-07,Warszawa,Polska,Podgorica,Czarnogóra
2025-12-01,,,WMI,TGD,2025-11-07,Warszawa,Polska,Podgorica,Czarnogóra
2025-12-02,,,WMI,TGD,2025-11-07,Warszawa,Polska,Podgorica,Czarnogóra
2025-12-03,,,WMI,TGD,2025-11-07,Warszawa,Polska,Podgorica,Czarnogóra
2025-12-04,,,WMI,TGD,2025-11-07,Warszawa,Polska,Podgorica,Czarnogóra
2025-12-05,,,WMI,TGD,2025-11-07,Warszawa,Polska,Podgorica,Czarnogóra
2025-12-06,,,WMI,TGD,2025-11-07,Warszawa,Polska,Podgorica,Czarnogóra
2025-12-07,,,WMI,TGD,2025-11-07,Warszawa,Polska,Podgorica,Czarnogóra
2025-12-08,,,WMI,TGD,2025-11-07,Warszawa,Polska,Podgorica,Czarnogóra
2025-12-09,,,WMI,TGD,2025-11-07,Warszawa,Polska,Podgorica,Czarnogóra
2025-12-10,,,WMI,TGD,2025-11-07,Warszawa,Polska,Podgorica,Czarnogóra
2025-12-11,,,WMI,TGD,2025-11-07,Warszawa,Polska,Podgorica,Czarnogóra
2025-12-12,,,WMI,TGD,2025-11-07,Warszawa,Polska,Podgorica,Czarnogóra
2025-12-13,,,WMI,TGD,2025-11-07,Warszawa,Polska,Podgorica,Czarnogóra
2025-12-14,,,WMI,TGD,2025-11-07,Warszawa,Polska,Podgorica,Czarnogóra
2025-12-15,,,WMI,TGD,2025-11-07,Warszawa,Polska,Podgorica,Czarnogóra
2025-12-16,,,WMI,TGD,2025-11-07,Warszawa,Polska,Podgorica,Czarnogóra
2025-12-17,,,WMI,TGD,2025-11-07,Warszawa,Polska,Podgorica,Czarnogóra
2025-12-18,,,WMI,TGD,2025-11-07,Warszawa,Polska,Podgorica,Czarnogóra
2025-12-19,,,WMI,TGD,2025-11-07,Warszawa,Polska,Podgorica,Czarnogóra
2025-12-20,,,WMI,TGD,2025-11-07,Warszawa,Polska,Podgorica,Czarnogóra
2025-12-21,,,WMI,TGD,2025-11-07,Warszawa,Polska,Podgorica,Czarnogóra
2025-12-22,,,WMI,TGD,2025-11-07,Warszawa,Polska,Podgorica,Czarnogóra
2025-12-23,,,WMI,TGD,2025-11-07,Warszawa,Polska,Podgorica,Czarnogóra
2025-12-24,,,WMI,TGD,2025-11-07,Warszawa,Polska,Podgorica,Czarnogóra
2025-12-25,,,WMI,TGD,2025-11-07,Warszawa,Polska,Podgorica,Czarnogóra
2025-12-26,,,WMI,TGD,2025-11-07,Warszawa,Polska,Podgorica,Czarnogóra
2025-12-27,,,WMI,TGD,2025-11-07,Warszawa,Polska,Podgorica,Czarnogóra
2025-12-28,,,WMI,TGD,2025-11-07,Warszawa,Polska,Podgorica,Czarnogóra
2025-12-29,,,WMI,TGD,2025-11-07,Warszawa,Polska,Podgorica,Czarnogóra
2025-12-30,,,WMI,TGD,2025-11-07,Warszawa,Polska,Podgorica,Czarnogóra
2025-12-31,,,WMI,TGD,2025-11-07,Warszawa,Polska,Podgorica,Czarnogóra
2026-01-01,,,WMI,TGD,2025-11-07,Warszawa,Polska,Podgorica,Czarnogóra
2026-01-02,,,WMI,TGD,2025-11-07,Warszawa,Polska,Podgorica,Czarnogóra
2026-01-03,,,WMI,TGD,2025-11-07,Warszawa,Polska,Podgorica,Czarnogóra
2026-01-04,,,WMI,TGD,2025-11-07,Warszawa,Polska,Podgorica,Czarnogóra
2026-01-05,,,WMI,TGD,2025-11-07,Warszawa,Polska,Podgorica,Czarnogóra
2026-01-06,,,WMI,TGD,2025-11-07,Warszawa,Polska,Podgorica,Czarnogóra
2026-01-07,,,WMI,TGD,2025-11-07,Warszawa,Polska,Podgorica,Czarnogóra
2026-01-08,,,WMI,TGD,2025-11-07,Warszawa,Polska,Podgorica,Czarnogóra
2026-01-09,,,WMI,TGD,2025-11-07,Warszawa,Polska,Podgorica,Czarnogóra
2026-01-10,,,WMI,TGD,2025-11-07,Warszawa,Polska,Podgorica,Czarnogóra
2026-01-11,,,WMI,TGD,2025-11-07,Warszawa,Polska,Podgorica,Czarnogóra
2026-01-12,,,WMI,TGD,2025-11-07,Warszawa,Polska,Podgorica,Czarnogóra
2026-01-13,,,WMI,TGD,2025-11-07,Warszawa,Polska,Podgorica,Czarnogóra
2026-01-14,,,WMI,TGD,2025-11-07,Warszawa,Polska,Podgorica,Czarnogóra
2026-01-15,,,WMI,TGD,2025-11-07,Warszawa,Polska,Podgorica,Czarnogóra
2026-01-16,,,WMI,TGD,2025-11-07,Warszawa,Polska,Podgorica,Czarnogóra
2026-01-17,,,WMI,TGD,2025-11-07,Warszawa,Polska,Podgorica,Czarnogóra
2026-01-18,,,WMI,TGD,2025-11-07,Warszawa,Polska,Podgorica,Czarnogóra
2026-01-19,,,WMI,TGD,2025-11-07,Warszawa,Polska,Podgorica,Czarnogóra
2026-01-20,,,WMI,TGD,2025-11-07,Warszawa,Polska,Podgorica,Czarnogóra
2026-01-21,,,WMI,TGD,2025-11-07,Warszawa,Polska,Podgorica,Czarnogóra
2026-01-22,,,WMI,TGD,2025-11-07,Warszawa,Polska,Podgorica,Czarnogóra
2026-01-23,,,WMI,TGD,2025-11-07,Warszawa,Polska,Podgorica,Czarnogóra
2026-01-24,,,WMI,TGD,2025-11-07,Warszawa,Polska,Podgorica,Czarnogóra
2026-01-25,,,WMI,TGD,2025-11-07,Warszawa,Polska,Podgorica,Czarnogóra
2026-01-26,,,WMI,TGD,2025-11-07,Warszawa,Polska,Podgorica,Czarnogóra
2026-01-27,,,WMI,TGD,2025-11-07,Warszawa,Polska,Podgorica,Czarnogóra
2026-01-28,,,WMI,TGD,2025-11-07,Warszawa,Polska,Podgorica,Czarnogóra
2026-01-29,,,WMI,TGD,2025-11-07,Warszawa,Polska,Podgorica,Czarnogóra
2026-01-30,,,WMI,TGD,2025-11-07,Warszawa,Polska,Podgorica,Czarnogóra
2025-11-08,,835.0,WMI,TIA,2025-11-07,Warszawa,Polska,Tirana,Albania
2025-11-11,,244.0,WMI,TIA,2025-11-07,Warszawa,Polska,Tirana,Albania
2025-11-15,,69.0,WMI,TIA,2025-11-07,Warszawa,Polska,Tirana,Albania
2025-11-18,,69.0,WMI,TIA,2025-11-07,Warszawa,Polska,Tirana,Albania
2025-11-22,,69.0,WMI,TIA,2025-11-07,Warszawa,Polska,Tirana,Albania
2025-11-25,,69.0,WMI,TIA,2025-11-07,Warszawa,Polska,Tirana,Albania
2025-11-29,,69.0,WMI,TIA,2025-11-07,Warszawa,Polska,Tirana,Albania
2025-12-06,,69.0,WMI,TIA,2025-11-07,Warszawa,Polska,Tirana,Albania
2025-12-30,,413.0,WMI,TIA,2025-11-07,Warszawa,Polska,Tirana,Albania
2026-01-03,,146.0,WMI,TIA,2025-11-07,Warszawa,Polska,Tirana,Albania
2025-11-07,,,WMI,TIA,2025-11-07,Warszawa,Polska,Tirana,Albania
2025-11-09,,,WMI,TIA,2025-11-07,Warszawa,Polska,Tirana,Albania
2025-11-10,,,WMI,TIA,2025-11-07,Warszawa,Polska,Tirana,Albania
2025-11-12,,,WMI,TIA,2025-11-07,Warszawa,Polska,Tirana,Albania
2025-11-13,,,WMI,TIA,2025-11-07,Warszawa,Polska,Tirana,Albania
2025-11-14,,,WMI,TIA,2025-11-07,Warszawa,Polska,Tirana,Albania
2025-11-16,,,WMI,TIA,2025-11-07,Warszawa,Polska,Tirana,Albania
2025-11-17,,,WMI,TIA,2025-11-07,Warszawa,Polska,Tirana,Albania
2025-11-19,,,WMI,TIA,2025-11-07,Warszawa,Polska,Tirana,Albania
2025-11-20,,,WMI,TIA,2025-11-07,Warszawa,Polska,Tirana,Albania
2025-11-21,,,WMI,TIA,2025-11-07,Warszawa,Polska,Tirana,Albania
2025-11-23,,,WMI,TIA,2025-11-07,Warszawa,Polska,Tirana,Albania
2025-11-24,,,WMI,TIA,2025-11-07,Warszawa,Polska,Tirana,Albania
2025-11-26,,,WMI,TIA,2025-11-07,Warszawa,Polska,Tirana,Albania
2025-11-27,,,WMI,TIA,2025-11-07,Warszawa,Polska,Tirana,Albania
2025-11-28,,,WMI,TIA,2025-11-07,Warszawa,Polska,Tirana,Albania
2025-11-30,,,WMI,TIA,2025-11-07,Warszawa,Polska,Tirana,Albania
2025-12-01,,,WMI,TIA,2025-11-07,Warszawa,Polska,Tirana,Albania
2025-12-02,,,WMI,TIA,2025-11-07,Warszawa,Polska,Tirana,Albania
2025-12-03,,,WMI,TIA,2025-11-07,Warszawa,Polska,Tirana,Albania
2025-12-04,,,WMI,TIA,2025-11-07,Warszawa,Polska,Tirana,Albania
2025-12-05,,,WMI,TIA,2025-11-07,Warszawa,Polska,Tirana,Albania
2025-12-07,,,WMI,TIA,2025-11-07,Warszawa,Polska,Tirana,Albania
2025-12-08,,,WMI,TIA,2025-11-07,Warszawa,Polska,Tirana,Albania
2025-12-09,,,WMI,TIA,2025-11-07,Warszawa,Polska,Tirana,Albania
2025-12-10,,,WMI,TIA,2025-11-07,Warszawa,Polska,Tirana,Albania
2025-12-11,,,WMI,TIA,2025-11-07,Warszawa,Polska,Tirana,Albania
2025-12-12,,,WMI,TIA,2025-11-07,Warszawa,Polska,Tirana,Albania
2025-12-13,,,WMI,TIA,2025-11-07,Warszawa,Polska,Tirana,Albania
2025-12-14,,,WMI,TIA,2025-11-07,Warszawa,Polska,Tirana,Albania
2025-12-15,,,WMI,TIA,2025-11-07,Warszawa,Polska,Tirana,Albania
2025-12-16,,,WMI,TIA,2025-11-07,Warszawa,Polska,Tirana,Albania
2025-12-17,,,WMI,TIA,2025-11-07,Warszawa,Polska,Tirana,Albania
2025-12-18,,,WMI,TIA,2025-11-07,Warszawa,Polska,Tirana,Albania
2025-12-19,,,WMI,TIA,2025-11-07,Warszawa,Polska,Tirana,Albania
2025-12-20,,,WMI,TIA,2025-11-07,Warszawa,Polska,Tirana,Albania
2025-12-21,,,WMI,TIA,2025-11-07,Warszawa,Polska,Tirana,Albania
2025-12-22,,,WMI,TIA,2025-11-07,Warszawa,Polska,Tirana,Albania
2025-12-23,,,WMI,TIA,2025-11-07,Warszawa,Polska,Tirana,Albania
2025-12-24,,,WMI,TIA,2025-11-07,Warszawa,Polska,Tirana,Albania
2025-12-25,,,WMI,TIA,2025-11-07,Warszawa,Polska,Tirana,Albania
2025-12-26,,,WMI,TIA,2025-11-07,Warszawa,Polska,Tirana,Albania
2025-12-27,,,WMI,TIA,2025-11-07,Warszawa,Polska,Tirana,Albania
2025-12-28,,,WMI,TIA,2025-11-07,Warszawa,Polska,Tirana,Albania
2025-12-29,,,WMI,TIA,2025-11-07,Warszawa,Polska,Tirana,Albania
2025-12-31,,,WMI,TIA,2025-11-07,Warszawa,Polska,Tirana,Albania
2026-01-01,,,WMI,TIA,2025-11-07,Warszawa,Polska,Tirana,Albania
2026-01-02,,,WMI,TIA,2025-11-07,Warszawa,Polska,Tirana,Albania
2026-01-04,,,WMI,TIA,2025-11-07,Warszawa,Polska,Tirana,Albania
2026-01-05,,,WMI,TIA,2025-11-07,Warszawa,Polska,Tirana,Albania
2026-01-06,,,WMI,TIA,2025-11-07,Warszawa,Polska,Tirana,Albania
2026-01-07,,,WMI,TIA,2025-11-07,Warszawa,Polska,Tirana,Albania
2026-01-08,,,WMI,TIA,2025-11-07,Warszawa,Polska,Tirana,Albania
2026-01-09,,,WMI,TIA,2025-11-07,Warszawa,Polska,Tirana,Albania
2026-01-10,,,WMI,TIA,2025-11-07,Warszawa,Polska,Tirana,Albania
2026-01-11,,,WMI,TIA,2025-11-07,Warszawa,Polska,Tirana,Albania
2026-01-12,,,WMI,TIA,2025-11-07,Warszawa,Polska,Tirana,Albania
2026-01-13,,,WMI,TIA,2025-11-07,Warszawa,Polska,Tirana,Albania
2026-01-14,,,WMI,TIA,2025-11-07,Warszawa,Polska,Tirana,Albania
2026-01-15,,,WMI,TIA,2025-11-07,Warszawa,Polska,Tirana,Albania
2026-01-16,,,WMI,TIA,2025-11-07,Warszawa,Polska,Tirana,Albania
2026-01-17,,,WMI,TIA,2025-11-07,Warszawa,Polska,Tirana,Albania
2026-01-18,,,WMI,TIA,2025-11-07,Warszawa,Polska,Tirana,Albania
2026-01-19,,,WMI,TIA,2025-11-07,Warszawa,Polska,Tirana,Albania
2026-01-20,,,WMI,TIA,2025-11-07,Warszawa,Polska,Tirana,Albania
2026-01-21,,,WMI,TIA,2025-11-07,Warszawa,Polska,Tirana,Albania
2026-01-22,,,WMI,TIA,2025-11-07,Warszawa,Polska,Tirana,Albania
2026-01-23,,,WMI,TIA,2025-11-07,Warszawa,Polska,Tirana,Albania
2026-01-24,,,WMI,TIA,2025-11-07,Warszawa,Polska,Tirana,Albania
2026-01-25,,,WMI,TIA,2025-11-07,Warszawa,Polska,Tirana,Albania
2026-01-26,,,WMI,TIA,2025-11-07,Warszawa,Polska,Tirana,Albania
2026-01-27,,,WMI,TIA,2025-11-07,Warszawa,Polska,Tirana,Albania
2026-01-28,,,WMI,TIA,2025-11-07,Warszawa,Polska,Tirana,Albania
2026-01-29,,,WMI,TIA,2025-11-07,Warszawa,Polska,Tirana,Albania
2026-01-30,,,WMI,TIA,2025-11-07,Warszawa,Polska,Tirana,Albania
2025-11-09,,1722.0,WMI,LIS,2025-11-07,Warszawa,Polska,Lizbona,Portugalia
2025-11-12,,261.0,WMI,LIS,2025-11-07,Warszawa,Polska,Lizbona,Portugalia
2025-11-16,,169.0,WMI,LIS,2025-11-07,Warszawa,Polska,Lizbona,Portugalia
2025-11-19,,201.0,WMI,LIS,2025-11-07,Warszawa,Polska,Lizbona,Portugalia
2025-11-23,,437.0,WMI,LIS,2025-11-07,Warszawa,Polska,Lizbona,Portugalia
2025-11-26,,261.0,WMI,LIS,2025-11-07,Warszawa,Polska,Lizbona,Portugalia
2025-11-30,,261.0,WMI,LIS,2025-11-07,Warszawa,Polska,Lizbona,Portugalia
2025-12-03,,323.0,WMI,LIS,2025-11-07,Warszawa,Polska,Lizbona,Portugalia
2025-12-07,,261.0,WMI,LIS,2025-11-07,Warszawa,Polska,Lizbona,Portugalia
2025-12-10,,245.0,WMI,LIS,2025-11-07,Warszawa,Polska,Lizbona,Portugalia
2025-12-14,,437.0,WMI,LIS,2025-11-07,Warszawa,Polska,Lizbona,Portugalia
2025-12-17,,293.0,WMI,LIS,2025-11-07,Warszawa,Polska,Lizbona,Portugalia
2025-12-21,,473.0,WMI,LIS,2025-11-07,Warszawa,Polska,Lizbona,Portugalia
2025-12-24,,487.0,WMI,LIS,2025-11-07,Warszawa,Polska,Lizbona,Portugalia
2025-12-28,,662.0,WMI,LIS,2025-11-07,Warszawa,Polska,Lizbona,Portugalia
2025-12-31,,674.0,WMI,LIS,2025-11-07,Warszawa,Polska,Lizbona,Portugalia
2026-01-04,,553.0,WMI,LIS,2025-11-07,Warszawa,Polska,Lizbona,Portugalia
2026-01-07,,260.0,WMI,LIS,2025-11-07,Warszawa,Polska,Lizbona,Portugalia
2026-01-11,,169.0,WMI,LIS,2025-11-07,Warszawa,Polska,Lizbona,Portugalia
2026-01-14,,263.0,WMI,LIS,2025-11-07,Warszawa,Polska,Lizbona,Portugalia
2026-01-18,,293.0,WMI,LIS,2025-11-07,Warszawa,Polska,Lizbona,Portugalia
2026-01-21,,301.0,WMI,LIS,2025-11-07,Warszawa,Polska,Lizbona,Portugalia
2026-01-25,,169.0,WMI,LIS,2025-11-07,Warszawa,Polska,Lizbona,Portugalia
2026-01-28,,256.0,WMI,LIS,2025-11-07,Warszawa,Polska,Lizbona,Portugalia
2025-11-07,,,WMI,LIS,2025-11-07,Warszawa,Polska,Lizbona,Portugalia
2025-11-08,,,WMI,LIS,2025-11-07,Warszawa,Polska,Lizbona,Portugalia
2025-11-10,,,WMI,LIS,2025-11-07,Warszawa,Polska,Lizbona,Portugalia
2025-11-11,,,WMI,LIS,2025-11-07,Warszawa,Polska,Lizbona,Portugalia
2025-11-13,,,WMI,LIS,2025-11-07,Warszawa,Polska,Lizbona,Portugalia
2025-11-14,,,WMI,LIS,2025-11-07,Warszawa,Polska,Lizbona,Portugalia
2025-11-15,,,WMI,LIS,2025-11-07,Warszawa,Polska,Lizbona,Portugalia
2025-11-17,,,WMI,LIS,2025-11-07,Warszawa,Polska,Lizbona,Portugalia
2025-11-18,,,WMI,LIS,2025-11-07,Warszawa,Polska,Lizbona,Portugalia
2025-11-20,,,WMI,LIS,2025-11-07,Warszawa,Polska,Lizbona,Portugalia
2025-11-21,,,WMI,LIS,2025-11-07,Warszawa,Polska,Lizbona,Portugalia
2025-11-22,,,WMI,LIS,2025-11-07,Warszawa,Polska,Lizbona,Portugalia
2025-11-24,,,WMI,LIS,2025-11-07,Warszawa,Polska,Lizbona,Portugalia
2025-11-25,,,WMI,LIS,2025-11-07,Warszawa,Polska,Lizbona,Portugalia
2025-11-27,,,WMI,LIS,2025-11-07,Warszawa,Polska,Lizbona,Portugalia
2025-11-28,,,WMI,LIS,2025-11-07,Warszawa,Polska,Lizbona,Portugalia
2025-11-29,,,WMI,LIS,2025-11-07,Warszawa,Polska,Lizbona,Portugalia
2025-12-01,,,WMI,LIS,2025-11-07,Warszawa,Polska,Lizbona,Portugalia
2025-12-02,,,WMI,LIS,2025-11-07,Warszawa,Polska,Lizbona,Portugalia
2025-12-04,,,WMI,LIS,2025-11-07,Warszawa,Polska,Lizbona,Portugalia
2025-12-05,,,WMI,LIS,2025-11-07,Warszawa,Polska,Lizbona,Portugalia
2025-12-06,,,WMI,LIS,2025-11-07,Warszawa,Polska,Lizbona,Portugalia
2025-12-08,,,WMI,LIS,2025-11-07,Warszawa,Polska,Lizbona,Portugalia
2025-12-09,,,WMI,LIS,2025-11-07,Warszawa,Polska,Lizbona,Portugalia
2025-12-11,,,WMI,LIS,2025-11-07,Warszawa,Polska,Lizbona,Portugalia
2025-12-12,,,WMI,LIS,2025-11-07,Warszawa,Polska,Lizbona,Portugalia
2025-12-13,,,WMI,LIS,2025-11-07,Warszawa,Polska,Lizbona,Portugalia
2025-12-15,,,WMI,LIS,2025-11-07,Warszawa,Polska,Lizbona,Portugalia
2025-12-16,,,WMI,LIS,2025-11-07,Warszawa,Polska,Lizbona,Portugalia
2025-12-18,,,WMI,LIS,2025-11-07,Warszawa,Polska,Lizbona,Portugalia
2025-12-19,,,WMI,LIS,2025-11-07,Warszawa,Polska,Lizbona,Portugalia
2025-12-20,,,WMI,LIS,2025-11-07,Warszawa,Polska,Lizbona,Portugalia
2025-12-22,,,WMI,LIS,2025-11-07,Warszawa,Polska,Lizbona,Portugalia
2025-12-23,,,WMI,LIS,2025-11-07,Warszawa,Polska,Lizbona,Portugalia
2025-12-25,,,WMI,LIS,2025-11-07,Warszawa,Polska,Lizbona,Portugalia
2025-12-26,,,WMI,LIS,2025-11-07,Warszawa,Polska,Lizbona,Portugalia
2025-12-27,,,WMI,LIS,2025-11-07,Warszawa,Polska,Lizbona,Portugalia
2025-12-29,,,WMI,LIS,2025-11-07,Warszawa,Polska,Lizbona,Portugalia
2025-12-30,,,WMI,LIS,2025-11-07,Warszawa,Polska,Lizbona,Portugalia
2026-01-01,,,WMI,LIS,2025-11-07,Warszawa,Polska,Lizbona,Portugalia
2026-01-02,,,WMI,LIS,2025-11-07,Warszawa,Polska,Lizbona,Portugalia
2026-01-03,,,WMI,LIS,2025-11-07,Warszawa,Polska,Lizbona,Portugalia
2026-01-05,,,WMI,LIS,2025-11-07,Warszawa,Polska,Lizbona,Portugalia
2026-01-06,,,WMI,LIS,2025-11-07,Warszawa,Polska,Lizbona,Portugalia
2026-01-08,,,WMI,LIS,2025-11-07,Warszawa,Polska,Lizbona,Portugalia
2026-01-09,,,WMI,LIS,2025-11-07,Warszawa,Polska,Lizbona,Portugalia
2026-01-10,,,WMI,LIS,2025-11-07,Warszawa,Polska,Lizbona,Portugalia
2026-01-12,,,WMI,LIS,2025-11-07,Warszawa,Polska,Lizbona,Portugalia
2026-01-13,,,WMI,LIS,2025-11-07,Warszawa,Polska,Lizbona,Portugalia
2026-01-15,,,WMI,LIS,2025-11-07,Warszawa,Polska,Lizbona,Portugalia
2026-01-16,,,WMI,LIS,2025-11-07,Warszawa,Polska,Lizbona,Portugalia
2026-01-17,,,WMI,LIS,2025-11-07,Warszawa,Polska,Lizbona,Portugalia
2026-01-19,,,WMI,LIS,2025-11-07,Warszawa,Polska,Lizbona,Portugalia
2026-01-20,,,WMI,LIS,2025-11-07,Warszawa,Polska,Lizbona,Portugalia
2026-01-22,,,WMI,LIS,2025-11-07,Warszawa,Polska,Lizbona,Portugalia
2026-01-23,,,WMI,LIS,2025-11-07,Warszawa,Polska,Lizbona,Portugalia
2026-01-24,,,WMI,LIS,2025-11-07,Warszawa,Polska,Lizbona,Portugalia
2026-01-26,,,WMI,LIS,2025-11-07,Warszawa,Polska,Lizbona,Portugalia
2026-01-27,,,WMI,LIS,2025-11-07,Warszawa,Polska,Lizbona,Portugalia
2026-01-29,,,WMI,LIS,2025-11-07,Warszawa,Polska,Lizbona,Portugalia
2026-01-30,,,WMI,LIS,2025-11-07,Warszawa,Polska,Lizbona,Portugalia
2025-11-07,,,WMI,OPO,2025-11-07,Warszawa,Polska,Porto,Portugalia
2025-11-08,,,WMI,OPO,2025-11-07,Warszawa,Polska,Porto,Portugalia
2025-11-09,,,WMI,OPO,2025-11-07,Warszawa,Polska,Porto,Portugalia
2025-11-10,,,WMI,OPO,2025-11-07,Warszawa,Polska,Porto,Portugalia
2025-11-11,,,WMI,OPO,2025-11-07,Warszawa,Polska,Porto,Portugalia
2025-11-12,,,WMI,OPO,2025-11-07,Warszawa,Polska,Porto,Portugalia
2025-11-13,,,WMI,OPO,2025-11-07,Warszawa,Polska,Porto,Portugalia
2025-11-14,,,WMI,OPO,2025-11-07,Warszawa,Polska,Porto,Portugalia
2025-11-15,,,WMI,OPO,2025-11-07,Warszawa,Polska,Porto,Portugalia
2025-11-16,,,WMI,OPO,2025-11-07,Warszawa,Polska,Porto,Portugalia
2025-11-17,,,WMI,OPO,2025-11-07,Warszawa,Polska,Porto,Portugalia
2025-11-18,,,WMI,OPO,2025-11-07,Warszawa,Polska,Porto,Portugalia
2025-11-19,,,WMI,OPO,2025-11-07,Warszawa,Polska,Porto,Portugalia
2025-11-20,,,WMI,OPO,2025-11-07,Warszawa,Polska,Porto,Portugalia
2025-11-21,,,WMI,OPO,2025-11-07,Warszawa,Polska,Porto,Portugalia
2025-11-22,,,WMI,OPO,2025-11-07,Warszawa,Polska,Porto,Portugalia
2025-11-23,,,WMI,OPO,2025-11-07,Warszawa,Polska,Porto,Portugalia
2025-11-24,,,WMI,OPO,2025-11-07,Warszawa,Polska,Porto,Portugalia
2025-11-25,,,WMI,OPO,2025-11-07,Warszawa,Polska,Porto,Portugalia
2025-11-26,,,WMI,OPO,2025-11-07,Warszawa,Polska,Porto,Portugalia
2025-11-27,,,WMI,OPO,2025-11-07,Warszawa,Polska,Porto,Portugalia
2025-11-28,,,WMI,OPO,2025-11-07,Warszawa,Polska,Porto,Portugalia
2025-11-29,,,WMI,OPO,2025-11-07,Warszawa,Polska,Porto,Portugalia
2025-11-30,,,WMI,OPO,2025-11-07,Warszawa,Polska,Porto,Portugalia
2025-12-01,,,WMI,OPO,2025-11-07,Warszawa,Polska,Porto,Portugalia
2025-12-02,,,WMI,OPO,2025-11-07,Warszawa,Polska,Porto,Portugalia
2025-12-03,,,WMI,OPO,2025-11-07,Warszawa,Polska,Porto,Portugalia
2025-12-04,,,WMI,OPO,2025-11-07,Warszawa,Polska,Porto,Portugalia
2025-12-05,,,WMI,OPO,2025-11-07,Warszawa,Polska,Porto,Portugalia
2025-12-06,,,WMI,OPO,2025-11-07,Warszawa,Polska,Porto,Portugalia
2025-12-07,,,WMI,OPO,2025-11-07,Warszawa,Polska,Porto,Portugalia
2025-12-08,,,WMI,OPO,2025-11-07,Warszawa,Polska,Porto,Portugalia
2025-12-09,,,WMI,OPO,2025-11-07,Warszawa,Polska,Porto,Portugalia
2025-12-10,,,WMI,OPO,2025-11-07,Warszawa,Polska,Porto,Portugalia
2025-12-11,,,WMI,OPO,2025-11-07,Warszawa,Polska,Porto,Portugalia
2025-12-12,,,WMI,OPO,2025-11-07,Warszawa,Polska,Porto,Portugalia
2025-12-13,,,WMI,OPO,2025-11-07,Warszawa,Polska,Porto,Portugalia
2025-12-14,,,WMI,OPO,2025-11-07,Warszawa,Polska,Porto,Portugalia
2025-12-15,,,WMI,OPO,2025-11-07,Warszawa,Polska,Porto,Portugalia
2025-12-16,,,WMI,OPO,2025-11-07,Warszawa,Polska,Porto,Portugalia
2025-12-17,,,WMI,OPO,2025-11-07,Warszawa,Polska,Porto,Portugalia
2025-12-18,,,WMI,OPO,2025-11-07,Warszawa,Polska,Porto,Portugalia
2025-12-19,,,WMI,OPO,2025-11-07,Warszawa,Polska,Porto,Portugalia
2025-12-20,,,WMI,OPO,2025-11-07,Warszawa,Polska,Porto,Portugalia
2025-12-21,,,WMI,OPO,2025-11-07,Warszawa,Polska,Porto,Portugalia
2025-12-22,,,WMI,OPO,2025-11-07,Warszawa,Polska,Porto,Portugalia
2025-12-23,,,WMI,OPO,2025-11-07,Warszawa,Polska,Porto,Portugalia
2025-12-24,,,WMI,OPO,2025-11-07,Warszawa,Polska,Porto,Portugalia
2025-12-25,,,WMI,OPO,2025-11-07,Warszawa,Polska,Porto,Portugalia
2025-12-26,,,WMI,OPO,2025-11-07,Warszawa,Polska,Porto,Portugalia
2025-12-27,,,WMI,OPO,2025-11-07,Warszawa,Polska,Porto,Portugalia
2025-12-28,,,WMI,OPO,2025-11-07,Warszawa,Polska,Porto,Portugalia
2025-12-29,,,WMI,OPO,2025-11-07,Warszawa,Polska,Porto,Portugalia
2025-12-30,,,WMI,OPO,2025-11-07,Warszawa,Polska,Porto,Portugalia
2025-12-31,,,WMI,OPO,2025-11-07,Warszawa,Polska,Porto,Portugalia
2026-01-01,,,WMI,OPO,2025-11-07,Warszawa,Polska,Porto,Portugalia
2026-01-02,,,WMI,OPO,2025-11-07,Warszawa,Polska,Porto,Portugalia
2026-01-03,,,WMI,OPO,2025-11-07,Warszawa,Polska,Porto,Portugalia
2026-01-04,,,WMI,OPO,2025-11-07,Warszawa,Polska,Porto,Portugalia
2026-01-05,,,WMI,OPO,2025-11-07,Warszawa,Polska,Porto,Portugalia
2026-01-06,,,WMI,OPO,2025-11-07,Warszawa,Polska,Porto,Portugalia
2026-01-07,,,WMI,OPO,2025-11-07,Warszawa,Polska,Porto,Portugalia
2026-01-08,,,WMI,OPO,2025-11-07,Warszawa,Polska,Porto,Portugalia
2026-01-09,,,WMI,OPO,2025-11-07,Warszawa,Polska,Porto,Portugalia
2026-01-10,,,WMI,OPO,2025-11-07,Warszawa,Polska,Porto,Portugalia
2026-01-11,,,WMI,OPO,2025-11-07,Warszawa,Polska,Porto,Portugalia
2026-01-12,,,WMI,OPO,2025-11-07,Warszawa,Polska,Porto,Portugalia
2026-01-13,,,WMI,OPO,2025-11-07,Warszawa,Polska,Porto,Portugalia
2026-01-14,,,WMI,OPO,2025-11-07,Warszawa,Polska,Porto,Portugalia
2026-01-15,,,WMI,OPO,2025-11-07,Warszawa,Polska,Porto,Portugalia
2026-01-16,,,WMI,OPO,2025-11-07,Warszawa,Polska,Porto,Portugalia
2026-01-17,,,WMI,OPO,2025-11-07,Warszawa,Polska,Porto,Portugalia
2026-01-18,,,WMI,OPO,2025-11-07,Warszawa,Polska,Porto,Portugalia
2026-01-19,,,WMI,OPO,2025-11-07,Warszawa,Polska,Porto,Portugalia
2026-01-20,,,WMI,OPO,2025-11-07,Warszawa,Polska,Porto,Portugalia
2026-01-21,,,WMI,OPO,2025-11-07,Warszawa,Polska,Porto,Portugalia
2026-01-22,,,WMI,OPO,2025-11-07,Warszawa,Polska,Porto,Portugalia
2026-01-23,,,WMI,OPO,2025-11-07,Warszawa,Polska,Porto,Portugalia
2026-01-24,,,WMI,OPO,2025-11-07,Warszawa,Polska,Porto,Portugalia
2026-01-25,,,WMI,OPO,2025-11-07,Warszawa,Polska,Porto,Portugalia
2026-01-26,,,WMI,OPO,2025-11-07,Warszawa,Polska,Porto,Portugalia
2026-01-27,,,WMI,OPO,2025-11-07,Warszawa,Polska,Porto,Portugalia
2026-01-28,,,WMI,OPO,2025-11-07,Warszawa,Polska,Porto,Portugalia
2026-01-29,,,WMI,OPO,2025-11-07,Warszawa,Polska,Porto,Portugalia
2026-01-30,,,WMI,OPO,2025-11-07,Warszawa,Polska,Porto,Portugalia
2025-11-07,,,WMI,FNC,2025-11-07,Warszawa,Polska,Madera,Portugalia
2025-11-08,,,WMI,FNC,2025-11-07,Warszawa,Polska,Madera,Portugalia
2025-11-09,,,WMI,FNC,2025-11-07,Warszawa,Polska,Madera,Portugalia
2025-11-10,,,WMI,FNC,2025-11-07,Warszawa,Polska,Madera,Portugalia
2025-11-11,,,WMI,FNC,2025-11-07,Warszawa,Polska,Madera,Portugalia
2025-11-12,,,WMI,FNC,2025-11-07,Warszawa,Polska,Madera,Portugalia
2025-11-13,,,WMI,FNC,2025-11-07,Warszawa,Polska,Madera,Portugalia
2025-11-14,,,WMI,FNC,2025-11-07,Warszawa,Polska,Madera,Portugalia
2025-11-15,,,WMI,FNC,2025-11-07,Warszawa,Polska,Madera,Portugalia
2025-11-16,,,WMI,FNC,2025-11-07,Warszawa,Polska,Madera,Portugalia
2025-11-17,,,WMI,FNC,2025-11-07,Warszawa,Polska,Madera,Portugalia
2025-11-18,,,WMI,FNC,2025-11-07,Warszawa,Polska,Madera,Portugalia
2025-11-19,,,WMI,FNC,2025-11-07,Warszawa,Polska,Madera,Portugalia
2025-11-20,,,WMI,FNC,2025-11-07,Warszawa,Polska,Madera,Portugalia
2025-11-21,,,WMI,FNC,2025-11-07,Warszawa,Polska,Madera,Portugalia
2025-11-22,,,WMI,FNC,2025-11-07,Warszawa,Polska,Madera,Portugalia
2025-11-23,,,WMI,FNC,2025-11-07,Warszawa,Polska,Madera,Portugalia
2025-11-24,,,WMI,FNC,2025-11-07,Warszawa,Polska,Madera,Portugalia
2025-11-25,,,WMI,FNC,2025-11-07,Warszawa,Polska,Madera,Portugalia
2025-11-26,,,WMI,FNC,2025-11-07,Warszawa,Polska,Madera,Portugalia
2025-11-27,,,WMI,FNC,2025-11-07,Warszawa,Polska,Madera,Portugalia
2025-11-28,,,WMI,FNC,2025-11-07,Warszawa,Polska,Madera,Portugalia
2025-11-29,,,WMI,FNC,2025-11-07,Warszawa,Polska,Madera,Portugalia
2025-11-30,,,WMI,FNC,2025-11-07,Warszawa,Polska,Madera,Portugalia
2025-12-01,,,WMI,FNC,2025-11-07,Warszawa,Polska,Madera,Portugalia
2025-12-02,,,WMI,FNC,2025-11-07,Warszawa,Polska,Madera,Portugalia
2025-12-03,,,WMI,FNC,2025-11-07,Warszawa,Polska,Madera,Portugalia
2025-12-04,,,WMI,FNC,2025-11-07,Warszawa,Polska,Madera,Portugalia
2025-12-05,,,WMI,FNC,2025-11-07,Warszawa,Polska,Madera,Portugalia
2025-12-06,,,WMI,FNC,2025-11-07,Warszawa,Polska,Madera,Portugalia
2025-12-07,,,WMI,FNC,2025-11-07,Warszawa,Polska,Madera,Portugalia
2025-12-08,,,WMI,FNC,2025-11-07,Warszawa,Polska,Madera,Portugalia
2025-12-09,,,WMI,FNC,2025-11-07,Warszawa,Polska,Madera,Portugalia
2025-12-10,,,WMI,FNC,2025-11-07,Warszawa,Polska,Madera,Portugalia
2025-12-11,,,WMI,FNC,2025-11-07,Warszawa,Polska,Madera,Portugalia
2025-12-12,,,WMI,FNC,2025-11-07,Warszawa,Polska,Madera,Portugalia
2025-12-13,,,WMI,FNC,2025-11-07,Warszawa,Polska,Madera,Portugalia
2025-12-14,,,WMI,FNC,2025-11-07,Warszawa,Polska,Madera,Portugalia
2025-12-15,,,WMI,FNC,2025-11-07,Warszawa,Polska,Madera,Portugalia
2025-12-16,,,WMI,FNC,2025-11-07,Warszawa,Polska,Madera,Portugalia
2025-12-17,,,WMI,FNC,2025-11-07,Warszawa,Polska,Madera,Portugalia
2025-12-18,,,WMI,FNC,2025-11-07,Warszawa,Polska,Madera,Portugalia
2025-12-19,,,WMI,FNC,2025-11-07,Warszawa,Polska,Madera,Portugalia
2025-12-20,,,WMI,FNC,2025-11-07,Warszawa,Polska,Madera,Portugalia
2025-12-21,,,WMI,FNC,2025-11-07,Warszawa,Polska,Madera,Portugalia
2025-12-22,,,WMI,FNC,2025-11-07,Warszawa,Polska,Madera,Portugalia
2025-12-23,,,WMI,FNC,2025-11-07,Warszawa,Polska,Madera,Portugalia
2025-12-24,,,WMI,FNC,2025-11-07,Warszawa,Polska,Madera,Portugalia
2025-12-25,,,WMI,FNC,2025-11-07,Warszawa,Polska,Madera,Portugalia
2025-12-26,,,WMI,FNC,2025-11-07,Warszawa,Polska,Madera,Portugalia
2025-12-27,,,WMI,FNC,2025-11-07,Warszawa,Polska,Madera,Portugalia
2025-12-28,,,WMI,FNC,2025-11-07,Warszawa,Polska,Madera,Portugalia
2025-12-29,,,WMI,FNC,2025-11-07,Warszawa,Polska,Madera,Portugalia
2025-12-30,,,WMI,FNC,2025-11-07,Warszawa,Polska,Madera,Portugalia
2025-12-31,,,WMI,FNC,2025-11-07,Warszawa,Polska,Madera,Portugalia
2026-01-01,,,WMI,FNC,2025-11-07,Warszawa,Polska,Madera,Portugalia
2026-01-02,,,WMI,FNC,2025-11-07,Warszawa,Polska,Madera,Portugalia
2026-01-03,,,WMI,FNC,2025-11-07,Warszawa,Polska,Madera,Portugalia
2026-01-04,,,WMI,FNC,2025-11-07,Warszawa,Polska,Madera,Portugalia
2026-01-05,,,WMI,FNC,2025-11-07,Warszawa,Polska,Madera,Portugalia
2026-01-06,,,WMI,FNC,2025-11-07,Warszawa,Polska,Madera,Portugalia
2026-01-07,,,WMI,FNC,2025-11-07,Warszawa,Polska,Madera,Portugalia
2026-01-08,,,WMI,FNC,2025-11-07,Warszawa,Polska,Madera,Portugalia
2026-01-09,,,WMI,FNC,2025-11-07,Warszawa,Polska,Madera,Portugalia
2026-01-10,,,WMI,FNC,2025-11-07,Warszawa,Polska,Madera,Portugalia
2026-01-11,,,WMI,FNC,2025-11-07,Warszawa,Polska,Madera,Portugalia
2026-01-12,,,WMI,FNC,2025-11-07,Warszawa,Polska,Madera,Portugalia
2026-01-13,,,WMI,FNC,2025-11-07,Warszawa,Polska,Madera,Portugalia
2026-01-14,,,WMI,FNC,2025-11-07,Warszawa,Polska,Madera,Portugalia
2026-01-15,,,WMI,FNC,2025-11-07,Warszawa,Polska,Madera,Portugalia
2026-01-16,,,WMI,FNC,2025-11-07,Warszawa,Polska,Madera,Portugalia
2026-01-17,,,WMI,FNC,2025-11-07,Warszawa,Polska,Madera,Portugalia
2026-01-18,,,WMI,FNC,2025-11-07,Warszawa,Polska,Madera,Portugalia
2026-01-19,,,WMI,FNC,2025-11-07,Warszawa,Polska,Madera,Portugalia
2026-01-20,,,WMI,FNC,2025-11-07,Warszawa,Polska,Madera,Portugalia
2026-01-21,,,WMI,FNC,2025-11-07,Warszawa,Polska,Madera,Portugalia
2026-01-22,,,WMI,FNC,2025-11-07,Warszawa,Polska,Madera,Portugalia
2026-01-23,,,WMI,FNC,2025-11-07,Warszawa,Polska,Madera,Portugalia
2026-01-24,,,WMI,FNC,2025-11-07,Warszawa,Polska,Madera,Portugalia
2026-01-25,,,WMI,FNC,2025-11-07,Warszawa,Polska,Madera,Portugalia
2026-01-26,,,WMI,FNC,2025-11-07,Warszawa,Polska,Madera,Portugalia
2026-01-27,,,WMI,FNC,2025-11-07,Warszawa,Polska,Madera,Portugalia
2026-01-28,,,WMI,FNC,2025-11-07,Warszawa,Polska,Madera,Portugalia
2026-01-29,,,WMI,FNC,2025-11-07,Warszawa,Polska,Madera,Portugalia
2026-01-30,,,WMI,FNC,2025-11-07,Warszawa,Polska,Madera,Portugalia
2025-11-07,,,WMI,CDG,2025-11-07,Warszawa,Polska,Paryż,Francja
2025-11-08,,,WMI,CDG,2025-11-07,Warszawa,Polska,Paryż,Francja
2025-11-09,,,WMI,CDG,2025-11-07,Warszawa,Polska,Paryż,Francja
2025-11-10,,,WMI,CDG,2025-11-07,Warszawa,Polska,Paryż,Francja
2025-11-11,,,WMI,CDG,2025-11-07,Warszawa,Polska,Paryż,Francja
2025-11-12,,,WMI,CDG,2025-11-07,Warszawa,Polska,Paryż,Francja
2025-11-13,,,WMI,CDG,2025-11-07,Warszawa,Polska,Paryż,Francja
2025-11-14,,,WMI,CDG,2025-11-07,Warszawa,Polska,Paryż,Francja
2025-11-15,,,WMI,CDG,2025-11-07,Warszawa,Polska,Paryż,Francja
2025-11-16,,,WMI,CDG,2025-11-07,Warszawa,Polska,Paryż,Francja
2025-11-17,,,WMI,CDG,2025-11-07,Warszawa,Polska,Paryż,Francja
2025-11-18,,,WMI,CDG,2025-11-07,Warszawa,Polska,Paryż,Francja
2025-11-19,,,WMI,CDG,2025-11-07,Warszawa,Polska,Paryż,Francja
2025-11-20,,,WMI,CDG,2025-11-07,Warszawa,Polska,Paryż,Francja
2025-11-21,,,WMI,CDG,2025-11-07,Warszawa,Polska,Paryż,Francja
2025-11-22,,,WMI,CDG,2025-11-07,Warszawa,Polska,Paryż,Francja
2025-11-23,,,WMI,CDG,2025-11-07,Warszawa,Polska,Paryż,Francja
2025-11-24,,,WMI,CDG,2025-11-07,Warszawa,Polska,Paryż,Francja
2025-11-25,,,WMI,CDG,2025-11-07,Warszawa,Polska,Paryż,Francja
2025-11-26,,,WMI,CDG,2025-11-07,Warszawa,Polska,Paryż,Francja
2025-11-27,,,WMI,CDG,2025-11-07,Warszawa,Polska,Paryż,Francja
2025-11-28,,,WMI,CDG,2025-11-07,Warszawa,Polska,Paryż,Francja
2025-11-29,,,WMI,CDG,2025-11-07,Warszawa,Polska,Paryż,Francja
2025-11-30,,,WMI,CDG,2025-11-07,Warszawa,Polska,Paryż,Francja
2025-12-01,,,WMI,CDG,2025-11-07,Warszawa,Polska,Paryż,Francja
2025-12-02,,,WMI,CDG,2025-11-07,Warszawa,Polska,Paryż,Francja
2025-12-03,,,WMI,CDG,2025-11-07,Warszawa,Polska,Paryż,Francja
2025-12-04,,,WMI,CDG,2025-11-07,Warszawa,Polska,Paryż,Francja
2025-12-05,,,WMI,CDG,2025-11-07,Warszawa,Polska,Paryż,Francja
2025-12-06,,,WMI,CDG,2025-11-07,Warszawa,Polska,Paryż,Francja
2025-12-07,,,WMI,CDG,2025-11-07,Warszawa,Polska,Paryż,Francja
2025-12-08,,,WMI,CDG,2025-11-07,Warszawa,Polska,Paryż,Francja
2025-12-09,,,WMI,CDG,2025-11-07,Warszawa,Polska,Paryż,Francja
2025-12-10,,,WMI,CDG,2025-11-07,Warszawa,Polska,Paryż,Francja
2025-12-11,,,WMI,CDG,2025-11-07,Warszawa,Polska,Paryż,Francja
2025-12-12,,,WMI,CDG,2025-11-07,Warszawa,Polska,Paryż,Francja
2025-12-13,,,WMI,CDG,2025-11-07,Warszawa,Polska,Paryż,Francja
2025-12-14,,,WMI,CDG,2025-11-07,Warszawa,Polska,Paryż,Francja
2025-12-15,,,WMI,CDG,2025-11-07,Warszawa,Polska,Paryż,Francja
2025-12-16,,,WMI,CDG,2025-11-07,Warszawa,Polska,Paryż,Francja
2025-12-17,,,WMI,CDG,2025-11-07,Warszawa,Polska,Paryż,Francja
2025-12-18,,,WMI,CDG,2025-11-07,Warszawa,Polska,Paryż,Francja
2025-12-19,,,WMI,CDG,2025-11-07,Warszawa,Polska,Paryż,Francja
2025-12-20,,,WMI,CDG,2025-11-07,Warszawa,Polska,Paryż,Francja
2025-12-21,,,WMI,CDG,2025-11-07,Warszawa,Polska,Paryż,Francja
2025-12-22,,,WMI,CDG,2025-11-07,Warszawa,Polska,Paryż,Francja
2025-12-23,,,WMI,CDG,2025-11-07,Warszawa,Polska,Paryż,Francja
2025-12-24,,,WMI,CDG,2025-11-07,Warszawa,Polska,Paryż,Francja
2025-12-25,,,WMI,CDG,2025-11-07,Warszawa,Polska,Paryż,Francja
2025-12-26,,,WMI,CDG,2025-11-07,Warszawa,Polska,Paryż,Francja
2025-12-27,,,WMI,CDG,2025-11-07,Warszawa,Polska,Paryż,Francja
2025-12-28,,,WMI,CDG,2025-11-07,Warszawa,Polska,Paryż,Francja
2025-12-29,,,WMI,CDG,2025-11-07,Warszawa,Polska,Paryż,Francja
2025-12-30,,,WMI,CDG,2025-11-07,Warszawa,Polska,Paryż,Francja
2025-12-31,,,WMI,CDG,2025-11-07,Warszawa,Polska,Paryż,Francja
2026-01-01,,,WMI,CDG,2025-11-07,Warszawa,Polska,Paryż,Francja
2026-01-02,,,WMI,CDG,2025-11-07,Warszawa,Polska,Paryż,Francja
2026-01-03,,,WMI,CDG,2025-11-07,Warszawa,Polska,Paryż,Francja
2026-01-04,,,WMI,CDG,2025-11-07,Warszawa,Polska,Paryż,Francja
2026-01-05,,,WMI,CDG,2025-11-07,Warszawa,Polska,Paryż,Francja
2026-01-06,,,WMI,CDG,2025-11-07,Warszawa,Polska,Paryż,Francja
2026-01-07,,,WMI,CDG,2025-11-07,Warszawa,Polska,Paryż,Francja
2026-01-08,,,WMI,CDG,2025-11-07,Warszawa,Polska,Paryż,Francja
2026-01-09,,,WMI,CDG,2025-11-07,Warszawa,Polska,Paryż,Francja
2026-01-10,,,WMI,CDG,2025-11-07,Warszawa,Polska,Paryż,Francja
2026-01-11,,,WMI,CDG,2025-11-07,Warszawa,Polska,Paryż,Francja
2026-01-12,,,WMI,CDG,2025-11-07,Warszawa,Polska,Paryż,Francja
2026-01-13,,,WMI,CDG,2025-11-07,Warszawa,Polska,Paryż,Francja
2026-01-14,,,WMI,CDG,2025-11-07,Warszawa,Polska,Paryż,Francja
2026-01-15,,,WMI,CDG,2025-11-07,Warszawa,Polska,Paryż,Francja
2026-01-16,,,WMI,CDG,2025-11-07,Warszawa,Polska,Paryż,Francja
2026-01-17,,,WMI,CDG,2025-11-07,Warszawa,Polska,Paryż,Francja
2026-01-18,,,WMI,CDG,2025-11-07,Warszawa,Polska,Paryż,Francja
2026-01-19,,,WMI,CDG,2025-11-07,Warszawa,Polska,Paryż,Francja
2026-01-20,,,WMI,CDG,2025-11-07,Warszawa,Polska,Paryż,Francja
2026-01-21,,,WMI,CDG,2025-11-07,Warszawa,Polska,Paryż,Francja
2026-01-22,,,WMI,CDG,2025-11-07,Warszawa,Polska,Paryż,Francja
2026-01-23,,,WMI,CDG,2025-11-07,Warszawa,Polska,Paryż,Francja
2026-01-24,,,WMI,CDG,2025-11-07,Warszawa,Polska,Paryż,Francja
2026-01-25,,,WMI,CDG,2025-11-07,Warszawa,Polska,Paryż,Francja
2026-01-26,,,WMI,CDG,2025-11-07,Warszawa,Polska,Paryż,Francja
2026-01-27,,,WMI,CDG,2025-11-07,Warszawa,Polska,Paryż,Francja
2026-01-28,,,WMI,CDG,2025-11-07,Warszawa,Polska,Paryż,Francja
2026-01-29,,,WMI,CDG,2025-11-07,Warszawa,Polska,Paryż,Francja
2026-01-30,,,WMI,CDG,2025-11-07,Warszawa,Polska,Paryż,Francja
2025-11-07,,,WMI,ORY,2025-11-07,Warszawa,Polska,Paryż,Francja
2025-11-08,,,WMI,ORY,2025-11-07,Warszawa,Polska,Paryż,Francja
2025-11-09,,,WMI,ORY,2025-11-07,Warszawa,Polska,Paryż,Francja
2025-11-10,,,WMI,ORY,2025-11-07,Warszawa,Polska,Paryż,Francja
2025-11-11,,,WMI,ORY,2025-11-07,Warszawa,Polska,Paryż,Francja
2025-11-12,,,WMI,ORY,2025-11-07,Warszawa,Polska,Paryż,Francja
2025-11-13,,,WMI,ORY,2025-11-07,Warszawa,Polska,Paryż,Francja
2025-11-14,,,WMI,ORY,2025-11-07,Warszawa,Polska,Paryż,Francja
2025-11-15,,,WMI,ORY,2025-11-07,Warszawa,Polska,Paryż,Francja
2025-11-16,,,WMI,ORY,2025-11-07,Warszawa,Polska,Paryż,Francja
2025-11-17,,,WMI,ORY,2025-11-07,Warszawa,Polska,Paryż,Francja
2025-11-18,,,WMI,ORY,2025-11-07,Warszawa,Polska,Paryż,Francja
2025-11-19,,,WMI,ORY,2025-11-07,Warszawa,Polska,Paryż,Francja
2025-11-20,,,WMI,ORY,2025-11-07,Warszawa,Polska,Paryż,Francja
2025-11-21,,,WMI,ORY,2025-11-07,Warszawa,Polska,Paryż,Francja
2025-11-22,,,WMI,ORY,2025-11-07,Warszawa,Polska,Paryż,Francja
2025-11-23,,,WMI,ORY,2025-11-07,Warszawa,Polska,Paryż,Francja
2025-11-24,,,WMI,ORY,2025-11-07,Warszawa,Polska,Paryż,Francja
2025-11-25,,,WMI,ORY,2025-11-07,Warszawa,Polska,Paryż,Francja
2025-11-26,,,WMI,ORY,2025-11-07,Warszawa,Polska,Paryż,Francja
2025-11-27,,,WMI,ORY,2025-11-07,Warszawa,Polska,Paryż,Francja
2025-11-28,,,WMI,ORY,2025-11-07,Warszawa,Polska,Paryż,Francja
2025-11-29,,,WMI,ORY,2025-11-07,Warszawa,Polska,Paryż,Francja
2025-11-30,,,WMI,ORY,2025-11-07,Warszawa,Polska,Paryż,Francja
2025-12-01,,,WMI,ORY,2025-11-07,Warszawa,Polska,Paryż,Francja
2025-12-02,,,WMI,ORY,2025-11-07,Warszawa,Polska,Paryż,Francja
2025-12-03,,,WMI,ORY,2025-11-07,Warszawa,Polska,Paryż,Francja
2025-12-04,,,WMI,ORY,2025-11-07,Warszawa,Polska,Paryż,Francja
2025-12-05,,,WMI,ORY,2025-11-07,Warszawa,Polska,Paryż,Francja
2025-12-06,,,WMI,ORY,2025-11-07,Warszawa,Polska,Paryż,Francja
2025-12-07,,,WMI,ORY,2025-11-07,Warszawa,Polska,Paryż,Francja
2025-12-08,,,WMI,ORY,2025-11-07,Warszawa,Polska,Paryż,Francja
2025-12-09,,,WMI,ORY,2025-11-07,Warszawa,Polska,Paryż,Francja
2025-12-10,,,WMI,ORY,2025-11-07,Warszawa,Polska,Paryż,Francja
2025-12-11,,,WMI,ORY,2025-11-07,Warszawa,Polska,Paryż,Francja
2025-12-12,,,WMI,ORY,2025-11-07,Warszawa,Polska,Paryż,Francja
2025-12-13,,,WMI,ORY,2025-11-07,Warszawa,Polska,Paryż,Francja
2025-12-14,,,WMI,ORY,2025-11-07,Warszawa,Polska,Paryż,Francja
2025-12-15,,,WMI,ORY,2025-11-07,Warszawa,Polska,Paryż,Francja
2025-12-16,,,WMI,ORY,2025-11-07,Warszawa,Polska,Paryż,Francja
2025-12-17,,,WMI,ORY,2025-11-07,Warszawa,Polska,Paryż,Francja
2025-12-18,,,WMI,ORY,2025-11-07,Warszawa,Polska,Paryż,Francja
2025-12-19,,,WMI,ORY,2025-11-07,Warszawa,Polska,Paryż,Francja
2025-12-20,,,WMI,ORY,2025-11-07,Warszawa,Polska,Paryż,Francja
2025-12-21,,,WMI,ORY,2025-11-07,Warszawa,Polska,Paryż,Francja
2025-12-22,,,WMI,ORY,2025-11-07,Warszawa,Polska,Paryż,Francja
2025-12-23,,,WMI,ORY,2025-11-07,Warszawa,Polska,Paryż,Francja
2025-12-24,,,WMI,ORY,2025-11-07,Warszawa,Polska,Paryż,Francja
2025-12-25,,,WMI,ORY,2025-11-07,Warszawa,Polska,Paryż,Francja
2025-12-26,,,WMI,ORY,2025-11-07,Warszawa,Polska,Paryż,Francja
2025-12-27,,,WMI,ORY,2025-11-07,Warszawa,Polska,Paryż,Francja
2025-12-28,,,WMI,ORY,2025-11-07,Warszawa,Polska,Paryż,Francja
2025-12-29,,,WMI,ORY,2025-11-07,Warszawa,Polska,Paryż,Francja
2025-12-30,,,WMI,ORY,2025-11-07,Warszawa,Polska,Paryż,Francja
2025-12-31,,,WMI,ORY,2025-11-07,Warszawa,Polska,Paryż,Francja
2026-01-01,,,WMI,ORY,2025-11-07,Warszawa,Polska,Paryż,Francja
2026-01-02,,,WMI,ORY,2025-11-07,Warszawa,Polska,Paryż,Francja
2026-01-03,,,WMI,ORY,2025-11-07,Warszawa,Polska,Paryż,Francja
2026-01-04,,,WMI,ORY,2025-11-07,Warszawa,Polska,Paryż,Francja
2026-01-05,,,WMI,ORY,2025-11-07,Warszawa,Polska,Paryż,Francja
2026-01-06,,,WMI,ORY,2025-11-07,Warszawa,Polska,Paryż,Francja
2026-01-07,,,WMI,ORY,2025-11-07,Warszawa,Polska,Paryż,Francja
2026-01-08,,,WMI,ORY,2025-11-07,Warszawa,Polska,Paryż,Francja
2026-01-09,,,WMI,ORY,2025-11-07,Warszawa,Polska,Paryż,Francja
2026-01-10,,,WMI,ORY,2025-11-07,Warszawa,Polska,Paryż,Francja
2026-01-11,,,WMI,ORY,2025-11-07,Warszawa,Polska,Paryż,Francja
2026-01-12,,,WMI,ORY,2025-11-07,Warszawa,Polska,Paryż,Francja
2026-01-13,,,WMI,ORY,2025-11-07,Warszawa,Polska,Paryż,Francja
2026-01-14,,,WMI,ORY,2025-11-07,Warszawa,Polska,Paryż,Francja
2026-01-15,,,WMI,ORY,2025-11-07,Warszawa,Polska,Paryż,Francja
2026-01-16,,,WMI,ORY,2025-11-07,Warszawa,Polska,Paryż,Francja
2026-01-17,,,WMI,ORY,2025-11-07,Warszawa,Polska,Paryż,Francja
2026-01-18,,,WMI,ORY,2025-11-07,Warszawa,Polska,Paryż,Francja
2026-01-19,,,WMI,ORY,2025-11-07,Warszawa,Polska,Paryż,Francja
2026-01-20,,,WMI,ORY,2025-11-07,Warszawa,Polska,Paryż,Francja
2026-01-21,,,WMI,ORY,2025-11-07,Warszawa,Polska,Paryż,Francja
2026-01-22,,,WMI,ORY,2025-11-07,Warszawa,Polska,Paryż,Francja
2026-01-23,,,WMI,ORY,2025-11-07,Warszawa,Polska,Paryż,Francja
2026-01-24,,,WMI,ORY,2025-11-07,Warszawa,Polska,Paryż,Francja
2026-01-25,,,WMI,ORY,2025-11-07,Warszawa,Polska,Paryż,Francja
2026-01-26,,,WMI,ORY,2025-11-07,Warszawa,Polska,Paryż,Francja
2026-01-27,,,WMI,ORY,2025-11-07,Warszawa,Polska,Paryż,Francja
2026-01-28,,,WMI,ORY,2025-11-07,Warszawa,Polska,Paryż,Francja
2026-01-29,,,WMI,ORY,2025-11-07,Warszawa,Polska,Paryż,Francja
2026-01-30,,,WMI,ORY,2025-11-07,Warszawa,Polska,Paryż,Francja
2025-11-08,,1000.0,WMI,BVA,2025-11-07,Warszawa,Polska,Paryż,Francja
2025-11-09,,617.0,WMI,BVA,2025-11-07,Warszawa,Polska,Paryż,Francja
2025-11-10,,1284.0,WMI,BVA,2025-11-07,Warszawa,Polska,Paryż,Francja
2025-11-13,,837.0,WMI,BVA,2025-11-07,Warszawa,Polska,Paryż,Francja
2025-11-15,,248.0,WMI,BVA,2025-11-07,Warszawa,Polska,Paryż,Francja
2025-11-16,,178.0,WMI,BVA,2025-11-07,Warszawa,Polska,Paryż,Francja
2025-11-17,,133.0,WMI,BVA,2025-11-07,Warszawa,Polska,Paryż,Francja
2025-11-20,,252.0,WMI,BVA,2025-11-07,Warszawa,Polska,Paryż,Francja
2025-11-22,,97.0,WMI,BVA,2025-11-07,Warszawa,Polska,Paryż,Francja
2025-11-23,,95.0,WMI,BVA,2025-11-07,Warszawa,Polska,Paryż,Francja
2025-11-24,,103.0,WMI,BVA,2025-11-07,Warszawa,Polska,Paryż,Francja
2025-11-27,,218.0,WMI,BVA,2025-11-07,Warszawa,Polska,Paryż,Francja
2025-11-29,,95.0,WMI,BVA,2025-11-07,Warszawa,Polska,Paryż,Francja
2025-11-30,,95.0,WMI,BVA,2025-11-07,Warszawa,Polska,Paryż,Francja
2025-12-01,,111.0,WMI,BVA,2025-11-07,Warszawa,Polska,Paryż,Francja
2025-12-04,,222.0,WMI,BVA,2025-11-07,Warszawa,Polska,Paryż,Francja
2025-12-06,,102.0,WMI,BVA,2025-11-07,Warszawa,Polska,Paryż,Francja
2025-12-07,,95.0,WMI,BVA,2025-11-07,Warszawa,Polska,Paryż,Francja
2025-12-08,,95.0,WMI,BVA,2025-11-07,Warszawa,Polska,Paryż,Francja
2025-12-11,,340.0,WMI,BVA,2025-11-07,Warszawa,Polska,Paryż,Francja
2025-12-13,,112.0,WMI,BVA,2025-11-07,Warszawa,Polska,Paryż,Francja
2025-12-14,,95.0,WMI,BVA,2025-11-07,Warszawa,Polska,Paryż,Francja
2025-12-15,,109.0,WMI,BVA,2025-11-07,Warszawa,Polska,Paryż,Francja
2025-12-18,,97.0,WMI,BVA,2025-11-07,Warszawa,Polska,Paryż,Francja
2025-12-20,,111.0,WMI,BVA,2025-11-07,Warszawa,Polska,Paryż,Francja
2025-12-21,,158.0,WMI,BVA,2025-11-07,Warszawa,Polska,Paryż,Francja
2025-12-22,,111.0,WMI,BVA,2025-11-07,Warszawa,Polska,Paryż,Francja
2025-12-23,,252.0,WMI,BVA,2025-11-07,Warszawa,Polska,Paryż,Francja
2025-12-27,,734.0,WMI,BVA,2025-11-07,Warszawa,Polska,Paryż,Francja
2025-12-28,,722.0,WMI,BVA,2025-11-07,Warszawa,Polska,Paryż,Francja
2025-12-29,,601.0,WMI,BVA,2025-11-07,Warszawa,Polska,Paryż,Francja
2025-12-30,,628.0,WMI,BVA,2025-11-07,Warszawa,Polska,Paryż,Francja
2026-01-01,,423.0,WMI,BVA,2025-11-07,Warszawa,Polska,Paryż,Francja
2026-01-03,,1000.0,WMI,BVA,2025-11-07,Warszawa,Polska,Paryż,Francja
2026-01-04,,699.0,WMI,BVA,2025-11-07,Warszawa,Polska,Paryż,Francja
2026-01-05,,437.0,WMI,BVA,2025-11-07,Warszawa,Polska,Paryż,Francja
2026-01-08,,214.0,WMI,BVA,2025-11-07,Warszawa,Polska,Paryż,Francja
2026-01-11,,104.0,WMI,BVA,2025-11-07,Warszawa,Polska,Paryż,Francja
2026-01-15,,130.0,WMI,BVA,2025-11-07,Warszawa,Polska,Paryż,Francja
2026-01-18,,256.0,WMI,BVA,2025-11-07,Warszawa,Polska,Paryż,Francja
2026-01-22,,218.0,WMI,BVA,2025-11-07,Warszawa,Polska,Paryż,Francja
2026-01-25,,188.0,WMI,BVA,2025-11-07,Warszawa,Polska,Paryż,Francja
2026-01-29,,104.0,WMI,BVA,2025-11-07,Warszawa,Polska,Paryż,Francja
2025-11-07,,,WMI,BVA,2025-11-07,Warszawa,Polska,Paryż,Francja
2025-11-11,,,WMI,BVA,2025-11-07,Warszawa,Polska,Paryż,Francja
2025-11-12,,,WMI,BVA,2025-11-07,Warszawa,Polska,Paryż,Francja
2025-11-14,,,WMI,BVA,2025-11-07,Warszawa,Polska,Paryż,Francja
2025-11-18,,,WMI,BVA,2025-11-07,Warszawa,Polska,Paryż,Francja
2025-11-19,,,WMI,BVA,2025-11-07,Warszawa,Polska,Paryż,Francja
2025-11-21,,,WMI,BVA,2025-11-07,Warszawa,Polska,Paryż,Francja
2025-11-25,,,WMI,BVA,2025-11-07,Warszawa,Polska,Paryż,Francja
2025-11-26,,,WMI,BVA,2025-11-07,Warszawa,Polska,Paryż,Francja
2025-11-28,,,WMI,BVA,2025-11-07,Warszawa,Polska,Paryż,Francja
2025-12-02,,,WMI,BVA,2025-11-07,Warszawa,Polska,Paryż,Francja
2025-12-03,,,WMI,BVA,2025-11-07,Warszawa,Polska,Paryż,Francja
2025-12-05,,,WMI,BVA,2025-11-07,Warszawa,Polska,Paryż,Francja
2025-12-09,,,WMI,BVA,2025-11-07,Warszawa,Polska,Paryż,Francja
2025-12-10,,,WMI,BVA,2025-11-07,Warszawa,Polska,Paryż,Francja
2025-12-12,,,WMI,BVA,2025-11-07,Warszawa,Polska,Paryż,Francja
2025-12-16,,,WMI,BVA,2025-11-07,Warszawa,Polska,Paryż,Francja
2025-12-17,,,WMI,BVA,2025-11-07,Warszawa,Polska,Paryż,Francja
2025-12-19,,,WMI,BVA,2025-11-07,Warszawa,Polska,Paryż,Francja
2025-12-24,,,WMI,BVA,2025-11-07,Warszawa,Polska,Paryż,Francja
2025-12-25,,,WMI,BVA,2025-11-07,Warszawa,Polska,Paryż,Francja
2025-12-26,,,WMI,BVA,2025-11-07,Warszawa,Polska,Paryż,Francja
2025-12-31,,,WMI,BVA,2025-11-07,Warszawa,Polska,Paryż,Francja
2026-01-02,,,WMI,BVA,2025-11-07,Warszawa,Polska,Paryż,Francja
2026-01-06,,,WMI,BVA,2025-11-07,Warszawa,Polska,Paryż,Francja
2026-01-07,,,WMI,BVA,2025-11-07,Warszawa,Polska,Paryż,Francja
2026-01-09,,,WMI,BVA,2025-11-07,Warszawa,Polska,Paryż,Francja
2026-01-10,,,WMI,BVA,2025-11-07,Warszawa,Polska,Paryż,Francja
2026-01-12,,,WMI,BVA,2025-11-07,Warszawa,Polska,Paryż,Francja
2026-01-13,,,WMI,BVA,2025-11-07,Warszawa,Polska,Paryż,Francja
2026-01-14,,,WMI,BVA,2025-11-07,Warszawa,Polska,Paryż,Francja
2026-01-16,,,WMI,BVA,2025-11-07,Warszawa,Polska,Paryż,Francja
2026-01-17,,,WMI,BVA,2025-11-07,Warszawa,Polska,Paryż,Francja
2026-01-19,,,WMI,BVA,2025-11-07,Warszawa,Polska,Paryż,Francja
2026-01-20,,,WMI,BVA,2025-11-07,Warszawa,Polska,Paryż,Francja
2026-01-21,,,WMI,BVA,2025-11-07,Warszawa,Polska,Paryż,Francja
2026-01-23,,,WMI,BVA,2025-11-07,Warszawa,Polska,Paryż,Francja
2026-01-24,,,WMI,BVA,2025-11-07,Warszawa,Polska,Paryż,Francja
2026-01-26,,,WMI,BVA,2025-11-07,Warszawa,Polska,Paryż,Francja
2026-01-27,,,WMI,BVA,2025-11-07,Warszawa,Polska,Paryż,Francja
2026-01-28,,,WMI,BVA,2025-11-07,Warszawa,Polska,Paryż,Francja
2026-01-30,,,WMI,BVA,2025-11-07,Warszawa,Polska,Paryż,Francja
2025-11-07,,,WMI,LYS,2025-11-07,Warszawa,Polska,Lyon,Francja
2025-11-08,,,WMI,LYS,2025-11-07,Warszawa,Polska,Lyon,Francja
2025-11-09,,,WMI,LYS,2025-11-07,Warszawa,Polska,Lyon,Francja
2025-11-10,,,WMI,LYS,2025-11-07,Warszawa,Polska,Lyon,Francja
2025-11-11,,,WMI,LYS,2025-11-07,Warszawa,Polska,Lyon,Francja
2025-11-12,,,WMI,LYS,2025-11-07,Warszawa,Polska,Lyon,Francja
2025-11-13,,,WMI,LYS,2025-11-07,Warszawa,Polska,Lyon,Francja
2025-11-14,,,WMI,LYS,2025-11-07,Warszawa,Polska,Lyon,Francja
2025-11-15,,,WMI,LYS,2025-11-07,Warszawa,Polska,Lyon,Francja
2025-11-16,,,WMI,LYS,2025-11-07,Warszawa,Polska,Lyon,Francja
2025-11-17,,,WMI,LYS,2025-11-07,Warszawa,Polska,Lyon,Francja
2025-11-18,,,WMI,LYS,2025-11-07,Warszawa,Polska,Lyon,Francja
2025-11-19,,,WMI,LYS,2025-11-07,Warszawa,Polska,Lyon,Francja
2025-11-20,,,WMI,LYS,2025-11-07,Warszawa,Polska,Lyon,Francja
2025-11-21,,,WMI,LYS,2025-11-07,Warszawa,Polska,Lyon,Francja
2025-11-22,,,WMI,LYS,2025-11-07,Warszawa,Polska,Lyon,Francja
2025-11-23,,,WMI,LYS,2025-11-07,Warszawa,Polska,Lyon,Francja
2025-11-24,,,WMI,LYS,2025-11-07,Warszawa,Polska,Lyon,Francja
2025-11-25,,,WMI,LYS,2025-11-07,Warszawa,Polska,Lyon,Francja
2025-11-26,,,WMI,LYS,2025-11-07,Warszawa,Polska,Lyon,Francja
2025-11-27,,,WMI,LYS,2025-11-07,Warszawa,Polska,Lyon,Francja
2025-11-28,,,WMI,LYS,2025-11-07,Warszawa,Polska,Lyon,Francja
2025-11-29,,,WMI,LYS,2025-11-07,Warszawa,Polska,Lyon,Francja
2025-11-30,,,WMI,LYS,2025-11-07,Warszawa,Polska,Lyon,Francja
2025-12-01,,,WMI,LYS,2025-11-07,Warszawa,Polska,Lyon,Francja
2025-12-02,,,WMI,LYS,2025-11-07,Warszawa,Polska,Lyon,Francja
2025-12-03,,,WMI,LYS,2025-11-07,Warszawa,Polska,Lyon,Francja
2025-12-04,,,WMI,LYS,2025-11-07,Warszawa,Polska,Lyon,Francja
2025-12-05,,,WMI,LYS,2025-11-07,Warszawa,Polska,Lyon,Francja
2025-12-06,,,WMI,LYS,2025-11-07,Warszawa,Polska,Lyon,Francja
2025-12-07,,,WMI,LYS,2025-11-07,Warszawa,Polska,Lyon,Francja
2025-12-08,,,WMI,LYS,2025-11-07,Warszawa,Polska,Lyon,Francja
2025-12-09,,,WMI,LYS,2025-11-07,Warszawa,Polska,Lyon,Francja
2025-12-10,,,WMI,LYS,2025-11-07,Warszawa,Polska,Lyon,Francja
2025-12-11,,,WMI,LYS,2025-11-07,Warszawa,Polska,Lyon,Francja
2025-12-12,,,WMI,LYS,2025-11-07,Warszawa,Polska,Lyon,Francja
2025-12-13,,,WMI,LYS,2025-11-07,Warszawa,Polska,Lyon,Francja
2025-12-14,,,WMI,LYS,2025-11-07,Warszawa,Polska,Lyon,Francja
2025-12-15,,,WMI,LYS,2025-11-07,Warszawa,Polska,Lyon,Francja
2025-12-16,,,WMI,LYS,2025-11-07,Warszawa,Polska,Lyon,Francja
2025-12-17,,,WMI,LYS,2025-11-07,Warszawa,Polska,Lyon,Francja
2025-12-18,,,WMI,LYS,2025-11-07,Warszawa,Polska,Lyon,Francja
2025-12-19,,,WMI,LYS,2025-11-07,Warszawa,Polska,Lyon,Francja
2025-12-20,,,WMI,LYS,2025-11-07,Warszawa,Polska,Lyon,Francja
2025-12-21,,,WMI,LYS,2025-11-07,Warszawa,Polska,Lyon,Francja
2025-12-22,,,WMI,LYS,2025-11-07,Warszawa,Polska,Lyon,Francja
2025-12-23,,,WMI,LYS,2025-11-07,Warszawa,Polska,Lyon,Francja
2025-12-24,,,WMI,LYS,2025-11-07,Warszawa,Polska,Lyon,Francja
2025-12-25,,,WMI,LYS,2025-11-07,Warszawa,Polska,Lyon,Francja
2025-12-26,,,WMI,LYS,2025-11-07,Warszawa,Polska,Lyon,Francja
2025-12-27,,,WMI,LYS,2025-11-07,Warszawa,Polska,Lyon,Francja
2025-12-28,,,WMI,LYS,2025-11-07,Warszawa,Polska,Lyon,Francja
2025-12-29,,,WMI,LYS,2025-11-07,Warszawa,Polska,Lyon,Francja
2025-12-30,,,WMI,LYS,2025-11-07,Warszawa,Polska,Lyon,Francja
2025-12-31,,,WMI,LYS,2025-11-07,Warszawa,Polska,Lyon,Francja
2026-01-01,,,WMI,LYS,2025-11-07,Warszawa,Polska,Lyon,Francja
2026-01-02,,,WMI,LYS,2025-11-07,Warszawa,Polska,Lyon,Francja
2026-01-03,,,WMI,LYS,2025-11-07,Warszawa,Polska,Lyon,Francja
2026-01-04,,,WMI,LYS,2025-11-07,Warszawa,Polska,Lyon,Francja
2026-01-05,,,WMI,LYS,2025-11-07,Warszawa,Polska,Lyon,Francja
2026-01-06,,,WMI,LYS,2025-11-07,Warszawa,Polska,Lyon,Francja
2026-01-07,,,WMI,LYS,2025-11-07,Warszawa,Polska,Lyon,Francja
2026-01-08,,,WMI,LYS,2025-11-07,Warszawa,Polska,Lyon,Francja
2026-01-09,,,WMI,LYS,2025-11-07,Warszawa,Polska,Lyon,Francja
2026-01-10,,,WMI,LYS,2025-11-07,Warszawa,Polska,Lyon,Francja
2026-01-11,,,WMI,LYS,2025-11-07,Warszawa,Polska,Lyon,Francja
2026-01-12,,,WMI,LYS,2025-11-07,Warszawa,Polska,Lyon,Francja
2026-01-13,,,WMI,LYS,2025-11-07,Warszawa,Polska,Lyon,Francja
2026-01-14,,,WMI,LYS,2025-11-07,Warszawa,Polska,Lyon,Francja
2026-01-15,,,WMI,LYS,2025-11-07,Warszawa,Polska,Lyon,Francja
2026-01-16,,,WMI,LYS,2025-11-07,Warszawa,Polska,Lyon,Francja
2026-01-17,,,WMI,LYS,2025-11-07,Warszawa,Polska,Lyon,Francja
2026-01-18,,,WMI,LYS,2025-11-07,Warszawa,Polska,Lyon,Francja
2026-01-19,,,WMI,LYS,2025-11-07,Warszawa,Polska,Lyon,Francja
2026-01-20,,,WMI,LYS,2025-11-07,Warszawa,Polska,Lyon,Francja
2026-01-21,,,WMI,LYS,2025-11-07,Warszawa,Polska,Lyon,Francja
2026-01-22,,,WMI,LYS,2025-11-07,Warszawa,Polska,Lyon,Francja
2026-01-23,,,WMI,LYS,2025-11-07,Warszawa,Polska,Lyon,Francja
2026-01-24,,,WMI,LYS,2025-11-07,Warszawa,Polska,Lyon,Francja
2026-01-25,,,WMI,LYS,2025-11-07,Warszawa,Polska,Lyon,Francja
2026-01-26,,,WMI,LYS,2025-11-07,Warszawa,Polska,Lyon,Francja
2026-01-27,,,WMI,LYS,2025-11-07,Warszawa,Polska,Lyon,Francja
2026-01-28,,,WMI,LYS,2025-11-07,Warszawa,Polska,Lyon,Francja
2026-01-29,,,WMI,LYS,2025-11-07,Warszawa,Polska,Lyon,Francja
2026-01-30,,,WMI,LYS,2025-11-07,Warszawa,Polska,Lyon,Francja
2025-11-07,,,WMI,NCE,2025-11-07,Warszawa,Polska,Nicea,Francja
2025-11-08,,,WMI,NCE,2025-11-07,Warszawa,Polska,Nicea,Francja
2025-11-09,,,WMI,NCE,2025-11-07,Warszawa,Polska,Nicea,Francja
2025-11-10,,,WMI,NCE,2025-11-07,Warszawa,Polska,Nicea,Francja
2025-11-11,,,WMI,NCE,2025-11-07,Warszawa,Polska,Nicea,Francja
2025-11-12,,,WMI,NCE,2025-11-07,Warszawa,Polska,Nicea,Francja
2025-11-13,,,WMI,NCE,2025-11-07,Warszawa,Polska,Nicea,Francja
2025-11-14,,,WMI,NCE,2025-11-07,Warszawa,Polska,Nicea,Francja
2025-11-15,,,WMI,NCE,2025-11-07,Warszawa,Polska,Nicea,Francja
2025-11-16,,,WMI,NCE,2025-11-07,Warszawa,Polska,Nicea,Francja
2025-11-17,,,WMI,NCE,2025-11-07,Warszawa,Polska,Nicea,Francja
2025-11-18,,,WMI,NCE,2025-11-07,Warszawa,Polska,Nicea,Francja
2025-11-19,,,WMI,NCE,2025-11-07,Warszawa,Polska,Nicea,Francja
2025-11-20,,,WMI,NCE,2025-11-07,Warszawa,Polska,Nicea,Francja
2025-11-21,,,WMI,NCE,2025-11-07,Warszawa,Polska,Nicea,Francja
2025-11-22,,,WMI,NCE,2025-11-07,Warszawa,Polska,Nicea,Francja
2025-11-23,,,WMI,NCE,2025-11-07,Warszawa,Polska,Nicea,Francja
2025-11-24,,,WMI,NCE,2025-11-07,Warszawa,Polska,Nicea,Francja
2025-11-25,,,WMI,NCE,2025-11-07,Warszawa,Polska,Nicea,Francja
2025-11-26,,,WMI,NCE,2025-11-07,Warszawa,Polska,Nicea,Francja
2025-11-27,,,WMI,NCE,2025-11-07,Warszawa,Polska,Nicea,Francja
2025-11-28,,,WMI,NCE,2025-11-07,Warszawa,Polska,Nicea,Francja
2025-11-29,,,WMI,NCE,2025-11-07,Warszawa,Polska,Nicea,Francja
2025-11-30,,,WMI,NCE,2025-11-07,Warszawa,Polska,Nicea,Francja
2025-12-01,,,WMI,NCE,2025-11-07,Warszawa,Polska,Nicea,Francja
2025-12-02,,,WMI,NCE,2025-11-07,Warszawa,Polska,Nicea,Francja
2025-12-03,,,WMI,NCE,2025-11-07,Warszawa,Polska,Nicea,Francja
2025-12-04,,,WMI,NCE,2025-11-07,Warszawa,Polska,Nicea,Francja
2025-12-05,,,WMI,NCE,2025-11-07,Warszawa,Polska,Nicea,Francja
2025-12-06,,,WMI,NCE,2025-11-07,Warszawa,Polska,Nicea,Francja
2025-12-07,,,WMI,NCE,2025-11-07,Warszawa,Polska,Nicea,Francja
2025-12-08,,,WMI,NCE,2025-11-07,Warszawa,Polska,Nicea,Francja
2025-12-09,,,WMI,NCE,2025-11-07,Warszawa,Polska,Nicea,Francja
2025-12-10,,,WMI,NCE,2025-11-07,Warszawa,Polska,Nicea,Francja
2025-12-11,,,WMI,NCE,2025-11-07,Warszawa,Polska,Nicea,Francja
2025-12-12,,,WMI,NCE,2025-11-07,Warszawa,Polska,Nicea,Francja
2025-12-13,,,WMI,NCE,2025-11-07,Warszawa,Polska,Nicea,Francja
2025-12-14,,,WMI,NCE,2025-11-07,Warszawa,Polska,Nicea,Francja
2025-12-15,,,WMI,NCE,2025-11-07,Warszawa,Polska,Nicea,Francja
2025-12-16,,,WMI,NCE,2025-11-07,Warszawa,Polska,Nicea,Francja
2025-12-17,,,WMI,NCE,2025-11-07,Warszawa,Polska,Nicea,Francja
2025-12-18,,,WMI,NCE,2025-11-07,Warszawa,Polska,Nicea,Francja
2025-12-19,,,WMI,NCE,2025-11-07,Warszawa,Polska,Nicea,Francja
2025-12-20,,,WMI,NCE,2025-11-07,Warszawa,Polska,Nicea,Francja
2025-12-21,,,WMI,NCE,2025-11-07,Warszawa,Polska,Nicea,Francja
2025-12-22,,,WMI,NCE,2025-11-07,Warszawa,Polska,Nicea,Francja
2025-12-23,,,WMI,NCE,2025-11-07,Warszawa,Polska,Nicea,Francja
2025-12-24,,,WMI,NCE,2025-11-07,Warszawa,Polska,Nicea,Francja
2025-12-25,,,WMI,NCE,2025-11-07,Warszawa,Polska,Nicea,Francja
2025-12-26,,,WMI,NCE,2025-11-07,Warszawa,Polska,Nicea,Francja
2025-12-27,,,WMI,NCE,2025-11-07,Warszawa,Polska,Nicea,Francja
2025-12-28,,,WMI,NCE,2025-11-07,Warszawa,Polska,Nicea,Francja
2025-12-29,,,WMI,NCE,2025-11-07,Warszawa,Polska,Nicea,Francja
2025-12-30,,,WMI,NCE,2025-11-07,Warszawa,Polska,Nicea,Francja
2025-12-31,,,WMI,NCE,2025-11-07,Warszawa,Polska,Nicea,Francja
2026-01-01,,,WMI,NCE,2025-11-07,Warszawa,Polska,Nicea,Francja
2026-01-02,,,WMI,NCE,2025-11-07,Warszawa,Polska,Nicea,Francja
2026-01-03,,,WMI,NCE,2025-11-07,Warszawa,Polska,Nicea,Francja
2026-01-04,,,WMI,NCE,2025-11-07,Warszawa,Polska,Nicea,Francja
2026-01-05,,,WMI,NCE,2025-11-07,Warszawa,Polska,Nicea,Francja
2026-01-06,,,WMI,NCE,2025-11-07,Warszawa,Polska,Nicea,Francja
2026-01-07,,,WMI,NCE,2025-11-07,Warszawa,Polska,Nicea,Francja
2026-01-08,,,WMI,NCE,2025-11-07,Warszawa,Polska,Nicea,Francja
2026-01-09,,,WMI,NCE,2025-11-07,Warszawa,Polska,Nicea,Francja
2026-01-10,,,WMI,NCE,2025-11-07,Warszawa,Polska,Nicea,Francja
2026-01-11,,,WMI,NCE,2025-11-07,Warszawa,Polska,Nicea,Francja
2026-01-12,,,WMI,NCE,2025-11-07,Warszawa,Polska,Nicea,Francja
2026-01-13,,,WMI,NCE,2025-11-07,Warszawa,Polska,Nicea,Francja
2026-01-14,,,WMI,NCE,2025-11-07,Warszawa,Polska,Nicea,Francja
2026-01-15,,,WMI,NCE,2025-11-07,Warszawa,Polska,Nicea,Francja
2026-01-16,,,WMI,NCE,2025-11-07,Warszawa,Polska,Nicea,Francja
2026-01-17,,,WMI,NCE,2025-11-07,Warszawa,Polska,Nicea,Francja
2026-01-18,,,WMI,NCE,2025-11-07,Warszawa,Polska,Nicea,Francja
2026-01-19,,,WMI,NCE,2025-11-07,Warszawa,Polska,Nicea,Francja
2026-01-20,,,WMI,NCE,2025-11-07,Warszawa,Polska,Nicea,Francja
2026-01-21,,,WMI,NCE,2025-11-07,Warszawa,Polska,Nicea,Francja
2026-01-22,,,WMI,NCE,2025-11-07,Warszawa,Polska,Nicea,Francja
2026-01-23,,,WMI,NCE,2025-11-07,Warszawa,Polska,Nicea,Francja
2026-01-24,,,WMI,NCE,2025-11-07,Warszawa,Polska,Nicea,Francja
2026-01-25,,,WMI,NCE,2025-11-07,Warszawa,Polska,Nicea,Francja
2026-01-26,,,WMI,NCE,2025-11-07,Warszawa,Polska,Nicea,Francja
2026-01-27,,,WMI,NCE,2025-11-07,Warszawa,Polska,Nicea,Francja
2026-01-28,,,WMI,NCE,2025-11-07,Warszawa,Polska,Nicea,Francja
2026-01-29,,,WMI,NCE,2025-11-07,Warszawa,Polska,Nicea,Francja
2026-01-30,,,WMI,NCE,2025-11-07,Warszawa,Polska,Nicea,Francja
2025-11-07,,,WMI,MRS,2025-11-07,Warszawa,Polska,Marsylia,Francja
2025-11-08,,,WMI,MRS,2025-11-07,Warszawa,Polska,Marsylia,Francja
2025-11-09,,,WMI,MRS,2025-11-07,Warszawa,Polska,Marsylia,Francja
2025-11-10,,,WMI,MRS,2025-11-07,Warszawa,Polska,Marsylia,Francja
2025-11-11,,,WMI,MRS,2025-11-07,Warszawa,Polska,Marsylia,Francja
2025-11-12,,,WMI,MRS,2025-11-07,Warszawa,Polska,Marsylia,Francja
2025-11-13,,,WMI,MRS,2025-11-07,Warszawa,Polska,Marsylia,Francja
2025-11-14,,,WMI,MRS,2025-11-07,Warszawa,Polska,Marsylia,Francja
2025-11-15,,,WMI,MRS,2025-11-07,Warszawa,Polska,Marsylia,Francja
2025-11-16,,,WMI,MRS,2025-11-07,Warszawa,Polska,Marsylia,Francja
2025-11-17,,,WMI,MRS,2025-11-07,Warszawa,Polska,Marsylia,Francja
2025-11-18,,,WMI,MRS,2025-11-07,Warszawa,Polska,Marsylia,Francja
2025-11-19,,,WMI,MRS,2025-11-07,Warszawa,Polska,Marsylia,Francja
2025-11-20,,,WMI,MRS,2025-11-07,Warszawa,Polska,Marsylia,Francja
2025-11-21,,,WMI,MRS,2025-11-07,Warszawa,Polska,Marsylia,Francja
2025-11-22,,,WMI,MRS,2025-11-07,Warszawa,Polska,Marsylia,Francja
2025-11-23,,,WMI,MRS,2025-11-07,Warszawa,Polska,Marsylia,Francja
2025-11-24,,,WMI,MRS,2025-11-07,Warszawa,Polska,Marsylia,Francja
2025-11-25,,,WMI,MRS,2025-11-07,Warszawa,Polska,Marsylia,Francja
2025-11-26,,,WMI,MRS,2025-11-07,Warszawa,Polska,Marsylia,Francja
2025-11-27,,,WMI,MRS,2025-11-07,Warszawa,Polska,Marsylia,Francja
2025-11-28,,,WMI,MRS,2025-11-07,Warszawa,Polska,Marsylia,Francja
2025-11-29,,,WMI,MRS,2025-11-07,Warszawa,Polska,Marsylia,Francja
2025-11-30,,,WMI,MRS,2025-11-07,Warszawa,Polska,Marsylia,Francja
2025-12-01,,,WMI,MRS,2025-11-07,Warszawa,Polska,Marsylia,Francja
2025-12-02,,,WMI,MRS,2025-11-07,Warszawa,Polska,Marsylia,Francja
2025-12-03,,,WMI,MRS,2025-11-07,Warszawa,Polska,Marsylia,Francja
2025-12-04,,,WMI,MRS,2025-11-07,Warszawa,Polska,Marsylia,Francja
2025-12-05,,,WMI,MRS,2025-11-07,Warszawa,Polska,Marsylia,Francja
2025-12-06,,,WMI,MRS,2025-11-07,Warszawa,Polska,Marsylia,Francja
2025-12-07,,,WMI,MRS,2025-11-07,Warszawa,Polska,Marsylia,Francja
2025-12-08,,,WMI,MRS,2025-11-07,Warszawa,Polska,Marsylia,Francja
2025-12-09,,,WMI,MRS,2025-11-07,Warszawa,Polska,Marsylia,Francja
2025-12-10,,,WMI,MRS,2025-11-07,Warszawa,Polska,Marsylia,Francja
2025-12-11,,,WMI,MRS,2025-11-07,Warszawa,Polska,Marsylia,Francja
2025-12-12,,,WMI,MRS,2025-11-07,Warszawa,Polska,Marsylia,Francja
2025-12-13,,,WMI,MRS,2025-11-07,Warszawa,Polska,Marsylia,Francja
2025-12-14,,,WMI,MRS,2025-11-07,Warszawa,Polska,Marsylia,Francja
2025-12-15,,,WMI,MRS,2025-11-07,Warszawa,Polska,Marsylia,Francja
2025-12-16,,,WMI,MRS,2025-11-07,Warszawa,Polska,Marsylia,Francja
2025-12-17,,,WMI,MRS,2025-11-07,Warszawa,Polska,Marsylia,Francja
2025-12-18,,,WMI,MRS,2025-11-07,Warszawa,Polska,Marsylia,Francja
2025-12-19,,,WMI,MRS,2025-11-07,Warszawa,Polska,Marsylia,Francja
2025-12-20,,,WMI,MRS,2025-11-07,Warszawa,Polska,Marsylia,Francja
2025-12-21,,,WMI,MRS,2025-11-07,Warszawa,Polska,Marsylia,Francja
2025-12-22,,,WMI,MRS,2025-11-07,Warszawa,Polska,Marsylia,Francja
2025-12-23,,,WMI,MRS,2025-11-07,Warszawa,Polska,Marsylia,Francja
2025-12-24,,,WMI,MRS,2025-11-07,Warszawa,Polska,Marsylia,Francja
2025-12-25,,,WMI,MRS,2025-11-07,Warszawa,Polska,Marsylia,Francja
2025-12-26,,,WMI,MRS,2025-11-07,Warszawa,Polska,Marsylia,Francja
2025-12-27,,,WMI,MRS,2025-11-07,Warszawa,Polska,Marsylia,Francja
2025-12-28,,,WMI,MRS,2025-11-07,Warszawa,Polska,Marsylia,Francja
2025-12-29,,,WMI,MRS,2025-11-07,Warszawa,Polska,Marsylia,Francja
2025-12-30,,,WMI,MRS,2025-11-07,Warszawa,Polska,Marsylia,Francja
2025-12-31,,,WMI,MRS,2025-11-07,Warszawa,Polska,Marsylia,Francja
2026-01-01,,,WMI,MRS,2025-11-07,Warszawa,Polska,Marsylia,Francja
2026-01-02,,,WMI,MRS,2025-11-07,Warszawa,Polska,Marsylia,Francja
2026-01-03,,,WMI,MRS,2025-11-07,Warszawa,Polska,Marsylia,Francja
2026-01-04,,,WMI,MRS,2025-11-07,Warszawa,Polska,Marsylia,Francja
2026-01-05,,,WMI,MRS,2025-11-07,Warszawa,Polska,Marsylia,Francja
2026-01-06,,,WMI,MRS,2025-11-07,Warszawa,Polska,Marsylia,Francja
2026-01-07,,,WMI,MRS,2025-11-07,Warszawa,Polska,Marsylia,Francja
2026-01-08,,,WMI,MRS,2025-11-07,Warszawa,Polska,Marsylia,Francja
2026-01-09,,,WMI,MRS,2025-11-07,Warszawa,Polska,Marsylia,Francja
2026-01-10,,,WMI,MRS,2025-11-07,Warszawa,Polska,Marsylia,Francja
2026-01-11,,,WMI,MRS,2025-11-07,Warszawa,Polska,Marsylia,Francja
2026-01-12,,,WMI,MRS,2025-11-07,Warszawa,Polska,Marsylia,Francja
2026-01-13,,,WMI,MRS,2025-11-07,Warszawa,Polska,Marsylia,Francja
2026-01-14,,,WMI,MRS,2025-11-07,Warszawa,Polska,Marsylia,Francja
2026-01-15,,,WMI,MRS,2025-11-07,Warszawa,Polska,Marsylia,Francja
2026-01-16,,,WMI,MRS,2025-11-07,Warszawa,Polska,Marsylia,Francja
2026-01-17,,,WMI,MRS,2025-11-07,Warszawa,Polska,Marsylia,Francja
2026-01-18,,,WMI,MRS,2025-11-07,Warszawa,Polska,Marsylia,Francja
2026-01-19,,,WMI,MRS,2025-11-07,Warszawa,Polska,Marsylia,Francja
2026-01-20,,,WMI,MRS,2025-11-07,Warszawa,Polska,Marsylia,Francja
2026-01-21,,,WMI,MRS,2025-11-07,Warszawa,Polska,Marsylia,Francja
2026-01-22,,,WMI,MRS,2025-11-07,Warszawa,Polska,Marsylia,Francja
2026-01-23,,,WMI,MRS,2025-11-07,Warszawa,Polska,Marsylia,Francja
2026-01-24,,,WMI,MRS,2025-11-07,Warszawa,Polska,Marsylia,Francja
2026-01-25,,,WMI,MRS,2025-11-07,Warszawa,Polska,Marsylia,Francja
2026-01-26,,,WMI,MRS,2025-11-07,Warszawa,Polska,Marsylia,Francja
2026-01-27,,,WMI,MRS,2025-11-07,Warszawa,Polska,Marsylia,Francja
2026-01-28,,,WMI,MRS,2025-11-07,Warszawa,Polska,Marsylia,Francja
2026-01-29,,,WMI,MRS,2025-11-07,Warszawa,Polska,Marsylia,Francja
2026-01-30,,,WMI,MRS,2025-11-07,Warszawa,Polska,Marsylia,Francja
2025-11-07,,,WMI,BIQ,2025-11-07,Warszawa,Polska,Biarritz,Francja
2025-11-08,,,WMI,BIQ,2025-11-07,Warszawa,Polska,Biarritz,Francja
2025-11-09,,,WMI,BIQ,2025-11-07,Warszawa,Polska,Biarritz,Francja
2025-11-10,,,WMI,BIQ,2025-11-07,Warszawa,Polska,Biarritz,Francja
2025-11-11,,,WMI,BIQ,2025-11-07,Warszawa,Polska,Biarritz,Francja
2025-11-12,,,WMI,BIQ,2025-11-07,Warszawa,Polska,Biarritz,Francja
2025-11-13,,,WMI,BIQ,2025-11-07,Warszawa,Polska,Biarritz,Francja
2025-11-14,,,WMI,BIQ,2025-11-07,Warszawa,Polska,Biarritz,Francja
2025-11-15,,,WMI,BIQ,2025-11-07,Warszawa,Polska,Biarritz,Francja
2025-11-16,,,WMI,BIQ,2025-11-07,Warszawa,Polska,Biarritz,Francja
2025-11-17,,,WMI,BIQ,2025-11-07,Warszawa,Polska,Biarritz,Francja
2025-11-18,,,WMI,BIQ,2025-11-07,Warszawa,Polska,Biarritz,Francja
2025-11-19,,,WMI,BIQ,2025-11-07,Warszawa,Polska,Biarritz,Francja
2025-11-20,,,WMI,BIQ,2025-11-07,Warszawa,Polska,Biarritz,Francja
2025-11-21,,,WMI,BIQ,2025-11-07,Warszawa,Polska,Biarritz,Francja
2025-11-22,,,WMI,BIQ,2025-11-07,Warszawa,Polska,Biarritz,Francja
2025-11-23,,,WMI,BIQ,2025-11-07,Warszawa,Polska,Biarritz,Francja
2025-11-24,,,WMI,BIQ,2025-11-07,Warszawa,Polska,Biarritz,Francja
2025-11-25,,,WMI,BIQ,2025-11-07,Warszawa,Polska,Biarritz,Francja
2025-11-26,,,WMI,BIQ,2025-11-07,Warszawa,Polska,Biarritz,Francja
2025-11-27,,,WMI,BIQ,2025-11-07,Warszawa,Polska,Biarritz,Francja
2025-11-28,,,WMI,BIQ,2025-11-07,Warszawa,Polska,Biarritz,Francja
2025-11-29,,,WMI,BIQ,2025-11-07,Warszawa,Polska,Biarritz,Francja
2025-11-30,,,WMI,BIQ,2025-11-07,Warszawa,Polska,Biarritz,Francja
2025-12-01,,,WMI,BIQ,2025-11-07,Warszawa,Polska,Biarritz,Francja
2025-12-02,,,WMI,BIQ,2025-11-07,Warszawa,Polska,Biarritz,Francja
2025-12-03,,,WMI,BIQ,2025-11-07,Warszawa,Polska,Biarritz,Francja
2025-12-04,,,WMI,BIQ,2025-11-07,Warszawa,Polska,Biarritz,Francja
2025-12-05,,,WMI,BIQ,2025-11-07,Warszawa,Polska,Biarritz,Francja
2025-12-06,,,WMI,BIQ,2025-11-07,Warszawa,Polska,Biarritz,Francja
2025-12-07,,,WMI,BIQ,2025-11-07,Warszawa,Polska,Biarritz,Francja
2025-12-08,,,WMI,BIQ,2025-11-07,Warszawa,Polska,Biarritz,Francja
2025-12-09,,,WMI,BIQ,2025-11-07,Warszawa,Polska,Biarritz,Francja
2025-12-10,,,WMI,BIQ,2025-11-07,Warszawa,Polska,Biarritz,Francja
2025-12-11,,,WMI,BIQ,2025-11-07,Warszawa,Polska,Biarritz,Francja
2025-12-12,,,WMI,BIQ,2025-11-07,Warszawa,Polska,Biarritz,Francja
2025-12-13,,,WMI,BIQ,2025-11-07,Warszawa,Polska,Biarritz,Francja
2025-12-14,,,WMI,BIQ,2025-11-07,Warszawa,Polska,Biarritz,Francja
2025-12-15,,,WMI,BIQ,2025-11-07,Warszawa,Polska,Biarritz,Francja
2025-12-16,,,WMI,BIQ,2025-11-07,Warszawa,Polska,Biarritz,Francja
2025-12-17,,,WMI,BIQ,2025-11-07,Warszawa,Polska,Biarritz,Francja
2025-12-18,,,WMI,BIQ,2025-11-07,Warszawa,Polska,Biarritz,Francja
2025-12-19,,,WMI,BIQ,2025-11-07,Warszawa,Polska,Biarritz,Francja
2025-12-20,,,WMI,BIQ,2025-11-07,Warszawa,Polska,Biarritz,Francja
2025-12-21,,,WMI,BIQ,2025-11-07,Warszawa,Polska,Biarritz,Francja
2025-12-22,,,WMI,BIQ,2025-11-07,Warszawa,Polska,Biarritz,Francja
2025-12-23,,,WMI,BIQ,2025-11-07,Warszawa,Polska,Biarritz,Francja
2025-12-24,,,WMI,BIQ,2025-11-07,Warszawa,Polska,Biarritz,Francja
2025-12-25,,,WMI,BIQ,2025-11-07,Warszawa,Polska,Biarritz,Francja
2025-12-26,,,WMI,BIQ,2025-11-07,Warszawa,Polska,Biarritz,Francja
2025-12-27,,,WMI,BIQ,2025-11-07,Warszawa,Polska,Biarritz,Francja
2025-12-28,,,WMI,BIQ,2025-11-07,Warszawa,Polska,Biarritz,Francja
2025-12-29,,,WMI,BIQ,2025-11-07,Warszawa,Polska,Biarritz,Francja
2025-12-30,,,WMI,BIQ,2025-11-07,Warszawa,Polska,Biarritz,Francja
2025-12-31,,,WMI,BIQ,2025-11-07,Warszawa,Polska,Biarritz,Francja
2026-01-01,,,WMI,BIQ,2025-11-07,Warszawa,Polska,Biarritz,Francja
2026-01-02,,,WMI,BIQ,2025-11-07,Warszawa,Polska,Biarritz,Francja
2026-01-03,,,WMI,BIQ,2025-11-07,Warszawa,Polska,Biarritz,Francja
2026-01-04,,,WMI,BIQ,2025-11-07,Warszawa,Polska,Biarritz,Francja
2026-01-05,,,WMI,BIQ,2025-11-07,Warszawa,Polska,Biarritz,Francja
2026-01-06,,,WMI,BIQ,2025-11-07,Warszawa,Polska,Biarritz,Francja
2026-01-07,,,WMI,BIQ,2025-11-07,Warszawa,Polska,Biarritz,Francja
2026-01-08,,,WMI,BIQ,2025-11-07,Warszawa,Polska,Biarritz,Francja
2026-01-09,,,WMI,BIQ,2025-11-07,Warszawa,Polska,Biarritz,Francja
2026-01-10,,,WMI,BIQ,2025-11-07,Warszawa,Polska,Biarritz,Francja
2026-01-11,,,WMI,BIQ,2025-11-07,Warszawa,Polska,Biarritz,Francja
2026-01-12,,,WMI,BIQ,2025-11-07,Warszawa,Polska,Biarritz,Francja
2026-01-13,,,WMI,BIQ,2025-11-07,Warszawa,Polska,Biarritz,Francja
2026-01-14,,,WMI,BIQ,2025-11-07,Warszawa,Polska,Biarritz,Francja
2026-01-15,,,WMI,BIQ,2025-11-07,Warszawa,Polska,Biarritz,Francja
2026-01-16,,,WMI,BIQ,2025-11-07,Warszawa,Polska,Biarritz,Francja
2026-01-17,,,WMI,BIQ,2025-11-07,Warszawa,Polska,Biarritz,Francja
2026-01-18,,,WMI,BIQ,2025-11-07,Warszawa,Polska,Biarritz,Francja
2026-01-19,,,WMI,BIQ,2025-11-07,Warszawa,Polska,Biarritz,Francja
2026-01-20,,,WMI,BIQ,2025-11-07,Warszawa,Polska,Biarritz,Francja
2026-01-21,,,WMI,BIQ,2025-11-07,Warszawa,Polska,Biarritz,Francja
2026-01-22,,,WMI,BIQ,2025-11-07,Warszawa,Polska,Biarritz,Francja
2026-01-23,,,WMI,BIQ,2025-11-07,Warszawa,Polska,Biarritz,Francja
2026-01-24,,,WMI,BIQ,2025-11-07,Warszawa,Polska,Biarritz,Francja
2026-01-25,,,WMI,BIQ,2025-11-07,Warszawa,Polska,Biarritz,Francja
2026-01-26,,,WMI,BIQ,2025-11-07,Warszawa,Polska,Biarritz,Francja
2026-01-27,,,WMI,BIQ,2025-11-07,Warszawa,Polska,Biarritz,Francja
2026-01-28,,,WMI,BIQ,2025-11-07,Warszawa,Polska,Biarritz,Francja
2026-01-29,,,WMI,BIQ,2025-11-07,Warszawa,Polska,Biarritz,Francja
2026-01-30,,,WMI,BIQ,2025-11-07,Warszawa,Polska,Biarritz,Francja
2025-11-07,,,WMI,KEF,2025-11-07,Warszawa,Polska,Reykjavik,Islandia
2025-11-08,,,WMI,KEF,2025-11-07,Warszawa,Polska,Reykjavik,Islandia
2025-11-09,,,WMI,KEF,2025-11-07,Warszawa,Polska,Reykjavik,Islandia
2025-11-10,,,WMI,KEF,2025-11-07,Warszawa,Polska,Reykjavik,Islandia
2025-11-11,,,WMI,KEF,2025-11-07,Warszawa,Polska,Reykjavik,Islandia
2025-11-12,,,WMI,KEF,2025-11-07,Warszawa,Polska,Reykjavik,Islandia
2025-11-13,,,WMI,KEF,2025-11-07,Warszawa,Polska,Reykjavik,Islandia
2025-11-14,,,WMI,KEF,2025-11-07,Warszawa,Polska,Reykjavik,Islandia
2025-11-15,,,WMI,KEF,2025-11-07,Warszawa,Polska,Reykjavik,Islandia
2025-11-16,,,WMI,KEF,2025-11-07,Warszawa,Polska,Reykjavik,Islandia
2025-11-17,,,WMI,KEF,2025-11-07,Warszawa,Polska,Reykjavik,Islandia
2025-11-18,,,WMI,KEF,2025-11-07,Warszawa,Polska,Reykjavik,Islandia
2025-11-19,,,WMI,KEF,2025-11-07,Warszawa,Polska,Reykjavik,Islandia
2025-11-20,,,WMI,KEF,2025-11-07,Warszawa,Polska,Reykjavik,Islandia
2025-11-21,,,WMI,KEF,2025-11-07,Warszawa,Polska,Reykjavik,Islandia
2025-11-22,,,WMI,KEF,2025-11-07,Warszawa,Polska,Reykjavik,Islandia
2025-11-23,,,WMI,KEF,2025-11-07,Warszawa,Polska,Reykjavik,Islandia
2025-11-24,,,WMI,KEF,2025-11-07,Warszawa,Polska,Reykjavik,Islandia
2025-11-25,,,WMI,KEF,2025-11-07,Warszawa,Polska,Reykjavik,Islandia
2025-11-26,,,WMI,KEF,2025-11-07,Warszawa,Polska,Reykjavik,Islandia
2025-11-27,,,WMI,KEF,2025-11-07,Warszawa,Polska,Reykjavik,Islandia
2025-11-28,,,WMI,KEF,2025-11-07,Warszawa,Polska,Reykjavik,Islandia
2025-11-29,,,WMI,KEF,2025-11-07,Warszawa,Polska,Reykjavik,Islandia
2025-11-30,,,WMI,KEF,2025-11-07,Warszawa,Polska,Reykjavik,Islandia
2025-12-01,,,WMI,KEF,2025-11-07,Warszawa,Polska,Reykjavik,Islandia
2025-12-02,,,WMI,KEF,2025-11-07,Warszawa,Polska,Reykjavik,Islandia
2025-12-03,,,WMI,KEF,2025-11-07,Warszawa,Polska,Reykjavik,Islandia
2025-12-04,,,WMI,KEF,2025-11-07,Warszawa,Polska,Reykjavik,Islandia
2025-12-05,,,WMI,KEF,2025-11-07,Warszawa,Polska,Reykjavik,Islandia
2025-12-06,,,WMI,KEF,2025-11-07,Warszawa,Polska,Reykjavik,Islandia
2025-12-07,,,WMI,KEF,2025-11-07,Warszawa,Polska,Reykjavik,Islandia
2025-12-08,,,WMI,KEF,2025-11-07,Warszawa,Polska,Reykjavik,Islandia
2025-12-09,,,WMI,KEF,2025-11-07,Warszawa,Polska,Reykjavik,Islandia
2025-12-10,,,WMI,KEF,2025-11-07,Warszawa,Polska,Reykjavik,Islandia
2025-12-11,,,WMI,KEF,2025-11-07,Warszawa,Polska,Reykjavik,Islandia
2025-12-12,,,WMI,KEF,2025-11-07,Warszawa,Polska,Reykjavik,Islandia
2025-12-13,,,WMI,KEF,2025-11-07,Warszawa,Polska,Reykjavik,Islandia
2025-12-14,,,WMI,KEF,2025-11-07,Warszawa,Polska,Reykjavik,Islandia
2025-12-15,,,WMI,KEF,2025-11-07,Warszawa,Polska,Reykjavik,Islandia
2025-12-16,,,WMI,KEF,2025-11-07,Warszawa,Polska,Reykjavik,Islandia
2025-12-17,,,WMI,KEF,2025-11-07,Warszawa,Polska,Reykjavik,Islandia
2025-12-18,,,WMI,KEF,2025-11-07,Warszawa,Polska,Reykjavik,Islandia
2025-12-19,,,WMI,KEF,2025-11-07,Warszawa,Polska,Reykjavik,Islandia
2025-12-20,,,WMI,KEF,2025-11-07,Warszawa,Polska,Reykjavik,Islandia
2025-12-21,,,WMI,KEF,2025-11-07,Warszawa,Polska,Reykjavik,Islandia
2025-12-22,,,WMI,KEF,2025-11-07,Warszawa,Polska,Reykjavik,Islandia
2025-12-23,,,WMI,KEF,2025-11-07,Warszawa,Polska,Reykjavik,Islandia
2025-12-24,,,WMI,KEF,2025-11-07,Warszawa,Polska,Reykjavik,Islandia
2025-12-25,,,WMI,KEF,2025-11-07,Warszawa,Polska,Reykjavik,Islandia
2025-12-26,,,WMI,KEF,2025-11-07,Warszawa,Polska,Reykjavik,Islandia
2025-12-27,,,WMI,KEF,2025-11-07,Warszawa,Polska,Reykjavik,Islandia
2025-12-28,,,WMI,KEF,2025-11-07,Warszawa,Polska,Reykjavik,Islandia
2025-12-29,,,WMI,KEF,2025-11-07,Warszawa,Polska,Reykjavik,Islandia
2025-12-30,,,WMI,KEF,2025-11-07,Warszawa,Polska,Reykjavik,Islandia
2025-12-31,,,WMI,KEF,2025-11-07,Warszawa,Polska,Reykjavik,Islandia
2026-01-01,,,WMI,KEF,2025-11-07,Warszawa,Polska,Reykjavik,Islandia
2026-01-02,,,WMI,KEF,2025-11-07,Warszawa,Polska,Reykjavik,Islandia
2026-01-03,,,WMI,KEF,2025-11-07,Warszawa,Polska,Reykjavik,Islandia
2026-01-04,,,WMI,KEF,2025-11-07,Warszawa,Polska,Reykjavik,Islandia
2026-01-05,,,WMI,KEF,2025-11-07,Warszawa,Polska,Reykjavik,Islandia
2026-01-06,,,WMI,KEF,2025-11-07,Warszawa,Polska,Reykjavik,Islandia
2026-01-07,,,WMI,KEF,2025-11-07,Warszawa,Polska,Reykjavik,Islandia
2026-01-08,,,WMI,KEF,2025-11-07,Warszawa,Polska,Reykjavik,Islandia
2026-01-09,,,WMI,KEF,2025-11-07,Warszawa,Polska,Reykjavik,Islandia
2026-01-10,,,WMI,KEF,2025-11-07,Warszawa,Polska,Reykjavik,Islandia
2026-01-11,,,WMI,KEF,2025-11-07,Warszawa,Polska,Reykjavik,Islandia
2026-01-12,,,WMI,KEF,2025-11-07,Warszawa,Polska,Reykjavik,Islandia
2026-01-13,,,WMI,KEF,2025-11-07,Warszawa,Polska,Reykjavik,Islandia
2026-01-14,,,WMI,KEF,2025-11-07,Warszawa,Polska,Reykjavik,Islandia
2026-01-15,,,WMI,KEF,2025-11-07,Warszawa,Polska,Reykjavik,Islandia
2026-01-16,,,WMI,KEF,2025-11-07,Warszawa,Polska,Reykjavik,Islandia
2026-01-17,,,WMI,KEF,2025-11-07,Warszawa,Polska,Reykjavik,Islandia
2026-01-18,,,WMI,KEF,2025-11-07,Warszawa,Polska,Reykjavik,Islandia
2026-01-19,,,WMI,KEF,2025-11-07,Warszawa,Polska,Reykjavik,Islandia
2026-01-20,,,WMI,KEF,2025-11-07,Warszawa,Polska,Reykjavik,Islandia
2026-01-21,,,WMI,KEF,2025-11-07,Warszawa,Polska,Reykjavik,Islandia
2026-01-22,,,WMI,KEF,2025-11-07,Warszawa,Polska,Reykjavik,Islandia
2026-01-23,,,WMI,KEF,2025-11-07,Warszawa,Polska,Reykjavik,Islandia
2026-01-24,,,WMI,KEF,2025-11-07,Warszawa,Polska,Reykjavik,Islandia
2026-01-25,,,WMI,KEF,2025-11-07,Warszawa,Polska,Reykjavik,Islandia
2026-01-26,,,WMI,KEF,2025-11-07,Warszawa,Polska,Reykjavik,Islandia
2026-01-27,,,WMI,KEF,2025-11-07,Warszawa,Polska,Reykjavik,Islandia
2026-01-28,,,WMI,KEF,2025-11-07,Warszawa,Polska,Reykjavik,Islandia
2026-01-29,,,WMI,KEF,2025-11-07,Warszawa,Polska,Reykjavik,Islandia
2026-01-30,,,WMI,KEF,2025-11-07,Warszawa,Polska,Reykjavik,Islandia
2025-11-07,,,WMI,BBU,2025-11-07,Warszawa,Polska,Bukareszt,Rumunia
2025-11-08,,,WMI,BBU,2025-11-07,Warszawa,Polska,Bukareszt,Rumunia
2025-11-09,,,WMI,BBU,2025-11-07,Warszawa,Polska,Bukareszt,Rumunia
2025-11-10,,,WMI,BBU,2025-11-07,Warszawa,Polska,Bukareszt,Rumunia
2025-11-11,,,WMI,BBU,2025-11-07,Warszawa,Polska,Bukareszt,Rumunia
2025-11-12,,,WMI,BBU,2025-11-07,Warszawa,Polska,Bukareszt,Rumunia
2025-11-13,,,WMI,BBU,2025-11-07,Warszawa,Polska,Bukareszt,Rumunia
2025-11-14,,,WMI,BBU,2025-11-07,Warszawa,Polska,Bukareszt,Rumunia
2025-11-15,,,WMI,BBU,2025-11-07,Warszawa,Polska,Bukareszt,Rumunia
2025-11-16,,,WMI,BBU,2025-11-07,Warszawa,Polska,Bukareszt,Rumunia
2025-11-17,,,WMI,BBU,2025-11-07,Warszawa,Polska,Bukareszt,Rumunia
2025-11-18,,,WMI,BBU,2025-11-07,Warszawa,Polska,Bukareszt,Rumunia
2025-11-19,,,WMI,BBU,2025-11-07,Warszawa,Polska,Bukareszt,Rumunia
2025-11-20,,,WMI,BBU,2025-11-07,Warszawa,Polska,Bukareszt,Rumunia
2025-11-21,,,WMI,BBU,2025-11-07,Warszawa,Polska,Bukareszt,Rumunia
2025-11-22,,,WMI,BBU,2025-11-07,Warszawa,Polska,Bukareszt,Rumunia
2025-11-23,,,WMI,BBU,2025-11-07,Warszawa,Polska,Bukareszt,Rumunia
2025-11-24,,,WMI,BBU,2025-11-07,Warszawa,Polska,Bukareszt,Rumunia
2025-11-25,,,WMI,BBU,2025-11-07,Warszawa,Polska,Bukareszt,Rumunia
2025-11-26,,,WMI,BBU,2025-11-07,Warszawa,Polska,Bukareszt,Rumunia
2025-11-27,,,WMI,BBU,2025-11-07,Warszawa,Polska,Bukareszt,Rumunia
2025-11-28,,,WMI,BBU,2025-11-07,Warszawa,Polska,Bukareszt,Rumunia
2025-11-29,,,WMI,BBU,2025-11-07,Warszawa,Polska,Bukareszt,Rumunia
2025-11-30,,,WMI,BBU,2025-11-07,Warszawa,Polska,Bukareszt,Rumunia
2025-12-01,,,WMI,BBU,2025-11-07,Warszawa,Polska,Bukareszt,Rumunia
2025-12-02,,,WMI,BBU,2025-11-07,Warszawa,Polska,Bukareszt,Rumunia
2025-12-03,,,WMI,BBU,2025-11-07,Warszawa,Polska,Bukareszt,Rumunia
2025-12-04,,,WMI,BBU,2025-11-07,Warszawa,Polska,Bukareszt,Rumunia
2025-12-05,,,WMI,BBU,2025-11-07,Warszawa,Polska,Bukareszt,Rumunia
2025-12-06,,,WMI,BBU,2025-11-07,Warszawa,Polska,Bukareszt,Rumunia
2025-12-07,,,WMI,BBU,2025-11-07,Warszawa,Polska,Bukareszt,Rumunia
2025-12-08,,,WMI,BBU,2025-11-07,Warszawa,Polska,Bukareszt,Rumunia
2025-12-09,,,WMI,BBU,2025-11-07,Warszawa,Polska,Bukareszt,Rumunia
2025-12-10,,,WMI,BBU,2025-11-07,Warszawa,Polska,Bukareszt,Rumunia
2025-12-11,,,WMI,BBU,2025-11-07,Warszawa,Polska,Bukareszt,Rumunia
2025-12-12,,,WMI,BBU,2025-11-07,Warszawa,Polska,Bukareszt,Rumunia
2025-12-13,,,WMI,BBU,2025-11-07,Warszawa,Polska,Bukareszt,Rumunia
2025-12-14,,,WMI,BBU,2025-11-07,Warszawa,Polska,Bukareszt,Rumunia
2025-12-15,,,WMI,BBU,2025-11-07,Warszawa,Polska,Bukareszt,Rumunia
2025-12-16,,,WMI,BBU,2025-11-07,Warszawa,Polska,Bukareszt,Rumunia
2025-12-17,,,WMI,BBU,2025-11-07,Warszawa,Polska,Bukareszt,Rumunia
2025-12-18,,,WMI,BBU,2025-11-07,Warszawa,Polska,Bukareszt,Rumunia
2025-12-19,,,WMI,BBU,2025-11-07,Warszawa,Polska,Bukareszt,Rumunia
2025-12-20,,,WMI,BBU,2025-11-07,Warszawa,Polska,Bukareszt,Rumunia
2025-12-21,,,WMI,BBU,2025-11-07,Warszawa,Polska,Bukareszt,Rumunia
2025-12-22,,,WMI,BBU,2025-11-07,Warszawa,Polska,Bukareszt,Rumunia
2025-12-23,,,WMI,BBU,2025-11-07,Warszawa,Polska,Bukareszt,Rumunia
2025-12-24,,,WMI,BBU,2025-11-07,Warszawa,Polska,Bukareszt,Rumunia
2025-12-25,,,WMI,BBU,2025-11-07,Warszawa,Polska,Bukareszt,Rumunia
2025-12-26,,,WMI,BBU,2025-11-07,Warszawa,Polska,Bukareszt,Rumunia
2025-12-27,,,WMI,BBU,2025-11-07,Warszawa,Polska,Bukareszt,Rumunia
2025-12-28,,,WMI,BBU,2025-11-07,Warszawa,Polska,Bukareszt,Rumunia
2025-12-29,,,WMI,BBU,2025-11-07,Warszawa,Polska,Bukareszt,Rumunia
2025-12-30,,,WMI,BBU,2025-11-07,Warszawa,Polska,Bukareszt,Rumunia
2025-12-31,,,WMI,BBU,2025-11-07,Warszawa,Polska,Bukareszt,Rumunia
2026-01-01,,,WMI,BBU,2025-11-07,Warszawa,Polska,Bukareszt,Rumunia
2026-01-02,,,WMI,BBU,2025-11-07,Warszawa,Polska,Bukareszt,Rumunia
2026-01-03,,,WMI,BBU,2025-11-07,Warszawa,Polska,Bukareszt,Rumunia
2026-01-04,,,WMI,BBU,2025-11-07,Warszawa,Polska,Bukareszt,Rumunia
2026-01-05,,,WMI,BBU,2025-11-07,Warszawa,Polska,Bukareszt,Rumunia
2026-01-06,,,WMI,BBU,2025-11-07,Warszawa,Polska,Bukareszt,Rumunia
2026-01-07,,,WMI,BBU,2025-11-07,Warszawa,Polska,Bukareszt,Rumunia
2026-01-08,,,WMI,BBU,2025-11-07,Warszawa,Polska,Bukareszt,Rumunia
2026-01-09,,,WMI,BBU,2025-11-07,Warszawa,Polska,Bukareszt,Rumunia
2026-01-10,,,WMI,BBU,2025-11-07,Warszawa,Polska,Bukareszt,Rumunia
2026-01-11,,,WMI,BBU,2025-11-07,Warszawa,Polska,Bukareszt,Rumunia
2026-01-12,,,WMI,BBU,2025-11-07,Warszawa,Polska,Bukareszt,Rumunia
2026-01-13,,,WMI,BBU,2025-11-07,Warszawa,Polska,Bukareszt,Rumunia
2026-01-14,,,WMI,BBU,2025-11-07,Warszawa,Polska,Bukareszt,Rumunia
2026-01-15,,,WMI,BBU,2025-11-07,Warszawa,Polska,Bukareszt,Rumunia
2026-01-16,,,WMI,BBU,2025-11-07,Warszawa,Polska,Bukareszt,Rumunia
2026-01-17,,,WMI,BBU,2025-11-07,Warszawa,Polska,Bukareszt,Rumunia
2026-01-18,,,WMI,BBU,2025-11-07,Warszawa,Polska,Bukareszt,Rumunia
2026-01-19,,,WMI,BBU,2025-11-07,Warszawa,Polska,Bukareszt,Rumunia
2026-01-20,,,WMI,BBU,2025-11-07,Warszawa,Polska,Bukareszt,Rumunia
2026-01-21,,,WMI,BBU,2025-11-07,Warszawa,Polska,Bukareszt,Rumunia
2026-01-22,,,WMI,BBU,2025-11-07,Warszawa,Polska,Bukareszt,Rumunia
2026-01-23,,,WMI,BBU,2025-11-07,Warszawa,Polska,Bukareszt,Rumunia
2026-01-24,,,WMI,BBU,2025-11-07,Warszawa,Polska,Bukareszt,Rumunia
2026-01-25,,,WMI,BBU,2025-11-07,Warszawa,Polska,Bukareszt,Rumunia
2026-01-26,,,WMI,BBU,2025-11-07,Warszawa,Polska,Bukareszt,Rumunia
2026-01-27,,,WMI,BBU,2025-11-07,Warszawa,Polska,Bukareszt,Rumunia
2026-01-28,,,WMI,BBU,2025-11-07,Warszawa,Polska,Bukareszt,Rumunia
2026-01-29,,,WMI,BBU,2025-11-07,Warszawa,Polska,Bukareszt,Rumunia
2026-01-30,,,WMI,BBU,2025-11-07,Warszawa,Polska,Bukareszt,Rumunia
2025-11-07,,,WMI,OTP,2025-11-07,Warszawa,Polska,Bukareszt,Rumunia
2025-11-08,,,WMI,OTP,2025-11-07,Warszawa,Polska,Bukareszt,Rumunia
2025-11-09,,,WMI,OTP,2025-11-07,Warszawa,Polska,Bukareszt,Rumunia
2025-11-10,,,WMI,OTP,2025-11-07,Warszawa,Polska,Bukareszt,Rumunia
2025-11-11,,,WMI,OTP,2025-11-07,Warszawa,Polska,Bukareszt,Rumunia
2025-11-12,,,WMI,OTP,2025-11-07,Warszawa,Polska,Bukareszt,Rumunia
2025-11-13,,,WMI,OTP,2025-11-07,Warszawa,Polska,Bukareszt,Rumunia
2025-11-14,,,WMI,OTP,2025-11-07,Warszawa,Polska,Bukareszt,Rumunia
2025-11-15,,,WMI,OTP,2025-11-07,Warszawa,Polska,Bukareszt,Rumunia
2025-11-16,,,WMI,OTP,2025-11-07,Warszawa,Polska,Bukareszt,Rumunia
2025-11-17,,,WMI,OTP,2025-11-07,Warszawa,Polska,Bukareszt,Rumunia
2025-11-18,,,WMI,OTP,2025-11-07,Warszawa,Polska,Bukareszt,Rumunia
2025-11-19,,,WMI,OTP,2025-11-07,Warszawa,Polska,Bukareszt,Rumunia
2025-11-20,,,WMI,OTP,2025-11-07,Warszawa,Polska,Bukareszt,Rumunia
2025-11-21,,,WMI,OTP,2025-11-07,Warszawa,Polska,Bukareszt,Rumunia
2025-11-22,,,WMI,OTP,2025-11-07,Warszawa,Polska,Bukareszt,Rumunia
2025-11-23,,,WMI,OTP,2025-11-07,Warszawa,Polska,Bukareszt,Rumunia
2025-11-24,,,WMI,OTP,2025-11-07,Warszawa,Polska,Bukareszt,Rumunia
2025-11-25,,,WMI,OTP,2025-11-07,Warszawa,Polska,Bukareszt,Rumunia
2025-11-26,,,WMI,OTP,2025-11-07,Warszawa,Polska,Bukareszt,Rumunia
2025-11-27,,,WMI,OTP,2025-11-07,Warszawa,Polska,Bukareszt,Rumunia
2025-11-28,,,WMI,OTP,2025-11-07,Warszawa,Polska,Bukareszt,Rumunia
2025-11-29,,,WMI,OTP,2025-11-07,Warszawa,Polska,Bukareszt,Rumunia
2025-11-30,,,WMI,OTP,2025-11-07,Warszawa,Polska,Bukareszt,Rumunia
2025-12-01,,,WMI,OTP,2025-11-07,Warszawa,Polska,Bukareszt,Rumunia
2025-12-02,,,WMI,OTP,2025-11-07,Warszawa,Polska,Bukareszt,Rumunia
2025-12-03,,,WMI,OTP,2025-11-07,Warszawa,Polska,Bukareszt,Rumunia
2025-12-04,,,WMI,OTP,2025-11-07,Warszawa,Polska,Bukareszt,Rumunia
2025-12-05,,,WMI,OTP,2025-11-07,Warszawa,Polska,Bukareszt,Rumunia
2025-12-06,,,WMI,OTP,2025-11-07,Warszawa,Polska,Bukareszt,Rumunia
2025-12-07,,,WMI,OTP,2025-11-07,Warszawa,Polska,Bukareszt,Rumunia
2025-12-08,,,WMI,OTP,2025-11-07,Warszawa,Polska,Bukareszt,Rumunia
2025-12-09,,,WMI,OTP,2025-11-07,Warszawa,Polska,Bukareszt,Rumunia
2025-12-10,,,WMI,OTP,2025-11-07,Warszawa,Polska,Bukareszt,Rumunia
2025-12-11,,,WMI,OTP,2025-11-07,Warszawa,Polska,Bukareszt,Rumunia
2025-12-12,,,WMI,OTP,2025-11-07,Warszawa,Polska,Bukareszt,Rumunia
2025-12-13,,,WMI,OTP,2025-11-07,Warszawa,Polska,Bukareszt,Rumunia
2025-12-14,,,WMI,OTP,2025-11-07,Warszawa,Polska,Bukareszt,Rumunia
2025-12-15,,,WMI,OTP,2025-11-07,Warszawa,Polska,Bukareszt,Rumunia
2025-12-16,,,WMI,OTP,2025-11-07,Warszawa,Polska,Bukareszt,Rumunia
2025-12-17,,,WMI,OTP,2025-11-07,Warszawa,Polska,Bukareszt,Rumunia
2025-12-18,,,WMI,OTP,2025-11-07,Warszawa,Polska,Bukareszt,Rumunia
2025-12-19,,,WMI,OTP,2025-11-07,Warszawa,Polska,Bukareszt,Rumunia
2025-12-20,,,WMI,OTP,2025-11-07,Warszawa,Polska,Bukareszt,Rumunia
2025-12-21,,,WMI,OTP,2025-11-07,Warszawa,Polska,Bukareszt,Rumunia
2025-12-22,,,WMI,OTP,2025-11-07,Warszawa,Polska,Bukareszt,Rumunia
2025-12-23,,,WMI,OTP,2025-11-07,Warszawa,Polska,Bukareszt,Rumunia
2025-12-24,,,WMI,OTP,2025-11-07,Warszawa,Polska,Bukareszt,Rumunia
2025-12-25,,,WMI,OTP,2025-11-07,Warszawa,Polska,Bukareszt,Rumunia
2025-12-26,,,WMI,OTP,2025-11-07,Warszawa,Polska,Bukareszt,Rumunia
2025-12-27,,,WMI,OTP,2025-11-07,Warszawa,Polska,Bukareszt,Rumunia
2025-12-28,,,WMI,OTP,2025-11-07,Warszawa,Polska,Bukareszt,Rumunia
2025-12-29,,,WMI,OTP,2025-11-07,Warszawa,Polska,Bukareszt,Rumunia
2025-12-30,,,WMI,OTP,2025-11-07,Warszawa,Polska,Bukareszt,Rumunia
2025-12-31,,,WMI,OTP,2025-11-07,Warszawa,Polska,Bukareszt,Rumunia
2026-01-01,,,WMI,OTP,2025-11-07,Warszawa,Polska,Bukareszt,Rumunia
2026-01-02,,,WMI,OTP,2025-11-07,Warszawa,Polska,Bukareszt,Rumunia
2026-01-03,,,WMI,OTP,2025-11-07,Warszawa,Polska,Bukareszt,Rumunia
2026-01-04,,,WMI,OTP,2025-11-07,Warszawa,Polska,Bukareszt,Rumunia
2026-01-05,,,WMI,OTP,2025-11-07,Warszawa,Polska,Bukareszt,Rumunia
2026-01-06,,,WMI,OTP,2025-11-07,Warszawa,Polska,Bukareszt,Rumunia
2026-01-07,,,WMI,OTP,2025-11-07,Warszawa,Polska,Bukareszt,Rumunia
2026-01-08,,,WMI,OTP,2025-11-07,Warszawa,Polska,Bukareszt,Rumunia
2026-01-09,,,WMI,OTP,2025-11-07,Warszawa,Polska,Bukareszt,Rumunia
2026-01-10,,,WMI,OTP,2025-11-07,Warszawa,Polska,Bukareszt,Rumunia
2026-01-11,,,WMI,OTP,2025-11-07,Warszawa,Polska,Bukareszt,Rumunia
2026-01-12,,,WMI,OTP,2025-11-07,Warszawa,Polska,Bukareszt,Rumunia
2026-01-13,,,WMI,OTP,2025-11-07,Warszawa,Polska,Bukareszt,Rumunia
2026-01-14,,,WMI,OTP,2025-11-07,Warszawa,Polska,Bukareszt,Rumunia
2026-01-15,,,WMI,OTP,2025-11-07,Warszawa,Polska,Bukareszt,Rumunia
2026-01-16,,,WMI,OTP,2025-11-07,Warszawa,Polska,Bukareszt,Rumunia
2026-01-17,,,WMI,OTP,2025-11-07,Warszawa,Polska,Bukareszt,Rumunia
2026-01-18,,,WMI,OTP,2025-11-07,Warszawa,Polska,Bukareszt,Rumunia
2026-01-19,,,WMI,OTP,2025-11-07,Warszawa,Polska,Bukareszt,Rumunia
2026-01-20,,,WMI,OTP,2025-11-07,Warszawa,Polska,Bukareszt,Rumunia
2026-01-21,,,WMI,OTP,2025-11-07,Warszawa,Polska,Bukareszt,Rumunia
2026-01-22,,,WMI,OTP,2025-11-07,Warszawa,Polska,Bukareszt,Rumunia
2026-01-23,,,WMI,OTP,2025-11-07,Warszawa,Polska,Bukareszt,Rumunia
2026-01-24,,,WMI,OTP,2025-11-07,Warszawa,Polska,Bukareszt,Rumunia
2026-01-25,,,WMI,OTP,2025-11-07,Warszawa,Polska,Bukareszt,Rumunia
2026-01-26,,,WMI,OTP,2025-11-07,Warszawa,Polska,Bukareszt,Rumunia
2026-01-27,,,WMI,OTP,2025-11-07,Warszawa,Polska,Bukareszt,Rumunia
2026-01-28,,,WMI,OTP,2025-11-07,Warszawa,Polska,Bukareszt,Rumunia
2026-01-29,,,WMI,OTP,2025-11-07,Warszawa,Polska,Bukareszt,Rumunia
2026-01-30,,,WMI,OTP,2025-11-07,Warszawa,Polska,Bukareszt,Rumunia
2025-11-07,,,WMI,CPH,2025-11-07,Warszawa,Polska,Kopenhaga,Dania
2025-11-08,,,WMI,CPH,2025-11-07,Warszawa,Polska,Kopenhaga,Dania
2025-11-09,,,WMI,CPH,2025-11-07,Warszawa,Polska,Kopenhaga,Dania
2025-11-10,,,WMI,CPH,2025-11-07,Warszawa,Polska,Kopenhaga,Dania
2025-11-11,,,WMI,CPH,2025-11-07,Warszawa,Polska,Kopenhaga,Dania
2025-11-12,,,WMI,CPH,2025-11-07,Warszawa,Polska,Kopenhaga,Dania
2025-11-13,,,WMI,CPH,2025-11-07,Warszawa,Polska,Kopenhaga,Dania
2025-11-14,,,WMI,CPH,2025-11-07,Warszawa,Polska,Kopenhaga,Dania
2025-11-15,,,WMI,CPH,2025-11-07,Warszawa,Polska,Kopenhaga,Dania
2025-11-16,,,WMI,CPH,2025-11-07,Warszawa,Polska,Kopenhaga,Dania
2025-11-17,,,WMI,CPH,2025-11-07,Warszawa,Polska,Kopenhaga,Dania
2025-11-18,,,WMI,CPH,2025-11-07,Warszawa,Polska,Kopenhaga,Dania
2025-11-19,,,WMI,CPH,2025-11-07,Warszawa,Polska,Kopenhaga,Dania
2025-11-20,,,WMI,CPH,2025-11-07,Warszawa,Polska,Kopenhaga,Dania
2025-11-21,,,WMI,CPH,2025-11-07,Warszawa,Polska,Kopenhaga,Dania
2025-11-22,,,WMI,CPH,2025-11-07,Warszawa,Polska,Kopenhaga,Dania
2025-11-23,,,WMI,CPH,2025-11-07,Warszawa,Polska,Kopenhaga,Dania
2025-11-24,,,WMI,CPH,2025-11-07,Warszawa,Polska,Kopenhaga,Dania
2025-11-25,,,WMI,CPH,2025-11-07,Warszawa,Polska,Kopenhaga,Dania
2025-11-26,,,WMI,CPH,2025-11-07,Warszawa,Polska,Kopenhaga,Dania
2025-11-27,,,WMI,CPH,2025-11-07,Warszawa,Polska,Kopenhaga,Dania
2025-11-28,,,WMI,CPH,2025-11-07,Warszawa,Polska,Kopenhaga,Dania
2025-11-29,,,WMI,CPH,2025-11-07,Warszawa,Polska,Kopenhaga,Dania
2025-11-30,,,WMI,CPH,2025-11-07,Warszawa,Polska,Kopenhaga,Dania
2025-12-01,,,WMI,CPH,2025-11-07,Warszawa,Polska,Kopenhaga,Dania
2025-12-02,,,WMI,CPH,2025-11-07,Warszawa,Polska,Kopenhaga,Dania
2025-12-03,,,WMI,CPH,2025-11-07,Warszawa,Polska,Kopenhaga,Dania
2025-12-04,,,WMI,CPH,2025-11-07,Warszawa,Polska,Kopenhaga,Dania
2025-12-05,,,WMI,CPH,2025-11-07,Warszawa,Polska,Kopenhaga,Dania
2025-12-06,,,WMI,CPH,2025-11-07,Warszawa,Polska,Kopenhaga,Dania
2025-12-07,,,WMI,CPH,2025-11-07,Warszawa,Polska,Kopenhaga,Dania
2025-12-08,,,WMI,CPH,2025-11-07,Warszawa,Polska,Kopenhaga,Dania
2025-12-09,,,WMI,CPH,2025-11-07,Warszawa,Polska,Kopenhaga,Dania
2025-12-10,,,WMI,CPH,2025-11-07,Warszawa,Polska,Kopenhaga,Dania
2025-12-11,,,WMI,CPH,2025-11-07,Warszawa,Polska,Kopenhaga,Dania
2025-12-12,,,WMI,CPH,2025-11-07,Warszawa,Polska,Kopenhaga,Dania
2025-12-13,,,WMI,CPH,2025-11-07,Warszawa,Polska,Kopenhaga,Dania
2025-12-14,,,WMI,CPH,2025-11-07,Warszawa,Polska,Kopenhaga,Dania
2025-12-15,,,WMI,CPH,2025-11-07,Warszawa,Polska,Kopenhaga,Dania
2025-12-16,,,WMI,CPH,2025-11-07,Warszawa,Polska,Kopenhaga,Dania
2025-12-17,,,WMI,CPH,2025-11-07,Warszawa,Polska,Kopenhaga,Dania
2025-12-18,,,WMI,CPH,2025-11-07,Warszawa,Polska,Kopenhaga,Dania
2025-12-19,,,WMI,CPH,2025-11-07,Warszawa,Polska,Kopenhaga,Dania
2025-12-20,,,WMI,CPH,2025-11-07,Warszawa,Polska,Kopenhaga,Dania
2025-12-21,,,WMI,CPH,2025-11-07,Warszawa,Polska,Kopenhaga,Dania
2025-12-22,,,WMI,CPH,2025-11-07,Warszawa,Polska,Kopenhaga,Dania
2025-12-23,,,WMI,CPH,2025-11-07,Warszawa,Polska,Kopenhaga,Dania
2025-12-24,,,WMI,CPH,2025-11-07,Warszawa,Polska,Kopenhaga,Dania
2025-12-25,,,WMI,CPH,2025-11-07,Warszawa,Polska,Kopenhaga,Dania
2025-12-26,,,WMI,CPH,2025-11-07,Warszawa,Polska,Kopenhaga,Dania
2025-12-27,,,WMI,CPH,2025-11-07,Warszawa,Polska,Kopenhaga,Dania
2025-12-28,,,WMI,CPH,2025-11-07,Warszawa,Polska,Kopenhaga,Dania
2025-12-29,,,WMI,CPH,2025-11-07,Warszawa,Polska,Kopenhaga,Dania
2025-12-30,,,WMI,CPH,2025-11-07,Warszawa,Polska,Kopenhaga,Dania
2025-12-31,,,WMI,CPH,2025-11-07,Warszawa,Polska,Kopenhaga,Dania
2026-01-01,,,WMI,CPH,2025-11-07,Warszawa,Polska,Kopenhaga,Dania
2026-01-02,,,WMI,CPH,2025-11-07,Warszawa,Polska,Kopenhaga,Dania
2026-01-03,,,WMI,CPH,2025-11-07,Warszawa,Polska,Kopenhaga,Dania
2026-01-04,,,WMI,CPH,2025-11-07,Warszawa,Polska,Kopenhaga,Dania
2026-01-05,,,WMI,CPH,2025-11-07,Warszawa,Polska,Kopenhaga,Dania
2026-01-06,,,WMI,CPH,2025-11-07,Warszawa,Polska,Kopenhaga,Dania
2026-01-07,,,WMI,CPH,2025-11-07,Warszawa,Polska,Kopenhaga,Dania
2026-01-08,,,WMI,CPH,2025-11-07,Warszawa,Polska,Kopenhaga,Dania
2026-01-09,,,WMI,CPH,2025-11-07,Warszawa,Polska,Kopenhaga,Dania
2026-01-10,,,WMI,CPH,2025-11-07,Warszawa,Polska,Kopenhaga,Dania
2026-01-11,,,WMI,CPH,2025-11-07,Warszawa,Polska,Kopenhaga,Dania
2026-01-12,,,WMI,CPH,2025-11-07,Warszawa,Polska,Kopenhaga,Dania
2026-01-13,,,WMI,CPH,2025-11-07,Warszawa,Polska,Kopenhaga,Dania
2026-01-14,,,WMI,CPH,2025-11-07,Warszawa,Polska,Kopenhaga,Dania
2026-01-15,,,WMI,CPH,2025-11-07,Warszawa,Polska,Kopenhaga,Dania
2026-01-16,,,WMI,CPH,2025-11-07,Warszawa,Polska,Kopenhaga,Dania
2026-01-17,,,WMI,CPH,2025-11-07,Warszawa,Polska,Kopenhaga,Dania
2026-01-18,,,WMI,CPH,2025-11-07,Warszawa,Polska,Kopenhaga,Dania
2026-01-19,,,WMI,CPH,2025-11-07,Warszawa,Polska,Kopenhaga,Dania
2026-01-20,,,WMI,CPH,2025-11-07,Warszawa,Polska,Kopenhaga,Dania
2026-01-21,,,WMI,CPH,2025-11-07,Warszawa,Polska,Kopenhaga,Dania
2026-01-22,,,WMI,CPH,2025-11-07,Warszawa,Polska,Kopenhaga,Dania
2026-01-23,,,WMI,CPH,2025-11-07,Warszawa,Polska,Kopenhaga,Dania
2026-01-24,,,WMI,CPH,2025-11-07,Warszawa,Polska,Kopenhaga,Dania
2026-01-25,,,WMI,CPH,2025-11-07,Warszawa,Polska,Kopenhaga,Dania
2026-01-26,,,WMI,CPH,2025-11-07,Warszawa,Polska,Kopenhaga,Dania
2026-01-27,,,WMI,CPH,2025-11-07,Warszawa,Polska,Kopenhaga,Dania
2026-01-28,,,WMI,CPH,2025-11-07,Warszawa,Polska,Kopenhaga,Dania
2026-01-29,,,WMI,CPH,2025-11-07,Warszawa,Polska,Kopenhaga,Dania
2026-01-30,,,WMI,CPH,2025-11-07,Warszawa,Polska,Kopenhaga,Dania
2025-11-07,,,WMI,ARN,2025-11-07,Warszawa,Polska,Sztokholm,Szwecja
2025-11-08,,,WMI,ARN,2025-11-07,Warszawa,Polska,Sztokholm,Szwecja
2025-11-09,,,WMI,ARN,2025-11-07,Warszawa,Polska,Sztokholm,Szwecja
2025-11-10,,,WMI,ARN,2025-11-07,Warszawa,Polska,Sztokholm,Szwecja
2025-11-11,,,WMI,ARN,2025-11-07,Warszawa,Polska,Sztokholm,Szwecja
2025-11-12,,,WMI,ARN,2025-11-07,Warszawa,Polska,Sztokholm,Szwecja
2025-11-13,,,WMI,ARN,2025-11-07,Warszawa,Polska,Sztokholm,Szwecja
2025-11-14,,,WMI,ARN,2025-11-07,Warszawa,Polska,Sztokholm,Szwecja
2025-11-15,,,WMI,ARN,2025-11-07,Warszawa,Polska,Sztokholm,Szwecja
2025-11-16,,,WMI,ARN,2025-11-07,Warszawa,Polska,Sztokholm,Szwecja
2025-11-17,,,WMI,ARN,2025-11-07,Warszawa,Polska,Sztokholm,Szwecja
2025-11-18,,,WMI,ARN,2025-11-07,Warszawa,Polska,Sztokholm,Szwecja
2025-11-19,,,WMI,ARN,2025-11-07,Warszawa,Polska,Sztokholm,Szwecja
2025-11-20,,,WMI,ARN,2025-11-07,Warszawa,Polska,Sztokholm,Szwecja
2025-11-21,,,WMI,ARN,2025-11-07,Warszawa,Polska,Sztokholm,Szwecja
2025-11-22,,,WMI,ARN,2025-11-07,Warszawa,Polska,Sztokholm,Szwecja
2025-11-23,,,WMI,ARN,2025-11-07,Warszawa,Polska,Sztokholm,Szwecja
2025-11-24,,,WMI,ARN,2025-11-07,Warszawa,Polska,Sztokholm,Szwecja
2025-11-25,,,WMI,ARN,2025-11-07,Warszawa,Polska,Sztokholm,Szwecja
2025-11-26,,,WMI,ARN,2025-11-07,Warszawa,Polska,Sztokholm,Szwecja
2025-11-27,,,WMI,ARN,2025-11-07,Warszawa,Polska,Sztokholm,Szwecja
2025-11-28,,,WMI,ARN,2025-11-07,Warszawa,Polska,Sztokholm,Szwecja
2025-11-29,,,WMI,ARN,2025-11-07,Warszawa,Polska,Sztokholm,Szwecja
2025-11-30,,,WMI,ARN,2025-11-07,Warszawa,Polska,Sztokholm,Szwecja
2025-12-01,,,WMI,ARN,2025-11-07,Warszawa,Polska,Sztokholm,Szwecja
2025-12-02,,,WMI,ARN,2025-11-07,Warszawa,Polska,Sztokholm,Szwecja
2025-12-03,,,WMI,ARN,2025-11-07,Warszawa,Polska,Sztokholm,Szwecja
2025-12-04,,,WMI,ARN,2025-11-07,Warszawa,Polska,Sztokholm,Szwecja
2025-12-05,,,WMI,ARN,2025-11-07,Warszawa,Polska,Sztokholm,Szwecja
2025-12-06,,,WMI,ARN,2025-11-07,Warszawa,Polska,Sztokholm,Szwecja
2025-12-07,,,WMI,ARN,2025-11-07,Warszawa,Polska,Sztokholm,Szwecja
2025-12-08,,,WMI,ARN,2025-11-07,Warszawa,Polska,Sztokholm,Szwecja
2025-12-09,,,WMI,ARN,2025-11-07,Warszawa,Polska,Sztokholm,Szwecja
2025-12-10,,,WMI,ARN,2025-11-07,Warszawa,Polska,Sztokholm,Szwecja
2025-12-11,,,WMI,ARN,2025-11-07,Warszawa,Polska,Sztokholm,Szwecja
2025-12-12,,,WMI,ARN,2025-11-07,Warszawa,Polska,Sztokholm,Szwecja
2025-12-13,,,WMI,ARN,2025-11-07,Warszawa,Polska,Sztokholm,Szwecja
2025-12-14,,,WMI,ARN,2025-11-07,Warszawa,Polska,Sztokholm,Szwecja
2025-12-15,,,WMI,ARN,2025-11-07,Warszawa,Polska,Sztokholm,Szwecja
2025-12-16,,,WMI,ARN,2025-11-07,Warszawa,Polska,Sztokholm,Szwecja
2025-12-17,,,WMI,ARN,2025-11-07,Warszawa,Polska,Sztokholm,Szwecja
2025-12-18,,,WMI,ARN,2025-11-07,Warszawa,Polska,Sztokholm,Szwecja
2025-12-19,,,WMI,ARN,2025-11-07,Warszawa,Polska,Sztokholm,Szwecja
2025-12-20,,,WMI,ARN,2025-11-07,Warszawa,Polska,Sztokholm,Szwecja
2025-12-21,,,WMI,ARN,2025-11-07,Warszawa,Polska,Sztokholm,Szwecja
2025-12-22,,,WMI,ARN,2025-11-07,Warszawa,Polska,Sztokholm,Szwecja
2025-12-23,,,WMI,ARN,2025-11-07,Warszawa,Polska,Sztokholm,Szwecja
2025-12-24,,,WMI,ARN,2025-11-07,Warszawa,Polska,Sztokholm,Szwecja
2025-12-25,,,WMI,ARN,2025-11-07,Warszawa,Polska,Sztokholm,Szwecja
2025-12-26,,,WMI,ARN,2025-11-07,Warszawa,Polska,Sztokholm,Szwecja
2025-12-27,,,WMI,ARN,2025-11-07,Warszawa,Polska,Sztokholm,Szwecja
2025-12-28,,,WMI,ARN,2025-11-07,Warszawa,Polska,Sztokholm,Szwecja
2025-12-29,,,WMI,ARN,2025-11-07,Warszawa,Polska,Sztokholm,Szwecja
2025-12-30,,,WMI,ARN,2025-11-07,Warszawa,Polska,Sztokholm,Szwecja
2025-12-31,,,WMI,ARN,2025-11-07,Warszawa,Polska,Sztokholm,Szwecja
2026-01-01,,,WMI,ARN,2025-11-07,Warszawa,Polska,Sztokholm,Szwecja
2026-01-02,,,WMI,ARN,2025-11-07,Warszawa,Polska,Sztokholm,Szwecja
2026-01-03,,,WMI,ARN,2025-11-07,Warszawa,Polska,Sztokholm,Szwecja
2026-01-04,,,WMI,ARN,2025-11-07,Warszawa,Polska,Sztokholm,Szwecja
2026-01-05,,,WMI,ARN,2025-11-07,Warszawa,Polska,Sztokholm,Szwecja
2026-01-06,,,WMI,ARN,2025-11-07,Warszawa,Polska,Sztokholm,Szwecja
2026-01-07,,,WMI,ARN,2025-11-07,Warszawa,Polska,Sztokholm,Szwecja
2026-01-08,,,WMI,ARN,2025-11-07,Warszawa,Polska,Sztokholm,Szwecja
2026-01-09,,,WMI,ARN,2025-11-07,Warszawa,Polska,Sztokholm,Szwecja
2026-01-10,,,WMI,ARN,2025-11-07,Warszawa,Polska,Sztokholm,Szwecja
2026-01-11,,,WMI,ARN,2025-11-07,Warszawa,Polska,Sztokholm,Szwecja
2026-01-12,,,WMI,ARN,2025-11-07,Warszawa,Polska,Sztokholm,Szwecja
2026-01-13,,,WMI,ARN,2025-11-07,Warszawa,Polska,Sztokholm,Szwecja
2026-01-14,,,WMI,ARN,2025-11-07,Warszawa,Polska,Sztokholm,Szwecja
2026-01-15,,,WMI,ARN,2025-11-07,Warszawa,Polska,Sztokholm,Szwecja
2026-01-16,,,WMI,ARN,2025-11-07,Warszawa,Polska,Sztokholm,Szwecja
2026-01-17,,,WMI,ARN,2025-11-07,Warszawa,Polska,Sztokholm,Szwecja
2026-01-18,,,WMI,ARN,2025-11-07,Warszawa,Polska,Sztokholm,Szwecja
2026-01-19,,,WMI,ARN,2025-11-07,Warszawa,Polska,Sztokholm,Szwecja
2026-01-20,,,WMI,ARN,2025-11-07,Warszawa,Polska,Sztokholm,Szwecja
2026-01-21,,,WMI,ARN,2025-11-07,Warszawa,Polska,Sztokholm,Szwecja
2026-01-22,,,WMI,ARN,2025-11-07,Warszawa,Polska,Sztokholm,Szwecja
2026-01-23,,,WMI,ARN,2025-11-07,Warszawa,Polska,Sztokholm,Szwecja
2026-01-24,,,WMI,ARN,2025-11-07,Warszawa,Polska,Sztokholm,Szwecja
2026-01-25,,,WMI,ARN,2025-11-07,Warszawa,Polska,Sztokholm,Szwecja
2026-01-26,,,WMI,ARN,2025-11-07,Warszawa,Polska,Sztokholm,Szwecja
2026-01-27,,,WMI,ARN,2025-11-07,Warszawa,Polska,Sztokholm,Szwecja
2026-01-28,,,WMI,ARN,2025-11-07,Warszawa,Polska,Sztokholm,Szwecja
2026-01-29,,,WMI,ARN,2025-11-07,Warszawa,Polska,Sztokholm,Szwecja
2026-01-30,,,WMI,ARN,2025-11-07,Warszawa,Polska,Sztokholm,Szwecja
2025-11-07,,,WMI,GOT,2025-11-07,Warszawa,Polska,Gotenburg,Szwecja
2025-11-08,,,WMI,GOT,2025-11-07,Warszawa,Polska,Gotenburg,Szwecja
2025-11-09,,,WMI,GOT,2025-11-07,Warszawa,Polska,Gotenburg,Szwecja
2025-11-10,,,WMI,GOT,2025-11-07,Warszawa,Polska,Gotenburg,Szwecja
2025-11-11,,,WMI,GOT,2025-11-07,Warszawa,Polska,Gotenburg,Szwecja
2025-11-12,,,WMI,GOT,2025-11-07,Warszawa,Polska,Gotenburg,Szwecja
2025-11-13,,,WMI,GOT,2025-11-07,Warszawa,Polska,Gotenburg,Szwecja
2025-11-14,,,WMI,GOT,2025-11-07,Warszawa,Polska,Gotenburg,Szwecja
2025-11-15,,,WMI,GOT,2025-11-07,Warszawa,Polska,Gotenburg,Szwecja
2025-11-16,,,WMI,GOT,2025-11-07,Warszawa,Polska,Gotenburg,Szwecja
2025-11-17,,,WMI,GOT,2025-11-07,Warszawa,Polska,Gotenburg,Szwecja
2025-11-18,,,WMI,GOT,2025-11-07,Warszawa,Polska,Gotenburg,Szwecja
2025-11-19,,,WMI,GOT,2025-11-07,Warszawa,Polska,Gotenburg,Szwecja
2025-11-20,,,WMI,GOT,2025-11-07,Warszawa,Polska,Gotenburg,Szwecja
2025-11-21,,,WMI,GOT,2025-11-07,Warszawa,Polska,Gotenburg,Szwecja
2025-11-22,,,WMI,GOT,2025-11-07,Warszawa,Polska,Gotenburg,Szwecja
2025-11-23,,,WMI,GOT,2025-11-07,Warszawa,Polska,Gotenburg,Szwecja
2025-11-24,,,WMI,GOT,2025-11-07,Warszawa,Polska,Gotenburg,Szwecja
2025-11-25,,,WMI,GOT,2025-11-07,Warszawa,Polska,Gotenburg,Szwecja
2025-11-26,,,WMI,GOT,2025-11-07,Warszawa,Polska,Gotenburg,Szwecja
2025-11-27,,,WMI,GOT,2025-11-07,Warszawa,Polska,Gotenburg,Szwecja
2025-11-28,,,WMI,GOT,2025-11-07,Warszawa,Polska,Gotenburg,Szwecja
2025-11-29,,,WMI,GOT,2025-11-07,Warszawa,Polska,Gotenburg,Szwecja
2025-11-30,,,WMI,GOT,2025-11-07,Warszawa,Polska,Gotenburg,Szwecja
2025-12-01,,,WMI,GOT,2025-11-07,Warszawa,Polska,Gotenburg,Szwecja
2025-12-02,,,WMI,GOT,2025-11-07,Warszawa,Polska,Gotenburg,Szwecja
2025-12-03,,,WMI,GOT,2025-11-07,Warszawa,Polska,Gotenburg,Szwecja
2025-12-04,,,WMI,GOT,2025-11-07,Warszawa,Polska,Gotenburg,Szwecja
2025-12-05,,,WMI,GOT,2025-11-07,Warszawa,Polska,Gotenburg,Szwecja
2025-12-06,,,WMI,GOT,2025-11-07,Warszawa,Polska,Gotenburg,Szwecja
2025-12-07,,,WMI,GOT,2025-11-07,Warszawa,Polska,Gotenburg,Szwecja
2025-12-08,,,WMI,GOT,2025-11-07,Warszawa,Polska,Gotenburg,Szwecja
2025-12-09,,,WMI,GOT,2025-11-07,Warszawa,Polska,Gotenburg,Szwecja
2025-12-10,,,WMI,GOT,2025-11-07,Warszawa,Polska,Gotenburg,Szwecja
2025-12-11,,,WMI,GOT,2025-11-07,Warszawa,Polska,Gotenburg,Szwecja
2025-12-12,,,WMI,GOT,2025-11-07,Warszawa,Polska,Gotenburg,Szwecja
2025-12-13,,,WMI,GOT,2025-11-07,Warszawa,Polska,Gotenburg,Szwecja
2025-12-14,,,WMI,GOT,2025-11-07,Warszawa,Polska,Gotenburg,Szwecja
2025-12-15,,,WMI,GOT,2025-11-07,Warszawa,Polska,Gotenburg,Szwecja
2025-12-16,,,WMI,GOT,2025-11-07,Warszawa,Polska,Gotenburg,Szwecja
2025-12-17,,,WMI,GOT,2025-11-07,Warszawa,Polska,Gotenburg,Szwecja
2025-12-18,,,WMI,GOT,2025-11-07,Warszawa,Polska,Gotenburg,Szwecja
2025-12-19,,,WMI,GOT,2025-11-07,Warszawa,Polska,Gotenburg,Szwecja
2025-12-20,,,WMI,GOT,2025-11-07,Warszawa,Polska,Gotenburg,Szwecja
2025-12-21,,,WMI,GOT,2025-11-07,Warszawa,Polska,Gotenburg,Szwecja
2025-12-22,,,WMI,GOT,2025-11-07,Warszawa,Polska,Gotenburg,Szwecja
2025-12-23,,,WMI,GOT,2025-11-07,Warszawa,Polska,Gotenburg,Szwecja
2025-12-24,,,WMI,GOT,2025-11-07,Warszawa,Polska,Gotenburg,Szwecja
2025-12-25,,,WMI,GOT,2025-11-07,Warszawa,Polska,Gotenburg,Szwecja
2025-12-26,,,WMI,GOT,2025-11-07,Warszawa,Polska,Gotenburg,Szwecja
2025-12-27,,,WMI,GOT,2025-11-07,Warszawa,Polska,Gotenburg,Szwecja
2025-12-28,,,WMI,GOT,2025-11-07,Warszawa,Polska,Gotenburg,Szwecja
2025-12-29,,,WMI,GOT,2025-11-07,Warszawa,Polska,Gotenburg,Szwecja
2025-12-30,,,WMI,GOT,2025-11-07,Warszawa,Polska,Gotenburg,Szwecja
2025-12-31,,,WMI,GOT,2025-11-07,Warszawa,Polska,Gotenburg,Szwecja
2026-01-01,,,WMI,GOT,2025-11-07,Warszawa,Polska,Gotenburg,Szwecja
2026-01-02,,,WMI,GOT,2025-11-07,Warszawa,Polska,Gotenburg,Szwecja
2026-01-03,,,WMI,GOT,2025-11-07,Warszawa,Polska,Gotenburg,Szwecja
2026-01-04,,,WMI,GOT,2025-11-07,Warszawa,Polska,Gotenburg,Szwecja
2026-01-05,,,WMI,GOT,2025-11-07,Warszawa,Polska,Gotenburg,Szwecja
2026-01-06,,,WMI,GOT,2025-11-07,Warszawa,Polska,Gotenburg,Szwecja
2026-01-07,,,WMI,GOT,2025-11-07,Warszawa,Polska,Gotenburg,Szwecja
2026-01-08,,,WMI,GOT,2025-11-07,Warszawa,Polska,Gotenburg,Szwecja
2026-01-09,,,WMI,GOT,2025-11-07,Warszawa,Polska,Gotenburg,Szwecja
2026-01-10,,,WMI,GOT,2025-11-07,Warszawa,Polska,Gotenburg,Szwecja
2026-01-11,,,WMI,GOT,2025-11-07,Warszawa,Polska,Gotenburg,Szwecja
2026-01-12,,,WMI,GOT,2025-11-07,Warszawa,Polska,Gotenburg,Szwecja
2026-01-13,,,WMI,GOT,2025-11-07,Warszawa,Polska,Gotenburg,Szwecja
2026-01-14,,,WMI,GOT,2025-11-07,Warszawa,Polska,Gotenburg,Szwecja
2026-01-15,,,WMI,GOT,2025-11-07,Warszawa,Polska,Gotenburg,Szwecja
2026-01-16,,,WMI,GOT,2025-11-07,Warszawa,Polska,Gotenburg,Szwecja
2026-01-17,,,WMI,GOT,2025-11-07,Warszawa,Polska,Gotenburg,Szwecja
2026-01-18,,,WMI,GOT,2025-11-07,Warszawa,Polska,Gotenburg,Szwecja
2026-01-19,,,WMI,GOT,2025-11-07,Warszawa,Polska,Gotenburg,Szwecja
2026-01-20,,,WMI,GOT,2025-11-07,Warszawa,Polska,Gotenburg,Szwecja
2026-01-21,,,WMI,GOT,2025-11-07,Warszawa,Polska,Gotenburg,Szwecja
2026-01-22,,,WMI,GOT,2025-11-07,Warszawa,Polska,Gotenburg,Szwecja
2026-01-23,,,WMI,GOT,2025-11-07,Warszawa,Polska,Gotenburg,Szwecja
2026-01-24,,,WMI,GOT,2025-11-07,Warszawa,Polska,Gotenburg,Szwecja
2026-01-25,,,WMI,GOT,2025-11-07,Warszawa,Polska,Gotenburg,Szwecja
2026-01-26,,,WMI,GOT,2025-11-07,Warszawa,Polska,Gotenburg,Szwecja
2026-01-27,,,WMI,GOT,2025-11-07,Warszawa,Polska,Gotenburg,Szwecja
2026-01-28,,,WMI,GOT,2025-11-07,Warszawa,Polska,Gotenburg,Szwecja
2026-01-29,,,WMI,GOT,2025-11-07,Warszawa,Polska,Gotenburg,Szwecja
2026-01-30,,,WMI,GOT,2025-11-07,Warszawa,Polska,Gotenburg,Szwecja
2025-11-07,,,WMI,BUD,2025-11-07,Warszawa,Polska,Budapeszt,Węgry
2025-11-08,,,WMI,BUD,2025-11-07,Warszawa,Polska,Budapeszt,Węgry
2025-11-09,,,WMI,BUD,2025-11-07,Warszawa,Polska,Budapeszt,Węgry
2025-11-10,,,WMI,BUD,2025-11-07,Warszawa,Polska,Budapeszt,Węgry
2025-11-11,,,WMI,BUD,2025-11-07,Warszawa,Polska,Budapeszt,Węgry
2025-11-12,,,WMI,BUD,2025-11-07,Warszawa,Polska,Budapeszt,Węgry
2025-11-13,,,WMI,BUD,2025-11-07,Warszawa,Polska,Budapeszt,Węgry
2025-11-14,,,WMI,BUD,2025-11-07,Warszawa,Polska,Budapeszt,Węgry
2025-11-15,,,WMI,BUD,2025-11-07,Warszawa,Polska,Budapeszt,Węgry
2025-11-16,,,WMI,BUD,2025-11-07,Warszawa,Polska,Budapeszt,Węgry
2025-11-17,,,WMI,BUD,2025-11-07,Warszawa,Polska,Budapeszt,Węgry
2025-11-18,,,WMI,BUD,2025-11-07,Warszawa,Polska,Budapeszt,Węgry
2025-11-19,,,WMI,BUD,2025-11-07,Warszawa,Polska,Budapeszt,Węgry
2025-11-20,,,WMI,BUD,2025-11-07,Warszawa,Polska,Budapeszt,Węgry
2025-11-21,,,WMI,BUD,2025-11-07,Warszawa,Polska,Budapeszt,Węgry
2025-11-22,,,WMI,BUD,2025-11-07,Warszawa,Polska,Budapeszt,Węgry
2025-11-23,,,WMI,BUD,2025-11-07,Warszawa,Polska,Budapeszt,Węgry
2025-11-24,,,WMI,BUD,2025-11-07,Warszawa,Polska,Budapeszt,Węgry
2025-11-25,,,WMI,BUD,2025-11-07,Warszawa,Polska,Budapeszt,Węgry
2025-11-26,,,WMI,BUD,2025-11-07,Warszawa,Polska,Budapeszt,Węgry
2025-11-27,,,WMI,BUD,2025-11-07,Warszawa,Polska,Budapeszt,Węgry
2025-11-28,,,WMI,BUD,2025-11-07,Warszawa,Polska,Budapeszt,Węgry
2025-11-29,,,WMI,BUD,2025-11-07,Warszawa,Polska,Budapeszt,Węgry
2025-11-30,,,WMI,BUD,2025-11-07,Warszawa,Polska,Budapeszt,Węgry
2025-12-01,,,WMI,BUD,2025-11-07,Warszawa,Polska,Budapeszt,Węgry
2025-12-02,,,WMI,BUD,2025-11-07,Warszawa,Polska,Budapeszt,Węgry
2025-12-03,,,WMI,BUD,2025-11-07,Warszawa,Polska,Budapeszt,Węgry
2025-12-04,,,WMI,BUD,2025-11-07,Warszawa,Polska,Budapeszt,Węgry
2025-12-05,,,WMI,BUD,2025-11-07,Warszawa,Polska,Budapeszt,Węgry
2025-12-06,,,WMI,BUD,2025-11-07,Warszawa,Polska,Budapeszt,Węgry
2025-12-07,,,WMI,BUD,2025-11-07,Warszawa,Polska,Budapeszt,Węgry
2025-12-08,,,WMI,BUD,2025-11-07,Warszawa,Polska,Budapeszt,Węgry
2025-12-09,,,WMI,BUD,2025-11-07,Warszawa,Polska,Budapeszt,Węgry
2025-12-10,,,WMI,BUD,2025-11-07,Warszawa,Polska,Budapeszt,Węgry
2025-12-11,,,WMI,BUD,2025-11-07,Warszawa,Polska,Budapeszt,Węgry
2025-12-12,,,WMI,BUD,2025-11-07,Warszawa,Polska,Budapeszt,Węgry
2025-12-13,,,WMI,BUD,2025-11-07,Warszawa,Polska,Budapeszt,Węgry
2025-12-14,,,WMI,BUD,2025-11-07,Warszawa,Polska,Budapeszt,Węgry
2025-12-15,,,WMI,BUD,2025-11-07,Warszawa,Polska,Budapeszt,Węgry
2025-12-16,,,WMI,BUD,2025-11-07,Warszawa,Polska,Budapeszt,Węgry
2025-12-17,,,WMI,BUD,2025-11-07,Warszawa,Polska,Budapeszt,Węgry
2025-12-18,,,WMI,BUD,2025-11-07,Warszawa,Polska,Budapeszt,Węgry
2025-12-19,,,WMI,BUD,2025-11-07,Warszawa,Polska,Budapeszt,Węgry
2025-12-20,,,WMI,BUD,2025-11-07,Warszawa,Polska,Budapeszt,Węgry
2025-12-21,,,WMI,BUD,2025-11-07,Warszawa,Polska,Budapeszt,Węgry
2025-12-22,,,WMI,BUD,2025-11-07,Warszawa,Polska,Budapeszt,Węgry
2025-12-23,,,WMI,BUD,2025-11-07,Warszawa,Polska,Budapeszt,Węgry
2025-12-24,,,WMI,BUD,2025-11-07,Warszawa,Polska,Budapeszt,Węgry
2025-12-25,,,WMI,BUD,2025-11-07,Warszawa,Polska,Budapeszt,Węgry
2025-12-26,,,WMI,BUD,2025-11-07,Warszawa,Polska,Budapeszt,Węgry
2025-12-27,,,WMI,BUD,2025-11-07,Warszawa,Polska,Budapeszt,Węgry
2025-12-28,,,WMI,BUD,2025-11-07,Warszawa,Polska,Budapeszt,Węgry
2025-12-29,,,WMI,BUD,2025-11-07,Warszawa,Polska,Budapeszt,Węgry
2025-12-30,,,WMI,BUD,2025-11-07,Warszawa,Polska,Budapeszt,Węgry
2025-12-31,,,WMI,BUD,2025-11-07,Warszawa,Polska,Budapeszt,Węgry
2026-01-01,,,WMI,BUD,2025-11-07,Warszawa,Polska,Budapeszt,Węgry
2026-01-02,,,WMI,BUD,2025-11-07,Warszawa,Polska,Budapeszt,Węgry
2026-01-03,,,WMI,BUD,2025-11-07,Warszawa,Polska,Budapeszt,Węgry
2026-01-04,,,WMI,BUD,2025-11-07,Warszawa,Polska,Budapeszt,Węgry
2026-01-05,,,WMI,BUD,2025-11-07,Warszawa,Polska,Budapeszt,Węgry
2026-01-06,,,WMI,BUD,2025-11-07,Warszawa,Polska,Budapeszt,Węgry
2026-01-07,,,WMI,BUD,2025-11-07,Warszawa,Polska,Budapeszt,Węgry
2026-01-08,,,WMI,BUD,2025-11-07,Warszawa,Polska,Budapeszt,Węgry
2026-01-09,,,WMI,BUD,2025-11-07,Warszawa,Polska,Budapeszt,Węgry
2026-01-10,,,WMI,BUD,2025-11-07,Warszawa,Polska,Budapeszt,Węgry
2026-01-11,,,WMI,BUD,2025-11-07,Warszawa,Polska,Budapeszt,Węgry
2026-01-12,,,WMI,BUD,2025-11-07,Warszawa,Polska,Budapeszt,Węgry
2026-01-13,,,WMI,BUD,2025-11-07,Warszawa,Polska,Budapeszt,Węgry
2026-01-14,,,WMI,BUD,2025-11-07,Warszawa,Polska,Budapeszt,Węgry
2026-01-15,,,WMI,BUD,2025-11-07,Warszawa,Polska,Budapeszt,Węgry
2026-01-16,,,WMI,BUD,2025-11-07,Warszawa,Polska,Budapeszt,Węgry
2026-01-17,,,WMI,BUD,2025-11-07,Warszawa,Polska,Budapeszt,Węgry
2026-01-18,,,WMI,BUD,2025-11-07,Warszawa,Polska,Budapeszt,Węgry
2026-01-19,,,WMI,BUD,2025-11-07,Warszawa,Polska,Budapeszt,Węgry
2026-01-20,,,WMI,BUD,2025-11-07,Warszawa,Polska,Budapeszt,Węgry
2026-01-21,,,WMI,BUD,2025-11-07,Warszawa,Polska,Budapeszt,Węgry
2026-01-22,,,WMI,BUD,2025-11-07,Warszawa,Polska,Budapeszt,Węgry
2026-01-23,,,WMI,BUD,2025-11-07,Warszawa,Polska,Budapeszt,Węgry
2026-01-24,,,WMI,BUD,2025-11-07,Warszawa,Polska,Budapeszt,Węgry
2026-01-25,,,WMI,BUD,2025-11-07,Warszawa,Polska,Budapeszt,Węgry
2026-01-26,,,WMI,BUD,2025-11-07,Warszawa,Polska,Budapeszt,Węgry
2026-01-27,,,WMI,BUD,2025-11-07,Warszawa,Polska,Budapeszt,Węgry
2026-01-28,,,WMI,BUD,2025-11-07,Warszawa,Polska,Budapeszt,Węgry
2026-01-29,,,WMI,BUD,2025-11-07,Warszawa,Polska,Budapeszt,Węgry
2026-01-30,,,WMI,BUD,2025-11-07,Warszawa,Polska,Budapeszt,Węgry
2025-11-07,,,WMI,AUH,2025-11-07,Warszawa,Polska,Abu Dhabi,Zjednoczone Emiraty Arabskie
2025-11-08,,,WMI,AUH,2025-11-07,Warszawa,Polska,Abu Dhabi,Zjednoczone Emiraty Arabskie
2025-11-09,,,WMI,AUH,2025-11-07,Warszawa,Polska,Abu Dhabi,Zjednoczone Emiraty Arabskie
2025-11-10,,,WMI,AUH,2025-11-07,Warszawa,Polska,Abu Dhabi,Zjednoczone Emiraty Arabskie
2025-11-11,,,WMI,AUH,2025-11-07,Warszawa,Polska,Abu Dhabi,Zjednoczone Emiraty Arabskie
2025-11-12,,,WMI,AUH,2025-11-07,Warszawa,Polska,Abu Dhabi,Zjednoczone Emiraty Arabskie
2025-11-13,,,WMI,AUH,2025-11-07,Warszawa,Polska,Abu Dhabi,Zjednoczone Emiraty Arabskie
2025-11-14,,,WMI,AUH,2025-11-07,Warszawa,Polska,Abu Dhabi,Zjednoczone Emiraty Arabskie
2025-11-15,,,WMI,AUH,2025-11-07,Warszawa,Polska,Abu Dhabi,Zjednoczone Emiraty Arabskie
2025-11-16,,,WMI,AUH,2025-11-07,Warszawa,Polska,Abu Dhabi,Zjednoczone Emiraty Arabskie
2025-11-17,,,WMI,AUH,2025-11-07,Warszawa,Polska,Abu Dhabi,Zjednoczone Emiraty Arabskie
2025-11-18,,,WMI,AUH,2025-11-07,Warszawa,Polska,Abu Dhabi,Zjednoczone Emiraty Arabskie
2025-11-19,,,WMI,AUH,2025-11-07,Warszawa,Polska,Abu Dhabi,Zjednoczone Emiraty Arabskie
2025-11-20,,,WMI,AUH,2025-11-07,Warszawa,Polska,Abu Dhabi,Zjednoczone Emiraty Arabskie
2025-11-21,,,WMI,AUH,2025-11-07,Warszawa,Polska,Abu Dhabi,Zjednoczone Emiraty Arabskie
2025-11-22,,,WMI,AUH,2025-11-07,Warszawa,Polska,Abu Dhabi,Zjednoczone Emiraty Arabskie
2025-11-23,,,WMI,AUH,2025-11-07,Warszawa,Polska,Abu Dhabi,Zjednoczone Emiraty Arabskie
2025-11-24,,,WMI,AUH,2025-11-07,Warszawa,Polska,Abu Dhabi,Zjednoczone Emiraty Arabskie
2025-11-25,,,WMI,AUH,2025-11-07,Warszawa,Polska,Abu Dhabi,Zjednoczone Emiraty Arabskie
2025-11-26,,,WMI,AUH,2025-11-07,Warszawa,Polska,Abu Dhabi,Zjednoczone Emiraty Arabskie
2025-11-27,,,WMI,AUH,2025-11-07,Warszawa,Polska,Abu Dhabi,Zjednoczone Emiraty Arabskie
2025-11-28,,,WMI,AUH,2025-11-07,Warszawa,Polska,Abu Dhabi,Zjednoczone Emiraty Arabskie
2025-11-29,,,WMI,AUH,2025-11-07,Warszawa,Polska,Abu Dhabi,Zjednoczone Emiraty Arabskie
2025-11-30,,,WMI,AUH,2025-11-07,Warszawa,Polska,Abu Dhabi,Zjednoczone Emiraty Arabskie
2025-12-01,,,WMI,AUH,2025-11-07,Warszawa,Polska,Abu Dhabi,Zjednoczone Emiraty Arabskie
2025-12-02,,,WMI,AUH,2025-11-07,Warszawa,Polska,Abu Dhabi,Zjednoczone Emiraty Arabskie
2025-12-03,,,WMI,AUH,2025-11-07,Warszawa,Polska,Abu Dhabi,Zjednoczone Emiraty Arabskie
2025-12-04,,,WMI,AUH,2025-11-07,Warszawa,Polska,Abu Dhabi,Zjednoczone Emiraty Arabskie
2025-12-05,,,WMI,AUH,2025-11-07,Warszawa,Polska,Abu Dhabi,Zjednoczone Emiraty Arabskie
2025-12-06,,,WMI,AUH,2025-11-07,Warszawa,Polska,Abu Dhabi,Zjednoczone Emiraty Arabskie
2025-12-07,,,WMI,AUH,2025-11-07,Warszawa,Polska,Abu Dhabi,Zjednoczone Emiraty Arabskie
2025-12-08,,,WMI,AUH,2025-11-07,Warszawa,Polska,Abu Dhabi,Zjednoczone Emiraty Arabskie
2025-12-09,,,WMI,AUH,2025-11-07,Warszawa,Polska,Abu Dhabi,Zjednoczone Emiraty Arabskie
2025-12-10,,,WMI,AUH,2025-11-07,Warszawa,Polska,Abu Dhabi,Zjednoczone Emiraty Arabskie
2025-12-11,,,WMI,AUH,2025-11-07,Warszawa,Polska,Abu Dhabi,Zjednoczone Emiraty Arabskie
2025-12-12,,,WMI,AUH,2025-11-07,Warszawa,Polska,Abu Dhabi,Zjednoczone Emiraty Arabskie
2025-12-13,,,WMI,AUH,2025-11-07,Warszawa,Polska,Abu Dhabi,Zjednoczone Emiraty Arabskie
2025-12-14,,,WMI,AUH,2025-11-07,Warszawa,Polska,Abu Dhabi,Zjednoczone Emiraty Arabskie
2025-12-15,,,WMI,AUH,2025-11-07,Warszawa,Polska,Abu Dhabi,Zjednoczone Emiraty Arabskie
2025-12-16,,,WMI,AUH,2025-11-07,Warszawa,Polska,Abu Dhabi,Zjednoczone Emiraty Arabskie
2025-12-17,,,WMI,AUH,2025-11-07,Warszawa,Polska,Abu Dhabi,Zjednoczone Emiraty Arabskie
2025-12-18,,,WMI,AUH,2025-11-07,Warszawa,Polska,Abu Dhabi,Zjednoczone Emiraty Arabskie
2025-12-19,,,WMI,AUH,2025-11-07,Warszawa,Polska,Abu Dhabi,Zjednoczone Emiraty Arabskie
2025-12-20,,,WMI,AUH,2025-11-07,Warszawa,Polska,Abu Dhabi,Zjednoczone Emiraty Arabskie
2025-12-21,,,WMI,AUH,2025-11-07,Warszawa,Polska,Abu Dhabi,Zjednoczone Emiraty Arabskie
2025-12-22,,,WMI,AUH,2025-11-07,Warszawa,Polska,Abu Dhabi,Zjednoczone Emiraty Arabskie
2025-12-23,,,WMI,AUH,2025-11-07,Warszawa,Polska,Abu Dhabi,Zjednoczone Emiraty Arabskie
2025-12-24,,,WMI,AUH,2025-11-07,Warszawa,Polska,Abu Dhabi,Zjednoczone Emiraty Arabskie
2025-12-25,,,WMI,AUH,2025-11-07,Warszawa,Polska,Abu Dhabi,Zjednoczone Emiraty Arabskie
2025-12-26,,,WMI,AUH,2025-11-07,Warszawa,Polska,Abu Dhabi,Zjednoczone Emiraty Arabskie
2025-12-27,,,WMI,AUH,2025-11-07,Warszawa,Polska,Abu Dhabi,Zjednoczone Emiraty Arabskie
2025-12-28,,,WMI,AUH,2025-11-07,Warszawa,Polska,Abu Dhabi,Zjednoczone Emiraty Arabskie
2025-12-29,,,WMI,AUH,2025-11-07,Warszawa,Polska,Abu Dhabi,Zjednoczone Emiraty Arabskie
2025-12-30,,,WMI,AUH,2025-11-07,Warszawa,Polska,Abu Dhabi,Zjednoczone Emiraty Arabskie
2025-12-31,,,WMI,AUH,2025-11-07,Warszawa,Polska,Abu Dhabi,Zjednoczone Emiraty Arabskie
2026-01-01,,,WMI,AUH,2025-11-07,Warszawa,Polska,Abu Dhabi,Zjednoczone Emiraty Arabskie
2026-01-02,,,WMI,AUH,2025-11-07,Warszawa,Polska,Abu Dhabi,Zjednoczone Emiraty Arabskie
2026-01-03,,,WMI,AUH,2025-11-07,Warszawa,Polska,Abu Dhabi,Zjednoczone Emiraty Arabskie
2026-01-04,,,WMI,AUH,2025-11-07,Warszawa,Polska,Abu Dhabi,Zjednoczone Emiraty Arabskie
2026-01-05,,,WMI,AUH,2025-11-07,Warszawa,Polska,Abu Dhabi,Zjednoczone Emiraty Arabskie
2026-01-06,,,WMI,AUH,2025-11-07,Warszawa,Polska,Abu Dhabi,Zjednoczone Emiraty Arabskie
2026-01-07,,,WMI,AUH,2025-11-07,Warszawa,Polska,Abu Dhabi,Zjednoczone Emiraty Arabskie
2026-01-08,,,WMI,AUH,2025-11-07,Warszawa,Polska,Abu Dhabi,Zjednoczone Emiraty Arabskie
2026-01-09,,,WMI,AUH,2025-11-07,Warszawa,Polska,Abu Dhabi,Zjednoczone Emiraty Arabskie
2026-01-10,,,WMI,AUH,2025-11-07,Warszawa,Polska,Abu Dhabi,Zjednoczone Emiraty Arabskie
2026-01-11,,,WMI,AUH,2025-11-07,Warszawa,Polska,Abu Dhabi,Zjednoczone Emiraty Arabskie
2026-01-12,,,WMI,AUH,2025-11-07,Warszawa,Polska,Abu Dhabi,Zjednoczone Emiraty Arabskie
2026-01-13,,,WMI,AUH,2025-11-07,Warszawa,Polska,Abu Dhabi,Zjednoczone Emiraty Arabskie
2026-01-14,,,WMI,AUH,2025-11-07,Warszawa,Polska,Abu Dhabi,Zjednoczone Emiraty Arabskie
2026-01-15,,,WMI,AUH,2025-11-07,Warszawa,Polska,Abu Dhabi,Zjednoczone Emiraty Arabskie
2026-01-16,,,WMI,AUH,2025-11-07,Warszawa,Polska,Abu Dhabi,Zjednoczone Emiraty Arabskie
2026-01-17,,,WMI,AUH,2025-11-07,Warszawa,Polska,Abu Dhabi,Zjednoczone Emiraty Arabskie
2026-01-18,,,WMI,AUH,2025-11-07,Warszawa,Polska,Abu Dhabi,Zjednoczone Emiraty Arabskie
2026-01-19,,,WMI,AUH,2025-11-07,Warszawa,Polska,Abu Dhabi,Zjednoczone Emiraty Arabskie
2026-01-20,,,WMI,AUH,2025-11-07,Warszawa,Polska,Abu Dhabi,Zjednoczone Emiraty Arabskie
2026-01-21,,,WMI,AUH,2025-11-07,Warszawa,Polska,Abu Dhabi,Zjednoczone Emiraty Arabskie
2026-01-22,,,WMI,AUH,2025-11-07,Warszawa,Polska,Abu Dhabi,Zjednoczone Emiraty Arabskie
2026-01-23,,,WMI,AUH,2025-11-07,Warszawa,Polska,Abu Dhabi,Zjednoczone Emiraty Arabskie
2026-01-24,,,WMI,AUH,2025-11-07,Warszawa,Polska,Abu Dhabi,Zjednoczone Emiraty Arabskie
2026-01-25,,,WMI,AUH,2025-11-07,Warszawa,Polska,Abu Dhabi,Zjednoczone Emiraty Arabskie
2026-01-26,,,WMI,AUH,2025-11-07,Warszawa,Polska,Abu Dhabi,Zjednoczone Emiraty Arabskie
2026-01-27,,,WMI,AUH,2025-11-07,Warszawa,Polska,Abu Dhabi,Zjednoczone Emiraty Arabskie
2026-01-28,,,WMI,AUH,2025-11-07,Warszawa,Polska,Abu Dhabi,Zjednoczone Emiraty Arabskie
2026-01-29,,,WMI,AUH,2025-11-07,Warszawa,Polska,Abu Dhabi,Zjednoczone Emiraty Arabskie
2026-01-30,,,WMI,AUH,2025-11-07,Warszawa,Polska,Abu Dhabi,Zjednoczone Emiraty Arabskie
2025-11-07,,,WMI,IST,2025-11-07,Warszawa,Polska,Stambuł,Turcja
2025-11-08,,,WMI,IST,2025-11-07,Warszawa,Polska,Stambuł,Turcja
2025-11-09,,,WMI,IST,2025-11-07,Warszawa,Polska,Stambuł,Turcja
2025-11-10,,,WMI,IST,2025-11-07,Warszawa,Polska,Stambuł,Turcja
2025-11-11,,,WMI,IST,2025-11-07,Warszawa,Polska,Stambuł,Turcja
2025-11-12,,,WMI,IST,2025-11-07,Warszawa,Polska,Stambuł,Turcja
2025-11-13,,,WMI,IST,2025-11-07,Warszawa,Polska,Stambuł,Turcja
2025-11-14,,,WMI,IST,2025-11-07,Warszawa,Polska,Stambuł,Turcja
2025-11-15,,,WMI,IST,2025-11-07,Warszawa,Polska,Stambuł,Turcja
2025-11-16,,,WMI,IST,2025-11-07,Warszawa,Polska,Stambuł,Turcja
2025-11-17,,,WMI,IST,2025-11-07,Warszawa,Polska,Stambuł,Turcja
2025-11-18,,,WMI,IST,2025-11-07,Warszawa,Polska,Stambuł,Turcja
2025-11-19,,,WMI,IST,2025-11-07,Warszawa,Polska,Stambuł,Turcja
2025-11-20,,,WMI,IST,2025-11-07,Warszawa,Polska,Stambuł,Turcja
2025-11-21,,,WMI,IST,2025-11-07,Warszawa,Polska,Stambuł,Turcja
2025-11-22,,,WMI,IST,2025-11-07,Warszawa,Polska,Stambuł,Turcja
2025-11-23,,,WMI,IST,2025-11-07,Warszawa,Polska,Stambuł,Turcja
2025-11-24,,,WMI,IST,2025-11-07,Warszawa,Polska,Stambuł,Turcja
2025-11-25,,,WMI,IST,2025-11-07,Warszawa,Polska,Stambuł,Turcja
2025-11-26,,,WMI,IST,2025-11-07,Warszawa,Polska,Stambuł,Turcja
2025-11-27,,,WMI,IST,2025-11-07,Warszawa,Polska,Stambuł,Turcja
2025-11-28,,,WMI,IST,2025-11-07,Warszawa,Polska,Stambuł,Turcja
2025-11-29,,,WMI,IST,2025-11-07,Warszawa,Polska,Stambuł,Turcja
2025-11-30,,,WMI,IST,2025-11-07,Warszawa,Polska,Stambuł,Turcja
2025-12-01,,,WMI,IST,2025-11-07,Warszawa,Polska,Stambuł,Turcja
2025-12-02,,,WMI,IST,2025-11-07,Warszawa,Polska,Stambuł,Turcja
2025-12-03,,,WMI,IST,2025-11-07,Warszawa,Polska,Stambuł,Turcja
2025-12-04,,,WMI,IST,2025-11-07,Warszawa,Polska,Stambuł,Turcja
2025-12-05,,,WMI,IST,2025-11-07,Warszawa,Polska,Stambuł,Turcja
2025-12-06,,,WMI,IST,2025-11-07,Warszawa,Polska,Stambuł,Turcja
2025-12-07,,,WMI,IST,2025-11-07,Warszawa,Polska,Stambuł,Turcja
2025-12-08,,,WMI,IST,2025-11-07,Warszawa,Polska,Stambuł,Turcja
2025-12-09,,,WMI,IST,2025-11-07,Warszawa,Polska,Stambuł,Turcja
2025-12-10,,,WMI,IST,2025-11-07,Warszawa,Polska,Stambuł,Turcja
2025-12-11,,,WMI,IST,2025-11-07,Warszawa,Polska,Stambuł,Turcja
2025-12-12,,,WMI,IST,2025-11-07,Warszawa,Polska,Stambuł,Turcja
2025-12-13,,,WMI,IST,2025-11-07,Warszawa,Polska,Stambuł,Turcja
2025-12-14,,,WMI,IST,2025-11-07,Warszawa,Polska,Stambuł,Turcja
2025-12-15,,,WMI,IST,2025-11-07,Warszawa,Polska,Stambuł,Turcja
2025-12-16,,,WMI,IST,2025-11-07,Warszawa,Polska,Stambuł,Turcja
2025-12-17,,,WMI,IST,2025-11-07,Warszawa,Polska,Stambuł,Turcja
2025-12-18,,,WMI,IST,2025-11-07,Warszawa,Polska,Stambuł,Turcja
2025-12-19,,,WMI,IST,2025-11-07,Warszawa,Polska,Stambuł,Turcja
2025-12-20,,,WMI,IST,2025-11-07,Warszawa,Polska,Stambuł,Turcja
2025-12-21,,,WMI,IST,2025-11-07,Warszawa,Polska,Stambuł,Turcja
2025-12-22,,,WMI,IST,2025-11-07,Warszawa,Polska,Stambuł,Turcja
2025-12-23,,,WMI,IST,2025-11-07,Warszawa,Polska,Stambuł,Turcja
2025-12-24,,,WMI,IST,2025-11-07,Warszawa,Polska,Stambuł,Turcja
2025-12-25,,,WMI,IST,2025-11-07,Warszawa,Polska,Stambuł,Turcja
2025-12-26,,,WMI,IST,2025-11-07,Warszawa,Polska,Stambuł,Turcja
2025-12-27,,,WMI,IST,2025-11-07,Warszawa,Polska,Stambuł,Turcja
2025-12-28,,,WMI,IST,2025-11-07,Warszawa,Polska,Stambuł,Turcja
2025-12-29,,,WMI,IST,2025-11-07,Warszawa,Polska,Stambuł,Turcja
2025-12-30,,,WMI,IST,2025-11-07,Warszawa,Polska,Stambuł,Turcja
2025-12-31,,,WMI,IST,2025-11-07,Warszawa,Polska,Stambuł,Turcja
2026-01-01,,,WMI,IST,2025-11-07,Warszawa,Polska,Stambuł,Turcja
2026-01-02,,,WMI,IST,2025-11-07,Warszawa,Polska,Stambuł,Turcja
2026-01-03,,,WMI,IST,2025-11-07,Warszawa,Polska,Stambuł,Turcja
2026-01-04,,,WMI,IST,2025-11-07,Warszawa,Polska,Stambuł,Turcja
2026-01-05,,,WMI,IST,2025-11-07,Warszawa,Polska,Stambuł,Turcja
2026-01-06,,,WMI,IST,2025-11-07,Warszawa,Polska,Stambuł,Turcja
2026-01-07,,,WMI,IST,2025-11-07,Warszawa,Polska,Stambuł,Turcja
2026-01-08,,,WMI,IST,2025-11-07,Warszawa,Polska,Stambuł,Turcja
2026-01-09,,,WMI,IST,2025-11-07,Warszawa,Polska,Stambuł,Turcja
2026-01-10,,,WMI,IST,2025-11-07,Warszawa,Polska,Stambuł,Turcja
2026-01-11,,,WMI,IST,2025-11-07,Warszawa,Polska,Stambuł,Turcja
2026-01-12,,,WMI,IST,2025-11-07,Warszawa,Polska,Stambuł,Turcja
2026-01-13,,,WMI,IST,2025-11-07,Warszawa,Polska,Stambuł,Turcja
2026-01-14,,,WMI,IST,2025-11-07,Warszawa,Polska,Stambuł,Turcja
2026-01-15,,,WMI,IST,2025-11-07,Warszawa,Polska,Stambuł,Turcja
2026-01-16,,,WMI,IST,2025-11-07,Warszawa,Polska,Stambuł,Turcja
2026-01-17,,,WMI,IST,2025-11-07,Warszawa,Polska,Stambuł,Turcja
2026-01-18,,,WMI,IST,2025-11-07,Warszawa,Polska,Stambuł,Turcja
2026-01-19,,,WMI,IST,2025-11-07,Warszawa,Polska,Stambuł,Turcja
2026-01-20,,,WMI,IST,2025-11-07,Warszawa,Polska,Stambuł,Turcja
2026-01-21,,,WMI,IST,2025-11-07,Warszawa,Polska,Stambuł,Turcja
2026-01-22,,,WMI,IST,2025-11-07,Warszawa,Polska,Stambuł,Turcja
2026-01-23,,,WMI,IST,2025-11-07,Warszawa,Polska,Stambuł,Turcja
2026-01-24,,,WMI,IST,2025-11-07,Warszawa,Polska,Stambuł,Turcja
2026-01-25,,,WMI,IST,2025-11-07,Warszawa,Polska,Stambuł,Turcja
2026-01-26,,,WMI,IST,2025-11-07,Warszawa,Polska,Stambuł,Turcja
2026-01-27,,,WMI,IST,2025-11-07,Warszawa,Polska,Stambuł,Turcja
2026-01-28,,,WMI,IST,2025-11-07,Warszawa,Polska,Stambuł,Turcja
2026-01-29,,,WMI,IST,2025-11-07,Warszawa,Polska,Stambuł,Turcja
2026-01-30,,,WMI,IST,2025-11-07,Warszawa,Polska,Stambuł,Turcja
2025-11-07,,,WMI,SKP,2025-11-07,Warszawa,Polska,Skopje,Macedonia Półncona
2025-11-08,,,WMI,SKP,2025-11-07,Warszawa,Polska,Skopje,Macedonia Półncona
2025-11-09,,,WMI,SKP,2025-11-07,Warszawa,Polska,Skopje,Macedonia Półncona
2025-11-10,,,WMI,SKP,2025-11-07,Warszawa,Polska,Skopje,Macedonia Półncona
2025-11-11,,,WMI,SKP,2025-11-07,Warszawa,Polska,Skopje,Macedonia Półncona
2025-11-12,,,WMI,SKP,2025-11-07,Warszawa,Polska,Skopje,Macedonia Półncona
2025-11-13,,,WMI,SKP,2025-11-07,Warszawa,Polska,Skopje,Macedonia Półncona
2025-11-14,,,WMI,SKP,2025-11-07,Warszawa,Polska,Skopje,Macedonia Półncona
2025-11-15,,,WMI,SKP,2025-11-07,Warszawa,Polska,Skopje,Macedonia Półncona
2025-11-16,,,WMI,SKP,2025-11-07,Warszawa,Polska,Skopje,Macedonia Półncona
2025-11-17,,,WMI,SKP,2025-11-07,Warszawa,Polska,Skopje,Macedonia Półncona
2025-11-18,,,WMI,SKP,2025-11-07,Warszawa,Polska,Skopje,Macedonia Półncona
2025-11-19,,,WMI,SKP,2025-11-07,Warszawa,Polska,Skopje,Macedonia Półncona
2025-11-20,,,WMI,SKP,2025-11-07,Warszawa,Polska,Skopje,Macedonia Półncona
2025-11-21,,,WMI,SKP,2025-11-07,Warszawa,Polska,Skopje,Macedonia Półncona
2025-11-22,,,WMI,SKP,2025-11-07,Warszawa,Polska,Skopje,Macedonia Półncona
2025-11-23,,,WMI,SKP,2025-11-07,Warszawa,Polska,Skopje,Macedonia Półncona
2025-11-24,,,WMI,SKP,2025-11-07,Warszawa,Polska,Skopje,Macedonia Półncona
2025-11-25,,,WMI,SKP,2025-11-07,Warszawa,Polska,Skopje,Macedonia Półncona
2025-11-26,,,WMI,SKP,2025-11-07,Warszawa,Polska,Skopje,Macedonia Półncona
2025-11-27,,,WMI,SKP,2025-11-07,Warszawa,Polska,Skopje,Macedonia Półncona
2025-11-28,,,WMI,SKP,2025-11-07,Warszawa,Polska,Skopje,Macedonia Półncona
2025-11-29,,,WMI,SKP,2025-11-07,Warszawa,Polska,Skopje,Macedonia Półncona
2025-11-30,,,WMI,SKP,2025-11-07,Warszawa,Polska,Skopje,Macedonia Półncona
2025-12-01,,,WMI,SKP,2025-11-07,Warszawa,Polska,Skopje,Macedonia Półncona
2025-12-02,,,WMI,SKP,2025-11-07,Warszawa,Polska,Skopje,Macedonia Półncona
2025-12-03,,,WMI,SKP,2025-11-07,Warszawa,Polska,Skopje,Macedonia Półncona
2025-12-04,,,WMI,SKP,2025-11-07,Warszawa,Polska,Skopje,Macedonia Półncona
2025-12-05,,,WMI,SKP,2025-11-07,Warszawa,Polska,Skopje,Macedonia Półncona
2025-12-06,,,WMI,SKP,2025-11-07,Warszawa,Polska,Skopje,Macedonia Półncona
2025-12-07,,,WMI,SKP,2025-11-07,Warszawa,Polska,Skopje,Macedonia Półncona
2025-12-08,,,WMI,SKP,2025-11-07,Warszawa,Polska,Skopje,Macedonia Półncona
2025-12-09,,,WMI,SKP,2025-11-07,Warszawa,Polska,Skopje,Macedonia Półncona
2025-12-10,,,WMI,SKP,2025-11-07,Warszawa,Polska,Skopje,Macedonia Półncona
2025-12-11,,,WMI,SKP,2025-11-07,Warszawa,Polska,Skopje,Macedonia Półncona
2025-12-12,,,WMI,SKP,2025-11-07,Warszawa,Polska,Skopje,Macedonia Półncona
2025-12-13,,,WMI,SKP,2025-11-07,Warszawa,Polska,Skopje,Macedonia Półncona
2025-12-14,,,WMI,SKP,2025-11-07,Warszawa,Polska,Skopje,Macedonia Półncona
2025-12-15,,,WMI,SKP,2025-11-07,Warszawa,Polska,Skopje,Macedonia Półncona
2025-12-16,,,WMI,SKP,2025-11-07,Warszawa,Polska,Skopje,Macedonia Półncona
2025-12-17,,,WMI,SKP,2025-11-07,Warszawa,Polska,Skopje,Macedonia Półncona
2025-12-18,,,WMI,SKP,2025-11-07,Warszawa,Polska,Skopje,Macedonia Półncona
2025-12-19,,,WMI,SKP,2025-11-07,Warszawa,Polska,Skopje,Macedonia Półncona
2025-12-20,,,WMI,SKP,2025-11-07,Warszawa,Polska,Skopje,Macedonia Półncona
2025-12-21,,,WMI,SKP,2025-11-07,Warszawa,Polska,Skopje,Macedonia Półncona
2025-12-22,,,WMI,SKP,2025-11-07,Warszawa,Polska,Skopje,Macedonia Półncona
2025-12-23,,,WMI,SKP,2025-11-07,Warszawa,Polska,Skopje,Macedonia Półncona
2025-12-24,,,WMI,SKP,2025-11-07,Warszawa,Polska,Skopje,Macedonia Półncona
2025-12-25,,,WMI,SKP,2025-11-07,Warszawa,Polska,Skopje,Macedonia Półncona
2025-12-26,,,WMI,SKP,2025-11-07,Warszawa,Polska,Skopje,Macedonia Półncona
2025-12-27,,,WMI,SKP,2025-11-07,Warszawa,Polska,Skopje,Macedonia Półncona
2025-12-28,,,WMI,SKP,2025-11-07,Warszawa,Polska,Skopje,Macedonia Półncona
2025-12-29,,,WMI,SKP,2025-11-07,Warszawa,Polska,Skopje,Macedonia Półncona
2025-12-30,,,WMI,SKP,2025-11-07,Warszawa,Polska,Skopje,Macedonia Półncona
2025-12-31,,,WMI,SKP,2025-11-07,Warszawa,Polska,Skopje,Macedonia Półncona
2026-01-01,,,WMI,SKP,2025-11-07,Warszawa,Polska,Skopje,Macedonia Półncona
2026-01-02,,,WMI,SKP,2025-11-07,Warszawa,Polska,Skopje,Macedonia Półncona
2026-01-03,,,WMI,SKP,2025-11-07,Warszawa,Polska,Skopje,Macedonia Półncona
2026-01-04,,,WMI,SKP,2025-11-07,Warszawa,Polska,Skopje,Macedonia Półncona
2026-01-05,,,WMI,SKP,2025-11-07,Warszawa,Polska,Skopje,Macedonia Półncona
2026-01-06,,,WMI,SKP,2025-11-07,Warszawa,Polska,Skopje,Macedonia Półncona
2026-01-07,,,WMI,SKP,2025-11-07,Warszawa,Polska,Skopje,Macedonia Półncona
2026-01-08,,,WMI,SKP,2025-11-07,Warszawa,Polska,Skopje,Macedonia Półncona
2026-01-09,,,WMI,SKP,2025-11-07,Warszawa,Polska,Skopje,Macedonia Półncona
2026-01-10,,,WMI,SKP,2025-11-07,Warszawa,Polska,Skopje,Macedonia Półncona
2026-01-11,,,WMI,SKP,2025-11-07,Warszawa,Polska,Skopje,Macedonia Półncona
2026-01-12,,,WMI,SKP,2025-11-07,Warszawa,Polska,Skopje,Macedonia Półncona
2026-01-13,,,WMI,SKP,2025-11-07,Warszawa,Polska,Skopje,Macedonia Półncona
2026-01-14,,,WMI,SKP,2025-11-07,Warszawa,Polska,Skopje,Macedonia Półncona
2026-01-15,,,WMI,SKP,2025-11-07,Warszawa,Polska,Skopje,Macedonia Półncona
2026-01-16,,,WMI,SKP,2025-11-07,Warszawa,Polska,Skopje,Macedonia Półncona
2026-01-17,,,WMI,SKP,2025-11-07,Warszawa,Polska,Skopje,Macedonia Półncona
2026-01-18,,,WMI,SKP,2025-11-07,Warszawa,Polska,Skopje,Macedonia Półncona
2026-01-19,,,WMI,SKP,2025-11-07,Warszawa,Polska,Skopje,Macedonia Półncona
2026-01-20,,,WMI,SKP,2025-11-07,Warszawa,Polska,Skopje,Macedonia Półncona
2026-01-21,,,WMI,SKP,2025-11-07,Warszawa,Polska,Skopje,Macedonia Półncona
2026-01-22,,,WMI,SKP,2025-11-07,Warszawa,Polska,Skopje,Macedonia Półncona
2026-01-23,,,WMI,SKP,2025-11-07,Warszawa,Polska,Skopje,Macedonia Półncona
2026-01-24,,,WMI,SKP,2025-11-07,Warszawa,Polska,Skopje,Macedonia Półncona
2026-01-25,,,WMI,SKP,2025-11-07,Warszawa,Polska,Skopje,Macedonia Półncona
2026-01-26,,,WMI,SKP,2025-11-07,Warszawa,Polska,Skopje,Macedonia Półncona
2026-01-27,,,WMI,SKP,2025-11-07,Warszawa,Polska,Skopje,Macedonia Półncona
2026-01-28,,,WMI,SKP,2025-11-07,Warszawa,Polska,Skopje,Macedonia Półncona
2026-01-29,,,WMI,SKP,2025-11-07,Warszawa,Polska,Skopje,Macedonia Półncona
2026-01-30,,,WMI,SKP,2025-11-07,Warszawa,Polska,Skopje,Macedonia Półncona
2025-11-10,,1377.0,WMI,MLA,2025-11-07,Warszawa,Polska,Valletta,Malta
2025-11-13,,414.0,WMI,MLA,2025-11-07,Warszawa,Polska,Valletta,Malta
2025-11-14,,1348.0,WMI,MLA,2025-11-07,Warszawa,Polska,Valletta,Malta
2025-11-15,,329.0,WMI,MLA,2025-11-07,Warszawa,Polska,Valletta,Malta
2025-11-16,,284.0,WMI,MLA,2025-11-07,Warszawa,Polska,Valletta,Malta
2025-11-17,,583.0,WMI,MLA,2025-11-07,Warszawa,Polska,Valletta,Malta
2025-11-18,,218.0,WMI,MLA,2025-11-07,Warszawa,Polska,Valletta,Malta
2025-11-19,,246.0,WMI,MLA,2025-11-07,Warszawa,Polska,Valletta,Malta
2025-11-20,,342.0,WMI,MLA,2025-11-07,Warszawa,Polska,Valletta,Malta
2025-11-21,,289.0,WMI,MLA,2025-11-07,Warszawa,Polska,Valletta,Malta
2025-11-22,,212.0,WMI,MLA,2025-11-07,Warszawa,Polska,Valletta,Malta
2025-11-23,,121.0,WMI,MLA,2025-11-07,Warszawa,Polska,Valletta,Malta
2025-11-24,,203.0,WMI,MLA,2025-11-07,Warszawa,Polska,Valletta,Malta
2025-11-25,,170.0,WMI,MLA,2025-11-07,Warszawa,Polska,Valletta,Malta
2025-11-26,,238.0,WMI,MLA,2025-11-07,Warszawa,Polska,Valletta,Malta
2025-11-27,,370.0,WMI,MLA,2025-11-07,Warszawa,Polska,Valletta,Malta
2025-11-28,,433.0,WMI,MLA,2025-11-07,Warszawa,Polska,Valletta,Malta
2025-11-29,,170.0,WMI,MLA,2025-11-07,Warszawa,Polska,Valletta,Malta
2025-11-30,,119.0,WMI,MLA,2025-11-07,Warszawa,Polska,Valletta,Malta
2025-12-01,,154.0,WMI,MLA,2025-11-07,Warszawa,Polska,Valletta,Malta
2025-12-02,,119.0,WMI,MLA,2025-11-07,Warszawa,Polska,Valletta,Malta
2025-12-03,,143.0,WMI,MLA,2025-11-07,Warszawa,Polska,Valletta,Malta
2025-12-04,,298.0,WMI,MLA,2025-11-07,Warszawa,Polska,Valletta,Malta
2025-12-05,,252.0,WMI,MLA,2025-11-07,Warszawa,Polska,Valletta,Malta
2025-12-06,,129.0,WMI,MLA,2025-11-07,Warszawa,Polska,Valletta,Malta
2025-12-07,,124.0,WMI,MLA,2025-11-07,Warszawa,Polska,Valletta,Malta
2025-12-08,,202.0,WMI,MLA,2025-11-07,Warszawa,Polska,Valletta,Malta
2025-12-09,,209.0,WMI,MLA,2025-11-07,Warszawa,Polska,Valletta,Malta
2025-12-10,,184.0,WMI,MLA,2025-11-07,Warszawa,Polska,Valletta,Malta
2025-12-11,,298.0,WMI,MLA,2025-11-07,Warszawa,Polska,Valletta,Malta
2025-12-12,,311.0,WMI,MLA,2025-11-07,Warszawa,Polska,Valletta,Malta
2025-12-13,,158.0,WMI,MLA,2025-11-07,Warszawa,Polska,Valletta,Malta
2025-12-14,,132.0,WMI,MLA,2025-11-07,Warszawa,Polska,Valletta,Malta
2025-12-15,,148.0,WMI,MLA,2025-11-07,Warszawa,Polska,Valletta,Malta
2025-12-16,,119.0,WMI,MLA,2025-11-07,Warszawa,Polska,Valletta,Malta
2025-12-17,,119.0,WMI,MLA,2025-11-07,Warszawa,Polska,Valletta,Malta
2025-12-18,,176.0,WMI,MLA,2025-11-07,Warszawa,Polska,Valletta,Malta
2025-12-19,,299.0,WMI,MLA,2025-11-07,Warszawa,Polska,Valletta,Malta
2025-12-20,,214.0,WMI,MLA,2025-11-07,Warszawa,Polska,Valletta,Malta
2025-12-21,,212.0,WMI,MLA,2025-11-07,Warszawa,Polska,Valletta,Malta
2025-12-22,,209.0,WMI,MLA,2025-11-07,Warszawa,Polska,Valletta,Malta
2025-12-23,,269.0,WMI,MLA,2025-11-07,Warszawa,Polska,Valletta,Malta
2025-12-24,,252.0,WMI,MLA,2025-11-07,Warszawa,Polska,Valletta,Malta
2025-12-26,,559.0,WMI,MLA,2025-11-07,Warszawa,Polska,Valletta,Malta
2025-12-27,,449.0,WMI,MLA,2025-11-07,Warszawa,Polska,Valletta,Malta
2025-12-28,,517.0,WMI,MLA,2025-11-07,Warszawa,Polska,Valletta,Malta
2025-12-29,,449.0,WMI,MLA,2025-11-07,Warszawa,Polska,Valletta,Malta
2025-12-30,,609.0,WMI,MLA,2025-11-07,Warszawa,Polska,Valletta,Malta
2025-12-31,,399.0,WMI,MLA,2025-11-07,Warszawa,Polska,Valletta,Malta
2026-01-01,,376.0,WMI,MLA,2025-11-07,Warszawa,Polska,Valletta,Malta
2026-01-02,,328.0,WMI,MLA,2025-11-07,Warszawa,Polska,Valletta,Malta
2026-01-03,,209.0,WMI,MLA,2025-11-07,Warszawa,Polska,Valletta,Malta
2026-01-04,,209.0,WMI,MLA,2025-11-07,Warszawa,Polska,Valletta,Malta
2026-01-05,,179.0,WMI,MLA,2025-11-07,Warszawa,Polska,Valletta,Malta
2026-01-06,,159.0,WMI,MLA,2025-11-07,Warszawa,Polska,Valletta,Malta
2026-01-07,,119.0,WMI,MLA,2025-11-07,Warszawa,Polska,Valletta,Malta
2026-01-08,,129.0,WMI,MLA,2025-11-07,Warszawa,Polska,Valletta,Malta
2026-01-09,,181.0,WMI,MLA,2025-11-07,Warszawa,Polska,Valletta,Malta
2026-01-10,,119.0,WMI,MLA,2025-11-07,Warszawa,Polska,Valletta,Malta
2026-01-11,,119.0,WMI,MLA,2025-11-07,Warszawa,Polska,Valletta,Malta
2026-01-12,,129.0,WMI,MLA,2025-11-07,Warszawa,Polska,Valletta,Malta
2026-01-13,,139.0,WMI,MLA,2025-11-07,Warszawa,Polska,Valletta,Malta
2026-01-14,,181.0,WMI,MLA,2025-11-07,Warszawa,Polska,Valletta,Malta
2026-01-15,,219.0,WMI,MLA,2025-11-07,Warszawa,Polska,Valletta,Malta
2026-01-16,,269.0,WMI,MLA,2025-11-07,Warszawa,Polska,Valletta,Malta
2026-01-17,,338.0,WMI,MLA,2025-11-07,Warszawa,Polska,Valletta,Malta
2026-01-18,,299.0,WMI,MLA,2025-11-07,Warszawa,Polska,Valletta,Malta
2026-01-19,,519.0,WMI,MLA,2025-11-07,Warszawa,Polska,Valletta,Malta
2026-01-20,,596.0,WMI,MLA,2025-11-07,Warszawa,Polska,Valletta,Malta
2026-01-21,,293.0,WMI,MLA,2025-11-07,Warszawa,Polska,Valletta,Malta
2026-01-22,,298.0,WMI,MLA,2025-11-07,Warszawa,Polska,Valletta,Malta
2026-01-23,,343.0,WMI,MLA,2025-11-07,Warszawa,Polska,Valletta,Malta
2026-01-24,,250.0,WMI,MLA,2025-11-07,Warszawa,Polska,Valletta,Malta
2026-01-25,,343.0,WMI,MLA,2025-11-07,Warszawa,Polska,Valletta,Malta
2026-01-26,,420.0,WMI,MLA,2025-11-07,Warszawa,Polska,Valletta,Malta
2026-01-27,,246.0,WMI,MLA,2025-11-07,Warszawa,Polska,Valletta,Malta
2026-01-28,,254.0,WMI,MLA,2025-11-07,Warszawa,Polska,Valletta,Malta
2026-01-29,,178.0,WMI,MLA,2025-11-07,Warszawa,Polska,Valletta,Malta
2026-01-30,,176.0,WMI,MLA,2025-11-07,Warszawa,Polska,Valletta,Malta
2025-11-07,,,WMI,MLA,2025-11-07,Warszawa,Polska,Valletta,Malta
2025-11-08,,,WMI,MLA,2025-11-07,Warszawa,Polska,Valletta,Malta
2025-11-09,,,WMI,MLA,2025-11-07,Warszawa,Polska,Valletta,Malta
2025-11-11,,,WMI,MLA,2025-11-07,Warszawa,Polska,Valletta,Malta
2025-11-12,,,WMI,MLA,2025-11-07,Warszawa,Polska,Valletta,Malta
2025-12-25,,,WMI,MLA,2025-11-07,Warszawa,Polska,Valletta,Malta
2025-11-07,,,WMI,AMM,2025-11-07,Warszawa,Polska,Amman,Jordania
2025-11-08,,,WMI,AMM,2025-11-07,Warszawa,Polska,Amman,Jordania
2025-11-09,,,WMI,AMM,2025-11-07,Warszawa,Polska,Amman,Jordania
2025-11-10,,,WMI,AMM,2025-11-07,Warszawa,Polska,Amman,Jordania
2025-11-11,,,WMI,AMM,2025-11-07,Warszawa,Polska,Amman,Jordania
2025-11-12,,,WMI,AMM,2025-11-07,Warszawa,Polska,Amman,Jordania
2025-11-13,,,WMI,AMM,2025-11-07,Warszawa,Polska,Amman,Jordania
2025-11-14,,,WMI,AMM,2025-11-07,Warszawa,Polska,Amman,Jordania
2025-11-15,,,WMI,AMM,2025-11-07,Warszawa,Polska,Amman,Jordania
2025-11-16,,,WMI,AMM,2025-11-07,Warszawa,Polska,Amman,Jordania
2025-11-17,,,WMI,AMM,2025-11-07,Warszawa,Polska,Amman,Jordania
2025-11-18,,,WMI,AMM,2025-11-07,Warszawa,Polska,Amman,Jordania
2025-11-19,,,WMI,AMM,2025-11-07,Warszawa,Polska,Amman,Jordania
2025-11-20,,,WMI,AMM,2025-11-07,Warszawa,Polska,Amman,Jordania
2025-11-21,,,WMI,AMM,2025-11-07,Warszawa,Polska,Amman,Jordania
2025-11-22,,,WMI,AMM,2025-11-07,Warszawa,Polska,Amman,Jordania
2025-11-23,,,WMI,AMM,2025-11-07,Warszawa,Polska,Amman,Jordania
2025-11-24,,,WMI,AMM,2025-11-07,Warszawa,Polska,Amman,Jordania
2025-11-25,,,WMI,AMM,2025-11-07,Warszawa,Polska,Amman,Jordania
2025-11-26,,,WMI,AMM,2025-11-07,Warszawa,Polska,Amman,Jordania
2025-11-27,,,WMI,AMM,2025-11-07,Warszawa,Polska,Amman,Jordania
2025-11-28,,,WMI,AMM,2025-11-07,Warszawa,Polska,Amman,Jordania
2025-11-29,,,WMI,AMM,2025-11-07,Warszawa,Polska,Amman,Jordania
2025-11-30,,,WMI,AMM,2025-11-07,Warszawa,Polska,Amman,Jordania
2025-12-01,,,WMI,AMM,2025-11-07,Warszawa,Polska,Amman,Jordania
2025-12-02,,,WMI,AMM,2025-11-07,Warszawa,Polska,Amman,Jordania
2025-12-03,,,WMI,AMM,2025-11-07,Warszawa,Polska,Amman,Jordania
2025-12-04,,,WMI,AMM,2025-11-07,Warszawa,Polska,Amman,Jordania
2025-12-05,,,WMI,AMM,2025-11-07,Warszawa,Polska,Amman,Jordania
2025-12-06,,,WMI,AMM,2025-11-07,Warszawa,Polska,Amman,Jordania
2025-12-07,,,WMI,AMM,2025-11-07,Warszawa,Polska,Amman,Jordania
2025-12-08,,,WMI,AMM,2025-11-07,Warszawa,Polska,Amman,Jordania
2025-12-09,,,WMI,AMM,2025-11-07,Warszawa,Polska,Amman,Jordania
2025-12-10,,,WMI,AMM,2025-11-07,Warszawa,Polska,Amman,Jordania
2025-12-11,,,WMI,AMM,2025-11-07,Warszawa,Polska,Amman,Jordania
2025-12-12,,,WMI,AMM,2025-11-07,Warszawa,Polska,Amman,Jordania
2025-12-13,,,WMI,AMM,2025-11-07,Warszawa,Polska,Amman,Jordania
2025-12-14,,,WMI,AMM,2025-11-07,Warszawa,Polska,Amman,Jordania
2025-12-15,,,WMI,AMM,2025-11-07,Warszawa,Polska,Amman,Jordania
2025-12-16,,,WMI,AMM,2025-11-07,Warszawa,Polska,Amman,Jordania
2025-12-17,,,WMI,AMM,2025-11-07,Warszawa,Polska,Amman,Jordania
2025-12-18,,,WMI,AMM,2025-11-07,Warszawa,Polska,Amman,Jordania
2025-12-19,,,WMI,AMM,2025-11-07,Warszawa,Polska,Amman,Jordania
2025-12-20,,,WMI,AMM,2025-11-07,Warszawa,Polska,Amman,Jordania
2025-12-21,,,WMI,AMM,2025-11-07,Warszawa,Polska,Amman,Jordania
2025-12-22,,,WMI,AMM,2025-11-07,Warszawa,Polska,Amman,Jordania
2025-12-23,,,WMI,AMM,2025-11-07,Warszawa,Polska,Amman,Jordania
2025-12-24,,,WMI,AMM,2025-11-07,Warszawa,Polska,Amman,Jordania
2025-12-25,,,WMI,AMM,2025-11-07,Warszawa,Polska,Amman,Jordania
2025-12-26,,,WMI,AMM,2025-11-07,Warszawa,Polska,Amman,Jordania
2025-12-27,,,WMI,AMM,2025-11-07,Warszawa,Polska,Amman,Jordania
2025-12-28,,,WMI,AMM,2025-11-07,Warszawa,Polska,Amman,Jordania
2025-12-29,,,WMI,AMM,2025-11-07,Warszawa,Polska,Amman,Jordania
2025-12-30,,,WMI,AMM,2025-11-07,Warszawa,Polska,Amman,Jordania
2025-12-31,,,WMI,AMM,2025-11-07,Warszawa,Polska,Amman,Jordania
2026-01-01,,,WMI,AMM,2025-11-07,Warszawa,Polska,Amman,Jordania
2026-01-02,,,WMI,AMM,2025-11-07,Warszawa,Polska,Amman,Jordania
2026-01-03,,,WMI,AMM,2025-11-07,Warszawa,Polska,Amman,Jordania
2026-01-04,,,WMI,AMM,2025-11-07,Warszawa,Polska,Amman,Jordania
2026-01-05,,,WMI,AMM,2025-11-07,Warszawa,Polska,Amman,Jordania
2026-01-06,,,WMI,AMM,2025-11-07,Warszawa,Polska,Amman,Jordania
2026-01-07,,,WMI,AMM,2025-11-07,Warszawa,Polska,Amman,Jordania
2026-01-08,,,WMI,AMM,2025-11-07,Warszawa,Polska,Amman,Jordania
2026-01-09,,,WMI,AMM,2025-11-07,Warszawa,Polska,Amman,Jordania
2026-01-10,,,WMI,AMM,2025-11-07,Warszawa,Polska,Amman,Jordania
2026-01-11,,,WMI,AMM,2025-11-07,Warszawa,Polska,Amman,Jordania
2026-01-12,,,WMI,AMM,2025-11-07,Warszawa,Polska,Amman,Jordania
2026-01-13,,,WMI,AMM,2025-11-07,Warszawa,Polska,Amman,Jordania
2026-01-14,,,WMI,AMM,2025-11-07,Warszawa,Polska,Amman,Jordania
2026-01-15,,,WMI,AMM,2025-11-07,Warszawa,Polska,Amman,Jordania
2026-01-16,,,WMI,AMM,2025-11-07,Warszawa,Polska,Amman,Jordania
2026-01-17,,,WMI,AMM,2025-11-07,Warszawa,Polska,Amman,Jordania
2026-01-18,,,WMI,AMM,2025-11-07,Warszawa,Polska,Amman,Jordania
2026-01-19,,,WMI,AMM,2025-11-07,Warszawa,Polska,Amman,Jordania
2026-01-20,,,WMI,AMM,2025-11-07,Warszawa,Polska,Amman,Jordania
2026-01-21,,,WMI,AMM,2025-11-07,Warszawa,Polska,Amman,Jordania
2026-01-22,,,WMI,AMM,2025-11-07,Warszawa,Polska,Amman,Jordania
2026-01-23,,,WMI,AMM,2025-11-07,Warszawa,Polska,Amman,Jordania
2026-01-24,,,WMI,AMM,2025-11-07,Warszawa,Polska,Amman,Jordania
2026-01-25,,,WMI,AMM,2025-11-07,Warszawa,Polska,Amman,Jordania
2026-01-26,,,WMI,AMM,2025-11-07,Warszawa,Polska,Amman,Jordania
2026-01-27,,,WMI,AMM,2025-11-07,Warszawa,Polska,Amman,Jordania
2026-01-28,,,WMI,AMM,2025-11-07,Warszawa,Polska,Amman,Jordania
2026-01-29,,,WMI,AMM,2025-11-07,Warszawa,Polska,Amman,Jordania
2026-01-30,,,WMI,AMM,2025-11-07,Warszawa,Polska,Amman,Jordania
2025-11-07,,,WMI,RBA,2025-11-07,Warszawa,Polska,Rabat,Maroko
2025-11-08,,,WMI,RBA,2025-11-07,Warszawa,Polska,Rabat,Maroko
2025-11-09,,,WMI,RBA,2025-11-07,Warszawa,Polska,Rabat,Maroko
2025-11-10,,,WMI,RBA,2025-11-07,Warszawa,Polska,Rabat,Maroko
2025-11-11,,,WMI,RBA,2025-11-07,Warszawa,Polska,Rabat,Maroko
2025-11-12,,,WMI,RBA,2025-11-07,Warszawa,Polska,Rabat,Maroko
2025-11-13,,,WMI,RBA,2025-11-07,Warszawa,Polska,Rabat,Maroko
2025-11-14,,,WMI,RBA,2025-11-07,Warszawa,Polska,Rabat,Maroko
2025-11-15,,,WMI,RBA,2025-11-07,Warszawa,Polska,Rabat,Maroko
2025-11-16,,,WMI,RBA,2025-11-07,Warszawa,Polska,Rabat,Maroko
2025-11-17,,,WMI,RBA,2025-11-07,Warszawa,Polska,Rabat,Maroko
2025-11-18,,,WMI,RBA,2025-11-07,Warszawa,Polska,Rabat,Maroko
2025-11-19,,,WMI,RBA,2025-11-07,Warszawa,Polska,Rabat,Maroko
2025-11-20,,,WMI,RBA,2025-11-07,Warszawa,Polska,Rabat,Maroko
2025-11-21,,,WMI,RBA,2025-11-07,Warszawa,Polska,Rabat,Maroko
2025-11-22,,,WMI,RBA,2025-11-07,Warszawa,Polska,Rabat,Maroko
2025-11-23,,,WMI,RBA,2025-11-07,Warszawa,Polska,Rabat,Maroko
2025-11-24,,,WMI,RBA,2025-11-07,Warszawa,Polska,Rabat,Maroko
2025-11-25,,,WMI,RBA,2025-11-07,Warszawa,Polska,Rabat,Maroko
2025-11-26,,,WMI,RBA,2025-11-07,Warszawa,Polska,Rabat,Maroko
2025-11-27,,,WMI,RBA,2025-11-07,Warszawa,Polska,Rabat,Maroko
2025-11-28,,,WMI,RBA,2025-11-07,Warszawa,Polska,Rabat,Maroko
2025-11-29,,,WMI,RBA,2025-11-07,Warszawa,Polska,Rabat,Maroko
2025-11-30,,,WMI,RBA,2025-11-07,Warszawa,Polska,Rabat,Maroko
2025-12-01,,,WMI,RBA,2025-11-07,Warszawa,Polska,Rabat,Maroko
2025-12-02,,,WMI,RBA,2025-11-07,Warszawa,Polska,Rabat,Maroko
2025-12-03,,,WMI,RBA,2025-11-07,Warszawa,Polska,Rabat,Maroko
2025-12-04,,,WMI,RBA,2025-11-07,Warszawa,Polska,Rabat,Maroko
2025-12-05,,,WMI,RBA,2025-11-07,Warszawa,Polska,Rabat,Maroko
2025-12-06,,,WMI,RBA,2025-11-07,Warszawa,Polska,Rabat,Maroko
2025-12-07,,,WMI,RBA,2025-11-07,Warszawa,Polska,Rabat,Maroko
2025-12-08,,,WMI,RBA,2025-11-07,Warszawa,Polska,Rabat,Maroko
2025-12-09,,,WMI,RBA,2025-11-07,Warszawa,Polska,Rabat,Maroko
2025-12-10,,,WMI,RBA,2025-11-07,Warszawa,Polska,Rabat,Maroko
2025-12-11,,,WMI,RBA,2025-11-07,Warszawa,Polska,Rabat,Maroko
2025-12-12,,,WMI,RBA,2025-11-07,Warszawa,Polska,Rabat,Maroko
2025-12-13,,,WMI,RBA,2025-11-07,Warszawa,Polska,Rabat,Maroko
2025-12-14,,,WMI,RBA,2025-11-07,Warszawa,Polska,Rabat,Maroko
2025-12-15,,,WMI,RBA,2025-11-07,Warszawa,Polska,Rabat,Maroko
2025-12-16,,,WMI,RBA,2025-11-07,Warszawa,Polska,Rabat,Maroko
2025-12-17,,,WMI,RBA,2025-11-07,Warszawa,Polska,Rabat,Maroko
2025-12-18,,,WMI,RBA,2025-11-07,Warszawa,Polska,Rabat,Maroko
2025-12-19,,,WMI,RBA,2025-11-07,Warszawa,Polska,Rabat,Maroko
2025-12-20,,,WMI,RBA,2025-11-07,Warszawa,Polska,Rabat,Maroko
2025-12-21,,,WMI,RBA,2025-11-07,Warszawa,Polska,Rabat,Maroko
2025-12-22,,,WMI,RBA,2025-11-07,Warszawa,Polska,Rabat,Maroko
2025-12-23,,,WMI,RBA,2025-11-07,Warszawa,Polska,Rabat,Maroko
2025-12-24,,,WMI,RBA,2025-11-07,Warszawa,Polska,Rabat,Maroko
2025-12-25,,,WMI,RBA,2025-11-07,Warszawa,Polska,Rabat,Maroko
2025-12-26,,,WMI,RBA,2025-11-07,Warszawa,Polska,Rabat,Maroko
2025-12-27,,,WMI,RBA,2025-11-07,Warszawa,Polska,Rabat,Maroko
2025-12-28,,,WMI,RBA,2025-11-07,Warszawa,Polska,Rabat,Maroko
2025-12-29,,,WMI,RBA,2025-11-07,Warszawa,Polska,Rabat,Maroko
2025-12-30,,,WMI,RBA,2025-11-07,Warszawa,Polska,Rabat,Maroko
2025-12-31,,,WMI,RBA,2025-11-07,Warszawa,Polska,Rabat,Maroko
2026-01-01,,,WMI,RBA,2025-11-07,Warszawa,Polska,Rabat,Maroko
2026-01-02,,,WMI,RBA,2025-11-07,Warszawa,Polska,Rabat,Maroko
2026-01-03,,,WMI,RBA,2025-11-07,Warszawa,Polska,Rabat,Maroko
2026-01-04,,,WMI,RBA,2025-11-07,Warszawa,Polska,Rabat,Maroko
2026-01-05,,,WMI,RBA,2025-11-07,Warszawa,Polska,Rabat,Maroko
2026-01-06,,,WMI,RBA,2025-11-07,Warszawa,Polska,Rabat,Maroko
2026-01-07,,,WMI,RBA,2025-11-07,Warszawa,Polska,Rabat,Maroko
2026-01-08,,,WMI,RBA,2025-11-07,Warszawa,Polska,Rabat,Maroko
2026-01-09,,,WMI,RBA,2025-11-07,Warszawa,Polska,Rabat,Maroko
2026-01-10,,,WMI,RBA,2025-11-07,Warszawa,Polska,Rabat,Maroko
2026-01-11,,,WMI,RBA,2025-11-07,Warszawa,Polska,Rabat,Maroko
2026-01-12,,,WMI,RBA,2025-11-07,Warszawa,Polska,Rabat,Maroko
2026-01-13,,,WMI,RBA,2025-11-07,Warszawa,Polska,Rabat,Maroko
2026-01-14,,,WMI,RBA,2025-11-07,Warszawa,Polska,Rabat,Maroko
2026-01-15,,,WMI,RBA,2025-11-07,Warszawa,Polska,Rabat,Maroko
2026-01-16,,,WMI,RBA,2025-11-07,Warszawa,Polska,Rabat,Maroko
2026-01-17,,,WMI,RBA,2025-11-07,Warszawa,Polska,Rabat,Maroko
2026-01-18,,,WMI,RBA,2025-11-07,Warszawa,Polska,Rabat,Maroko
2026-01-19,,,WMI,RBA,2025-11-07,Warszawa,Polska,Rabat,Maroko
2026-01-20,,,WMI,RBA,2025-11-07,Warszawa,Polska,Rabat,Maroko
2026-01-21,,,WMI,RBA,2025-11-07,Warszawa,Polska,Rabat,Maroko
2026-01-22,,,WMI,RBA,2025-11-07,Warszawa,Polska,Rabat,Maroko
2026-01-23,,,WMI,RBA,2025-11-07,Warszawa,Polska,Rabat,Maroko
2026-01-24,,,WMI,RBA,2025-11-07,Warszawa,Polska,Rabat,Maroko
2026-01-25,,,WMI,RBA,2025-11-07,Warszawa,Polska,Rabat,Maroko
2026-01-26,,,WMI,RBA,2025-11-07,Warszawa,Polska,Rabat,Maroko
2026-01-27,,,WMI,RBA,2025-11-07,Warszawa,Polska,Rabat,Maroko
2026-01-28,,,WMI,RBA,2025-11-07,Warszawa,Polska,Rabat,Maroko
2026-01-29,,,WMI,RBA,2025-11-07,Warszawa,Polska,Rabat,Maroko
2026-01-30,,,WMI,RBA,2025-11-07,Warszawa,Polska,Rabat,Maroko
2025-11-07,,,WMI,AGA,2025-11-07,Warszawa,Polska,Agadir,Maroko
2025-11-08,,,WMI,AGA,2025-11-07,Warszawa,Polska,Agadir,Maroko
2025-11-09,,,WMI,AGA,2025-11-07,Warszawa,Polska,Agadir,Maroko
2025-11-10,,,WMI,AGA,2025-11-07,Warszawa,Polska,Agadir,Maroko
2025-11-11,,,WMI,AGA,2025-11-07,Warszawa,Polska,Agadir,Maroko
2025-11-12,,,WMI,AGA,2025-11-07,Warszawa,Polska,Agadir,Maroko
2025-11-13,,,WMI,AGA,2025-11-07,Warszawa,Polska,Agadir,Maroko
2025-11-14,,,WMI,AGA,2025-11-07,Warszawa,Polska,Agadir,Maroko
2025-11-15,,,WMI,AGA,2025-11-07,Warszawa,Polska,Agadir,Maroko
2025-11-16,,,WMI,AGA,2025-11-07,Warszawa,Polska,Agadir,Maroko
2025-11-17,,,WMI,AGA,2025-11-07,Warszawa,Polska,Agadir,Maroko
2025-11-18,,,WMI,AGA,2025-11-07,Warszawa,Polska,Agadir,Maroko
2025-11-19,,,WMI,AGA,2025-11-07,Warszawa,Polska,Agadir,Maroko
2025-11-20,,,WMI,AGA,2025-11-07,Warszawa,Polska,Agadir,Maroko
2025-11-21,,,WMI,AGA,2025-11-07,Warszawa,Polska,Agadir,Maroko
2025-11-22,,,WMI,AGA,2025-11-07,Warszawa,Polska,Agadir,Maroko
2025-11-23,,,WMI,AGA,2025-11-07,Warszawa,Polska,Agadir,Maroko
2025-11-24,,,WMI,AGA,2025-11-07,Warszawa,Polska,Agadir,Maroko
2025-11-25,,,WMI,AGA,2025-11-07,Warszawa,Polska,Agadir,Maroko
2025-11-26,,,WMI,AGA,2025-11-07,Warszawa,Polska,Agadir,Maroko
2025-11-27,,,WMI,AGA,2025-11-07,Warszawa,Polska,Agadir,Maroko
2025-11-28,,,WMI,AGA,2025-11-07,Warszawa,Polska,Agadir,Maroko
2025-11-29,,,WMI,AGA,2025-11-07,Warszawa,Polska,Agadir,Maroko
2025-11-30,,,WMI,AGA,2025-11-07,Warszawa,Polska,Agadir,Maroko
2025-12-01,,,WMI,AGA,2025-11-07,Warszawa,Polska,Agadir,Maroko
2025-12-02,,,WMI,AGA,2025-11-07,Warszawa,Polska,Agadir,Maroko
2025-12-03,,,WMI,AGA,2025-11-07,Warszawa,Polska,Agadir,Maroko
2025-12-04,,,WMI,AGA,2025-11-07,Warszawa,Polska,Agadir,Maroko
2025-12-05,,,WMI,AGA,2025-11-07,Warszawa,Polska,Agadir,Maroko
2025-12-06,,,WMI,AGA,2025-11-07,Warszawa,Polska,Agadir,Maroko
2025-12-07,,,WMI,AGA,2025-11-07,Warszawa,Polska,Agadir,Maroko
2025-12-08,,,WMI,AGA,2025-11-07,Warszawa,Polska,Agadir,Maroko
2025-12-09,,,WMI,AGA,2025-11-07,Warszawa,Polska,Agadir,Maroko
2025-12-10,,,WMI,AGA,2025-11-07,Warszawa,Polska,Agadir,Maroko
2025-12-11,,,WMI,AGA,2025-11-07,Warszawa,Polska,Agadir,Maroko
2025-12-12,,,WMI,AGA,2025-11-07,Warszawa,Polska,Agadir,Maroko
2025-12-13,,,WMI,AGA,2025-11-07,Warszawa,Polska,Agadir,Maroko
2025-12-14,,,WMI,AGA,2025-11-07,Warszawa,Polska,Agadir,Maroko
2025-12-15,,,WMI,AGA,2025-11-07,Warszawa,Polska,Agadir,Maroko
2025-12-16,,,WMI,AGA,2025-11-07,Warszawa,Polska,Agadir,Maroko
2025-12-17,,,WMI,AGA,2025-11-07,Warszawa,Polska,Agadir,Maroko
2025-12-18,,,WMI,AGA,2025-11-07,Warszawa,Polska,Agadir,Maroko
2025-12-19,,,WMI,AGA,2025-11-07,Warszawa,Polska,Agadir,Maroko
2025-12-20,,,WMI,AGA,2025-11-07,Warszawa,Polska,Agadir,Maroko
2025-12-21,,,WMI,AGA,2025-11-07,Warszawa,Polska,Agadir,Maroko
2025-12-22,,,WMI,AGA,2025-11-07,Warszawa,Polska,Agadir,Maroko
2025-12-23,,,WMI,AGA,2025-11-07,Warszawa,Polska,Agadir,Maroko
2025-12-24,,,WMI,AGA,2025-11-07,Warszawa,Polska,Agadir,Maroko
2025-12-25,,,WMI,AGA,2025-11-07,Warszawa,Polska,Agadir,Maroko
2025-12-26,,,WMI,AGA,2025-11-07,Warszawa,Polska,Agadir,Maroko
2025-12-27,,,WMI,AGA,2025-11-07,Warszawa,Polska,Agadir,Maroko
2025-12-28,,,WMI,AGA,2025-11-07,Warszawa,Polska,Agadir,Maroko
2025-12-29,,,WMI,AGA,2025-11-07,Warszawa,Polska,Agadir,Maroko
2025-12-30,,,WMI,AGA,2025-11-07,Warszawa,Polska,Agadir,Maroko
2025-12-31,,,WMI,AGA,2025-11-07,Warszawa,Polska,Agadir,Maroko
2026-01-01,,,WMI,AGA,2025-11-07,Warszawa,Polska,Agadir,Maroko
2026-01-02,,,WMI,AGA,2025-11-07,Warszawa,Polska,Agadir,Maroko
2026-01-03,,,WMI,AGA,2025-11-07,Warszawa,Polska,Agadir,Maroko
2026-01-04,,,WMI,AGA,2025-11-07,Warszawa,Polska,Agadir,Maroko
2026-01-05,,,WMI,AGA,2025-11-07,Warszawa,Polska,Agadir,Maroko
2026-01-06,,,WMI,AGA,2025-11-07,Warszawa,Polska,Agadir,Maroko
2026-01-07,,,WMI,AGA,2025-11-07,Warszawa,Polska,Agadir,Maroko
2026-01-08,,,WMI,AGA,2025-11-07,Warszawa,Polska,Agadir,Maroko
2026-01-09,,,WMI,AGA,2025-11-07,Warszawa,Polska,Agadir,Maroko
2026-01-10,,,WMI,AGA,2025-11-07,Warszawa,Polska,Agadir,Maroko
2026-01-11,,,WMI,AGA,2025-11-07,Warszawa,Polska,Agadir,Maroko
2026-01-12,,,WMI,AGA,2025-11-07,Warszawa,Polska,Agadir,Maroko
2026-01-13,,,WMI,AGA,2025-11-07,Warszawa,Polska,Agadir,Maroko
2026-01-14,,,WMI,AGA,2025-11-07,Warszawa,Polska,Agadir,Maroko
2026-01-15,,,WMI,AGA,2025-11-07,Warszawa,Polska,Agadir,Maroko
2026-01-16,,,WMI,AGA,2025-11-07,Warszawa,Polska,Agadir,Maroko
2026-01-17,,,WMI,AGA,2025-11-07,Warszawa,Polska,Agadir,Maroko
2026-01-18,,,WMI,AGA,2025-11-07,Warszawa,Polska,Agadir,Maroko
2026-01-19,,,WMI,AGA,2025-11-07,Warszawa,Polska,Agadir,Maroko
2026-01-20,,,WMI,AGA,2025-11-07,Warszawa,Polska,Agadir,Maroko
2026-01-21,,,WMI,AGA,2025-11-07,Warszawa,Polska,Agadir,Maroko
2026-01-22,,,WMI,AGA,2025-11-07,Warszawa,Polska,Agadir,Maroko
2026-01-23,,,WMI,AGA,2025-11-07,Warszawa,Polska,Agadir,Maroko
2026-01-24,,,WMI,AGA,2025-11-07,Warszawa,Polska,Agadir,Maroko
2026-01-25,,,WMI,AGA,2025-11-07,Warszawa,Polska,Agadir,Maroko
2026-01-26,,,WMI,AGA,2025-11-07,Warszawa,Polska,Agadir,Maroko
2026-01-27,,,WMI,AGA,2025-11-07,Warszawa,Polska,Agadir,Maroko
2026-01-28,,,WMI,AGA,2025-11-07,Warszawa,Polska,Agadir,Maroko
2026-01-29,,,WMI,AGA,2025-11-07,Warszawa,Polska,Agadir,Maroko
2026-01-30,,,WMI,AGA,2025-11-07,Warszawa,Polska,Agadir,Maroko
2025-11-10,,888.0,WMI,EIN,2025-11-07,Warszawa,Polska,Eindhoven,Holandia
2025-11-14,,328.0,WMI,EIN,2025-11-07,Warszawa,Polska,Eindhoven,Holandia
2025-11-17,,370.0,WMI,EIN,2025-11-07,Warszawa,Polska,Eindhoven,Holandia
2025-11-21,,294.0,WMI,EIN,2025-11-07,Warszawa,Polska,Eindhoven,Holandia
2025-11-24,,243.0,WMI,EIN,2025-11-07,Warszawa,Polska,Eindhoven,Holandia
2025-11-28,,238.0,WMI,EIN,2025-11-07,Warszawa,Polska,Eindhoven,Holandia
2025-12-01,,162.0,WMI,EIN,2025-11-07,Warszawa,Polska,Eindhoven,Holandia
2025-12-05,,116.0,WMI,EIN,2025-11-07,Warszawa,Polska,Eindhoven,Holandia
2025-12-08,,145.0,WMI,EIN,2025-11-07,Warszawa,Polska,Eindhoven,Holandia
2025-12-12,,69.0,WMI,EIN,2025-11-07,Warszawa,Polska,Eindhoven,Holandia
2025-12-15,,120.0,WMI,EIN,2025-11-07,Warszawa,Polska,Eindhoven,Holandia
2025-12-19,,102.0,WMI,EIN,2025-11-07,Warszawa,Polska,Eindhoven,Holandia
2025-12-22,,158.0,WMI,EIN,2025-11-07,Warszawa,Polska,Eindhoven,Holandia
2025-12-26,,234.0,WMI,EIN,2025-11-07,Warszawa,Polska,Eindhoven,Holandia
2025-12-29,,561.0,WMI,EIN,2025-11-07,Warszawa,Polska,Eindhoven,Holandia
2026-01-02,,472.0,WMI,EIN,2025-11-07,Warszawa,Polska,Eindhoven,Holandia
2026-01-05,,442.0,WMI,EIN,2025-11-07,Warszawa,Polska,Eindhoven,Holandia
2026-01-09,,119.0,WMI,EIN,2025-11-07,Warszawa,Polska,Eindhoven,Holandia
2026-01-12,,153.0,WMI,EIN,2025-11-07,Warszawa,Polska,Eindhoven,Holandia
2026-01-16,,145.0,WMI,EIN,2025-11-07,Warszawa,Polska,Eindhoven,Holandia
2026-01-19,,150.0,WMI,EIN,2025-11-07,Warszawa,Polska,Eindhoven,Holandia
2026-01-23,,128.0,WMI,EIN,2025-11-07,Warszawa,Polska,Eindhoven,Holandia
2026-01-26,,162.0,WMI,EIN,2025-11-07,Warszawa,Polska,Eindhoven,Holandia
2026-01-30,,119.0,WMI,EIN,2025-11-07,Warszawa,Polska,Eindhoven,Holandia
2025-11-07,,,WMI,EIN,2025-11-07,Warszawa,Polska,Eindhoven,Holandia
2025-11-08,,,WMI,EIN,2025-11-07,Warszawa,Polska,Eindhoven,Holandia
2025-11-09,,,WMI,EIN,2025-11-07,Warszawa,Polska,Eindhoven,Holandia
2025-11-11,,,WMI,EIN,2025-11-07,Warszawa,Polska,Eindhoven,Holandia
2025-11-12,,,WMI,EIN,2025-11-07,Warszawa,Polska,Eindhoven,Holandia
2025-11-13,,,WMI,EIN,2025-11-07,Warszawa,Polska,Eindhoven,Holandia
2025-11-15,,,WMI,EIN,2025-11-07,Warszawa,Polska,Eindhoven,Holandia
2025-11-16,,,WMI,EIN,2025-11-07,Warszawa,Polska,Eindhoven,Holandia
2025-11-18,,,WMI,EIN,2025-11-07,Warszawa,Polska,Eindhoven,Holandia
2025-11-19,,,WMI,EIN,2025-11-07,Warszawa,Polska,Eindhoven,Holandia
2025-11-20,,,WMI,EIN,2025-11-07,Warszawa,Polska,Eindhoven,Holandia
2025-11-22,,,WMI,EIN,2025-11-07,Warszawa,Polska,Eindhoven,Holandia
2025-11-23,,,WMI,EIN,2025-11-07,Warszawa,Polska,Eindhoven,Holandia
2025-11-25,,,WMI,EIN,2025-11-07,Warszawa,Polska,Eindhoven,Holandia
2025-11-26,,,WMI,EIN,2025-11-07,Warszawa,Polska,Eindhoven,Holandia
2025-11-27,,,WMI,EIN,2025-11-07,Warszawa,Polska,Eindhoven,Holandia
2025-11-29,,,WMI,EIN,2025-11-07,Warszawa,Polska,Eindhoven,Holandia
2025-11-30,,,WMI,EIN,2025-11-07,Warszawa,Polska,Eindhoven,Holandia
2025-12-02,,,WMI,EIN,2025-11-07,Warszawa,Polska,Eindhoven,Holandia
2025-12-03,,,WMI,EIN,2025-11-07,Warszawa,Polska,Eindhoven,Holandia
2025-12-04,,,WMI,EIN,2025-11-07,Warszawa,Polska,Eindhoven,Holandia
2025-12-06,,,WMI,EIN,2025-11-07,Warszawa,Polska,Eindhoven,Holandia
2025-12-07,,,WMI,EIN,2025-11-07,Warszawa,Polska,Eindhoven,Holandia
2025-12-09,,,WMI,EIN,2025-11-07,Warszawa,Polska,Eindhoven,Holandia
2025-12-10,,,WMI,EIN,2025-11-07,Warszawa,Polska,Eindhoven,Holandia
2025-12-11,,,WMI,EIN,2025-11-07,Warszawa,Polska,Eindhoven,Holandia
2025-12-13,,,WMI,EIN,2025-11-07,Warszawa,Polska,Eindhoven,Holandia
2025-12-14,,,WMI,EIN,2025-11-07,Warszawa,Polska,Eindhoven,Holandia
2025-12-16,,,WMI,EIN,2025-11-07,Warszawa,Polska,Eindhoven,Holandia
2025-12-17,,,WMI,EIN,2025-11-07,Warszawa,Polska,Eindhoven,Holandia
2025-12-18,,,WMI,EIN,2025-11-07,Warszawa,Polska,Eindhoven,Holandia
2025-12-20,,,WMI,EIN,2025-11-07,Warszawa,Polska,Eindhoven,Holandia
2025-12-21,,,WMI,EIN,2025-11-07,Warszawa,Polska,Eindhoven,Holandia
2025-12-23,,,WMI,EIN,2025-11-07,Warszawa,Polska,Eindhoven,Holandia
2025-12-24,,,WMI,EIN,2025-11-07,Warszawa,Polska,Eindhoven,Holandia
2025-12-25,,,WMI,EIN,2025-11-07,Warszawa,Polska,Eindhoven,Holandia
2025-12-27,,,WMI,EIN,2025-11-07,Warszawa,Polska,Eindhoven,Holandia
2025-12-28,,,WMI,EIN,2025-11-07,Warszawa,Polska,Eindhoven,Holandia
2025-12-30,,,WMI,EIN,2025-11-07,Warszawa,Polska,Eindhoven,Holandia
2025-12-31,,,WMI,EIN,2025-11-07,Warszawa,Polska,Eindhoven,Holandia
2026-01-01,,,WMI,EIN,2025-11-07,Warszawa,Polska,Eindhoven,Holandia
2026-01-03,,,WMI,EIN,2025-11-07,Warszawa,Polska,Eindhoven,Holandia
2026-01-04,,,WMI,EIN,2025-11-07,Warszawa,Polska,Eindhoven,Holandia
2026-01-06,,,WMI,EIN,2025-11-07,Warszawa,Polska,Eindhoven,Holandia
2026-01-07,,,WMI,EIN,2025-11-07,Warszawa,Polska,Eindhoven,Holandia
2026-01-08,,,WMI,EIN,2025-11-07,Warszawa,Polska,Eindhoven,Holandia
2026-01-10,,,WMI,EIN,2025-11-07,Warszawa,Polska,Eindhoven,Holandia
2026-01-11,,,WMI,EIN,2025-11-07,Warszawa,Polska,Eindhoven,Holandia
2026-01-13,,,WMI,EIN,2025-11-07,Warszawa,Polska,Eindhoven,Holandia
2026-01-14,,,WMI,EIN,2025-11-07,Warszawa,Polska,Eindhoven,Holandia
2026-01-15,,,WMI,EIN,2025-11-07,Warszawa,Polska,Eindhoven,Holandia
2026-01-17,,,WMI,EIN,2025-11-07,Warszawa,Polska,Eindhoven,Holandia
2026-01-18,,,WMI,EIN,2025-11-07,Warszawa,Polska,Eindhoven,Holandia
2026-01-20,,,WMI,EIN,2025-11-07,Warszawa,Polska,Eindhoven,Holandia
2026-01-21,,,WMI,EIN,2025-11-07,Warszawa,Polska,Eindhoven,Holandia
2026-01-22,,,WMI,EIN,2025-11-07,Warszawa,Polska,Eindhoven,Holandia
2026-01-24,,,WMI,EIN,2025-11-07,Warszawa,Polska,Eindhoven,Holandia
2026-01-25,,,WMI,EIN,2025-11-07,Warszawa,Polska,Eindhoven,Holandia
2026-01-27,,,WMI,EIN,2025-11-07,Warszawa,Polska,Eindhoven,Holandia
2026-01-28,,,WMI,EIN,2025-11-07,Warszawa,Polska,Eindhoven,Holandia
2026-01-29,,,WMI,EIN,2025-11-07,Warszawa,Polska,Eindhoven,Holandia
2025-11-07,,,WMI,TRF,2025-11-07,Warszawa,Polska,Oslo,Norwegia
2025-11-08,,,WMI,TRF,2025-11-07,Warszawa,Polska,Oslo,Norwegia
2025-11-09,,,WMI,TRF,2025-11-07,Warszawa,Polska,Oslo,Norwegia
2025-11-10,,,WMI,TRF,2025-11-07,Warszawa,Polska,Oslo,Norwegia
2025-11-11,,,WMI,TRF,2025-11-07,Warszawa,Polska,Oslo,Norwegia
2025-11-12,,,WMI,TRF,2025-11-07,Warszawa,Polska,Oslo,Norwegia
2025-11-13,,,WMI,TRF,2025-11-07,Warszawa,Polska,Oslo,Norwegia
2025-11-14,,,WMI,TRF,2025-11-07,Warszawa,Polska,Oslo,Norwegia
2025-11-15,,,WMI,TRF,2025-11-07,Warszawa,Polska,Oslo,Norwegia
2025-11-16,,,WMI,TRF,2025-11-07,Warszawa,Polska,Oslo,Norwegia
2025-11-17,,,WMI,TRF,2025-11-07,Warszawa,Polska,Oslo,Norwegia
2025-11-18,,,WMI,TRF,2025-11-07,Warszawa,Polska,Oslo,Norwegia
2025-11-19,,,WMI,TRF,2025-11-07,Warszawa,Polska,Oslo,Norwegia
2025-11-20,,,WMI,TRF,2025-11-07,Warszawa,Polska,Oslo,Norwegia
2025-11-21,,,WMI,TRF,2025-11-07,Warszawa,Polska,Oslo,Norwegia
2025-11-22,,,WMI,TRF,2025-11-07,Warszawa,Polska,Oslo,Norwegia
2025-11-23,,,WMI,TRF,2025-11-07,Warszawa,Polska,Oslo,Norwegia
2025-11-24,,,WMI,TRF,2025-11-07,Warszawa,Polska,Oslo,Norwegia
2025-11-25,,,WMI,TRF,2025-11-07,Warszawa,Polska,Oslo,Norwegia
2025-11-26,,,WMI,TRF,2025-11-07,Warszawa,Polska,Oslo,Norwegia
2025-11-27,,,WMI,TRF,2025-11-07,Warszawa,Polska,Oslo,Norwegia
2025-11-28,,,WMI,TRF,2025-11-07,Warszawa,Polska,Oslo,Norwegia
2025-11-29,,,WMI,TRF,2025-11-07,Warszawa,Polska,Oslo,Norwegia
2025-11-30,,,WMI,TRF,2025-11-07,Warszawa,Polska,Oslo,Norwegia
2025-12-01,,,WMI,TRF,2025-11-07,Warszawa,Polska,Oslo,Norwegia
2025-12-02,,,WMI,TRF,2025-11-07,Warszawa,Polska,Oslo,Norwegia
2025-12-03,,,WMI,TRF,2025-11-07,Warszawa,Polska,Oslo,Norwegia
2025-12-04,,,WMI,TRF,2025-11-07,Warszawa,Polska,Oslo,Norwegia
2025-12-05,,,WMI,TRF,2025-11-07,Warszawa,Polska,Oslo,Norwegia
2025-12-06,,,WMI,TRF,2025-11-07,Warszawa,Polska,Oslo,Norwegia
2025-12-07,,,WMI,TRF,2025-11-07,Warszawa,Polska,Oslo,Norwegia
2025-12-08,,,WMI,TRF,2025-11-07,Warszawa,Polska,Oslo,Norwegia
2025-12-09,,,WMI,TRF,2025-11-07,Warszawa,Polska,Oslo,Norwegia
2025-12-10,,,WMI,TRF,2025-11-07,Warszawa,Polska,Oslo,Norwegia
2025-12-11,,,WMI,TRF,2025-11-07,Warszawa,Polska,Oslo,Norwegia
2025-12-12,,,WMI,TRF,2025-11-07,Warszawa,Polska,Oslo,Norwegia
2025-12-13,,,WMI,TRF,2025-11-07,Warszawa,Polska,Oslo,Norwegia
2025-12-14,,,WMI,TRF,2025-11-07,Warszawa,Polska,Oslo,Norwegia
2025-12-15,,,WMI,TRF,2025-11-07,Warszawa,Polska,Oslo,Norwegia
2025-12-16,,,WMI,TRF,2025-11-07,Warszawa,Polska,Oslo,Norwegia
2025-12-17,,,WMI,TRF,2025-11-07,Warszawa,Polska,Oslo,Norwegia
2025-12-18,,,WMI,TRF,2025-11-07,Warszawa,Polska,Oslo,Norwegia
2025-12-19,,,WMI,TRF,2025-11-07,Warszawa,Polska,Oslo,Norwegia
2025-12-20,,,WMI,TRF,2025-11-07,Warszawa,Polska,Oslo,Norwegia
2025-12-21,,,WMI,TRF,2025-11-07,Warszawa,Polska,Oslo,Norwegia
2025-12-22,,,WMI,TRF,2025-11-07,Warszawa,Polska,Oslo,Norwegia
2025-12-23,,,WMI,TRF,2025-11-07,Warszawa,Polska,Oslo,Norwegia
2025-12-24,,,WMI,TRF,2025-11-07,Warszawa,Polska,Oslo,Norwegia
2025-12-25,,,WMI,TRF,2025-11-07,Warszawa,Polska,Oslo,Norwegia
2025-12-26,,,WMI,TRF,2025-11-07,Warszawa,Polska,Oslo,Norwegia
2025-12-27,,,WMI,TRF,2025-11-07,Warszawa,Polska,Oslo,Norwegia
2025-12-28,,,WMI,TRF,2025-11-07,Warszawa,Polska,Oslo,Norwegia
2025-12-29,,,WMI,TRF,2025-11-07,Warszawa,Polska,Oslo,Norwegia
2025-12-30,,,WMI,TRF,2025-11-07,Warszawa,Polska,Oslo,Norwegia
2025-12-31,,,WMI,TRF,2025-11-07,Warszawa,Polska,Oslo,Norwegia
2026-01-01,,,WMI,TRF,2025-11-07,Warszawa,Polska,Oslo,Norwegia
2026-01-02,,,WMI,TRF,2025-11-07,Warszawa,Polska,Oslo,Norwegia
2026-01-03,,,WMI,TRF,2025-11-07,Warszawa,Polska,Oslo,Norwegia
2026-01-04,,,WMI,TRF,2025-11-07,Warszawa,Polska,Oslo,Norwegia
2026-01-05,,,WMI,TRF,2025-11-07,Warszawa,Polska,Oslo,Norwegia
2026-01-06,,,WMI,TRF,2025-11-07,Warszawa,Polska,Oslo,Norwegia
2026-01-07,,,WMI,TRF,2025-11-07,Warszawa,Polska,Oslo,Norwegia
2026-01-08,,,WMI,TRF,2025-11-07,Warszawa,Polska,Oslo,Norwegia
2026-01-09,,,WMI,TRF,2025-11-07,Warszawa,Polska,Oslo,Norwegia
2026-01-10,,,WMI,TRF,2025-11-07,Warszawa,Polska,Oslo,Norwegia
2026-01-11,,,WMI,TRF,2025-11-07,Warszawa,Polska,Oslo,Norwegia
2026-01-12,,,WMI,TRF,2025-11-07,Warszawa,Polska,Oslo,Norwegia
2026-01-13,,,WMI,TRF,2025-11-07,Warszawa,Polska,Oslo,Norwegia
2026-01-14,,,WMI,TRF,2025-11-07,Warszawa,Polska,Oslo,Norwegia
2026-01-15,,,WMI,TRF,2025-11-07,Warszawa,Polska,Oslo,Norwegia
2026-01-16,,,WMI,TRF,2025-11-07,Warszawa,Polska,Oslo,Norwegia
2026-01-17,,,WMI,TRF,2025-11-07,Warszawa,Polska,Oslo,Norwegia
2026-01-18,,,WMI,TRF,2025-11-07,Warszawa,Polska,Oslo,Norwegia
2026-01-19,,,WMI,TRF,2025-11-07,Warszawa,Polska,Oslo,Norwegia
2026-01-20,,,WMI,TRF,2025-11-07,Warszawa,Polska,Oslo,Norwegia
2026-01-21,,,WMI,TRF,2025-11-07,Warszawa,Polska,Oslo,Norwegia
2026-01-22,,,WMI,TRF,2025-11-07,Warszawa,Polska,Oslo,Norwegia
2026-01-23,,,WMI,TRF,2025-11-07,Warszawa,Polska,Oslo,Norwegia
2026-01-24,,,WMI,TRF,2025-11-07,Warszawa,Polska,Oslo,Norwegia
2026-01-25,,,WMI,TRF,2025-11-07,Warszawa,Polska,Oslo,Norwegia
2026-01-26,,,WMI,TRF,2025-11-07,Warszawa,Polska,Oslo,Norwegia
2026-01-27,,,WMI,TRF,2025-11-07,Warszawa,Polska,Oslo,Norwegia
2026-01-28,,,WMI,TRF,2025-11-07,Warszawa,Polska,Oslo,Norwegia
2026-01-29,,,WMI,TRF,2025-11-07,Warszawa,Polska,Oslo,Norwegia
2026-01-30,,,WMI,TRF,2025-11-07,Warszawa,Polska,Oslo,Norwegia
2025-11-07,,,WMI,AMS,2025-11-07,Warszawa,Polska,Amsterdam,Holandia
2025-11-08,,,WMI,AMS,2025-11-07,Warszawa,Polska,Amsterdam,Holandia
2025-11-09,,,WMI,AMS,2025-11-07,Warszawa,Polska,Amsterdam,Holandia
2025-11-10,,,WMI,AMS,2025-11-07,Warszawa,Polska,Amsterdam,Holandia
2025-11-11,,,WMI,AMS,2025-11-07,Warszawa,Polska,Amsterdam,Holandia
2025-11-12,,,WMI,AMS,2025-11-07,Warszawa,Polska,Amsterdam,Holandia
2025-11-13,,,WMI,AMS,2025-11-07,Warszawa,Polska,Amsterdam,Holandia
2025-11-14,,,WMI,AMS,2025-11-07,Warszawa,Polska,Amsterdam,Holandia
2025-11-15,,,WMI,AMS,2025-11-07,Warszawa,Polska,Amsterdam,Holandia
2025-11-16,,,WMI,AMS,2025-11-07,Warszawa,Polska,Amsterdam,Holandia
2025-11-17,,,WMI,AMS,2025-11-07,Warszawa,Polska,Amsterdam,Holandia
2025-11-18,,,WMI,AMS,2025-11-07,Warszawa,Polska,Amsterdam,Holandia
2025-11-19,,,WMI,AMS,2025-11-07,Warszawa,Polska,Amsterdam,Holandia
2025-11-20,,,WMI,AMS,2025-11-07,Warszawa,Polska,Amsterdam,Holandia
2025-11-21,,,WMI,AMS,2025-11-07,Warszawa,Polska,Amsterdam,Holandia
2025-11-22,,,WMI,AMS,2025-11-07,Warszawa,Polska,Amsterdam,Holandia
2025-11-23,,,WMI,AMS,2025-11-07,Warszawa,Polska,Amsterdam,Holandia
2025-11-24,,,WMI,AMS,2025-11-07,Warszawa,Polska,Amsterdam,Holandia
2025-11-25,,,WMI,AMS,2025-11-07,Warszawa,Polska,Amsterdam,Holandia
2025-11-26,,,WMI,AMS,2025-11-07,Warszawa,Polska,Amsterdam,Holandia
2025-11-27,,,WMI,AMS,2025-11-07,Warszawa,Polska,Amsterdam,Holandia
2025-11-28,,,WMI,AMS,2025-11-07,Warszawa,Polska,Amsterdam,Holandia
2025-11-29,,,WMI,AMS,2025-11-07,Warszawa,Polska,Amsterdam,Holandia
2025-11-30,,,WMI,AMS,2025-11-07,Warszawa,Polska,Amsterdam,Holandia
2025-12-01,,,WMI,AMS,2025-11-07,Warszawa,Polska,Amsterdam,Holandia
2025-12-02,,,WMI,AMS,2025-11-07,Warszawa,Polska,Amsterdam,Holandia
2025-12-03,,,WMI,AMS,2025-11-07,Warszawa,Polska,Amsterdam,Holandia
2025-12-04,,,WMI,AMS,2025-11-07,Warszawa,Polska,Amsterdam,Holandia
2025-12-05,,,WMI,AMS,2025-11-07,Warszawa,Polska,Amsterdam,Holandia
2025-12-06,,,WMI,AMS,2025-11-07,Warszawa,Polska,Amsterdam,Holandia
2025-12-07,,,WMI,AMS,2025-11-07,Warszawa,Polska,Amsterdam,Holandia
2025-12-08,,,WMI,AMS,2025-11-07,Warszawa,Polska,Amsterdam,Holandia
2025-12-09,,,WMI,AMS,2025-11-07,Warszawa,Polska,Amsterdam,Holandia
2025-12-10,,,WMI,AMS,2025-11-07,Warszawa,Polska,Amsterdam,Holandia
2025-12-11,,,WMI,AMS,2025-11-07,Warszawa,Polska,Amsterdam,Holandia
2025-12-12,,,WMI,AMS,2025-11-07,Warszawa,Polska,Amsterdam,Holandia
2025-12-13,,,WMI,AMS,2025-11-07,Warszawa,Polska,Amsterdam,Holandia
2025-12-14,,,WMI,AMS,2025-11-07,Warszawa,Polska,Amsterdam,Holandia
2025-12-15,,,WMI,AMS,2025-11-07,Warszawa,Polska,Amsterdam,Holandia
2025-12-16,,,WMI,AMS,2025-11-07,Warszawa,Polska,Amsterdam,Holandia
2025-12-17,,,WMI,AMS,2025-11-07,Warszawa,Polska,Amsterdam,Holandia
2025-12-18,,,WMI,AMS,2025-11-07,Warszawa,Polska,Amsterdam,Holandia
2025-12-19,,,WMI,AMS,2025-11-07,Warszawa,Polska,Amsterdam,Holandia
2025-12-20,,,WMI,AMS,2025-11-07,Warszawa,Polska,Amsterdam,Holandia
2025-12-21,,,WMI,AMS,2025-11-07,Warszawa,Polska,Amsterdam,Holandia
2025-12-22,,,WMI,AMS,2025-11-07,Warszawa,Polska,Amsterdam,Holandia
2025-12-23,,,WMI,AMS,2025-11-07,Warszawa,Polska,Amsterdam,Holandia
2025-12-24,,,WMI,AMS,2025-11-07,Warszawa,Polska,Amsterdam,Holandia
2025-12-25,,,WMI,AMS,2025-11-07,Warszawa,Polska,Amsterdam,Holandia
2025-12-26,,,WMI,AMS,2025-11-07,Warszawa,Polska,Amsterdam,Holandia
2025-12-27,,,WMI,AMS,2025-11-07,Warszawa,Polska,Amsterdam,Holandia
2025-12-28,,,WMI,AMS,2025-11-07,Warszawa,Polska,Amsterdam,Holandia
2025-12-29,,,WMI,AMS,2025-11-07,Warszawa,Polska,Amsterdam,Holandia
2025-12-30,,,WMI,AMS,2025-11-07,Warszawa,Polska,Amsterdam,Holandia
2025-12-31,,,WMI,AMS,2025-11-07,Warszawa,Polska,Amsterdam,Holandia
2026-01-01,,,WMI,AMS,2025-11-07,Warszawa,Polska,Amsterdam,Holandia
2026-01-02,,,WMI,AMS,2025-11-07,Warszawa,Polska,Amsterdam,Holandia
2026-01-03,,,WMI,AMS,2025-11-07,Warszawa,Polska,Amsterdam,Holandia
2026-01-04,,,WMI,AMS,2025-11-07,Warszawa,Polska,Amsterdam,Holandia
2026-01-05,,,WMI,AMS,2025-11-07,Warszawa,Polska,Amsterdam,Holandia
2026-01-06,,,WMI,AMS,2025-11-07,Warszawa,Polska,Amsterdam,Holandia
2026-01-07,,,WMI,AMS,2025-11-07,Warszawa,Polska,Amsterdam,Holandia
2026-01-08,,,WMI,AMS,2025-11-07,Warszawa,Polska,Amsterdam,Holandia
2026-01-09,,,WMI,AMS,2025-11-07,Warszawa,Polska,Amsterdam,Holandia
2026-01-10,,,WMI,AMS,2025-11-07,Warszawa,Polska,Amsterdam,Holandia
2026-01-11,,,WMI,AMS,2025-11-07,Warszawa,Polska,Amsterdam,Holandia
2026-01-12,,,WMI,AMS,2025-11-07,Warszawa,Polska,Amsterdam,Holandia
2026-01-13,,,WMI,AMS,2025-11-07,Warszawa,Polska,Amsterdam,Holandia
2026-01-14,,,WMI,AMS,2025-11-07,Warszawa,Polska,Amsterdam,Holandia
2026-01-15,,,WMI,AMS,2025-11-07,Warszawa,Polska,Amsterdam,Holandia
2026-01-16,,,WMI,AMS,2025-11-07,Warszawa,Polska,Amsterdam,Holandia
2026-01-17,,,WMI,AMS,2025-11-07,Warszawa,Polska,Amsterdam,Holandia
2026-01-18,,,WMI,AMS,2025-11-07,Warszawa,Polska,Amsterdam,Holandia
2026-01-19,,,WMI,AMS,2025-11-07,Warszawa,Polska,Amsterdam,Holandia
2026-01-20,,,WMI,AMS,2025-11-07,Warszawa,Polska,Amsterdam,Holandia
2026-01-21,,,WMI,AMS,2025-11-07,Warszawa,Polska,Amsterdam,Holandia
2026-01-22,,,WMI,AMS,2025-11-07,Warszawa,Polska,Amsterdam,Holandia
2026-01-23,,,WMI,AMS,2025-11-07,Warszawa,Polska,Amsterdam,Holandia
2026-01-24,,,WMI,AMS,2025-11-07,Warszawa,Polska,Amsterdam,Holandia
2026-01-25,,,WMI,AMS,2025-11-07,Warszawa,Polska,Amsterdam,Holandia
2026-01-26,,,WMI,AMS,2025-11-07,Warszawa,Polska,Amsterdam,Holandia
2026-01-27,,,WMI,AMS,2025-11-07,Warszawa,Polska,Amsterdam,Holandia
2026-01-28,,,WMI,AMS,2025-11-07,Warszawa,Polska,Amsterdam,Holandia
2026-01-29,,,WMI,AMS,2025-11-07,Warszawa,Polska,Amsterdam,Holandia
2026-01-30,,,WMI,AMS,2025-11-07,Warszawa,Polska,Amsterdam,Holandia
2025-11-09,,1185.0,WMI,STN,2025-11-07,Warszawa,Polska,Londyn,Wielka Brytania
2025-11-10,,772.0,WMI,STN,2025-11-07,Warszawa,Polska,Londyn,Wielka Brytania
2025-11-11,,1251.0,WMI,STN,2025-11-07,Warszawa,Polska,Londyn,Wielka Brytania
2025-11-13,,328.0,WMI,STN,2025-11-07,Warszawa,Polska,Londyn,Wielka Brytania
2025-11-14,,207.0,WMI,STN,2025-11-07,Warszawa,Polska,Londyn,Wielka Brytania
2025-11-15,,154.0,WMI,STN,2025-11-07,Warszawa,Polska,Londyn,Wielka Brytania
2025-11-16,,107.0,WMI,STN,2025-11-07,Warszawa,Polska,Londyn,Wielka Brytania
2025-11-17,,207.0,WMI,STN,2025-11-07,Warszawa,Polska,Londyn,Wielka Brytania
2025-11-18,,222.0,WMI,STN,2025-11-07,Warszawa,Polska,Londyn,Wielka Brytania
2025-11-20,,159.0,WMI,STN,2025-11-07,Warszawa,Polska,Londyn,Wielka Brytania
2025-11-21,,150.0,WMI,STN,2025-11-07,Warszawa,Polska,Londyn,Wielka Brytania
2025-11-22,,131.0,WMI,STN,2025-11-07,Warszawa,Polska,Londyn,Wielka Brytania
2025-11-23,,156.0,WMI,STN,2025-11-07,Warszawa,Polska,Londyn,Wielka Brytania
2025-11-24,,178.0,WMI,STN,2025-11-07,Warszawa,Polska,Londyn,Wielka Brytania
2025-11-25,,189.0,WMI,STN,2025-11-07,Warszawa,Polska,Londyn,Wielka Brytania
2025-11-27,,90.0,WMI,STN,2025-11-07,Warszawa,Polska,Londyn,Wielka Brytania
2025-11-28,,180.0,WMI,STN,2025-11-07,Warszawa,Polska,Londyn,Wielka Brytania
2025-11-29,,159.0,WMI,STN,2025-11-07,Warszawa,Polska,Londyn,Wielka Brytania
2025-11-30,,136.0,WMI,STN,2025-11-07,Warszawa,Polska,Londyn,Wielka Brytania
2025-12-01,,182.0,WMI,STN,2025-11-07,Warszawa,Polska,Londyn,Wielka Brytania
2025-12-02,,189.0,WMI,STN,2025-11-07,Warszawa,Polska,Londyn,Wielka Brytania
2025-12-04,,299.0,WMI,STN,2025-11-07,Warszawa,Polska,Londyn,Wielka Brytania
2025-12-05,,150.0,WMI,STN,2025-11-07,Warszawa,Polska,Londyn,Wielka Brytania
2025-12-06,,129.0,WMI,STN,2025-11-07,Warszawa,Polska,Londyn,Wielka Brytania
2025-12-07,,127.0,WMI,STN,2025-11-07,Warszawa,Polska,Londyn,Wielka Brytania
2025-12-08,,104.0,WMI,STN,2025-11-07,Warszawa,Polska,Londyn,Wielka Brytania
2025-12-09,,79.0,WMI,STN,2025-11-07,Warszawa,Polska,Londyn,Wielka Brytania
2025-12-11,,101.0,WMI,STN,2025-11-07,Warszawa,Polska,Londyn,Wielka Brytania
2025-12-12,,79.0,WMI,STN,2025-11-07,Warszawa,Polska,Londyn,Wielka Brytania
2025-12-13,,81.0,WMI,STN,2025-11-07,Warszawa,Polska,Londyn,Wielka Brytania
2025-12-14,,86.0,WMI,STN,2025-11-07,Warszawa,Polska,Londyn,Wielka Brytania
2025-12-15,,83.0,WMI,STN,2025-11-07,Warszawa,Polska,Londyn,Wielka Brytania
2025-12-16,,79.0,WMI,STN,2025-11-07,Warszawa,Polska,Londyn,Wielka Brytania
2025-12-18,,79.0,WMI,STN,2025-11-07,Warszawa,Polska,Londyn,Wielka Brytania
2025-12-19,,87.0,WMI,STN,2025-11-07,Warszawa,Polska,Londyn,Wielka Brytania
2025-12-20,,90.0,WMI,STN,2025-11-07,Warszawa,Polska,Londyn,Wielka Brytania
2025-12-21,,150.0,WMI,STN,2025-11-07,Warszawa,Polska,Londyn,Wielka Brytania
2025-12-22,,154.0,WMI,STN,2025-11-07,Warszawa,Polska,Londyn,Wielka Brytania
2025-12-23,,286.0,WMI,STN,2025-11-07,Warszawa,Polska,Londyn,Wielka Brytania
2025-12-24,,254.0,WMI,STN,2025-11-07,Warszawa,Polska,Londyn,Wielka Brytania
2025-12-26,,372.0,WMI,STN,2025-11-07,Warszawa,Polska,Londyn,Wielka Brytania
2025-12-27,,509.0,WMI,STN,2025-11-07,Warszawa,Polska,Londyn,Wielka Brytania
2025-12-28,,684.0,WMI,STN,2025-11-07,Warszawa,Polska,Londyn,Wielka Brytania
2025-12-29,,517.0,WMI,STN,2025-11-07,Warszawa,Polska,Londyn,Wielka Brytania
2025-12-30,,517.0,WMI,STN,2025-11-07,Warszawa,Polska,Londyn,Wielka Brytania
2025-12-31,,408.0,WMI,STN,2025-11-07,Warszawa,Polska,Londyn,Wielka Brytania
2026-01-01,,415.0,WMI,STN,2025-11-07,Warszawa,Polska,Londyn,Wielka Brytania
2026-01-02,,849.0,WMI,STN,2025-11-07,Warszawa,Polska,Londyn,Wielka Brytania
2026-01-03,,824.0,WMI,STN,2025-11-07,Warszawa,Polska,Londyn,Wielka Brytania
2026-01-04,,1028.0,WMI,STN,2025-11-07,Warszawa,Polska,Londyn,Wielka Brytania
2026-01-05,,641.0,WMI,STN,2025-11-07,Warszawa,Polska,Londyn,Wielka Brytania
2026-01-06,,537.0,WMI,STN,2025-11-07,Warszawa,Polska,Londyn,Wielka Brytania
2026-01-07,,554.0,WMI,STN,2025-11-07,Warszawa,Polska,Londyn,Wielka Brytania
2026-01-08,,286.0,WMI,STN,2025-11-07,Warszawa,Polska,Londyn,Wielka Brytania
2026-01-09,,377.0,WMI,STN,2025-11-07,Warszawa,Polska,Londyn,Wielka Brytania
2026-01-10,,250.0,WMI,STN,2025-11-07,Warszawa,Polska,Londyn,Wielka Brytania
2026-01-11,,245.0,WMI,STN,2025-11-07,Warszawa,Polska,Londyn,Wielka Brytania
2026-01-12,,179.0,WMI,STN,2025-11-07,Warszawa,Polska,Londyn,Wielka Brytania
2026-01-13,,104.0,WMI,STN,2025-11-07,Warszawa,Polska,Londyn,Wielka Brytania
2026-01-15,,179.0,WMI,STN,2025-11-07,Warszawa,Polska,Londyn,Wielka Brytania
2026-01-16,,222.0,WMI,STN,2025-11-07,Warszawa,Polska,Londyn,Wielka Brytania
2026-01-17,,294.0,WMI,STN,2025-11-07,Warszawa,Polska,Londyn,Wielka Brytania
2026-01-18,,219.0,WMI,STN,2025-11-07,Warszawa,Polska,Londyn,Wielka Brytania
2026-01-19,,250.0,WMI,STN,2025-11-07,Warszawa,Polska,Londyn,Wielka Brytania
2026-01-20,,153.0,WMI,STN,2025-11-07,Warszawa,Polska,Londyn,Wielka Brytania
2026-01-22,,330.0,WMI,STN,2025-11-07,Warszawa,Polska,Londyn,Wielka Brytania
2026-01-23,,219.0,WMI,STN,2025-11-07,Warszawa,Polska,Londyn,Wielka Brytania
2026-01-24,,245.0,WMI,STN,2025-11-07,Warszawa,Polska,Londyn,Wielka Brytania
2026-01-25,,150.0,WMI,STN,2025-11-07,Warszawa,Polska,Londyn,Wielka Brytania
2026-01-26,,129.0,WMI,STN,2025-11-07,Warszawa,Polska,Londyn,Wielka Brytania
2026-01-27,,102.0,WMI,STN,2025-11-07,Warszawa,Polska,Londyn,Wielka Brytania
2026-01-29,,179.0,WMI,STN,2025-11-07,Warszawa,Polska,Londyn,Wielka Brytania
2026-01-30,,122.0,WMI,STN,2025-11-07,Warszawa,Polska,Londyn,Wielka Brytania
2025-11-07,,,WMI,STN,2025-11-07,Warszawa,Polska,Londyn,Wielka Brytania
2025-11-08,,,WMI,STN,2025-11-07,Warszawa,Polska,Londyn,Wielka Brytania
2025-11-12,,,WMI,STN,2025-11-07,Warszawa,Polska,Londyn,Wielka Brytania
2025-11-19,,,WMI,STN,2025-11-07,Warszawa,Polska,Londyn,Wielka Brytania
2025-11-26,,,WMI,STN,2025-11-07,Warszawa,Polska,Londyn,Wielka Brytania
2025-12-03,,,WMI,STN,2025-11-07,Warszawa,Polska,Londyn,Wielka Brytania
2025-12-10,,,WMI,STN,2025-11-07,Warszawa,Polska,Londyn,Wielka Brytania
2025-12-17,,,WMI,STN,2025-11-07,Warszawa,Polska,Londyn,Wielka Brytania
2025-12-25,,,WMI,STN,2025-11-07,Warszawa,Polska,Londyn,Wielka Brytania
2026-01-14,,,WMI,STN,2025-11-07,Warszawa,Polska,Londyn,Wielka Brytania
2026-01-21,,,WMI,STN,2025-11-07,Warszawa,Polska,Londyn,Wielka Brytania
2026-01-28,,,WMI,STN,2025-11-07,Warszawa,Polska,Londyn,Wielka Brytania
2025-11-07,,,WMI,LGW,2025-11-07,Warszawa,Polska,Londyn,Wielka Brytania
2025-11-08,,,WMI,LGW,2025-11-07,Warszawa,Polska,Londyn,Wielka Brytania
2025-11-09,,,WMI,LGW,2025-11-07,Warszawa,Polska,Londyn,Wielka Brytania
2025-11-10,,,WMI,LGW,2025-11-07,Warszawa,Polska,Londyn,Wielka Brytania
2025-11-11,,,WMI,LGW,2025-11-07,Warszawa,Polska,Londyn,Wielka Brytania
2025-11-12,,,WMI,LGW,2025-11-07,Warszawa,Polska,Londyn,Wielka Brytania
2025-11-13,,,WMI,LGW,2025-11-07,Warszawa,Polska,Londyn,Wielka Brytania
2025-11-14,,,WMI,LGW,2025-11-07,Warszawa,Polska,Londyn,Wielka Brytania
2025-11-15,,,WMI,LGW,2025-11-07,Warszawa,Polska,Londyn,Wielka Brytania
2025-11-16,,,WMI,LGW,2025-11-07,Warszawa,Polska,Londyn,Wielka Brytania
2025-11-17,,,WMI,LGW,2025-11-07,Warszawa,Polska,Londyn,Wielka Brytania
2025-11-18,,,WMI,LGW,2025-11-07,Warszawa,Polska,Londyn,Wielka Brytania
2025-11-19,,,WMI,LGW,2025-11-07,Warszawa,Polska,Londyn,Wielka Brytania
2025-11-20,,,WMI,LGW,2025-11-07,Warszawa,Polska,Londyn,Wielka Brytania
2025-11-21,,,WMI,LGW,2025-11-07,Warszawa,Polska,Londyn,Wielka Brytania
2025-11-22,,,WMI,LGW,2025-11-07,Warszawa,Polska,Londyn,Wielka Brytania
2025-11-23,,,WMI,LGW,2025-11-07,Warszawa,Polska,Londyn,Wielka Brytania
2025-11-24,,,WMI,LGW,2025-11-07,Warszawa,Polska,Londyn,Wielka Brytania
2025-11-25,,,WMI,LGW,2025-11-07,Warszawa,Polska,Londyn,Wielka Brytania
2025-11-26,,,WMI,LGW,2025-11-07,Warszawa,Polska,Londyn,Wielka Brytania
2025-11-27,,,WMI,LGW,2025-11-07,Warszawa,Polska,Londyn,Wielka Brytania
2025-11-28,,,WMI,LGW,2025-11-07,Warszawa,Polska,Londyn,Wielka Brytania
2025-11-29,,,WMI,LGW,2025-11-07,Warszawa,Polska,Londyn,Wielka Brytania
2025-11-30,,,WMI,LGW,2025-11-07,Warszawa,Polska,Londyn,Wielka Brytania
2025-12-01,,,WMI,LGW,2025-11-07,Warszawa,Polska,Londyn,Wielka Brytania
2025-12-02,,,WMI,LGW,2025-11-07,Warszawa,Polska,Londyn,Wielka Brytania
2025-12-03,,,WMI,LGW,2025-11-07,Warszawa,Polska,Londyn,Wielka Brytania
2025-12-04,,,WMI,LGW,2025-11-07,Warszawa,Polska,Londyn,Wielka Brytania
2025-12-05,,,WMI,LGW,2025-11-07,Warszawa,Polska,Londyn,Wielka Brytania
2025-12-06,,,WMI,LGW,2025-11-07,Warszawa,Polska,Londyn,Wielka Brytania
2025-12-07,,,WMI,LGW,2025-11-07,Warszawa,Polska,Londyn,Wielka Brytania
2025-12-08,,,WMI,LGW,2025-11-07,Warszawa,Polska,Londyn,Wielka Brytania
2025-12-09,,,WMI,LGW,2025-11-07,Warszawa,Polska,Londyn,Wielka Brytania
2025-12-10,,,WMI,LGW,2025-11-07,Warszawa,Polska,Londyn,Wielka Brytania
2025-12-11,,,WMI,LGW,2025-11-07,Warszawa,Polska,Londyn,Wielka Brytania
2025-12-12,,,WMI,LGW,2025-11-07,Warszawa,Polska,Londyn,Wielka Brytania
2025-12-13,,,WMI,LGW,2025-11-07,Warszawa,Polska,Londyn,Wielka Brytania
2025-12-14,,,WMI,LGW,2025-11-07,Warszawa,Polska,Londyn,Wielka Brytania
2025-12-15,,,WMI,LGW,2025-11-07,Warszawa,Polska,Londyn,Wielka Brytania
2025-12-16,,,WMI,LGW,2025-11-07,Warszawa,Polska,Londyn,Wielka Brytania
2025-12-17,,,WMI,LGW,2025-11-07,Warszawa,Polska,Londyn,Wielka Brytania
2025-12-18,,,WMI,LGW,2025-11-07,Warszawa,Polska,Londyn,Wielka Brytania
2025-12-19,,,WMI,LGW,2025-11-07,Warszawa,Polska,Londyn,Wielka Brytania
2025-12-20,,,WMI,LGW,2025-11-07,Warszawa,Polska,Londyn,Wielka Brytania
2025-12-21,,,WMI,LGW,2025-11-07,Warszawa,Polska,Londyn,Wielka Brytania
2025-12-22,,,WMI,LGW,2025-11-07,Warszawa,Polska,Londyn,Wielka Brytania
2025-12-23,,,WMI,LGW,2025-11-07,Warszawa,Polska,Londyn,Wielka Brytania
2025-12-24,,,WMI,LGW,2025-11-07,Warszawa,Polska,Londyn,Wielka Brytania
2025-12-25,,,WMI,LGW,2025-11-07,Warszawa,Polska,Londyn,Wielka Brytania
2025-12-26,,,WMI,LGW,2025-11-07,Warszawa,Polska,Londyn,Wielka Brytania
2025-12-27,,,WMI,LGW,2025-11-07,Warszawa,Polska,Londyn,Wielka Brytania
2025-12-28,,,WMI,LGW,2025-11-07,Warszawa,Polska,Londyn,Wielka Brytania
2025-12-29,,,WMI,LGW,2025-11-07,Warszawa,Polska,Londyn,Wielka Brytania
2025-12-30,,,WMI,LGW,2025-11-07,Warszawa,Polska,Londyn,Wielka Brytania
2025-12-31,,,WMI,LGW,2025-11-07,Warszawa,Polska,Londyn,Wielka Brytania
2026-01-01,,,WMI,LGW,2025-11-07,Warszawa,Polska,Londyn,Wielka Brytania
2026-01-02,,,WMI,LGW,2025-11-07,Warszawa,Polska,Londyn,Wielka Brytania
2026-01-03,,,WMI,LGW,2025-11-07,Warszawa,Polska,Londyn,Wielka Brytania
2026-01-04,,,WMI,LGW,2025-11-07,Warszawa,Polska,Londyn,Wielka Brytania
2026-01-05,,,WMI,LGW,2025-11-07,Warszawa,Polska,Londyn,Wielka Brytania
2026-01-06,,,WMI,LGW,2025-11-07,Warszawa,Polska,Londyn,Wielka Brytania
2026-01-07,,,WMI,LGW,2025-11-07,Warszawa,Polska,Londyn,Wielka Brytania
2026-01-08,,,WMI,LGW,2025-11-07,Warszawa,Polska,Londyn,Wielka Brytania
2026-01-09,,,WMI,LGW,2025-11-07,Warszawa,Polska,Londyn,Wielka Brytania
2026-01-10,,,WMI,LGW,2025-11-07,Warszawa,Polska,Londyn,Wielka Brytania
2026-01-11,,,WMI,LGW,2025-11-07,Warszawa,Polska,Londyn,Wielka Brytania
2026-01-12,,,WMI,LGW,2025-11-07,Warszawa,Polska,Londyn,Wielka Brytania
2026-01-13,,,WMI,LGW,2025-11-07,Warszawa,Polska,Londyn,Wielka Brytania
2026-01-14,,,WMI,LGW,2025-11-07,Warszawa,Polska,Londyn,Wielka Brytania
2026-01-15,,,WMI,LGW,2025-11-07,Warszawa,Polska,Londyn,Wielka Brytania
2026-01-16,,,WMI,LGW,2025-11-07,Warszawa,Polska,Londyn,Wielka Brytania
2026-01-17,,,WMI,LGW,2025-11-07,Warszawa,Polska,Londyn,Wielka Brytania
2026-01-18,,,WMI,LGW,2025-11-07,Warszawa,Polska,Londyn,Wielka Brytania
2026-01-19,,,WMI,LGW,2025-11-07,Warszawa,Polska,Londyn,Wielka Brytania
2026-01-20,,,WMI,LGW,2025-11-07,Warszawa,Polska,Londyn,Wielka Brytania
2026-01-21,,,WMI,LGW,2025-11-07,Warszawa,Polska,Londyn,Wielka Brytania
2026-01-22,,,WMI,LGW,2025-11-07,Warszawa,Polska,Londyn,Wielka Brytania
2026-01-23,,,WMI,LGW,2025-11-07,Warszawa,Polska,Londyn,Wielka Brytania
2026-01-24,,,WMI,LGW,2025-11-07,Warszawa,Polska,Londyn,Wielka Brytania
2026-01-25,,,WMI,LGW,2025-11-07,Warszawa,Polska,Londyn,Wielka Brytania
2026-01-26,,,WMI,LGW,2025-11-07,Warszawa,Polska,Londyn,Wielka Brytania
2026-01-27,,,WMI,LGW,2025-11-07,Warszawa,Polska,Londyn,Wielka Brytania
2026-01-28,,,WMI,LGW,2025-11-07,Warszawa,Polska,Londyn,Wielka Brytania
2026-01-29,,,WMI,LGW,2025-11-07,Warszawa,Polska,Londyn,Wielka Brytania
2026-01-30,,,WMI,LGW,2025-11-07,Warszawa,Polska,Londyn,Wielka Brytania
2025-11-07,,,WMI,MAN,2025-11-07,Warszawa,Polska,Manchester,Wielka Brytania
2025-11-08,,,WMI,MAN,2025-11-07,Warszawa,Polska,Manchester,Wielka Brytania
2025-11-09,,,WMI,MAN,2025-11-07,Warszawa,Polska,Manchester,Wielka Brytania
2025-11-10,,,WMI,MAN,2025-11-07,Warszawa,Polska,Manchester,Wielka Brytania
2025-11-11,,,WMI,MAN,2025-11-07,Warszawa,Polska,Manchester,Wielka Brytania
2025-11-12,,,WMI,MAN,2025-11-07,Warszawa,Polska,Manchester,Wielka Brytania
2025-11-13,,,WMI,MAN,2025-11-07,Warszawa,Polska,Manchester,Wielka Brytania
2025-11-14,,,WMI,MAN,2025-11-07,Warszawa,Polska,Manchester,Wielka Brytania
2025-11-15,,,WMI,MAN,2025-11-07,Warszawa,Polska,Manchester,Wielka Brytania
2025-11-16,,,WMI,MAN,2025-11-07,Warszawa,Polska,Manchester,Wielka Brytania
2025-11-17,,,WMI,MAN,2025-11-07,Warszawa,Polska,Manchester,Wielka Brytania
2025-11-18,,,WMI,MAN,2025-11-07,Warszawa,Polska,Manchester,Wielka Brytania
2025-11-19,,,WMI,MAN,2025-11-07,Warszawa,Polska,Manchester,Wielka Brytania
2025-11-20,,,WMI,MAN,2025-11-07,Warszawa,Polska,Manchester,Wielka Brytania
2025-11-21,,,WMI,MAN,2025-11-07,Warszawa,Polska,Manchester,Wielka Brytania
2025-11-22,,,WMI,MAN,2025-11-07,Warszawa,Polska,Manchester,Wielka Brytania
2025-11-23,,,WMI,MAN,2025-11-07,Warszawa,Polska,Manchester,Wielka Brytania
2025-11-24,,,WMI,MAN,2025-11-07,Warszawa,Polska,Manchester,Wielka Brytania
2025-11-25,,,WMI,MAN,2025-11-07,Warszawa,Polska,Manchester,Wielka Brytania
2025-11-26,,,WMI,MAN,2025-11-07,Warszawa,Polska,Manchester,Wielka Brytania
2025-11-27,,,WMI,MAN,2025-11-07,Warszawa,Polska,Manchester,Wielka Brytania
2025-11-28,,,WMI,MAN,2025-11-07,Warszawa,Polska,Manchester,Wielka Brytania
2025-11-29,,,WMI,MAN,2025-11-07,Warszawa,Polska,Manchester,Wielka Brytania
2025-11-30,,,WMI,MAN,2025-11-07,Warszawa,Polska,Manchester,Wielka Brytania
2025-12-01,,,WMI,MAN,2025-11-07,Warszawa,Polska,Manchester,Wielka Brytania
2025-12-02,,,WMI,MAN,2025-11-07,Warszawa,Polska,Manchester,Wielka Brytania
2025-12-03,,,WMI,MAN,2025-11-07,Warszawa,Polska,Manchester,Wielka Brytania
2025-12-04,,,WMI,MAN,2025-11-07,Warszawa,Polska,Manchester,Wielka Brytania
2025-12-05,,,WMI,MAN,2025-11-07,Warszawa,Polska,Manchester,Wielka Brytania
2025-12-06,,,WMI,MAN,2025-11-07,Warszawa,Polska,Manchester,Wielka Brytania
2025-12-07,,,WMI,MAN,2025-11-07,Warszawa,Polska,Manchester,Wielka Brytania
2025-12-08,,,WMI,MAN,2025-11-07,Warszawa,Polska,Manchester,Wielka Brytania
2025-12-09,,,WMI,MAN,2025-11-07,Warszawa,Polska,Manchester,Wielka Brytania
2025-12-10,,,WMI,MAN,2025-11-07,Warszawa,Polska,Manchester,Wielka Brytania
2025-12-11,,,WMI,MAN,2025-11-07,Warszawa,Polska,Manchester,Wielka Brytania
2025-12-12,,,WMI,MAN,2025-11-07,Warszawa,Polska,Manchester,Wielka Brytania
2025-12-13,,,WMI,MAN,2025-11-07,Warszawa,Polska,Manchester,Wielka Brytania
2025-12-14,,,WMI,MAN,2025-11-07,Warszawa,Polska,Manchester,Wielka Brytania
2025-12-15,,,WMI,MAN,2025-11-07,Warszawa,Polska,Manchester,Wielka Brytania
2025-12-16,,,WMI,MAN,2025-11-07,Warszawa,Polska,Manchester,Wielka Brytania
2025-12-17,,,WMI,MAN,2025-11-07,Warszawa,Polska,Manchester,Wielka Brytania
2025-12-18,,,WMI,MAN,2025-11-07,Warszawa,Polska,Manchester,Wielka Brytania
2025-12-19,,,WMI,MAN,2025-11-07,Warszawa,Polska,Manchester,Wielka Brytania
2025-12-20,,,WMI,MAN,2025-11-07,Warszawa,Polska,Manchester,Wielka Brytania
2025-12-21,,,WMI,MAN,2025-11-07,Warszawa,Polska,Manchester,Wielka Brytania
2025-12-22,,,WMI,MAN,2025-11-07,Warszawa,Polska,Manchester,Wielka Brytania
2025-12-23,,,WMI,MAN,2025-11-07,Warszawa,Polska,Manchester,Wielka Brytania
2025-12-24,,,WMI,MAN,2025-11-07,Warszawa,Polska,Manchester,Wielka Brytania
2025-12-25,,,WMI,MAN,2025-11-07,Warszawa,Polska,Manchester,Wielka Brytania
2025-12-26,,,WMI,MAN,2025-11-07,Warszawa,Polska,Manchester,Wielka Brytania
2025-12-27,,,WMI,MAN,2025-11-07,Warszawa,Polska,Manchester,Wielka Brytania
2025-12-28,,,WMI,MAN,2025-11-07,Warszawa,Polska,Manchester,Wielka Brytania
2025-12-29,,,WMI,MAN,2025-11-07,Warszawa,Polska,Manchester,Wielka Brytania
2025-12-30,,,WMI,MAN,2025-11-07,Warszawa,Polska,Manchester,Wielka Brytania
2025-12-31,,,WMI,MAN,2025-11-07,Warszawa,Polska,Manchester,Wielka Brytania
2026-01-01,,,WMI,MAN,2025-11-07,Warszawa,Polska,Manchester,Wielka Brytania
2026-01-02,,,WMI,MAN,2025-11-07,Warszawa,Polska,Manchester,Wielka Brytania
2026-01-03,,,WMI,MAN,2025-11-07,Warszawa,Polska,Manchester,Wielka Brytania
2026-01-04,,,WMI,MAN,2025-11-07,Warszawa,Polska,Manchester,Wielka Brytania
2026-01-05,,,WMI,MAN,2025-11-07,Warszawa,Polska,Manchester,Wielka Brytania
2026-01-06,,,WMI,MAN,2025-11-07,Warszawa,Polska,Manchester,Wielka Brytania
2026-01-07,,,WMI,MAN,2025-11-07,Warszawa,Polska,Manchester,Wielka Brytania
2026-01-08,,,WMI,MAN,2025-11-07,Warszawa,Polska,Manchester,Wielka Brytania
2026-01-09,,,WMI,MAN,2025-11-07,Warszawa,Polska,Manchester,Wielka Brytania
2026-01-10,,,WMI,MAN,2025-11-07,Warszawa,Polska,Manchester,Wielka Brytania
2026-01-11,,,WMI,MAN,2025-11-07,Warszawa,Polska,Manchester,Wielka Brytania
2026-01-12,,,WMI,MAN,2025-11-07,Warszawa,Polska,Manchester,Wielka Brytania
2026-01-13,,,WMI,MAN,2025-11-07,Warszawa,Polska,Manchester,Wielka Brytania
2026-01-14,,,WMI,MAN,2025-11-07,Warszawa,Polska,Manchester,Wielka Brytania
2026-01-15,,,WMI,MAN,2025-11-07,Warszawa,Polska,Manchester,Wielka Brytania
2026-01-16,,,WMI,MAN,2025-11-07,Warszawa,Polska,Manchester,Wielka Brytania
2026-01-17,,,WMI,MAN,2025-11-07,Warszawa,Polska,Manchester,Wielka Brytania
2026-01-18,,,WMI,MAN,2025-11-07,Warszawa,Polska,Manchester,Wielka Brytania
2026-01-19,,,WMI,MAN,2025-11-07,Warszawa,Polska,Manchester,Wielka Brytania
2026-01-20,,,WMI,MAN,2025-11-07,Warszawa,Polska,Manchester,Wielka Brytania
2026-01-21,,,WMI,MAN,2025-11-07,Warszawa,Polska,Manchester,Wielka Brytania
2026-01-22,,,WMI,MAN,2025-11-07,Warszawa,Polska,Manchester,Wielka Brytania
2026-01-23,,,WMI,MAN,2025-11-07,Warszawa,Polska,Manchester,Wielka Brytania
2026-01-24,,,WMI,MAN,2025-11-07,Warszawa,Polska,Manchester,Wielka Brytania
2026-01-25,,,WMI,MAN,2025-11-07,Warszawa,Polska,Manchester,Wielka Brytania
2026-01-26,,,WMI,MAN,2025-11-07,Warszawa,Polska,Manchester,Wielka Brytania
2026-01-27,,,WMI,MAN,2025-11-07,Warszawa,Polska,Manchester,Wielka Brytania
2026-01-28,,,WMI,MAN,2025-11-07,Warszawa,Polska,Manchester,Wielka Brytania
2026-01-29,,,WMI,MAN,2025-11-07,Warszawa,Polska,Manchester,Wielka Brytania
2026-01-30,,,WMI,MAN,2025-11-07,Warszawa,Polska,Manchester,Wielka Brytania
2025-11-09,,1334.0,WMI,DUB,2025-11-07,Warszawa,Polska,Dublin,Irlandia
2025-11-12,,767.0,WMI,DUB,2025-11-07,Warszawa,Polska,Dublin,Irlandia
2025-11-13,,363.0,WMI,DUB,2025-11-07,Warszawa,Polska,Dublin,Irlandia
2025-11-14,,1192.0,WMI,DUB,2025-11-07,Warszawa,Polska,Dublin,Irlandia
2025-11-15,,283.0,WMI,DUB,2025-11-07,Warszawa,Polska,Dublin,Irlandia
2025-11-16,,922.0,WMI,DUB,2025-11-07,Warszawa,Polska,Dublin,Irlandia
2025-11-17,,291.0,WMI,DUB,2025-11-07,Warszawa,Polska,Dublin,Irlandia
2025-11-19,,308.0,WMI,DUB,2025-11-07,Warszawa,Polska,Dublin,Irlandia
2025-11-20,,220.0,WMI,DUB,2025-11-07,Warszawa,Polska,Dublin,Irlandia
2025-11-21,,304.0,WMI,DUB,2025-11-07,Warszawa,Polska,Dublin,Irlandia
2025-11-22,,171.0,WMI,DUB,2025-11-07,Warszawa,Polska,Dublin,Irlandia
2025-11-23,,504.0,WMI,DUB,2025-11-07,Warszawa,Polska,Dublin,Irlandia
2025-11-24,,359.0,WMI,DUB,2025-11-07,Warszawa,Polska,Dublin,Irlandia
2025-11-26,,296.0,WMI,DUB,2025-11-07,Warszawa,Polska,Dublin,Irlandia
2025-11-27,,187.0,WMI,DUB,2025-11-07,Warszawa,Polska,Dublin,Irlandia
2025-11-28,,227.0,WMI,DUB,2025-11-07,Warszawa,Polska,Dublin,Irlandia
2025-11-29,,184.0,WMI,DUB,2025-11-07,Warszawa,Polska,Dublin,Irlandia
2025-11-30,,548.0,WMI,DUB,2025-11-07,Warszawa,Polska,Dublin,Irlandia
2025-12-01,,287.0,WMI,DUB,2025-11-07,Warszawa,Polska,Dublin,Irlandia
2025-12-03,,187.0,WMI,DUB,2025-11-07,Warszawa,Polska,Dublin,Irlandia
2025-12-04,,167.0,WMI,DUB,2025-11-07,Warszawa,Polska,Dublin,Irlandia
2025-12-05,,181.0,WMI,DUB,2025-11-07,Warszawa,Polska,Dublin,Irlandia
2025-12-06,,167.0,WMI,DUB,2025-11-07,Warszawa,Polska,Dublin,Irlandia
2025-12-07,,397.0,WMI,DUB,2025-11-07,Warszawa,Polska,Dublin,Irlandia
2025-12-08,,218.0,WMI,DUB,2025-11-07,Warszawa,Polska,Dublin,Irlandia
2025-12-10,,167.0,WMI,DUB,2025-11-07,Warszawa,Polska,Dublin,Irlandia
2025-12-11,,155.0,WMI,DUB,2025-11-07,Warszawa,Polska,Dublin,Irlandia
2025-12-12,,161.0,WMI,DUB,2025-11-07,Warszawa,Polska,Dublin,Irlandia
2025-12-13,,161.0,WMI,DUB,2025-11-07,Warszawa,Polska,Dublin,Irlandia
2025-12-14,,308.0,WMI,DUB,2025-11-07,Warszawa,Polska,Dublin,Irlandia
2025-12-15,,167.0,WMI,DUB,2025-11-07,Warszawa,Polska,Dublin,Irlandia
2025-12-17,,167.0,WMI,DUB,2025-11-07,Warszawa,Polska,Dublin,Irlandia
2025-12-18,,167.0,WMI,DUB,2025-11-07,Warszawa,Polska,Dublin,Irlandia
2025-12-19,,223.0,WMI,DUB,2025-11-07,Warszawa,Polska,Dublin,Irlandia
2025-12-20,,181.0,WMI,DUB,2025-11-07,Warszawa,Polska,Dublin,Irlandia
2025-12-21,,296.0,WMI,DUB,2025-11-07,Warszawa,Polska,Dublin,Irlandia
2025-12-22,,227.0,WMI,DUB,2025-11-07,Warszawa,Polska,Dublin,Irlandia
2025-12-23,,326.0,WMI,DUB,2025-11-07,Warszawa,Polska,Dublin,Irlandia
2025-12-26,,365.0,WMI,DUB,2025-11-07,Warszawa,Polska,Dublin,Irlandia
2025-12-27,,393.0,WMI,DUB,2025-11-07,Warszawa,Polska,Dublin,Irlandia
2025-12-28,,607.0,WMI,DUB,2025-11-07,Warszawa,Polska,Dublin,Irlandia
2025-12-29,,497.0,WMI,DUB,2025-11-07,Warszawa,Polska,Dublin,Irlandia
2025-12-30,,497.0,WMI,DUB,2025-11-07,Warszawa,Polska,Dublin,Irlandia
2025-12-31,,457.0,WMI,DUB,2025-11-07,Warszawa,Polska,Dublin,Irlandia
2026-01-01,,607.0,WMI,DUB,2025-11-07,Warszawa,Polska,Dublin,Irlandia
2026-01-02,,786.0,WMI,DUB,2025-11-07,Warszawa,Polska,Dublin,Irlandia
2026-01-03,,786.0,WMI,DUB,2025-11-07,Warszawa,Polska,Dublin,Irlandia
2026-01-04,,1102.0,WMI,DUB,2025-11-07,Warszawa,Polska,Dublin,Irlandia
2026-01-05,,881.0,WMI,DUB,2025-11-07,Warszawa,Polska,Dublin,Irlandia
2026-01-06,,449.0,WMI,DUB,2025-11-07,Warszawa,Polska,Dublin,Irlandia
2026-01-07,,393.0,WMI,DUB,2025-11-07,Warszawa,Polska,Dublin,Irlandia
2026-01-08,,397.0,WMI,DUB,2025-11-07,Warszawa,Polska,Dublin,Irlandia
2026-01-09,,444.0,WMI,DUB,2025-11-07,Warszawa,Polska,Dublin,Irlandia
2026-01-10,,397.0,WMI,DUB,2025-11-07,Warszawa,Polska,Dublin,Irlandia
2026-01-11,,504.0,WMI,DUB,2025-11-07,Warszawa,Polska,Dublin,Irlandia
2026-01-12,,403.0,WMI,DUB,2025-11-07,Warszawa,Polska,Dublin,Irlandia
2026-01-14,,230.0,WMI,DUB,2025-11-07,Warszawa,Polska,Dublin,Irlandia
2026-01-15,,184.0,WMI,DUB,2025-11-07,Warszawa,Polska,Dublin,Irlandia
2026-01-16,,258.0,WMI,DUB,2025-11-07,Warszawa,Polska,Dublin,Irlandia
2026-01-17,,308.0,WMI,DUB,2025-11-07,Warszawa,Polska,Dublin,Irlandia
2026-01-18,,354.0,WMI,DUB,2025-11-07,Warszawa,Polska,Dublin,Irlandia
2026-01-19,,354.0,WMI,DUB,2025-11-07,Warszawa,Polska,Dublin,Irlandia
2026-01-21,,227.0,WMI,DUB,2025-11-07,Warszawa,Polska,Dublin,Irlandia
2026-01-22,,187.0,WMI,DUB,2025-11-07,Warszawa,Polska,Dublin,Irlandia
2026-01-23,,262.0,WMI,DUB,2025-11-07,Warszawa,Polska,Dublin,Irlandia
2026-01-24,,104.0,WMI,DUB,2025-11-07,Warszawa,Polska,Dublin,Irlandia
2026-01-25,,334.0,WMI,DUB,2025-11-07,Warszawa,Polska,Dublin,Irlandia
2026-01-26,,254.0,WMI,DUB,2025-11-07,Warszawa,Polska,Dublin,Irlandia
2026-01-28,,223.0,WMI,DUB,2025-11-07,Warszawa,Polska,Dublin,Irlandia
2026-01-29,,104.0,WMI,DUB,2025-11-07,Warszawa,Polska,Dublin,Irlandia
2026-01-30,,184.0,WMI,DUB,2025-11-07,Warszawa,Polska,Dublin,Irlandia
2025-11-07,,,WMI,DUB,2025-11-07,Warszawa,Polska,Dublin,Irlandia
2025-11-08,,,WMI,DUB,2025-11-07,Warszawa,Polska,Dublin,Irlandia
2025-11-10,,,WMI,DUB,2025-11-07,Warszawa,Polska,Dublin,Irlandia
2025-11-11,,,WMI,DUB,2025-11-07,Warszawa,Polska,Dublin,Irlandia
2025-11-18,,,WMI,DUB,2025-11-07,Warszawa,Polska,Dublin,Irlandia
2025-11-25,,,WMI,DUB,2025-11-07,Warszawa,Polska,Dublin,Irlandia
2025-12-02,,,WMI,DUB,2025-11-07,Warszawa,Polska,Dublin,Irlandia
2025-12-09,,,WMI,DUB,2025-11-07,Warszawa,Polska,Dublin,Irlandia
2025-12-16,,,WMI,DUB,2025-11-07,Warszawa,Polska,Dublin,Irlandia
2025-12-24,,,WMI,DUB,2025-11-07,Warszawa,Polska,Dublin,Irlandia
2025-12-25,,,WMI,DUB,2025-11-07,Warszawa,Polska,Dublin,Irlandia
2026-01-13,,,WMI,DUB,2025-11-07,Warszawa,Polska,Dublin,Irlandia
2026-01-20,,,WMI,DUB,2025-11-07,Warszawa,Polska,Dublin,Irlandia
2026-01-27,,,WMI,DUB,2025-11-07,Warszawa,Polska,Dublin,Irlandia
2025-11-07,,,WMI,AYT,2025-11-07,Warszawa,Polska,Antalya,Turcja
2025-11-08,,,WMI,AYT,2025-11-07,Warszawa,Polska,Antalya,Turcja
2025-11-09,,,WMI,AYT,2025-11-07,Warszawa,Polska,Antalya,Turcja
2025-11-10,,,WMI,AYT,2025-11-07,Warszawa,Polska,Antalya,Turcja
2025-11-11,,,WMI,AYT,2025-11-07,Warszawa,Polska,Antalya,Turcja
2025-11-12,,,WMI,AYT,2025-11-07,Warszawa,Polska,Antalya,Turcja
2025-11-13,,,WMI,AYT,2025-11-07,Warszawa,Polska,Antalya,Turcja
2025-11-14,,,WMI,AYT,2025-11-07,Warszawa,Polska,Antalya,Turcja
2025-11-15,,,WMI,AYT,2025-11-07,Warszawa,Polska,Antalya,Turcja
2025-11-16,,,WMI,AYT,2025-11-07,Warszawa,Polska,Antalya,Turcja
2025-11-17,,,WMI,AYT,2025-11-07,Warszawa,Polska,Antalya,Turcja
2025-11-18,,,WMI,AYT,2025-11-07,Warszawa,Polska,Antalya,Turcja
2025-11-19,,,WMI,AYT,2025-11-07,Warszawa,Polska,Antalya,Turcja
2025-11-20,,,WMI,AYT,2025-11-07,Warszawa,Polska,Antalya,Turcja
2025-11-21,,,WMI,AYT,2025-11-07,Warszawa,Polska,Antalya,Turcja
2025-11-22,,,WMI,AYT,2025-11-07,Warszawa,Polska,Antalya,Turcja
2025-11-23,,,WMI,AYT,2025-11-07,Warszawa,Polska,Antalya,Turcja
2025-11-24,,,WMI,AYT,2025-11-07,Warszawa,Polska,Antalya,Turcja
2025-11-25,,,WMI,AYT,2025-11-07,Warszawa,Polska,Antalya,Turcja
2025-11-26,,,WMI,AYT,2025-11-07,Warszawa,Polska,Antalya,Turcja
2025-11-27,,,WMI,AYT,2025-11-07,Warszawa,Polska,Antalya,Turcja
2025-11-28,,,WMI,AYT,2025-11-07,Warszawa,Polska,Antalya,Turcja
2025-11-29,,,WMI,AYT,2025-11-07,Warszawa,Polska,Antalya,Turcja
2025-11-30,,,WMI,AYT,2025-11-07,Warszawa,Polska,Antalya,Turcja
2025-12-01,,,WMI,AYT,2025-11-07,Warszawa,Polska,Antalya,Turcja
2025-12-02,,,WMI,AYT,2025-11-07,Warszawa,Polska,Antalya,Turcja
2025-12-03,,,WMI,AYT,2025-11-07,Warszawa,Polska,Antalya,Turcja
2025-12-04,,,WMI,AYT,2025-11-07,Warszawa,Polska,Antalya,Turcja
2025-12-05,,,WMI,AYT,2025-11-07,Warszawa,Polska,Antalya,Turcja
2025-12-06,,,WMI,AYT,2025-11-07,Warszawa,Polska,Antalya,Turcja
2025-12-07,,,WMI,AYT,2025-11-07,Warszawa,Polska,Antalya,Turcja
2025-12-08,,,WMI,AYT,2025-11-07,Warszawa,Polska,Antalya,Turcja
2025-12-09,,,WMI,AYT,2025-11-07,Warszawa,Polska,Antalya,Turcja
2025-12-10,,,WMI,AYT,2025-11-07,Warszawa,Polska,Antalya,Turcja
2025-12-11,,,WMI,AYT,2025-11-07,Warszawa,Polska,Antalya,Turcja
2025-12-12,,,WMI,AYT,2025-11-07,Warszawa,Polska,Antalya,Turcja
2025-12-13,,,WMI,AYT,2025-11-07,Warszawa,Polska,Antalya,Turcja
2025-12-14,,,WMI,AYT,2025-11-07,Warszawa,Polska,Antalya,Turcja
2025-12-15,,,WMI,AYT,2025-11-07,Warszawa,Polska,Antalya,Turcja
2025-12-16,,,WMI,AYT,2025-11-07,Warszawa,Polska,Antalya,Turcja
2025-12-17,,,WMI,AYT,2025-11-07,Warszawa,Polska,Antalya,Turcja
2025-12-18,,,WMI,AYT,2025-11-07,Warszawa,Polska,Antalya,Turcja
2025-12-19,,,WMI,AYT,2025-11-07,Warszawa,Polska,Antalya,Turcja
2025-12-20,,,WMI,AYT,2025-11-07,Warszawa,Polska,Antalya,Turcja
2025-12-21,,,WMI,AYT,2025-11-07,Warszawa,Polska,Antalya,Turcja
2025-12-22,,,WMI,AYT,2025-11-07,Warszawa,Polska,Antalya,Turcja
2025-12-23,,,WMI,AYT,2025-11-07,Warszawa,Polska,Antalya,Turcja
2025-12-24,,,WMI,AYT,2025-11-07,Warszawa,Polska,Antalya,Turcja
2025-12-25,,,WMI,AYT,2025-11-07,Warszawa,Polska,Antalya,Turcja
2025-12-26,,,WMI,AYT,2025-11-07,Warszawa,Polska,Antalya,Turcja
2025-12-27,,,WMI,AYT,2025-11-07,Warszawa,Polska,Antalya,Turcja
2025-12-28,,,WMI,AYT,2025-11-07,Warszawa,Polska,Antalya,Turcja
2025-12-29,,,WMI,AYT,2025-11-07,Warszawa,Polska,Antalya,Turcja
2025-12-30,,,WMI,AYT,2025-11-07,Warszawa,Polska,Antalya,Turcja
2025-12-31,,,WMI,AYT,2025-11-07,Warszawa,Polska,Antalya,Turcja
2026-01-01,,,WMI,AYT,2025-11-07,Warszawa,Polska,Antalya,Turcja
2026-01-02,,,WMI,AYT,2025-11-07,Warszawa,Polska,Antalya,Turcja
2026-01-03,,,WMI,AYT,2025-11-07,Warszawa,Polska,Antalya,Turcja
2026-01-04,,,WMI,AYT,2025-11-07,Warszawa,Polska,Antalya,Turcja
2026-01-05,,,WMI,AYT,2025-11-07,Warszawa,Polska,Antalya,Turcja
2026-01-06,,,WMI,AYT,2025-11-07,Warszawa,Polska,Antalya,Turcja
2026-01-07,,,WMI,AYT,2025-11-07,Warszawa,Polska,Antalya,Turcja
2026-01-08,,,WMI,AYT,2025-11-07,Warszawa,Polska,Antalya,Turcja
2026-01-09,,,WMI,AYT,2025-11-07,Warszawa,Polska,Antalya,Turcja
2026-01-10,,,WMI,AYT,2025-11-07,Warszawa,Polska,Antalya,Turcja
2026-01-11,,,WMI,AYT,2025-11-07,Warszawa,Polska,Antalya,Turcja
2026-01-12,,,WMI,AYT,2025-11-07,Warszawa,Polska,Antalya,Turcja
2026-01-13,,,WMI,AYT,2025-11-07,Warszawa,Polska,Antalya,Turcja
2026-01-14,,,WMI,AYT,2025-11-07,Warszawa,Polska,Antalya,Turcja
2026-01-15,,,WMI,AYT,2025-11-07,Warszawa,Polska,Antalya,Turcja
2026-01-16,,,WMI,AYT,2025-11-07,Warszawa,Polska,Antalya,Turcja
2026-01-17,,,WMI,AYT,2025-11-07,Warszawa,Polska,Antalya,Turcja
2026-01-18,,,WMI,AYT,2025-11-07,Warszawa,Polska,Antalya,Turcja
2026-01-19,,,WMI,AYT,2025-11-07,Warszawa,Polska,Antalya,Turcja
2026-01-20,,,WMI,AYT,2025-11-07,Warszawa,Polska,Antalya,Turcja
2026-01-21,,,WMI,AYT,2025-11-07,Warszawa,Polska,Antalya,Turcja
2026-01-22,,,WMI,AYT,2025-11-07,Warszawa,Polska,Antalya,Turcja
2026-01-23,,,WMI,AYT,2025-11-07,Warszawa,Polska,Antalya,Turcja
2026-01-24,,,WMI,AYT,2025-11-07,Warszawa,Polska,Antalya,Turcja
2026-01-25,,,WMI,AYT,2025-11-07,Warszawa,Polska,Antalya,Turcja
2026-01-26,,,WMI,AYT,2025-11-07,Warszawa,Polska,Antalya,Turcja
2026-01-27,,,WMI,AYT,2025-11-07,Warszawa,Polska,Antalya,Turcja
2026-01-28,,,WMI,AYT,2025-11-07,Warszawa,Polska,Antalya,Turcja
2026-01-29,,,WMI,AYT,2025-11-07,Warszawa,Polska,Antalya,Turcja
2026-01-30,,,WMI,AYT,2025-11-07,Warszawa,Polska,Antalya,Turcja
2025-11-07,,,WMI,GLA,2025-11-07,Warszawa,Polska,Glasgow,Szkocja
2025-11-08,,,WMI,GLA,2025-11-07,Warszawa,Polska,Glasgow,Szkocja
2025-11-09,,,WMI,GLA,2025-11-07,Warszawa,Polska,Glasgow,Szkocja
2025-11-10,,,WMI,GLA,2025-11-07,Warszawa,Polska,Glasgow,Szkocja
2025-11-11,,,WMI,GLA,2025-11-07,Warszawa,Polska,Glasgow,Szkocja
2025-11-12,,,WMI,GLA,2025-11-07,Warszawa,Polska,Glasgow,Szkocja
2025-11-13,,,WMI,GLA,2025-11-07,Warszawa,Polska,Glasgow,Szkocja
2025-11-14,,,WMI,GLA,2025-11-07,Warszawa,Polska,Glasgow,Szkocja
2025-11-15,,,WMI,GLA,2025-11-07,Warszawa,Polska,Glasgow,Szkocja
2025-11-16,,,WMI,GLA,2025-11-07,Warszawa,Polska,Glasgow,Szkocja
2025-11-17,,,WMI,GLA,2025-11-07,Warszawa,Polska,Glasgow,Szkocja
2025-11-18,,,WMI,GLA,2025-11-07,Warszawa,Polska,Glasgow,Szkocja
2025-11-19,,,WMI,GLA,2025-11-07,Warszawa,Polska,Glasgow,Szkocja
2025-11-20,,,WMI,GLA,2025-11-07,Warszawa,Polska,Glasgow,Szkocja
2025-11-21,,,WMI,GLA,2025-11-07,Warszawa,Polska,Glasgow,Szkocja
2025-11-22,,,WMI,GLA,2025-11-07,Warszawa,Polska,Glasgow,Szkocja
2025-11-23,,,WMI,GLA,2025-11-07,Warszawa,Polska,Glasgow,Szkocja
2025-11-24,,,WMI,GLA,2025-11-07,Warszawa,Polska,Glasgow,Szkocja
2025-11-25,,,WMI,GLA,2025-11-07,Warszawa,Polska,Glasgow,Szkocja
2025-11-26,,,WMI,GLA,2025-11-07,Warszawa,Polska,Glasgow,Szkocja
2025-11-27,,,WMI,GLA,2025-11-07,Warszawa,Polska,Glasgow,Szkocja
2025-11-28,,,WMI,GLA,2025-11-07,Warszawa,Polska,Glasgow,Szkocja
2025-11-29,,,WMI,GLA,2025-11-07,Warszawa,Polska,Glasgow,Szkocja
2025-11-30,,,WMI,GLA,2025-11-07,Warszawa,Polska,Glasgow,Szkocja
2025-12-01,,,WMI,GLA,2025-11-07,Warszawa,Polska,Glasgow,Szkocja
2025-12-02,,,WMI,GLA,2025-11-07,Warszawa,Polska,Glasgow,Szkocja
2025-12-03,,,WMI,GLA,2025-11-07,Warszawa,Polska,Glasgow,Szkocja
2025-12-04,,,WMI,GLA,2025-11-07,Warszawa,Polska,Glasgow,Szkocja
2025-12-05,,,WMI,GLA,2025-11-07,Warszawa,Polska,Glasgow,Szkocja
2025-12-06,,,WMI,GLA,2025-11-07,Warszawa,Polska,Glasgow,Szkocja
2025-12-07,,,WMI,GLA,2025-11-07,Warszawa,Polska,Glasgow,Szkocja
2025-12-08,,,WMI,GLA,2025-11-07,Warszawa,Polska,Glasgow,Szkocja
2025-12-09,,,WMI,GLA,2025-11-07,Warszawa,Polska,Glasgow,Szkocja
2025-12-10,,,WMI,GLA,2025-11-07,Warszawa,Polska,Glasgow,Szkocja
2025-12-11,,,WMI,GLA,2025-11-07,Warszawa,Polska,Glasgow,Szkocja
2025-12-12,,,WMI,GLA,2025-11-07,Warszawa,Polska,Glasgow,Szkocja
2025-12-13,,,WMI,GLA,2025-11-07,Warszawa,Polska,Glasgow,Szkocja
2025-12-14,,,WMI,GLA,2025-11-07,Warszawa,Polska,Glasgow,Szkocja
2025-12-15,,,WMI,GLA,2025-11-07,Warszawa,Polska,Glasgow,Szkocja
2025-12-16,,,WMI,GLA,2025-11-07,Warszawa,Polska,Glasgow,Szkocja
2025-12-17,,,WMI,GLA,2025-11-07,Warszawa,Polska,Glasgow,Szkocja
2025-12-18,,,WMI,GLA,2025-11-07,Warszawa,Polska,Glasgow,Szkocja
2025-12-19,,,WMI,GLA,2025-11-07,Warszawa,Polska,Glasgow,Szkocja
2025-12-20,,,WMI,GLA,2025-11-07,Warszawa,Polska,Glasgow,Szkocja
2025-12-21,,,WMI,GLA,2025-11-07,Warszawa,Polska,Glasgow,Szkocja
2025-12-22,,,WMI,GLA,2025-11-07,Warszawa,Polska,Glasgow,Szkocja
2025-12-23,,,WMI,GLA,2025-11-07,Warszawa,Polska,Glasgow,Szkocja
2025-12-24,,,WMI,GLA,2025-11-07,Warszawa,Polska,Glasgow,Szkocja
2025-12-25,,,WMI,GLA,2025-11-07,Warszawa,Polska,Glasgow,Szkocja
2025-12-26,,,WMI,GLA,2025-11-07,Warszawa,Polska,Glasgow,Szkocja
2025-12-27,,,WMI,GLA,2025-11-07,Warszawa,Polska,Glasgow,Szkocja
2025-12-28,,,WMI,GLA,2025-11-07,Warszawa,Polska,Glasgow,Szkocja
2025-12-29,,,WMI,GLA,2025-11-07,Warszawa,Polska,Glasgow,Szkocja
2025-12-30,,,WMI,GLA,2025-11-07,Warszawa,Polska,Glasgow,Szkocja
2025-12-31,,,WMI,GLA,2025-11-07,Warszawa,Polska,Glasgow,Szkocja
2026-01-01,,,WMI,GLA,2025-11-07,Warszawa,Polska,Glasgow,Szkocja
2026-01-02,,,WMI,GLA,2025-11-07,Warszawa,Polska,Glasgow,Szkocja
2026-01-03,,,WMI,GLA,2025-11-07,Warszawa,Polska,Glasgow,Szkocja
2026-01-04,,,WMI,GLA,2025-11-07,Warszawa,Polska,Glasgow,Szkocja
2026-01-05,,,WMI,GLA,2025-11-07,Warszawa,Polska,Glasgow,Szkocja
2026-01-06,,,WMI,GLA,2025-11-07,Warszawa,Polska,Glasgow,Szkocja
2026-01-07,,,WMI,GLA,2025-11-07,Warszawa,Polska,Glasgow,Szkocja
2026-01-08,,,WMI,GLA,2025-11-07,Warszawa,Polska,Glasgow,Szkocja
2026-01-09,,,WMI,GLA,2025-11-07,Warszawa,Polska,Glasgow,Szkocja
2026-01-10,,,WMI,GLA,2025-11-07,Warszawa,Polska,Glasgow,Szkocja
2026-01-11,,,WMI,GLA,2025-11-07,Warszawa,Polska,Glasgow,Szkocja
2026-01-12,,,WMI,GLA,2025-11-07,Warszawa,Polska,Glasgow,Szkocja
2026-01-13,,,WMI,GLA,2025-11-07,Warszawa,Polska,Glasgow,Szkocja
2026-01-14,,,WMI,GLA,2025-11-07,Warszawa,Polska,Glasgow,Szkocja
2026-01-15,,,WMI,GLA,2025-11-07,Warszawa,Polska,Glasgow,Szkocja
2026-01-16,,,WMI,GLA,2025-11-07,Warszawa,Polska,Glasgow,Szkocja
2026-01-17,,,WMI,GLA,2025-11-07,Warszawa,Polska,Glasgow,Szkocja
2026-01-18,,,WMI,GLA,2025-11-07,Warszawa,Polska,Glasgow,Szkocja
2026-01-19,,,WMI,GLA,2025-11-07,Warszawa,Polska,Glasgow,Szkocja
2026-01-20,,,WMI,GLA,2025-11-07,Warszawa,Polska,Glasgow,Szkocja
2026-01-21,,,WMI,GLA,2025-11-07,Warszawa,Polska,Glasgow,Szkocja
2026-01-22,,,WMI,GLA,2025-11-07,Warszawa,Polska,Glasgow,Szkocja
2026-01-23,,,WMI,GLA,2025-11-07,Warszawa,Polska,Glasgow,Szkocja
2026-01-24,,,WMI,GLA,2025-11-07,Warszawa,Polska,Glasgow,Szkocja
2026-01-25,,,WMI,GLA,2025-11-07,Warszawa,Polska,Glasgow,Szkocja
2026-01-26,,,WMI,GLA,2025-11-07,Warszawa,Polska,Glasgow,Szkocja
2026-01-27,,,WMI,GLA,2025-11-07,Warszawa,Polska,Glasgow,Szkocja
2026-01-28,,,WMI,GLA,2025-11-07,Warszawa,Polska,Glasgow,Szkocja
2026-01-29,,,WMI,GLA,2025-11-07,Warszawa,Polska,Glasgow,Szkocja
2026-01-30,,,WMI,GLA,2025-11-07,Warszawa,Polska,Glasgow,Szkocja
2025-11-07,,,WMI,MEX,2025-11-07,Warszawa,Polska,Meksyk,Meksyk
2025-11-08,,,WMI,MEX,2025-11-07,Warszawa,Polska,Meksyk,Meksyk
2025-11-09,,,WMI,MEX,2025-11-07,Warszawa,Polska,Meksyk,Meksyk
2025-11-10,,,WMI,MEX,2025-11-07,Warszawa,Polska,Meksyk,Meksyk
2025-11-11,,,WMI,MEX,2025-11-07,Warszawa,Polska,Meksyk,Meksyk
2025-11-12,,,WMI,MEX,2025-11-07,Warszawa,Polska,Meksyk,Meksyk
2025-11-13,,,WMI,MEX,2025-11-07,Warszawa,Polska,Meksyk,Meksyk
2025-11-14,,,WMI,MEX,2025-11-07,Warszawa,Polska,Meksyk,Meksyk
2025-11-15,,,WMI,MEX,2025-11-07,Warszawa,Polska,Meksyk,Meksyk
2025-11-16,,,WMI,MEX,2025-11-07,Warszawa,Polska,Meksyk,Meksyk
2025-11-17,,,WMI,MEX,2025-11-07,Warszawa,Polska,Meksyk,Meksyk
2025-11-18,,,WMI,MEX,2025-11-07,Warszawa,Polska,Meksyk,Meksyk
2025-11-19,,,WMI,MEX,2025-11-07,Warszawa,Polska,Meksyk,Meksyk
2025-11-20,,,WMI,MEX,2025-11-07,Warszawa,Polska,Meksyk,Meksyk
2025-11-21,,,WMI,MEX,2025-11-07,Warszawa,Polska,Meksyk,Meksyk
2025-11-22,,,WMI,MEX,2025-11-07,Warszawa,Polska,Meksyk,Meksyk
2025-11-23,,,WMI,MEX,2025-11-07,Warszawa,Polska,Meksyk,Meksyk
2025-11-24,,,WMI,MEX,2025-11-07,Warszawa,Polska,Meksyk,Meksyk
2025-11-25,,,WMI,MEX,2025-11-07,Warszawa,Polska,Meksyk,Meksyk
2025-11-26,,,WMI,MEX,2025-11-07,Warszawa,Polska,Meksyk,Meksyk
2025-11-27,,,WMI,MEX,2025-11-07,Warszawa,Polska,Meksyk,Meksyk
2025-11-28,,,WMI,MEX,2025-11-07,Warszawa,Polska,Meksyk,Meksyk
2025-11-29,,,WMI,MEX,2025-11-07,Warszawa,Polska,Meksyk,Meksyk
2025-11-30,,,WMI,MEX,2025-11-07,Warszawa,Polska,Meksyk,Meksyk
2025-12-01,,,WMI,MEX,2025-11-07,Warszawa,Polska,Meksyk,Meksyk
2025-12-02,,,WMI,MEX,2025-11-07,Warszawa,Polska,Meksyk,Meksyk
2025-12-03,,,WMI,MEX,2025-11-07,Warszawa,Polska,Meksyk,Meksyk
2025-12-04,,,WMI,MEX,2025-11-07,Warszawa,Polska,Meksyk,Meksyk
2025-12-05,,,WMI,MEX,2025-11-07,Warszawa,Polska,Meksyk,Meksyk
2025-12-06,,,WMI,MEX,2025-11-07,Warszawa,Polska,Meksyk,Meksyk
2025-12-07,,,WMI,MEX,2025-11-07,Warszawa,Polska,Meksyk,Meksyk
2025-12-08,,,WMI,MEX,2025-11-07,Warszawa,Polska,Meksyk,Meksyk
2025-12-09,,,WMI,MEX,2025-11-07,Warszawa,Polska,Meksyk,Meksyk
2025-12-10,,,WMI,MEX,2025-11-07,Warszawa,Polska,Meksyk,Meksyk
2025-12-11,,,WMI,MEX,2025-11-07,Warszawa,Polska,Meksyk,Meksyk
2025-12-12,,,WMI,MEX,2025-11-07,Warszawa,Polska,Meksyk,Meksyk
2025-12-13,,,WMI,MEX,2025-11-07,Warszawa,Polska,Meksyk,Meksyk
2025-12-14,,,WMI,MEX,2025-11-07,Warszawa,Polska,Meksyk,Meksyk
2025-12-15,,,WMI,MEX,2025-11-07,Warszawa,Polska,Meksyk,Meksyk
2025-12-16,,,WMI,MEX,2025-11-07,Warszawa,Polska,Meksyk,Meksyk
2025-12-17,,,WMI,MEX,2025-11-07,Warszawa,Polska,Meksyk,Meksyk
2025-12-18,,,WMI,MEX,2025-11-07,Warszawa,Polska,Meksyk,Meksyk
2025-12-19,,,WMI,MEX,2025-11-07,Warszawa,Polska,Meksyk,Meksyk
2025-12-20,,,WMI,MEX,2025-11-07,Warszawa,Polska,Meksyk,Meksyk
2025-12-21,,,WMI,MEX,2025-11-07,Warszawa,Polska,Meksyk,Meksyk
2025-12-22,,,WMI,MEX,2025-11-07,Warszawa,Polska,Meksyk,Meksyk
2025-12-23,,,WMI,MEX,2025-11-07,Warszawa,Polska,Meksyk,Meksyk
2025-12-24,,,WMI,MEX,2025-11-07,Warszawa,Polska,Meksyk,Meksyk
2025-12-25,,,WMI,MEX,2025-11-07,Warszawa,Polska,Meksyk,Meksyk
2025-12-26,,,WMI,MEX,2025-11-07,Warszawa,Polska,Meksyk,Meksyk
2025-12-27,,,WMI,MEX,2025-11-07,Warszawa,Polska,Meksyk,Meksyk
2025-12-28,,,WMI,MEX,2025-11-07,Warszawa,Polska,Meksyk,Meksyk
2025-12-29,,,WMI,MEX,2025-11-07,Warszawa,Polska,Meksyk,Meksyk
2025-12-30,,,WMI,MEX,2025-11-07,Warszawa,Polska,Meksyk,Meksyk
2025-12-31,,,WMI,MEX,2025-11-07,Warszawa,Polska,Meksyk,Meksyk
2026-01-01,,,WMI,MEX,2025-11-07,Warszawa,Polska,Meksyk,Meksyk
2026-01-02,,,WMI,MEX,2025-11-07,Warszawa,Polska,Meksyk,Meksyk
2026-01-03,,,WMI,MEX,2025-11-07,Warszawa,Polska,Meksyk,Meksyk
2026-01-04,,,WMI,MEX,2025-11-07,Warszawa,Polska,Meksyk,Meksyk
2026-01-05,,,WMI,MEX,2025-11-07,Warszawa,Polska,Meksyk,Meksyk
2026-01-06,,,WMI,MEX,2025-11-07,Warszawa,Polska,Meksyk,Meksyk
2026-01-07,,,WMI,MEX,2025-11-07,Warszawa,Polska,Meksyk,Meksyk
2026-01-08,,,WMI,MEX,2025-11-07,Warszawa,Polska,Meksyk,Meksyk
2026-01-09,,,WMI,MEX,2025-11-07,Warszawa,Polska,Meksyk,Meksyk
2026-01-10,,,WMI,MEX,2025-11-07,Warszawa,Polska,Meksyk,Meksyk
2026-01-11,,,WMI,MEX,2025-11-07,Warszawa,Polska,Meksyk,Meksyk
2026-01-12,,,WMI,MEX,2025-11-07,Warszawa,Polska,Meksyk,Meksyk
2026-01-13,,,WMI,MEX,2025-11-07,Warszawa,Polska,Meksyk,Meksyk
2026-01-14,,,WMI,MEX,2025-11-07,Warszawa,Polska,Meksyk,Meksyk
2026-01-15,,,WMI,MEX,2025-11-07,Warszawa,Polska,Meksyk,Meksyk
2026-01-16,,,WMI,MEX,2025-11-07,Warszawa,Polska,Meksyk,Meksyk
2026-01-17,,,WMI,MEX,2025-11-07,Warszawa,Polska,Meksyk,Meksyk
2026-01-18,,,WMI,MEX,2025-11-07,Warszawa,Polska,Meksyk,Meksyk
2026-01-19,,,WMI,MEX,2025-11-07,Warszawa,Polska,Meksyk,Meksyk
2026-01-20,,,WMI,MEX,2025-11-07,Warszawa,Polska,Meksyk,Meksyk
2026-01-21,,,WMI,MEX,2025-11-07,Warszawa,Polska,Meksyk,Meksyk
2026-01-22,,,WMI,MEX,2025-11-07,Warszawa,Polska,Meksyk,Meksyk
2026-01-23,,,WMI,MEX,2025-11-07,Warszawa,Polska,Meksyk,Meksyk
2026-01-24,,,WMI,MEX,2025-11-07,Warszawa,Polska,Meksyk,Meksyk
2026-01-25,,,WMI,MEX,2025-11-07,Warszawa,Polska,Meksyk,Meksyk
2026-01-26,,,WMI,MEX,2025-11-07,Warszawa,Polska,Meksyk,Meksyk
2026-01-27,,,WMI,MEX,2025-11-07,Warszawa,Polska,Meksyk,Meksyk
2026-01-28,,,WMI,MEX,2025-11-07,Warszawa,Polska,Meksyk,Meksyk
2026-01-29,,,WMI,MEX,2025-11-07,Warszawa,Polska,Meksyk,Meksyk
2026-01-30,,,WMI,MEX,2025-11-07,Warszawa,Polska,Meksyk,Meksyk
2025-11-07,,,WMI,CUN,2025-11-07,Warszawa,Polska,Cancún,Meksyk
2025-11-08,,,WMI,CUN,2025-11-07,Warszawa,Polska,Cancún,Meksyk
2025-11-09,,,WMI,CUN,2025-11-07,Warszawa,Polska,Cancún,Meksyk
2025-11-10,,,WMI,CUN,2025-11-07,Warszawa,Polska,Cancún,Meksyk
2025-11-11,,,WMI,CUN,2025-11-07,Warszawa,Polska,Cancún,Meksyk
2025-11-12,,,WMI,CUN,2025-11-07,Warszawa,Polska,Cancún,Meksyk
2025-11-13,,,WMI,CUN,2025-11-07,Warszawa,Polska,Cancún,Meksyk
2025-11-14,,,WMI,CUN,2025-11-07,Warszawa,Polska,Cancún,Meksyk
2025-11-15,,,WMI,CUN,2025-11-07,Warszawa,Polska,Cancún,Meksyk
2025-11-16,,,WMI,CUN,2025-11-07,Warszawa,Polska,Cancún,Meksyk
2025-11-17,,,WMI,CUN,2025-11-07,Warszawa,Polska,Cancún,Meksyk
2025-11-18,,,WMI,CUN,2025-11-07,Warszawa,Polska,Cancún,Meksyk
2025-11-19,,,WMI,CUN,2025-11-07,Warszawa,Polska,Cancún,Meksyk
2025-11-20,,,WMI,CUN,2025-11-07,Warszawa,Polska,Cancún,Meksyk
2025-11-21,,,WMI,CUN,2025-11-07,Warszawa,Polska,Cancún,Meksyk
2025-11-22,,,WMI,CUN,2025-11-07,Warszawa,Polska,Cancún,Meksyk
2025-11-23,,,WMI,CUN,2025-11-07,Warszawa,Polska,Cancún,Meksyk
2025-11-24,,,WMI,CUN,2025-11-07,Warszawa,Polska,Cancún,Meksyk
2025-11-25,,,WMI,CUN,2025-11-07,Warszawa,Polska,Cancún,Meksyk
2025-11-26,,,WMI,CUN,2025-11-07,Warszawa,Polska,Cancún,Meksyk
2025-11-27,,,WMI,CUN,2025-11-07,Warszawa,Polska,Cancún,Meksyk
2025-11-28,,,WMI,CUN,2025-11-07,Warszawa,Polska,Cancún,Meksyk
2025-11-29,,,WMI,CUN,2025-11-07,Warszawa,Polska,Cancún,Meksyk
2025-11-30,,,WMI,CUN,2025-11-07,Warszawa,Polska,Cancún,Meksyk
2025-12-01,,,WMI,CUN,2025-11-07,Warszawa,Polska,Cancún,Meksyk
2025-12-02,,,WMI,CUN,2025-11-07,Warszawa,Polska,Cancún,Meksyk
2025-12-03,,,WMI,CUN,2025-11-07,Warszawa,Polska,Cancún,Meksyk
2025-12-04,,,WMI,CUN,2025-11-07,Warszawa,Polska,Cancún,Meksyk
2025-12-05,,,WMI,CUN,2025-11-07,Warszawa,Polska,Cancún,Meksyk
2025-12-06,,,WMI,CUN,2025-11-07,Warszawa,Polska,Cancún,Meksyk
2025-12-07,,,WMI,CUN,2025-11-07,Warszawa,Polska,Cancún,Meksyk
2025-12-08,,,WMI,CUN,2025-11-07,Warszawa,Polska,Cancún,Meksyk
2025-12-09,,,WMI,CUN,2025-11-07,Warszawa,Polska,Cancún,Meksyk
2025-12-10,,,WMI,CUN,2025-11-07,Warszawa,Polska,Cancún,Meksyk
2025-12-11,,,WMI,CUN,2025-11-07,Warszawa,Polska,Cancún,Meksyk
2025-12-12,,,WMI,CUN,2025-11-07,Warszawa,Polska,Cancún,Meksyk
2025-12-13,,,WMI,CUN,2025-11-07,Warszawa,Polska,Cancún,Meksyk
2025-12-14,,,WMI,CUN,2025-11-07,Warszawa,Polska,Cancún,Meksyk
2025-12-15,,,WMI,CUN,2025-11-07,Warszawa,Polska,Cancún,Meksyk
2025-12-16,,,WMI,CUN,2025-11-07,Warszawa,Polska,Cancún,Meksyk
2025-12-17,,,WMI,CUN,2025-11-07,Warszawa,Polska,Cancún,Meksyk
2025-12-18,,,WMI,CUN,2025-11-07,Warszawa,Polska,Cancún,Meksyk
2025-12-19,,,WMI,CUN,2025-11-07,Warszawa,Polska,Cancún,Meksyk
2025-12-20,,,WMI,CUN,2025-11-07,Warszawa,Polska,Cancún,Meksyk
2025-12-21,,,WMI,CUN,2025-11-07,Warszawa,Polska,Cancún,Meksyk
2025-12-22,,,WMI,CUN,2025-11-07,Warszawa,Polska,Cancún,Meksyk
2025-12-23,,,WMI,CUN,2025-11-07,Warszawa,Polska,Cancún,Meksyk
2025-12-24,,,WMI,CUN,2025-11-07,Warszawa,Polska,Cancún,Meksyk
2025-12-25,,,WMI,CUN,2025-11-07,Warszawa,Polska,Cancún,Meksyk
2025-12-26,,,WMI,CUN,2025-11-07,Warszawa,Polska,Cancún,Meksyk
2025-12-27,,,WMI,CUN,2025-11-07,Warszawa,Polska,Cancún,Meksyk
2025-12-28,,,WMI,CUN,2025-11-07,Warszawa,Polska,Cancún,Meksyk
2025-12-29,,,WMI,CUN,2025-11-07,Warszawa,Polska,Cancún,Meksyk
2025-12-30,,,WMI,CUN,2025-11-07,Warszawa,Polska,Cancún,Meksyk
2025-12-31,,,WMI,CUN,2025-11-07,Warszawa,Polska,Cancún,Meksyk
2026-01-01,,,WMI,CUN,2025-11-07,Warszawa,Polska,Cancún,Meksyk
2026-01-02,,,WMI,CUN,2025-11-07,Warszawa,Polska,Cancún,Meksyk
2026-01-03,,,WMI,CUN,2025-11-07,Warszawa,Polska,Cancún,Meksyk
2026-01-04,,,WMI,CUN,2025-11-07,Warszawa,Polska,Cancún,Meksyk
2026-01-05,,,WMI,CUN,2025-11-07,Warszawa,Polska,Cancún,Meksyk
2026-01-06,,,WMI,CUN,2025-11-07,Warszawa,Polska,Cancún,Meksyk
2026-01-07,,,WMI,CUN,2025-11-07,Warszawa,Polska,Cancún,Meksyk
2026-01-08,,,WMI,CUN,2025-11-07,Warszawa,Polska,Cancún,Meksyk
2026-01-09,,,WMI,CUN,2025-11-07,Warszawa,Polska,Cancún,Meksyk
2026-01-10,,,WMI,CUN,2025-11-07,Warszawa,Polska,Cancún,Meksyk
2026-01-11,,,WMI,CUN,2025-11-07,Warszawa,Polska,Cancún,Meksyk
2026-01-12,,,WMI,CUN,2025-11-07,Warszawa,Polska,Cancún,Meksyk
2026-01-13,,,WMI,CUN,2025-11-07,Warszawa,Polska,Cancún,Meksyk
2026-01-14,,,WMI,CUN,2025-11-07,Warszawa,Polska,Cancún,Meksyk
2026-01-15,,,WMI,CUN,2025-11-07,Warszawa,Polska,Cancún,Meksyk
2026-01-16,,,WMI,CUN,2025-11-07,Warszawa,Polska,Cancún,Meksyk
2026-01-17,,,WMI,CUN,2025-11-07,Warszawa,Polska,Cancún,Meksyk
2026-01-18,,,WMI,CUN,2025-11-07,Warszawa,Polska,Cancún,Meksyk
2026-01-19,,,WMI,CUN,2025-11-07,Warszawa,Polska,Cancún,Meksyk
2026-01-20,,,WMI,CUN,2025-11-07,Warszawa,Polska,Cancún,Meksyk
2026-01-21,,,WMI,CUN,2025-11-07,Warszawa,Polska,Cancún,Meksyk
2026-01-22,,,WMI,CUN,2025-11-07,Warszawa,Polska,Cancún,Meksyk
2026-01-23,,,WMI,CUN,2025-11-07,Warszawa,Polska,Cancún,Meksyk
2026-01-24,,,WMI,CUN,2025-11-07,Warszawa,Polska,Cancún,Meksyk
2026-01-25,,,WMI,CUN,2025-11-07,Warszawa,Polska,Cancún,Meksyk
2026-01-26,,,WMI,CUN,2025-11-07,Warszawa,Polska,Cancún,Meksyk
2026-01-27,,,WMI,CUN,2025-11-07,Warszawa,Polska,Cancún,Meksyk
2026-01-28,,,WMI,CUN,2025-11-07,Warszawa,Polska,Cancún,Meksyk
2026-01-29,,,WMI,CUN,2025-11-07,Warszawa,Polska,Cancún,Meksyk
2026-01-30,,,WMI,CUN,2025-11-07,Warszawa,Polska,Cancún,Meksyk
