Outbound From,Destination,ArrivalCountry,Inbound To,Departure Date,Return Date,Trip Duration (Days),Outbound Price,Inbound Price,Total Price,IATA_Departure,IATA_Destination,IATA_Return,Round_Trip_Link
Gdańsk,Oslo,Norwegia,Gdańsk,2026-08-26,2026-08-31,5,68.33,67.39,135.72,GDN,OSLO,GDN,https://www.skyscanner.net/g/referrals/v1/flights/day-view/?origin=gdn&destination=oslo&outboundDate=2026-08-26&inboundDate=2026-08-31&market=PL&locale=pl-PL&currency=PLN&mediaPartnerId=6439681
Gdańsk,Oslo,Norwegia,Gdańsk,2026-08-28,2026-08-31,3,68.33,67.39,135.72,GDN,OSLO,GDN,https://www.skyscanner.net/g/referrals/v1/flights/day-view/?origin=gdn&destination=oslo&outboundDate=2026-08-28&inboundDate=2026-08-31&market=PL&locale=pl-PL&currency=PLN&mediaPartnerId=6439681
Gdańsk,Oslo,Norwegia,Gdańsk,2026-08-27,2026-08-31,4,68.33,67.39,135.72,GDN,OSLO,GDN,https://www.skyscanner.net/g/referrals/v1/flights/day-view/?origin=gdn&destination=oslo&outboundDate=2026-08-27&inboundDate=2026-08-31&market=PL&locale=pl-PL&currency=PLN&mediaPartnerId=6439681
Gdańsk,Oslo,Norwegia,Gdańsk,2026-08-29,2026-08-31,2,68.33,67.39,135.72,GDN,OSLO,GDN,https://www.skyscanner.net/g/referrals/v1/flights/day-view/?origin=gdn&destination=oslo&outboundDate=2026-08-29&inboundDate=2026-08-31&market=PL&locale=pl-PL&currency=PLN&mediaPartnerId=6439681
Gdańsk,Gotenburg,Szwecja,Gdańsk,2026-08-26,2026-08-30,4,69.03,68.33,137.36,GDN,GOT,GDN,https://www.skyscanner.net/g/referrals/v1/flights/day-view/?origin=gdn&destination=got&outboundDate=2026-08-26&inboundDate=2026-08-30&market=PL&locale=pl-PL&currency=PLN&mediaPartnerId=6439681
Wrocław,Oslo,Norwegia,Gdańsk,2026-08-28,2026-08-31,3,71.7,67.39,139.09,WRO,OSLO,GDN,https://skyscanner.net/g/referrals/v1/flights/multicity/?mediaPartnerId=6439681&origin0=wro&date0=2026-08-28&destination0=oslo&origin1=oslo&date1=2026-08-31&destination1=gdn&adultsv2=1&market=PL&locale=pl-PL&currency=PLN
Kraków,Oslo,Norwegia,Gdańsk,2026-08-29,2026-08-31,2,75.05,67.39,142.44,KRK,OSLO,GDN,https://skyscanner.net/g/referrals/v1/flights/multicity/?mediaPartnerId=6439681&origin0=krk&date0=2026-08-29&destination0=oslo&origin1=oslo&date1=2026-08-31&destination1=gdn&adultsv2=1&market=PL&locale=pl-PL&currency=PLN
Warszawa,Malmo,Szwecja,Warszawa,2026-08-24,2026-08-31,7,72.02,72.02,144.04,WARS,MMX,WARS,https://www.skyscanner.net/g/referrals/v1/flights/day-view/?origin=wars&destination=mmx&outboundDate=2026-08-24&inboundDate=2026-08-31&market=PL&locale=pl-PL&currency=PLN&mediaPartnerId=6439681
Poznań,Oslo,Norwegia,Gdańsk,2026-08-29,2026-08-31,2,77.31,67.39,144.7,POZ,OSLO,GDN,https://skyscanner.net/g/referrals/v1/flights/multicity/?mediaPartnerId=6439681&origin0=poz&date0=2026-08-29&destination0=oslo&origin1=oslo&date1=2026-08-31&destination1=gdn&adultsv2=1&market=PL&locale=pl-PL&currency=PLN
Gdańsk,Oslo,Norwegia,Gdańsk,2026-08-25,2026-08-31,6,77.32,67.39,144.70999999999998,GDN,OSLO,GDN,https://www.skyscanner.net/g/referrals/v1/flights/day-view/?origin=gdn&destination=oslo&outboundDate=2026-08-25&inboundDate=2026-08-31&market=PL&locale=pl-PL&currency=PLN&mediaPartnerId=6439681
Gdańsk,Gotenburg,Szwecja,Gdańsk,2026-08-26,2026-08-31,5,69.03,77.49,146.51999999999998,GDN,GOT,GDN,https://www.skyscanner.net/g/referrals/v1/flights/day-view/?origin=gdn&destination=got&outboundDate=2026-08-26&inboundDate=2026-08-31&market=PL&locale=pl-PL&currency=PLN&mediaPartnerId=6439681
Gdańsk,Skelleftea,Szwecja,Gdańsk,2026-08-27,2026-08-30,3,75.05,78.2,153.25,GDN,SFT,GDN,https://www.skyscanner.net/g/referrals/v1/flights/day-view/?origin=gdn&destination=sft&outboundDate=2026-08-27&inboundDate=2026-08-30&market=PL&locale=pl-PL&currency=PLN&mediaPartnerId=6439681
Kraków,Oslo,Norwegia,Gdańsk,2026-08-28,2026-08-31,3,86.32,67.39,153.70999999999998,KRK,OSLO,GDN,https://skyscanner.net/g/referrals/v1/flights/multicity/?mediaPartnerId=6439681&origin0=krk&date0=2026-08-28&destination0=oslo&origin1=oslo&date1=2026-08-31&destination1=gdn&adultsv2=1&market=PL&locale=pl-PL&currency=PLN
Gdańsk,Oslo,Norwegia,Gdańsk,2026-08-25,2026-08-27,2,77.32,77.31,154.63,GDN,OSLO,GDN,https://www.skyscanner.net/g/referrals/v1/flights/day-view/?origin=gdn&destination=oslo&outboundDate=2026-08-25&inboundDate=2026-08-27&market=PL&locale=pl-PL&currency=PLN&mediaPartnerId=6439681
Warszawa,Kopenhaga,Dania,Gdańsk,2026-08-28,2026-08-31,3,80.73,80.28,161.01,WARS,CPH,GDN,https://skyscanner.net/g/referrals/v1/flights/multicity/?mediaPartnerId=6439681&origin0=wars&date0=2026-08-28&destination0=cph&origin1=cph&date1=2026-08-31&destination1=gdn&adultsv2=1&market=PL&locale=pl-PL&currency=PLN
Katowice,Oslo,Norwegia,Gdańsk,2026-08-29,2026-08-31,2,96.08,67.39,163.47,KTW,OSLO,GDN,https://skyscanner.net/g/referrals/v1/flights/multicity/?mediaPartnerId=6439681&origin0=ktw&date0=2026-08-29&destination0=oslo&origin1=oslo&date1=2026-08-31&destination1=gdn&adultsv2=1&market=PL&locale=pl-PL&currency=PLN
Gdańsk,Kopenhaga,Dania,Gdańsk,2026-08-29,2026-08-31,2,86.3,80.28,166.57999999999998,GDN,CPH,GDN,https://www.skyscanner.net/g/referrals/v1/flights/day-view/?origin=gdn&destination=cph&outboundDate=2026-08-29&inboundDate=2026-08-31&market=PL&locale=pl-PL&currency=PLN&mediaPartnerId=6439681
Gdańsk,Gotenburg,Szwecja,Kraków,2026-08-26,2026-08-31,5,69.03,99.45,168.48000000000002,GDN,GOT,KRK,https://skyscanner.net/g/referrals/v1/flights/multicity/?mediaPartnerId=6439681&origin0=gdn&date0=2026-08-26&destination0=got&origin1=got&date1=2026-08-31&destination1=krk&adultsv2=1&market=PL&locale=pl-PL&currency=PLN
Gdańsk,Oslo,Norwegia,Gdańsk,2026-08-27,2026-08-29,2,68.33,103.56,171.89,GDN,OSLO,GDN,https://www.skyscanner.net/g/referrals/v1/flights/day-view/?origin=gdn&destination=oslo&outboundDate=2026-08-27&inboundDate=2026-08-29&market=PL&locale=pl-PL&currency=PLN&mediaPartnerId=6439681
Gdańsk,Oslo,Norwegia,Gdańsk,2026-08-26,2026-08-29,3,68.33,103.56,171.89,GDN,OSLO,GDN,https://www.skyscanner.net/g/referrals/v1/flights/day-view/?origin=gdn&destination=oslo&outboundDate=2026-08-26&inboundDate=2026-08-29&market=PL&locale=pl-PL&currency=PLN&mediaPartnerId=6439681
Gdańsk,Oslo,Norwegia,Poznań,2026-08-26,2026-08-31,5,68.33,104.04,172.37,GDN,OSLO,POZ,https://skyscanner.net/g/referrals/v1/flights/multicity/?mediaPartnerId=6439681&origin0=gdn&date0=2026-08-26&destination0=oslo&origin1=oslo&date1=2026-08-31&destination1=poz&adultsv2=1&market=PL&locale=pl-PL&currency=PLN
Gdańsk,Oslo,Norwegia,Poznań,2026-08-29,2026-08-31,2,68.33,104.04,172.37,GDN,OSLO,POZ,https://skyscanner.net/g/referrals/v1/flights/multicity/?mediaPartnerId=6439681&origin0=gdn&date0=2026-08-29&destination0=oslo&origin1=oslo&date1=2026-08-31&destination1=poz&adultsv2=1&market=PL&locale=pl-PL&currency=PLN
Gdańsk,Oslo,Norwegia,Poznań,2026-08-28,2026-08-31,3,68.33,104.04,172.37,GDN,OSLO,POZ,https://skyscanner.net/g/referrals/v1/flights/multicity/?mediaPartnerId=6439681&origin0=gdn&date0=2026-08-28&destination0=oslo&origin1=oslo&date1=2026-08-31&destination1=poz&adultsv2=1&market=PL&locale=pl-PL&currency=PLN
Gdańsk,Oslo,Norwegia,Poznań,2026-08-27,2026-08-31,4,68.33,104.04,172.37,GDN,OSLO,POZ,https://skyscanner.net/g/referrals/v1/flights/multicity/?mediaPartnerId=6439681&origin0=gdn&date0=2026-08-27&destination0=oslo&origin1=oslo&date1=2026-08-31&destination1=poz&adultsv2=1&market=PL&locale=pl-PL&currency=PLN
Warszawa,Bratysława,Słowacja,Warszawa,2026-08-26,2026-08-28,2,85.33,89.64,174.97,WARS,BTS,WARS,https://www.skyscanner.net/g/referrals/v1/flights/day-view/?origin=wars&destination=bts&outboundDate=2026-08-26&inboundDate=2026-08-28&market=PL&locale=pl-PL&currency=PLN&mediaPartnerId=6439681
Wrocław,Oslo,Norwegia,Poznań,2026-08-28,2026-08-31,3,71.7,104.04,175.74,WRO,OSLO,POZ,https://skyscanner.net/g/referrals/v1/flights/multicity/?mediaPartnerId=6439681&origin0=wro&date0=2026-08-28&destination0=oslo&origin1=oslo&date1=2026-08-31&destination1=poz&adultsv2=1&market=PL&locale=pl-PL&currency=PLN
Gdańsk,Oslo,Norwegia,Gdańsk,2026-08-29,2026-08-31,2,109.0,67.39,176.39,GDN,OSLO,GDN,https://www.skyscanner.net/g/referrals/v1/flights/day-view/?origin=gdn&destination=oslo&outboundDate=2026-08-29&inboundDate=2026-08-31&market=PL&locale=pl-PL&currency=PLN&mediaPartnerId=6439681
Kraków,Kopenhaga,Dania,Gdańsk,2026-08-25,2026-08-31,6,97.68,80.28,177.96,KRK,CPH,GDN,https://skyscanner.net/g/referrals/v1/flights/multicity/?mediaPartnerId=6439681&origin0=krk&date0=2026-08-25&destination0=cph&origin1=cph&date1=2026-08-31&destination1=gdn&adultsv2=1&market=PL&locale=pl-PL&currency=PLN
Gdańsk,Sztokholm,Szwecja,Poznań,2026-08-27,2026-08-29,2,81.86,96.66,178.51999999999998,GDN,ARN,POZ,https://skyscanner.net/g/referrals/v1/flights/multicity/?mediaPartnerId=6439681&origin0=gdn&date0=2026-08-27&destination0=arn&origin1=arn&date1=2026-08-29&destination1=poz&adultsv2=1&market=PL&locale=pl-PL&currency=PLN
Kraków,Oslo,Norwegia,Poznań,2026-08-29,2026-08-31,2,75.05,104.04,179.09,KRK,OSLO,POZ,https://skyscanner.net/g/referrals/v1/flights/multicity/?mediaPartnerId=6439681&origin0=krk&date0=2026-08-29&destination0=oslo&origin1=oslo&date1=2026-08-31&destination1=poz&adultsv2=1&market=PL&locale=pl-PL&currency=PLN
Kraków,Kopenhaga,Dania,Gdańsk,2026-08-26,2026-08-31,5,99.71,80.28,179.99,KRK,CPH,GDN,https://skyscanner.net/g/referrals/v1/flights/multicity/?mediaPartnerId=6439681&origin0=krk&date0=2026-08-26&destination0=cph&origin1=cph&date1=2026-08-31&destination1=gdn&adultsv2=1&market=PL&locale=pl-PL&currency=PLN
Gdańsk,Oslo,Norwegia,Gdańsk,2026-08-25,2026-08-29,4,77.32,103.56,180.88,GDN,OSLO,GDN,https://www.skyscanner.net/g/referrals/v1/flights/day-view/?origin=gdn&destination=oslo&outboundDate=2026-08-25&inboundDate=2026-08-29&market=PL&locale=pl-PL&currency=PLN&mediaPartnerId=6439681
Poznań,Oslo,Norwegia,Poznań,2026-08-29,2026-08-31,2,77.31,104.04,181.35000000000002,POZ,OSLO,POZ,https://www.skyscanner.net/g/referrals/v1/flights/day-view/?origin=poz&destination=oslo&outboundDate=2026-08-29&inboundDate=2026-08-31&market=PL&locale=pl-PL&currency=PLN&mediaPartnerId=6439681
Gdańsk,Oslo,Norwegia,Poznań,2026-08-25,2026-08-31,6,77.32,104.04,181.36,GDN,OSLO,POZ,https://skyscanner.net/g/referrals/v1/flights/multicity/?mediaPartnerId=6439681&origin0=gdn&date0=2026-08-25&destination0=oslo&origin1=oslo&date1=2026-08-31&destination1=poz&adultsv2=1&market=PL&locale=pl-PL&currency=PLN
Warszawa,Bratysława,Słowacja,Gdańsk,2026-08-26,2026-08-31,5,85.33,96.04,181.37,WARS,BTS,GDN,https://skyscanner.net/g/referrals/v1/flights/multicity/?mediaPartnerId=6439681&origin0=wars&date0=2026-08-26&destination0=bts&origin1=bts&date1=2026-08-31&destination1=gdn&adultsv2=1&market=PL&locale=pl-PL&currency=PLN
Warszawa,Bratysława,Słowacja,Gdańsk,2026-08-27,2026-08-31,4,86.3,96.04,182.34,WARS,BTS,GDN,https://skyscanner.net/g/referrals/v1/flights/multicity/?mediaPartnerId=6439681&origin0=wars&date0=2026-08-27&destination0=bts&origin1=bts&date1=2026-08-31&destination1=gdn&adultsv2=1&market=PL&locale=pl-PL&currency=PLN
Gdańsk,Aarhus,Dania,Katowice,2026-08-27,2026-08-29,2,69.03,114.5,183.53,GDN,AAR,KTW,https://skyscanner.net/g/referrals/v1/flights/multicity/?mediaPartnerId=6439681&origin0=gdn&date0=2026-08-27&destination0=aar&origin1=aar&date1=2026-08-29&destination1=ktw&adultsv2=1&market=PL&locale=pl-PL&currency=PLN
Gdańsk,Sztokholm,Szwecja,Poznań,2026-08-26,2026-08-29,3,91.34,96.66,188.0,GDN,ARN,POZ,https://skyscanner.net/g/referrals/v1/flights/multicity/?mediaPartnerId=6439681&origin0=gdn&date0=2026-08-26&destination0=arn&origin1=arn&date1=2026-08-29&destination1=poz&adultsv2=1&market=PL&locale=pl-PL&currency=PLN
Gdańsk,Oslo,Norwegia,Gdańsk,2026-08-28,2026-08-30,2,68.33,120.37,188.7,GDN,OSLO,GDN,https://www.skyscanner.net/g/referrals/v1/flights/day-view/?origin=gdn&destination=oslo&outboundDate=2026-08-28&inboundDate=2026-08-30&market=PL&locale=pl-PL&currency=PLN&mediaPartnerId=6439681
Gdańsk,Oslo,Norwegia,Gdańsk,2026-08-26,2026-08-30,4,68.33,120.37,188.7,GDN,OSLO,GDN,https://www.skyscanner.net/g/referrals/v1/flights/day-view/?origin=gdn&destination=oslo&outboundDate=2026-08-26&inboundDate=2026-08-30&market=PL&locale=pl-PL&currency=PLN&mediaPartnerId=6439681
Gdańsk,Oslo,Norwegia,Gdańsk,2026-08-27,2026-08-30,3,68.33,120.37,188.7,GDN,OSLO,GDN,https://www.skyscanner.net/g/referrals/v1/flights/day-view/?origin=gdn&destination=oslo&outboundDate=2026-08-27&inboundDate=2026-08-30&market=PL&locale=pl-PL&currency=PLN&mediaPartnerId=6439681
Kraków,Oslo,Norwegia,Poznań,2026-08-28,2026-08-31,3,86.32,104.04,190.36,KRK,OSLO,POZ,https://skyscanner.net/g/referrals/v1/flights/multicity/?mediaPartnerId=6439681&origin0=krk&date0=2026-08-28&destination0=oslo&origin1=oslo&date1=2026-08-31&destination1=poz&adultsv2=1&market=PL&locale=pl-PL&currency=PLN
Katowice,Aarhus,Dania,Gdańsk,2026-08-25,2026-08-27,2,97.33,94.31,191.64,KTW,AAR,GDN,https://skyscanner.net/g/referrals/v1/flights/multicity/?mediaPartnerId=6439681&origin0=ktw&date0=2026-08-25&destination0=aar&origin1=aar&date1=2026-08-27&destination1=gdn&adultsv2=1&market=PL&locale=pl-PL&currency=PLN
Wrocław,Oslo,Norwegia,Gdańsk,2026-08-28,2026-08-30,2,71.7,120.37,192.07,WRO,OSLO,GDN,https://skyscanner.net/g/referrals/v1/flights/multicity/?mediaPartnerId=6439681&origin0=wro&date0=2026-08-28&destination0=oslo&origin1=oslo&date1=2026-08-30&destination1=gdn&adultsv2=1&market=PL&locale=pl-PL&currency=PLN
Warszawa,Bratysława,Słowacja,Warszawa,2026-08-26,2026-08-31,5,85.33,108.7,194.03,WARS,BTS,WARS,https://www.skyscanner.net/g/referrals/v1/flights/day-view/?origin=wars&destination=bts&outboundDate=2026-08-26&inboundDate=2026-08-31&market=PL&locale=pl-PL&currency=PLN&mediaPartnerId=6439681
Warszawa,Bratysława,Słowacja,Warszawa,2026-08-27,2026-08-31,4,86.3,108.7,195.0,WARS,BTS,WARS,https://www.skyscanner.net/g/referrals/v1/flights/day-view/?origin=wars&destination=bts&outboundDate=2026-08-27&inboundDate=2026-08-31&market=PL&locale=pl-PL&currency=PLN&mediaPartnerId=6439681
Gdańsk,Oslo,Norwegia,Gdańsk,2026-08-25,2026-08-30,5,77.32,120.37,197.69,GDN,OSLO,GDN,https://www.skyscanner.net/g/referrals/v1/flights/day-view/?origin=gdn&destination=oslo&outboundDate=2026-08-25&inboundDate=2026-08-30&market=PL&locale=pl-PL&currency=PLN&mediaPartnerId=6439681
Gdańsk,Gotenburg,Szwecja,Gdańsk,2026-08-27,2026-08-30,3,129.47,68.33,197.8,GDN,GOT,GDN,https://www.skyscanner.net/g/referrals/v1/flights/day-view/?origin=gdn&destination=got&outboundDate=2026-08-27&inboundDate=2026-08-30&market=PL&locale=pl-PL&currency=PLN&mediaPartnerId=6439681
Gdańsk,Gotenburg,Szwecja,Gdańsk,2026-08-29,2026-08-31,2,120.84,77.49,198.32999999999998,GDN,GOT,GDN,https://www.skyscanner.net/g/referrals/v1/flights/day-view/?origin=gdn&destination=got&outboundDate=2026-08-29&inboundDate=2026-08-31&market=PL&locale=pl-PL&currency=PLN&mediaPartnerId=6439681
Warszawa,Kopenhaga,Dania,Warszawa,2026-08-28,2026-08-31,3,80.73,117.93,198.66000000000003,WARS,CPH,WARS,https://www.skyscanner.net/g/referrals/v1/flights/day-view/?origin=wars&destination=cph&outboundDate=2026-08-28&inboundDate=2026-08-31&market=PL&locale=pl-PL&currency=PLN&mediaPartnerId=6439681
Katowice,Oslo,Norwegia,Poznań,2026-08-29,2026-08-31,2,96.08,104.04,200.12,KTW,OSLO,POZ,https://skyscanner.net/g/referrals/v1/flights/multicity/?mediaPartnerId=6439681&origin0=ktw&date0=2026-08-29&destination0=oslo&origin1=oslo&date1=2026-08-31&destination1=poz&adultsv2=1&market=PL&locale=pl-PL&currency=PLN
Gdańsk,Oslo,Norwegia,Gdańsk,2026-08-27,2026-08-31,4,68.33,134.12,202.45,GDN,OSLO,GDN,https://www.skyscanner.net/g/referrals/v1/flights/day-view/?origin=gdn&destination=oslo&outboundDate=2026-08-27&inboundDate=2026-08-31&market=PL&locale=pl-PL&currency=PLN&mediaPartnerId=6439681
Gdańsk,Oslo,Norwegia,Gdańsk,2026-08-29,2026-08-31,2,68.33,134.12,202.45,GDN,OSLO,GDN,https://www.skyscanner.net/g/referrals/v1/flights/day-view/?origin=gdn&destination=oslo&outboundDate=2026-08-29&inboundDate=2026-08-31&market=PL&locale=pl-PL&currency=PLN&mediaPartnerId=6439681
Gdańsk,Oslo,Norwegia,Gdańsk,2026-08-28,2026-08-31,3,68.33,134.12,202.45,GDN,OSLO,GDN,https://www.skyscanner.net/g/referrals/v1/flights/day-view/?origin=gdn&destination=oslo&outboundDate=2026-08-28&inboundDate=2026-08-31&market=PL&locale=pl-PL&currency=PLN&mediaPartnerId=6439681
Gdańsk,Oslo,Norwegia,Gdańsk,2026-08-26,2026-08-31,5,68.33,134.12,202.45,GDN,OSLO,GDN,https://www.skyscanner.net/g/referrals/v1/flights/day-view/?origin=gdn&destination=oslo&outboundDate=2026-08-26&inboundDate=2026-08-31&market=PL&locale=pl-PL&currency=PLN&mediaPartnerId=6439681
Warszawa,Kopenhaga,Dania,Gdańsk,2026-08-26,2026-08-31,5,122.24,80.28,202.51999999999998,WARS,CPH,GDN,https://skyscanner.net/g/referrals/v1/flights/multicity/?mediaPartnerId=6439681&origin0=wars&date0=2026-08-26&destination0=cph&origin1=cph&date1=2026-08-31&destination1=gdn&adultsv2=1&market=PL&locale=pl-PL&currency=PLN
Gdańsk,Kopenhaga,Dania,Warszawa,2026-08-29,2026-08-31,2,86.3,117.93,204.23000000000002,GDN,CPH,WARS,https://skyscanner.net/g/referrals/v1/flights/multicity/?mediaPartnerId=6439681&origin0=gdn&date0=2026-08-29&destination0=cph&origin1=cph&date1=2026-08-31&destination1=wars&adultsv2=1&market=PL&locale=pl-PL&currency=PLN
Wrocław,Oslo,Norwegia,Gdańsk,2026-08-28,2026-08-31,3,71.7,134.12,205.82,WRO,OSLO,GDN,https://skyscanner.net/g/referrals/v1/flights/multicity/?mediaPartnerId=6439681&origin0=wro&date0=2026-08-28&destination0=oslo&origin1=oslo&date1=2026-08-31&destination1=gdn&adultsv2=1&market=PL&locale=pl-PL&currency=PLN
Kraków,Oslo,Norwegia,Gdańsk,2026-08-28,2026-08-30,2,86.32,120.37,206.69,KRK,OSLO,GDN,https://skyscanner.net/g/referrals/v1/flights/multicity/?mediaPartnerId=6439681&origin0=krk&date0=2026-08-28&destination0=oslo&origin1=oslo&date1=2026-08-30&destination1=gdn&adultsv2=1&market=PL&locale=pl-PL&currency=PLN
Gdańsk,Gotenburg,Szwecja,Gdańsk,2026-08-27,2026-08-31,4,129.47,77.49,206.95999999999998,GDN,GOT,GDN,https://www.skyscanner.net/g/referrals/v1/flights/day-view/?origin=gdn&destination=got&outboundDate=2026-08-27&inboundDate=2026-08-31&market=PL&locale=pl-PL&currency=PLN&mediaPartnerId=6439681
Kraków,Oslo,Norwegia,Gdańsk,2026-08-29,2026-08-31,2,75.05,134.12,209.17000000000002,KRK,OSLO,GDN,https://skyscanner.net/g/referrals/v1/flights/multicity/?mediaPartnerId=6439681&origin0=krk&date0=2026-08-29&destination0=oslo&origin1=oslo&date1=2026-08-31&destination1=gdn&adultsv2=1&market=PL&locale=pl-PL&currency=PLN
Gdańsk,Sztokholm,Szwecja,Kraków,2026-08-27,2026-08-31,4,81.86,128.14,210.0,GDN,ARN,KRK,https://skyscanner.net/g/referrals/v1/flights/multicity/?mediaPartnerId=6439681&origin0=gdn&date0=2026-08-27&destination0=arn&origin1=arn&date1=2026-08-31&destination1=krk&adultsv2=1&market=PL&locale=pl-PL&currency=PLN
Poznań,Kopenhaga,Dania,Gdańsk,2026-08-27,2026-08-31,4,129.92,80.28,210.2,POZ,CPH,GDN,https://skyscanner.net/g/referrals/v1/flights/multicity/?mediaPartnerId=6439681&origin0=poz&date0=2026-08-27&destination0=cph&origin1=cph&date1=2026-08-31&destination1=gdn&adultsv2=1&market=PL&locale=pl-PL&currency=PLN
Poznań,Oslo,Norwegia,Gdańsk,2026-08-29,2026-08-31,2,77.31,134.12,211.43,POZ,OSLO,GDN,https://skyscanner.net/g/referrals/v1/flights/multicity/?mediaPartnerId=6439681&origin0=poz&date0=2026-08-29&destination0=oslo&origin1=oslo&date1=2026-08-31&destination1=gdn&adultsv2=1&market=PL&locale=pl-PL&currency=PLN
Gdańsk,Oslo,Norwegia,Gdańsk,2026-08-25,2026-08-31,6,77.32,134.12,211.44,GDN,OSLO,GDN,https://www.skyscanner.net/g/referrals/v1/flights/day-view/?origin=gdn&destination=oslo&outboundDate=2026-08-25&inboundDate=2026-08-31&market=PL&locale=pl-PL&currency=PLN&mediaPartnerId=6439681
Katowice,Aarhus,Dania,Katowice,2026-08-25,2026-08-29,4,97.33,114.5,211.82999999999998,KTW,AAR,KTW,https://www.skyscanner.net/g/referrals/v1/flights/day-view/?origin=ktw&destination=aar&outboundDate=2026-08-25&inboundDate=2026-08-29&market=PL&locale=pl-PL&currency=PLN&mediaPartnerId=6439681
Gdańsk,Växjö,Szwecja,Gdańsk,2026-08-27,2026-08-30,3,142.42,70.26,212.68,GDN,VXO,GDN,https://www.skyscanner.net/g/referrals/v1/flights/day-view/?origin=gdn&destination=vxo&outboundDate=2026-08-27&inboundDate=2026-08-30&market=PL&locale=pl-PL&currency=PLN&mediaPartnerId=6439681
Gdańsk,Oslo,Norwegia,Poznań,2026-08-29,2026-08-31,2,109.0,104.04,213.04000000000002,GDN,OSLO,POZ,https://skyscanner.net/g/referrals/v1/flights/multicity/?mediaPartnerId=6439681&origin0=gdn&date0=2026-08-29&destination0=oslo&origin1=oslo&date1=2026-08-31&destination1=poz&adultsv2=1&market=PL&locale=pl-PL&currency=PLN
Kraków,Gotenburg,Szwecja,Gdańsk,2026-08-26,2026-08-30,4,145.84,68.33,214.17000000000002,KRK,GOT,GDN,https://skyscanner.net/g/referrals/v1/flights/multicity/?mediaPartnerId=6439681&origin0=krk&date0=2026-08-26&destination0=got&origin1=got&date1=2026-08-30&destination1=gdn&adultsv2=1&market=PL&locale=pl-PL&currency=PLN
Kraków,Kopenhaga,Dania,Warszawa,2026-08-25,2026-08-31,6,97.68,117.93,215.61,KRK,CPH,WARS,https://skyscanner.net/g/referrals/v1/flights/multicity/?mediaPartnerId=6439681&origin0=krk&date0=2026-08-25&destination0=cph&origin1=cph&date1=2026-08-31&destination1=wars&adultsv2=1&market=PL&locale=pl-PL&currency=PLN
Gdańsk,Sztokholm,Szwecja,Kraków,2026-08-29,2026-08-31,2,89.0,128.14,217.14,GDN,ARN,KRK,https://skyscanner.net/g/referrals/v1/flights/multicity/?mediaPartnerId=6439681&origin0=gdn&date0=2026-08-29&destination0=arn&origin1=arn&date1=2026-08-31&destination1=krk&adultsv2=1&market=PL&locale=pl-PL&currency=PLN
Gdańsk,Sztokholm,Szwecja,Kraków,2026-08-29,2026-08-31,2,89.0,128.14,217.14,GDN,ARN,KRK,https://skyscanner.net/g/referrals/v1/flights/multicity/?mediaPartnerId=6439681&origin0=gdn&date0=2026-08-29&destination0=arn&origin1=arn&date1=2026-08-31&destination1=krk&adultsv2=1&market=PL&locale=pl-PL&currency=PLN
Kraków,Kopenhaga,Dania,Warszawa,2026-08-26,2026-08-31,5,99.71,117.93,217.64,KRK,CPH,WARS,https://skyscanner.net/g/referrals/v1/flights/multicity/?mediaPartnerId=6439681&origin0=krk&date0=2026-08-26&destination0=cph&origin1=cph&date1=2026-08-31&destination1=wars&adultsv2=1&market=PL&locale=pl-PL&currency=PLN
Warszawa,Kopenhaga,Dania,Kraków,2026-08-28,2026-08-31,3,80.73,137.3,218.03000000000003,WARS,CPH,KRK,https://skyscanner.net/g/referrals/v1/flights/multicity/?mediaPartnerId=6439681&origin0=wars&date0=2026-08-28&destination0=cph&origin1=cph&date1=2026-08-31&destination1=krk&adultsv2=1&market=PL&locale=pl-PL&currency=PLN
Gdańsk,Sztokholm,Szwecja,Kraków,2026-08-26,2026-08-31,5,91.34,128.14,219.48,GDN,ARN,KRK,https://skyscanner.net/g/referrals/v1/flights/multicity/?mediaPartnerId=6439681&origin0=gdn&date0=2026-08-26&destination0=arn&origin1=arn&date1=2026-08-31&destination1=krk&adultsv2=1&market=PL&locale=pl-PL&currency=PLN
Gdańsk,Gotenburg,Szwecja,Kraków,2026-08-29,2026-08-31,2,120.84,99.45,220.29000000000002,GDN,GOT,KRK,https://skyscanner.net/g/referrals/v1/flights/multicity/?mediaPartnerId=6439681&origin0=gdn&date0=2026-08-29&destination0=got&origin1=got&date1=2026-08-31&destination1=krk&adultsv2=1&market=PL&locale=pl-PL&currency=PLN
Kraków,Oslo,Norwegia,Gdańsk,2026-08-28,2026-08-31,3,86.32,134.12,220.44,KRK,OSLO,GDN,https://skyscanner.net/g/referrals/v1/flights/multicity/?mediaPartnerId=6439681&origin0=krk&date0=2026-08-28&destination0=oslo&origin1=oslo&date1=2026-08-31&destination1=gdn&adultsv2=1&market=PL&locale=pl-PL&currency=PLN
Gdańsk,Oslo,Norwegia,Poznań,2026-08-26,2026-08-29,3,68.33,152.62,220.95,GDN,OSLO,POZ,https://skyscanner.net/g/referrals/v1/flights/multicity/?mediaPartnerId=6439681&origin0=gdn&date0=2026-08-26&destination0=oslo&origin1=oslo&date1=2026-08-29&destination1=poz&adultsv2=1&market=PL&locale=pl-PL&currency=PLN
Gdańsk,Oslo,Norwegia,Poznań,2026-08-27,2026-08-29,2,68.33,152.62,220.95,GDN,OSLO,POZ,https://skyscanner.net/g/referrals/v1/flights/multicity/?mediaPartnerId=6439681&origin0=gdn&date0=2026-08-27&destination0=oslo&origin1=oslo&date1=2026-08-29&destination1=poz&adultsv2=1&market=PL&locale=pl-PL&currency=PLN
Kraków,Gotenburg,Szwecja,Gdańsk,2026-08-26,2026-08-31,5,145.84,77.49,223.32999999999998,KRK,GOT,GDN,https://skyscanner.net/g/referrals/v1/flights/multicity/?mediaPartnerId=6439681&origin0=krk&date0=2026-08-26&destination0=got&origin1=got&date1=2026-08-31&destination1=gdn&adultsv2=1&market=PL&locale=pl-PL&currency=PLN
Gdańsk,Kopenhaga,Dania,Kraków,2026-08-29,2026-08-31,2,86.3,137.3,223.60000000000002,GDN,CPH,KRK,https://skyscanner.net/g/referrals/v1/flights/multicity/?mediaPartnerId=6439681&origin0=gdn&date0=2026-08-29&destination0=cph&origin1=cph&date1=2026-08-31&destination1=krk&adultsv2=1&market=PL&locale=pl-PL&currency=PLN
Gdańsk,Gotenburg,Szwecja,Gdańsk,2026-08-25,2026-08-30,5,155.37,68.33,223.7,GDN,GOT,GDN,https://www.skyscanner.net/g/referrals/v1/flights/day-view/?origin=gdn&destination=got&outboundDate=2026-08-25&inboundDate=2026-08-30&market=PL&locale=pl-PL&currency=PLN&mediaPartnerId=6439681
Wrocław,Sztokholm,Szwecja,Kraków,2026-08-29,2026-08-31,2,99.25,128.14,227.39,WRO,ARN,KRK,https://skyscanner.net/g/referrals/v1/flights/multicity/?mediaPartnerId=6439681&origin0=wro&date0=2026-08-29&destination0=arn&origin1=arn&date1=2026-08-31&destination1=krk&adultsv2=1&market=PL&locale=pl-PL&currency=PLN
Gdańsk,Gotenburg,Szwecja,Kraków,2026-08-27,2026-08-31,4,129.47,99.45,228.92000000000002,GDN,GOT,KRK,https://skyscanner.net/g/referrals/v1/flights/multicity/?mediaPartnerId=6439681&origin0=gdn&date0=2026-08-27&destination0=got&origin1=got&date1=2026-08-31&destination1=krk&adultsv2=1&market=PL&locale=pl-PL&currency=PLN
Gdańsk,Oslo,Norwegia,Poznań,2026-08-25,2026-08-29,4,77.32,152.62,229.94,GDN,OSLO,POZ,https://skyscanner.net/g/referrals/v1/flights/multicity/?mediaPartnerId=6439681&origin0=gdn&date0=2026-08-25&destination0=oslo&origin1=oslo&date1=2026-08-29&destination1=poz&adultsv2=1&market=PL&locale=pl-PL&currency=PLN
Gdańsk,Oslo,Norwegia,Gdańsk,2026-08-26,2026-08-30,4,68.33,161.81,230.14,GDN,OSLO,GDN,https://www.skyscanner.net/g/referrals/v1/flights/day-view/?origin=gdn&destination=oslo&outboundDate=2026-08-26&inboundDate=2026-08-30&market=PL&locale=pl-PL&currency=PLN&mediaPartnerId=6439681
Gdańsk,Oslo,Norwegia,Gdańsk,2026-08-28,2026-08-30,2,68.33,161.81,230.14,GDN,OSLO,GDN,https://www.skyscanner.net/g/referrals/v1/flights/day-view/?origin=gdn&destination=oslo&outboundDate=2026-08-28&inboundDate=2026-08-30&market=PL&locale=pl-PL&currency=PLN&mediaPartnerId=6439681
Gdańsk,Oslo,Norwegia,Gdańsk,2026-08-27,2026-08-30,3,68.33,161.81,230.14,GDN,OSLO,GDN,https://www.skyscanner.net/g/referrals/v1/flights/day-view/?origin=gdn&destination=oslo&outboundDate=2026-08-27&inboundDate=2026-08-30&market=PL&locale=pl-PL&currency=PLN&mediaPartnerId=6439681
Katowice,Oslo,Norwegia,Gdańsk,2026-08-29,2026-08-31,2,96.08,134.12,230.2,KTW,OSLO,GDN,https://skyscanner.net/g/referrals/v1/flights/multicity/?mediaPartnerId=6439681&origin0=ktw&date0=2026-08-29&destination0=oslo&origin1=oslo&date1=2026-08-31&destination1=gdn&adultsv2=1&market=PL&locale=pl-PL&currency=PLN
Gdańsk,Aarhus,Dania,Katowice,2026-08-26,2026-08-29,3,116.52,114.5,231.01999999999998,GDN,AAR,KTW,https://skyscanner.net/g/referrals/v1/flights/multicity/?mediaPartnerId=6439681&origin0=gdn&date0=2026-08-26&destination0=aar&origin1=aar&date1=2026-08-29&destination1=ktw&adultsv2=1&market=PL&locale=pl-PL&currency=PLN
Gdańsk,Sztokholm,Szwecja,Warszawa,2026-08-27,2026-08-29,2,81.86,149.92,231.77999999999997,GDN,ARN,WARS,https://skyscanner.net/g/referrals/v1/flights/multicity/?mediaPartnerId=6439681&origin0=gdn&date0=2026-08-27&destination0=arn&origin1=arn&date1=2026-08-29&destination1=wars&adultsv2=1&market=PL&locale=pl-PL&currency=PLN
Warszawa,Bratysława,Słowacja,Warszawa,2026-08-26,2026-08-30,4,85.33,146.74,232.07,WARS,BTS,WARS,https://www.skyscanner.net/g/referrals/v1/flights/day-view/?origin=wars&destination=bts&outboundDate=2026-08-26&inboundDate=2026-08-30&market=PL&locale=pl-PL&currency=PLN&mediaPartnerId=6439681
Gdańsk,Gotenburg,Szwecja,Gdańsk,2026-08-25,2026-08-31,6,155.37,77.49,232.86,GDN,GOT,GDN,https://www.skyscanner.net/g/referrals/v1/flights/day-view/?origin=gdn&destination=got&outboundDate=2026-08-25&inboundDate=2026-08-31&market=PL&locale=pl-PL&currency=PLN&mediaPartnerId=6439681
Warszawa,Bratysława,Słowacja,Warszawa,2026-08-27,2026-08-30,3,86.3,146.74,233.04000000000002,WARS,BTS,WARS,https://www.skyscanner.net/g/referrals/v1/flights/day-view/?origin=wars&destination=bts&outboundDate=2026-08-27&inboundDate=2026-08-30&market=PL&locale=pl-PL&currency=PLN&mediaPartnerId=6439681
Wrocław,Oslo,Norwegia,Gdańsk,2026-08-28,2026-08-30,2,71.7,161.81,233.51,WRO,OSLO,GDN,https://skyscanner.net/g/referrals/v1/flights/multicity/?mediaPartnerId=6439681&origin0=wro&date0=2026-08-28&destination0=oslo&origin1=oslo&date1=2026-08-30&destination1=gdn&adultsv2=1&market=PL&locale=pl-PL&currency=PLN
Kraków,Kopenhaga,Dania,Kraków,2026-08-25,2026-08-31,6,97.68,137.3,234.98000000000002,KRK,CPH,KRK,https://www.skyscanner.net/g/referrals/v1/flights/day-view/?origin=krk&destination=cph&outboundDate=2026-08-25&inboundDate=2026-08-31&market=PL&locale=pl-PL&currency=PLN&mediaPartnerId=6439681
Wrocław,Sztokholm,Szwecja,Kraków,2026-08-28,2026-08-31,3,107.88,128.14,236.01999999999998,WRO,ARN,KRK,https://skyscanner.net/g/referrals/v1/flights/multicity/?mediaPartnerId=6439681&origin0=wro&date0=2026-08-28&destination0=arn&origin1=arn&date1=2026-08-31&destination1=krk&adultsv2=1&market=PL&locale=pl-PL&currency=PLN
Warszawa,Bratysława,Słowacja,Warszawa,2026-08-24,2026-08-26,2,151.06,85.33,236.39,WARS,BTS,WARS,https://www.skyscanner.net/g/referrals/v1/flights/day-view/?origin=wars&destination=bts&outboundDate=2026-08-24&inboundDate=2026-08-26&market=PL&locale=pl-PL&currency=PLN&mediaPartnerId=6439681
Kraków,Kopenhaga,Dania,Kraków,2026-08-26,2026-08-31,5,99.71,137.3,237.01,KRK,CPH,KRK,https://www.skyscanner.net/g/referrals/v1/flights/day-view/?origin=krk&destination=cph&outboundDate=2026-08-26&inboundDate=2026-08-31&market=PL&locale=pl-PL&currency=PLN&mediaPartnerId=6439681
Gdańsk,Oslo,Norwegia,Gdańsk,2026-08-25,2026-08-30,5,77.32,161.81,239.13,GDN,OSLO,GDN,https://www.skyscanner.net/g/referrals/v1/flights/day-view/?origin=gdn&destination=oslo&outboundDate=2026-08-25&inboundDate=2026-08-30&market=PL&locale=pl-PL&currency=PLN&mediaPartnerId=6439681
Gdańsk,Sztokholm,Szwecja,Warszawa,2026-08-27,2026-08-31,4,81.86,157.36,239.22000000000003,GDN,ARN,WARS,https://skyscanner.net/g/referrals/v1/flights/multicity/?mediaPartnerId=6439681&origin0=gdn&date0=2026-08-27&destination0=arn&origin1=arn&date1=2026-08-31&destination1=wars&adultsv2=1&market=PL&locale=pl-PL&currency=PLN
Warszawa,Kopenhaga,Dania,Warszawa,2026-08-26,2026-08-31,5,122.24,117.93,240.17000000000002,WARS,CPH,WARS,https://www.skyscanner.net/g/referrals/v1/flights/day-view/?origin=wars&destination=cph&outboundDate=2026-08-26&inboundDate=2026-08-31&market=PL&locale=pl-PL&currency=PLN&mediaPartnerId=6439681
Gdańsk,Bratysława,Słowacja,Warszawa,2026-08-25,2026-08-28,3,150.66,89.64,240.3,GDN,BTS,WARS,https://skyscanner.net/g/referrals/v1/flights/multicity/?mediaPartnerId=6439681&origin0=gdn&date0=2026-08-25&destination0=bts&origin1=bts&date1=2026-08-28&destination1=wars&adultsv2=1&market=PL&locale=pl-PL&currency=PLN
Warszawa,Bratysława,Słowacja,Warszawa,2026-08-24,2026-08-28,4,151.06,89.64,240.7,WARS,BTS,WARS,https://www.skyscanner.net/g/referrals/v1/flights/day-view/?origin=wars&destination=bts&outboundDate=2026-08-24&inboundDate=2026-08-28&market=PL&locale=pl-PL&currency=PLN&mediaPartnerId=6439681
Warszawa,Bratysława,Słowacja,Warszawa,2026-08-26,2026-08-29,3,85.33,155.38,240.70999999999998,WARS,BTS,WARS,https://www.skyscanner.net/g/referrals/v1/flights/day-view/?origin=wars&destination=bts&outboundDate=2026-08-26&inboundDate=2026-08-29&market=PL&locale=pl-PL&currency=PLN&mediaPartnerId=6439681
Gdańsk,Sztokholm,Szwecja,Warszawa,2026-08-26,2026-08-29,3,91.34,149.92,241.26,GDN,ARN,WARS,https://skyscanner.net/g/referrals/v1/flights/multicity/?mediaPartnerId=6439681&origin0=gdn&date0=2026-08-26&destination0=arn&origin1=arn&date1=2026-08-29&destination1=wars&adultsv2=1&market=PL&locale=pl-PL&currency=PLN
Warszawa,Bratysława,Słowacja,Warszawa,2026-08-27,2026-08-29,2,86.3,155.38,241.68,WARS,BTS,WARS,https://www.skyscanner.net/g/referrals/v1/flights/day-view/?origin=wars&destination=bts&outboundDate=2026-08-27&inboundDate=2026-08-29&market=PL&locale=pl-PL&currency=PLN&mediaPartnerId=6439681
Kraków,Sztokholm,Szwecja,Poznań,2026-08-27,2026-08-29,2,145.98,96.66,242.64,KRK,ARN,POZ,https://skyscanner.net/g/referrals/v1/flights/multicity/?mediaPartnerId=6439681&origin0=krk&date0=2026-08-27&destination0=arn&origin1=arn&date1=2026-08-29&destination1=poz&adultsv2=1&market=PL&locale=pl-PL&currency=PLN
Gdańsk,Oslo,Norwegia,Gdańsk,2026-08-29,2026-08-31,2,109.0,134.12,243.12,GDN,OSLO,GDN,https://www.skyscanner.net/g/referrals/v1/flights/day-view/?origin=gdn&destination=oslo&outboundDate=2026-08-29&inboundDate=2026-08-31&market=PL&locale=pl-PL&currency=PLN&mediaPartnerId=6439681
Gdańsk,Oslo (Wszystkie lotniska),Norwegia,Gdańsk,2026-08-29,2026-08-31,2,109.0,134.12,243.12,GDN,OOS,GDN,https://www.skyscanner.net/g/referrals/v1/flights/day-view/?origin=gdn&destination=oos&outboundDate=2026-08-29&inboundDate=2026-08-31&market=PL&locale=pl-PL&currency=PLN&mediaPartnerId=6439681
Gdańsk,Sztokholm,Szwecja,Gdańsk,2026-08-27,2026-08-30,3,81.86,163.36,245.22000000000003,GDN,ARN,GDN,https://www.skyscanner.net/g/referrals/v1/flights/day-view/?origin=gdn&destination=arn&outboundDate=2026-08-27&inboundDate=2026-08-30&market=PL&locale=pl-PL&currency=PLN&mediaPartnerId=6439681
Gdańsk,Sztokholm,Szwecja,Gdańsk,2026-08-27,2026-08-30,3,81.86,163.36,245.22000000000003,GDN,STO,GDN,https://www.skyscanner.net/g/referrals/v1/flights/day-view/?origin=gdn&destination=sto&outboundDate=2026-08-27&inboundDate=2026-08-30&market=PL&locale=pl-PL&currency=PLN&mediaPartnerId=6439681
Kraków,Gotenburg,Szwecja,Kraków,2026-08-26,2026-08-31,5,145.84,99.45,245.29000000000002,KRK,GOT,KRK,https://www.skyscanner.net/g/referrals/v1/flights/day-view/?origin=krk&destination=got&outboundDate=2026-08-26&inboundDate=2026-08-31&market=PL&locale=pl-PL&currency=PLN&mediaPartnerId=6439681
Gdańsk,Sztokholm,Szwecja,Gdańsk,2026-08-27,2026-08-31,4,81.86,164.01,245.87,GDN,ARN,GDN,https://www.skyscanner.net/g/referrals/v1/flights/day-view/?origin=gdn&destination=arn&outboundDate=2026-08-27&inboundDate=2026-08-31&market=PL&locale=pl-PL&currency=PLN&mediaPartnerId=6439681
Gdańsk,Aarhus,Dania,Gdańsk,2026-08-27,2026-08-30,3,69.03,176.96,245.99,GDN,AAR,GDN,https://www.skyscanner.net/g/referrals/v1/flights/day-view/?origin=gdn&destination=aar&outboundDate=2026-08-27&inboundDate=2026-08-30&market=PL&locale=pl-PL&currency=PLN&mediaPartnerId=6439681
Gdańsk,Sztokholm,Szwecja,Warszawa,2026-08-29,2026-08-31,2,89.0,157.36,246.36,GDN,ARN,WARS,https://skyscanner.net/g/referrals/v1/flights/multicity/?mediaPartnerId=6439681&origin0=gdn&date0=2026-08-29&destination0=arn&origin1=arn&date1=2026-08-31&destination1=wars&adultsv2=1&market=PL&locale=pl-PL&currency=PLN
Gdańsk,Sztokholm,Szwecja,Warszawa,2026-08-29,2026-08-31,2,89.0,157.36,246.36,GDN,ARN,WARS,https://skyscanner.net/g/referrals/v1/flights/multicity/?mediaPartnerId=6439681&origin0=gdn&date0=2026-08-29&destination0=arn&origin1=arn&date1=2026-08-31&destination1=wars&adultsv2=1&market=PL&locale=pl-PL&currency=PLN
Gdańsk,Bratysława,Słowacja,Gdańsk,2026-08-25,2026-08-31,6,150.66,96.04,246.7,GDN,BTS,GDN,https://www.skyscanner.net/g/referrals/v1/flights/day-view/?origin=gdn&destination=bts&outboundDate=2026-08-25&inboundDate=2026-08-31&market=PL&locale=pl-PL&currency=PLN&mediaPartnerId=6439681
Warszawa,Bratysława,Słowacja,Gdańsk,2026-08-24,2026-08-31,7,151.06,96.04,247.10000000000002,WARS,BTS,GDN,https://skyscanner.net/g/referrals/v1/flights/multicity/?mediaPartnerId=6439681&origin0=wars&date0=2026-08-24&destination0=bts&origin1=bts&date1=2026-08-31&destination1=gdn&adultsv2=1&market=PL&locale=pl-PL&currency=PLN
Poznań,Kopenhaga,Dania,Warszawa,2026-08-27,2026-08-31,4,129.92,117.93,247.85,POZ,CPH,WARS,https://skyscanner.net/g/referrals/v1/flights/multicity/?mediaPartnerId=6439681&origin0=poz&date0=2026-08-27&destination0=cph&origin1=cph&date1=2026-08-31&destination1=wars&adultsv2=1&market=PL&locale=pl-PL&currency=PLN
Kraków,Oslo,Norwegia,Gdańsk,2026-08-28,2026-08-30,2,86.32,161.81,248.13,KRK,OSLO,GDN,https://skyscanner.net/g/referrals/v1/flights/multicity/?mediaPartnerId=6439681&origin0=krk&date0=2026-08-28&destination0=oslo&origin1=oslo&date1=2026-08-30&destination1=gdn&adultsv2=1&market=PL&locale=pl-PL&currency=PLN
Kraków,Kopenhaga,Dania,Gdańsk,2026-08-29,2026-08-31,2,168.09,80.28,248.37,KRK,CPH,GDN,https://skyscanner.net/g/referrals/v1/flights/multicity/?mediaPartnerId=6439681&origin0=krk&date0=2026-08-29&destination0=cph&origin1=cph&date1=2026-08-31&destination1=gdn&adultsv2=1&market=PL&locale=pl-PL&currency=PLN
Poznań,Kopenhaga,Dania,Gdańsk,2026-08-29,2026-08-31,2,168.32,80.28,248.6,POZ,CPH,GDN,https://skyscanner.net/g/referrals/v1/flights/multicity/?mediaPartnerId=6439681&origin0=poz&date0=2026-08-29&destination0=cph&origin1=cph&date1=2026-08-31&destination1=gdn&adultsv2=1&market=PL&locale=pl-PL&currency=PLN
Gdańsk,Sztokholm,Szwecja,Warszawa,2026-08-26,2026-08-31,5,91.34,157.36,248.70000000000002,GDN,ARN,WARS,https://skyscanner.net/g/referrals/v1/flights/multicity/?mediaPartnerId=6439681&origin0=gdn&date0=2026-08-26&destination0=arn&origin1=arn&date1=2026-08-31&destination1=wars&adultsv2=1&market=PL&locale=pl-PL&currency=PLN
Gdańsk,Sztokholm,Szwecja,Kraków,2026-08-28,2026-08-31,3,120.84,128.14,248.98,GDN,ARN,KRK,https://skyscanner.net/g/referrals/v1/flights/multicity/?mediaPartnerId=6439681&origin0=gdn&date0=2026-08-28&destination0=arn&origin1=arn&date1=2026-08-31&destination1=krk&adultsv2=1&market=PL&locale=pl-PL&currency=PLN
Gdańsk,Aarhus,Dania,Gdańsk,2026-08-27,2026-08-29,2,69.03,181.28,250.31,GDN,AAR,GDN,https://www.skyscanner.net/g/referrals/v1/flights/day-view/?origin=gdn&destination=aar&outboundDate=2026-08-27&inboundDate=2026-08-29&market=PL&locale=pl-PL&currency=PLN&mediaPartnerId=6439681
Gdańsk,Gotenburg,Szwecja,Kraków,2026-08-26,2026-08-30,4,69.03,182.06,251.09,GDN,GOT,KRK,https://skyscanner.net/g/referrals/v1/flights/multicity/?mediaPartnerId=6439681&origin0=gdn&date0=2026-08-26&destination0=got&origin1=got&date1=2026-08-30&destination1=krk&adultsv2=1&market=PL&locale=pl-PL&currency=PLN
Warszawa,Bratysława,Słowacja,Gdańsk,2026-08-28,2026-08-31,3,155.37,96.04,251.41000000000003,WARS,BTS,GDN,https://skyscanner.net/g/referrals/v1/flights/multicity/?mediaPartnerId=6439681&origin0=wars&date0=2026-08-28&destination0=bts&origin1=bts&date1=2026-08-31&destination1=gdn&adultsv2=1&market=PL&locale=pl-PL&currency=PLN
Kraków,Kopenhaga,Dania,Gdańsk,2026-08-27,2026-08-31,4,171.85,80.28,252.13,KRK,CPH,GDN,https://skyscanner.net/g/referrals/v1/flights/multicity/?mediaPartnerId=6439681&origin0=krk&date0=2026-08-27&destination0=cph&origin1=cph&date1=2026-08-31&destination1=gdn&adultsv2=1&market=PL&locale=pl-PL&currency=PLN
Gdańsk,Sztokholm,Szwecja,Gdańsk,2026-08-29,2026-08-31,2,89.0,164.01,253.01,GDN,ARN,GDN,https://www.skyscanner.net/g/referrals/v1/flights/day-view/?origin=gdn&destination=arn&outboundDate=2026-08-29&inboundDate=2026-08-31&market=PL&locale=pl-PL&currency=PLN&mediaPartnerId=6439681
Gdańsk,Sztokholm,Szwecja,Gdańsk,2026-08-29,2026-08-31,2,89.0,164.01,253.01,GDN,ARN,GDN,https://www.skyscanner.net/g/referrals/v1/flights/day-view/?origin=gdn&destination=arn&outboundDate=2026-08-29&inboundDate=2026-08-31&market=PL&locale=pl-PL&currency=PLN&mediaPartnerId=6439681
Warszawa,Bratysława,Słowacja,Gdańsk,2026-08-23,2026-08-25,2,174.37,79.0,253.37,WARS,BTS,GDN,https://skyscanner.net/g/referrals/v1/flights/multicity/?mediaPartnerId=6439681&origin0=wars&date0=2026-08-23&destination0=bts&origin1=bts&date1=2026-08-25&destination1=gdn&adultsv2=1&market=PL&locale=pl-PL&currency=PLN
Gdańsk,Aarhus,Dania,Gdańsk,2026-08-25,2026-08-27,2,159.69,94.31,254.0,GDN,AAR,GDN,https://www.skyscanner.net/g/referrals/v1/flights/day-view/?origin=gdn&destination=aar&outboundDate=2026-08-25&inboundDate=2026-08-27&market=PL&locale=pl-PL&currency=PLN&mediaPartnerId=6439681
Gdańsk,Sztokholm,Szwecja,Gdańsk,2026-08-26,2026-08-30,4,91.34,163.36,254.70000000000002,GDN,STO,GDN,https://www.skyscanner.net/g/referrals/v1/flights/day-view/?origin=gdn&destination=sto&outboundDate=2026-08-26&inboundDate=2026-08-30&market=PL&locale=pl-PL&currency=PLN&mediaPartnerId=6439681
Gdańsk,Sztokholm,Szwecja,Gdańsk,2026-08-26,2026-08-30,4,91.34,163.36,254.70000000000002,GDN,ARN,GDN,https://www.skyscanner.net/g/referrals/v1/flights/day-view/?origin=gdn&destination=arn&outboundDate=2026-08-26&inboundDate=2026-08-30&market=PL&locale=pl-PL&currency=PLN&mediaPartnerId=6439681
Gdańsk,Gotenburg,Szwecja,Kraków,2026-08-25,2026-08-31,6,155.37,99.45,254.82,GDN,GOT,KRK,https://skyscanner.net/g/referrals/v1/flights/multicity/?mediaPartnerId=6439681&origin0=gdn&date0=2026-08-25&destination0=got&origin1=got&date1=2026-08-31&destination1=krk&adultsv2=1&market=PL&locale=pl-PL&currency=PLN
Gdańsk,Sztokholm,Szwecja,Gdańsk,2026-08-26,2026-08-31,5,91.34,164.01,255.35,GDN,ARN,GDN,https://www.skyscanner.net/g/referrals/v1/flights/day-view/?origin=gdn&destination=arn&outboundDate=2026-08-26&inboundDate=2026-08-31&market=PL&locale=pl-PL&currency=PLN&mediaPartnerId=6439681
Wrocław,Sztokholm,Szwecja,Warszawa,2026-08-29,2026-08-31,2,99.25,157.36,256.61,WRO,ARN,WARS,https://skyscanner.net/g/referrals/v1/flights/multicity/?mediaPartnerId=6439681&origin0=wro&date0=2026-08-29&destination0=arn&origin1=arn&date1=2026-08-31&destination1=wars&adultsv2=1&market=PL&locale=pl-PL&currency=PLN
Gdańsk,Aarhus,Dania,Gdańsk,2026-08-28,2026-08-30,2,80.15,176.96,257.11,GDN,AAR,GDN,https://www.skyscanner.net/g/referrals/v1/flights/day-view/?origin=gdn&destination=aar&outboundDate=2026-08-28&inboundDate=2026-08-30&market=PL&locale=pl-PL&currency=PLN&mediaPartnerId=6439681
Kraków,Oslo,Norwegia,Gdańsk,2026-08-27,2026-08-31,4,189.91,67.39,257.3,KRK,OSLO,GDN,https://skyscanner.net/g/referrals/v1/flights/multicity/?mediaPartnerId=6439681&origin0=krk&date0=2026-08-27&destination0=oslo&origin1=oslo&date1=2026-08-31&destination1=gdn&adultsv2=1&market=PL&locale=pl-PL&currency=PLN
Warszawa,Bratysława,Słowacja,Warszawa,2026-08-26,2026-08-29,3,85.33,172.64,257.96999999999997,WARS,BTS,WARS,https://www.skyscanner.net/g/referrals/v1/flights/day-view/?origin=wars&destination=bts&outboundDate=2026-08-26&inboundDate=2026-08-29&market=PL&locale=pl-PL&currency=PLN&mediaPartnerId=6439681
Warszawa,Bratysława,Słowacja,Warszawa,2026-08-26,2026-08-30,4,85.33,172.65,257.98,WARS,BTS,WARS,https://www.skyscanner.net/g/referrals/v1/flights/day-view/?origin=wars&destination=bts&outboundDate=2026-08-26&inboundDate=2026-08-30&market=PL&locale=pl-PL&currency=PLN&mediaPartnerId=6439681
Gdańsk,Gotenburg,Szwecja,Gdańsk,2026-08-28,2026-08-30,2,189.91,68.33,258.24,GDN,GOT,GDN,https://www.skyscanner.net/g/referrals/v1/flights/day-view/?origin=gdn&destination=got&outboundDate=2026-08-28&inboundDate=2026-08-30&market=PL&locale=pl-PL&currency=PLN&mediaPartnerId=6439681
Gdańsk,Sztokholm,Szwecja,Gdańsk,2026-08-27,2026-08-29,2,81.86,176.96,258.82,GDN,ARN,GDN,https://www.skyscanner.net/g/referrals/v1/flights/day-view/?origin=gdn&destination=arn&outboundDate=2026-08-27&inboundDate=2026-08-29&market=PL&locale=pl-PL&currency=PLN&mediaPartnerId=6439681
Warszawa,Bratysława,Słowacja,Warszawa,2026-08-27,2026-08-29,2,86.3,172.64,258.94,WARS,BTS,WARS,https://www.skyscanner.net/g/referrals/v1/flights/day-view/?origin=wars&destination=bts&outboundDate=2026-08-27&inboundDate=2026-08-29&market=PL&locale=pl-PL&currency=PLN&mediaPartnerId=6439681
Warszawa,Bratysława,Słowacja,Warszawa,2026-08-27,2026-08-30,3,86.3,172.65,258.95,WARS,BTS,WARS,https://www.skyscanner.net/g/referrals/v1/flights/day-view/?origin=wars&destination=bts&outboundDate=2026-08-27&inboundDate=2026-08-30&market=PL&locale=pl-PL&currency=PLN&mediaPartnerId=6439681
Warszawa,Kopenhaga,Dania,Gdańsk,2026-08-28,2026-08-30,2,80.73,178.46,259.19,WARS,CPH,GDN,https://skyscanner.net/g/referrals/v1/flights/multicity/?mediaPartnerId=6439681&origin0=wars&date0=2026-08-28&destination0=cph&origin1=cph&date1=2026-08-30&destination1=gdn&adultsv2=1&market=PL&locale=pl-PL&currency=PLN
Gdańsk,Bratysława,Słowacja,Warszawa,2026-08-25,2026-08-31,6,150.66,108.7,259.36,GDN,BTS,WARS,https://skyscanner.net/g/referrals/v1/flights/multicity/?mediaPartnerId=6439681&origin0=gdn&date0=2026-08-25&destination0=bts&origin1=bts&date1=2026-08-31&destination1=wars&adultsv2=1&market=PL&locale=pl-PL&currency=PLN
Warszawa,Kopenhaga,Dania,Kraków,2026-08-26,2026-08-31,5,122.24,137.3,259.54,WARS,CPH,KRK,https://skyscanner.net/g/referrals/v1/flights/multicity/?mediaPartnerId=6439681&origin0=wars&date0=2026-08-26&destination0=cph&origin1=cph&date1=2026-08-31&destination1=krk&adultsv2=1&market=PL&locale=pl-PL&currency=PLN
Warszawa,Bratysława,Słowacja,Warszawa,2026-08-23,2026-08-26,3,174.37,85.33,259.7,WARS,BTS,WARS,https://www.skyscanner.net/g/referrals/v1/flights/day-view/?origin=wars&destination=bts&outboundDate=2026-08-23&inboundDate=2026-08-26&market=PL&locale=pl-PL&currency=PLN&mediaPartnerId=6439681
Warszawa,Sztokholm,Szwecja,Kraków,2026-08-29,2026-08-31,2,132.03,128.14,260.16999999999996,WARS,ARN,KRK,https://skyscanner.net/g/referrals/v1/flights/multicity/?mediaPartnerId=6439681&origin0=wars&date0=2026-08-29&destination0=arn&origin1=arn&date1=2026-08-31&destination1=krk&adultsv2=1&market=PL&locale=pl-PL&currency=PLN
Gdańsk,Sztokholm,Szwecja,Warszawa,2026-08-27,2026-08-31,4,81.86,178.95,260.81,GDN,STO,WARS,https://skyscanner.net/g/referrals/v1/flights/multicity/?mediaPartnerId=6439681&origin0=gdn&date0=2026-08-27&destination0=sto&origin1=sto&date1=2026-08-31&destination1=wars&adultsv2=1&market=PL&locale=pl-PL&currency=PLN
Poznań,Praga,Czechy,Gdańsk,2026-08-27,2026-08-29,2,120.84,141.53,262.37,POZ,PRG,GDN,https://skyscanner.net/g/referrals/v1/flights/multicity/?mediaPartnerId=6439681&origin0=poz&date0=2026-08-27&destination0=prg&origin1=prg&date1=2026-08-29&destination1=gdn&adultsv2=1&market=PL&locale=pl-PL&currency=PLN
Wrocław,Sztokholm,Szwecja,Gdańsk,2026-08-29,2026-08-31,2,99.25,164.01,263.26,WRO,ARN,GDN,https://skyscanner.net/g/referrals/v1/flights/multicity/?mediaPartnerId=6439681&origin0=wro&date0=2026-08-29&destination0=arn&origin1=arn&date1=2026-08-31&destination1=gdn&adultsv2=1&market=PL&locale=pl-PL&currency=PLN
Wrocław,Sztokholm,Szwecja,Warszawa,2026-08-28,2026-08-31,3,107.88,157.36,265.24,WRO,ARN,WARS,https://skyscanner.net/g/referrals/v1/flights/multicity/?mediaPartnerId=6439681&origin0=wro&date0=2026-08-28&destination0=arn&origin1=arn&date1=2026-08-31&destination1=wars&adultsv2=1&market=PL&locale=pl-PL&currency=PLN
Gdańsk,Kopenhaga,Dania,Gdańsk,2026-08-26,2026-08-31,5,185.59,80.28,265.87,GDN,CPH,GDN,https://www.skyscanner.net/g/referrals/v1/flights/day-view/?origin=gdn&destination=cph&outboundDate=2026-08-26&inboundDate=2026-08-31&market=PL&locale=pl-PL&currency=PLN&mediaPartnerId=6439681
Poznań,Oslo,Norwegia,Gdańsk,2026-08-28,2026-08-31,3,198.54,67.39,265.93,POZ,OSLO,GDN,https://skyscanner.net/g/referrals/v1/flights/multicity/?mediaPartnerId=6439681&origin0=poz&date0=2026-08-28&destination0=oslo&origin1=oslo&date1=2026-08-31&destination1=gdn&adultsv2=1&market=PL&locale=pl-PL&currency=PLN
Katowice,Zadar,Chorwacja,Gdańsk,2026-08-25,2026-08-27,2,79.0,187.78,266.78,KTW,ZAD,GDN,https://skyscanner.net/g/referrals/v1/flights/multicity/?mediaPartnerId=6439681&origin0=ktw&date0=2026-08-25&destination0=zad&origin1=zad&date1=2026-08-27&destination1=gdn&adultsv2=1&market=PL&locale=pl-PL&currency=PLN
Poznań,Kopenhaga,Dania,Kraków,2026-08-27,2026-08-31,4,129.92,137.3,267.22,POZ,CPH,KRK,https://skyscanner.net/g/referrals/v1/flights/multicity/?mediaPartnerId=6439681&origin0=poz&date0=2026-08-27&destination0=cph&origin1=cph&date1=2026-08-31&destination1=krk&adultsv2=1&market=PL&locale=pl-PL&currency=PLN
Gdańsk,Gotenburg,Szwecja,Gdańsk,2026-08-28,2026-08-31,3,189.91,77.49,267.4,GDN,GOT,GDN,https://www.skyscanner.net/g/referrals/v1/flights/day-view/?origin=gdn&destination=got&outboundDate=2026-08-28&inboundDate=2026-08-31&market=PL&locale=pl-PL&currency=PLN&mediaPartnerId=6439681
Gdańsk,Sztokholm,Szwecja,Warszawa,2026-08-29,2026-08-31,2,89.0,178.95,267.95,GDN,STO,WARS,https://skyscanner.net/g/referrals/v1/flights/multicity/?mediaPartnerId=6439681&origin0=gdn&date0=2026-08-29&destination0=sto&origin1=sto&date1=2026-08-31&destination1=wars&adultsv2=1&market=PL&locale=pl-PL&currency=PLN
Gdańsk,Sztokholm,Szwecja,Warszawa,2026-08-29,2026-08-31,2,89.0,178.95,267.95,GDN,STO,WARS,https://skyscanner.net/g/referrals/v1/flights/multicity/?mediaPartnerId=6439681&origin0=gdn&date0=2026-08-29&destination0=sto&origin1=sto&date1=2026-08-31&destination1=wars&adultsv2=1&market=PL&locale=pl-PL&currency=PLN
Gdańsk,Sztokholm,Szwecja,Gdańsk,2026-08-26,2026-08-29,3,91.34,176.96,268.3,GDN,ARN,GDN,https://www.skyscanner.net/g/referrals/v1/flights/day-view/?origin=gdn&destination=arn&outboundDate=2026-08-26&inboundDate=2026-08-29&market=PL&locale=pl-PL&currency=PLN&mediaPartnerId=6439681
Gdańsk,Kopenhaga,Dania,Gdańsk,2026-08-25,2026-08-31,6,189.91,80.28,270.19,GDN,CPH,GDN,https://www.skyscanner.net/g/referrals/v1/flights/day-view/?origin=gdn&destination=cph&outboundDate=2026-08-25&inboundDate=2026-08-31&market=PL&locale=pl-PL&currency=PLN&mediaPartnerId=6439681
Gdańsk,Sztokholm,Szwecja,Warszawa,2026-08-26,2026-08-31,5,91.34,178.95,270.28999999999996,GDN,STO,WARS,https://skyscanner.net/g/referrals/v1/flights/multicity/?mediaPartnerId=6439681&origin0=gdn&date0=2026-08-26&destination0=sto&origin1=sto&date1=2026-08-31&destination1=wars&adultsv2=1&market=PL&locale=pl-PL&currency=PLN
Wrocław,Sztokholm,Szwecja,Gdańsk,2026-08-28,2026-08-30,2,107.88,163.36,271.24,WRO,STO,GDN,https://skyscanner.net/g/referrals/v1/flights/multicity/?mediaPartnerId=6439681&origin0=wro&date0=2026-08-28&destination0=sto&origin1=sto&date1=2026-08-30&destination1=gdn&adultsv2=1&market=PL&locale=pl-PL&currency=PLN
Wrocław,Sztokholm,Szwecja,Gdańsk,2026-08-28,2026-08-30,2,107.88,163.36,271.24,WRO,ARN,GDN,https://skyscanner.net/g/referrals/v1/flights/multicity/?mediaPartnerId=6439681&origin0=wro&date0=2026-08-28&destination0=arn&origin1=arn&date1=2026-08-30&destination1=gdn&adultsv2=1&market=PL&locale=pl-PL&currency=PLN
Wrocław,Sztokholm,Szwecja,Gdańsk,2026-08-28,2026-08-31,3,107.88,164.01,271.89,WRO,ARN,GDN,https://skyscanner.net/g/referrals/v1/flights/multicity/?mediaPartnerId=6439681&origin0=wro&date0=2026-08-28&destination0=arn&origin1=arn&date1=2026-08-31&destination1=gdn&adultsv2=1&market=PL&locale=pl-PL&currency=PLN
Kraków,Sztokholm,Szwecja,Kraków,2026-08-27,2026-08-31,4,145.98,128.14,274.12,KRK,ARN,KRK,https://www.skyscanner.net/g/referrals/v1/flights/day-view/?origin=krk&destination=arn&outboundDate=2026-08-27&inboundDate=2026-08-31&market=PL&locale=pl-PL&currency=PLN&mediaPartnerId=6439681
Gdańsk,Aarhus,Dania,Katowice,2026-08-25,2026-08-29,4,159.69,114.5,274.19,GDN,AAR,KTW,https://skyscanner.net/g/referrals/v1/flights/multicity/?mediaPartnerId=6439681&origin0=gdn&date0=2026-08-25&destination0=aar&origin1=aar&date1=2026-08-29&destination1=ktw&adultsv2=1&market=PL&locale=pl-PL&currency=PLN
Katowice,Aarhus,Dania,Gdańsk,2026-08-25,2026-08-30,5,97.33,176.96,274.29,KTW,AAR,GDN,https://skyscanner.net/g/referrals/v1/flights/multicity/?mediaPartnerId=6439681&origin0=ktw&date0=2026-08-25&destination0=aar&origin1=aar&date1=2026-08-30&destination1=gdn&adultsv2=1&market=PL&locale=pl-PL&currency=PLN
Poznań,Sztokholm,Szwecja,Kraków,2026-08-29,2026-08-31,2,146.74,128.14,274.88,POZ,ARN,KRK,https://skyscanner.net/g/referrals/v1/flights/multicity/?mediaPartnerId=6439681&origin0=poz&date0=2026-08-29&destination0=arn&origin1=arn&date1=2026-08-31&destination1=krk&adultsv2=1&market=PL&locale=pl-PL&currency=PLN
Gdańsk,Gotenburg,Szwecja,Gdańsk,2026-08-24,2026-08-30,6,207.18,68.33,275.51,GDN,GOT,GDN,https://www.skyscanner.net/g/referrals/v1/flights/day-view/?origin=gdn&destination=got&outboundDate=2026-08-24&inboundDate=2026-08-30&market=PL&locale=pl-PL&currency=PLN&mediaPartnerId=6439681
Katowice,Budapeszt,Węgry,Katowice,2026-08-28,2026-08-31,3,187.54,88.51,276.05,KTW,BUD,KTW,https://www.skyscanner.net/g/referrals/v1/flights/day-view/?origin=ktw&destination=bud&outboundDate=2026-08-28&inboundDate=2026-08-31&market=PL&locale=pl-PL&currency=PLN&mediaPartnerId=6439681
Kraków,Kopenhaga,Dania,Gdańsk,2026-08-25,2026-08-30,5,97.68,178.46,276.14,KRK,CPH,GDN,https://skyscanner.net/g/referrals/v1/flights/multicity/?mediaPartnerId=6439681&origin0=krk&date0=2026-08-25&destination0=cph&origin1=cph&date1=2026-08-30&destination1=gdn&adultsv2=1&market=PL&locale=pl-PL&currency=PLN
Gdańsk,Gotenburg,Szwecja,Gdańsk,2026-08-24,2026-08-26,2,207.18,69.03,276.21000000000004,GDN,GOT,GDN,https://www.skyscanner.net/g/referrals/v1/flights/day-view/?origin=gdn&destination=got&outboundDate=2026-08-24&inboundDate=2026-08-26&market=PL&locale=pl-PL&currency=PLN&mediaPartnerId=6439681
Warszawa,Oslo,Norwegia,Gdańsk,2026-08-29,2026-08-31,2,209.0,67.39,276.39,WARS,OSLO,GDN,https://skyscanner.net/g/referrals/v1/flights/multicity/?mediaPartnerId=6439681&origin0=wars&date0=2026-08-29&destination0=oslo&origin1=oslo&date1=2026-08-31&destination1=gdn&adultsv2=1&market=PL&locale=pl-PL&currency=PLN
Gdańsk,Kopenhaga,Dania,Gdańsk,2026-08-27,2026-08-31,4,196.66,80.28,276.94,GDN,CPH,GDN,https://www.skyscanner.net/g/referrals/v1/flights/day-view/?origin=gdn&destination=cph&outboundDate=2026-08-27&inboundDate=2026-08-31&market=PL&locale=pl-PL&currency=PLN&mediaPartnerId=6439681
Katowice,Budapeszt,Węgry,Kraków,2026-08-28,2026-08-31,3,187.54,89.9,277.44,KTW,BUD,KRK,https://skyscanner.net/g/referrals/v1/flights/multicity/?mediaPartnerId=6439681&origin0=ktw&date0=2026-08-28&destination0=bud&origin1=bud&date1=2026-08-31&destination1=krk&adultsv2=1&market=PL&locale=pl-PL&currency=PLN
Kraków,Kopenhaga,Dania,Gdańsk,2026-08-26,2026-08-30,4,99.71,178.46,278.17,KRK,CPH,GDN,https://skyscanner.net/g/referrals/v1/flights/multicity/?mediaPartnerId=6439681&origin0=krk&date0=2026-08-26&destination0=cph&origin1=cph&date1=2026-08-30&destination1=gdn&adultsv2=1&market=PL&locale=pl-PL&currency=PLN
Wrocław,Sztokholm,Szwecja,Warszawa,2026-08-29,2026-08-31,2,99.25,178.95,278.2,WRO,STO,WARS,https://skyscanner.net/g/referrals/v1/flights/multicity/?mediaPartnerId=6439681&origin0=wro&date0=2026-08-29&destination0=sto&origin1=sto&date1=2026-08-31&destination1=wars&adultsv2=1&market=PL&locale=pl-PL&currency=PLN
Gdańsk,Sztokholm,Szwecja,Warszawa,2026-08-28,2026-08-31,3,120.84,157.36,278.20000000000005,GDN,ARN,WARS,https://skyscanner.net/g/referrals/v1/flights/multicity/?mediaPartnerId=6439681&origin0=gdn&date0=2026-08-28&destination0=arn&origin1=arn&date1=2026-08-31&destination1=wars&adultsv2=1&market=PL&locale=pl-PL&currency=PLN
Kraków,Oslo,Norwegia,Gdańsk,2026-08-26,2026-08-31,5,211.49,67.39,278.88,KRK,OSLO,GDN,https://skyscanner.net/g/referrals/v1/flights/multicity/?mediaPartnerId=6439681&origin0=krk&date0=2026-08-26&destination0=oslo&origin1=oslo&date1=2026-08-31&destination1=gdn&adultsv2=1&market=PL&locale=pl-PL&currency=PLN
Gdańsk,Oslo,Norwegia,Katowice,2026-08-29,2026-08-31,2,68.33,211.7,280.03,GDN,OSLO,KTW,https://skyscanner.net/g/referrals/v1/flights/multicity/?mediaPartnerId=6439681&origin0=gdn&date0=2026-08-29&destination0=oslo&origin1=oslo&date1=2026-08-31&destination1=ktw&adultsv2=1&market=PL&locale=pl-PL&currency=PLN
Gdańsk,Oslo,Norwegia,Katowice,2026-08-27,2026-08-31,4,68.33,211.7,280.03,GDN,OSLO,KTW,https://skyscanner.net/g/referrals/v1/flights/multicity/?mediaPartnerId=6439681&origin0=gdn&date0=2026-08-27&destination0=oslo&origin1=oslo&date1=2026-08-31&destination1=ktw&adultsv2=1&market=PL&locale=pl-PL&currency=PLN
Gdańsk,Oslo,Norwegia,Katowice,2026-08-26,2026-08-31,5,68.33,211.7,280.03,GDN,OSLO,KTW,https://skyscanner.net/g/referrals/v1/flights/multicity/?mediaPartnerId=6439681&origin0=gdn&date0=2026-08-26&destination0=oslo&origin1=oslo&date1=2026-08-31&destination1=ktw&adultsv2=1&market=PL&locale=pl-PL&currency=PLN
Gdańsk,Oslo,Norwegia,Katowice,2026-08-28,2026-08-31,3,68.33,211.7,280.03,GDN,OSLO,KTW,https://skyscanner.net/g/referrals/v1/flights/multicity/?mediaPartnerId=6439681&origin0=gdn&date0=2026-08-28&destination0=oslo&origin1=oslo&date1=2026-08-31&destination1=ktw&adultsv2=1&market=PL&locale=pl-PL&currency=PLN
Gdańsk,Wrocław,Polska,Gdańsk,2026-08-24,2026-08-31,7,172.64,107.88,280.52,GDN,WRO,GDN,https://www.skyscanner.net/g/referrals/v1/flights/day-view/?origin=gdn&destination=wro&outboundDate=2026-08-24&inboundDate=2026-08-31&market=PL&locale=pl-PL&currency=PLN&mediaPartnerId=6439681
Kraków,Sztokholm,Szwecja,Gdańsk,2026-08-25,2026-08-27,2,186.93,94.93,281.86,KRK,ARN,GDN,https://skyscanner.net/g/referrals/v1/flights/multicity/?mediaPartnerId=6439681&origin0=krk&date0=2026-08-25&destination0=arn&origin1=arn&date1=2026-08-27&destination1=gdn&adultsv2=1&market=PL&locale=pl-PL&currency=PLN
Katowice,Oslo,Norwegia,Gdańsk,2026-08-26,2026-08-31,5,216.01,67.39,283.4,KTW,OSLO,GDN,https://skyscanner.net/g/referrals/v1/flights/multicity/?mediaPartnerId=6439681&origin0=ktw&date0=2026-08-26&destination0=oslo&origin1=oslo&date1=2026-08-31&destination1=gdn&adultsv2=1&market=PL&locale=pl-PL&currency=PLN
Wrocław,Oslo,Norwegia,Katowice,2026-08-28,2026-08-31,3,71.7,211.7,283.4,WRO,OSLO,KTW,https://skyscanner.net/g/referrals/v1/flights/multicity/?mediaPartnerId=6439681&origin0=wro&date0=2026-08-28&destination0=oslo&origin1=oslo&date1=2026-08-31&destination1=ktw&adultsv2=1&market=PL&locale=pl-PL&currency=PLN
Kraków,Sztokholm,Szwecja,Poznań,2026-08-25,2026-08-29,4,186.93,96.66,283.59000000000003,KRK,ARN,POZ,https://skyscanner.net/g/referrals/v1/flights/multicity/?mediaPartnerId=6439681&origin0=krk&date0=2026-08-25&destination0=arn&origin1=arn&date1=2026-08-29&destination1=poz&adultsv2=1&market=PL&locale=pl-PL&currency=PLN
Gdańsk,Sztokholm,Szwecja,Gdańsk,2026-08-28,2026-08-30,2,120.84,163.36,284.20000000000005,GDN,STO,GDN,https://www.skyscanner.net/g/referrals/v1/flights/day-view/?origin=gdn&destination=sto&outboundDate=2026-08-28&inboundDate=2026-08-30&market=PL&locale=pl-PL&currency=PLN&mediaPartnerId=6439681
Gdańsk,Sztokholm,Szwecja,Gdańsk,2026-08-28,2026-08-30,2,120.84,163.36,284.20000000000005,GDN,ARN,GDN,https://www.skyscanner.net/g/referrals/v1/flights/day-view/?origin=gdn&destination=arn&outboundDate=2026-08-28&inboundDate=2026-08-30&market=PL&locale=pl-PL&currency=PLN&mediaPartnerId=6439681
Gdańsk,Sztokholm,Szwecja,Gdańsk,2026-08-28,2026-08-31,3,120.84,164.01,284.85,GDN,ARN,GDN,https://www.skyscanner.net/g/referrals/v1/flights/day-view/?origin=gdn&destination=arn&outboundDate=2026-08-28&inboundDate=2026-08-31&market=PL&locale=pl-PL&currency=PLN&mediaPartnerId=6439681
Kraków,Kopenhaga,Dania,Warszawa,2026-08-29,2026-08-31,2,168.09,117.93,286.02,KRK,CPH,WARS,https://skyscanner.net/g/referrals/v1/flights/multicity/?mediaPartnerId=6439681&origin0=krk&date0=2026-08-29&destination0=cph&origin1=cph&date1=2026-08-31&destination1=wars&adultsv2=1&market=PL&locale=pl-PL&currency=PLN
Poznań,Kopenhaga,Dania,Warszawa,2026-08-29,2026-08-31,2,168.32,117.93,286.25,POZ,CPH,WARS,https://skyscanner.net/g/referrals/v1/flights/multicity/?mediaPartnerId=6439681&origin0=poz&date0=2026-08-29&destination0=cph&origin1=cph&date1=2026-08-31&destination1=wars&adultsv2=1&market=PL&locale=pl-PL&currency=PLN
Kraków,Oslo,Norwegia,Katowice,2026-08-29,2026-08-31,2,75.05,211.7,286.75,KRK,OSLO,KTW,https://skyscanner.net/g/referrals/v1/flights/multicity/?mediaPartnerId=6439681&origin0=krk&date0=2026-08-29&destination0=oslo&origin1=oslo&date1=2026-08-31&destination1=ktw&adultsv2=1&market=PL&locale=pl-PL&currency=PLN
Wrocław,Sztokholm,Szwecja,Warszawa,2026-08-28,2026-08-31,3,107.88,178.95,286.83,WRO,STO,WARS,https://skyscanner.net/g/referrals/v1/flights/multicity/?mediaPartnerId=6439681&origin0=wro&date0=2026-08-28&destination0=sto&origin1=sto&date1=2026-08-31&destination1=wars&adultsv2=1&market=PL&locale=pl-PL&currency=PLN
Gdańsk,Oslo,Norwegia,Poznań,2026-08-25,2026-08-27,2,77.32,210.09,287.40999999999997,GDN,OSLO,POZ,https://skyscanner.net/g/referrals/v1/flights/multicity/?mediaPartnerId=6439681&origin0=gdn&date0=2026-08-25&destination0=oslo&origin1=oslo&date1=2026-08-27&destination1=poz&adultsv2=1&market=PL&locale=pl-PL&currency=PLN
Poznań,Oslo,Norwegia,Katowice,2026-08-29,2026-08-31,2,77.31,211.7,289.01,POZ,OSLO,KTW,https://skyscanner.net/g/referrals/v1/flights/multicity/?mediaPartnerId=6439681&origin0=poz&date0=2026-08-29&destination0=oslo&origin1=oslo&date1=2026-08-31&destination1=ktw&adultsv2=1&market=PL&locale=pl-PL&currency=PLN
Gdańsk,Oslo,Norwegia,Katowice,2026-08-25,2026-08-31,6,77.32,211.7,289.02,GDN,OSLO,KTW,https://skyscanner.net/g/referrals/v1/flights/multicity/?mediaPartnerId=6439681&origin0=gdn&date0=2026-08-25&destination0=oslo&origin1=oslo&date1=2026-08-31&destination1=ktw&adultsv2=1&market=PL&locale=pl-PL&currency=PLN
Warszawa,Sztokholm,Szwecja,Warszawa,2026-08-29,2026-08-31,2,132.03,157.36,289.39,WARS,ARN,WARS,https://www.skyscanner.net/g/referrals/v1/flights/day-view/?origin=wars&destination=arn&outboundDate=2026-08-29&inboundDate=2026-08-31&market=PL&locale=pl-PL&currency=PLN&mediaPartnerId=6439681
Kraków,Kopenhaga,Dania,Warszawa,2026-08-27,2026-08-31,4,171.85,117.93,289.78,KRK,CPH,WARS,https://skyscanner.net/g/referrals/v1/flights/multicity/?mediaPartnerId=6439681&origin0=krk&date0=2026-08-27&destination0=cph&origin1=cph&date1=2026-08-31&destination1=wars&adultsv2=1&market=PL&locale=pl-PL&currency=PLN
Kraków,Sztokholm,Szwecja,Kraków,2026-08-28,2026-08-31,3,162.31,128.14,290.45,KRK,ARN,KRK,https://www.skyscanner.net/g/referrals/v1/flights/day-view/?origin=krk&destination=arn&outboundDate=2026-08-28&inboundDate=2026-08-31&market=PL&locale=pl-PL&currency=PLN&mediaPartnerId=6439681
Katowice,Mediolan,Włochy,Warszawa,2026-08-29,2026-08-31,2,185.16,106.56,291.72,KTW,MILA,WARS,https://skyscanner.net/g/referrals/v1/flights/multicity/?mediaPartnerId=6439681&origin0=ktw&date0=2026-08-29&destination0=mila&origin1=mila&date1=2026-08-31&destination1=wars&adultsv2=1&market=PL&locale=pl-PL&currency=PLN
Wrocław,Zadar,Chorwacja,Gdańsk,2026-08-25,2026-08-27,2,104.0,187.78,291.78,WRO,ZAD,GDN,https://skyscanner.net/g/referrals/v1/flights/multicity/?mediaPartnerId=6439681&origin0=wro&date0=2026-08-25&destination0=zad&origin1=zad&date1=2026-08-27&destination1=gdn&adultsv2=1&market=PL&locale=pl-PL&currency=PLN
Warszawa,Budapeszt,Węgry,Katowice,2026-08-26,2026-08-28,2,211.92,81.0,292.91999999999996,WARS,BUD,KTW,https://skyscanner.net/g/referrals/v1/flights/multicity/?mediaPartnerId=6439681&origin0=wars&date0=2026-08-26&destination0=bud&origin1=bud&date1=2026-08-28&destination1=ktw&adultsv2=1&market=PL&locale=pl-PL&currency=PLN
Kraków,Oslo,Norwegia,Gdańsk,2026-08-27,2026-08-29,2,189.91,103.56,293.47,KRK,OSLO,GDN,https://skyscanner.net/g/referrals/v1/flights/multicity/?mediaPartnerId=6439681&origin0=krk&date0=2026-08-27&destination0=oslo&origin1=oslo&date1=2026-08-29&destination1=gdn&adultsv2=1&market=PL&locale=pl-PL&currency=PLN
Gdańsk,Aarhus,Dania,Gdańsk,2026-08-26,2026-08-30,4,116.52,176.96,293.48,GDN,AAR,GDN,https://www.skyscanner.net/g/referrals/v1/flights/day-view/?origin=gdn&destination=aar&outboundDate=2026-08-26&inboundDate=2026-08-30&market=PL&locale=pl-PL&currency=PLN&mediaPartnerId=6439681
Kraków,Oslo,Norwegia,Poznań,2026-08-27,2026-08-31,4,189.91,104.04,293.95,KRK,OSLO,POZ,https://skyscanner.net/g/referrals/v1/flights/multicity/?mediaPartnerId=6439681&origin0=krk&date0=2026-08-27&destination0=oslo&origin1=oslo&date1=2026-08-31&destination1=poz&adultsv2=1&market=PL&locale=pl-PL&currency=PLN
Kraków,Sztokholm,Szwecja,Warszawa,2026-08-27,2026-08-29,2,145.98,149.92,295.9,KRK,ARN,WARS,https://skyscanner.net/g/referrals/v1/flights/multicity/?mediaPartnerId=6439681&origin0=krk&date0=2026-08-27&destination0=arn&origin1=arn&date1=2026-08-29&destination1=wars&adultsv2=1&market=PL&locale=pl-PL&currency=PLN
Warszawa,Sztokholm,Szwecja,Gdańsk,2026-08-29,2026-08-31,2,132.03,164.01,296.03999999999996,WARS,ARN,GDN,https://skyscanner.net/g/referrals/v1/flights/multicity/?mediaPartnerId=6439681&origin0=wars&date0=2026-08-29&destination0=arn&origin1=arn&date1=2026-08-31&destination1=gdn&adultsv2=1&market=PL&locale=pl-PL&currency=PLN
Wrocław,Oslo,Norwegia,Gdańsk,2026-08-27,2026-08-31,4,228.76,67.39,296.15,WRO,OSLO,GDN,https://skyscanner.net/g/referrals/v1/flights/multicity/?mediaPartnerId=6439681&origin0=wro&date0=2026-08-27&destination0=oslo&origin1=oslo&date1=2026-08-31&destination1=gdn&adultsv2=1&market=PL&locale=pl-PL&currency=PLN
Gdańsk,Bratysława,Słowacja,Warszawa,2026-08-25,2026-08-30,5,150.66,146.74,297.4,GDN,BTS,WARS,https://skyscanner.net/g/referrals/v1/flights/multicity/?mediaPartnerId=6439681&origin0=gdn&date0=2026-08-25&destination0=bts&origin1=bts&date1=2026-08-30&destination1=wars&adultsv2=1&market=PL&locale=pl-PL&currency=PLN
Kraków,Oslo,Norwegia,Katowice,2026-08-28,2026-08-31,3,86.32,211.7,298.02,KRK,OSLO,KTW,https://skyscanner.net/g/referrals/v1/flights/multicity/?mediaPartnerId=6439681&origin0=krk&date0=2026-08-28&destination0=oslo&origin1=oslo&date1=2026-08-31&destination1=ktw&adultsv2=1&market=PL&locale=pl-PL&currency=PLN
Gdańsk,Oslo,Norwegia,Gdańsk,2026-08-22,2026-08-26,4,227.7,71.7,299.4,GDN,OSLO,GDN,https://www.skyscanner.net/g/referrals/v1/flights/day-view/?origin=gdn&destination=oslo&outboundDate=2026-08-22&inboundDate=2026-08-26&market=PL&locale=pl-PL&currency=PLN&mediaPartnerId=6439681
Gdańsk,Oslo,Norwegia,Gdańsk,2026-08-22,2026-08-25,3,227.7,71.71,299.40999999999997,GDN,OSLO,GDN,https://www.skyscanner.net/g/referrals/v1/flights/day-view/?origin=gdn&destination=oslo&outboundDate=2026-08-22&inboundDate=2026-08-25&market=PL&locale=pl-PL&currency=PLN&mediaPartnerId=6439681
Gdańsk,Sztokholm,Szwecja,Warszawa,2026-08-28,2026-08-31,3,120.84,178.95,299.78999999999996,GDN,STO,WARS,https://skyscanner.net/g/referrals/v1/flights/multicity/?mediaPartnerId=6439681&origin0=gdn&date0=2026-08-28&destination0=sto&origin1=sto&date1=2026-08-31&destination1=wars&adultsv2=1&market=PL&locale=pl-PL&currency=PLN
Warszawa,Budapeszt,Węgry,Katowice,2026-08-26,2026-08-31,5,211.92,88.51,300.43,WARS,BUD,KTW,https://skyscanner.net/g/referrals/v1/flights/multicity/?mediaPartnerId=6439681&origin0=wars&date0=2026-08-26&destination0=bud&origin1=bud&date1=2026-08-31&destination1=ktw&adultsv2=1&market=PL&locale=pl-PL&currency=PLN
Warszawa,Kopenhaga,Dania,Gdańsk,2026-08-26,2026-08-30,4,122.24,178.46,300.7,WARS,CPH,GDN,https://skyscanner.net/g/referrals/v1/flights/multicity/?mediaPartnerId=6439681&origin0=wars&date0=2026-08-26&destination0=cph&origin1=cph&date1=2026-08-30&destination1=gdn&adultsv2=1&market=PL&locale=pl-PL&currency=PLN
Warszawa,Budapeszt,Węgry,Kraków,2026-08-26,2026-08-31,5,211.92,89.9,301.82,WARS,BUD,KRK,https://skyscanner.net/g/referrals/v1/flights/multicity/?mediaPartnerId=6439681&origin0=wars&date0=2026-08-26&destination0=bud&origin1=bud&date1=2026-08-31&destination1=krk&adultsv2=1&market=PL&locale=pl-PL&currency=PLN
Poznań,Oslo,Norwegia,Poznań,2026-08-28,2026-08-31,3,198.54,104.04,302.58,POZ,OSLO,POZ,https://www.skyscanner.net/g/referrals/v1/flights/day-view/?origin=poz&destination=oslo&outboundDate=2026-08-28&inboundDate=2026-08-31&market=PL&locale=pl-PL&currency=PLN&mediaPartnerId=6439681
Kraków,Sztokholm,Szwecja,Warszawa,2026-08-27,2026-08-31,4,145.98,157.36,303.34000000000003,KRK,ARN,WARS,https://skyscanner.net/g/referrals/v1/flights/multicity/?mediaPartnerId=6439681&origin0=krk&date0=2026-08-27&destination0=arn&origin1=arn&date1=2026-08-31&destination1=wars&adultsv2=1&market=PL&locale=pl-PL&currency=PLN
Gdańsk,Kopenhaga,Dania,Warszawa,2026-08-26,2026-08-31,5,185.59,117.93,303.52,GDN,CPH,WARS,https://skyscanner.net/g/referrals/v1/flights/multicity/?mediaPartnerId=6439681&origin0=gdn&date0=2026-08-26&destination0=cph&origin1=cph&date1=2026-08-31&destination1=wars&adultsv2=1&market=PL&locale=pl-PL&currency=PLN
Poznań,Sztokholm,Szwecja,Warszawa,2026-08-29,2026-08-31,2,146.74,157.36,304.1,POZ,ARN,WARS,https://skyscanner.net/g/referrals/v1/flights/multicity/?mediaPartnerId=6439681&origin0=poz&date0=2026-08-29&destination0=arn&origin1=arn&date1=2026-08-31&destination1=wars&adultsv2=1&market=PL&locale=pl-PL&currency=PLN
Gdańsk,Oslo,Norwegia,Gdańsk,2026-08-22,2026-08-27,5,227.7,77.31,305.01,GDN,OSLO,GDN,https://www.skyscanner.net/g/referrals/v1/flights/day-view/?origin=gdn&destination=oslo&outboundDate=2026-08-22&inboundDate=2026-08-27&market=PL&locale=pl-PL&currency=PLN&mediaPartnerId=6439681
Kraków,Kopenhaga,Dania,Kraków,2026-08-29,2026-08-31,2,168.09,137.3,305.39,KRK,CPH,KRK,https://www.skyscanner.net/g/referrals/v1/flights/day-view/?origin=krk&destination=cph&outboundDate=2026-08-29&inboundDate=2026-08-31&market=PL&locale=pl-PL&currency=PLN&mediaPartnerId=6439681
Poznań,Kopenhaga,Dania,Kraków,2026-08-29,2026-08-31,2,168.32,137.3,305.62,POZ,CPH,KRK,https://skyscanner.net/g/referrals/v1/flights/multicity/?mediaPartnerId=6439681&origin0=poz&date0=2026-08-29&destination0=cph&origin1=cph&date1=2026-08-31&destination1=krk&adultsv2=1&market=PL&locale=pl-PL&currency=PLN
Gdańsk,Bratysława,Słowacja,Warszawa,2026-08-25,2026-08-29,4,150.66,155.38,306.03999999999996,GDN,BTS,WARS,https://skyscanner.net/g/referrals/v1/flights/multicity/?mediaPartnerId=6439681&origin0=gdn&date0=2026-08-25&destination0=bts&origin1=bts&date1=2026-08-29&destination1=wars&adultsv2=1&market=PL&locale=pl-PL&currency=PLN
Poznań,Praga,Czechy,Kraków,2026-08-27,2026-08-29,2,120.84,185.59,306.43,POZ,PRG,KRK,https://skyscanner.net/g/referrals/v1/flights/multicity/?mediaPartnerId=6439681&origin0=poz&date0=2026-08-27&destination0=prg&origin1=prg&date1=2026-08-29&destination1=krk&adultsv2=1&market=PL&locale=pl-PL&currency=PLN
Gdańsk,Sztokholm,Szwecja,Wrocław,2026-08-26,2026-08-28,2,91.34,215.81,307.15,GDN,ARN,WRO,https://skyscanner.net/g/referrals/v1/flights/multicity/?mediaPartnerId=6439681&origin0=gdn&date0=2026-08-26&destination0=arn&origin1=arn&date1=2026-08-28&destination1=wro&adultsv2=1&market=PL&locale=pl-PL&currency=PLN
Gdańsk,Sztokholm,Szwecja,Gdańsk,2026-08-27,2026-08-29,2,81.86,225.74,307.6,GDN,STO,GDN,https://www.skyscanner.net/g/referrals/v1/flights/day-view/?origin=gdn&destination=sto&outboundDate=2026-08-27&inboundDate=2026-08-29&market=PL&locale=pl-PL&currency=PLN&mediaPartnerId=6439681
Gdańsk,Sztokholm,Szwecja,Gdańsk,2026-08-27,2026-08-31,4,81.86,225.74,307.6,GDN,STO,GDN,https://www.skyscanner.net/g/referrals/v1/flights/day-view/?origin=gdn&destination=sto&outboundDate=2026-08-27&inboundDate=2026-08-31&market=PL&locale=pl-PL&currency=PLN&mediaPartnerId=6439681
Katowice,Oslo,Norwegia,Katowice,2026-08-29,2026-08-31,2,96.08,211.7,307.78,KTW,OSLO,KTW,https://www.skyscanner.net/g/referrals/v1/flights/day-view/?origin=ktw&destination=oslo&outboundDate=2026-08-29&inboundDate=2026-08-31&market=PL&locale=pl-PL&currency=PLN&mediaPartnerId=6439681
Gdańsk,Kopenhaga,Dania,Warszawa,2026-08-25,2026-08-31,6,189.91,117.93,307.84000000000003,GDN,CPH,WARS,https://skyscanner.net/g/referrals/v1/flights/multicity/?mediaPartnerId=6439681&origin0=gdn&date0=2026-08-25&destination0=cph&origin1=cph&date1=2026-08-31&destination1=wars&adultsv2=1&market=PL&locale=pl-PL&currency=PLN
Poznań,Kopenhaga,Dania,Gdańsk,2026-08-27,2026-08-30,3,129.92,178.46,308.38,POZ,CPH,GDN,https://skyscanner.net/g/referrals/v1/flights/multicity/?mediaPartnerId=6439681&origin0=poz&date0=2026-08-27&destination0=cph&origin1=cph&date1=2026-08-30&destination1=gdn&adultsv2=1&market=PL&locale=pl-PL&currency=PLN
Gdańsk,Oslo,Norwegia,Kraków,2026-08-27,2026-08-30,3,68.33,240.75,309.08,GDN,OSLO,KRK,https://skyscanner.net/g/referrals/v1/flights/multicity/?mediaPartnerId=6439681&origin0=gdn&date0=2026-08-27&destination0=oslo&origin1=oslo&date1=2026-08-30&destination1=krk&adultsv2=1&market=PL&locale=pl-PL&currency=PLN
Gdańsk,Oslo,Norwegia,Kraków,2026-08-28,2026-08-30,2,68.33,240.75,309.08,GDN,OSLO,KRK,https://skyscanner.net/g/referrals/v1/flights/multicity/?mediaPartnerId=6439681&origin0=gdn&date0=2026-08-28&destination0=oslo&origin1=oslo&date1=2026-08-30&destination1=krk&adultsv2=1&market=PL&locale=pl-PL&currency=PLN
Gdańsk,Oslo,Norwegia,Kraków,2026-08-26,2026-08-30,4,68.33,240.75,309.08,GDN,OSLO,KRK,https://skyscanner.net/g/referrals/v1/flights/multicity/?mediaPartnerId=6439681&origin0=gdn&date0=2026-08-26&destination0=oslo&origin1=oslo&date1=2026-08-30&destination1=krk&adultsv2=1&market=PL&locale=pl-PL&currency=PLN
Kraków,Kopenhaga,Dania,Kraków,2026-08-27,2026-08-31,4,171.85,137.3,309.15,KRK,CPH,KRK,https://www.skyscanner.net/g/referrals/v1/flights/day-view/?origin=krk&destination=cph&outboundDate=2026-08-27&inboundDate=2026-08-31&market=PL&locale=pl-PL&currency=PLN&mediaPartnerId=6439681
Kraków,Sztokholm,Szwecja,Gdańsk,2026-08-27,2026-08-30,3,145.98,163.36,309.34000000000003,KRK,ARN,GDN,https://skyscanner.net/g/referrals/v1/flights/multicity/?mediaPartnerId=6439681&origin0=krk&date0=2026-08-27&destination0=arn&origin1=arn&date1=2026-08-30&destination1=gdn&adultsv2=1&market=PL&locale=pl-PL&currency=PLN
Kraków,Sztokholm,Szwecja,Gdańsk,2026-08-27,2026-08-30,3,145.98,163.36,309.34000000000003,KRK,STO,GDN,https://skyscanner.net/g/referrals/v1/flights/multicity/?mediaPartnerId=6439681&origin0=krk&date0=2026-08-27&destination0=sto&origin1=sto&date1=2026-08-30&destination1=gdn&adultsv2=1&market=PL&locale=pl-PL&currency=PLN
Kraków,Sztokholm,Szwecja,Gdańsk,2026-08-27,2026-08-31,4,145.98,164.01,309.99,KRK,ARN,GDN,https://skyscanner.net/g/referrals/v1/flights/multicity/?mediaPartnerId=6439681&origin0=krk&date0=2026-08-27&destination0=arn&origin1=arn&date1=2026-08-31&destination1=gdn&adultsv2=1&market=PL&locale=pl-PL&currency=PLN
Gdańsk,Oslo,Norwegia,Kraków,2026-08-29,2026-08-31,2,68.33,241.71,310.04,GDN,OSLO,KRK,https://skyscanner.net/g/referrals/v1/flights/multicity/?mediaPartnerId=6439681&origin0=gdn&date0=2026-08-29&destination0=oslo&origin1=oslo&date1=2026-08-31&destination1=krk&adultsv2=1&market=PL&locale=pl-PL&currency=PLN
Gdańsk,Oslo,Norwegia,Kraków,2026-08-27,2026-08-31,4,68.33,241.71,310.04,GDN,OSLO,KRK,https://skyscanner.net/g/referrals/v1/flights/multicity/?mediaPartnerId=6439681&origin0=gdn&date0=2026-08-27&destination0=oslo&origin1=oslo&date1=2026-08-31&destination1=krk&adultsv2=1&market=PL&locale=pl-PL&currency=PLN
Gdańsk,Oslo,Norwegia,Kraków,2026-08-28,2026-08-31,3,68.33,241.71,310.04,GDN,OSLO,KRK,https://skyscanner.net/g/referrals/v1/flights/multicity/?mediaPartnerId=6439681&origin0=gdn&date0=2026-08-28&destination0=oslo&origin1=oslo&date1=2026-08-31&destination1=krk&adultsv2=1&market=PL&locale=pl-PL&currency=PLN
Gdańsk,Oslo,Norwegia,Kraków,2026-08-26,2026-08-31,5,68.33,241.71,310.04,GDN,OSLO,KRK,https://skyscanner.net/g/referrals/v1/flights/multicity/?mediaPartnerId=6439681&origin0=gdn&date0=2026-08-26&destination0=oslo&origin1=oslo&date1=2026-08-31&destination1=krk&adultsv2=1&market=PL&locale=pl-PL&currency=PLN
Kraków,Oslo,Norwegia,Gdańsk,2026-08-27,2026-08-30,3,189.91,120.37,310.28,KRK,OSLO,GDN,https://skyscanner.net/g/referrals/v1/flights/multicity/?mediaPartnerId=6439681&origin0=krk&date0=2026-08-27&destination0=oslo&origin1=oslo&date1=2026-08-30&destination1=gdn&adultsv2=1&market=PL&locale=pl-PL&currency=PLN
Poznań,Sztokholm,Szwecja,Gdańsk,2026-08-29,2026-08-31,2,146.74,164.01,310.75,POZ,ARN,GDN,https://skyscanner.net/g/referrals/v1/flights/multicity/?mediaPartnerId=6439681&origin0=poz&date0=2026-08-29&destination0=arn&origin1=arn&date1=2026-08-31&destination1=gdn&adultsv2=1&market=PL&locale=pl-PL&currency=PLN
Warszawa,Sztokholm,Szwecja,Warszawa,2026-08-29,2026-08-31,2,132.03,178.95,310.98,WARS,STO,WARS,https://www.skyscanner.net/g/referrals/v1/flights/day-view/?origin=wars&destination=sto&outboundDate=2026-08-29&inboundDate=2026-08-31&market=PL&locale=pl-PL&currency=PLN&mediaPartnerId=6439681
Wrocław,Oslo,Norwegia,Kraków,2026-08-28,2026-08-30,2,71.7,240.75,312.45,WRO,OSLO,KRK,https://skyscanner.net/g/referrals/v1/flights/multicity/?mediaPartnerId=6439681&origin0=wro&date0=2026-08-28&destination0=oslo&origin1=oslo&date1=2026-08-30&destination1=krk&adultsv2=1&market=PL&locale=pl-PL&currency=PLN
Warszawa,Oslo,Norwegia,Poznań,2026-08-29,2026-08-31,2,209.0,104.04,313.04,WARS,OSLO,POZ,https://skyscanner.net/g/referrals/v1/flights/multicity/?mediaPartnerId=6439681&origin0=wars&date0=2026-08-29&destination0=oslo&origin1=oslo&date1=2026-08-31&destination1=poz&adultsv2=1&market=PL&locale=pl-PL&currency=PLN
Wrocław,Oslo,Norwegia,Kraków,2026-08-28,2026-08-31,3,71.7,241.71,313.41,WRO,OSLO,KRK,https://skyscanner.net/g/referrals/v1/flights/multicity/?mediaPartnerId=6439681&origin0=wro&date0=2026-08-28&destination0=oslo&origin1=oslo&date1=2026-08-31&destination1=krk&adultsv2=1&market=PL&locale=pl-PL&currency=PLN
Poznań,Oslo,Norwegia,Gdańsk,2026-08-25,2026-08-31,6,246.03,67.39,313.42,POZ,OSLO,GDN,https://skyscanner.net/g/referrals/v1/flights/multicity/?mediaPartnerId=6439681&origin0=poz&date0=2026-08-25&destination0=oslo&origin1=oslo&date1=2026-08-31&destination1=gdn&adultsv2=1&market=PL&locale=pl-PL&currency=PLN
Gdańsk,Kopenhaga,Dania,Warszawa,2026-08-27,2026-08-31,4,196.66,117.93,314.59000000000003,GDN,CPH,WARS,https://skyscanner.net/g/referrals/v1/flights/multicity/?mediaPartnerId=6439681&origin0=gdn&date0=2026-08-27&destination0=cph&origin1=cph&date1=2026-08-31&destination1=wars&adultsv2=1&market=PL&locale=pl-PL&currency=PLN
Gdańsk,Sztokholm,Szwecja,Gdańsk,2026-08-29,2026-08-31,2,89.0,225.74,314.74,GDN,STO,GDN,https://www.skyscanner.net/g/referrals/v1/flights/day-view/?origin=gdn&destination=sto&outboundDate=2026-08-29&inboundDate=2026-08-31&market=PL&locale=pl-PL&currency=PLN&mediaPartnerId=6439681
Gdańsk,Sztokholm,Szwecja,Gdańsk,2026-08-29,2026-08-31,2,89.0,225.74,314.74,GDN,STO,GDN,https://www.skyscanner.net/g/referrals/v1/flights/day-view/?origin=gdn&destination=sto&outboundDate=2026-08-29&inboundDate=2026-08-31&market=PL&locale=pl-PL&currency=PLN&mediaPartnerId=6439681
Kraków,Oslo,Norwegia,Gdańsk,2026-08-26,2026-08-29,3,211.49,103.56,315.05,KRK,OSLO,GDN,https://skyscanner.net/g/referrals/v1/flights/multicity/?mediaPartnerId=6439681&origin0=krk&date0=2026-08-26&destination0=oslo&origin1=oslo&date1=2026-08-29&destination1=gdn&adultsv2=1&market=PL&locale=pl-PL&currency=PLN
Kraków,Sztokholm,Szwecja,Kraków,2026-08-29,2026-08-31,2,186.92,128.14,315.05999999999995,KRK,ARN,KRK,https://www.skyscanner.net/g/referrals/v1/flights/day-view/?origin=krk&destination=arn&outboundDate=2026-08-29&inboundDate=2026-08-31&market=PL&locale=pl-PL&currency=PLN&mediaPartnerId=6439681
Kraków,Sztokholm,Szwecja,Kraków,2026-08-25,2026-08-31,6,186.93,128.14,315.07,KRK,ARN,KRK,https://www.skyscanner.net/g/referrals/v1/flights/day-view/?origin=krk&destination=arn&outboundDate=2026-08-25&inboundDate=2026-08-31&market=PL&locale=pl-PL&currency=PLN&mediaPartnerId=6439681
Kraków,Oslo,Norwegia,Poznań,2026-08-26,2026-08-31,5,211.49,104.04,315.53000000000003,KRK,OSLO,POZ,https://skyscanner.net/g/referrals/v1/flights/multicity/?mediaPartnerId=6439681&origin0=krk&date0=2026-08-26&destination0=oslo&origin1=oslo&date1=2026-08-31&destination1=poz&adultsv2=1&market=PL&locale=pl-PL&currency=PLN
Kraków,Oslo,Norwegia,Kraków,2026-08-29,2026-08-31,2,75.05,241.71,316.76,KRK,OSLO,KRK,https://www.skyscanner.net/g/referrals/v1/flights/day-view/?origin=krk&destination=oslo&outboundDate=2026-08-29&inboundDate=2026-08-31&market=PL&locale=pl-PL&currency=PLN&mediaPartnerId=6439681
Gdańsk,Sztokholm,Szwecja,Gdańsk,2026-08-26,2026-08-31,5,91.34,225.74,317.08000000000004,GDN,STO,GDN,https://www.skyscanner.net/g/referrals/v1/flights/day-view/?origin=gdn&destination=sto&outboundDate=2026-08-26&inboundDate=2026-08-31&market=PL&locale=pl-PL&currency=PLN&mediaPartnerId=6439681
Gdańsk,Sztokholm,Szwecja,Gdańsk,2026-08-26,2026-08-29,3,91.34,225.74,317.08000000000004,GDN,STO,GDN,https://www.skyscanner.net/g/referrals/v1/flights/day-view/?origin=gdn&destination=sto&outboundDate=2026-08-26&inboundDate=2026-08-29&market=PL&locale=pl-PL&currency=PLN&mediaPartnerId=6439681
Warszawa,Sztokholm,Szwecja,Poznań,2026-08-27,2026-08-29,2,220.72,96.66,317.38,WARS,ARN,POZ,https://skyscanner.net/g/referrals/v1/flights/multicity/?mediaPartnerId=6439681&origin0=wars&date0=2026-08-27&destination0=arn&origin1=arn&date1=2026-08-29&destination1=poz&adultsv2=1&market=PL&locale=pl-PL&currency=PLN
Gdańsk,Oslo,Norwegia,Kraków,2026-08-25,2026-08-30,5,77.32,240.75,318.07,GDN,OSLO,KRK,https://skyscanner.net/g/referrals/v1/flights/multicity/?mediaPartnerId=6439681&origin0=gdn&date0=2026-08-25&destination0=oslo&origin1=oslo&date1=2026-08-30&destination1=krk&adultsv2=1&market=PL&locale=pl-PL&currency=PLN
Poznań,Oslo,Norwegia,Gdańsk,2026-08-28,2026-08-30,2,198.54,120.37,318.90999999999997,POZ,OSLO,GDN,https://skyscanner.net/g/referrals/v1/flights/multicity/?mediaPartnerId=6439681&origin0=poz&date0=2026-08-28&destination0=oslo&origin1=oslo&date1=2026-08-30&destination1=gdn&adultsv2=1&market=PL&locale=pl-PL&currency=PLN
Poznań,Oslo,Norwegia,Kraków,2026-08-29,2026-08-31,2,77.31,241.71,319.02,POZ,OSLO,KRK,https://skyscanner.net/g/referrals/v1/flights/multicity/?mediaPartnerId=6439681&origin0=poz&date0=2026-08-29&destination0=oslo&origin1=oslo&date1=2026-08-31&destination1=krk&adultsv2=1&market=PL&locale=pl-PL&currency=PLN
Gdańsk,Oslo,Norwegia,Kraków,2026-08-25,2026-08-31,6,77.32,241.71,319.03,GDN,OSLO,KRK,https://skyscanner.net/g/referrals/v1/flights/multicity/?mediaPartnerId=6439681&origin0=gdn&date0=2026-08-25&destination0=oslo&origin1=oslo&date1=2026-08-31&destination1=krk&adultsv2=1&market=PL&locale=pl-PL&currency=PLN
Katowice,Oslo,Norwegia,Gdańsk,2026-08-26,2026-08-29,3,216.01,103.56,319.57,KTW,OSLO,GDN,https://skyscanner.net/g/referrals/v1/flights/multicity/?mediaPartnerId=6439681&origin0=ktw&date0=2026-08-26&destination0=oslo&origin1=oslo&date1=2026-08-29&destination1=gdn&adultsv2=1&market=PL&locale=pl-PL&currency=PLN
Kraków,Sztokholm,Szwecja,Warszawa,2026-08-28,2026-08-31,3,162.31,157.36,319.67,KRK,ARN,WARS,https://skyscanner.net/g/referrals/v1/flights/multicity/?mediaPartnerId=6439681&origin0=krk&date0=2026-08-28&destination0=arn&origin1=arn&date1=2026-08-31&destination1=wars&adultsv2=1&market=PL&locale=pl-PL&currency=PLN
Katowice,Oslo,Norwegia,Poznań,2026-08-26,2026-08-31,5,216.01,104.04,320.05,KTW,OSLO,POZ,https://skyscanner.net/g/referrals/v1/flights/multicity/?mediaPartnerId=6439681&origin0=ktw&date0=2026-08-26&destination0=oslo&origin1=oslo&date1=2026-08-31&destination1=poz&adultsv2=1&market=PL&locale=pl-PL&currency=PLN
Gdańsk,Oslo,Norwegia,Katowice,2026-08-29,2026-08-31,2,109.0,211.7,320.7,GDN,OSLO,KTW,https://skyscanner.net/g/referrals/v1/flights/multicity/?mediaPartnerId=6439681&origin0=gdn&date0=2026-08-29&destination0=oslo&origin1=oslo&date1=2026-08-31&destination1=ktw&adultsv2=1&market=PL&locale=pl-PL&currency=PLN
Gdańsk,Oslo,Norwegia,Kraków,2026-08-26,2026-08-29,3,68.33,252.45,320.78,GDN,OSLO,KRK,https://skyscanner.net/g/referrals/v1/flights/multicity/?mediaPartnerId=6439681&origin0=gdn&date0=2026-08-26&destination0=oslo&origin1=oslo&date1=2026-08-29&destination1=krk&adultsv2=1&market=PL&locale=pl-PL&currency=PLN
Gdańsk,Oslo,Norwegia,Kraków,2026-08-27,2026-08-29,2,68.33,252.45,320.78,GDN,OSLO,KRK,https://skyscanner.net/g/referrals/v1/flights/multicity/?mediaPartnerId=6439681&origin0=gdn&date0=2026-08-27&destination0=oslo&origin1=oslo&date1=2026-08-29&destination1=krk&adultsv2=1&market=PL&locale=pl-PL&currency=PLN
Kraków,Kopenhaga,Dania,Gdańsk,2026-08-25,2026-08-29,4,97.68,224.67,322.35,KRK,CPH,GDN,https://skyscanner.net/g/referrals/v1/flights/multicity/?mediaPartnerId=6439681&origin0=krk&date0=2026-08-25&destination0=cph&origin1=cph&date1=2026-08-29&destination1=gdn&adultsv2=1&market=PL&locale=pl-PL&currency=PLN
Gdańsk,Kopenhaga,Dania,Kraków,2026-08-26,2026-08-31,5,185.59,137.3,322.89,GDN,CPH,KRK,https://skyscanner.net/g/referrals/v1/flights/multicity/?mediaPartnerId=6439681&origin0=gdn&date0=2026-08-26&destination0=cph&origin1=cph&date1=2026-08-31&destination1=krk&adultsv2=1&market=PL&locale=pl-PL&currency=PLN
Kraków,Sztokholm,Szwecja,Gdańsk,2026-08-27,2026-08-29,2,145.98,176.96,322.94,KRK,ARN,GDN,https://skyscanner.net/g/referrals/v1/flights/multicity/?mediaPartnerId=6439681&origin0=krk&date0=2026-08-27&destination0=arn&origin1=arn&date1=2026-08-29&destination1=gdn&adultsv2=1&market=PL&locale=pl-PL&currency=PLN
Gdańsk,Bratysława,Słowacja,Warszawa,2026-08-25,2026-08-29,4,150.66,172.64,323.29999999999995,GDN,BTS,WARS,https://skyscanner.net/g/referrals/v1/flights/multicity/?mediaPartnerId=6439681&origin0=gdn&date0=2026-08-25&destination0=bts&origin1=bts&date1=2026-08-29&destination1=wars&adultsv2=1&market=PL&locale=pl-PL&currency=PLN
Gdańsk,Bratysława,Słowacja,Warszawa,2026-08-25,2026-08-30,5,150.66,172.65,323.31,GDN,BTS,WARS,https://skyscanner.net/g/referrals/v1/flights/multicity/?mediaPartnerId=6439681&origin0=gdn&date0=2026-08-25&destination0=bts&origin1=bts&date1=2026-08-30&destination1=wars&adultsv2=1&market=PL&locale=pl-PL&currency=PLN
Poznań,Oslo,Norwegia,Gdańsk,2026-08-25,2026-08-27,2,246.03,77.31,323.34000000000003,POZ,OSLO,GDN,https://skyscanner.net/g/referrals/v1/flights/multicity/?mediaPartnerId=6439681&origin0=poz&date0=2026-08-25&destination0=oslo&origin1=oslo&date1=2026-08-27&destination1=gdn&adultsv2=1&market=PL&locale=pl-PL&currency=PLN
Kraków,Oslo,Norwegia,Gdańsk,2026-08-27,2026-08-31,4,189.91,134.12,324.03,KRK,OSLO,GDN,https://skyscanner.net/g/referrals/v1/flights/multicity/?mediaPartnerId=6439681&origin0=krk&date0=2026-08-27&destination0=oslo&origin1=oslo&date1=2026-08-31&destination1=gdn&adultsv2=1&market=PL&locale=pl-PL&currency=PLN
Kraków,Ryga,Łotwa,Kraków,2026-08-24,2026-08-31,7,220.4,103.63,324.03,KRK,RIX,KRK,https://www.skyscanner.net/g/referrals/v1/flights/day-view/?origin=krk&destination=rix&outboundDate=2026-08-24&inboundDate=2026-08-31&market=PL&locale=pl-PL&currency=PLN&mediaPartnerId=6439681
Kraków,Kopenhaga,Dania,Gdańsk,2026-08-26,2026-08-29,3,99.71,224.67,324.38,KRK,CPH,GDN,https://skyscanner.net/g/referrals/v1/flights/multicity/?mediaPartnerId=6439681&origin0=krk&date0=2026-08-26&destination0=cph&origin1=cph&date1=2026-08-29&destination1=gdn&adultsv2=1&market=PL&locale=pl-PL&currency=PLN
Kraków,Sztokholm,Szwecja,Warszawa,2026-08-27,2026-08-31,4,145.98,178.95,324.92999999999995,KRK,STO,WARS,https://skyscanner.net/g/referrals/v1/flights/multicity/?mediaPartnerId=6439681&origin0=krk&date0=2026-08-27&destination0=sto&origin1=sto&date1=2026-08-31&destination1=wars&adultsv2=1&market=PL&locale=pl-PL&currency=PLN
Wrocław,Sztokholm,Szwecja,Gdańsk,2026-08-29,2026-08-31,2,99.25,225.74,324.99,WRO,STO,GDN,https://skyscanner.net/g/referrals/v1/flights/multicity/?mediaPartnerId=6439681&origin0=wro&date0=2026-08-29&destination0=sto&origin1=sto&date1=2026-08-31&destination1=gdn&adultsv2=1&market=PL&locale=pl-PL&currency=PLN
Kraków,Sztokholm,Szwecja,Gdańsk,2026-08-28,2026-08-30,2,162.31,163.36,325.67,KRK,STO,GDN,https://skyscanner.net/g/referrals/v1/flights/multicity/?mediaPartnerId=6439681&origin0=krk&date0=2026-08-28&destination0=sto&origin1=sto&date1=2026-08-30&destination1=gdn&adultsv2=1&market=PL&locale=pl-PL&currency=PLN
Kraków,Sztokholm,Szwecja,Gdańsk,2026-08-28,2026-08-30,2,162.31,163.36,325.67,KRK,ARN,GDN,https://skyscanner.net/g/referrals/v1/flights/multicity/?mediaPartnerId=6439681&origin0=krk&date0=2026-08-28&destination0=arn&origin1=arn&date1=2026-08-30&destination1=gdn&adultsv2=1&market=PL&locale=pl-PL&currency=PLN
Poznań,Sztokholm,Szwecja,Warszawa,2026-08-29,2026-08-31,2,146.74,178.95,325.69,POZ,STO,WARS,https://skyscanner.net/g/referrals/v1/flights/multicity/?mediaPartnerId=6439681&origin0=poz&date0=2026-08-29&destination0=sto&origin1=sto&date1=2026-08-31&destination1=wars&adultsv2=1&market=PL&locale=pl-PL&currency=PLN
Kraków,Sztokholm,Szwecja,Gdańsk,2026-08-28,2026-08-31,3,162.31,164.01,326.32,KRK,ARN,GDN,https://skyscanner.net/g/referrals/v1/flights/multicity/?mediaPartnerId=6439681&origin0=krk&date0=2026-08-28&destination0=arn&origin1=arn&date1=2026-08-31&destination1=gdn&adultsv2=1&market=PL&locale=pl-PL&currency=PLN
Kraków,Kopenhaga,Dania,Gdańsk,2026-08-28,2026-08-31,3,246.73,80.28,327.01,KRK,CPH,GDN,https://skyscanner.net/g/referrals/v1/flights/multicity/?mediaPartnerId=6439681&origin0=krk&date0=2026-08-28&destination0=cph&origin1=cph&date1=2026-08-31&destination1=gdn&adultsv2=1&market=PL&locale=pl-PL&currency=PLN
Kraków,Oslo,Norwegia,Kraków,2026-08-28,2026-08-30,2,86.32,240.75,327.07,KRK,OSLO,KRK,https://www.skyscanner.net/g/referrals/v1/flights/day-view/?origin=krk&destination=oslo&outboundDate=2026-08-28&inboundDate=2026-08-30&market=PL&locale=pl-PL&currency=PLN&mediaPartnerId=6439681
Gdańsk,Kopenhaga,Dania,Kraków,2026-08-25,2026-08-31,6,189.91,137.3,327.21000000000004,GDN,CPH,KRK,https://skyscanner.net/g/referrals/v1/flights/multicity/?mediaPartnerId=6439681&origin0=gdn&date0=2026-08-25&destination0=cph&origin1=cph&date1=2026-08-31&destination1=krk&adultsv2=1&market=PL&locale=pl-PL&currency=PLN
Kraków,Gotenburg,Szwecja,Kraków,2026-08-26,2026-08-30,4,145.84,182.06,327.9,KRK,GOT,KRK,https://www.skyscanner.net/g/referrals/v1/flights/day-view/?origin=krk&destination=got&outboundDate=2026-08-26&inboundDate=2026-08-30&market=PL&locale=pl-PL&currency=PLN&mediaPartnerId=6439681
Kraków,Oslo,Norwegia,Kraków,2026-08-28,2026-08-31,3,86.32,241.71,328.03,KRK,OSLO,KRK,https://www.skyscanner.net/g/referrals/v1/flights/day-view/?origin=krk&destination=oslo&outboundDate=2026-08-28&inboundDate=2026-08-31&market=PL&locale=pl-PL&currency=PLN&mediaPartnerId=6439681
Kraków,Oslo,Norwegia,Gdańsk,2026-08-26,2026-08-30,4,211.49,120.37,331.86,KRK,OSLO,GDN,https://skyscanner.net/g/referrals/v1/flights/multicity/?mediaPartnerId=6439681&origin0=krk&date0=2026-08-26&destination0=oslo&origin1=oslo&date1=2026-08-30&destination1=gdn&adultsv2=1&market=PL&locale=pl-PL&currency=PLN
Gdańsk,Sztokholm,Szwecja,Warszawa,2026-08-27,2026-08-30,3,81.86,250.03,331.89,GDN,ARN,WARS,https://skyscanner.net/g/referrals/v1/flights/multicity/?mediaPartnerId=6439681&origin0=gdn&date0=2026-08-27&destination0=arn&origin1=arn&date1=2026-08-30&destination1=wars&adultsv2=1&market=PL&locale=pl-PL&currency=PLN
Katowice,Budapeszt,Węgry,Gdańsk,2026-08-28,2026-08-31,3,187.54,144.38,331.91999999999996,KTW,BUD,GDN,https://skyscanner.net/g/referrals/v1/flights/multicity/?mediaPartnerId=6439681&origin0=ktw&date0=2026-08-28&destination0=bud&origin1=bud&date1=2026-08-31&destination1=gdn&adultsv2=1&market=PL&locale=pl-PL&currency=PLN
Wrocław,Oslo,Norwegia,Gdańsk,2026-08-27,2026-08-29,2,228.76,103.56,332.32,WRO,OSLO,GDN,https://skyscanner.net/g/referrals/v1/flights/multicity/?mediaPartnerId=6439681&origin0=wro&date0=2026-08-27&destination0=oslo&origin1=oslo&date1=2026-08-29&destination1=gdn&adultsv2=1&market=PL&locale=pl-PL&currency=PLN
Gdańsk,Kopenhaga,Dania,Gdańsk,2026-08-22,2026-08-26,4,258.98,73.35,332.33000000000004,GDN,CPH,GDN,https://www.skyscanner.net/g/referrals/v1/flights/day-view/?origin=gdn&destination=cph&outboundDate=2026-08-22&inboundDate=2026-08-26&market=PL&locale=pl-PL&currency=PLN&mediaPartnerId=6439681
Poznań,Oslo,Norwegia,Gdańsk,2026-08-28,2026-08-31,3,198.54,134.12,332.65999999999997,POZ,OSLO,GDN,https://skyscanner.net/g/referrals/v1/flights/multicity/?mediaPartnerId=6439681&origin0=poz&date0=2026-08-28&destination0=oslo&origin1=oslo&date1=2026-08-31&destination1=gdn&adultsv2=1&market=PL&locale=pl-PL&currency=PLN
Wrocław,Oslo,Norwegia,Poznań,2026-08-27,2026-08-31,4,228.76,104.04,332.8,WRO,OSLO,POZ,https://skyscanner.net/g/referrals/v1/flights/multicity/?mediaPartnerId=6439681&origin0=wro&date0=2026-08-27&destination0=oslo&origin1=oslo&date1=2026-08-31&destination1=poz&adultsv2=1&market=PL&locale=pl-PL&currency=PLN
Wrocław,Sztokholm,Szwecja,Gdańsk,2026-08-28,2026-08-31,3,107.88,225.74,333.62,WRO,STO,GDN,https://skyscanner.net/g/referrals/v1/flights/multicity/?mediaPartnerId=6439681&origin0=wro&date0=2026-08-28&destination0=sto&origin1=sto&date1=2026-08-31&destination1=gdn&adultsv2=1&market=PL&locale=pl-PL&currency=PLN
Gdańsk,Kopenhaga,Dania,Kraków,2026-08-27,2026-08-31,4,196.66,137.3,333.96000000000004,GDN,CPH,KRK,https://skyscanner.net/g/referrals/v1/flights/multicity/?mediaPartnerId=6439681&origin0=gdn&date0=2026-08-27&destination0=cph&origin1=cph&date1=2026-08-31&destination1=krk&adultsv2=1&market=PL&locale=pl-PL&currency=PLN
Poznań,Praga,Czechy,Poznań,2026-08-23,2026-08-28,5,263.3,71.5,334.8,POZ,PRG,POZ,https://www.skyscanner.net/g/referrals/v1/flights/day-view/?origin=poz&destination=prg&outboundDate=2026-08-23&inboundDate=2026-08-28&market=PL&locale=pl-PL&currency=PLN&mediaPartnerId=6439681
Katowice,Oslo,Norwegia,Gdańsk,2026-08-26,2026-08-30,4,216.01,120.37,336.38,KTW,OSLO,GDN,https://skyscanner.net/g/referrals/v1/flights/multicity/?mediaPartnerId=6439681&origin0=ktw&date0=2026-08-26&destination0=oslo&origin1=oslo&date1=2026-08-30&destination1=gdn&adultsv2=1&market=PL&locale=pl-PL&currency=PLN
Kraków,Sztokholm,Szwecja,Warszawa,2026-08-25,2026-08-29,4,186.93,149.92,336.85,KRK,ARN,WARS,https://skyscanner.net/g/referrals/v1/flights/multicity/?mediaPartnerId=6439681&origin0=krk&date0=2026-08-25&destination0=arn&origin1=arn&date1=2026-08-29&destination1=wars&adultsv2=1&market=PL&locale=pl-PL&currency=PLN
Kraków,Sztokholm,Szwecja,Kraków,2026-08-25,2026-08-27,2,186.93,150.82,337.75,KRK,ARN,KRK,https://www.skyscanner.net/g/referrals/v1/flights/day-view/?origin=krk&destination=arn&outboundDate=2026-08-25&inboundDate=2026-08-27&market=PL&locale=pl-PL&currency=PLN&mediaPartnerId=6439681
Katowice,Oslo,Norwegia,Kraków,2026-08-29,2026-08-31,2,96.08,241.71,337.79,KTW,OSLO,KRK,https://skyscanner.net/g/referrals/v1/flights/multicity/?mediaPartnerId=6439681&origin0=ktw&date0=2026-08-29&destination0=oslo&origin1=oslo&date1=2026-08-31&destination1=krk&adultsv2=1&market=PL&locale=pl-PL&currency=PLN
Gdańsk,Kopenhaga,Dania,Gdańsk,2026-08-22,2026-08-25,3,258.98,79.0,337.98,GDN,CPH,GDN,https://www.skyscanner.net/g/referrals/v1/flights/day-view/?origin=gdn&destination=cph&outboundDate=2026-08-22&inboundDate=2026-08-25&market=PL&locale=pl-PL&currency=PLN&mediaPartnerId=6439681
Gdańsk,Bergen,Norwegia,Warszawa,2026-08-29,2026-08-31,2,129.0,209.28,338.28,GDN,BGO,WARS,https://skyscanner.net/g/referrals/v1/flights/multicity/?mediaPartnerId=6439681&origin0=gdn&date0=2026-08-29&destination0=bgo&origin1=bgo&date1=2026-08-31&destination1=wars&adultsv2=1&market=PL&locale=pl-PL&currency=PLN
Poznań,Praga,Czechy,Poznań,2026-08-23,2026-08-27,4,263.3,76.25,339.55,POZ,PRG,POZ,https://www.skyscanner.net/g/referrals/v1/flights/day-view/?origin=poz&destination=prg&outboundDate=2026-08-23&inboundDate=2026-08-27&market=PL&locale=pl-PL&currency=PLN&mediaPartnerId=6439681
Katowice,Mediolan,Włochy,Warszawa,2026-08-29,2026-08-31,2,185.16,155.38,340.53999999999996,KTW,MIL,WARS,https://skyscanner.net/g/referrals/v1/flights/multicity/?mediaPartnerId=6439681&origin0=ktw&date0=2026-08-29&destination0=mil&origin1=mil&date1=2026-08-31&destination1=wars&adultsv2=1&market=PL&locale=pl-PL&currency=PLN
Katowice,Mediolan,Włochy,Warszawa,2026-08-29,2026-08-31,2,185.16,155.38,340.53999999999996,KTW,MILA,WARS,https://skyscanner.net/g/referrals/v1/flights/multicity/?mediaPartnerId=6439681&origin0=ktw&date0=2026-08-29&destination0=mila&origin1=mila&date1=2026-08-31&destination1=wars&adultsv2=1&market=PL&locale=pl-PL&currency=PLN
Gdańsk,Sztokholm,Szwecja,Gdańsk,2026-08-25,2026-08-27,2,246.03,94.93,340.96000000000004,GDN,ARN,GDN,https://www.skyscanner.net/g/referrals/v1/flights/day-view/?origin=gdn&destination=arn&outboundDate=2026-08-25&inboundDate=2026-08-27&market=PL&locale=pl-PL&currency=PLN&mediaPartnerId=6439681
Kraków,Sztokholm,Szwecja,Warszawa,2026-08-28,2026-08-31,3,162.31,178.95,341.26,KRK,STO,WARS,https://skyscanner.net/g/referrals/v1/flights/multicity/?mediaPartnerId=6439681&origin0=krk&date0=2026-08-28&destination0=sto&origin1=sto&date1=2026-08-31&destination1=wars&adultsv2=1&market=PL&locale=pl-PL&currency=PLN
Gdańsk,Sztokholm,Szwecja,Warszawa,2026-08-26,2026-08-30,4,91.34,250.03,341.37,GDN,ARN,WARS,https://skyscanner.net/g/referrals/v1/flights/multicity/?mediaPartnerId=6439681&origin0=gdn&date0=2026-08-26&destination0=arn&origin1=arn&date1=2026-08-30&destination1=wars&adultsv2=1&market=PL&locale=pl-PL&currency=PLN
Kraków,Oslo,Norwegia,Poznań,2026-08-27,2026-08-29,2,189.91,152.62,342.53,KRK,OSLO,POZ,https://skyscanner.net/g/referrals/v1/flights/multicity/?mediaPartnerId=6439681&origin0=krk&date0=2026-08-27&destination0=oslo&origin1=oslo&date1=2026-08-29&destination1=poz&adultsv2=1&market=PL&locale=pl-PL&currency=PLN
Gdańsk,Sztokholm,Szwecja,Poznań,2026-08-25,2026-08-29,4,246.03,96.66,342.69,GDN,ARN,POZ,https://skyscanner.net/g/referrals/v1/flights/multicity/?mediaPartnerId=6439681&origin0=gdn&date0=2026-08-25&destination0=arn&origin1=arn&date1=2026-08-29&destination1=poz&adultsv2=1&market=PL&locale=pl-PL&currency=PLN
Warszawa,Oslo (Wszystkie lotniska),Norwegia,Gdańsk,2026-08-29,2026-08-31,2,209.0,134.12,343.12,WARS,OOS,GDN,https://skyscanner.net/g/referrals/v1/flights/multicity/?mediaPartnerId=6439681&origin0=wars&date0=2026-08-29&destination0=oos&origin1=oos&date1=2026-08-31&destination1=gdn&adultsv2=1&market=PL&locale=pl-PL&currency=PLN
Kraków,Sztokholm,Szwecja,Warszawa,2026-08-29,2026-08-31,2,186.92,157.36,344.28,KRK,ARN,WARS,https://skyscanner.net/g/referrals/v1/flights/multicity/?mediaPartnerId=6439681&origin0=krk&date0=2026-08-29&destination0=arn&origin1=arn&date1=2026-08-31&destination1=wars&adultsv2=1&market=PL&locale=pl-PL&currency=PLN
Kraków,Sztokholm,Szwecja,Warszawa,2026-08-25,2026-08-31,6,186.93,157.36,344.29,KRK,ARN,WARS,https://skyscanner.net/g/referrals/v1/flights/multicity/?mediaPartnerId=6439681&origin0=krk&date0=2026-08-25&destination0=arn&origin1=arn&date1=2026-08-31&destination1=wars&adultsv2=1&market=PL&locale=pl-PL&currency=PLN
Gdańsk,Sztokholm,Szwecja,Wrocław,2026-08-27,2026-08-29,2,81.86,263.3,345.16,GDN,ARN,WRO,https://skyscanner.net/g/referrals/v1/flights/multicity/?mediaPartnerId=6439681&origin0=gdn&date0=2026-08-27&destination0=arn&origin1=arn&date1=2026-08-29&destination1=wro&adultsv2=1&market=PL&locale=pl-PL&currency=PLN
Gdańsk,Wrocław,Polska,Gdańsk,2026-08-25,2026-08-31,6,237.39,107.88,345.27,GDN,WRO,GDN,https://www.skyscanner.net/g/referrals/v1/flights/day-view/?origin=gdn&destination=wro&outboundDate=2026-08-25&inboundDate=2026-08-31&market=PL&locale=pl-PL&currency=PLN&mediaPartnerId=6439681
Kraków,Oslo,Norwegia,Gdańsk,2026-08-26,2026-08-31,5,211.49,134.12,345.61,KRK,OSLO,GDN,https://skyscanner.net/g/referrals/v1/flights/multicity/?mediaPartnerId=6439681&origin0=krk&date0=2026-08-26&destination0=oslo&origin1=oslo&date1=2026-08-31&destination1=gdn&adultsv2=1&market=PL&locale=pl-PL&currency=PLN
Gdańsk,Sztokholm,Szwecja,Gdańsk,2026-08-28,2026-08-31,3,120.84,225.74,346.58000000000004,GDN,STO,GDN,https://www.skyscanner.net/g/referrals/v1/flights/day-view/?origin=gdn&destination=sto&outboundDate=2026-08-28&inboundDate=2026-08-31&market=PL&locale=pl-PL&currency=PLN&mediaPartnerId=6439681
Warszawa,Kopenhaga,Dania,Gdańsk,2026-08-26,2026-08-29,3,122.24,224.67,346.90999999999997,WARS,CPH,GDN,https://skyscanner.net/g/referrals/v1/flights/multicity/?mediaPartnerId=6439681&origin0=wars&date0=2026-08-26&destination0=cph&origin1=cph&date1=2026-08-29&destination1=gdn&adultsv2=1&market=PL&locale=pl-PL&currency=PLN
Kraków,Bergen,Norwegia,Warszawa,2026-08-29,2026-08-31,2,139.0,209.28,348.28,KRK,BGO,WARS,https://skyscanner.net/g/referrals/v1/flights/multicity/?mediaPartnerId=6439681&origin0=krk&date0=2026-08-29&destination0=bgo&origin1=bgo&date1=2026-08-31&destination1=wars&adultsv2=1&market=PL&locale=pl-PL&currency=PLN
Warszawa,Sztokholm,Szwecja,Kraków,2026-08-27,2026-08-31,4,220.72,128.14,348.86,WARS,ARN,KRK,https://skyscanner.net/g/referrals/v1/flights/multicity/?mediaPartnerId=6439681&origin0=wars&date0=2026-08-27&destination0=arn&origin1=arn&date1=2026-08-31&destination1=krk&adultsv2=1&market=PL&locale=pl-PL&currency=PLN
Wrocław,Oslo,Norwegia,Gdańsk,2026-08-27,2026-08-30,3,228.76,120.37,349.13,WRO,OSLO,GDN,https://skyscanner.net/g/referrals/v1/flights/multicity/?mediaPartnerId=6439681&origin0=wro&date0=2026-08-27&destination0=oslo&origin1=oslo&date1=2026-08-30&destination1=gdn&adultsv2=1&market=PL&locale=pl-PL&currency=PLN
Poznań,Oslo,Norwegia,Gdańsk,2026-08-25,2026-08-29,4,246.03,103.56,349.59000000000003,POZ,OSLO,GDN,https://skyscanner.net/g/referrals/v1/flights/multicity/?mediaPartnerId=6439681&origin0=poz&date0=2026-08-25&destination0=oslo&origin1=oslo&date1=2026-08-29&destination1=gdn&adultsv2=1&market=PL&locale=pl-PL&currency=PLN
Poznań,Praga,Czechy,Poznań,2026-08-27,2026-08-30,3,120.84,228.76,349.6,POZ,PRG,POZ,https://www.skyscanner.net/g/referrals/v1/flights/day-view/?origin=poz&destination=prg&outboundDate=2026-08-27&inboundDate=2026-08-30&market=PL&locale=pl-PL&currency=PLN&mediaPartnerId=6439681
Poznań,Oslo,Norwegia,Poznań,2026-08-25,2026-08-31,6,246.03,104.04,350.07,POZ,OSLO,POZ,https://www.skyscanner.net/g/referrals/v1/flights/day-view/?origin=poz&destination=oslo&outboundDate=2026-08-25&inboundDate=2026-08-31&market=PL&locale=pl-PL&currency=PLN&mediaPartnerId=6439681
Katowice,Oslo,Norwegia,Gdańsk,2026-08-26,2026-08-31,5,216.01,134.12,350.13,KTW,OSLO,GDN,https://skyscanner.net/g/referrals/v1/flights/multicity/?mediaPartnerId=6439681&origin0=ktw&date0=2026-08-26&destination0=oslo&origin1=oslo&date1=2026-08-31&destination1=gdn&adultsv2=1&market=PL&locale=pl-PL&currency=PLN
Kraków,Sztokholm,Szwecja,Gdańsk,2026-08-25,2026-08-30,5,186.93,163.36,350.29,KRK,ARN,GDN,https://skyscanner.net/g/referrals/v1/flights/multicity/?mediaPartnerId=6439681&origin0=krk&date0=2026-08-25&destination0=arn&origin1=arn&date1=2026-08-30&destination1=gdn&adultsv2=1&market=PL&locale=pl-PL&currency=PLN
Kraków,Sztokholm,Szwecja,Gdańsk,2026-08-25,2026-08-30,5,186.93,163.36,350.29,KRK,STO,GDN,https://skyscanner.net/g/referrals/v1/flights/multicity/?mediaPartnerId=6439681&origin0=krk&date0=2026-08-25&destination0=sto&origin1=sto&date1=2026-08-30&destination1=gdn&adultsv2=1&market=PL&locale=pl-PL&currency=PLN
Kraków,Kopenhaga,Dania,Gdańsk,2026-08-27,2026-08-30,3,171.85,178.46,350.31,KRK,CPH,GDN,https://skyscanner.net/g/referrals/v1/flights/multicity/?mediaPartnerId=6439681&origin0=krk&date0=2026-08-27&destination0=cph&origin1=cph&date1=2026-08-30&destination1=gdn&adultsv2=1&market=PL&locale=pl-PL&currency=PLN
Kraków,Sztokholm,Szwecja,Gdańsk,2026-08-29,2026-08-31,2,186.92,164.01,350.92999999999995,KRK,ARN,GDN,https://skyscanner.net/g/referrals/v1/flights/multicity/?mediaPartnerId=6439681&origin0=krk&date0=2026-08-29&destination0=arn&origin1=arn&date1=2026-08-31&destination1=gdn&adultsv2=1&market=PL&locale=pl-PL&currency=PLN
Kraków,Sztokholm,Szwecja,Gdańsk,2026-08-25,2026-08-31,6,186.93,164.01,350.94,KRK,ARN,GDN,https://skyscanner.net/g/referrals/v1/flights/multicity/?mediaPartnerId=6439681&origin0=krk&date0=2026-08-25&destination0=arn&origin1=arn&date1=2026-08-31&destination1=gdn&adultsv2=1&market=PL&locale=pl-PL&currency=PLN
Kraków,Oslo,Norwegia,Gdańsk,2026-08-27,2026-08-30,3,189.91,161.81,351.72,KRK,OSLO,GDN,https://skyscanner.net/g/referrals/v1/flights/multicity/?mediaPartnerId=6439681&origin0=krk&date0=2026-08-27&destination0=oslo&origin1=oslo&date1=2026-08-30&destination1=gdn&adultsv2=1&market=PL&locale=pl-PL&currency=PLN
Poznań,Zadar,Chorwacja,Gdańsk,2026-08-25,2026-08-27,2,164.01,187.78,351.78999999999996,POZ,ZAD,GDN,https://skyscanner.net/g/referrals/v1/flights/multicity/?mediaPartnerId=6439681&origin0=poz&date0=2026-08-25&destination0=zad&origin1=zad&date1=2026-08-27&destination1=gdn&adultsv2=1&market=PL&locale=pl-PL&currency=PLN
Poznań,Kopenhaga,Dania,Gdańsk,2026-08-27,2026-08-29,2,129.92,224.67,354.59,POZ,CPH,GDN,https://skyscanner.net/g/referrals/v1/flights/multicity/?mediaPartnerId=6439681&origin0=poz&date0=2026-08-27&destination0=cph&origin1=cph&date1=2026-08-29&destination1=gdn&adultsv2=1&market=PL&locale=pl-PL&currency=PLN
Gdańsk,Sztokholm,Szwecja,Wrocław,2026-08-26,2026-08-29,3,91.34,263.3,354.64,GDN,ARN,WRO,https://skyscanner.net/g/referrals/v1/flights/multicity/?mediaPartnerId=6439681&origin0=gdn&date0=2026-08-26&destination0=arn&origin1=arn&date1=2026-08-29&destination1=wro&adultsv2=1&market=PL&locale=pl-PL&currency=PLN
Warszawa,Kopenhaga,Dania,Kraków,2026-08-28,2026-08-30,2,80.73,275.03,355.76,WARS,CPH,KRK,https://skyscanner.net/g/referrals/v1/flights/multicity/?mediaPartnerId=6439681&origin0=wars&date0=2026-08-28&destination0=cph&origin1=cph&date1=2026-08-30&destination1=krk&adultsv2=1&market=PL&locale=pl-PL&currency=PLN
Warszawa,Budapeszt,Węgry,Gdańsk,2026-08-26,2026-08-31,5,211.92,144.38,356.29999999999995,WARS,BUD,GDN,https://skyscanner.net/g/referrals/v1/flights/multicity/?mediaPartnerId=6439681&origin0=wars&date0=2026-08-26&destination0=bud&origin1=bud&date1=2026-08-31&destination1=gdn&adultsv2=1&market=PL&locale=pl-PL&currency=PLN
Gdańsk,Wrocław,Polska,Gdańsk,2026-08-27,2026-08-31,4,249.59,107.88,357.47,GDN,WRO,GDN,https://www.skyscanner.net/g/referrals/v1/flights/day-view/?origin=gdn&destination=wro&outboundDate=2026-08-27&inboundDate=2026-08-31&market=PL&locale=pl-PL&currency=PLN&mediaPartnerId=6439681
Warszawa,Sztokholm,Szwecja,Gdańsk,2026-08-29,2026-08-31,2,132.03,225.74,357.77,WARS,STO,GDN,https://skyscanner.net/g/referrals/v1/flights/multicity/?mediaPartnerId=6439681&origin0=wars&date0=2026-08-29&destination0=sto&origin1=sto&date1=2026-08-31&destination1=gdn&adultsv2=1&market=PL&locale=pl-PL&currency=PLN
Wrocław,Sztokholm,Szwecja,Warszawa,2026-08-28,2026-08-30,2,107.88,250.03,357.90999999999997,WRO,ARN,WARS,https://skyscanner.net/g/referrals/v1/flights/multicity/?mediaPartnerId=6439681&origin0=wro&date0=2026-08-28&destination0=arn&origin1=arn&date1=2026-08-30&destination1=wars&adultsv2=1&market=PL&locale=pl-PL&currency=PLN
Kraków,Gotenburg,Szwecja,Gdańsk,2026-08-28,2026-08-30,2,289.8,68.33,358.13,KRK,GOT,GDN,https://skyscanner.net/g/referrals/v1/flights/multicity/?mediaPartnerId=6439681&origin0=krk&date0=2026-08-28&destination0=got&origin1=got&date1=2026-08-30&destination1=gdn&adultsv2=1&market=PL&locale=pl-PL&currency=PLN
Poznań,Sztokholm,Szwecja,Gdańsk,2026-08-25,2026-08-27,2,263.3,94.93,358.23,POZ,ARN,GDN,https://skyscanner.net/g/referrals/v1/flights/multicity/?mediaPartnerId=6439681&origin0=poz&date0=2026-08-25&destination0=arn&origin1=arn&date1=2026-08-27&destination1=gdn&adultsv2=1&market=PL&locale=pl-PL&currency=PLN
Katowice,Mediolan,Włochy,Kraków,2026-08-29,2026-08-31,2,185.16,174.31,359.47,KTW,MILA,KRK,https://skyscanner.net/g/referrals/v1/flights/multicity/?mediaPartnerId=6439681&origin0=ktw&date0=2026-08-29&destination0=mila&origin1=mila&date1=2026-08-31&destination1=krk&adultsv2=1&market=PL&locale=pl-PL&currency=PLN
Poznań,Sztokholm,Szwecja,Poznań,2026-08-25,2026-08-29,4,263.3,96.66,359.96000000000004,POZ,ARN,POZ,https://www.skyscanner.net/g/referrals/v1/flights/day-view/?origin=poz&destination=arn&outboundDate=2026-08-25&inboundDate=2026-08-29&market=PL&locale=pl-PL&currency=PLN&mediaPartnerId=6439681
Poznań,Oslo,Norwegia,Gdańsk,2026-08-28,2026-08-30,2,198.54,161.81,360.35,POZ,OSLO,GDN,https://skyscanner.net/g/referrals/v1/flights/multicity/?mediaPartnerId=6439681&origin0=poz&date0=2026-08-28&destination0=oslo&origin1=oslo&date1=2026-08-30&destination1=gdn&adultsv2=1&market=PL&locale=pl-PL&currency=PLN
Gdańsk,Kopenhaga,Dania,Gdańsk,2026-08-28,2026-08-31,3,280.57,80.28,360.85,GDN,CPH,GDN,https://www.skyscanner.net/g/referrals/v1/flights/day-view/?origin=gdn&destination=cph&outboundDate=2026-08-28&inboundDate=2026-08-31&market=PL&locale=pl-PL&currency=PLN&mediaPartnerId=6439681
Poznań,Mediolan,Włochy,Warszawa,2026-08-29,2026-08-31,2,254.67,106.56,361.23,POZ,MILA,WARS,https://skyscanner.net/g/referrals/v1/flights/multicity/?mediaPartnerId=6439681&origin0=poz&date0=2026-08-29&destination0=mila&origin1=mila&date1=2026-08-31&destination1=wars&adultsv2=1&market=PL&locale=pl-PL&currency=PLN
Gdańsk,Bratysława,Słowacja,Warszawa,2026-08-25,2026-08-27,2,150.66,211.49,362.15,GDN,BTS,WARS,https://skyscanner.net/g/referrals/v1/flights/multicity/?mediaPartnerId=6439681&origin0=gdn&date0=2026-08-25&destination0=bts&origin1=bts&date1=2026-08-27&destination1=wars&adultsv2=1&market=PL&locale=pl-PL&currency=PLN
Wrocław,Oslo,Norwegia,Gdańsk,2026-08-27,2026-08-31,4,228.76,134.12,362.88,WRO,OSLO,GDN,https://skyscanner.net/g/referrals/v1/flights/multicity/?mediaPartnerId=6439681&origin0=wro&date0=2026-08-27&destination0=oslo&origin1=oslo&date1=2026-08-31&destination1=gdn&adultsv2=1&market=PL&locale=pl-PL&currency=PLN
Kraków,Sztokholm,Szwecja,Gdańsk,2026-08-25,2026-08-29,4,186.93,176.96,363.89,KRK,ARN,GDN,https://skyscanner.net/g/referrals/v1/flights/multicity/?mediaPartnerId=6439681&origin0=krk&date0=2026-08-25&destination0=arn&origin1=arn&date1=2026-08-29&destination1=gdn&adultsv2=1&market=PL&locale=pl-PL&currency=PLN
Gdańsk,Kopenhaga,Dania,Gdańsk,2026-08-26,2026-08-30,4,185.59,178.46,364.05,GDN,CPH,GDN,https://www.skyscanner.net/g/referrals/v1/flights/day-view/?origin=gdn&destination=cph&outboundDate=2026-08-26&inboundDate=2026-08-30&market=PL&locale=pl-PL&currency=PLN&mediaPartnerId=6439681
Kraków,Oslo,Norwegia,Poznań,2026-08-26,2026-08-29,3,211.49,152.62,364.11,KRK,OSLO,POZ,https://skyscanner.net/g/referrals/v1/flights/multicity/?mediaPartnerId=6439681&origin0=krk&date0=2026-08-26&destination0=oslo&origin1=oslo&date1=2026-08-29&destination1=poz&adultsv2=1&market=PL&locale=pl-PL&currency=PLN
Kraków,Kopenhaga,Dania,Warszawa,2026-08-28,2026-08-31,3,246.73,117.93,364.65999999999997,KRK,CPH,WARS,https://skyscanner.net/g/referrals/v1/flights/multicity/?mediaPartnerId=6439681&origin0=krk&date0=2026-08-28&destination0=cph&origin1=cph&date1=2026-08-31&destination1=wars&adultsv2=1&market=PL&locale=pl-PL&currency=PLN
Poznań,Mediolan,Włochy,Warszawa,2026-08-28,2026-08-31,3,258.98,106.56,365.54,POZ,MILA,WARS,https://skyscanner.net/g/referrals/v1/flights/multicity/?mediaPartnerId=6439681&origin0=poz&date0=2026-08-28&destination0=mila&origin1=mila&date1=2026-08-31&destination1=wars&adultsv2=1&market=PL&locale=pl-PL&currency=PLN
Kraków,Sztokholm,Szwecja,Warszawa,2026-08-29,2026-08-31,2,186.92,178.95,365.87,KRK,STO,WARS,https://skyscanner.net/g/referrals/v1/flights/multicity/?mediaPartnerId=6439681&origin0=krk&date0=2026-08-29&destination0=sto&origin1=sto&date1=2026-08-31&destination1=wars&adultsv2=1&market=PL&locale=pl-PL&currency=PLN
Kraków,Sztokholm,Szwecja,Warszawa,2026-08-25,2026-08-31,6,186.93,178.95,365.88,KRK,STO,WARS,https://skyscanner.net/g/referrals/v1/flights/multicity/?mediaPartnerId=6439681&origin0=krk&date0=2026-08-25&destination0=sto&origin1=sto&date1=2026-08-31&destination1=wars&adultsv2=1&market=PL&locale=pl-PL&currency=PLN
Poznań,Oslo,Norwegia,Gdańsk,2026-08-25,2026-08-30,5,246.03,120.37,366.4,POZ,OSLO,GDN,https://skyscanner.net/g/referrals/v1/flights/multicity/?mediaPartnerId=6439681&origin0=poz&date0=2026-08-25&destination0=oslo&origin1=oslo&date1=2026-08-30&destination1=gdn&adultsv2=1&market=PL&locale=pl-PL&currency=PLN
Kraków,Gotenburg,Szwecja,Gdańsk,2026-08-28,2026-08-31,3,289.8,77.49,367.29,KRK,GOT,GDN,https://skyscanner.net/g/referrals/v1/flights/multicity/?mediaPartnerId=6439681&origin0=krk&date0=2026-08-28&destination0=got&origin1=got&date1=2026-08-31&destination1=gdn&adultsv2=1&market=PL&locale=pl-PL&currency=PLN
Gdańsk,Kopenhaga,Dania,Kraków,2026-08-22,2026-08-26,4,258.98,108.47,367.45000000000005,GDN,CPH,KRK,https://skyscanner.net/g/referrals/v1/flights/multicity/?mediaPartnerId=6439681&origin0=gdn&date0=2026-08-22&destination0=cph&origin1=cph&date1=2026-08-26&destination1=krk&adultsv2=1&market=PL&locale=pl-PL&currency=PLN
Wrocław,Oslo,Norwegia,Warszawa,2026-08-28,2026-08-31,3,71.7,296.32,368.02,WRO,OSLO,WARS,https://skyscanner.net/g/referrals/v1/flights/multicity/?mediaPartnerId=6439681&origin0=wro&date0=2026-08-28&destination0=oslo&origin1=oslo&date1=2026-08-31&destination1=wars&adultsv2=1&market=PL&locale=pl-PL&currency=PLN
Gdańsk,Kopenhaga,Dania,Gdańsk,2026-08-25,2026-08-30,5,189.91,178.46,368.37,GDN,CPH,GDN,https://www.skyscanner.net/g/referrals/v1/flights/day-view/?origin=gdn&destination=cph&outboundDate=2026-08-25&inboundDate=2026-08-30&market=PL&locale=pl-PL&currency=PLN&mediaPartnerId=6439681
Gdańsk,Bukareszt,Rumunia,Gdańsk,2026-08-28,2026-08-30,2,114.19,254.18,368.37,GDN,BUCH,GDN,https://www.skyscanner.net/g/referrals/v1/flights/day-view/?origin=gdn&destination=buch&outboundDate=2026-08-28&inboundDate=2026-08-30&market=PL&locale=pl-PL&currency=PLN&mediaPartnerId=6439681
Katowice,Oslo,Norwegia,Poznań,2026-08-26,2026-08-29,3,216.01,152.62,368.63,KTW,OSLO,POZ,https://skyscanner.net/g/referrals/v1/flights/multicity/?mediaPartnerId=6439681&origin0=ktw&date0=2026-08-26&destination0=oslo&origin1=oslo&date1=2026-08-29&destination1=poz&adultsv2=1&market=PL&locale=pl-PL&currency=PLN
Warszawa,Sztokholm,Szwecja,Warszawa,2026-08-27,2026-08-29,2,220.72,149.92,370.64,WARS,ARN,WARS,https://www.skyscanner.net/g/referrals/v1/flights/day-view/?origin=wars&destination=arn&outboundDate=2026-08-27&inboundDate=2026-08-29&market=PL&locale=pl-PL&currency=PLN&mediaPartnerId=6439681
Gdańsk,Sztokholm,Szwecja,Warszawa,2026-08-28,2026-08-30,2,120.84,250.03,370.87,GDN,ARN,WARS,https://skyscanner.net/g/referrals/v1/flights/multicity/?mediaPartnerId=6439681&origin0=gdn&date0=2026-08-28&destination0=arn&origin1=arn&date1=2026-08-30&destination1=wars&adultsv2=1&market=PL&locale=pl-PL&currency=PLN
Gdańsk,Wrocław,Polska,Gdańsk,2026-08-24,2026-08-27,3,172.64,198.55,371.19,GDN,WRO,GDN,https://www.skyscanner.net/g/referrals/v1/flights/day-view/?origin=gdn&destination=wro&outboundDate=2026-08-24&inboundDate=2026-08-27&market=PL&locale=pl-PL&currency=PLN&mediaPartnerId=6439681
Kraków,Oslo,Norwegia,Warszawa,2026-08-29,2026-08-31,2,75.05,296.32,371.37,KRK,OSLO,WARS,https://skyscanner.net/g/referrals/v1/flights/multicity/?mediaPartnerId=6439681&origin0=krk&date0=2026-08-29&destination0=oslo&origin1=oslo&date1=2026-08-31&destination1=wars&adultsv2=1&market=PL&locale=pl-PL&currency=PLN
Kraków,Sztokholm,Szwecja,Gdańsk,2026-08-27,2026-08-29,2,145.98,225.74,371.72,KRK,STO,GDN,https://skyscanner.net/g/referrals/v1/flights/multicity/?mediaPartnerId=6439681&origin0=krk&date0=2026-08-27&destination0=sto&origin1=sto&date1=2026-08-29&destination1=gdn&adultsv2=1&market=PL&locale=pl-PL&currency=PLN
Kraków,Sztokholm,Szwecja,Gdańsk,2026-08-27,2026-08-31,4,145.98,225.74,371.72,KRK,STO,GDN,https://skyscanner.net/g/referrals/v1/flights/multicity/?mediaPartnerId=6439681&origin0=krk&date0=2026-08-27&destination0=sto&origin1=sto&date1=2026-08-31&destination1=gdn&adultsv2=1&market=PL&locale=pl-PL&currency=PLN
Poznań,Sztokholm,Szwecja,Gdańsk,2026-08-29,2026-08-31,2,146.74,225.74,372.48,POZ,STO,GDN,https://skyscanner.net/g/referrals/v1/flights/multicity/?mediaPartnerId=6439681&origin0=poz&date0=2026-08-29&destination0=sto&origin1=sto&date1=2026-08-31&destination1=gdn&adultsv2=1&market=PL&locale=pl-PL&currency=PLN
Kraków,Kopenhaga,Dania,Kraków,2026-08-25,2026-08-30,5,97.68,275.03,372.71,KRK,CPH,KRK,https://www.skyscanner.net/g/referrals/v1/flights/day-view/?origin=krk&destination=cph&outboundDate=2026-08-25&inboundDate=2026-08-30&market=PL&locale=pl-PL&currency=PLN&mediaPartnerId=6439681
Kraków,Oslo,Norwegia,Gdańsk,2026-08-26,2026-08-30,4,211.49,161.81,373.3,KRK,OSLO,GDN,https://skyscanner.net/g/referrals/v1/flights/multicity/?mediaPartnerId=6439681&origin0=krk&date0=2026-08-26&destination0=oslo&origin1=oslo&date1=2026-08-30&destination1=gdn&adultsv2=1&market=PL&locale=pl-PL&currency=PLN
Poznań,Oslo,Norwegia,Warszawa,2026-08-29,2026-08-31,2,77.31,296.32,373.63,POZ,OSLO,WARS,https://skyscanner.net/g/referrals/v1/flights/multicity/?mediaPartnerId=6439681&origin0=poz&date0=2026-08-29&destination0=oslo&origin1=oslo&date1=2026-08-31&destination1=wars&adultsv2=1&market=PL&locale=pl-PL&currency=PLN
Kraków,Kopenhaga,Dania,Poznań,2026-08-25,2026-08-27,2,97.68,276.25,373.93,KRK,CPH,POZ,https://skyscanner.net/g/referrals/v1/flights/multicity/?mediaPartnerId=6439681&origin0=krk&date0=2026-08-25&destination0=cph&origin1=cph&date1=2026-08-27&destination1=poz&adultsv2=1&market=PL&locale=pl-PL&currency=PLN
Gdańsk,Sztokholm,Szwecja,Kraków,2026-08-25,2026-08-31,6,246.03,128.14,374.16999999999996,GDN,ARN,KRK,https://skyscanner.net/g/referrals/v1/flights/multicity/?mediaPartnerId=6439681&origin0=gdn&date0=2026-08-25&destination0=arn&origin1=arn&date1=2026-08-31&destination1=krk&adultsv2=1&market=PL&locale=pl-PL&currency=PLN
Kraków,Kopenhaga,Dania,Kraków,2026-08-26,2026-08-30,4,99.71,275.03,374.73999999999995,KRK,CPH,KRK,https://www.skyscanner.net/g/referrals/v1/flights/day-view/?origin=krk&destination=cph&outboundDate=2026-08-26&inboundDate=2026-08-30&market=PL&locale=pl-PL&currency=PLN&mediaPartnerId=6439681
Gdańsk,Kopenhaga,Dania,Gdańsk,2026-08-27,2026-08-30,3,196.66,178.46,375.12,GDN,CPH,GDN,https://www.skyscanner.net/g/referrals/v1/flights/day-view/?origin=gdn&destination=cph&outboundDate=2026-08-27&inboundDate=2026-08-30&market=PL&locale=pl-PL&currency=PLN&mediaPartnerId=6439681
Katowice,Oslo,Norwegia,Gdańsk,2026-08-26,2026-08-30,4,216.01,161.81,377.82,KTW,OSLO,GDN,https://skyscanner.net/g/referrals/v1/flights/multicity/?mediaPartnerId=6439681&origin0=ktw&date0=2026-08-26&destination0=oslo&origin1=oslo&date1=2026-08-30&destination1=gdn&adultsv2=1&market=PL&locale=pl-PL&currency=PLN
Warszawa,Sztokholm,Szwecja,Warszawa,2026-08-27,2026-08-31,4,220.72,157.36,378.08000000000004,WARS,ARN,WARS,https://www.skyscanner.net/g/referrals/v1/flights/day-view/?origin=wars&destination=arn&outboundDate=2026-08-27&inboundDate=2026-08-31&market=PL&locale=pl-PL&currency=PLN&mediaPartnerId=6439681
Warszawa,Kopenhaga,Dania,Gdańsk,2026-08-29,2026-08-31,2,299.0,80.28,379.28,WARS,CPH,GDN,https://skyscanner.net/g/referrals/v1/flights/multicity/?mediaPartnerId=6439681&origin0=wars&date0=2026-08-29&destination0=cph&origin1=cph&date1=2026-08-31&destination1=gdn&adultsv2=1&market=PL&locale=pl-PL&currency=PLN
Gdańsk,Wrocław,Polska,Gdańsk,2026-08-28,2026-08-31,3,271.93,107.88,379.81,GDN,WRO,GDN,https://www.skyscanner.net/g/referrals/v1/flights/day-view/?origin=gdn&destination=wro&outboundDate=2026-08-28&inboundDate=2026-08-31&market=PL&locale=pl-PL&currency=PLN&mediaPartnerId=6439681
Poznań,Oslo,Norwegia,Gdańsk,2026-08-25,2026-08-31,6,246.03,134.12,380.15,POZ,OSLO,GDN,https://skyscanner.net/g/referrals/v1/flights/multicity/?mediaPartnerId=6439681&origin0=poz&date0=2026-08-25&destination0=oslo&origin1=oslo&date1=2026-08-31&destination1=gdn&adultsv2=1&market=PL&locale=pl-PL&currency=PLN
Warszawa,Kopenhaga,Dania,Warszawa,2026-08-28,2026-08-31,3,80.73,299.75,380.48,WARS,CPH,WARS,https://www.skyscanner.net/g/referrals/v1/flights/day-view/?origin=wars&destination=cph&outboundDate=2026-08-28&inboundDate=2026-08-31&market=PL&locale=pl-PL&currency=PLN&mediaPartnerId=6439681
Gdańsk,Sztokholm,Szwecja,Kraków,2026-08-27,2026-08-29,2,81.86,299.26,381.12,GDN,ARN,KRK,https://skyscanner.net/g/referrals/v1/flights/multicity/?mediaPartnerId=6439681&origin0=gdn&date0=2026-08-27&destination0=arn&origin1=arn&date1=2026-08-29&destination1=krk&adultsv2=1&market=PL&locale=pl-PL&currency=PLN
Wrocław,Oslo,Norwegia,Poznań,2026-08-27,2026-08-29,2,228.76,152.62,381.38,WRO,OSLO,POZ,https://skyscanner.net/g/referrals/v1/flights/multicity/?mediaPartnerId=6439681&origin0=wro&date0=2026-08-27&destination0=oslo&origin1=oslo&date1=2026-08-29&destination1=poz&adultsv2=1&market=PL&locale=pl-PL&currency=PLN
Kraków,Ryga,Łotwa,Kraków,2026-08-27,2026-08-31,4,277.93,103.63,381.56,KRK,RIX,KRK,https://www.skyscanner.net/g/referrals/v1/flights/day-view/?origin=krk&destination=rix&outboundDate=2026-08-27&inboundDate=2026-08-31&market=PL&locale=pl-PL&currency=PLN&mediaPartnerId=6439681
Kraków,Kopenhaga,Dania,Poznań,2026-08-25,2026-08-29,4,97.68,284.89,382.57,KRK,CPH,POZ,https://skyscanner.net/g/referrals/v1/flights/multicity/?mediaPartnerId=6439681&origin0=krk&date0=2026-08-25&destination0=cph&origin1=cph&date1=2026-08-29&destination1=poz&adultsv2=1&market=PL&locale=pl-PL&currency=PLN
Kraków,Oslo,Norwegia,Warszawa,2026-08-28,2026-08-31,3,86.32,296.32,382.64,KRK,OSLO,WARS,https://skyscanner.net/g/referrals/v1/flights/multicity/?mediaPartnerId=6439681&origin0=krk&date0=2026-08-28&destination0=oslo&origin1=oslo&date1=2026-08-31&destination1=wars&adultsv2=1&market=PL&locale=pl-PL&currency=PLN
Katowice,Mediolan,Włochy,Gdańsk,2026-08-29,2026-08-31,2,185.16,198.56,383.72,KTW,MILA,GDN,https://skyscanner.net/g/referrals/v1/flights/multicity/?mediaPartnerId=6439681&origin0=ktw&date0=2026-08-29&destination0=mila&origin1=mila&date1=2026-08-31&destination1=gdn&adultsv2=1&market=PL&locale=pl-PL&currency=PLN
Katowice,Mediolan,Włochy,Gdańsk,2026-08-29,2026-08-31,2,185.16,198.56,383.72,KTW,MIL,GDN,https://skyscanner.net/g/referrals/v1/flights/multicity/?mediaPartnerId=6439681&origin0=ktw&date0=2026-08-29&destination0=mil&origin1=mil&date1=2026-08-31&destination1=gdn&adultsv2=1&market=PL&locale=pl-PL&currency=PLN
Kraków,Kopenhaga,Dania,Kraków,2026-08-28,2026-08-31,3,246.73,137.3,384.03,KRK,CPH,KRK,https://www.skyscanner.net/g/referrals/v1/flights/day-view/?origin=krk&destination=cph&outboundDate=2026-08-28&inboundDate=2026-08-31&market=PL&locale=pl-PL&currency=PLN&mediaPartnerId=6439681
Warszawa,Sztokholm,Szwecja,Gdańsk,2026-08-27,2026-08-30,3,220.72,163.36,384.08000000000004,WARS,STO,GDN,https://skyscanner.net/g/referrals/v1/flights/multicity/?mediaPartnerId=6439681&origin0=wars&date0=2026-08-27&destination0=sto&origin1=sto&date1=2026-08-30&destination1=gdn&adultsv2=1&market=PL&locale=pl-PL&currency=PLN
Warszawa,Sztokholm,Szwecja,Gdańsk,2026-08-27,2026-08-30,3,220.72,163.36,384.08000000000004,WARS,ARN,GDN,https://skyscanner.net/g/referrals/v1/flights/multicity/?mediaPartnerId=6439681&origin0=wars&date0=2026-08-27&destination0=arn&origin1=arn&date1=2026-08-30&destination1=gdn&adultsv2=1&market=PL&locale=pl-PL&currency=PLN
Kraków,Kopenhaga,Dania,Poznań,2026-08-26,2026-08-29,3,99.71,284.89,384.59999999999997,KRK,CPH,POZ,https://skyscanner.net/g/referrals/v1/flights/multicity/?mediaPartnerId=6439681&origin0=krk&date0=2026-08-26&destination0=cph&origin1=cph&date1=2026-08-29&destination1=poz&adultsv2=1&market=PL&locale=pl-PL&currency=PLN
Warszawa,Sztokholm,Szwecja,Gdańsk,2026-08-27,2026-08-31,4,220.72,164.01,384.73,WARS,ARN,GDN,https://skyscanner.net/g/referrals/v1/flights/multicity/?mediaPartnerId=6439681&origin0=wars&date0=2026-08-27&destination0=arn&origin1=arn&date1=2026-08-31&destination1=gdn&adultsv2=1&market=PL&locale=pl-PL&currency=PLN
Gdańsk,Kopenhaga,Dania,Warszawa,2026-08-29,2026-08-31,2,86.3,299.75,386.05,GDN,CPH,WARS,https://skyscanner.net/g/referrals/v1/flights/multicity/?mediaPartnerId=6439681&origin0=gdn&date0=2026-08-29&destination0=cph&origin1=cph&date1=2026-08-31&destination1=wars&adultsv2=1&market=PL&locale=pl-PL&currency=PLN
Kraków,Sztokholm,Szwecja,Gdańsk,2026-08-28,2026-08-31,3,162.31,225.74,388.05,KRK,STO,GDN,https://skyscanner.net/g/referrals/v1/flights/multicity/?mediaPartnerId=6439681&origin0=krk&date0=2026-08-28&destination0=sto&origin1=sto&date1=2026-08-31&destination1=gdn&adultsv2=1&market=PL&locale=pl-PL&currency=PLN
Poznań,Kopenhaga,Dania,Gdańsk,2026-08-24,2026-08-26,2,315.11,73.35,388.46000000000004,POZ,CPH,GDN,https://skyscanner.net/g/referrals/v1/flights/multicity/?mediaPartnerId=6439681&origin0=poz&date0=2026-08-24&destination0=cph&origin1=cph&date1=2026-08-26&destination1=gdn&adultsv2=1&market=PL&locale=pl-PL&currency=PLN
Katowice,Pula,Chorwacja,Katowice,2026-08-26,2026-08-28,2,95.82,293.31,389.13,KTW,PUY,KTW,https://www.skyscanner.net/g/referrals/v1/flights/day-view/?origin=ktw&destination=puy&outboundDate=2026-08-26&inboundDate=2026-08-28&market=PL&locale=pl-PL&currency=PLN&mediaPartnerId=6439681
Kraków,Gotenburg,Szwecja,Kraków,2026-08-28,2026-08-31,3,289.8,99.45,389.25,KRK,GOT,KRK,https://www.skyscanner.net/g/referrals/v1/flights/day-view/?origin=krk&destination=got&outboundDate=2026-08-28&inboundDate=2026-08-31&market=PL&locale=pl-PL&currency=PLN&mediaPartnerId=6439681
Wrocław,Oslo,Norwegia,Gdańsk,2026-08-27,2026-08-30,3,228.76,161.81,390.57,WRO,OSLO,GDN,https://skyscanner.net/g/referrals/v1/flights/multicity/?mediaPartnerId=6439681&origin0=wro&date0=2026-08-27&destination0=oslo&origin1=oslo&date1=2026-08-30&destination1=gdn&adultsv2=1&market=PL&locale=pl-PL&currency=PLN
Poznań,Sztokholm,Szwecja,Kraków,2026-08-25,2026-08-31,6,263.3,128.14,391.44,POZ,ARN,KRK,https://skyscanner.net/g/referrals/v1/flights/multicity/?mediaPartnerId=6439681&origin0=poz&date0=2026-08-25&destination0=arn&origin1=arn&date1=2026-08-31&destination1=krk&adultsv2=1&market=PL&locale=pl-PL&currency=PLN
Wrocław,Gdańsk,Polska,Wrocław,2026-08-25,2026-08-27,2,142.42,249.59,392.01,WRO,GDN,WRO,https://www.skyscanner.net/g/referrals/v1/flights/day-view/?origin=wro&destination=gdn&outboundDate=2026-08-25&inboundDate=2026-08-27&market=PL&locale=pl-PL&currency=PLN&mediaPartnerId=6439681
Katowice,Oslo,Norwegia,Warszawa,2026-08-29,2026-08-31,2,96.08,296.32,392.4,KTW,OSLO,WARS,https://skyscanner.net/g/referrals/v1/flights/multicity/?mediaPartnerId=6439681&origin0=ktw&date0=2026-08-29&destination0=oslo&origin1=oslo&date1=2026-08-31&destination1=wars&adultsv2=1&market=PL&locale=pl-PL&currency=PLN
Poznań,Kopenhaga,Dania,Gdańsk,2026-08-24,2026-08-31,7,315.11,80.28,395.39,POZ,CPH,GDN,https://skyscanner.net/g/referrals/v1/flights/multicity/?mediaPartnerId=6439681&origin0=poz&date0=2026-08-24&destination0=cph&origin1=cph&date1=2026-08-31&destination1=gdn&adultsv2=1&market=PL&locale=pl-PL&currency=PLN
Kraków,Wiedeń,Austria,Kraków,2026-08-26,2026-08-29,3,250.35,145.42,395.77,KRK,VIE,KRK,https://www.skyscanner.net/g/referrals/v1/flights/day-view/?origin=krk&destination=vie&outboundDate=2026-08-26&inboundDate=2026-08-29&market=PL&locale=pl-PL&currency=PLN&mediaPartnerId=6439681
Kraków,Sztokholm,Szwecja,Warszawa,2026-08-27,2026-08-30,3,145.98,250.03,396.01,KRK,ARN,WARS,https://skyscanner.net/g/referrals/v1/flights/multicity/?mediaPartnerId=6439681&origin0=krk&date0=2026-08-27&destination0=arn&origin1=arn&date1=2026-08-30&destination1=wars&adultsv2=1&market=PL&locale=pl-PL&currency=PLN
Kraków,Kopenhaga,Dania,Gdańsk,2026-08-27,2026-08-29,2,171.85,224.67,396.52,KRK,CPH,GDN,https://skyscanner.net/g/referrals/v1/flights/multicity/?mediaPartnerId=6439681&origin0=krk&date0=2026-08-27&destination0=cph&origin1=cph&date1=2026-08-29&destination1=gdn&adultsv2=1&market=PL&locale=pl-PL&currency=PLN
Wrocław,Oslo,Norwegia,Wrocław,2026-08-28,2026-08-30,2,71.7,325.21,396.90999999999997,WRO,OSLO,WRO,https://www.skyscanner.net/g/referrals/v1/flights/day-view/?origin=wro&destination=oslo&outboundDate=2026-08-28&inboundDate=2026-08-30&market=PL&locale=pl-PL&currency=PLN&mediaPartnerId=6439681
Wrocław,Gdańsk,Polska,Kraków,2026-08-25,2026-08-31,6,142.42,254.66,397.08,WRO,GDN,KRK,https://skyscanner.net/g/referrals/v1/flights/multicity/?mediaPartnerId=6439681&origin0=wro&date0=2026-08-25&destination0=gdn&origin1=gdn&date1=2026-08-31&destination1=krk&adultsv2=1&market=PL&locale=pl-PL&currency=PLN
Warszawa,Kopenhaga,Dania,Kraków,2026-08-26,2026-08-30,4,122.24,275.03,397.27,WARS,CPH,KRK,https://skyscanner.net/g/referrals/v1/flights/multicity/?mediaPartnerId=6439681&origin0=wars&date0=2026-08-26&destination0=cph&origin1=cph&date1=2026-08-30&destination1=krk&adultsv2=1&market=PL&locale=pl-PL&currency=PLN
Kraków,Kopenhaga,Dania,Warszawa,2026-08-25,2026-08-31,6,97.68,299.75,397.43,KRK,CPH,WARS,https://skyscanner.net/g/referrals/v1/flights/multicity/?mediaPartnerId=6439681&origin0=krk&date0=2026-08-25&destination0=cph&origin1=cph&date1=2026-08-31&destination1=wars&adultsv2=1&market=PL&locale=pl-PL&currency=PLN
Gdańsk,Kopenhaga,Dania,Kraków,2026-08-22,2026-08-25,3,258.98,138.56,397.54,GDN,CPH,KRK,https://skyscanner.net/g/referrals/v1/flights/multicity/?mediaPartnerId=6439681&origin0=gdn&date0=2026-08-22&destination0=cph&origin1=cph&date1=2026-08-25&destination1=krk&adultsv2=1&market=PL&locale=pl-PL&currency=PLN
Warszawa,Sztokholm,Szwecja,Gdańsk,2026-08-27,2026-08-29,2,220.72,176.96,397.68,WARS,ARN,GDN,https://skyscanner.net/g/referrals/v1/flights/multicity/?mediaPartnerId=6439681&origin0=wars&date0=2026-08-27&destination0=arn&origin1=arn&date1=2026-08-29&destination1=gdn&adultsv2=1&market=PL&locale=pl-PL&currency=PLN
Gdańsk,Kopenhaga,Dania,Warszawa,2026-08-28,2026-08-31,3,280.57,117.93,398.5,GDN,CPH,WARS,https://skyscanner.net/g/referrals/v1/flights/multicity/?mediaPartnerId=6439681&origin0=gdn&date0=2026-08-28&destination0=cph&origin1=cph&date1=2026-08-31&destination1=wars&adultsv2=1&market=PL&locale=pl-PL&currency=PLN
Poznań,Oslo,Norwegia,Poznań,2026-08-25,2026-08-29,4,246.03,152.62,398.65,POZ,OSLO,POZ,https://www.skyscanner.net/g/referrals/v1/flights/day-view/?origin=poz&destination=oslo&outboundDate=2026-08-25&inboundDate=2026-08-29&market=PL&locale=pl-PL&currency=PLN&mediaPartnerId=6439681
Kraków,Kopenhaga,Dania,Warszawa,2026-08-26,2026-08-31,5,99.71,299.75,399.46,KRK,CPH,WARS,https://skyscanner.net/g/referrals/v1/flights/multicity/?mediaPartnerId=6439681&origin0=krk&date0=2026-08-26&destination0=cph&origin1=cph&date1=2026-08-31&destination1=wars&adultsv2=1&market=PL&locale=pl-PL&currency=PLN
Warszawa,Sztokholm,Szwecja,Warszawa,2026-08-27,2026-08-31,4,220.72,178.95,399.66999999999996,WARS,STO,WARS,https://www.skyscanner.net/g/referrals/v1/flights/day-view/?origin=wars&destination=sto&outboundDate=2026-08-27&inboundDate=2026-08-31&market=PL&locale=pl-PL&currency=PLN&mediaPartnerId=6439681
Wrocław,Gdańsk,Polska,Lublin,2026-08-25,2026-08-28,3,142.42,257.29,399.71000000000004,WRO,GDN,LUZ,https://skyscanner.net/g/referrals/v1/flights/multicity/?mediaPartnerId=6439681&origin0=wro&date0=2026-08-25&destination0=gdn&origin1=gdn&date1=2026-08-28&destination1=luz&adultsv2=1&market=PL&locale=pl-PL&currency=PLN
Kraków,Kopenhaga,Dania,Warszawa,2026-08-25,2026-08-28,3,97.68,302.21,399.89,KRK,CPH,WARS,https://skyscanner.net/g/referrals/v1/flights/multicity/?mediaPartnerId=6439681&origin0=krk&date0=2026-08-25&destination0=cph&origin1=cph&date1=2026-08-28&destination1=wars&adultsv2=1&market=PL&locale=pl-PL&currency=PLN
Warszawa,Kopenhaga,Dania,Poznań,2026-08-28,2026-08-31,3,80.73,319.42,400.15000000000003,WARS,CPH,POZ,https://skyscanner.net/g/referrals/v1/flights/multicity/?mediaPartnerId=6439681&origin0=wars&date0=2026-08-28&destination0=cph&origin1=cph&date1=2026-08-31&destination1=poz&adultsv2=1&market=PL&locale=pl-PL&currency=PLN
Poznań,Kopenhaga,Dania,Gdańsk,2026-08-22,2026-08-26,4,328.06,73.35,401.40999999999997,POZ,CPH,GDN,https://skyscanner.net/g/referrals/v1/flights/multicity/?mediaPartnerId=6439681&origin0=poz&date0=2026-08-22&destination0=cph&origin1=cph&date1=2026-08-26&destination1=gdn&adultsv2=1&market=PL&locale=pl-PL&currency=PLN
Katowice,Katania,Włochy,Wrocław,2026-08-29,2026-08-31,2,159.69,241.73,401.41999999999996,KTW,CTA,WRO,https://skyscanner.net/g/referrals/v1/flights/multicity/?mediaPartnerId=6439681&origin0=ktw&date0=2026-08-29&destination0=cta&origin1=cta&date1=2026-08-31&destination1=wro&adultsv2=1&market=PL&locale=pl-PL&currency=PLN
Kraków,Oslo,Norwegia,Katowice,2026-08-27,2026-08-31,4,189.91,211.7,401.61,KRK,OSLO,KTW,https://skyscanner.net/g/referrals/v1/flights/multicity/?mediaPartnerId=6439681&origin0=krk&date0=2026-08-27&destination0=oslo&origin1=oslo&date1=2026-08-31&destination1=ktw&adultsv2=1&market=PL&locale=pl-PL&currency=PLN
Kraków,Kopenhaga,Dania,Warszawa,2026-08-26,2026-08-28,2,99.71,302.21,401.91999999999996,KRK,CPH,WARS,https://skyscanner.net/g/referrals/v1/flights/multicity/?mediaPartnerId=6439681&origin0=krk&date0=2026-08-26&destination0=cph&origin1=cph&date1=2026-08-28&destination1=wars&adultsv2=1&market=PL&locale=pl-PL&currency=PLN
Kraków,Sztokholm,Szwecja,Wrocław,2026-08-25,2026-08-28,3,186.93,215.81,402.74,KRK,ARN,WRO,https://skyscanner.net/g/referrals/v1/flights/multicity/?mediaPartnerId=6439681&origin0=krk&date0=2026-08-25&destination0=arn&origin1=arn&date1=2026-08-28&destination1=wro&adultsv2=1&market=PL&locale=pl-PL&currency=PLN
Poznań,Kopenhaga,Dania,Kraków,2026-08-27,2026-08-30,3,129.92,275.03,404.94999999999993,POZ,CPH,KRK,https://skyscanner.net/g/referrals/v1/flights/multicity/?mediaPartnerId=6439681&origin0=poz&date0=2026-08-27&destination0=cph&origin1=cph&date1=2026-08-30&destination1=krk&adultsv2=1&market=PL&locale=pl-PL&currency=PLN
Warszawa,Mediolan,Włochy,Warszawa,2026-08-29,2026-08-31,2,299.0,106.56,405.56,WARS,MILA,WARS,https://www.skyscanner.net/g/referrals/v1/flights/day-view/?origin=wars&destination=mila&outboundDate=2026-08-29&inboundDate=2026-08-31&market=PL&locale=pl-PL&currency=PLN&mediaPartnerId=6439681
Warszawa,Mediolan,Włochy,Warszawa,2026-08-29,2026-08-31,2,299.0,106.56,405.56,WARS,MILA,WARS,https://www.skyscanner.net/g/referrals/v1/flights/day-view/?origin=wars&destination=mila&outboundDate=2026-08-29&inboundDate=2026-08-31&market=PL&locale=pl-PL&currency=PLN&mediaPartnerId=6439681
Wrocław,Gdańsk,Polska,Kraków,2026-08-25,2026-08-27,2,142.42,263.3,405.72,WRO,GDN,KRK,https://skyscanner.net/g/referrals/v1/flights/multicity/?mediaPartnerId=6439681&origin0=wro&date0=2026-08-25&destination0=gdn&origin1=gdn&date1=2026-08-27&destination1=krk&adultsv2=1&market=PL&locale=pl-PL&currency=PLN
Gdańsk,Kopenhaga,Dania,Poznań,2026-08-29,2026-08-31,2,86.3,319.42,405.72,GDN,CPH,POZ,https://skyscanner.net/g/referrals/v1/flights/multicity/?mediaPartnerId=6439681&origin0=gdn&date0=2026-08-29&destination0=cph&origin1=cph&date1=2026-08-31&destination1=poz&adultsv2=1&market=PL&locale=pl-PL&currency=PLN
Poznań,Kopenhaga,Dania,Gdańsk,2026-08-22,2026-08-25,3,328.06,79.0,407.06,POZ,CPH,GDN,https://skyscanner.net/g/referrals/v1/flights/multicity/?mediaPartnerId=6439681&origin0=poz&date0=2026-08-22&destination0=cph&origin1=cph&date1=2026-08-25&destination1=gdn&adultsv2=1&market=PL&locale=pl-PL&currency=PLN
Warszawa,Kopenhaga,Dania,Poznań,2026-08-26,2026-08-29,3,122.24,284.89,407.13,WARS,CPH,POZ,https://skyscanner.net/g/referrals/v1/flights/multicity/?mediaPartnerId=6439681&origin0=wars&date0=2026-08-26&destination0=cph&origin1=cph&date1=2026-08-29&destination1=poz&adultsv2=1&market=PL&locale=pl-PL&currency=PLN
Warszawa,Tallinn,Estonia,Gdańsk,2026-08-29,2026-08-31,2,209.0,198.56,407.56,WARS,TLL,GDN,https://skyscanner.net/g/referrals/v1/flights/multicity/?mediaPartnerId=6439681&origin0=wars&date0=2026-08-29&destination0=tll&origin1=tll&date1=2026-08-31&destination1=gdn&adultsv2=1&market=PL&locale=pl-PL&currency=PLN
Poznań,Oslo,Norwegia,Gdańsk,2026-08-25,2026-08-30,5,246.03,161.81,407.84000000000003,POZ,OSLO,GDN,https://skyscanner.net/g/referrals/v1/flights/multicity/?mediaPartnerId=6439681&origin0=poz&date0=2026-08-25&destination0=oslo&origin1=oslo&date1=2026-08-30&destination1=gdn&adultsv2=1&market=PL&locale=pl-PL&currency=PLN
Gdańsk,Kopenhaga,Dania,Warszawa,2026-08-22,2026-08-26,4,258.98,149.33,408.31000000000006,GDN,CPH,WARS,https://skyscanner.net/g/referrals/v1/flights/multicity/?mediaPartnerId=6439681&origin0=gdn&date0=2026-08-22&destination0=cph&origin1=cph&date1=2026-08-26&destination1=wars&adultsv2=1&market=PL&locale=pl-PL&currency=PLN
Warszawa,Mediolan,Włochy,Warszawa,2026-08-28,2026-08-31,3,302.21,106.56,408.77,WARS,MILA,WARS,https://www.skyscanner.net/g/referrals/v1/flights/day-view/?origin=wars&destination=mila&outboundDate=2026-08-28&inboundDate=2026-08-31&market=PL&locale=pl-PL&currency=PLN&mediaPartnerId=6439681
Katowice,Pula,Chorwacja,Katowice,2026-08-24,2026-08-27,3,133.73,275.34,409.06999999999994,KTW,PUY,KTW,https://www.skyscanner.net/g/referrals/v1/flights/day-view/?origin=ktw&destination=puy&outboundDate=2026-08-24&inboundDate=2026-08-27&market=PL&locale=pl-PL&currency=PLN&mediaPartnerId=6439681
Gdańsk,Bukareszt,Rumunia,Gdańsk,2026-08-28,2026-08-31,3,114.19,295.31,409.5,GDN,BUCH,GDN,https://www.skyscanner.net/g/referrals/v1/flights/day-view/?origin=gdn&destination=buch&outboundDate=2026-08-28&inboundDate=2026-08-31&market=PL&locale=pl-PL&currency=PLN&mediaPartnerId=6439681
Wrocław,Sztokholm,Szwecja,Gdańsk,2026-08-25,2026-08-27,2,315.11,94.93,410.04,WRO,ARN,GDN,https://skyscanner.net/g/referrals/v1/flights/multicity/?mediaPartnerId=6439681&origin0=wro&date0=2026-08-25&destination0=arn&origin1=arn&date1=2026-08-27&destination1=gdn&adultsv2=1&market=PL&locale=pl-PL&currency=PLN
Poznań,Mediolan,Włochy,Warszawa,2026-08-29,2026-08-31,2,254.67,155.38,410.04999999999995,POZ,MIL,WARS,https://skyscanner.net/g/referrals/v1/flights/multicity/?mediaPartnerId=6439681&origin0=poz&date0=2026-08-29&destination0=mil&origin1=mil&date1=2026-08-31&destination1=wars&adultsv2=1&market=PL&locale=pl-PL&currency=PLN
Poznań,Mediolan,Włochy,Warszawa,2026-08-29,2026-08-31,2,254.67,155.38,410.04999999999995,POZ,MILA,WARS,https://skyscanner.net/g/referrals/v1/flights/multicity/?mediaPartnerId=6439681&origin0=poz&date0=2026-08-29&destination0=mila&origin1=mila&date1=2026-08-31&destination1=wars&adultsv2=1&market=PL&locale=pl-PL&currency=PLN
Poznań,Oslo,Norwegia,Katowice,2026-08-28,2026-08-31,3,198.54,211.7,410.24,POZ,OSLO,KTW,https://skyscanner.net/g/referrals/v1/flights/multicity/?mediaPartnerId=6439681&origin0=poz&date0=2026-08-28&destination0=oslo&origin1=oslo&date1=2026-08-31&destination1=ktw&adultsv2=1&market=PL&locale=pl-PL&currency=PLN
Gdańsk,Kopenhaga,Dania,Gdańsk,2026-08-26,2026-08-29,3,185.59,224.67,410.26,GDN,CPH,GDN,https://www.skyscanner.net/g/referrals/v1/flights/day-view/?origin=gdn&destination=cph&outboundDate=2026-08-26&inboundDate=2026-08-29&market=PL&locale=pl-PL&currency=PLN&mediaPartnerId=6439681
Kraków,Oslo,Norwegia,Wrocław,2026-08-28,2026-08-30,2,86.32,325.21,411.53,KRK,OSLO,WRO,https://skyscanner.net/g/referrals/v1/flights/multicity/?mediaPartnerId=6439681&origin0=krk&date0=2026-08-28&destination0=oslo&origin1=oslo&date1=2026-08-30&destination1=wro&adultsv2=1&market=PL&locale=pl-PL&currency=PLN
Wrocław,Sztokholm,Szwecja,Poznań,2026-08-25,2026-08-29,4,315.11,96.66,411.77,WRO,ARN,POZ,https://skyscanner.net/g/referrals/v1/flights/multicity/?mediaPartnerId=6439681&origin0=wro&date0=2026-08-25&destination0=arn&origin1=arn&date1=2026-08-29&destination1=poz&adultsv2=1&market=PL&locale=pl-PL&currency=PLN
Kraków,Mediolan,Włochy,Warszawa,2026-08-28,2026-08-31,3,306.47,106.56,413.03000000000003,KRK,MILA,WARS,https://skyscanner.net/g/referrals/v1/flights/multicity/?mediaPartnerId=6439681&origin0=krk&date0=2026-08-28&destination0=mila&origin1=mila&date1=2026-08-31&destination1=wars&adultsv2=1&market=PL&locale=pl-PL&currency=PLN
Poznań,Sztokholm,Szwecja,Warszawa,2026-08-25,2026-08-29,4,263.3,149.92,413.22,POZ,ARN,WARS,https://skyscanner.net/g/referrals/v1/flights/multicity/?mediaPartnerId=6439681&origin0=poz&date0=2026-08-25&destination0=arn&origin1=arn&date1=2026-08-29&destination1=wars&adultsv2=1&market=PL&locale=pl-PL&currency=PLN
Katowice,Budapeszt,Węgry,Warszawa,2026-08-28,2026-08-30,2,187.54,226.1,413.64,KTW,BUD,WARS,https://skyscanner.net/g/referrals/v1/flights/multicity/?mediaPartnerId=6439681&origin0=ktw&date0=2026-08-28&destination0=bud&origin1=bud&date1=2026-08-30&destination1=wars&adultsv2=1&market=PL&locale=pl-PL&currency=PLN
Poznań,Sztokholm,Szwecja,Kraków,2026-08-25,2026-08-27,2,263.3,150.82,414.12,POZ,ARN,KRK,https://skyscanner.net/g/referrals/v1/flights/multicity/?mediaPartnerId=6439681&origin0=poz&date0=2026-08-25&destination0=arn&origin1=arn&date1=2026-08-27&destination1=krk&adultsv2=1&market=PL&locale=pl-PL&currency=PLN
Wrocław,Gdańsk,Polska,Wrocław,2026-08-25,2026-08-28,3,142.42,271.93,414.35,WRO,GDN,WRO,https://www.skyscanner.net/g/referrals/v1/flights/day-view/?origin=wro&destination=gdn&outboundDate=2026-08-25&inboundDate=2026-08-28&market=PL&locale=pl-PL&currency=PLN&mediaPartnerId=6439681
Poznań,Mediolan,Włochy,Warszawa,2026-08-28,2026-08-31,3,258.98,155.38,414.36,POZ,MIL,WARS,https://skyscanner.net/g/referrals/v1/flights/multicity/?mediaPartnerId=6439681&origin0=poz&date0=2026-08-28&destination0=mil&origin1=mil&date1=2026-08-31&destination1=wars&adultsv2=1&market=PL&locale=pl-PL&currency=PLN
Poznań,Mediolan,Włochy,Warszawa,2026-08-28,2026-08-31,3,258.98,155.38,414.36,POZ,MILA,WARS,https://skyscanner.net/g/referrals/v1/flights/multicity/?mediaPartnerId=6439681&origin0=poz&date0=2026-08-28&destination0=mila&origin1=mila&date1=2026-08-31&destination1=wars&adultsv2=1&market=PL&locale=pl-PL&currency=PLN
Gdańsk,Kopenhaga,Dania,Gdańsk,2026-08-25,2026-08-29,4,189.91,224.67,414.58,GDN,CPH,GDN,https://www.skyscanner.net/g/referrals/v1/flights/day-view/?origin=gdn&destination=cph&outboundDate=2026-08-25&inboundDate=2026-08-29&market=PL&locale=pl-PL&currency=PLN&mediaPartnerId=6439681
Poznań,Kopenhaga,Dania,Poznań,2026-08-27,2026-08-29,2,129.92,284.89,414.80999999999995,POZ,CPH,POZ,https://www.skyscanner.net/g/referrals/v1/flights/day-view/?origin=poz&destination=cph&outboundDate=2026-08-27&inboundDate=2026-08-29&market=PL&locale=pl-PL&currency=PLN&mediaPartnerId=6439681
Kraków,Sofia,Bułagria,Kraków,2026-08-24,2026-08-31,7,71.39,345.35,416.74,KRK,SOF,KRK,https://www.skyscanner.net/g/referrals/v1/flights/day-view/?origin=krk&destination=sof&outboundDate=2026-08-24&inboundDate=2026-08-31&market=PL&locale=pl-PL&currency=PLN&mediaPartnerId=6439681
Warszawa,Kopenhaga,Dania,Warszawa,2026-08-29,2026-08-31,2,299.0,117.93,416.93,WARS,CPH,WARS,https://www.skyscanner.net/g/referrals/v1/flights/day-view/?origin=wars&destination=cph&outboundDate=2026-08-29&inboundDate=2026-08-31&market=PL&locale=pl-PL&currency=PLN&mediaPartnerId=6439681
Kraków,Kopenhaga,Dania,Poznań,2026-08-25,2026-08-31,6,97.68,319.42,417.1,KRK,CPH,POZ,https://skyscanner.net/g/referrals/v1/flights/multicity/?mediaPartnerId=6439681&origin0=krk&date0=2026-08-25&destination0=cph&origin1=cph&date1=2026-08-31&destination1=poz&adultsv2=1&market=PL&locale=pl-PL&currency=PLN
Warszawa,Sofia,Bułagria,Kraków,2026-08-27,2026-08-31,4,72.02,345.35,417.37,WARS,SOF,KRK,https://skyscanner.net/g/referrals/v1/flights/multicity/?mediaPartnerId=6439681&origin0=wars&date0=2026-08-27&destination0=sof&origin1=sof&date1=2026-08-31&destination1=krk&adultsv2=1&market=PL&locale=pl-PL&currency=PLN
Warszawa,Sofia,Bułagria,Kraków,2026-08-25,2026-08-31,6,72.02,345.35,417.37,WARS,SOF,KRK,https://skyscanner.net/g/referrals/v1/flights/multicity/?mediaPartnerId=6439681&origin0=wars&date0=2026-08-25&destination0=sof&origin1=sof&date1=2026-08-31&destination1=krk&adultsv2=1&market=PL&locale=pl-PL&currency=PLN
Warszawa,Sofia,Bułagria,Kraków,2026-08-28,2026-08-31,3,72.02,345.35,417.37,WARS,SOF,KRK,https://skyscanner.net/g/referrals/v1/flights/multicity/?mediaPartnerId=6439681&origin0=wars&date0=2026-08-28&destination0=sof&origin1=sof&date1=2026-08-31&destination1=krk&adultsv2=1&market=PL&locale=pl-PL&currency=PLN
Warszawa,Sofia,Bułagria,Kraków,2026-08-24,2026-08-31,7,72.02,345.35,417.37,WARS,SOF,KRK,https://skyscanner.net/g/referrals/v1/flights/multicity/?mediaPartnerId=6439681&origin0=wars&date0=2026-08-24&destination0=sof&origin1=sof&date1=2026-08-31&destination1=krk&adultsv2=1&market=PL&locale=pl-PL&currency=PLN
Warszawa,Sofia,Bułagria,Kraków,2026-08-29,2026-08-31,2,72.02,345.35,417.37,WARS,SOF,KRK,https://skyscanner.net/g/referrals/v1/flights/multicity/?mediaPartnerId=6439681&origin0=wars&date0=2026-08-29&destination0=sof&origin1=sof&date1=2026-08-31&destination1=krk&adultsv2=1&market=PL&locale=pl-PL&currency=PLN
Gdańsk,Kopenhaga,Dania,Kraków,2026-08-28,2026-08-31,3,280.57,137.3,417.87,GDN,CPH,KRK,https://skyscanner.net/g/referrals/v1/flights/multicity/?mediaPartnerId=6439681&origin0=gdn&date0=2026-08-28&destination0=cph&origin1=cph&date1=2026-08-31&destination1=krk&adultsv2=1&market=PL&locale=pl-PL&currency=PLN
Szczecin,Kraków,Polska,Szczecin,2026-08-26,2026-08-28,2,211.37,206.71,418.08000000000004,SZZ,KRK,SZZ,https://www.skyscanner.net/g/referrals/v1/flights/day-view/?origin=szz&destination=krk&outboundDate=2026-08-26&inboundDate=2026-08-28&market=PL&locale=pl-PL&currency=PLN&mediaPartnerId=6439681
Gdańsk,Stavanger,Norwegia,Kraków,2026-08-29,2026-08-31,2,209.0,209.28,418.28,GDN,SVG,KRK,https://skyscanner.net/g/referrals/v1/flights/multicity/?mediaPartnerId=6439681&origin0=gdn&date0=2026-08-29&destination0=svg&origin1=svg&date1=2026-08-31&destination1=krk&adultsv2=1&market=PL&locale=pl-PL&currency=PLN
Wrocław,Sofia,Bułagria,Kraków,2026-08-29,2026-08-31,2,73.22,345.35,418.57000000000005,WRO,SOF,KRK,https://skyscanner.net/g/referrals/v1/flights/multicity/?mediaPartnerId=6439681&origin0=wro&date0=2026-08-29&destination0=sof&origin1=sof&date1=2026-08-31&destination1=krk&adultsv2=1&market=PL&locale=pl-PL&currency=PLN
Kraków,Sofia,Bułagria,Kraków,2026-08-26,2026-08-31,5,73.35,345.35,418.70000000000005,KRK,SOF,KRK,https://www.skyscanner.net/g/referrals/v1/flights/day-view/?origin=krk&destination=sof&outboundDate=2026-08-26&inboundDate=2026-08-31&market=PL&locale=pl-PL&currency=PLN&mediaPartnerId=6439681
Kraków,Kopenhaga,Dania,Poznań,2026-08-26,2026-08-31,5,99.71,319.42,419.13,KRK,CPH,POZ,https://skyscanner.net/g/referrals/v1/flights/multicity/?mediaPartnerId=6439681&origin0=krk&date0=2026-08-26&destination0=cph&origin1=cph&date1=2026-08-31&destination1=poz&adultsv2=1&market=PL&locale=pl-PL&currency=PLN
Kraków,Katania,Włochy,Wrocław,2026-08-27,2026-08-31,4,177.4,241.73,419.13,KRK,CTA,WRO,https://skyscanner.net/g/referrals/v1/flights/multicity/?mediaPartnerId=6439681&origin0=krk&date0=2026-08-27&destination0=cta&origin1=cta&date1=2026-08-31&destination1=wro&adultsv2=1&market=PL&locale=pl-PL&currency=PLN
Katowice,Budapeszt,Węgry,Kraków,2026-08-28,2026-08-30,2,187.54,231.85,419.39,KTW,BUD,KRK,https://skyscanner.net/g/referrals/v1/flights/multicity/?mediaPartnerId=6439681&origin0=ktw&date0=2026-08-28&destination0=bud&origin1=bud&date1=2026-08-30&destination1=krk&adultsv2=1&market=PL&locale=pl-PL&currency=PLN
Wrocław,Bolonia,Włochy,Kraków,2026-08-25,2026-08-27,2,284.89,134.59,419.48,WRO,BLQ,KRK,https://skyscanner.net/g/referrals/v1/flights/multicity/?mediaPartnerId=6439681&origin0=wro&date0=2026-08-25&destination0=blq&origin1=blq&date1=2026-08-27&destination1=krk&adultsv2=1&market=PL&locale=pl-PL&currency=PLN
Poznań,Sztokholm,Szwecja,Warszawa,2026-08-25,2026-08-31,6,263.3,157.36,420.66,POZ,ARN,WARS,https://skyscanner.net/g/referrals/v1/flights/multicity/?mediaPartnerId=6439681&origin0=poz&date0=2026-08-25&destination0=arn&origin1=arn&date1=2026-08-31&destination1=wars&adultsv2=1&market=PL&locale=pl-PL&currency=PLN
Gdańsk,Kopenhaga,Dania,Gdańsk,2026-08-27,2026-08-29,2,196.66,224.67,421.33,GDN,CPH,GDN,https://www.skyscanner.net/g/referrals/v1/flights/day-view/?origin=gdn&destination=cph&outboundDate=2026-08-27&inboundDate=2026-08-29&market=PL&locale=pl-PL&currency=PLN&mediaPartnerId=6439681
Warszawa,Kopenhaga,Dania,Warszawa,2026-08-26,2026-08-31,5,122.24,299.75,421.99,WARS,CPH,WARS,https://www.skyscanner.net/g/referrals/v1/flights/day-view/?origin=wars&destination=cph&outboundDate=2026-08-26&inboundDate=2026-08-31&market=PL&locale=pl-PL&currency=PLN&mediaPartnerId=6439681
Wrocław,Bolonia,Włochy,Wrocław,2026-08-25,2026-08-27,2,284.89,137.86,422.75,WRO,BLQ,WRO,https://www.skyscanner.net/g/referrals/v1/flights/day-view/?origin=wro&destination=blq&outboundDate=2026-08-25&inboundDate=2026-08-27&market=PL&locale=pl-PL&currency=PLN&mediaPartnerId=6439681
Warszawa,Kopenhaga,Dania,Warszawa,2026-08-28,2026-08-30,2,80.73,342.09,422.82,WARS,CPH,WARS,https://www.skyscanner.net/g/referrals/v1/flights/day-view/?origin=wars&destination=cph&outboundDate=2026-08-28&inboundDate=2026-08-30&market=PL&locale=pl-PL&currency=PLN&mediaPartnerId=6439681
Gdańsk,Wrocław,Polska,Gdańsk,2026-08-24,2026-08-28,4,172.64,250.34,422.98,GDN,WRO,GDN,https://www.skyscanner.net/g/referrals/v1/flights/day-view/?origin=gdn&destination=wro&outboundDate=2026-08-24&inboundDate=2026-08-28&market=PL&locale=pl-PL&currency=PLN&mediaPartnerId=6439681
Kraków,Oslo,Norwegia,Katowice,2026-08-26,2026-08-31,5,211.49,211.7,423.19,KRK,OSLO,KTW,https://skyscanner.net/g/referrals/v1/flights/multicity/?mediaPartnerId=6439681&origin0=krk&date0=2026-08-26&destination0=oslo&origin1=oslo&date1=2026-08-31&destination1=ktw&adultsv2=1&market=PL&locale=pl-PL&currency=PLN
Wrocław,Sztokholm,Szwecja,Warszawa,2026-08-28,2026-08-30,2,107.88,315.41,423.29,WRO,STO,WARS,https://skyscanner.net/g/referrals/v1/flights/multicity/?mediaPartnerId=6439681&origin0=wro&date0=2026-08-28&destination0=sto&origin1=sto&date1=2026-08-30&destination1=wars&adultsv2=1&market=PL&locale=pl-PL&currency=PLN
Poznań,Kopenhaga,Dania,Kraków,2026-08-24,2026-08-26,2,315.11,108.47,423.58000000000004,POZ,CPH,KRK,https://skyscanner.net/g/referrals/v1/flights/multicity/?mediaPartnerId=6439681&origin0=poz&date0=2026-08-24&destination0=cph&origin1=cph&date1=2026-08-26&destination1=krk&adultsv2=1&market=PL&locale=pl-PL&currency=PLN
Katowice,Katania,Włochy,Kraków,2026-08-29,2026-08-31,2,159.69,264.0,423.69,KTW,CTA,KRK,https://skyscanner.net/g/referrals/v1/flights/multicity/?mediaPartnerId=6439681&origin0=ktw&date0=2026-08-29&destination0=cta&origin1=cta&date1=2026-08-31&destination1=krk&adultsv2=1&market=PL&locale=pl-PL&currency=PLN
Katowice,Mediolan,Włochy,Kraków,2026-08-29,2026-08-31,2,185.16,238.75,423.90999999999997,KTW,MILA,KRK,https://skyscanner.net/g/referrals/v1/flights/multicity/?mediaPartnerId=6439681&origin0=ktw&date0=2026-08-29&destination0=mila&origin1=mila&date1=2026-08-31&destination1=krk&adultsv2=1&market=PL&locale=pl-PL&currency=PLN
Warszawa,Kopenhaga,Dania,Warszawa,2026-08-26,2026-08-28,2,122.24,302.21,424.45,WARS,CPH,WARS,https://www.skyscanner.net/g/referrals/v1/flights/day-view/?origin=wars&destination=cph&outboundDate=2026-08-26&inboundDate=2026-08-28&market=PL&locale=pl-PL&currency=PLN&mediaPartnerId=6439681
Kraków,Kopenhaga,Dania,Gdańsk,2026-08-28,2026-08-30,2,246.73,178.46,425.19,KRK,CPH,GDN,https://skyscanner.net/g/referrals/v1/flights/multicity/?mediaPartnerId=6439681&origin0=krk&date0=2026-08-28&destination0=cph&origin1=cph&date1=2026-08-30&destination1=gdn&adultsv2=1&market=PL&locale=pl-PL&currency=PLN
Warszawa,Mediolan,Włochy,Warszawa,2026-08-29,2026-08-31,2,319.31,106.56,425.87,WARS,MILA,WARS,https://www.skyscanner.net/g/referrals/v1/flights/day-view/?origin=wars&destination=mila&outboundDate=2026-08-29&inboundDate=2026-08-31&market=PL&locale=pl-PL&currency=PLN&mediaPartnerId=6439681
Katowice,Wenecja,Włochy,Gdańsk,2026-08-25,2026-08-27,2,331.31,95.0,426.31,KTW,TSF,GDN,https://skyscanner.net/g/referrals/v1/flights/multicity/?mediaPartnerId=6439681&origin0=ktw&date0=2026-08-25&destination0=tsf&origin1=tsf&date1=2026-08-27&destination1=gdn&adultsv2=1&market=PL&locale=pl-PL&currency=PLN
Wrocław,Gdańsk,Polska,Wrocław,2026-08-25,2026-08-31,6,142.42,283.94,426.36,WRO,GDN,WRO,https://www.skyscanner.net/g/referrals/v1/flights/day-view/?origin=wro&destination=gdn&outboundDate=2026-08-25&inboundDate=2026-08-31&market=PL&locale=pl-PL&currency=PLN&mediaPartnerId=6439681
Wrocław,Gdańsk,Polska,Wrocław,2026-08-24,2026-08-27,3,176.96,249.59,426.55,WRO,GDN,WRO,https://www.skyscanner.net/g/referrals/v1/flights/day-view/?origin=wro&destination=gdn&outboundDate=2026-08-24&inboundDate=2026-08-27&market=PL&locale=pl-PL&currency=PLN&mediaPartnerId=6439681
Poznań,Sztokholm,Szwecja,Gdańsk,2026-08-25,2026-08-30,5,263.3,163.36,426.66,POZ,STO,GDN,https://skyscanner.net/g/referrals/v1/flights/multicity/?mediaPartnerId=6439681&origin0=poz&date0=2026-08-25&destination0=sto&origin1=sto&date1=2026-08-30&destination1=gdn&adultsv2=1&market=PL&locale=pl-PL&currency=PLN
Poznań,Sztokholm,Szwecja,Gdańsk,2026-08-25,2026-08-30,5,263.3,163.36,426.66,POZ,ARN,GDN,https://skyscanner.net/g/referrals/v1/flights/multicity/?mediaPartnerId=6439681&origin0=poz&date0=2026-08-25&destination0=arn&origin1=arn&date1=2026-08-30&destination1=gdn&adultsv2=1&market=PL&locale=pl-PL&currency=PLN
Katowice,Wenecja,Włochy,Kraków,2026-08-25,2026-08-27,2,331.31,95.56,426.87,KTW,TSF,KRK,https://skyscanner.net/g/referrals/v1/flights/multicity/?mediaPartnerId=6439681&origin0=ktw&date0=2026-08-25&destination0=tsf&origin1=tsf&date1=2026-08-27&destination1=krk&adultsv2=1&market=PL&locale=pl-PL&currency=PLN
Katowice,Pula,Chorwacja,Katowice,2026-08-24,2026-08-28,4,133.73,293.31,427.03999999999996,KTW,PUY,KTW,https://www.skyscanner.net/g/referrals/v1/flights/day-view/?origin=ktw&destination=puy&outboundDate=2026-08-24&inboundDate=2026-08-28&market=PL&locale=pl-PL&currency=PLN&mediaPartnerId=6439681
Kraków,Wiedeń,Austria,Warszawa,2026-08-29,2026-08-31,2,146.74,280.57,427.31,KRK,VIE,WARS,https://skyscanner.net/g/referrals/v1/flights/multicity/?mediaPartnerId=6439681&origin0=krk&date0=2026-08-29&destination0=vie&origin1=vie&date1=2026-08-31&destination1=wars&adultsv2=1&market=PL&locale=pl-PL&currency=PLN
Poznań,Sztokholm,Szwecja,Gdańsk,2026-08-25,2026-08-31,6,263.3,164.01,427.31,POZ,ARN,GDN,https://skyscanner.net/g/referrals/v1/flights/multicity/?mediaPartnerId=6439681&origin0=poz&date0=2026-08-25&destination0=arn&origin1=arn&date1=2026-08-31&destination1=gdn&adultsv2=1&market=PL&locale=pl-PL&currency=PLN
Katowice,Oslo,Norwegia,Katowice,2026-08-26,2026-08-31,5,216.01,211.7,427.71,KTW,OSLO,KTW,https://www.skyscanner.net/g/referrals/v1/flights/day-view/?origin=ktw&destination=oslo&outboundDate=2026-08-26&inboundDate=2026-08-31&market=PL&locale=pl-PL&currency=PLN&mediaPartnerId=6439681
Gdańsk,Kopenhaga,Dania,Kraków,2026-08-22,2026-08-24,2,258.98,170.0,428.98,GDN,CPH,KRK,https://skyscanner.net/g/referrals/v1/flights/multicity/?mediaPartnerId=6439681&origin0=gdn&date0=2026-08-22&destination0=cph&origin1=cph&date1=2026-08-24&destination1=krk&adultsv2=1&market=PL&locale=pl-PL&currency=PLN
Poznań,Mediolan,Włochy,Kraków,2026-08-29,2026-08-31,2,254.67,174.31,428.98,POZ,MILA,KRK,https://skyscanner.net/g/referrals/v1/flights/multicity/?mediaPartnerId=6439681&origin0=poz&date0=2026-08-29&destination0=mila&origin1=mila&date1=2026-08-31&destination1=krk&adultsv2=1&market=PL&locale=pl-PL&currency=PLN
Katowice,Mediolan,Włochy,Gdańsk,2026-08-29,2026-08-31,2,185.16,244.25,429.40999999999997,KTW,MILA,GDN,https://skyscanner.net/g/referrals/v1/flights/multicity/?mediaPartnerId=6439681&origin0=ktw&date0=2026-08-29&destination0=mila&origin1=mila&date1=2026-08-31&destination1=gdn&adultsv2=1&market=PL&locale=pl-PL&currency=PLN
Poznań,Kopenhaga,Dania,Warszawa,2026-08-27,2026-08-31,4,129.92,299.75,429.66999999999996,POZ,CPH,WARS,https://skyscanner.net/g/referrals/v1/flights/multicity/?mediaPartnerId=6439681&origin0=poz&date0=2026-08-27&destination0=cph&origin1=cph&date1=2026-08-31&destination1=wars&adultsv2=1&market=PL&locale=pl-PL&currency=PLN
Kraków,Wiedeń,Austria,Kraków,2026-08-27,2026-08-29,2,284.89,145.42,430.30999999999995,KRK,VIE,KRK,https://www.skyscanner.net/g/referrals/v1/flights/day-view/?origin=krk&destination=vie&outboundDate=2026-08-27&inboundDate=2026-08-29&market=PL&locale=pl-PL&currency=PLN&mediaPartnerId=6439681
Kraków,Oslo,Norwegia,Kraków,2026-08-27,2026-08-30,3,189.91,240.75,430.65999999999997,KRK,OSLO,KRK,https://www.skyscanner.net/g/referrals/v1/flights/day-view/?origin=krk&destination=oslo&outboundDate=2026-08-27&inboundDate=2026-08-30&market=PL&locale=pl-PL&currency=PLN&mediaPartnerId=6439681
Katowice,Mediolan,Włochy,Katowice,2026-08-25,2026-08-27,2,349.54,81.86,431.40000000000003,KTW,MILA,KTW,https://www.skyscanner.net/g/referrals/v1/flights/day-view/?origin=ktw&destination=mila&outboundDate=2026-08-25&inboundDate=2026-08-27&market=PL&locale=pl-PL&currency=PLN&mediaPartnerId=6439681
Wrocław,Gdańsk,Polska,Kraków,2026-08-24,2026-08-31,7,176.96,254.66,431.62,WRO,GDN,KRK,https://skyscanner.net/g/referrals/v1/flights/multicity/?mediaPartnerId=6439681&origin0=wro&date0=2026-08-24&destination0=gdn&origin1=gdn&date1=2026-08-31&destination1=krk&adultsv2=1&market=PL&locale=pl-PL&currency=PLN
Kraków,Oslo,Norwegia,Kraków,2026-08-27,2026-08-31,4,189.91,241.71,431.62,KRK,OSLO,KRK,https://www.skyscanner.net/g/referrals/v1/flights/day-view/?origin=krk&destination=oslo&outboundDate=2026-08-27&inboundDate=2026-08-31&market=PL&locale=pl-PL&currency=PLN&mediaPartnerId=6439681
Poznań,Mediolan,Włochy,Warszawa,2026-08-28,2026-08-30,2,258.98,172.65,431.63,POZ,MILA,WARS,https://skyscanner.net/g/referrals/v1/flights/multicity/?mediaPartnerId=6439681&origin0=poz&date0=2026-08-28&destination0=mila&origin1=mila&date1=2026-08-30&destination1=wars&adultsv2=1&market=PL&locale=pl-PL&currency=PLN
Poznań,Mediolan,Włochy,Warszawa,2026-08-28,2026-08-30,2,258.98,172.65,431.63,POZ,MIL,WARS,https://skyscanner.net/g/referrals/v1/flights/multicity/?mediaPartnerId=6439681&origin0=poz&date0=2026-08-28&destination0=mil&origin1=mil&date1=2026-08-30&destination1=wars&adultsv2=1&market=PL&locale=pl-PL&currency=PLN
Gdańsk,Praga,Czechy,Poznań,2026-08-26,2026-08-28,2,361.62,71.5,433.12,GDN,PRG,POZ,https://skyscanner.net/g/referrals/v1/flights/multicity/?mediaPartnerId=6439681&origin0=gdn&date0=2026-08-26&destination0=prg&origin1=prg&date1=2026-08-28&destination1=poz&adultsv2=1&market=PL&locale=pl-PL&currency=PLN
Poznań,Mediolan,Włochy,Kraków,2026-08-28,2026-08-31,3,258.98,174.31,433.29,POZ,MILA,KRK,https://skyscanner.net/g/referrals/v1/flights/multicity/?mediaPartnerId=6439681&origin0=poz&date0=2026-08-28&destination0=mila&origin1=mila&date1=2026-08-31&destination1=krk&adultsv2=1&market=PL&locale=pl-PL&currency=PLN
Wrocław,Gdańsk,Polska,Lublin,2026-08-24,2026-08-28,4,176.96,257.29,434.25,WRO,GDN,LUZ,https://skyscanner.net/g/referrals/v1/flights/multicity/?mediaPartnerId=6439681&origin0=wro&date0=2026-08-24&destination0=gdn&origin1=gdn&date1=2026-08-28&destination1=luz&adultsv2=1&market=PL&locale=pl-PL&currency=PLN
Wrocław,Oslo,Norwegia,Poznań,2026-08-28,2026-08-30,2,71.7,362.59,434.28999999999996,WRO,OSLO,POZ,https://skyscanner.net/g/referrals/v1/flights/multicity/?mediaPartnerId=6439681&origin0=wro&date0=2026-08-28&destination0=oslo&origin1=oslo&date1=2026-08-30&destination1=poz&adultsv2=1&market=PL&locale=pl-PL&currency=PLN
Warszawa,Sofia,Bułagria,Kraków,2026-08-29,2026-08-31,2,89.0,345.35,434.35,WARS,SOF,KRK,https://skyscanner.net/g/referrals/v1/flights/multicity/?mediaPartnerId=6439681&origin0=wars&date0=2026-08-29&destination0=sof&origin1=sof&date1=2026-08-31&destination1=krk&adultsv2=1&market=PL&locale=pl-PL&currency=PLN
Warszawa,Kopenhaga,Dania,Kraków,2026-08-29,2026-08-31,2,299.0,137.3,436.3,WARS,CPH,KRK,https://skyscanner.net/g/referrals/v1/flights/multicity/?mediaPartnerId=6439681&origin0=wars&date0=2026-08-29&destination0=cph&origin1=cph&date1=2026-08-31&destination1=krk&adultsv2=1&market=PL&locale=pl-PL&currency=PLN
Wrocław,Dortmund,Niemcy,Gdańsk,2026-08-29,2026-08-31,2,299.0,138.11,437.11,WRO,DTM,GDN,https://skyscanner.net/g/referrals/v1/flights/multicity/?mediaPartnerId=6439681&origin0=wro&date0=2026-08-29&destination0=dtm&origin1=dtm&date1=2026-08-31&destination1=gdn&adultsv2=1&market=PL&locale=pl-PL&currency=PLN
Katowice,Zadar,Chorwacja,Poznań,2026-08-25,2026-08-27,2,79.0,358.28,437.28,KTW,ZAD,POZ,https://skyscanner.net/g/referrals/v1/flights/multicity/?mediaPartnerId=6439681&origin0=ktw&date0=2026-08-25&destination0=zad&origin1=zad&date1=2026-08-27&destination1=poz&adultsv2=1&market=PL&locale=pl-PL&currency=PLN
Gdańsk,Wilno,Litwa,Kraków,2026-08-29,2026-08-31,2,179.0,259.0,438.0,GDN,VNO,KRK,https://skyscanner.net/g/referrals/v1/flights/multicity/?mediaPartnerId=6439681&origin0=gdn&date0=2026-08-29&destination0=vno&origin1=vno&date1=2026-08-31&destination1=krk&adultsv2=1&market=PL&locale=pl-PL&currency=PLN
Warszawa,Budapeszt,Węgry,Warszawa,2026-08-26,2026-08-30,4,211.92,226.1,438.02,WARS,BUD,WARS,https://www.skyscanner.net/g/referrals/v1/flights/day-view/?origin=wars&destination=bud&outboundDate=2026-08-26&inboundDate=2026-08-30&market=PL&locale=pl-PL&currency=PLN&mediaPartnerId=6439681
Kraków,Praga,Czechy,Poznań,2026-08-26,2026-08-28,2,366.91,71.5,438.41,KRK,PRG,POZ,https://skyscanner.net/g/referrals/v1/flights/multicity/?mediaPartnerId=6439681&origin0=krk&date0=2026-08-26&destination0=prg&origin1=prg&date1=2026-08-28&destination1=poz&adultsv2=1&market=PL&locale=pl-PL&currency=PLN
Kraków,Oslo,Norwegia,Kraków,2026-08-29,2026-08-31,2,75.05,363.57,438.62,KRK,OSLO,KRK,https://www.skyscanner.net/g/referrals/v1/flights/day-view/?origin=krk&destination=oslo&outboundDate=2026-08-29&inboundDate=2026-08-31&market=PL&locale=pl-PL&currency=PLN&mediaPartnerId=6439681
Poznań,Mediolan,Włochy,Warszawa,2026-08-27,2026-08-31,4,332.37,106.56,438.93,POZ,MILA,WARS,https://skyscanner.net/g/referrals/v1/flights/multicity/?mediaPartnerId=6439681&origin0=poz&date0=2026-08-27&destination0=mila&origin1=mila&date1=2026-08-31&destination1=wars&adultsv2=1&market=PL&locale=pl-PL&currency=PLN
Poznań,Oslo,Norwegia,Kraków,2026-08-28,2026-08-30,2,198.54,240.75,439.28999999999996,POZ,OSLO,KRK,https://skyscanner.net/g/referrals/v1/flights/multicity/?mediaPartnerId=6439681&origin0=poz&date0=2026-08-28&destination0=oslo&origin1=oslo&date1=2026-08-30&destination1=krk&adultsv2=1&market=PL&locale=pl-PL&currency=PLN
Kraków,Kopenhaga,Dania,Warszawa,2026-08-25,2026-08-30,5,97.68,342.09,439.77,KRK,CPH,WARS,https://skyscanner.net/g/referrals/v1/flights/multicity/?mediaPartnerId=6439681&origin0=krk&date0=2026-08-25&destination0=cph&origin1=cph&date1=2026-08-30&destination1=wars&adultsv2=1&market=PL&locale=pl-PL&currency=PLN
Poznań,Oslo,Norwegia,Kraków,2026-08-28,2026-08-31,3,198.54,241.71,440.25,POZ,OSLO,KRK,https://skyscanner.net/g/referrals/v1/flights/multicity/?mediaPartnerId=6439681&origin0=poz&date0=2026-08-28&destination0=oslo&origin1=oslo&date1=2026-08-31&destination1=krk&adultsv2=1&market=PL&locale=pl-PL&currency=PLN
Wrocław,Gdańsk,Polska,Kraków,2026-08-24,2026-08-27,3,176.96,263.3,440.26,WRO,GDN,KRK,https://skyscanner.net/g/referrals/v1/flights/multicity/?mediaPartnerId=6439681&origin0=wro&date0=2026-08-24&destination0=gdn&origin1=gdn&date1=2026-08-27&destination1=krk&adultsv2=1&market=PL&locale=pl-PL&currency=PLN
Poznań,Oslo,Norwegia,Kraków,2026-08-29,2026-08-31,2,77.31,363.57,440.88,POZ,OSLO,KRK,https://skyscanner.net/g/referrals/v1/flights/multicity/?mediaPartnerId=6439681&origin0=poz&date0=2026-08-29&destination0=oslo&origin1=oslo&date1=2026-08-31&destination1=krk&adultsv2=1&market=PL&locale=pl-PL&currency=PLN
Kraków,Katania,Włochy,Kraków,2026-08-27,2026-08-31,4,177.4,264.0,441.4,KRK,CTA,KRK,https://www.skyscanner.net/g/referrals/v1/flights/day-view/?origin=krk&destination=cta&outboundDate=2026-08-27&inboundDate=2026-08-31&market=PL&locale=pl-PL&currency=PLN&mediaPartnerId=6439681
Warszawa,Kopenhaga,Dania,Poznań,2026-08-26,2026-08-31,5,122.24,319.42,441.66,WARS,CPH,POZ,https://skyscanner.net/g/referrals/v1/flights/multicity/?mediaPartnerId=6439681&origin0=wars&date0=2026-08-26&destination0=cph&origin1=cph&date1=2026-08-31&destination1=poz&adultsv2=1&market=PL&locale=pl-PL&currency=PLN
Kraków,Oslo,Norwegia,Kraków,2026-08-27,2026-08-29,2,189.91,252.45,442.36,KRK,OSLO,KRK,https://www.skyscanner.net/g/referrals/v1/flights/day-view/?origin=krk&destination=oslo&outboundDate=2026-08-27&inboundDate=2026-08-29&market=PL&locale=pl-PL&currency=PLN&mediaPartnerId=6439681
Katowice,Wenecja,Włochy,Poznań,2026-08-25,2026-08-27,2,331.31,111.31,442.62,KTW,TSF,POZ,https://skyscanner.net/g/referrals/v1/flights/multicity/?mediaPartnerId=6439681&origin0=ktw&date0=2026-08-25&destination0=tsf&origin1=tsf&date1=2026-08-27&destination1=poz&adultsv2=1&market=PL&locale=pl-PL&currency=PLN
Kraków,Praga,Czechy,Poznań,2026-08-25,2026-08-28,3,371.23,71.5,442.73,KRK,PRG,POZ,https://skyscanner.net/g/referrals/v1/flights/multicity/?mediaPartnerId=6439681&origin0=krk&date0=2026-08-25&destination0=prg&origin1=prg&date1=2026-08-28&destination1=poz&adultsv2=1&market=PL&locale=pl-PL&currency=PLN
Kraków,Mediolan,Włochy,Warszawa,2026-08-29,2026-08-31,2,336.69,106.56,443.25,KRK,MILA,WARS,https://skyscanner.net/g/referrals/v1/flights/multicity/?mediaPartnerId=6439681&origin0=krk&date0=2026-08-29&destination0=mila&origin1=mila&date1=2026-08-31&destination1=wars&adultsv2=1&market=PL&locale=pl-PL&currency=PLN
Wrocław,Sztokholm,Szwecja,Kraków,2026-08-25,2026-08-31,6,315.11,128.14,443.25,WRO,ARN,KRK,https://skyscanner.net/g/referrals/v1/flights/multicity/?mediaPartnerId=6439681&origin0=wro&date0=2026-08-25&destination0=arn&origin1=arn&date1=2026-08-31&destination1=krk&adultsv2=1&market=PL&locale=pl-PL&currency=PLN
Katowice,Budapeszt,Węgry,Warszawa,2026-08-28,2026-08-31,3,187.54,255.74,443.28,KTW,BUD,WARS,https://skyscanner.net/g/referrals/v1/flights/multicity/?mediaPartnerId=6439681&origin0=ktw&date0=2026-08-28&destination0=bud&origin1=bud&date1=2026-08-31&destination1=wars&adultsv2=1&market=PL&locale=pl-PL&currency=PLN
Warszawa,Budapeszt,Węgry,Kraków,2026-08-26,2026-08-30,4,211.92,231.85,443.77,WARS,BUD,KRK,https://skyscanner.net/g/referrals/v1/flights/multicity/?mediaPartnerId=6439681&origin0=wars&date0=2026-08-26&destination0=bud&origin1=bud&date1=2026-08-30&destination1=krk&adultsv2=1&market=PL&locale=pl-PL&currency=PLN
Warszawa,Kopenhaga,Dania,Warszawa,2026-08-28,2026-08-30,2,80.73,363.28,444.01,WARS,CPH,WARS,https://www.skyscanner.net/g/referrals/v1/flights/day-view/?origin=wars&destination=cph&outboundDate=2026-08-28&inboundDate=2026-08-30&market=PL&locale=pl-PL&currency=PLN&mediaPartnerId=6439681
Katowice,Mediolan,Włochy,Warszawa,2026-08-29,2026-08-31,2,185.16,259.0,444.15999999999997,KTW,MILA,WARS,https://skyscanner.net/g/referrals/v1/flights/multicity/?mediaPartnerId=6439681&origin0=ktw&date0=2026-08-29&destination0=mila&origin1=mila&date1=2026-08-31&destination1=wars&adultsv2=1&market=PL&locale=pl-PL&currency=PLN
Katowice,Mediolan,Włochy,Kraków,2026-08-25,2026-08-27,2,349.54,95.0,444.54,KTW,MILA,KRK,https://skyscanner.net/g/referrals/v1/flights/multicity/?mediaPartnerId=6439681&origin0=ktw&date0=2026-08-25&destination0=mila&origin1=mila&date1=2026-08-27&destination1=krk&adultsv2=1&market=PL&locale=pl-PL&currency=PLN
Katowice,Katania,Włochy,Katowice,2026-08-29,2026-08-31,2,159.69,284.91,444.6,KTW,CTA,KTW,https://www.skyscanner.net/g/referrals/v1/flights/day-view/?origin=ktw&destination=cta&outboundDate=2026-08-29&inboundDate=2026-08-31&market=PL&locale=pl-PL&currency=PLN&mediaPartnerId=6439681
Gdańsk,Kopenhaga,Dania,Warszawa,2026-08-22,2026-08-24,2,258.98,185.88,444.86,GDN,CPH,WARS,https://skyscanner.net/g/referrals/v1/flights/multicity/?mediaPartnerId=6439681&origin0=gdn&date0=2026-08-22&destination0=cph&origin1=cph&date1=2026-08-24&destination1=wars&adultsv2=1&market=PL&locale=pl-PL&currency=PLN
Warszawa,Sztokholm,Szwecja,Gdańsk,2026-08-27,2026-08-31,4,220.72,225.74,446.46000000000004,WARS,STO,GDN,https://skyscanner.net/g/referrals/v1/flights/multicity/?mediaPartnerId=6439681&origin0=wars&date0=2026-08-27&destination0=sto&origin1=sto&date1=2026-08-31&destination1=gdn&adultsv2=1&market=PL&locale=pl-PL&currency=PLN
Warszawa,Sztokholm,Szwecja,Gdańsk,2026-08-27,2026-08-29,2,220.72,225.74,446.46000000000004,WARS,STO,GDN,https://skyscanner.net/g/referrals/v1/flights/multicity/?mediaPartnerId=6439681&origin0=wars&date0=2026-08-27&destination0=sto&origin1=sto&date1=2026-08-29&destination1=gdn&adultsv2=1&market=PL&locale=pl-PL&currency=PLN
Poznań,Oslo,Norwegia,Gdańsk,2026-08-27,2026-08-31,4,379.86,67.39,447.25,POZ,OSLO,GDN,https://skyscanner.net/g/referrals/v1/flights/multicity/?mediaPartnerId=6439681&origin0=poz&date0=2026-08-27&destination0=oslo&origin1=oslo&date1=2026-08-31&destination1=gdn&adultsv2=1&market=PL&locale=pl-PL&currency=PLN
Kraków,Praga,Czechy,Poznań,2026-08-25,2026-08-27,2,371.23,76.25,447.48,KRK,PRG,POZ,https://skyscanner.net/g/referrals/v1/flights/multicity/?mediaPartnerId=6439681&origin0=krk&date0=2026-08-25&destination0=prg&origin1=prg&date1=2026-08-27&destination1=poz&adultsv2=1&market=PL&locale=pl-PL&currency=PLN
Gdańsk,Kraków,Polska,Szczecin,2026-08-25,2026-08-28,3,241.71,206.71,448.42,GDN,KRK,SZZ,https://skyscanner.net/g/referrals/v1/flights/multicity/?mediaPartnerId=6439681&origin0=gdn&date0=2026-08-25&destination0=krk&origin1=krk&date1=2026-08-28&destination1=szz&adultsv2=1&market=PL&locale=pl-PL&currency=PLN
Katowice,Mediolan,Włochy,Kraków,2026-08-25,2026-08-28,3,349.54,98.93,448.47,KTW,MILA,KRK,https://skyscanner.net/g/referrals/v1/flights/multicity/?mediaPartnerId=6439681&origin0=ktw&date0=2026-08-25&destination0=mila&origin1=mila&date1=2026-08-28&destination1=krk&adultsv2=1&market=PL&locale=pl-PL&currency=PLN
Wrocław,Gdańsk,Polska,Wrocław,2026-08-24,2026-08-28,4,176.96,271.93,448.89,WRO,GDN,WRO,https://www.skyscanner.net/g/referrals/v1/flights/day-view/?origin=wro&destination=gdn&outboundDate=2026-08-24&inboundDate=2026-08-28&market=PL&locale=pl-PL&currency=PLN&mediaPartnerId=6439681
Kraków,Oslo,Norwegia,Poznań,2026-08-28,2026-08-30,2,86.32,362.59,448.90999999999997,KRK,OSLO,POZ,https://skyscanner.net/g/referrals/v1/flights/multicity/?mediaPartnerId=6439681&origin0=krk&date0=2026-08-28&destination0=oslo&origin1=oslo&date1=2026-08-30&destination1=poz&adultsv2=1&market=PL&locale=pl-PL&currency=PLN
Kraków,Oslo,Norwegia,Kraków,2026-08-28,2026-08-31,3,86.32,363.57,449.89,KRK,OSLO,KRK,https://www.skyscanner.net/g/referrals/v1/flights/day-view/?origin=krk&destination=oslo&outboundDate=2026-08-28&inboundDate=2026-08-31&market=PL&locale=pl-PL&currency=PLN&mediaPartnerId=6439681
Katowice,Dubrovnik,Chorwacja,Gdańsk,2026-08-23,2026-08-27,4,86.3,365.36,451.66,KTW,DBV,GDN,https://skyscanner.net/g/referrals/v1/flights/multicity/?mediaPartnerId=6439681&origin0=ktw&date0=2026-08-23&destination0=dbv&origin1=dbv&date1=2026-08-27&destination1=gdn&adultsv2=1&market=PL&locale=pl-PL&currency=PLN
Kraków,Oslo,Norwegia,Kraków,2026-08-26,2026-08-30,4,211.49,240.75,452.24,KRK,OSLO,KRK,https://www.skyscanner.net/g/referrals/v1/flights/day-view/?origin=krk&destination=oslo&outboundDate=2026-08-26&inboundDate=2026-08-30&market=PL&locale=pl-PL&currency=PLN&mediaPartnerId=6439681
Szczecin,Kraków,Polska,Gdańsk,2026-08-26,2026-08-31,5,211.37,241.71,453.08000000000004,SZZ,KRK,GDN,https://skyscanner.net/g/referrals/v1/flights/multicity/?mediaPartnerId=6439681&origin0=szz&date0=2026-08-26&destination0=krk&origin1=krk&date1=2026-08-31&destination1=gdn&adultsv2=1&market=PL&locale=pl-PL&currency=PLN
Kraków,Oslo,Norwegia,Kraków,2026-08-26,2026-08-31,5,211.49,241.71,453.20000000000005,KRK,OSLO,KRK,https://www.skyscanner.net/g/referrals/v1/flights/day-view/?origin=krk&destination=oslo&outboundDate=2026-08-26&inboundDate=2026-08-31&market=PL&locale=pl-PL&currency=PLN&mediaPartnerId=6439681
Wrocław,Gdańsk,Polska,Kraków,2026-08-27,2026-08-31,4,198.55,254.66,453.21000000000004,WRO,GDN,KRK,https://skyscanner.net/g/referrals/v1/flights/multicity/?mediaPartnerId=6439681&origin0=wro&date0=2026-08-27&destination0=gdn&origin1=gdn&date1=2026-08-31&destination1=krk&adultsv2=1&market=PL&locale=pl-PL&currency=PLN
Poznań,Mediolan,Włochy,Gdańsk,2026-08-29,2026-08-31,2,254.67,198.56,453.23,POZ,MIL,GDN,https://skyscanner.net/g/referrals/v1/flights/multicity/?mediaPartnerId=6439681&origin0=poz&date0=2026-08-29&destination0=mil&origin1=mil&date1=2026-08-31&destination1=gdn&adultsv2=1&market=PL&locale=pl-PL&currency=PLN
Poznań,Mediolan,Włochy,Gdańsk,2026-08-29,2026-08-31,2,254.67,198.56,453.23,POZ,MILA,GDN,https://skyscanner.net/g/referrals/v1/flights/multicity/?mediaPartnerId=6439681&origin0=poz&date0=2026-08-29&destination0=mila&origin1=mila&date1=2026-08-31&destination1=gdn&adultsv2=1&market=PL&locale=pl-PL&currency=PLN
Warszawa,Mediolan,Włochy,Warszawa,2026-08-29,2026-08-31,2,299.0,155.38,454.38,WARS,MILA,WARS,https://www.skyscanner.net/g/referrals/v1/flights/day-view/?origin=wars&destination=mila&outboundDate=2026-08-29&inboundDate=2026-08-31&market=PL&locale=pl-PL&currency=PLN&mediaPartnerId=6439681
Warszawa,Mediolan,Włochy,Warszawa,2026-08-29,2026-08-31,2,299.0,155.38,454.38,WARS,MIL,WARS,https://www.skyscanner.net/g/referrals/v1/flights/day-view/?origin=wars&destination=mil&outboundDate=2026-08-29&inboundDate=2026-08-31&market=PL&locale=pl-PL&currency=PLN&mediaPartnerId=6439681
Warszawa,Mediolan,Włochy,Warszawa,2026-08-29,2026-08-31,2,299.0,155.38,454.38,WARS,MIL,WARS,https://www.skyscanner.net/g/referrals/v1/flights/day-view/?origin=wars&destination=mil&outboundDate=2026-08-29&inboundDate=2026-08-31&market=PL&locale=pl-PL&currency=PLN&mediaPartnerId=6439681
Warszawa,Mediolan,Włochy,Warszawa,2026-08-29,2026-08-31,2,299.0,155.38,454.38,WARS,MILA,WARS,https://www.skyscanner.net/g/referrals/v1/flights/day-view/?origin=wars&destination=mila&outboundDate=2026-08-29&inboundDate=2026-08-31&market=PL&locale=pl-PL&currency=PLN&mediaPartnerId=6439681
Katowice,Mediolan,Włochy,Warszawa,2026-08-25,2026-08-27,2,349.54,106.31,455.85,KTW,MILA,WARS,https://skyscanner.net/g/referrals/v1/flights/multicity/?mediaPartnerId=6439681&origin0=ktw&date0=2026-08-25&destination0=mila&origin1=mila&date1=2026-08-27&destination1=wars&adultsv2=1&market=PL&locale=pl-PL&currency=PLN
Kraków,Perugia,Włochy,Kraków,2026-08-29,2026-08-31,2,106.31,349.64,455.95,KRK,PEG,KRK,https://www.skyscanner.net/g/referrals/v1/flights/day-view/?origin=krk&destination=peg&outboundDate=2026-08-29&inboundDate=2026-08-31&market=PL&locale=pl-PL&currency=PLN&mediaPartnerId=6439681
Katowice,Mediolan,Włochy,Warszawa,2026-08-27,2026-08-31,4,349.54,106.56,456.1,KTW,MILA,WARS,https://skyscanner.net/g/referrals/v1/flights/multicity/?mediaPartnerId=6439681&origin0=ktw&date0=2026-08-27&destination0=mila&origin1=mila&date1=2026-08-31&destination1=wars&adultsv2=1&market=PL&locale=pl-PL&currency=PLN
Katowice,Mediolan,Włochy,Warszawa,2026-08-28,2026-08-31,3,349.54,106.56,456.1,KTW,MILA,WARS,https://skyscanner.net/g/referrals/v1/flights/multicity/?mediaPartnerId=6439681&origin0=ktw&date0=2026-08-28&destination0=mila&origin1=mila&date1=2026-08-31&destination1=wars&adultsv2=1&market=PL&locale=pl-PL&currency=PLN
Katowice,Mediolan,Włochy,Warszawa,2026-08-25,2026-08-31,6,349.54,106.56,456.1,KTW,MILA,WARS,https://skyscanner.net/g/referrals/v1/flights/multicity/?mediaPartnerId=6439681&origin0=ktw&date0=2026-08-25&destination0=mila&origin1=mila&date1=2026-08-31&destination1=wars&adultsv2=1&market=PL&locale=pl-PL&currency=PLN
Poznań,Oslo,Norwegia,Poznań,2026-08-25,2026-08-27,2,246.03,210.09,456.12,POZ,OSLO,POZ,https://www.skyscanner.net/g/referrals/v1/flights/day-view/?origin=poz&destination=oslo&outboundDate=2026-08-25&inboundDate=2026-08-27&market=PL&locale=pl-PL&currency=PLN&mediaPartnerId=6439681
Katowice,Oslo,Norwegia,Kraków,2026-08-26,2026-08-30,4,216.01,240.75,456.76,KTW,OSLO,KRK,https://skyscanner.net/g/referrals/v1/flights/multicity/?mediaPartnerId=6439681&origin0=ktw&date0=2026-08-26&destination0=oslo&origin1=oslo&date1=2026-08-30&destination1=krk&adultsv2=1&market=PL&locale=pl-PL&currency=PLN
Kraków,Wiedeń,Austria,Warszawa,2026-08-26,2026-08-29,3,250.35,207.18,457.53,KRK,VIE,WARS,https://skyscanner.net/g/referrals/v1/flights/multicity/?mediaPartnerId=6439681&origin0=krk&date0=2026-08-26&destination0=vie&origin1=vie&date1=2026-08-29&destination1=wars&adultsv2=1&market=PL&locale=pl-PL&currency=PLN
Poznań,Mediolan,Włochy,Gdańsk,2026-08-28,2026-08-31,3,258.98,198.56,457.54,POZ,MIL,GDN,https://skyscanner.net/g/referrals/v1/flights/multicity/?mediaPartnerId=6439681&origin0=poz&date0=2026-08-28&destination0=mil&origin1=mil&date1=2026-08-31&destination1=gdn&adultsv2=1&market=PL&locale=pl-PL&currency=PLN
Poznań,Mediolan,Włochy,Gdańsk,2026-08-28,2026-08-31,3,258.98,198.56,457.54,POZ,MILA,GDN,https://skyscanner.net/g/referrals/v1/flights/multicity/?mediaPartnerId=6439681&origin0=poz&date0=2026-08-28&destination0=mila&origin1=mila&date1=2026-08-31&destination1=gdn&adultsv2=1&market=PL&locale=pl-PL&currency=PLN
Warszawa,Mediolan,Włochy,Warszawa,2026-08-28,2026-08-31,3,302.21,155.38,457.59,WARS,MILA,WARS,https://www.skyscanner.net/g/referrals/v1/flights/day-view/?origin=wars&destination=mila&outboundDate=2026-08-28&inboundDate=2026-08-31&market=PL&locale=pl-PL&currency=PLN&mediaPartnerId=6439681
Warszawa,Mediolan,Włochy,Warszawa,2026-08-28,2026-08-31,3,302.21,155.38,457.59,WARS,MIL,WARS,https://www.skyscanner.net/g/referrals/v1/flights/day-view/?origin=wars&destination=mil&outboundDate=2026-08-28&inboundDate=2026-08-31&market=PL&locale=pl-PL&currency=PLN&mediaPartnerId=6439681
Katowice,Oslo,Norwegia,Kraków,2026-08-26,2026-08-31,5,216.01,241.71,457.72,KTW,OSLO,KRK,https://skyscanner.net/g/referrals/v1/flights/multicity/?mediaPartnerId=6439681&origin0=ktw&date0=2026-08-26&destination0=oslo&origin1=oslo&date1=2026-08-31&destination1=krk&adultsv2=1&market=PL&locale=pl-PL&currency=PLN
Poznań,Oslo,Norwegia,Katowice,2026-08-25,2026-08-31,6,246.03,211.7,457.73,POZ,OSLO,KTW,https://skyscanner.net/g/referrals/v1/flights/multicity/?mediaPartnerId=6439681&origin0=poz&date0=2026-08-25&destination0=oslo&origin1=oslo&date1=2026-08-31&destination1=ktw&adultsv2=1&market=PL&locale=pl-PL&currency=PLN
Gdańsk,Kopenhaga,Dania,Gdańsk,2026-08-28,2026-08-30,2,280.57,178.46,459.03,GDN,CPH,GDN,https://www.skyscanner.net/g/referrals/v1/flights/day-view/?origin=gdn&destination=cph&outboundDate=2026-08-28&inboundDate=2026-08-30&market=PL&locale=pl-PL&currency=PLN&mediaPartnerId=6439681
Warszawa,Katania,Włochy,Wrocław,2026-08-28,2026-08-31,3,217.31,241.73,459.03999999999996,WARS,CTA,WRO,https://skyscanner.net/g/referrals/v1/flights/multicity/?mediaPartnerId=6439681&origin0=wars&date0=2026-08-28&destination0=cta&origin1=cta&date1=2026-08-31&destination1=wro&adultsv2=1&market=PL&locale=pl-PL&currency=PLN
Katowice,Oslo,Norwegia,Kraków,2026-08-29,2026-08-31,2,96.08,363.57,459.65,KTW,OSLO,KRK,https://skyscanner.net/g/referrals/v1/flights/multicity/?mediaPartnerId=6439681&origin0=ktw&date0=2026-08-29&destination0=oslo&origin1=oslo&date1=2026-08-31&destination1=krk&adultsv2=1&market=PL&locale=pl-PL&currency=PLN
Wrocław,Wenecja,Włochy,Kraków,2026-08-26,2026-08-29,3,310.79,149.0,459.79,WRO,TSF,KRK,https://skyscanner.net/g/referrals/v1/flights/multicity/?mediaPartnerId=6439681&origin0=wro&date0=2026-08-26&destination0=tsf&origin1=tsf&date1=2026-08-29&destination1=krk&adultsv2=1&market=PL&locale=pl-PL&currency=PLN
Gdańsk,Bratysława,Słowacja,Warszawa,2026-08-26,2026-08-28,2,370.21,89.64,459.84999999999997,GDN,BTS,WARS,https://skyscanner.net/g/referrals/v1/flights/multicity/?mediaPartnerId=6439681&origin0=gdn&date0=2026-08-26&destination0=bts&origin1=bts&date1=2026-08-28&destination1=wars&adultsv2=1&market=PL&locale=pl-PL&currency=PLN
Kraków,Sofia,Bułagria,Kraków,2026-08-24,2026-08-30,6,71.39,388.52,459.90999999999997,KRK,SOF,KRK,https://www.skyscanner.net/g/referrals/v1/flights/day-view/?origin=krk&destination=sof&outboundDate=2026-08-24&inboundDate=2026-08-30&market=PL&locale=pl-PL&currency=PLN&mediaPartnerId=6439681
Kraków,Dubrovnik,Chorwacja,Gdańsk,2026-08-25,2026-08-27,2,95.0,365.36,460.36,KRK,DBV,GDN,https://skyscanner.net/g/referrals/v1/flights/multicity/?mediaPartnerId=6439681&origin0=krk&date0=2026-08-25&destination0=dbv&origin1=dbv&date1=2026-08-27&destination1=gdn&adultsv2=1&market=PL&locale=pl-PL&currency=PLN
Warszawa,Sofia,Bułagria,Kraków,2026-08-27,2026-08-30,3,72.02,388.52,460.53999999999996,WARS,SOF,KRK,https://skyscanner.net/g/referrals/v1/flights/multicity/?mediaPartnerId=6439681&origin0=wars&date0=2026-08-27&destination0=sof&origin1=sof&date1=2026-08-30&destination1=krk&adultsv2=1&market=PL&locale=pl-PL&currency=PLN
Warszawa,Sofia,Bułagria,Kraków,2026-08-28,2026-08-30,2,72.02,388.52,460.53999999999996,WARS,SOF,KRK,https://skyscanner.net/g/referrals/v1/flights/multicity/?mediaPartnerId=6439681&origin0=wars&date0=2026-08-28&destination0=sof&origin1=sof&date1=2026-08-30&destination1=krk&adultsv2=1&market=PL&locale=pl-PL&currency=PLN
Warszawa,Sofia,Bułagria,Kraków,2026-08-24,2026-08-30,6,72.02,388.52,460.53999999999996,WARS,SOF,KRK,https://skyscanner.net/g/referrals/v1/flights/multicity/?mediaPartnerId=6439681&origin0=wars&date0=2026-08-24&destination0=sof&origin1=sof&date1=2026-08-30&destination1=krk&adultsv2=1&market=PL&locale=pl-PL&currency=PLN
Warszawa,Sofia,Bułagria,Kraków,2026-08-25,2026-08-30,5,72.02,388.52,460.53999999999996,WARS,SOF,KRK,https://skyscanner.net/g/referrals/v1/flights/multicity/?mediaPartnerId=6439681&origin0=wars&date0=2026-08-25&destination0=sof&origin1=sof&date1=2026-08-30&destination1=krk&adultsv2=1&market=PL&locale=pl-PL&currency=PLN
Gdańsk,Kopenhaga,Dania,Kraków,2026-08-26,2026-08-30,4,185.59,275.03,460.62,GDN,CPH,KRK,https://skyscanner.net/g/referrals/v1/flights/multicity/?mediaPartnerId=6439681&origin0=gdn&date0=2026-08-26&destination0=cph&origin1=cph&date1=2026-08-30&destination1=krk&adultsv2=1&market=PL&locale=pl-PL&currency=PLN
Kraków,Mediolan,Włochy,Warszawa,2026-08-28,2026-08-31,3,306.47,155.38,461.85,KRK,MIL,WARS,https://skyscanner.net/g/referrals/v1/flights/multicity/?mediaPartnerId=6439681&origin0=krk&date0=2026-08-28&destination0=mil&origin1=mil&date1=2026-08-31&destination1=wars&adultsv2=1&market=PL&locale=pl-PL&currency=PLN
Kraków,Mediolan,Włochy,Warszawa,2026-08-28,2026-08-31,3,306.47,155.38,461.85,KRK,MILA,WARS,https://skyscanner.net/g/referrals/v1/flights/multicity/?mediaPartnerId=6439681&origin0=krk&date0=2026-08-28&destination0=mila&origin1=mila&date1=2026-08-31&destination1=wars&adultsv2=1&market=PL&locale=pl-PL&currency=PLN
Kraków,Sofia,Bułagria,Kraków,2026-08-26,2026-08-30,4,73.35,388.52,461.87,KRK,SOF,KRK,https://www.skyscanner.net/g/referrals/v1/flights/day-view/?origin=krk&destination=sof&outboundDate=2026-08-26&inboundDate=2026-08-30&market=PL&locale=pl-PL&currency=PLN&mediaPartnerId=6439681
Wrocław,Zadar,Chorwacja,Poznań,2026-08-25,2026-08-27,2,104.0,358.28,462.28,WRO,ZAD,POZ,https://skyscanner.net/g/referrals/v1/flights/multicity/?mediaPartnerId=6439681&origin0=wro&date0=2026-08-25&destination0=zad&origin1=zad&date1=2026-08-27&destination1=poz&adultsv2=1&market=PL&locale=pl-PL&currency=PLN
Wrocław,Wenecja,Włochy,Katowice,2026-08-26,2026-08-29,3,310.79,151.52,462.31000000000006,WRO,TSF,KTW,https://skyscanner.net/g/referrals/v1/flights/multicity/?mediaPartnerId=6439681&origin0=wro&date0=2026-08-26&destination0=tsf&origin1=tsf&date1=2026-08-29&destination1=ktw&adultsv2=1&market=PL&locale=pl-PL&currency=PLN
Kraków,Katania,Włochy,Katowice,2026-08-27,2026-08-31,4,177.4,284.91,462.31000000000006,KRK,CTA,KTW,https://skyscanner.net/g/referrals/v1/flights/multicity/?mediaPartnerId=6439681&origin0=krk&date0=2026-08-27&destination0=cta&origin1=cta&date1=2026-08-31&destination1=ktw&adultsv2=1&market=PL&locale=pl-PL&currency=PLN
Katowice,Pula,Chorwacja,Poznań,2026-08-26,2026-08-28,2,95.82,366.91,462.73,KTW,PUY,POZ,https://skyscanner.net/g/referrals/v1/flights/multicity/?mediaPartnerId=6439681&origin0=ktw&date0=2026-08-26&destination0=puy&origin1=puy&date1=2026-08-28&destination1=poz&adultsv2=1&market=PL&locale=pl-PL&currency=PLN
Katowice,Mediolan,Włochy,Warszawa,2026-08-25,2026-08-28,3,349.54,113.39,462.93,KTW,MILA,WARS,https://skyscanner.net/g/referrals/v1/flights/multicity/?mediaPartnerId=6439681&origin0=ktw&date0=2026-08-25&destination0=mila&origin1=mila&date1=2026-08-28&destination1=wars&adultsv2=1&market=PL&locale=pl-PL&currency=PLN
Kraków,Sofia,Bułagria,Kraków,2026-08-24,2026-08-26,2,71.39,392.23,463.62,KRK,SOF,KRK,https://www.skyscanner.net/g/referrals/v1/flights/day-view/?origin=krk&destination=sof&outboundDate=2026-08-24&inboundDate=2026-08-26&market=PL&locale=pl-PL&currency=PLN&mediaPartnerId=6439681
Kraków,Oslo,Norwegia,Kraków,2026-08-26,2026-08-29,3,211.49,252.45,463.94,KRK,OSLO,KRK,https://www.skyscanner.net/g/referrals/v1/flights/day-view/?origin=krk&destination=oslo&outboundDate=2026-08-26&inboundDate=2026-08-29&market=PL&locale=pl-PL&currency=PLN&mediaPartnerId=6439681
Gdańsk,Lublin,Polska,Gdańsk,2026-08-28,2026-08-30,2,257.29,206.71,464.0,GDN,LUZ,GDN,https://www.skyscanner.net/g/referrals/v1/flights/day-view/?origin=gdn&destination=luz&outboundDate=2026-08-28&inboundDate=2026-08-30&market=PL&locale=pl-PL&currency=PLN&mediaPartnerId=6439681
Warszawa,Sofia,Bułagria,Kraków,2026-08-24,2026-08-26,2,72.02,392.23,464.25,WARS,SOF,KRK,https://skyscanner.net/g/referrals/v1/flights/multicity/?mediaPartnerId=6439681&origin0=wars&date0=2026-08-24&destination0=sof&origin1=sof&date1=2026-08-26&destination1=krk&adultsv2=1&market=PL&locale=pl-PL&currency=PLN
Warszawa,Kopenhaga,Dania,Warszawa,2026-08-26,2026-08-30,4,122.24,342.09,464.33,WARS,CPH,WARS,https://www.skyscanner.net/g/referrals/v1/flights/day-view/?origin=wars&destination=cph&outboundDate=2026-08-26&inboundDate=2026-08-30&market=PL&locale=pl-PL&currency=PLN&mediaPartnerId=6439681
Poznań,Oslo,Norwegia,Gdańsk,2026-08-22,2026-08-26,4,393.08,71.7,464.78,POZ,OSLO,GDN,https://skyscanner.net/g/referrals/v1/flights/multicity/?mediaPartnerId=6439681&origin0=poz&date0=2026-08-22&destination0=oslo&origin1=oslo&date1=2026-08-26&destination1=gdn&adultsv2=1&market=PL&locale=pl-PL&currency=PLN
Poznań,Oslo,Norwegia,Gdańsk,2026-08-22,2026-08-25,3,393.08,71.71,464.78999999999996,POZ,OSLO,GDN,https://skyscanner.net/g/referrals/v1/flights/multicity/?mediaPartnerId=6439681&origin0=poz&date0=2026-08-22&destination0=oslo&origin1=oslo&date1=2026-08-25&destination1=gdn&adultsv2=1&market=PL&locale=pl-PL&currency=PLN
Gdańsk,Kopenhaga,Dania,Kraków,2026-08-25,2026-08-30,5,189.91,275.03,464.93999999999994,GDN,CPH,KRK,https://skyscanner.net/g/referrals/v1/flights/multicity/?mediaPartnerId=6439681&origin0=gdn&date0=2026-08-25&destination0=cph&origin1=cph&date1=2026-08-30&destination1=krk&adultsv2=1&market=PL&locale=pl-PL&currency=PLN
Kraków,Ryga,Łotwa,Kraków,2026-08-28,2026-08-31,3,361.32,103.63,464.95,KRK,RIX,KRK,https://www.skyscanner.net/g/referrals/v1/flights/day-view/?origin=krk&destination=rix&outboundDate=2026-08-28&inboundDate=2026-08-31&market=PL&locale=pl-PL&currency=PLN&mediaPartnerId=6439681
Wrocław,Sztokholm,Szwecja,Warszawa,2026-08-25,2026-08-29,4,315.11,149.92,465.03,WRO,ARN,WARS,https://skyscanner.net/g/referrals/v1/flights/multicity/?mediaPartnerId=6439681&origin0=wro&date0=2026-08-25&destination0=arn&origin1=arn&date1=2026-08-29&destination1=wars&adultsv2=1&market=PL&locale=pl-PL&currency=PLN
Warszawa,Budapeszt,Węgry,Warszawa,2026-08-26,2026-08-29,3,211.92,253.34,465.26,WARS,BUD,WARS,https://www.skyscanner.net/g/referrals/v1/flights/day-view/?origin=wars&destination=bud&outboundDate=2026-08-26&inboundDate=2026-08-29&market=PL&locale=pl-PL&currency=PLN&mediaPartnerId=6439681
Wrocław,Sztokholm,Szwecja,Kraków,2026-08-25,2026-08-27,2,315.11,150.82,465.93,WRO,ARN,KRK,https://skyscanner.net/g/referrals/v1/flights/multicity/?mediaPartnerId=6439681&origin0=wro&date0=2026-08-25&destination0=arn&origin1=arn&date1=2026-08-27&destination1=krk&adultsv2=1&market=PL&locale=pl-PL&currency=PLN
Poznań,Pula,Chorwacja,Katowice,2026-08-26,2026-08-28,2,172.64,293.31,465.95,POZ,PUY,KTW,https://skyscanner.net/g/referrals/v1/flights/multicity/?mediaPartnerId=6439681&origin0=poz&date0=2026-08-26&destination0=puy&origin1=puy&date1=2026-08-28&destination1=ktw&adultsv2=1&market=PL&locale=pl-PL&currency=PLN
Gdańsk,Kopenhaga,Dania,Poznań,2026-08-25,2026-08-27,2,189.91,276.25,466.15999999999997,GDN,CPH,POZ,https://skyscanner.net/g/referrals/v1/flights/multicity/?mediaPartnerId=6439681&origin0=gdn&date0=2026-08-25&destination0=cph&origin1=cph&date1=2026-08-27&destination1=poz&adultsv2=1&market=PL&locale=pl-PL&currency=PLN
Gdańsk,Piza,Włochy,Warszawa,2026-08-27,2026-08-30,3,274.87,191.31,466.18,GDN,PSA,WARS,https://skyscanner.net/g/referrals/v1/flights/multicity/?mediaPartnerId=6439681&origin0=gdn&date0=2026-08-27&destination0=psa&origin1=psa&date1=2026-08-30&destination1=wars&adultsv2=1&market=PL&locale=pl-PL&currency=PLN
Kraków,Sofia,Bułagria,Kraków,2026-08-29,2026-08-31,2,120.84,345.35,466.19000000000005,KRK,SOF,KRK,https://www.skyscanner.net/g/referrals/v1/flights/day-view/?origin=krk&destination=sof&outboundDate=2026-08-29&inboundDate=2026-08-31&market=PL&locale=pl-PL&currency=PLN&mediaPartnerId=6439681
Gdańsk,Bratysława,Słowacja,Gdańsk,2026-08-26,2026-08-31,5,370.21,96.04,466.25,GDN,BTS,GDN,https://www.skyscanner.net/g/referrals/v1/flights/day-view/?origin=gdn&destination=bts&outboundDate=2026-08-26&inboundDate=2026-08-31&market=PL&locale=pl-PL&currency=PLN&mediaPartnerId=6439681
Wrocław,Bolonia,Włochy,Warszawa,2026-08-25,2026-08-28,3,284.89,182.0,466.89,WRO,BLQ,WARS,https://skyscanner.net/g/referrals/v1/flights/multicity/?mediaPartnerId=6439681&origin0=wro&date0=2026-08-25&destination0=blq&origin1=blq&date1=2026-08-28&destination1=wars&adultsv2=1&market=PL&locale=pl-PL&currency=PLN
Warszawa,Budapeszt,Węgry,Warszawa,2026-08-26,2026-08-31,5,211.92,255.74,467.65999999999997,WARS,BUD,WARS,https://www.skyscanner.net/g/referrals/v1/flights/day-view/?origin=wars&destination=bud&outboundDate=2026-08-26&inboundDate=2026-08-31&market=PL&locale=pl-PL&currency=PLN&mediaPartnerId=6439681
Katowice,Oslo,Norwegia,Kraków,2026-08-26,2026-08-29,3,216.01,252.45,468.46,KTW,OSLO,KRK,https://skyscanner.net/g/referrals/v1/flights/multicity/?mediaPartnerId=6439681&origin0=ktw&date0=2026-08-26&destination0=oslo&origin1=oslo&date1=2026-08-29&destination1=krk&adultsv2=1&market=PL&locale=pl-PL&currency=PLN
Katowice,Mediolan,Włochy,Kraków,2026-08-29,2026-08-31,2,185.16,284.91,470.07000000000005,KTW,MIL,KRK,https://skyscanner.net/g/referrals/v1/flights/multicity/?mediaPartnerId=6439681&origin0=ktw&date0=2026-08-29&destination0=mil&origin1=mil&date1=2026-08-31&destination1=krk&adultsv2=1&market=PL&locale=pl-PL&currency=PLN
Poznań,Oslo,Norwegia,Gdańsk,2026-08-22,2026-08-27,5,393.08,77.31,470.39,POZ,OSLO,GDN,https://skyscanner.net/g/referrals/v1/flights/multicity/?mediaPartnerId=6439681&origin0=poz&date0=2026-08-22&destination0=oslo&origin1=oslo&date1=2026-08-27&destination1=gdn&adultsv2=1&market=PL&locale=pl-PL&currency=PLN
Gdańsk,Katania,Włochy,Wrocław,2026-08-29,2026-08-31,2,229.0,241.73,470.73,GDN,CTA,WRO,https://skyscanner.net/g/referrals/v1/flights/multicity/?mediaPartnerId=6439681&origin0=gdn&date0=2026-08-29&destination0=cta&origin1=cta&date1=2026-08-31&destination1=wro&adultsv2=1&market=PL&locale=pl-PL&currency=PLN
Warszawa,Sztokholm,Szwecja,Warszawa,2026-08-27,2026-08-30,3,220.72,250.03,470.75,WARS,ARN,WARS,https://www.skyscanner.net/g/referrals/v1/flights/day-view/?origin=wars&destination=arn&outboundDate=2026-08-27&inboundDate=2026-08-30&market=PL&locale=pl-PL&currency=PLN&mediaPartnerId=6439681
Gdańsk,Bratysława,Słowacja,Gdańsk,2026-08-22,2026-08-25,3,391.97,79.0,470.97,GDN,BTS,GDN,https://www.skyscanner.net/g/referrals/v1/flights/day-view/?origin=gdn&destination=bts&outboundDate=2026-08-22&inboundDate=2026-08-25&market=PL&locale=pl-PL&currency=PLN&mediaPartnerId=6439681
Kraków,Katania,Włochy,Wrocław,2026-08-29,2026-08-31,2,230.0,241.73,471.73,KRK,CTA,WRO,https://skyscanner.net/g/referrals/v1/flights/multicity/?mediaPartnerId=6439681&origin0=krk&date0=2026-08-29&destination0=cta&origin1=cta&date1=2026-08-31&destination1=wro&adultsv2=1&market=PL&locale=pl-PL&currency=PLN
Kraków,Gotenburg,Szwecja,Kraków,2026-08-28,2026-08-30,2,289.8,182.06,471.86,KRK,GOT,KRK,https://www.skyscanner.net/g/referrals/v1/flights/day-view/?origin=krk&destination=got&outboundDate=2026-08-28&inboundDate=2026-08-30&market=PL&locale=pl-PL&currency=PLN&mediaPartnerId=6439681
Wrocław,Sztokholm,Szwecja,Warszawa,2026-08-25,2026-08-31,6,315.11,157.36,472.47,WRO,ARN,WARS,https://skyscanner.net/g/referrals/v1/flights/multicity/?mediaPartnerId=6439681&origin0=wro&date0=2026-08-25&destination0=arn&origin1=arn&date1=2026-08-31&destination1=wars&adultsv2=1&market=PL&locale=pl-PL&currency=PLN
Warszawa,Mediolan,Włochy,Warszawa,2026-08-27,2026-08-31,4,365.93,106.56,472.49,WARS,MILA,WARS,https://www.skyscanner.net/g/referrals/v1/flights/day-view/?origin=wars&destination=mila&outboundDate=2026-08-27&inboundDate=2026-08-31&market=PL&locale=pl-PL&currency=PLN&mediaPartnerId=6439681
Warszawa,Mediolan,Włochy,Kraków,2026-08-29,2026-08-31,2,299.0,174.31,473.31,WARS,MILA,KRK,https://skyscanner.net/g/referrals/v1/flights/multicity/?mediaPartnerId=6439681&origin0=wars&date0=2026-08-29&destination0=mila&origin1=mila&date1=2026-08-31&destination1=krk&adultsv2=1&market=PL&locale=pl-PL&currency=PLN
Warszawa,Mediolan,Włochy,Kraków,2026-08-29,2026-08-31,2,299.0,174.31,473.31,WARS,MILA,KRK,https://skyscanner.net/g/referrals/v1/flights/multicity/?mediaPartnerId=6439681&origin0=wars&date0=2026-08-29&destination0=mila&origin1=mila&date1=2026-08-31&destination1=krk&adultsv2=1&market=PL&locale=pl-PL&currency=PLN
Katowice,Lamezia,Włochy,Kraków,2026-08-27,2026-08-31,4,227.68,246.4,474.08000000000004,KTW,SUF,KRK,https://skyscanner.net/g/referrals/v1/flights/multicity/?mediaPartnerId=6439681&origin0=ktw&date0=2026-08-27&destination0=suf&origin1=suf&date1=2026-08-31&destination1=krk&adultsv2=1&market=PL&locale=pl-PL&currency=PLN
Warszawa,Mediolan,Włochy,Warszawa,2026-08-29,2026-08-31,2,319.31,155.38,474.69,WARS,MIL,WARS,https://www.skyscanner.net/g/referrals/v1/flights/day-view/?origin=wars&destination=mil&outboundDate=2026-08-29&inboundDate=2026-08-31&market=PL&locale=pl-PL&currency=PLN&mediaPartnerId=6439681
Warszawa,Mediolan,Włochy,Warszawa,2026-08-29,2026-08-31,2,319.31,155.38,474.69,WARS,MILA,WARS,https://www.skyscanner.net/g/referrals/v1/flights/day-view/?origin=wars&destination=mila&outboundDate=2026-08-29&inboundDate=2026-08-31&market=PL&locale=pl-PL&currency=PLN&mediaPartnerId=6439681
Warszawa,Mediolan,Włochy,Warszawa,2026-08-28,2026-08-30,2,302.21,172.65,474.86,WARS,MIL,WARS,https://www.skyscanner.net/g/referrals/v1/flights/day-view/?origin=wars&destination=mil&outboundDate=2026-08-28&inboundDate=2026-08-30&market=PL&locale=pl-PL&currency=PLN&mediaPartnerId=6439681
Warszawa,Mediolan,Włochy,Warszawa,2026-08-28,2026-08-30,2,302.21,172.65,474.86,WARS,MILA,WARS,https://www.skyscanner.net/g/referrals/v1/flights/day-view/?origin=wars&destination=mila&outboundDate=2026-08-28&inboundDate=2026-08-30&market=PL&locale=pl-PL&currency=PLN&mediaPartnerId=6439681
Warszawa,Mediolan,Włochy,Kraków,2026-08-28,2026-08-31,3,302.21,174.31,476.52,WARS,MILA,KRK,https://skyscanner.net/g/referrals/v1/flights/multicity/?mediaPartnerId=6439681&origin0=wars&date0=2026-08-28&destination0=mila&origin1=mila&date1=2026-08-31&destination1=krk&adultsv2=1&market=PL&locale=pl-PL&currency=PLN
Warszawa,Kopenhaga,Dania,Kraków,2026-08-26,2026-08-29,3,122.24,355.06,477.3,WARS,CPH,KRK,https://skyscanner.net/g/referrals/v1/flights/multicity/?mediaPartnerId=6439681&origin0=wars&date0=2026-08-26&destination0=cph&origin1=cph&date1=2026-08-29&destination1=krk&adultsv2=1&market=PL&locale=pl-PL&currency=PLN
Gdańsk,Bratysława,Słowacja,Warszawa,2026-08-22,2026-08-26,4,391.97,85.33,477.3,GDN,BTS,WARS,https://skyscanner.net/g/referrals/v1/flights/multicity/?mediaPartnerId=6439681&origin0=gdn&date0=2026-08-22&destination0=bts&origin1=bts&date1=2026-08-26&destination1=wars&adultsv2=1&market=PL&locale=pl-PL&currency=PLN
Katowice,Katania,Włochy,Warszawa,2026-08-25,2026-08-27,2,283.04,194.4,477.44000000000005,KTW,CTA,WARS,https://skyscanner.net/g/referrals/v1/flights/multicity/?mediaPartnerId=6439681&origin0=ktw&date0=2026-08-25&destination0=cta&origin1=cta&date1=2026-08-27&destination1=wars&adultsv2=1&market=PL&locale=pl-PL&currency=PLN
Gdańsk,Praga,Czechy,Poznań,2026-08-25,2026-08-28,3,406.11,71.5,477.61,GDN,PRG,POZ,https://skyscanner.net/g/referrals/v1/flights/multicity/?mediaPartnerId=6439681&origin0=gdn&date0=2026-08-25&destination0=prg&origin1=prg&date1=2026-08-28&destination1=poz&adultsv2=1&market=PL&locale=pl-PL&currency=PLN
Wrocław,Sztokholm,Szwecja,Gdańsk,2026-08-25,2026-08-30,5,315.11,163.36,478.47,WRO,ARN,GDN,https://skyscanner.net/g/referrals/v1/flights/multicity/?mediaPartnerId=6439681&origin0=wro&date0=2026-08-25&destination0=arn&origin1=arn&date1=2026-08-30&destination1=gdn&adultsv2=1&market=PL&locale=pl-PL&currency=PLN
Wrocław,Sztokholm,Szwecja,Gdańsk,2026-08-25,2026-08-30,5,315.11,163.36,478.47,WRO,STO,GDN,https://skyscanner.net/g/referrals/v1/flights/multicity/?mediaPartnerId=6439681&origin0=wro&date0=2026-08-25&destination0=sto&origin1=sto&date1=2026-08-30&destination1=gdn&adultsv2=1&market=PL&locale=pl-PL&currency=PLN
Katowice,Katania,Włochy,Katowice,2026-08-25,2026-08-27,2,283.04,195.96,479.0,KTW,CTA,KTW,https://www.skyscanner.net/g/referrals/v1/flights/day-view/?origin=ktw&destination=cta&outboundDate=2026-08-25&inboundDate=2026-08-27&market=PL&locale=pl-PL&currency=PLN&mediaPartnerId=6439681
Kraków,Mediolan,Włochy,Warszawa,2026-08-28,2026-08-30,2,306.47,172.65,479.12,KRK,MILA,WARS,https://skyscanner.net/g/referrals/v1/flights/multicity/?mediaPartnerId=6439681&origin0=krk&date0=2026-08-28&destination0=mila&origin1=mila&date1=2026-08-30&destination1=wars&adultsv2=1&market=PL&locale=pl-PL&currency=PLN
Kraków,Mediolan,Włochy,Warszawa,2026-08-28,2026-08-30,2,306.47,172.65,479.12,KRK,MIL,WARS,https://skyscanner.net/g/referrals/v1/flights/multicity/?mediaPartnerId=6439681&origin0=krk&date0=2026-08-28&destination0=mil&origin1=mil&date1=2026-08-30&destination1=wars&adultsv2=1&market=PL&locale=pl-PL&currency=PLN
Wrocław,Sztokholm,Szwecja,Gdańsk,2026-08-25,2026-08-31,6,315.11,164.01,479.12,WRO,ARN,GDN,https://skyscanner.net/g/referrals/v1/flights/multicity/?mediaPartnerId=6439681&origin0=wro&date0=2026-08-25&destination0=arn&origin1=arn&date1=2026-08-31&destination1=gdn&adultsv2=1&market=PL&locale=pl-PL&currency=PLN
Wrocław,Bolonia,Włochy,Warszawa,2026-08-27,2026-08-29,2,220.13,259.0,479.13,WRO,BLQ,WARS,https://skyscanner.net/g/referrals/v1/flights/multicity/?mediaPartnerId=6439681&origin0=wro&date0=2026-08-27&destination0=blq&origin1=blq&date1=2026-08-29&destination1=wars&adultsv2=1&market=PL&locale=pl-PL&currency=PLN
Kraków,Katania,Włochy,Gdańsk,2026-08-27,2026-08-29,2,177.4,302.17,479.57000000000005,KRK,CTA,GDN,https://skyscanner.net/g/referrals/v1/flights/multicity/?mediaPartnerId=6439681&origin0=krk&date0=2026-08-27&destination0=cta&origin1=cta&date1=2026-08-29&destination1=gdn&adultsv2=1&market=PL&locale=pl-PL&currency=PLN
Katowice,Wenecja,Włochy,Kraków,2026-08-25,2026-08-29,4,331.31,149.0,480.31,KTW,TSF,KRK,https://skyscanner.net/g/referrals/v1/flights/multicity/?mediaPartnerId=6439681&origin0=ktw&date0=2026-08-25&destination0=tsf&origin1=tsf&date1=2026-08-29&destination1=krk&adultsv2=1&market=PL&locale=pl-PL&currency=PLN
Katowice,Wenecja,Włochy,Warszawa,2026-08-25,2026-08-27,2,331.31,149.0,480.31,KTW,TSF,WARS,https://skyscanner.net/g/referrals/v1/flights/multicity/?mediaPartnerId=6439681&origin0=ktw&date0=2026-08-25&destination0=tsf&origin1=tsf&date1=2026-08-27&destination1=wars&adultsv2=1&market=PL&locale=pl-PL&currency=PLN
Kraków,Mediolan,Włochy,Kraków,2026-08-28,2026-08-31,3,306.47,174.31,480.78000000000003,KRK,MILA,KRK,https://www.skyscanner.net/g/referrals/v1/flights/day-view/?origin=krk&destination=mila&outboundDate=2026-08-28&inboundDate=2026-08-31&market=PL&locale=pl-PL&currency=PLN&mediaPartnerId=6439681
Warszawa,Katania,Włochy,Kraków,2026-08-28,2026-08-31,3,217.31,264.0,481.31,WARS,CTA,KRK,https://skyscanner.net/g/referrals/v1/flights/multicity/?mediaPartnerId=6439681&origin0=wars&date0=2026-08-28&destination0=cta&origin1=cta&date1=2026-08-31&destination1=krk&adultsv2=1&market=PL&locale=pl-PL&currency=PLN
Katowice,Mediolan,Włochy,Warszawa,2026-08-25,2026-08-28,3,349.54,132.31,481.85,KTW,MILA,WARS,https://skyscanner.net/g/referrals/v1/flights/multicity/?mediaPartnerId=6439681&origin0=ktw&date0=2026-08-25&destination0=mila&origin1=mila&date1=2026-08-28&destination1=wars&adultsv2=1&market=PL&locale=pl-PL&currency=PLN
Warszawa,Wiedeń,Austria,Kraków,2026-08-23,2026-08-29,6,336.69,145.42,482.11,WARS,VIE,KRK,https://skyscanner.net/g/referrals/v1/flights/multicity/?mediaPartnerId=6439681&origin0=wars&date0=2026-08-23&destination0=vie&origin1=vie&date1=2026-08-29&destination1=krk&adultsv2=1&market=PL&locale=pl-PL&currency=PLN
Gdańsk,Praga,Czechy,Poznań,2026-08-25,2026-08-27,2,406.11,76.25,482.36,GDN,PRG,POZ,https://skyscanner.net/g/referrals/v1/flights/multicity/?mediaPartnerId=6439681&origin0=gdn&date0=2026-08-25&destination0=prg&origin1=prg&date1=2026-08-27&destination1=poz&adultsv2=1&market=PL&locale=pl-PL&currency=PLN
Warszawa,Mediolan,Włochy,Warszawa,2026-08-29,2026-08-31,2,376.21,106.56,482.77,WARS,MILA,WARS,https://www.skyscanner.net/g/referrals/v1/flights/day-view/?origin=wars&destination=mila&outboundDate=2026-08-29&inboundDate=2026-08-31&market=PL&locale=pl-PL&currency=PLN&mediaPartnerId=6439681
Katowice,Wenecja,Włochy,Katowice,2026-08-25,2026-08-29,4,331.31,151.52,482.83000000000004,KTW,TSF,KTW,https://www.skyscanner.net/g/referrals/v1/flights/day-view/?origin=ktw&destination=tsf&outboundDate=2026-08-25&inboundDate=2026-08-29&market=PL&locale=pl-PL&currency=PLN&mediaPartnerId=6439681
Warszawa,Budapeszt,Węgry,Warszawa,2026-08-26,2026-08-31,5,211.92,271.11,483.03,WARS,BUD,WARS,https://www.skyscanner.net/g/referrals/v1/flights/day-view/?origin=wars&destination=bud&outboundDate=2026-08-26&inboundDate=2026-08-31&market=PL&locale=pl-PL&currency=PLN&mediaPartnerId=6439681
Gdańsk,Piza,Włochy,Wrocław,2026-08-27,2026-08-29,2,274.87,208.31,483.18,GDN,PSA,WRO,https://skyscanner.net/g/referrals/v1/flights/multicity/?mediaPartnerId=6439681&origin0=gdn&date0=2026-08-27&destination0=psa&origin1=psa&date1=2026-08-29&destination1=wro&adultsv2=1&market=PL&locale=pl-PL&currency=PLN
Poznań,Oslo,Norwegia,Gdańsk,2026-08-27,2026-08-29,2,379.86,103.56,483.42,POZ,OSLO,GDN,https://skyscanner.net/g/referrals/v1/flights/multicity/?mediaPartnerId=6439681&origin0=poz&date0=2026-08-27&destination0=oslo&origin1=oslo&date1=2026-08-29&destination1=gdn&adultsv2=1&market=PL&locale=pl-PL&currency=PLN
Gdańsk,Kraków,Polska,Gdańsk,2026-08-25,2026-08-31,6,241.71,241.71,483.42,GDN,KRK,GDN,https://www.skyscanner.net/g/referrals/v1/flights/day-view/?origin=gdn&destination=krk&outboundDate=2026-08-25&inboundDate=2026-08-31&market=PL&locale=pl-PL&currency=PLN&mediaPartnerId=6439681
Kraków,Sofia,Bułagria,Kraków,2026-08-28,2026-08-31,3,138.1,345.35,483.45000000000005,KRK,SOF,KRK,https://www.skyscanner.net/g/referrals/v1/flights/day-view/?origin=krk&destination=sof&outboundDate=2026-08-28&inboundDate=2026-08-31&market=PL&locale=pl-PL&currency=PLN&mediaPartnerId=6439681
Poznań,Oslo,Norwegia,Poznań,2026-08-27,2026-08-31,4,379.86,104.04,483.90000000000003,POZ,OSLO,POZ,https://www.skyscanner.net/g/referrals/v1/flights/day-view/?origin=poz&destination=oslo&outboundDate=2026-08-27&inboundDate=2026-08-31&market=PL&locale=pl-PL&currency=PLN&mediaPartnerId=6439681
Warszawa,Sztokholm,Szwecja,Wrocław,2026-08-27,2026-08-29,2,220.72,263.3,484.02,WARS,ARN,WRO,https://skyscanner.net/g/referrals/v1/flights/multicity/?mediaPartnerId=6439681&origin0=wars&date0=2026-08-27&destination0=arn&origin1=arn&date1=2026-08-29&destination1=wro&adultsv2=1&market=PL&locale=pl-PL&currency=PLN
Warszawa,Sofia,Bułagria,Wrocław,2026-08-23,2026-08-25,2,148.73,336.69,485.41999999999996,WARS,SOF,WRO,https://skyscanner.net/g/referrals/v1/flights/multicity/?mediaPartnerId=6439681&origin0=wars&date0=2026-08-23&destination0=sof&origin1=sof&date1=2026-08-25&destination1=wro&adultsv2=1&market=PL&locale=pl-PL&currency=PLN
Warszawa,Kopenhaga,Dania,Warszawa,2026-08-26,2026-08-30,4,122.24,363.28,485.52,WARS,CPH,WARS,https://www.skyscanner.net/g/referrals/v1/flights/day-view/?origin=wars&destination=cph&outboundDate=2026-08-26&inboundDate=2026-08-30&market=PL&locale=pl-PL&currency=PLN&mediaPartnerId=6439681
Wrocław,Mediolan,Włochy,Warszawa,2026-08-27,2026-08-31,4,379.32,106.56,485.88,WRO,MILA,WARS,https://skyscanner.net/g/referrals/v1/flights/multicity/?mediaPartnerId=6439681&origin0=wro&date0=2026-08-27&destination0=mila&origin1=mila&date1=2026-08-31&destination1=wars&adultsv2=1&market=PL&locale=pl-PL&currency=PLN
Wrocław,Mediolan,Włochy,Warszawa,2026-08-29,2026-08-31,2,379.32,106.56,485.88,WRO,MILA,WARS,https://skyscanner.net/g/referrals/v1/flights/multicity/?mediaPartnerId=6439681&origin0=wro&date0=2026-08-29&destination0=mila&origin1=mila&date1=2026-08-31&destination1=wars&adultsv2=1&market=PL&locale=pl-PL&currency=PLN
Kraków,Sofia,Bułagria,Warszawa,2026-08-24,2026-08-28,4,71.39,414.53,485.91999999999996,KRK,SOF,WARS,https://skyscanner.net/g/referrals/v1/flights/multicity/?mediaPartnerId=6439681&origin0=krk&date0=2026-08-24&destination0=sof&origin1=sof&date1=2026-08-28&destination1=wars&adultsv2=1&market=PL&locale=pl-PL&currency=PLN
Kraków,Oslo,Norwegia,Warszawa,2026-08-27,2026-08-31,4,189.91,296.32,486.23,KRK,OSLO,WARS,https://skyscanner.net/g/referrals/v1/flights/multicity/?mediaPartnerId=6439681&origin0=krk&date0=2026-08-27&destination0=oslo&origin1=oslo&date1=2026-08-31&destination1=wars&adultsv2=1&market=PL&locale=pl-PL&currency=PLN
Warszawa,Sofia,Bułagria,Warszawa,2026-08-24,2026-08-28,4,72.02,414.53,486.54999999999995,WARS,SOF,WARS,https://www.skyscanner.net/g/referrals/v1/flights/day-view/?origin=wars&destination=sof&outboundDate=2026-08-24&inboundDate=2026-08-28&market=PL&locale=pl-PL&currency=PLN&mediaPartnerId=6439681
Warszawa,Sofia,Bułagria,Warszawa,2026-08-25,2026-08-28,3,72.02,414.53,486.54999999999995,WARS,SOF,WARS,https://www.skyscanner.net/g/referrals/v1/flights/day-view/?origin=wars&destination=sof&outboundDate=2026-08-25&inboundDate=2026-08-28&market=PL&locale=pl-PL&currency=PLN&mediaPartnerId=6439681
Poznań,Oslo,Norwegia,Kraków,2026-08-25,2026-08-30,5,246.03,240.75,486.78,POZ,OSLO,KRK,https://skyscanner.net/g/referrals/v1/flights/multicity/?mediaPartnerId=6439681&origin0=poz&date0=2026-08-25&destination0=oslo&origin1=oslo&date1=2026-08-30&destination1=krk&adultsv2=1&market=PL&locale=pl-PL&currency=PLN
Poznań,Oslo,Norwegia,Kraków,2026-08-25,2026-08-31,6,246.03,241.71,487.74,POZ,OSLO,KRK,https://skyscanner.net/g/referrals/v1/flights/multicity/?mediaPartnerId=6439681&origin0=poz&date0=2026-08-25&destination0=oslo&origin1=oslo&date1=2026-08-31&destination1=krk&adultsv2=1&market=PL&locale=pl-PL&currency=PLN
Poznań,Mediolan,Włochy,Kraków,2026-08-27,2026-08-29,2,332.37,155.37,487.74,POZ,MILA,KRK,https://skyscanner.net/g/referrals/v1/flights/multicity/?mediaPartnerId=6439681&origin0=poz&date0=2026-08-27&destination0=mila&origin1=mila&date1=2026-08-29&destination1=krk&adultsv2=1&market=PL&locale=pl-PL&currency=PLN
Poznań,Mediolan,Włochy,Warszawa,2026-08-27,2026-08-31,4,332.37,155.38,487.75,POZ,MIL,WARS,https://skyscanner.net/g/referrals/v1/flights/multicity/?mediaPartnerId=6439681&origin0=poz&date0=2026-08-27&destination0=mil&origin1=mil&date1=2026-08-31&destination1=wars&adultsv2=1&market=PL&locale=pl-PL&currency=PLN
Poznań,Mediolan,Włochy,Warszawa,2026-08-27,2026-08-31,4,332.37,155.38,487.75,POZ,MILA,WARS,https://skyscanner.net/g/referrals/v1/flights/multicity/?mediaPartnerId=6439681&origin0=poz&date0=2026-08-27&destination0=mila&origin1=mila&date1=2026-08-31&destination1=wars&adultsv2=1&market=PL&locale=pl-PL&currency=PLN
Kraków,Sofia,Bułagria,Warszawa,2026-08-26,2026-08-28,2,73.35,414.53,487.88,KRK,SOF,WARS,https://skyscanner.net/g/referrals/v1/flights/multicity/?mediaPartnerId=6439681&origin0=krk&date0=2026-08-26&destination0=sof&origin1=sof&date1=2026-08-28&destination1=wars&adultsv2=1&market=PL&locale=pl-PL&currency=PLN
Warszawa,Lamezia,Włochy,Kraków,2026-08-24,2026-08-31,7,242.37,246.4,488.77,WARS,SUF,KRK,https://skyscanner.net/g/referrals/v1/flights/multicity/?mediaPartnerId=6439681&origin0=wars&date0=2026-08-24&destination0=suf&origin1=suf&date1=2026-08-31&destination1=krk&adultsv2=1&market=PL&locale=pl-PL&currency=PLN
Kraków,Oslo,Norwegia,Gdańsk,2026-08-26,2026-08-28,2,211.49,279.65,491.14,KRK,OSLO,GDN,https://skyscanner.net/g/referrals/v1/flights/multicity/?mediaPartnerId=6439681&origin0=krk&date0=2026-08-26&destination0=oslo&origin1=oslo&date1=2026-08-28&destination1=gdn&adultsv2=1&market=PL&locale=pl-PL&currency=PLN
Katowice,Mediolan,Włochy,Wrocław,2026-08-29,2026-08-31,2,185.16,306.47,491.63,KTW,MILA,WRO,https://skyscanner.net/g/referrals/v1/flights/multicity/?mediaPartnerId=6439681&origin0=ktw&date0=2026-08-29&destination0=mila&origin1=mila&date1=2026-08-31&destination1=wro&adultsv2=1&market=PL&locale=pl-PL&currency=PLN
Kraków,Budapeszt,Węgry,Katowice,2026-08-27,2026-08-31,4,403.31,88.51,491.82,KRK,BUD,KTW,https://skyscanner.net/g/referrals/v1/flights/multicity/?mediaPartnerId=6439681&origin0=krk&date0=2026-08-27&destination0=bud&origin1=bud&date1=2026-08-31&destination1=ktw&adultsv2=1&market=PL&locale=pl-PL&currency=PLN
Wrocław,Bolonia,Włochy,Wrocław,2026-08-27,2026-08-29,2,220.13,271.93,492.06,WRO,BLQ,WRO,https://www.skyscanner.net/g/referrals/v1/flights/day-view/?origin=wro&destination=blq&outboundDate=2026-08-27&inboundDate=2026-08-29&market=PL&locale=pl-PL&currency=PLN&mediaPartnerId=6439681
Kraków,Wiedeń,Austria,Warszawa,2026-08-27,2026-08-29,2,284.89,207.18,492.07,KRK,VIE,WARS,https://skyscanner.net/g/referrals/v1/flights/multicity/?mediaPartnerId=6439681&origin0=krk&date0=2026-08-27&destination0=vie&origin1=vie&date1=2026-08-29&destination1=wars&adultsv2=1&market=PL&locale=pl-PL&currency=PLN
Kraków,Mediolan,Włochy,Warszawa,2026-08-29,2026-08-31,2,336.69,155.38,492.07,KRK,MILA,WARS,https://skyscanner.net/g/referrals/v1/flights/multicity/?mediaPartnerId=6439681&origin0=krk&date0=2026-08-29&destination0=mila&origin1=mila&date1=2026-08-31&destination1=wars&adultsv2=1&market=PL&locale=pl-PL&currency=PLN
Kraków,Mediolan,Włochy,Warszawa,2026-08-29,2026-08-31,2,336.69,155.38,492.07,KRK,MIL,WARS,https://skyscanner.net/g/referrals/v1/flights/multicity/?mediaPartnerId=6439681&origin0=krk&date0=2026-08-29&destination0=mil&origin1=mil&date1=2026-08-31&destination1=wars&adultsv2=1&market=PL&locale=pl-PL&currency=PLN
Wrocław,Charleroi,Belgia,Warszawa,2026-08-29,2026-08-31,2,384.18,108.3,492.48,WRO,CRL,WARS,https://skyscanner.net/g/referrals/v1/flights/multicity/?mediaPartnerId=6439681&origin0=wro&date0=2026-08-29&destination0=crl&origin1=crl&date1=2026-08-31&destination1=wars&adultsv2=1&market=PL&locale=pl-PL&currency=PLN
Kraków,Bolonia,Włochy,Warszawa,2026-08-26,2026-08-28,2,311.01,182.0,493.01,KRK,BLQ,WARS,https://skyscanner.net/g/referrals/v1/flights/multicity/?mediaPartnerId=6439681&origin0=krk&date0=2026-08-26&destination0=blq&origin1=blq&date1=2026-08-28&destination1=wars&adultsv2=1&market=PL&locale=pl-PL&currency=PLN
Kraków,Budapeszt,Węgry,Kraków,2026-08-27,2026-08-31,4,403.31,89.9,493.21000000000004,KRK,BUD,KRK,https://www.skyscanner.net/g/referrals/v1/flights/day-view/?origin=krk&destination=bud&outboundDate=2026-08-27&inboundDate=2026-08-31&market=PL&locale=pl-PL&currency=PLN&mediaPartnerId=6439681
Katowice,Zadar,Chorwacja,Poznań,2026-08-25,2026-08-28,3,79.0,414.39,493.39,KTW,ZAD,POZ,https://skyscanner.net/g/referrals/v1/flights/multicity/?mediaPartnerId=6439681&origin0=ktw&date0=2026-08-25&destination0=zad&origin1=zad&date1=2026-08-28&destination1=poz&adultsv2=1&market=PL&locale=pl-PL&currency=PLN
Poznań,Mediolan,Włochy,Kraków,2026-08-29,2026-08-31,2,254.67,238.75,493.41999999999996,POZ,MILA,KRK,https://skyscanner.net/g/referrals/v1/flights/multicity/?mediaPartnerId=6439681&origin0=poz&date0=2026-08-29&destination0=mila&origin1=mila&date1=2026-08-31&destination1=krk&adultsv2=1&market=PL&locale=pl-PL&currency=PLN
Warszawa,Piza,Włochy,Warszawa,2026-08-27,2026-08-30,3,302.15,191.31,493.46,WARS,PSA,WARS,https://www.skyscanner.net/g/referrals/v1/flights/day-view/?origin=wars&destination=psa&outboundDate=2026-08-27&inboundDate=2026-08-30&market=PL&locale=pl-PL&currency=PLN&mediaPartnerId=6439681
Warszawa,Mediolan,Włochy,Kraków,2026-08-29,2026-08-31,2,319.31,174.31,493.62,WARS,MILA,KRK,https://skyscanner.net/g/referrals/v1/flights/multicity/?mediaPartnerId=6439681&origin0=wars&date0=2026-08-29&destination0=mila&origin1=mila&date1=2026-08-31&destination1=krk&adultsv2=1&market=PL&locale=pl-PL&currency=PLN
Kraków,Katania,Włochy,Kraków,2026-08-29,2026-08-31,2,230.0,264.0,494.0,KRK,CTA,KRK,https://www.skyscanner.net/g/referrals/v1/flights/day-view/?origin=krk&destination=cta&outboundDate=2026-08-29&inboundDate=2026-08-31&market=PL&locale=pl-PL&currency=PLN&mediaPartnerId=6439681
Poznań,Mediolan,Włochy,Wrocław,2026-08-28,2026-08-30,2,258.98,235.27,494.25,POZ,MILA,WRO,https://skyscanner.net/g/referrals/v1/flights/multicity/?mediaPartnerId=6439681&origin0=poz&date0=2026-08-28&destination0=mila&origin1=mila&date1=2026-08-30&destination1=wro&adultsv2=1&market=PL&locale=pl-PL&currency=PLN
Poznań,Oslo,Norwegia,Warszawa,2026-08-28,2026-08-31,3,198.54,296.32,494.86,POZ,OSLO,WARS,https://skyscanner.net/g/referrals/v1/flights/multicity/?mediaPartnerId=6439681&origin0=poz&date0=2026-08-28&destination0=oslo&origin1=oslo&date1=2026-08-31&destination1=wars&adultsv2=1&market=PL&locale=pl-PL&currency=PLN
Katowice,Zadar,Chorwacja,Gdańsk,2026-08-23,2026-08-27,4,307.13,187.78,494.90999999999997,KTW,ZAD,GDN,https://skyscanner.net/g/referrals/v1/flights/multicity/?mediaPartnerId=6439681&origin0=ktw&date0=2026-08-23&destination0=zad&origin1=zad&date1=2026-08-27&destination1=gdn&adultsv2=1&market=PL&locale=pl-PL&currency=PLN
Katowice,Oslo,Norwegia,Gdańsk,2026-08-26,2026-08-28,2,216.01,279.65,495.65999999999997,KTW,OSLO,GDN,https://skyscanner.net/g/referrals/v1/flights/multicity/?mediaPartnerId=6439681&origin0=ktw&date0=2026-08-26&destination0=oslo&origin1=oslo&date1=2026-08-28&destination1=gdn&adultsv2=1&market=PL&locale=pl-PL&currency=PLN
Wrocław,Bolonia,Włochy,Kraków,2026-08-25,2026-08-28,3,284.89,211.49,496.38,WRO,BLQ,KRK,https://skyscanner.net/g/referrals/v1/flights/multicity/?mediaPartnerId=6439681&origin0=wro&date0=2026-08-25&destination0=blq&origin1=blq&date1=2026-08-28&destination1=krk&adultsv2=1&market=PL&locale=pl-PL&currency=PLN
Wrocław,Bolonia,Włochy,Wrocław,2026-08-27,2026-08-31,4,220.13,276.25,496.38,WRO,BLQ,WRO,https://www.skyscanner.net/g/referrals/v1/flights/day-view/?origin=wro&destination=blq&outboundDate=2026-08-27&inboundDate=2026-08-31&market=PL&locale=pl-PL&currency=PLN&mediaPartnerId=6439681
Poznań,Oslo,Norwegia,Gdańsk,2026-08-22,2026-08-29,7,393.08,103.56,496.64,POZ,OSLO,GDN,https://skyscanner.net/g/referrals/v1/flights/multicity/?mediaPartnerId=6439681&origin0=poz&date0=2026-08-22&destination0=oslo&origin1=oslo&date1=2026-08-29&destination1=gdn&adultsv2=1&market=PL&locale=pl-PL&currency=PLN
Warszawa,Mediolan,Włochy,Gdańsk,2026-08-29,2026-08-31,2,299.0,198.56,497.56,WARS,MIL,GDN,https://skyscanner.net/g/referrals/v1/flights/multicity/?mediaPartnerId=6439681&origin0=wars&date0=2026-08-29&destination0=mil&origin1=mil&date1=2026-08-31&destination1=gdn&adultsv2=1&market=PL&locale=pl-PL&currency=PLN
Warszawa,Mediolan,Włochy,Gdańsk,2026-08-29,2026-08-31,2,299.0,198.56,497.56,WARS,MILA,GDN,https://skyscanner.net/g/referrals/v1/flights/multicity/?mediaPartnerId=6439681&origin0=wars&date0=2026-08-29&destination0=mila&origin1=mila&date1=2026-08-31&destination1=gdn&adultsv2=1&market=PL&locale=pl-PL&currency=PLN
Warszawa,Mediolan,Włochy,Gdańsk,2026-08-29,2026-08-31,2,299.0,198.56,497.56,WARS,MILA,GDN,https://skyscanner.net/g/referrals/v1/flights/multicity/?mediaPartnerId=6439681&origin0=wars&date0=2026-08-29&destination0=mila&origin1=mila&date1=2026-08-31&destination1=gdn&adultsv2=1&market=PL&locale=pl-PL&currency=PLN
Warszawa,Mediolan,Włochy,Gdańsk,2026-08-29,2026-08-31,2,299.0,198.56,497.56,WARS,MIL,GDN,https://skyscanner.net/g/referrals/v1/flights/multicity/?mediaPartnerId=6439681&origin0=wars&date0=2026-08-29&destination0=mil&origin1=mil&date1=2026-08-31&destination1=gdn&adultsv2=1&market=PL&locale=pl-PL&currency=PLN
Kraków,Bazylea,Szwajcaria,Wrocław,2026-08-29,2026-08-31,2,359.0,138.62,497.62,KRK,BSL,WRO,https://skyscanner.net/g/referrals/v1/flights/multicity/?mediaPartnerId=6439681&origin0=krk&date0=2026-08-29&destination0=bsl&origin1=bsl&date1=2026-08-31&destination1=wro&adultsv2=1&market=PL&locale=pl-PL&currency=PLN
Poznań,Mediolan,Włochy,Kraków,2026-08-28,2026-08-31,3,258.98,238.75,497.73,POZ,MILA,KRK,https://skyscanner.net/g/referrals/v1/flights/multicity/?mediaPartnerId=6439681&origin0=poz&date0=2026-08-28&destination0=mila&origin1=mila&date1=2026-08-31&destination1=krk&adultsv2=1&market=PL&locale=pl-PL&currency=PLN
Gdańsk,Bukareszt,Rumunia,Gdańsk,2026-08-29,2026-08-31,2,202.77,295.31,498.08000000000004,GDN,BUCH,GDN,https://www.skyscanner.net/g/referrals/v1/flights/day-view/?origin=gdn&destination=buch&outboundDate=2026-08-29&inboundDate=2026-08-31&market=PL&locale=pl-PL&currency=PLN&mediaPartnerId=6439681
Poznań,Oslo,Norwegia,Kraków,2026-08-25,2026-08-29,4,246.03,252.45,498.48,POZ,OSLO,KRK,https://skyscanner.net/g/referrals/v1/flights/multicity/?mediaPartnerId=6439681&origin0=poz&date0=2026-08-25&destination0=oslo&origin1=oslo&date1=2026-08-29&destination1=krk&adultsv2=1&market=PL&locale=pl-PL&currency=PLN
Poznań,Mediolan,Włochy,Gdańsk,2026-08-29,2026-08-31,2,254.67,244.25,498.91999999999996,POZ,MILA,GDN,https://skyscanner.net/g/referrals/v1/flights/multicity/?mediaPartnerId=6439681&origin0=poz&date0=2026-08-29&destination0=mila&origin1=mila&date1=2026-08-31&destination1=gdn&adultsv2=1&market=PL&locale=pl-PL&currency=PLN
Poznań,Oslo,Norwegia,Gdańsk,2026-08-27,2026-08-30,3,379.86,120.37,500.23,POZ,OSLO,GDN,https://skyscanner.net/g/referrals/v1/flights/multicity/?mediaPartnerId=6439681&origin0=poz&date0=2026-08-27&destination0=oslo&origin1=oslo&date1=2026-08-30&destination1=gdn&adultsv2=1&market=PL&locale=pl-PL&currency=PLN
Warszawa,Brindisi,Włochy,Wrocław,2026-08-29,2026-08-31,2,159.0,341.46,500.46,WARS,BDS,WRO,https://skyscanner.net/g/referrals/v1/flights/multicity/?mediaPartnerId=6439681&origin0=wars&date0=2026-08-29&destination0=bds&origin1=bds&date1=2026-08-31&destination1=wro&adultsv2=1&market=PL&locale=pl-PL&currency=PLN
Warszawa,Mediolan,Włochy,Gdańsk,2026-08-28,2026-08-31,3,302.21,198.56,500.77,WARS,MILA,GDN,https://skyscanner.net/g/referrals/v1/flights/multicity/?mediaPartnerId=6439681&origin0=wars&date0=2026-08-28&destination0=mila&origin1=mila&date1=2026-08-31&destination1=gdn&adultsv2=1&market=PL&locale=pl-PL&currency=PLN
Warszawa,Mediolan,Włochy,Gdańsk,2026-08-28,2026-08-31,3,302.21,198.56,500.77,WARS,MIL,GDN,https://skyscanner.net/g/referrals/v1/flights/multicity/?mediaPartnerId=6439681&origin0=wars&date0=2026-08-28&destination0=mil&origin1=mil&date1=2026-08-31&destination1=gdn&adultsv2=1&market=PL&locale=pl-PL&currency=PLN
Warszawa,Katania,Włochy,Katowice,2026-08-28,2026-08-31,3,217.31,284.91,502.22,WARS,CTA,KTW,https://skyscanner.net/g/referrals/v1/flights/multicity/?mediaPartnerId=6439681&origin0=wars&date0=2026-08-28&destination0=cta&origin1=cta&date1=2026-08-31&destination1=ktw&adultsv2=1&market=PL&locale=pl-PL&currency=PLN
Gdańsk,Praga,Czechy,Gdańsk,2026-08-26,2026-08-29,3,361.62,141.53,503.15,GDN,PRG,GDN,https://www.skyscanner.net/g/referrals/v1/flights/day-view/?origin=gdn&destination=prg&outboundDate=2026-08-26&inboundDate=2026-08-29&market=PL&locale=pl-PL&currency=PLN&mediaPartnerId=6439681
Poznań,Mediolan,Włochy,Gdańsk,2026-08-28,2026-08-31,3,258.98,244.25,503.23,POZ,MILA,GDN,https://skyscanner.net/g/referrals/v1/flights/multicity/?mediaPartnerId=6439681&origin0=poz&date0=2026-08-28&destination0=mila&origin1=mila&date1=2026-08-31&destination1=gdn&adultsv2=1&market=PL&locale=pl-PL&currency=PLN
Poznań,Mediolan,Włochy,Warszawa,2026-08-28,2026-08-30,2,258.98,245.26,504.24,POZ,MILA,WARS,https://skyscanner.net/g/referrals/v1/flights/multicity/?mediaPartnerId=6439681&origin0=poz&date0=2026-08-28&destination0=mila&origin1=mila&date1=2026-08-30&destination1=wars&adultsv2=1&market=PL&locale=pl-PL&currency=PLN
Katowice,Katania,Włochy,Warszawa,2026-08-29,2026-08-31,2,159.69,344.59,504.28,KTW,CTA,WARS,https://skyscanner.net/g/referrals/v1/flights/multicity/?mediaPartnerId=6439681&origin0=ktw&date0=2026-08-29&destination0=cta&origin1=cta&date1=2026-08-31&destination1=wars&adultsv2=1&market=PL&locale=pl-PL&currency=PLN
Katowice,Mediolan,Włochy,Warszawa,2026-08-29,2026-08-31,2,185.16,319.48,504.64,KTW,MILA,WARS,https://skyscanner.net/g/referrals/v1/flights/multicity/?mediaPartnerId=6439681&origin0=ktw&date0=2026-08-29&destination0=mila&origin1=mila&date1=2026-08-31&destination1=wars&adultsv2=1&market=PL&locale=pl-PL&currency=PLN
Katowice,Mediolan,Włochy,Kraków,2026-08-27,2026-08-29,2,349.54,155.37,504.91,KTW,MILA,KRK,https://skyscanner.net/g/referrals/v1/flights/multicity/?mediaPartnerId=6439681&origin0=ktw&date0=2026-08-27&destination0=mila&origin1=mila&date1=2026-08-29&destination1=krk&adultsv2=1&market=PL&locale=pl-PL&currency=PLN
Katowice,Mediolan,Włochy,Kraków,2026-08-25,2026-08-29,4,349.54,155.37,504.91,KTW,MILA,KRK,https://skyscanner.net/g/referrals/v1/flights/multicity/?mediaPartnerId=6439681&origin0=ktw&date0=2026-08-25&destination0=mila&origin1=mila&date1=2026-08-29&destination1=krk&adultsv2=1&market=PL&locale=pl-PL&currency=PLN
Katowice,Mediolan,Włochy,Warszawa,2026-08-27,2026-08-31,4,349.54,155.38,504.92,KTW,MIL,WARS,https://skyscanner.net/g/referrals/v1/flights/multicity/?mediaPartnerId=6439681&origin0=ktw&date0=2026-08-27&destination0=mil&origin1=mil&date1=2026-08-31&destination1=wars&adultsv2=1&market=PL&locale=pl-PL&currency=PLN
Katowice,Mediolan,Włochy,Warszawa,2026-08-28,2026-08-31,3,349.54,155.38,504.92,KTW,MIL,WARS,https://skyscanner.net/g/referrals/v1/flights/multicity/?mediaPartnerId=6439681&origin0=ktw&date0=2026-08-28&destination0=mil&origin1=mil&date1=2026-08-31&destination1=wars&adultsv2=1&market=PL&locale=pl-PL&currency=PLN
Katowice,Mediolan,Włochy,Warszawa,2026-08-25,2026-08-31,6,349.54,155.38,504.92,KTW,MIL,WARS,https://skyscanner.net/g/referrals/v1/flights/multicity/?mediaPartnerId=6439681&origin0=ktw&date0=2026-08-25&destination0=mil&origin1=mil&date1=2026-08-31&destination1=wars&adultsv2=1&market=PL&locale=pl-PL&currency=PLN
Katowice,Mediolan,Włochy,Warszawa,2026-08-27,2026-08-31,4,349.54,155.38,504.92,KTW,MILA,WARS,https://skyscanner.net/g/referrals/v1/flights/multicity/?mediaPartnerId=6439681&origin0=ktw&date0=2026-08-27&destination0=mila&origin1=mila&date1=2026-08-31&destination1=wars&adultsv2=1&market=PL&locale=pl-PL&currency=PLN
Katowice,Mediolan,Włochy,Warszawa,2026-08-28,2026-08-31,3,349.54,155.38,504.92,KTW,MILA,WARS,https://skyscanner.net/g/referrals/v1/flights/multicity/?mediaPartnerId=6439681&origin0=ktw&date0=2026-08-28&destination0=mila&origin1=mila&date1=2026-08-31&destination1=wars&adultsv2=1&market=PL&locale=pl-PL&currency=PLN
Katowice,Mediolan,Włochy,Warszawa,2026-08-25,2026-08-31,6,349.54,155.38,504.92,KTW,MILA,WARS,https://skyscanner.net/g/referrals/v1/flights/multicity/?mediaPartnerId=6439681&origin0=ktw&date0=2026-08-25&destination0=mila&origin1=mila&date1=2026-08-31&destination1=wars&adultsv2=1&market=PL&locale=pl-PL&currency=PLN
Gdańsk,Kraków,Polska,Gdańsk,2026-08-27,2026-08-31,4,263.3,241.71,505.01,GDN,KRK,GDN,https://www.skyscanner.net/g/referrals/v1/flights/day-view/?origin=gdn&destination=krk&outboundDate=2026-08-27&inboundDate=2026-08-31&market=PL&locale=pl-PL&currency=PLN&mediaPartnerId=6439681
Poznań,Mediolan,Włochy,Warszawa,2026-08-27,2026-08-30,3,332.37,172.65,505.02,POZ,MILA,WARS,https://skyscanner.net/g/referrals/v1/flights/multicity/?mediaPartnerId=6439681&origin0=poz&date0=2026-08-27&destination0=mila&origin1=mila&date1=2026-08-30&destination1=wars&adultsv2=1&market=PL&locale=pl-PL&currency=PLN
Wrocław,Charleroi,Belgia,Wrocław,2026-08-29,2026-08-31,2,384.18,120.84,505.02,WRO,CRL,WRO,https://www.skyscanner.net/g/referrals/v1/flights/day-view/?origin=wro&destination=crl&outboundDate=2026-08-29&inboundDate=2026-08-31&market=PL&locale=pl-PL&currency=PLN&mediaPartnerId=6439681
Poznań,Mediolan,Włochy,Warszawa,2026-08-27,2026-08-30,3,332.37,172.65,505.02,POZ,MIL,WARS,https://skyscanner.net/g/referrals/v1/flights/multicity/?mediaPartnerId=6439681&origin0=poz&date0=2026-08-27&destination0=mil&origin1=mil&date1=2026-08-30&destination1=wars&adultsv2=1&market=PL&locale=pl-PL&currency=PLN
Katowice,Dubrovnik,Chorwacja,Kraków,2026-08-23,2026-08-26,3,86.3,418.72,505.02000000000004,KTW,DBV,KRK,https://skyscanner.net/g/referrals/v1/flights/multicity/?mediaPartnerId=6439681&origin0=ktw&date0=2026-08-23&destination0=dbv&origin1=dbv&date1=2026-08-26&destination1=krk&adultsv2=1&market=PL&locale=pl-PL&currency=PLN
Kraków,Mediolan,Włochy,Gdańsk,2026-08-28,2026-08-31,3,306.47,198.56,505.03000000000003,KRK,MILA,GDN,https://skyscanner.net/g/referrals/v1/flights/multicity/?mediaPartnerId=6439681&origin0=krk&date0=2026-08-28&destination0=mila&origin1=mila&date1=2026-08-31&destination1=gdn&adultsv2=1&market=PL&locale=pl-PL&currency=PLN
Kraków,Mediolan,Włochy,Gdańsk,2026-08-28,2026-08-31,3,306.47,198.56,505.03000000000003,KRK,MIL,GDN,https://skyscanner.net/g/referrals/v1/flights/multicity/?mediaPartnerId=6439681&origin0=krk&date0=2026-08-28&destination0=mil&origin1=mil&date1=2026-08-31&destination1=gdn&adultsv2=1&market=PL&locale=pl-PL&currency=PLN
Katowice,Katania,Włochy,Warszawa,2026-08-23,2026-08-27,4,310.79,194.4,505.19000000000005,KTW,CTA,WARS,https://skyscanner.net/g/referrals/v1/flights/multicity/?mediaPartnerId=6439681&origin0=ktw&date0=2026-08-23&destination0=cta&origin1=cta&date1=2026-08-27&destination1=wars&adultsv2=1&market=PL&locale=pl-PL&currency=PLN
Wrocław,Lamezia,Włochy,Kraków,2026-08-24,2026-08-31,7,258.98,246.4,505.38,WRO,SUF,KRK,https://skyscanner.net/g/referrals/v1/flights/multicity/?mediaPartnerId=6439681&origin0=wro&date0=2026-08-24&destination0=suf&origin1=suf&date1=2026-08-31&destination1=krk&adultsv2=1&market=PL&locale=pl-PL&currency=PLN
Kraków,Oslo,Norwegia,Gdańsk,2026-08-27,2026-08-29,2,189.91,316.1,506.01,KRK,OSLO,GDN,https://skyscanner.net/g/referrals/v1/flights/multicity/?mediaPartnerId=6439681&origin0=krk&date0=2026-08-27&destination0=oslo&origin1=oslo&date1=2026-08-29&destination1=gdn&adultsv2=1&market=PL&locale=pl-PL&currency=PLN
Kraków,Sofia,Bułagria,Warszawa,2026-08-24,2026-08-29,5,71.39,435.08,506.46999999999997,KRK,SOF,WARS,https://skyscanner.net/g/referrals/v1/flights/multicity/?mediaPartnerId=6439681&origin0=krk&date0=2026-08-24&destination0=sof&origin1=sof&date1=2026-08-29&destination1=wars&adultsv2=1&market=PL&locale=pl-PL&currency=PLN
Poznań,Mediolan,Włochy,Kraków,2026-08-27,2026-08-31,4,332.37,174.31,506.68,POZ,MILA,KRK,https://skyscanner.net/g/referrals/v1/flights/multicity/?mediaPartnerId=6439681&origin0=poz&date0=2026-08-27&destination0=mila&origin1=mila&date1=2026-08-31&destination1=krk&adultsv2=1&market=PL&locale=pl-PL&currency=PLN
Katowice,Katania,Włochy,Katowice,2026-08-23,2026-08-27,4,310.79,195.96,506.75,KTW,CTA,KTW,https://www.skyscanner.net/g/referrals/v1/flights/day-view/?origin=ktw&destination=cta&outboundDate=2026-08-23&inboundDate=2026-08-27&market=PL&locale=pl-PL&currency=PLN&mediaPartnerId=6439681
Warszawa,Sofia,Bułagria,Warszawa,2026-08-25,2026-08-29,4,72.02,435.08,507.09999999999997,WARS,SOF,WARS,https://www.skyscanner.net/g/referrals/v1/flights/day-view/?origin=wars&destination=sof&outboundDate=2026-08-25&inboundDate=2026-08-29&market=PL&locale=pl-PL&currency=PLN&mediaPartnerId=6439681
Warszawa,Sofia,Bułagria,Warszawa,2026-08-27,2026-08-29,2,72.02,435.08,507.09999999999997,WARS,SOF,WARS,https://www.skyscanner.net/g/referrals/v1/flights/day-view/?origin=wars&destination=sof&outboundDate=2026-08-27&inboundDate=2026-08-29&market=PL&locale=pl-PL&currency=PLN&mediaPartnerId=6439681
Warszawa,Sofia,Bułagria,Warszawa,2026-08-24,2026-08-29,5,72.02,435.08,507.09999999999997,WARS,SOF,WARS,https://www.skyscanner.net/g/referrals/v1/flights/day-view/?origin=wars&destination=sof&outboundDate=2026-08-24&inboundDate=2026-08-29&market=PL&locale=pl-PL&currency=PLN&mediaPartnerId=6439681
Kraków,Oslo,Norwegia,Warszawa,2026-08-26,2026-08-31,5,211.49,296.32,507.81,KRK,OSLO,WARS,https://skyscanner.net/g/referrals/v1/flights/multicity/?mediaPartnerId=6439681&origin0=krk&date0=2026-08-26&destination0=oslo&origin1=oslo&date1=2026-08-31&destination1=wars&adultsv2=1&market=PL&locale=pl-PL&currency=PLN
Kraków,Sofia,Bułagria,Warszawa,2026-08-26,2026-08-29,3,73.35,435.08,508.42999999999995,KRK,SOF,WARS,https://skyscanner.net/g/referrals/v1/flights/multicity/?mediaPartnerId=6439681&origin0=krk&date0=2026-08-26&destination0=sof&origin1=sof&date1=2026-08-29&destination1=wars&adultsv2=1&market=PL&locale=pl-PL&currency=PLN
Kraków,Praga,Czechy,Gdańsk,2026-08-26,2026-08-29,3,366.91,141.53,508.44000000000005,KRK,PRG,GDN,https://skyscanner.net/g/referrals/v1/flights/multicity/?mediaPartnerId=6439681&origin0=krk&date0=2026-08-26&destination0=prg&origin1=prg&date1=2026-08-29&destination1=gdn&adultsv2=1&market=PL&locale=pl-PL&currency=PLN
Wrocław,Bolonia,Włochy,Kraków,2026-08-27,2026-08-31,4,220.13,289.2,509.33,WRO,BLQ,KRK,https://skyscanner.net/g/referrals/v1/flights/multicity/?mediaPartnerId=6439681&origin0=wro&date0=2026-08-27&destination0=blq&origin1=blq&date1=2026-08-31&destination1=krk&adultsv2=1&market=PL&locale=pl-PL&currency=PLN
Poznań,Girona,Hiszpania,Poznań,2026-08-25,2026-08-27,2,220.13,289.2,509.33,POZ,GRO,POZ,https://www.skyscanner.net/g/referrals/v1/flights/day-view/?origin=poz&destination=gro&outboundDate=2026-08-25&inboundDate=2026-08-27&market=PL&locale=pl-PL&currency=PLN&mediaPartnerId=6439681
Warszawa,Piza,Włochy,Wrocław,2026-08-27,2026-08-29,2,302.15,208.31,510.46,WARS,PSA,WRO,https://skyscanner.net/g/referrals/v1/flights/multicity/?mediaPartnerId=6439681&origin0=wars&date0=2026-08-27&destination0=psa&origin1=psa&date1=2026-08-29&destination1=wro&adultsv2=1&market=PL&locale=pl-PL&currency=PLN
Kraków,Mediolan,Włochy,Kraków,2026-08-29,2026-08-31,2,336.69,174.31,511.0,KRK,MILA,KRK,https://www.skyscanner.net/g/referrals/v1/flights/day-view/?origin=krk&destination=mila&outboundDate=2026-08-29&inboundDate=2026-08-31&market=PL&locale=pl-PL&currency=PLN&mediaPartnerId=6439681
Katowice,Oslo,Norwegia,Warszawa,2026-08-26,2026-08-31,5,216.01,296.32,512.3299999999999,KTW,OSLO,WARS,https://skyscanner.net/g/referrals/v1/flights/multicity/?mediaPartnerId=6439681&origin0=ktw&date0=2026-08-26&destination0=oslo&origin1=oslo&date1=2026-08-31&destination1=wars&adultsv2=1&market=PL&locale=pl-PL&currency=PLN
Kraków,Praga,Czechy,Gdańsk,2026-08-25,2026-08-29,4,371.23,141.53,512.76,KRK,PRG,GDN,https://skyscanner.net/g/referrals/v1/flights/multicity/?mediaPartnerId=6439681&origin0=krk&date0=2026-08-25&destination0=prg&origin1=prg&date1=2026-08-29&destination1=gdn&adultsv2=1&market=PL&locale=pl-PL&currency=PLN
Poznań,Mediolan,Włochy,Warszawa,2026-08-29,2026-08-31,2,254.67,259.0,513.67,POZ,MILA,WARS,https://skyscanner.net/g/referrals/v1/flights/multicity/?mediaPartnerId=6439681&origin0=poz&date0=2026-08-29&destination0=mila&origin1=mila&date1=2026-08-31&destination1=wars&adultsv2=1&market=PL&locale=pl-PL&currency=PLN
Poznań,Oslo,Norwegia,Gdańsk,2026-08-27,2026-08-31,4,379.86,134.12,513.98,POZ,OSLO,GDN,https://skyscanner.net/g/referrals/v1/flights/multicity/?mediaPartnerId=6439681&origin0=poz&date0=2026-08-27&destination0=oslo&origin1=oslo&date1=2026-08-31&destination1=gdn&adultsv2=1&market=PL&locale=pl-PL&currency=PLN
Kraków,Katania,Włochy,Katowice,2026-08-29,2026-08-31,2,230.0,284.91,514.9100000000001,KRK,CTA,KTW,https://skyscanner.net/g/referrals/v1/flights/multicity/?mediaPartnerId=6439681&origin0=krk&date0=2026-08-29&destination0=cta&origin1=cta&date1=2026-08-31&destination1=ktw&adultsv2=1&market=PL&locale=pl-PL&currency=PLN
Kraków,Oslo,Norwegia,Wrocław,2026-08-27,2026-08-30,3,189.91,325.21,515.12,KRK,OSLO,WRO,https://skyscanner.net/g/referrals/v1/flights/multicity/?mediaPartnerId=6439681&origin0=krk&date0=2026-08-27&destination0=oslo&origin1=oslo&date1=2026-08-30&destination1=wro&adultsv2=1&market=PL&locale=pl-PL&currency=PLN
Warszawa,Mediolan,Włochy,Warszawa,2026-08-29,2026-08-31,2,409.0,106.56,515.56,WARS,MILA,WARS,https://www.skyscanner.net/g/referrals/v1/flights/day-view/?origin=wars&destination=mila&outboundDate=2026-08-29&inboundDate=2026-08-31&market=PL&locale=pl-PL&currency=PLN&mediaPartnerId=6439681
Kraków,Mediolan,Włochy,Warszawa,2026-08-29,2026-08-31,2,409.0,106.56,515.56,KRK,MILA,WARS,https://skyscanner.net/g/referrals/v1/flights/multicity/?mediaPartnerId=6439681&origin0=krk&date0=2026-08-29&destination0=mila&origin1=mila&date1=2026-08-31&destination1=wars&adultsv2=1&market=PL&locale=pl-PL&currency=PLN
Kraków,Mediolan,Włochy,Warszawa,2026-08-29,2026-08-31,2,409.0,106.56,515.56,KRK,MILA,WARS,https://skyscanner.net/g/referrals/v1/flights/multicity/?mediaPartnerId=6439681&origin0=krk&date0=2026-08-29&destination0=mila&origin1=mila&date1=2026-08-31&destination1=wars&adultsv2=1&market=PL&locale=pl-PL&currency=PLN
Warszawa,Katania,Włochy,Wrocław,2026-08-27,2026-08-31,4,275.92,241.73,517.65,WARS,CTA,WRO,https://skyscanner.net/g/referrals/v1/flights/multicity/?mediaPartnerId=6439681&origin0=wars&date0=2026-08-27&destination0=cta&origin1=cta&date1=2026-08-31&destination1=wro&adultsv2=1&market=PL&locale=pl-PL&currency=PLN
Warszawa,Mediolan,Włochy,Gdańsk,2026-08-29,2026-08-31,2,319.31,198.56,517.87,WARS,MIL,GDN,https://skyscanner.net/g/referrals/v1/flights/multicity/?mediaPartnerId=6439681&origin0=wars&date0=2026-08-29&destination0=mil&origin1=mil&date1=2026-08-31&destination1=gdn&adultsv2=1&market=PL&locale=pl-PL&currency=PLN
Warszawa,Mediolan,Włochy,Gdańsk,2026-08-29,2026-08-31,2,319.31,198.56,517.87,WARS,MILA,GDN,https://skyscanner.net/g/referrals/v1/flights/multicity/?mediaPartnerId=6439681&origin0=wars&date0=2026-08-29&destination0=mila&origin1=mila&date1=2026-08-31&destination1=gdn&adultsv2=1&market=PL&locale=pl-PL&currency=PLN
Poznań,Girona,Hiszpania,Kraków,2026-08-25,2026-08-27,2,220.13,297.84,517.97,POZ,GRO,KRK,https://skyscanner.net/g/referrals/v1/flights/multicity/?mediaPartnerId=6439681&origin0=poz&date0=2026-08-25&destination0=gro&origin1=gro&date1=2026-08-27&destination1=krk&adultsv2=1&market=PL&locale=pl-PL&currency=PLN
Poznań,Mediolan,Włochy,Warszawa,2026-08-28,2026-08-31,3,258.98,259.0,517.98,POZ,MILA,WARS,https://skyscanner.net/g/referrals/v1/flights/multicity/?mediaPartnerId=6439681&origin0=poz&date0=2026-08-28&destination0=mila&origin1=mila&date1=2026-08-31&destination1=wars&adultsv2=1&market=PL&locale=pl-PL&currency=PLN
Katowice,Dubrovnik,Chorwacja,Gdańsk,2026-08-23,2026-08-30,7,86.3,431.7,518.0,KTW,DBV,GDN,https://skyscanner.net/g/referrals/v1/flights/multicity/?mediaPartnerId=6439681&origin0=ktw&date0=2026-08-23&destination0=dbv&origin1=dbv&date1=2026-08-30&destination1=gdn&adultsv2=1&market=PL&locale=pl-PL&currency=PLN
Kraków,Bukareszt,Rumunia,Gdańsk,2026-08-23,2026-08-30,7,264.0,254.18,518.1800000000001,KRK,BUCH,GDN,https://skyscanner.net/g/referrals/v1/flights/multicity/?mediaPartnerId=6439681&origin0=krk&date0=2026-08-23&destination0=buch&origin1=buch&date1=2026-08-30&destination1=gdn&adultsv2=1&market=PL&locale=pl-PL&currency=PLN
Wrocław,Zadar,Chorwacja,Poznań,2026-08-25,2026-08-28,3,104.0,414.39,518.39,WRO,ZAD,POZ,https://skyscanner.net/g/referrals/v1/flights/multicity/?mediaPartnerId=6439681&origin0=wro&date0=2026-08-25&destination0=zad&origin1=zad&date1=2026-08-28&destination1=poz&adultsv2=1&market=PL&locale=pl-PL&currency=PLN
Warszawa,Lamezia,Włochy,Kraków,2026-08-28,2026-08-31,3,272.8,246.4,519.2,WARS,SUF,KRK,https://skyscanner.net/g/referrals/v1/flights/multicity/?mediaPartnerId=6439681&origin0=wars&date0=2026-08-28&destination0=suf&origin1=suf&date1=2026-08-31&destination1=krk&adultsv2=1&market=PL&locale=pl-PL&currency=PLN
Warszawa,Sztokholm,Szwecja,Kraków,2026-08-27,2026-08-29,2,220.72,299.26,519.98,WARS,ARN,KRK,https://skyscanner.net/g/referrals/v1/flights/multicity/?mediaPartnerId=6439681&origin0=wars&date0=2026-08-27&destination0=arn&origin1=arn&date1=2026-08-29&destination1=krk&adultsv2=1&market=PL&locale=pl-PL&currency=PLN
Katowice,Zadar,Chorwacja,Warszawa,2026-08-25,2026-08-27,2,79.0,441.93,520.9300000000001,KTW,ZAD,WARS,https://skyscanner.net/g/referrals/v1/flights/multicity/?mediaPartnerId=6439681&origin0=ktw&date0=2026-08-25&destination0=zad&origin1=zad&date1=2026-08-27&destination1=wars&adultsv2=1&market=PL&locale=pl-PL&currency=PLN
Wrocław,Zadar,Chorwacja,Poznań,2026-08-26,2026-08-28,2,106.89,414.39,521.28,WRO,ZAD,POZ,https://skyscanner.net/g/referrals/v1/flights/multicity/?mediaPartnerId=6439681&origin0=wro&date0=2026-08-26&destination0=zad&origin1=zad&date1=2026-08-28&destination1=poz&adultsv2=1&market=PL&locale=pl-PL&currency=PLN
Warszawa,Mediolan,Włochy,Kraków,2026-08-27,2026-08-29,2,365.93,155.37,521.3,WARS,MILA,KRK,https://skyscanner.net/g/referrals/v1/flights/multicity/?mediaPartnerId=6439681&origin0=wars&date0=2026-08-27&destination0=mila&origin1=mila&date1=2026-08-29&destination1=krk&adultsv2=1&market=PL&locale=pl-PL&currency=PLN
Warszawa,Mediolan,Włochy,Warszawa,2026-08-27,2026-08-31,4,365.93,155.38,521.31,WARS,MIL,WARS,https://www.skyscanner.net/g/referrals/v1/flights/day-view/?origin=wars&destination=mil&outboundDate=2026-08-27&inboundDate=2026-08-31&market=PL&locale=pl-PL&currency=PLN&mediaPartnerId=6439681
Warszawa,Mediolan,Włochy,Warszawa,2026-08-27,2026-08-31,4,365.93,155.38,521.31,WARS,MILA,WARS,https://www.skyscanner.net/g/referrals/v1/flights/day-view/?origin=wars&destination=mila&outboundDate=2026-08-27&inboundDate=2026-08-31&market=PL&locale=pl-PL&currency=PLN&mediaPartnerId=6439681
Kraków,Mediolan,Włochy,Katowice,2026-08-25,2026-08-27,2,439.61,81.86,521.47,KRK,MILA,KTW,https://skyscanner.net/g/referrals/v1/flights/multicity/?mediaPartnerId=6439681&origin0=krk&date0=2026-08-25&destination0=mila&origin1=mila&date1=2026-08-27&destination1=ktw&adultsv2=1&market=PL&locale=pl-PL&currency=PLN
Kraków,Katania,Włochy,Warszawa,2026-08-27,2026-08-31,4,177.4,344.59,521.99,KRK,CTA,WARS,https://skyscanner.net/g/referrals/v1/flights/multicity/?mediaPartnerId=6439681&origin0=krk&date0=2026-08-27&destination0=cta&origin1=cta&date1=2026-08-31&destination1=wars&adultsv2=1&market=PL&locale=pl-PL&currency=PLN
Szczecin,Kraków,Polska,Gdańsk,2026-08-26,2026-08-30,4,211.37,310.79,522.1600000000001,SZZ,KRK,GDN,https://skyscanner.net/g/referrals/v1/flights/multicity/?mediaPartnerId=6439681&origin0=szz&date0=2026-08-26&destination0=krk&origin1=krk&date1=2026-08-30&destination1=gdn&adultsv2=1&market=PL&locale=pl-PL&currency=PLN
Katowice,Mediolan,Włochy,Warszawa,2026-08-27,2026-08-30,3,349.54,172.65,522.19,KTW,MIL,WARS,https://skyscanner.net/g/referrals/v1/flights/multicity/?mediaPartnerId=6439681&origin0=ktw&date0=2026-08-27&destination0=mil&origin1=mil&date1=2026-08-30&destination1=wars&adultsv2=1&market=PL&locale=pl-PL&currency=PLN
Katowice,Mediolan,Włochy,Warszawa,2026-08-25,2026-08-30,5,349.54,172.65,522.19,KTW,MILA,WARS,https://skyscanner.net/g/referrals/v1/flights/multicity/?mediaPartnerId=6439681&origin0=ktw&date0=2026-08-25&destination0=mila&origin1=mila&date1=2026-08-30&destination1=wars&adultsv2=1&market=PL&locale=pl-PL&currency=PLN
Katowice,Mediolan,Włochy,Warszawa,2026-08-27,2026-08-30,3,349.54,172.65,522.19,KTW,MILA,WARS,https://skyscanner.net/g/referrals/v1/flights/multicity/?mediaPartnerId=6439681&origin0=ktw&date0=2026-08-27&destination0=mila&origin1=mila&date1=2026-08-30&destination1=wars&adultsv2=1&market=PL&locale=pl-PL&currency=PLN
Katowice,Mediolan,Włochy,Warszawa,2026-08-25,2026-08-30,5,349.54,172.65,522.19,KTW,MIL,WARS,https://skyscanner.net/g/referrals/v1/flights/multicity/?mediaPartnerId=6439681&origin0=ktw&date0=2026-08-25&destination0=mil&origin1=mil&date1=2026-08-30&destination1=wars&adultsv2=1&market=PL&locale=pl-PL&currency=PLN
Katowice,Mediolan,Włochy,Warszawa,2026-08-28,2026-08-30,2,349.54,172.65,522.19,KTW,MIL,WARS,https://skyscanner.net/g/referrals/v1/flights/multicity/?mediaPartnerId=6439681&origin0=ktw&date0=2026-08-28&destination0=mil&origin1=mil&date1=2026-08-30&destination1=wars&adultsv2=1&market=PL&locale=pl-PL&currency=PLN
Katowice,Mediolan,Włochy,Warszawa,2026-08-28,2026-08-30,2,349.54,172.65,522.19,KTW,MILA,WARS,https://skyscanner.net/g/referrals/v1/flights/multicity/?mediaPartnerId=6439681&origin0=ktw&date0=2026-08-28&destination0=mila&origin1=mila&date1=2026-08-30&destination1=wars&adultsv2=1&market=PL&locale=pl-PL&currency=PLN
Poznań,Zadar,Chorwacja,Poznań,2026-08-25,2026-08-27,2,164.01,358.28,522.29,POZ,ZAD,POZ,https://www.skyscanner.net/g/referrals/v1/flights/day-view/?origin=poz&destination=zad&outboundDate=2026-08-25&inboundDate=2026-08-27&market=PL&locale=pl-PL&currency=PLN&mediaPartnerId=6439681
Kraków,Bolonia,Włochy,Kraków,2026-08-26,2026-08-28,2,311.01,211.49,522.5,KRK,BLQ,KRK,https://www.skyscanner.net/g/referrals/v1/flights/day-view/?origin=krk&destination=blq&outboundDate=2026-08-26&inboundDate=2026-08-28&market=PL&locale=pl-PL&currency=PLN&mediaPartnerId=6439681
Kraków,Katania,Włochy,Katowice,2026-08-27,2026-08-30,3,177.4,345.32,522.72,KRK,CTA,KTW,https://skyscanner.net/g/referrals/v1/flights/multicity/?mediaPartnerId=6439681&origin0=krk&date0=2026-08-27&destination0=cta&origin1=cta&date1=2026-08-30&destination1=ktw&adultsv2=1&market=PL&locale=pl-PL&currency=PLN
Poznań,Oslo,Norwegia,Wrocław,2026-08-28,2026-08-30,2,198.54,325.21,523.75,POZ,OSLO,WRO,https://skyscanner.net/g/referrals/v1/flights/multicity/?mediaPartnerId=6439681&origin0=poz&date0=2026-08-28&destination0=oslo&origin1=oslo&date1=2026-08-30&destination1=wro&adultsv2=1&market=PL&locale=pl-PL&currency=PLN
Katowice,Mediolan,Włochy,Kraków,2026-08-27,2026-08-31,4,349.54,174.31,523.85,KTW,MILA,KRK,https://skyscanner.net/g/referrals/v1/flights/multicity/?mediaPartnerId=6439681&origin0=ktw&date0=2026-08-27&destination0=mila&origin1=mila&date1=2026-08-31&destination1=krk&adultsv2=1&market=PL&locale=pl-PL&currency=PLN
Katowice,Mediolan,Włochy,Kraków,2026-08-28,2026-08-31,3,349.54,174.31,523.85,KTW,MILA,KRK,https://skyscanner.net/g/referrals/v1/flights/multicity/?mediaPartnerId=6439681&origin0=ktw&date0=2026-08-28&destination0=mila&origin1=mila&date1=2026-08-31&destination1=krk&adultsv2=1&market=PL&locale=pl-PL&currency=PLN
Katowice,Mediolan,Włochy,Kraków,2026-08-25,2026-08-31,6,349.54,174.31,523.85,KTW,MILA,KRK,https://skyscanner.net/g/referrals/v1/flights/multicity/?mediaPartnerId=6439681&origin0=ktw&date0=2026-08-25&destination0=mila&origin1=mila&date1=2026-08-31&destination1=krk&adultsv2=1&market=PL&locale=pl-PL&currency=PLN
Katowice,Katania,Włochy,Wrocław,2026-08-25,2026-08-31,6,283.04,241.73,524.77,KTW,CTA,WRO,https://skyscanner.net/g/referrals/v1/flights/multicity/?mediaPartnerId=6439681&origin0=ktw&date0=2026-08-25&destination0=cta&origin1=cta&date1=2026-08-31&destination1=wro&adultsv2=1&market=PL&locale=pl-PL&currency=PLN
Poznań,Oslo,Norwegia,Gdańsk,2026-08-25,2026-08-28,3,246.03,279.65,525.68,POZ,OSLO,GDN,https://skyscanner.net/g/referrals/v1/flights/multicity/?mediaPartnerId=6439681&origin0=poz&date0=2026-08-25&destination0=oslo&origin1=oslo&date1=2026-08-28&destination1=gdn&adultsv2=1&market=PL&locale=pl-PL&currency=PLN
Katowice,Mediolan,Włochy,Warszawa,2026-08-25,2026-08-27,2,349.54,176.74,526.28,KTW,MILA,WARS,https://skyscanner.net/g/referrals/v1/flights/multicity/?mediaPartnerId=6439681&origin0=ktw&date0=2026-08-25&destination0=mila&origin1=mila&date1=2026-08-27&destination1=wars&adultsv2=1&market=PL&locale=pl-PL&currency=PLN
Kraków,Dubrovnik,Chorwacja,Gdańsk,2026-08-25,2026-08-30,5,95.0,431.7,526.7,KRK,DBV,GDN,https://skyscanner.net/g/referrals/v1/flights/multicity/?mediaPartnerId=6439681&origin0=krk&date0=2026-08-25&destination0=dbv&origin1=dbv&date1=2026-08-30&destination1=gdn&adultsv2=1&market=PL&locale=pl-PL&currency=PLN
Kraków,Oslo,Norwegia,Gdańsk,2026-08-26,2026-08-29,3,211.49,316.1,527.59,KRK,OSLO,GDN,https://skyscanner.net/g/referrals/v1/flights/multicity/?mediaPartnerId=6439681&origin0=krk&date0=2026-08-26&destination0=oslo&origin1=oslo&date1=2026-08-29&destination1=gdn&adultsv2=1&market=PL&locale=pl-PL&currency=PLN
Katowice,Katania,Włochy,Wrocław,2026-08-28,2026-08-31,3,287.35,241.73,529.08,KTW,CTA,WRO,https://skyscanner.net/g/referrals/v1/flights/multicity/?mediaPartnerId=6439681&origin0=ktw&date0=2026-08-28&destination0=cta&origin1=cta&date1=2026-08-31&destination1=wro&adultsv2=1&market=PL&locale=pl-PL&currency=PLN
Gdańsk,Hamburg,Niemcy,Gdańsk,2026-08-29,2026-08-31,2,449.0,81.0,530.0,GDN,HAM,GDN,https://www.skyscanner.net/g/referrals/v1/flights/day-view/?origin=gdn&destination=ham&outboundDate=2026-08-29&inboundDate=2026-08-31&market=PL&locale=pl-PL&currency=PLN&mediaPartnerId=6439681
Kraków,Triest,Włochy,Kraków,2026-08-29,2026-08-31,2,240.15,290.16,530.3100000000001,KRK,TRS,KRK,https://www.skyscanner.net/g/referrals/v1/flights/day-view/?origin=krk&destination=trs&outboundDate=2026-08-29&inboundDate=2026-08-31&market=PL&locale=pl-PL&currency=PLN&mediaPartnerId=6439681
Kraków,Wiedeń,Austria,Warszawa,2026-08-26,2026-08-31,5,250.35,280.57,530.92,KRK,VIE,WARS,https://skyscanner.net/g/referrals/v1/flights/multicity/?mediaPartnerId=6439681&origin0=krk&date0=2026-08-26&destination0=vie&origin1=vie&date1=2026-08-31&destination1=wars&adultsv2=1&market=PL&locale=pl-PL&currency=PLN
Poznań,Mediolan,Włochy,Gdańsk,2026-08-27,2026-08-31,4,332.37,198.56,530.9300000000001,POZ,MILA,GDN,https://skyscanner.net/g/referrals/v1/flights/multicity/?mediaPartnerId=6439681&origin0=poz&date0=2026-08-27&destination0=mila&origin1=mila&date1=2026-08-31&destination1=gdn&adultsv2=1&market=PL&locale=pl-PL&currency=PLN
Poznań,Mediolan,Włochy,Gdańsk,2026-08-27,2026-08-31,4,332.37,198.56,530.9300000000001,POZ,MIL,GDN,https://skyscanner.net/g/referrals/v1/flights/multicity/?mediaPartnerId=6439681&origin0=poz&date0=2026-08-27&destination0=mil&origin1=mil&date1=2026-08-31&destination1=gdn&adultsv2=1&market=PL&locale=pl-PL&currency=PLN
Warszawa,Mediolan,Włochy,Warszawa,2026-08-29,2026-08-31,2,376.21,155.38,531.5899999999999,WARS,MIL,WARS,https://www.skyscanner.net/g/referrals/v1/flights/day-view/?origin=wars&destination=mil&outboundDate=2026-08-29&inboundDate=2026-08-31&market=PL&locale=pl-PL&currency=PLN&mediaPartnerId=6439681
Warszawa,Mediolan,Włochy,Warszawa,2026-08-29,2026-08-31,2,376.21,155.38,531.5899999999999,WARS,MILA,WARS,https://www.skyscanner.net/g/referrals/v1/flights/day-view/?origin=wars&destination=mila&outboundDate=2026-08-29&inboundDate=2026-08-31&market=PL&locale=pl-PL&currency=PLN&mediaPartnerId=6439681
Katowice,Mediolan,Włochy,Kraków,2026-08-25,2026-08-28,3,349.54,182.51,532.05,KTW,MILA,KRK,https://skyscanner.net/g/referrals/v1/flights/multicity/?mediaPartnerId=6439681&origin0=ktw&date0=2026-08-25&destination0=mila&origin1=mila&date1=2026-08-28&destination1=krk&adultsv2=1&market=PL&locale=pl-PL&currency=PLN
Katowice,Oslo,Norwegia,Gdańsk,2026-08-26,2026-08-29,3,216.01,316.1,532.11,KTW,OSLO,GDN,https://skyscanner.net/g/referrals/v1/flights/multicity/?mediaPartnerId=6439681&origin0=ktw&date0=2026-08-26&destination0=oslo&origin1=oslo&date1=2026-08-29&destination1=gdn&adultsv2=1&market=PL&locale=pl-PL&currency=PLN
Poznań,Wenecja,Włochy,Gdańsk,2026-08-24,2026-08-27,3,437.17,95.0,532.1700000000001,POZ,TSF,GDN,https://skyscanner.net/g/referrals/v1/flights/multicity/?mediaPartnerId=6439681&origin0=poz&date0=2026-08-24&destination0=tsf&origin1=tsf&date1=2026-08-27&destination1=gdn&adultsv2=1&market=PL&locale=pl-PL&currency=PLN
Poznań,Oslo,Norwegia,Poznań,2026-08-27,2026-08-29,2,379.86,152.62,532.48,POZ,OSLO,POZ,https://www.skyscanner.net/g/referrals/v1/flights/day-view/?origin=poz&destination=oslo&outboundDate=2026-08-27&inboundDate=2026-08-29&market=PL&locale=pl-PL&currency=PLN&mediaPartnerId=6439681
Poznań,Wenecja,Włochy,Kraków,2026-08-24,2026-08-27,3,437.17,95.56,532.73,POZ,TSF,KRK,https://skyscanner.net/g/referrals/v1/flights/multicity/?mediaPartnerId=6439681&origin0=poz&date0=2026-08-24&destination0=tsf&origin1=tsf&date1=2026-08-27&destination1=krk&adultsv2=1&market=PL&locale=pl-PL&currency=PLN
Kraków,Mediolan,Włochy,Kraków,2026-08-25,2026-08-27,2,439.61,95.0,534.61,KRK,MILA,KRK,https://www.skyscanner.net/g/referrals/v1/flights/day-view/?origin=krk&destination=mila&outboundDate=2026-08-25&inboundDate=2026-08-27&market=PL&locale=pl-PL&currency=PLN&mediaPartnerId=6439681
Wrocław,Mediolan,Włochy,Kraków,2026-08-27,2026-08-29,2,379.32,155.37,534.69,WRO,MILA,KRK,https://skyscanner.net/g/referrals/v1/flights/multicity/?mediaPartnerId=6439681&origin0=wro&date0=2026-08-27&destination0=mila&origin1=mila&date1=2026-08-29&destination1=krk&adultsv2=1&market=PL&locale=pl-PL&currency=PLN
Wrocław,Mediolan,Włochy,Warszawa,2026-08-27,2026-08-31,4,379.32,155.38,534.7,WRO,MILA,WARS,https://skyscanner.net/g/referrals/v1/flights/multicity/?mediaPartnerId=6439681&origin0=wro&date0=2026-08-27&destination0=mila&origin1=mila&date1=2026-08-31&destination1=wars&adultsv2=1&market=PL&locale=pl-PL&currency=PLN
Wrocław,Mediolan,Włochy,Warszawa,2026-08-29,2026-08-31,2,379.32,155.38,534.7,WRO,MILA,WARS,https://skyscanner.net/g/referrals/v1/flights/multicity/?mediaPartnerId=6439681&origin0=wro&date0=2026-08-29&destination0=mila&origin1=mila&date1=2026-08-31&destination1=wars&adultsv2=1&market=PL&locale=pl-PL&currency=PLN
Wrocław,Mediolan,Włochy,Warszawa,2026-08-29,2026-08-31,2,379.32,155.38,534.7,WRO,MIL,WARS,https://skyscanner.net/g/referrals/v1/flights/multicity/?mediaPartnerId=6439681&origin0=wro&date0=2026-08-29&destination0=mil&origin1=mil&date1=2026-08-31&destination1=wars&adultsv2=1&market=PL&locale=pl-PL&currency=PLN
Wrocław,Mediolan,Włochy,Warszawa,2026-08-27,2026-08-31,4,379.32,155.38,534.7,WRO,MIL,WARS,https://skyscanner.net/g/referrals/v1/flights/multicity/?mediaPartnerId=6439681&origin0=wro&date0=2026-08-27&destination0=mil&origin1=mil&date1=2026-08-31&destination1=wars&adultsv2=1&market=PL&locale=pl-PL&currency=PLN
Kraków,Mediolan,Włochy,Gdańsk,2026-08-29,2026-08-31,2,336.69,198.56,535.25,KRK,MILA,GDN,https://skyscanner.net/g/referrals/v1/flights/multicity/?mediaPartnerId=6439681&origin0=krk&date0=2026-08-29&destination0=mila&origin1=mila&date1=2026-08-31&destination1=gdn&adultsv2=1&market=PL&locale=pl-PL&currency=PLN
Kraków,Mediolan,Włochy,Gdańsk,2026-08-29,2026-08-31,2,336.69,198.56,535.25,KRK,MIL,GDN,https://skyscanner.net/g/referrals/v1/flights/multicity/?mediaPartnerId=6439681&origin0=krk&date0=2026-08-29&destination0=mil&origin1=mil&date1=2026-08-31&destination1=gdn&adultsv2=1&market=PL&locale=pl-PL&currency=PLN
Wrocław,Dubrovnik,Chorwacja,Gdańsk,2026-08-28,2026-08-30,2,104.0,431.7,535.7,WRO,DBV,GDN,https://skyscanner.net/g/referrals/v1/flights/multicity/?mediaPartnerId=6439681&origin0=wro&date0=2026-08-28&destination0=dbv&origin1=dbv&date1=2026-08-30&destination1=gdn&adultsv2=1&market=PL&locale=pl-PL&currency=PLN
Katowice,Lamezia,Włochy,Kraków,2026-08-25,2026-08-31,6,289.61,246.4,536.01,KTW,SUF,KRK,https://skyscanner.net/g/referrals/v1/flights/multicity/?mediaPartnerId=6439681&origin0=ktw&date0=2026-08-25&destination0=suf&origin1=suf&date1=2026-08-31&destination1=krk&adultsv2=1&market=PL&locale=pl-PL&currency=PLN
Warszawa,Sztokholm,Szwecja,Warszawa,2026-08-27,2026-08-30,3,220.72,315.41,536.13,WARS,STO,WARS,https://www.skyscanner.net/g/referrals/v1/flights/day-view/?origin=wars&destination=sto&outboundDate=2026-08-27&inboundDate=2026-08-30&market=PL&locale=pl-PL&currency=PLN&mediaPartnerId=6439681
Katowice,Trapani,Włochy,Katowice,2026-08-26,2026-08-30,4,111.19,425.0,536.19,KTW,TPS,KTW,https://www.skyscanner.net/g/referrals/v1/flights/day-view/?origin=ktw&destination=tps&outboundDate=2026-08-26&inboundDate=2026-08-30&market=PL&locale=pl-PL&currency=PLN&mediaPartnerId=6439681
Katowice,Katania,Włochy,Kraków,2026-08-22,2026-08-24,2,363.38,173.09,536.47,KTW,CTA,KRK,https://skyscanner.net/g/referrals/v1/flights/multicity/?mediaPartnerId=6439681&origin0=ktw&date0=2026-08-22&destination0=cta&origin1=cta&date1=2026-08-24&destination1=krk&adultsv2=1&market=PL&locale=pl-PL&currency=PLN
Kraków,Oslo,Norwegia,Wrocław,2026-08-26,2026-08-30,4,211.49,325.21,536.7,KRK,OSLO,WRO,https://skyscanner.net/g/referrals/v1/flights/multicity/?mediaPartnerId=6439681&origin0=krk&date0=2026-08-26&destination0=oslo&origin1=oslo&date1=2026-08-30&destination1=wro&adultsv2=1&market=PL&locale=pl-PL&currency=PLN
Kraków,Oslo,Norwegia,Kraków,2026-08-28,2026-08-30,2,86.32,450.61,536.9300000000001,KRK,OSLO,KRK,https://www.skyscanner.net/g/referrals/v1/flights/day-view/?origin=krk&destination=oslo&outboundDate=2026-08-28&inboundDate=2026-08-30&market=PL&locale=pl-PL&currency=PLN&mediaPartnerId=6439681
Warszawa,Mediolan,Włochy,Wrocław,2026-08-28,2026-08-30,2,302.21,235.27,537.48,WARS,MILA,WRO,https://skyscanner.net/g/referrals/v1/flights/multicity/?mediaPartnerId=6439681&origin0=wars&date0=2026-08-28&destination0=mila&origin1=mila&date1=2026-08-30&destination1=wro&adultsv2=1&market=PL&locale=pl-PL&currency=PLN
Warszawa,Mediolan,Włochy,Kraków,2026-08-29,2026-08-31,2,299.0,238.75,537.75,WARS,MILA,KRK,https://skyscanner.net/g/referrals/v1/flights/multicity/?mediaPartnerId=6439681&origin0=wars&date0=2026-08-29&destination0=mila&origin1=mila&date1=2026-08-31&destination1=krk&adultsv2=1&market=PL&locale=pl-PL&currency=PLN
Warszawa,Mediolan,Włochy,Kraków,2026-08-29,2026-08-31,2,299.0,238.75,537.75,WARS,MILA,KRK,https://skyscanner.net/g/referrals/v1/flights/multicity/?mediaPartnerId=6439681&origin0=wars&date0=2026-08-29&destination0=mila&origin1=mila&date1=2026-08-31&destination1=krk&adultsv2=1&market=PL&locale=pl-PL&currency=PLN
Poznań,Wenecja,Włochy,Kraków,2026-08-24,2026-08-26,2,437.17,101.26,538.4300000000001,POZ,TSF,KRK,https://skyscanner.net/g/referrals/v1/flights/multicity/?mediaPartnerId=6439681&origin0=poz&date0=2026-08-24&destination0=tsf&origin1=tsf&date1=2026-08-26&destination1=krk&adultsv2=1&market=PL&locale=pl-PL&currency=PLN
Kraków,Mediolan,Włochy,Kraków,2026-08-25,2026-08-28,3,439.61,98.93,538.54,KRK,MILA,KRK,https://www.skyscanner.net/g/referrals/v1/flights/day-view/?origin=krk&destination=mila&outboundDate=2026-08-25&inboundDate=2026-08-28&market=PL&locale=pl-PL&currency=PLN&mediaPartnerId=6439681
Kraków,Szczecin,Polska,Kraków,2026-08-24,2026-08-26,2,327.18,211.37,538.55,KRK,SZZ,KRK,https://www.skyscanner.net/g/referrals/v1/flights/day-view/?origin=krk&destination=szz&outboundDate=2026-08-24&inboundDate=2026-08-26&market=PL&locale=pl-PL&currency=PLN&mediaPartnerId=6439681
Warszawa,Mediolan,Włochy,Warszawa,2026-08-27,2026-08-30,3,365.93,172.65,538.58,WARS,MIL,WARS,https://www.skyscanner.net/g/referrals/v1/flights/day-view/?origin=wars&destination=mil&outboundDate=2026-08-27&inboundDate=2026-08-30&market=PL&locale=pl-PL&currency=PLN&mediaPartnerId=6439681
Warszawa,Mediolan,Włochy,Warszawa,2026-08-27,2026-08-30,3,365.93,172.65,538.58,WARS,MILA,WARS,https://www.skyscanner.net/g/referrals/v1/flights/day-view/?origin=wars&destination=mila&outboundDate=2026-08-27&inboundDate=2026-08-30&market=PL&locale=pl-PL&currency=PLN&mediaPartnerId=6439681
Lublin,Gdańsk,Polska,Kraków,2026-08-28,2026-08-31,3,283.94,254.66,538.6,LUZ,GDN,KRK,https://skyscanner.net/g/referrals/v1/flights/multicity/?mediaPartnerId=6439681&origin0=luz&date0=2026-08-28&destination0=gdn&origin1=gdn&date1=2026-08-31&destination1=krk&adultsv2=1&market=PL&locale=pl-PL&currency=PLN
Warszawa,Rzym,Włochy,Kraków,2026-08-28,2026-08-31,3,296.34,242.31,538.65,WARS,ROME,KRK,https://skyscanner.net/g/referrals/v1/flights/multicity/?mediaPartnerId=6439681&origin0=wars&date0=2026-08-28&destination0=rome&origin1=rome&date1=2026-08-31&destination1=krk&adultsv2=1&market=PL&locale=pl-PL&currency=PLN
Poznań,Mediolan,Włochy,Warszawa,2026-08-27,2026-08-29,2,332.37,206.85,539.22,POZ,MILA,WARS,https://skyscanner.net/g/referrals/v1/flights/multicity/?mediaPartnerId=6439681&origin0=poz&date0=2026-08-27&destination0=mila&origin1=mila&date1=2026-08-29&destination1=wars&adultsv2=1&market=PL&locale=pl-PL&currency=PLN
Poznań,Pula,Chorwacja,Poznań,2026-08-26,2026-08-28,2,172.64,366.91,539.55,POZ,PUY,POZ,https://www.skyscanner.net/g/referrals/v1/flights/day-view/?origin=poz&destination=puy&outboundDate=2026-08-26&inboundDate=2026-08-28&market=PL&locale=pl-PL&currency=PLN&mediaPartnerId=6439681
Wrocław,Sofia,Bułagria,Kraków,2026-08-25,2026-08-31,6,194.23,345.35,539.58,WRO,SOF,KRK,https://skyscanner.net/g/referrals/v1/flights/multicity/?mediaPartnerId=6439681&origin0=wro&date0=2026-08-25&destination0=sof&origin1=sof&date1=2026-08-31&destination1=krk&adultsv2=1&market=PL&locale=pl-PL&currency=PLN
Poznań,Mediolan,Włochy,Kraków,2026-08-29,2026-08-31,2,254.67,284.91,539.58,POZ,MIL,KRK,https://skyscanner.net/g/referrals/v1/flights/multicity/?mediaPartnerId=6439681&origin0=poz&date0=2026-08-29&destination0=mil&origin1=mil&date1=2026-08-31&destination1=krk&adultsv2=1&market=PL&locale=pl-PL&currency=PLN
Gdańsk,Praga,Czechy,Poznań,2026-08-24,2026-08-28,4,468.29,71.5,539.79,GDN,PRG,POZ,https://skyscanner.net/g/referrals/v1/flights/multicity/?mediaPartnerId=6439681&origin0=gdn&date0=2026-08-24&destination0=prg&origin1=prg&date1=2026-08-28&destination1=poz&adultsv2=1&market=PL&locale=pl-PL&currency=PLN
Warszawa,Katania,Włochy,Kraków,2026-08-27,2026-08-31,4,275.92,264.0,539.9200000000001,WARS,CTA,KRK,https://skyscanner.net/g/referrals/v1/flights/multicity/?mediaPartnerId=6439681&origin0=wars&date0=2026-08-27&destination0=cta&origin1=cta&date1=2026-08-31&destination1=krk&adultsv2=1&market=PL&locale=pl-PL&currency=PLN
Warszawa,Mediolan,Włochy,Kraków,2026-08-27,2026-08-31,4,365.93,174.31,540.24,WARS,MILA,KRK,https://skyscanner.net/g/referrals/v1/flights/multicity/?mediaPartnerId=6439681&origin0=wars&date0=2026-08-27&destination0=mila&origin1=mila&date1=2026-08-31&destination1=krk&adultsv2=1&market=PL&locale=pl-PL&currency=PLN
Warszawa,Katania,Włochy,Wrocław,2026-08-29,2026-08-31,2,299.0,241.73,540.73,WARS,CTA,WRO,https://skyscanner.net/g/referrals/v1/flights/multicity/?mediaPartnerId=6439681&origin0=wars&date0=2026-08-29&destination0=cta&origin1=cta&date1=2026-08-31&destination1=wro&adultsv2=1&market=PL&locale=pl-PL&currency=PLN
Wrocław,Charleroi,Belgia,Katowice,2026-08-28,2026-08-30,2,461.89,79.0,540.89,WRO,CRL,KTW,https://skyscanner.net/g/referrals/v1/flights/multicity/?mediaPartnerId=6439681&origin0=wro&date0=2026-08-28&destination0=crl&origin1=crl&date1=2026-08-30&destination1=ktw&adultsv2=1&market=PL&locale=pl-PL&currency=PLN
Warszawa,Mediolan,Włochy,Kraków,2026-08-28,2026-08-31,3,302.21,238.75,540.96,WARS,MILA,KRK,https://skyscanner.net/g/referrals/v1/flights/multicity/?mediaPartnerId=6439681&origin0=wars&date0=2026-08-28&destination0=mila&origin1=mila&date1=2026-08-31&destination1=krk&adultsv2=1&market=PL&locale=pl-PL&currency=PLN
Katowice,Oslo,Norwegia,Wrocław,2026-08-26,2026-08-30,4,216.01,325.21,541.22,KTW,OSLO,WRO,https://skyscanner.net/g/referrals/v1/flights/multicity/?mediaPartnerId=6439681&origin0=ktw&date0=2026-08-26&destination0=oslo&origin1=oslo&date1=2026-08-30&destination1=wro&adultsv2=1&market=PL&locale=pl-PL&currency=PLN
Warszawa,Rzym,Włochy,Kraków,2026-08-29,2026-08-31,2,299.0,242.31,541.31,WARS,ROME,KRK,https://skyscanner.net/g/referrals/v1/flights/multicity/?mediaPartnerId=6439681&origin0=wars&date0=2026-08-29&destination0=rome&origin1=rome&date1=2026-08-31&destination1=krk&adultsv2=1&market=PL&locale=pl-PL&currency=PLN
Warszawa,Rzym,Włochy,Kraków,2026-08-29,2026-08-31,2,299.0,242.31,541.31,WARS,ROME,KRK,https://skyscanner.net/g/referrals/v1/flights/multicity/?mediaPartnerId=6439681&origin0=wars&date0=2026-08-29&destination0=rome&origin1=rome&date1=2026-08-31&destination1=krk&adultsv2=1&market=PL&locale=pl-PL&currency=PLN
Poznań,Oslo,Norwegia,Gdańsk,2026-08-27,2026-08-30,3,379.86,161.81,541.6700000000001,POZ,OSLO,GDN,https://skyscanner.net/g/referrals/v1/flights/multicity/?mediaPartnerId=6439681&origin0=poz&date0=2026-08-27&destination0=oslo&origin1=oslo&date1=2026-08-30&destination1=gdn&adultsv2=1&market=PL&locale=pl-PL&currency=PLN
Kraków,Mediolan,Włochy,Wrocław,2026-08-28,2026-08-30,2,306.47,235.27,541.74,KRK,MILA,WRO,https://skyscanner.net/g/referrals/v1/flights/multicity/?mediaPartnerId=6439681&origin0=krk&date0=2026-08-28&destination0=mila&origin1=mila&date1=2026-08-30&destination1=wro&adultsv2=1&market=PL&locale=pl-PL&currency=PLN
Wrocław,Podgorica,Czarnogóra,Kraków,2026-08-29,2026-08-31,2,104.0,438.15,542.15,WRO,TGD,KRK,https://skyscanner.net/g/referrals/v1/flights/multicity/?mediaPartnerId=6439681&origin0=wro&date0=2026-08-29&destination0=tgd&origin1=tgd&date1=2026-08-31&destination1=krk&adultsv2=1&market=PL&locale=pl-PL&currency=PLN
Warszawa,Mediolan,Włochy,Katowice,2026-08-25,2026-08-27,2,460.39,81.86,542.25,WARS,MILA,KTW,https://skyscanner.net/g/referrals/v1/flights/multicity/?mediaPartnerId=6439681&origin0=wars&date0=2026-08-25&destination0=mila&origin1=mila&date1=2026-08-27&destination1=ktw&adultsv2=1&market=PL&locale=pl-PL&currency=PLN
Poznań,Oslo,Norwegia,Warszawa,2026-08-25,2026-08-31,6,246.03,296.32,542.35,POZ,OSLO,WARS,https://skyscanner.net/g/referrals/v1/flights/multicity/?mediaPartnerId=6439681&origin0=poz&date0=2026-08-25&destination0=oslo&origin1=oslo&date1=2026-08-31&destination1=wars&adultsv2=1&market=PL&locale=pl-PL&currency=PLN
Warszawa,Mediolan,Włochy,Gdańsk,2026-08-29,2026-08-31,2,299.0,244.25,543.25,WARS,MILA,GDN,https://skyscanner.net/g/referrals/v1/flights/multicity/?mediaPartnerId=6439681&origin0=wars&date0=2026-08-29&destination0=mila&origin1=mila&date1=2026-08-31&destination1=gdn&adultsv2=1&market=PL&locale=pl-PL&currency=PLN
Warszawa,Mediolan,Włochy,Gdańsk,2026-08-29,2026-08-31,2,299.0,244.25,543.25,WARS,MILA,GDN,https://skyscanner.net/g/referrals/v1/flights/multicity/?mediaPartnerId=6439681&origin0=wars&date0=2026-08-29&destination0=mila&origin1=mila&date1=2026-08-31&destination1=gdn&adultsv2=1&market=PL&locale=pl-PL&currency=PLN
Warszawa,Wiedeń,Austria,Warszawa,2026-08-23,2026-08-29,6,336.69,207.18,543.87,WARS,VIE,WARS,https://www.skyscanner.net/g/referrals/v1/flights/day-view/?origin=wars&destination=vie&outboundDate=2026-08-23&inboundDate=2026-08-29&market=PL&locale=pl-PL&currency=PLN&mediaPartnerId=6439681
Wrocław,Bolonia,Włochy,Warszawa,2026-08-25,2026-08-29,4,284.89,259.0,543.89,WRO,BLQ,WARS,https://skyscanner.net/g/referrals/v1/flights/multicity/?mediaPartnerId=6439681&origin0=wro&date0=2026-08-25&destination0=blq&origin1=blq&date1=2026-08-29&destination1=wars&adultsv2=1&market=PL&locale=pl-PL&currency=PLN
Poznań,Mediolan,Włochy,Kraków,2026-08-28,2026-08-30,2,258.98,284.91,543.8900000000001,POZ,MIL,KRK,https://skyscanner.net/g/referrals/v1/flights/multicity/?mediaPartnerId=6439681&origin0=poz&date0=2026-08-28&destination0=mil&origin1=mil&date1=2026-08-30&destination1=krk&adultsv2=1&market=PL&locale=pl-PL&currency=PLN
Poznań,Mediolan,Włochy,Kraków,2026-08-28,2026-08-30,2,258.98,284.91,543.8900000000001,POZ,MILA,KRK,https://skyscanner.net/g/referrals/v1/flights/multicity/?mediaPartnerId=6439681&origin0=poz&date0=2026-08-28&destination0=mila&origin1=mila&date1=2026-08-30&destination1=krk&adultsv2=1&market=PL&locale=pl-PL&currency=PLN
Poznań,Mediolan,Włochy,Kraków,2026-08-28,2026-08-31,3,258.98,284.91,543.8900000000001,POZ,MIL,KRK,https://skyscanner.net/g/referrals/v1/flights/multicity/?mediaPartnerId=6439681&origin0=poz&date0=2026-08-28&destination0=mil&origin1=mil&date1=2026-08-31&destination1=krk&adultsv2=1&market=PL&locale=pl-PL&currency=PLN
Kraków,Wenecja,Włochy,Gdańsk,2026-08-29,2026-08-31,2,229.0,315.11,544.11,KRK,TSF,GDN,https://skyscanner.net/g/referrals/v1/flights/multicity/?mediaPartnerId=6439681&origin0=krk&date0=2026-08-29&destination0=tsf&origin1=tsf&date1=2026-08-31&destination1=gdn&adultsv2=1&market=PL&locale=pl-PL&currency=PLN
Kraków,Wenecja,Włochy,Gdańsk,2026-08-29,2026-08-31,2,229.0,315.11,544.11,KRK,TSF,GDN,https://skyscanner.net/g/referrals/v1/flights/multicity/?mediaPartnerId=6439681&origin0=krk&date0=2026-08-29&destination0=tsf&origin1=tsf&date1=2026-08-31&destination1=gdn&adultsv2=1&market=PL&locale=pl-PL&currency=PLN
Gdańsk,Praga,Czechy,Poznań,2026-08-24,2026-08-27,3,468.29,76.25,544.54,GDN,PRG,POZ,https://skyscanner.net/g/referrals/v1/flights/multicity/?mediaPartnerId=6439681&origin0=gdn&date0=2026-08-24&destination0=prg&origin1=prg&date1=2026-08-27&destination1=poz&adultsv2=1&market=PL&locale=pl-PL&currency=PLN
Warszawa,Wiedeń,Austria,Warszawa,2026-08-29,2026-08-31,2,264.16,280.57,544.73,WARS,VIE,WARS,https://www.skyscanner.net/g/referrals/v1/flights/day-view/?origin=wars&destination=vie&outboundDate=2026-08-29&inboundDate=2026-08-31&market=PL&locale=pl-PL&currency=PLN&mediaPartnerId=6439681
Kraków,Mediolan,Włochy,Kraków,2026-08-28,2026-08-31,3,306.47,238.75,545.22,KRK,MILA,KRK,https://www.skyscanner.net/g/referrals/v1/flights/day-view/?origin=krk&destination=mila&outboundDate=2026-08-28&inboundDate=2026-08-31&market=PL&locale=pl-PL&currency=PLN&mediaPartnerId=6439681
Poznań,Mediolan,Włochy,Warszawa,2026-08-27,2026-08-29,2,332.37,213.21,545.58,POZ,MILA,WARS,https://skyscanner.net/g/referrals/v1/flights/multicity/?mediaPartnerId=6439681&origin0=poz&date0=2026-08-27&destination0=mila&origin1=mila&date1=2026-08-29&destination1=wars&adultsv2=1&market=PL&locale=pl-PL&currency=PLN
Poznań,Oslo,Norwegia,Poznań,2026-08-22,2026-08-29,7,393.08,152.62,545.7,POZ,OSLO,POZ,https://www.skyscanner.net/g/referrals/v1/flights/day-view/?origin=poz&destination=oslo&outboundDate=2026-08-22&inboundDate=2026-08-29&market=PL&locale=pl-PL&currency=PLN&mediaPartnerId=6439681
Kraków,Mediolan,Włochy,Warszawa,2026-08-25,2026-08-27,2,439.61,106.31,545.9200000000001,KRK,MILA,WARS,https://skyscanner.net/g/referrals/v1/flights/multicity/?mediaPartnerId=6439681&origin0=krk&date0=2026-08-25&destination0=mila&origin1=mila&date1=2026-08-27&destination1=wars&adultsv2=1&market=PL&locale=pl-PL&currency=PLN
Wrocław,Zadar,Chorwacja,Warszawa,2026-08-25,2026-08-27,2,104.0,441.93,545.9300000000001,WRO,ZAD,WARS,https://skyscanner.net/g/referrals/v1/flights/multicity/?mediaPartnerId=6439681&origin0=wro&date0=2026-08-25&destination0=zad&origin1=zad&date1=2026-08-27&destination1=wars&adultsv2=1&market=PL&locale=pl-PL&currency=PLN
Kraków,Mediolan,Włochy,Warszawa,2026-08-25,2026-08-31,6,439.61,106.56,546.1700000000001,KRK,MILA,WARS,https://skyscanner.net/g/referrals/v1/flights/multicity/?mediaPartnerId=6439681&origin0=krk&date0=2026-08-25&destination0=mila&origin1=mila&date1=2026-08-31&destination1=wars&adultsv2=1&market=PL&locale=pl-PL&currency=PLN
Warszawa,Mediolan,Włochy,Gdańsk,2026-08-28,2026-08-31,3,302.21,244.25,546.46,WARS,MILA,GDN,https://skyscanner.net/g/referrals/v1/flights/multicity/?mediaPartnerId=6439681&origin0=wars&date0=2026-08-28&destination0=mila&origin1=mila&date1=2026-08-31&destination1=gdn&adultsv2=1&market=PL&locale=pl-PL&currency=PLN
Katowice,Katania,Włochy,Kraków,2026-08-25,2026-08-31,6,283.04,264.0,547.04,KTW,CTA,KRK,https://skyscanner.net/g/referrals/v1/flights/multicity/?mediaPartnerId=6439681&origin0=ktw&date0=2026-08-25&destination0=cta&origin1=cta&date1=2026-08-31&destination1=krk&adultsv2=1&market=PL&locale=pl-PL&currency=PLN
Gdańsk,Praga,Czechy,Kraków,2026-08-26,2026-08-29,3,361.62,185.59,547.21,GDN,PRG,KRK,https://skyscanner.net/g/referrals/v1/flights/multicity/?mediaPartnerId=6439681&origin0=gdn&date0=2026-08-26&destination0=prg&origin1=prg&date1=2026-08-29&destination1=krk&adultsv2=1&market=PL&locale=pl-PL&currency=PLN
Warszawa,Mediolan,Włochy,Warszawa,2026-08-28,2026-08-30,2,302.21,245.26,547.47,WARS,MILA,WARS,https://www.skyscanner.net/g/referrals/v1/flights/day-view/?origin=wars&destination=mila&outboundDate=2026-08-28&inboundDate=2026-08-30&market=PL&locale=pl-PL&currency=PLN&mediaPartnerId=6439681
Gdańsk,Praga,Czechy,Gdańsk,2026-08-25,2026-08-29,4,406.11,141.53,547.64,GDN,PRG,GDN,https://www.skyscanner.net/g/referrals/v1/flights/day-view/?origin=gdn&destination=prg&outboundDate=2026-08-25&inboundDate=2026-08-29&market=PL&locale=pl-PL&currency=PLN&mediaPartnerId=6439681
Kraków,Budapeszt,Węgry,Gdańsk,2026-08-27,2026-08-31,4,403.31,144.38,547.69,KRK,BUD,GDN,https://skyscanner.net/g/referrals/v1/flights/multicity/?mediaPartnerId=6439681&origin0=krk&date0=2026-08-27&destination0=bud&origin1=bud&date1=2026-08-31&destination1=gdn&adultsv2=1&market=PL&locale=pl-PL&currency=PLN
Katowice,Mediolan,Włochy,Gdańsk,2026-08-28,2026-08-31,3,349.54,198.56,548.1,KTW,MILA,GDN,https://skyscanner.net/g/referrals/v1/flights/multicity/?mediaPartnerId=6439681&origin0=ktw&date0=2026-08-28&destination0=mila&origin1=mila&date1=2026-08-31&destination1=gdn&adultsv2=1&market=PL&locale=pl-PL&currency=PLN
Katowice,Mediolan,Włochy,Gdańsk,2026-08-25,2026-08-31,6,349.54,198.56,548.1,KTW,MIL,GDN,https://skyscanner.net/g/referrals/v1/flights/multicity/?mediaPartnerId=6439681&origin0=ktw&date0=2026-08-25&destination0=mil&origin1=mil&date1=2026-08-31&destination1=gdn&adultsv2=1&market=PL&locale=pl-PL&currency=PLN
Katowice,Mediolan,Włochy,Gdańsk,2026-08-27,2026-08-31,4,349.54,198.56,548.1,KTW,MILA,GDN,https://skyscanner.net/g/referrals/v1/flights/multicity/?mediaPartnerId=6439681&origin0=ktw&date0=2026-08-27&destination0=mila&origin1=mila&date1=2026-08-31&destination1=gdn&adultsv2=1&market=PL&locale=pl-PL&currency=PLN
Katowice,Mediolan,Włochy,Gdańsk,2026-08-28,2026-08-31,3,349.54,198.56,548.1,KTW,MIL,GDN,https://skyscanner.net/g/referrals/v1/flights/multicity/?mediaPartnerId=6439681&origin0=ktw&date0=2026-08-28&destination0=mil&origin1=mil&date1=2026-08-31&destination1=gdn&adultsv2=1&market=PL&locale=pl-PL&currency=PLN
Katowice,Mediolan,Włochy,Gdańsk,2026-08-25,2026-08-31,6,349.54,198.56,548.1,KTW,MILA,GDN,https://skyscanner.net/g/referrals/v1/flights/multicity/?mediaPartnerId=6439681&origin0=ktw&date0=2026-08-25&destination0=mila&origin1=mila&date1=2026-08-31&destination1=gdn&adultsv2=1&market=PL&locale=pl-PL&currency=PLN
Katowice,Mediolan,Włochy,Gdańsk,2026-08-27,2026-08-31,4,349.54,198.56,548.1,KTW,MIL,GDN,https://skyscanner.net/g/referrals/v1/flights/multicity/?mediaPartnerId=6439681&origin0=ktw&date0=2026-08-27&destination0=mil&origin1=mil&date1=2026-08-31&destination1=gdn&adultsv2=1&market=PL&locale=pl-PL&currency=PLN
Kraków,Wiedeń,Austria,Kraków,2026-08-26,2026-08-30,4,250.35,297.84,548.1899999999999,KRK,VIE,KRK,https://www.skyscanner.net/g/referrals/v1/flights/day-view/?origin=krk&destination=vie&outboundDate=2026-08-26&inboundDate=2026-08-30&market=PL&locale=pl-PL&currency=PLN&mediaPartnerId=6439681
Katowice,Katania,Włochy,Warszawa,2026-08-24,2026-08-27,3,353.96,194.4,548.36,KTW,CTA,WARS,https://skyscanner.net/g/referrals/v1/flights/multicity/?mediaPartnerId=6439681&origin0=ktw&date0=2026-08-24&destination0=cta&origin1=cta&date1=2026-08-27&destination1=wars&adultsv2=1&market=PL&locale=pl-PL&currency=PLN
Poznań,Wenecja,Włochy,Poznań,2026-08-24,2026-08-27,3,437.17,111.31,548.48,POZ,TSF,POZ,https://www.skyscanner.net/g/referrals/v1/flights/day-view/?origin=poz&destination=tsf&outboundDate=2026-08-24&inboundDate=2026-08-27&market=PL&locale=pl-PL&currency=PLN&mediaPartnerId=6439681
Katowice,Katania,Włochy,Katowice,2026-08-24,2026-08-27,3,353.96,195.96,549.92,KTW,CTA,KTW,https://www.skyscanner.net/g/referrals/v1/flights/day-view/?origin=ktw&destination=cta&outboundDate=2026-08-24&inboundDate=2026-08-27&market=PL&locale=pl-PL&currency=PLN&mediaPartnerId=6439681
Warszawa,Lamezia,Włochy,Katowice,2026-08-24,2026-08-27,3,242.37,307.57,549.94,WARS,SUF,KTW,https://skyscanner.net/g/referrals/v1/flights/multicity/?mediaPartnerId=6439681&origin0=wars&date0=2026-08-24&destination0=suf&origin1=suf&date1=2026-08-27&destination1=ktw&adultsv2=1&market=PL&locale=pl-PL&currency=PLN
Warszawa,Mediolan,Włochy,Kraków,2026-08-29,2026-08-31,2,376.21,174.31,550.52,WARS,MILA,KRK,https://skyscanner.net/g/referrals/v1/flights/multicity/?mediaPartnerId=6439681&origin0=wars&date0=2026-08-29&destination0=mila&origin1=mila&date1=2026-08-31&destination1=krk&adultsv2=1&market=PL&locale=pl-PL&currency=PLN
Kraków,Mediolan,Włochy,Gdańsk,2026-08-28,2026-08-31,3,306.47,244.25,550.72,KRK,MILA,GDN,https://skyscanner.net/g/referrals/v1/flights/multicity/?mediaPartnerId=6439681&origin0=krk&date0=2026-08-28&destination0=mila&origin1=mila&date1=2026-08-31&destination1=gdn&adultsv2=1&market=PL&locale=pl-PL&currency=PLN
Katowice,Katania,Włochy,Kraków,2026-08-28,2026-08-31,3,287.35,264.0,551.35,KTW,CTA,KRK,https://skyscanner.net/g/referrals/v1/flights/multicity/?mediaPartnerId=6439681&origin0=ktw&date0=2026-08-28&destination0=cta&origin1=cta&date1=2026-08-31&destination1=krk&adultsv2=1&market=PL&locale=pl-PL&currency=PLN
Gdańsk,Hamburg,Niemcy,Gdańsk,2026-08-26,2026-08-31,5,470.37,81.0,551.37,GDN,HAM,GDN,https://www.skyscanner.net/g/referrals/v1/flights/day-view/?origin=gdn&destination=ham&outboundDate=2026-08-26&inboundDate=2026-08-31&market=PL&locale=pl-PL&currency=PLN&mediaPartnerId=6439681
Kraków,Perugia,Włochy,Kraków,2026-08-28,2026-08-31,3,201.85,349.64,551.49,KRK,PEG,KRK,https://www.skyscanner.net/g/referrals/v1/flights/day-view/?origin=krk&destination=peg&outboundDate=2026-08-28&inboundDate=2026-08-31&market=PL&locale=pl-PL&currency=PLN&mediaPartnerId=6439681
Kraków,Mediolan,Włochy,Warszawa,2026-08-28,2026-08-30,2,306.47,245.26,551.73,KRK,MILA,WARS,https://skyscanner.net/g/referrals/v1/flights/multicity/?mediaPartnerId=6439681&origin0=krk&date0=2026-08-28&destination0=mila&origin1=mila&date1=2026-08-30&destination1=wars&adultsv2=1&market=PL&locale=pl-PL&currency=PLN
Wrocław,Charleroi,Belgia,Warszawa,2026-08-28,2026-08-30,2,461.89,90.0,551.89,WRO,CRL,WARS,https://skyscanner.net/g/referrals/v1/flights/multicity/?mediaPartnerId=6439681&origin0=wro&date0=2026-08-28&destination0=crl&origin1=crl&date1=2026-08-30&destination1=wars&adultsv2=1&market=PL&locale=pl-PL&currency=PLN
Wrocław,Mediolan,Włochy,Warszawa,2026-08-27,2026-08-30,3,379.32,172.65,551.97,WRO,MILA,WARS,https://skyscanner.net/g/referrals/v1/flights/multicity/?mediaPartnerId=6439681&origin0=wro&date0=2026-08-27&destination0=mila&origin1=mila&date1=2026-08-30&destination1=wars&adultsv2=1&market=PL&locale=pl-PL&currency=PLN
Wrocław,Mediolan,Włochy,Warszawa,2026-08-27,2026-08-30,3,379.32,172.65,551.97,WRO,MIL,WARS,https://skyscanner.net/g/referrals/v1/flights/multicity/?mediaPartnerId=6439681&origin0=wro&date0=2026-08-27&destination0=mil&origin1=mil&date1=2026-08-30&destination1=wars&adultsv2=1&market=PL&locale=pl-PL&currency=PLN
Gdańsk,Kraków,Polska,Szczecin,2026-08-26,2026-08-28,2,345.33,206.71,552.04,GDN,KRK,SZZ,https://skyscanner.net/g/referrals/v1/flights/multicity/?mediaPartnerId=6439681&origin0=gdn&date0=2026-08-26&destination0=krk&origin1=krk&date1=2026-08-28&destination1=szz&adultsv2=1&market=PL&locale=pl-PL&currency=PLN
Gdańsk,Kraków,Polska,Gdańsk,2026-08-25,2026-08-30,5,241.71,310.79,552.5,GDN,KRK,GDN,https://www.skyscanner.net/g/referrals/v1/flights/day-view/?origin=gdn&destination=krk&outboundDate=2026-08-25&inboundDate=2026-08-30&market=PL&locale=pl-PL&currency=PLN&mediaPartnerId=6439681
Kraków,Oslo,Norwegia,Poznań,2026-08-27,2026-08-30,3,189.91,362.59,552.5,KRK,OSLO,POZ,https://skyscanner.net/g/referrals/v1/flights/multicity/?mediaPartnerId=6439681&origin0=krk&date0=2026-08-27&destination0=oslo&origin1=oslo&date1=2026-08-30&destination1=poz&adultsv2=1&market=PL&locale=pl-PL&currency=PLN
Warszawa,Helsinki,Finlandia,Warszawa,2026-08-25,2026-08-27,2,276.25,276.25,552.5,WARS,HEL,WARS,https://www.skyscanner.net/g/referrals/v1/flights/day-view/?origin=wars&destination=hel&outboundDate=2026-08-25&inboundDate=2026-08-27&market=PL&locale=pl-PL&currency=PLN&mediaPartnerId=6439681
Kraków,Praga,Czechy,Kraków,2026-08-26,2026-08-29,3,366.91,185.59,552.5,KRK,PRG,KRK,https://www.skyscanner.net/g/referrals/v1/flights/day-view/?origin=krk&destination=prg&outboundDate=2026-08-26&inboundDate=2026-08-29&market=PL&locale=pl-PL&currency=PLN&mediaPartnerId=6439681
Wrocław,Lamezia,Włochy,Kraków,2026-08-28,2026-08-31,3,306.47,246.4,552.87,WRO,SUF,KRK,https://skyscanner.net/g/referrals/v1/flights/multicity/?mediaPartnerId=6439681&origin0=wro&date0=2026-08-28&destination0=suf&origin1=suf&date1=2026-08-31&destination1=krk&adultsv2=1&market=PL&locale=pl-PL&currency=PLN
Kraków,Mediolan,Włochy,Warszawa,2026-08-25,2026-08-28,3,439.61,113.39,553.0,KRK,MILA,WARS,https://skyscanner.net/g/referrals/v1/flights/multicity/?mediaPartnerId=6439681&origin0=krk&date0=2026-08-25&destination0=mila&origin1=mila&date1=2026-08-28&destination1=wars&adultsv2=1&market=PL&locale=pl-PL&currency=PLN
Kraków,Oslo,Norwegia,Warszawa,2026-08-27,2026-08-29,2,189.91,363.57,553.48,KRK,OSLO,WARS,https://skyscanner.net/g/referrals/v1/flights/multicity/?mediaPartnerId=6439681&origin0=krk&date0=2026-08-27&destination0=oslo&origin1=oslo&date1=2026-08-29&destination1=wars&adultsv2=1&market=PL&locale=pl-PL&currency=PLN
Kraków,Oslo,Norwegia,Kraków,2026-08-27,2026-08-31,4,189.91,363.57,553.48,KRK,OSLO,KRK,https://www.skyscanner.net/g/referrals/v1/flights/day-view/?origin=krk&destination=oslo&outboundDate=2026-08-27&inboundDate=2026-08-31&market=PL&locale=pl-PL&currency=PLN&mediaPartnerId=6439681
Wrocław,Mediolan,Włochy,Kraków,2026-08-29,2026-08-31,2,379.32,174.31,553.63,WRO,MILA,KRK,https://skyscanner.net/g/referrals/v1/flights/multicity/?mediaPartnerId=6439681&origin0=wro&date0=2026-08-29&destination0=mila&origin1=mila&date1=2026-08-31&destination1=krk&adultsv2=1&market=PL&locale=pl-PL&currency=PLN
Wrocław,Mediolan,Włochy,Kraków,2026-08-27,2026-08-31,4,379.32,174.31,553.63,WRO,MILA,KRK,https://skyscanner.net/g/referrals/v1/flights/multicity/?mediaPartnerId=6439681&origin0=wro&date0=2026-08-27&destination0=mila&origin1=mila&date1=2026-08-31&destination1=krk&adultsv2=1&market=PL&locale=pl-PL&currency=PLN
Katowice,Zadar,Chorwacja,Poznań,2026-08-27,2026-08-29,2,79.0,474.83,553.8299999999999,KTW,ZAD,POZ,https://skyscanner.net/g/referrals/v1/flights/multicity/?mediaPartnerId=6439681&origin0=ktw&date0=2026-08-27&destination0=zad&origin1=zad&date1=2026-08-29&destination1=poz&adultsv2=1&market=PL&locale=pl-PL&currency=PLN
Katowice,Zadar,Chorwacja,Poznań,2026-08-25,2026-08-29,4,79.0,474.83,553.8299999999999,KTW,ZAD,POZ,https://skyscanner.net/g/referrals/v1/flights/multicity/?mediaPartnerId=6439681&origin0=ktw&date0=2026-08-25&destination0=zad&origin1=zad&date1=2026-08-29&destination1=poz&adultsv2=1&market=PL&locale=pl-PL&currency=PLN
Kraków,Piza,Włochy,Warszawa,2026-08-28,2026-08-30,2,362.59,191.31,553.9,KRK,PSA,WARS,https://skyscanner.net/g/referrals/v1/flights/multicity/?mediaPartnerId=6439681&origin0=krk&date0=2026-08-28&destination0=psa&origin1=psa&date1=2026-08-30&destination1=wars&adultsv2=1&market=PL&locale=pl-PL&currency=PLN
Warszawa,Mediolan,Włochy,Kraków,2026-08-26,2026-08-28,2,455.6,98.93,554.53,WARS,MILA,KRK,https://skyscanner.net/g/referrals/v1/flights/multicity/?mediaPartnerId=6439681&origin0=wars&date0=2026-08-26&destination0=mila&origin1=mila&date1=2026-08-28&destination1=krk&adultsv2=1&market=PL&locale=pl-PL&currency=PLN
Warszawa,Mediolan,Włochy,Kraków,2026-08-25,2026-08-27,2,460.39,95.0,555.39,WARS,MILA,KRK,https://skyscanner.net/g/referrals/v1/flights/multicity/?mediaPartnerId=6439681&origin0=wars&date0=2026-08-25&destination0=mila&origin1=mila&date1=2026-08-27&destination1=krk&adultsv2=1&market=PL&locale=pl-PL&currency=PLN
Poznań,Oslo,Norwegia,Gdańsk,2026-08-22,2026-08-24,2,393.08,162.81,555.89,POZ,OSLO,GDN,https://skyscanner.net/g/referrals/v1/flights/multicity/?mediaPartnerId=6439681&origin0=poz&date0=2026-08-22&destination0=oslo&origin1=oslo&date1=2026-08-24&destination1=gdn&adultsv2=1&market=PL&locale=pl-PL&currency=PLN
Kraków,Rzym,Włochy,Kraków,2026-08-29,2026-08-31,2,313.87,242.31,556.1800000000001,KRK,ROME,KRK,https://www.skyscanner.net/g/referrals/v1/flights/day-view/?origin=krk&destination=rome&outboundDate=2026-08-29&inboundDate=2026-08-31&market=PL&locale=pl-PL&currency=PLN&mediaPartnerId=6439681
Poznań,Wenecja,Włochy,Kraków,2026-08-27,2026-08-29,2,407.29,149.0,556.29,POZ,TSF,KRK,https://skyscanner.net/g/referrals/v1/flights/multicity/?mediaPartnerId=6439681&origin0=poz&date0=2026-08-27&destination0=tsf&origin1=tsf&date1=2026-08-29&destination1=krk&adultsv2=1&market=PL&locale=pl-PL&currency=PLN
Gdańsk,Kraków,Polska,Szczecin,2026-08-24,2026-08-28,4,349.64,206.71,556.35,GDN,KRK,SZZ,https://skyscanner.net/g/referrals/v1/flights/multicity/?mediaPartnerId=6439681&origin0=gdn&date0=2026-08-24&destination0=krk&origin1=krk&date1=2026-08-28&destination1=szz&adultsv2=1&market=PL&locale=pl-PL&currency=PLN
Katowice,Mediolan,Włochy,Warszawa,2026-08-27,2026-08-29,2,349.54,206.85,556.39,KTW,MILA,WARS,https://skyscanner.net/g/referrals/v1/flights/multicity/?mediaPartnerId=6439681&origin0=ktw&date0=2026-08-27&destination0=mila&origin1=mila&date1=2026-08-29&destination1=wars&adultsv2=1&market=PL&locale=pl-PL&currency=PLN
Katowice,Mediolan,Włochy,Warszawa,2026-08-25,2026-08-29,4,349.54,206.85,556.39,KTW,MILA,WARS,https://skyscanner.net/g/referrals/v1/flights/multicity/?mediaPartnerId=6439681&origin0=ktw&date0=2026-08-25&destination0=mila&origin1=mila&date1=2026-08-29&destination1=wars&adultsv2=1&market=PL&locale=pl-PL&currency=PLN
Warszawa,Sztokholm,Szwecja,Gdańsk,2026-08-25,2026-08-27,2,461.81,94.93,556.74,WARS,ARN,GDN,https://skyscanner.net/g/referrals/v1/flights/multicity/?mediaPartnerId=6439681&origin0=wars&date0=2026-08-25&destination0=arn&origin1=arn&date1=2026-08-27&destination1=gdn&adultsv2=1&market=PL&locale=pl-PL&currency=PLN
Wrocław,Bolonia,Włochy,Wrocław,2026-08-25,2026-08-29,4,284.89,271.93,556.8199999999999,WRO,BLQ,WRO,https://www.skyscanner.net/g/referrals/v1/flights/day-view/?origin=wro&destination=blq&outboundDate=2026-08-25&inboundDate=2026-08-29&market=PL&locale=pl-PL&currency=PLN&mediaPartnerId=6439681
Kraków,Praga,Czechy,Kraków,2026-08-25,2026-08-29,4,371.23,185.59,556.82,KRK,PRG,KRK,https://www.skyscanner.net/g/referrals/v1/flights/day-view/?origin=krk&destination=prg&outboundDate=2026-08-25&inboundDate=2026-08-29&market=PL&locale=pl-PL&currency=PLN&mediaPartnerId=6439681
Kraków,Katania,Włochy,Katowice,2026-08-27,2026-08-29,2,177.4,380.26,557.66,KRK,CTA,KTW,https://skyscanner.net/g/referrals/v1/flights/multicity/?mediaPartnerId=6439681&origin0=krk&date0=2026-08-27&destination0=cta&origin1=cta&date1=2026-08-29&destination1=ktw&adultsv2=1&market=PL&locale=pl-PL&currency=PLN
Katowice,Katania,Włochy,Warszawa,2026-08-22,2026-08-27,5,363.38,194.4,557.78,KTW,CTA,WARS,https://skyscanner.net/g/referrals/v1/flights/multicity/?mediaPartnerId=6439681&origin0=ktw&date0=2026-08-22&destination0=cta&origin1=cta&date1=2026-08-27&destination1=wars&adultsv2=1&market=PL&locale=pl-PL&currency=PLN
Szczecin,Kraków,Polska,Szczecin,2026-08-26,2026-08-31,5,211.37,346.57,557.94,SZZ,KRK,SZZ,https://www.skyscanner.net/g/referrals/v1/flights/day-view/?origin=szz&destination=krk&outboundDate=2026-08-26&inboundDate=2026-08-31&market=PL&locale=pl-PL&currency=PLN&mediaPartnerId=6439681
Warszawa,Mediolan,Włochy,Warszawa,2026-08-29,2026-08-31,2,299.0,259.0,558.0,WARS,MILA,WARS,https://www.skyscanner.net/g/referrals/v1/flights/day-view/?origin=wars&destination=mila&outboundDate=2026-08-29&inboundDate=2026-08-31&market=PL&locale=pl-PL&currency=PLN&mediaPartnerId=6439681
Warszawa,Mediolan,Włochy,Warszawa,2026-08-29,2026-08-31,2,299.0,259.0,558.0,WARS,MILA,WARS,https://www.skyscanner.net/g/referrals/v1/flights/day-view/?origin=wars&destination=mila&outboundDate=2026-08-29&inboundDate=2026-08-31&market=PL&locale=pl-PL&currency=PLN&mediaPartnerId=6439681
Warszawa,Mediolan,Włochy,Kraków,2026-08-29,2026-08-31,2,319.31,238.75,558.06,WARS,MILA,KRK,https://skyscanner.net/g/referrals/v1/flights/multicity/?mediaPartnerId=6439681&origin0=wars&date0=2026-08-29&destination0=mila&origin1=mila&date1=2026-08-31&destination1=krk&adultsv2=1&market=PL&locale=pl-PL&currency=PLN
Katowice,Zadar,Chorwacja,Katowice,2026-08-23,2026-08-25,2,307.13,251.0,558.13,KTW,ZAD,KTW,https://www.skyscanner.net/g/referrals/v1/flights/day-view/?origin=ktw&destination=zad&outboundDate=2026-08-23&inboundDate=2026-08-25&market=PL&locale=pl-PL&currency=PLN&mediaPartnerId=6439681
Warszawa,Sztokholm,Szwecja,Poznań,2026-08-25,2026-08-29,4,461.81,96.66,558.47,WARS,ARN,POZ,https://skyscanner.net/g/referrals/v1/flights/multicity/?mediaPartnerId=6439681&origin0=wars&date0=2026-08-25&destination0=arn&origin1=arn&date1=2026-08-29&destination1=poz&adultsv2=1&market=PL&locale=pl-PL&currency=PLN
Poznań,Wenecja,Włochy,Katowice,2026-08-27,2026-08-29,2,407.29,151.52,558.8100000000001,POZ,TSF,KTW,https://skyscanner.net/g/referrals/v1/flights/multicity/?mediaPartnerId=6439681&origin0=poz&date0=2026-08-27&destination0=tsf&origin1=tsf&date1=2026-08-29&destination1=ktw&adultsv2=1&market=PL&locale=pl-PL&currency=PLN
Warszawa,Palermo,Włochy,Kraków,2026-08-26,2026-08-31,5,114.33,444.62,558.95,WARS,PMO,KRK,https://skyscanner.net/g/referrals/v1/flights/multicity/?mediaPartnerId=6439681&origin0=wars&date0=2026-08-26&destination0=pmo&origin1=pmo&date1=2026-08-31&destination1=krk&adultsv2=1&market=PL&locale=pl-PL&currency=PLN
Warszawa,Mediolan,Włochy,Kraków,2026-08-25,2026-08-28,3,460.39,98.93,559.3199999999999,WARS,MILA,KRK,https://skyscanner.net/g/referrals/v1/flights/multicity/?mediaPartnerId=6439681&origin0=wars&date0=2026-08-25&destination0=mila&origin1=mila&date1=2026-08-28&destination1=krk&adultsv2=1&market=PL&locale=pl-PL&currency=PLN
Katowice,Katania,Włochy,Katowice,2026-08-22,2026-08-27,5,363.38,195.96,559.34,KTW,CTA,KTW,https://www.skyscanner.net/g/referrals/v1/flights/day-view/?origin=ktw&destination=cta&outboundDate=2026-08-22&inboundDate=2026-08-27&market=PL&locale=pl-PL&currency=PLN&mediaPartnerId=6439681
Kraków,Mediolan,Włochy,Kraków,2026-08-26,2026-08-28,2,461.89,98.93,560.8199999999999,KRK,MILA,KRK,https://www.skyscanner.net/g/referrals/v1/flights/day-view/?origin=krk&destination=mila&outboundDate=2026-08-26&inboundDate=2026-08-28&market=PL&locale=pl-PL&currency=PLN&mediaPartnerId=6439681
Warszawa,Katania,Włochy,Katowice,2026-08-27,2026-08-31,4,275.92,284.91,560.83,WARS,CTA,KTW,https://skyscanner.net/g/referrals/v1/flights/multicity/?mediaPartnerId=6439681&origin0=wars&date0=2026-08-27&destination0=cta&origin1=cta&date1=2026-08-31&destination1=ktw&adultsv2=1&market=PL&locale=pl-PL&currency=PLN
Wrocław,Bolonia,Włochy,Wrocław,2026-08-25,2026-08-31,6,284.89,276.25,561.14,WRO,BLQ,WRO,https://www.skyscanner.net/g/referrals/v1/flights/day-view/?origin=wro&destination=blq&outboundDate=2026-08-25&inboundDate=2026-08-31&market=PL&locale=pl-PL&currency=PLN&mediaPartnerId=6439681
Poznań,Mediolan,Włochy,Wrocław,2026-08-29,2026-08-31,2,254.67,306.47,561.14,POZ,MILA,WRO,https://skyscanner.net/g/referrals/v1/flights/multicity/?mediaPartnerId=6439681&origin0=poz&date0=2026-08-29&destination0=mila&origin1=mila&date1=2026-08-31&destination1=wro&adultsv2=1&market=PL&locale=pl-PL&currency=PLN
Katowice,Katania,Włochy,Wrocław,2026-08-27,2026-08-31,4,319.42,241.73,561.15,KTW,CTA,WRO,https://skyscanner.net/g/referrals/v1/flights/multicity/?mediaPartnerId=6439681&origin0=ktw&date0=2026-08-27&destination0=cta&origin1=cta&date1=2026-08-31&destination1=wro&adultsv2=1&market=PL&locale=pl-PL&currency=PLN
Warszawa,Mediolan,Włochy,Warszawa,2026-08-28,2026-08-31,3,302.21,259.0,561.21,WARS,MILA,WARS,https://www.skyscanner.net/g/referrals/v1/flights/day-view/?origin=wars&destination=mila&outboundDate=2026-08-28&inboundDate=2026-08-31&market=PL&locale=pl-PL&currency=PLN&mediaPartnerId=6439681
Katowice,Oslo,Norwegia,Kraków,2026-08-26,2026-08-28,2,216.01,345.32,561.3299999999999,KTW,OSLO,KRK,https://skyscanner.net/g/referrals/v1/flights/multicity/?mediaPartnerId=6439681&origin0=ktw&date0=2026-08-26&destination0=oslo&origin1=oslo&date1=2026-08-28&destination1=krk&adultsv2=1&market=PL&locale=pl-PL&currency=PLN
Wrocław,Sofia,Bułagria,Warszawa,2026-08-29,2026-08-31,2,73.22,488.51,561.73,WRO,SOF,WARS,https://skyscanner.net/g/referrals/v1/flights/multicity/?mediaPartnerId=6439681&origin0=wro&date0=2026-08-29&destination0=sof&origin1=sof&date1=2026-08-31&destination1=wars&adultsv2=1&market=PL&locale=pl-PL&currency=PLN
Warszawa,Katania,Włochy,Warszawa,2026-08-28,2026-08-31,3,217.31,344.59,561.9,WARS,CTA,WARS,https://www.skyscanner.net/g/referrals/v1/flights/day-view/?origin=wars&destination=cta&outboundDate=2026-08-28&inboundDate=2026-08-31&market=PL&locale=pl-PL&currency=PLN&mediaPartnerId=6439681
Kraków,Bolonia,Włochy,Kraków,2026-08-25,2026-08-27,2,427.35,134.59,561.94,KRK,BLQ,KRK,https://www.skyscanner.net/g/referrals/v1/flights/day-view/?origin=krk&destination=blq&outboundDate=2026-08-25&inboundDate=2026-08-27&market=PL&locale=pl-PL&currency=PLN&mediaPartnerId=6439681
Warszawa,Mediolan,Włochy,Warszawa,2026-08-26,2026-08-31,5,455.6,106.56,562.1600000000001,WARS,MILA,WARS,https://www.skyscanner.net/g/referrals/v1/flights/day-view/?origin=wars&destination=mila&outboundDate=2026-08-26&inboundDate=2026-08-31&market=PL&locale=pl-PL&currency=PLN&mediaPartnerId=6439681
Warszawa,Katania,Włochy,Katowice,2026-08-28,2026-08-30,2,217.31,345.32,562.63,WARS,CTA,KTW,https://skyscanner.net/g/referrals/v1/flights/multicity/?mediaPartnerId=6439681&origin0=wars&date0=2026-08-28&destination0=cta&origin1=cta&date1=2026-08-30&destination1=ktw&adultsv2=1&market=PL&locale=pl-PL&currency=PLN
Katowice,Mediolan,Włochy,Warszawa,2026-08-27,2026-08-29,2,349.54,213.21,562.75,KTW,MILA,WARS,https://skyscanner.net/g/referrals/v1/flights/multicity/?mediaPartnerId=6439681&origin0=ktw&date0=2026-08-27&destination0=mila&origin1=mila&date1=2026-08-29&destination1=wars&adultsv2=1&market=PL&locale=pl-PL&currency=PLN
Katowice,Mediolan,Włochy,Warszawa,2026-08-25,2026-08-29,4,349.54,213.21,562.75,KTW,MILA,WARS,https://skyscanner.net/g/referrals/v1/flights/multicity/?mediaPartnerId=6439681&origin0=ktw&date0=2026-08-25&destination0=mila&origin1=mila&date1=2026-08-29&destination1=wars&adultsv2=1&market=PL&locale=pl-PL&currency=PLN
Warszawa,Katania,Włochy,Kraków,2026-08-29,2026-08-31,2,299.0,264.0,563.0,WARS,CTA,KRK,https://skyscanner.net/g/referrals/v1/flights/multicity/?mediaPartnerId=6439681&origin0=wars&date0=2026-08-29&destination0=cta&origin1=cta&date1=2026-08-31&destination1=krk&adultsv2=1&market=PL&locale=pl-PL&currency=PLN
Warszawa,Mediolan,Włochy,Gdańsk,2026-08-29,2026-08-31,2,319.31,244.25,563.56,WARS,MILA,GDN,https://skyscanner.net/g/referrals/v1/flights/multicity/?mediaPartnerId=6439681&origin0=wars&date0=2026-08-29&destination0=mila&origin1=mila&date1=2026-08-31&destination1=gdn&adultsv2=1&market=PL&locale=pl-PL&currency=PLN
Kraków,Mediolan,Włochy,Warszawa,2026-08-29,2026-08-31,2,409.0,155.38,564.38,KRK,MILA,WARS,https://skyscanner.net/g/referrals/v1/flights/multicity/?mediaPartnerId=6439681&origin0=krk&date0=2026-08-29&destination0=mila&origin1=mila&date1=2026-08-31&destination1=wars&adultsv2=1&market=PL&locale=pl-PL&currency=PLN
Kraków,Mediolan,Włochy,Warszawa,2026-08-29,2026-08-31,2,409.0,155.38,564.38,KRK,MIL,WARS,https://skyscanner.net/g/referrals/v1/flights/multicity/?mediaPartnerId=6439681&origin0=krk&date0=2026-08-29&destination0=mil&origin1=mil&date1=2026-08-31&destination1=wars&adultsv2=1&market=PL&locale=pl-PL&currency=PLN
Warszawa,Mediolan,Włochy,Warszawa,2026-08-29,2026-08-31,2,409.0,155.38,564.38,WARS,MIL,WARS,https://www.skyscanner.net/g/referrals/v1/flights/day-view/?origin=wars&destination=mil&outboundDate=2026-08-29&inboundDate=2026-08-31&market=PL&locale=pl-PL&currency=PLN&mediaPartnerId=6439681
Warszawa,Mediolan,Włochy,Warszawa,2026-08-29,2026-08-31,2,409.0,155.38,564.38,WARS,MILA,WARS,https://www.skyscanner.net/g/referrals/v1/flights/day-view/?origin=wars&destination=mila&outboundDate=2026-08-29&inboundDate=2026-08-31&market=PL&locale=pl-PL&currency=PLN&mediaPartnerId=6439681
Kraków,Mediolan,Włochy,Warszawa,2026-08-29,2026-08-31,2,409.0,155.38,564.38,KRK,MILA,WARS,https://skyscanner.net/g/referrals/v1/flights/multicity/?mediaPartnerId=6439681&origin0=krk&date0=2026-08-29&destination0=mila&origin1=mila&date1=2026-08-31&destination1=wars&adultsv2=1&market=PL&locale=pl-PL&currency=PLN
Kraków,Mediolan,Włochy,Warszawa,2026-08-29,2026-08-31,2,409.0,155.38,564.38,KRK,MIL,WARS,https://skyscanner.net/g/referrals/v1/flights/multicity/?mediaPartnerId=6439681&origin0=krk&date0=2026-08-29&destination0=mil&origin1=mil&date1=2026-08-31&destination1=wars&adultsv2=1&market=PL&locale=pl-PL&currency=PLN
Warszawa,Mediolan,Włochy,Gdańsk,2026-08-27,2026-08-31,4,365.93,198.56,564.49,WARS,MIL,GDN,https://skyscanner.net/g/referrals/v1/flights/multicity/?mediaPartnerId=6439681&origin0=wars&date0=2026-08-27&destination0=mil&origin1=mil&date1=2026-08-31&destination1=gdn&adultsv2=1&market=PL&locale=pl-PL&currency=PLN
Warszawa,Mediolan,Włochy,Gdańsk,2026-08-27,2026-08-31,4,365.93,198.56,564.49,WARS,MILA,GDN,https://skyscanner.net/g/referrals/v1/flights/multicity/?mediaPartnerId=6439681&origin0=wars&date0=2026-08-27&destination0=mila&origin1=mila&date1=2026-08-31&destination1=gdn&adultsv2=1&market=PL&locale=pl-PL&currency=PLN
Warszawa,Helsinki,Finlandia,Warszawa,2026-08-28,2026-08-30,2,145.84,418.72,564.5600000000001,WARS,HEL,WARS,https://www.skyscanner.net/g/referrals/v1/flights/day-view/?origin=wars&destination=hel&outboundDate=2026-08-28&inboundDate=2026-08-30&market=PL&locale=pl-PL&currency=PLN&mediaPartnerId=6439681
Katowice,Zadar,Chorwacja,Wrocław,2026-08-25,2026-08-28,3,79.0,485.75,564.75,KTW,ZAD,WRO,https://skyscanner.net/g/referrals/v1/flights/multicity/?mediaPartnerId=6439681&origin0=ktw&date0=2026-08-25&destination0=zad&origin1=zad&date1=2026-08-28&destination1=wro&adultsv2=1&market=PL&locale=pl-PL&currency=PLN
Kraków,Bolonia,Włochy,Wrocław,2026-08-25,2026-08-27,2,427.35,137.86,565.21,KRK,BLQ,WRO,https://skyscanner.net/g/referrals/v1/flights/multicity/?mediaPartnerId=6439681&origin0=krk&date0=2026-08-25&destination0=blq&origin1=blq&date1=2026-08-27&destination1=wro&adultsv2=1&market=PL&locale=pl-PL&currency=PLN
Katowice,Mediolan,Włochy,Poznań,2026-08-25,2026-08-28,3,349.54,215.81,565.35,KTW,MILA,POZ,https://skyscanner.net/g/referrals/v1/flights/multicity/?mediaPartnerId=6439681&origin0=ktw&date0=2026-08-25&destination0=mila&origin1=mila&date1=2026-08-28&destination1=poz&adultsv2=1&market=PL&locale=pl-PL&currency=PLN
Poznań,Mediolan,Włochy,Wrocław,2026-08-28,2026-08-31,3,258.98,306.47,565.45,POZ,MILA,WRO,https://skyscanner.net/g/referrals/v1/flights/multicity/?mediaPartnerId=6439681&origin0=poz&date0=2026-08-28&destination0=mila&origin1=mila&date1=2026-08-31&destination1=wro&adultsv2=1&market=PL&locale=pl-PL&currency=PLN
Kraków,Mediolan,Włochy,Warszawa,2026-08-28,2026-08-31,3,306.47,259.0,565.47,KRK,MILA,WARS,https://skyscanner.net/g/referrals/v1/flights/multicity/?mediaPartnerId=6439681&origin0=krk&date0=2026-08-28&destination0=mila&origin1=mila&date1=2026-08-31&destination1=wars&adultsv2=1&market=PL&locale=pl-PL&currency=PLN
Kraków,Dubrovnik,Chorwacja,Wrocław,2026-08-25,2026-08-31,6,95.0,470.52,565.52,KRK,DBV,WRO,https://skyscanner.net/g/referrals/v1/flights/multicity/?mediaPartnerId=6439681&origin0=krk&date0=2026-08-25&destination0=dbv&origin1=dbv&date1=2026-08-31&destination1=wro&adultsv2=1&market=PL&locale=pl-PL&currency=PLN
Wrocław,Lamezia,Włochy,Katowice,2026-08-24,2026-08-27,3,258.98,307.57,566.55,WRO,SUF,KTW,https://skyscanner.net/g/referrals/v1/flights/multicity/?mediaPartnerId=6439681&origin0=wro&date0=2026-08-24&destination0=suf&origin1=suf&date1=2026-08-27&destination1=ktw&adultsv2=1&market=PL&locale=pl-PL&currency=PLN
Warszawa,Mediolan,Włochy,Warszawa,2026-08-25,2026-08-27,2,460.39,106.31,566.7,WARS,MILA,WARS,https://www.skyscanner.net/g/referrals/v1/flights/day-view/?origin=wars&destination=mila&outboundDate=2026-08-25&inboundDate=2026-08-27&market=PL&locale=pl-PL&currency=PLN&mediaPartnerId=6439681
Warszawa,Mediolan,Włochy,Warszawa,2026-08-25,2026-08-31,6,460.39,106.56,566.95,WARS,MILA,WARS,https://www.skyscanner.net/g/referrals/v1/flights/day-view/?origin=wars&destination=mila&outboundDate=2026-08-25&inboundDate=2026-08-31&market=PL&locale=pl-PL&currency=PLN&mediaPartnerId=6439681
Katowice,Lamezia,Włochy,Katowice,2026-08-22,2026-08-25,3,380.1,187.1,567.2,KTW,SUF,KTW,https://www.skyscanner.net/g/referrals/v1/flights/day-view/?origin=ktw&destination=suf&outboundDate=2026-08-22&inboundDate=2026-08-25&market=PL&locale=pl-PL&currency=PLN&mediaPartnerId=6439681
Poznań,Mediolan,Włochy,Wrocław,2026-08-27,2026-08-30,3,332.37,235.27,567.64,POZ,MILA,WRO,https://skyscanner.net/g/referrals/v1/flights/multicity/?mediaPartnerId=6439681&origin0=poz&date0=2026-08-27&destination0=mila&origin1=mila&date1=2026-08-30&destination1=wro&adultsv2=1&market=PL&locale=pl-PL&currency=PLN
Lublin,Gdańsk,Polska,Wrocław,2026-08-28,2026-08-31,3,283.94,283.94,567.88,LUZ,GDN,WRO,https://skyscanner.net/g/referrals/v1/flights/multicity/?mediaPartnerId=6439681&origin0=luz&date0=2026-08-28&destination0=gdn&origin1=gdn&date1=2026-08-31&destination1=wro&adultsv2=1&market=PL&locale=pl-PL&currency=PLN
Katowice,Katania,Włochy,Katowice,2026-08-25,2026-08-31,6,283.04,284.91,567.95,KTW,CTA,KTW,https://www.skyscanner.net/g/referrals/v1/flights/day-view/?origin=ktw&destination=cta&outboundDate=2026-08-25&inboundDate=2026-08-31&market=PL&locale=pl-PL&currency=PLN&mediaPartnerId=6439681
Warszawa,Wiedeń,Austria,Kraków,2026-08-24,2026-08-29,5,423.03,145.42,568.4499999999999,WARS,VIE,KRK,https://skyscanner.net/g/referrals/v1/flights/multicity/?mediaPartnerId=6439681&origin0=wars&date0=2026-08-24&destination0=vie&origin1=vie&date1=2026-08-29&destination1=krk&adultsv2=1&market=PL&locale=pl-PL&currency=PLN
Kraków,Mediolan,Włochy,Warszawa,2026-08-26,2026-08-31,5,461.89,106.56,568.45,KRK,MILA,WARS,https://skyscanner.net/g/referrals/v1/flights/multicity/?mediaPartnerId=6439681&origin0=krk&date0=2026-08-26&destination0=mila&origin1=mila&date1=2026-08-31&destination1=wars&adultsv2=1&market=PL&locale=pl-PL&currency=PLN
Warszawa,Mediolan,Włochy,Warszawa,2026-08-26,2026-08-28,2,455.6,113.39,568.99,WARS,MILA,WARS,https://www.skyscanner.net/g/referrals/v1/flights/day-view/?origin=wars&destination=mila&outboundDate=2026-08-26&inboundDate=2026-08-28&market=PL&locale=pl-PL&currency=PLN&mediaPartnerId=6439681
Kraków,Bolonia,Włochy,Warszawa,2026-08-26,2026-08-29,3,311.01,259.0,570.01,KRK,BLQ,WARS,https://skyscanner.net/g/referrals/v1/flights/multicity/?mediaPartnerId=6439681&origin0=krk&date0=2026-08-26&destination0=blq&origin1=blq&date1=2026-08-29&destination1=wars&adultsv2=1&market=PL&locale=pl-PL&currency=PLN
Wrocław,Charleroi,Belgia,Warszawa,2026-08-28,2026-08-31,3,461.89,108.3,570.1899999999999,WRO,CRL,WARS,https://skyscanner.net/g/referrals/v1/flights/multicity/?mediaPartnerId=6439681&origin0=wro&date0=2026-08-28&destination0=crl&origin1=crl&date1=2026-08-31&destination1=wars&adultsv2=1&market=PL&locale=pl-PL&currency=PLN
Poznań,Mediolan,Włochy,Kraków,2026-08-27,2026-08-31,4,332.37,238.75,571.12,POZ,MILA,KRK,https://skyscanner.net/g/referrals/v1/flights/multicity/?mediaPartnerId=6439681&origin0=poz&date0=2026-08-27&destination0=mila&origin1=mila&date1=2026-08-31&destination1=krk&adultsv2=1&market=PL&locale=pl-PL&currency=PLN
Warszawa,Rzym,Włochy,Warszawa,2026-08-28,2026-08-31,3,296.34,275.03,571.3699999999999,WARS,ROME,WARS,https://www.skyscanner.net/g/referrals/v1/flights/day-view/?origin=wars&destination=rome&outboundDate=2026-08-28&inboundDate=2026-08-31&market=PL&locale=pl-PL&currency=PLN&mediaPartnerId=6439681
Kraków,Mediolan,Włochy,Warszawa,2026-08-25,2026-08-28,3,439.61,132.31,571.9200000000001,KRK,MILA,WARS,https://skyscanner.net/g/referrals/v1/flights/multicity/?mediaPartnerId=6439681&origin0=krk&date0=2026-08-25&destination0=mila&origin1=mila&date1=2026-08-28&destination1=wars&adultsv2=1&market=PL&locale=pl-PL&currency=PLN
Katowice,Katania,Włochy,Katowice,2026-08-28,2026-08-31,3,287.35,284.91,572.26,KTW,CTA,KTW,https://www.skyscanner.net/g/referrals/v1/flights/day-view/?origin=ktw&destination=cta&outboundDate=2026-08-28&inboundDate=2026-08-31&market=PL&locale=pl-PL&currency=PLN&mediaPartnerId=6439681
Warszawa,Mediolan,Włochy,Warszawa,2026-08-27,2026-08-29,2,365.93,206.85,572.78,WARS,MILA,WARS,https://www.skyscanner.net/g/referrals/v1/flights/day-view/?origin=wars&destination=mila&outboundDate=2026-08-27&inboundDate=2026-08-29&market=PL&locale=pl-PL&currency=PLN&mediaPartnerId=6439681
Kraków,Wenecja,Włochy,Warszawa,2026-08-29,2026-08-31,2,229.0,343.83,572.8299999999999,KRK,TSF,WARS,https://skyscanner.net/g/referrals/v1/flights/multicity/?mediaPartnerId=6439681&origin0=krk&date0=2026-08-29&destination0=tsf&origin1=tsf&date1=2026-08-31&destination1=wars&adultsv2=1&market=PL&locale=pl-PL&currency=PLN
Kraków,Wenecja,Włochy,Warszawa,2026-08-29,2026-08-31,2,229.0,343.83,572.8299999999999,KRK,TSF,WARS,https://skyscanner.net/g/referrals/v1/flights/multicity/?mediaPartnerId=6439681&origin0=krk&date0=2026-08-29&destination0=tsf&origin1=tsf&date1=2026-08-31&destination1=wars&adultsv2=1&market=PL&locale=pl-PL&currency=PLN
Katowice,Dubrovnik,Chorwacja,Wrocław,2026-08-23,2026-08-28,5,86.3,487.01,573.31,KTW,DBV,WRO,https://skyscanner.net/g/referrals/v1/flights/multicity/?mediaPartnerId=6439681&origin0=ktw&date0=2026-08-23&destination0=dbv&origin1=dbv&date1=2026-08-28&destination1=wro&adultsv2=1&market=PL&locale=pl-PL&currency=PLN
Warszawa,Mediolan,Włochy,Warszawa,2026-08-25,2026-08-28,3,460.39,113.39,573.78,WARS,MILA,WARS,https://www.skyscanner.net/g/referrals/v1/flights/day-view/?origin=wars&destination=mila&outboundDate=2026-08-25&inboundDate=2026-08-28&market=PL&locale=pl-PL&currency=PLN&mediaPartnerId=6439681
Gdańsk,Dubrovnik,Chorwacja,Gdańsk,2026-08-27,2026-08-30,3,142.11,431.7,573.81,GDN,DBV,GDN,https://www.skyscanner.net/g/referrals/v1/flights/day-view/?origin=gdn&destination=dbv&outboundDate=2026-08-27&inboundDate=2026-08-30&market=PL&locale=pl-PL&currency=PLN&mediaPartnerId=6439681
Warszawa,Rzym,Włochy,Warszawa,2026-08-29,2026-08-31,2,299.0,275.03,574.03,WARS,ROME,WARS,https://www.skyscanner.net/g/referrals/v1/flights/day-view/?origin=wars&destination=rome&outboundDate=2026-08-29&inboundDate=2026-08-31&market=PL&locale=pl-PL&currency=PLN&mediaPartnerId=6439681
Warszawa,Rzym,Włochy,Warszawa,2026-08-29,2026-08-31,2,299.0,275.03,574.03,WARS,ROME,WARS,https://www.skyscanner.net/g/referrals/v1/flights/day-view/?origin=wars&destination=rome&outboundDate=2026-08-29&inboundDate=2026-08-31&market=PL&locale=pl-PL&currency=PLN&mediaPartnerId=6439681
Wrocław,Bolonia,Włochy,Kraków,2026-08-25,2026-08-31,6,284.89,289.2,574.0899999999999,WRO,BLQ,KRK,https://skyscanner.net/g/referrals/v1/flights/multicity/?mediaPartnerId=6439681&origin0=wro&date0=2026-08-25&destination0=blq&origin1=blq&date1=2026-08-31&destination1=krk&adultsv2=1&market=PL&locale=pl-PL&currency=PLN
Gdańsk,Kraków,Polska,Gdańsk,2026-08-27,2026-08-30,3,263.3,310.79,574.09,GDN,KRK,GDN,https://www.skyscanner.net/g/referrals/v1/flights/day-view/?origin=gdn&destination=krk&outboundDate=2026-08-27&inboundDate=2026-08-30&market=PL&locale=pl-PL&currency=PLN&mediaPartnerId=6439681
Poznań,Mediolan,Włochy,Kraków,2026-08-27,2026-08-29,2,332.37,241.73,574.1,POZ,MIL,KRK,https://skyscanner.net/g/referrals/v1/flights/multicity/?mediaPartnerId=6439681&origin0=poz&date0=2026-08-27&destination0=mil&origin1=mil&date1=2026-08-29&destination1=krk&adultsv2=1&market=PL&locale=pl-PL&currency=PLN
Poznań,Mediolan,Włochy,Kraków,2026-08-27,2026-08-29,2,332.37,241.73,574.1,POZ,MILA,KRK,https://skyscanner.net/g/referrals/v1/flights/multicity/?mediaPartnerId=6439681&origin0=poz&date0=2026-08-27&destination0=mila&origin1=mila&date1=2026-08-29&destination1=krk&adultsv2=1&market=PL&locale=pl-PL&currency=PLN
Poznań,Mediolan,Włochy,Warszawa,2026-08-29,2026-08-31,2,254.67,319.48,574.15,POZ,MILA,WARS,https://skyscanner.net/g/referrals/v1/flights/multicity/?mediaPartnerId=6439681&origin0=poz&date0=2026-08-29&destination0=mila&origin1=mila&date1=2026-08-31&destination1=wars&adultsv2=1&market=PL&locale=pl-PL&currency=PLN
Kraków,Wenecja,Włochy,Warszawa,2026-08-29,2026-08-31,2,229.0,345.35,574.35,KRK,VEN,WARS,https://skyscanner.net/g/referrals/v1/flights/multicity/?mediaPartnerId=6439681&origin0=krk&date0=2026-08-29&destination0=ven&origin1=ven&date1=2026-08-31&destination1=wars&adultsv2=1&market=PL&locale=pl-PL&currency=PLN
Kraków,Wenecja,Włochy,Warszawa,2026-08-29,2026-08-31,2,229.0,345.35,574.35,KRK,VCE,WARS,https://skyscanner.net/g/referrals/v1/flights/multicity/?mediaPartnerId=6439681&origin0=krk&date0=2026-08-29&destination0=vce&origin1=vce&date1=2026-08-31&destination1=wars&adultsv2=1&market=PL&locale=pl-PL&currency=PLN
Kraków,Wenecja,Włochy,Warszawa,2026-08-29,2026-08-31,2,229.0,345.35,574.35,KRK,VCE,WARS,https://skyscanner.net/g/referrals/v1/flights/multicity/?mediaPartnerId=6439681&origin0=krk&date0=2026-08-29&destination0=vce&origin1=vce&date1=2026-08-31&destination1=wars&adultsv2=1&market=PL&locale=pl-PL&currency=PLN
Kraków,Wenecja,Włochy,Warszawa,2026-08-29,2026-08-31,2,229.0,345.35,574.35,KRK,VEN,WARS,https://skyscanner.net/g/referrals/v1/flights/multicity/?mediaPartnerId=6439681&origin0=krk&date0=2026-08-29&destination0=ven&origin1=ven&date1=2026-08-31&destination1=wars&adultsv2=1&market=PL&locale=pl-PL&currency=PLN
Wrocław,Dubrovnik,Chorwacja,Wrocław,2026-08-28,2026-08-31,3,104.0,470.52,574.52,WRO,DBV,WRO,https://www.skyscanner.net/g/referrals/v1/flights/day-view/?origin=wro&destination=dbv&outboundDate=2026-08-28&inboundDate=2026-08-31&market=PL&locale=pl-PL&currency=PLN&mediaPartnerId=6439681
Kraków,Katania,Włochy,Warszawa,2026-08-29,2026-08-31,2,230.0,344.59,574.5899999999999,KRK,CTA,WARS,https://skyscanner.net/g/referrals/v1/flights/multicity/?mediaPartnerId=6439681&origin0=krk&date0=2026-08-29&destination0=cta&origin1=cta&date1=2026-08-31&destination1=wars&adultsv2=1&market=PL&locale=pl-PL&currency=PLN
Gdańsk,Podgorica,Czarnogóra,Wrocław,2026-08-28,2026-08-30,2,143.05,431.7,574.75,GDN,TGD,WRO,https://skyscanner.net/g/referrals/v1/flights/multicity/?mediaPartnerId=6439681&origin0=gdn&date0=2026-08-28&destination0=tgd&origin1=tgd&date1=2026-08-30&destination1=wro&adultsv2=1&market=PL&locale=pl-PL&currency=PLN
Warszawa,Mediolan,Włochy,Gdańsk,2026-08-29,2026-08-31,2,376.21,198.56,574.77,WARS,MIL,GDN,https://skyscanner.net/g/referrals/v1/flights/multicity/?mediaPartnerId=6439681&origin0=wars&date0=2026-08-29&destination0=mil&origin1=mil&date1=2026-08-31&destination1=gdn&adultsv2=1&market=PL&locale=pl-PL&currency=PLN
Warszawa,Mediolan,Włochy,Gdańsk,2026-08-29,2026-08-31,2,376.21,198.56,574.77,WARS,MILA,GDN,https://skyscanner.net/g/referrals/v1/flights/multicity/?mediaPartnerId=6439681&origin0=wars&date0=2026-08-29&destination0=mila&origin1=mila&date1=2026-08-31&destination1=gdn&adultsv2=1&market=PL&locale=pl-PL&currency=PLN
Poznań,Wenecja,Włochy,Warszawa,2026-08-24,2026-08-26,2,437.17,137.98,575.15,POZ,TSF,WARS,https://skyscanner.net/g/referrals/v1/flights/multicity/?mediaPartnerId=6439681&origin0=poz&date0=2026-08-24&destination0=tsf&origin1=tsf&date1=2026-08-26&destination1=wars&adultsv2=1&market=PL&locale=pl-PL&currency=PLN
Kraków,Mediolan,Włochy,Warszawa,2026-08-26,2026-08-28,2,461.89,113.39,575.28,KRK,MILA,WARS,https://skyscanner.net/g/referrals/v1/flights/multicity/?mediaPartnerId=6439681&origin0=krk&date0=2026-08-26&destination0=mila&origin1=mila&date1=2026-08-28&destination1=wars&adultsv2=1&market=PL&locale=pl-PL&currency=PLN
Kraków,Mediolan,Włochy,Kraków,2026-08-29,2026-08-31,2,336.69,238.75,575.44,KRK,MILA,KRK,https://www.skyscanner.net/g/referrals/v1/flights/day-view/?origin=krk&destination=mila&outboundDate=2026-08-29&inboundDate=2026-08-31&market=PL&locale=pl-PL&currency=PLN&mediaPartnerId=6439681
Poznań,Mediolan,Włochy,Gdańsk,2026-08-27,2026-08-31,4,332.37,244.25,576.62,POZ,MILA,GDN,https://skyscanner.net/g/referrals/v1/flights/multicity/?mediaPartnerId=6439681&origin0=poz&date0=2026-08-27&destination0=mila&origin1=mila&date1=2026-08-31&destination1=gdn&adultsv2=1&market=PL&locale=pl-PL&currency=PLN
Poznań,Mediolan,Włochy,Wrocław,2026-08-27,2026-08-29,2,332.37,244.25,576.62,POZ,MILA,WRO,https://skyscanner.net/g/referrals/v1/flights/multicity/?mediaPartnerId=6439681&origin0=poz&date0=2026-08-27&destination0=mila&origin1=mila&date1=2026-08-29&destination1=wro&adultsv2=1&market=PL&locale=pl-PL&currency=PLN
Kraków,Podgorica,Czarnogóra,Wrocław,2026-08-27,2026-08-30,3,145.0,431.7,576.7,KRK,TGD,WRO,https://skyscanner.net/g/referrals/v1/flights/multicity/?mediaPartnerId=6439681&origin0=krk&date0=2026-08-27&destination0=tgd&origin1=tgd&date1=2026-08-30&destination1=wro&adultsv2=1&market=PL&locale=pl-PL&currency=PLN
Gdańsk,Wenecja,Włochy,Kraków,2026-08-27,2026-08-29,2,428.33,149.0,577.3299999999999,GDN,TSF,KRK,https://skyscanner.net/g/referrals/v1/flights/multicity/?mediaPartnerId=6439681&origin0=gdn&date0=2026-08-27&destination0=tsf&origin1=tsf&date1=2026-08-29&destination1=krk&adultsv2=1&market=PL&locale=pl-PL&currency=PLN
Poznań,Mediolan,Włochy,Warszawa,2026-08-27,2026-08-30,3,332.37,245.26,577.63,POZ,MILA,WARS,https://skyscanner.net/g/referrals/v1/flights/multicity/?mediaPartnerId=6439681&origin0=poz&date0=2026-08-27&destination0=mila&origin1=mila&date1=2026-08-30&destination1=wars&adultsv2=1&market=PL&locale=pl-PL&currency=PLN
Wrocław,Mediolan,Włochy,Gdańsk,2026-08-27,2026-08-31,4,379.32,198.56,577.88,WRO,MILA,GDN,https://skyscanner.net/g/referrals/v1/flights/multicity/?mediaPartnerId=6439681&origin0=wro&date0=2026-08-27&destination0=mila&origin1=mila&date1=2026-08-31&destination1=gdn&adultsv2=1&market=PL&locale=pl-PL&currency=PLN
Wrocław,Mediolan,Włochy,Gdańsk,2026-08-29,2026-08-31,2,379.32,198.56,577.88,WRO,MIL,GDN,https://skyscanner.net/g/referrals/v1/flights/multicity/?mediaPartnerId=6439681&origin0=wro&date0=2026-08-29&destination0=mil&origin1=mil&date1=2026-08-31&destination1=gdn&adultsv2=1&market=PL&locale=pl-PL&currency=PLN
Wrocław,Mediolan,Włochy,Gdańsk,2026-08-29,2026-08-31,2,379.32,198.56,577.88,WRO,MILA,GDN,https://skyscanner.net/g/referrals/v1/flights/multicity/?mediaPartnerId=6439681&origin0=wro&date0=2026-08-29&destination0=mila&origin1=mila&date1=2026-08-31&destination1=gdn&adultsv2=1&market=PL&locale=pl-PL&currency=PLN
Wrocław,Mediolan,Włochy,Gdańsk,2026-08-27,2026-08-31,4,379.32,198.56,577.88,WRO,MIL,GDN,https://skyscanner.net/g/referrals/v1/flights/multicity/?mediaPartnerId=6439681&origin0=wro&date0=2026-08-27&destination0=mil&origin1=mil&date1=2026-08-31&destination1=gdn&adultsv2=1&market=PL&locale=pl-PL&currency=PLN
Wrocław,Wenecja,Włochy,Warszawa,2026-08-26,2026-08-28,2,310.79,267.27,578.06,WRO,TSF,WARS,https://skyscanner.net/g/referrals/v1/flights/multicity/?mediaPartnerId=6439681&origin0=wro&date0=2026-08-26&destination0=tsf&origin1=tsf&date1=2026-08-28&destination1=wars&adultsv2=1&market=PL&locale=pl-PL&currency=PLN
Warszawa,Katania,Włochy,Gdańsk,2026-08-27,2026-08-29,2,275.92,302.17,578.09,WARS,CTA,GDN,https://skyscanner.net/g/referrals/v1/flights/multicity/?mediaPartnerId=6439681&origin0=wars&date0=2026-08-27&destination0=cta&origin1=cta&date1=2026-08-29&destination1=gdn&adultsv2=1&market=PL&locale=pl-PL&currency=PLN
Warszawa,Mediolan,Włochy,Warszawa,2026-08-29,2026-08-31,2,319.31,259.0,578.31,WARS,MILA,WARS,https://www.skyscanner.net/g/referrals/v1/flights/day-view/?origin=wars&destination=mila&outboundDate=2026-08-29&inboundDate=2026-08-31&market=PL&locale=pl-PL&currency=PLN&mediaPartnerId=6439681
Poznań,Zadar,Chorwacja,Poznań,2026-08-25,2026-08-28,3,164.01,414.39,578.4,POZ,ZAD,POZ,https://www.skyscanner.net/g/referrals/v1/flights/day-view/?origin=poz&destination=zad&outboundDate=2026-08-25&inboundDate=2026-08-28&market=PL&locale=pl-PL&currency=PLN&mediaPartnerId=6439681
Poznań,Mediolan,Włochy,Warszawa,2026-08-28,2026-08-31,3,258.98,319.48,578.46,POZ,MILA,WARS,https://skyscanner.net/g/referrals/v1/flights/multicity/?mediaPartnerId=6439681&origin0=poz&date0=2026-08-28&destination0=mila&origin1=mila&date1=2026-08-31&destination1=wars&adultsv2=1&market=PL&locale=pl-PL&currency=PLN
Katowice,Oslo,Norwegia,Poznań,2026-08-26,2026-08-30,4,216.01,362.59,578.5999999999999,KTW,OSLO,POZ,https://skyscanner.net/g/referrals/v1/flights/multicity/?mediaPartnerId=6439681&origin0=ktw&date0=2026-08-26&destination0=oslo&origin1=oslo&date1=2026-08-30&destination1=poz&adultsv2=1&market=PL&locale=pl-PL&currency=PLN
Wrocław,Zadar,Chorwacja,Poznań,2026-08-25,2026-08-29,4,104.0,474.83,578.8299999999999,WRO,ZAD,POZ,https://skyscanner.net/g/referrals/v1/flights/multicity/?mediaPartnerId=6439681&origin0=wro&date0=2026-08-25&destination0=zad&origin1=zad&date1=2026-08-29&destination1=poz&adultsv2=1&market=PL&locale=pl-PL&currency=PLN
Katowice,Zadar,Chorwacja,Gdańsk,2026-08-23,2026-08-26,3,307.13,271.93,579.06,KTW,ZAD,GDN,https://skyscanner.net/g/referrals/v1/flights/multicity/?mediaPartnerId=6439681&origin0=ktw&date0=2026-08-23&destination0=zad&origin1=zad&date1=2026-08-26&destination1=gdn&adultsv2=1&market=PL&locale=pl-PL&currency=PLN
Warszawa,Mediolan,Włochy,Warszawa,2026-08-27,2026-08-29,2,365.93,213.21,579.14,WARS,MILA,WARS,https://www.skyscanner.net/g/referrals/v1/flights/day-view/?origin=wars&destination=mila&outboundDate=2026-08-27&inboundDate=2026-08-29&market=PL&locale=pl-PL&currency=PLN&mediaPartnerId=6439681
Katowice,Oslo,Norwegia,Warszawa,2026-08-26,2026-08-29,3,216.01,363.57,579.5799999999999,KTW,OSLO,WARS,https://skyscanner.net/g/referrals/v1/flights/multicity/?mediaPartnerId=6439681&origin0=ktw&date0=2026-08-26&destination0=oslo&origin1=oslo&date1=2026-08-29&destination1=wars&adultsv2=1&market=PL&locale=pl-PL&currency=PLN
Gdańsk,Wenecja,Włochy,Katowice,2026-08-27,2026-08-29,2,428.33,151.52,579.85,GDN,TSF,KTW,https://skyscanner.net/g/referrals/v1/flights/multicity/?mediaPartnerId=6439681&origin0=gdn&date0=2026-08-27&destination0=tsf&origin1=tsf&date1=2026-08-29&destination1=ktw&adultsv2=1&market=PL&locale=pl-PL&currency=PLN
Kraków,Podgorica,Czarnogóra,Wrocław,2026-08-26,2026-08-30,4,148.24,431.7,579.94,KRK,TGD,WRO,https://skyscanner.net/g/referrals/v1/flights/multicity/?mediaPartnerId=6439681&origin0=krk&date0=2026-08-26&destination0=tgd&origin1=tgd&date1=2026-08-30&destination1=wro&adultsv2=1&market=PL&locale=pl-PL&currency=PLN
Kraków,Podgorica,Czarnogóra,Wrocław,2026-08-25,2026-08-30,5,148.24,431.7,579.94,KRK,TGD,WRO,https://skyscanner.net/g/referrals/v1/flights/multicity/?mediaPartnerId=6439681&origin0=krk&date0=2026-08-25&destination0=tgd&origin1=tgd&date1=2026-08-30&destination1=wro&adultsv2=1&market=PL&locale=pl-PL&currency=PLN
Kraków,Mediolan,Włochy,Gdańsk,2026-08-29,2026-08-31,2,336.69,244.25,580.94,KRK,MILA,GDN,https://skyscanner.net/g/referrals/v1/flights/multicity/?mediaPartnerId=6439681&origin0=krk&date0=2026-08-29&destination0=mila&origin1=mila&date1=2026-08-31&destination1=gdn&adultsv2=1&market=PL&locale=pl-PL&currency=PLN
Gdańsk,Podgorica,Czarnogóra,Kraków,2026-08-28,2026-08-31,3,143.05,438.15,581.2,GDN,TGD,KRK,https://skyscanner.net/g/referrals/v1/flights/multicity/?mediaPartnerId=6439681&origin0=gdn&date0=2026-08-28&destination0=tgd&origin1=tgd&date1=2026-08-31&destination1=krk&adultsv2=1&market=PL&locale=pl-PL&currency=PLN
Kraków,Ankona,Włochy,Kraków,2026-08-27,2026-08-30,3,254.03,327.24,581.27,KRK,AOI,KRK,https://www.skyscanner.net/g/referrals/v1/flights/day-view/?origin=krk&destination=aoi&outboundDate=2026-08-27&inboundDate=2026-08-30&market=PL&locale=pl-PL&currency=PLN&mediaPartnerId=6439681
Wrocław,Sofia,Bułagria,Wrocław,2026-08-22,2026-08-25,3,244.79,336.69,581.48,WRO,SOF,WRO,https://www.skyscanner.net/g/referrals/v1/flights/day-view/?origin=wro&destination=sof&outboundDate=2026-08-22&inboundDate=2026-08-25&market=PL&locale=pl-PL&currency=PLN&mediaPartnerId=6439681
Warszawa,Mediolan,Włochy,Warszawa,2026-08-28,2026-08-31,3,475.07,106.56,581.63,WARS,MILA,WARS,https://www.skyscanner.net/g/referrals/v1/flights/day-view/?origin=wars&destination=mila&outboundDate=2026-08-28&inboundDate=2026-08-31&market=PL&locale=pl-PL&currency=PLN&mediaPartnerId=6439681
Wrocław,Zadar,Chorwacja,Poznań,2026-08-26,2026-08-29,3,106.89,474.83,581.72,WRO,ZAD,POZ,https://skyscanner.net/g/referrals/v1/flights/multicity/?mediaPartnerId=6439681&origin0=wro&date0=2026-08-26&destination0=zad&origin1=zad&date1=2026-08-29&destination1=poz&adultsv2=1&market=PL&locale=pl-PL&currency=PLN
Wrocław,Piza,Włochy,Warszawa,2026-08-26,2026-08-30,4,390.54,191.31,581.85,WRO,PSA,WARS,https://skyscanner.net/g/referrals/v1/flights/multicity/?mediaPartnerId=6439681&origin0=wro&date0=2026-08-26&destination0=psa&origin1=psa&date1=2026-08-30&destination1=wars&adultsv2=1&market=PL&locale=pl-PL&currency=PLN
Kraków,Dubrovnik,Chorwacja,Wrocław,2026-08-25,2026-08-28,3,95.0,487.01,582.01,KRK,DBV,WRO,https://skyscanner.net/g/referrals/v1/flights/multicity/?mediaPartnerId=6439681&origin0=krk&date0=2026-08-25&destination0=dbv&origin1=dbv&date1=2026-08-28&destination1=wro&adultsv2=1&market=PL&locale=pl-PL&currency=PLN
Poznań,Mediolan,Włochy,Kraków,2026-08-26,2026-08-28,2,483.47,98.93,582.4000000000001,POZ,MILA,KRK,https://skyscanner.net/g/referrals/v1/flights/multicity/?mediaPartnerId=6439681&origin0=poz&date0=2026-08-26&destination0=mila&origin1=mila&date1=2026-08-28&destination1=krk&adultsv2=1&market=PL&locale=pl-PL&currency=PLN
Wrocław,Charleroi,Belgia,Wrocław,2026-08-28,2026-08-31,3,461.89,120.84,582.73,WRO,CRL,WRO,https://www.skyscanner.net/g/referrals/v1/flights/day-view/?origin=wro&destination=crl&outboundDate=2026-08-28&inboundDate=2026-08-31&market=PL&locale=pl-PL&currency=PLN&mediaPartnerId=6439681
Wrocław,Sofia,Bułagria,Kraków,2026-08-25,2026-08-30,5,194.23,388.52,582.75,WRO,SOF,KRK,https://skyscanner.net/g/referrals/v1/flights/multicity/?mediaPartnerId=6439681&origin0=wro&date0=2026-08-25&destination0=sof&origin1=sof&date1=2026-08-30&destination1=krk&adultsv2=1&market=PL&locale=pl-PL&currency=PLN
Kraków,Bolonia,Włochy,Wrocław,2026-08-26,2026-08-29,3,311.01,271.93,582.94,KRK,BLQ,WRO,https://skyscanner.net/g/referrals/v1/flights/multicity/?mediaPartnerId=6439681&origin0=krk&date0=2026-08-26&destination0=blq&origin1=blq&date1=2026-08-29&destination1=wro&adultsv2=1&market=PL&locale=pl-PL&currency=PLN
Kraków,Podgorica,Czarnogóra,Kraków,2026-08-27,2026-08-31,4,145.0,438.15,583.15,KRK,TGD,KRK,https://www.skyscanner.net/g/referrals/v1/flights/day-view/?origin=krk&destination=tgd&outboundDate=2026-08-27&inboundDate=2026-08-31&market=PL&locale=pl-PL&currency=PLN&mediaPartnerId=6439681
Kraków,Mediolan,Włochy,Kraków,2026-08-29,2026-08-31,2,409.0,174.31,583.31,KRK,MILA,KRK,https://www.skyscanner.net/g/referrals/v1/flights/day-view/?origin=krk&destination=mila&outboundDate=2026-08-29&inboundDate=2026-08-31&market=PL&locale=pl-PL&currency=PLN&mediaPartnerId=6439681
Warszawa,Mediolan,Włochy,Kraków,2026-08-29,2026-08-31,2,409.0,174.31,583.31,WARS,MILA,KRK,https://skyscanner.net/g/referrals/v1/flights/multicity/?mediaPartnerId=6439681&origin0=wars&date0=2026-08-29&destination0=mila&origin1=mila&date1=2026-08-31&destination1=krk&adultsv2=1&market=PL&locale=pl-PL&currency=PLN
Kraków,Mediolan,Włochy,Kraków,2026-08-29,2026-08-31,2,409.0,174.31,583.31,KRK,MILA,KRK,https://www.skyscanner.net/g/referrals/v1/flights/day-view/?origin=krk&destination=mila&outboundDate=2026-08-29&inboundDate=2026-08-31&market=PL&locale=pl-PL&currency=PLN&mediaPartnerId=6439681
Katowice,Katania,Włochy,Kraków,2026-08-27,2026-08-31,4,319.42,264.0,583.4200000000001,KTW,CTA,KRK,https://skyscanner.net/g/referrals/v1/flights/multicity/?mediaPartnerId=6439681&origin0=ktw&date0=2026-08-27&destination0=cta&origin1=cta&date1=2026-08-31&destination1=krk&adultsv2=1&market=PL&locale=pl-PL&currency=PLN
Warszawa,Rzym,Włochy,Kraków,2026-08-29,2026-08-31,2,341.46,242.31,583.77,WARS,ROME,KRK,https://skyscanner.net/g/referrals/v1/flights/multicity/?mediaPartnerId=6439681&origin0=wars&date0=2026-08-29&destination0=rome&origin1=rome&date1=2026-08-31&destination1=krk&adultsv2=1&market=PL&locale=pl-PL&currency=PLN
Kraków,Rzym,Włochy,Kraków,2026-08-28,2026-08-31,3,341.46,242.31,583.77,KRK,ROME,KRK,https://www.skyscanner.net/g/referrals/v1/flights/day-view/?origin=krk&destination=rome&outboundDate=2026-08-28&inboundDate=2026-08-31&market=PL&locale=pl-PL&currency=PLN&mediaPartnerId=6439681
Wrocław,Brindisi,Włochy,Wrocław,2026-08-29,2026-08-31,2,242.31,341.46,583.77,WRO,BDS,WRO,https://www.skyscanner.net/g/referrals/v1/flights/day-view/?origin=wro&destination=bds&outboundDate=2026-08-29&inboundDate=2026-08-31&market=PL&locale=pl-PL&currency=PLN&mediaPartnerId=6439681
Warszawa,Mediolan,Włochy,Kraków,2026-08-29,2026-08-31,2,299.0,284.91,583.9100000000001,WARS,MIL,KRK,https://skyscanner.net/g/referrals/v1/flights/multicity/?mediaPartnerId=6439681&origin0=wars&date0=2026-08-29&destination0=mil&origin1=mil&date1=2026-08-31&destination1=krk&adultsv2=1&market=PL&locale=pl-PL&currency=PLN
Warszawa,Katania,Włochy,Katowice,2026-08-29,2026-08-31,2,299.0,284.91,583.9100000000001,WARS,CTA,KTW,https://skyscanner.net/g/referrals/v1/flights/multicity/?mediaPartnerId=6439681&origin0=wars&date0=2026-08-29&destination0=cta&origin1=cta&date1=2026-08-31&destination1=ktw&adultsv2=1&market=PL&locale=pl-PL&currency=PLN
Warszawa,Mediolan,Włochy,Kraków,2026-08-29,2026-08-31,2,299.0,284.91,583.9100000000001,WARS,MIL,KRK,https://skyscanner.net/g/referrals/v1/flights/multicity/?mediaPartnerId=6439681&origin0=wars&date0=2026-08-29&destination0=mil&origin1=mil&date1=2026-08-31&destination1=krk&adultsv2=1&market=PL&locale=pl-PL&currency=PLN
Katowice,Mediolan,Włochy,Wrocław,2026-08-27,2026-08-30,3,349.54,235.27,584.8100000000001,KTW,MILA,WRO,https://skyscanner.net/g/referrals/v1/flights/multicity/?mediaPartnerId=6439681&origin0=ktw&date0=2026-08-27&destination0=mila&origin1=mila&date1=2026-08-30&destination1=wro&adultsv2=1&market=PL&locale=pl-PL&currency=PLN
Katowice,Mediolan,Włochy,Wrocław,2026-08-25,2026-08-30,5,349.54,235.27,584.8100000000001,KTW,MILA,WRO,https://skyscanner.net/g/referrals/v1/flights/multicity/?mediaPartnerId=6439681&origin0=ktw&date0=2026-08-25&destination0=mila&origin1=mila&date1=2026-08-30&destination1=wro&adultsv2=1&market=PL&locale=pl-PL&currency=PLN
Katowice,Mediolan,Włochy,Wrocław,2026-08-28,2026-08-30,2,349.54,235.27,584.8100000000001,KTW,MILA,WRO,https://skyscanner.net/g/referrals/v1/flights/multicity/?mediaPartnerId=6439681&origin0=ktw&date0=2026-08-28&destination0=mila&origin1=mila&date1=2026-08-30&destination1=wro&adultsv2=1&market=PL&locale=pl-PL&currency=PLN
Katowice,Katania,Włochy,Gdańsk,2026-08-25,2026-08-29,4,283.04,302.17,585.21,KTW,CTA,GDN,https://skyscanner.net/g/referrals/v1/flights/multicity/?mediaPartnerId=6439681&origin0=ktw&date0=2026-08-25&destination0=cta&origin1=cta&date1=2026-08-29&destination1=gdn&adultsv2=1&market=PL&locale=pl-PL&currency=PLN
Wrocław,Mediolan,Włochy,Warszawa,2026-08-27,2026-08-29,2,379.32,206.85,586.17,WRO,MILA,WARS,https://skyscanner.net/g/referrals/v1/flights/multicity/?mediaPartnerId=6439681&origin0=wro&date0=2026-08-27&destination0=mila&origin1=mila&date1=2026-08-29&destination1=wars&adultsv2=1&market=PL&locale=pl-PL&currency=PLN
Poznań,Wenecja,Włochy,Warszawa,2026-08-24,2026-08-27,3,437.17,149.0,586.1700000000001,POZ,TSF,WARS,https://skyscanner.net/g/referrals/v1/flights/multicity/?mediaPartnerId=6439681&origin0=poz&date0=2026-08-24&destination0=tsf&origin1=tsf&date1=2026-08-27&destination1=wars&adultsv2=1&market=PL&locale=pl-PL&currency=PLN
Poznań,Wenecja,Włochy,Kraków,2026-08-24,2026-08-29,5,437.17,149.0,586.1700000000001,POZ,TSF,KRK,https://skyscanner.net/g/referrals/v1/flights/multicity/?mediaPartnerId=6439681&origin0=poz&date0=2026-08-24&destination0=tsf&origin1=tsf&date1=2026-08-29&destination1=krk&adultsv2=1&market=PL&locale=pl-PL&currency=PLN
Kraków,Podgorica,Czarnogóra,Kraków,2026-08-25,2026-08-31,6,148.24,438.15,586.39,KRK,TGD,KRK,https://www.skyscanner.net/g/referrals/v1/flights/day-view/?origin=krk&destination=tgd&outboundDate=2026-08-25&inboundDate=2026-08-31&market=PL&locale=pl-PL&currency=PLN&mediaPartnerId=6439681
Kraków,Podgorica,Czarnogóra,Kraków,2026-08-26,2026-08-31,5,148.24,438.15,586.39,KRK,TGD,KRK,https://www.skyscanner.net/g/referrals/v1/flights/day-view/?origin=krk&destination=tgd&outboundDate=2026-08-26&inboundDate=2026-08-31&market=PL&locale=pl-PL&currency=PLN&mediaPartnerId=6439681
Poznań,Mediolan,Włochy,Poznań,2026-08-27,2026-08-29,2,332.37,254.67,587.04,POZ,MILA,POZ,https://www.skyscanner.net/g/referrals/v1/flights/day-view/?origin=poz&destination=mila&outboundDate=2026-08-27&inboundDate=2026-08-29&market=PL&locale=pl-PL&currency=PLN&mediaPartnerId=6439681
Gdańsk,Kraków,Polska,Gdańsk,2026-08-26,2026-08-31,5,345.33,241.71,587.04,GDN,KRK,GDN,https://www.skyscanner.net/g/referrals/v1/flights/day-view/?origin=gdn&destination=krk&outboundDate=2026-08-26&inboundDate=2026-08-31&market=PL&locale=pl-PL&currency=PLN&mediaPartnerId=6439681
Poznań,Podgorica,Czarnogóra,Wrocław,2026-08-23,2026-08-30,7,155.37,431.7,587.0699999999999,POZ,TGD,WRO,https://skyscanner.net/g/referrals/v1/flights/multicity/?mediaPartnerId=6439681&origin0=poz&date0=2026-08-23&destination0=tgd&origin1=tgd&date1=2026-08-30&destination1=wro&adultsv2=1&market=PL&locale=pl-PL&currency=PLN
Katowice,Dortmund,Niemcy,Gdańsk,2026-08-29,2026-08-31,2,449.0,138.11,587.11,KTW,DTM,GDN,https://skyscanner.net/g/referrals/v1/flights/multicity/?mediaPartnerId=6439681&origin0=ktw&date0=2026-08-29&destination0=dtm&origin1=dtm&date1=2026-08-31&destination1=gdn&adultsv2=1&market=PL&locale=pl-PL&currency=PLN
Warszawa,Mediolan,Włochy,Kraków,2026-08-28,2026-08-31,3,302.21,284.91,587.12,WARS,MIL,KRK,https://skyscanner.net/g/referrals/v1/flights/multicity/?mediaPartnerId=6439681&origin0=wars&date0=2026-08-28&destination0=mil&origin1=mil&date1=2026-08-31&destination1=krk&adultsv2=1&market=PL&locale=pl-PL&currency=PLN
Warszawa,Mediolan,Włochy,Kraków,2026-08-28,2026-08-30,2,302.21,284.91,587.12,WARS,MILA,KRK,https://skyscanner.net/g/referrals/v1/flights/multicity/?mediaPartnerId=6439681&origin0=wars&date0=2026-08-28&destination0=mila&origin1=mila&date1=2026-08-30&destination1=krk&adultsv2=1&market=PL&locale=pl-PL&currency=PLN
Warszawa,Mediolan,Włochy,Kraków,2026-08-28,2026-08-30,2,302.21,284.91,587.12,WARS,MIL,KRK,https://skyscanner.net/g/referrals/v1/flights/multicity/?mediaPartnerId=6439681&origin0=wars&date0=2026-08-28&destination0=mil&origin1=mil&date1=2026-08-30&destination1=krk&adultsv2=1&market=PL&locale=pl-PL&currency=PLN
Kraków,Bolonia,Włochy,Wrocław,2026-08-26,2026-08-31,5,311.01,276.25,587.26,KRK,BLQ,WRO,https://skyscanner.net/g/referrals/v1/flights/multicity/?mediaPartnerId=6439681&origin0=krk&date0=2026-08-26&destination0=blq&origin1=blq&date1=2026-08-31&destination1=wro&adultsv2=1&market=PL&locale=pl-PL&currency=PLN
Warszawa,Mediolan,Włochy,Warszawa,2026-08-26,2026-08-28,2,455.6,132.31,587.9100000000001,WARS,MILA,WARS,https://www.skyscanner.net/g/referrals/v1/flights/day-view/?origin=wars&destination=mila&outboundDate=2026-08-26&inboundDate=2026-08-28&market=PL&locale=pl-PL&currency=PLN&mediaPartnerId=6439681
Gdańsk,Kraków,Polska,Szczecin,2026-08-25,2026-08-31,6,241.71,346.57,588.28,GDN,KRK,SZZ,https://skyscanner.net/g/referrals/v1/flights/multicity/?mediaPartnerId=6439681&origin0=gdn&date0=2026-08-25&destination0=krk&origin1=krk&date1=2026-08-31&destination1=szz&adultsv2=1&market=PL&locale=pl-PL&currency=PLN
Katowice,Mediolan,Włochy,Kraków,2026-08-25,2026-08-31,6,349.54,238.75,588.29,KTW,MILA,KRK,https://skyscanner.net/g/referrals/v1/flights/multicity/?mediaPartnerId=6439681&origin0=ktw&date0=2026-08-25&destination0=mila&origin1=mila&date1=2026-08-31&destination1=krk&adultsv2=1&market=PL&locale=pl-PL&currency=PLN
Katowice,Mediolan,Włochy,Kraków,2026-08-27,2026-08-31,4,349.54,238.75,588.29,KTW,MILA,KRK,https://skyscanner.net/g/referrals/v1/flights/multicity/?mediaPartnerId=6439681&origin0=ktw&date0=2026-08-27&destination0=mila&origin1=mila&date1=2026-08-31&destination1=krk&adultsv2=1&market=PL&locale=pl-PL&currency=PLN
Katowice,Mediolan,Włochy,Kraków,2026-08-28,2026-08-31,3,349.54,238.75,588.29,KTW,MILA,KRK,https://skyscanner.net/g/referrals/v1/flights/multicity/?mediaPartnerId=6439681&origin0=ktw&date0=2026-08-28&destination0=mila&origin1=mila&date1=2026-08-31&destination1=krk&adultsv2=1&market=PL&locale=pl-PL&currency=PLN
Poznań,Wenecja,Włochy,Katowice,2026-08-24,2026-08-29,5,437.17,151.52,588.69,POZ,TSF,KTW,https://skyscanner.net/g/referrals/v1/flights/multicity/?mediaPartnerId=6439681&origin0=poz&date0=2026-08-24&destination0=tsf&origin1=tsf&date1=2026-08-29&destination1=ktw&adultsv2=1&market=PL&locale=pl-PL&currency=PLN
Kraków,Rzym,Włochy,Warszawa,2026-08-29,2026-08-31,2,313.87,275.03,588.9,KRK,ROME,WARS,https://skyscanner.net/g/referrals/v1/flights/multicity/?mediaPartnerId=6439681&origin0=krk&date0=2026-08-29&destination0=rome&origin1=rome&date1=2026-08-31&destination1=wars&adultsv2=1&market=PL&locale=pl-PL&currency=PLN
Poznań,Dubrovnik,Chorwacja,Gdańsk,2026-08-26,2026-08-30,4,157.31,431.7,589.01,POZ,DBV,GDN,https://skyscanner.net/g/referrals/v1/flights/multicity/?mediaPartnerId=6439681&origin0=poz&date0=2026-08-26&destination0=dbv&origin1=dbv&date1=2026-08-30&destination1=gdn&adultsv2=1&market=PL&locale=pl-PL&currency=PLN
Gdańsk,Praga,Czechy,Kraków,2026-08-24,2026-08-26,2,468.29,120.84,589.13,GDN,PRG,KRK,https://skyscanner.net/g/referrals/v1/flights/multicity/?mediaPartnerId=6439681&origin0=gdn&date0=2026-08-24&destination0=prg&origin1=prg&date1=2026-08-26&destination1=krk&adultsv2=1&market=PL&locale=pl-PL&currency=PLN
Warszawa,Palermo,Włochy,Warszawa,2026-08-26,2026-08-28,2,114.33,474.96,589.29,WARS,PMO,WARS,https://www.skyscanner.net/g/referrals/v1/flights/day-view/?origin=wars&destination=pmo&outboundDate=2026-08-26&inboundDate=2026-08-28&market=PL&locale=pl-PL&currency=PLN&mediaPartnerId=6439681
Wrocław,Zadar,Chorwacja,Wrocław,2026-08-25,2026-08-28,3,104.0,485.75,589.75,WRO,ZAD,WRO,https://www.skyscanner.net/g/referrals/v1/flights/day-view/?origin=wro&destination=zad&outboundDate=2026-08-25&inboundDate=2026-08-28&market=PL&locale=pl-PL&currency=PLN&mediaPartnerId=6439681
Warszawa,Sztokholm,Szwecja,Kraków,2026-08-25,2026-08-31,6,461.81,128.14,589.95,WARS,ARN,KRK,https://skyscanner.net/g/referrals/v1/flights/multicity/?mediaPartnerId=6439681&origin0=wars&date0=2026-08-25&destination0=arn&origin1=arn&date1=2026-08-31&destination1=krk&adultsv2=1&market=PL&locale=pl-PL&currency=PLN
Poznań,Mediolan,Włochy,Warszawa,2026-08-26,2026-08-31,5,483.47,106.56,590.03,POZ,MILA,WARS,https://skyscanner.net/g/referrals/v1/flights/multicity/?mediaPartnerId=6439681&origin0=poz&date0=2026-08-26&destination0=mila&origin1=mila&date1=2026-08-31&destination1=wars&adultsv2=1&market=PL&locale=pl-PL&currency=PLN
Gdańsk,Praga,Czechy,Poznań,2026-08-26,2026-08-30,4,361.62,228.76,590.38,GDN,PRG,POZ,https://skyscanner.net/g/referrals/v1/flights/multicity/?mediaPartnerId=6439681&origin0=gdn&date0=2026-08-26&destination0=prg&origin1=prg&date1=2026-08-30&destination1=poz&adultsv2=1&market=PL&locale=pl-PL&currency=PLN
Kraków,Gdańsk,Polska,Wrocław,2026-08-24,2026-08-27,3,341.01,249.59,590.6,KRK,GDN,WRO,https://skyscanner.net/g/referrals/v1/flights/multicity/?mediaPartnerId=6439681&origin0=krk&date0=2026-08-24&destination0=gdn&origin1=gdn&date1=2026-08-27&destination1=wro&adultsv2=1&market=PL&locale=pl-PL&currency=PLN
Katowice,Mediolan,Włochy,Kraków,2026-08-27,2026-08-29,2,349.54,241.73,591.27,KTW,MILA,KRK,https://skyscanner.net/g/referrals/v1/flights/multicity/?mediaPartnerId=6439681&origin0=ktw&date0=2026-08-27&destination0=mila&origin1=mila&date1=2026-08-29&destination1=krk&adultsv2=1&market=PL&locale=pl-PL&currency=PLN
Katowice,Mediolan,Włochy,Kraków,2026-08-25,2026-08-29,4,349.54,241.73,591.27,KTW,MILA,KRK,https://skyscanner.net/g/referrals/v1/flights/multicity/?mediaPartnerId=6439681&origin0=ktw&date0=2026-08-25&destination0=mila&origin1=mila&date1=2026-08-29&destination1=krk&adultsv2=1&market=PL&locale=pl-PL&currency=PLN
Katowice,Mediolan,Włochy,Kraków,2026-08-25,2026-08-29,4,349.54,241.73,591.27,KTW,MIL,KRK,https://skyscanner.net/g/referrals/v1/flights/multicity/?mediaPartnerId=6439681&origin0=ktw&date0=2026-08-25&destination0=mil&origin1=mil&date1=2026-08-29&destination1=krk&adultsv2=1&market=PL&locale=pl-PL&currency=PLN
Katowice,Mediolan,Włochy,Kraków,2026-08-27,2026-08-29,2,349.54,241.73,591.27,KTW,MIL,KRK,https://skyscanner.net/g/referrals/v1/flights/multicity/?mediaPartnerId=6439681&origin0=ktw&date0=2026-08-27&destination0=mil&origin1=mil&date1=2026-08-29&destination1=krk&adultsv2=1&market=PL&locale=pl-PL&currency=PLN
Gdańsk,Kraków,Polska,Gdańsk,2026-08-24,2026-08-31,7,349.64,241.71,591.35,GDN,KRK,GDN,https://www.skyscanner.net/g/referrals/v1/flights/day-view/?origin=gdn&destination=krk&outboundDate=2026-08-24&inboundDate=2026-08-31&market=PL&locale=pl-PL&currency=PLN&mediaPartnerId=6439681
Kraków,Pescara,Włochy,Kraków,2026-08-27,2026-08-29,2,207.18,384.18,591.36,KRK,PSR,KRK,https://www.skyscanner.net/g/referrals/v1/flights/day-view/?origin=krk&destination=psr&outboundDate=2026-08-27&inboundDate=2026-08-29&market=PL&locale=pl-PL&currency=PLN&mediaPartnerId=6439681
Poznań,Mediolan,Włochy,Warszawa,2026-08-27,2026-08-29,2,332.37,259.0,591.37,POZ,MIL,WARS,https://skyscanner.net/g/referrals/v1/flights/multicity/?mediaPartnerId=6439681&origin0=poz&date0=2026-08-27&destination0=mil&origin1=mil&date1=2026-08-29&destination1=wars&adultsv2=1&market=PL&locale=pl-PL&currency=PLN
Poznań,Mediolan,Włochy,Warszawa,2026-08-27,2026-08-31,4,332.37,259.0,591.37,POZ,MILA,WARS,https://skyscanner.net/g/referrals/v1/flights/multicity/?mediaPartnerId=6439681&origin0=poz&date0=2026-08-27&destination0=mila&origin1=mila&date1=2026-08-31&destination1=wars&adultsv2=1&market=PL&locale=pl-PL&currency=PLN
Poznań,Mediolan,Włochy,Warszawa,2026-08-27,2026-08-29,2,332.37,259.0,591.37,POZ,MILA,WARS,https://skyscanner.net/g/referrals/v1/flights/multicity/?mediaPartnerId=6439681&origin0=poz&date0=2026-08-27&destination0=mila&origin1=mila&date1=2026-08-29&destination1=wars&adultsv2=1&market=PL&locale=pl-PL&currency=PLN
Kraków,Mediolan,Włochy,Kraków,2026-08-28,2026-08-30,2,306.47,284.91,591.3800000000001,KRK,MIL,KRK,https://www.skyscanner.net/g/referrals/v1/flights/day-view/?origin=krk&destination=mil&outboundDate=2026-08-28&inboundDate=2026-08-30&market=PL&locale=pl-PL&currency=PLN&mediaPartnerId=6439681
Kraków,Mediolan,Włochy,Kraków,2026-08-28,2026-08-30,2,306.47,284.91,591.3800000000001,KRK,MILA,KRK,https://www.skyscanner.net/g/referrals/v1/flights/day-view/?origin=krk&destination=mila&outboundDate=2026-08-28&inboundDate=2026-08-30&market=PL&locale=pl-PL&currency=PLN&mediaPartnerId=6439681
Kraków,Mediolan,Włochy,Kraków,2026-08-28,2026-08-31,3,306.47,284.91,591.3800000000001,KRK,MIL,KRK,https://www.skyscanner.net/g/referrals/v1/flights/day-view/?origin=krk&destination=mil&outboundDate=2026-08-28&inboundDate=2026-08-31&market=PL&locale=pl-PL&currency=PLN&mediaPartnerId=6439681
Katowice,Katania,Włochy,Warszawa,2026-08-25,2026-08-28,3,283.04,308.35,591.3900000000001,KTW,CTA,WARS,https://skyscanner.net/g/referrals/v1/flights/multicity/?mediaPartnerId=6439681&origin0=ktw&date0=2026-08-25&destination0=cta&origin1=cta&date1=2026-08-28&destination1=wars&adultsv2=1&market=PL&locale=pl-PL&currency=PLN
Gdańsk,Praga,Czechy,Kraków,2026-08-25,2026-08-29,4,406.11,185.59,591.7,GDN,PRG,KRK,https://skyscanner.net/g/referrals/v1/flights/multicity/?mediaPartnerId=6439681&origin0=gdn&date0=2026-08-25&destination0=prg&origin1=prg&date1=2026-08-29&destination1=krk&adultsv2=1&market=PL&locale=pl-PL&currency=PLN
Wrocław,Mediolan,Włochy,Warszawa,2026-08-27,2026-08-29,2,379.32,213.21,592.53,WRO,MILA,WARS,https://skyscanner.net/g/referrals/v1/flights/multicity/?mediaPartnerId=6439681&origin0=wro&date0=2026-08-27&destination0=mila&origin1=mila&date1=2026-08-29&destination1=wars&adultsv2=1&market=PL&locale=pl-PL&currency=PLN
Wrocław,Zadar,Chorwacja,Wrocław,2026-08-26,2026-08-28,2,106.89,485.75,592.64,WRO,ZAD,WRO,https://www.skyscanner.net/g/referrals/v1/flights/day-view/?origin=wro&destination=zad&outboundDate=2026-08-26&inboundDate=2026-08-28&market=PL&locale=pl-PL&currency=PLN&mediaPartnerId=6439681
Warszawa,Mediolan,Włochy,Warszawa,2026-08-25,2026-08-28,3,460.39,132.31,592.7,WARS,MILA,WARS,https://www.skyscanner.net/g/referrals/v1/flights/day-view/?origin=wars&destination=mila&outboundDate=2026-08-25&inboundDate=2026-08-28&market=PL&locale=pl-PL&currency=PLN&mediaPartnerId=6439681
Katowice,Mediolan,Włochy,Gdańsk,2026-08-28,2026-08-31,3,349.54,244.25,593.79,KTW,MILA,GDN,https://skyscanner.net/g/referrals/v1/flights/multicity/?mediaPartnerId=6439681&origin0=ktw&date0=2026-08-28&destination0=mila&origin1=mila&date1=2026-08-31&destination1=gdn&adultsv2=1&market=PL&locale=pl-PL&currency=PLN
Katowice,Mediolan,Włochy,Gdańsk,2026-08-27,2026-08-31,4,349.54,244.25,593.79,KTW,MILA,GDN,https://skyscanner.net/g/referrals/v1/flights/multicity/?mediaPartnerId=6439681&origin0=ktw&date0=2026-08-27&destination0=mila&origin1=mila&date1=2026-08-31&destination1=gdn&adultsv2=1&market=PL&locale=pl-PL&currency=PLN
Katowice,Mediolan,Włochy,Gdańsk,2026-08-25,2026-08-31,6,349.54,244.25,593.79,KTW,MILA,GDN,https://skyscanner.net/g/referrals/v1/flights/multicity/?mediaPartnerId=6439681&origin0=ktw&date0=2026-08-25&destination0=mila&origin1=mila&date1=2026-08-31&destination1=gdn&adultsv2=1&market=PL&locale=pl-PL&currency=PLN
Katowice,Mediolan,Włochy,Wrocław,2026-08-25,2026-08-29,4,349.54,244.25,593.79,KTW,MILA,WRO,https://skyscanner.net/g/referrals/v1/flights/multicity/?mediaPartnerId=6439681&origin0=ktw&date0=2026-08-25&destination0=mila&origin1=mila&date1=2026-08-29&destination1=wro&adultsv2=1&market=PL&locale=pl-PL&currency=PLN
Katowice,Mediolan,Włochy,Wrocław,2026-08-27,2026-08-29,2,349.54,244.25,593.79,KTW,MILA,WRO,https://skyscanner.net/g/referrals/v1/flights/multicity/?mediaPartnerId=6439681&origin0=ktw&date0=2026-08-27&destination0=mila&origin1=mila&date1=2026-08-29&destination1=wro&adultsv2=1&market=PL&locale=pl-PL&currency=PLN
Kraków,Mediolan,Włochy,Warszawa,2026-08-26,2026-08-28,2,461.89,132.31,594.2,KRK,MILA,WARS,https://skyscanner.net/g/referrals/v1/flights/multicity/?mediaPartnerId=6439681&origin0=krk&date0=2026-08-26&destination0=mila&origin1=mila&date1=2026-08-28&destination1=wars&adultsv2=1&market=PL&locale=pl-PL&currency=PLN
Katowice,Mediolan,Włochy,Warszawa,2026-08-27,2026-08-30,3,349.54,245.26,594.8,KTW,MILA,WARS,https://skyscanner.net/g/referrals/v1/flights/multicity/?mediaPartnerId=6439681&origin0=ktw&date0=2026-08-27&destination0=mila&origin1=mila&date1=2026-08-30&destination1=wars&adultsv2=1&market=PL&locale=pl-PL&currency=PLN
Katowice,Mediolan,Włochy,Warszawa,2026-08-28,2026-08-30,2,349.54,245.26,594.8,KTW,MILA,WARS,https://skyscanner.net/g/referrals/v1/flights/multicity/?mediaPartnerId=6439681&origin0=ktw&date0=2026-08-28&destination0=mila&origin1=mila&date1=2026-08-30&destination1=wars&adultsv2=1&market=PL&locale=pl-PL&currency=PLN
Katowice,Mediolan,Włochy,Warszawa,2026-08-25,2026-08-30,5,349.54,245.26,594.8,KTW,MILA,WARS,https://skyscanner.net/g/referrals/v1/flights/multicity/?mediaPartnerId=6439681&origin0=ktw&date0=2026-08-25&destination0=mila&origin1=mila&date1=2026-08-30&destination1=wars&adultsv2=1&market=PL&locale=pl-PL&currency=PLN
Kraków,Mediolan,Włochy,Kraków,2026-08-25,2026-08-29,4,439.61,155.37,594.98,KRK,MILA,KRK,https://www.skyscanner.net/g/referrals/v1/flights/day-view/?origin=krk&destination=mila&outboundDate=2026-08-25&inboundDate=2026-08-29&market=PL&locale=pl-PL&currency=PLN&mediaPartnerId=6439681
Kraków,Mediolan,Włochy,Warszawa,2026-08-25,2026-08-31,6,439.61,155.38,594.99,KRK,MIL,WARS,https://skyscanner.net/g/referrals/v1/flights/multicity/?mediaPartnerId=6439681&origin0=krk&date0=2026-08-25&destination0=mil&origin1=mil&date1=2026-08-31&destination1=wars&adultsv2=1&market=PL&locale=pl-PL&currency=PLN
Kraków,Mediolan,Włochy,Warszawa,2026-08-25,2026-08-31,6,439.61,155.38,594.99,KRK,MILA,WARS,https://skyscanner.net/g/referrals/v1/flights/multicity/?mediaPartnerId=6439681&origin0=krk&date0=2026-08-25&destination0=mila&origin1=mila&date1=2026-08-31&destination1=wars&adultsv2=1&market=PL&locale=pl-PL&currency=PLN
Kraków,Gdańsk,Polska,Kraków,2026-08-24,2026-08-31,7,341.01,254.66,595.67,KRK,GDN,KRK,https://www.skyscanner.net/g/referrals/v1/flights/day-view/?origin=krk&destination=gdn&outboundDate=2026-08-24&inboundDate=2026-08-31&market=PL&locale=pl-PL&currency=PLN&mediaPartnerId=6439681
Katowice,Katania,Włochy,Wrocław,2026-08-24,2026-08-31,7,353.96,241.73,595.6899999999999,KTW,CTA,WRO,https://skyscanner.net/g/referrals/v1/flights/multicity/?mediaPartnerId=6439681&origin0=ktw&date0=2026-08-24&destination0=cta&origin1=cta&date1=2026-08-31&destination1=wro&adultsv2=1&market=PL&locale=pl-PL&currency=PLN
Kraków,Mediolan,Włochy,Warszawa,2026-08-29,2026-08-31,2,336.69,259.0,595.69,KRK,MILA,WARS,https://skyscanner.net/g/referrals/v1/flights/multicity/?mediaPartnerId=6439681&origin0=krk&date0=2026-08-29&destination0=mila&origin1=mila&date1=2026-08-31&destination1=wars&adultsv2=1&market=PL&locale=pl-PL&currency=PLN
Wrocław,Wenecja,Włochy,Kraków,2026-08-28,2026-08-30,2,306.47,289.27,595.74,WRO,TSF,KRK,https://skyscanner.net/g/referrals/v1/flights/multicity/?mediaPartnerId=6439681&origin0=wro&date0=2026-08-28&destination0=tsf&origin1=tsf&date1=2026-08-30&destination1=krk&adultsv2=1&market=PL&locale=pl-PL&currency=PLN
Kraków,Wenecja,Włochy,Poznań,2026-08-29,2026-08-31,2,229.0,367.31,596.31,KRK,TSF,POZ,https://skyscanner.net/g/referrals/v1/flights/multicity/?mediaPartnerId=6439681&origin0=krk&date0=2026-08-29&destination0=tsf&origin1=tsf&date1=2026-08-31&destination1=poz&adultsv2=1&market=PL&locale=pl-PL&currency=PLN
Kraków,Wenecja,Włochy,Poznań,2026-08-29,2026-08-31,2,229.0,367.31,596.31,KRK,TSF,POZ,https://skyscanner.net/g/referrals/v1/flights/multicity/?mediaPartnerId=6439681&origin0=krk&date0=2026-08-29&destination0=tsf&origin1=tsf&date1=2026-08-31&destination1=poz&adultsv2=1&market=PL&locale=pl-PL&currency=PLN
Poznań,Mediolan,Włochy,Warszawa,2026-08-26,2026-08-28,2,483.47,113.39,596.86,POZ,MILA,WARS,https://skyscanner.net/g/referrals/v1/flights/multicity/?mediaPartnerId=6439681&origin0=poz&date0=2026-08-26&destination0=mila&origin1=mila&date1=2026-08-28&destination1=wars&adultsv2=1&market=PL&locale=pl-PL&currency=PLN
Katowice,Lamezia,Włochy,Katowice,2026-08-25,2026-08-27,2,289.61,307.57,597.1800000000001,KTW,SUF,KTW,https://www.skyscanner.net/g/referrals/v1/flights/day-view/?origin=ktw&destination=suf&outboundDate=2026-08-25&inboundDate=2026-08-27&market=PL&locale=pl-PL&currency=PLN&mediaPartnerId=6439681
Poznań,Zadar,Chorwacja,Gdańsk,2026-08-24,2026-08-27,3,410.08,187.78,597.86,POZ,ZAD,GDN,https://skyscanner.net/g/referrals/v1/flights/multicity/?mediaPartnerId=6439681&origin0=poz&date0=2026-08-24&destination0=zad&origin1=zad&date1=2026-08-27&destination1=gdn&adultsv2=1&market=PL&locale=pl-PL&currency=PLN
Kraków,Gdańsk,Polska,Lublin,2026-08-24,2026-08-28,4,341.01,257.29,598.3,KRK,GDN,LUZ,https://skyscanner.net/g/referrals/v1/flights/multicity/?mediaPartnerId=6439681&origin0=krk&date0=2026-08-24&destination0=gdn&origin1=gdn&date1=2026-08-28&destination1=luz&adultsv2=1&market=PL&locale=pl-PL&currency=PLN
Gdańsk,Praga,Czechy,Gdańsk,2026-08-27,2026-08-29,2,456.99,141.53,598.52,GDN,PRG,GDN,https://www.skyscanner.net/g/referrals/v1/flights/day-view/?origin=gdn&destination=prg&outboundDate=2026-08-27&inboundDate=2026-08-29&market=PL&locale=pl-PL&currency=PLN&mediaPartnerId=6439681
Katowice,Wenecja,Włochy,Warszawa,2026-08-25,2026-08-28,3,331.31,267.27,598.5799999999999,KTW,TSF,WARS,https://skyscanner.net/g/referrals/v1/flights/multicity/?mediaPartnerId=6439681&origin0=ktw&date0=2026-08-25&destination0=tsf&origin1=tsf&date1=2026-08-28&destination1=wars&adultsv2=1&market=PL&locale=pl-PL&currency=PLN
Wrocław,Piza,Włochy,Wrocław,2026-08-26,2026-08-29,3,390.54,208.31,598.85,WRO,PSA,WRO,https://www.skyscanner.net/g/referrals/v1/flights/day-view/?origin=wro&destination=psa&outboundDate=2026-08-26&inboundDate=2026-08-29&market=PL&locale=pl-PL&currency=PLN&mediaPartnerId=6439681
Poznań,Dubrovnik,Chorwacja,Gdańsk,2026-08-27,2026-08-30,3,168.32,431.7,600.02,POZ,DBV,GDN,https://skyscanner.net/g/referrals/v1/flights/multicity/?mediaPartnerId=6439681&origin0=poz&date0=2026-08-27&destination0=dbv&origin1=dbv&date1=2026-08-30&destination1=gdn&adultsv2=1&market=PL&locale=pl-PL&currency=PLN
Wrocław,Wenecja,Włochy,Kraków,2026-08-26,2026-08-30,4,310.79,289.27,600.06,WRO,TSF,KRK,https://skyscanner.net/g/referrals/v1/flights/multicity/?mediaPartnerId=6439681&origin0=wro&date0=2026-08-26&destination0=tsf&origin1=tsf&date1=2026-08-30&destination1=krk&adultsv2=1&market=PL&locale=pl-PL&currency=PLN
Kraków,Bolonia,Włochy,Kraków,2026-08-26,2026-08-31,5,311.01,289.2,600.21,KRK,BLQ,KRK,https://www.skyscanner.net/g/referrals/v1/flights/day-view/?origin=krk&destination=blq&outboundDate=2026-08-26&inboundDate=2026-08-31&market=PL&locale=pl-PL&currency=PLN&mediaPartnerId=6439681
Warszawa,Mediolan,Włochy,Wrocław,2026-08-27,2026-08-30,3,365.93,235.27,601.2,WARS,MILA,WRO,https://skyscanner.net/g/referrals/v1/flights/multicity/?mediaPartnerId=6439681&origin0=wars&date0=2026-08-27&destination0=mila&origin1=mila&date1=2026-08-30&destination1=wro&adultsv2=1&market=PL&locale=pl-PL&currency=PLN
Kraków,Rzym,Włochy,Kraków,2026-08-29,2026-08-31,2,359.0,242.31,601.31,KRK,ROME,KRK,https://www.skyscanner.net/g/referrals/v1/flights/day-view/?origin=krk&destination=rome&outboundDate=2026-08-29&inboundDate=2026-08-31&market=PL&locale=pl-PL&currency=PLN&mediaPartnerId=6439681
Katowice,Rzym,Włochy,Kraków,2026-08-29,2026-08-31,2,359.0,242.31,601.31,KTW,ROME,KRK,https://skyscanner.net/g/referrals/v1/flights/multicity/?mediaPartnerId=6439681&origin0=ktw&date0=2026-08-29&destination0=rome&origin1=rome&date1=2026-08-31&destination1=krk&adultsv2=1&market=PL&locale=pl-PL&currency=PLN
Katowice,Rzym,Włochy,Kraków,2026-08-29,2026-08-31,2,359.0,242.31,601.31,KTW,ROME,KRK,https://skyscanner.net/g/referrals/v1/flights/multicity/?mediaPartnerId=6439681&origin0=ktw&date0=2026-08-29&destination0=rome&origin1=rome&date1=2026-08-31&destination1=krk&adultsv2=1&market=PL&locale=pl-PL&currency=PLN
Kraków,Rzym,Włochy,Kraków,2026-08-29,2026-08-31,2,359.0,242.31,601.31,KRK,ROME,KRK,https://www.skyscanner.net/g/referrals/v1/flights/day-view/?origin=krk&destination=rome&outboundDate=2026-08-29&inboundDate=2026-08-31&market=PL&locale=pl-PL&currency=PLN&mediaPartnerId=6439681
Kraków,Piza,Włochy,Warszawa,2026-08-26,2026-08-30,4,410.08,191.31,601.39,KRK,PSA,WARS,https://skyscanner.net/g/referrals/v1/flights/multicity/?mediaPartnerId=6439681&origin0=krk&date0=2026-08-26&destination0=psa&origin1=psa&date1=2026-08-30&destination1=wars&adultsv2=1&market=PL&locale=pl-PL&currency=PLN
Warszawa,Rzym,Włochy,Kraków,2026-08-28,2026-08-30,2,296.34,306.36,602.7,WARS,ROME,KRK,https://skyscanner.net/g/referrals/v1/flights/multicity/?mediaPartnerId=6439681&origin0=wars&date0=2026-08-28&destination0=rome&origin1=rome&date1=2026-08-30&destination1=krk&adultsv2=1&market=PL&locale=pl-PL&currency=PLN
Lublin,Gdańsk,Polska,Wrocław,2026-08-28,2026-08-30,2,283.94,319.42,603.36,LUZ,GDN,WRO,https://skyscanner.net/g/referrals/v1/flights/multicity/?mediaPartnerId=6439681&origin0=luz&date0=2026-08-28&destination0=gdn&origin1=gdn&date1=2026-08-30&destination1=wro&adultsv2=1&market=PL&locale=pl-PL&currency=PLN
Katowice,Dubrovnik,Chorwacja,Gdańsk,2026-08-25,2026-08-27,2,238.0,365.36,603.36,KTW,DBV,GDN,https://skyscanner.net/g/referrals/v1/flights/multicity/?mediaPartnerId=6439681&origin0=ktw&date0=2026-08-25&destination0=dbv&origin1=dbv&date1=2026-08-27&destination1=gdn&adultsv2=1&market=PL&locale=pl-PL&currency=PLN
Katowice,Mediolan,Włochy,Poznań,2026-08-27,2026-08-29,2,349.54,254.67,604.21,KTW,MILA,POZ,https://skyscanner.net/g/referrals/v1/flights/multicity/?mediaPartnerId=6439681&origin0=ktw&date0=2026-08-27&destination0=mila&origin1=mila&date1=2026-08-29&destination1=poz&adultsv2=1&market=PL&locale=pl-PL&currency=PLN
Katowice,Mediolan,Włochy,Poznań,2026-08-25,2026-08-29,4,349.54,254.67,604.21,KTW,MILA,POZ,https://skyscanner.net/g/referrals/v1/flights/multicity/?mediaPartnerId=6439681&origin0=ktw&date0=2026-08-25&destination0=mila&origin1=mila&date1=2026-08-29&destination1=poz&adultsv2=1&market=PL&locale=pl-PL&currency=PLN
Warszawa,Mediolan,Włochy,Kraków,2026-08-29,2026-08-31,2,319.31,284.91,604.22,WARS,MIL,KRK,https://skyscanner.net/g/referrals/v1/flights/multicity/?mediaPartnerId=6439681&origin0=wars&date0=2026-08-29&destination0=mil&origin1=mil&date1=2026-08-31&destination1=krk&adultsv2=1&market=PL&locale=pl-PL&currency=PLN
Poznań,Mediolan,Włochy,Gdańsk,2026-08-27,2026-08-29,2,332.37,271.93,604.3,POZ,MILA,GDN,https://skyscanner.net/g/referrals/v1/flights/multicity/?mediaPartnerId=6439681&origin0=poz&date0=2026-08-27&destination0=mila&origin1=mila&date1=2026-08-29&destination1=gdn&adultsv2=1&market=PL&locale=pl-PL&currency=PLN
Kraków,Gdańsk,Polska,Kraków,2026-08-24,2026-08-27,3,341.01,263.3,604.31,KRK,GDN,KRK,https://www.skyscanner.net/g/referrals/v1/flights/day-view/?origin=krk&destination=gdn&outboundDate=2026-08-24&inboundDate=2026-08-27&market=PL&locale=pl-PL&currency=PLN&mediaPartnerId=6439681
Kraków,Bolonia,Włochy,Wrocław,2026-08-28,2026-08-31,3,328.06,276.25,604.31,KRK,BLQ,WRO,https://skyscanner.net/g/referrals/v1/flights/multicity/?mediaPartnerId=6439681&origin0=krk&date0=2026-08-28&destination0=blq&origin1=blq&date1=2026-08-31&destination1=wro&adultsv2=1&market=PL&locale=pl-PL&currency=PLN
Poznań,Mediolan,Włochy,Warszawa,2026-08-28,2026-08-30,2,258.98,345.35,604.33,POZ,MILA,WARS,https://skyscanner.net/g/referrals/v1/flights/multicity/?mediaPartnerId=6439681&origin0=poz&date0=2026-08-28&destination0=mila&origin1=mila&date1=2026-08-30&destination1=wars&adultsv2=1&market=PL&locale=pl-PL&currency=PLN
Katowice,Katania,Włochy,Katowice,2026-08-27,2026-08-31,4,319.42,284.91,604.33,KTW,CTA,KTW,https://www.skyscanner.net/g/referrals/v1/flights/day-view/?origin=ktw&destination=cta&outboundDate=2026-08-27&inboundDate=2026-08-31&market=PL&locale=pl-PL&currency=PLN&mediaPartnerId=6439681
Kraków,Dubrovnik,Chorwacja,Gdańsk,2026-08-26,2026-08-30,4,172.64,431.7,604.3399999999999,KRK,DBV,GDN,https://skyscanner.net/g/referrals/v1/flights/multicity/?mediaPartnerId=6439681&origin0=krk&date0=2026-08-26&destination0=dbv&origin1=dbv&date1=2026-08-30&destination1=gdn&adultsv2=1&market=PL&locale=pl-PL&currency=PLN
Katowice,Dubrovnik,Chorwacja,Poznań,2026-08-23,2026-08-27,4,86.3,518.16,604.4599999999999,KTW,DBV,POZ,https://skyscanner.net/g/referrals/v1/flights/multicity/?mediaPartnerId=6439681&origin0=ktw&date0=2026-08-23&destination0=dbv&origin1=dbv&date1=2026-08-27&destination1=poz&adultsv2=1&market=PL&locale=pl-PL&currency=PLN
Warszawa,Mediolan,Włochy,Kraków,2026-08-27,2026-08-31,4,365.93,238.75,604.6800000000001,WARS,MILA,KRK,https://skyscanner.net/g/referrals/v1/flights/multicity/?mediaPartnerId=6439681&origin0=wars&date0=2026-08-27&destination0=mila&origin1=mila&date1=2026-08-31&destination1=krk&adultsv2=1&market=PL&locale=pl-PL&currency=PLN
Wrocław,Bolonia,Włochy,Warszawa,2026-08-25,2026-08-27,2,284.89,319.86,604.75,WRO,BLQ,WARS,https://skyscanner.net/g/referrals/v1/flights/multicity/?mediaPartnerId=6439681&origin0=wro&date0=2026-08-25&destination0=blq&origin1=blq&date1=2026-08-27&destination1=wars&adultsv2=1&market=PL&locale=pl-PL&currency=PLN
Katowice,Wenecja,Włochy,Gdańsk,2026-08-29,2026-08-31,2,290.16,315.11,605.27,KTW,TSF,GDN,https://skyscanner.net/g/referrals/v1/flights/multicity/?mediaPartnerId=6439681&origin0=ktw&date0=2026-08-29&destination0=tsf&origin1=tsf&date1=2026-08-31&destination1=gdn&adultsv2=1&market=PL&locale=pl-PL&currency=PLN
Katowice,Lamezia Terme,Włochy,Warszawa,2026-08-29,2026-08-31,2,109.0,496.46,605.46,KTW,SUF,WARS,https://skyscanner.net/g/referrals/v1/flights/multicity/?mediaPartnerId=6439681&origin0=ktw&date0=2026-08-29&destination0=suf&origin1=suf&date1=2026-08-31&destination1=wars&adultsv2=1&market=PL&locale=pl-PL&currency=PLN
Warszawa,Mediolan,Włochy,Wrocław,2026-08-29,2026-08-31,2,299.0,306.47,605.47,WARS,MILA,WRO,https://skyscanner.net/g/referrals/v1/flights/multicity/?mediaPartnerId=6439681&origin0=wars&date0=2026-08-29&destination0=mila&origin1=mila&date1=2026-08-31&destination1=wro&adultsv2=1&market=PL&locale=pl-PL&currency=PLN
Warszawa,Mediolan,Włochy,Wrocław,2026-08-29,2026-08-31,2,299.0,306.47,605.47,WARS,MILA,WRO,https://skyscanner.net/g/referrals/v1/flights/multicity/?mediaPartnerId=6439681&origin0=wars&date0=2026-08-29&destination0=mila&origin1=mila&date1=2026-08-31&destination1=wro&adultsv2=1&market=PL&locale=pl-PL&currency=PLN
Poznań,Zadar,Chorwacja,Warszawa,2026-08-25,2026-08-27,2,164.01,441.93,605.94,POZ,ZAD,WARS,https://skyscanner.net/g/referrals/v1/flights/multicity/?mediaPartnerId=6439681&origin0=poz&date0=2026-08-25&destination0=zad&origin1=zad&date1=2026-08-27&destination1=wars&adultsv2=1&market=PL&locale=pl-PL&currency=PLN
Poznań,Podgorica,Czarnogóra,Wrocław,2026-08-27,2026-08-30,3,174.31,431.7,606.01,POZ,TGD,WRO,https://skyscanner.net/g/referrals/v1/flights/multicity/?mediaPartnerId=6439681&origin0=poz&date0=2026-08-27&destination0=tgd&origin1=tgd&date1=2026-08-30&destination1=wro&adultsv2=1&market=PL&locale=pl-PL&currency=PLN
Warszawa,Mediolan,Włochy,Gdańsk,2026-08-29,2026-08-31,2,409.0,198.56,607.56,WARS,MIL,GDN,https://skyscanner.net/g/referrals/v1/flights/multicity/?mediaPartnerId=6439681&origin0=wars&date0=2026-08-29&destination0=mil&origin1=mil&date1=2026-08-31&destination1=gdn&adultsv2=1&market=PL&locale=pl-PL&currency=PLN
Warszawa,Mediolan,Włochy,Gdańsk,2026-08-29,2026-08-31,2,409.0,198.56,607.56,WARS,MILA,GDN,https://skyscanner.net/g/referrals/v1/flights/multicity/?mediaPartnerId=6439681&origin0=wars&date0=2026-08-29&destination0=mila&origin1=mila&date1=2026-08-31&destination1=gdn&adultsv2=1&market=PL&locale=pl-PL&currency=PLN
Kraków,Mediolan,Włochy,Gdańsk,2026-08-29,2026-08-31,2,409.0,198.56,607.56,KRK,MIL,GDN,https://skyscanner.net/g/referrals/v1/flights/multicity/?mediaPartnerId=6439681&origin0=krk&date0=2026-08-29&destination0=mil&origin1=mil&date1=2026-08-31&destination1=gdn&adultsv2=1&market=PL&locale=pl-PL&currency=PLN
Kraków,Mediolan,Włochy,Gdańsk,2026-08-29,2026-08-31,2,409.0,198.56,607.56,KRK,MILA,GDN,https://skyscanner.net/g/referrals/v1/flights/multicity/?mediaPartnerId=6439681&origin0=krk&date0=2026-08-29&destination0=mila&origin1=mila&date1=2026-08-31&destination1=gdn&adultsv2=1&market=PL&locale=pl-PL&currency=PLN
Kraków,Mediolan,Włochy,Gdańsk,2026-08-29,2026-08-31,2,409.0,198.56,607.56,KRK,MILA,GDN,https://skyscanner.net/g/referrals/v1/flights/multicity/?mediaPartnerId=6439681&origin0=krk&date0=2026-08-29&destination0=mila&origin1=mila&date1=2026-08-31&destination1=gdn&adultsv2=1&market=PL&locale=pl-PL&currency=PLN
Kraków,Mediolan,Włochy,Gdańsk,2026-08-29,2026-08-31,2,409.0,198.56,607.56,KRK,MIL,GDN,https://skyscanner.net/g/referrals/v1/flights/multicity/?mediaPartnerId=6439681&origin0=krk&date0=2026-08-29&destination0=mil&origin1=mil&date1=2026-08-31&destination1=gdn&adultsv2=1&market=PL&locale=pl-PL&currency=PLN
Warszawa,Mediolan,Włochy,Kraków,2026-08-27,2026-08-29,2,365.93,241.73,607.66,WARS,MIL,KRK,https://skyscanner.net/g/referrals/v1/flights/multicity/?mediaPartnerId=6439681&origin0=wars&date0=2026-08-27&destination0=mil&origin1=mil&date1=2026-08-29&destination1=krk&adultsv2=1&market=PL&locale=pl-PL&currency=PLN
Warszawa,Mediolan,Włochy,Kraków,2026-08-27,2026-08-29,2,365.93,241.73,607.66,WARS,MILA,KRK,https://skyscanner.net/g/referrals/v1/flights/multicity/?mediaPartnerId=6439681&origin0=wars&date0=2026-08-27&destination0=mila&origin1=mila&date1=2026-08-29&destination1=krk&adultsv2=1&market=PL&locale=pl-PL&currency=PLN
Katowice,Mediolan,Włochy,Wrocław,2026-08-25,2026-08-28,3,349.54,258.98,608.52,KTW,MILA,WRO,https://skyscanner.net/g/referrals/v1/flights/multicity/?mediaPartnerId=6439681&origin0=ktw&date0=2026-08-25&destination0=mila&origin1=mila&date1=2026-08-28&destination1=wro&adultsv2=1&market=PL&locale=pl-PL&currency=PLN
Katowice,Mediolan,Włochy,Gdańsk,2026-08-25,2026-08-28,3,349.54,258.98,608.52,KTW,MILA,GDN,https://skyscanner.net/g/referrals/v1/flights/multicity/?mediaPartnerId=6439681&origin0=ktw&date0=2026-08-25&destination0=mila&origin1=mila&date1=2026-08-28&destination1=gdn&adultsv2=1&market=PL&locale=pl-PL&currency=PLN
Katowice,Mediolan,Włochy,Warszawa,2026-08-27,2026-08-29,2,349.54,259.0,608.54,KTW,MIL,WARS,https://skyscanner.net/g/referrals/v1/flights/multicity/?mediaPartnerId=6439681&origin0=ktw&date0=2026-08-27&destination0=mil&origin1=mil&date1=2026-08-29&destination1=wars&adultsv2=1&market=PL&locale=pl-PL&currency=PLN
Katowice,Mediolan,Włochy,Warszawa,2026-08-27,2026-08-29,2,349.54,259.0,608.54,KTW,MILA,WARS,https://skyscanner.net/g/referrals/v1/flights/multicity/?mediaPartnerId=6439681&origin0=ktw&date0=2026-08-27&destination0=mila&origin1=mila&date1=2026-08-29&destination1=wars&adultsv2=1&market=PL&locale=pl-PL&currency=PLN
Katowice,Mediolan,Włochy,Warszawa,2026-08-27,2026-08-31,4,349.54,259.0,608.54,KTW,MILA,WARS,https://skyscanner.net/g/referrals/v1/flights/multicity/?mediaPartnerId=6439681&origin0=ktw&date0=2026-08-27&destination0=mila&origin1=mila&date1=2026-08-31&destination1=wars&adultsv2=1&market=PL&locale=pl-PL&currency=PLN
Katowice,Mediolan,Włochy,Warszawa,2026-08-25,2026-08-29,4,349.54,259.0,608.54,KTW,MIL,WARS,https://skyscanner.net/g/referrals/v1/flights/multicity/?mediaPartnerId=6439681&origin0=ktw&date0=2026-08-25&destination0=mil&origin1=mil&date1=2026-08-29&destination1=wars&adultsv2=1&market=PL&locale=pl-PL&currency=PLN
Katowice,Mediolan,Włochy,Warszawa,2026-08-25,2026-08-31,6,349.54,259.0,608.54,KTW,MILA,WARS,https://skyscanner.net/g/referrals/v1/flights/multicity/?mediaPartnerId=6439681&origin0=ktw&date0=2026-08-25&destination0=mila&origin1=mila&date1=2026-08-31&destination1=wars&adultsv2=1&market=PL&locale=pl-PL&currency=PLN
Katowice,Mediolan,Włochy,Warszawa,2026-08-25,2026-08-29,4,349.54,259.0,608.54,KTW,MILA,WARS,https://skyscanner.net/g/referrals/v1/flights/multicity/?mediaPartnerId=6439681&origin0=ktw&date0=2026-08-25&destination0=mila&origin1=mila&date1=2026-08-29&destination1=wars&adultsv2=1&market=PL&locale=pl-PL&currency=PLN
Katowice,Mediolan,Włochy,Warszawa,2026-08-28,2026-08-31,3,349.54,259.0,608.54,KTW,MILA,WARS,https://skyscanner.net/g/referrals/v1/flights/multicity/?mediaPartnerId=6439681&origin0=ktw&date0=2026-08-28&destination0=mila&origin1=mila&date1=2026-08-31&destination1=wars&adultsv2=1&market=PL&locale=pl-PL&currency=PLN
Warszawa,Mediolan,Włochy,Wrocław,2026-08-28,2026-08-31,3,302.21,306.47,608.6800000000001,WARS,MILA,WRO,https://skyscanner.net/g/referrals/v1/flights/multicity/?mediaPartnerId=6439681&origin0=wars&date0=2026-08-28&destination0=mila&origin1=mila&date1=2026-08-31&destination1=wro&adultsv2=1&market=PL&locale=pl-PL&currency=PLN
Wrocław,Sofia,Bułagria,Warszawa,2026-08-25,2026-08-28,3,194.23,414.53,608.76,WRO,SOF,WARS,https://skyscanner.net/g/referrals/v1/flights/multicity/?mediaPartnerId=6439681&origin0=wro&date0=2026-08-25&destination0=sof&origin1=sof&date1=2026-08-28&destination1=wars&adultsv2=1&market=PL&locale=pl-PL&currency=PLN
Katowice,Lamezia,Włochy,Warszawa,2026-08-25,2026-08-28,3,289.61,319.44,609.05,KTW,SUF,WARS,https://skyscanner.net/g/referrals/v1/flights/multicity/?mediaPartnerId=6439681&origin0=ktw&date0=2026-08-25&destination0=suf&origin1=suf&date1=2026-08-28&destination1=wars&adultsv2=1&market=PL&locale=pl-PL&currency=PLN
Kraków,Katania,Włochy,Gdańsk,2026-08-27,2026-08-30,3,177.4,431.7,609.1,KRK,CTA,GDN,https://skyscanner.net/g/referrals/v1/flights/multicity/?mediaPartnerId=6439681&origin0=krk&date0=2026-08-27&destination0=cta&origin1=cta&date1=2026-08-30&destination1=gdn&adultsv2=1&market=PL&locale=pl-PL&currency=PLN
Kraków,Bolonia,Włochy,Warszawa,2026-08-25,2026-08-28,3,427.35,182.0,609.35,KRK,BLQ,WARS,https://skyscanner.net/g/referrals/v1/flights/multicity/?mediaPartnerId=6439681&origin0=krk&date0=2026-08-25&destination0=blq&origin1=blq&date1=2026-08-28&destination1=wars&adultsv2=1&market=PL&locale=pl-PL&currency=PLN
Gdańsk,Kraków,Polska,Szczecin,2026-08-27,2026-08-31,4,263.3,346.57,609.87,GDN,KRK,SZZ,https://skyscanner.net/g/referrals/v1/flights/multicity/?mediaPartnerId=6439681&origin0=gdn&date0=2026-08-27&destination0=krk&origin1=krk&date1=2026-08-31&destination1=szz&adultsv2=1&market=PL&locale=pl-PL&currency=PLN
Warszawa,Bari,Włochy,Kraków,2026-08-27,2026-08-30,3,217.31,392.81,610.12,WARS,BRI,KRK,https://skyscanner.net/g/referrals/v1/flights/multicity/?mediaPartnerId=6439681&origin0=wars&date0=2026-08-27&destination0=bri&origin1=bri&date1=2026-08-30&destination1=krk&adultsv2=1&market=PL&locale=pl-PL&currency=PLN
Warszawa,Mediolan,Włochy,Wrocław,2026-08-27,2026-08-29,2,365.93,244.25,610.1800000000001,WARS,MILA,WRO,https://skyscanner.net/g/referrals/v1/flights/multicity/?mediaPartnerId=6439681&origin0=wars&date0=2026-08-27&destination0=mila&origin1=mila&date1=2026-08-29&destination1=wro&adultsv2=1&market=PL&locale=pl-PL&currency=PLN
Warszawa,Mediolan,Włochy,Gdańsk,2026-08-27,2026-08-31,4,365.93,244.25,610.1800000000001,WARS,MILA,GDN,https://skyscanner.net/g/referrals/v1/flights/multicity/?mediaPartnerId=6439681&origin0=wars&date0=2026-08-27&destination0=mila&origin1=mila&date1=2026-08-31&destination1=gdn&adultsv2=1&market=PL&locale=pl-PL&currency=PLN
Warszawa,Palermo,Włochy,Warszawa,2026-08-26,2026-08-30,4,114.33,496.46,610.79,WARS,PMO,WARS,https://www.skyscanner.net/g/referrals/v1/flights/day-view/?origin=wars&destination=pmo&outboundDate=2026-08-26&inboundDate=2026-08-30&market=PL&locale=pl-PL&currency=PLN&mediaPartnerId=6439681
Warszawa,Mediolan,Włochy,Kraków,2026-08-26,2026-08-29,3,455.6,155.37,610.97,WARS,MILA,KRK,https://skyscanner.net/g/referrals/v1/flights/multicity/?mediaPartnerId=6439681&origin0=wars&date0=2026-08-26&destination0=mila&origin1=mila&date1=2026-08-29&destination1=krk&adultsv2=1&market=PL&locale=pl-PL&currency=PLN
Warszawa,Mediolan,Włochy,Warszawa,2026-08-26,2026-08-31,5,455.6,155.38,610.98,WARS,MILA,WARS,https://www.skyscanner.net/g/referrals/v1/flights/day-view/?origin=wars&destination=mila&outboundDate=2026-08-26&inboundDate=2026-08-31&market=PL&locale=pl-PL&currency=PLN&mediaPartnerId=6439681
Warszawa,Mediolan,Włochy,Warszawa,2026-08-26,2026-08-31,5,455.6,155.38,610.98,WARS,MIL,WARS,https://www.skyscanner.net/g/referrals/v1/flights/day-view/?origin=wars&destination=mil&outboundDate=2026-08-26&inboundDate=2026-08-31&market=PL&locale=pl-PL&currency=PLN&mediaPartnerId=6439681
Warszawa,Mediolan,Włochy,Warszawa,2026-08-27,2026-08-30,3,365.93,245.26,611.19,WARS,MILA,WARS,https://www.skyscanner.net/g/referrals/v1/flights/day-view/?origin=wars&destination=mila&outboundDate=2026-08-27&inboundDate=2026-08-30&market=PL&locale=pl-PL&currency=PLN&mediaPartnerId=6439681
Warszawa,Wenecja,Włochy,Kraków,2026-08-26,2026-08-29,3,462.37,149.0,611.37,WARS,TSF,KRK,https://skyscanner.net/g/referrals/v1/flights/multicity/?mediaPartnerId=6439681&origin0=wars&date0=2026-08-26&destination0=tsf&origin1=tsf&date1=2026-08-29&destination1=krk&adultsv2=1&market=PL&locale=pl-PL&currency=PLN
Katowice,Mediolan,Włochy,Kraków,2026-08-26,2026-08-28,2,512.46,98.93,611.3900000000001,KTW,MILA,KRK,https://skyscanner.net/g/referrals/v1/flights/multicity/?mediaPartnerId=6439681&origin0=ktw&date0=2026-08-26&destination0=mila&origin1=mila&date1=2026-08-28&destination1=krk&adultsv2=1&market=PL&locale=pl-PL&currency=PLN
Kraków,Mediolan,Włochy,Warszawa,2026-08-27,2026-08-31,4,505.06,106.56,611.62,KRK,MILA,WARS,https://skyscanner.net/g/referrals/v1/flights/multicity/?mediaPartnerId=6439681&origin0=krk&date0=2026-08-27&destination0=mila&origin1=mila&date1=2026-08-31&destination1=wars&adultsv2=1&market=PL&locale=pl-PL&currency=PLN
Warszawa,Sztokholm,Szwecja,Warszawa,2026-08-25,2026-08-29,4,461.81,149.92,611.73,WARS,ARN,WARS,https://www.skyscanner.net/g/referrals/v1/flights/day-view/?origin=wars&destination=arn&outboundDate=2026-08-25&inboundDate=2026-08-29&market=PL&locale=pl-PL&currency=PLN&mediaPartnerId=6439681
Kraków,Mediolan,Włochy,Warszawa,2026-08-25,2026-08-30,5,439.61,172.65,612.26,KRK,MIL,WARS,https://skyscanner.net/g/referrals/v1/flights/multicity/?mediaPartnerId=6439681&origin0=krk&date0=2026-08-25&destination0=mil&origin1=mil&date1=2026-08-30&destination1=wars&adultsv2=1&market=PL&locale=pl-PL&currency=PLN
Kraków,Mediolan,Włochy,Warszawa,2026-08-25,2026-08-30,5,439.61,172.65,612.26,KRK,MILA,WARS,https://skyscanner.net/g/referrals/v1/flights/multicity/?mediaPartnerId=6439681&origin0=krk&date0=2026-08-25&destination0=mila&origin1=mila&date1=2026-08-30&destination1=wars&adultsv2=1&market=PL&locale=pl-PL&currency=PLN
Poznań,Podgorica,Czarnogóra,Kraków,2026-08-27,2026-08-31,4,174.31,438.15,612.46,POZ,TGD,KRK,https://skyscanner.net/g/referrals/v1/flights/multicity/?mediaPartnerId=6439681&origin0=poz&date0=2026-08-27&destination0=tgd&origin1=tgd&date1=2026-08-31&destination1=krk&adultsv2=1&market=PL&locale=pl-PL&currency=PLN
Warszawa,Sztokholm,Szwecja,Kraków,2026-08-25,2026-08-27,2,461.81,150.82,612.63,WARS,ARN,KRK,https://skyscanner.net/g/referrals/v1/flights/multicity/?mediaPartnerId=6439681&origin0=wars&date0=2026-08-25&destination0=arn&origin1=arn&date1=2026-08-27&destination1=krk&adultsv2=1&market=PL&locale=pl-PL&currency=PLN
Gdańsk,Dubrovnik,Chorwacja,Wrocław,2026-08-27,2026-08-31,4,142.11,470.52,612.63,GDN,DBV,WRO,https://skyscanner.net/g/referrals/v1/flights/multicity/?mediaPartnerId=6439681&origin0=gdn&date0=2026-08-27&destination0=dbv&origin1=dbv&date1=2026-08-31&destination1=wro&adultsv2=1&market=PL&locale=pl-PL&currency=PLN
Kraków,Mediolan,Włochy,Wrocław,2026-08-28,2026-08-31,3,306.47,306.47,612.94,KRK,MILA,WRO,https://skyscanner.net/g/referrals/v1/flights/multicity/?mediaPartnerId=6439681&origin0=krk&date0=2026-08-28&destination0=mila&origin1=mila&date1=2026-08-31&destination1=wro&adultsv2=1&market=PL&locale=pl-PL&currency=PLN
Kraków,Gdańsk,Polska,Wrocław,2026-08-24,2026-08-28,4,341.01,271.93,612.94,KRK,GDN,WRO,https://skyscanner.net/g/referrals/v1/flights/multicity/?mediaPartnerId=6439681&origin0=krk&date0=2026-08-24&destination0=gdn&origin1=gdn&date1=2026-08-28&destination1=wro&adultsv2=1&market=PL&locale=pl-PL&currency=PLN
Katowice,Katania,Włochy,Gdańsk,2026-08-23,2026-08-29,6,310.79,302.17,612.96,KTW,CTA,GDN,https://skyscanner.net/g/referrals/v1/flights/multicity/?mediaPartnerId=6439681&origin0=ktw&date0=2026-08-23&destination0=cta&origin1=cta&date1=2026-08-29&destination1=gdn&adultsv2=1&market=PL&locale=pl-PL&currency=PLN
Wrocław,Wenecja,Włochy,Kraków,2026-08-26,2026-08-28,2,310.79,302.21,613.0,WRO,TSF,KRK,https://skyscanner.net/g/referrals/v1/flights/multicity/?mediaPartnerId=6439681&origin0=wro&date0=2026-08-26&destination0=tsf&origin1=tsf&date1=2026-08-28&destination1=krk&adultsv2=1&market=PL&locale=pl-PL&currency=PLN
Kraków,Dubrovnik,Chorwacja,Poznań,2026-08-25,2026-08-27,2,95.0,518.16,613.16,KRK,DBV,POZ,https://skyscanner.net/g/referrals/v1/flights/multicity/?mediaPartnerId=6439681&origin0=krk&date0=2026-08-25&destination0=dbv&origin1=dbv&date1=2026-08-27&destination1=poz&adultsv2=1&market=PL&locale=pl-PL&currency=PLN
Kraków,Wenecja,Włochy,Gdańsk,2026-08-25,2026-08-27,2,518.7,95.0,613.7,KRK,TSF,GDN,https://skyscanner.net/g/referrals/v1/flights/multicity/?mediaPartnerId=6439681&origin0=krk&date0=2026-08-25&destination0=tsf&origin1=tsf&date1=2026-08-27&destination1=gdn&adultsv2=1&market=PL&locale=pl-PL&currency=PLN
Warszawa,Wenecja,Włochy,Katowice,2026-08-26,2026-08-29,3,462.37,151.52,613.89,WARS,TSF,KTW,https://skyscanner.net/g/referrals/v1/flights/multicity/?mediaPartnerId=6439681&origin0=wars&date0=2026-08-26&destination0=tsf&origin1=tsf&date1=2026-08-29&destination1=ktw&adultsv2=1&market=PL&locale=pl-PL&currency=PLN
Katowice,Mediolan,Włochy,Katowice,2026-08-25,2026-08-28,3,349.54,264.36,613.9000000000001,KTW,MILA,KTW,https://www.skyscanner.net/g/referrals/v1/flights/day-view/?origin=ktw&destination=mila&outboundDate=2026-08-25&inboundDate=2026-08-28&market=PL&locale=pl-PL&currency=PLN&mediaPartnerId=6439681
Kraków,Mediolan,Włochy,Kraków,2026-08-25,2026-08-31,6,439.61,174.31,613.9200000000001,KRK,MILA,KRK,https://www.skyscanner.net/g/referrals/v1/flights/day-view/?origin=krk&destination=mila&outboundDate=2026-08-25&inboundDate=2026-08-31&market=PL&locale=pl-PL&currency=PLN&mediaPartnerId=6439681
Kraków,Wenecja,Włochy,Kraków,2026-08-25,2026-08-27,2,518.7,95.56,614.26,KRK,TSF,KRK,https://www.skyscanner.net/g/referrals/v1/flights/day-view/?origin=krk&destination=tsf&outboundDate=2026-08-25&inboundDate=2026-08-27&market=PL&locale=pl-PL&currency=PLN&mediaPartnerId=6439681
Wrocław,Mediolan,Włochy,Wrocław,2026-08-27,2026-08-30,3,379.32,235.27,614.59,WRO,MILA,WRO,https://www.skyscanner.net/g/referrals/v1/flights/day-view/?origin=wro&destination=mila&outboundDate=2026-08-27&inboundDate=2026-08-30&market=PL&locale=pl-PL&currency=PLN&mediaPartnerId=6439681
Wrocław,Bolonia,Włochy,Warszawa,2026-08-27,2026-08-30,3,220.13,394.67,614.8,WRO,BLQ,WARS,https://skyscanner.net/g/referrals/v1/flights/multicity/?mediaPartnerId=6439681&origin0=wro&date0=2026-08-27&destination0=blq&origin1=blq&date1=2026-08-30&destination1=wars&adultsv2=1&market=PL&locale=pl-PL&currency=PLN
Warszawa,Mediolan,Włochy,Kraków,2026-08-29,2026-08-31,2,376.21,238.75,614.96,WARS,MILA,KRK,https://skyscanner.net/g/referrals/v1/flights/multicity/?mediaPartnerId=6439681&origin0=wars&date0=2026-08-29&destination0=mila&origin1=mila&date1=2026-08-31&destination1=krk&adultsv2=1&market=PL&locale=pl-PL&currency=PLN
Kraków,Katania,Włochy,Warszawa,2026-08-27,2026-08-30,3,177.4,437.77,615.17,KRK,CTA,WARS,https://skyscanner.net/g/referrals/v1/flights/multicity/?mediaPartnerId=6439681&origin0=krk&date0=2026-08-27&destination0=cta&origin1=cta&date1=2026-08-30&destination1=wars&adultsv2=1&market=PL&locale=pl-PL&currency=PLN
Warszawa,Mediolan,Włochy,Kraków,2026-08-25,2026-08-29,4,460.39,155.37,615.76,WARS,MILA,KRK,https://skyscanner.net/g/referrals/v1/flights/multicity/?mediaPartnerId=6439681&origin0=wars&date0=2026-08-25&destination0=mila&origin1=mila&date1=2026-08-29&destination1=krk&adultsv2=1&market=PL&locale=pl-PL&currency=PLN
Warszawa,Mediolan,Włochy,Warszawa,2026-08-25,2026-08-31,6,460.39,155.38,615.77,WARS,MILA,WARS,https://www.skyscanner.net/g/referrals/v1/flights/day-view/?origin=wars&destination=mila&outboundDate=2026-08-25&inboundDate=2026-08-31&market=PL&locale=pl-PL&currency=PLN&mediaPartnerId=6439681
Warszawa,Mediolan,Włochy,Warszawa,2026-08-25,2026-08-31,6,460.39,155.38,615.77,WARS,MIL,WARS,https://www.skyscanner.net/g/referrals/v1/flights/day-view/?origin=wars&destination=mil&outboundDate=2026-08-25&inboundDate=2026-08-31&market=PL&locale=pl-PL&currency=PLN&mediaPartnerId=6439681
Poznań,Mediolan,Włochy,Warszawa,2026-08-26,2026-08-28,2,483.47,132.31,615.78,POZ,MILA,WARS,https://skyscanner.net/g/referrals/v1/flights/multicity/?mediaPartnerId=6439681&origin0=poz&date0=2026-08-26&destination0=mila&origin1=mila&date1=2026-08-28&destination1=wars&adultsv2=1&market=PL&locale=pl-PL&currency=PLN
Kraków,Mediolan,Włochy,Warszawa,2026-08-25,2026-08-27,2,439.61,176.74,616.35,KRK,MILA,WARS,https://skyscanner.net/g/referrals/v1/flights/multicity/?mediaPartnerId=6439681&origin0=krk&date0=2026-08-25&destination0=mila&origin1=mila&date1=2026-08-27&destination1=wars&adultsv2=1&market=PL&locale=pl-PL&currency=PLN
Warszawa,Rzym,Włochy,Warszawa,2026-08-29,2026-08-31,2,341.46,275.03,616.49,WARS,ROME,WARS,https://www.skyscanner.net/g/referrals/v1/flights/day-view/?origin=wars&destination=rome&outboundDate=2026-08-29&inboundDate=2026-08-31&market=PL&locale=pl-PL&currency=PLN&mediaPartnerId=6439681
Kraków,Rzym,Włochy,Warszawa,2026-08-28,2026-08-31,3,341.46,275.03,616.49,KRK,ROME,WARS,https://skyscanner.net/g/referrals/v1/flights/multicity/?mediaPartnerId=6439681&origin0=krk&date0=2026-08-28&destination0=rome&origin1=rome&date1=2026-08-31&destination1=wars&adultsv2=1&market=PL&locale=pl-PL&currency=PLN
Poznań,Bari,Włochy,Kraków,2026-08-27,2026-08-30,3,223.72,392.81,616.53,POZ,BRI,KRK,https://skyscanner.net/g/referrals/v1/flights/multicity/?mediaPartnerId=6439681&origin0=poz&date0=2026-08-27&destination0=bri&origin1=bri&date1=2026-08-30&destination1=krk&adultsv2=1&market=PL&locale=pl-PL&currency=PLN
Katowice,Podgorica,Czarnogóra,Kraków,2026-08-29,2026-08-31,2,179.0,438.15,617.15,KTW,TGD,KRK,https://skyscanner.net/g/referrals/v1/flights/multicity/?mediaPartnerId=6439681&origin0=ktw&date0=2026-08-29&destination0=tgd&origin1=tgd&date1=2026-08-31&destination1=krk&adultsv2=1&market=PL&locale=pl-PL&currency=PLN
Kraków,Mediolan,Włochy,Kraków,2026-08-26,2026-08-29,3,461.89,155.37,617.26,KRK,MILA,KRK,https://www.skyscanner.net/g/referrals/v1/flights/day-view/?origin=krk&destination=mila&outboundDate=2026-08-26&inboundDate=2026-08-29&market=PL&locale=pl-PL&currency=PLN&mediaPartnerId=6439681
Kraków,Bolonia,Włochy,Kraków,2026-08-28,2026-08-31,3,328.06,289.2,617.26,KRK,BLQ,KRK,https://www.skyscanner.net/g/referrals/v1/flights/day-view/?origin=krk&destination=blq&outboundDate=2026-08-28&inboundDate=2026-08-31&market=PL&locale=pl-PL&currency=PLN&mediaPartnerId=6439681
Gdańsk,Kraków,Polska,Gdańsk,2026-08-25,2026-08-27,2,241.71,375.55,617.26,GDN,KRK,GDN,https://www.skyscanner.net/g/referrals/v1/flights/day-view/?origin=gdn&destination=krk&outboundDate=2026-08-25&inboundDate=2026-08-27&market=PL&locale=pl-PL&currency=PLN&mediaPartnerId=6439681
Poznań,Mediolan,Włochy,Kraków,2026-08-28,2026-08-30,2,258.98,358.28,617.26,POZ,MILA,KRK,https://skyscanner.net/g/referrals/v1/flights/multicity/?mediaPartnerId=6439681&origin0=poz&date0=2026-08-28&destination0=mila&origin1=mila&date1=2026-08-30&destination1=krk&adultsv2=1&market=PL&locale=pl-PL&currency=PLN
Kraków,Mediolan,Włochy,Warszawa,2026-08-26,2026-08-31,5,461.89,155.38,617.27,KRK,MIL,WARS,https://skyscanner.net/g/referrals/v1/flights/multicity/?mediaPartnerId=6439681&origin0=krk&date0=2026-08-26&destination0=mil&origin1=mil&date1=2026-08-31&destination1=wars&adultsv2=1&market=PL&locale=pl-PL&currency=PLN
Kraków,Mediolan,Włochy,Warszawa,2026-08-26,2026-08-31,5,461.89,155.38,617.27,KRK,MILA,WARS,https://skyscanner.net/g/referrals/v1/flights/multicity/?mediaPartnerId=6439681&origin0=krk&date0=2026-08-26&destination0=mila&origin1=mila&date1=2026-08-31&destination1=wars&adultsv2=1&market=PL&locale=pl-PL&currency=PLN
Poznań,Mediolan,Włochy,Warszawa,2026-08-27,2026-08-29,2,332.37,284.91,617.28,POZ,MILA,WARS,https://skyscanner.net/g/referrals/v1/flights/multicity/?mediaPartnerId=6439681&origin0=poz&date0=2026-08-27&destination0=mila&origin1=mila&date1=2026-08-29&destination1=wars&adultsv2=1&market=PL&locale=pl-PL&currency=PLN
Poznań,Mediolan,Włochy,Kraków,2026-08-27,2026-08-30,3,332.37,284.91,617.28,POZ,MIL,KRK,https://skyscanner.net/g/referrals/v1/flights/multicity/?mediaPartnerId=6439681&origin0=poz&date0=2026-08-27&destination0=mil&origin1=mil&date1=2026-08-30&destination1=krk&adultsv2=1&market=PL&locale=pl-PL&currency=PLN
Poznań,Mediolan,Włochy,Kraków,2026-08-27,2026-08-31,4,332.37,284.91,617.28,POZ,MIL,KRK,https://skyscanner.net/g/referrals/v1/flights/multicity/?mediaPartnerId=6439681&origin0=poz&date0=2026-08-27&destination0=mil&origin1=mil&date1=2026-08-31&destination1=krk&adultsv2=1&market=PL&locale=pl-PL&currency=PLN
Poznań,Mediolan,Włochy,Kraków,2026-08-27,2026-08-30,3,332.37,284.91,617.28,POZ,MILA,KRK,https://skyscanner.net/g/referrals/v1/flights/multicity/?mediaPartnerId=6439681&origin0=poz&date0=2026-08-27&destination0=mila&origin1=mila&date1=2026-08-30&destination1=krk&adultsv2=1&market=PL&locale=pl-PL&currency=PLN
Katowice,Katania,Włochy,Kraków,2026-08-24,2026-08-31,7,353.96,264.0,617.96,KTW,CTA,KRK,https://skyscanner.net/g/referrals/v1/flights/multicity/?mediaPartnerId=6439681&origin0=ktw&date0=2026-08-24&destination0=cta&origin1=cta&date1=2026-08-31&destination1=krk&adultsv2=1&market=PL&locale=pl-PL&currency=PLN
Wrocław,Mediolan,Włochy,Kraków,2026-08-27,2026-08-31,4,379.32,238.75,618.0699999999999,WRO,MILA,KRK,https://skyscanner.net/g/referrals/v1/flights/multicity/?mediaPartnerId=6439681&origin0=wro&date0=2026-08-27&destination0=mila&origin1=mila&date1=2026-08-31&destination1=krk&adultsv2=1&market=PL&locale=pl-PL&currency=PLN
Wrocław,Mediolan,Włochy,Kraków,2026-08-29,2026-08-31,2,379.32,238.75,618.0699999999999,WRO,MILA,KRK,https://skyscanner.net/g/referrals/v1/flights/multicity/?mediaPartnerId=6439681&origin0=wro&date0=2026-08-29&destination0=mila&origin1=mila&date1=2026-08-31&destination1=krk&adultsv2=1&market=PL&locale=pl-PL&currency=PLN
Poznań,Mediolan,Włochy,Katowice,2026-08-27,2026-08-29,2,332.37,285.75,618.12,POZ,MILA,KTW,https://skyscanner.net/g/referrals/v1/flights/multicity/?mediaPartnerId=6439681&origin0=poz&date0=2026-08-27&destination0=mila&origin1=mila&date1=2026-08-29&destination1=ktw&adultsv2=1&market=PL&locale=pl-PL&currency=PLN
Kraków,Piza,Włochy,Wrocław,2026-08-26,2026-08-29,3,410.08,208.31,618.39,KRK,PSA,WRO,https://skyscanner.net/g/referrals/v1/flights/multicity/?mediaPartnerId=6439681&origin0=krk&date0=2026-08-26&destination0=psa&origin1=psa&date1=2026-08-29&destination1=wro&adultsv2=1&market=PL&locale=pl-PL&currency=PLN
Warszawa,Mediolan,Włochy,Warszawa,2026-08-29,2026-08-31,2,299.0,319.48,618.48,WARS,MILA,WARS,https://www.skyscanner.net/g/referrals/v1/flights/day-view/?origin=wars&destination=mila&outboundDate=2026-08-29&inboundDate=2026-08-31&market=PL&locale=pl-PL&currency=PLN&mediaPartnerId=6439681
Warszawa,Mediolan,Włochy,Warszawa,2026-08-29,2026-08-31,2,299.0,319.48,618.48,WARS,MILA,WARS,https://www.skyscanner.net/g/referrals/v1/flights/day-view/?origin=wars&destination=mila&outboundDate=2026-08-29&inboundDate=2026-08-31&market=PL&locale=pl-PL&currency=PLN&mediaPartnerId=6439681
Katowice,Zadar,Chorwacja,Warszawa,2026-08-27,2026-08-30,3,79.0,539.63,618.63,KTW,ZAD,WARS,https://skyscanner.net/g/referrals/v1/flights/multicity/?mediaPartnerId=6439681&origin0=ktw&date0=2026-08-27&destination0=zad&origin1=zad&date1=2026-08-30&destination1=wars&adultsv2=1&market=PL&locale=pl-PL&currency=PLN
Katowice,Zadar,Chorwacja,Warszawa,2026-08-25,2026-08-30,5,79.0,539.63,618.63,KTW,ZAD,WARS,https://skyscanner.net/g/referrals/v1/flights/multicity/?mediaPartnerId=6439681&origin0=ktw&date0=2026-08-25&destination0=zad&origin1=zad&date1=2026-08-30&destination1=wars&adultsv2=1&market=PL&locale=pl-PL&currency=PLN
Katowice,Mediolan,Włochy,Warszawa,2026-08-26,2026-08-31,5,512.46,106.56,619.02,KTW,MILA,WARS,https://skyscanner.net/g/referrals/v1/flights/multicity/?mediaPartnerId=6439681&origin0=ktw&date0=2026-08-26&destination0=mila&origin1=mila&date1=2026-08-31&destination1=wars&adultsv2=1&market=PL&locale=pl-PL&currency=PLN
Warszawa,Sztokholm,Szwecja,Warszawa,2026-08-25,2026-08-31,6,461.81,157.36,619.1700000000001,WARS,ARN,WARS,https://www.skyscanner.net/g/referrals/v1/flights/day-view/?origin=wars&destination=arn&outboundDate=2026-08-25&inboundDate=2026-08-31&market=PL&locale=pl-PL&currency=PLN&mediaPartnerId=6439681
Kraków,Lamezia,Włochy,Kraków,2026-08-29,2026-08-31,2,373.05,246.4,619.45,KRK,SUF,KRK,https://www.skyscanner.net/g/referrals/v1/flights/day-view/?origin=krk&destination=suf&outboundDate=2026-08-29&inboundDate=2026-08-31&market=PL&locale=pl-PL&currency=PLN&mediaPartnerId=6439681
Kraków,Zadar,Chorwacja,Gdańsk,2026-08-25,2026-08-27,2,431.67,187.78,619.45,KRK,ZAD,GDN,https://skyscanner.net/g/referrals/v1/flights/multicity/?mediaPartnerId=6439681&origin0=krk&date0=2026-08-25&destination0=zad&origin1=zad&date1=2026-08-27&destination1=gdn&adultsv2=1&market=PL&locale=pl-PL&currency=PLN
Warszawa,Mediolan,Włochy,Gdańsk,2026-08-29,2026-08-31,2,376.21,244.25,620.46,WARS,MILA,GDN,https://skyscanner.net/g/referrals/v1/flights/multicity/?mediaPartnerId=6439681&origin0=wars&date0=2026-08-29&destination0=mila&origin1=mila&date1=2026-08-31&destination1=gdn&adultsv2=1&market=PL&locale=pl-PL&currency=PLN
Warszawa,Katania,Włochy,Warszawa,2026-08-27,2026-08-31,4,275.92,344.59,620.51,WARS,CTA,WARS,https://www.skyscanner.net/g/referrals/v1/flights/day-view/?origin=wars&destination=cta&outboundDate=2026-08-27&inboundDate=2026-08-31&market=PL&locale=pl-PL&currency=PLN&mediaPartnerId=6439681
Katowice,Wenecja,Włochy,Kraków,2026-08-25,2026-08-30,5,331.31,289.27,620.5799999999999,KTW,TSF,KRK,https://skyscanner.net/g/referrals/v1/flights/multicity/?mediaPartnerId=6439681&origin0=ktw&date0=2026-08-25&destination0=tsf&origin1=tsf&date1=2026-08-30&destination1=krk&adultsv2=1&market=PL&locale=pl-PL&currency=PLN
Warszawa,Mediolan,Włochy,Poznań,2026-08-27,2026-08-29,2,365.93,254.67,620.6,WARS,MILA,POZ,https://skyscanner.net/g/referrals/v1/flights/multicity/?mediaPartnerId=6439681&origin0=wars&date0=2026-08-27&destination0=mila&origin1=mila&date1=2026-08-29&destination1=poz&adultsv2=1&market=PL&locale=pl-PL&currency=PLN
Wrocław,Mediolan,Włochy,Kraków,2026-08-27,2026-08-29,2,379.32,241.73,621.05,WRO,MILA,KRK,https://skyscanner.net/g/referrals/v1/flights/multicity/?mediaPartnerId=6439681&origin0=wro&date0=2026-08-27&destination0=mila&origin1=mila&date1=2026-08-29&destination1=krk&adultsv2=1&market=PL&locale=pl-PL&currency=PLN
Wrocław,Mediolan,Włochy,Kraków,2026-08-27,2026-08-29,2,379.32,241.73,621.05,WRO,MIL,KRK,https://skyscanner.net/g/referrals/v1/flights/multicity/?mediaPartnerId=6439681&origin0=wro&date0=2026-08-27&destination0=mil&origin1=mil&date1=2026-08-29&destination1=krk&adultsv2=1&market=PL&locale=pl-PL&currency=PLN
Kraków,Pescara,Włochy,Wrocław,2026-08-28,2026-08-30,2,206.72,414.4,621.12,KRK,PSR,WRO,https://skyscanner.net/g/referrals/v1/flights/multicity/?mediaPartnerId=6439681&origin0=krk&date0=2026-08-28&destination0=psr&origin1=psr&date1=2026-08-30&destination1=wro&adultsv2=1&market=PL&locale=pl-PL&currency=PLN
Warszawa,Katania,Włochy,Katowice,2026-08-27,2026-08-30,3,275.92,345.32,621.24,WARS,CTA,KTW,https://skyscanner.net/g/referrals/v1/flights/multicity/?mediaPartnerId=6439681&origin0=wars&date0=2026-08-27&destination0=cta&origin1=cta&date1=2026-08-30&destination1=ktw&adultsv2=1&market=PL&locale=pl-PL&currency=PLN
Katowice,Mediolan,Włochy,Gdańsk,2026-08-25,2026-08-29,4,349.54,271.93,621.47,KTW,MILA,GDN,https://skyscanner.net/g/referrals/v1/flights/multicity/?mediaPartnerId=6439681&origin0=ktw&date0=2026-08-25&destination0=mila&origin1=mila&date1=2026-08-29&destination1=gdn&adultsv2=1&market=PL&locale=pl-PL&currency=PLN
Katowice,Mediolan,Włochy,Gdańsk,2026-08-27,2026-08-29,2,349.54,271.93,621.47,KTW,MILA,GDN,https://skyscanner.net/g/referrals/v1/flights/multicity/?mediaPartnerId=6439681&origin0=ktw&date0=2026-08-27&destination0=mila&origin1=mila&date1=2026-08-29&destination1=gdn&adultsv2=1&market=PL&locale=pl-PL&currency=PLN
Kraków,Pescara,Włochy,Wrocław,2026-08-27,2026-08-30,3,207.18,414.4,621.5799999999999,KRK,PSR,WRO,https://skyscanner.net/g/referrals/v1/flights/multicity/?mediaPartnerId=6439681&origin0=krk&date0=2026-08-27&destination0=psr&origin1=psr&date1=2026-08-30&destination1=wro&adultsv2=1&market=PL&locale=pl-PL&currency=PLN
Wrocław,Wenecja,Włochy,Gdańsk,2026-08-28,2026-08-31,3,306.47,315.11,621.58,WRO,TSF,GDN,https://skyscanner.net/g/referrals/v1/flights/multicity/?mediaPartnerId=6439681&origin0=wro&date0=2026-08-28&destination0=tsf&origin1=tsf&date1=2026-08-31&destination1=gdn&adultsv2=1&market=PL&locale=pl-PL&currency=PLN
Kraków,Mediolan,Włochy,Kraków,2026-08-29,2026-08-31,2,336.69,284.91,621.6,KRK,MIL,KRK,https://www.skyscanner.net/g/referrals/v1/flights/day-view/?origin=krk&destination=mil&outboundDate=2026-08-29&inboundDate=2026-08-31&market=PL&locale=pl-PL&currency=PLN&mediaPartnerId=6439681
Warszawa,Mediolan,Włochy,Warszawa,2026-08-28,2026-08-31,3,302.21,319.48,621.69,WARS,MILA,WARS,https://www.skyscanner.net/g/referrals/v1/flights/day-view/?origin=wars&destination=mila&outboundDate=2026-08-28&inboundDate=2026-08-31&market=PL&locale=pl-PL&currency=PLN&mediaPartnerId=6439681
Kraków,Mediolan,Włochy,Kraków,2026-08-25,2026-08-28,3,439.61,182.51,622.12,KRK,MILA,KRK,https://www.skyscanner.net/g/referrals/v1/flights/day-view/?origin=krk&destination=mila&outboundDate=2026-08-25&inboundDate=2026-08-28&market=PL&locale=pl-PL&currency=PLN&mediaPartnerId=6439681
Wrocław,Mediolan,Włochy,Gdańsk,2026-08-29,2026-08-31,2,379.32,244.25,623.5699999999999,WRO,MILA,GDN,https://skyscanner.net/g/referrals/v1/flights/multicity/?mediaPartnerId=6439681&origin0=wro&date0=2026-08-29&destination0=mila&origin1=mila&date1=2026-08-31&destination1=gdn&adultsv2=1&market=PL&locale=pl-PL&currency=PLN
Wrocław,Mediolan,Włochy,Gdańsk,2026-08-27,2026-08-31,4,379.32,244.25,623.5699999999999,WRO,MILA,GDN,https://skyscanner.net/g/referrals/v1/flights/multicity/?mediaPartnerId=6439681&origin0=wro&date0=2026-08-27&destination0=mila&origin1=mila&date1=2026-08-31&destination1=gdn&adultsv2=1&market=PL&locale=pl-PL&currency=PLN
Wrocław,Mediolan,Włochy,Wrocław,2026-08-27,2026-08-29,2,379.32,244.25,623.5699999999999,WRO,MILA,WRO,https://www.skyscanner.net/g/referrals/v1/flights/day-view/?origin=wro&destination=mila&outboundDate=2026-08-27&inboundDate=2026-08-29&market=PL&locale=pl-PL&currency=PLN&mediaPartnerId=6439681
Wrocław,Mediolan,Włochy,Warszawa,2026-08-27,2026-08-30,3,379.32,245.26,624.5799999999999,WRO,MILA,WARS,https://skyscanner.net/g/referrals/v1/flights/multicity/?mediaPartnerId=6439681&origin0=wro&date0=2026-08-27&destination0=mila&origin1=mila&date1=2026-08-30&destination1=wars&adultsv2=1&market=PL&locale=pl-PL&currency=PLN
Warszawa,Mediolan,Włochy,Warszawa,2026-08-27,2026-08-29,2,365.93,259.0,624.9300000000001,WARS,MILA,WARS,https://www.skyscanner.net/g/referrals/v1/flights/day-view/?origin=wars&destination=mila&outboundDate=2026-08-27&inboundDate=2026-08-29&market=PL&locale=pl-PL&currency=PLN&mediaPartnerId=6439681
Warszawa,Mediolan,Włochy,Warszawa,2026-08-27,2026-08-29,2,365.93,259.0,624.9300000000001,WARS,MIL,WARS,https://www.skyscanner.net/g/referrals/v1/flights/day-view/?origin=wars&destination=mil&outboundDate=2026-08-27&inboundDate=2026-08-29&market=PL&locale=pl-PL&currency=PLN&mediaPartnerId=6439681
Warszawa,Mediolan,Włochy,Warszawa,2026-08-27,2026-08-31,4,365.93,259.0,624.9300000000001,WARS,MILA,WARS,https://www.skyscanner.net/g/referrals/v1/flights/day-view/?origin=wars&destination=mila&outboundDate=2026-08-27&inboundDate=2026-08-31&market=PL&locale=pl-PL&currency=PLN&mediaPartnerId=6439681
Kraków,Gdańsk,Polska,Wrocław,2026-08-24,2026-08-31,7,341.01,283.94,624.95,KRK,GDN,WRO,https://skyscanner.net/g/referrals/v1/flights/multicity/?mediaPartnerId=6439681&origin0=krk&date0=2026-08-24&destination0=gdn&origin1=gdn&date1=2026-08-31&destination1=wro&adultsv2=1&market=PL&locale=pl-PL&currency=PLN
Warszawa,Sztokholm,Szwecja,Gdańsk,2026-08-25,2026-08-30,5,461.81,163.36,625.1700000000001,WARS,STO,GDN,https://skyscanner.net/g/referrals/v1/flights/multicity/?mediaPartnerId=6439681&origin0=wars&date0=2026-08-25&destination0=sto&origin1=sto&date1=2026-08-30&destination1=gdn&adultsv2=1&market=PL&locale=pl-PL&currency=PLN
Warszawa,Mediolan,Włochy,Wrocław,2026-08-29,2026-08-31,2,319.31,306.47,625.78,WARS,MILA,WRO,https://skyscanner.net/g/referrals/v1/flights/multicity/?mediaPartnerId=6439681&origin0=wars&date0=2026-08-29&destination0=mila&origin1=mila&date1=2026-08-31&destination1=wro&adultsv2=1&market=PL&locale=pl-PL&currency=PLN
Katowice,Mediolan,Włochy,Warszawa,2026-08-26,2026-08-28,2,512.46,113.39,625.85,KTW,MILA,WARS,https://skyscanner.net/g/referrals/v1/flights/multicity/?mediaPartnerId=6439681&origin0=ktw&date0=2026-08-26&destination0=mila&origin1=mila&date1=2026-08-28&destination1=wars&adultsv2=1&market=PL&locale=pl-PL&currency=PLN
Wrocław,Wenecja,Włochy,Gdańsk,2026-08-26,2026-08-31,5,310.79,315.11,625.9000000000001,WRO,TSF,GDN,https://skyscanner.net/g/referrals/v1/flights/multicity/?mediaPartnerId=6439681&origin0=wro&date0=2026-08-26&destination0=tsf&origin1=tsf&date1=2026-08-31&destination1=gdn&adultsv2=1&market=PL&locale=pl-PL&currency=PLN
Katowice,Dubrovnik,Chorwacja,Warszawa,2026-08-23,2026-08-29,6,86.3,539.63,625.93,KTW,DBV,WARS,https://skyscanner.net/g/referrals/v1/flights/multicity/?mediaPartnerId=6439681&origin0=ktw&date0=2026-08-23&destination0=dbv&origin1=dbv&date1=2026-08-29&destination1=wars&adultsv2=1&market=PL&locale=pl-PL&currency=PLN
Kraków,Mediolan,Włochy,Warszawa,2026-08-28,2026-08-31,3,306.47,319.48,625.95,KRK,MILA,WARS,https://skyscanner.net/g/referrals/v1/flights/multicity/?mediaPartnerId=6439681&origin0=krk&date0=2026-08-28&destination0=mila&origin1=mila&date1=2026-08-31&destination1=wars&adultsv2=1&market=PL&locale=pl-PL&currency=PLN
Gdańsk,Podgorica,Czarnogóra,Wrocław,2026-08-24,2026-08-30,6,194.42,431.7,626.12,GDN,TGD,WRO,https://skyscanner.net/g/referrals/v1/flights/multicity/?mediaPartnerId=6439681&origin0=gdn&date0=2026-08-24&destination0=tgd&origin1=tgd&date1=2026-08-30&destination1=wro&adultsv2=1&market=PL&locale=pl-PL&currency=PLN
Kraków,Katania,Włochy,Wrocław,2026-08-26,2026-08-31,5,384.57,241.73,626.3,KRK,CTA,WRO,https://skyscanner.net/g/referrals/v1/flights/multicity/?mediaPartnerId=6439681&origin0=krk&date0=2026-08-26&destination0=cta&origin1=cta&date1=2026-08-31&destination1=wro&adultsv2=1&market=PL&locale=pl-PL&currency=PLN
Poznań,Dubrovnik,Chorwacja,Wrocław,2026-08-26,2026-08-31,5,157.31,470.52,627.8299999999999,POZ,DBV,WRO,https://skyscanner.net/g/referrals/v1/flights/multicity/?mediaPartnerId=6439681&origin0=poz&date0=2026-08-26&destination0=dbv&origin1=dbv&date1=2026-08-31&destination1=wro&adultsv2=1&market=PL&locale=pl-PL&currency=PLN
Warszawa,Mediolan,Włochy,Warszawa,2026-08-26,2026-08-30,4,455.6,172.65,628.25,WARS,MIL,WARS,https://www.skyscanner.net/g/referrals/v1/flights/day-view/?origin=wars&destination=mil&outboundDate=2026-08-26&inboundDate=2026-08-30&market=PL&locale=pl-PL&currency=PLN&mediaPartnerId=6439681
Warszawa,Mediolan,Włochy,Warszawa,2026-08-26,2026-08-30,4,455.6,172.65,628.25,WARS,MILA,WARS,https://www.skyscanner.net/g/referrals/v1/flights/day-view/?origin=wars&destination=mila&outboundDate=2026-08-26&inboundDate=2026-08-30&market=PL&locale=pl-PL&currency=PLN&mediaPartnerId=6439681
Kraków,Budapeszt,Węgry,Warszawa,2026-08-27,2026-08-30,3,403.31,226.1,629.41,KRK,BUD,WARS,https://skyscanner.net/g/referrals/v1/flights/multicity/?mediaPartnerId=6439681&origin0=krk&date0=2026-08-27&destination0=bud&origin1=bud&date1=2026-08-30&destination1=wars&adultsv2=1&market=PL&locale=pl-PL&currency=PLN
Warszawa,Mediolan,Włochy,Kraków,2026-08-26,2026-08-31,5,455.6,174.31,629.9100000000001,WARS,MILA,KRK,https://skyscanner.net/g/referrals/v1/flights/multicity/?mediaPartnerId=6439681&origin0=wars&date0=2026-08-26&destination0=mila&origin1=mila&date1=2026-08-31&destination1=krk&adultsv2=1&market=PL&locale=pl-PL&currency=PLN
Kraków,Wenecja,Włochy,Poznań,2026-08-25,2026-08-27,2,518.7,111.31,630.01,KRK,TSF,POZ,https://skyscanner.net/g/referrals/v1/flights/multicity/?mediaPartnerId=6439681&origin0=krk&date0=2026-08-25&destination0=tsf&origin1=tsf&date1=2026-08-27&destination1=poz&adultsv2=1&market=PL&locale=pl-PL&currency=PLN
Gdańsk,Zadar,Chorwacja,Poznań,2026-08-26,2026-08-28,2,215.81,414.39,630.2,GDN,ZAD,POZ,https://skyscanner.net/g/referrals/v1/flights/multicity/?mediaPartnerId=6439681&origin0=gdn&date0=2026-08-26&destination0=zad&origin1=zad&date1=2026-08-28&destination1=poz&adultsv2=1&market=PL&locale=pl-PL&currency=PLN
Warszawa,Helsinki,Finlandia,Warszawa,2026-08-26,2026-08-28,2,258.98,371.23,630.21,WARS,HEL,WARS,https://www.skyscanner.net/g/referrals/v1/flights/day-view/?origin=wars&destination=hel&outboundDate=2026-08-26&inboundDate=2026-08-28&market=PL&locale=pl-PL&currency=PLN&mediaPartnerId=6439681
Warszawa,Wiedeń,Austria,Warszawa,2026-08-24,2026-08-29,5,423.03,207.18,630.21,WARS,VIE,WARS,https://www.skyscanner.net/g/referrals/v1/flights/day-view/?origin=wars&destination=vie&outboundDate=2026-08-24&inboundDate=2026-08-29&market=PL&locale=pl-PL&currency=PLN&mediaPartnerId=6439681
Kraków,Gdańsk,Polska,Kraków,2026-08-27,2026-08-31,4,375.55,254.66,630.21,KRK,GDN,KRK,https://www.skyscanner.net/g/referrals/v1/flights/day-view/?origin=krk&destination=gdn&outboundDate=2026-08-27&inboundDate=2026-08-31&market=PL&locale=pl-PL&currency=PLN&mediaPartnerId=6439681
Warszawa,Mediolan,Włochy,Warszawa,2026-08-28,2026-08-31,3,475.07,155.38,630.45,WARS,MILA,WARS,https://www.skyscanner.net/g/referrals/v1/flights/day-view/?origin=wars&destination=mila&outboundDate=2026-08-28&inboundDate=2026-08-31&market=PL&locale=pl-PL&currency=PLN&mediaPartnerId=6439681
Warszawa,Mediolan,Włochy,Warszawa,2026-08-28,2026-08-31,3,475.07,155.38,630.45,WARS,MIL,WARS,https://www.skyscanner.net/g/referrals/v1/flights/day-view/?origin=wars&destination=mil&outboundDate=2026-08-28&inboundDate=2026-08-31&market=PL&locale=pl-PL&currency=PLN&mediaPartnerId=6439681
Kraków,Bolonia,Włochy,Warszawa,2026-08-27,2026-08-29,2,372.1,259.0,631.1,KRK,BLQ,WARS,https://skyscanner.net/g/referrals/v1/flights/multicity/?mediaPartnerId=6439681&origin0=krk&date0=2026-08-27&destination0=blq&origin1=blq&date1=2026-08-29&destination1=wars&adultsv2=1&market=PL&locale=pl-PL&currency=PLN
Kraków,Rzym,Włochy,Gdańsk,2026-08-26,2026-08-28,2,397.88,233.41,631.29,KRK,ROME,GDN,https://skyscanner.net/g/referrals/v1/flights/multicity/?mediaPartnerId=6439681&origin0=krk&date0=2026-08-26&destination0=rome&origin1=rome&date1=2026-08-28&destination1=gdn&adultsv2=1&market=PL&locale=pl-PL&currency=PLN
Warszawa,Rzym,Włochy,Gdańsk,2026-08-26,2026-08-28,2,397.88,233.41,631.29,WARS,ROME,GDN,https://skyscanner.net/g/referrals/v1/flights/multicity/?mediaPartnerId=6439681&origin0=wars&date0=2026-08-26&destination0=rome&origin1=rome&date1=2026-08-28&destination1=gdn&adultsv2=1&market=PL&locale=pl-PL&currency=PLN
Kraków,Saloniki,Grecja,Warszawa,2026-08-25,2026-08-27,2,170.0,461.89,631.89,KRK,SKG,WARS,https://skyscanner.net/g/referrals/v1/flights/multicity/?mediaPartnerId=6439681&origin0=krk&date0=2026-08-25&destination0=skg&origin1=skg&date1=2026-08-27&destination1=wars&adultsv2=1&market=PL&locale=pl-PL&currency=PLN
Gdańsk,Podgorica,Czarnogóra,Kraków,2026-08-24,2026-08-31,7,194.42,438.15,632.5699999999999,GDN,TGD,KRK,https://skyscanner.net/g/referrals/v1/flights/multicity/?mediaPartnerId=6439681&origin0=gdn&date0=2026-08-24&destination0=tgd&origin1=tgd&date1=2026-08-31&destination1=krk&adultsv2=1&market=PL&locale=pl-PL&currency=PLN
Warszawa,Mediolan,Włochy,Warszawa,2026-08-25,2026-08-30,5,460.39,172.65,633.04,WARS,MIL,WARS,https://www.skyscanner.net/g/referrals/v1/flights/day-view/?origin=wars&destination=mil&outboundDate=2026-08-25&inboundDate=2026-08-30&market=PL&locale=pl-PL&currency=PLN&mediaPartnerId=6439681
Warszawa,Mediolan,Włochy,Warszawa,2026-08-25,2026-08-30,5,460.39,172.65,633.04,WARS,MILA,WARS,https://www.skyscanner.net/g/referrals/v1/flights/day-view/?origin=wars&destination=mila&outboundDate=2026-08-25&inboundDate=2026-08-30&market=PL&locale=pl-PL&currency=PLN&mediaPartnerId=6439681
Katowice,Wenecja,Włochy,Kraków,2026-08-25,2026-08-28,3,331.31,302.21,633.52,KTW,TSF,KRK,https://skyscanner.net/g/referrals/v1/flights/multicity/?mediaPartnerId=6439681&origin0=ktw&date0=2026-08-25&destination0=tsf&origin1=tsf&date1=2026-08-28&destination1=krk&adultsv2=1&market=PL&locale=pl-PL&currency=PLN
Warszawa,Mediolan,Włochy,Kraków,2026-08-26,2026-08-28,2,534.7,98.93,633.6300000000001,WARS,MILA,KRK,https://skyscanner.net/g/referrals/v1/flights/multicity/?mediaPartnerId=6439681&origin0=wars&date0=2026-08-26&destination0=mila&origin1=mila&date1=2026-08-28&destination1=krk&adultsv2=1&market=PL&locale=pl-PL&currency=PLN
Warszawa,Bolonia,Włochy,Kraków,2026-08-25,2026-08-27,2,499.12,134.59,633.71,WARS,BLQ,KRK,https://skyscanner.net/g/referrals/v1/flights/multicity/?mediaPartnerId=6439681&origin0=wars&date0=2026-08-25&destination0=blq&origin1=blq&date1=2026-08-27&destination1=krk&adultsv2=1&market=PL&locale=pl-PL&currency=PLN
Wrocław,Mediolan,Włochy,Poznań,2026-08-27,2026-08-29,2,379.32,254.67,633.99,WRO,MILA,POZ,https://skyscanner.net/g/referrals/v1/flights/multicity/?mediaPartnerId=6439681&origin0=wro&date0=2026-08-27&destination0=mila&origin1=mila&date1=2026-08-29&destination1=poz&adultsv2=1&market=PL&locale=pl-PL&currency=PLN
Katowice,Wenecja,Włochy,Warszawa,2026-08-29,2026-08-31,2,290.16,343.83,633.99,KTW,TSF,WARS,https://skyscanner.net/g/referrals/v1/flights/multicity/?mediaPartnerId=6439681&origin0=ktw&date0=2026-08-29&destination0=tsf&origin1=tsf&date1=2026-08-31&destination1=wars&adultsv2=1&market=PL&locale=pl-PL&currency=PLN
Katowice,Rzym,Włochy,Warszawa,2026-08-29,2026-08-31,2,359.0,275.03,634.03,KTW,ROME,WARS,https://skyscanner.net/g/referrals/v1/flights/multicity/?mediaPartnerId=6439681&origin0=ktw&date0=2026-08-29&destination0=rome&origin1=rome&date1=2026-08-31&destination1=wars&adultsv2=1&market=PL&locale=pl-PL&currency=PLN
Kraków,Rzym,Włochy,Warszawa,2026-08-29,2026-08-31,2,359.0,275.03,634.03,KRK,ROME,WARS,https://skyscanner.net/g/referrals/v1/flights/multicity/?mediaPartnerId=6439681&origin0=krk&date0=2026-08-29&destination0=rome&origin1=rome&date1=2026-08-31&destination1=wars&adultsv2=1&market=PL&locale=pl-PL&currency=PLN
Kraków,Rzym,Włochy,Warszawa,2026-08-29,2026-08-31,2,359.0,275.03,634.03,KRK,ROME,WARS,https://skyscanner.net/g/referrals/v1/flights/multicity/?mediaPartnerId=6439681&origin0=krk&date0=2026-08-29&destination0=rome&origin1=rome&date1=2026-08-31&destination1=wars&adultsv2=1&market=PL&locale=pl-PL&currency=PLN
Katowice,Rzym,Włochy,Warszawa,2026-08-29,2026-08-31,2,359.0,275.03,634.03,KTW,ROME,WARS,https://skyscanner.net/g/referrals/v1/flights/multicity/?mediaPartnerId=6439681&origin0=ktw&date0=2026-08-29&destination0=rome&origin1=rome&date1=2026-08-31&destination1=wars&adultsv2=1&market=PL&locale=pl-PL&currency=PLN
Katowice,Mediolan,Włochy,Wrocław,2026-08-25,2026-08-27,2,349.54,284.89,634.4300000000001,KTW,MILA,WRO,https://skyscanner.net/g/referrals/v1/flights/multicity/?mediaPartnerId=6439681&origin0=ktw&date0=2026-08-25&destination0=mila&origin1=mila&date1=2026-08-27&destination1=wro&adultsv2=1&market=PL&locale=pl-PL&currency=PLN
Katowice,Mediolan,Włochy,Warszawa,2026-08-27,2026-08-29,2,349.54,284.91,634.45,KTW,MILA,WARS,https://skyscanner.net/g/referrals/v1/flights/multicity/?mediaPartnerId=6439681&origin0=ktw&date0=2026-08-27&destination0=mila&origin1=mila&date1=2026-08-29&destination1=wars&adultsv2=1&market=PL&locale=pl-PL&currency=PLN
Katowice,Mediolan,Włochy,Kraków,2026-08-27,2026-08-30,3,349.54,284.91,634.45,KTW,MILA,KRK,https://skyscanner.net/g/referrals/v1/flights/multicity/?mediaPartnerId=6439681&origin0=ktw&date0=2026-08-27&destination0=mila&origin1=mila&date1=2026-08-30&destination1=krk&adultsv2=1&market=PL&locale=pl-PL&currency=PLN
Katowice,Mediolan,Włochy,Kraków,2026-08-27,2026-08-30,3,349.54,284.91,634.45,KTW,MIL,KRK,https://skyscanner.net/g/referrals/v1/flights/multicity/?mediaPartnerId=6439681&origin0=ktw&date0=2026-08-27&destination0=mil&origin1=mil&date1=2026-08-30&destination1=krk&adultsv2=1&market=PL&locale=pl-PL&currency=PLN
Katowice,Mediolan,Włochy,Warszawa,2026-08-25,2026-08-29,4,349.54,284.91,634.45,KTW,MILA,WARS,https://skyscanner.net/g/referrals/v1/flights/multicity/?mediaPartnerId=6439681&origin0=ktw&date0=2026-08-25&destination0=mila&origin1=mila&date1=2026-08-29&destination1=wars&adultsv2=1&market=PL&locale=pl-PL&currency=PLN
Katowice,Mediolan,Włochy,Kraków,2026-08-25,2026-08-30,5,349.54,284.91,634.45,KTW,MIL,KRK,https://skyscanner.net/g/referrals/v1/flights/multicity/?mediaPartnerId=6439681&origin0=ktw&date0=2026-08-25&destination0=mil&origin1=mil&date1=2026-08-30&destination1=krk&adultsv2=1&market=PL&locale=pl-PL&currency=PLN
Katowice,Mediolan,Włochy,Kraków,2026-08-25,2026-08-30,5,349.54,284.91,634.45,KTW,MILA,KRK,https://skyscanner.net/g/referrals/v1/flights/multicity/?mediaPartnerId=6439681&origin0=ktw&date0=2026-08-25&destination0=mila&origin1=mila&date1=2026-08-30&destination1=krk&adultsv2=1&market=PL&locale=pl-PL&currency=PLN
Katowice,Mediolan,Włochy,Kraków,2026-08-27,2026-08-31,4,349.54,284.91,634.45,KTW,MIL,KRK,https://skyscanner.net/g/referrals/v1/flights/multicity/?mediaPartnerId=6439681&origin0=ktw&date0=2026-08-27&destination0=mil&origin1=mil&date1=2026-08-31&destination1=krk&adultsv2=1&market=PL&locale=pl-PL&currency=PLN
Katowice,Mediolan,Włochy,Kraków,2026-08-28,2026-08-30,2,349.54,284.91,634.45,KTW,MILA,KRK,https://skyscanner.net/g/referrals/v1/flights/multicity/?mediaPartnerId=6439681&origin0=ktw&date0=2026-08-28&destination0=mila&origin1=mila&date1=2026-08-30&destination1=krk&adultsv2=1&market=PL&locale=pl-PL&currency=PLN
Katowice,Mediolan,Włochy,Kraków,2026-08-28,2026-08-30,2,349.54,284.91,634.45,KTW,MIL,KRK,https://skyscanner.net/g/referrals/v1/flights/multicity/?mediaPartnerId=6439681&origin0=ktw&date0=2026-08-28&destination0=mil&origin1=mil&date1=2026-08-30&destination1=krk&adultsv2=1&market=PL&locale=pl-PL&currency=PLN
Katowice,Mediolan,Włochy,Kraków,2026-08-25,2026-08-31,6,349.54,284.91,634.45,KTW,MIL,KRK,https://skyscanner.net/g/referrals/v1/flights/multicity/?mediaPartnerId=6439681&origin0=ktw&date0=2026-08-25&destination0=mil&origin1=mil&date1=2026-08-31&destination1=krk&adultsv2=1&market=PL&locale=pl-PL&currency=PLN
Katowice,Mediolan,Włochy,Kraków,2026-08-28,2026-08-31,3,349.54,284.91,634.45,KTW,MIL,KRK,https://skyscanner.net/g/referrals/v1/flights/multicity/?mediaPartnerId=6439681&origin0=ktw&date0=2026-08-28&destination0=mil&origin1=mil&date1=2026-08-31&destination1=krk&adultsv2=1&market=PL&locale=pl-PL&currency=PLN
Poznań,Girona,Hiszpania,Poznań,2026-08-25,2026-08-28,3,220.13,414.4,634.53,POZ,GRO,POZ,https://www.skyscanner.net/g/referrals/v1/flights/day-view/?origin=poz&destination=gro&outboundDate=2026-08-25&inboundDate=2026-08-28&market=PL&locale=pl-PL&currency=PLN&mediaPartnerId=6439681
Warszawa,Wiedeń,Austria,Kraków,2026-08-23,2026-08-30,7,336.69,297.84,634.53,WARS,VIE,KRK,https://skyscanner.net/g/referrals/v1/flights/multicity/?mediaPartnerId=6439681&origin0=wars&date0=2026-08-23&destination0=vie&origin1=vie&date1=2026-08-30&destination1=krk&adultsv2=1&market=PL&locale=pl-PL&currency=PLN
Kraków,Mediolan,Włochy,Warszawa,2026-08-26,2026-08-30,4,461.89,172.65,634.54,KRK,MILA,WARS,https://skyscanner.net/g/referrals/v1/flights/multicity/?mediaPartnerId=6439681&origin0=krk&date0=2026-08-26&destination0=mila&origin1=mila&date1=2026-08-30&destination1=wars&adultsv2=1&market=PL&locale=pl-PL&currency=PLN
Kraków,Mediolan,Włochy,Warszawa,2026-08-26,2026-08-30,4,461.89,172.65,634.54,KRK,MIL,WARS,https://skyscanner.net/g/referrals/v1/flights/multicity/?mediaPartnerId=6439681&origin0=krk&date0=2026-08-26&destination0=mil&origin1=mil&date1=2026-08-30&destination1=wars&adultsv2=1&market=PL&locale=pl-PL&currency=PLN
Gdańsk,Podgorica,Czarnogóra,Wrocław,2026-08-26,2026-08-30,4,202.86,431.7,634.56,GDN,TGD,WRO,https://skyscanner.net/g/referrals/v1/flights/multicity/?mediaPartnerId=6439681&origin0=gdn&date0=2026-08-26&destination0=tgd&origin1=tgd&date1=2026-08-30&destination1=wro&adultsv2=1&market=PL&locale=pl-PL&currency=PLN
Wrocław,Podgorica,Czarnogóra,Wrocław,2026-08-25,2026-08-30,5,202.86,431.7,634.56,WRO,TGD,WRO,https://www.skyscanner.net/g/referrals/v1/flights/day-view/?origin=wro&destination=tgd&outboundDate=2026-08-25&inboundDate=2026-08-30&market=PL&locale=pl-PL&currency=PLN&mediaPartnerId=6439681
Kraków,Dubrovnik,Chorwacja,Warszawa,2026-08-25,2026-08-29,4,95.0,539.63,634.63,KRK,DBV,WARS,https://skyscanner.net/g/referrals/v1/flights/multicity/?mediaPartnerId=6439681&origin0=krk&date0=2026-08-25&destination0=dbv&origin1=dbv&date1=2026-08-29&destination1=wars&adultsv2=1&market=PL&locale=pl-PL&currency=PLN
Warszawa,Mediolan,Włochy,Kraków,2026-08-25,2026-08-31,6,460.39,174.31,634.7,WARS,MILA,KRK,https://skyscanner.net/g/referrals/v1/flights/multicity/?mediaPartnerId=6439681&origin0=wars&date0=2026-08-25&destination0=mila&origin1=mila&date1=2026-08-31&destination1=krk&adultsv2=1&market=PL&locale=pl-PL&currency=PLN
Katowice,Zadar,Chorwacja,Kraków,2026-08-23,2026-08-26,3,307.13,328.06,635.19,KTW,ZAD,KRK,https://skyscanner.net/g/referrals/v1/flights/multicity/?mediaPartnerId=6439681&origin0=ktw&date0=2026-08-23&destination0=zad&origin1=zad&date1=2026-08-26&destination1=krk&adultsv2=1&market=PL&locale=pl-PL&currency=PLN
Warszawa,Mediolan,Włochy,Warszawa,2026-08-29,2026-08-31,2,376.21,259.0,635.21,WARS,MILA,WARS,https://www.skyscanner.net/g/referrals/v1/flights/day-view/?origin=wars&destination=mila&outboundDate=2026-08-29&inboundDate=2026-08-31&market=PL&locale=pl-PL&currency=PLN&mediaPartnerId=6439681
Katowice,Mediolan,Włochy,Katowice,2026-08-27,2026-08-29,2,349.54,285.75,635.29,KTW,MILA,KTW,https://www.skyscanner.net/g/referrals/v1/flights/day-view/?origin=ktw&destination=mila&outboundDate=2026-08-27&inboundDate=2026-08-29&market=PL&locale=pl-PL&currency=PLN&mediaPartnerId=6439681
Katowice,Mediolan,Włochy,Katowice,2026-08-25,2026-08-29,4,349.54,285.75,635.29,KTW,MILA,KTW,https://www.skyscanner.net/g/referrals/v1/flights/day-view/?origin=ktw&destination=mila&outboundDate=2026-08-25&inboundDate=2026-08-29&market=PL&locale=pl-PL&currency=PLN&mediaPartnerId=6439681
Gdańsk,Palermo,Włochy,Kraków,2026-08-27,2026-08-31,4,191.31,444.62,635.9300000000001,GDN,PMO,KRK,https://skyscanner.net/g/referrals/v1/flights/multicity/?mediaPartnerId=6439681&origin0=gdn&date0=2026-08-27&destination0=pmo&origin1=pmo&date1=2026-08-31&destination1=krk&adultsv2=1&market=PL&locale=pl-PL&currency=PLN
Kraków,Mediolan,Włochy,Kraków,2026-08-26,2026-08-31,5,461.89,174.31,636.2,KRK,MILA,KRK,https://www.skyscanner.net/g/referrals/v1/flights/day-view/?origin=krk&destination=mila&outboundDate=2026-08-26&inboundDate=2026-08-31&market=PL&locale=pl-PL&currency=PLN&mediaPartnerId=6439681
Warszawa,Majorka,Hiszpania,Gdańsk,2026-08-27,2026-08-31,4,140.26,496.46,636.72,WARS,PMI,GDN,https://skyscanner.net/g/referrals/v1/flights/multicity/?mediaPartnerId=6439681&origin0=wars&date0=2026-08-27&destination0=pmi&origin1=pmi&date1=2026-08-31&destination1=gdn&adultsv2=1&market=PL&locale=pl-PL&currency=PLN
Warszawa,Bolonia,Włochy,Wrocław,2026-08-25,2026-08-27,2,499.12,137.86,636.98,WARS,BLQ,WRO,https://skyscanner.net/g/referrals/v1/flights/multicity/?mediaPartnerId=6439681&origin0=wars&date0=2026-08-25&destination0=blq&origin1=blq&date1=2026-08-27&destination1=wro&adultsv2=1&market=PL&locale=pl-PL&currency=PLN
Kraków,Podgorica,Czarnogóra,Wrocław,2026-08-27,2026-08-29,2,145.0,492.11,637.11,KRK,TGD,WRO,https://skyscanner.net/g/referrals/v1/flights/multicity/?mediaPartnerId=6439681&origin0=krk&date0=2026-08-27&destination0=tgd&origin1=tgd&date1=2026-08-29&destination1=wro&adultsv2=1&market=PL&locale=pl-PL&currency=PLN
Warszawa,Mediolan,Włochy,Warszawa,2026-08-25,2026-08-27,2,460.39,176.74,637.13,WARS,MILA,WARS,https://www.skyscanner.net/g/referrals/v1/flights/day-view/?origin=wars&destination=mila&outboundDate=2026-08-25&inboundDate=2026-08-27&market=PL&locale=pl-PL&currency=PLN&mediaPartnerId=6439681
Warszawa,Mediolan,Włochy,Gdańsk,2026-08-27,2026-08-29,2,365.93,271.93,637.86,WARS,MILA,GDN,https://skyscanner.net/g/referrals/v1/flights/multicity/?mediaPartnerId=6439681&origin0=wars&date0=2026-08-27&destination0=mila&origin1=mila&date1=2026-08-29&destination1=gdn&adultsv2=1&market=PL&locale=pl-PL&currency=PLN
Warszawa,Mediolan,Włochy,Kraków,2026-08-26,2026-08-28,2,455.6,182.51,638.11,WARS,MILA,KRK,https://skyscanner.net/g/referrals/v1/flights/multicity/?mediaPartnerId=6439681&origin0=wars&date0=2026-08-26&destination0=mila&origin1=mila&date1=2026-08-28&destination1=krk&adultsv2=1&market=PL&locale=pl-PL&currency=PLN
Kraków,Mediolan,Włochy,Gdańsk,2026-08-25,2026-08-31,6,439.61,198.56,638.1700000000001,KRK,MIL,GDN,https://skyscanner.net/g/referrals/v1/flights/multicity/?mediaPartnerId=6439681&origin0=krk&date0=2026-08-25&destination0=mil&origin1=mil&date1=2026-08-31&destination1=gdn&adultsv2=1&market=PL&locale=pl-PL&currency=PLN
Kraków,Mediolan,Włochy,Gdańsk,2026-08-25,2026-08-31,6,439.61,198.56,638.1700000000001,KRK,MILA,GDN,https://skyscanner.net/g/referrals/v1/flights/multicity/?mediaPartnerId=6439681&origin0=krk&date0=2026-08-25&destination0=mila&origin1=mila&date1=2026-08-31&destination1=gdn&adultsv2=1&market=PL&locale=pl-PL&currency=PLN
Wrocław,Mediolan,Włochy,Warszawa,2026-08-27,2026-08-29,2,379.32,259.0,638.3199999999999,WRO,MILA,WARS,https://skyscanner.net/g/referrals/v1/flights/multicity/?mediaPartnerId=6439681&origin0=wro&date0=2026-08-27&destination0=mila&origin1=mila&date1=2026-08-29&destination1=wars&adultsv2=1&market=PL&locale=pl-PL&currency=PLN
Wrocław,Mediolan,Włochy,Warszawa,2026-08-27,2026-08-31,4,379.32,259.0,638.3199999999999,WRO,MILA,WARS,https://skyscanner.net/g/referrals/v1/flights/multicity/?mediaPartnerId=6439681&origin0=wro&date0=2026-08-27&destination0=mila&origin1=mila&date1=2026-08-31&destination1=wars&adultsv2=1&market=PL&locale=pl-PL&currency=PLN
Wrocław,Mediolan,Włochy,Warszawa,2026-08-27,2026-08-29,2,379.32,259.0,638.3199999999999,WRO,MIL,WARS,https://skyscanner.net/g/referrals/v1/flights/multicity/?mediaPartnerId=6439681&origin0=wro&date0=2026-08-27&destination0=mil&origin1=mil&date1=2026-08-29&destination1=wars&adultsv2=1&market=PL&locale=pl-PL&currency=PLN
Wrocław,Mediolan,Włochy,Warszawa,2026-08-29,2026-08-31,2,379.32,259.0,638.3199999999999,WRO,MILA,WARS,https://skyscanner.net/g/referrals/v1/flights/multicity/?mediaPartnerId=6439681&origin0=wro&date0=2026-08-29&destination0=mila&origin1=mila&date1=2026-08-31&destination1=wars&adultsv2=1&market=PL&locale=pl-PL&currency=PLN
Warszawa,Mediolan,Włochy,Warszawa,2026-08-29,2026-08-31,2,319.31,319.48,638.79,WARS,MILA,WARS,https://www.skyscanner.net/g/referrals/v1/flights/day-view/?origin=wars&destination=mila&outboundDate=2026-08-29&inboundDate=2026-08-31&market=PL&locale=pl-PL&currency=PLN&mediaPartnerId=6439681
Poznań,Zadar,Chorwacja,Poznań,2026-08-25,2026-08-29,4,164.01,474.83,638.8399999999999,POZ,ZAD,POZ,https://www.skyscanner.net/g/referrals/v1/flights/day-view/?origin=poz&destination=zad&outboundDate=2026-08-25&inboundDate=2026-08-29&market=PL&locale=pl-PL&currency=PLN&mediaPartnerId=6439681
Poznań,Dubrovnik,Chorwacja,Wrocław,2026-08-27,2026-08-31,4,168.32,470.52,638.8399999999999,POZ,DBV,WRO,https://skyscanner.net/g/referrals/v1/flights/multicity/?mediaPartnerId=6439681&origin0=poz&date0=2026-08-27&destination0=dbv&origin1=dbv&date1=2026-08-31&destination1=wro&adultsv2=1&market=PL&locale=pl-PL&currency=PLN
Poznań,Mediolan,Włochy,Kraków,2026-08-26,2026-08-29,3,483.47,155.37,638.84,POZ,MILA,KRK,https://skyscanner.net/g/referrals/v1/flights/multicity/?mediaPartnerId=6439681&origin0=poz&date0=2026-08-26&destination0=mila&origin1=mila&date1=2026-08-29&destination1=krk&adultsv2=1&market=PL&locale=pl-PL&currency=PLN
Kraków,Bolonia,Włochy,Kraków,2026-08-25,2026-08-28,3,427.35,211.49,638.84,KRK,BLQ,KRK,https://www.skyscanner.net/g/referrals/v1/flights/day-view/?origin=krk&destination=blq&outboundDate=2026-08-25&inboundDate=2026-08-28&market=PL&locale=pl-PL&currency=PLN&mediaPartnerId=6439681
Poznań,Mediolan,Włochy,Wrocław,2026-08-27,2026-08-31,4,332.37,306.47,638.84,POZ,MILA,WRO,https://skyscanner.net/g/referrals/v1/flights/multicity/?mediaPartnerId=6439681&origin0=poz&date0=2026-08-27&destination0=mila&origin1=mila&date1=2026-08-31&destination1=wro&adultsv2=1&market=PL&locale=pl-PL&currency=PLN
Katowice,Dubrovnik,Chorwacja,Kraków,2026-08-23,2026-08-28,5,86.3,552.55,638.8499999999999,KTW,DBV,KRK,https://skyscanner.net/g/referrals/v1/flights/multicity/?mediaPartnerId=6439681&origin0=ktw&date0=2026-08-23&destination0=dbv&origin1=dbv&date1=2026-08-28&destination1=krk&adultsv2=1&market=PL&locale=pl-PL&currency=PLN
Poznań,Mediolan,Włochy,Warszawa,2026-08-26,2026-08-31,5,483.47,155.38,638.85,POZ,MIL,WARS,https://skyscanner.net/g/referrals/v1/flights/multicity/?mediaPartnerId=6439681&origin0=poz&date0=2026-08-26&destination0=mil&origin1=mil&date1=2026-08-31&destination1=wars&adultsv2=1&market=PL&locale=pl-PL&currency=PLN
Wrocław,Bolonia,Włochy,Kraków,2026-08-27,2026-08-29,2,220.13,418.72,638.85,WRO,BLQ,KRK,https://skyscanner.net/g/referrals/v1/flights/multicity/?mediaPartnerId=6439681&origin0=wro&date0=2026-08-27&destination0=blq&origin1=blq&date1=2026-08-29&destination1=krk&adultsv2=1&market=PL&locale=pl-PL&currency=PLN
Poznań,Mediolan,Włochy,Warszawa,2026-08-26,2026-08-31,5,483.47,155.38,638.85,POZ,MILA,WARS,https://skyscanner.net/g/referrals/v1/flights/multicity/?mediaPartnerId=6439681&origin0=poz&date0=2026-08-26&destination0=mila&origin1=mila&date1=2026-08-31&destination1=wars&adultsv2=1&market=PL&locale=pl-PL&currency=PLN
Poznań,Rzym,Włochy,Kraków,2026-08-29,2026-08-31,2,397.1,242.31,639.4100000000001,POZ,ROME,KRK,https://skyscanner.net/g/referrals/v1/flights/multicity/?mediaPartnerId=6439681&origin0=poz&date0=2026-08-29&destination0=rome&origin1=rome&date1=2026-08-31&destination1=krk&adultsv2=1&market=PL&locale=pl-PL&currency=PLN
Kraków,Rzym,Włochy,Kraków,2026-08-27,2026-08-31,4,397.88,242.31,640.19,KRK,ROME,KRK,https://www.skyscanner.net/g/referrals/v1/flights/day-view/?origin=krk&destination=rome&outboundDate=2026-08-27&inboundDate=2026-08-31&market=PL&locale=pl-PL&currency=PLN&mediaPartnerId=6439681
Kraków,Rzym,Włochy,Kraków,2026-08-26,2026-08-31,5,397.88,242.31,640.19,KRK,ROME,KRK,https://www.skyscanner.net/g/referrals/v1/flights/day-view/?origin=krk&destination=rome&outboundDate=2026-08-26&inboundDate=2026-08-31&market=PL&locale=pl-PL&currency=PLN&mediaPartnerId=6439681
Warszawa,Rzym,Włochy,Kraków,2026-08-26,2026-08-31,5,397.88,242.31,640.19,WARS,ROME,KRK,https://skyscanner.net/g/referrals/v1/flights/multicity/?mediaPartnerId=6439681&origin0=wars&date0=2026-08-26&destination0=rome&origin1=rome&date1=2026-08-31&destination1=krk&adultsv2=1&market=PL&locale=pl-PL&currency=PLN
Kraków,Piza,Włochy,Warszawa,2026-08-25,2026-08-30,5,448.94,191.31,640.25,KRK,PSA,WARS,https://skyscanner.net/g/referrals/v1/flights/multicity/?mediaPartnerId=6439681&origin0=krk&date0=2026-08-25&destination0=psa&origin1=psa&date1=2026-08-30&destination1=wars&adultsv2=1&market=PL&locale=pl-PL&currency=PLN
Kraków,Podgorica,Czarnogóra,Wrocław,2026-08-25,2026-08-29,4,148.24,492.11,640.35,KRK,TGD,WRO,https://skyscanner.net/g/referrals/v1/flights/multicity/?mediaPartnerId=6439681&origin0=krk&date0=2026-08-25&destination0=tgd&origin1=tgd&date1=2026-08-29&destination1=wro&adultsv2=1&market=PL&locale=pl-PL&currency=PLN
Kraków,Podgorica,Czarnogóra,Wrocław,2026-08-26,2026-08-29,3,148.24,492.11,640.35,KRK,TGD,WRO,https://skyscanner.net/g/referrals/v1/flights/multicity/?mediaPartnerId=6439681&origin0=krk&date0=2026-08-26&destination0=tgd&origin1=tgd&date1=2026-08-29&destination1=wro&adultsv2=1&market=PL&locale=pl-PL&currency=PLN
Wrocław,Rimini,Włochy,Kraków,2026-08-23,2026-08-25,2,453.25,187.31,640.56,WRO,RMI,KRK,https://skyscanner.net/g/referrals/v1/flights/multicity/?mediaPartnerId=6439681&origin0=wro&date0=2026-08-23&destination0=rmi&origin1=rmi&date1=2026-08-25&destination1=krk&adultsv2=1&market=PL&locale=pl-PL&currency=PLN
Gdańsk,Podgorica,Czarnogóra,Kraków,2026-08-26,2026-08-31,5,202.86,438.15,641.01,GDN,TGD,KRK,https://skyscanner.net/g/referrals/v1/flights/multicity/?mediaPartnerId=6439681&origin0=gdn&date0=2026-08-26&destination0=tgd&origin1=tgd&date1=2026-08-31&destination1=krk&adultsv2=1&market=PL&locale=pl-PL&currency=PLN
Wrocław,Podgorica,Czarnogóra,Kraków,2026-08-25,2026-08-31,6,202.86,438.15,641.01,WRO,TGD,KRK,https://skyscanner.net/g/referrals/v1/flights/multicity/?mediaPartnerId=6439681&origin0=wro&date0=2026-08-25&destination0=tgd&origin1=tgd&date1=2026-08-31&destination1=krk&adultsv2=1&market=PL&locale=pl-PL&currency=PLN
Poznań,Wenecja,Włochy,Katowice,2026-08-23,2026-08-25,2,546.9,94.31,641.21,POZ,TSF,KTW,https://skyscanner.net/g/referrals/v1/flights/multicity/?mediaPartnerId=6439681&origin0=poz&date0=2026-08-23&destination0=tsf&origin1=tsf&date1=2026-08-25&destination1=ktw&adultsv2=1&market=PL&locale=pl-PL&currency=PLN
Warszawa,Mediolan,Włochy,Warszawa,2026-08-27,2026-08-31,4,534.7,106.56,641.26,WARS,MILA,WARS,https://www.skyscanner.net/g/referrals/v1/flights/day-view/?origin=wars&destination=mila&outboundDate=2026-08-27&inboundDate=2026-08-31&market=PL&locale=pl-PL&currency=PLN&mediaPartnerId=6439681
Warszawa,Mediolan,Włochy,Warszawa,2026-08-26,2026-08-31,5,534.7,106.56,641.26,WARS,MILA,WARS,https://www.skyscanner.net/g/referrals/v1/flights/day-view/?origin=wars&destination=mila&outboundDate=2026-08-26&inboundDate=2026-08-31&market=PL&locale=pl-PL&currency=PLN&mediaPartnerId=6439681
Warszawa,Rzym,Włochy,Gdańsk,2026-08-28,2026-08-31,3,296.34,345.35,641.69,WARS,ROME,GDN,https://skyscanner.net/g/referrals/v1/flights/multicity/?mediaPartnerId=6439681&origin0=wars&date0=2026-08-28&destination0=rome&origin1=rome&date1=2026-08-31&destination1=gdn&adultsv2=1&market=PL&locale=pl-PL&currency=PLN
Warszawa,Rzym,Włochy,Kraków,2026-08-28,2026-08-31,3,296.34,345.35,641.69,WARS,ROME,KRK,https://skyscanner.net/g/referrals/v1/flights/multicity/?mediaPartnerId=6439681&origin0=wars&date0=2026-08-28&destination0=rome&origin1=rome&date1=2026-08-31&destination1=krk&adultsv2=1&market=PL&locale=pl-PL&currency=PLN
Warszawa,Rzym,Włochy,Gdańsk,2026-08-28,2026-08-31,3,296.34,345.35,641.69,WARS,ROM,GDN,https://skyscanner.net/g/referrals/v1/flights/multicity/?mediaPartnerId=6439681&origin0=wars&date0=2026-08-28&destination0=rom&origin1=rom&date1=2026-08-31&destination1=gdn&adultsv2=1&market=PL&locale=pl-PL&currency=PLN
Warszawa,Rzym,Włochy,Kraków,2026-08-28,2026-08-31,3,296.34,345.35,641.69,WARS,ROM,KRK,https://skyscanner.net/g/referrals/v1/flights/multicity/?mediaPartnerId=6439681&origin0=wars&date0=2026-08-28&destination0=rom&origin1=rom&date1=2026-08-31&destination1=krk&adultsv2=1&market=PL&locale=pl-PL&currency=PLN
Warszawa,Rzym,Włochy,Katowice,2026-08-28,2026-08-31,3,296.34,345.35,641.69,WARS,ROM,KTW,https://skyscanner.net/g/referrals/v1/flights/multicity/?mediaPartnerId=6439681&origin0=wars&date0=2026-08-28&destination0=rom&origin1=rom&date1=2026-08-31&destination1=ktw&adultsv2=1&market=PL&locale=pl-PL&currency=PLN
Warszawa,Rzym,Włochy,Katowice,2026-08-28,2026-08-31,3,296.34,345.35,641.69,WARS,ROME,KTW,https://skyscanner.net/g/referrals/v1/flights/multicity/?mediaPartnerId=6439681&origin0=wars&date0=2026-08-28&destination0=rome&origin1=rome&date1=2026-08-31&destination1=ktw&adultsv2=1&market=PL&locale=pl-PL&currency=PLN
Poznań,Wenecja,Włochy,Gdańsk,2026-08-23,2026-08-27,4,546.9,95.0,641.9,POZ,TSF,GDN,https://skyscanner.net/g/referrals/v1/flights/multicity/?mediaPartnerId=6439681&origin0=poz&date0=2026-08-23&destination0=tsf&origin1=tsf&date1=2026-08-27&destination1=gdn&adultsv2=1&market=PL&locale=pl-PL&currency=PLN
Katowice,Mediolan,Włochy,Katowice,2026-08-29,2026-08-31,2,185.16,456.83,641.99,KTW,MILA,KTW,https://www.skyscanner.net/g/referrals/v1/flights/day-view/?origin=ktw&destination=mila&outboundDate=2026-08-29&inboundDate=2026-08-31&market=PL&locale=pl-PL&currency=PLN&mediaPartnerId=6439681
Warszawa,Majorka,Hiszpania,Gdańsk,2026-08-29,2026-08-31,2,145.65,496.46,642.11,WARS,PMI,GDN,https://skyscanner.net/g/referrals/v1/flights/multicity/?mediaPartnerId=6439681&origin0=wars&date0=2026-08-29&destination0=pmi&origin1=pmi&date1=2026-08-31&destination1=gdn&adultsv2=1&market=PL&locale=pl-PL&currency=PLN
Poznań,Wenecja,Włochy,Kraków,2026-08-23,2026-08-27,4,546.9,95.56,642.46,POZ,TSF,KRK,https://skyscanner.net/g/referrals/v1/flights/multicity/?mediaPartnerId=6439681&origin0=poz&date0=2026-08-23&destination0=tsf&origin1=tsf&date1=2026-08-27&destination1=krk&adultsv2=1&market=PL&locale=pl-PL&currency=PLN
Warszawa,Mediolan,Włochy,Kraków,2026-08-25,2026-08-28,3,460.39,182.51,642.9,WARS,MILA,KRK,https://skyscanner.net/g/referrals/v1/flights/multicity/?mediaPartnerId=6439681&origin0=wars&date0=2026-08-25&destination0=mila&origin1=mila&date1=2026-08-28&destination1=krk&adultsv2=1&market=PL&locale=pl-PL&currency=PLN
Kraków,Dubrovnik,Chorwacja,Wrocław,2026-08-26,2026-08-31,5,172.64,470.52,643.16,KRK,DBV,WRO,https://skyscanner.net/g/referrals/v1/flights/multicity/?mediaPartnerId=6439681&origin0=krk&date0=2026-08-26&destination0=dbv&origin1=dbv&date1=2026-08-31&destination1=wro&adultsv2=1&market=PL&locale=pl-PL&currency=PLN
Kraków,Mediolan,Włochy,Wrocław,2026-08-29,2026-08-31,2,336.69,306.47,643.1600000000001,KRK,MILA,WRO,https://skyscanner.net/g/referrals/v1/flights/multicity/?mediaPartnerId=6439681&origin0=krk&date0=2026-08-29&destination0=mila&origin1=mila&date1=2026-08-31&destination1=wro&adultsv2=1&market=PL&locale=pl-PL&currency=PLN
Warszawa,Katania,Włochy,Warszawa,2026-08-29,2026-08-31,2,299.0,344.59,643.5899999999999,WARS,CTA,WARS,https://www.skyscanner.net/g/referrals/v1/flights/day-view/?origin=wars&destination=cta&outboundDate=2026-08-29&inboundDate=2026-08-31&market=PL&locale=pl-PL&currency=PLN&mediaPartnerId=6439681
Wrocław,Zadar,Chorwacja,Warszawa,2026-08-25,2026-08-30,5,104.0,539.63,643.63,WRO,ZAD,WARS,https://skyscanner.net/g/referrals/v1/flights/multicity/?mediaPartnerId=6439681&origin0=wro&date0=2026-08-25&destination0=zad&origin1=zad&date1=2026-08-30&destination1=wars&adultsv2=1&market=PL&locale=pl-PL&currency=PLN
Kraków,Bolonia,Włochy,Wrocław,2026-08-27,2026-08-29,2,372.1,271.93,644.03,KRK,BLQ,WRO,https://skyscanner.net/g/referrals/v1/flights/multicity/?mediaPartnerId=6439681&origin0=krk&date0=2026-08-27&destination0=blq&origin1=blq&date1=2026-08-29&destination1=wro&adultsv2=1&market=PL&locale=pl-PL&currency=PLN
Poznań,Dubrovnik,Chorwacja,Wrocław,2026-08-26,2026-08-28,2,157.31,487.01,644.3199999999999,POZ,DBV,WRO,https://skyscanner.net/g/referrals/v1/flights/multicity/?mediaPartnerId=6439681&origin0=poz&date0=2026-08-26&destination0=dbv&origin1=dbv&date1=2026-08-28&destination1=wro&adultsv2=1&market=PL&locale=pl-PL&currency=PLN
Warszawa,Rzym,Włochy,Katowice,2026-08-29,2026-08-31,2,299.0,345.35,644.35,WARS,ROM,KTW,https://skyscanner.net/g/referrals/v1/flights/multicity/?mediaPartnerId=6439681&origin0=wars&date0=2026-08-29&destination0=rom&origin1=rom&date1=2026-08-31&destination1=ktw&adultsv2=1&market=PL&locale=pl-PL&currency=PLN
Warszawa,Rzym,Włochy,Kraków,2026-08-29,2026-08-31,2,299.0,345.35,644.35,WARS,ROME,KRK,https://skyscanner.net/g/referrals/v1/flights/multicity/?mediaPartnerId=6439681&origin0=wars&date0=2026-08-29&destination0=rome&origin1=rome&date1=2026-08-31&destination1=krk&adultsv2=1&market=PL&locale=pl-PL&currency=PLN
Warszawa,Rzym,Włochy,Gdańsk,2026-08-29,2026-08-31,2,299.0,345.35,644.35,WARS,ROM,GDN,https://skyscanner.net/g/referrals/v1/flights/multicity/?mediaPartnerId=6439681&origin0=wars&date0=2026-08-29&destination0=rom&origin1=rom&date1=2026-08-31&destination1=gdn&adultsv2=1&market=PL&locale=pl-PL&currency=PLN
Warszawa,Rzym,Włochy,Kraków,2026-08-29,2026-08-31,2,299.0,345.35,644.35,WARS,ROM,KRK,https://skyscanner.net/g/referrals/v1/flights/multicity/?mediaPartnerId=6439681&origin0=wars&date0=2026-08-29&destination0=rom&origin1=rom&date1=2026-08-31&destination1=krk&adultsv2=1&market=PL&locale=pl-PL&currency=PLN
Warszawa,Rzym,Włochy,Katowice,2026-08-29,2026-08-31,2,299.0,345.35,644.35,WARS,ROME,KTW,https://skyscanner.net/g/referrals/v1/flights/multicity/?mediaPartnerId=6439681&origin0=wars&date0=2026-08-29&destination0=rome&origin1=rome&date1=2026-08-31&destination1=ktw&adultsv2=1&market=PL&locale=pl-PL&currency=PLN
Warszawa,Rzym,Włochy,Gdańsk,2026-08-29,2026-08-31,2,299.0,345.35,644.35,WARS,ROM,GDN,https://skyscanner.net/g/referrals/v1/flights/multicity/?mediaPartnerId=6439681&origin0=wars&date0=2026-08-29&destination0=rom&origin1=rom&date1=2026-08-31&destination1=gdn&adultsv2=1&market=PL&locale=pl-PL&currency=PLN
Warszawa,Rzym,Włochy,Kraków,2026-08-29,2026-08-31,2,299.0,345.35,644.35,WARS,ROM,KRK,https://skyscanner.net/g/referrals/v1/flights/multicity/?mediaPartnerId=6439681&origin0=wars&date0=2026-08-29&destination0=rom&origin1=rom&date1=2026-08-31&destination1=krk&adultsv2=1&market=PL&locale=pl-PL&currency=PLN
Warszawa,Rzym,Włochy,Katowice,2026-08-29,2026-08-31,2,299.0,345.35,644.35,WARS,ROM,KTW,https://skyscanner.net/g/referrals/v1/flights/multicity/?mediaPartnerId=6439681&origin0=wars&date0=2026-08-29&destination0=rom&origin1=rom&date1=2026-08-31&destination1=ktw&adultsv2=1&market=PL&locale=pl-PL&currency=PLN
Warszawa,Rzym,Włochy,Gdańsk,2026-08-29,2026-08-31,2,299.0,345.35,644.35,WARS,ROME,GDN,https://skyscanner.net/g/referrals/v1/flights/multicity/?mediaPartnerId=6439681&origin0=wars&date0=2026-08-29&destination0=rome&origin1=rome&date1=2026-08-31&destination1=gdn&adultsv2=1&market=PL&locale=pl-PL&currency=PLN
Warszawa,Rzym,Włochy,Kraków,2026-08-29,2026-08-31,2,299.0,345.35,644.35,WARS,ROME,KRK,https://skyscanner.net/g/referrals/v1/flights/multicity/?mediaPartnerId=6439681&origin0=wars&date0=2026-08-29&destination0=rome&origin1=rome&date1=2026-08-31&destination1=krk&adultsv2=1&market=PL&locale=pl-PL&currency=PLN
Warszawa,Rzym,Włochy,Gdańsk,2026-08-29,2026-08-31,2,299.0,345.35,644.35,WARS,ROME,GDN,https://skyscanner.net/g/referrals/v1/flights/multicity/?mediaPartnerId=6439681&origin0=wars&date0=2026-08-29&destination0=rome&origin1=rome&date1=2026-08-31&destination1=gdn&adultsv2=1&market=PL&locale=pl-PL&currency=PLN
Warszawa,Rzym,Włochy,Katowice,2026-08-29,2026-08-31,2,299.0,345.35,644.35,WARS,ROME,KTW,https://skyscanner.net/g/referrals/v1/flights/multicity/?mediaPartnerId=6439681&origin0=wars&date0=2026-08-29&destination0=rome&origin1=rome&date1=2026-08-31&destination1=ktw&adultsv2=1&market=PL&locale=pl-PL&currency=PLN
Kraków,Mediolan,Włochy,Kraków,2026-08-26,2026-08-28,2,461.89,182.51,644.4,KRK,MILA,KRK,https://www.skyscanner.net/g/referrals/v1/flights/day-view/?origin=krk&destination=mila&outboundDate=2026-08-26&inboundDate=2026-08-28&market=PL&locale=pl-PL&currency=PLN&mediaPartnerId=6439681
Warszawa,Zadar,Chorwacja,Gdańsk,2026-08-25,2026-08-27,2,456.77,187.78,644.55,WARS,ZAD,GDN,https://skyscanner.net/g/referrals/v1/flights/multicity/?mediaPartnerId=6439681&origin0=wars&date0=2026-08-25&destination0=zad&origin1=zad&date1=2026-08-27&destination1=gdn&adultsv2=1&market=PL&locale=pl-PL&currency=PLN
Katowice,Mediolan,Włochy,Warszawa,2026-08-26,2026-08-28,2,512.46,132.31,644.77,KTW,MILA,WARS,https://skyscanner.net/g/referrals/v1/flights/multicity/?mediaPartnerId=6439681&origin0=ktw&date0=2026-08-26&destination0=mila&origin1=mila&date1=2026-08-28&destination1=wars&adultsv2=1&market=PL&locale=pl-PL&currency=PLN
Wrocław,Zadar,Chorwacja,Warszawa,2026-08-28,2026-08-30,2,105.51,539.63,645.14,WRO,ZAD,WARS,https://skyscanner.net/g/referrals/v1/flights/multicity/?mediaPartnerId=6439681&origin0=wro&date0=2026-08-28&destination0=zad&origin1=zad&date1=2026-08-30&destination1=wars&adultsv2=1&market=PL&locale=pl-PL&currency=PLN
Kraków,Mediolan,Włochy,Warszawa,2026-08-25,2026-08-29,4,439.61,206.85,646.46,KRK,MILA,WARS,https://skyscanner.net/g/referrals/v1/flights/multicity/?mediaPartnerId=6439681&origin0=krk&date0=2026-08-25&destination0=mila&origin1=mila&date1=2026-08-29&destination1=wars&adultsv2=1&market=PL&locale=pl-PL&currency=PLN
Wrocław,Zadar,Chorwacja,Warszawa,2026-08-26,2026-08-30,4,106.89,539.63,646.52,WRO,ZAD,WARS,https://skyscanner.net/g/referrals/v1/flights/multicity/?mediaPartnerId=6439681&origin0=wro&date0=2026-08-26&destination0=zad&origin1=zad&date1=2026-08-30&destination1=wars&adultsv2=1&market=PL&locale=pl-PL&currency=PLN
Poznań,Rzym,Włochy,Kraków,2026-08-28,2026-08-31,3,404.22,242.31,646.53,POZ,ROME,KRK,https://skyscanner.net/g/referrals/v1/flights/multicity/?mediaPartnerId=6439681&origin0=poz&date0=2026-08-28&destination0=rome&origin1=rome&date1=2026-08-31&destination1=krk&adultsv2=1&market=PL&locale=pl-PL&currency=PLN
Gdańsk,Korfu,Grecja,Kraków,2026-08-27,2026-08-30,3,155.09,492.1,647.19,GDN,CFU,KRK,https://skyscanner.net/g/referrals/v1/flights/multicity/?mediaPartnerId=6439681&origin0=gdn&date0=2026-08-27&destination0=cfu&origin1=cfu&date1=2026-08-30&destination1=krk&adultsv2=1&market=PL&locale=pl-PL&currency=PLN
Warszawa,Alghero,Włochy,Katowice,2026-08-26,2026-08-28,2,201.12,446.31,647.4300000000001,WARS,AHO,KTW,https://skyscanner.net/g/referrals/v1/flights/multicity/?mediaPartnerId=6439681&origin0=wars&date0=2026-08-26&destination0=aho&origin1=aho&date1=2026-08-28&destination1=ktw&adultsv2=1&market=PL&locale=pl-PL&currency=PLN
Poznań,Podgorica,Czarnogóra,Wrocław,2026-08-23,2026-08-29,6,155.37,492.11,647.48,POZ,TGD,WRO,https://skyscanner.net/g/referrals/v1/flights/multicity/?mediaPartnerId=6439681&origin0=poz&date0=2026-08-23&destination0=tgd&origin1=tgd&date1=2026-08-29&destination1=wro&adultsv2=1&market=PL&locale=pl-PL&currency=PLN
Wrocław,Brindisi,Włochy,Gdańsk,2026-08-29,2026-08-31,2,242.31,405.17,647.48,WRO,BDS,GDN,https://skyscanner.net/g/referrals/v1/flights/multicity/?mediaPartnerId=6439681&origin0=wro&date0=2026-08-29&destination0=bds&origin1=bds&date1=2026-08-31&destination1=gdn&adultsv2=1&market=PL&locale=pl-PL&currency=PLN
Kraków,Dubrovnik,Chorwacja,Kraków,2026-08-25,2026-08-28,3,95.0,552.55,647.55,KRK,DBV,KRK,https://www.skyscanner.net/g/referrals/v1/flights/day-view/?origin=krk&destination=dbv&outboundDate=2026-08-25&inboundDate=2026-08-28&market=PL&locale=pl-PL&currency=PLN&mediaPartnerId=6439681
Warszawa,Mediolan,Włochy,Warszawa,2026-08-28,2026-08-30,2,302.21,345.35,647.56,WARS,MILA,WARS,https://www.skyscanner.net/g/referrals/v1/flights/day-view/?origin=wars&destination=mila&outboundDate=2026-08-28&inboundDate=2026-08-30&market=PL&locale=pl-PL&currency=PLN&mediaPartnerId=6439681
Warszawa,Mediolan,Włochy,Warszawa,2026-08-28,2026-08-30,2,475.07,172.65,647.72,WARS,MIL,WARS,https://www.skyscanner.net/g/referrals/v1/flights/day-view/?origin=wars&destination=mil&outboundDate=2026-08-28&inboundDate=2026-08-30&market=PL&locale=pl-PL&currency=PLN&mediaPartnerId=6439681
Warszawa,Mediolan,Włochy,Warszawa,2026-08-28,2026-08-30,2,475.07,172.65,647.72,WARS,MILA,WARS,https://www.skyscanner.net/g/referrals/v1/flights/day-view/?origin=wars&destination=mila&outboundDate=2026-08-28&inboundDate=2026-08-30&market=PL&locale=pl-PL&currency=PLN&mediaPartnerId=6439681
Warszawa,Mediolan,Włochy,Kraków,2026-08-29,2026-08-31,2,409.0,238.75,647.75,WARS,MILA,KRK,https://skyscanner.net/g/referrals/v1/flights/multicity/?mediaPartnerId=6439681&origin0=wars&date0=2026-08-29&destination0=mila&origin1=mila&date1=2026-08-31&destination1=krk&adultsv2=1&market=PL&locale=pl-PL&currency=PLN
Kraków,Mediolan,Włochy,Kraków,2026-08-29,2026-08-31,2,409.0,238.75,647.75,KRK,MILA,KRK,https://www.skyscanner.net/g/referrals/v1/flights/day-view/?origin=krk&destination=mila&outboundDate=2026-08-29&inboundDate=2026-08-31&market=PL&locale=pl-PL&currency=PLN&mediaPartnerId=6439681
Kraków,Mediolan,Włochy,Kraków,2026-08-29,2026-08-31,2,409.0,238.75,647.75,KRK,MILA,KRK,https://www.skyscanner.net/g/referrals/v1/flights/day-view/?origin=krk&destination=mila&outboundDate=2026-08-29&inboundDate=2026-08-31&market=PL&locale=pl-PL&currency=PLN&mediaPartnerId=6439681
Kraków,Rzym,Włochy,Kraków,2026-08-28,2026-08-30,2,341.46,306.36,647.8199999999999,KRK,ROME,KRK,https://www.skyscanner.net/g/referrals/v1/flights/day-view/?origin=krk&destination=rome&outboundDate=2026-08-28&inboundDate=2026-08-30&market=PL&locale=pl-PL&currency=PLN&mediaPartnerId=6439681
Warszawa,Mediolan,Włochy,Warszawa,2026-08-26,2026-08-28,2,534.7,113.39,648.09,WARS,MILA,WARS,https://www.skyscanner.net/g/referrals/v1/flights/day-view/?origin=wars&destination=mila&outboundDate=2026-08-26&inboundDate=2026-08-28&market=PL&locale=pl-PL&currency=PLN&mediaPartnerId=6439681
Poznań,Wenecja,Włochy,Kraków,2026-08-23,2026-08-26,3,546.9,101.26,648.16,POZ,TSF,KRK,https://skyscanner.net/g/referrals/v1/flights/multicity/?mediaPartnerId=6439681&origin0=poz&date0=2026-08-23&destination0=tsf&origin1=tsf&date1=2026-08-26&destination1=krk&adultsv2=1&market=PL&locale=pl-PL&currency=PLN
Kraków,Bolonia,Włochy,Wrocław,2026-08-27,2026-08-31,4,372.1,276.25,648.35,KRK,BLQ,WRO,https://skyscanner.net/g/referrals/v1/flights/multicity/?mediaPartnerId=6439681&origin0=krk&date0=2026-08-27&destination0=blq&origin1=blq&date1=2026-08-31&destination1=wro&adultsv2=1&market=PL&locale=pl-PL&currency=PLN
Kraków,Katania,Włochy,Kraków,2026-08-26,2026-08-31,5,384.57,264.0,648.5699999999999,KRK,CTA,KRK,https://www.skyscanner.net/g/referrals/v1/flights/day-view/?origin=krk&destination=cta&outboundDate=2026-08-26&inboundDate=2026-08-31&market=PL&locale=pl-PL&currency=PLN&mediaPartnerId=6439681
Katowice,Zadar,Chorwacja,Kraków,2026-08-27,2026-08-30,3,79.0,569.81,648.81,KTW,ZAD,KRK,https://skyscanner.net/g/referrals/v1/flights/multicity/?mediaPartnerId=6439681&origin0=ktw&date0=2026-08-27&destination0=zad&origin1=zad&date1=2026-08-30&destination1=krk&adultsv2=1&market=PL&locale=pl-PL&currency=PLN
Katowice,Zadar,Chorwacja,Kraków,2026-08-25,2026-08-28,3,79.0,569.81,648.81,KTW,ZAD,KRK,https://skyscanner.net/g/referrals/v1/flights/multicity/?mediaPartnerId=6439681&origin0=ktw&date0=2026-08-25&destination0=zad&origin1=zad&date1=2026-08-28&destination1=krk&adultsv2=1&market=PL&locale=pl-PL&currency=PLN
Katowice,Zadar,Chorwacja,Kraków,2026-08-25,2026-08-30,5,79.0,569.81,648.81,KTW,ZAD,KRK,https://skyscanner.net/g/referrals/v1/flights/multicity/?mediaPartnerId=6439681&origin0=ktw&date0=2026-08-25&destination0=zad&origin1=zad&date1=2026-08-30&destination1=krk&adultsv2=1&market=PL&locale=pl-PL&currency=PLN
Warszawa,Bari,Włochy,Wrocław,2026-08-27,2026-08-30,3,217.31,431.7,649.01,WARS,BRI,WRO,https://skyscanner.net/g/referrals/v1/flights/multicity/?mediaPartnerId=6439681&origin0=wars&date0=2026-08-27&destination0=bri&origin1=bri&date1=2026-08-30&destination1=wro&adultsv2=1&market=PL&locale=pl-PL&currency=PLN
Warszawa,Katania,Włochy,Gdańsk,2026-08-28,2026-08-30,2,217.31,431.7,649.01,WARS,CTA,GDN,https://skyscanner.net/g/referrals/v1/flights/multicity/?mediaPartnerId=6439681&origin0=wars&date0=2026-08-28&destination0=cta&origin1=cta&date1=2026-08-30&destination1=gdn&adultsv2=1&market=PL&locale=pl-PL&currency=PLN
Warszawa,Mediolan,Włochy,Kraków,2026-08-28,2026-08-31,3,475.07,174.31,649.38,WARS,MILA,KRK,https://skyscanner.net/g/referrals/v1/flights/multicity/?mediaPartnerId=6439681&origin0=wars&date0=2026-08-28&destination0=mila&origin1=mila&date1=2026-08-31&destination1=krk&adultsv2=1&market=PL&locale=pl-PL&currency=PLN
Poznań,Zadar,Chorwacja,Wrocław,2026-08-25,2026-08-28,3,164.01,485.75,649.76,POZ,ZAD,WRO,https://skyscanner.net/g/referrals/v1/flights/multicity/?mediaPartnerId=6439681&origin0=poz&date0=2026-08-25&destination0=zad&origin1=zad&date1=2026-08-28&destination1=wro&adultsv2=1&market=PL&locale=pl-PL&currency=PLN
Warszawa,Majorka,Hiszpania,Kraków,2026-08-27,2026-08-31,4,140.26,509.91,650.1700000000001,WARS,PMI,KRK,https://skyscanner.net/g/referrals/v1/flights/multicity/?mediaPartnerId=6439681&origin0=wars&date0=2026-08-27&destination0=pmi&origin1=pmi&date1=2026-08-31&destination1=krk&adultsv2=1&market=PL&locale=pl-PL&currency=PLN
Wrocław,Wenecja,Włochy,Warszawa,2026-08-28,2026-08-31,3,306.47,343.83,650.3,WRO,TSF,WARS,https://skyscanner.net/g/referrals/v1/flights/multicity/?mediaPartnerId=6439681&origin0=wro&date0=2026-08-28&destination0=tsf&origin1=tsf&date1=2026-08-31&destination1=wars&adultsv2=1&market=PL&locale=pl-PL&currency=PLN
Warszawa,Mediolan,Włochy,Warszawa,2026-08-27,2026-08-29,2,365.93,284.91,650.84,WARS,MILA,WARS,https://www.skyscanner.net/g/referrals/v1/flights/day-view/?origin=wars&destination=mila&outboundDate=2026-08-27&inboundDate=2026-08-29&market=PL&locale=pl-PL&currency=PLN&mediaPartnerId=6439681
Warszawa,Mediolan,Włochy,Kraków,2026-08-27,2026-08-30,3,365.93,284.91,650.84,WARS,MIL,KRK,https://skyscanner.net/g/referrals/v1/flights/multicity/?mediaPartnerId=6439681&origin0=wars&date0=2026-08-27&destination0=mil&origin1=mil&date1=2026-08-30&destination1=krk&adultsv2=1&market=PL&locale=pl-PL&currency=PLN
Warszawa,Mediolan,Włochy,Kraków,2026-08-27,2026-08-31,4,365.93,284.91,650.84,WARS,MIL,KRK,https://skyscanner.net/g/referrals/v1/flights/multicity/?mediaPartnerId=6439681&origin0=wars&date0=2026-08-27&destination0=mil&origin1=mil&date1=2026-08-31&destination1=krk&adultsv2=1&market=PL&locale=pl-PL&currency=PLN
Warszawa,Mediolan,Włochy,Kraków,2026-08-27,2026-08-30,3,365.93,284.91,650.84,WARS,MILA,KRK,https://skyscanner.net/g/referrals/v1/flights/multicity/?mediaPartnerId=6439681&origin0=wars&date0=2026-08-27&destination0=mila&origin1=mila&date1=2026-08-30&destination1=krk&adultsv2=1&market=PL&locale=pl-PL&currency=PLN
Wrocław,Mediolan,Włochy,Gdańsk,2026-08-27,2026-08-29,2,379.32,271.93,651.25,WRO,MILA,GDN,https://skyscanner.net/g/referrals/v1/flights/multicity/?mediaPartnerId=6439681&origin0=wro&date0=2026-08-27&destination0=mila&origin1=mila&date1=2026-08-29&destination1=gdn&adultsv2=1&market=PL&locale=pl-PL&currency=PLN
Warszawa,Piza,Włochy,Warszawa,2026-08-25,2026-08-30,5,460.15,191.31,651.46,WARS,PSA,WARS,https://www.skyscanner.net/g/referrals/v1/flights/day-view/?origin=wars&destination=psa&outboundDate=2026-08-25&inboundDate=2026-08-30&market=PL&locale=pl-PL&currency=PLN&mediaPartnerId=6439681
Warszawa,Mediolan,Włochy,Katowice,2026-08-27,2026-08-29,2,365.93,285.75,651.6800000000001,WARS,MILA,KTW,https://skyscanner.net/g/referrals/v1/flights/multicity/?mediaPartnerId=6439681&origin0=wars&date0=2026-08-27&destination0=mila&origin1=mila&date1=2026-08-29&destination1=ktw&adultsv2=1&market=PL&locale=pl-PL&currency=PLN
Kraków,Piza,Włochy,Warszawa,2026-08-27,2026-08-30,3,460.46,191.31,651.77,KRK,PSA,WARS,https://skyscanner.net/g/referrals/v1/flights/multicity/?mediaPartnerId=6439681&origin0=krk&date0=2026-08-27&destination0=psa&origin1=psa&date1=2026-08-30&destination1=wars&adultsv2=1&market=PL&locale=pl-PL&currency=PLN
Kraków,Piza,Włochy,Kraków,2026-08-25,2026-08-27,2,448.94,202.86,651.8,KRK,PSA,KRK,https://www.skyscanner.net/g/referrals/v1/flights/day-view/?origin=krk&destination=psa&outboundDate=2026-08-25&inboundDate=2026-08-27&market=PL&locale=pl-PL&currency=PLN&mediaPartnerId=6439681
Wrocław,Wenecja,Włochy,Warszawa,2026-08-28,2026-08-31,3,306.47,345.35,651.82,WRO,VEN,WARS,https://skyscanner.net/g/referrals/v1/flights/multicity/?mediaPartnerId=6439681&origin0=wro&date0=2026-08-28&destination0=ven&origin1=ven&date1=2026-08-31&destination1=wars&adultsv2=1&market=PL&locale=pl-PL&currency=PLN
Kraków,Mediolan,Włochy,Warszawa,2026-08-28,2026-08-30,2,306.47,345.35,651.82,KRK,MILA,WARS,https://skyscanner.net/g/referrals/v1/flights/multicity/?mediaPartnerId=6439681&origin0=krk&date0=2026-08-28&destination0=mila&origin1=mila&date1=2026-08-30&destination1=wars&adultsv2=1&market=PL&locale=pl-PL&currency=PLN
Wrocław,Wenecja,Włochy,Warszawa,2026-08-28,2026-08-31,3,306.47,345.35,651.82,WRO,VCE,WARS,https://skyscanner.net/g/referrals/v1/flights/multicity/?mediaPartnerId=6439681&origin0=wro&date0=2026-08-28&destination0=vce&origin1=vce&date1=2026-08-31&destination1=wars&adultsv2=1&market=PL&locale=pl-PL&currency=PLN
Wrocław,Bolonia,Włochy,Warszawa,2026-08-27,2026-08-31,4,220.13,431.7,651.8299999999999,WRO,BLQ,WARS,https://skyscanner.net/g/referrals/v1/flights/multicity/?mediaPartnerId=6439681&origin0=wro&date0=2026-08-27&destination0=blq&origin1=blq&date1=2026-08-31&destination1=wars&adultsv2=1&market=PL&locale=pl-PL&currency=PLN
Poznań,Mediolan,Włochy,Warszawa,2026-08-27,2026-08-31,4,332.37,319.48,651.85,POZ,MILA,WARS,https://skyscanner.net/g/referrals/v1/flights/multicity/?mediaPartnerId=6439681&origin0=poz&date0=2026-08-27&destination0=mila&origin1=mila&date1=2026-08-31&destination1=wars&adultsv2=1&market=PL&locale=pl-PL&currency=PLN
Poznań,Bari,Włochy,Kraków,2026-08-28,2026-08-30,2,259.75,392.81,652.56,POZ,BRI,KRK,https://skyscanner.net/g/referrals/v1/flights/multicity/?mediaPartnerId=6439681&origin0=poz&date0=2026-08-28&destination0=bri&origin1=bri&date1=2026-08-30&destination1=krk&adultsv2=1&market=PL&locale=pl-PL&currency=PLN
Kraków,Mediolan,Włochy,Warszawa,2026-08-25,2026-08-29,4,439.61,213.21,652.82,KRK,MILA,WARS,https://skyscanner.net/g/referrals/v1/flights/multicity/?mediaPartnerId=6439681&origin0=krk&date0=2026-08-25&destination0=mila&origin1=mila&date1=2026-08-29&destination1=wars&adultsv2=1&market=PL&locale=pl-PL&currency=PLN
Kraków,Mediolan,Włochy,Gdańsk,2026-08-29,2026-08-31,2,409.0,244.25,653.25,KRK,MILA,GDN,https://skyscanner.net/g/referrals/v1/flights/multicity/?mediaPartnerId=6439681&origin0=krk&date0=2026-08-29&destination0=mila&origin1=mila&date1=2026-08-31&destination1=gdn&adultsv2=1&market=PL&locale=pl-PL&currency=PLN
Kraków,Mediolan,Włochy,Gdańsk,2026-08-29,2026-08-31,2,409.0,244.25,653.25,KRK,MILA,GDN,https://skyscanner.net/g/referrals/v1/flights/multicity/?mediaPartnerId=6439681&origin0=krk&date0=2026-08-29&destination0=mila&origin1=mila&date1=2026-08-31&destination1=gdn&adultsv2=1&market=PL&locale=pl-PL&currency=PLN
Warszawa,Mediolan,Włochy,Gdańsk,2026-08-29,2026-08-31,2,409.0,244.25,653.25,WARS,MILA,GDN,https://skyscanner.net/g/referrals/v1/flights/multicity/?mediaPartnerId=6439681&origin0=wars&date0=2026-08-29&destination0=mila&origin1=mila&date1=2026-08-31&destination1=gdn&adultsv2=1&market=PL&locale=pl-PL&currency=PLN
Katowice,Reggio Calabria,Włochy,Katowice,2026-08-24,2026-08-31,7,196.47,457.57,654.04,KTW,REG,KTW,https://www.skyscanner.net/g/referrals/v1/flights/day-view/?origin=ktw&destination=reg&outboundDate=2026-08-24&inboundDate=2026-08-31&market=PL&locale=pl-PL&currency=PLN&mediaPartnerId=6439681
Warszawa,Mediolan,Włochy,Gdańsk,2026-08-26,2026-08-31,5,455.6,198.56,654.1600000000001,WARS,MIL,GDN,https://skyscanner.net/g/referrals/v1/flights/multicity/?mediaPartnerId=6439681&origin0=wars&date0=2026-08-26&destination0=mil&origin1=mil&date1=2026-08-31&destination1=gdn&adultsv2=1&market=PL&locale=pl-PL&currency=PLN
Warszawa,Mediolan,Włochy,Gdańsk,2026-08-26,2026-08-31,5,455.6,198.56,654.1600000000001,WARS,MILA,GDN,https://skyscanner.net/g/referrals/v1/flights/multicity/?mediaPartnerId=6439681&origin0=wars&date0=2026-08-26&destination0=mila&origin1=mila&date1=2026-08-31&destination1=gdn&adultsv2=1&market=PL&locale=pl-PL&currency=PLN
Gdańsk,Dubrovnik,Chorwacja,Gdańsk,2026-08-23,2026-08-27,4,289.01,365.36,654.37,GDN,DBV,GDN,https://www.skyscanner.net/g/referrals/v1/flights/day-view/?origin=gdn&destination=dbv&outboundDate=2026-08-23&inboundDate=2026-08-27&market=PL&locale=pl-PL&currency=PLN&mediaPartnerId=6439681
Warszawa,Palermo,Włochy,Kraków,2026-08-25,2026-08-31,6,210.37,444.62,654.99,WARS,PMO,KRK,https://skyscanner.net/g/referrals/v1/flights/multicity/?mediaPartnerId=6439681&origin0=wars&date0=2026-08-25&destination0=pmo&origin1=pmo&date1=2026-08-31&destination1=krk&adultsv2=1&market=PL&locale=pl-PL&currency=PLN
Warszawa,Katania,Włochy,Warszawa,2026-08-28,2026-08-30,2,217.31,437.77,655.0799999999999,WARS,CTA,WARS,https://www.skyscanner.net/g/referrals/v1/flights/day-view/?origin=wars&destination=cta&outboundDate=2026-08-28&inboundDate=2026-08-30&market=PL&locale=pl-PL&currency=PLN&mediaPartnerId=6439681
Poznań,Bari,Włochy,Wrocław,2026-08-27,2026-08-30,3,223.72,431.7,655.42,POZ,BRI,WRO,https://skyscanner.net/g/referrals/v1/flights/multicity/?mediaPartnerId=6439681&origin0=poz&date0=2026-08-27&destination0=bri&origin1=bri&date1=2026-08-30&destination1=wro&adultsv2=1&market=PL&locale=pl-PL&currency=PLN
Kraków,Mediolan,Włochy,Poznań,2026-08-25,2026-08-28,3,439.61,215.81,655.4200000000001,KRK,MILA,POZ,https://skyscanner.net/g/referrals/v1/flights/multicity/?mediaPartnerId=6439681&origin0=krk&date0=2026-08-25&destination0=mila&origin1=mila&date1=2026-08-28&destination1=poz&adultsv2=1&market=PL&locale=pl-PL&currency=PLN
Warszawa,Majorka,Hiszpania,Kraków,2026-08-29,2026-08-31,2,145.65,509.91,655.5600000000001,WARS,PMI,KRK,https://skyscanner.net/g/referrals/v1/flights/multicity/?mediaPartnerId=6439681&origin0=wars&date0=2026-08-29&destination0=pmi&origin1=pmi&date1=2026-08-31&destination1=krk&adultsv2=1&market=PL&locale=pl-PL&currency=PLN
Katowice,Mediolan,Włochy,Wrocław,2026-08-27,2026-08-31,4,349.54,306.47,656.01,KTW,MILA,WRO,https://skyscanner.net/g/referrals/v1/flights/multicity/?mediaPartnerId=6439681&origin0=ktw&date0=2026-08-27&destination0=mila&origin1=mila&date1=2026-08-31&destination1=wro&adultsv2=1&market=PL&locale=pl-PL&currency=PLN
Katowice,Mediolan,Włochy,Wrocław,2026-08-25,2026-08-31,6,349.54,306.47,656.01,KTW,MILA,WRO,https://skyscanner.net/g/referrals/v1/flights/multicity/?mediaPartnerId=6439681&origin0=ktw&date0=2026-08-25&destination0=mila&origin1=mila&date1=2026-08-31&destination1=wro&adultsv2=1&market=PL&locale=pl-PL&currency=PLN
Katowice,Mediolan,Włochy,Wrocław,2026-08-28,2026-08-31,3,349.54,306.47,656.01,KTW,MILA,WRO,https://skyscanner.net/g/referrals/v1/flights/multicity/?mediaPartnerId=6439681&origin0=ktw&date0=2026-08-28&destination0=mila&origin1=mila&date1=2026-08-31&destination1=wro&adultsv2=1&market=PL&locale=pl-PL&currency=PLN
Wrocław,Dubrovnik,Chorwacja,Wrocław,2026-08-29,2026-08-31,2,185.59,470.52,656.11,WRO,DBV,WRO,https://www.skyscanner.net/g/referrals/v1/flights/day-view/?origin=wro&destination=dbv&outboundDate=2026-08-29&inboundDate=2026-08-31&market=PL&locale=pl-PL&currency=PLN&mediaPartnerId=6439681
Poznań,Mediolan,Włochy,Warszawa,2026-08-26,2026-08-30,4,483.47,172.65,656.12,POZ,MIL,WARS,https://skyscanner.net/g/referrals/v1/flights/multicity/?mediaPartnerId=6439681&origin0=poz&date0=2026-08-26&destination0=mil&origin1=mil&date1=2026-08-30&destination1=wars&adultsv2=1&market=PL&locale=pl-PL&currency=PLN
Poznań,Mediolan,Włochy,Warszawa,2026-08-26,2026-08-30,4,483.47,172.65,656.12,POZ,MILA,WARS,https://skyscanner.net/g/referrals/v1/flights/multicity/?mediaPartnerId=6439681&origin0=poz&date0=2026-08-26&destination0=mila&origin1=mila&date1=2026-08-30&destination1=wars&adultsv2=1&market=PL&locale=pl-PL&currency=PLN
Wrocław,Dubrovnik,Chorwacja,Gdańsk,2026-08-27,2026-08-30,3,224.45,431.7,656.15,WRO,DBV,GDN,https://skyscanner.net/g/referrals/v1/flights/multicity/?mediaPartnerId=6439681&origin0=wro&date0=2026-08-27&destination0=dbv&origin1=dbv&date1=2026-08-30&destination1=gdn&adultsv2=1&market=PL&locale=pl-PL&currency=PLN
Kraków,Mediolan,Włochy,Warszawa,2026-08-29,2026-08-31,2,336.69,319.48,656.1700000000001,KRK,MILA,WARS,https://skyscanner.net/g/referrals/v1/flights/multicity/?mediaPartnerId=6439681&origin0=krk&date0=2026-08-29&destination0=mila&origin1=mila&date1=2026-08-31&destination1=wars&adultsv2=1&market=PL&locale=pl-PL&currency=PLN
Warszawa,Katania,Włochy,Katowice,2026-08-27,2026-08-29,2,275.92,380.26,656.1800000000001,WARS,CTA,KTW,https://skyscanner.net/g/referrals/v1/flights/multicity/?mediaPartnerId=6439681&origin0=wars&date0=2026-08-27&destination0=cta&origin1=cta&date1=2026-08-29&destination1=ktw&adultsv2=1&market=PL&locale=pl-PL&currency=PLN
Kraków,Rzym,Włochy,Kraków,2026-08-26,2026-08-29,3,397.88,259.0,656.88,KRK,ROM,KRK,https://www.skyscanner.net/g/referrals/v1/flights/day-view/?origin=krk&destination=rom&outboundDate=2026-08-26&inboundDate=2026-08-29&market=PL&locale=pl-PL&currency=PLN&mediaPartnerId=6439681
Kraków,Rzym,Włochy,Katowice,2026-08-26,2026-08-29,3,397.88,259.0,656.88,KRK,ROM,KTW,https://skyscanner.net/g/referrals/v1/flights/multicity/?mediaPartnerId=6439681&origin0=krk&date0=2026-08-26&destination0=rom&origin1=rom&date1=2026-08-29&destination1=ktw&adultsv2=1&market=PL&locale=pl-PL&currency=PLN
Kraków,Rzym,Włochy,Katowice,2026-08-27,2026-08-29,2,397.88,259.0,656.88,KRK,ROME,KTW,https://skyscanner.net/g/referrals/v1/flights/multicity/?mediaPartnerId=6439681&origin0=krk&date0=2026-08-27&destination0=rome&origin1=rome&date1=2026-08-29&destination1=ktw&adultsv2=1&market=PL&locale=pl-PL&currency=PLN
Kraków,Rzym,Włochy,Kraków,2026-08-27,2026-08-29,2,397.88,259.0,656.88,KRK,ROME,KRK,https://www.skyscanner.net/g/referrals/v1/flights/day-view/?origin=krk&destination=rome&outboundDate=2026-08-27&inboundDate=2026-08-29&market=PL&locale=pl-PL&currency=PLN&mediaPartnerId=6439681
Kraków,Rzym,Włochy,Kraków,2026-08-27,2026-08-29,2,397.88,259.0,656.88,KRK,ROM,KRK,https://www.skyscanner.net/g/referrals/v1/flights/day-view/?origin=krk&destination=rom&outboundDate=2026-08-27&inboundDate=2026-08-29&market=PL&locale=pl-PL&currency=PLN&mediaPartnerId=6439681
Kraków,Rzym,Włochy,Kraków,2026-08-26,2026-08-29,3,397.88,259.0,656.88,KRK,ROME,KRK,https://www.skyscanner.net/g/referrals/v1/flights/day-view/?origin=krk&destination=rome&outboundDate=2026-08-26&inboundDate=2026-08-29&market=PL&locale=pl-PL&currency=PLN&mediaPartnerId=6439681
Kraków,Rzym,Włochy,Katowice,2026-08-26,2026-08-29,3,397.88,259.0,656.88,KRK,ROME,KTW,https://skyscanner.net/g/referrals/v1/flights/multicity/?mediaPartnerId=6439681&origin0=krk&date0=2026-08-26&destination0=rome&origin1=rome&date1=2026-08-29&destination1=ktw&adultsv2=1&market=PL&locale=pl-PL&currency=PLN
Kraków,Rzym,Włochy,Katowice,2026-08-27,2026-08-29,2,397.88,259.0,656.88,KRK,ROM,KTW,https://skyscanner.net/g/referrals/v1/flights/multicity/?mediaPartnerId=6439681&origin0=krk&date0=2026-08-27&destination0=rom&origin1=rom&date1=2026-08-29&destination1=ktw&adultsv2=1&market=PL&locale=pl-PL&currency=PLN
Warszawa,Rzym,Włochy,Katowice,2026-08-26,2026-08-29,3,397.88,259.0,656.88,WARS,ROM,KTW,https://skyscanner.net/g/referrals/v1/flights/multicity/?mediaPartnerId=6439681&origin0=wars&date0=2026-08-26&destination0=rom&origin1=rom&date1=2026-08-29&destination1=ktw&adultsv2=1&market=PL&locale=pl-PL&currency=PLN
Warszawa,Rzym,Włochy,Kraków,2026-08-26,2026-08-29,3,397.88,259.0,656.88,WARS,ROM,KRK,https://skyscanner.net/g/referrals/v1/flights/multicity/?mediaPartnerId=6439681&origin0=wars&date0=2026-08-26&destination0=rom&origin1=rom&date1=2026-08-29&destination1=krk&adultsv2=1&market=PL&locale=pl-PL&currency=PLN
Warszawa,Rzym,Włochy,Katowice,2026-08-26,2026-08-29,3,397.88,259.0,656.88,WARS,ROME,KTW,https://skyscanner.net/g/referrals/v1/flights/multicity/?mediaPartnerId=6439681&origin0=wars&date0=2026-08-26&destination0=rome&origin1=rome&date1=2026-08-29&destination1=ktw&adultsv2=1&market=PL&locale=pl-PL&currency=PLN
Warszawa,Rzym,Włochy,Kraków,2026-08-26,2026-08-29,3,397.88,259.0,656.88,WARS,ROME,KRK,https://skyscanner.net/g/referrals/v1/flights/multicity/?mediaPartnerId=6439681&origin0=wars&date0=2026-08-26&destination0=rome&origin1=rome&date1=2026-08-29&destination1=krk&adultsv2=1&market=PL&locale=pl-PL&currency=PLN
Warszawa,Rzym,Włochy,Poznań,2026-08-26,2026-08-29,3,397.88,259.28,657.16,WARS,ROME,POZ,https://skyscanner.net/g/referrals/v1/flights/multicity/?mediaPartnerId=6439681&origin0=wars&date0=2026-08-26&destination0=rome&origin1=rome&date1=2026-08-29&destination1=poz&adultsv2=1&market=PL&locale=pl-PL&currency=PLN
Kraków,Rzym,Włochy,Poznań,2026-08-26,2026-08-29,3,397.88,259.28,657.16,KRK,ROME,POZ,https://skyscanner.net/g/referrals/v1/flights/multicity/?mediaPartnerId=6439681&origin0=krk&date0=2026-08-26&destination0=rome&origin1=rome&date1=2026-08-29&destination1=poz&adultsv2=1&market=PL&locale=pl-PL&currency=PLN
Kraków,Rzym,Włochy,Poznań,2026-08-27,2026-08-29,2,397.88,259.28,657.16,KRK,ROME,POZ,https://skyscanner.net/g/referrals/v1/flights/multicity/?mediaPartnerId=6439681&origin0=krk&date0=2026-08-27&destination0=rome&origin1=rome&date1=2026-08-29&destination1=poz&adultsv2=1&market=PL&locale=pl-PL&currency=PLN
Kraków,Piza,Włochy,Wrocław,2026-08-25,2026-08-29,4,448.94,208.31,657.25,KRK,PSA,WRO,https://skyscanner.net/g/referrals/v1/flights/multicity/?mediaPartnerId=6439681&origin0=krk&date0=2026-08-25&destination0=psa&origin1=psa&date1=2026-08-29&destination1=wro&adultsv2=1&market=PL&locale=pl-PL&currency=PLN
Gdańsk,Palermo,Włochy,Kraków,2026-08-25,2026-08-31,6,212.68,444.62,657.3,GDN,PMO,KRK,https://skyscanner.net/g/referrals/v1/flights/multicity/?mediaPartnerId=6439681&origin0=gdn&date0=2026-08-25&destination0=pmo&origin1=pmo&date1=2026-08-31&destination1=krk&adultsv2=1&market=PL&locale=pl-PL&currency=PLN
Kraków,Rzym,Włochy,Warszawa,2026-08-26,2026-08-28,2,397.88,259.75,657.63,KRK,ROME,WARS,https://skyscanner.net/g/referrals/v1/flights/multicity/?mediaPartnerId=6439681&origin0=krk&date0=2026-08-26&destination0=rome&origin1=rome&date1=2026-08-28&destination1=wars&adultsv2=1&market=PL&locale=pl-PL&currency=PLN
Warszawa,Rzym,Włochy,Warszawa,2026-08-26,2026-08-28,2,397.88,259.75,657.63,WARS,ROME,WARS,https://www.skyscanner.net/g/referrals/v1/flights/day-view/?origin=wars&destination=rome&outboundDate=2026-08-26&inboundDate=2026-08-28&market=PL&locale=pl-PL&currency=PLN&mediaPartnerId=6439681
Poznań,Mediolan,Włochy,Kraków,2026-08-26,2026-08-31,5,483.47,174.31,657.78,POZ,MILA,KRK,https://skyscanner.net/g/referrals/v1/flights/multicity/?mediaPartnerId=6439681&origin0=poz&date0=2026-08-26&destination0=mila&origin1=mila&date1=2026-08-31&destination1=krk&adultsv2=1&market=PL&locale=pl-PL&currency=PLN
Warszawa,Mediolan,Włochy,Gdańsk,2026-08-25,2026-08-31,6,460.39,198.56,658.95,WARS,MIL,GDN,https://skyscanner.net/g/referrals/v1/flights/multicity/?mediaPartnerId=6439681&origin0=wars&date0=2026-08-25&destination0=mil&origin1=mil&date1=2026-08-31&destination1=gdn&adultsv2=1&market=PL&locale=pl-PL&currency=PLN
Warszawa,Mediolan,Włochy,Gdańsk,2026-08-25,2026-08-31,6,460.39,198.56,658.95,WARS,MILA,GDN,https://skyscanner.net/g/referrals/v1/flights/multicity/?mediaPartnerId=6439681&origin0=wars&date0=2026-08-25&destination0=mila&origin1=mila&date1=2026-08-31&destination1=gdn&adultsv2=1&market=PL&locale=pl-PL&currency=PLN
Kraków,Rzym,Włochy,Katowice,2026-08-29,2026-08-31,2,313.87,345.35,659.22,KRK,ROM,KTW,https://skyscanner.net/g/referrals/v1/flights/multicity/?mediaPartnerId=6439681&origin0=krk&date0=2026-08-29&destination0=rom&origin1=rom&date1=2026-08-31&destination1=ktw&adultsv2=1&market=PL&locale=pl-PL&currency=PLN
Kraków,Rzym,Włochy,Katowice,2026-08-29,2026-08-31,2,313.87,345.35,659.22,KRK,ROME,KTW,https://skyscanner.net/g/referrals/v1/flights/multicity/?mediaPartnerId=6439681&origin0=krk&date0=2026-08-29&destination0=rome&origin1=rome&date1=2026-08-31&destination1=ktw&adultsv2=1&market=PL&locale=pl-PL&currency=PLN
Kraków,Rzym,Włochy,Kraków,2026-08-29,2026-08-31,2,313.87,345.35,659.22,KRK,ROM,KRK,https://www.skyscanner.net/g/referrals/v1/flights/day-view/?origin=krk&destination=rom&outboundDate=2026-08-29&inboundDate=2026-08-31&market=PL&locale=pl-PL&currency=PLN&mediaPartnerId=6439681
Kraków,Rzym,Włochy,Gdańsk,2026-08-29,2026-08-31,2,313.87,345.35,659.22,KRK,ROM,GDN,https://skyscanner.net/g/referrals/v1/flights/multicity/?mediaPartnerId=6439681&origin0=krk&date0=2026-08-29&destination0=rom&origin1=rom&date1=2026-08-31&destination1=gdn&adultsv2=1&market=PL&locale=pl-PL&currency=PLN
Kraków,Rzym,Włochy,Kraków,2026-08-29,2026-08-31,2,313.87,345.35,659.22,KRK,ROME,KRK,https://www.skyscanner.net/g/referrals/v1/flights/day-view/?origin=krk&destination=rome&outboundDate=2026-08-29&inboundDate=2026-08-31&market=PL&locale=pl-PL&currency=PLN&mediaPartnerId=6439681
Kraków,Rzym,Włochy,Gdańsk,2026-08-29,2026-08-31,2,313.87,345.35,659.22,KRK,ROME,GDN,https://skyscanner.net/g/referrals/v1/flights/multicity/?mediaPartnerId=6439681&origin0=krk&date0=2026-08-29&destination0=rome&origin1=rome&date1=2026-08-31&destination1=gdn&adultsv2=1&market=PL&locale=pl-PL&currency=PLN
Kraków,Gdańsk,Polska,Wrocław,2026-08-27,2026-08-31,4,375.55,283.94,659.49,KRK,GDN,WRO,https://skyscanner.net/g/referrals/v1/flights/multicity/?mediaPartnerId=6439681&origin0=krk&date0=2026-08-27&destination0=gdn&origin1=gdn&date1=2026-08-31&destination1=wro&adultsv2=1&market=PL&locale=pl-PL&currency=PLN
Kraków,Dubrovnik,Chorwacja,Wrocław,2026-08-26,2026-08-28,2,172.64,487.01,659.65,KRK,DBV,WRO,https://skyscanner.net/g/referrals/v1/flights/multicity/?mediaPartnerId=6439681&origin0=krk&date0=2026-08-26&destination0=dbv&origin1=dbv&date1=2026-08-28&destination1=wro&adultsv2=1&market=PL&locale=pl-PL&currency=PLN
Katowice,Mediolan,Włochy,Poznań,2026-08-29,2026-08-31,2,185.16,474.84,660.0,KTW,MILA,POZ,https://skyscanner.net/g/referrals/v1/flights/multicity/?mediaPartnerId=6439681&origin0=ktw&date0=2026-08-29&destination0=mila&origin1=mila&date1=2026-08-31&destination1=poz&adultsv2=1&market=PL&locale=pl-PL&currency=PLN
Kraków,Mediolan,Włochy,Kraków,2026-08-27,2026-08-29,2,505.06,155.37,660.4300000000001,KRK,MILA,KRK,https://www.skyscanner.net/g/referrals/v1/flights/day-view/?origin=krk&destination=mila&outboundDate=2026-08-27&inboundDate=2026-08-29&market=PL&locale=pl-PL&currency=PLN&mediaPartnerId=6439681
Kraków,Gdańsk,Polska,Wrocław,2026-08-24,2026-08-30,6,341.01,319.42,660.4300000000001,KRK,GDN,WRO,https://skyscanner.net/g/referrals/v1/flights/multicity/?mediaPartnerId=6439681&origin0=krk&date0=2026-08-24&destination0=gdn&origin1=gdn&date1=2026-08-30&destination1=wro&adultsv2=1&market=PL&locale=pl-PL&currency=PLN
Kraków,Mediolan,Włochy,Warszawa,2026-08-27,2026-08-31,4,505.06,155.38,660.44,KRK,MILA,WARS,https://skyscanner.net/g/referrals/v1/flights/multicity/?mediaPartnerId=6439681&origin0=krk&date0=2026-08-27&destination0=mila&origin1=mila&date1=2026-08-31&destination1=wars&adultsv2=1&market=PL&locale=pl-PL&currency=PLN
Kraków,Mediolan,Włochy,Warszawa,2026-08-27,2026-08-31,4,505.06,155.38,660.44,KRK,MIL,WARS,https://skyscanner.net/g/referrals/v1/flights/multicity/?mediaPartnerId=6439681&origin0=krk&date0=2026-08-27&destination0=mil&origin1=mil&date1=2026-08-31&destination1=wars&adultsv2=1&market=PL&locale=pl-PL&currency=PLN
Kraków,Mediolan,Włochy,Gdańsk,2026-08-26,2026-08-31,5,461.89,198.56,660.45,KRK,MIL,GDN,https://skyscanner.net/g/referrals/v1/flights/multicity/?mediaPartnerId=6439681&origin0=krk&date0=2026-08-26&destination0=mil&origin1=mil&date1=2026-08-31&destination1=gdn&adultsv2=1&market=PL&locale=pl-PL&currency=PLN
Kraków,Mediolan,Włochy,Gdańsk,2026-08-26,2026-08-31,5,461.89,198.56,660.45,KRK,MILA,GDN,https://skyscanner.net/g/referrals/v1/flights/multicity/?mediaPartnerId=6439681&origin0=krk&date0=2026-08-26&destination0=mila&origin1=mila&date1=2026-08-31&destination1=gdn&adultsv2=1&market=PL&locale=pl-PL&currency=PLN
Warszawa,Mediolan,Włochy,Kraków,2026-08-28,2026-08-30,2,302.21,358.28,660.49,WARS,MILA,KRK,https://skyscanner.net/g/referrals/v1/flights/multicity/?mediaPartnerId=6439681&origin0=wars&date0=2026-08-28&destination0=mila&origin1=mila&date1=2026-08-30&destination1=krk&adultsv2=1&market=PL&locale=pl-PL&currency=PLN
Poznań,Zadar,Chorwacja,Warszawa,2026-08-28,2026-08-30,2,120.94,539.63,660.5699999999999,POZ,ZAD,WARS,https://skyscanner.net/g/referrals/v1/flights/multicity/?mediaPartnerId=6439681&origin0=poz&date0=2026-08-28&destination0=zad&origin1=zad&date1=2026-08-30&destination1=wars&adultsv2=1&market=PL&locale=pl-PL&currency=PLN
Warszawa,Mediolan,Włochy,Kraków,2026-08-29,2026-08-31,2,376.21,284.91,661.12,WARS,MIL,KRK,https://skyscanner.net/g/referrals/v1/flights/multicity/?mediaPartnerId=6439681&origin0=wars&date0=2026-08-29&destination0=mil&origin1=mil&date1=2026-08-31&destination1=krk&adultsv2=1&market=PL&locale=pl-PL&currency=PLN
Kraków,Bolonia,Włochy,Kraków,2026-08-27,2026-08-31,4,372.1,289.2,661.3,KRK,BLQ,KRK,https://www.skyscanner.net/g/referrals/v1/flights/day-view/?origin=krk&destination=blq&outboundDate=2026-08-27&inboundDate=2026-08-31&market=PL&locale=pl-PL&currency=PLN&mediaPartnerId=6439681
Gdańsk,Tirana,Albania,Kraków,2026-08-27,2026-08-29,2,116.19,545.19,661.3800000000001,GDN,TIA,KRK,https://skyscanner.net/g/referrals/v1/flights/multicity/?mediaPartnerId=6439681&origin0=gdn&date0=2026-08-27&destination0=tia&origin1=tia&date1=2026-08-29&destination1=krk&adultsv2=1&market=PL&locale=pl-PL&currency=PLN
Gdańsk,Tirana,Albania,Katowice,2026-08-27,2026-08-30,3,116.19,545.19,661.3800000000001,GDN,TIA,KTW,https://skyscanner.net/g/referrals/v1/flights/multicity/?mediaPartnerId=6439681&origin0=gdn&date0=2026-08-27&destination0=tia&origin1=tia&date1=2026-08-30&destination1=ktw&adultsv2=1&market=PL&locale=pl-PL&currency=PLN
Gdańsk,Tirana,Albania,Kraków,2026-08-27,2026-08-30,3,116.19,545.19,661.3800000000001,GDN,TIA,KRK,https://skyscanner.net/g/referrals/v1/flights/multicity/?mediaPartnerId=6439681&origin0=gdn&date0=2026-08-27&destination0=tia&origin1=tia&date1=2026-08-30&destination1=krk&adultsv2=1&market=PL&locale=pl-PL&currency=PLN
Gdańsk,Tirana,Albania,Katowice,2026-08-27,2026-08-29,2,116.19,545.19,661.3800000000001,GDN,TIA,KTW,https://skyscanner.net/g/referrals/v1/flights/multicity/?mediaPartnerId=6439681&origin0=gdn&date0=2026-08-27&destination0=tia&origin1=tia&date1=2026-08-29&destination1=ktw&adultsv2=1&market=PL&locale=pl-PL&currency=PLN
Katowice,Zadar,Chorwacja,Warszawa,2026-08-27,2026-08-30,3,79.0,582.77,661.77,KTW,ZAD,WARS,https://skyscanner.net/g/referrals/v1/flights/multicity/?mediaPartnerId=6439681&origin0=ktw&date0=2026-08-27&destination0=zad&origin1=zad&date1=2026-08-30&destination1=wars&adultsv2=1&market=PL&locale=pl-PL&currency=PLN
Katowice,Zadar,Chorwacja,Warszawa,2026-08-25,2026-08-30,5,79.0,582.77,661.77,KTW,ZAD,WARS,https://skyscanner.net/g/referrals/v1/flights/multicity/?mediaPartnerId=6439681&origin0=ktw&date0=2026-08-25&destination0=zad&origin1=zad&date1=2026-08-30&destination1=wars&adultsv2=1&market=PL&locale=pl-PL&currency=PLN
Katowice,Zadar,Chorwacja,Warszawa,2026-08-27,2026-08-29,2,79.0,582.81,661.81,KTW,ZAD,WARS,https://skyscanner.net/g/referrals/v1/flights/multicity/?mediaPartnerId=6439681&origin0=ktw&date0=2026-08-27&destination0=zad&origin1=zad&date1=2026-08-29&destination1=wars&adultsv2=1&market=PL&locale=pl-PL&currency=PLN
Wrocław,Pescara,Włochy,Wrocław,2026-08-28,2026-08-30,2,247.47,414.4,661.87,WRO,PSR,WRO,https://www.skyscanner.net/g/referrals/v1/flights/day-view/?origin=wro&destination=psr&outboundDate=2026-08-28&inboundDate=2026-08-30&market=PL&locale=pl-PL&currency=PLN&mediaPartnerId=6439681
Warszawa,Mediolan,Włochy,Warszawa,2026-08-26,2026-08-29,3,455.6,206.85,662.45,WARS,MILA,WARS,https://www.skyscanner.net/g/referrals/v1/flights/day-view/?origin=wars&destination=mila&outboundDate=2026-08-26&inboundDate=2026-08-29&market=PL&locale=pl-PL&currency=PLN&mediaPartnerId=6439681
Kraków,Rzym,Włochy,Gdańsk,2026-08-25,2026-08-28,3,429.2,233.41,662.61,KRK,ROME,GDN,https://skyscanner.net/g/referrals/v1/flights/multicity/?mediaPartnerId=6439681&origin0=krk&date0=2026-08-25&destination0=rome&origin1=rome&date1=2026-08-28&destination1=gdn&adultsv2=1&market=PL&locale=pl-PL&currency=PLN
Warszawa,Piza,Włochy,Kraków,2026-08-25,2026-08-27,2,460.15,202.86,663.01,WARS,PSA,KRK,https://skyscanner.net/g/referrals/v1/flights/multicity/?mediaPartnerId=6439681&origin0=wars&date0=2026-08-25&destination0=psa&origin1=psa&date1=2026-08-27&destination1=krk&adultsv2=1&market=PL&locale=pl-PL&currency=PLN
Poznań,Mediolan,Włochy,Warszawa,2026-08-28,2026-08-30,2,258.98,404.22,663.2,POZ,MILA,WARS,https://skyscanner.net/g/referrals/v1/flights/multicity/?mediaPartnerId=6439681&origin0=poz&date0=2026-08-28&destination0=mila&origin1=mila&date1=2026-08-30&destination1=wars&adultsv2=1&market=PL&locale=pl-PL&currency=PLN
Wrocław,Mediolan,Włochy,Kraków,2026-08-27,2026-08-30,3,379.32,284.91,664.23,WRO,MILA,KRK,https://skyscanner.net/g/referrals/v1/flights/multicity/?mediaPartnerId=6439681&origin0=wro&date0=2026-08-27&destination0=mila&origin1=mila&date1=2026-08-30&destination1=krk&adultsv2=1&market=PL&locale=pl-PL&currency=PLN
Wrocław,Mediolan,Włochy,Warszawa,2026-08-27,2026-08-29,2,379.32,284.91,664.23,WRO,MILA,WARS,https://skyscanner.net/g/referrals/v1/flights/multicity/?mediaPartnerId=6439681&origin0=wro&date0=2026-08-27&destination0=mila&origin1=mila&date1=2026-08-29&destination1=wars&adultsv2=1&market=PL&locale=pl-PL&currency=PLN
Wrocław,Mediolan,Włochy,Kraków,2026-08-27,2026-08-31,4,379.32,284.91,664.23,WRO,MIL,KRK,https://skyscanner.net/g/referrals/v1/flights/multicity/?mediaPartnerId=6439681&origin0=wro&date0=2026-08-27&destination0=mil&origin1=mil&date1=2026-08-31&destination1=krk&adultsv2=1&market=PL&locale=pl-PL&currency=PLN
Wrocław,Mediolan,Włochy,Kraków,2026-08-27,2026-08-30,3,379.32,284.91,664.23,WRO,MIL,KRK,https://skyscanner.net/g/referrals/v1/flights/multicity/?mediaPartnerId=6439681&origin0=wro&date0=2026-08-27&destination0=mil&origin1=mil&date1=2026-08-30&destination1=krk&adultsv2=1&market=PL&locale=pl-PL&currency=PLN
Wrocław,Mediolan,Włochy,Kraków,2026-08-29,2026-08-31,2,379.32,284.91,664.23,WRO,MIL,KRK,https://skyscanner.net/g/referrals/v1/flights/multicity/?mediaPartnerId=6439681&origin0=wro&date0=2026-08-29&destination0=mil&origin1=mil&date1=2026-08-31&destination1=krk&adultsv2=1&market=PL&locale=pl-PL&currency=PLN
Wrocław,Palermo,Włochy,Kraków,2026-08-29,2026-08-31,2,219.77,444.62,664.39,WRO,PMO,KRK,https://skyscanner.net/g/referrals/v1/flights/multicity/?mediaPartnerId=6439681&origin0=wro&date0=2026-08-29&destination0=pmo&origin1=pmo&date1=2026-08-31&destination1=krk&adultsv2=1&market=PL&locale=pl-PL&currency=PLN
Kraków,Mediolan,Włochy,Kraków,2026-08-28,2026-08-30,2,306.47,358.28,664.75,KRK,MILA,KRK,https://www.skyscanner.net/g/referrals/v1/flights/day-view/?origin=krk&destination=mila&outboundDate=2026-08-28&inboundDate=2026-08-30&market=PL&locale=pl-PL&currency=PLN&mediaPartnerId=6439681
Wrocław,Mediolan,Włochy,Katowice,2026-08-27,2026-08-29,2,379.32,285.75,665.0699999999999,WRO,MILA,KTW,https://skyscanner.net/g/referrals/v1/flights/multicity/?mediaPartnerId=6439681&origin0=wro&date0=2026-08-27&destination0=mila&origin1=mila&date1=2026-08-29&destination1=ktw&adultsv2=1&market=PL&locale=pl-PL&currency=PLN
Poznań,Mediolan,Włochy,Kraków,2026-08-26,2026-08-28,2,483.47,182.51,665.98,POZ,MILA,KRK,https://skyscanner.net/g/referrals/v1/flights/multicity/?mediaPartnerId=6439681&origin0=poz&date0=2026-08-26&destination0=mila&origin1=mila&date1=2026-08-28&destination1=krk&adultsv2=1&market=PL&locale=pl-PL&currency=PLN
Poznań,Podgorica,Czarnogóra,Wrocław,2026-08-27,2026-08-29,2,174.31,492.11,666.4200000000001,POZ,TGD,WRO,https://skyscanner.net/g/referrals/v1/flights/multicity/?mediaPartnerId=6439681&origin0=poz&date0=2026-08-27&destination0=tgd&origin1=tgd&date1=2026-08-29&destination1=wro&adultsv2=1&market=PL&locale=pl-PL&currency=PLN
Warszawa,Mediolan,Włochy,Warszawa,2026-08-26,2026-08-28,2,534.7,132.31,667.01,WARS,MILA,WARS,https://www.skyscanner.net/g/referrals/v1/flights/day-view/?origin=wars&destination=mila&outboundDate=2026-08-26&inboundDate=2026-08-28&market=PL&locale=pl-PL&currency=PLN&mediaPartnerId=6439681
Warszawa,Mediolan,Włochy,Warszawa,2026-08-25,2026-08-29,4,460.39,206.85,667.24,WARS,MILA,WARS,https://www.skyscanner.net/g/referrals/v1/flights/day-view/?origin=wars&destination=mila&outboundDate=2026-08-25&inboundDate=2026-08-29&market=PL&locale=pl-PL&currency=PLN&mediaPartnerId=6439681
Kraków,Wenecja,Włochy,Warszawa,2026-08-25,2026-08-27,2,518.7,149.0,667.7,KRK,TSF,WARS,https://skyscanner.net/g/referrals/v1/flights/multicity/?mediaPartnerId=6439681&origin0=krk&date0=2026-08-25&destination0=tsf&origin1=tsf&date1=2026-08-27&destination1=wars&adultsv2=1&market=PL&locale=pl-PL&currency=PLN
Kraków,Wenecja,Włochy,Kraków,2026-08-25,2026-08-29,4,518.7,149.0,667.7,KRK,TSF,KRK,https://www.skyscanner.net/g/referrals/v1/flights/day-view/?origin=krk&destination=tsf&outboundDate=2026-08-25&inboundDate=2026-08-29&market=PL&locale=pl-PL&currency=PLN&mediaPartnerId=6439681
Katowice,Mediolan,Włochy,Kraków,2026-08-26,2026-08-29,3,512.46,155.37,667.83,KTW,MILA,KRK,https://skyscanner.net/g/referrals/v1/flights/multicity/?mediaPartnerId=6439681&origin0=ktw&date0=2026-08-26&destination0=mila&origin1=mila&date1=2026-08-29&destination1=krk&adultsv2=1&market=PL&locale=pl-PL&currency=PLN
Katowice,Mediolan,Włochy,Warszawa,2026-08-26,2026-08-31,5,512.46,155.38,667.84,KTW,MILA,WARS,https://skyscanner.net/g/referrals/v1/flights/multicity/?mediaPartnerId=6439681&origin0=ktw&date0=2026-08-26&destination0=mila&origin1=mila&date1=2026-08-31&destination1=wars&adultsv2=1&market=PL&locale=pl-PL&currency=PLN
Katowice,Mediolan,Włochy,Warszawa,2026-08-26,2026-08-31,5,512.46,155.38,667.84,KTW,MIL,WARS,https://skyscanner.net/g/referrals/v1/flights/multicity/?mediaPartnerId=6439681&origin0=ktw&date0=2026-08-26&destination0=mil&origin1=mil&date1=2026-08-31&destination1=wars&adultsv2=1&market=PL&locale=pl-PL&currency=PLN
Katowice,Lamezia,Włochy,Wrocław,2026-08-25,2026-08-28,3,289.61,378.31,667.9200000000001,KTW,SUF,WRO,https://skyscanner.net/g/referrals/v1/flights/multicity/?mediaPartnerId=6439681&origin0=ktw&date0=2026-08-25&destination0=suf&origin1=suf&date1=2026-08-28&destination1=wro&adultsv2=1&market=PL&locale=pl-PL&currency=PLN
Kraków,Mediolan,Włochy,Warszawa,2026-08-29,2026-08-31,2,409.0,259.0,668.0,KRK,MILA,WARS,https://skyscanner.net/g/referrals/v1/flights/multicity/?mediaPartnerId=6439681&origin0=krk&date0=2026-08-29&destination0=mila&origin1=mila&date1=2026-08-31&destination1=wars&adultsv2=1&market=PL&locale=pl-PL&currency=PLN
Warszawa,Mediolan,Włochy,Warszawa,2026-08-29,2026-08-31,2,409.0,259.0,668.0,WARS,MILA,WARS,https://www.skyscanner.net/g/referrals/v1/flights/day-view/?origin=wars&destination=mila&outboundDate=2026-08-29&inboundDate=2026-08-31&market=PL&locale=pl-PL&currency=PLN&mediaPartnerId=6439681
Kraków,Mediolan,Włochy,Warszawa,2026-08-29,2026-08-31,2,409.0,259.0,668.0,KRK,MILA,WARS,https://skyscanner.net/g/referrals/v1/flights/multicity/?mediaPartnerId=6439681&origin0=krk&date0=2026-08-29&destination0=mila&origin1=mila&date1=2026-08-31&destination1=wars&adultsv2=1&market=PL&locale=pl-PL&currency=PLN
Warszawa,Piza,Włochy,Wrocław,2026-08-25,2026-08-29,4,460.15,208.31,668.46,WARS,PSA,WRO,https://skyscanner.net/g/referrals/v1/flights/multicity/?mediaPartnerId=6439681&origin0=wars&date0=2026-08-25&destination0=psa&origin1=psa&date1=2026-08-29&destination1=wro&adultsv2=1&market=PL&locale=pl-PL&currency=PLN
Kraków,Memmingen,Niemcy,Kraków,2026-08-26,2026-08-31,5,535.28,133.32,668.5999999999999,KRK,FMM,KRK,https://www.skyscanner.net/g/referrals/v1/flights/day-view/?origin=krk&destination=fmm&outboundDate=2026-08-26&inboundDate=2026-08-31&market=PL&locale=pl-PL&currency=PLN&mediaPartnerId=6439681
Kraków,Mediolan,Włochy,Warszawa,2026-08-26,2026-08-29,3,461.89,206.85,668.74,KRK,MILA,WARS,https://skyscanner.net/g/referrals/v1/flights/multicity/?mediaPartnerId=6439681&origin0=krk&date0=2026-08-26&destination0=mila&origin1=mila&date1=2026-08-29&destination1=wars&adultsv2=1&market=PL&locale=pl-PL&currency=PLN
Kraków,Piza,Włochy,Wrocław,2026-08-27,2026-08-29,2,460.46,208.31,668.77,KRK,PSA,WRO,https://skyscanner.net/g/referrals/v1/flights/multicity/?mediaPartnerId=6439681&origin0=krk&date0=2026-08-27&destination0=psa&origin1=psa&date1=2026-08-29&destination1=wro&adultsv2=1&market=PL&locale=pl-PL&currency=PLN
Warszawa,Mediolan,Włochy,Warszawa,2026-08-26,2026-08-29,3,455.6,213.21,668.8100000000001,WARS,MILA,WARS,https://www.skyscanner.net/g/referrals/v1/flights/day-view/?origin=wars&destination=mila&outboundDate=2026-08-26&inboundDate=2026-08-29&market=PL&locale=pl-PL&currency=PLN&mediaPartnerId=6439681
Katowice,Mediolan,Włochy,Warszawa,2026-08-28,2026-08-31,3,349.54,319.48,669.02,KTW,MILA,WARS,https://skyscanner.net/g/referrals/v1/flights/multicity/?mediaPartnerId=6439681&origin0=ktw&date0=2026-08-28&destination0=mila&origin1=mila&date1=2026-08-31&destination1=wars&adultsv2=1&market=PL&locale=pl-PL&currency=PLN
Katowice,Mediolan,Włochy,Warszawa,2026-08-27,2026-08-31,4,349.54,319.48,669.02,KTW,MILA,WARS,https://skyscanner.net/g/referrals/v1/flights/multicity/?mediaPartnerId=6439681&origin0=ktw&date0=2026-08-27&destination0=mila&origin1=mila&date1=2026-08-31&destination1=wars&adultsv2=1&market=PL&locale=pl-PL&currency=PLN
Katowice,Mediolan,Włochy,Warszawa,2026-08-25,2026-08-31,6,349.54,319.48,669.02,KTW,MILA,WARS,https://skyscanner.net/g/referrals/v1/flights/multicity/?mediaPartnerId=6439681&origin0=ktw&date0=2026-08-25&destination0=mila&origin1=mila&date1=2026-08-31&destination1=wars&adultsv2=1&market=PL&locale=pl-PL&currency=PLN
Kraków,Zadar,Chorwacja,Poznań,2026-08-26,2026-08-28,2,254.67,414.39,669.06,KRK,ZAD,POZ,https://skyscanner.net/g/referrals/v1/flights/multicity/?mediaPartnerId=6439681&origin0=krk&date0=2026-08-26&destination0=zad&origin1=zad&date1=2026-08-28&destination1=poz&adultsv2=1&market=PL&locale=pl-PL&currency=PLN
Kraków,Katania,Włochy,Katowice,2026-08-26,2026-08-31,5,384.57,284.91,669.48,KRK,CTA,KTW,https://skyscanner.net/g/referrals/v1/flights/multicity/?mediaPartnerId=6439681&origin0=krk&date0=2026-08-26&destination0=cta&origin1=cta&date1=2026-08-31&destination1=ktw&adultsv2=1&market=PL&locale=pl-PL&currency=PLN
Warszawa,Palermo,Włochy,Kraków,2026-08-27,2026-08-31,4,225.04,444.62,669.66,WARS,PMO,KRK,https://skyscanner.net/g/referrals/v1/flights/multicity/?mediaPartnerId=6439681&origin0=wars&date0=2026-08-27&destination0=pmo&origin1=pmo&date1=2026-08-31&destination1=krk&adultsv2=1&market=PL&locale=pl-PL&currency=PLN
Katowice,Dubrovnik,Chorwacja,Gdańsk,2026-08-25,2026-08-30,5,238.0,431.7,669.7,KTW,DBV,GDN,https://skyscanner.net/g/referrals/v1/flights/multicity/?mediaPartnerId=6439681&origin0=ktw&date0=2026-08-25&destination0=dbv&origin1=dbv&date1=2026-08-30&destination1=gdn&adultsv2=1&market=PL&locale=pl-PL&currency=PLN
Kraków,Wenecja,Włochy,Katowice,2026-08-25,2026-08-29,4,518.7,151.52,670.22,KRK,TSF,KTW,https://skyscanner.net/g/referrals/v1/flights/multicity/?mediaPartnerId=6439681&origin0=krk&date0=2026-08-25&destination0=tsf&origin1=tsf&date1=2026-08-29&destination1=ktw&adultsv2=1&market=PL&locale=pl-PL&currency=PLN
Wrocław,Rimini,Włochy,Kraków,2026-08-23,2026-08-28,5,453.25,217.31,670.56,WRO,RMI,KRK,https://skyscanner.net/g/referrals/v1/flights/multicity/?mediaPartnerId=6439681&origin0=wro&date0=2026-08-23&destination0=rmi&origin1=rmi&date1=2026-08-28&destination1=krk&adultsv2=1&market=PL&locale=pl-PL&currency=PLN
Warszawa,Mediolan,Włochy,Poznań,2026-08-26,2026-08-28,2,455.6,215.81,671.4100000000001,WARS,MILA,POZ,https://skyscanner.net/g/referrals/v1/flights/multicity/?mediaPartnerId=6439681&origin0=wars&date0=2026-08-26&destination0=mila&origin1=mila&date1=2026-08-28&destination1=poz&adultsv2=1&market=PL&locale=pl-PL&currency=PLN
Kraków,Rzym,Włochy,Kraków,2026-08-25,2026-08-31,6,429.2,242.31,671.51,KRK,ROME,KRK,https://www.skyscanner.net/g/referrals/v1/flights/day-view/?origin=krk&destination=rome&outboundDate=2026-08-25&inboundDate=2026-08-31&market=PL&locale=pl-PL&currency=PLN&mediaPartnerId=6439681
Poznań,Rzym,Włochy,Warszawa,2026-08-29,2026-08-31,2,397.1,275.03,672.13,POZ,ROME,WARS,https://skyscanner.net/g/referrals/v1/flights/multicity/?mediaPartnerId=6439681&origin0=poz&date0=2026-08-29&destination0=rome&origin1=rome&date1=2026-08-31&destination1=wars&adultsv2=1&market=PL&locale=pl-PL&currency=PLN
Warszawa,Mediolan,Włochy,Wrocław,2026-08-27,2026-08-31,4,365.93,306.47,672.4000000000001,WARS,MILA,WRO,https://skyscanner.net/g/referrals/v1/flights/multicity/?mediaPartnerId=6439681&origin0=wars&date0=2026-08-27&destination0=mila&origin1=mila&date1=2026-08-31&destination1=wro&adultsv2=1&market=PL&locale=pl-PL&currency=PLN
Kraków,Rzym,Włochy,Warszawa,2026-08-26,2026-08-31,5,397.88,275.03,672.91,KRK,ROME,WARS,https://skyscanner.net/g/referrals/v1/flights/multicity/?mediaPartnerId=6439681&origin0=krk&date0=2026-08-26&destination0=rome&origin1=rome&date1=2026-08-31&destination1=wars&adultsv2=1&market=PL&locale=pl-PL&currency=PLN
Kraków,Rzym,Włochy,Warszawa,2026-08-27,2026-08-31,4,397.88,275.03,672.91,KRK,ROME,WARS,https://skyscanner.net/g/referrals/v1/flights/multicity/?mediaPartnerId=6439681&origin0=krk&date0=2026-08-27&destination0=rome&origin1=rome&date1=2026-08-31&destination1=wars&adultsv2=1&market=PL&locale=pl-PL&currency=PLN
Warszawa,Rzym,Włochy,Warszawa,2026-08-26,2026-08-31,5,397.88,275.03,672.91,WARS,ROME,WARS,https://www.skyscanner.net/g/referrals/v1/flights/day-view/?origin=wars&destination=rome&outboundDate=2026-08-26&inboundDate=2026-08-31&market=PL&locale=pl-PL&currency=PLN&mediaPartnerId=6439681
Kraków,Bolonia,Włochy,Wrocław,2026-08-29,2026-08-31,2,397.13,276.25,673.38,KRK,BLQ,WRO,https://skyscanner.net/g/referrals/v1/flights/multicity/?mediaPartnerId=6439681&origin0=krk&date0=2026-08-29&destination0=blq&origin1=blq&date1=2026-08-31&destination1=wro&adultsv2=1&market=PL&locale=pl-PL&currency=PLN
Warszawa,Mediolan,Włochy,Warszawa,2026-08-25,2026-08-29,4,460.39,213.21,673.6,WARS,MILA,WARS,https://www.skyscanner.net/g/referrals/v1/flights/day-view/?origin=wars&destination=mila&outboundDate=2026-08-25&inboundDate=2026-08-29&market=PL&locale=pl-PL&currency=PLN&mediaPartnerId=6439681
Warszawa,Mediolan,Włochy,Gdańsk,2026-08-28,2026-08-31,3,475.07,198.56,673.63,WARS,MIL,GDN,https://skyscanner.net/g/referrals/v1/flights/multicity/?mediaPartnerId=6439681&origin0=wars&date0=2026-08-28&destination0=mil&origin1=mil&date1=2026-08-31&destination1=gdn&adultsv2=1&market=PL&locale=pl-PL&currency=PLN
Warszawa,Mediolan,Włochy,Gdańsk,2026-08-28,2026-08-31,3,475.07,198.56,673.63,WARS,MILA,GDN,https://skyscanner.net/g/referrals/v1/flights/multicity/?mediaPartnerId=6439681&origin0=wars&date0=2026-08-28&destination0=mila&origin1=mila&date1=2026-08-31&destination1=gdn&adultsv2=1&market=PL&locale=pl-PL&currency=PLN
Wrocław,Zadar,Chorwacja,Kraków,2026-08-25,2026-08-30,5,104.0,569.81,673.81,WRO,ZAD,KRK,https://skyscanner.net/g/referrals/v1/flights/multicity/?mediaPartnerId=6439681&origin0=wro&date0=2026-08-25&destination0=zad&origin1=zad&date1=2026-08-30&destination1=krk&adultsv2=1&market=PL&locale=pl-PL&currency=PLN
Wrocław,Zadar,Chorwacja,Kraków,2026-08-25,2026-08-28,3,104.0,569.81,673.81,WRO,ZAD,KRK,https://skyscanner.net/g/referrals/v1/flights/multicity/?mediaPartnerId=6439681&origin0=wro&date0=2026-08-25&destination0=zad&origin1=zad&date1=2026-08-28&destination1=krk&adultsv2=1&market=PL&locale=pl-PL&currency=PLN
Kraków,Katania,Włochy,Kraków,2026-08-27,2026-08-29,2,177.4,497.26,674.66,KRK,CTA,KRK,https://www.skyscanner.net/g/referrals/v1/flights/day-view/?origin=krk&destination=cta&outboundDate=2026-08-27&inboundDate=2026-08-29&market=PL&locale=pl-PL&currency=PLN&mediaPartnerId=6439681
Kraków,Mediolan,Włochy,Wrocław,2026-08-25,2026-08-30,5,439.61,235.27,674.88,KRK,MILA,WRO,https://skyscanner.net/g/referrals/v1/flights/multicity/?mediaPartnerId=6439681&origin0=krk&date0=2026-08-25&destination0=mila&origin1=mila&date1=2026-08-30&destination1=wro&adultsv2=1&market=PL&locale=pl-PL&currency=PLN
Kraków,Mediolan,Włochy,Warszawa,2026-08-26,2026-08-29,3,461.89,213.21,675.1,KRK,MILA,WARS,https://skyscanner.net/g/referrals/v1/flights/multicity/?mediaPartnerId=6439681&origin0=krk&date0=2026-08-26&destination0=mila&origin1=mila&date1=2026-08-29&destination1=wars&adultsv2=1&market=PL&locale=pl-PL&currency=PLN
Wrocław,Zadar,Chorwacja,Kraków,2026-08-28,2026-08-30,2,105.51,569.81,675.3199999999999,WRO,ZAD,KRK,https://skyscanner.net/g/referrals/v1/flights/multicity/?mediaPartnerId=6439681&origin0=wro&date0=2026-08-28&destination0=zad&origin1=zad&date1=2026-08-30&destination1=krk&adultsv2=1&market=PL&locale=pl-PL&currency=PLN
Gdańsk,Podgorica,Czarnogóra,Wrocław,2026-08-27,2026-08-30,3,243.98,431.7,675.68,GDN,TGD,WRO,https://skyscanner.net/g/referrals/v1/flights/multicity/?mediaPartnerId=6439681&origin0=gdn&date0=2026-08-27&destination0=tgd&origin1=tgd&date1=2026-08-30&destination1=wro&adultsv2=1&market=PL&locale=pl-PL&currency=PLN
Wrocław,Charleroi,Belgia,Kraków,2026-08-29,2026-08-31,2,384.18,291.56,675.74,WRO,CRL,KRK,https://skyscanner.net/g/referrals/v1/flights/multicity/?mediaPartnerId=6439681&origin0=wro&date0=2026-08-29&destination0=crl&origin1=crl&date1=2026-08-31&destination1=krk&adultsv2=1&market=PL&locale=pl-PL&currency=PLN
Kraków,Wenecja,Włochy,Gdańsk,2026-08-29,2026-08-31,2,361.0,315.11,676.11,KRK,TSF,GDN,https://skyscanner.net/g/referrals/v1/flights/multicity/?mediaPartnerId=6439681&origin0=krk&date0=2026-08-29&destination0=tsf&origin1=tsf&date1=2026-08-31&destination1=gdn&adultsv2=1&market=PL&locale=pl-PL&currency=PLN
Warszawa,Mediolan,Włochy,Poznań,2026-08-25,2026-08-28,3,460.39,215.81,676.2,WARS,MILA,POZ,https://skyscanner.net/g/referrals/v1/flights/multicity/?mediaPartnerId=6439681&origin0=wars&date0=2026-08-25&destination0=mila&origin1=mila&date1=2026-08-28&destination1=poz&adultsv2=1&market=PL&locale=pl-PL&currency=PLN
Wrocław,Zadar,Chorwacja,Kraków,2026-08-26,2026-08-28,2,106.89,569.81,676.6999999999999,WRO,ZAD,KRK,https://skyscanner.net/g/referrals/v1/flights/multicity/?mediaPartnerId=6439681&origin0=wro&date0=2026-08-26&destination0=zad&origin1=zad&date1=2026-08-28&destination1=krk&adultsv2=1&market=PL&locale=pl-PL&currency=PLN
Wrocław,Zadar,Chorwacja,Kraków,2026-08-26,2026-08-30,4,106.89,569.81,676.6999999999999,WRO,ZAD,KRK,https://skyscanner.net/g/referrals/v1/flights/multicity/?mediaPartnerId=6439681&origin0=wro&date0=2026-08-26&destination0=zad&origin1=zad&date1=2026-08-30&destination1=krk&adultsv2=1&market=PL&locale=pl-PL&currency=PLN
Wrocław,Paryż,Francja,Poznań,2026-08-29,2026-08-31,2,586.39,90.55,676.9399999999999,WRO,BVA,POZ,https://skyscanner.net/g/referrals/v1/flights/multicity/?mediaPartnerId=6439681&origin0=wro&date0=2026-08-29&destination0=bva&origin1=bva&date1=2026-08-31&destination1=poz&adultsv2=1&market=PL&locale=pl-PL&currency=PLN
Wrocław,Paryż,Francja,Poznań,2026-08-27,2026-08-31,4,586.39,90.55,676.9399999999999,WRO,BVA,POZ,https://skyscanner.net/g/referrals/v1/flights/multicity/?mediaPartnerId=6439681&origin0=wro&date0=2026-08-27&destination0=bva&origin1=bva&date1=2026-08-31&destination1=poz&adultsv2=1&market=PL&locale=pl-PL&currency=PLN
Kraków,Memmingen,Niemcy,Kraków,2026-08-29,2026-08-31,2,544.0,133.32,677.3199999999999,KRK,FMM,KRK,https://www.skyscanner.net/g/referrals/v1/flights/day-view/?origin=krk&destination=fmm&outboundDate=2026-08-29&inboundDate=2026-08-31&market=PL&locale=pl-PL&currency=PLN&mediaPartnerId=6439681
Kraków,Mediolan,Włochy,Poznań,2026-08-26,2026-08-28,2,461.89,215.81,677.7,KRK,MILA,POZ,https://skyscanner.net/g/referrals/v1/flights/multicity/?mediaPartnerId=6439681&origin0=krk&date0=2026-08-26&destination0=mila&origin1=mila&date1=2026-08-28&destination1=poz&adultsv2=1&market=PL&locale=pl-PL&currency=PLN
Kraków,Mediolan,Włochy,Warszawa,2026-08-27,2026-08-30,3,505.06,172.65,677.71,KRK,MILA,WARS,https://skyscanner.net/g/referrals/v1/flights/multicity/?mediaPartnerId=6439681&origin0=krk&date0=2026-08-27&destination0=mila&origin1=mila&date1=2026-08-30&destination1=wars&adultsv2=1&market=PL&locale=pl-PL&currency=PLN
Kraków,Mediolan,Włochy,Warszawa,2026-08-27,2026-08-30,3,505.06,172.65,677.71,KRK,MIL,WARS,https://skyscanner.net/g/referrals/v1/flights/multicity/?mediaPartnerId=6439681&origin0=krk&date0=2026-08-27&destination0=mil&origin1=mil&date1=2026-08-30&destination1=wars&adultsv2=1&market=PL&locale=pl-PL&currency=PLN
Poznań,Mediolan,Włochy,Warszawa,2026-08-27,2026-08-30,3,332.37,345.35,677.72,POZ,MILA,WARS,https://skyscanner.net/g/referrals/v1/flights/multicity/?mediaPartnerId=6439681&origin0=poz&date0=2026-08-27&destination0=mila&origin1=mila&date1=2026-08-30&destination1=wars&adultsv2=1&market=PL&locale=pl-PL&currency=PLN
Wrocław,Rzym,Włochy,Gdańsk,2026-08-26,2026-08-28,2,444.62,233.41,678.03,WRO,ROME,GDN,https://skyscanner.net/g/referrals/v1/flights/multicity/?mediaPartnerId=6439681&origin0=wro&date0=2026-08-26&destination0=rome&origin1=rome&date1=2026-08-28&destination1=gdn&adultsv2=1&market=PL&locale=pl-PL&currency=PLN
Kraków,Mediolan,Włochy,Kraków,2026-08-25,2026-08-31,6,439.61,238.75,678.36,KRK,MILA,KRK,https://www.skyscanner.net/g/referrals/v1/flights/day-view/?origin=krk&destination=mila&outboundDate=2026-08-25&inboundDate=2026-08-31&market=PL&locale=pl-PL&currency=PLN&mediaPartnerId=6439681
Warszawa,Wiedeń,Austria,Warszawa,2026-08-23,2026-08-28,5,336.69,342.07,678.76,WARS,VIE,WARS,https://www.skyscanner.net/g/referrals/v1/flights/day-view/?origin=wars&destination=vie&outboundDate=2026-08-23&inboundDate=2026-08-28&market=PL&locale=pl-PL&currency=PLN&mediaPartnerId=6439681
Warszawa,Bari,Włochy,Warszawa,2026-08-27,2026-08-29,2,217.31,461.89,679.2,WARS,BRI,WARS,https://www.skyscanner.net/g/referrals/v1/flights/day-view/?origin=wars&destination=bri&outboundDate=2026-08-27&inboundDate=2026-08-29&market=PL&locale=pl-PL&currency=PLN&mediaPartnerId=6439681
Poznań,Rzym,Włochy,Warszawa,2026-08-28,2026-08-31,3,404.22,275.03,679.25,POZ,ROME,WARS,https://skyscanner.net/g/referrals/v1/flights/multicity/?mediaPartnerId=6439681&origin0=poz&date0=2026-08-28&destination0=rome&origin1=rome&date1=2026-08-31&destination1=wars&adultsv2=1&market=PL&locale=pl-PL&currency=PLN
Kraków,Mediolan,Włochy,Kraków,2026-08-27,2026-08-31,4,505.06,174.31,679.37,KRK,MILA,KRK,https://www.skyscanner.net/g/referrals/v1/flights/day-view/?origin=krk&destination=mila&outboundDate=2026-08-27&inboundDate=2026-08-31&market=PL&locale=pl-PL&currency=PLN&mediaPartnerId=6439681
Kraków,Rzym,Włochy,Kraków,2026-08-26,2026-08-29,3,397.88,281.55,679.4300000000001,KRK,ROME,KRK,https://www.skyscanner.net/g/referrals/v1/flights/day-view/?origin=krk&destination=rome&outboundDate=2026-08-26&inboundDate=2026-08-29&market=PL&locale=pl-PL&currency=PLN&mediaPartnerId=6439681
Kraków,Rzym,Włochy,Kraków,2026-08-27,2026-08-29,2,397.88,281.55,679.4300000000001,KRK,ROME,KRK,https://www.skyscanner.net/g/referrals/v1/flights/day-view/?origin=krk&destination=rome&outboundDate=2026-08-27&inboundDate=2026-08-29&market=PL&locale=pl-PL&currency=PLN&mediaPartnerId=6439681
Warszawa,Rzym,Włochy,Kraków,2026-08-26,2026-08-29,3,397.88,281.55,679.4300000000001,WARS,ROME,KRK,https://skyscanner.net/g/referrals/v1/flights/multicity/?mediaPartnerId=6439681&origin0=wars&date0=2026-08-26&destination0=rome&origin1=rome&date1=2026-08-29&destination1=krk&adultsv2=1&market=PL&locale=pl-PL&currency=PLN
Warszawa,Bolonia,Włochy,Warszawa,2026-08-25,2026-08-28,3,499.12,182.0,681.12,WARS,BLQ,WARS,https://www.skyscanner.net/g/referrals/v1/flights/day-view/?origin=wars&destination=blq&outboundDate=2026-08-25&inboundDate=2026-08-28&market=PL&locale=pl-PL&currency=PLN&mediaPartnerId=6439681
Kraków,Mediolan,Włochy,Kraków,2026-08-25,2026-08-29,4,439.61,241.73,681.34,KRK,MIL,KRK,https://www.skyscanner.net/g/referrals/v1/flights/day-view/?origin=krk&destination=mil&outboundDate=2026-08-25&inboundDate=2026-08-29&market=PL&locale=pl-PL&currency=PLN&mediaPartnerId=6439681
Kraków,Mediolan,Włochy,Kraków,2026-08-25,2026-08-29,4,439.61,241.73,681.34,KRK,MILA,KRK,https://www.skyscanner.net/g/referrals/v1/flights/day-view/?origin=krk&destination=mila&outboundDate=2026-08-25&inboundDate=2026-08-29&market=PL&locale=pl-PL&currency=PLN&mediaPartnerId=6439681
Wrocław,Mediolan,Włochy,Kraków,2026-08-26,2026-08-28,2,582.77,98.93,681.7,WRO,MILA,KRK,https://skyscanner.net/g/referrals/v1/flights/multicity/?mediaPartnerId=6439681&origin0=wro&date0=2026-08-26&destination0=mila&origin1=mila&date1=2026-08-28&destination1=krk&adultsv2=1&market=PL&locale=pl-PL&currency=PLN
Gdańsk,Dubrovnik,Chorwacja,Warszawa,2026-08-27,2026-08-29,2,142.11,539.63,681.74,GDN,DBV,WARS,https://skyscanner.net/g/referrals/v1/flights/multicity/?mediaPartnerId=6439681&origin0=gdn&date0=2026-08-27&destination0=dbv&origin1=dbv&date1=2026-08-29&destination1=wars&adultsv2=1&market=PL&locale=pl-PL&currency=PLN
Katowice,Mediolan,Włochy,Gdańsk,2026-08-25,2026-08-27,2,349.54,332.37,681.9100000000001,KTW,MILA,GDN,https://skyscanner.net/g/referrals/v1/flights/multicity/?mediaPartnerId=6439681&origin0=ktw&date0=2026-08-25&destination0=mila&origin1=mila&date1=2026-08-27&destination1=gdn&adultsv2=1&market=PL&locale=pl-PL&currency=PLN
Poznań,Zadar,Chorwacja,Gdańsk,2026-08-24,2026-08-26,2,410.08,271.93,682.01,POZ,ZAD,GDN,https://skyscanner.net/g/referrals/v1/flights/multicity/?mediaPartnerId=6439681&origin0=poz&date0=2026-08-24&destination0=zad&origin1=zad&date1=2026-08-26&destination1=gdn&adultsv2=1&market=PL&locale=pl-PL&currency=PLN
Warszawa,Saloniki,Grecja,Warszawa,2026-08-25,2026-08-27,2,220.13,461.89,682.02,WARS,SKG,WARS,https://www.skyscanner.net/g/referrals/v1/flights/day-view/?origin=wars&destination=skg&outboundDate=2026-08-25&inboundDate=2026-08-27&market=PL&locale=pl-PL&currency=PLN&mediaPartnerId=6439681
Poznań,Mediolan,Włochy,Gdańsk,2026-08-26,2026-08-31,5,483.47,198.56,682.03,POZ,MIL,GDN,https://skyscanner.net/g/referrals/v1/flights/multicity/?mediaPartnerId=6439681&origin0=poz&date0=2026-08-26&destination0=mil&origin1=mil&date1=2026-08-31&destination1=gdn&adultsv2=1&market=PL&locale=pl-PL&currency=PLN
Poznań,Mediolan,Włochy,Gdańsk,2026-08-26,2026-08-31,5,483.47,198.56,682.03,POZ,MILA,GDN,https://skyscanner.net/g/referrals/v1/flights/multicity/?mediaPartnerId=6439681&origin0=poz&date0=2026-08-26&destination0=mila&origin1=mila&date1=2026-08-31&destination1=gdn&adultsv2=1&market=PL&locale=pl-PL&currency=PLN
Gdańsk,Podgorica,Czarnogóra,Kraków,2026-08-27,2026-08-31,4,243.98,438.15,682.13,GDN,TGD,KRK,https://skyscanner.net/g/referrals/v1/flights/multicity/?mediaPartnerId=6439681&origin0=gdn&date0=2026-08-27&destination0=tgd&origin1=tgd&date1=2026-08-31&destination1=krk&adultsv2=1&market=PL&locale=pl-PL&currency=PLN
Warszawa,Mediolan,Włochy,Wrocław,2026-08-29,2026-08-31,2,376.21,306.47,682.6800000000001,WARS,MILA,WRO,https://skyscanner.net/g/referrals/v1/flights/multicity/?mediaPartnerId=6439681&origin0=wars&date0=2026-08-29&destination0=mila&origin1=mila&date1=2026-08-31&destination1=wro&adultsv2=1&market=PL&locale=pl-PL&currency=PLN
Warszawa,Palermo,Włochy,Gdańsk,2026-08-25,2026-08-27,2,210.37,472.31,682.6800000000001,WARS,PMO,GDN,https://skyscanner.net/g/referrals/v1/flights/multicity/?mediaPartnerId=6439681&origin0=wars&date0=2026-08-25&destination0=pmo&origin1=pmo&date1=2026-08-27&destination1=gdn&adultsv2=1&market=PL&locale=pl-PL&currency=PLN
Wrocław,Brindisi,Włochy,Wrocław,2026-08-24,2026-08-29,5,376.51,306.36,682.87,WRO,BDS,WRO,https://www.skyscanner.net/g/referrals/v1/flights/day-view/?origin=wro&destination=bds&outboundDate=2026-08-24&inboundDate=2026-08-29&market=PL&locale=pl-PL&currency=PLN&mediaPartnerId=6439681
Gdańsk,Palermo,Włochy,Kraków,2026-08-22,2026-08-26,4,306.1,377.36,683.46,GDN,PMO,KRK,https://skyscanner.net/g/referrals/v1/flights/multicity/?mediaPartnerId=6439681&origin0=gdn&date0=2026-08-22&destination0=pmo&origin1=pmo&date1=2026-08-26&destination1=krk&adultsv2=1&market=PL&locale=pl-PL&currency=PLN
Kraków,Mediolan,Włochy,Wrocław,2026-08-25,2026-08-29,4,439.61,244.25,683.86,KRK,MILA,WRO,https://skyscanner.net/g/referrals/v1/flights/multicity/?mediaPartnerId=6439681&origin0=krk&date0=2026-08-25&destination0=mila&origin1=mila&date1=2026-08-29&destination1=wro&adultsv2=1&market=PL&locale=pl-PL&currency=PLN
Kraków,Mediolan,Włochy,Gdańsk,2026-08-25,2026-08-31,6,439.61,244.25,683.86,KRK,MILA,GDN,https://skyscanner.net/g/referrals/v1/flights/multicity/?mediaPartnerId=6439681&origin0=krk&date0=2026-08-25&destination0=mila&origin1=mila&date1=2026-08-31&destination1=gdn&adultsv2=1&market=PL&locale=pl-PL&currency=PLN
Warszawa,Rzym,Włochy,Katowice,2026-08-28,2026-08-30,2,296.34,388.52,684.8599999999999,WARS,ROM,KTW,https://skyscanner.net/g/referrals/v1/flights/multicity/?mediaPartnerId=6439681&origin0=wars&date0=2026-08-28&destination0=rom&origin1=rom&date1=2026-08-30&destination1=ktw&adultsv2=1&market=PL&locale=pl-PL&currency=PLN
Warszawa,Rzym,Włochy,Katowice,2026-08-28,2026-08-30,2,296.34,388.52,684.8599999999999,WARS,ROME,KTW,https://skyscanner.net/g/referrals/v1/flights/multicity/?mediaPartnerId=6439681&origin0=wars&date0=2026-08-28&destination0=rome&origin1=rome&date1=2026-08-30&destination1=ktw&adultsv2=1&market=PL&locale=pl-PL&currency=PLN
Warszawa,Rzym,Włochy,Warszawa,2026-08-28,2026-08-31,3,296.34,388.52,684.8599999999999,WARS,ROME,WARS,https://www.skyscanner.net/g/referrals/v1/flights/day-view/?origin=wars&destination=rome&outboundDate=2026-08-28&inboundDate=2026-08-31&market=PL&locale=pl-PL&currency=PLN&mediaPartnerId=6439681
Warszawa,Rzym,Włochy,Warszawa,2026-08-28,2026-08-31,3,296.34,388.52,684.8599999999999,WARS,ROM,WARS,https://www.skyscanner.net/g/referrals/v1/flights/day-view/?origin=wars&destination=rom&outboundDate=2026-08-28&inboundDate=2026-08-31&market=PL&locale=pl-PL&currency=PLN&mediaPartnerId=6439681
Warszawa,Rzym,Włochy,Kraków,2026-08-28,2026-08-30,2,296.34,388.52,684.8599999999999,WARS,ROME,KRK,https://skyscanner.net/g/referrals/v1/flights/multicity/?mediaPartnerId=6439681&origin0=wars&date0=2026-08-28&destination0=rome&origin1=rome&date1=2026-08-30&destination1=krk&adultsv2=1&market=PL&locale=pl-PL&currency=PLN
Warszawa,Rzym,Włochy,Kraków,2026-08-28,2026-08-30,2,296.34,388.52,684.8599999999999,WARS,ROM,KRK,https://skyscanner.net/g/referrals/v1/flights/multicity/?mediaPartnerId=6439681&origin0=wars&date0=2026-08-28&destination0=rom&origin1=rom&date1=2026-08-30&destination1=krk&adultsv2=1&market=PL&locale=pl-PL&currency=PLN
Kraków,Mediolan,Włochy,Warszawa,2026-08-25,2026-08-30,5,439.61,245.26,684.87,KRK,MILA,WARS,https://skyscanner.net/g/referrals/v1/flights/multicity/?mediaPartnerId=6439681&origin0=krk&date0=2026-08-25&destination0=mila&origin1=mila&date1=2026-08-30&destination1=wars&adultsv2=1&market=PL&locale=pl-PL&currency=PLN
Gdańsk,Palermo,Włochy,Gdańsk,2026-08-25,2026-08-27,2,212.68,472.31,684.99,GDN,PMO,GDN,https://www.skyscanner.net/g/referrals/v1/flights/day-view/?origin=gdn&destination=pmo&outboundDate=2026-08-25&inboundDate=2026-08-27&market=PL&locale=pl-PL&currency=PLN&mediaPartnerId=6439681
Katowice,Mediolan,Włochy,Warszawa,2026-08-26,2026-08-30,4,512.46,172.65,685.11,KTW,MILA,WARS,https://skyscanner.net/g/referrals/v1/flights/multicity/?mediaPartnerId=6439681&origin0=ktw&date0=2026-08-26&destination0=mila&origin1=mila&date1=2026-08-30&destination1=wars&adultsv2=1&market=PL&locale=pl-PL&currency=PLN
Kraków,Podgorica,Czarnogóra,Kraków,2026-08-29,2026-08-31,2,247.0,438.15,685.15,KRK,TGD,KRK,https://www.skyscanner.net/g/referrals/v1/flights/day-view/?origin=krk&destination=tgd&outboundDate=2026-08-29&inboundDate=2026-08-31&market=PL&locale=pl-PL&currency=PLN&mediaPartnerId=6439681
Warszawa,Bolonia,Włochy,Wrocław,2026-08-29,2026-08-31,2,409.0,276.25,685.25,WARS,BLQ,WRO,https://skyscanner.net/g/referrals/v1/flights/multicity/?mediaPartnerId=6439681&origin0=wars&date0=2026-08-29&destination0=blq&origin1=blq&date1=2026-08-31&destination1=wro&adultsv2=1&market=PL&locale=pl-PL&currency=PLN
Warszawa,Palermo,Włochy,Warszawa,2026-08-25,2026-08-28,3,210.37,474.96,685.3299999999999,WARS,PMO,WARS,https://www.skyscanner.net/g/referrals/v1/flights/day-view/?origin=wars&destination=pmo&outboundDate=2026-08-25&inboundDate=2026-08-28&market=PL&locale=pl-PL&currency=PLN&mediaPartnerId=6439681
Warszawa,Mediolan,Włochy,Warszawa,2026-08-27,2026-08-31,4,365.93,319.48,685.4100000000001,WARS,MILA,WARS,https://www.skyscanner.net/g/referrals/v1/flights/day-view/?origin=wars&destination=mila&outboundDate=2026-08-27&inboundDate=2026-08-31&market=PL&locale=pl-PL&currency=PLN&mediaPartnerId=6439681
Poznań,Bari,Włochy,Warszawa,2026-08-27,2026-08-29,2,223.72,461.89,685.61,POZ,BRI,WARS,https://skyscanner.net/g/referrals/v1/flights/multicity/?mediaPartnerId=6439681&origin0=poz&date0=2026-08-27&destination0=bri&origin1=bri&date1=2026-08-29&destination1=wars&adultsv2=1&market=PL&locale=pl-PL&currency=PLN
Wrocław,Mediolan,Włochy,Wrocław,2026-08-27,2026-08-31,4,379.32,306.47,685.79,WRO,MILA,WRO,https://www.skyscanner.net/g/referrals/v1/flights/day-view/?origin=wro&destination=mila&outboundDate=2026-08-27&inboundDate=2026-08-31&market=PL&locale=pl-PL&currency=PLN&mediaPartnerId=6439681
Wrocław,Mediolan,Włochy,Wrocław,2026-08-29,2026-08-31,2,379.32,306.47,685.79,WRO,MILA,WRO,https://www.skyscanner.net/g/referrals/v1/flights/day-view/?origin=wro&destination=mila&outboundDate=2026-08-29&inboundDate=2026-08-31&market=PL&locale=pl-PL&currency=PLN&mediaPartnerId=6439681
Kraków,Bolonia,Włochy,Kraków,2026-08-29,2026-08-31,2,397.13,289.2,686.3299999999999,KRK,BLQ,KRK,https://www.skyscanner.net/g/referrals/v1/flights/day-view/?origin=krk&destination=blq&outboundDate=2026-08-29&inboundDate=2026-08-31&market=PL&locale=pl-PL&currency=PLN&mediaPartnerId=6439681
Kraków,Gdańsk,Polska,Kraków,2026-08-24,2026-08-26,2,341.01,345.33,686.3399999999999,KRK,GDN,KRK,https://www.skyscanner.net/g/referrals/v1/flights/day-view/?origin=krk&destination=gdn&outboundDate=2026-08-24&inboundDate=2026-08-26&market=PL&locale=pl-PL&currency=PLN&mediaPartnerId=6439681
Kraków,Bolonia,Włochy,Warszawa,2026-08-25,2026-08-29,4,427.35,259.0,686.35,KRK,BLQ,WARS,https://skyscanner.net/g/referrals/v1/flights/multicity/?mediaPartnerId=6439681&origin0=krk&date0=2026-08-25&destination0=blq&origin1=blq&date1=2026-08-29&destination1=wars&adultsv2=1&market=PL&locale=pl-PL&currency=PLN
Gdańsk,Podgorica,Czarnogóra,Wrocław,2026-08-24,2026-08-29,5,194.42,492.11,686.53,GDN,TGD,WRO,https://skyscanner.net/g/referrals/v1/flights/multicity/?mediaPartnerId=6439681&origin0=gdn&date0=2026-08-24&destination0=tgd&origin1=tgd&date1=2026-08-29&destination1=wro&adultsv2=1&market=PL&locale=pl-PL&currency=PLN
Kraków,Katania,Włochy,Gdańsk,2026-08-26,2026-08-29,3,384.57,302.17,686.74,KRK,CTA,GDN,https://skyscanner.net/g/referrals/v1/flights/multicity/?mediaPartnerId=6439681&origin0=krk&date0=2026-08-26&destination0=cta&origin1=cta&date1=2026-08-29&destination1=gdn&adultsv2=1&market=PL&locale=pl-PL&currency=PLN
Wrocław,Zadar,Chorwacja,Warszawa,2026-08-25,2026-08-30,5,104.0,582.77,686.77,WRO,ZAD,WARS,https://skyscanner.net/g/referrals/v1/flights/multicity/?mediaPartnerId=6439681&origin0=wro&date0=2026-08-25&destination0=zad&origin1=zad&date1=2026-08-30&destination1=wars&adultsv2=1&market=PL&locale=pl-PL&currency=PLN
Warszawa,Rzym,Włochy,Kraków,2026-08-29,2026-08-31,2,341.46,345.35,686.81,WARS,ROME,KRK,https://skyscanner.net/g/referrals/v1/flights/multicity/?mediaPartnerId=6439681&origin0=wars&date0=2026-08-29&destination0=rome&origin1=rome&date1=2026-08-31&destination1=krk&adultsv2=1&market=PL&locale=pl-PL&currency=PLN
Warszawa,Rzym,Włochy,Katowice,2026-08-29,2026-08-31,2,341.46,345.35,686.81,WARS,ROME,KTW,https://skyscanner.net/g/referrals/v1/flights/multicity/?mediaPartnerId=6439681&origin0=wars&date0=2026-08-29&destination0=rome&origin1=rome&date1=2026-08-31&destination1=ktw&adultsv2=1&market=PL&locale=pl-PL&currency=PLN
Kraków,Rzym,Włochy,Katowice,2026-08-28,2026-08-31,3,341.46,345.35,686.81,KRK,ROM,KTW,https://skyscanner.net/g/referrals/v1/flights/multicity/?mediaPartnerId=6439681&origin0=krk&date0=2026-08-28&destination0=rom&origin1=rom&date1=2026-08-31&destination1=ktw&adultsv2=1&market=PL&locale=pl-PL&currency=PLN
Warszawa,Rzym,Włochy,Gdańsk,2026-08-29,2026-08-31,2,341.46,345.35,686.81,WARS,ROME,GDN,https://skyscanner.net/g/referrals/v1/flights/multicity/?mediaPartnerId=6439681&origin0=wars&date0=2026-08-29&destination0=rome&origin1=rome&date1=2026-08-31&destination1=gdn&adultsv2=1&market=PL&locale=pl-PL&currency=PLN
Kraków,Rzym,Włochy,Gdańsk,2026-08-28,2026-08-31,3,341.46,345.35,686.81,KRK,ROM,GDN,https://skyscanner.net/g/referrals/v1/flights/multicity/?mediaPartnerId=6439681&origin0=krk&date0=2026-08-28&destination0=rom&origin1=rom&date1=2026-08-31&destination1=gdn&adultsv2=1&market=PL&locale=pl-PL&currency=PLN
Warszawa,Rzym,Włochy,Kraków,2026-08-29,2026-08-31,2,341.46,345.35,686.81,WARS,ROM,KRK,https://skyscanner.net/g/referrals/v1/flights/multicity/?mediaPartnerId=6439681&origin0=wars&date0=2026-08-29&destination0=rom&origin1=rom&date1=2026-08-31&destination1=krk&adultsv2=1&market=PL&locale=pl-PL&currency=PLN
Kraków,Rzym,Włochy,Kraków,2026-08-28,2026-08-31,3,341.46,345.35,686.81,KRK,ROM,KRK,https://www.skyscanner.net/g/referrals/v1/flights/day-view/?origin=krk&destination=rom&outboundDate=2026-08-28&inboundDate=2026-08-31&market=PL&locale=pl-PL&currency=PLN&mediaPartnerId=6439681
Warszawa,Rzym,Włochy,Katowice,2026-08-29,2026-08-31,2,341.46,345.35,686.81,WARS,ROM,KTW,https://skyscanner.net/g/referrals/v1/flights/multicity/?mediaPartnerId=6439681&origin0=wars&date0=2026-08-29&destination0=rom&origin1=rom&date1=2026-08-31&destination1=ktw&adultsv2=1&market=PL&locale=pl-PL&currency=PLN
Kraków,Rzym,Włochy,Kraków,2026-08-28,2026-08-31,3,341.46,345.35,686.81,KRK,ROME,KRK,https://www.skyscanner.net/g/referrals/v1/flights/day-view/?origin=krk&destination=rome&outboundDate=2026-08-28&inboundDate=2026-08-31&market=PL&locale=pl-PL&currency=PLN&mediaPartnerId=6439681
Kraków,Rzym,Włochy,Katowice,2026-08-28,2026-08-31,3,341.46,345.35,686.81,KRK,ROME,KTW,https://skyscanner.net/g/referrals/v1/flights/multicity/?mediaPartnerId=6439681&origin0=krk&date0=2026-08-28&destination0=rome&origin1=rome&date1=2026-08-31&destination1=ktw&adultsv2=1&market=PL&locale=pl-PL&currency=PLN
Warszawa,Rzym,Włochy,Gdańsk,2026-08-29,2026-08-31,2,341.46,345.35,686.81,WARS,ROM,GDN,https://skyscanner.net/g/referrals/v1/flights/multicity/?mediaPartnerId=6439681&origin0=wars&date0=2026-08-29&destination0=rom&origin1=rom&date1=2026-08-31&destination1=gdn&adultsv2=1&market=PL&locale=pl-PL&currency=PLN
Kraków,Rzym,Włochy,Gdańsk,2026-08-28,2026-08-31,3,341.46,345.35,686.81,KRK,ROME,GDN,https://skyscanner.net/g/referrals/v1/flights/multicity/?mediaPartnerId=6439681&origin0=krk&date0=2026-08-28&destination0=rome&origin1=rome&date1=2026-08-31&destination1=gdn&adultsv2=1&market=PL&locale=pl-PL&currency=PLN
Wrocław,Zadar,Chorwacja,Warszawa,2026-08-25,2026-08-29,4,104.0,582.81,686.81,WRO,ZAD,WARS,https://skyscanner.net/g/referrals/v1/flights/multicity/?mediaPartnerId=6439681&origin0=wro&date0=2026-08-25&destination0=zad&origin1=zad&date1=2026-08-29&destination1=wars&adultsv2=1&market=PL&locale=pl-PL&currency=PLN
Wrocław,Rzym,Włochy,Kraków,2026-08-26,2026-08-31,5,444.62,242.31,686.9300000000001,WRO,ROME,KRK,https://skyscanner.net/g/referrals/v1/flights/multicity/?mediaPartnerId=6439681&origin0=wro&date0=2026-08-26&destination0=rome&origin1=rome&date1=2026-08-31&destination1=krk&adultsv2=1&market=PL&locale=pl-PL&currency=PLN
Warszawa,Bolonia,Włochy,Warszawa,2026-08-27,2026-08-29,2,428.33,259.0,687.3299999999999,WARS,BLQ,WARS,https://www.skyscanner.net/g/referrals/v1/flights/day-view/?origin=wars&destination=blq&outboundDate=2026-08-27&inboundDate=2026-08-29&market=PL&locale=pl-PL&currency=PLN&mediaPartnerId=6439681
Warszawa,Rzym,Włochy,Warszawa,2026-08-29,2026-08-31,2,299.0,388.52,687.52,WARS,ROM,WARS,https://www.skyscanner.net/g/referrals/v1/flights/day-view/?origin=wars&destination=rom&outboundDate=2026-08-29&inboundDate=2026-08-31&market=PL&locale=pl-PL&currency=PLN&mediaPartnerId=6439681
Warszawa,Rzym,Włochy,Warszawa,2026-08-29,2026-08-31,2,299.0,388.52,687.52,WARS,ROM,WARS,https://www.skyscanner.net/g/referrals/v1/flights/day-view/?origin=wars&destination=rom&outboundDate=2026-08-29&inboundDate=2026-08-31&market=PL&locale=pl-PL&currency=PLN&mediaPartnerId=6439681
Warszawa,Rzym,Włochy,Warszawa,2026-08-29,2026-08-31,2,299.0,388.52,687.52,WARS,ROME,WARS,https://www.skyscanner.net/g/referrals/v1/flights/day-view/?origin=wars&destination=rome&outboundDate=2026-08-29&inboundDate=2026-08-31&market=PL&locale=pl-PL&currency=PLN&mediaPartnerId=6439681
Warszawa,Rzym,Włochy,Warszawa,2026-08-29,2026-08-31,2,299.0,388.52,687.52,WARS,ROME,WARS,https://www.skyscanner.net/g/referrals/v1/flights/day-view/?origin=wars&destination=rome&outboundDate=2026-08-29&inboundDate=2026-08-31&market=PL&locale=pl-PL&currency=PLN&mediaPartnerId=6439681
Gdańsk,Palermo,Włochy,Warszawa,2026-08-25,2026-08-28,3,212.68,474.96,687.64,GDN,PMO,WARS,https://skyscanner.net/g/referrals/v1/flights/multicity/?mediaPartnerId=6439681&origin0=gdn&date0=2026-08-25&destination0=pmo&origin1=pmo&date1=2026-08-28&destination1=wars&adultsv2=1&market=PL&locale=pl-PL&currency=PLN
Gdańsk,Palermo,Włochy,Warszawa,2026-08-27,2026-08-30,3,191.31,496.46,687.77,GDN,PMO,WARS,https://skyscanner.net/g/referrals/v1/flights/multicity/?mediaPartnerId=6439681&origin0=gdn&date0=2026-08-27&destination0=pmo&origin1=pmo&date1=2026-08-30&destination1=wars&adultsv2=1&market=PL&locale=pl-PL&currency=PLN
Kraków,Rzym,Włochy,Katowice,2026-08-25,2026-08-29,4,429.2,259.0,688.2,KRK,ROM,KTW,https://skyscanner.net/g/referrals/v1/flights/multicity/?mediaPartnerId=6439681&origin0=krk&date0=2026-08-25&destination0=rom&origin1=rom&date1=2026-08-29&destination1=ktw&adultsv2=1&market=PL&locale=pl-PL&currency=PLN
Kraków,Rzym,Włochy,Katowice,2026-08-25,2026-08-29,4,429.2,259.0,688.2,KRK,ROME,KTW,https://skyscanner.net/g/referrals/v1/flights/multicity/?mediaPartnerId=6439681&origin0=krk&date0=2026-08-25&destination0=rome&origin1=rome&date1=2026-08-29&destination1=ktw&adultsv2=1&market=PL&locale=pl-PL&currency=PLN
Kraków,Rzym,Włochy,Kraków,2026-08-25,2026-08-29,4,429.2,259.0,688.2,KRK,ROM,KRK,https://www.skyscanner.net/g/referrals/v1/flights/day-view/?origin=krk&destination=rom&outboundDate=2026-08-25&inboundDate=2026-08-29&market=PL&locale=pl-PL&currency=PLN&mediaPartnerId=6439681
Kraków,Rzym,Włochy,Kraków,2026-08-25,2026-08-29,4,429.2,259.0,688.2,KRK,ROME,KRK,https://www.skyscanner.net/g/referrals/v1/flights/day-view/?origin=krk&destination=rome&outboundDate=2026-08-25&inboundDate=2026-08-29&market=PL&locale=pl-PL&currency=PLN&mediaPartnerId=6439681
Wrocław,Zadar,Chorwacja,Warszawa,2026-08-28,2026-08-30,2,105.51,582.77,688.28,WRO,ZAD,WARS,https://skyscanner.net/g/referrals/v1/flights/multicity/?mediaPartnerId=6439681&origin0=wro&date0=2026-08-28&destination0=zad&origin1=zad&date1=2026-08-30&destination1=wars&adultsv2=1&market=PL&locale=pl-PL&currency=PLN
Kraków,Rzym,Włochy,Poznań,2026-08-25,2026-08-29,4,429.2,259.28,688.48,KRK,ROME,POZ,https://skyscanner.net/g/referrals/v1/flights/multicity/?mediaPartnerId=6439681&origin0=krk&date0=2026-08-25&destination0=rome&origin1=rome&date1=2026-08-29&destination1=poz&adultsv2=1&market=PL&locale=pl-PL&currency=PLN
Kraków,Rzym,Włochy,Warszawa,2026-08-25,2026-08-28,3,429.2,259.75,688.95,KRK,ROME,WARS,https://skyscanner.net/g/referrals/v1/flights/multicity/?mediaPartnerId=6439681&origin0=krk&date0=2026-08-25&destination0=rome&origin1=rome&date1=2026-08-28&destination1=wars&adultsv2=1&market=PL&locale=pl-PL&currency=PLN
Poznań,Bari,Włochy,Kraków,2026-08-26,2026-08-30,4,296.34,392.81,689.15,POZ,BRI,KRK,https://skyscanner.net/g/referrals/v1/flights/multicity/?mediaPartnerId=6439681&origin0=poz&date0=2026-08-26&destination0=bri&origin1=bri&date1=2026-08-30&destination1=krk&adultsv2=1&market=PL&locale=pl-PL&currency=PLN
Wrocław,Mediolan,Włochy,Warszawa,2026-08-26,2026-08-31,5,582.77,106.56,689.3299999999999,WRO,MILA,WARS,https://skyscanner.net/g/referrals/v1/flights/multicity/?mediaPartnerId=6439681&origin0=wro&date0=2026-08-26&destination0=mila&origin1=mila&date1=2026-08-31&destination1=wars&adultsv2=1&market=PL&locale=pl-PL&currency=PLN
Wrocław,Zadar,Chorwacja,Warszawa,2026-08-26,2026-08-30,4,106.89,582.77,689.66,WRO,ZAD,WARS,https://skyscanner.net/g/referrals/v1/flights/multicity/?mediaPartnerId=6439681&origin0=wro&date0=2026-08-26&destination0=zad&origin1=zad&date1=2026-08-30&destination1=wars&adultsv2=1&market=PL&locale=pl-PL&currency=PLN
Wrocław,Zadar,Chorwacja,Warszawa,2026-08-26,2026-08-29,3,106.89,582.81,689.6999999999999,WRO,ZAD,WARS,https://skyscanner.net/g/referrals/v1/flights/multicity/?mediaPartnerId=6439681&origin0=wro&date0=2026-08-26&destination0=zad&origin1=zad&date1=2026-08-29&destination1=wars&adultsv2=1&market=PL&locale=pl-PL&currency=PLN
Wrocław,Brindisi,Włochy,Wrocław,2026-08-28,2026-08-31,3,348.24,341.46,689.7,WRO,BDS,WRO,https://www.skyscanner.net/g/referrals/v1/flights/day-view/?origin=wro&destination=bds&outboundDate=2026-08-28&inboundDate=2026-08-31&market=PL&locale=pl-PL&currency=PLN&mediaPartnerId=6439681
Warszawa,Mediolan,Włochy,Kraków,2026-08-27,2026-08-29,2,534.7,155.37,690.07,WARS,MILA,KRK,https://skyscanner.net/g/referrals/v1/flights/multicity/?mediaPartnerId=6439681&origin0=wars&date0=2026-08-27&destination0=mila&origin1=mila&date1=2026-08-29&destination1=krk&adultsv2=1&market=PL&locale=pl-PL&currency=PLN
Warszawa,Mediolan,Włochy,Kraków,2026-08-26,2026-08-29,3,534.7,155.37,690.07,WARS,MILA,KRK,https://skyscanner.net/g/referrals/v1/flights/multicity/?mediaPartnerId=6439681&origin0=wars&date0=2026-08-26&destination0=mila&origin1=mila&date1=2026-08-29&destination1=krk&adultsv2=1&market=PL&locale=pl-PL&currency=PLN
Warszawa,Mediolan,Włochy,Warszawa,2026-08-26,2026-08-31,5,534.7,155.38,690.08,WARS,MILA,WARS,https://www.skyscanner.net/g/referrals/v1/flights/day-view/?origin=wars&destination=mila&outboundDate=2026-08-26&inboundDate=2026-08-31&market=PL&locale=pl-PL&currency=PLN&mediaPartnerId=6439681
Warszawa,Mediolan,Włochy,Warszawa,2026-08-26,2026-08-31,5,534.7,155.38,690.08,WARS,MIL,WARS,https://www.skyscanner.net/g/referrals/v1/flights/day-view/?origin=wars&destination=mil&outboundDate=2026-08-26&inboundDate=2026-08-31&market=PL&locale=pl-PL&currency=PLN&mediaPartnerId=6439681
Warszawa,Mediolan,Włochy,Warszawa,2026-08-27,2026-08-31,4,534.7,155.38,690.08,WARS,MIL,WARS,https://www.skyscanner.net/g/referrals/v1/flights/day-view/?origin=wars&destination=mil&outboundDate=2026-08-27&inboundDate=2026-08-31&market=PL&locale=pl-PL&currency=PLN&mediaPartnerId=6439681
Warszawa,Mediolan,Włochy,Warszawa,2026-08-27,2026-08-31,4,534.7,155.38,690.08,WARS,MILA,WARS,https://www.skyscanner.net/g/referrals/v1/flights/day-view/?origin=wars&destination=mila&outboundDate=2026-08-27&inboundDate=2026-08-31&market=PL&locale=pl-PL&currency=PLN&mediaPartnerId=6439681
Katowice,Tirana,Albania,Katowice,2026-08-27,2026-08-29,2,145.0,545.19,690.19,KTW,TIA,KTW,https://www.skyscanner.net/g/referrals/v1/flights/day-view/?origin=ktw&destination=tia&outboundDate=2026-08-27&inboundDate=2026-08-29&market=PL&locale=pl-PL&currency=PLN&mediaPartnerId=6439681
Katowice,Tirana,Albania,Katowice,2026-08-27,2026-08-30,3,145.0,545.19,690.19,KTW,TIA,KTW,https://www.skyscanner.net/g/referrals/v1/flights/day-view/?origin=ktw&destination=tia&outboundDate=2026-08-27&inboundDate=2026-08-30&market=PL&locale=pl-PL&currency=PLN&mediaPartnerId=6439681
Katowice,Tirana,Albania,Kraków,2026-08-27,2026-08-29,2,145.0,545.19,690.19,KTW,TIA,KRK,https://skyscanner.net/g/referrals/v1/flights/multicity/?mediaPartnerId=6439681&origin0=ktw&date0=2026-08-27&destination0=tia&origin1=tia&date1=2026-08-29&destination1=krk&adultsv2=1&market=PL&locale=pl-PL&currency=PLN
Katowice,Tirana,Albania,Kraków,2026-08-27,2026-08-30,3,145.0,545.19,690.19,KTW,TIA,KRK,https://skyscanner.net/g/referrals/v1/flights/multicity/?mediaPartnerId=6439681&origin0=ktw&date0=2026-08-27&destination0=tia&origin1=tia&date1=2026-08-30&destination1=krk&adultsv2=1&market=PL&locale=pl-PL&currency=PLN
Poznań,Mediolan,Włochy,Warszawa,2026-08-26,2026-08-29,3,483.47,206.85,690.32,POZ,MILA,WARS,https://skyscanner.net/g/referrals/v1/flights/multicity/?mediaPartnerId=6439681&origin0=poz&date0=2026-08-26&destination0=mila&origin1=mila&date1=2026-08-29&destination1=wars&adultsv2=1&market=PL&locale=pl-PL&currency=PLN
Gdańsk,Zadar,Chorwacja,Poznań,2026-08-26,2026-08-29,3,215.81,474.83,690.64,GDN,ZAD,POZ,https://skyscanner.net/g/referrals/v1/flights/multicity/?mediaPartnerId=6439681&origin0=gdn&date0=2026-08-26&destination0=zad&origin1=zad&date1=2026-08-29&destination1=poz&adultsv2=1&market=PL&locale=pl-PL&currency=PLN
Poznań,Mediolan,Włochy,Kraków,2026-08-27,2026-08-30,3,332.37,358.28,690.65,POZ,MILA,KRK,https://skyscanner.net/g/referrals/v1/flights/multicity/?mediaPartnerId=6439681&origin0=poz&date0=2026-08-27&destination0=mila&origin1=mila&date1=2026-08-30&destination1=krk&adultsv2=1&market=PL&locale=pl-PL&currency=PLN
Kraków,Valletta,Malta,Gdańsk,2026-08-22,2026-08-25,3,375.54,315.11,690.6500000000001,KRK,MLA,GDN,https://skyscanner.net/g/referrals/v1/flights/multicity/?mediaPartnerId=6439681&origin0=krk&date0=2026-08-22&destination0=mla&origin1=mla&date1=2026-08-25&destination1=gdn&adultsv2=1&market=PL&locale=pl-PL&currency=PLN
Warszawa,Piza,Włochy,Warszawa,2026-08-27,2026-08-29,2,302.15,388.52,690.67,WARS,PSA,WARS,https://www.skyscanner.net/g/referrals/v1/flights/day-view/?origin=wars&destination=psa&outboundDate=2026-08-27&inboundDate=2026-08-29&market=PL&locale=pl-PL&currency=PLN&mediaPartnerId=6439681
Poznań,Zadar,Chorwacja,Kraków,2026-08-28,2026-08-30,2,120.94,569.81,690.75,POZ,ZAD,KRK,https://skyscanner.net/g/referrals/v1/flights/multicity/?mediaPartnerId=6439681&origin0=poz&date0=2026-08-28&destination0=zad&origin1=zad&date1=2026-08-30&destination1=krk&adultsv2=1&market=PL&locale=pl-PL&currency=PLN
Warszawa,Mediolan,Włochy,Wrocław,2026-08-26,2026-08-30,4,455.6,235.27,690.87,WARS,MILA,WRO,https://skyscanner.net/g/referrals/v1/flights/multicity/?mediaPartnerId=6439681&origin0=wars&date0=2026-08-26&destination0=mila&origin1=mila&date1=2026-08-30&destination1=wro&adultsv2=1&market=PL&locale=pl-PL&currency=PLN
Poznań,Bari,Włochy,Wrocław,2026-08-28,2026-08-30,2,259.75,431.7,691.45,POZ,BRI,WRO,https://skyscanner.net/g/referrals/v1/flights/multicity/?mediaPartnerId=6439681&origin0=poz&date0=2026-08-28&destination0=bri&origin1=bri&date1=2026-08-30&destination1=wro&adultsv2=1&market=PL&locale=pl-PL&currency=PLN
Wrocław,Charleroi,Belgia,Poznań,2026-08-28,2026-08-30,2,461.89,230.96,692.85,WRO,CRL,POZ,https://skyscanner.net/g/referrals/v1/flights/multicity/?mediaPartnerId=6439681&origin0=wro&date0=2026-08-28&destination0=crl&origin1=crl&date1=2026-08-30&destination1=poz&adultsv2=1&market=PL&locale=pl-PL&currency=PLN
Kraków,Katania,Włochy,Warszawa,2026-08-26,2026-08-28,2,384.57,308.35,692.9200000000001,KRK,CTA,WARS,https://skyscanner.net/g/referrals/v1/flights/multicity/?mediaPartnerId=6439681&origin0=krk&date0=2026-08-26&destination0=cta&origin1=cta&date1=2026-08-28&destination1=wars&adultsv2=1&market=PL&locale=pl-PL&currency=PLN
Warszawa,Palermo,Włochy,Kraków,2026-08-29,2026-08-31,2,249.0,444.62,693.62,WARS,PMO,KRK,https://skyscanner.net/g/referrals/v1/flights/multicity/?mediaPartnerId=6439681&origin0=wars&date0=2026-08-29&destination0=pmo&origin1=pmo&date1=2026-08-31&destination1=krk&adultsv2=1&market=PL&locale=pl-PL&currency=PLN
Kraków,Mediolan,Włochy,Kraków,2026-08-29,2026-08-31,2,409.0,284.91,693.9100000000001,KRK,MIL,KRK,https://www.skyscanner.net/g/referrals/v1/flights/day-view/?origin=krk&destination=mil&outboundDate=2026-08-29&inboundDate=2026-08-31&market=PL&locale=pl-PL&currency=PLN&mediaPartnerId=6439681
Kraków,Mediolan,Włochy,Kraków,2026-08-29,2026-08-31,2,409.0,284.91,693.9100000000001,KRK,MIL,KRK,https://www.skyscanner.net/g/referrals/v1/flights/day-view/?origin=krk&destination=mil&outboundDate=2026-08-29&inboundDate=2026-08-31&market=PL&locale=pl-PL&currency=PLN&mediaPartnerId=6439681
Warszawa,Mediolan,Włochy,Kraków,2026-08-29,2026-08-31,2,409.0,284.91,693.9100000000001,WARS,MIL,KRK,https://skyscanner.net/g/referrals/v1/flights/multicity/?mediaPartnerId=6439681&origin0=wars&date0=2026-08-29&destination0=mil&origin1=mil&date1=2026-08-31&destination1=krk&adultsv2=1&market=PL&locale=pl-PL&currency=PLN
Kraków,Mediolan,Włochy,Poznań,2026-08-25,2026-08-29,4,439.61,254.67,694.28,KRK,MILA,POZ,https://skyscanner.net/g/referrals/v1/flights/multicity/?mediaPartnerId=6439681&origin0=krk&date0=2026-08-25&destination0=mila&origin1=mila&date1=2026-08-29&destination1=poz&adultsv2=1&market=PL&locale=pl-PL&currency=PLN
Warszawa,Mediolan,Włochy,Kraków,2026-08-26,2026-08-31,5,455.6,238.75,694.35,WARS,MILA,KRK,https://skyscanner.net/g/referrals/v1/flights/multicity/?mediaPartnerId=6439681&origin0=wars&date0=2026-08-26&destination0=mila&origin1=mila&date1=2026-08-31&destination1=krk&adultsv2=1&market=PL&locale=pl-PL&currency=PLN
Wrocław,Rimini,Włochy,Kraków,2026-08-23,2026-08-26,3,453.25,241.4,694.65,WRO,RMI,KRK,https://skyscanner.net/g/referrals/v1/flights/multicity/?mediaPartnerId=6439681&origin0=wro&date0=2026-08-23&destination0=rmi&origin1=rmi&date1=2026-08-26&destination1=krk&adultsv2=1&market=PL&locale=pl-PL&currency=PLN
Wrocław,Dubrovnik,Chorwacja,Wrocław,2026-08-27,2026-08-31,4,224.45,470.52,694.97,WRO,DBV,WRO,https://www.skyscanner.net/g/referrals/v1/flights/day-view/?origin=wro&destination=dbv&outboundDate=2026-08-27&inboundDate=2026-08-31&market=PL&locale=pl-PL&currency=PLN&mediaPartnerId=6439681
Gdańsk,Podgorica,Czarnogóra,Wrocław,2026-08-26,2026-08-29,3,202.86,492.11,694.97,GDN,TGD,WRO,https://skyscanner.net/g/referrals/v1/flights/multicity/?mediaPartnerId=6439681&origin0=gdn&date0=2026-08-26&destination0=tgd&origin1=tgd&date1=2026-08-29&destination1=wro&adultsv2=1&market=PL&locale=pl-PL&currency=PLN
Kraków,Gdańsk,Polska,Wrocław,2026-08-27,2026-08-30,3,375.55,319.42,694.97,KRK,GDN,WRO,https://skyscanner.net/g/referrals/v1/flights/multicity/?mediaPartnerId=6439681&origin0=krk&date0=2026-08-27&destination0=gdn&origin1=gdn&date1=2026-08-30&destination1=wro&adultsv2=1&market=PL&locale=pl-PL&currency=PLN
Wrocław,Podgorica,Czarnogóra,Wrocław,2026-08-25,2026-08-29,4,202.86,492.11,694.97,WRO,TGD,WRO,https://www.skyscanner.net/g/referrals/v1/flights/day-view/?origin=wro&destination=tgd&outboundDate=2026-08-25&inboundDate=2026-08-29&market=PL&locale=pl-PL&currency=PLN&mediaPartnerId=6439681
Warszawa,Mediolan,Włochy,Wrocław,2026-08-25,2026-08-30,5,460.39,235.27,695.66,WARS,MILA,WRO,https://skyscanner.net/g/referrals/v1/flights/multicity/?mediaPartnerId=6439681&origin0=wars&date0=2026-08-25&destination0=mila&origin1=mila&date1=2026-08-30&destination1=wro&adultsv2=1&market=PL&locale=pl-PL&currency=PLN
Warszawa,Mediolan,Włochy,Warszawa,2026-08-29,2026-08-31,2,376.21,319.48,695.69,WARS,MILA,WARS,https://www.skyscanner.net/g/referrals/v1/flights/day-view/?origin=wars&destination=mila&outboundDate=2026-08-29&inboundDate=2026-08-31&market=PL&locale=pl-PL&currency=PLN&mediaPartnerId=6439681
Wrocław,Mediolan,Włochy,Warszawa,2026-08-26,2026-08-28,2,582.77,113.39,696.16,WRO,MILA,WARS,https://skyscanner.net/g/referrals/v1/flights/multicity/?mediaPartnerId=6439681&origin0=wro&date0=2026-08-26&destination0=mila&origin1=mila&date1=2026-08-28&destination1=wars&adultsv2=1&market=PL&locale=pl-PL&currency=PLN
Poznań,Mediolan,Włochy,Warszawa,2026-08-26,2026-08-29,3,483.47,213.21,696.6800000000001,POZ,MILA,WARS,https://skyscanner.net/g/referrals/v1/flights/multicity/?mediaPartnerId=6439681&origin0=poz&date0=2026-08-26&destination0=mila&origin1=mila&date1=2026-08-29&destination1=wars&adultsv2=1&market=PL&locale=pl-PL&currency=PLN
Wrocław,Piza,Włochy,Kraków,2026-08-26,2026-08-28,2,390.54,306.36,696.9000000000001,WRO,PSA,KRK,https://skyscanner.net/g/referrals/v1/flights/multicity/?mediaPartnerId=6439681&origin0=wro&date0=2026-08-26&destination0=psa&origin1=psa&date1=2026-08-28&destination1=krk&adultsv2=1&market=PL&locale=pl-PL&currency=PLN
Poznań,Dubrovnik,Chorwacja,Warszawa,2026-08-26,2026-08-29,3,157.31,539.63,696.94,POZ,DBV,WARS,https://skyscanner.net/g/referrals/v1/flights/multicity/?mediaPartnerId=6439681&origin0=poz&date0=2026-08-26&destination0=dbv&origin1=dbv&date1=2026-08-29&destination1=wars&adultsv2=1&market=PL&locale=pl-PL&currency=PLN
Wrocław,Paryż,Francja,Wrocław,2026-08-29,2026-08-31,2,586.39,110.56,696.95,WRO,BVA,WRO,https://www.skyscanner.net/g/referrals/v1/flights/day-view/?origin=wro&destination=bva&outboundDate=2026-08-29&inboundDate=2026-08-31&market=PL&locale=pl-PL&currency=PLN&mediaPartnerId=6439681
Wrocław,Paryż,Francja,Wrocław,2026-08-27,2026-08-31,4,586.39,110.56,696.95,WRO,BVA,WRO,https://www.skyscanner.net/g/referrals/v1/flights/day-view/?origin=wro&destination=bva&outboundDate=2026-08-27&inboundDate=2026-08-31&market=PL&locale=pl-PL&currency=PLN&mediaPartnerId=6439681
Poznań,Zadar,Chorwacja,Gdańsk,2026-08-22,2026-08-27,5,509.37,187.78,697.15,POZ,ZAD,GDN,https://skyscanner.net/g/referrals/v1/flights/multicity/?mediaPartnerId=6439681&origin0=poz&date0=2026-08-22&destination0=zad&origin1=zad&date1=2026-08-27&destination1=gdn&adultsv2=1&market=PL&locale=pl-PL&currency=PLN
Kraków,Mediolan,Włochy,Wrocław,2026-08-26,2026-08-30,4,461.89,235.27,697.16,KRK,MILA,WRO,https://skyscanner.net/g/referrals/v1/flights/multicity/?mediaPartnerId=6439681&origin0=krk&date0=2026-08-26&destination0=mila&origin1=mila&date1=2026-08-30&destination1=wro&adultsv2=1&market=PL&locale=pl-PL&currency=PLN
Warszawa,Mediolan,Włochy,Kraków,2026-08-26,2026-08-29,3,455.6,241.73,697.33,WARS,MILA,KRK,https://skyscanner.net/g/referrals/v1/flights/multicity/?mediaPartnerId=6439681&origin0=wars&date0=2026-08-26&destination0=mila&origin1=mila&date1=2026-08-29&destination1=krk&adultsv2=1&market=PL&locale=pl-PL&currency=PLN
Warszawa,Mediolan,Włochy,Kraków,2026-08-26,2026-08-29,3,455.6,241.73,697.33,WARS,MIL,KRK,https://skyscanner.net/g/referrals/v1/flights/multicity/?mediaPartnerId=6439681&origin0=wars&date0=2026-08-26&destination0=mil&origin1=mil&date1=2026-08-29&destination1=krk&adultsv2=1&market=PL&locale=pl-PL&currency=PLN
Warszawa,Bolonia,Włochy,Kraków,2026-08-29,2026-08-31,2,409.0,289.2,698.2,WARS,BLQ,KRK,https://skyscanner.net/g/referrals/v1/flights/multicity/?mediaPartnerId=6439681&origin0=wars&date0=2026-08-29&destination0=blq&origin1=blq&date1=2026-08-31&destination1=krk&adultsv2=1&market=PL&locale=pl-PL&currency=PLN
Kraków,Mediolan,Włochy,Gdańsk,2026-08-25,2026-08-28,3,439.61,258.98,698.59,KRK,MILA,GDN,https://skyscanner.net/g/referrals/v1/flights/multicity/?mediaPartnerId=6439681&origin0=krk&date0=2026-08-25&destination0=mila&origin1=mila&date1=2026-08-28&destination1=gdn&adultsv2=1&market=PL&locale=pl-PL&currency=PLN
Kraków,Mediolan,Włochy,Wrocław,2026-08-25,2026-08-28,3,439.61,258.98,698.59,KRK,MILA,WRO,https://skyscanner.net/g/referrals/v1/flights/multicity/?mediaPartnerId=6439681&origin0=krk&date0=2026-08-25&destination0=mila&origin1=mila&date1=2026-08-28&destination1=wro&adultsv2=1&market=PL&locale=pl-PL&currency=PLN
Kraków,Mediolan,Włochy,Warszawa,2026-08-25,2026-08-29,4,439.61,259.0,698.61,KRK,MIL,WARS,https://skyscanner.net/g/referrals/v1/flights/multicity/?mediaPartnerId=6439681&origin0=krk&date0=2026-08-25&destination0=mil&origin1=mil&date1=2026-08-29&destination1=wars&adultsv2=1&market=PL&locale=pl-PL&currency=PLN
Kraków,Mediolan,Włochy,Warszawa,2026-08-25,2026-08-29,4,439.61,259.0,698.61,KRK,MILA,WARS,https://skyscanner.net/g/referrals/v1/flights/multicity/?mediaPartnerId=6439681&origin0=krk&date0=2026-08-25&destination0=mila&origin1=mila&date1=2026-08-29&destination1=wars&adultsv2=1&market=PL&locale=pl-PL&currency=PLN
Kraków,Mediolan,Włochy,Warszawa,2026-08-25,2026-08-31,6,439.61,259.0,698.61,KRK,MILA,WARS,https://skyscanner.net/g/referrals/v1/flights/multicity/?mediaPartnerId=6439681&origin0=krk&date0=2026-08-25&destination0=mila&origin1=mila&date1=2026-08-31&destination1=wars&adultsv2=1&market=PL&locale=pl-PL&currency=PLN
Wrocław,Mediolan,Włochy,Warszawa,2026-08-27,2026-08-31,4,379.32,319.48,698.8,WRO,MILA,WARS,https://skyscanner.net/g/referrals/v1/flights/multicity/?mediaPartnerId=6439681&origin0=wro&date0=2026-08-27&destination0=mila&origin1=mila&date1=2026-08-31&destination1=wars&adultsv2=1&market=PL&locale=pl-PL&currency=PLN
Wrocław,Mediolan,Włochy,Warszawa,2026-08-29,2026-08-31,2,379.32,319.48,698.8,WRO,MILA,WARS,https://skyscanner.net/g/referrals/v1/flights/multicity/?mediaPartnerId=6439681&origin0=wro&date0=2026-08-29&destination0=mila&origin1=mila&date1=2026-08-31&destination1=wars&adultsv2=1&market=PL&locale=pl-PL&currency=PLN
Kraków,Valletta,Malta,Gdańsk,2026-08-22,2026-08-26,4,375.54,323.59,699.13,KRK,MLA,GDN,https://skyscanner.net/g/referrals/v1/flights/multicity/?mediaPartnerId=6439681&origin0=krk&date0=2026-08-22&destination0=mla&origin1=mla&date1=2026-08-26&destination1=gdn&adultsv2=1&market=PL&locale=pl-PL&currency=PLN
Warszawa,Mediolan,Włochy,Kraków,2026-08-25,2026-08-31,6,460.39,238.75,699.14,WARS,MILA,KRK,https://skyscanner.net/g/referrals/v1/flights/multicity/?mediaPartnerId=6439681&origin0=wars&date0=2026-08-25&destination0=mila&origin1=mila&date1=2026-08-31&destination1=krk&adultsv2=1&market=PL&locale=pl-PL&currency=PLN
Poznań,Mediolan,Włochy,Poznań,2026-08-26,2026-08-28,2,483.47,215.81,699.28,POZ,MILA,POZ,https://www.skyscanner.net/g/referrals/v1/flights/day-view/?origin=poz&destination=mila&outboundDate=2026-08-26&inboundDate=2026-08-28&market=PL&locale=pl-PL&currency=PLN&mediaPartnerId=6439681
Poznań,Podgorica,Czarnogóra,Gdańsk,2026-08-23,2026-08-26,3,155.37,543.91,699.28,POZ,TGD,GDN,https://skyscanner.net/g/referrals/v1/flights/multicity/?mediaPartnerId=6439681&origin0=poz&date0=2026-08-23&destination0=tgd&origin1=tgd&date1=2026-08-26&destination1=gdn&adultsv2=1&market=PL&locale=pl-PL&currency=PLN
Kraków,Bolonia,Włochy,Wrocław,2026-08-25,2026-08-29,4,427.35,271.93,699.28,KRK,BLQ,WRO,https://skyscanner.net/g/referrals/v1/flights/multicity/?mediaPartnerId=6439681&origin0=krk&date0=2026-08-25&destination0=blq&origin1=blq&date1=2026-08-29&destination1=wro&adultsv2=1&market=PL&locale=pl-PL&currency=PLN
Kraków,Podgorica,Czarnogóra,Wrocław,2026-08-28,2026-08-30,2,268.06,431.7,699.76,KRK,TGD,WRO,https://skyscanner.net/g/referrals/v1/flights/multicity/?mediaPartnerId=6439681&origin0=krk&date0=2026-08-28&destination0=tgd&origin1=tgd&date1=2026-08-30&destination1=wro&adultsv2=1&market=PL&locale=pl-PL&currency=PLN
Warszawa,Mediolan,Włochy,Gdańsk,2026-08-26,2026-08-31,5,455.6,244.25,699.85,WARS,MILA,GDN,https://skyscanner.net/g/referrals/v1/flights/multicity/?mediaPartnerId=6439681&origin0=wars&date0=2026-08-26&destination0=mila&origin1=mila&date1=2026-08-31&destination1=gdn&adultsv2=1&market=PL&locale=pl-PL&currency=PLN
Warszawa,Mediolan,Włochy,Wrocław,2026-08-26,2026-08-29,3,455.6,244.25,699.85,WARS,MILA,WRO,https://skyscanner.net/g/referrals/v1/flights/multicity/?mediaPartnerId=6439681&origin0=wars&date0=2026-08-26&destination0=mila&origin1=mila&date1=2026-08-29&destination1=wro&adultsv2=1&market=PL&locale=pl-PL&currency=PLN
Kraków,Olbia,Włochy,Kraków,2026-08-26,2026-08-28,2,306.47,393.69,700.1600000000001,KRK,OLB,KRK,https://www.skyscanner.net/g/referrals/v1/flights/day-view/?origin=krk&destination=olb&outboundDate=2026-08-26&inboundDate=2026-08-28&market=PL&locale=pl-PL&currency=PLN&mediaPartnerId=6439681
Warszawa,Bolonia,Włochy,Wrocław,2026-08-27,2026-08-29,2,428.33,271.93,700.26,WARS,BLQ,WRO,https://skyscanner.net/g/referrals/v1/flights/multicity/?mediaPartnerId=6439681&origin0=wars&date0=2026-08-27&destination0=blq&origin1=blq&date1=2026-08-29&destination1=wro&adultsv2=1&market=PL&locale=pl-PL&currency=PLN
Warszawa,Palermo,Włochy,Kraków,2026-08-28,2026-08-31,3,255.8,444.62,700.4200000000001,WARS,PMO,KRK,https://skyscanner.net/g/referrals/v1/flights/multicity/?mediaPartnerId=6439681&origin0=wars&date0=2026-08-28&destination0=pmo&origin1=pmo&date1=2026-08-31&destination1=krk&adultsv2=1&market=PL&locale=pl-PL&currency=PLN
Kraków,Mediolan,Włochy,Kraków,2026-08-26,2026-08-31,5,461.89,238.75,700.64,KRK,MILA,KRK,https://www.skyscanner.net/g/referrals/v1/flights/day-view/?origin=krk&destination=mila&outboundDate=2026-08-26&inboundDate=2026-08-31&market=PL&locale=pl-PL&currency=PLN&mediaPartnerId=6439681
Warszawa,Bari,Włochy,Kraków,2026-08-27,2026-08-31,4,217.31,483.47,700.78,WARS,BRI,KRK,https://skyscanner.net/g/referrals/v1/flights/multicity/?mediaPartnerId=6439681&origin0=wars&date0=2026-08-27&destination0=bri&origin1=bri&date1=2026-08-31&destination1=krk&adultsv2=1&market=PL&locale=pl-PL&currency=PLN
Katowice,Tirana,Albania,Wrocław,2026-08-29,2026-08-31,2,109.0,591.83,700.83,KTW,TIA,WRO,https://skyscanner.net/g/referrals/v1/flights/multicity/?mediaPartnerId=6439681&origin0=ktw&date0=2026-08-29&destination0=tia&origin1=tia&date1=2026-08-31&destination1=wro&adultsv2=1&market=PL&locale=pl-PL&currency=PLN
Kraków,Tirana,Albania,Wrocław,2026-08-29,2026-08-31,2,109.0,591.83,700.83,KRK,TIA,WRO,https://skyscanner.net/g/referrals/v1/flights/multicity/?mediaPartnerId=6439681&origin0=krk&date0=2026-08-29&destination0=tia&origin1=tia&date1=2026-08-31&destination1=wro&adultsv2=1&market=PL&locale=pl-PL&currency=PLN
Warszawa,Mediolan,Włochy,Warszawa,2026-08-26,2026-08-30,4,455.6,245.26,700.86,WARS,MILA,WARS,https://www.skyscanner.net/g/referrals/v1/flights/day-view/?origin=wars&destination=mila&outboundDate=2026-08-26&inboundDate=2026-08-30&market=PL&locale=pl-PL&currency=PLN&mediaPartnerId=6439681
Wrocław,Zadar,Chorwacja,Kraków,2026-08-25,2026-08-29,4,104.0,597.46,701.46,WRO,ZAD,KRK,https://skyscanner.net/g/referrals/v1/flights/multicity/?mediaPartnerId=6439681&origin0=wro&date0=2026-08-25&destination0=zad&origin1=zad&date1=2026-08-29&destination1=krk&adultsv2=1&market=PL&locale=pl-PL&currency=PLN
Gdańsk,Zadar,Chorwacja,Wrocław,2026-08-26,2026-08-28,2,215.81,485.75,701.56,GDN,ZAD,WRO,https://skyscanner.net/g/referrals/v1/flights/multicity/?mediaPartnerId=6439681&origin0=gdn&date0=2026-08-26&destination0=zad&origin1=zad&date1=2026-08-28&destination1=wro&adultsv2=1&market=PL&locale=pl-PL&currency=PLN
Warszawa,Mediolan,Włochy,Kraków,2026-08-25,2026-08-29,4,460.39,241.73,702.12,WARS,MIL,KRK,https://skyscanner.net/g/referrals/v1/flights/multicity/?mediaPartnerId=6439681&origin0=wars&date0=2026-08-25&destination0=mil&origin1=mil&date1=2026-08-29&destination1=krk&adultsv2=1&market=PL&locale=pl-PL&currency=PLN
Warszawa,Mediolan,Włochy,Kraków,2026-08-25,2026-08-29,4,460.39,241.73,702.12,WARS,MILA,KRK,https://skyscanner.net/g/referrals/v1/flights/multicity/?mediaPartnerId=6439681&origin0=wars&date0=2026-08-25&destination0=mila&origin1=mila&date1=2026-08-29&destination1=krk&adultsv2=1&market=PL&locale=pl-PL&currency=PLN
Kraków,Rzym,Włochy,Warszawa,2026-08-29,2026-08-31,2,313.87,388.52,702.39,KRK,ROM,WARS,https://skyscanner.net/g/referrals/v1/flights/multicity/?mediaPartnerId=6439681&origin0=krk&date0=2026-08-29&destination0=rom&origin1=rom&date1=2026-08-31&destination1=wars&adultsv2=1&market=PL&locale=pl-PL&currency=PLN
Kraków,Rzym,Włochy,Warszawa,2026-08-29,2026-08-31,2,313.87,388.52,702.39,KRK,ROME,WARS,https://skyscanner.net/g/referrals/v1/flights/multicity/?mediaPartnerId=6439681&origin0=krk&date0=2026-08-29&destination0=rome&origin1=rome&date1=2026-08-31&destination1=wars&adultsv2=1&market=PL&locale=pl-PL&currency=PLN
Kraków,Bolonia,Włochy,Wrocław,2026-08-25,2026-08-31,6,427.35,276.25,703.6,KRK,BLQ,WRO,https://skyscanner.net/g/referrals/v1/flights/multicity/?mediaPartnerId=6439681&origin0=krk&date0=2026-08-25&destination0=blq&origin1=blq&date1=2026-08-31&destination1=wro&adultsv2=1&market=PL&locale=pl-PL&currency=PLN
Kraków,Mediolan,Włochy,Kraków,2026-08-26,2026-08-29,3,461.89,241.73,703.62,KRK,MIL,KRK,https://www.skyscanner.net/g/referrals/v1/flights/day-view/?origin=krk&destination=mil&outboundDate=2026-08-26&inboundDate=2026-08-29&market=PL&locale=pl-PL&currency=PLN&mediaPartnerId=6439681
Wrocław,Rzym,Włochy,Katowice,2026-08-26,2026-08-29,3,444.62,259.0,703.62,WRO,ROM,KTW,https://skyscanner.net/g/referrals/v1/flights/multicity/?mediaPartnerId=6439681&origin0=wro&date0=2026-08-26&destination0=rom&origin1=rom&date1=2026-08-29&destination1=ktw&adultsv2=1&market=PL&locale=pl-PL&currency=PLN
Wrocław,Rzym,Włochy,Kraków,2026-08-26,2026-08-29,3,444.62,259.0,703.62,WRO,ROME,KRK,https://skyscanner.net/g/referrals/v1/flights/multicity/?mediaPartnerId=6439681&origin0=wro&date0=2026-08-26&destination0=rome&origin1=rome&date1=2026-08-29&destination1=krk&adultsv2=1&market=PL&locale=pl-PL&currency=PLN
Kraków,Mediolan,Włochy,Gdańsk,2026-08-27,2026-08-31,4,505.06,198.56,703.62,KRK,MIL,GDN,https://skyscanner.net/g/referrals/v1/flights/multicity/?mediaPartnerId=6439681&origin0=krk&date0=2026-08-27&destination0=mil&origin1=mil&date1=2026-08-31&destination1=gdn&adultsv2=1&market=PL&locale=pl-PL&currency=PLN
Wrocław,Rzym,Włochy,Kraków,2026-08-26,2026-08-29,3,444.62,259.0,703.62,WRO,ROM,KRK,https://skyscanner.net/g/referrals/v1/flights/multicity/?mediaPartnerId=6439681&origin0=wro&date0=2026-08-26&destination0=rom&origin1=rom&date1=2026-08-29&destination1=krk&adultsv2=1&market=PL&locale=pl-PL&currency=PLN
Wrocław,Rzym,Włochy,Katowice,2026-08-26,2026-08-29,3,444.62,259.0,703.62,WRO,ROME,KTW,https://skyscanner.net/g/referrals/v1/flights/multicity/?mediaPartnerId=6439681&origin0=wro&date0=2026-08-26&destination0=rome&origin1=rome&date1=2026-08-29&destination1=ktw&adultsv2=1&market=PL&locale=pl-PL&currency=PLN
Kraków,Mediolan,Włochy,Kraków,2026-08-26,2026-08-29,3,461.89,241.73,703.62,KRK,MILA,KRK,https://www.skyscanner.net/g/referrals/v1/flights/day-view/?origin=krk&destination=mila&outboundDate=2026-08-26&inboundDate=2026-08-29&market=PL&locale=pl-PL&currency=PLN&mediaPartnerId=6439681
Kraków,Mediolan,Włochy,Gdańsk,2026-08-27,2026-08-31,4,505.06,198.56,703.62,KRK,MILA,GDN,https://skyscanner.net/g/referrals/v1/flights/multicity/?mediaPartnerId=6439681&origin0=krk&date0=2026-08-27&destination0=mila&origin1=mila&date1=2026-08-31&destination1=gdn&adultsv2=1&market=PL&locale=pl-PL&currency=PLN
Poznań,Zadar,Chorwacja,Warszawa,2026-08-25,2026-08-30,5,164.01,539.63,703.64,POZ,ZAD,WARS,https://skyscanner.net/g/referrals/v1/flights/multicity/?mediaPartnerId=6439681&origin0=poz&date0=2026-08-25&destination0=zad&origin1=zad&date1=2026-08-30&destination1=wars&adultsv2=1&market=PL&locale=pl-PL&currency=PLN
Poznań,Zadar,Chorwacja,Warszawa,2026-08-28,2026-08-30,2,120.94,582.77,703.71,POZ,ZAD,WARS,https://skyscanner.net/g/referrals/v1/flights/multicity/?mediaPartnerId=6439681&origin0=poz&date0=2026-08-28&destination0=zad&origin1=zad&date1=2026-08-30&destination1=wars&adultsv2=1&market=PL&locale=pl-PL&currency=PLN
Wrocław,Rzym,Włochy,Poznań,2026-08-26,2026-08-29,3,444.62,259.28,703.9,WRO,ROME,POZ,https://skyscanner.net/g/referrals/v1/flights/multicity/?mediaPartnerId=6439681&origin0=wro&date0=2026-08-26&destination0=rome&origin1=rome&date1=2026-08-29&destination1=poz&adultsv2=1&market=PL&locale=pl-PL&currency=PLN
Kraków,Mediolan,Włochy,Katowice,2026-08-25,2026-08-28,3,439.61,264.36,703.97,KRK,MILA,KTW,https://skyscanner.net/g/referrals/v1/flights/multicity/?mediaPartnerId=6439681&origin0=krk&date0=2026-08-25&destination0=mila&origin1=mila&date1=2026-08-28&destination1=ktw&adultsv2=1&market=PL&locale=pl-PL&currency=PLN
Katowice,Valletta,Malta,Poznań,2026-08-25,2026-08-27,2,139.0,565.0,704.0,KTW,MLA,POZ,https://skyscanner.net/g/referrals/v1/flights/multicity/?mediaPartnerId=6439681&origin0=ktw&date0=2026-08-25&destination0=mla&origin1=mla&date1=2026-08-27&destination1=poz&adultsv2=1&market=PL&locale=pl-PL&currency=PLN
Kraków,Rzym,Włochy,Warszawa,2026-08-25,2026-08-31,6,429.2,275.03,704.23,KRK,ROME,WARS,https://skyscanner.net/g/referrals/v1/flights/multicity/?mediaPartnerId=6439681&origin0=krk&date0=2026-08-25&destination0=rome&origin1=rome&date1=2026-08-31&destination1=wars&adultsv2=1&market=PL&locale=pl-PL&currency=PLN
Kraków,Rzym,Włochy,Katowice,2026-08-25,2026-08-27,2,429.2,275.03,704.23,KRK,ROME,KTW,https://skyscanner.net/g/referrals/v1/flights/multicity/?mediaPartnerId=6439681&origin0=krk&date0=2026-08-25&destination0=rome&origin1=rome&date1=2026-08-27&destination1=ktw&adultsv2=1&market=PL&locale=pl-PL&currency=PLN
Warszawa,Rzym,Włochy,Kraków,2026-08-26,2026-08-30,4,397.88,306.36,704.24,WARS,ROME,KRK,https://skyscanner.net/g/referrals/v1/flights/multicity/?mediaPartnerId=6439681&origin0=wars&date0=2026-08-26&destination0=rome&origin1=rome&date1=2026-08-30&destination1=krk&adultsv2=1&market=PL&locale=pl-PL&currency=PLN
Kraków,Rzym,Włochy,Kraków,2026-08-27,2026-08-30,3,397.88,306.36,704.24,KRK,ROME,KRK,https://www.skyscanner.net/g/referrals/v1/flights/day-view/?origin=krk&destination=rome&outboundDate=2026-08-27&inboundDate=2026-08-30&market=PL&locale=pl-PL&currency=PLN&mediaPartnerId=6439681
Kraków,Rzym,Włochy,Kraków,2026-08-26,2026-08-30,4,397.88,306.36,704.24,KRK,ROME,KRK,https://www.skyscanner.net/g/referrals/v1/flights/day-view/?origin=krk&destination=rome&outboundDate=2026-08-26&inboundDate=2026-08-30&market=PL&locale=pl-PL&currency=PLN&mediaPartnerId=6439681
Kraków,Rzym,Włochy,Gdańsk,2026-08-29,2026-08-31,2,359.0,345.35,704.35,KRK,ROM,GDN,https://skyscanner.net/g/referrals/v1/flights/multicity/?mediaPartnerId=6439681&origin0=krk&date0=2026-08-29&destination0=rom&origin1=rom&date1=2026-08-31&destination1=gdn&adultsv2=1&market=PL&locale=pl-PL&currency=PLN
Kraków,Rzym,Włochy,Gdańsk,2026-08-29,2026-08-31,2,359.0,345.35,704.35,KRK,ROME,GDN,https://skyscanner.net/g/referrals/v1/flights/multicity/?mediaPartnerId=6439681&origin0=krk&date0=2026-08-29&destination0=rome&origin1=rome&date1=2026-08-31&destination1=gdn&adultsv2=1&market=PL&locale=pl-PL&currency=PLN
Katowice,Rzym,Włochy,Gdańsk,2026-08-29,2026-08-31,2,359.0,345.35,704.35,KTW,ROM,GDN,https://skyscanner.net/g/referrals/v1/flights/multicity/?mediaPartnerId=6439681&origin0=ktw&date0=2026-08-29&destination0=rom&origin1=rom&date1=2026-08-31&destination1=gdn&adultsv2=1&market=PL&locale=pl-PL&currency=PLN
Kraków,Rzym,Włochy,Katowice,2026-08-29,2026-08-31,2,359.0,345.35,704.35,KRK,ROM,KTW,https://skyscanner.net/g/referrals/v1/flights/multicity/?mediaPartnerId=6439681&origin0=krk&date0=2026-08-29&destination0=rom&origin1=rom&date1=2026-08-31&destination1=ktw&adultsv2=1&market=PL&locale=pl-PL&currency=PLN
Kraków,Rzym,Włochy,Kraków,2026-08-29,2026-08-31,2,359.0,345.35,704.35,KRK,ROME,KRK,https://www.skyscanner.net/g/referrals/v1/flights/day-view/?origin=krk&destination=rome&outboundDate=2026-08-29&inboundDate=2026-08-31&market=PL&locale=pl-PL&currency=PLN&mediaPartnerId=6439681
Kraków,Rzym,Włochy,Katowice,2026-08-29,2026-08-31,2,359.0,345.35,704.35,KRK,ROME,KTW,https://skyscanner.net/g/referrals/v1/flights/multicity/?mediaPartnerId=6439681&origin0=krk&date0=2026-08-29&destination0=rome&origin1=rome&date1=2026-08-31&destination1=ktw&adultsv2=1&market=PL&locale=pl-PL&currency=PLN
Kraków,Rzym,Włochy,Kraków,2026-08-29,2026-08-31,2,359.0,345.35,704.35,KRK,ROM,KRK,https://www.skyscanner.net/g/referrals/v1/flights/day-view/?origin=krk&destination=rom&outboundDate=2026-08-29&inboundDate=2026-08-31&market=PL&locale=pl-PL&currency=PLN&mediaPartnerId=6439681
Kraków,Rzym,Włochy,Katowice,2026-08-29,2026-08-31,2,359.0,345.35,704.35,KRK,ROME,KTW,https://skyscanner.net/g/referrals/v1/flights/multicity/?mediaPartnerId=6439681&origin0=krk&date0=2026-08-29&destination0=rome&origin1=rome&date1=2026-08-31&destination1=ktw&adultsv2=1&market=PL&locale=pl-PL&currency=PLN
Kraków,Rzym,Włochy,Gdańsk,2026-08-29,2026-08-31,2,359.0,345.35,704.35,KRK,ROME,GDN,https://skyscanner.net/g/referrals/v1/flights/multicity/?mediaPartnerId=6439681&origin0=krk&date0=2026-08-29&destination0=rome&origin1=rome&date1=2026-08-31&destination1=gdn&adultsv2=1&market=PL&locale=pl-PL&currency=PLN
Katowice,Rzym,Włochy,Kraków,2026-08-29,2026-08-31,2,359.0,345.35,704.35,KTW,ROM,KRK,https://skyscanner.net/g/referrals/v1/flights/multicity/?mediaPartnerId=6439681&origin0=ktw&date0=2026-08-29&destination0=rom&origin1=rom&date1=2026-08-31&destination1=krk&adultsv2=1&market=PL&locale=pl-PL&currency=PLN
Katowice,Rzym,Włochy,Katowice,2026-08-29,2026-08-31,2,359.0,345.35,704.35,KTW,ROM,KTW,https://www.skyscanner.net/g/referrals/v1/flights/day-view/?origin=ktw&destination=rom&outboundDate=2026-08-29&inboundDate=2026-08-31&market=PL&locale=pl-PL&currency=PLN&mediaPartnerId=6439681
Wrocław,Zadar,Chorwacja,Kraków,2026-08-26,2026-08-29,3,106.89,597.46,704.35,WRO,ZAD,KRK,https://skyscanner.net/g/referrals/v1/flights/multicity/?mediaPartnerId=6439681&origin0=wro&date0=2026-08-26&destination0=zad&origin1=zad&date1=2026-08-29&destination1=krk&adultsv2=1&market=PL&locale=pl-PL&currency=PLN
Kraków,Rzym,Włochy,Kraków,2026-08-29,2026-08-31,2,359.0,345.35,704.35,KRK,ROM,KRK,https://www.skyscanner.net/g/referrals/v1/flights/day-view/?origin=krk&destination=rom&outboundDate=2026-08-29&inboundDate=2026-08-31&market=PL&locale=pl-PL&currency=PLN&mediaPartnerId=6439681
Kraków,Rzym,Włochy,Katowice,2026-08-29,2026-08-31,2,359.0,345.35,704.35,KRK,ROM,KTW,https://skyscanner.net/g/referrals/v1/flights/multicity/?mediaPartnerId=6439681&origin0=krk&date0=2026-08-29&destination0=rom&origin1=rom&date1=2026-08-31&destination1=ktw&adultsv2=1&market=PL&locale=pl-PL&currency=PLN
Kraków,Rzym,Włochy,Gdańsk,2026-08-29,2026-08-31,2,359.0,345.35,704.35,KRK,ROM,GDN,https://skyscanner.net/g/referrals/v1/flights/multicity/?mediaPartnerId=6439681&origin0=krk&date0=2026-08-29&destination0=rom&origin1=rom&date1=2026-08-31&destination1=gdn&adultsv2=1&market=PL&locale=pl-PL&currency=PLN
Kraków,Rzym,Włochy,Kraków,2026-08-29,2026-08-31,2,359.0,345.35,704.35,KRK,ROME,KRK,https://www.skyscanner.net/g/referrals/v1/flights/day-view/?origin=krk&destination=rome&outboundDate=2026-08-29&inboundDate=2026-08-31&market=PL&locale=pl-PL&currency=PLN&mediaPartnerId=6439681
Katowice,Rzym,Włochy,Gdańsk,2026-08-29,2026-08-31,2,359.0,345.35,704.35,KTW,ROME,GDN,https://skyscanner.net/g/referrals/v1/flights/multicity/?mediaPartnerId=6439681&origin0=ktw&date0=2026-08-29&destination0=rome&origin1=rome&date1=2026-08-31&destination1=gdn&adultsv2=1&market=PL&locale=pl-PL&currency=PLN
Katowice,Rzym,Włochy,Kraków,2026-08-29,2026-08-31,2,359.0,345.35,704.35,KTW,ROM,KRK,https://skyscanner.net/g/referrals/v1/flights/multicity/?mediaPartnerId=6439681&origin0=ktw&date0=2026-08-29&destination0=rom&origin1=rom&date1=2026-08-31&destination1=krk&adultsv2=1&market=PL&locale=pl-PL&currency=PLN
Katowice,Rzym,Włochy,Katowice,2026-08-29,2026-08-31,2,359.0,345.35,704.35,KTW,ROM,KTW,https://www.skyscanner.net/g/referrals/v1/flights/day-view/?origin=ktw&destination=rom&outboundDate=2026-08-29&inboundDate=2026-08-31&market=PL&locale=pl-PL&currency=PLN&mediaPartnerId=6439681
Katowice,Rzym,Włochy,Gdańsk,2026-08-29,2026-08-31,2,359.0,345.35,704.35,KTW,ROME,GDN,https://skyscanner.net/g/referrals/v1/flights/multicity/?mediaPartnerId=6439681&origin0=ktw&date0=2026-08-29&destination0=rome&origin1=rome&date1=2026-08-31&destination1=gdn&adultsv2=1&market=PL&locale=pl-PL&currency=PLN
Katowice,Rzym,Włochy,Katowice,2026-08-29,2026-08-31,2,359.0,345.35,704.35,KTW,ROME,KTW,https://www.skyscanner.net/g/referrals/v1/flights/day-view/?origin=ktw&destination=rome&outboundDate=2026-08-29&inboundDate=2026-08-31&market=PL&locale=pl-PL&currency=PLN&mediaPartnerId=6439681
Katowice,Rzym,Włochy,Kraków,2026-08-29,2026-08-31,2,359.0,345.35,704.35,KTW,ROME,KRK,https://skyscanner.net/g/referrals/v1/flights/multicity/?mediaPartnerId=6439681&origin0=ktw&date0=2026-08-29&destination0=rome&origin1=rome&date1=2026-08-31&destination1=krk&adultsv2=1&market=PL&locale=pl-PL&currency=PLN
Katowice,Rzym,Włochy,Kraków,2026-08-29,2026-08-31,2,359.0,345.35,704.35,KTW,ROME,KRK,https://skyscanner.net/g/referrals/v1/flights/multicity/?mediaPartnerId=6439681&origin0=ktw&date0=2026-08-29&destination0=rome&origin1=rome&date1=2026-08-31&destination1=krk&adultsv2=1&market=PL&locale=pl-PL&currency=PLN
Katowice,Rzym,Włochy,Katowice,2026-08-29,2026-08-31,2,359.0,345.35,704.35,KTW,ROME,KTW,https://www.skyscanner.net/g/referrals/v1/flights/day-view/?origin=ktw&destination=rome&outboundDate=2026-08-29&inboundDate=2026-08-31&market=PL&locale=pl-PL&currency=PLN&mediaPartnerId=6439681
Katowice,Rzym,Włochy,Gdańsk,2026-08-29,2026-08-31,2,359.0,345.35,704.35,KTW,ROM,GDN,https://skyscanner.net/g/referrals/v1/flights/multicity/?mediaPartnerId=6439681&origin0=ktw&date0=2026-08-29&destination0=rom&origin1=rom&date1=2026-08-31&destination1=gdn&adultsv2=1&market=PL&locale=pl-PL&currency=PLN
Wrocław,Rzym,Włochy,Warszawa,2026-08-26,2026-08-28,2,444.62,259.75,704.37,WRO,ROME,WARS,https://skyscanner.net/g/referrals/v1/flights/multicity/?mediaPartnerId=6439681&origin0=wro&date0=2026-08-26&destination0=rome&origin1=rome&date1=2026-08-28&destination1=wars&adultsv2=1&market=PL&locale=pl-PL&currency=PLN
Warszawa,Bolonia,Włochy,Wrocław,2026-08-27,2026-08-31,4,428.33,276.25,704.5799999999999,WARS,BLQ,WRO,https://skyscanner.net/g/referrals/v1/flights/multicity/?mediaPartnerId=6439681&origin0=wars&date0=2026-08-27&destination0=blq&origin1=blq&date1=2026-08-31&destination1=wro&adultsv2=1&market=PL&locale=pl-PL&currency=PLN
Warszawa,Mediolan,Włochy,Gdańsk,2026-08-25,2026-08-31,6,460.39,244.25,704.64,WARS,MILA,GDN,https://skyscanner.net/g/referrals/v1/flights/multicity/?mediaPartnerId=6439681&origin0=wars&date0=2026-08-25&destination0=mila&origin1=mila&date1=2026-08-31&destination1=gdn&adultsv2=1&market=PL&locale=pl-PL&currency=PLN
Warszawa,Mediolan,Włochy,Wrocław,2026-08-25,2026-08-29,4,460.39,244.25,704.64,WARS,MILA,WRO,https://skyscanner.net/g/referrals/v1/flights/multicity/?mediaPartnerId=6439681&origin0=wars&date0=2026-08-25&destination0=mila&origin1=mila&date1=2026-08-29&destination1=wro&adultsv2=1&market=PL&locale=pl-PL&currency=PLN
Kraków,Wenecja,Włochy,Warszawa,2026-08-29,2026-08-31,2,361.0,343.83,704.8299999999999,KRK,TSF,WARS,https://skyscanner.net/g/referrals/v1/flights/multicity/?mediaPartnerId=6439681&origin0=krk&date0=2026-08-29&destination0=tsf&origin1=tsf&date1=2026-08-31&destination1=wars&adultsv2=1&market=PL&locale=pl-PL&currency=PLN
Gdańsk,Tirana,Albania,Wrocław,2026-08-29,2026-08-31,2,113.39,591.83,705.22,GDN,TIA,WRO,https://skyscanner.net/g/referrals/v1/flights/multicity/?mediaPartnerId=6439681&origin0=gdn&date0=2026-08-29&destination0=tia&origin1=tia&date1=2026-08-31&destination1=wro&adultsv2=1&market=PL&locale=pl-PL&currency=PLN
Wrocław,Paryż,Francja,Gdańsk,2026-08-29,2026-08-31,2,586.39,119.0,705.39,WRO,BVA,GDN,https://skyscanner.net/g/referrals/v1/flights/multicity/?mediaPartnerId=6439681&origin0=wro&date0=2026-08-29&destination0=bva&origin1=bva&date1=2026-08-31&destination1=gdn&adultsv2=1&market=PL&locale=pl-PL&currency=PLN
Wrocław,Paryż,Francja,Gdańsk,2026-08-27,2026-08-30,3,586.39,119.0,705.39,WRO,BVA,GDN,https://skyscanner.net/g/referrals/v1/flights/multicity/?mediaPartnerId=6439681&origin0=wro&date0=2026-08-27&destination0=bva&origin1=bva&date1=2026-08-30&destination1=gdn&adultsv2=1&market=PL&locale=pl-PL&currency=PLN
Wrocław,Paryż,Francja,Gdańsk,2026-08-27,2026-08-31,4,586.39,119.0,705.39,WRO,BVA,GDN,https://skyscanner.net/g/referrals/v1/flights/multicity/?mediaPartnerId=6439681&origin0=wro&date0=2026-08-27&destination0=bva&origin1=bva&date1=2026-08-31&destination1=gdn&adultsv2=1&market=PL&locale=pl-PL&currency=PLN
Warszawa,Mediolan,Włochy,Warszawa,2026-08-25,2026-08-30,5,460.39,245.26,705.65,WARS,MILA,WARS,https://www.skyscanner.net/g/referrals/v1/flights/day-view/?origin=wars&destination=mila&outboundDate=2026-08-25&inboundDate=2026-08-30&market=PL&locale=pl-PL&currency=PLN&mediaPartnerId=6439681
Kraków,Mediolan,Włochy,Gdańsk,2026-08-26,2026-08-31,5,461.89,244.25,706.14,KRK,MILA,GDN,https://skyscanner.net/g/referrals/v1/flights/multicity/?mediaPartnerId=6439681&origin0=krk&date0=2026-08-26&destination0=mila&origin1=mila&date1=2026-08-31&destination1=gdn&adultsv2=1&market=PL&locale=pl-PL&currency=PLN
Kraków,Mediolan,Włochy,Wrocław,2026-08-26,2026-08-29,3,461.89,244.25,706.14,KRK,MILA,WRO,https://skyscanner.net/g/referrals/v1/flights/multicity/?mediaPartnerId=6439681&origin0=krk&date0=2026-08-26&destination0=mila&origin1=mila&date1=2026-08-29&destination1=wro&adultsv2=1&market=PL&locale=pl-PL&currency=PLN
Wrocław,Zadar,Chorwacja,Poznań,2026-08-27,2026-08-29,2,231.36,474.83,706.19,WRO,ZAD,POZ,https://skyscanner.net/g/referrals/v1/flights/multicity/?mediaPartnerId=6439681&origin0=wro&date0=2026-08-27&destination0=zad&origin1=zad&date1=2026-08-29&destination1=poz&adultsv2=1&market=PL&locale=pl-PL&currency=PLN
Wrocław,Paryż,Francja,Gdańsk,2026-08-27,2026-08-29,2,586.39,119.82,706.21,WRO,BVA,GDN,https://skyscanner.net/g/referrals/v1/flights/multicity/?mediaPartnerId=6439681&origin0=wro&date0=2026-08-27&destination0=bva&origin1=bva&date1=2026-08-29&destination1=gdn&adultsv2=1&market=PL&locale=pl-PL&currency=PLN
Kraków,Podgorica,Czarnogóra,Kraków,2026-08-28,2026-08-31,3,268.06,438.15,706.21,KRK,TGD,KRK,https://www.skyscanner.net/g/referrals/v1/flights/day-view/?origin=krk&destination=tgd&outboundDate=2026-08-28&inboundDate=2026-08-31&market=PL&locale=pl-PL&currency=PLN&mediaPartnerId=6439681
Kraków,Wenecja,Włochy,Warszawa,2026-08-29,2026-08-31,2,361.0,345.35,706.35,KRK,VEN,WARS,https://skyscanner.net/g/referrals/v1/flights/multicity/?mediaPartnerId=6439681&origin0=krk&date0=2026-08-29&destination0=ven&origin1=ven&date1=2026-08-31&destination1=wars&adultsv2=1&market=PL&locale=pl-PL&currency=PLN
Kraków,Wenecja,Włochy,Warszawa,2026-08-29,2026-08-31,2,361.0,345.35,706.35,KRK,VCE,WARS,https://skyscanner.net/g/referrals/v1/flights/multicity/?mediaPartnerId=6439681&origin0=krk&date0=2026-08-29&destination0=vce&origin1=vce&date1=2026-08-31&destination1=wars&adultsv2=1&market=PL&locale=pl-PL&currency=PLN
Warszawa,Mediolan,Włochy,Warszawa,2026-08-28,2026-08-30,2,302.21,404.22,706.4300000000001,WARS,MILA,WARS,https://www.skyscanner.net/g/referrals/v1/flights/day-view/?origin=wars&destination=mila&outboundDate=2026-08-28&inboundDate=2026-08-30&market=PL&locale=pl-PL&currency=PLN&mediaPartnerId=6439681
Katowice,Bari,Włochy,Kraków,2026-08-25,2026-08-27,2,392.81,313.87,706.6800000000001,KTW,BRI,KRK,https://skyscanner.net/g/referrals/v1/flights/multicity/?mediaPartnerId=6439681&origin0=ktw&date0=2026-08-25&destination0=bri&origin1=bri&date1=2026-08-27&destination1=krk&adultsv2=1&market=PL&locale=pl-PL&currency=PLN
Warszawa,Palermo,Włochy,Warszawa,2026-08-25,2026-08-30,5,210.37,496.46,706.8299999999999,WARS,PMO,WARS,https://www.skyscanner.net/g/referrals/v1/flights/day-view/?origin=wars&destination=pmo&outboundDate=2026-08-25&inboundDate=2026-08-30&market=PL&locale=pl-PL&currency=PLN&mediaPartnerId=6439681
Kraków,Rimini,Włochy,Kraków,2026-08-28,2026-08-31,3,283.03,424.03,707.06,KRK,RMI,KRK,https://www.skyscanner.net/g/referrals/v1/flights/day-view/?origin=krk&destination=rmi&outboundDate=2026-08-28&inboundDate=2026-08-31&market=PL&locale=pl-PL&currency=PLN&mediaPartnerId=6439681
Gdańsk,Mediolan,Włochy,Warszawa,2026-08-29,2026-08-31,2,600.55,106.56,707.1099999999999,GDN,MILA,WARS,https://skyscanner.net/g/referrals/v1/flights/multicity/?mediaPartnerId=6439681&origin0=gdn&date0=2026-08-29&destination0=mila&origin1=mila&date1=2026-08-31&destination1=wars&adultsv2=1&market=PL&locale=pl-PL&currency=PLN
Kraków,Mediolan,Włochy,Warszawa,2026-08-26,2026-08-30,4,461.89,245.26,707.15,KRK,MILA,WARS,https://skyscanner.net/g/referrals/v1/flights/multicity/?mediaPartnerId=6439681&origin0=krk&date0=2026-08-26&destination0=mila&origin1=mila&date1=2026-08-30&destination1=wars&adultsv2=1&market=PL&locale=pl-PL&currency=PLN
Poznań,Bari,Włochy,Kraków,2026-08-27,2026-08-31,4,223.72,483.47,707.19,POZ,BRI,KRK,https://skyscanner.net/g/referrals/v1/flights/multicity/?mediaPartnerId=6439681&origin0=poz&date0=2026-08-27&destination0=bri&origin1=bri&date1=2026-08-31&destination1=krk&adultsv2=1&market=PL&locale=pl-PL&currency=PLN
Warszawa,Mediolan,Włochy,Warszawa,2026-08-27,2026-08-30,3,534.7,172.65,707.35,WARS,MILA,WARS,https://www.skyscanner.net/g/referrals/v1/flights/day-view/?origin=wars&destination=mila&outboundDate=2026-08-27&inboundDate=2026-08-30&market=PL&locale=pl-PL&currency=PLN&mediaPartnerId=6439681
Warszawa,Mediolan,Włochy,Warszawa,2026-08-26,2026-08-30,4,534.7,172.65,707.35,WARS,MILA,WARS,https://www.skyscanner.net/g/referrals/v1/flights/day-view/?origin=wars&destination=mila&outboundDate=2026-08-26&inboundDate=2026-08-30&market=PL&locale=pl-PL&currency=PLN&mediaPartnerId=6439681
Warszawa,Mediolan,Włochy,Warszawa,2026-08-26,2026-08-30,4,534.7,172.65,707.35,WARS,MIL,WARS,https://www.skyscanner.net/g/referrals/v1/flights/day-view/?origin=wars&destination=mil&outboundDate=2026-08-26&inboundDate=2026-08-30&market=PL&locale=pl-PL&currency=PLN&mediaPartnerId=6439681
Warszawa,Mediolan,Włochy,Warszawa,2026-08-27,2026-08-30,3,534.7,172.65,707.35,WARS,MIL,WARS,https://www.skyscanner.net/g/referrals/v1/flights/day-view/?origin=wars&destination=mil&outboundDate=2026-08-27&inboundDate=2026-08-30&market=PL&locale=pl-PL&currency=PLN&mediaPartnerId=6439681
Warszawa,Katania,Włochy,Gdańsk,2026-08-27,2026-08-30,3,275.92,431.7,707.62,WARS,CTA,GDN,https://skyscanner.net/g/referrals/v1/flights/multicity/?mediaPartnerId=6439681&origin0=wars&date0=2026-08-27&destination0=cta&origin1=cta&date1=2026-08-30&destination1=gdn&adultsv2=1&market=PL&locale=pl-PL&currency=PLN
Gdańsk,Dubrovnik,Chorwacja,Kraków,2026-08-23,2026-08-26,3,289.01,418.72,707.73,GDN,DBV,KRK,https://skyscanner.net/g/referrals/v1/flights/multicity/?mediaPartnerId=6439681&origin0=gdn&date0=2026-08-23&destination0=dbv&origin1=dbv&date1=2026-08-26&destination1=krk&adultsv2=1&market=PL&locale=pl-PL&currency=PLN
Poznań,Dubrovnik,Chorwacja,Warszawa,2026-08-27,2026-08-29,2,168.32,539.63,707.95,POZ,DBV,WARS,https://skyscanner.net/g/referrals/v1/flights/multicity/?mediaPartnerId=6439681&origin0=poz&date0=2026-08-27&destination0=dbv&origin1=dbv&date1=2026-08-29&destination1=wars&adultsv2=1&market=PL&locale=pl-PL&currency=PLN
Wrocław,Podgorica,Czarnogóra,Wrocław,2026-08-27,2026-08-30,3,276.25,431.7,707.95,WRO,TGD,WRO,https://www.skyscanner.net/g/referrals/v1/flights/day-view/?origin=wro&destination=tgd&outboundDate=2026-08-27&inboundDate=2026-08-30&market=PL&locale=pl-PL&currency=PLN&mediaPartnerId=6439681
Gdańsk,Tirana,Albania,Wrocław,2026-08-27,2026-08-31,4,116.19,591.83,708.02,GDN,TIA,WRO,https://skyscanner.net/g/referrals/v1/flights/multicity/?mediaPartnerId=6439681&origin0=gdn&date0=2026-08-27&destination0=tia&origin1=tia&date1=2026-08-31&destination1=wro&adultsv2=1&market=PL&locale=pl-PL&currency=PLN
Wrocław,Tirana,Albania,Katowice,2026-08-24,2026-08-30,6,163.09,545.19,708.2800000000001,WRO,TIA,KTW,https://skyscanner.net/g/referrals/v1/flights/multicity/?mediaPartnerId=6439681&origin0=wro&date0=2026-08-24&destination0=tia&origin1=tia&date1=2026-08-30&destination1=ktw&adultsv2=1&market=PL&locale=pl-PL&currency=PLN
Wrocław,Tirana,Albania,Katowice,2026-08-24,2026-08-29,5,163.09,545.19,708.2800000000001,WRO,TIA,KTW,https://skyscanner.net/g/referrals/v1/flights/multicity/?mediaPartnerId=6439681&origin0=wro&date0=2026-08-24&destination0=tia&origin1=tia&date1=2026-08-29&destination1=ktw&adultsv2=1&market=PL&locale=pl-PL&currency=PLN
Wrocław,Tirana,Albania,Kraków,2026-08-24,2026-08-30,6,163.09,545.19,708.2800000000001,WRO,TIA,KRK,https://skyscanner.net/g/referrals/v1/flights/multicity/?mediaPartnerId=6439681&origin0=wro&date0=2026-08-24&destination0=tia&origin1=tia&date1=2026-08-30&destination1=krk&adultsv2=1&market=PL&locale=pl-PL&currency=PLN
Wrocław,Tirana,Albania,Kraków,2026-08-24,2026-08-29,5,163.09,545.19,708.2800000000001,WRO,TIA,KRK,https://skyscanner.net/g/referrals/v1/flights/multicity/?mediaPartnerId=6439681&origin0=wro&date0=2026-08-24&destination0=tia&origin1=tia&date1=2026-08-29&destination1=krk&adultsv2=1&market=PL&locale=pl-PL&currency=PLN
Wrocław,Rzym,Włochy,Kraków,2026-08-28,2026-08-31,3,466.2,242.31,708.51,WRO,ROME,KRK,https://skyscanner.net/g/referrals/v1/flights/multicity/?mediaPartnerId=6439681&origin0=wro&date0=2026-08-28&destination0=rome&origin1=rome&date1=2026-08-31&destination1=krk&adultsv2=1&market=PL&locale=pl-PL&currency=PLN
Katowice,Dubrovnik,Chorwacja,Wrocław,2026-08-25,2026-08-31,6,238.0,470.52,708.52,KTW,DBV,WRO,https://skyscanner.net/g/referrals/v1/flights/multicity/?mediaPartnerId=6439681&origin0=ktw&date0=2026-08-25&destination0=dbv&origin1=dbv&date1=2026-08-31&destination1=wro&adultsv2=1&market=PL&locale=pl-PL&currency=PLN
Warszawa,Neapol,Włochy,Katowice,2026-08-26,2026-08-31,5,424.03,284.91,708.94,WARS,NAP,KTW,https://skyscanner.net/g/referrals/v1/flights/multicity/?mediaPartnerId=6439681&origin0=wars&date0=2026-08-26&destination0=nap&origin1=nap&date1=2026-08-31&destination1=ktw&adultsv2=1&market=PL&locale=pl-PL&currency=PLN
Warszawa,Mediolan,Włochy,Kraków,2026-08-26,2026-08-31,5,534.7,174.31,709.01,WARS,MILA,KRK,https://skyscanner.net/g/referrals/v1/flights/multicity/?mediaPartnerId=6439681&origin0=wars&date0=2026-08-26&destination0=mila&origin1=mila&date1=2026-08-31&destination1=krk&adultsv2=1&market=PL&locale=pl-PL&currency=PLN
Warszawa,Mediolan,Włochy,Kraków,2026-08-27,2026-08-31,4,534.7,174.31,709.01,WARS,MILA,KRK,https://skyscanner.net/g/referrals/v1/flights/multicity/?mediaPartnerId=6439681&origin0=wars&date0=2026-08-27&destination0=mila&origin1=mila&date1=2026-08-31&destination1=krk&adultsv2=1&market=PL&locale=pl-PL&currency=PLN
Warszawa,Zadar,Chorwacja,Poznań,2026-08-27,2026-08-29,2,234.31,474.83,709.14,WARS,ZAD,POZ,https://skyscanner.net/g/referrals/v1/flights/multicity/?mediaPartnerId=6439681&origin0=wars&date0=2026-08-27&destination0=zad&origin1=zad&date1=2026-08-29&destination1=poz&adultsv2=1&market=PL&locale=pl-PL&currency=PLN
Gdańsk,Palermo,Włochy,Warszawa,2026-08-25,2026-08-30,5,212.68,496.46,709.14,GDN,PMO,WARS,https://skyscanner.net/g/referrals/v1/flights/multicity/?mediaPartnerId=6439681&origin0=gdn&date0=2026-08-25&destination0=pmo&origin1=pmo&date1=2026-08-30&destination1=wars&adultsv2=1&market=PL&locale=pl-PL&currency=PLN
Poznań,Dubrovnik,Chorwacja,Kraków,2026-08-26,2026-08-28,2,157.31,552.55,709.8599999999999,POZ,DBV,KRK,https://skyscanner.net/g/referrals/v1/flights/multicity/?mediaPartnerId=6439681&origin0=poz&date0=2026-08-26&destination0=dbv&origin1=dbv&date1=2026-08-28&destination1=krk&adultsv2=1&market=PL&locale=pl-PL&currency=PLN
Warszawa,Mediolan,Włochy,Poznań,2026-08-26,2026-08-29,3,455.6,254.67,710.27,WARS,MILA,POZ,https://skyscanner.net/g/referrals/v1/flights/multicity/?mediaPartnerId=6439681&origin0=wars&date0=2026-08-26&destination0=mila&origin1=mila&date1=2026-08-29&destination1=poz&adultsv2=1&market=PL&locale=pl-PL&currency=PLN
Warszawa,Mediolan,Włochy,Wrocław,2026-08-28,2026-08-30,2,475.07,235.27,710.34,WARS,MILA,WRO,https://skyscanner.net/g/referrals/v1/flights/multicity/?mediaPartnerId=6439681&origin0=wars&date0=2026-08-28&destination0=mila&origin1=mila&date1=2026-08-30&destination1=wro&adultsv2=1&market=PL&locale=pl-PL&currency=PLN
Kraków,Rimini,Włochy,Wrocław,2026-08-28,2026-08-30,2,283.03,427.35,710.38,KRK,RMI,WRO,https://skyscanner.net/g/referrals/v1/flights/multicity/?mediaPartnerId=6439681&origin0=krk&date0=2026-08-28&destination0=rmi&origin1=rmi&date1=2026-08-30&destination1=wro&adultsv2=1&market=PL&locale=pl-PL&currency=PLN
Poznań,Rzym,Włochy,Kraków,2026-08-28,2026-08-30,2,404.22,306.36,710.58,POZ,ROME,KRK,https://skyscanner.net/g/referrals/v1/flights/multicity/?mediaPartnerId=6439681&origin0=poz&date0=2026-08-28&destination0=rome&origin1=rome&date1=2026-08-30&destination1=krk&adultsv2=1&market=PL&locale=pl-PL&currency=PLN
Warszawa,Bolonia,Włochy,Kraków,2026-08-25,2026-08-28,3,499.12,211.49,710.61,WARS,BLQ,KRK,https://skyscanner.net/g/referrals/v1/flights/multicity/?mediaPartnerId=6439681&origin0=wars&date0=2026-08-25&destination0=blq&origin1=blq&date1=2026-08-28&destination1=krk&adultsv2=1&market=PL&locale=pl-PL&currency=PLN
Wrocław,Dubrovnik,Chorwacja,Gdańsk,2026-08-22,2026-08-27,5,345.32,365.36,710.6800000000001,WRO,DBV,GDN,https://skyscanner.net/g/referrals/v1/flights/multicity/?mediaPartnerId=6439681&origin0=wro&date0=2026-08-22&destination0=dbv&origin1=dbv&date1=2026-08-27&destination1=gdn&adultsv2=1&market=PL&locale=pl-PL&currency=PLN
Kraków,Mediolan,Włochy,Warszawa,2026-08-28,2026-08-30,2,306.47,404.22,710.69,KRK,MILA,WARS,https://skyscanner.net/g/referrals/v1/flights/multicity/?mediaPartnerId=6439681&origin0=krk&date0=2026-08-28&destination0=mila&origin1=mila&date1=2026-08-30&destination1=wars&adultsv2=1&market=PL&locale=pl-PL&currency=PLN
Kraków,Rzym,Włochy,Kraków,2026-08-25,2026-08-29,4,429.2,281.55,710.75,KRK,ROME,KRK,https://www.skyscanner.net/g/referrals/v1/flights/day-view/?origin=krk&destination=rome&outboundDate=2026-08-25&inboundDate=2026-08-29&market=PL&locale=pl-PL&currency=PLN&mediaPartnerId=6439681
Warszawa,Mediolan,Włochy,Warszawa,2026-08-27,2026-08-30,3,365.93,345.35,711.28,WARS,MILA,WARS,https://www.skyscanner.net/g/referrals/v1/flights/day-view/?origin=wars&destination=mila&outboundDate=2026-08-27&inboundDate=2026-08-30&market=PL&locale=pl-PL&currency=PLN&mediaPartnerId=6439681
Poznań,Mediolan,Włochy,Katowice,2026-08-29,2026-08-31,2,254.67,456.83,711.5,POZ,MILA,KTW,https://skyscanner.net/g/referrals/v1/flights/multicity/?mediaPartnerId=6439681&origin0=poz&date0=2026-08-29&destination0=mila&origin1=mila&date1=2026-08-31&destination1=ktw&adultsv2=1&market=PL&locale=pl-PL&currency=PLN
Kraków,Mediolan,Włochy,Gdańsk,2026-08-25,2026-08-29,4,439.61,271.93,711.54,KRK,MILA,GDN,https://skyscanner.net/g/referrals/v1/flights/multicity/?mediaPartnerId=6439681&origin0=krk&date0=2026-08-25&destination0=mila&origin1=mila&date1=2026-08-29&destination1=gdn&adultsv2=1&market=PL&locale=pl-PL&currency=PLN
Kraków,Mediolan,Włochy,Warszawa,2026-08-27,2026-08-29,2,505.06,206.85,711.91,KRK,MILA,WARS,https://skyscanner.net/g/referrals/v1/flights/multicity/?mediaPartnerId=6439681&origin0=krk&date0=2026-08-27&destination0=mila&origin1=mila&date1=2026-08-29&destination1=wars&adultsv2=1&market=PL&locale=pl-PL&currency=PLN
Gdańsk,Hamburg,Niemcy,Gdańsk,2026-08-26,2026-08-30,4,470.37,241.73,712.1,GDN,HAM,GDN,https://www.skyscanner.net/g/referrals/v1/flights/day-view/?origin=gdn&destination=ham&outboundDate=2026-08-26&inboundDate=2026-08-30&market=PL&locale=pl-PL&currency=PLN&mediaPartnerId=6439681
Kraków,Dubrovnik,Chorwacja,Warszawa,2026-08-26,2026-08-29,3,172.64,539.63,712.27,KRK,DBV,WARS,https://skyscanner.net/g/referrals/v1/flights/multicity/?mediaPartnerId=6439681&origin0=krk&date0=2026-08-26&destination0=dbv&origin1=dbv&date1=2026-08-29&destination1=wars&adultsv2=1&market=PL&locale=pl-PL&currency=PLN
Wrocław,Zadar,Chorwacja,Gdańsk,2026-08-25,2026-08-28,3,104.0,608.67,712.67,WRO,ZAD,GDN,https://skyscanner.net/g/referrals/v1/flights/multicity/?mediaPartnerId=6439681&origin0=wro&date0=2026-08-25&destination0=zad&origin1=zad&date1=2026-08-28&destination1=gdn&adultsv2=1&market=PL&locale=pl-PL&currency=PLN
Poznań,Palermo,Włochy,Kraków,2026-08-28,2026-08-31,3,268.31,444.62,712.9300000000001,POZ,PMO,KRK,https://skyscanner.net/g/referrals/v1/flights/multicity/?mediaPartnerId=6439681&origin0=poz&date0=2026-08-28&destination0=pmo&origin1=pmo&date1=2026-08-31&destination1=krk&adultsv2=1&market=PL&locale=pl-PL&currency=PLN
Warszawa,Katania,Włochy,Warszawa,2026-08-27,2026-08-30,3,275.92,437.77,713.69,WARS,CTA,WARS,https://www.skyscanner.net/g/referrals/v1/flights/day-view/?origin=wars&destination=cta&outboundDate=2026-08-27&inboundDate=2026-08-30&market=PL&locale=pl-PL&currency=PLN&mediaPartnerId=6439681
Warszawa,Mediolan,Włochy,Kraków,2026-08-28,2026-08-31,3,475.07,238.75,713.8199999999999,WARS,MILA,KRK,https://skyscanner.net/g/referrals/v1/flights/multicity/?mediaPartnerId=6439681&origin0=wars&date0=2026-08-28&destination0=mila&origin1=mila&date1=2026-08-31&destination1=krk&adultsv2=1&market=PL&locale=pl-PL&currency=PLN
Wrocław,Podgorica,Czarnogóra,Kraków,2026-08-27,2026-08-31,4,276.25,438.15,714.4,WRO,TGD,KRK,https://skyscanner.net/g/referrals/v1/flights/multicity/?mediaPartnerId=6439681&origin0=wro&date0=2026-08-27&destination0=tgd&origin1=tgd&date1=2026-08-31&destination1=krk&adultsv2=1&market=PL&locale=pl-PL&currency=PLN
Warszawa,Mediolan,Włochy,Wrocław,2026-08-26,2026-08-28,2,455.6,258.98,714.58,WARS,MILA,WRO,https://skyscanner.net/g/referrals/v1/flights/multicity/?mediaPartnerId=6439681&origin0=wars&date0=2026-08-26&destination0=mila&origin1=mila&date1=2026-08-28&destination1=wro&adultsv2=1&market=PL&locale=pl-PL&currency=PLN
Warszawa,Mediolan,Włochy,Gdańsk,2026-08-26,2026-08-28,2,455.6,258.98,714.58,WARS,MILA,GDN,https://skyscanner.net/g/referrals/v1/flights/multicity/?mediaPartnerId=6439681&origin0=wars&date0=2026-08-26&destination0=mila&origin1=mila&date1=2026-08-28&destination1=gdn&adultsv2=1&market=PL&locale=pl-PL&currency=PLN
Warszawa,Mediolan,Włochy,Warszawa,2026-08-26,2026-08-29,3,455.6,259.0,714.6,WARS,MILA,WARS,https://www.skyscanner.net/g/referrals/v1/flights/day-view/?origin=wars&destination=mila&outboundDate=2026-08-26&inboundDate=2026-08-29&market=PL&locale=pl-PL&currency=PLN&mediaPartnerId=6439681
Warszawa,Mediolan,Włochy,Warszawa,2026-08-26,2026-08-31,5,455.6,259.0,714.6,WARS,MILA,WARS,https://www.skyscanner.net/g/referrals/v1/flights/day-view/?origin=wars&destination=mila&outboundDate=2026-08-26&inboundDate=2026-08-31&market=PL&locale=pl-PL&currency=PLN&mediaPartnerId=6439681
Warszawa,Mediolan,Włochy,Warszawa,2026-08-26,2026-08-29,3,455.6,259.0,714.6,WARS,MIL,WARS,https://www.skyscanner.net/g/referrals/v1/flights/day-view/?origin=wars&destination=mil&outboundDate=2026-08-26&inboundDate=2026-08-29&market=PL&locale=pl-PL&currency=PLN&mediaPartnerId=6439681
Kraków,Rimini,Włochy,Warszawa,2026-08-28,2026-08-31,3,283.03,431.7,714.73,KRK,RMI,WARS,https://skyscanner.net/g/referrals/v1/flights/multicity/?mediaPartnerId=6439681&origin0=krk&date0=2026-08-28&destination0=rmi&origin1=rmi&date1=2026-08-31&destination1=wars&adultsv2=1&market=PL&locale=pl-PL&currency=PLN
Kraków,Rimini,Włochy,Katowice,2026-08-28,2026-08-31,3,283.03,431.7,714.73,KRK,RMI,KTW,https://skyscanner.net/g/referrals/v1/flights/multicity/?mediaPartnerId=6439681&origin0=krk&date0=2026-08-28&destination0=rmi&origin1=rmi&date1=2026-08-31&destination1=ktw&adultsv2=1&market=PL&locale=pl-PL&currency=PLN
Warszawa,Mediolan,Włochy,Poznań,2026-08-25,2026-08-29,4,460.39,254.67,715.06,WARS,MILA,POZ,https://skyscanner.net/g/referrals/v1/flights/multicity/?mediaPartnerId=6439681&origin0=wars&date0=2026-08-25&destination0=mila&origin1=mila&date1=2026-08-29&destination1=poz&adultsv2=1&market=PL&locale=pl-PL&currency=PLN
Wrocław,Mediolan,Włochy,Warszawa,2026-08-26,2026-08-28,2,582.77,132.31,715.0799999999999,WRO,MILA,WARS,https://skyscanner.net/g/referrals/v1/flights/multicity/?mediaPartnerId=6439681&origin0=wro&date0=2026-08-26&destination0=mila&origin1=mila&date1=2026-08-28&destination1=wars&adultsv2=1&market=PL&locale=pl-PL&currency=PLN
Gdańsk,Tirana,Albania,Katowice,2026-08-25,2026-08-29,4,170.0,545.19,715.19,GDN,TIA,KTW,https://skyscanner.net/g/referrals/v1/flights/multicity/?mediaPartnerId=6439681&origin0=gdn&date0=2026-08-25&destination0=tia&origin1=tia&date1=2026-08-29&destination1=ktw&adultsv2=1&market=PL&locale=pl-PL&currency=PLN
Gdańsk,Tirana,Albania,Katowice,2026-08-25,2026-08-30,5,170.0,545.19,715.19,GDN,TIA,KTW,https://skyscanner.net/g/referrals/v1/flights/multicity/?mediaPartnerId=6439681&origin0=gdn&date0=2026-08-25&destination0=tia&origin1=tia&date1=2026-08-30&destination1=ktw&adultsv2=1&market=PL&locale=pl-PL&currency=PLN
Gdańsk,Tirana,Albania,Kraków,2026-08-25,2026-08-30,5,170.0,545.19,715.19,GDN,TIA,KRK,https://skyscanner.net/g/referrals/v1/flights/multicity/?mediaPartnerId=6439681&origin0=gdn&date0=2026-08-25&destination0=tia&origin1=tia&date1=2026-08-30&destination1=krk&adultsv2=1&market=PL&locale=pl-PL&currency=PLN
Gdańsk,Tirana,Albania,Kraków,2026-08-25,2026-08-29,4,170.0,545.19,715.19,GDN,TIA,KRK,https://skyscanner.net/g/referrals/v1/flights/multicity/?mediaPartnerId=6439681&origin0=gdn&date0=2026-08-25&destination0=tia&origin1=tia&date1=2026-08-29&destination1=krk&adultsv2=1&market=PL&locale=pl-PL&currency=PLN
Warszawa,Mediolan,Włochy,Wrocław,2026-08-29,2026-08-31,2,409.0,306.47,715.47,WARS,MILA,WRO,https://skyscanner.net/g/referrals/v1/flights/multicity/?mediaPartnerId=6439681&origin0=wars&date0=2026-08-29&destination0=mila&origin1=mila&date1=2026-08-31&destination1=wro&adultsv2=1&market=PL&locale=pl-PL&currency=PLN
Kraków,Mediolan,Włochy,Wrocław,2026-08-29,2026-08-31,2,409.0,306.47,715.47,KRK,MILA,WRO,https://skyscanner.net/g/referrals/v1/flights/multicity/?mediaPartnerId=6439681&origin0=krk&date0=2026-08-29&destination0=mila&origin1=mila&date1=2026-08-31&destination1=wro&adultsv2=1&market=PL&locale=pl-PL&currency=PLN
Kraków,Mediolan,Włochy,Wrocław,2026-08-29,2026-08-31,2,409.0,306.47,715.47,KRK,MILA,WRO,https://skyscanner.net/g/referrals/v1/flights/multicity/?mediaPartnerId=6439681&origin0=krk&date0=2026-08-29&destination0=mila&origin1=mila&date1=2026-08-31&destination1=wro&adultsv2=1&market=PL&locale=pl-PL&currency=PLN
Wrocław,Zadar,Chorwacja,Gdańsk,2026-08-26,2026-08-28,2,106.89,608.67,715.56,WRO,ZAD,GDN,https://skyscanner.net/g/referrals/v1/flights/multicity/?mediaPartnerId=6439681&origin0=wro&date0=2026-08-26&destination0=zad&origin1=zad&date1=2026-08-28&destination1=gdn&adultsv2=1&market=PL&locale=pl-PL&currency=PLN
Poznań,Mediolan,Włochy,Katowice,2026-08-28,2026-08-31,3,258.98,456.83,715.81,POZ,MILA,KTW,https://skyscanner.net/g/referrals/v1/flights/multicity/?mediaPartnerId=6439681&origin0=poz&date0=2026-08-28&destination0=mila&origin1=mila&date1=2026-08-31&destination1=ktw&adultsv2=1&market=PL&locale=pl-PL&currency=PLN
Kraków,Wenecja,Włochy,Kraków,2026-08-28,2026-08-30,2,427.15,289.27,716.42,KRK,TSF,KRK,https://www.skyscanner.net/g/referrals/v1/flights/day-view/?origin=krk&destination=tsf&outboundDate=2026-08-28&inboundDate=2026-08-30&market=PL&locale=pl-PL&currency=PLN&mediaPartnerId=6439681
Kraków,Piza,Włochy,Kraków,2026-08-26,2026-08-28,2,410.08,306.36,716.44,KRK,PSA,KRK,https://www.skyscanner.net/g/referrals/v1/flights/day-view/?origin=krk&destination=psa&outboundDate=2026-08-26&inboundDate=2026-08-28&market=PL&locale=pl-PL&currency=PLN&mediaPartnerId=6439681
Kraków,Korfu,Grecja,Kraków,2026-08-27,2026-08-30,3,224.45,492.1,716.55,KRK,CFU,KRK,https://www.skyscanner.net/g/referrals/v1/flights/day-view/?origin=krk&destination=cfu&outboundDate=2026-08-27&inboundDate=2026-08-30&market=PL&locale=pl-PL&currency=PLN&mediaPartnerId=6439681
Katowice,Alghero,Włochy,Katowice,2026-08-28,2026-08-31,3,152.5,564.05,716.55,KTW,AHO,KTW,https://www.skyscanner.net/g/referrals/v1/flights/day-view/?origin=ktw&destination=aho&outboundDate=2026-08-28&inboundDate=2026-08-31&market=PL&locale=pl-PL&currency=PLN&mediaPartnerId=6439681
Kraków,Wenecja,Włochy,Kraków,2026-08-27,2026-08-29,2,567.56,149.0,716.56,KRK,TSF,KRK,https://www.skyscanner.net/g/referrals/v1/flights/day-view/?origin=krk&destination=tsf&outboundDate=2026-08-27&inboundDate=2026-08-29&market=PL&locale=pl-PL&currency=PLN&mediaPartnerId=6439681
Kraków,Mediolan,Włochy,Poznań,2026-08-26,2026-08-29,3,461.89,254.67,716.56,KRK,MILA,POZ,https://skyscanner.net/g/referrals/v1/flights/multicity/?mediaPartnerId=6439681&origin0=krk&date0=2026-08-26&destination0=mila&origin1=mila&date1=2026-08-29&destination1=poz&adultsv2=1&market=PL&locale=pl-PL&currency=PLN
Gdańsk,Neapol,Włochy,Katowice,2026-08-28,2026-08-31,3,431.67,284.91,716.58,GDN,NAP,KTW,https://skyscanner.net/g/referrals/v1/flights/multicity/?mediaPartnerId=6439681&origin0=gdn&date0=2026-08-28&destination0=nap&origin1=nap&date1=2026-08-31&destination1=ktw&adultsv2=1&market=PL&locale=pl-PL&currency=PLN
Wrocław,Rzym,Włochy,Gdańsk,2026-08-25,2026-08-28,3,483.47,233.41,716.88,WRO,ROME,GDN,https://skyscanner.net/g/referrals/v1/flights/multicity/?mediaPartnerId=6439681&origin0=wro&date0=2026-08-25&destination0=rome&origin1=rome&date1=2026-08-28&destination1=gdn&adultsv2=1&market=PL&locale=pl-PL&currency=PLN
Wrocław,Rzym,Włochy,Kraków,2026-08-29,2026-08-31,2,474.84,242.31,717.15,WRO,ROME,KRK,https://skyscanner.net/g/referrals/v1/flights/multicity/?mediaPartnerId=6439681&origin0=wro&date0=2026-08-29&destination0=rome&origin1=rome&date1=2026-08-31&destination1=krk&adultsv2=1&market=PL&locale=pl-PL&currency=PLN
Warszawa,Mediolan,Włochy,Kraków,2026-08-26,2026-08-28,2,534.7,182.51,717.21,WARS,MILA,KRK,https://skyscanner.net/g/referrals/v1/flights/multicity/?mediaPartnerId=6439681&origin0=wars&date0=2026-08-26&destination0=mila&origin1=mila&date1=2026-08-28&destination1=krk&adultsv2=1&market=PL&locale=pl-PL&currency=PLN
Warszawa,Bolonia,Włochy,Kraków,2026-08-27,2026-08-31,4,428.33,289.2,717.53,WARS,BLQ,KRK,https://skyscanner.net/g/referrals/v1/flights/multicity/?mediaPartnerId=6439681&origin0=wars&date0=2026-08-27&destination0=blq&origin1=blq&date1=2026-08-31&destination1=krk&adultsv2=1&market=PL&locale=pl-PL&currency=PLN
Kraków,Tallinn,Estonia,Gdańsk,2026-08-29,2026-08-31,2,519.0,198.56,717.56,KRK,TLL,GDN,https://skyscanner.net/g/referrals/v1/flights/multicity/?mediaPartnerId=6439681&origin0=krk&date0=2026-08-29&destination0=tll&origin1=tll&date1=2026-08-31&destination1=gdn&adultsv2=1&market=PL&locale=pl-PL&currency=PLN
Gdańsk,Wenecja,Włochy,Kraków,2026-08-27,2026-08-30,3,428.33,289.27,717.5999999999999,GDN,TSF,KRK,https://skyscanner.net/g/referrals/v1/flights/multicity/?mediaPartnerId=6439681&origin0=gdn&date0=2026-08-27&destination0=tsf&origin1=tsf&date1=2026-08-30&destination1=krk&adultsv2=1&market=PL&locale=pl-PL&currency=PLN
Kraków,Mediolan,Włochy,Warszawa,2026-08-27,2026-08-29,2,505.06,213.21,718.27,KRK,MILA,WARS,https://skyscanner.net/g/referrals/v1/flights/multicity/?mediaPartnerId=6439681&origin0=krk&date0=2026-08-27&destination0=mila&origin1=mila&date1=2026-08-29&destination1=wars&adultsv2=1&market=PL&locale=pl-PL&currency=PLN
Poznań,Mediolan,Włochy,Wrocław,2026-08-26,2026-08-30,4,483.47,235.27,718.74,POZ,MILA,WRO,https://skyscanner.net/g/referrals/v1/flights/multicity/?mediaPartnerId=6439681&origin0=poz&date0=2026-08-26&destination0=mila&origin1=mila&date1=2026-08-30&destination1=wro&adultsv2=1&market=PL&locale=pl-PL&currency=PLN
Kraków,Wenecja,Włochy,Katowice,2026-08-27,2026-08-29,2,567.56,151.52,719.0799999999999,KRK,TSF,KTW,https://skyscanner.net/g/referrals/v1/flights/multicity/?mediaPartnerId=6439681&origin0=krk&date0=2026-08-27&destination0=tsf&origin1=tsf&date1=2026-08-29&destination1=ktw&adultsv2=1&market=PL&locale=pl-PL&currency=PLN
Warszawa,Mediolan,Włochy,Gdańsk,2026-08-28,2026-08-31,3,475.07,244.25,719.3199999999999,WARS,MILA,GDN,https://skyscanner.net/g/referrals/v1/flights/multicity/?mediaPartnerId=6439681&origin0=wars&date0=2026-08-28&destination0=mila&origin1=mila&date1=2026-08-31&destination1=gdn&adultsv2=1&market=PL&locale=pl-PL&currency=PLN
Warszawa,Mediolan,Włochy,Gdańsk,2026-08-25,2026-08-28,3,460.39,258.98,719.37,WARS,MILA,GDN,https://skyscanner.net/g/referrals/v1/flights/multicity/?mediaPartnerId=6439681&origin0=wars&date0=2026-08-25&destination0=mila&origin1=mila&date1=2026-08-28&destination1=gdn&adultsv2=1&market=PL&locale=pl-PL&currency=PLN
Warszawa,Mediolan,Włochy,Wrocław,2026-08-25,2026-08-28,3,460.39,258.98,719.37,WARS,MILA,WRO,https://skyscanner.net/g/referrals/v1/flights/multicity/?mediaPartnerId=6439681&origin0=wars&date0=2026-08-25&destination0=mila&origin1=mila&date1=2026-08-28&destination1=wro&adultsv2=1&market=PL&locale=pl-PL&currency=PLN
Warszawa,Mediolan,Włochy,Warszawa,2026-08-25,2026-08-29,4,460.39,259.0,719.39,WARS,MIL,WARS,https://www.skyscanner.net/g/referrals/v1/flights/day-view/?origin=wars&destination=mil&outboundDate=2026-08-25&inboundDate=2026-08-29&market=PL&locale=pl-PL&currency=PLN&mediaPartnerId=6439681
Warszawa,Mediolan,Włochy,Warszawa,2026-08-25,2026-08-29,4,460.39,259.0,719.39,WARS,MILA,WARS,https://www.skyscanner.net/g/referrals/v1/flights/day-view/?origin=wars&destination=mila&outboundDate=2026-08-25&inboundDate=2026-08-29&market=PL&locale=pl-PL&currency=PLN&mediaPartnerId=6439681
Warszawa,Mediolan,Włochy,Warszawa,2026-08-25,2026-08-31,6,460.39,259.0,719.39,WARS,MILA,WARS,https://www.skyscanner.net/g/referrals/v1/flights/day-view/?origin=wars&destination=mila&outboundDate=2026-08-25&inboundDate=2026-08-31&market=PL&locale=pl-PL&currency=PLN&mediaPartnerId=6439681
Warszawa,Bari,Włochy,Kraków,2026-08-25,2026-08-27,2,405.76,313.87,719.63,WARS,BRI,KRK,https://skyscanner.net/g/referrals/v1/flights/multicity/?mediaPartnerId=6439681&origin0=wars&date0=2026-08-25&destination0=bri&origin1=bri&date1=2026-08-27&destination1=krk&adultsv2=1&market=PL&locale=pl-PL&currency=PLN
Wrocław,Rzym,Włochy,Warszawa,2026-08-26,2026-08-31,5,444.62,275.03,719.65,WRO,ROME,WARS,https://skyscanner.net/g/referrals/v1/flights/multicity/?mediaPartnerId=6439681&origin0=wro&date0=2026-08-26&destination0=rome&origin1=rome&date1=2026-08-31&destination1=wars&adultsv2=1&market=PL&locale=pl-PL&currency=PLN
Warszawa,Mediolan,Włochy,Katowice,2026-08-26,2026-08-28,2,455.6,264.36,719.96,WARS,MILA,KTW,https://skyscanner.net/g/referrals/v1/flights/multicity/?mediaPartnerId=6439681&origin0=wars&date0=2026-08-26&destination0=mila&origin1=mila&date1=2026-08-28&destination1=ktw&adultsv2=1&market=PL&locale=pl-PL&currency=PLN
Kraków,Gdańsk,Polska,Wrocław,2026-08-25,2026-08-27,2,470.62,249.59,720.21,KRK,GDN,WRO,https://skyscanner.net/g/referrals/v1/flights/multicity/?mediaPartnerId=6439681&origin0=krk&date0=2026-08-25&destination0=gdn&origin1=gdn&date1=2026-08-27&destination1=wro&adultsv2=1&market=PL&locale=pl-PL&currency=PLN
Kraków,Tirana,Albania,Kraków,2026-08-29,2026-08-31,2,109.0,611.24,720.24,KRK,TIA,KRK,https://www.skyscanner.net/g/referrals/v1/flights/day-view/?origin=krk&destination=tia&outboundDate=2026-08-29&inboundDate=2026-08-31&market=PL&locale=pl-PL&currency=PLN&mediaPartnerId=6439681
Katowice,Tirana,Albania,Kraków,2026-08-29,2026-08-31,2,109.0,611.24,720.24,KTW,TIA,KRK,https://skyscanner.net/g/referrals/v1/flights/multicity/?mediaPartnerId=6439681&origin0=ktw&date0=2026-08-29&destination0=tia&origin1=tia&date1=2026-08-31&destination1=krk&adultsv2=1&market=PL&locale=pl-PL&currency=PLN
Warszawa,Mediolan,Włochy,Warszawa,2026-08-28,2026-08-30,2,475.07,245.26,720.3299999999999,WARS,MILA,WARS,https://www.skyscanner.net/g/referrals/v1/flights/day-view/?origin=wars&destination=mila&outboundDate=2026-08-28&inboundDate=2026-08-30&market=PL&locale=pl-PL&currency=PLN&mediaPartnerId=6439681
Gdańsk,Dubrovnik,Chorwacja,Gdańsk,2026-08-23,2026-08-30,7,289.01,431.7,720.71,GDN,DBV,GDN,https://www.skyscanner.net/g/referrals/v1/flights/day-view/?origin=gdn&destination=dbv&outboundDate=2026-08-23&inboundDate=2026-08-30&market=PL&locale=pl-PL&currency=PLN&mediaPartnerId=6439681
Poznań,Girona,Hiszpania,Wrocław,2026-08-25,2026-08-29,4,220.13,500.74,720.87,POZ,GRO,WRO,https://skyscanner.net/g/referrals/v1/flights/multicity/?mediaPartnerId=6439681&origin0=poz&date0=2026-08-25&destination0=gro&origin1=gro&date1=2026-08-29&destination1=wro&adultsv2=1&market=PL&locale=pl-PL&currency=PLN
Kraków,Mediolan,Włochy,Wrocław,2026-08-26,2026-08-28,2,461.89,258.98,720.87,KRK,MILA,WRO,https://skyscanner.net/g/referrals/v1/flights/multicity/?mediaPartnerId=6439681&origin0=krk&date0=2026-08-26&destination0=mila&origin1=mila&date1=2026-08-28&destination1=wro&adultsv2=1&market=PL&locale=pl-PL&currency=PLN
Kraków,Mediolan,Włochy,Gdańsk,2026-08-26,2026-08-28,2,461.89,258.98,720.87,KRK,MILA,GDN,https://skyscanner.net/g/referrals/v1/flights/multicity/?mediaPartnerId=6439681&origin0=krk&date0=2026-08-26&destination0=mila&origin1=mila&date1=2026-08-28&destination1=gdn&adultsv2=1&market=PL&locale=pl-PL&currency=PLN
Kraków,Mediolan,Włochy,Warszawa,2026-08-26,2026-08-31,5,461.89,259.0,720.89,KRK,MILA,WARS,https://skyscanner.net/g/referrals/v1/flights/multicity/?mediaPartnerId=6439681&origin0=krk&date0=2026-08-26&destination0=mila&origin1=mila&date1=2026-08-31&destination1=wars&adultsv2=1&market=PL&locale=pl-PL&currency=PLN
Kraków,Mediolan,Włochy,Warszawa,2026-08-26,2026-08-29,3,461.89,259.0,720.89,KRK,MIL,WARS,https://skyscanner.net/g/referrals/v1/flights/multicity/?mediaPartnerId=6439681&origin0=krk&date0=2026-08-26&destination0=mil&origin1=mil&date1=2026-08-29&destination1=wars&adultsv2=1&market=PL&locale=pl-PL&currency=PLN
Kraków,Mediolan,Włochy,Warszawa,2026-08-26,2026-08-29,3,461.89,259.0,720.89,KRK,MILA,WARS,https://skyscanner.net/g/referrals/v1/flights/multicity/?mediaPartnerId=6439681&origin0=krk&date0=2026-08-26&destination0=mila&origin1=mila&date1=2026-08-29&destination1=wars&adultsv2=1&market=PL&locale=pl-PL&currency=PLN
Warszawa,Palermo,Włochy,Warszawa,2026-08-27,2026-08-30,3,225.04,496.46,721.5,WARS,PMO,WARS,https://www.skyscanner.net/g/referrals/v1/flights/day-view/?origin=wars&destination=pmo&outboundDate=2026-08-27&inboundDate=2026-08-30&market=PL&locale=pl-PL&currency=PLN&mediaPartnerId=6439681
Kraków,Mediolan,Włochy,Katowice,2026-08-22,2026-08-26,4,643.2,78.4,721.6,KRK,MILA,KTW,https://skyscanner.net/g/referrals/v1/flights/multicity/?mediaPartnerId=6439681&origin0=krk&date0=2026-08-22&destination0=mila&origin1=mila&date1=2026-08-26&destination1=ktw&adultsv2=1&market=PL&locale=pl-PL&currency=PLN
Kraków,Mediolan,Włochy,Katowice,2026-08-22,2026-08-25,3,643.2,78.4,721.6,KRK,MILA,KTW,https://skyscanner.net/g/referrals/v1/flights/multicity/?mediaPartnerId=6439681&origin0=krk&date0=2026-08-22&destination0=mila&origin1=mila&date1=2026-08-25&destination1=ktw&adultsv2=1&market=PL&locale=pl-PL&currency=PLN
Poznań,Mediolan,Włochy,Kraków,2026-08-26,2026-08-31,5,483.47,238.75,722.22,POZ,MILA,KRK,https://skyscanner.net/g/referrals/v1/flights/multicity/?mediaPartnerId=6439681&origin0=poz&date0=2026-08-26&destination0=mila&origin1=mila&date1=2026-08-31&destination1=krk&adultsv2=1&market=PL&locale=pl-PL&currency=PLN
Warszawa,Rzym,Włochy,Gdańsk,2026-08-24,2026-08-28,4,489.0,233.41,722.41,WARS,ROME,GDN,https://skyscanner.net/g/referrals/v1/flights/multicity/?mediaPartnerId=6439681&origin0=wars&date0=2026-08-24&destination0=rome&origin1=rome&date1=2026-08-28&destination1=gdn&adultsv2=1&market=PL&locale=pl-PL&currency=PLN
Wrocław,Glasgow,Szkocja,Kraków,2026-08-26,2026-08-31,5,595.72,127.38,723.1,WRO,GLA,KRK,https://skyscanner.net/g/referrals/v1/flights/multicity/?mediaPartnerId=6439681&origin0=wro&date0=2026-08-26&destination0=gla&origin1=gla&date1=2026-08-31&destination1=krk&adultsv2=1&market=PL&locale=pl-PL&currency=PLN
Warszawa,Mediolan,Włochy,Kraków,2026-08-27,2026-08-30,3,365.93,358.28,724.21,WARS,MILA,KRK,https://skyscanner.net/g/referrals/v1/flights/multicity/?mediaPartnerId=6439681&origin0=wars&date0=2026-08-27&destination0=mila&origin1=mila&date1=2026-08-30&destination1=krk&adultsv2=1&market=PL&locale=pl-PL&currency=PLN
Kraków,Mediolan,Włochy,Wrocław,2026-08-25,2026-08-27,2,439.61,284.89,724.5,KRK,MILA,WRO,https://skyscanner.net/g/referrals/v1/flights/multicity/?mediaPartnerId=6439681&origin0=krk&date0=2026-08-25&destination0=mila&origin1=mila&date1=2026-08-27&destination1=wro&adultsv2=1&market=PL&locale=pl-PL&currency=PLN
Kraków,Mediolan,Włochy,Kraków,2026-08-25,2026-08-30,5,439.61,284.91,724.52,KRK,MIL,KRK,https://www.skyscanner.net/g/referrals/v1/flights/day-view/?origin=krk&destination=mil&outboundDate=2026-08-25&inboundDate=2026-08-30&market=PL&locale=pl-PL&currency=PLN&mediaPartnerId=6439681
Kraków,Mediolan,Włochy,Kraków,2026-08-25,2026-08-30,5,439.61,284.91,724.52,KRK,MILA,KRK,https://www.skyscanner.net/g/referrals/v1/flights/day-view/?origin=krk&destination=mila&outboundDate=2026-08-25&inboundDate=2026-08-30&market=PL&locale=pl-PL&currency=PLN&mediaPartnerId=6439681
Kraków,Mediolan,Włochy,Kraków,2026-08-25,2026-08-31,6,439.61,284.91,724.52,KRK,MIL,KRK,https://www.skyscanner.net/g/referrals/v1/flights/day-view/?origin=krk&destination=mil&outboundDate=2026-08-25&inboundDate=2026-08-31&market=PL&locale=pl-PL&currency=PLN&mediaPartnerId=6439681
Kraków,Mediolan,Włochy,Warszawa,2026-08-25,2026-08-29,4,439.61,284.91,724.52,KRK,MILA,WARS,https://skyscanner.net/g/referrals/v1/flights/multicity/?mediaPartnerId=6439681&origin0=krk&date0=2026-08-25&destination0=mila&origin1=mila&date1=2026-08-29&destination1=wars&adultsv2=1&market=PL&locale=pl-PL&currency=PLN
Gdańsk,Tirana,Albania,Kraków,2026-08-29,2026-08-31,2,113.39,611.24,724.63,GDN,TIA,KRK,https://skyscanner.net/g/referrals/v1/flights/multicity/?mediaPartnerId=6439681&origin0=gdn&date0=2026-08-29&destination0=tia&origin1=tia&date1=2026-08-31&destination1=krk&adultsv2=1&market=PL&locale=pl-PL&currency=PLN
Wrocław,Mediolan,Włochy,Warszawa,2026-08-27,2026-08-30,3,379.32,345.35,724.6700000000001,WRO,MILA,WARS,https://skyscanner.net/g/referrals/v1/flights/multicity/?mediaPartnerId=6439681&origin0=wro&date0=2026-08-27&destination0=mila&origin1=mila&date1=2026-08-30&destination1=wars&adultsv2=1&market=PL&locale=pl-PL&currency=PLN
Warszawa,Mediolan,Włochy,Katowice,2026-08-25,2026-08-28,3,460.39,264.36,724.75,WARS,MILA,KTW,https://skyscanner.net/g/referrals/v1/flights/multicity/?mediaPartnerId=6439681&origin0=wars&date0=2026-08-25&destination0=mila&origin1=mila&date1=2026-08-28&destination1=ktw&adultsv2=1&market=PL&locale=pl-PL&currency=PLN
Katowice,Dubrovnik,Chorwacja,Wrocław,2026-08-25,2026-08-28,3,238.0,487.01,725.01,KTW,DBV,WRO,https://skyscanner.net/g/referrals/v1/flights/multicity/?mediaPartnerId=6439681&origin0=ktw&date0=2026-08-25&destination0=dbv&origin1=dbv&date1=2026-08-28&destination1=wro&adultsv2=1&market=PL&locale=pl-PL&currency=PLN
Kraków,Mediolan,Włochy,Katowice,2026-08-22,2026-08-27,5,643.2,81.86,725.0600000000001,KRK,MILA,KTW,https://skyscanner.net/g/referrals/v1/flights/multicity/?mediaPartnerId=6439681&origin0=krk&date0=2026-08-22&destination0=mila&origin1=mila&date1=2026-08-27&destination1=ktw&adultsv2=1&market=PL&locale=pl-PL&currency=PLN
Kraków,Bari,Włochy,Kraków,2026-08-28,2026-08-30,2,332.37,392.81,725.1800000000001,KRK,BRI,KRK,https://www.skyscanner.net/g/referrals/v1/flights/day-view/?origin=krk&destination=bri&outboundDate=2026-08-28&inboundDate=2026-08-30&market=PL&locale=pl-PL&currency=PLN&mediaPartnerId=6439681
Kraków,Bari,Włochy,Kraków,2026-08-27,2026-08-30,3,332.37,392.81,725.1800000000001,KRK,BRI,KRK,https://www.skyscanner.net/g/referrals/v1/flights/day-view/?origin=krk&destination=bri&outboundDate=2026-08-27&inboundDate=2026-08-30&market=PL&locale=pl-PL&currency=PLN&mediaPartnerId=6439681
Kraków,Dubrovnik,Chorwacja,Kraków,2026-08-26,2026-08-28,2,172.64,552.55,725.1899999999999,KRK,DBV,KRK,https://www.skyscanner.net/g/referrals/v1/flights/day-view/?origin=krk&destination=dbv&outboundDate=2026-08-26&inboundDate=2026-08-28&market=PL&locale=pl-PL&currency=PLN&mediaPartnerId=6439681
Poznań,Mediolan,Włochy,Kraków,2026-08-26,2026-08-29,3,483.47,241.73,725.2,POZ,MILA,KRK,https://skyscanner.net/g/referrals/v1/flights/multicity/?mediaPartnerId=6439681&origin0=poz&date0=2026-08-26&destination0=mila&origin1=mila&date1=2026-08-29&destination1=krk&adultsv2=1&market=PL&locale=pl-PL&currency=PLN
Poznań,Mediolan,Włochy,Kraków,2026-08-26,2026-08-29,3,483.47,241.73,725.2,POZ,MIL,KRK,https://skyscanner.net/g/referrals/v1/flights/multicity/?mediaPartnerId=6439681&origin0=poz&date0=2026-08-26&destination0=mil&origin1=mil&date1=2026-08-29&destination1=krk&adultsv2=1&market=PL&locale=pl-PL&currency=PLN
Kraków,Gdańsk,Polska,Kraków,2026-08-25,2026-08-31,6,470.62,254.66,725.28,KRK,GDN,KRK,https://www.skyscanner.net/g/referrals/v1/flights/day-view/?origin=krk&destination=gdn&outboundDate=2026-08-25&inboundDate=2026-08-31&market=PL&locale=pl-PL&currency=PLN&mediaPartnerId=6439681
Kraków,Mediolan,Włochy,Katowice,2026-08-25,2026-08-29,4,439.61,285.75,725.36,KRK,MILA,KTW,https://skyscanner.net/g/referrals/v1/flights/multicity/?mediaPartnerId=6439681&origin0=krk&date0=2026-08-25&destination0=mila&origin1=mila&date1=2026-08-29&destination1=ktw&adultsv2=1&market=PL&locale=pl-PL&currency=PLN
Wrocław,Rzym,Włochy,Kraków,2026-08-25,2026-08-31,6,483.47,242.31,725.78,WRO,ROME,KRK,https://skyscanner.net/g/referrals/v1/flights/multicity/?mediaPartnerId=6439681&origin0=wro&date0=2026-08-25&destination0=rome&origin1=rome&date1=2026-08-31&destination1=krk&adultsv2=1&market=PL&locale=pl-PL&currency=PLN
Gdańsk,Podgorica,Czarnogóra,Katowice,2026-08-28,2026-08-30,2,143.05,582.81,725.8599999999999,GDN,TGD,KTW,https://skyscanner.net/g/referrals/v1/flights/multicity/?mediaPartnerId=6439681&origin0=gdn&date0=2026-08-28&destination0=tgd&origin1=tgd&date1=2026-08-30&destination1=ktw&adultsv2=1&market=PL&locale=pl-PL&currency=PLN
Kraków,Lamezia,Włochy,Kraków,2026-08-26,2026-08-31,5,479.47,246.4,725.87,KRK,SUF,KRK,https://www.skyscanner.net/g/referrals/v1/flights/day-view/?origin=krk&destination=suf&outboundDate=2026-08-26&inboundDate=2026-08-31&market=PL&locale=pl-PL&currency=PLN&mediaPartnerId=6439681
Wrocław,Rzym,Włochy,Kraków,2026-08-26,2026-08-29,3,444.62,281.55,726.1700000000001,WRO,ROME,KRK,https://skyscanner.net/g/referrals/v1/flights/multicity/?mediaPartnerId=6439681&origin0=wro&date0=2026-08-26&destination0=rome&origin1=rome&date1=2026-08-29&destination1=krk&adultsv2=1&market=PL&locale=pl-PL&currency=PLN
Kraków,Mediolan,Włochy,Katowice,2026-08-26,2026-08-28,2,461.89,264.36,726.25,KRK,MILA,KTW,https://skyscanner.net/g/referrals/v1/flights/multicity/?mediaPartnerId=6439681&origin0=krk&date0=2026-08-26&destination0=mila&origin1=mila&date1=2026-08-28&destination1=ktw&adultsv2=1&market=PL&locale=pl-PL&currency=PLN
Gdańsk,Majorka,Hiszpania,Gdańsk,2026-08-27,2026-08-31,4,230.81,496.46,727.27,GDN,PMI,GDN,https://www.skyscanner.net/g/referrals/v1/flights/day-view/?origin=gdn&destination=pmi&outboundDate=2026-08-27&inboundDate=2026-08-31&market=PL&locale=pl-PL&currency=PLN&mediaPartnerId=6439681
Gdańsk,Tirana,Albania,Kraków,2026-08-27,2026-08-31,4,116.19,611.24,727.4300000000001,GDN,TIA,KRK,https://skyscanner.net/g/referrals/v1/flights/multicity/?mediaPartnerId=6439681&origin0=gdn&date0=2026-08-27&destination0=tia&origin1=tia&date1=2026-08-31&destination1=krk&adultsv2=1&market=PL&locale=pl-PL&currency=PLN
Warszawa,Mediolan,Włochy,Gdańsk,2026-08-26,2026-08-29,3,455.6,271.93,727.53,WARS,MILA,GDN,https://skyscanner.net/g/referrals/v1/flights/multicity/?mediaPartnerId=6439681&origin0=wars&date0=2026-08-26&destination0=mila&origin1=mila&date1=2026-08-29&destination1=gdn&adultsv2=1&market=PL&locale=pl-PL&currency=PLN
Poznań,Mediolan,Włochy,Gdańsk,2026-08-26,2026-08-31,5,483.47,244.25,727.72,POZ,MILA,GDN,https://skyscanner.net/g/referrals/v1/flights/multicity/?mediaPartnerId=6439681&origin0=poz&date0=2026-08-26&destination0=mila&origin1=mila&date1=2026-08-31&destination1=gdn&adultsv2=1&market=PL&locale=pl-PL&currency=PLN
Poznań,Mediolan,Włochy,Wrocław,2026-08-26,2026-08-29,3,483.47,244.25,727.72,POZ,MILA,WRO,https://skyscanner.net/g/referrals/v1/flights/multicity/?mediaPartnerId=6439681&origin0=poz&date0=2026-08-26&destination0=mila&origin1=mila&date1=2026-08-29&destination1=wro&adultsv2=1&market=PL&locale=pl-PL&currency=PLN
Kraków,Podgorica,Czarnogóra,Katowice,2026-08-27,2026-08-30,3,145.0,582.81,727.81,KRK,TGD,KTW,https://skyscanner.net/g/referrals/v1/flights/multicity/?mediaPartnerId=6439681&origin0=krk&date0=2026-08-27&destination0=tgd&origin1=tgd&date1=2026-08-30&destination1=ktw&adultsv2=1&market=PL&locale=pl-PL&currency=PLN
Kraków,Gdańsk,Polska,Lublin,2026-08-25,2026-08-28,3,470.62,257.29,727.9100000000001,KRK,GDN,LUZ,https://skyscanner.net/g/referrals/v1/flights/multicity/?mediaPartnerId=6439681&origin0=krk&date0=2026-08-25&destination0=gdn&origin1=gdn&date1=2026-08-28&destination1=luz&adultsv2=1&market=PL&locale=pl-PL&currency=PLN
Poznań,Bari,Włochy,Wrocław,2026-08-26,2026-08-30,4,296.34,431.7,728.04,POZ,BRI,WRO,https://skyscanner.net/g/referrals/v1/flights/multicity/?mediaPartnerId=6439681&origin0=poz&date0=2026-08-26&destination0=bri&origin1=bri&date1=2026-08-30&destination1=wro&adultsv2=1&market=PL&locale=pl-PL&currency=PLN
Kraków,Wenecja,Włochy,Poznań,2026-08-29,2026-08-31,2,361.0,367.31,728.31,KRK,TSF,POZ,https://skyscanner.net/g/referrals/v1/flights/multicity/?mediaPartnerId=6439681&origin0=krk&date0=2026-08-29&destination0=tsf&origin1=tsf&date1=2026-08-31&destination1=poz&adultsv2=1&market=PL&locale=pl-PL&currency=PLN
Kraków,Mediolan,Włochy,Warszawa,2026-08-29,2026-08-31,2,409.0,319.48,728.48,KRK,MILA,WARS,https://skyscanner.net/g/referrals/v1/flights/multicity/?mediaPartnerId=6439681&origin0=krk&date0=2026-08-29&destination0=mila&origin1=mila&date1=2026-08-31&destination1=wars&adultsv2=1&market=PL&locale=pl-PL&currency=PLN
Warszawa,Mediolan,Włochy,Warszawa,2026-08-29,2026-08-31,2,409.0,319.48,728.48,WARS,MILA,WARS,https://www.skyscanner.net/g/referrals/v1/flights/day-view/?origin=wars&destination=mila&outboundDate=2026-08-29&inboundDate=2026-08-31&market=PL&locale=pl-PL&currency=PLN&mediaPartnerId=6439681
Kraków,Mediolan,Włochy,Warszawa,2026-08-29,2026-08-31,2,409.0,319.48,728.48,KRK,MILA,WARS,https://skyscanner.net/g/referrals/v1/flights/multicity/?mediaPartnerId=6439681&origin0=krk&date0=2026-08-29&destination0=mila&origin1=mila&date1=2026-08-31&destination1=wars&adultsv2=1&market=PL&locale=pl-PL&currency=PLN
Kraków,Mediolan,Włochy,Warszawa,2026-08-22,2026-08-26,4,643.2,85.33,728.5300000000001,KRK,MILA,WARS,https://skyscanner.net/g/referrals/v1/flights/multicity/?mediaPartnerId=6439681&origin0=krk&date0=2026-08-22&destination0=mila&origin1=mila&date1=2026-08-26&destination1=wars&adultsv2=1&market=PL&locale=pl-PL&currency=PLN
Warszawa,Palermo,Włochy,Warszawa,2026-08-25,2026-08-27,2,210.37,518.29,728.66,WARS,PMO,WARS,https://www.skyscanner.net/g/referrals/v1/flights/day-view/?origin=wars&destination=pmo&outboundDate=2026-08-25&inboundDate=2026-08-27&market=PL&locale=pl-PL&currency=PLN&mediaPartnerId=6439681
Poznań,Mediolan,Włochy,Warszawa,2026-08-26,2026-08-30,4,483.47,245.26,728.73,POZ,MILA,WARS,https://skyscanner.net/g/referrals/v1/flights/multicity/?mediaPartnerId=6439681&origin0=poz&date0=2026-08-26&destination0=mila&origin1=mila&date1=2026-08-30&destination1=wars&adultsv2=1&market=PL&locale=pl-PL&currency=PLN
Kraków,Katania,Włochy,Warszawa,2026-08-26,2026-08-31,5,384.57,344.59,729.16,KRK,CTA,WARS,https://skyscanner.net/g/referrals/v1/flights/multicity/?mediaPartnerId=6439681&origin0=krk&date0=2026-08-26&destination0=cta&origin1=cta&date1=2026-08-31&destination1=wars&adultsv2=1&market=PL&locale=pl-PL&currency=PLN
Katowice,Ateny,Grecja,Warszawa,2026-08-24,2026-08-27,3,246.03,483.47,729.5,KTW,ATH,WARS,https://skyscanner.net/g/referrals/v1/flights/multicity/?mediaPartnerId=6439681&origin0=ktw&date0=2026-08-24&destination0=ath&origin1=ath&date1=2026-08-27&destination1=wars&adultsv2=1&market=PL&locale=pl-PL&currency=PLN
Kraków,Zadar,Chorwacja,Poznań,2026-08-26,2026-08-29,3,254.67,474.83,729.5,KRK,ZAD,POZ,https://skyscanner.net/g/referrals/v1/flights/multicity/?mediaPartnerId=6439681&origin0=krk&date0=2026-08-26&destination0=zad&origin1=zad&date1=2026-08-29&destination1=poz&adultsv2=1&market=PL&locale=pl-PL&currency=PLN
Poznań,Mediolan,Włochy,Poznań,2026-08-29,2026-08-31,2,254.67,474.84,729.51,POZ,MILA,POZ,https://www.skyscanner.net/g/referrals/v1/flights/day-view/?origin=poz&destination=mila&outboundDate=2026-08-29&inboundDate=2026-08-31&market=PL&locale=pl-PL&currency=PLN&mediaPartnerId=6439681
Warszawa,Wenecja,Włochy,Warszawa,2026-08-26,2026-08-28,2,462.37,267.27,729.64,WARS,TSF,WARS,https://www.skyscanner.net/g/referrals/v1/flights/day-view/?origin=wars&destination=tsf&outboundDate=2026-08-26&inboundDate=2026-08-28&market=PL&locale=pl-PL&currency=PLN&mediaPartnerId=6439681
Kraków,Katania,Włochy,Katowice,2026-08-26,2026-08-30,4,384.57,345.32,729.89,KRK,CTA,KTW,https://skyscanner.net/g/referrals/v1/flights/multicity/?mediaPartnerId=6439681&origin0=krk&date0=2026-08-26&destination0=cta&origin1=cta&date1=2026-08-30&destination1=ktw&adultsv2=1&market=PL&locale=pl-PL&currency=PLN
Warszawa,Rzym,Włochy,Warszawa,2026-08-29,2026-08-31,2,341.46,388.52,729.98,WARS,ROM,WARS,https://www.skyscanner.net/g/referrals/v1/flights/day-view/?origin=wars&destination=rom&outboundDate=2026-08-29&inboundDate=2026-08-31&market=PL&locale=pl-PL&currency=PLN&mediaPartnerId=6439681
Kraków,Rzym,Włochy,Katowice,2026-08-28,2026-08-30,2,341.46,388.52,729.98,KRK,ROME,KTW,https://skyscanner.net/g/referrals/v1/flights/multicity/?mediaPartnerId=6439681&origin0=krk&date0=2026-08-28&destination0=rome&origin1=rome&date1=2026-08-30&destination1=ktw&adultsv2=1&market=PL&locale=pl-PL&currency=PLN
Kraków,Rzym,Włochy,Kraków,2026-08-28,2026-08-30,2,341.46,388.52,729.98,KRK,ROM,KRK,https://www.skyscanner.net/g/referrals/v1/flights/day-view/?origin=krk&destination=rom&outboundDate=2026-08-28&inboundDate=2026-08-30&market=PL&locale=pl-PL&currency=PLN&mediaPartnerId=6439681
Warszawa,Rzym,Włochy,Warszawa,2026-08-29,2026-08-31,2,341.46,388.52,729.98,WARS,ROME,WARS,https://www.skyscanner.net/g/referrals/v1/flights/day-view/?origin=wars&destination=rome&outboundDate=2026-08-29&inboundDate=2026-08-31&market=PL&locale=pl-PL&currency=PLN&mediaPartnerId=6439681
Kraków,Rzym,Włochy,Kraków,2026-08-28,2026-08-30,2,341.46,388.52,729.98,KRK,ROME,KRK,https://www.skyscanner.net/g/referrals/v1/flights/day-view/?origin=krk&destination=rome&outboundDate=2026-08-28&inboundDate=2026-08-30&market=PL&locale=pl-PL&currency=PLN&mediaPartnerId=6439681
Kraków,Rzym,Włochy,Warszawa,2026-08-28,2026-08-31,3,341.46,388.52,729.98,KRK,ROM,WARS,https://skyscanner.net/g/referrals/v1/flights/multicity/?mediaPartnerId=6439681&origin0=krk&date0=2026-08-28&destination0=rom&origin1=rom&date1=2026-08-31&destination1=wars&adultsv2=1&market=PL&locale=pl-PL&currency=PLN
Kraków,Rzym,Włochy,Katowice,2026-08-28,2026-08-30,2,341.46,388.52,729.98,KRK,ROM,KTW,https://skyscanner.net/g/referrals/v1/flights/multicity/?mediaPartnerId=6439681&origin0=krk&date0=2026-08-28&destination0=rom&origin1=rom&date1=2026-08-30&destination1=ktw&adultsv2=1&market=PL&locale=pl-PL&currency=PLN
Kraków,Rzym,Włochy,Warszawa,2026-08-28,2026-08-31,3,341.46,388.52,729.98,KRK,ROME,WARS,https://skyscanner.net/g/referrals/v1/flights/multicity/?mediaPartnerId=6439681&origin0=krk&date0=2026-08-28&destination0=rome&origin1=rome&date1=2026-08-31&destination1=wars&adultsv2=1&market=PL&locale=pl-PL&currency=PLN
Wrocław,Rzym,Włochy,Kraków,2026-08-27,2026-08-31,4,487.79,242.31,730.1,WRO,ROME,KRK,https://skyscanner.net/g/referrals/v1/flights/multicity/?mediaPartnerId=6439681&origin0=wro&date0=2026-08-27&destination0=rome&origin1=rome&date1=2026-08-31&destination1=krk&adultsv2=1&market=PL&locale=pl-PL&currency=PLN
Kraków,Mediolan,Włochy,Warszawa,2026-08-28,2026-08-31,3,623.62,106.56,730.1800000000001,KRK,MILA,WARS,https://skyscanner.net/g/referrals/v1/flights/multicity/?mediaPartnerId=6439681&origin0=krk&date0=2026-08-28&destination0=mila&origin1=mila&date1=2026-08-31&destination1=wars&adultsv2=1&market=PL&locale=pl-PL&currency=PLN
Gdańsk,Palermo,Włochy,Warszawa,2026-08-25,2026-08-27,2,212.68,518.29,730.97,GDN,PMO,WARS,https://skyscanner.net/g/referrals/v1/flights/multicity/?mediaPartnerId=6439681&origin0=gdn&date0=2026-08-25&destination0=pmo&origin1=pmo&date1=2026-08-27&destination1=wars&adultsv2=1&market=PL&locale=pl-PL&currency=PLN
Kraków,Podgorica,Czarnogóra,Katowice,2026-08-26,2026-08-30,4,148.24,582.81,731.05,KRK,TGD,KTW,https://skyscanner.net/g/referrals/v1/flights/multicity/?mediaPartnerId=6439681&origin0=krk&date0=2026-08-26&destination0=tgd&origin1=tgd&date1=2026-08-30&destination1=ktw&adultsv2=1&market=PL&locale=pl-PL&currency=PLN
Kraków,Podgorica,Czarnogóra,Katowice,2026-08-25,2026-08-30,5,148.24,582.81,731.05,KRK,TGD,KTW,https://skyscanner.net/g/referrals/v1/flights/multicity/?mediaPartnerId=6439681&origin0=krk&date0=2026-08-25&destination0=tgd&origin1=tgd&date1=2026-08-30&destination1=ktw&adultsv2=1&market=PL&locale=pl-PL&currency=PLN
Warszawa,Rzym,Włochy,Kraków,2026-08-24,2026-08-31,7,489.0,242.31,731.31,WARS,ROME,KRK,https://skyscanner.net/g/referrals/v1/flights/multicity/?mediaPartnerId=6439681&origin0=wars&date0=2026-08-24&destination0=rome&origin1=rome&date1=2026-08-31&destination1=krk&adultsv2=1&market=PL&locale=pl-PL&currency=PLN
Kraków,Rzym,Włochy,Gdańsk,2026-08-25,2026-08-27,2,429.2,302.15,731.3499999999999,KRK,ROME,GDN,https://skyscanner.net/g/referrals/v1/flights/multicity/?mediaPartnerId=6439681&origin0=krk&date0=2026-08-25&destination0=rome&origin1=rome&date1=2026-08-27&destination1=gdn&adultsv2=1&market=PL&locale=pl-PL&currency=PLN
Gdańsk,Palermo,Włochy,Gdańsk,2026-08-22,2026-08-25,3,306.1,425.31,731.4100000000001,GDN,PMO,GDN,https://www.skyscanner.net/g/referrals/v1/flights/day-view/?origin=gdn&destination=pmo&outboundDate=2026-08-22&inboundDate=2026-08-25&market=PL&locale=pl-PL&currency=PLN&mediaPartnerId=6439681
Poznań,Mediolan,Włochy,Gdańsk,2026-08-28,2026-08-30,2,258.98,472.91,731.8900000000001,POZ,MILA,GDN,https://skyscanner.net/g/referrals/v1/flights/multicity/?mediaPartnerId=6439681&origin0=poz&date0=2026-08-28&destination0=mila&origin1=mila&date1=2026-08-30&destination1=gdn&adultsv2=1&market=PL&locale=pl-PL&currency=PLN
Poznań,Chania,Grecja,Kraków,2026-08-25,2026-08-27,2,145.0,587.2,732.2,POZ,CHQ,KRK,https://skyscanner.net/g/referrals/v1/flights/multicity/?mediaPartnerId=6439681&origin0=poz&date0=2026-08-25&destination0=chq&origin1=chq&date1=2026-08-27&destination1=krk&adultsv2=1&market=PL&locale=pl-PL&currency=PLN
Warszawa,Mediolan,Włochy,Gdańsk,2026-08-25,2026-08-29,4,460.39,271.93,732.3199999999999,WARS,MILA,GDN,https://skyscanner.net/g/referrals/v1/flights/multicity/?mediaPartnerId=6439681&origin0=wars&date0=2026-08-25&destination0=mila&origin1=mila&date1=2026-08-29&destination1=gdn&adultsv2=1&market=PL&locale=pl-PL&currency=PLN
Warszawa,Mediolan,Włochy,Gdańsk,2026-08-27,2026-08-31,4,534.7,198.56,733.26,WARS,MILA,GDN,https://skyscanner.net/g/referrals/v1/flights/multicity/?mediaPartnerId=6439681&origin0=wars&date0=2026-08-27&destination0=mila&origin1=mila&date1=2026-08-31&destination1=gdn&adultsv2=1&market=PL&locale=pl-PL&currency=PLN
Warszawa,Mediolan,Włochy,Gdańsk,2026-08-26,2026-08-31,5,534.7,198.56,733.26,WARS,MIL,GDN,https://skyscanner.net/g/referrals/v1/flights/multicity/?mediaPartnerId=6439681&origin0=wars&date0=2026-08-26&destination0=mil&origin1=mil&date1=2026-08-31&destination1=gdn&adultsv2=1&market=PL&locale=pl-PL&currency=PLN
Warszawa,Mediolan,Włochy,Gdańsk,2026-08-27,2026-08-31,4,534.7,198.56,733.26,WARS,MIL,GDN,https://skyscanner.net/g/referrals/v1/flights/multicity/?mediaPartnerId=6439681&origin0=wars&date0=2026-08-27&destination0=mil&origin1=mil&date1=2026-08-31&destination1=gdn&adultsv2=1&market=PL&locale=pl-PL&currency=PLN
Warszawa,Mediolan,Włochy,Gdańsk,2026-08-26,2026-08-31,5,534.7,198.56,733.26,WARS,MILA,GDN,https://skyscanner.net/g/referrals/v1/flights/multicity/?mediaPartnerId=6439681&origin0=wars&date0=2026-08-26&destination0=mila&origin1=mila&date1=2026-08-31&destination1=gdn&adultsv2=1&market=PL&locale=pl-PL&currency=PLN
Poznań,Zadar,Chorwacja,Kraków,2026-08-25,2026-08-28,3,164.01,569.81,733.8199999999999,POZ,ZAD,KRK,https://skyscanner.net/g/referrals/v1/flights/multicity/?mediaPartnerId=6439681&origin0=poz&date0=2026-08-25&destination0=zad&origin1=zad&date1=2026-08-28&destination1=krk&adultsv2=1&market=PL&locale=pl-PL&currency=PLN
Poznań,Mediolan,Włochy,Poznań,2026-08-28,2026-08-31,3,258.98,474.84,733.8199999999999,POZ,MILA,POZ,https://www.skyscanner.net/g/referrals/v1/flights/day-view/?origin=poz&destination=mila&outboundDate=2026-08-28&inboundDate=2026-08-31&market=PL&locale=pl-PL&currency=PLN&mediaPartnerId=6439681
Kraków,Mediolan,Włochy,Gdańsk,2026-08-26,2026-08-29,3,461.89,271.93,733.8199999999999,KRK,MILA,GDN,https://skyscanner.net/g/referrals/v1/flights/multicity/?mediaPartnerId=6439681&origin0=krk&date0=2026-08-26&destination0=mila&origin1=mila&date1=2026-08-29&destination1=gdn&adultsv2=1&market=PL&locale=pl-PL&currency=PLN
Poznań,Zadar,Chorwacja,Kraków,2026-08-25,2026-08-30,5,164.01,569.81,733.8199999999999,POZ,ZAD,KRK,https://skyscanner.net/g/referrals/v1/flights/multicity/?mediaPartnerId=6439681&origin0=poz&date0=2026-08-25&destination0=zad&origin1=zad&date1=2026-08-30&destination1=krk&adultsv2=1&market=PL&locale=pl-PL&currency=PLN
Katowice,Ateny,Grecja,Warszawa,2026-08-24,2026-08-26,2,246.03,487.79,733.82,KTW,ATH,WARS,https://skyscanner.net/g/referrals/v1/flights/multicity/?mediaPartnerId=6439681&origin0=ktw&date0=2026-08-24&destination0=ath&origin1=ath&date1=2026-08-26&destination1=wars&adultsv2=1&market=PL&locale=pl-PL&currency=PLN
Poznań,Girona,Hiszpania,Wrocław,2026-08-25,2026-08-28,3,220.13,513.69,733.82,POZ,GRO,WRO,https://skyscanner.net/g/referrals/v1/flights/multicity/?mediaPartnerId=6439681&origin0=poz&date0=2026-08-25&destination0=gro&origin1=gro&date1=2026-08-28&destination1=wro&adultsv2=1&market=PL&locale=pl-PL&currency=PLN
Gdańsk,Podgorica,Czarnogóra,Wrocław,2026-08-23,2026-08-30,7,302.15,431.7,733.8499999999999,GDN,TGD,WRO,https://skyscanner.net/g/referrals/v1/flights/multicity/?mediaPartnerId=6439681&origin0=gdn&date0=2026-08-23&destination0=tgd&origin1=tgd&date1=2026-08-30&destination1=wro&adultsv2=1&market=PL&locale=pl-PL&currency=PLN
Kraków,Gdańsk,Polska,Kraków,2026-08-25,2026-08-27,2,470.62,263.3,733.9200000000001,KRK,GDN,KRK,https://www.skyscanner.net/g/referrals/v1/flights/day-view/?origin=krk&destination=gdn&outboundDate=2026-08-25&inboundDate=2026-08-27&market=PL&locale=pl-PL&currency=PLN&mediaPartnerId=6439681
Warszawa,Mediolan,Włochy,Warszawa,2026-08-28,2026-08-31,3,475.07,259.0,734.0699999999999,WARS,MILA,WARS,https://www.skyscanner.net/g/referrals/v1/flights/day-view/?origin=wars&destination=mila&outboundDate=2026-08-28&inboundDate=2026-08-31&market=PL&locale=pl-PL&currency=PLN&mediaPartnerId=6439681
Gdańsk,Newcastle,Wielka Brytania,Gdańsk,2026-08-28,2026-08-30,2,656.16,79.0,735.16,GDN,NCL,GDN,https://www.skyscanner.net/g/referrals/v1/flights/day-view/?origin=gdn&destination=ncl&outboundDate=2026-08-28&inboundDate=2026-08-30&market=PL&locale=pl-PL&currency=PLN&mediaPartnerId=6439681
Kraków,Rzym,Włochy,Kraków,2026-08-25,2026-08-30,5,429.2,306.36,735.56,KRK,ROME,KRK,https://www.skyscanner.net/g/referrals/v1/flights/day-view/?origin=krk&destination=rome&outboundDate=2026-08-25&inboundDate=2026-08-30&market=PL&locale=pl-PL&currency=PLN&mediaPartnerId=6439681
Gdańsk,Podgorica,Czarnogóra,Wrocław,2026-08-27,2026-08-29,2,243.98,492.11,736.09,GDN,TGD,WRO,https://skyscanner.net/g/referrals/v1/flights/multicity/?mediaPartnerId=6439681&origin0=gdn&date0=2026-08-27&destination0=tgd&origin1=tgd&date1=2026-08-29&destination1=wro&adultsv2=1&market=PL&locale=pl-PL&currency=PLN
Kraków,Podgorica,Czarnogóra,Wrocław,2026-08-24,2026-08-30,6,304.56,431.7,736.26,KRK,TGD,WRO,https://skyscanner.net/g/referrals/v1/flights/multicity/?mediaPartnerId=6439681&origin0=krk&date0=2026-08-24&destination0=tgd&origin1=tgd&date1=2026-08-30&destination1=wro&adultsv2=1&market=PL&locale=pl-PL&currency=PLN
Poznań,Mediolan,Włochy,Warszawa,2026-08-27,2026-08-30,3,332.37,404.22,736.59,POZ,MILA,WARS,https://skyscanner.net/g/referrals/v1/flights/multicity/?mediaPartnerId=6439681&origin0=poz&date0=2026-08-27&destination0=mila&origin1=mila&date1=2026-08-30&destination1=wars&adultsv2=1&market=PL&locale=pl-PL&currency=PLN
Wrocław,Majorka,Hiszpania,Gdańsk,2026-08-27,2026-08-31,4,240.26,496.46,736.72,WRO,PMI,GDN,https://skyscanner.net/g/referrals/v1/flights/multicity/?mediaPartnerId=6439681&origin0=wro&date0=2026-08-27&destination0=pmi&origin1=pmi&date1=2026-08-31&destination1=gdn&adultsv2=1&market=PL&locale=pl-PL&currency=PLN
Wrocław,Majorka,Hiszpania,Gdańsk,2026-08-29,2026-08-31,2,240.26,496.46,736.72,WRO,PMI,GDN,https://skyscanner.net/g/referrals/v1/flights/multicity/?mediaPartnerId=6439681&origin0=wro&date0=2026-08-29&destination0=pmi&origin1=pmi&date1=2026-08-31&destination1=gdn&adultsv2=1&market=PL&locale=pl-PL&currency=PLN
Katowice,Tirana,Albania,Wrocław,2026-08-27,2026-08-31,4,145.0,591.83,736.83,KTW,TIA,WRO,https://skyscanner.net/g/referrals/v1/flights/multicity/?mediaPartnerId=6439681&origin0=ktw&date0=2026-08-27&destination0=tia&origin1=tia&date1=2026-08-31&destination1=wro&adultsv2=1&market=PL&locale=pl-PL&currency=PLN
Wrocław,Mediolan,Włochy,Kraków,2026-08-27,2026-08-30,3,379.32,358.28,737.5999999999999,WRO,MILA,KRK,https://skyscanner.net/g/referrals/v1/flights/multicity/?mediaPartnerId=6439681&origin0=wro&date0=2026-08-27&destination0=mila&origin1=mila&date1=2026-08-30&destination1=krk&adultsv2=1&market=PL&locale=pl-PL&currency=PLN
Gdańsk,Palermo,Włochy,Kraków,2026-08-29,2026-08-31,2,293.31,444.62,737.9300000000001,GDN,PMO,KRK,https://skyscanner.net/g/referrals/v1/flights/multicity/?mediaPartnerId=6439681&origin0=gdn&date0=2026-08-29&destination0=pmo&origin1=pmo&date1=2026-08-31&destination1=krk&adultsv2=1&market=PL&locale=pl-PL&currency=PLN
Wrocław,Mediolan,Włochy,Kraków,2026-08-26,2026-08-29,3,582.77,155.37,738.14,WRO,MILA,KRK,https://skyscanner.net/g/referrals/v1/flights/multicity/?mediaPartnerId=6439681&origin0=wro&date0=2026-08-26&destination0=mila&origin1=mila&date1=2026-08-29&destination1=krk&adultsv2=1&market=PL&locale=pl-PL&currency=PLN
Poznań,Zadar,Chorwacja,Kraków,2026-08-24,2026-08-26,2,410.08,328.06,738.14,POZ,ZAD,KRK,https://skyscanner.net/g/referrals/v1/flights/multicity/?mediaPartnerId=6439681&origin0=poz&date0=2026-08-24&destination0=zad&origin1=zad&date1=2026-08-26&destination1=krk&adultsv2=1&market=PL&locale=pl-PL&currency=PLN
Poznań,Mediolan,Włochy,Poznań,2026-08-26,2026-08-29,3,483.47,254.67,738.14,POZ,MILA,POZ,https://www.skyscanner.net/g/referrals/v1/flights/day-view/?origin=poz&destination=mila&outboundDate=2026-08-26&inboundDate=2026-08-29&market=PL&locale=pl-PL&currency=PLN&mediaPartnerId=6439681
Wrocław,Mediolan,Włochy,Warszawa,2026-08-26,2026-08-31,5,582.77,155.38,738.15,WRO,MIL,WARS,https://skyscanner.net/g/referrals/v1/flights/multicity/?mediaPartnerId=6439681&origin0=wro&date0=2026-08-26&destination0=mil&origin1=mil&date1=2026-08-31&destination1=wars&adultsv2=1&market=PL&locale=pl-PL&currency=PLN
Wrocław,Mediolan,Włochy,Warszawa,2026-08-26,2026-08-31,5,582.77,155.38,738.15,WRO,MILA,WARS,https://skyscanner.net/g/referrals/v1/flights/multicity/?mediaPartnerId=6439681&origin0=wro&date0=2026-08-26&destination0=mila&origin1=mila&date1=2026-08-31&destination1=wars&adultsv2=1&market=PL&locale=pl-PL&currency=PLN
Wrocław,Neapol,Włochy,Katowice,2026-08-26,2026-08-31,5,453.25,284.91,738.1600000000001,WRO,NAP,KTW,https://skyscanner.net/g/referrals/v1/flights/multicity/?mediaPartnerId=6439681&origin0=wro&date0=2026-08-26&destination0=nap&origin1=nap&date1=2026-08-31&destination1=ktw&adultsv2=1&market=PL&locale=pl-PL&currency=PLN
Poznań,Podgorica,Czarnogóra,Katowice,2026-08-23,2026-08-30,7,155.37,582.81,738.18,POZ,TGD,KTW,https://skyscanner.net/g/referrals/v1/flights/multicity/?mediaPartnerId=6439681&origin0=poz&date0=2026-08-23&destination0=tgd&origin1=tgd&date1=2026-08-30&destination1=ktw&adultsv2=1&market=PL&locale=pl-PL&currency=PLN
Kraków,Mediolan,Włochy,Kraków,2026-08-22,2026-08-27,5,643.2,95.0,738.2,KRK,MILA,KRK,https://www.skyscanner.net/g/referrals/v1/flights/day-view/?origin=krk&destination=mila&outboundDate=2026-08-22&inboundDate=2026-08-27&market=PL&locale=pl-PL&currency=PLN&mediaPartnerId=6439681
Gdańsk,Podgorica,Czarnogóra,Gdańsk,2026-08-24,2026-08-26,2,194.42,543.91,738.3299999999999,GDN,TGD,GDN,https://www.skyscanner.net/g/referrals/v1/flights/day-view/?origin=gdn&destination=tgd&outboundDate=2026-08-24&inboundDate=2026-08-26&market=PL&locale=pl-PL&currency=PLN&mediaPartnerId=6439681
Katowice,Alghero,Włochy,Katowice,2026-08-28,2026-08-30,2,152.5,586.0,738.5,KTW,AHO,KTW,https://www.skyscanner.net/g/referrals/v1/flights/day-view/?origin=ktw&destination=aho&outboundDate=2026-08-28&inboundDate=2026-08-30&market=PL&locale=pl-PL&currency=PLN&mediaPartnerId=6439681
Kraków,Triest,Włochy,Kraków,2026-08-24,2026-08-26,2,492.7,245.8,738.5,KRK,TRS,KRK,https://www.skyscanner.net/g/referrals/v1/flights/day-view/?origin=krk&destination=trs&outboundDate=2026-08-24&inboundDate=2026-08-26&market=PL&locale=pl-PL&currency=PLN&mediaPartnerId=6439681
Warszawa,Dubrovnik,Chorwacja,Wrocław,2026-08-29,2026-08-31,2,269.0,470.52,739.52,WARS,DBV,WRO,https://skyscanner.net/g/referrals/v1/flights/multicity/?mediaPartnerId=6439681&origin0=wars&date0=2026-08-29&destination0=dbv&origin1=dbv&date1=2026-08-31&destination1=wro&adultsv2=1&market=PL&locale=pl-PL&currency=PLN
Katowice,Alghero,Włochy,Warszawa,2026-08-27,2026-08-29,2,200.31,539.63,739.94,KTW,AHO,WARS,https://skyscanner.net/g/referrals/v1/flights/multicity/?mediaPartnerId=6439681&origin0=ktw&date0=2026-08-27&destination0=aho&origin1=aho&date1=2026-08-29&destination1=wars&adultsv2=1&market=PL&locale=pl-PL&currency=PLN
Gdańsk,Zadar,Chorwacja,Gdańsk,2026-08-24,2026-08-27,3,552.55,187.78,740.3299999999999,GDN,ZAD,GDN,https://www.skyscanner.net/g/referrals/v1/flights/day-view/?origin=gdn&destination=zad&outboundDate=2026-08-24&inboundDate=2026-08-27&market=PL&locale=pl-PL&currency=PLN&mediaPartnerId=6439681
Kraków,Mediolan,Włochy,Wrocław,2026-08-27,2026-08-30,3,505.06,235.27,740.33,KRK,MILA,WRO,https://skyscanner.net/g/referrals/v1/flights/multicity/?mediaPartnerId=6439681&origin0=krk&date0=2026-08-27&destination0=mila&origin1=mila&date1=2026-08-30&destination1=wro&adultsv2=1&market=PL&locale=pl-PL&currency=PLN
Kraków,Zadar,Chorwacja,Wrocław,2026-08-26,2026-08-28,2,254.67,485.75,740.42,KRK,ZAD,WRO,https://skyscanner.net/g/referrals/v1/flights/multicity/?mediaPartnerId=6439681&origin0=krk&date0=2026-08-26&destination0=zad&origin1=zad&date1=2026-08-28&destination1=wro&adultsv2=1&market=PL&locale=pl-PL&currency=PLN
Warszawa,Mediolan,Włochy,Warszawa,2026-08-26,2026-08-29,3,455.6,284.91,740.51,WARS,MILA,WARS,https://www.skyscanner.net/g/referrals/v1/flights/day-view/?origin=wars&destination=mila&outboundDate=2026-08-26&inboundDate=2026-08-29&market=PL&locale=pl-PL&currency=PLN&mediaPartnerId=6439681
Warszawa,Mediolan,Włochy,Kraków,2026-08-26,2026-08-30,4,455.6,284.91,740.51,WARS,MILA,KRK,https://skyscanner.net/g/referrals/v1/flights/multicity/?mediaPartnerId=6439681&origin0=wars&date0=2026-08-26&destination0=mila&origin1=mila&date1=2026-08-30&destination1=krk&adultsv2=1&market=PL&locale=pl-PL&currency=PLN
Gdańsk,Majorka,Hiszpania,Kraków,2026-08-27,2026-08-31,4,230.81,509.91,740.72,GDN,PMI,KRK,https://skyscanner.net/g/referrals/v1/flights/multicity/?mediaPartnerId=6439681&origin0=gdn&date0=2026-08-27&destination0=pmi&origin1=pmi&date1=2026-08-31&destination1=krk&adultsv2=1&market=PL&locale=pl-PL&currency=PLN
Warszawa,Alghero,Włochy,Warszawa,2026-08-26,2026-08-29,3,201.12,539.63,740.75,WARS,AHO,WARS,https://www.skyscanner.net/g/referrals/v1/flights/day-view/?origin=wars&destination=aho&outboundDate=2026-08-26&inboundDate=2026-08-29&market=PL&locale=pl-PL&currency=PLN&mediaPartnerId=6439681
Wrocław,Rzym,Włochy,Warszawa,2026-08-28,2026-08-31,3,466.2,275.03,741.23,WRO,ROME,WARS,https://skyscanner.net/g/referrals/v1/flights/multicity/?mediaPartnerId=6439681&origin0=wro&date0=2026-08-28&destination0=rome&origin1=rome&date1=2026-08-31&destination1=wars&adultsv2=1&market=PL&locale=pl-PL&currency=PLN
Poznań,Rzym,Włochy,Gdańsk,2026-08-26,2026-08-28,2,508.37,233.41,741.78,POZ,ROME,GDN,https://skyscanner.net/g/referrals/v1/flights/multicity/?mediaPartnerId=6439681&origin0=poz&date0=2026-08-26&destination0=rome&origin1=rome&date1=2026-08-28&destination1=gdn&adultsv2=1&market=PL&locale=pl-PL&currency=PLN
Kraków,Mediolan,Włochy,Kraków,2026-08-22,2026-08-28,6,643.2,98.93,742.1300000000001,KRK,MILA,KRK,https://www.skyscanner.net/g/referrals/v1/flights/day-view/?origin=krk&destination=mila&outboundDate=2026-08-22&inboundDate=2026-08-28&market=PL&locale=pl-PL&currency=PLN&mediaPartnerId=6439681
Wrocław,Girona,Hiszpania,Poznań,2026-08-24,2026-08-27,3,453.25,289.2,742.45,WRO,GRO,POZ,https://skyscanner.net/g/referrals/v1/flights/multicity/?mediaPartnerId=6439681&origin0=wro&date0=2026-08-24&destination0=gro&origin1=gro&date1=2026-08-27&destination1=poz&adultsv2=1&market=PL&locale=pl-PL&currency=PLN
Poznań,Rzym,Włochy,Kraków,2026-08-29,2026-08-31,2,397.1,345.35,742.45,POZ,ROME,KRK,https://skyscanner.net/g/referrals/v1/flights/multicity/?mediaPartnerId=6439681&origin0=poz&date0=2026-08-29&destination0=rome&origin1=rome&date1=2026-08-31&destination1=krk&adultsv2=1&market=PL&locale=pl-PL&currency=PLN
Poznań,Mediolan,Włochy,Wrocław,2026-08-26,2026-08-28,2,483.47,258.98,742.45,POZ,MILA,WRO,https://skyscanner.net/g/referrals/v1/flights/multicity/?mediaPartnerId=6439681&origin0=poz&date0=2026-08-26&destination0=mila&origin1=mila&date1=2026-08-28&destination1=wro&adultsv2=1&market=PL&locale=pl-PL&currency=PLN
Poznań,Rzym,Włochy,Katowice,2026-08-29,2026-08-31,2,397.1,345.35,742.45,POZ,ROME,KTW,https://skyscanner.net/g/referrals/v1/flights/multicity/?mediaPartnerId=6439681&origin0=poz&date0=2026-08-29&destination0=rome&origin1=rome&date1=2026-08-31&destination1=ktw&adultsv2=1&market=PL&locale=pl-PL&currency=PLN
Poznań,Mediolan,Włochy,Gdańsk,2026-08-26,2026-08-28,2,483.47,258.98,742.45,POZ,MILA,GDN,https://skyscanner.net/g/referrals/v1/flights/multicity/?mediaPartnerId=6439681&origin0=poz&date0=2026-08-26&destination0=mila&origin1=mila&date1=2026-08-28&destination1=gdn&adultsv2=1&market=PL&locale=pl-PL&currency=PLN
Poznań,Rzym,Włochy,Kraków,2026-08-29,2026-08-31,2,397.1,345.35,742.45,POZ,ROM,KRK,https://skyscanner.net/g/referrals/v1/flights/multicity/?mediaPartnerId=6439681&origin0=poz&date0=2026-08-29&destination0=rom&origin1=rom&date1=2026-08-31&destination1=krk&adultsv2=1&market=PL&locale=pl-PL&currency=PLN
Poznań,Rzym,Włochy,Gdańsk,2026-08-29,2026-08-31,2,397.1,345.35,742.45,POZ,ROME,GDN,https://skyscanner.net/g/referrals/v1/flights/multicity/?mediaPartnerId=6439681&origin0=poz&date0=2026-08-29&destination0=rome&origin1=rome&date1=2026-08-31&destination1=gdn&adultsv2=1&market=PL&locale=pl-PL&currency=PLN
Poznań,Rzym,Włochy,Gdańsk,2026-08-29,2026-08-31,2,397.1,345.35,742.45,POZ,ROM,GDN,https://skyscanner.net/g/referrals/v1/flights/multicity/?mediaPartnerId=6439681&origin0=poz&date0=2026-08-29&destination0=rom&origin1=rom&date1=2026-08-31&destination1=gdn&adultsv2=1&market=PL&locale=pl-PL&currency=PLN
Poznań,Rzym,Włochy,Katowice,2026-08-29,2026-08-31,2,397.1,345.35,742.45,POZ,ROM,KTW,https://skyscanner.net/g/referrals/v1/flights/multicity/?mediaPartnerId=6439681&origin0=poz&date0=2026-08-29&destination0=rom&origin1=rom&date1=2026-08-31&destination1=ktw&adultsv2=1&market=PL&locale=pl-PL&currency=PLN
Gdańsk,Zadar,Chorwacja,Poznań,2026-08-27,2026-08-29,2,267.62,474.83,742.45,GDN,ZAD,POZ,https://skyscanner.net/g/referrals/v1/flights/multicity/?mediaPartnerId=6439681&origin0=gdn&date0=2026-08-27&destination0=zad&origin1=zad&date1=2026-08-29&destination1=poz&adultsv2=1&market=PL&locale=pl-PL&currency=PLN
Wrocław,Rzym,Włochy,Katowice,2026-08-25,2026-08-29,4,483.47,259.0,742.47,WRO,ROME,KTW,https://skyscanner.net/g/referrals/v1/flights/multicity/?mediaPartnerId=6439681&origin0=wro&date0=2026-08-25&destination0=rome&origin1=rome&date1=2026-08-29&destination1=ktw&adultsv2=1&market=PL&locale=pl-PL&currency=PLN
Wrocław,Rzym,Włochy,Katowice,2026-08-25,2026-08-29,4,483.47,259.0,742.47,WRO,ROM,KTW,https://skyscanner.net/g/referrals/v1/flights/multicity/?mediaPartnerId=6439681&origin0=wro&date0=2026-08-25&destination0=rom&origin1=rom&date1=2026-08-29&destination1=ktw&adultsv2=1&market=PL&locale=pl-PL&currency=PLN
Poznań,Mediolan,Włochy,Warszawa,2026-08-26,2026-08-29,3,483.47,259.0,742.47,POZ,MILA,WARS,https://skyscanner.net/g/referrals/v1/flights/multicity/?mediaPartnerId=6439681&origin0=poz&date0=2026-08-26&destination0=mila&origin1=mila&date1=2026-08-29&destination1=wars&adultsv2=1&market=PL&locale=pl-PL&currency=PLN
Wrocław,Rzym,Włochy,Kraków,2026-08-25,2026-08-29,4,483.47,259.0,742.47,WRO,ROM,KRK,https://skyscanner.net/g/referrals/v1/flights/multicity/?mediaPartnerId=6439681&origin0=wro&date0=2026-08-25&destination0=rom&origin1=rom&date1=2026-08-29&destination1=krk&adultsv2=1&market=PL&locale=pl-PL&currency=PLN
Wrocław,Rzym,Włochy,Kraków,2026-08-25,2026-08-29,4,483.47,259.0,742.47,WRO,ROME,KRK,https://skyscanner.net/g/referrals/v1/flights/multicity/?mediaPartnerId=6439681&origin0=wro&date0=2026-08-25&destination0=rome&origin1=rome&date1=2026-08-29&destination1=krk&adultsv2=1&market=PL&locale=pl-PL&currency=PLN
Poznań,Mediolan,Włochy,Warszawa,2026-08-26,2026-08-29,3,483.47,259.0,742.47,POZ,MIL,WARS,https://skyscanner.net/g/referrals/v1/flights/multicity/?mediaPartnerId=6439681&origin0=poz&date0=2026-08-26&destination0=mil&origin1=mil&date1=2026-08-29&destination1=wars&adultsv2=1&market=PL&locale=pl-PL&currency=PLN
Poznań,Mediolan,Włochy,Warszawa,2026-08-26,2026-08-31,5,483.47,259.0,742.47,POZ,MILA,WARS,https://skyscanner.net/g/referrals/v1/flights/multicity/?mediaPartnerId=6439681&origin0=poz&date0=2026-08-26&destination0=mila&origin1=mila&date1=2026-08-31&destination1=wars&adultsv2=1&market=PL&locale=pl-PL&currency=PLN
Kraków,Podgorica,Czarnogóra,Kraków,2026-08-24,2026-08-31,7,304.56,438.15,742.71,KRK,TGD,KRK,https://www.skyscanner.net/g/referrals/v1/flights/day-view/?origin=krk&destination=tgd&outboundDate=2026-08-24&inboundDate=2026-08-31&market=PL&locale=pl-PL&currency=PLN&mediaPartnerId=6439681
Wrocław,Rzym,Włochy,Poznań,2026-08-25,2026-08-29,4,483.47,259.28,742.75,WRO,ROME,POZ,https://skyscanner.net/g/referrals/v1/flights/multicity/?mediaPartnerId=6439681&origin0=wro&date0=2026-08-25&destination0=rome&origin1=rome&date1=2026-08-29&destination1=poz&adultsv2=1&market=PL&locale=pl-PL&currency=PLN
Wrocław,Rzym,Włochy,Warszawa,2026-08-25,2026-08-28,3,483.47,259.75,743.22,WRO,ROME,WARS,https://skyscanner.net/g/referrals/v1/flights/multicity/?mediaPartnerId=6439681&origin0=wro&date0=2026-08-25&destination0=rome&origin1=rome&date1=2026-08-28&destination1=wars&adultsv2=1&market=PL&locale=pl-PL&currency=PLN
Poznań,Bari,Włochy,Kraków,2026-08-28,2026-08-31,3,259.75,483.47,743.22,POZ,BRI,KRK,https://skyscanner.net/g/referrals/v1/flights/multicity/?mediaPartnerId=6439681&origin0=poz&date0=2026-08-28&destination0=bri&origin1=bri&date1=2026-08-31&destination1=krk&adultsv2=1&market=PL&locale=pl-PL&currency=PLN
Kraków,Rzym,Włochy,Kraków,2026-08-26,2026-08-31,5,397.88,345.35,743.23,KRK,ROM,KRK,https://www.skyscanner.net/g/referrals/v1/flights/day-view/?origin=krk&destination=rom&outboundDate=2026-08-26&inboundDate=2026-08-31&market=PL&locale=pl-PL&currency=PLN&mediaPartnerId=6439681
Warszawa,Rzym,Włochy,Warszawa,2026-08-26,2026-08-29,3,397.88,345.35,743.23,WARS,ROME,WARS,https://www.skyscanner.net/g/referrals/v1/flights/day-view/?origin=wars&destination=rome&outboundDate=2026-08-26&inboundDate=2026-08-29&market=PL&locale=pl-PL&currency=PLN&mediaPartnerId=6439681
Kraków,Rzym,Włochy,Katowice,2026-08-26,2026-08-31,5,397.88,345.35,743.23,KRK,ROM,KTW,https://skyscanner.net/g/referrals/v1/flights/multicity/?mediaPartnerId=6439681&origin0=krk&date0=2026-08-26&destination0=rom&origin1=rom&date1=2026-08-31&destination1=ktw&adultsv2=1&market=PL&locale=pl-PL&currency=PLN
Kraków,Rzym,Włochy,Gdańsk,2026-08-27,2026-08-31,4,397.88,345.35,743.23,KRK,ROME,GDN,https://skyscanner.net/g/referrals/v1/flights/multicity/?mediaPartnerId=6439681&origin0=krk&date0=2026-08-27&destination0=rome&origin1=rome&date1=2026-08-31&destination1=gdn&adultsv2=1&market=PL&locale=pl-PL&currency=PLN
Warszawa,Rzym,Włochy,Gdańsk,2026-08-26,2026-08-31,5,397.88,345.35,743.23,WARS,ROM,GDN,https://skyscanner.net/g/referrals/v1/flights/multicity/?mediaPartnerId=6439681&origin0=wars&date0=2026-08-26&destination0=rom&origin1=rom&date1=2026-08-31&destination1=gdn&adultsv2=1&market=PL&locale=pl-PL&currency=PLN
Warszawa,Rzym,Włochy,Kraków,2026-08-26,2026-08-31,5,397.88,345.35,743.23,WARS,ROM,KRK,https://skyscanner.net/g/referrals/v1/flights/multicity/?mediaPartnerId=6439681&origin0=wars&date0=2026-08-26&destination0=rom&origin1=rom&date1=2026-08-31&destination1=krk&adultsv2=1&market=PL&locale=pl-PL&currency=PLN
Kraków,Rzym,Włochy,Warszawa,2026-08-27,2026-08-29,2,397.88,345.35,743.23,KRK,ROM,WARS,https://skyscanner.net/g/referrals/v1/flights/multicity/?mediaPartnerId=6439681&origin0=krk&date0=2026-08-27&destination0=rom&origin1=rom&date1=2026-08-29&destination1=wars&adultsv2=1&market=PL&locale=pl-PL&currency=PLN
Kraków,Rzym,Włochy,Gdańsk,2026-08-26,2026-08-31,5,397.88,345.35,743.23,KRK,ROME,GDN,https://skyscanner.net/g/referrals/v1/flights/multicity/?mediaPartnerId=6439681&origin0=krk&date0=2026-08-26&destination0=rome&origin1=rome&date1=2026-08-31&destination1=gdn&adultsv2=1&market=PL&locale=pl-PL&currency=PLN
Kraków,Rzym,Włochy,Katowice,2026-08-26,2026-08-31,5,397.88,345.35,743.23,KRK,ROME,KTW,https://skyscanner.net/g/referrals/v1/flights/multicity/?mediaPartnerId=6439681&origin0=krk&date0=2026-08-26&destination0=rome&origin1=rome&date1=2026-08-31&destination1=ktw&adultsv2=1&market=PL&locale=pl-PL&currency=PLN
Kraków,Rzym,Włochy,Gdańsk,2026-08-27,2026-08-31,4,397.88,345.35,743.23,KRK,ROM,GDN,https://skyscanner.net/g/referrals/v1/flights/multicity/?mediaPartnerId=6439681&origin0=krk&date0=2026-08-27&destination0=rom&origin1=rom&date1=2026-08-31&destination1=gdn&adultsv2=1&market=PL&locale=pl-PL&currency=PLN
Kraków,Rzym,Włochy,Kraków,2026-08-26,2026-08-31,5,397.88,345.35,743.23,KRK,ROME,KRK,https://www.skyscanner.net/g/referrals/v1/flights/day-view/?origin=krk&destination=rome&outboundDate=2026-08-26&inboundDate=2026-08-31&market=PL&locale=pl-PL&currency=PLN&mediaPartnerId=6439681
Kraków,Rzym,Włochy,Katowice,2026-08-27,2026-08-31,4,397.88,345.35,743.23,KRK,ROM,KTW,https://skyscanner.net/g/referrals/v1/flights/multicity/?mediaPartnerId=6439681&origin0=krk&date0=2026-08-27&destination0=rom&origin1=rom&date1=2026-08-31&destination1=ktw&adultsv2=1&market=PL&locale=pl-PL&currency=PLN
Kraków,Rzym,Włochy,Kraków,2026-08-27,2026-08-31,4,397.88,345.35,743.23,KRK,ROM,KRK,https://www.skyscanner.net/g/referrals/v1/flights/day-view/?origin=krk&destination=rom&outboundDate=2026-08-27&inboundDate=2026-08-31&market=PL&locale=pl-PL&currency=PLN&mediaPartnerId=6439681
Kraków,Rzym,Włochy,Warszawa,2026-08-26,2026-08-29,3,397.88,345.35,743.23,KRK,ROM,WARS,https://skyscanner.net/g/referrals/v1/flights/multicity/?mediaPartnerId=6439681&origin0=krk&date0=2026-08-26&destination0=rom&origin1=rom&date1=2026-08-29&destination1=wars&adultsv2=1&market=PL&locale=pl-PL&currency=PLN
Kraków,Rzym,Włochy,Warszawa,2026-08-26,2026-08-29,3,397.88,345.35,743.23,KRK,ROME,WARS,https://skyscanner.net/g/referrals/v1/flights/multicity/?mediaPartnerId=6439681&origin0=krk&date0=2026-08-26&destination0=rome&origin1=rome&date1=2026-08-29&destination1=wars&adultsv2=1&market=PL&locale=pl-PL&currency=PLN
Kraków,Rzym,Włochy,Gdańsk,2026-08-26,2026-08-31,5,397.88,345.35,743.23,KRK,ROM,GDN,https://skyscanner.net/g/referrals/v1/flights/multicity/?mediaPartnerId=6439681&origin0=krk&date0=2026-08-26&destination0=rom&origin1=rom&date1=2026-08-31&destination1=gdn&adultsv2=1&market=PL&locale=pl-PL&currency=PLN
Warszawa,Rzym,Włochy,Warszawa,2026-08-26,2026-08-29,3,397.88,345.35,743.23,WARS,ROM,WARS,https://www.skyscanner.net/g/referrals/v1/flights/day-view/?origin=wars&destination=rom&outboundDate=2026-08-26&inboundDate=2026-08-29&market=PL&locale=pl-PL&currency=PLN&mediaPartnerId=6439681
Warszawa,Rzym,Włochy,Katowice,2026-08-26,2026-08-31,5,397.88,345.35,743.23,WARS,ROME,KTW,https://skyscanner.net/g/referrals/v1/flights/multicity/?mediaPartnerId=6439681&origin0=wars&date0=2026-08-26&destination0=rome&origin1=rome&date1=2026-08-31&destination1=ktw&adultsv2=1&market=PL&locale=pl-PL&currency=PLN
Warszawa,Rzym,Włochy,Kraków,2026-08-26,2026-08-31,5,397.88,345.35,743.23,WARS,ROME,KRK,https://skyscanner.net/g/referrals/v1/flights/multicity/?mediaPartnerId=6439681&origin0=wars&date0=2026-08-26&destination0=rome&origin1=rome&date1=2026-08-31&destination1=krk&adultsv2=1&market=PL&locale=pl-PL&currency=PLN
Kraków,Rzym,Włochy,Kraków,2026-08-27,2026-08-31,4,397.88,345.35,743.23,KRK,ROME,KRK,https://www.skyscanner.net/g/referrals/v1/flights/day-view/?origin=krk&destination=rome&outboundDate=2026-08-27&inboundDate=2026-08-31&market=PL&locale=pl-PL&currency=PLN&mediaPartnerId=6439681
Kraków,Rzym,Włochy,Katowice,2026-08-27,2026-08-31,4,397.88,345.35,743.23,KRK,ROME,KTW,https://skyscanner.net/g/referrals/v1/flights/multicity/?mediaPartnerId=6439681&origin0=krk&date0=2026-08-27&destination0=rome&origin1=rome&date1=2026-08-31&destination1=ktw&adultsv2=1&market=PL&locale=pl-PL&currency=PLN
Kraków,Rzym,Włochy,Warszawa,2026-08-27,2026-08-29,2,397.88,345.35,743.23,KRK,ROME,WARS,https://skyscanner.net/g/referrals/v1/flights/multicity/?mediaPartnerId=6439681&origin0=krk&date0=2026-08-27&destination0=rome&origin1=rome&date1=2026-08-29&destination1=wars&adultsv2=1&market=PL&locale=pl-PL&currency=PLN
Warszawa,Rzym,Włochy,Katowice,2026-08-26,2026-08-31,5,397.88,345.35,743.23,WARS,ROM,KTW,https://skyscanner.net/g/referrals/v1/flights/multicity/?mediaPartnerId=6439681&origin0=wars&date0=2026-08-26&destination0=rom&origin1=rom&date1=2026-08-31&destination1=ktw&adultsv2=1&market=PL&locale=pl-PL&currency=PLN
Warszawa,Rzym,Włochy,Gdańsk,2026-08-26,2026-08-31,5,397.88,345.35,743.23,WARS,ROME,GDN,https://skyscanner.net/g/referrals/v1/flights/multicity/?mediaPartnerId=6439681&origin0=wars&date0=2026-08-26&destination0=rome&origin1=rome&date1=2026-08-31&destination1=gdn&adultsv2=1&market=PL&locale=pl-PL&currency=PLN
Kraków,Katania,Włochy,Wrocław,2026-08-28,2026-08-31,3,501.57,241.73,743.3,KRK,CTA,WRO,https://skyscanner.net/g/referrals/v1/flights/multicity/?mediaPartnerId=6439681&origin0=krk&date0=2026-08-28&destination0=cta&origin1=cta&date1=2026-08-31&destination1=wro&adultsv2=1&market=PL&locale=pl-PL&currency=PLN
Gdańsk,Wenecja,Włochy,Gdańsk,2026-08-27,2026-08-31,4,428.33,315.11,743.44,GDN,TSF,GDN,https://www.skyscanner.net/g/referrals/v1/flights/day-view/?origin=gdn&destination=tsf&outboundDate=2026-08-27&inboundDate=2026-08-31&market=PL&locale=pl-PL&currency=PLN&mediaPartnerId=6439681
Kraków,Mediolan,Włochy,Kraków,2026-08-27,2026-08-31,4,505.06,238.75,743.81,KRK,MILA,KRK,https://www.skyscanner.net/g/referrals/v1/flights/day-view/?origin=krk&destination=mila&outboundDate=2026-08-27&inboundDate=2026-08-31&market=PL&locale=pl-PL&currency=PLN&mediaPartnerId=6439681
Warszawa,Neapol,Włochy,Wrocław,2026-08-26,2026-08-30,4,424.03,320.6,744.63,WARS,NAP,WRO,https://skyscanner.net/g/referrals/v1/flights/multicity/?mediaPartnerId=6439681&origin0=wars&date0=2026-08-26&destination0=nap&origin1=nap&date1=2026-08-30&destination1=wro&adultsv2=1&market=PL&locale=pl-PL&currency=PLN
Kraków,Rimini,Włochy,Kraków,2026-08-26,2026-08-28,2,527.35,217.31,744.6600000000001,KRK,RMI,KRK,https://www.skyscanner.net/g/referrals/v1/flights/day-view/?origin=krk&destination=rmi&outboundDate=2026-08-26&inboundDate=2026-08-28&market=PL&locale=pl-PL&currency=PLN&mediaPartnerId=6439681
Kraków,Valletta,Malta,Wrocław,2026-08-22,2026-08-26,4,375.54,370.0,745.54,KRK,MLA,WRO,https://skyscanner.net/g/referrals/v1/flights/multicity/?mediaPartnerId=6439681&origin0=krk&date0=2026-08-22&destination0=mla&origin1=mla&date1=2026-08-26&destination1=wro&adultsv2=1&market=PL&locale=pl-PL&currency=PLN
Warszawa,Rzym,Włochy,Kraków,2026-08-27,2026-08-31,4,503.5,242.31,745.81,WARS,ROME,KRK,https://skyscanner.net/g/referrals/v1/flights/multicity/?mediaPartnerId=6439681&origin0=wars&date0=2026-08-27&destination0=rome&origin1=rome&date1=2026-08-31&destination1=krk&adultsv2=1&market=PL&locale=pl-PL&currency=PLN
Warszawa,Bari,Włochy,Kraków,2026-08-26,2026-08-30,4,353.96,392.81,746.77,WARS,BRI,KRK,https://skyscanner.net/g/referrals/v1/flights/multicity/?mediaPartnerId=6439681&origin0=wars&date0=2026-08-26&destination0=bri&origin1=bri&date1=2026-08-30&destination1=krk&adultsv2=1&market=PL&locale=pl-PL&currency=PLN
Poznań,Zadar,Chorwacja,Warszawa,2026-08-25,2026-08-30,5,164.01,582.77,746.78,POZ,ZAD,WARS,https://skyscanner.net/g/referrals/v1/flights/multicity/?mediaPartnerId=6439681&origin0=poz&date0=2026-08-25&destination0=zad&origin1=zad&date1=2026-08-30&destination1=wars&adultsv2=1&market=PL&locale=pl-PL&currency=PLN
Wrocław,Rzym,Włochy,Katowice,2026-08-27,2026-08-29,2,487.79,259.0,746.79,WRO,ROME,KTW,https://skyscanner.net/g/referrals/v1/flights/multicity/?mediaPartnerId=6439681&origin0=wro&date0=2026-08-27&destination0=rome&origin1=rome&date1=2026-08-29&destination1=ktw&adultsv2=1&market=PL&locale=pl-PL&currency=PLN
Wrocław,Rzym,Włochy,Kraków,2026-08-27,2026-08-29,2,487.79,259.0,746.79,WRO,ROME,KRK,https://skyscanner.net/g/referrals/v1/flights/multicity/?mediaPartnerId=6439681&origin0=wro&date0=2026-08-27&destination0=rome&origin1=rome&date1=2026-08-29&destination1=krk&adultsv2=1&market=PL&locale=pl-PL&currency=PLN
Wrocław,Rzym,Włochy,Katowice,2026-08-27,2026-08-29,2,487.79,259.0,746.79,WRO,ROM,KTW,https://skyscanner.net/g/referrals/v1/flights/multicity/?mediaPartnerId=6439681&origin0=wro&date0=2026-08-27&destination0=rom&origin1=rom&date1=2026-08-29&destination1=ktw&adultsv2=1&market=PL&locale=pl-PL&currency=PLN
Wrocław,Rzym,Włochy,Kraków,2026-08-27,2026-08-29,2,487.79,259.0,746.79,WRO,ROM,KRK,https://skyscanner.net/g/referrals/v1/flights/multicity/?mediaPartnerId=6439681&origin0=wro&date0=2026-08-27&destination0=rom&origin1=rom&date1=2026-08-29&destination1=krk&adultsv2=1&market=PL&locale=pl-PL&currency=PLN
Poznań,Zadar,Chorwacja,Warszawa,2026-08-25,2026-08-29,4,164.01,582.81,746.8199999999999,POZ,ZAD,WARS,https://skyscanner.net/g/referrals/v1/flights/multicity/?mediaPartnerId=6439681&origin0=poz&date0=2026-08-25&destination0=zad&origin1=zad&date1=2026-08-29&destination1=wars&adultsv2=1&market=PL&locale=pl-PL&currency=PLN
Gdańsk,Newcastle,Wielka Brytania,Kraków,2026-08-28,2026-08-31,3,656.16,90.68,746.8399999999999,GDN,NCL,KRK,https://skyscanner.net/g/referrals/v1/flights/multicity/?mediaPartnerId=6439681&origin0=gdn&date0=2026-08-28&destination0=ncl&origin1=ncl&date1=2026-08-31&destination1=krk&adultsv2=1&market=PL&locale=pl-PL&currency=PLN
Wrocław,Rzym,Włochy,Poznań,2026-08-27,2026-08-29,2,487.79,259.28,747.0699999999999,WRO,ROME,POZ,https://skyscanner.net/g/referrals/v1/flights/multicity/?mediaPartnerId=6439681&origin0=wro&date0=2026-08-27&destination0=rome&origin1=rome&date1=2026-08-29&destination1=poz&adultsv2=1&market=PL&locale=pl-PL&currency=PLN
Katowice,Rzym,Włochy,Warszawa,2026-08-29,2026-08-31,2,359.0,388.52,747.52,KTW,ROME,WARS,https://skyscanner.net/g/referrals/v1/flights/multicity/?mediaPartnerId=6439681&origin0=ktw&date0=2026-08-29&destination0=rome&origin1=rome&date1=2026-08-31&destination1=wars&adultsv2=1&market=PL&locale=pl-PL&currency=PLN
Katowice,Rzym,Włochy,Warszawa,2026-08-29,2026-08-31,2,359.0,388.52,747.52,KTW,ROM,WARS,https://skyscanner.net/g/referrals/v1/flights/multicity/?mediaPartnerId=6439681&origin0=ktw&date0=2026-08-29&destination0=rom&origin1=rom&date1=2026-08-31&destination1=wars&adultsv2=1&market=PL&locale=pl-PL&currency=PLN
Katowice,Rzym,Włochy,Warszawa,2026-08-29,2026-08-31,2,359.0,388.52,747.52,KTW,ROM,WARS,https://skyscanner.net/g/referrals/v1/flights/multicity/?mediaPartnerId=6439681&origin0=ktw&date0=2026-08-29&destination0=rom&origin1=rom&date1=2026-08-31&destination1=wars&adultsv2=1&market=PL&locale=pl-PL&currency=PLN
Katowice,Rzym,Włochy,Warszawa,2026-08-29,2026-08-31,2,359.0,388.52,747.52,KTW,ROME,WARS,https://skyscanner.net/g/referrals/v1/flights/multicity/?mediaPartnerId=6439681&origin0=ktw&date0=2026-08-29&destination0=rome&origin1=rome&date1=2026-08-31&destination1=wars&adultsv2=1&market=PL&locale=pl-PL&currency=PLN
Kraków,Rzym,Włochy,Warszawa,2026-08-29,2026-08-31,2,359.0,388.52,747.52,KRK,ROME,WARS,https://skyscanner.net/g/referrals/v1/flights/multicity/?mediaPartnerId=6439681&origin0=krk&date0=2026-08-29&destination0=rome&origin1=rome&date1=2026-08-31&destination1=wars&adultsv2=1&market=PL&locale=pl-PL&currency=PLN
Poznań,Mediolan,Włochy,Katowice,2026-08-26,2026-08-28,2,483.47,264.36,747.83,POZ,MILA,KTW,https://skyscanner.net/g/referrals/v1/flights/multicity/?mediaPartnerId=6439681&origin0=poz&date0=2026-08-26&destination0=mila&origin1=mila&date1=2026-08-28&destination1=ktw&adultsv2=1&market=PL&locale=pl-PL&currency=PLN
Gdańsk,Zadar,Chorwacja,Warszawa,2026-08-28,2026-08-30,2,208.31,539.63,747.94,GDN,ZAD,WARS,https://skyscanner.net/g/referrals/v1/flights/multicity/?mediaPartnerId=6439681&origin0=gdn&date0=2026-08-28&destination0=zad&origin1=zad&date1=2026-08-30&destination1=wars&adultsv2=1&market=PL&locale=pl-PL&currency=PLN
Warszawa,Rzym,Włochy,Katowice,2026-08-24,2026-08-29,5,489.0,259.0,748.0,WARS,ROME,KTW,https://skyscanner.net/g/referrals/v1/flights/multicity/?mediaPartnerId=6439681&origin0=wars&date0=2026-08-24&destination0=rome&origin1=rome&date1=2026-08-29&destination1=ktw&adultsv2=1&market=PL&locale=pl-PL&currency=PLN
Warszawa,Rzym,Włochy,Katowice,2026-08-24,2026-08-29,5,489.0,259.0,748.0,WARS,ROM,KTW,https://skyscanner.net/g/referrals/v1/flights/multicity/?mediaPartnerId=6439681&origin0=wars&date0=2026-08-24&destination0=rom&origin1=rom&date1=2026-08-29&destination1=ktw&adultsv2=1&market=PL&locale=pl-PL&currency=PLN
Warszawa,Rzym,Włochy,Kraków,2026-08-24,2026-08-29,5,489.0,259.0,748.0,WARS,ROME,KRK,https://skyscanner.net/g/referrals/v1/flights/multicity/?mediaPartnerId=6439681&origin0=wars&date0=2026-08-24&destination0=rome&origin1=rome&date1=2026-08-29&destination1=krk&adultsv2=1&market=PL&locale=pl-PL&currency=PLN
Warszawa,Rzym,Włochy,Kraków,2026-08-24,2026-08-29,5,489.0,259.0,748.0,WARS,ROM,KRK,https://skyscanner.net/g/referrals/v1/flights/multicity/?mediaPartnerId=6439681&origin0=wars&date0=2026-08-24&destination0=rom&origin1=rom&date1=2026-08-29&destination1=krk&adultsv2=1&market=PL&locale=pl-PL&currency=PLN
Warszawa,Rzym,Włochy,Poznań,2026-08-24,2026-08-29,5,489.0,259.28,748.28,WARS,ROME,POZ,https://skyscanner.net/g/referrals/v1/flights/multicity/?mediaPartnerId=6439681&origin0=wars&date0=2026-08-24&destination0=rome&origin1=rome&date1=2026-08-29&destination1=poz&adultsv2=1&market=PL&locale=pl-PL&currency=PLN
Warszawa,Rzym,Włochy,Warszawa,2026-08-24,2026-08-28,4,489.0,259.75,748.75,WARS,ROME,WARS,https://www.skyscanner.net/g/referrals/v1/flights/day-view/?origin=wars&destination=rome&outboundDate=2026-08-24&inboundDate=2026-08-28&market=PL&locale=pl-PL&currency=PLN&mediaPartnerId=6439681
Kraków,Valletta,Malta,Poznań,2026-08-22,2026-08-25,3,375.54,374.0,749.54,KRK,MLA,POZ,https://skyscanner.net/g/referrals/v1/flights/multicity/?mediaPartnerId=6439681&origin0=krk&date0=2026-08-22&destination0=mla&origin1=mla&date1=2026-08-25&destination1=poz&adultsv2=1&market=PL&locale=pl-PL&currency=PLN
Poznań,Rzym,Włochy,Kraków,2026-08-28,2026-08-31,3,404.22,345.35,749.57,POZ,ROM,KRK,https://skyscanner.net/g/referrals/v1/flights/multicity/?mediaPartnerId=6439681&origin0=poz&date0=2026-08-28&destination0=rom&origin1=rom&date1=2026-08-31&destination1=krk&adultsv2=1&market=PL&locale=pl-PL&currency=PLN
Poznań,Rzym,Włochy,Gdańsk,2026-08-28,2026-08-31,3,404.22,345.35,749.57,POZ,ROME,GDN,https://skyscanner.net/g/referrals/v1/flights/multicity/?mediaPartnerId=6439681&origin0=poz&date0=2026-08-28&destination0=rome&origin1=rome&date1=2026-08-31&destination1=gdn&adultsv2=1&market=PL&locale=pl-PL&currency=PLN
Poznań,Rzym,Włochy,Kraków,2026-08-28,2026-08-31,3,404.22,345.35,749.57,POZ,ROME,KRK,https://skyscanner.net/g/referrals/v1/flights/multicity/?mediaPartnerId=6439681&origin0=poz&date0=2026-08-28&destination0=rome&origin1=rome&date1=2026-08-31&destination1=krk&adultsv2=1&market=PL&locale=pl-PL&currency=PLN
Poznań,Rzym,Włochy,Katowice,2026-08-28,2026-08-31,3,404.22,345.35,749.57,POZ,ROME,KTW,https://skyscanner.net/g/referrals/v1/flights/multicity/?mediaPartnerId=6439681&origin0=poz&date0=2026-08-28&destination0=rome&origin1=rome&date1=2026-08-31&destination1=ktw&adultsv2=1&market=PL&locale=pl-PL&currency=PLN
Poznań,Rzym,Włochy,Katowice,2026-08-28,2026-08-31,3,404.22,345.35,749.57,POZ,ROM,KTW,https://skyscanner.net/g/referrals/v1/flights/multicity/?mediaPartnerId=6439681&origin0=poz&date0=2026-08-28&destination0=rom&origin1=rom&date1=2026-08-31&destination1=ktw&adultsv2=1&market=PL&locale=pl-PL&currency=PLN
Poznań,Rzym,Włochy,Gdańsk,2026-08-28,2026-08-31,3,404.22,345.35,749.57,POZ,ROM,GDN,https://skyscanner.net/g/referrals/v1/flights/multicity/?mediaPartnerId=6439681&origin0=poz&date0=2026-08-28&destination0=rom&origin1=rom&date1=2026-08-31&destination1=gdn&adultsv2=1&market=PL&locale=pl-PL&currency=PLN
Warszawa,Majorka,Hiszpania,Gdańsk,2026-08-27,2026-08-31,4,253.12,496.46,749.5799999999999,WARS,PMI,GDN,https://skyscanner.net/g/referrals/v1/flights/multicity/?mediaPartnerId=6439681&origin0=wars&date0=2026-08-27&destination0=pmi&origin1=pmi&date1=2026-08-31&destination1=gdn&adultsv2=1&market=PL&locale=pl-PL&currency=PLN
Wrocław,Rzym,Włochy,Warszawa,2026-08-29,2026-08-31,2,474.84,275.03,749.8699999999999,WRO,ROME,WARS,https://skyscanner.net/g/referrals/v1/flights/multicity/?mediaPartnerId=6439681&origin0=wro&date0=2026-08-29&destination0=rome&origin1=rome&date1=2026-08-31&destination1=wars&adultsv2=1&market=PL&locale=pl-PL&currency=PLN
Wrocław,Majorka,Hiszpania,Kraków,2026-08-29,2026-08-31,2,240.26,509.91,750.1700000000001,WRO,PMI,KRK,https://skyscanner.net/g/referrals/v1/flights/multicity/?mediaPartnerId=6439681&origin0=wro&date0=2026-08-29&destination0=pmi&origin1=pmi&date1=2026-08-31&destination1=krk&adultsv2=1&market=PL&locale=pl-PL&currency=PLN
Wrocław,Majorka,Hiszpania,Kraków,2026-08-27,2026-08-31,4,240.26,509.91,750.1700000000001,WRO,PMI,KRK,https://skyscanner.net/g/referrals/v1/flights/multicity/?mediaPartnerId=6439681&origin0=wro&date0=2026-08-27&destination0=pmi&origin1=pmi&date1=2026-08-31&destination1=krk&adultsv2=1&market=PL&locale=pl-PL&currency=PLN
Poznań,Rzym,Włochy,Kraków,2026-08-26,2026-08-31,5,508.37,242.31,750.6800000000001,POZ,ROME,KRK,https://skyscanner.net/g/referrals/v1/flights/multicity/?mediaPartnerId=6439681&origin0=poz&date0=2026-08-26&destination0=rome&origin1=rome&date1=2026-08-31&destination1=krk&adultsv2=1&market=PL&locale=pl-PL&currency=PLN
Wrocław,Rzym,Włochy,Kraków,2026-08-26,2026-08-30,4,444.62,306.36,750.98,WRO,ROME,KRK,https://skyscanner.net/g/referrals/v1/flights/multicity/?mediaPartnerId=6439681&origin0=wro&date0=2026-08-26&destination0=rome&origin1=rome&date1=2026-08-30&destination1=krk&adultsv2=1&market=PL&locale=pl-PL&currency=PLN
Kraków,Piza,Włochy,Warszawa,2026-08-25,2026-08-27,2,448.94,302.15,751.0899999999999,KRK,PSA,WARS,https://skyscanner.net/g/referrals/v1/flights/multicity/?mediaPartnerId=6439681&origin0=krk&date0=2026-08-25&destination0=psa&origin1=psa&date1=2026-08-27&destination1=wars&adultsv2=1&market=PL&locale=pl-PL&currency=PLN
Wrocław,Girona,Hiszpania,Kraków,2026-08-24,2026-08-27,3,453.25,297.84,751.0899999999999,WRO,GRO,KRK,https://skyscanner.net/g/referrals/v1/flights/multicity/?mediaPartnerId=6439681&origin0=wro&date0=2026-08-24&destination0=gro&origin1=gro&date1=2026-08-27&destination1=krk&adultsv2=1&market=PL&locale=pl-PL&currency=PLN
Wrocław,Valencia,Hiszpania,Poznań,2026-08-27,2026-08-30,3,379.86,371.23,751.09,WRO,VLC,POZ,https://skyscanner.net/g/referrals/v1/flights/multicity/?mediaPartnerId=6439681&origin0=wro&date0=2026-08-27&destination0=vlc&origin1=vlc&date1=2026-08-30&destination1=poz&adultsv2=1&market=PL&locale=pl-PL&currency=PLN
Kraków,Dubrovnik,Chorwacja,Gdańsk,2026-08-28,2026-08-30,2,319.42,431.7,751.12,KRK,DBV,GDN,https://skyscanner.net/g/referrals/v1/flights/multicity/?mediaPartnerId=6439681&origin0=krk&date0=2026-08-28&destination0=dbv&origin1=dbv&date1=2026-08-30&destination1=gdn&adultsv2=1&market=PL&locale=pl-PL&currency=PLN
Kraków,Lamezia,Włochy,Katowice,2026-08-23,2026-08-25,2,564.05,187.1,751.15,KRK,SUF,KTW,https://skyscanner.net/g/referrals/v1/flights/multicity/?mediaPartnerId=6439681&origin0=krk&date0=2026-08-23&destination0=suf&origin1=suf&date1=2026-08-25&destination1=ktw&adultsv2=1&market=PL&locale=pl-PL&currency=PLN
Warszawa,Wenecja,Włochy,Kraków,2026-08-26,2026-08-30,4,462.37,289.27,751.64,WARS,TSF,KRK,https://skyscanner.net/g/referrals/v1/flights/multicity/?mediaPartnerId=6439681&origin0=wars&date0=2026-08-26&destination0=tsf&origin1=tsf&date1=2026-08-30&destination1=krk&adultsv2=1&market=PL&locale=pl-PL&currency=PLN
Warszawa,Palermo,Włochy,Warszawa,2026-08-28,2026-08-30,2,255.8,496.46,752.26,WARS,PMO,WARS,https://www.skyscanner.net/g/referrals/v1/flights/day-view/?origin=wars&destination=pmo&outboundDate=2026-08-28&inboundDate=2026-08-30&market=PL&locale=pl-PL&currency=PLN&mediaPartnerId=6439681
Kraków,Tirana,Albania,Kraków,2026-08-28,2026-08-30,2,207.18,545.19,752.3700000000001,KRK,TIA,KRK,https://www.skyscanner.net/g/referrals/v1/flights/day-view/?origin=krk&destination=tia&outboundDate=2026-08-28&inboundDate=2026-08-30&market=PL&locale=pl-PL&currency=PLN&mediaPartnerId=6439681
Kraków,Tirana,Albania,Katowice,2026-08-28,2026-08-30,2,207.18,545.19,752.3700000000001,KRK,TIA,KTW,https://skyscanner.net/g/referrals/v1/flights/multicity/?mediaPartnerId=6439681&origin0=krk&date0=2026-08-28&destination0=tia&origin1=tia&date1=2026-08-30&destination1=ktw&adultsv2=1&market=PL&locale=pl-PL&currency=PLN
Warszawa,Palermo,Włochy,Kraków,2026-08-26,2026-08-29,3,114.33,638.89,753.22,WARS,PMO,KRK,https://skyscanner.net/g/referrals/v1/flights/multicity/?mediaPartnerId=6439681&origin0=wars&date0=2026-08-26&destination0=pmo&origin1=pmo&date1=2026-08-29&destination1=krk&adultsv2=1&market=PL&locale=pl-PL&currency=PLN
Warszawa,Palermo,Włochy,Poznań,2026-08-26,2026-08-28,2,114.33,639.01,753.34,WARS,PMO,POZ,https://skyscanner.net/g/referrals/v1/flights/multicity/?mediaPartnerId=6439681&origin0=wars&date0=2026-08-26&destination0=pmo&origin1=pmo&date1=2026-08-28&destination1=poz&adultsv2=1&market=PL&locale=pl-PL&currency=PLN
Wrocław,Charleroi,Belgia,Kraków,2026-08-28,2026-08-31,3,461.89,291.56,753.45,WRO,CRL,KRK,https://skyscanner.net/g/referrals/v1/flights/multicity/?mediaPartnerId=6439681&origin0=wro&date0=2026-08-28&destination0=crl&origin1=crl&date1=2026-08-31&destination1=krk&adultsv2=1&market=PL&locale=pl-PL&currency=PLN
Wrocław,Zadar,Chorwacja,Gdańsk,2026-08-24,2026-08-27,3,565.82,187.78,753.6,WRO,ZAD,GDN,https://skyscanner.net/g/referrals/v1/flights/multicity/?mediaPartnerId=6439681&origin0=wro&date0=2026-08-24&destination0=zad&origin1=zad&date1=2026-08-27&destination1=gdn&adultsv2=1&market=PL&locale=pl-PL&currency=PLN
Warszawa,Rzym,Włochy,Gdańsk,2026-08-25,2026-08-28,3,520.68,233.41,754.0899999999999,WARS,ROME,GDN,https://skyscanner.net/g/referrals/v1/flights/multicity/?mediaPartnerId=6439681&origin0=wars&date0=2026-08-25&destination0=rome&origin1=rome&date1=2026-08-28&destination1=gdn&adultsv2=1&market=PL&locale=pl-PL&currency=PLN
Wrocław,Tirana,Albania,Poznań,2026-08-24,2026-08-27,3,163.09,591.0,754.09,WRO,TIA,POZ,https://skyscanner.net/g/referrals/v1/flights/multicity/?mediaPartnerId=6439681&origin0=wro&date0=2026-08-24&destination0=tia&origin1=tia&date1=2026-08-27&destination1=poz&adultsv2=1&market=PL&locale=pl-PL&currency=PLN
Wrocław,Tirana,Albania,Wrocław,2026-08-24,2026-08-28,4,163.09,591.0,754.09,WRO,TIA,WRO,https://www.skyscanner.net/g/referrals/v1/flights/day-view/?origin=wro&destination=tia&outboundDate=2026-08-24&inboundDate=2026-08-28&market=PL&locale=pl-PL&currency=PLN&mediaPartnerId=6439681
Wrocław,Majorka,Hiszpania,Gdańsk,2026-08-25,2026-08-27,2,363.38,391.1,754.48,WRO,PMI,GDN,https://skyscanner.net/g/referrals/v1/flights/multicity/?mediaPartnerId=6439681&origin0=wro&date0=2026-08-25&destination0=pmi&origin1=pmi&date1=2026-08-27&destination1=gdn&adultsv2=1&market=PL&locale=pl-PL&currency=PLN
Wrocław,Korfu,Grecja,Kraków,2026-08-24,2026-08-30,6,262.67,492.1,754.77,WRO,CFU,KRK,https://skyscanner.net/g/referrals/v1/flights/multicity/?mediaPartnerId=6439681&origin0=wro&date0=2026-08-24&destination0=cfu&origin1=cfu&date1=2026-08-30&destination1=krk&adultsv2=1&market=PL&locale=pl-PL&currency=PLN
Wrocław,Tirana,Albania,Wrocław,2026-08-24,2026-08-31,7,163.09,591.83,754.9200000000001,WRO,TIA,WRO,https://www.skyscanner.net/g/referrals/v1/flights/day-view/?origin=wro&destination=tia&outboundDate=2026-08-24&inboundDate=2026-08-31&market=PL&locale=pl-PL&currency=PLN&mediaPartnerId=6439681
Kraków,Piza,Włochy,Kraków,2026-08-25,2026-08-28,3,448.94,306.36,755.3,KRK,PSA,KRK,https://www.skyscanner.net/g/referrals/v1/flights/day-view/?origin=krk&destination=psa&outboundDate=2026-08-25&inboundDate=2026-08-28&market=PL&locale=pl-PL&currency=PLN&mediaPartnerId=6439681
Wrocław,Girona,Hiszpania,Kraków,2026-08-24,2026-08-26,2,453.25,302.15,755.4,WRO,GRO,KRK,https://skyscanner.net/g/referrals/v1/flights/multicity/?mediaPartnerId=6439681&origin0=wro&date0=2026-08-24&destination0=gro&origin1=gro&date1=2026-08-26&destination1=krk&adultsv2=1&market=PL&locale=pl-PL&currency=PLN
Kraków,Korfu,Grecja,Kraków,2026-08-24,2026-08-30,6,263.3,492.1,755.4000000000001,KRK,CFU,KRK,https://www.skyscanner.net/g/referrals/v1/flights/day-view/?origin=krk&destination=cfu&outboundDate=2026-08-24&inboundDate=2026-08-30&market=PL&locale=pl-PL&currency=PLN&mediaPartnerId=6439681
Wrocław,Mediolan,Włochy,Warszawa,2026-08-26,2026-08-30,4,582.77,172.65,755.42,WRO,MILA,WARS,https://skyscanner.net/g/referrals/v1/flights/multicity/?mediaPartnerId=6439681&origin0=wro&date0=2026-08-26&destination0=mila&origin1=mila&date1=2026-08-30&destination1=wars&adultsv2=1&market=PL&locale=pl-PL&currency=PLN
Wrocław,Mediolan,Włochy,Warszawa,2026-08-26,2026-08-30,4,582.77,172.65,755.42,WRO,MIL,WARS,https://skyscanner.net/g/referrals/v1/flights/multicity/?mediaPartnerId=6439681&origin0=wro&date0=2026-08-26&destination0=mil&origin1=mil&date1=2026-08-30&destination1=wars&adultsv2=1&market=PL&locale=pl-PL&currency=PLN
Warszawa,Majorka,Hiszpania,Gdańsk,2026-08-29,2026-08-31,2,258.98,496.46,755.44,WARS,PMI,GDN,https://skyscanner.net/g/referrals/v1/flights/multicity/?mediaPartnerId=6439681&origin0=wars&date0=2026-08-29&destination0=pmi&origin1=pmi&date1=2026-08-31&destination1=gdn&adultsv2=1&market=PL&locale=pl-PL&currency=PLN
Gdańsk,Zadar,Chorwacja,Warszawa,2026-08-26,2026-08-30,4,215.81,539.63,755.44,GDN,ZAD,WARS,https://skyscanner.net/g/referrals/v1/flights/multicity/?mediaPartnerId=6439681&origin0=gdn&date0=2026-08-26&destination0=zad&origin1=zad&date1=2026-08-30&destination1=wars&adultsv2=1&market=PL&locale=pl-PL&currency=PLN
Gdańsk,Mediolan,Włochy,Warszawa,2026-08-29,2026-08-31,2,600.55,155.38,755.93,GDN,MILA,WARS,https://skyscanner.net/g/referrals/v1/flights/multicity/?mediaPartnerId=6439681&origin0=gdn&date0=2026-08-29&destination0=mila&origin1=mila&date1=2026-08-31&destination1=wars&adultsv2=1&market=PL&locale=pl-PL&currency=PLN
Gdańsk,Mediolan,Włochy,Warszawa,2026-08-29,2026-08-31,2,600.55,155.38,755.93,GDN,MIL,WARS,https://skyscanner.net/g/referrals/v1/flights/multicity/?mediaPartnerId=6439681&origin0=gdn&date0=2026-08-29&destination0=mil&origin1=mil&date1=2026-08-31&destination1=wars&adultsv2=1&market=PL&locale=pl-PL&currency=PLN
Katowice,Dubrovnik,Chorwacja,Poznań,2026-08-25,2026-08-27,2,238.0,518.16,756.16,KTW,DBV,POZ,https://skyscanner.net/g/referrals/v1/flights/multicity/?mediaPartnerId=6439681&origin0=ktw&date0=2026-08-25&destination0=dbv&origin1=dbv&date1=2026-08-27&destination1=poz&adultsv2=1&market=PL&locale=pl-PL&currency=PLN
Katowice,Tirana,Albania,Kraków,2026-08-27,2026-08-31,4,145.0,611.24,756.24,KTW,TIA,KRK,https://skyscanner.net/g/referrals/v1/flights/multicity/?mediaPartnerId=6439681&origin0=ktw&date0=2026-08-27&destination0=tia&origin1=tia&date1=2026-08-31&destination1=krk&adultsv2=1&market=PL&locale=pl-PL&currency=PLN
Wrocław,Mediolan,Włochy,Kraków,2026-08-26,2026-08-31,5,582.77,174.31,757.0799999999999,WRO,MILA,KRK,https://skyscanner.net/g/referrals/v1/flights/multicity/?mediaPartnerId=6439681&origin0=wro&date0=2026-08-26&destination0=mila&origin1=mila&date1=2026-08-31&destination1=krk&adultsv2=1&market=PL&locale=pl-PL&currency=PLN
Poznań,Podgorica,Czarnogóra,Katowice,2026-08-27,2026-08-30,3,174.31,582.81,757.1199999999999,POZ,TGD,KTW,https://skyscanner.net/g/referrals/v1/flights/multicity/?mediaPartnerId=6439681&origin0=poz&date0=2026-08-27&destination0=tgd&origin1=tgd&date1=2026-08-30&destination1=ktw&adultsv2=1&market=PL&locale=pl-PL&currency=PLN
Warszawa,Podgorica,Czarnogóra,Kraków,2026-08-29,2026-08-31,2,319.0,438.15,757.15,WARS,TGD,KRK,https://skyscanner.net/g/referrals/v1/flights/multicity/?mediaPartnerId=6439681&origin0=wars&date0=2026-08-29&destination0=tgd&origin1=tgd&date1=2026-08-31&destination1=krk&adultsv2=1&market=PL&locale=pl-PL&currency=PLN
Warszawa,Bari,Włochy,Kraków,2026-08-27,2026-08-29,2,217.31,540.29,757.5999999999999,WARS,BRI,KRK,https://skyscanner.net/g/referrals/v1/flights/multicity/?mediaPartnerId=6439681&origin0=wars&date0=2026-08-27&destination0=bri&origin1=bri&date1=2026-08-29&destination1=krk&adultsv2=1&market=PL&locale=pl-PL&currency=PLN
Warszawa,Bolonia,Włochy,Warszawa,2026-08-25,2026-08-29,4,499.12,259.0,758.12,WARS,BLQ,WARS,https://www.skyscanner.net/g/referrals/v1/flights/day-view/?origin=wars&destination=blq&outboundDate=2026-08-25&inboundDate=2026-08-29&market=PL&locale=pl-PL&currency=PLN&mediaPartnerId=6439681
Poznań,Bari,Włochy,Warszawa,2026-08-26,2026-08-29,3,296.34,461.89,758.23,POZ,BRI,WARS,https://skyscanner.net/g/referrals/v1/flights/multicity/?mediaPartnerId=6439681&origin0=poz&date0=2026-08-26&destination0=bri&origin1=bri&date1=2026-08-29&destination1=wars&adultsv2=1&market=PL&locale=pl-PL&currency=PLN
Wrocław,Rzym,Włochy,Katowice,2026-08-25,2026-08-27,2,483.47,275.03,758.5,WRO,ROME,KTW,https://skyscanner.net/g/referrals/v1/flights/multicity/?mediaPartnerId=6439681&origin0=wro&date0=2026-08-25&destination0=rome&origin1=rome&date1=2026-08-27&destination1=ktw&adultsv2=1&market=PL&locale=pl-PL&currency=PLN
Wrocław,Rzym,Włochy,Warszawa,2026-08-25,2026-08-31,6,483.47,275.03,758.5,WRO,ROME,WARS,https://skyscanner.net/g/referrals/v1/flights/multicity/?mediaPartnerId=6439681&origin0=wro&date0=2026-08-25&destination0=rome&origin1=rome&date1=2026-08-31&destination1=wars&adultsv2=1&market=PL&locale=pl-PL&currency=PLN
Kraków,Rodos,Grecja,Warszawa,2026-08-27,2026-08-31,4,179.0,580.49,759.49,KRK,RHO,WARS,https://skyscanner.net/g/referrals/v1/flights/multicity/?mediaPartnerId=6439681&origin0=krk&date0=2026-08-27&destination0=rho&origin1=rho&date1=2026-08-31&destination1=wars&adultsv2=1&market=PL&locale=pl-PL&currency=PLN
Warszawa,Bolonia,Włochy,Wrocław,2026-08-28,2026-08-31,3,483.37,276.25,759.62,WARS,BLQ,WRO,https://skyscanner.net/g/referrals/v1/flights/multicity/?mediaPartnerId=6439681&origin0=wars&date0=2026-08-28&destination0=blq&origin1=blq&date1=2026-08-31&destination1=wro&adultsv2=1&market=PL&locale=pl-PL&currency=PLN
Kraków,Paryż,Francja,Poznań,2026-08-27,2026-08-31,4,669.11,90.55,759.66,KRK,BVA,POZ,https://skyscanner.net/g/referrals/v1/flights/multicity/?mediaPartnerId=6439681&origin0=krk&date0=2026-08-27&destination0=bva&origin1=bva&date1=2026-08-31&destination1=poz&adultsv2=1&market=PL&locale=pl-PL&currency=PLN
Poznań,Zadar,Chorwacja,Katowice,2026-08-22,2026-08-25,3,509.37,251.0,760.37,POZ,ZAD,KTW,https://skyscanner.net/g/referrals/v1/flights/multicity/?mediaPartnerId=6439681&origin0=poz&date0=2026-08-22&destination0=zad&origin1=zad&date1=2026-08-25&destination1=ktw&adultsv2=1&market=PL&locale=pl-PL&currency=PLN
Warszawa,Rzym,Włochy,Wrocław,2026-08-26,2026-08-28,2,397.88,362.59,760.47,WARS,ROME,WRO,https://skyscanner.net/g/referrals/v1/flights/multicity/?mediaPartnerId=6439681&origin0=wars&date0=2026-08-26&destination0=rome&origin1=rome&date1=2026-08-28&destination1=wro&adultsv2=1&market=PL&locale=pl-PL&currency=PLN
Gdańsk,Tirana,Albania,Wrocław,2026-08-25,2026-08-28,3,170.0,591.0,761.0,GDN,TIA,WRO,https://skyscanner.net/g/referrals/v1/flights/multicity/?mediaPartnerId=6439681&origin0=gdn&date0=2026-08-25&destination0=tia&origin1=tia&date1=2026-08-28&destination1=wro&adultsv2=1&market=PL&locale=pl-PL&currency=PLN
Gdańsk,Tirana,Albania,Poznań,2026-08-25,2026-08-27,2,170.0,591.0,761.0,GDN,TIA,POZ,https://skyscanner.net/g/referrals/v1/flights/multicity/?mediaPartnerId=6439681&origin0=gdn&date0=2026-08-25&destination0=tia&origin1=tia&date1=2026-08-27&destination1=poz&adultsv2=1&market=PL&locale=pl-PL&currency=PLN
Kraków,Podgorica,Czarnogóra,Wrocław,2026-08-25,2026-08-27,2,148.24,612.99,761.23,KRK,TGD,WRO,https://skyscanner.net/g/referrals/v1/flights/multicity/?mediaPartnerId=6439681&origin0=krk&date0=2026-08-25&destination0=tgd&origin1=tgd&date1=2026-08-27&destination1=wro&adultsv2=1&market=PL&locale=pl-PL&currency=PLN
Poznań,Zadar,Chorwacja,Kraków,2026-08-25,2026-08-29,4,164.01,597.46,761.47,POZ,ZAD,KRK,https://skyscanner.net/g/referrals/v1/flights/multicity/?mediaPartnerId=6439681&origin0=poz&date0=2026-08-25&destination0=zad&origin1=zad&date1=2026-08-29&destination1=krk&adultsv2=1&market=PL&locale=pl-PL&currency=PLN
Gdańsk,Tirana,Albania,Wrocław,2026-08-25,2026-08-31,6,170.0,591.83,761.83,GDN,TIA,WRO,https://skyscanner.net/g/referrals/v1/flights/multicity/?mediaPartnerId=6439681&origin0=gdn&date0=2026-08-25&destination0=tia&origin1=tia&date1=2026-08-31&destination1=wro&adultsv2=1&market=PL&locale=pl-PL&currency=PLN
Wrocław,Glasgow,Szkocja,Wrocław,2026-08-26,2026-08-29,3,595.72,166.28,762.0,WRO,GLA,WRO,https://www.skyscanner.net/g/referrals/v1/flights/day-view/?origin=wro&destination=gla&outboundDate=2026-08-26&inboundDate=2026-08-29&market=PL&locale=pl-PL&currency=PLN&mediaPartnerId=6439681
Warszawa,Piza,Włochy,Warszawa,2026-08-25,2026-08-27,2,460.15,302.15,762.3,WARS,PSA,WARS,https://www.skyscanner.net/g/referrals/v1/flights/day-view/?origin=wars&destination=psa&outboundDate=2026-08-25&inboundDate=2026-08-27&market=PL&locale=pl-PL&currency=PLN&mediaPartnerId=6439681
Warszawa,Rzym,Włochy,Kraków,2026-08-27,2026-08-29,2,503.5,259.0,762.5,WARS,ROM,KRK,https://skyscanner.net/g/referrals/v1/flights/multicity/?mediaPartnerId=6439681&origin0=wars&date0=2026-08-27&destination0=rom&origin1=rom&date1=2026-08-29&destination1=krk&adultsv2=1&market=PL&locale=pl-PL&currency=PLN
Warszawa,Rzym,Włochy,Kraków,2026-08-27,2026-08-29,2,503.5,259.0,762.5,WARS,ROME,KRK,https://skyscanner.net/g/referrals/v1/flights/multicity/?mediaPartnerId=6439681&origin0=wars&date0=2026-08-27&destination0=rome&origin1=rome&date1=2026-08-29&destination1=krk&adultsv2=1&market=PL&locale=pl-PL&currency=PLN
Warszawa,Rzym,Włochy,Katowice,2026-08-27,2026-08-29,2,503.5,259.0,762.5,WARS,ROME,KTW,https://skyscanner.net/g/referrals/v1/flights/multicity/?mediaPartnerId=6439681&origin0=wars&date0=2026-08-27&destination0=rome&origin1=rome&date1=2026-08-29&destination1=ktw&adultsv2=1&market=PL&locale=pl-PL&currency=PLN
Warszawa,Rzym,Włochy,Katowice,2026-08-27,2026-08-29,2,503.5,259.0,762.5,WARS,ROM,KTW,https://skyscanner.net/g/referrals/v1/flights/multicity/?mediaPartnerId=6439681&origin0=wars&date0=2026-08-27&destination0=rom&origin1=rom&date1=2026-08-29&destination1=ktw&adultsv2=1&market=PL&locale=pl-PL&currency=PLN
Warszawa,Rzym,Włochy,Poznań,2026-08-27,2026-08-29,2,503.5,259.28,762.78,WARS,ROME,POZ,https://skyscanner.net/g/referrals/v1/flights/multicity/?mediaPartnerId=6439681&origin0=wars&date0=2026-08-27&destination0=rome&origin1=rome&date1=2026-08-29&destination1=poz&adultsv2=1&market=PL&locale=pl-PL&currency=PLN
Wrocław,Rzym,Włochy,Warszawa,2026-08-27,2026-08-31,4,487.79,275.03,762.8199999999999,WRO,ROME,WARS,https://skyscanner.net/g/referrals/v1/flights/multicity/?mediaPartnerId=6439681&origin0=wro&date0=2026-08-27&destination0=rome&origin1=rome&date1=2026-08-31&destination1=wars&adultsv2=1&market=PL&locale=pl-PL&currency=PLN
Warszawa,Rzym,Włochy,Kraków,2026-08-25,2026-08-31,6,520.68,242.31,762.99,WARS,ROME,KRK,https://skyscanner.net/g/referrals/v1/flights/multicity/?mediaPartnerId=6439681&origin0=wars&date0=2026-08-25&destination0=rome&origin1=rome&date1=2026-08-31&destination1=krk&adultsv2=1&market=PL&locale=pl-PL&currency=PLN
Warszawa,Majorka,Hiszpania,Kraków,2026-08-27,2026-08-31,4,253.12,509.91,763.03,WARS,PMI,KRK,https://skyscanner.net/g/referrals/v1/flights/multicity/?mediaPartnerId=6439681&origin0=wars&date0=2026-08-27&destination0=pmi&origin1=pmi&date1=2026-08-31&destination1=krk&adultsv2=1&market=PL&locale=pl-PL&currency=PLN
Poznań,Bari,Włochy,Kraków,2026-08-27,2026-08-29,2,223.72,540.29,764.01,POZ,BRI,KRK,https://skyscanner.net/g/referrals/v1/flights/multicity/?mediaPartnerId=6439681&origin0=poz&date0=2026-08-27&destination0=bri&origin1=bri&date1=2026-08-29&destination1=krk&adultsv2=1&market=PL&locale=pl-PL&currency=PLN
Kraków,Zadar,Chorwacja,Poznań,2026-08-27,2026-08-29,2,289.2,474.83,764.03,KRK,ZAD,POZ,https://skyscanner.net/g/referrals/v1/flights/multicity/?mediaPartnerId=6439681&origin0=krk&date0=2026-08-27&destination0=zad&origin1=zad&date1=2026-08-29&destination1=poz&adultsv2=1&market=PL&locale=pl-PL&currency=PLN
Poznań,Zadar,Chorwacja,Poznań,2026-08-27,2026-08-29,2,289.2,474.83,764.03,POZ,ZAD,POZ,https://www.skyscanner.net/g/referrals/v1/flights/day-view/?origin=poz&destination=zad&outboundDate=2026-08-27&inboundDate=2026-08-29&market=PL&locale=pl-PL&currency=PLN&mediaPartnerId=6439681
Warszawa,Rzym,Włochy,Katowice,2026-08-24,2026-08-27,3,489.0,275.03,764.03,WARS,ROME,KTW,https://skyscanner.net/g/referrals/v1/flights/multicity/?mediaPartnerId=6439681&origin0=wars&date0=2026-08-24&destination0=rome&origin1=rome&date1=2026-08-27&destination1=ktw&adultsv2=1&market=PL&locale=pl-PL&currency=PLN
Warszawa,Rzym,Włochy,Warszawa,2026-08-24,2026-08-31,7,489.0,275.03,764.03,WARS,ROME,WARS,https://www.skyscanner.net/g/referrals/v1/flights/day-view/?origin=wars&destination=rome&outboundDate=2026-08-24&inboundDate=2026-08-31&market=PL&locale=pl-PL&currency=PLN&mediaPartnerId=6439681
Wrocław,Dubrovnik,Chorwacja,Kraków,2026-08-22,2026-08-26,4,345.32,418.72,764.04,WRO,DBV,KRK,https://skyscanner.net/g/referrals/v1/flights/multicity/?mediaPartnerId=6439681&origin0=wro&date0=2026-08-22&destination0=dbv&origin1=dbv&date1=2026-08-26&destination1=krk&adultsv2=1&market=PL&locale=pl-PL&currency=PLN
Kraków,Bari,Włochy,Wrocław,2026-08-27,2026-08-30,3,332.37,431.7,764.0699999999999,KRK,BRI,WRO,https://skyscanner.net/g/referrals/v1/flights/multicity/?mediaPartnerId=6439681&origin0=krk&date0=2026-08-27&destination0=bri&origin1=bri&date1=2026-08-30&destination1=wro&adultsv2=1&market=PL&locale=pl-PL&currency=PLN
Kraków,Bari,Włochy,Wrocław,2026-08-28,2026-08-30,2,332.37,431.7,764.0699999999999,KRK,BRI,WRO,https://skyscanner.net/g/referrals/v1/flights/multicity/?mediaPartnerId=6439681&origin0=krk&date0=2026-08-28&destination0=bri&origin1=bri&date1=2026-08-30&destination1=wro&adultsv2=1&market=PL&locale=pl-PL&currency=PLN
Wrocław,Dubrovnik,Chorwacja,Warszawa,2026-08-27,2026-08-29,2,224.45,539.63,764.0799999999999,WRO,DBV,WARS,https://skyscanner.net/g/referrals/v1/flights/multicity/?mediaPartnerId=6439681&origin0=wro&date0=2026-08-27&destination0=dbv&origin1=dbv&date1=2026-08-29&destination1=wars&adultsv2=1&market=PL&locale=pl-PL&currency=PLN
Katowice,Alghero,Włochy,Katowice,2026-08-27,2026-08-31,4,200.31,564.05,764.3599999999999,KTW,AHO,KTW,https://www.skyscanner.net/g/referrals/v1/flights/day-view/?origin=ktw&destination=aho&outboundDate=2026-08-27&inboundDate=2026-08-31&market=PL&locale=pl-PL&currency=PLN&mediaPartnerId=6439681
Wrocław,Zadar,Chorwacja,Kraków,2026-08-25,2026-08-27,2,104.0,660.47,764.47,WRO,ZAD,KRK,https://skyscanner.net/g/referrals/v1/flights/multicity/?mediaPartnerId=6439681&origin0=wro&date0=2026-08-25&destination0=zad&origin1=zad&date1=2026-08-27&destination1=krk&adultsv2=1&market=PL&locale=pl-PL&currency=PLN
Warszawa,Wenecja,Włochy,Kraków,2026-08-26,2026-08-28,2,462.37,302.21,764.5799999999999,WARS,TSF,KRK,https://skyscanner.net/g/referrals/v1/flights/multicity/?mediaPartnerId=6439681&origin0=wars&date0=2026-08-26&destination0=tsf&origin1=tsf&date1=2026-08-28&destination1=krk&adultsv2=1&market=PL&locale=pl-PL&currency=PLN
Poznań,Palermo,Włochy,Warszawa,2026-08-28,2026-08-30,2,268.31,496.46,764.77,POZ,PMO,WARS,https://skyscanner.net/g/referrals/v1/flights/multicity/?mediaPartnerId=6439681&origin0=poz&date0=2026-08-28&destination0=pmo&origin1=pmo&date1=2026-08-30&destination1=wars&adultsv2=1&market=PL&locale=pl-PL&currency=PLN
Kraków,Katania,Włochy,Katowice,2026-08-26,2026-08-29,3,384.57,380.26,764.8299999999999,KRK,CTA,KTW,https://skyscanner.net/g/referrals/v1/flights/multicity/?mediaPartnerId=6439681&origin0=krk&date0=2026-08-26&destination0=cta&origin1=cta&date1=2026-08-29&destination1=ktw&adultsv2=1&market=PL&locale=pl-PL&currency=PLN
Wrocław,Rzym,Włochy,Kraków,2026-08-25,2026-08-29,4,483.47,281.55,765.02,WRO,ROME,KRK,https://skyscanner.net/g/referrals/v1/flights/multicity/?mediaPartnerId=6439681&origin0=wro&date0=2026-08-25&destination0=rome&origin1=rome&date1=2026-08-29&destination1=krk&adultsv2=1&market=PL&locale=pl-PL&currency=PLN
Warszawa,Alghero,Włochy,Katowice,2026-08-26,2026-08-31,5,201.12,564.05,765.17,WARS,AHO,KTW,https://skyscanner.net/g/referrals/v1/flights/multicity/?mediaPartnerId=6439681&origin0=wars&date0=2026-08-26&destination0=aho&origin1=aho&date1=2026-08-31&destination1=ktw&adultsv2=1&market=PL&locale=pl-PL&currency=PLN
Wrocław,Mediolan,Włochy,Kraków,2026-08-26,2026-08-28,2,582.77,182.51,765.28,WRO,MILA,KRK,https://skyscanner.net/g/referrals/v1/flights/multicity/?mediaPartnerId=6439681&origin0=wro&date0=2026-08-26&destination0=mila&origin1=mila&date1=2026-08-28&destination1=krk&adultsv2=1&market=PL&locale=pl-PL&currency=PLN
Kraków,Katania,Włochy,Kraków,2026-08-28,2026-08-31,3,501.57,264.0,765.5699999999999,KRK,CTA,KRK,https://www.skyscanner.net/g/referrals/v1/flights/day-view/?origin=krk&destination=cta&outboundDate=2026-08-28&inboundDate=2026-08-31&market=PL&locale=pl-PL&currency=PLN&mediaPartnerId=6439681
Warszawa,Piza,Włochy,Kraków,2026-08-25,2026-08-28,3,460.15,306.36,766.51,WARS,PSA,KRK,https://skyscanner.net/g/referrals/v1/flights/multicity/?mediaPartnerId=6439681&origin0=wars&date0=2026-08-25&destination0=psa&origin1=psa&date1=2026-08-28&destination1=krk&adultsv2=1&market=PL&locale=pl-PL&currency=PLN
Warszawa,Alghero,Włochy,Warszawa,2026-08-27,2026-08-29,2,227.68,539.63,767.31,WARS,AHO,WARS,https://www.skyscanner.net/g/referrals/v1/flights/day-view/?origin=wars&destination=aho&outboundDate=2026-08-27&inboundDate=2026-08-29&market=PL&locale=pl-PL&currency=PLN&mediaPartnerId=6439681
Poznań,Rzym,Włochy,Katowice,2026-08-26,2026-08-29,3,508.37,259.0,767.37,POZ,ROM,KTW,https://skyscanner.net/g/referrals/v1/flights/multicity/?mediaPartnerId=6439681&origin0=poz&date0=2026-08-26&destination0=rom&origin1=rom&date1=2026-08-29&destination1=ktw&adultsv2=1&market=PL&locale=pl-PL&currency=PLN
Poznań,Rzym,Włochy,Katowice,2026-08-26,2026-08-29,3,508.37,259.0,767.37,POZ,ROME,KTW,https://skyscanner.net/g/referrals/v1/flights/multicity/?mediaPartnerId=6439681&origin0=poz&date0=2026-08-26&destination0=rome&origin1=rome&date1=2026-08-29&destination1=ktw&adultsv2=1&market=PL&locale=pl-PL&currency=PLN
Poznań,Rzym,Włochy,Kraków,2026-08-26,2026-08-29,3,508.37,259.0,767.37,POZ,ROME,KRK,https://skyscanner.net/g/referrals/v1/flights/multicity/?mediaPartnerId=6439681&origin0=poz&date0=2026-08-26&destination0=rome&origin1=rome&date1=2026-08-29&destination1=krk&adultsv2=1&market=PL&locale=pl-PL&currency=PLN
Poznań,Rzym,Włochy,Kraków,2026-08-26,2026-08-29,3,508.37,259.0,767.37,POZ,ROM,KRK,https://skyscanner.net/g/referrals/v1/flights/multicity/?mediaPartnerId=6439681&origin0=poz&date0=2026-08-26&destination0=rom&origin1=rom&date1=2026-08-29&destination1=krk&adultsv2=1&market=PL&locale=pl-PL&currency=PLN
Poznań,Rzym,Włochy,Poznań,2026-08-26,2026-08-29,3,508.37,259.28,767.65,POZ,ROME,POZ,https://www.skyscanner.net/g/referrals/v1/flights/day-view/?origin=poz&destination=rome&outboundDate=2026-08-26&inboundDate=2026-08-29&market=PL&locale=pl-PL&currency=PLN&mediaPartnerId=6439681
Warszawa,Bari,Włochy,Katowice,2026-08-27,2026-08-31,4,217.31,550.56,767.8699999999999,WARS,BRI,KTW,https://skyscanner.net/g/referrals/v1/flights/multicity/?mediaPartnerId=6439681&origin0=wars&date0=2026-08-27&destination0=bri&origin1=bri&date1=2026-08-31&destination1=ktw&adultsv2=1&market=PL&locale=pl-PL&currency=PLN
Poznań,Rzym,Włochy,Warszawa,2026-08-26,2026-08-28,2,508.37,259.75,768.12,POZ,ROME,WARS,https://skyscanner.net/g/referrals/v1/flights/multicity/?mediaPartnerId=6439681&origin0=poz&date0=2026-08-26&destination0=rome&origin1=rome&date1=2026-08-28&destination1=wars&adultsv2=1&market=PL&locale=pl-PL&currency=PLN
Poznań,Zadar,Chorwacja,Poznań,2026-08-24,2026-08-27,3,410.08,358.28,768.3599999999999,POZ,ZAD,POZ,https://www.skyscanner.net/g/referrals/v1/flights/day-view/?origin=poz&destination=zad&outboundDate=2026-08-24&inboundDate=2026-08-27&market=PL&locale=pl-PL&currency=PLN&mediaPartnerId=6439681
Wrocław,Podgorica,Czarnogóra,Wrocław,2026-08-27,2026-08-29,2,276.25,492.11,768.36,WRO,TGD,WRO,https://www.skyscanner.net/g/referrals/v1/flights/day-view/?origin=wro&destination=tgd&outboundDate=2026-08-27&inboundDate=2026-08-29&market=PL&locale=pl-PL&currency=PLN&mediaPartnerId=6439681
Gdańsk,Nicea,Francja,Warszawa,2026-08-29,2026-08-31,2,229.0,539.63,768.63,GDN,NCE,WARS,https://skyscanner.net/g/referrals/v1/flights/multicity/?mediaPartnerId=6439681&origin0=gdn&date0=2026-08-29&destination0=nce&origin1=nce&date1=2026-08-31&destination1=wars&adultsv2=1&market=PL&locale=pl-PL&currency=PLN
Warszawa,Majorka,Hiszpania,Kraków,2026-08-29,2026-08-31,2,258.98,509.91,768.8900000000001,WARS,PMI,KRK,https://skyscanner.net/g/referrals/v1/flights/multicity/?mediaPartnerId=6439681&origin0=wars&date0=2026-08-29&destination0=pmi&origin1=pmi&date1=2026-08-31&destination1=krk&adultsv2=1&market=PL&locale=pl-PL&currency=PLN
Wrocław,Rzym,Włochy,Kraków,2026-08-27,2026-08-29,2,487.79,281.55,769.34,WRO,ROME,KRK,https://skyscanner.net/g/referrals/v1/flights/multicity/?mediaPartnerId=6439681&origin0=wro&date0=2026-08-27&destination0=rome&origin1=rome&date1=2026-08-29&destination1=krk&adultsv2=1&market=PL&locale=pl-PL&currency=PLN
Poznań,Bari,Włochy,Poznań,2026-08-26,2026-08-28,2,296.34,473.97,770.31,POZ,BRI,POZ,https://www.skyscanner.net/g/referrals/v1/flights/day-view/?origin=poz&destination=bri&outboundDate=2026-08-26&inboundDate=2026-08-28&market=PL&locale=pl-PL&currency=PLN&mediaPartnerId=6439681
Warszawa,Rzym,Włochy,Kraków,2026-08-24,2026-08-29,5,489.0,281.55,770.55,WARS,ROME,KRK,https://skyscanner.net/g/referrals/v1/flights/multicity/?mediaPartnerId=6439681&origin0=wars&date0=2026-08-24&destination0=rome&origin1=rome&date1=2026-08-29&destination1=krk&adultsv2=1&market=PL&locale=pl-PL&currency=PLN
Poznań,Chania,Grecja,Wrocław,2026-08-25,2026-08-27,2,145.0,625.94,770.94,POZ,CHQ,WRO,https://skyscanner.net/g/referrals/v1/flights/multicity/?mediaPartnerId=6439681&origin0=poz&date0=2026-08-25&destination0=chq&origin1=chq&date1=2026-08-27&destination1=wro&adultsv2=1&market=PL&locale=pl-PL&currency=PLN
Kraków,Podgorica,Czarnogóra,Warszawa,2026-08-27,2026-08-29,2,145.0,625.98,770.98,KRK,TGD,WARS,https://skyscanner.net/g/referrals/v1/flights/multicity/?mediaPartnerId=6439681&origin0=krk&date0=2026-08-27&destination0=tgd&origin1=tgd&date1=2026-08-29&destination1=wars&adultsv2=1&market=PL&locale=pl-PL&currency=PLN
Wrocław,Zadar,Chorwacja,Warszawa,2026-08-27,2026-08-30,3,231.36,539.63,770.99,WRO,ZAD,WARS,https://skyscanner.net/g/referrals/v1/flights/multicity/?mediaPartnerId=6439681&origin0=wro&date0=2026-08-27&destination0=zad&origin1=zad&date1=2026-08-30&destination1=wars&adultsv2=1&market=PL&locale=pl-PL&currency=PLN
Warszawa,Bolonia,Włochy,Wrocław,2026-08-25,2026-08-29,4,499.12,271.93,771.05,WARS,BLQ,WRO,https://skyscanner.net/g/referrals/v1/flights/multicity/?mediaPartnerId=6439681&origin0=wars&date0=2026-08-25&destination0=blq&origin1=blq&date1=2026-08-29&destination1=wro&adultsv2=1&market=PL&locale=pl-PL&currency=PLN
Kraków,Dubrovnik,Chorwacja,Gdańsk,2026-08-24,2026-08-27,3,405.76,365.36,771.12,KRK,DBV,GDN,https://skyscanner.net/g/referrals/v1/flights/multicity/?mediaPartnerId=6439681&origin0=krk&date0=2026-08-24&destination0=dbv&origin1=dbv&date1=2026-08-27&destination1=gdn&adultsv2=1&market=PL&locale=pl-PL&currency=PLN
Wrocław,Paryż,Francja,Kraków,2026-08-27,2026-08-29,2,586.39,185.59,771.98,WRO,BVA,KRK,https://skyscanner.net/g/referrals/v1/flights/multicity/?mediaPartnerId=6439681&origin0=wro&date0=2026-08-27&destination0=bva&origin1=bva&date1=2026-08-29&destination1=krk&adultsv2=1&market=PL&locale=pl-PL&currency=PLN
Gdańsk,Wenecja,Włochy,Warszawa,2026-08-27,2026-08-31,4,428.33,343.83,772.16,GDN,TSF,WARS,https://skyscanner.net/g/referrals/v1/flights/multicity/?mediaPartnerId=6439681&origin0=gdn&date0=2026-08-27&destination0=tsf&origin1=tsf&date1=2026-08-31&destination1=wars&adultsv2=1&market=PL&locale=pl-PL&currency=PLN
Wrocław,Rzym,Włochy,Kraków,2026-08-28,2026-08-30,2,466.2,306.36,772.56,WRO,ROME,KRK,https://skyscanner.net/g/referrals/v1/flights/multicity/?mediaPartnerId=6439681&origin0=wro&date0=2026-08-28&destination0=rome&origin1=rome&date1=2026-08-30&destination1=krk&adultsv2=1&market=PL&locale=pl-PL&currency=PLN
Warszawa,Bolonia,Włochy,Kraków,2026-08-28,2026-08-31,3,483.37,289.2,772.5699999999999,WARS,BLQ,KRK,https://skyscanner.net/g/referrals/v1/flights/multicity/?mediaPartnerId=6439681&origin0=wars&date0=2026-08-28&destination0=blq&origin1=blq&date1=2026-08-31&destination1=krk&adultsv2=1&market=PL&locale=pl-PL&currency=PLN
Poznań,Zadar,Chorwacja,Poznań,2026-08-26,2026-08-28,2,358.28,414.39,772.67,POZ,ZAD,POZ,https://www.skyscanner.net/g/referrals/v1/flights/day-view/?origin=poz&destination=zad&outboundDate=2026-08-26&inboundDate=2026-08-28&market=PL&locale=pl-PL&currency=PLN&mediaPartnerId=6439681
Poznań,Girona,Hiszpania,Poznań,2026-08-26,2026-08-28,2,358.28,414.4,772.68,POZ,GRO,POZ,https://www.skyscanner.net/g/referrals/v1/flights/day-view/?origin=poz&destination=gro&outboundDate=2026-08-26&inboundDate=2026-08-28&market=PL&locale=pl-PL&currency=PLN&mediaPartnerId=6439681
Poznań,Zadar,Chorwacja,Gdańsk,2026-08-25,2026-08-28,3,164.01,608.67,772.68,POZ,ZAD,GDN,https://skyscanner.net/g/referrals/v1/flights/multicity/?mediaPartnerId=6439681&origin0=poz&date0=2026-08-25&destination0=zad&origin1=zad&date1=2026-08-28&destination1=gdn&adultsv2=1&market=PL&locale=pl-PL&currency=PLN
Wrocław,Podgorica,Czarnogóra,Wrocław,2026-08-22,2026-08-29,7,280.57,492.11,772.6800000000001,WRO,TGD,WRO,https://www.skyscanner.net/g/referrals/v1/flights/day-view/?origin=wro&destination=tgd&outboundDate=2026-08-22&inboundDate=2026-08-29&market=PL&locale=pl-PL&currency=PLN&mediaPartnerId=6439681
Kraków,Katania,Włochy,Katowice,2026-08-26,2026-08-28,2,384.57,388.5,773.0699999999999,KRK,CTA,KTW,https://skyscanner.net/g/referrals/v1/flights/multicity/?mediaPartnerId=6439681&origin0=krk&date0=2026-08-26&destination0=cta&origin1=cta&date1=2026-08-28&destination1=ktw&adultsv2=1&market=PL&locale=pl-PL&currency=PLN
Warszawa,Katania,Włochy,Kraków,2026-08-27,2026-08-29,2,275.92,497.26,773.1800000000001,WARS,CTA,KRK,https://skyscanner.net/g/referrals/v1/flights/multicity/?mediaPartnerId=6439681&origin0=wars&date0=2026-08-27&destination0=cta&origin1=cta&date1=2026-08-29&destination1=krk&adultsv2=1&market=PL&locale=pl-PL&currency=PLN
Wrocław,Mediolan,Włochy,Katowice,2026-08-24,2026-08-26,2,695.01,78.4,773.41,WRO,MILA,KTW,https://skyscanner.net/g/referrals/v1/flights/multicity/?mediaPartnerId=6439681&origin0=wro&date0=2026-08-24&destination0=mila&origin1=mila&date1=2026-08-26&destination1=ktw&adultsv2=1&market=PL&locale=pl-PL&currency=PLN
Gdańsk,Wenecja,Włochy,Warszawa,2026-08-27,2026-08-31,4,428.33,345.35,773.6800000000001,GDN,VCE,WARS,https://skyscanner.net/g/referrals/v1/flights/multicity/?mediaPartnerId=6439681&origin0=gdn&date0=2026-08-27&destination0=vce&origin1=vce&date1=2026-08-31&destination1=wars&adultsv2=1&market=PL&locale=pl-PL&currency=PLN
Gdańsk,Wenecja,Włochy,Warszawa,2026-08-27,2026-08-31,4,428.33,345.35,773.6800000000001,GDN,VEN,WARS,https://skyscanner.net/g/referrals/v1/flights/multicity/?mediaPartnerId=6439681&origin0=gdn&date0=2026-08-27&destination0=ven&origin1=ven&date1=2026-08-31&destination1=wars&adultsv2=1&market=PL&locale=pl-PL&currency=PLN
Wrocław,Neapol,Włochy,Wrocław,2026-08-26,2026-08-30,4,453.25,320.6,773.85,WRO,NAP,WRO,https://www.skyscanner.net/g/referrals/v1/flights/day-view/?origin=wro&destination=nap&outboundDate=2026-08-26&inboundDate=2026-08-30&market=PL&locale=pl-PL&currency=PLN&mediaPartnerId=6439681
Warszawa,Zadar,Chorwacja,Warszawa,2026-08-27,2026-08-30,3,234.31,539.63,773.94,WARS,ZAD,WARS,https://www.skyscanner.net/g/referrals/v1/flights/day-view/?origin=wars&destination=zad&outboundDate=2026-08-27&inboundDate=2026-08-30&market=PL&locale=pl-PL&currency=PLN&mediaPartnerId=6439681
Kraków,Podgorica,Czarnogóra,Warszawa,2026-08-26,2026-08-29,3,148.24,625.98,774.22,KRK,TGD,WARS,https://skyscanner.net/g/referrals/v1/flights/multicity/?mediaPartnerId=6439681&origin0=krk&date0=2026-08-26&destination0=tgd&origin1=tgd&date1=2026-08-29&destination1=wars&adultsv2=1&market=PL&locale=pl-PL&currency=PLN
Kraków,Podgorica,Czarnogóra,Warszawa,2026-08-25,2026-08-29,4,148.24,625.98,774.22,KRK,TGD,WARS,https://skyscanner.net/g/referrals/v1/flights/multicity/?mediaPartnerId=6439681&origin0=krk&date0=2026-08-25&destination0=tgd&origin1=tgd&date1=2026-08-29&destination1=wars&adultsv2=1&market=PL&locale=pl-PL&currency=PLN
Poznań,Bari,Włochy,Katowice,2026-08-27,2026-08-31,4,223.72,550.56,774.28,POZ,BRI,KTW,https://skyscanner.net/g/referrals/v1/flights/multicity/?mediaPartnerId=6439681&origin0=poz&date0=2026-08-27&destination0=bri&origin1=bri&date1=2026-08-31&destination1=ktw&adultsv2=1&market=PL&locale=pl-PL&currency=PLN
Wrocław,Tirana,Albania,Kraków,2026-08-24,2026-08-31,7,163.09,611.24,774.33,WRO,TIA,KRK,https://skyscanner.net/g/referrals/v1/flights/multicity/?mediaPartnerId=6439681&origin0=wro&date0=2026-08-24&destination0=tia&origin1=tia&date1=2026-08-31&destination1=krk&adultsv2=1&market=PL&locale=pl-PL&currency=PLN
Gdańsk,Mediolan,Włochy,Kraków,2026-08-29,2026-08-31,2,600.55,174.31,774.8599999999999,GDN,MILA,KRK,https://skyscanner.net/g/referrals/v1/flights/multicity/?mediaPartnerId=6439681&origin0=gdn&date0=2026-08-29&destination0=mila&origin1=mila&date1=2026-08-31&destination1=krk&adultsv2=1&market=PL&locale=pl-PL&currency=PLN
Wrocław,Zadar,Chorwacja,Warszawa,2026-08-25,2026-08-28,3,104.0,671.47,775.47,WRO,ZAD,WARS,https://skyscanner.net/g/referrals/v1/flights/multicity/?mediaPartnerId=6439681&origin0=wro&date0=2026-08-25&destination0=zad&origin1=zad&date1=2026-08-28&destination1=wars&adultsv2=1&market=PL&locale=pl-PL&currency=PLN
Gdańsk,Rzym,Włochy,Gdańsk,2026-08-24,2026-08-28,4,542.49,233.41,775.9,GDN,ROME,GDN,https://www.skyscanner.net/g/referrals/v1/flights/day-view/?origin=gdn&destination=rome&outboundDate=2026-08-24&inboundDate=2026-08-28&market=PL&locale=pl-PL&currency=PLN&mediaPartnerId=6439681
Warszawa,Majorka,Hiszpania,Gdańsk,2026-08-27,2026-08-30,3,140.26,636.51,776.77,WARS,PMI,GDN,https://skyscanner.net/g/referrals/v1/flights/multicity/?mediaPartnerId=6439681&origin0=wars&date0=2026-08-27&destination0=pmi&origin1=pmi&date1=2026-08-30&destination1=gdn&adultsv2=1&market=PL&locale=pl-PL&currency=PLN
Wrocław,Mediolan,Włochy,Katowice,2026-08-24,2026-08-27,3,695.01,81.86,776.87,WRO,MILA,KTW,https://skyscanner.net/g/referrals/v1/flights/multicity/?mediaPartnerId=6439681&origin0=wro&date0=2026-08-24&destination0=mila&origin1=mila&date1=2026-08-27&destination1=ktw&adultsv2=1&market=PL&locale=pl-PL&currency=PLN
Gdańsk,Podgorica,Czarnogóra,Katowice,2026-08-24,2026-08-30,6,194.42,582.81,777.2299999999999,GDN,TGD,KTW,https://skyscanner.net/g/referrals/v1/flights/multicity/?mediaPartnerId=6439681&origin0=gdn&date0=2026-08-24&destination0=tgd&origin1=tgd&date1=2026-08-30&destination1=ktw&adultsv2=1&market=PL&locale=pl-PL&currency=PLN
Warszawa,Wenecja,Włochy,Gdańsk,2026-08-26,2026-08-31,5,462.37,315.11,777.48,WARS,TSF,GDN,https://skyscanner.net/g/referrals/v1/flights/multicity/?mediaPartnerId=6439681&origin0=wars&date0=2026-08-26&destination0=tsf&origin1=tsf&date1=2026-08-31&destination1=gdn&adultsv2=1&market=PL&locale=pl-PL&currency=PLN
Katowice,Dubrovnik,Chorwacja,Warszawa,2026-08-25,2026-08-29,4,238.0,539.63,777.63,KTW,DBV,WARS,https://skyscanner.net/g/referrals/v1/flights/multicity/?mediaPartnerId=6439681&origin0=ktw&date0=2026-08-25&destination0=dbv&origin1=dbv&date1=2026-08-29&destination1=wars&adultsv2=1&market=PL&locale=pl-PL&currency=PLN
Kraków,Aberdeen,Wielka Brytania,Gdańsk,2026-08-26,2026-08-29,3,410.08,367.81,777.89,KRK,ABZ,GDN,https://skyscanner.net/g/referrals/v1/flights/multicity/?mediaPartnerId=6439681&origin0=krk&date0=2026-08-26&destination0=abz&origin1=abz&date1=2026-08-29&destination1=gdn&adultsv2=1&market=PL&locale=pl-PL&currency=PLN
Gdańsk,Zadar,Chorwacja,Kraków,2026-08-28,2026-08-30,2,208.31,569.81,778.1199999999999,GDN,ZAD,KRK,https://skyscanner.net/g/referrals/v1/flights/multicity/?mediaPartnerId=6439681&origin0=gdn&date0=2026-08-28&destination0=zad&origin1=zad&date1=2026-08-30&destination1=krk&adultsv2=1&market=PL&locale=pl-PL&currency=PLN
Wrocław,Zadar,Chorwacja,Warszawa,2026-08-26,2026-08-28,2,106.89,671.47,778.36,WRO,ZAD,WARS,https://skyscanner.net/g/referrals/v1/flights/multicity/?mediaPartnerId=6439681&origin0=wro&date0=2026-08-26&destination0=zad&origin1=zad&date1=2026-08-28&destination1=wars&adultsv2=1&market=PL&locale=pl-PL&currency=PLN
Gdańsk,Palermo,Włochy,Gdańsk,2026-08-22,2026-08-27,5,306.1,472.31,778.4100000000001,GDN,PMO,GDN,https://www.skyscanner.net/g/referrals/v1/flights/day-view/?origin=gdn&destination=pmo&outboundDate=2026-08-22&inboundDate=2026-08-27&market=PL&locale=pl-PL&currency=PLN&mediaPartnerId=6439681
Warszawa,Rzym,Włochy,Warszawa,2026-08-27,2026-08-31,4,503.5,275.03,778.53,WARS,ROME,WARS,https://www.skyscanner.net/g/referrals/v1/flights/day-view/?origin=wars&destination=rome&outboundDate=2026-08-27&inboundDate=2026-08-31&market=PL&locale=pl-PL&currency=PLN&mediaPartnerId=6439681
Wrocław,Piza,Włochy,Warszawa,2026-08-26,2026-08-29,3,390.54,388.52,779.06,WRO,PSA,WARS,https://skyscanner.net/g/referrals/v1/flights/multicity/?mediaPartnerId=6439681&origin0=wro&date0=2026-08-26&destination0=psa&origin1=psa&date1=2026-08-29&destination1=wars&adultsv2=1&market=PL&locale=pl-PL&currency=PLN
Kraków,Paryż,Francja,Wrocław,2026-08-27,2026-08-31,4,669.11,110.56,779.6700000000001,KRK,BVA,WRO,https://skyscanner.net/g/referrals/v1/flights/multicity/?mediaPartnerId=6439681&origin0=krk&date0=2026-08-27&destination0=bva&origin1=bva&date1=2026-08-31&destination1=wro&adultsv2=1&market=PL&locale=pl-PL&currency=PLN
Warszawa,Rzym,Włochy,Katowice,2026-08-25,2026-08-29,4,520.68,259.0,779.68,WARS,ROME,KTW,https://skyscanner.net/g/referrals/v1/flights/multicity/?mediaPartnerId=6439681&origin0=wars&date0=2026-08-25&destination0=rome&origin1=rome&date1=2026-08-29&destination1=ktw&adultsv2=1&market=PL&locale=pl-PL&currency=PLN
Warszawa,Rzym,Włochy,Kraków,2026-08-25,2026-08-29,4,520.68,259.0,779.68,WARS,ROM,KRK,https://skyscanner.net/g/referrals/v1/flights/multicity/?mediaPartnerId=6439681&origin0=wars&date0=2026-08-25&destination0=rom&origin1=rom&date1=2026-08-29&destination1=krk&adultsv2=1&market=PL&locale=pl-PL&currency=PLN
Warszawa,Rzym,Włochy,Kraków,2026-08-25,2026-08-29,4,520.68,259.0,779.68,WARS,ROME,KRK,https://skyscanner.net/g/referrals/v1/flights/multicity/?mediaPartnerId=6439681&origin0=wars&date0=2026-08-25&destination0=rome&origin1=rome&date1=2026-08-29&destination1=krk&adultsv2=1&market=PL&locale=pl-PL&currency=PLN
Warszawa,Rzym,Włochy,Katowice,2026-08-25,2026-08-29,4,520.68,259.0,779.68,WARS,ROM,KTW,https://skyscanner.net/g/referrals/v1/flights/multicity/?mediaPartnerId=6439681&origin0=wars&date0=2026-08-25&destination0=rom&origin1=rom&date1=2026-08-29&destination1=ktw&adultsv2=1&market=PL&locale=pl-PL&currency=PLN
Poznań,Bari,Włochy,Kraków,2026-08-26,2026-08-31,5,296.34,483.47,779.81,POZ,BRI,KRK,https://skyscanner.net/g/referrals/v1/flights/multicity/?mediaPartnerId=6439681&origin0=poz&date0=2026-08-26&destination0=bri&origin1=bri&date1=2026-08-31&destination1=krk&adultsv2=1&market=PL&locale=pl-PL&currency=PLN
Warszawa,Rzym,Włochy,Poznań,2026-08-25,2026-08-29,4,520.68,259.28,779.9599999999999,WARS,ROME,POZ,https://skyscanner.net/g/referrals/v1/flights/multicity/?mediaPartnerId=6439681&origin0=wars&date0=2026-08-25&destination0=rome&origin1=rome&date1=2026-08-29&destination1=poz&adultsv2=1&market=PL&locale=pl-PL&currency=PLN
Wrocław,Mediolan,Włochy,Warszawa,2026-08-24,2026-08-26,2,695.01,85.33,780.34,WRO,MILA,WARS,https://skyscanner.net/g/referrals/v1/flights/multicity/?mediaPartnerId=6439681&origin0=wro&date0=2026-08-24&destination0=mila&origin1=mila&date1=2026-08-26&destination1=wars&adultsv2=1&market=PL&locale=pl-PL&currency=PLN
Warszawa,Rzym,Włochy,Warszawa,2026-08-25,2026-08-28,3,520.68,259.75,780.43,WARS,ROME,WARS,https://www.skyscanner.net/g/referrals/v1/flights/day-view/?origin=wars&destination=rome&outboundDate=2026-08-25&inboundDate=2026-08-28&market=PL&locale=pl-PL&currency=PLN&mediaPartnerId=6439681
Poznań,Zadar,Chorwacja,Gdańsk,2026-08-22,2026-08-26,4,509.37,271.93,781.3,POZ,ZAD,GDN,https://skyscanner.net/g/referrals/v1/flights/multicity/?mediaPartnerId=6439681&origin0=poz&date0=2026-08-22&destination0=zad&origin1=zad&date1=2026-08-26&destination1=gdn&adultsv2=1&market=PL&locale=pl-PL&currency=PLN
Kraków,Korfu,Grecja,Kraków,2026-08-28,2026-08-30,2,289.2,492.1,781.3,KRK,CFU,KRK,https://www.skyscanner.net/g/referrals/v1/flights/day-view/?origin=krk&destination=cfu&outboundDate=2026-08-28&inboundDate=2026-08-30&market=PL&locale=pl-PL&currency=PLN&mediaPartnerId=6439681
Wrocław,Palermo,Włochy,Kraków,2026-08-28,2026-08-31,3,336.69,444.62,781.31,WRO,PMO,KRK,https://skyscanner.net/g/referrals/v1/flights/multicity/?mediaPartnerId=6439681&origin0=wro&date0=2026-08-28&destination0=pmo&origin1=pmo&date1=2026-08-31&destination1=krk&adultsv2=1&market=PL&locale=pl-PL&currency=PLN
Wrocław,Mediolan,Włochy,Gdańsk,2026-08-26,2026-08-31,5,582.77,198.56,781.3299999999999,WRO,MILA,GDN,https://skyscanner.net/g/referrals/v1/flights/multicity/?mediaPartnerId=6439681&origin0=wro&date0=2026-08-26&destination0=mila&origin1=mila&date1=2026-08-31&destination1=gdn&adultsv2=1&market=PL&locale=pl-PL&currency=PLN
Wrocław,Mediolan,Włochy,Gdańsk,2026-08-26,2026-08-31,5,582.77,198.56,781.3299999999999,WRO,MIL,GDN,https://skyscanner.net/g/referrals/v1/flights/multicity/?mediaPartnerId=6439681&origin0=wro&date0=2026-08-26&destination0=mil&origin1=mil&date1=2026-08-31&destination1=gdn&adultsv2=1&market=PL&locale=pl-PL&currency=PLN
Warszawa,Wenecja,Włochy,Kraków,2026-08-27,2026-08-29,2,632.46,149.0,781.46,WARS,TSF,KRK,https://skyscanner.net/g/referrals/v1/flights/multicity/?mediaPartnerId=6439681&origin0=wars&date0=2026-08-27&destination0=tsf&origin1=tsf&date1=2026-08-29&destination1=krk&adultsv2=1&market=PL&locale=pl-PL&currency=PLN
Wrocław,Tirana,Albania,Kraków,2026-08-28,2026-08-30,2,238.0,545.19,783.19,WRO,TIA,KRK,https://skyscanner.net/g/referrals/v1/flights/multicity/?mediaPartnerId=6439681&origin0=wro&date0=2026-08-28&destination0=tia&origin1=tia&date1=2026-08-30&destination1=krk&adultsv2=1&market=PL&locale=pl-PL&currency=PLN
Wrocław,Tirana,Albania,Katowice,2026-08-28,2026-08-30,2,238.0,545.19,783.19,WRO,TIA,KTW,https://skyscanner.net/g/referrals/v1/flights/multicity/?mediaPartnerId=6439681&origin0=wro&date0=2026-08-28&destination0=tia&origin1=tia&date1=2026-08-30&destination1=ktw&adultsv2=1&market=PL&locale=pl-PL&currency=PLN
Katowice,Bari,Włochy,Kraków,2026-08-28,2026-08-30,2,390.54,392.81,783.35,KTW,BRI,KRK,https://skyscanner.net/g/referrals/v1/flights/multicity/?mediaPartnerId=6439681&origin0=ktw&date0=2026-08-28&destination0=bri&origin1=bri&date1=2026-08-30&destination1=krk&adultsv2=1&market=PL&locale=pl-PL&currency=PLN
Poznań,Rzym,Włochy,Warszawa,2026-08-26,2026-08-31,5,508.37,275.03,783.4,POZ,ROME,WARS,https://skyscanner.net/g/referrals/v1/flights/multicity/?mediaPartnerId=6439681&origin0=poz&date0=2026-08-26&destination0=rome&origin1=rome&date1=2026-08-31&destination1=wars&adultsv2=1&market=PL&locale=pl-PL&currency=PLN
Wrocław,Mediolan,Włochy,Warszawa,2026-08-27,2026-08-30,3,379.32,404.22,783.54,WRO,MILA,WARS,https://skyscanner.net/g/referrals/v1/flights/multicity/?mediaPartnerId=6439681&origin0=wro&date0=2026-08-27&destination0=mila&origin1=mila&date1=2026-08-30&destination1=wars&adultsv2=1&market=PL&locale=pl-PL&currency=PLN
Warszawa,Wenecja,Włochy,Katowice,2026-08-27,2026-08-29,2,632.46,151.52,783.98,WARS,TSF,KTW,https://skyscanner.net/g/referrals/v1/flights/multicity/?mediaPartnerId=6439681&origin0=wars&date0=2026-08-27&destination0=tsf&origin1=tsf&date1=2026-08-29&destination1=ktw&adultsv2=1&market=PL&locale=pl-PL&currency=PLN
Wrocław,Tirana,Albania,Katowice,2026-08-24,2026-08-27,3,163.09,621.44,784.5300000000001,WRO,TIA,KTW,https://skyscanner.net/g/referrals/v1/flights/multicity/?mediaPartnerId=6439681&origin0=wro&date0=2026-08-24&destination0=tia&origin1=tia&date1=2026-08-27&destination1=ktw&adultsv2=1&market=PL&locale=pl-PL&currency=PLN
Gdańsk,Rzym,Włochy,Kraków,2026-08-24,2026-08-31,7,542.49,242.31,784.8,GDN,ROME,KRK,https://skyscanner.net/g/referrals/v1/flights/multicity/?mediaPartnerId=6439681&origin0=gdn&date0=2026-08-24&destination0=rome&origin1=rome&date1=2026-08-31&destination1=krk&adultsv2=1&market=PL&locale=pl-PL&currency=PLN
Wrocław,Ateny,Grecja,Warszawa,2026-08-25,2026-08-27,2,302.0,483.47,785.47,WRO,ATH,WARS,https://skyscanner.net/g/referrals/v1/flights/multicity/?mediaPartnerId=6439681&origin0=wro&date0=2026-08-25&destination0=ath&origin1=ath&date1=2026-08-27&destination1=wars&adultsv2=1&market=PL&locale=pl-PL&currency=PLN
Wrocław,Zadar,Chorwacja,Gdańsk,2026-08-25,2026-08-31,6,104.0,681.49,785.49,WRO,ZAD,GDN,https://skyscanner.net/g/referrals/v1/flights/multicity/?mediaPartnerId=6439681&origin0=wro&date0=2026-08-25&destination0=zad&origin1=zad&date1=2026-08-31&destination1=gdn&adultsv2=1&market=PL&locale=pl-PL&currency=PLN
Gdańsk,Zadar,Chorwacja,Kraków,2026-08-26,2026-08-28,2,215.81,569.81,785.6199999999999,GDN,ZAD,KRK,https://skyscanner.net/g/referrals/v1/flights/multicity/?mediaPartnerId=6439681&origin0=gdn&date0=2026-08-26&destination0=zad&origin1=zad&date1=2026-08-28&destination1=krk&adultsv2=1&market=PL&locale=pl-PL&currency=PLN
Gdańsk,Zadar,Chorwacja,Kraków,2026-08-26,2026-08-30,4,215.81,569.81,785.6199999999999,GDN,ZAD,KRK,https://skyscanner.net/g/referrals/v1/flights/multicity/?mediaPartnerId=6439681&origin0=gdn&date0=2026-08-26&destination0=zad&origin1=zad&date1=2026-08-30&destination1=krk&adultsv2=1&market=PL&locale=pl-PL&currency=PLN
Wrocław,Ateny,Grecja,Warszawa,2026-08-23,2026-08-27,4,302.15,483.47,785.62,WRO,ATH,WARS,https://skyscanner.net/g/referrals/v1/flights/multicity/?mediaPartnerId=6439681&origin0=wro&date0=2026-08-23&destination0=ath&origin1=ath&date1=2026-08-27&destination1=wars&adultsv2=1&market=PL&locale=pl-PL&currency=PLN
Wrocław,Rzym,Włochy,Gdańsk,2026-08-25,2026-08-27,2,483.47,302.15,785.62,WRO,ROME,GDN,https://skyscanner.net/g/referrals/v1/flights/multicity/?mediaPartnerId=6439681&origin0=wro&date0=2026-08-25&destination0=rome&origin1=rome&date1=2026-08-27&destination1=gdn&adultsv2=1&market=PL&locale=pl-PL&currency=PLN
Katowice,Bari,Włochy,Kraków,2026-08-25,2026-08-30,5,392.81,392.81,785.62,KTW,BRI,KRK,https://skyscanner.net/g/referrals/v1/flights/multicity/?mediaPartnerId=6439681&origin0=ktw&date0=2026-08-25&destination0=bri&origin1=bri&date1=2026-08-30&destination1=krk&adultsv2=1&market=PL&locale=pl-PL&currency=PLN
Poznań,Rzym,Włochy,Warszawa,2026-08-29,2026-08-31,2,397.1,388.52,785.62,POZ,ROM,WARS,https://skyscanner.net/g/referrals/v1/flights/multicity/?mediaPartnerId=6439681&origin0=poz&date0=2026-08-29&destination0=rom&origin1=rom&date1=2026-08-31&destination1=wars&adultsv2=1&market=PL&locale=pl-PL&currency=PLN
Poznań,Rzym,Włochy,Warszawa,2026-08-29,2026-08-31,2,397.1,388.52,785.62,POZ,ROME,WARS,https://skyscanner.net/g/referrals/v1/flights/multicity/?mediaPartnerId=6439681&origin0=poz&date0=2026-08-29&destination0=rome&origin1=rome&date1=2026-08-31&destination1=wars&adultsv2=1&market=PL&locale=pl-PL&currency=PLN
Kraków,Palermo,Włochy,Kraków,2026-08-25,2026-08-31,6,341.01,444.62,785.63,KRK,PMO,KRK,https://www.skyscanner.net/g/referrals/v1/flights/day-view/?origin=krk&destination=pmo&outboundDate=2026-08-25&inboundDate=2026-08-31&market=PL&locale=pl-PL&currency=PLN&mediaPartnerId=6439681
Katowice,Ateny,Grecja,Warszawa,2026-08-24,2026-08-30,6,246.03,539.63,785.66,KTW,ATH,WARS,https://skyscanner.net/g/referrals/v1/flights/multicity/?mediaPartnerId=6439681&origin0=ktw&date0=2026-08-24&destination0=ath&origin1=ath&date1=2026-08-30&destination1=wars&adultsv2=1&market=PL&locale=pl-PL&currency=PLN
Warszawa,Bari,Włochy,Wrocław,2026-08-26,2026-08-30,4,353.96,431.7,785.66,WARS,BRI,WRO,https://skyscanner.net/g/referrals/v1/flights/multicity/?mediaPartnerId=6439681&origin0=wars&date0=2026-08-26&destination0=bri&origin1=bri&date1=2026-08-30&destination1=wro&adultsv2=1&market=PL&locale=pl-PL&currency=PLN
Gdańsk,Podgorica,Czarnogóra,Katowice,2026-08-26,2026-08-30,4,202.86,582.81,785.67,GDN,TGD,KTW,https://skyscanner.net/g/referrals/v1/flights/multicity/?mediaPartnerId=6439681&origin0=gdn&date0=2026-08-26&destination0=tgd&origin1=tgd&date1=2026-08-30&destination1=ktw&adultsv2=1&market=PL&locale=pl-PL&currency=PLN
Wrocław,Podgorica,Czarnogóra,Katowice,2026-08-25,2026-08-30,5,202.86,582.81,785.67,WRO,TGD,KTW,https://skyscanner.net/g/referrals/v1/flights/multicity/?mediaPartnerId=6439681&origin0=wro&date0=2026-08-25&destination0=tgd&origin1=tgd&date1=2026-08-30&destination1=ktw&adultsv2=1&market=PL&locale=pl-PL&currency=PLN
Gdańsk,Rzym,Włochy,Kraków,2026-08-27,2026-08-31,4,543.91,242.31,786.22,GDN,ROME,KRK,https://skyscanner.net/g/referrals/v1/flights/multicity/?mediaPartnerId=6439681&origin0=gdn&date0=2026-08-27&destination0=rome&origin1=rome&date1=2026-08-31&destination1=krk&adultsv2=1&market=PL&locale=pl-PL&currency=PLN
Katowice,Alghero,Włochy,Katowice,2026-08-27,2026-08-30,3,200.31,586.0,786.31,KTW,AHO,KTW,https://www.skyscanner.net/g/referrals/v1/flights/day-view/?origin=ktw&destination=aho&outboundDate=2026-08-27&inboundDate=2026-08-30&market=PL&locale=pl-PL&currency=PLN&mediaPartnerId=6439681
Kraków,Katania,Włochy,Katowice,2026-08-28,2026-08-31,3,501.57,284.91,786.48,KRK,CTA,KTW,https://skyscanner.net/g/referrals/v1/flights/multicity/?mediaPartnerId=6439681&origin0=krk&date0=2026-08-28&destination0=cta&origin1=cta&date1=2026-08-31&destination1=ktw&adultsv2=1&market=PL&locale=pl-PL&currency=PLN
Wrocław,Zadar,Chorwacja,Gdańsk,2026-08-28,2026-08-31,3,105.51,681.49,787.0,WRO,ZAD,GDN,https://skyscanner.net/g/referrals/v1/flights/multicity/?mediaPartnerId=6439681&origin0=wro&date0=2026-08-28&destination0=zad&origin1=zad&date1=2026-08-31&destination1=gdn&adultsv2=1&market=PL&locale=pl-PL&currency=PLN
Warszawa,Alghero,Włochy,Katowice,2026-08-26,2026-08-30,4,201.12,586.0,787.12,WARS,AHO,KTW,https://skyscanner.net/g/referrals/v1/flights/multicity/?mediaPartnerId=6439681&origin0=wars&date0=2026-08-26&destination0=aho&origin1=aho&date1=2026-08-30&destination1=ktw&adultsv2=1&market=PL&locale=pl-PL&currency=PLN
Wrocław,Zadar,Chorwacja,Katowice,2026-08-25,2026-08-30,5,104.0,683.45,787.45,WRO,ZAD,KTW,https://skyscanner.net/g/referrals/v1/flights/multicity/?mediaPartnerId=6439681&origin0=wro&date0=2026-08-25&destination0=zad&origin1=zad&date1=2026-08-30&destination1=ktw&adultsv2=1&market=PL&locale=pl-PL&currency=PLN
Kraków,Paryż,Francja,Gdańsk,2026-08-27,2026-08-30,3,669.11,119.0,788.11,KRK,BVA,GDN,https://skyscanner.net/g/referrals/v1/flights/multicity/?mediaPartnerId=6439681&origin0=krk&date0=2026-08-27&destination0=bva&origin1=bva&date1=2026-08-30&destination1=gdn&adultsv2=1&market=PL&locale=pl-PL&currency=PLN
Kraków,Paryż,Francja,Gdańsk,2026-08-27,2026-08-31,4,669.11,119.0,788.11,KRK,BVA,GDN,https://skyscanner.net/g/referrals/v1/flights/multicity/?mediaPartnerId=6439681&origin0=krk&date0=2026-08-27&destination0=bva&origin1=bva&date1=2026-08-31&destination1=gdn&adultsv2=1&market=PL&locale=pl-PL&currency=PLN
Poznań,Bari,Włochy,Katowice,2026-08-26,2026-08-28,2,296.34,492.11,788.45,POZ,BRI,KTW,https://skyscanner.net/g/referrals/v1/flights/multicity/?mediaPartnerId=6439681&origin0=poz&date0=2026-08-26&destination0=bri&origin1=bri&date1=2026-08-28&destination1=ktw&adultsv2=1&market=PL&locale=pl-PL&currency=PLN
Wrocław,Nicea,Francja,Warszawa,2026-08-29,2026-08-31,2,249.0,539.63,788.63,WRO,NCE,WARS,https://skyscanner.net/g/referrals/v1/flights/multicity/?mediaPartnerId=6439681&origin0=wro&date0=2026-08-29&destination0=nce&origin1=nce&date1=2026-08-31&destination1=wars&adultsv2=1&market=PL&locale=pl-PL&currency=PLN
Kraków,Paryż,Francja,Gdańsk,2026-08-27,2026-08-29,2,669.11,119.82,788.9300000000001,KRK,BVA,GDN,https://skyscanner.net/g/referrals/v1/flights/multicity/?mediaPartnerId=6439681&origin0=krk&date0=2026-08-27&destination0=bva&origin1=bva&date1=2026-08-29&destination1=gdn&adultsv2=1&market=PL&locale=pl-PL&currency=PLN
Kraków,Rodos,Grecja,Warszawa,2026-08-29,2026-08-31,2,209.0,580.49,789.49,KRK,RHO,WARS,https://skyscanner.net/g/referrals/v1/flights/multicity/?mediaPartnerId=6439681&origin0=krk&date0=2026-08-29&destination0=rho&origin1=rho&date1=2026-08-31&destination1=wars&adultsv2=1&market=PL&locale=pl-PL&currency=PLN
Wrocław,Mediolan,Włochy,Warszawa,2026-08-26,2026-08-29,3,582.77,206.85,789.62,WRO,MILA,WARS,https://skyscanner.net/g/referrals/v1/flights/multicity/?mediaPartnerId=6439681&origin0=wro&date0=2026-08-26&destination0=mila&origin1=mila&date1=2026-08-29&destination1=wars&adultsv2=1&market=PL&locale=pl-PL&currency=PLN
Wrocław,Rzym,Włochy,Kraków,2026-08-25,2026-08-30,5,483.47,306.36,789.83,WRO,ROME,KRK,https://skyscanner.net/g/referrals/v1/flights/multicity/?mediaPartnerId=6439681&origin0=wro&date0=2026-08-25&destination0=rome&origin1=rome&date1=2026-08-30&destination1=krk&adultsv2=1&market=PL&locale=pl-PL&currency=PLN
Poznań,Rzym,Włochy,Kraków,2026-08-26,2026-08-29,3,508.37,281.55,789.9200000000001,POZ,ROME,KRK,https://skyscanner.net/g/referrals/v1/flights/multicity/?mediaPartnerId=6439681&origin0=poz&date0=2026-08-26&destination0=rome&origin1=rome&date1=2026-08-29&destination1=krk&adultsv2=1&market=PL&locale=pl-PL&currency=PLN
Wrocław,Ateny,Grecja,Warszawa,2026-08-23,2026-08-26,3,302.15,487.79,789.94,WRO,ATH,WARS,https://skyscanner.net/g/referrals/v1/flights/multicity/?mediaPartnerId=6439681&origin0=wro&date0=2026-08-23&destination0=ath&origin1=ath&date1=2026-08-26&destination1=wars&adultsv2=1&market=PL&locale=pl-PL&currency=PLN
Kraków,Zadar,Chorwacja,Poznań,2026-08-25,2026-08-27,2,431.67,358.28,789.95,KRK,ZAD,POZ,https://skyscanner.net/g/referrals/v1/flights/multicity/?mediaPartnerId=6439681&origin0=krk&date0=2026-08-25&destination0=zad&origin1=zad&date1=2026-08-27&destination1=poz&adultsv2=1&market=PL&locale=pl-PL&currency=PLN
Wrocław,Rzym,Włochy,Katowice,2026-08-26,2026-08-31,5,444.62,345.35,789.97,WRO,ROM,KTW,https://skyscanner.net/g/referrals/v1/flights/multicity/?mediaPartnerId=6439681&origin0=wro&date0=2026-08-26&destination0=rom&origin1=rom&date1=2026-08-31&destination1=ktw&adultsv2=1&market=PL&locale=pl-PL&currency=PLN
Wrocław,Rzym,Włochy,Warszawa,2026-08-26,2026-08-29,3,444.62,345.35,789.97,WRO,ROM,WARS,https://skyscanner.net/g/referrals/v1/flights/multicity/?mediaPartnerId=6439681&origin0=wro&date0=2026-08-26&destination0=rom&origin1=rom&date1=2026-08-29&destination1=wars&adultsv2=1&market=PL&locale=pl-PL&currency=PLN
Wrocław,Rzym,Włochy,Gdańsk,2026-08-26,2026-08-31,5,444.62,345.35,789.97,WRO,ROME,GDN,https://skyscanner.net/g/referrals/v1/flights/multicity/?mediaPartnerId=6439681&origin0=wro&date0=2026-08-26&destination0=rome&origin1=rome&date1=2026-08-31&destination1=gdn&adultsv2=1&market=PL&locale=pl-PL&currency=PLN
Wrocław,Rzym,Włochy,Gdańsk,2026-08-26,2026-08-31,5,444.62,345.35,789.97,WRO,ROM,GDN,https://skyscanner.net/g/referrals/v1/flights/multicity/?mediaPartnerId=6439681&origin0=wro&date0=2026-08-26&destination0=rom&origin1=rom&date1=2026-08-31&destination1=gdn&adultsv2=1&market=PL&locale=pl-PL&currency=PLN
Wrocław,Rzym,Włochy,Kraków,2026-08-26,2026-08-31,5,444.62,345.35,789.97,WRO,ROME,KRK,https://skyscanner.net/g/referrals/v1/flights/multicity/?mediaPartnerId=6439681&origin0=wro&date0=2026-08-26&destination0=rome&origin1=rome&date1=2026-08-31&destination1=krk&adultsv2=1&market=PL&locale=pl-PL&currency=PLN
Wrocław,Rzym,Włochy,Kraków,2026-08-26,2026-08-31,5,444.62,345.35,789.97,WRO,ROM,KRK,https://skyscanner.net/g/referrals/v1/flights/multicity/?mediaPartnerId=6439681&origin0=wro&date0=2026-08-26&destination0=rom&origin1=rom&date1=2026-08-31&destination1=krk&adultsv2=1&market=PL&locale=pl-PL&currency=PLN
Wrocław,Rzym,Włochy,Katowice,2026-08-26,2026-08-31,5,444.62,345.35,789.97,WRO,ROME,KTW,https://skyscanner.net/g/referrals/v1/flights/multicity/?mediaPartnerId=6439681&origin0=wro&date0=2026-08-26&destination0=rome&origin1=rome&date1=2026-08-31&destination1=ktw&adultsv2=1&market=PL&locale=pl-PL&currency=PLN
Wrocław,Rzym,Włochy,Warszawa,2026-08-26,2026-08-29,3,444.62,345.35,789.97,WRO,ROME,WARS,https://skyscanner.net/g/referrals/v1/flights/multicity/?mediaPartnerId=6439681&origin0=wro&date0=2026-08-26&destination0=rome&origin1=rome&date1=2026-08-29&destination1=wars&adultsv2=1&market=PL&locale=pl-PL&currency=PLN
Wrocław,Mediolan,Włochy,Kraków,2026-08-24,2026-08-27,3,695.01,95.0,790.01,WRO,MILA,KRK,https://skyscanner.net/g/referrals/v1/flights/multicity/?mediaPartnerId=6439681&origin0=wro&date0=2026-08-24&destination0=mila&origin1=mila&date1=2026-08-27&destination1=krk&adultsv2=1&market=PL&locale=pl-PL&currency=PLN
Katowice,Dubrovnik,Chorwacja,Kraków,2026-08-25,2026-08-28,3,238.0,552.55,790.55,KTW,DBV,KRK,https://skyscanner.net/g/referrals/v1/flights/multicity/?mediaPartnerId=6439681&origin0=ktw&date0=2026-08-25&destination0=dbv&origin1=dbv&date1=2026-08-28&destination1=krk&adultsv2=1&market=PL&locale=pl-PL&currency=PLN
Gdańsk,Zadar,Chorwacja,Warszawa,2026-08-28,2026-08-30,2,208.31,582.77,791.0799999999999,GDN,ZAD,WARS,https://skyscanner.net/g/referrals/v1/flights/multicity/?mediaPartnerId=6439681&origin0=gdn&date0=2026-08-28&destination0=zad&origin1=zad&date1=2026-08-30&destination1=wars&adultsv2=1&market=PL&locale=pl-PL&currency=PLN
Warszawa,Wenecja,Włochy,Kraków,2026-08-28,2026-08-30,2,502.31,289.27,791.5799999999999,WARS,TSF,KRK,https://skyscanner.net/g/referrals/v1/flights/multicity/?mediaPartnerId=6439681&origin0=wars&date0=2026-08-28&destination0=tsf&origin1=tsf&date1=2026-08-30&destination1=krk&adultsv2=1&market=PL&locale=pl-PL&currency=PLN
Kraków,Podgorica,Czarnogóra,Katowice,2026-08-27,2026-08-29,2,145.0,647.57,792.57,KRK,TGD,KTW,https://skyscanner.net/g/referrals/v1/flights/multicity/?mediaPartnerId=6439681&origin0=krk&date0=2026-08-27&destination0=tgd&origin1=tgd&date1=2026-08-29&destination1=ktw&adultsv2=1&market=PL&locale=pl-PL&currency=PLN
Poznań,Rzym,Włochy,Katowice,2026-08-28,2026-08-30,2,404.22,388.52,792.74,POZ,ROME,KTW,https://skyscanner.net/g/referrals/v1/flights/multicity/?mediaPartnerId=6439681&origin0=poz&date0=2026-08-28&destination0=rome&origin1=rome&date1=2026-08-30&destination1=ktw&adultsv2=1&market=PL&locale=pl-PL&currency=PLN
Poznań,Rzym,Włochy,Warszawa,2026-08-28,2026-08-31,3,404.22,388.52,792.74,POZ,ROM,WARS,https://skyscanner.net/g/referrals/v1/flights/multicity/?mediaPartnerId=6439681&origin0=poz&date0=2026-08-28&destination0=rom&origin1=rom&date1=2026-08-31&destination1=wars&adultsv2=1&market=PL&locale=pl-PL&currency=PLN
Poznań,Rzym,Włochy,Kraków,2026-08-28,2026-08-30,2,404.22,388.52,792.74,POZ,ROME,KRK,https://skyscanner.net/g/referrals/v1/flights/multicity/?mediaPartnerId=6439681&origin0=poz&date0=2026-08-28&destination0=rome&origin1=rome&date1=2026-08-30&destination1=krk&adultsv2=1&market=PL&locale=pl-PL&currency=PLN
Poznań,Rzym,Włochy,Kraków,2026-08-28,2026-08-30,2,404.22,388.52,792.74,POZ,ROM,KRK,https://skyscanner.net/g/referrals/v1/flights/multicity/?mediaPartnerId=6439681&origin0=poz&date0=2026-08-28&destination0=rom&origin1=rom&date1=2026-08-30&destination1=krk&adultsv2=1&market=PL&locale=pl-PL&currency=PLN
Poznań,Rzym,Włochy,Katowice,2026-08-28,2026-08-30,2,404.22,388.52,792.74,POZ,ROM,KTW,https://skyscanner.net/g/referrals/v1/flights/multicity/?mediaPartnerId=6439681&origin0=poz&date0=2026-08-28&destination0=rom&origin1=rom&date1=2026-08-30&destination1=ktw&adultsv2=1&market=PL&locale=pl-PL&currency=PLN
Poznań,Rzym,Włochy,Warszawa,2026-08-28,2026-08-31,3,404.22,388.52,792.74,POZ,ROME,WARS,https://skyscanner.net/g/referrals/v1/flights/multicity/?mediaPartnerId=6439681&origin0=poz&date0=2026-08-28&destination0=rome&origin1=rome&date1=2026-08-31&destination1=wars&adultsv2=1&market=PL&locale=pl-PL&currency=PLN
Wrocław,Mediolan,Włochy,Kraków,2026-08-24,2026-08-28,4,695.01,98.93,793.94,WRO,MILA,KRK,https://skyscanner.net/g/referrals/v1/flights/multicity/?mediaPartnerId=6439681&origin0=wro&date0=2026-08-24&destination0=mila&origin1=mila&date1=2026-08-28&destination1=krk&adultsv2=1&market=PL&locale=pl-PL&currency=PLN
Wrocław,Rzym,Włochy,Kraków,2026-08-27,2026-08-30,3,487.79,306.36,794.1500000000001,WRO,ROME,KRK,https://skyscanner.net/g/referrals/v1/flights/multicity/?mediaPartnerId=6439681&origin0=wro&date0=2026-08-27&destination0=rome&origin1=rome&date1=2026-08-30&destination1=krk&adultsv2=1&market=PL&locale=pl-PL&currency=PLN
Kraków,Valletta,Malta,Warszawa,2026-08-22,2026-08-26,4,375.54,418.72,794.26,KRK,MLA,WARS,https://skyscanner.net/g/referrals/v1/flights/multicity/?mediaPartnerId=6439681&origin0=krk&date0=2026-08-22&destination0=mla&origin1=mla&date1=2026-08-26&destination1=wars&adultsv2=1&market=PL&locale=pl-PL&currency=PLN
Gdańsk,Podgorica,Czarnogóra,Wrocław,2026-08-23,2026-08-29,6,302.15,492.11,794.26,GDN,TGD,WRO,https://skyscanner.net/g/referrals/v1/flights/multicity/?mediaPartnerId=6439681&origin0=gdn&date0=2026-08-23&destination0=tgd&origin1=tgd&date1=2026-08-29&destination1=wro&adultsv2=1&market=PL&locale=pl-PL&currency=PLN
Kraków,Bari,Włochy,Warszawa,2026-08-27,2026-08-29,2,332.37,461.89,794.26,KRK,BRI,WARS,https://skyscanner.net/g/referrals/v1/flights/multicity/?mediaPartnerId=6439681&origin0=krk&date0=2026-08-27&destination0=bri&origin1=bri&date1=2026-08-29&destination1=wars&adultsv2=1&market=PL&locale=pl-PL&currency=PLN
Wrocław,Podgorica,Czarnogóra,Wrocław,2026-08-23,2026-08-30,7,362.59,431.7,794.29,WRO,TGD,WRO,https://www.skyscanner.net/g/referrals/v1/flights/day-view/?origin=wro&destination=tgd&outboundDate=2026-08-23&inboundDate=2026-08-30&market=PL&locale=pl-PL&currency=PLN&mediaPartnerId=6439681
Kraków,Zadar,Chorwacja,Warszawa,2026-08-26,2026-08-30,4,254.67,539.63,794.3,KRK,ZAD,WARS,https://skyscanner.net/g/referrals/v1/flights/multicity/?mediaPartnerId=6439681&origin0=krk&date0=2026-08-26&destination0=zad&origin1=zad&date1=2026-08-30&destination1=wars&adultsv2=1&market=PL&locale=pl-PL&currency=PLN
Gdańsk,Wenecja,Włochy,Poznań,2026-08-27,2026-08-31,4,428.33,367.31,795.64,GDN,TSF,POZ,https://skyscanner.net/g/referrals/v1/flights/multicity/?mediaPartnerId=6439681&origin0=gdn&date0=2026-08-27&destination0=tsf&origin1=tsf&date1=2026-08-31&destination1=poz&adultsv2=1&market=PL&locale=pl-PL&currency=PLN
Kraków,Podgorica,Czarnogóra,Katowice,2026-08-26,2026-08-29,3,148.24,647.57,795.8100000000001,KRK,TGD,KTW,https://skyscanner.net/g/referrals/v1/flights/multicity/?mediaPartnerId=6439681&origin0=krk&date0=2026-08-26&destination0=tgd&origin1=tgd&date1=2026-08-29&destination1=ktw&adultsv2=1&market=PL&locale=pl-PL&currency=PLN
Kraków,Podgorica,Czarnogóra,Katowice,2026-08-25,2026-08-29,4,148.24,647.57,795.8100000000001,KRK,TGD,KTW,https://skyscanner.net/g/referrals/v1/flights/multicity/?mediaPartnerId=6439681&origin0=krk&date0=2026-08-25&destination0=tgd&origin1=tgd&date1=2026-08-29&destination1=ktw&adultsv2=1&market=PL&locale=pl-PL&currency=PLN
Poznań,Rzym,Włochy,Kraków,2026-08-27,2026-08-31,4,553.62,242.31,795.9300000000001,POZ,ROME,KRK,https://skyscanner.net/g/referrals/v1/flights/multicity/?mediaPartnerId=6439681&origin0=poz&date0=2026-08-27&destination0=rome&origin1=rome&date1=2026-08-31&destination1=krk&adultsv2=1&market=PL&locale=pl-PL&currency=PLN
Wrocław,Mediolan,Włochy,Warszawa,2026-08-26,2026-08-29,3,582.77,213.21,795.98,WRO,MILA,WARS,https://skyscanner.net/g/referrals/v1/flights/multicity/?mediaPartnerId=6439681&origin0=wro&date0=2026-08-26&destination0=mila&origin1=mila&date1=2026-08-29&destination1=wars&adultsv2=1&market=PL&locale=pl-PL&currency=PLN
Poznań,Edynburg,Szkocja,Warszawa,2026-08-29,2026-08-31,2,479.15,317.49,796.64,POZ,EDI,WARS,https://skyscanner.net/g/referrals/v1/flights/multicity/?mediaPartnerId=6439681&origin0=poz&date0=2026-08-29&destination0=edi&origin1=edi&date1=2026-08-31&destination1=wars&adultsv2=1&market=PL&locale=pl-PL&currency=PLN
Katowice,Valletta,Malta,Warszawa,2026-08-25,2026-08-27,2,139.0,657.86,796.86,KTW,MLA,WARS,https://skyscanner.net/g/referrals/v1/flights/multicity/?mediaPartnerId=6439681&origin0=ktw&date0=2026-08-25&destination0=mla&origin1=mla&date1=2026-08-27&destination1=wars&adultsv2=1&market=PL&locale=pl-PL&currency=PLN
Gdańsk,Korfu,Grecja,Kraków,2026-08-27,2026-08-31,4,155.09,642.0,797.09,GDN,CFU,KRK,https://skyscanner.net/g/referrals/v1/flights/multicity/?mediaPartnerId=6439681&origin0=gdn&date0=2026-08-27&destination0=cfu&origin1=cfu&date1=2026-08-31&destination1=krk&adultsv2=1&market=PL&locale=pl-PL&currency=PLN
Warszawa,Bari,Włochy,Kraków,2026-08-25,2026-08-30,5,405.76,392.81,798.5699999999999,WARS,BRI,KRK,https://skyscanner.net/g/referrals/v1/flights/multicity/?mediaPartnerId=6439681&origin0=wars&date0=2026-08-25&destination0=bri&origin1=bri&date1=2026-08-30&destination1=krk&adultsv2=1&market=PL&locale=pl-PL&currency=PLN
Wrocław,Mediolan,Włochy,Poznań,2026-08-26,2026-08-28,2,582.77,215.81,798.5799999999999,WRO,MILA,POZ,https://skyscanner.net/g/referrals/v1/flights/multicity/?mediaPartnerId=6439681&origin0=wro&date0=2026-08-26&destination0=mila&origin1=mila&date1=2026-08-28&destination1=poz&adultsv2=1&market=PL&locale=pl-PL&currency=PLN
Gdańsk,Zadar,Chorwacja,Warszawa,2026-08-26,2026-08-30,4,215.81,582.77,798.5799999999999,GDN,ZAD,WARS,https://skyscanner.net/g/referrals/v1/flights/multicity/?mediaPartnerId=6439681&origin0=gdn&date0=2026-08-26&destination0=zad&origin1=zad&date1=2026-08-30&destination1=wars&adultsv2=1&market=PL&locale=pl-PL&currency=PLN
Kraków,Piza,Włochy,Warszawa,2026-08-26,2026-08-29,3,410.08,388.52,798.5999999999999,KRK,PSA,WARS,https://skyscanner.net/g/referrals/v1/flights/multicity/?mediaPartnerId=6439681&origin0=krk&date0=2026-08-26&destination0=psa&origin1=psa&date1=2026-08-29&destination1=wars&adultsv2=1&market=PL&locale=pl-PL&currency=PLN
Gdańsk,Zadar,Chorwacja,Warszawa,2026-08-26,2026-08-29,3,215.81,582.81,798.6199999999999,GDN,ZAD,WARS,https://skyscanner.net/g/referrals/v1/flights/multicity/?mediaPartnerId=6439681&origin0=gdn&date0=2026-08-26&destination0=zad&origin1=zad&date1=2026-08-29&destination1=wars&adultsv2=1&market=PL&locale=pl-PL&currency=PLN
Kraków,Lamezia,Włochy,Warszawa,2026-08-26,2026-08-28,2,479.47,319.44,798.9100000000001,KRK,SUF,WARS,https://skyscanner.net/g/referrals/v1/flights/multicity/?mediaPartnerId=6439681&origin0=krk&date0=2026-08-26&destination0=suf&origin1=suf&date1=2026-08-28&destination1=wars&adultsv2=1&market=PL&locale=pl-PL&currency=PLN
Kraków,Tirana,Albania,Wrocław,2026-08-28,2026-08-31,3,207.18,591.83,799.01,KRK,TIA,WRO,https://skyscanner.net/g/referrals/v1/flights/multicity/?mediaPartnerId=6439681&origin0=krk&date0=2026-08-28&destination0=tia&origin1=tia&date1=2026-08-31&destination1=wro&adultsv2=1&market=PL&locale=pl-PL&currency=PLN
Gdańsk,Mediolan,Włochy,Gdańsk,2026-08-29,2026-08-31,2,600.55,198.56,799.1099999999999,GDN,MILA,GDN,https://www.skyscanner.net/g/referrals/v1/flights/day-view/?origin=gdn&destination=mila&outboundDate=2026-08-29&inboundDate=2026-08-31&market=PL&locale=pl-PL&currency=PLN&mediaPartnerId=6439681
Gdańsk,Mediolan,Włochy,Gdańsk,2026-08-29,2026-08-31,2,600.55,198.56,799.1099999999999,GDN,MIL,GDN,https://www.skyscanner.net/g/referrals/v1/flights/day-view/?origin=gdn&destination=mil&outboundDate=2026-08-29&inboundDate=2026-08-31&market=PL&locale=pl-PL&currency=PLN&mediaPartnerId=6439681
Poznań,Edynburg,Szkocja,Kraków,2026-08-29,2026-08-31,2,479.15,320.62,799.77,POZ,EDI,KRK,https://skyscanner.net/g/referrals/v1/flights/multicity/?mediaPartnerId=6439681&origin0=poz&date0=2026-08-29&destination0=edi&origin1=edi&date1=2026-08-31&destination1=krk&adultsv2=1&market=PL&locale=pl-PL&currency=PLN
Kraków,Tirana,Albania,Kraków,2026-08-27,2026-08-30,3,254.67,545.19,799.86,KRK,TIA,KRK,https://www.skyscanner.net/g/referrals/v1/flights/day-view/?origin=krk&destination=tia&outboundDate=2026-08-27&inboundDate=2026-08-30&market=PL&locale=pl-PL&currency=PLN&mediaPartnerId=6439681
Kraków,Tirana,Albania,Kraków,2026-08-27,2026-08-29,2,254.67,545.19,799.86,KRK,TIA,KRK,https://www.skyscanner.net/g/referrals/v1/flights/day-view/?origin=krk&destination=tia&outboundDate=2026-08-27&inboundDate=2026-08-29&market=PL&locale=pl-PL&currency=PLN&mediaPartnerId=6439681
Kraków,Tirana,Albania,Katowice,2026-08-27,2026-08-30,3,254.67,545.19,799.86,KRK,TIA,KTW,https://skyscanner.net/g/referrals/v1/flights/multicity/?mediaPartnerId=6439681&origin0=krk&date0=2026-08-27&destination0=tia&origin1=tia&date1=2026-08-30&destination1=ktw&adultsv2=1&market=PL&locale=pl-PL&currency=PLN
Kraków,Tirana,Albania,Katowice,2026-08-27,2026-08-29,2,254.67,545.19,799.86,KRK,TIA,KTW,https://skyscanner.net/g/referrals/v1/flights/multicity/?mediaPartnerId=6439681&origin0=krk&date0=2026-08-27&destination0=tia&origin1=tia&date1=2026-08-29&destination1=ktw&adultsv2=1&market=PL&locale=pl-PL&currency=PLN
