route,origin,destination,month,direction,day,date,pricePLN,month_status,exported_at_utc
WAW-RHO,WAW,RHO,2026-06,outbound,7,2026-06-07,269,ok,2026-04-30T13:35:28Z
WAW-RHO,WAW,RHO,2026-06,outbound,8,2026-06-08,289,ok,2026-04-30T13:35:28Z
WAW-RHO,WAW,RHO,2026-06,outbound,11,2026-06-11,359,ok,2026-04-30T13:35:28Z
WAW-RHO,WAW,RHO,2026-06,outbound,12,2026-06-12,399,ok,2026-04-30T13:35:28Z
WAW-RHO,WAW,RHO,2026-06,outbound,14,2026-06-14,289,ok,2026-04-30T13:35:28Z
WAW-RHO,WAW,RHO,2026-06,outbound,15,2026-06-15,309,ok,2026-04-30T13:35:28Z
WAW-RHO,WAW,RHO,2026-06,outbound,18,2026-06-18,289,ok,2026-04-30T13:35:28Z
WAW-RHO,WAW,RHO,2026-06,outbound,19,2026-06-19,379,ok,2026-04-30T13:35:28Z
WAW-RHO,WAW,RHO,2026-06,outbound,21,2026-06-21,339,ok,2026-04-30T13:35:28Z
WAW-RHO,WAW,RHO,2026-06,outbound,22,2026-06-22,289,ok,2026-04-30T13:35:28Z
WAW-RHO,WAW,RHO,2026-06,outbound,25,2026-06-25,309,ok,2026-04-30T13:35:28Z
WAW-RHO,WAW,RHO,2026-06,outbound,26,2026-06-26,959,ok,2026-04-30T13:35:28Z
WAW-RHO,WAW,RHO,2026-06,outbound,28,2026-06-28,269,ok,2026-04-30T13:35:28Z
WAW-RHO,WAW,RHO,2026-06,outbound,29,2026-06-29,269,ok,2026-04-30T13:35:28Z
WAW-RHO,WAW,RHO,2026-06,return,7,2026-06-07,269,ok,2026-04-30T13:35:28Z
WAW-RHO,WAW,RHO,2026-06,return,8,2026-06-08,289,ok,2026-04-30T13:35:28Z
WAW-RHO,WAW,RHO,2026-06,return,11,2026-06-11,359,ok,2026-04-30T13:35:28Z
WAW-RHO,WAW,RHO,2026-06,return,12,2026-06-12,399,ok,2026-04-30T13:35:28Z
WAW-RHO,WAW,RHO,2026-06,return,14,2026-06-14,289,ok,2026-04-30T13:35:28Z
WAW-RHO,WAW,RHO,2026-06,return,15,2026-06-15,309,ok,2026-04-30T13:35:28Z
WAW-RHO,WAW,RHO,2026-06,return,18,2026-06-18,289,ok,2026-04-30T13:35:28Z
WAW-RHO,WAW,RHO,2026-06,return,19,2026-06-19,379,ok,2026-04-30T13:35:28Z
WAW-RHO,WAW,RHO,2026-06,return,21,2026-06-21,339,ok,2026-04-30T13:35:28Z
WAW-RHO,WAW,RHO,2026-06,return,22,2026-06-22,289,ok,2026-04-30T13:35:28Z
WAW-RHO,WAW,RHO,2026-06,return,25,2026-06-25,309,ok,2026-04-30T13:35:28Z
WAW-RHO,WAW,RHO,2026-06,return,26,2026-06-26,959,ok,2026-04-30T13:35:28Z
WAW-RHO,WAW,RHO,2026-06,return,28,2026-06-28,269,ok,2026-04-30T13:35:28Z
WAW-RHO,WAW,RHO,2026-06,return,29,2026-06-29,269,ok,2026-04-30T13:35:28Z
WAW-RHO,WAW,RHO,2026-07,outbound,2,2026-07-02,399,ok,2026-04-30T13:35:28Z
WAW-RHO,WAW,RHO,2026-07,outbound,3,2026-07-03,489,ok,2026-04-30T13:35:28Z
WAW-RHO,WAW,RHO,2026-07,outbound,5,2026-07-05,339,ok,2026-04-30T13:35:28Z
WAW-RHO,WAW,RHO,2026-07,outbound,6,2026-07-06,309,ok,2026-04-30T13:35:28Z
WAW-RHO,WAW,RHO,2026-07,outbound,9,2026-07-09,249,ok,2026-04-30T13:35:28Z
WAW-RHO,WAW,RHO,2026-07,outbound,10,2026-07-10,489,ok,2026-04-30T13:35:28Z
WAW-RHO,WAW,RHO,2026-07,outbound,12,2026-07-12,399,ok,2026-04-30T13:35:28Z
WAW-RHO,WAW,RHO,2026-07,outbound,13,2026-07-13,449,ok,2026-04-30T13:35:28Z
WAW-RHO,WAW,RHO,2026-07,outbound,16,2026-07-16,289,ok,2026-04-30T13:35:28Z
WAW-RHO,WAW,RHO,2026-07,outbound,17,2026-07-17,809,ok,2026-04-30T13:35:28Z
WAW-RHO,WAW,RHO,2026-07,outbound,19,2026-07-19,809,ok,2026-04-30T13:35:28Z
WAW-RHO,WAW,RHO,2026-07,outbound,20,2026-07-20,489,ok,2026-04-30T13:35:28Z
WAW-RHO,WAW,RHO,2026-07,outbound,23,2026-07-23,579,ok,2026-04-30T13:35:28Z
WAW-RHO,WAW,RHO,2026-07,outbound,24,2026-07-24,719,ok,2026-04-30T13:35:28Z
WAW-RHO,WAW,RHO,2026-07,outbound,26,2026-07-26,359,ok,2026-04-30T13:35:28Z
WAW-RHO,WAW,RHO,2026-07,outbound,27,2026-07-27,649,ok,2026-04-30T13:35:28Z
WAW-RHO,WAW,RHO,2026-07,outbound,30,2026-07-30,719,ok,2026-04-30T13:35:28Z
WAW-RHO,WAW,RHO,2026-07,outbound,31,2026-07-31,1679,ok,2026-04-30T13:35:28Z
WAW-RHO,WAW,RHO,2026-07,return,2,2026-07-02,399,ok,2026-04-30T13:35:28Z
WAW-RHO,WAW,RHO,2026-07,return,3,2026-07-03,489,ok,2026-04-30T13:35:28Z
WAW-RHO,WAW,RHO,2026-07,return,5,2026-07-05,339,ok,2026-04-30T13:35:28Z
WAW-RHO,WAW,RHO,2026-07,return,6,2026-07-06,309,ok,2026-04-30T13:35:28Z
WAW-RHO,WAW,RHO,2026-07,return,9,2026-07-09,249,ok,2026-04-30T13:35:28Z
WAW-RHO,WAW,RHO,2026-07,return,10,2026-07-10,489,ok,2026-04-30T13:35:28Z
WAW-RHO,WAW,RHO,2026-07,return,12,2026-07-12,399,ok,2026-04-30T13:35:28Z
WAW-RHO,WAW,RHO,2026-07,return,13,2026-07-13,449,ok,2026-04-30T13:35:28Z
WAW-RHO,WAW,RHO,2026-07,return,16,2026-07-16,289,ok,2026-04-30T13:35:28Z
WAW-RHO,WAW,RHO,2026-07,return,17,2026-07-17,809,ok,2026-04-30T13:35:28Z
WAW-RHO,WAW,RHO,2026-07,return,19,2026-07-19,809,ok,2026-04-30T13:35:28Z
WAW-RHO,WAW,RHO,2026-07,return,20,2026-07-20,489,ok,2026-04-30T13:35:28Z
WAW-RHO,WAW,RHO,2026-07,return,23,2026-07-23,579,ok,2026-04-30T13:35:28Z
WAW-RHO,WAW,RHO,2026-07,return,24,2026-07-24,719,ok,2026-04-30T13:35:28Z
WAW-RHO,WAW,RHO,2026-07,return,26,2026-07-26,359,ok,2026-04-30T13:35:28Z
WAW-RHO,WAW,RHO,2026-07,return,27,2026-07-27,649,ok,2026-04-30T13:35:28Z
WAW-RHO,WAW,RHO,2026-07,return,30,2026-07-30,719,ok,2026-04-30T13:35:28Z
WAW-RHO,WAW,RHO,2026-07,return,31,2026-07-31,1679,ok,2026-04-30T13:35:28Z
WAW-RHO,WAW,RHO,2026-08,outbound,2,2026-08-02,719,ok,2026-04-30T13:35:28Z
WAW-RHO,WAW,RHO,2026-08,outbound,3,2026-08-03,579,ok,2026-04-30T13:35:28Z
WAW-RHO,WAW,RHO,2026-08,outbound,6,2026-08-06,449,ok,2026-04-30T13:35:28Z
WAW-RHO,WAW,RHO,2026-08,outbound,7,2026-08-07,719,ok,2026-04-30T13:35:28Z
WAW-RHO,WAW,RHO,2026-08,outbound,9,2026-08-09,399,ok,2026-04-30T13:35:28Z
WAW-RHO,WAW,RHO,2026-08,outbound,10,2026-08-10,449,ok,2026-04-30T13:35:28Z
WAW-RHO,WAW,RHO,2026-08,outbound,13,2026-08-13,959,ok,2026-04-30T13:35:28Z
WAW-RHO,WAW,RHO,2026-08,outbound,14,2026-08-14,1139,ok,2026-04-30T13:35:28Z
WAW-RHO,WAW,RHO,2026-08,outbound,16,2026-08-16,539,ok,2026-04-30T13:35:28Z
WAW-RHO,WAW,RHO,2026-08,outbound,17,2026-08-17,719,ok,2026-04-30T13:35:28Z
WAW-RHO,WAW,RHO,2026-08,outbound,20,2026-08-20,719,ok,2026-04-30T13:35:28Z
WAW-RHO,WAW,RHO,2026-08,outbound,21,2026-08-21,849,ok,2026-04-30T13:35:28Z
WAW-RHO,WAW,RHO,2026-08,outbound,23,2026-08-23,809,ok,2026-04-30T13:35:28Z
WAW-RHO,WAW,RHO,2026-08,outbound,24,2026-08-24,579,ok,2026-04-30T13:35:28Z
WAW-RHO,WAW,RHO,2026-08,outbound,27,2026-08-27,539,ok,2026-04-30T13:35:28Z
WAW-RHO,WAW,RHO,2026-08,outbound,28,2026-08-28,1679,ok,2026-04-30T13:35:28Z
WAW-RHO,WAW,RHO,2026-08,outbound,30,2026-08-30,959,ok,2026-04-30T13:35:28Z
WAW-RHO,WAW,RHO,2026-08,outbound,31,2026-08-31,649,ok,2026-04-30T13:35:28Z
WAW-RHO,WAW,RHO,2026-08,return,2,2026-08-02,719,ok,2026-04-30T13:35:28Z
WAW-RHO,WAW,RHO,2026-08,return,3,2026-08-03,579,ok,2026-04-30T13:35:28Z
WAW-RHO,WAW,RHO,2026-08,return,6,2026-08-06,449,ok,2026-04-30T13:35:28Z
WAW-RHO,WAW,RHO,2026-08,return,7,2026-08-07,719,ok,2026-04-30T13:35:28Z
WAW-RHO,WAW,RHO,2026-08,return,9,2026-08-09,399,ok,2026-04-30T13:35:28Z
WAW-RHO,WAW,RHO,2026-08,return,10,2026-08-10,449,ok,2026-04-30T13:35:28Z
WAW-RHO,WAW,RHO,2026-08,return,13,2026-08-13,959,ok,2026-04-30T13:35:28Z
WAW-RHO,WAW,RHO,2026-08,return,14,2026-08-14,1139,ok,2026-04-30T13:35:28Z
WAW-RHO,WAW,RHO,2026-08,return,16,2026-08-16,539,ok,2026-04-30T13:35:28Z
WAW-RHO,WAW,RHO,2026-08,return,17,2026-08-17,719,ok,2026-04-30T13:35:28Z
WAW-RHO,WAW,RHO,2026-08,return,20,2026-08-20,719,ok,2026-04-30T13:35:28Z
WAW-RHO,WAW,RHO,2026-08,return,21,2026-08-21,849,ok,2026-04-30T13:35:28Z
WAW-RHO,WAW,RHO,2026-08,return,23,2026-08-23,809,ok,2026-04-30T13:35:28Z
WAW-RHO,WAW,RHO,2026-08,return,24,2026-08-24,579,ok,2026-04-30T13:35:28Z
WAW-RHO,WAW,RHO,2026-08,return,27,2026-08-27,539,ok,2026-04-30T13:35:28Z
WAW-RHO,WAW,RHO,2026-08,return,28,2026-08-28,1679,ok,2026-04-30T13:35:28Z
WAW-RHO,WAW,RHO,2026-08,return,30,2026-08-30,959,ok,2026-04-30T13:35:28Z
WAW-RHO,WAW,RHO,2026-08,return,31,2026-08-31,649,ok,2026-04-30T13:35:28Z
WAW-CFU,WAW,CFU,2026-06,outbound,9,2026-06-09,219,ok,2026-04-30T13:35:28Z
WAW-CFU,WAW,CFU,2026-06,outbound,11,2026-06-11,249,ok,2026-04-30T13:35:28Z
WAW-CFU,WAW,CFU,2026-06,outbound,13,2026-06-13,359,ok,2026-04-30T13:35:28Z
WAW-CFU,WAW,CFU,2026-06,outbound,16,2026-06-16,219,ok,2026-04-30T13:35:28Z
WAW-CFU,WAW,CFU,2026-06,outbound,18,2026-06-18,359,ok,2026-04-30T13:35:28Z
WAW-CFU,WAW,CFU,2026-06,outbound,20,2026-06-20,559,ok,2026-04-30T13:35:28Z
WAW-CFU,WAW,CFU,2026-06,outbound,23,2026-06-23,269,ok,2026-04-30T13:35:28Z
WAW-CFU,WAW,CFU,2026-06,outbound,25,2026-06-25,209,ok,2026-04-30T13:35:28Z
WAW-CFU,WAW,CFU,2026-06,outbound,27,2026-06-27,809,ok,2026-04-30T13:35:28Z
WAW-CFU,WAW,CFU,2026-06,outbound,30,2026-06-30,219,ok,2026-04-30T13:35:28Z
WAW-CFU,WAW,CFU,2026-06,return,9,2026-06-09,219,ok,2026-04-30T13:35:28Z
WAW-CFU,WAW,CFU,2026-06,return,11,2026-06-11,249,ok,2026-04-30T13:35:28Z
WAW-CFU,WAW,CFU,2026-06,return,13,2026-06-13,359,ok,2026-04-30T13:35:28Z
WAW-CFU,WAW,CFU,2026-06,return,16,2026-06-16,219,ok,2026-04-30T13:35:28Z
WAW-CFU,WAW,CFU,2026-06,return,18,2026-06-18,359,ok,2026-04-30T13:35:28Z
WAW-CFU,WAW,CFU,2026-06,return,20,2026-06-20,559,ok,2026-04-30T13:35:28Z
WAW-CFU,WAW,CFU,2026-06,return,23,2026-06-23,269,ok,2026-04-30T13:35:28Z
WAW-CFU,WAW,CFU,2026-06,return,25,2026-06-25,209,ok,2026-04-30T13:35:28Z
WAW-CFU,WAW,CFU,2026-06,return,27,2026-06-27,809,ok,2026-04-30T13:35:28Z
WAW-CFU,WAW,CFU,2026-06,return,30,2026-06-30,219,ok,2026-04-30T13:35:28Z
WAW-CFU,WAW,CFU,2026-07,outbound,2,2026-07-02,179,ok,2026-04-30T13:35:28Z
WAW-CFU,WAW,CFU,2026-07,outbound,4,2026-07-04,559,ok,2026-04-30T13:35:28Z
WAW-CFU,WAW,CFU,2026-07,outbound,7,2026-07-07,289,ok,2026-04-30T13:35:28Z
WAW-CFU,WAW,CFU,2026-07,outbound,9,2026-07-09,289,ok,2026-04-30T13:35:28Z
WAW-CFU,WAW,CFU,2026-07,outbound,11,2026-07-11,599,ok,2026-04-30T13:35:28Z
WAW-CFU,WAW,CFU,2026-07,outbound,14,2026-07-14,219,ok,2026-04-30T13:35:28Z
WAW-CFU,WAW,CFU,2026-07,outbound,16,2026-07-16,249,ok,2026-04-30T13:35:28Z
WAW-CFU,WAW,CFU,2026-07,outbound,18,2026-07-18,399,ok,2026-04-30T13:35:28Z
WAW-CFU,WAW,CFU,2026-07,outbound,21,2026-07-21,309,ok,2026-04-30T13:35:28Z
WAW-CFU,WAW,CFU,2026-07,outbound,23,2026-07-23,219,ok,2026-04-30T13:35:28Z
WAW-CFU,WAW,CFU,2026-07,outbound,25,2026-07-25,669,ok,2026-04-30T13:35:28Z
WAW-CFU,WAW,CFU,2026-07,outbound,28,2026-07-28,219,ok,2026-04-30T13:35:28Z
WAW-CFU,WAW,CFU,2026-07,outbound,30,2026-07-30,219,ok,2026-04-30T13:35:28Z
WAW-CFU,WAW,CFU,2026-07,return,2,2026-07-02,179,ok,2026-04-30T13:35:28Z
WAW-CFU,WAW,CFU,2026-07,return,4,2026-07-04,559,ok,2026-04-30T13:35:28Z
WAW-CFU,WAW,CFU,2026-07,return,7,2026-07-07,289,ok,2026-04-30T13:35:28Z
WAW-CFU,WAW,CFU,2026-07,return,9,2026-07-09,289,ok,2026-04-30T13:35:28Z
WAW-CFU,WAW,CFU,2026-07,return,11,2026-07-11,599,ok,2026-04-30T13:35:28Z
WAW-CFU,WAW,CFU,2026-07,return,14,2026-07-14,219,ok,2026-04-30T13:35:28Z
WAW-CFU,WAW,CFU,2026-07,return,16,2026-07-16,249,ok,2026-04-30T13:35:28Z
WAW-CFU,WAW,CFU,2026-07,return,18,2026-07-18,399,ok,2026-04-30T13:35:28Z
WAW-CFU,WAW,CFU,2026-07,return,21,2026-07-21,309,ok,2026-04-30T13:35:28Z
WAW-CFU,WAW,CFU,2026-07,return,23,2026-07-23,219,ok,2026-04-30T13:35:28Z
WAW-CFU,WAW,CFU,2026-07,return,25,2026-07-25,669,ok,2026-04-30T13:35:28Z
WAW-CFU,WAW,CFU,2026-07,return,28,2026-07-28,219,ok,2026-04-30T13:35:28Z
WAW-CFU,WAW,CFU,2026-07,return,30,2026-07-30,219,ok,2026-04-30T13:35:28Z
WAW-CFU,WAW,CFU,2026-08,outbound,1,2026-08-01,669,ok,2026-04-30T13:35:28Z
WAW-CFU,WAW,CFU,2026-08,outbound,4,2026-08-04,449,ok,2026-04-30T13:35:28Z
WAW-CFU,WAW,CFU,2026-08,outbound,6,2026-08-06,359,ok,2026-04-30T13:35:28Z
WAW-CFU,WAW,CFU,2026-08,outbound,8,2026-08-08,809,ok,2026-04-30T13:35:28Z
WAW-CFU,WAW,CFU,2026-08,outbound,11,2026-08-11,509,ok,2026-04-30T13:35:28Z
WAW-CFU,WAW,CFU,2026-08,outbound,13,2026-08-13,509,ok,2026-04-30T13:35:28Z
WAW-CFU,WAW,CFU,2026-08,outbound,15,2026-08-15,1249,ok,2026-04-30T13:35:28Z
WAW-CFU,WAW,CFU,2026-08,outbound,18,2026-08-18,309,ok,2026-04-30T13:35:28Z
WAW-CFU,WAW,CFU,2026-08,outbound,20,2026-08-20,359,ok,2026-04-30T13:35:28Z
WAW-CFU,WAW,CFU,2026-08,outbound,22,2026-08-22,849,ok,2026-04-30T13:35:28Z
WAW-CFU,WAW,CFU,2026-08,outbound,25,2026-08-25,399,ok,2026-04-30T13:35:28Z
WAW-CFU,WAW,CFU,2026-08,outbound,27,2026-08-27,359,ok,2026-04-30T13:35:28Z
WAW-CFU,WAW,CFU,2026-08,outbound,29,2026-08-29,1049,ok,2026-04-30T13:35:28Z
WAW-CFU,WAW,CFU,2026-08,return,1,2026-08-01,669,ok,2026-04-30T13:35:28Z
WAW-CFU,WAW,CFU,2026-08,return,4,2026-08-04,449,ok,2026-04-30T13:35:28Z
WAW-CFU,WAW,CFU,2026-08,return,6,2026-08-06,359,ok,2026-04-30T13:35:28Z
WAW-CFU,WAW,CFU,2026-08,return,8,2026-08-08,809,ok,2026-04-30T13:35:28Z
WAW-CFU,WAW,CFU,2026-08,return,11,2026-08-11,509,ok,2026-04-30T13:35:28Z
WAW-CFU,WAW,CFU,2026-08,return,13,2026-08-13,509,ok,2026-04-30T13:35:28Z
WAW-CFU,WAW,CFU,2026-08,return,15,2026-08-15,1249,ok,2026-04-30T13:35:28Z
WAW-CFU,WAW,CFU,2026-08,return,18,2026-08-18,309,ok,2026-04-30T13:35:28Z
WAW-CFU,WAW,CFU,2026-08,return,20,2026-08-20,359,ok,2026-04-30T13:35:28Z
WAW-CFU,WAW,CFU,2026-08,return,22,2026-08-22,849,ok,2026-04-30T13:35:28Z
WAW-CFU,WAW,CFU,2026-08,return,25,2026-08-25,399,ok,2026-04-30T13:35:28Z
WAW-CFU,WAW,CFU,2026-08,return,27,2026-08-27,359,ok,2026-04-30T13:35:28Z
WAW-CFU,WAW,CFU,2026-08,return,29,2026-08-29,1049,ok,2026-04-30T13:35:28Z
WAW-ZTH,WAW,ZTH,2026-06,outbound,7,2026-06-07,669,ok,2026-04-30T13:35:28Z
WAW-ZTH,WAW,ZTH,2026-06,outbound,9,2026-06-09,579,ok,2026-04-30T13:35:28Z
WAW-ZTH,WAW,ZTH,2026-06,outbound,13,2026-06-13,449,ok,2026-04-30T13:35:28Z
WAW-ZTH,WAW,ZTH,2026-06,outbound,14,2026-06-14,309,ok,2026-04-30T13:35:28Z
WAW-ZTH,WAW,ZTH,2026-06,outbound,16,2026-06-16,449,ok,2026-04-30T13:35:28Z
WAW-ZTH,WAW,ZTH,2026-06,outbound,20,2026-06-20,489,ok,2026-04-30T13:35:28Z
WAW-ZTH,WAW,ZTH,2026-06,outbound,21,2026-06-21,339,ok,2026-04-30T13:35:28Z
WAW-ZTH,WAW,ZTH,2026-06,outbound,23,2026-06-23,359,ok,2026-04-30T13:35:28Z
WAW-ZTH,WAW,ZTH,2026-06,outbound,27,2026-06-27,339,ok,2026-04-30T13:35:28Z
WAW-ZTH,WAW,ZTH,2026-06,outbound,28,2026-06-28,339,ok,2026-04-30T13:35:28Z
WAW-ZTH,WAW,ZTH,2026-06,outbound,30,2026-06-30,339,ok,2026-04-30T13:35:28Z
WAW-ZTH,WAW,ZTH,2026-06,return,7,2026-06-07,669,ok,2026-04-30T13:35:28Z
WAW-ZTH,WAW,ZTH,2026-06,return,9,2026-06-09,579,ok,2026-04-30T13:35:28Z
WAW-ZTH,WAW,ZTH,2026-06,return,13,2026-06-13,449,ok,2026-04-30T13:35:28Z
WAW-ZTH,WAW,ZTH,2026-06,return,14,2026-06-14,309,ok,2026-04-30T13:35:28Z
WAW-ZTH,WAW,ZTH,2026-06,return,16,2026-06-16,449,ok,2026-04-30T13:35:28Z
WAW-ZTH,WAW,ZTH,2026-06,return,20,2026-06-20,489,ok,2026-04-30T13:35:28Z
WAW-ZTH,WAW,ZTH,2026-06,return,21,2026-06-21,339,ok,2026-04-30T13:35:28Z
WAW-ZTH,WAW,ZTH,2026-06,return,23,2026-06-23,359,ok,2026-04-30T13:35:28Z
WAW-ZTH,WAW,ZTH,2026-06,return,27,2026-06-27,339,ok,2026-04-30T13:35:28Z
WAW-ZTH,WAW,ZTH,2026-06,return,28,2026-06-28,339,ok,2026-04-30T13:35:28Z
WAW-ZTH,WAW,ZTH,2026-06,return,30,2026-06-30,339,ok,2026-04-30T13:35:28Z
WAW-ZTH,WAW,ZTH,2026-07,outbound,4,2026-07-04,399,ok,2026-04-30T13:35:28Z
WAW-ZTH,WAW,ZTH,2026-07,outbound,5,2026-07-05,539,ok,2026-04-30T13:35:28Z
WAW-ZTH,WAW,ZTH,2026-07,outbound,7,2026-07-07,669,ok,2026-04-30T13:35:28Z
WAW-ZTH,WAW,ZTH,2026-07,outbound,11,2026-07-11,399,ok,2026-04-30T13:35:28Z
WAW-ZTH,WAW,ZTH,2026-07,outbound,12,2026-07-12,359,ok,2026-04-30T13:35:28Z
WAW-ZTH,WAW,ZTH,2026-07,outbound,14,2026-07-14,399,ok,2026-04-30T13:35:28Z
WAW-ZTH,WAW,ZTH,2026-07,outbound,18,2026-07-18,669,ok,2026-04-30T13:35:28Z
WAW-ZTH,WAW,ZTH,2026-07,outbound,19,2026-07-19,449,ok,2026-04-30T13:35:28Z
WAW-ZTH,WAW,ZTH,2026-07,outbound,21,2026-07-21,629,ok,2026-04-30T13:35:28Z
WAW-ZTH,WAW,ZTH,2026-07,outbound,25,2026-07-25,809,ok,2026-04-30T13:35:28Z
WAW-ZTH,WAW,ZTH,2026-07,outbound,26,2026-07-26,809,ok,2026-04-30T13:35:28Z
WAW-ZTH,WAW,ZTH,2026-07,outbound,28,2026-07-28,449,ok,2026-04-30T13:35:28Z
WAW-ZTH,WAW,ZTH,2026-07,return,4,2026-07-04,399,ok,2026-04-30T13:35:28Z
WAW-ZTH,WAW,ZTH,2026-07,return,5,2026-07-05,539,ok,2026-04-30T13:35:28Z
WAW-ZTH,WAW,ZTH,2026-07,return,7,2026-07-07,669,ok,2026-04-30T13:35:28Z
WAW-ZTH,WAW,ZTH,2026-07,return,11,2026-07-11,399,ok,2026-04-30T13:35:28Z
WAW-ZTH,WAW,ZTH,2026-07,return,12,2026-07-12,359,ok,2026-04-30T13:35:28Z
WAW-ZTH,WAW,ZTH,2026-07,return,14,2026-07-14,399,ok,2026-04-30T13:35:28Z
WAW-ZTH,WAW,ZTH,2026-07,return,18,2026-07-18,669,ok,2026-04-30T13:35:28Z
WAW-ZTH,WAW,ZTH,2026-07,return,19,2026-07-19,449,ok,2026-04-30T13:35:28Z
WAW-ZTH,WAW,ZTH,2026-07,return,21,2026-07-21,629,ok,2026-04-30T13:35:28Z
WAW-ZTH,WAW,ZTH,2026-07,return,25,2026-07-25,809,ok,2026-04-30T13:35:28Z
WAW-ZTH,WAW,ZTH,2026-07,return,26,2026-07-26,809,ok,2026-04-30T13:35:28Z
WAW-ZTH,WAW,ZTH,2026-07,return,28,2026-07-28,449,ok,2026-04-30T13:35:28Z
WAW-ZTH,WAW,ZTH,2026-08,outbound,1,2026-08-01,899,ok,2026-04-30T13:35:28Z
WAW-ZTH,WAW,ZTH,2026-08,outbound,2,2026-08-02,669,ok,2026-04-30T13:35:28Z
WAW-ZTH,WAW,ZTH,2026-08,outbound,4,2026-08-04,539,ok,2026-04-30T13:35:28Z
WAW-ZTH,WAW,ZTH,2026-08,outbound,8,2026-08-08,1009,ok,2026-04-30T13:35:28Z
WAW-ZTH,WAW,ZTH,2026-08,outbound,9,2026-08-09,489,ok,2026-04-30T13:35:28Z
WAW-ZTH,WAW,ZTH,2026-08,outbound,11,2026-08-11,629,ok,2026-04-30T13:35:28Z
WAW-ZTH,WAW,ZTH,2026-08,outbound,15,2026-08-15,1119,ok,2026-04-30T13:35:28Z
WAW-ZTH,WAW,ZTH,2026-08,outbound,16,2026-08-16,629,ok,2026-04-30T13:35:28Z
WAW-ZTH,WAW,ZTH,2026-08,outbound,18,2026-08-18,629,ok,2026-04-30T13:35:28Z
WAW-ZTH,WAW,ZTH,2026-08,outbound,22,2026-08-22,739,ok,2026-04-30T13:35:28Z
WAW-ZTH,WAW,ZTH,2026-08,outbound,23,2026-08-23,579,ok,2026-04-30T13:35:28Z
WAW-ZTH,WAW,ZTH,2026-08,outbound,25,2026-08-25,1009,ok,2026-04-30T13:35:28Z
WAW-ZTH,WAW,ZTH,2026-08,outbound,29,2026-08-29,1009,ok,2026-04-30T13:35:28Z
WAW-ZTH,WAW,ZTH,2026-08,outbound,30,2026-08-30,629,ok,2026-04-30T13:35:28Z
WAW-ZTH,WAW,ZTH,2026-08,return,1,2026-08-01,899,ok,2026-04-30T13:35:28Z
WAW-ZTH,WAW,ZTH,2026-08,return,2,2026-08-02,669,ok,2026-04-30T13:35:28Z
WAW-ZTH,WAW,ZTH,2026-08,return,4,2026-08-04,539,ok,2026-04-30T13:35:28Z
WAW-ZTH,WAW,ZTH,2026-08,return,8,2026-08-08,1009,ok,2026-04-30T13:35:28Z
WAW-ZTH,WAW,ZTH,2026-08,return,9,2026-08-09,489,ok,2026-04-30T13:35:28Z
WAW-ZTH,WAW,ZTH,2026-08,return,11,2026-08-11,629,ok,2026-04-30T13:35:28Z
WAW-ZTH,WAW,ZTH,2026-08,return,15,2026-08-15,1119,ok,2026-04-30T13:35:28Z
WAW-ZTH,WAW,ZTH,2026-08,return,16,2026-08-16,629,ok,2026-04-30T13:35:28Z
WAW-ZTH,WAW,ZTH,2026-08,return,18,2026-08-18,629,ok,2026-04-30T13:35:28Z
WAW-ZTH,WAW,ZTH,2026-08,return,22,2026-08-22,739,ok,2026-04-30T13:35:28Z
WAW-ZTH,WAW,ZTH,2026-08,return,23,2026-08-23,579,ok,2026-04-30T13:35:28Z
WAW-ZTH,WAW,ZTH,2026-08,return,25,2026-08-25,1009,ok,2026-04-30T13:35:28Z
WAW-ZTH,WAW,ZTH,2026-08,return,29,2026-08-29,1009,ok,2026-04-30T13:35:28Z
WAW-ZTH,WAW,ZTH,2026-08,return,30,2026-08-30,629,ok,2026-04-30T13:35:28Z
WAW-MAD,WAW,MAD,2026-05,outbound,1,2026-05-01,719,ok,2026-04-30T13:35:28Z
WAW-MAD,WAW,MAD,2026-05,outbound,2,2026-05-02,599,ok,2026-04-30T13:35:28Z
WAW-MAD,WAW,MAD,2026-05,outbound,3,2026-05-03,359,ok,2026-04-30T13:35:28Z
WAW-MAD,WAW,MAD,2026-05,outbound,4,2026-05-04,719,ok,2026-04-30T13:35:28Z
WAW-MAD,WAW,MAD,2026-05,outbound,5,2026-05-05,309,ok,2026-04-30T13:35:28Z
WAW-MAD,WAW,MAD,2026-05,outbound,6,2026-05-06,289,ok,2026-04-30T13:35:28Z
WAW-MAD,WAW,MAD,2026-05,outbound,7,2026-05-07,359,ok,2026-04-30T13:35:28Z
WAW-MAD,WAW,MAD,2026-05,outbound,8,2026-05-08,219,ok,2026-04-30T13:35:28Z
WAW-MAD,WAW,MAD,2026-05,outbound,9,2026-05-09,289,ok,2026-04-30T13:35:28Z
WAW-MAD,WAW,MAD,2026-05,outbound,10,2026-05-10,809,ok,2026-04-30T13:35:28Z
WAW-MAD,WAW,MAD,2026-05,outbound,11,2026-05-11,399,ok,2026-04-30T13:35:28Z
WAW-MAD,WAW,MAD,2026-05,outbound,12,2026-05-12,209,ok,2026-04-30T13:35:28Z
WAW-MAD,WAW,MAD,2026-05,outbound,13,2026-05-13,179,ok,2026-04-30T13:35:28Z
WAW-MAD,WAW,MAD,2026-05,outbound,14,2026-05-14,399,ok,2026-04-30T13:35:28Z
WAW-MAD,WAW,MAD,2026-05,outbound,15,2026-05-15,669,ok,2026-04-30T13:35:28Z
WAW-MAD,WAW,MAD,2026-05,outbound,16,2026-05-16,309,ok,2026-04-30T13:35:28Z
WAW-MAD,WAW,MAD,2026-05,outbound,17,2026-05-17,449,ok,2026-04-30T13:35:28Z
WAW-MAD,WAW,MAD,2026-05,outbound,18,2026-05-18,219,ok,2026-04-30T13:35:28Z
WAW-MAD,WAW,MAD,2026-05,outbound,19,2026-05-19,179,ok,2026-04-30T13:35:28Z
WAW-MAD,WAW,MAD,2026-05,outbound,20,2026-05-20,289,ok,2026-04-30T13:35:28Z
WAW-MAD,WAW,MAD,2026-05,outbound,21,2026-05-21,209,ok,2026-04-30T13:35:28Z
WAW-MAD,WAW,MAD,2026-05,outbound,22,2026-05-22,289,ok,2026-04-30T13:35:28Z
WAW-MAD,WAW,MAD,2026-05,outbound,23,2026-05-23,269,ok,2026-04-30T13:35:28Z
WAW-MAD,WAW,MAD,2026-05,outbound,24,2026-05-24,359,ok,2026-04-30T13:35:28Z
WAW-MAD,WAW,MAD,2026-05,outbound,25,2026-05-25,559,ok,2026-04-30T13:35:28Z
WAW-MAD,WAW,MAD,2026-05,outbound,26,2026-05-26,269,ok,2026-04-30T13:35:28Z
WAW-MAD,WAW,MAD,2026-05,outbound,27,2026-05-27,179,ok,2026-04-30T13:35:28Z
WAW-MAD,WAW,MAD,2026-05,outbound,28,2026-05-28,209,ok,2026-04-30T13:35:28Z
WAW-MAD,WAW,MAD,2026-05,outbound,29,2026-05-29,219,ok,2026-04-30T13:35:28Z
WAW-MAD,WAW,MAD,2026-05,outbound,30,2026-05-30,219,ok,2026-04-30T13:35:28Z
WAW-MAD,WAW,MAD,2026-05,outbound,31,2026-05-31,289,ok,2026-04-30T13:35:28Z
WAW-MAD,WAW,MAD,2026-05,return,1,2026-05-01,719,ok,2026-04-30T13:35:28Z
WAW-MAD,WAW,MAD,2026-05,return,2,2026-05-02,599,ok,2026-04-30T13:35:28Z
WAW-MAD,WAW,MAD,2026-05,return,3,2026-05-03,359,ok,2026-04-30T13:35:28Z
WAW-MAD,WAW,MAD,2026-05,return,4,2026-05-04,719,ok,2026-04-30T13:35:28Z
WAW-MAD,WAW,MAD,2026-05,return,5,2026-05-05,309,ok,2026-04-30T13:35:28Z
WAW-MAD,WAW,MAD,2026-05,return,6,2026-05-06,289,ok,2026-04-30T13:35:28Z
WAW-MAD,WAW,MAD,2026-05,return,7,2026-05-07,359,ok,2026-04-30T13:35:28Z
WAW-MAD,WAW,MAD,2026-05,return,8,2026-05-08,219,ok,2026-04-30T13:35:28Z
WAW-MAD,WAW,MAD,2026-05,return,9,2026-05-09,289,ok,2026-04-30T13:35:28Z
WAW-MAD,WAW,MAD,2026-05,return,10,2026-05-10,809,ok,2026-04-30T13:35:28Z
WAW-MAD,WAW,MAD,2026-05,return,11,2026-05-11,399,ok,2026-04-30T13:35:28Z
WAW-MAD,WAW,MAD,2026-05,return,12,2026-05-12,209,ok,2026-04-30T13:35:28Z
WAW-MAD,WAW,MAD,2026-05,return,13,2026-05-13,179,ok,2026-04-30T13:35:28Z
WAW-MAD,WAW,MAD,2026-05,return,14,2026-05-14,399,ok,2026-04-30T13:35:28Z
WAW-MAD,WAW,MAD,2026-05,return,15,2026-05-15,669,ok,2026-04-30T13:35:28Z
WAW-MAD,WAW,MAD,2026-05,return,16,2026-05-16,309,ok,2026-04-30T13:35:28Z
WAW-MAD,WAW,MAD,2026-05,return,17,2026-05-17,449,ok,2026-04-30T13:35:28Z
WAW-MAD,WAW,MAD,2026-05,return,18,2026-05-18,219,ok,2026-04-30T13:35:28Z
WAW-MAD,WAW,MAD,2026-05,return,19,2026-05-19,179,ok,2026-04-30T13:35:28Z
WAW-MAD,WAW,MAD,2026-05,return,20,2026-05-20,289,ok,2026-04-30T13:35:28Z
WAW-MAD,WAW,MAD,2026-05,return,21,2026-05-21,209,ok,2026-04-30T13:35:28Z
WAW-MAD,WAW,MAD,2026-05,return,22,2026-05-22,289,ok,2026-04-30T13:35:28Z
WAW-MAD,WAW,MAD,2026-05,return,23,2026-05-23,269,ok,2026-04-30T13:35:28Z
WAW-MAD,WAW,MAD,2026-05,return,24,2026-05-24,359,ok,2026-04-30T13:35:28Z
WAW-MAD,WAW,MAD,2026-05,return,25,2026-05-25,559,ok,2026-04-30T13:35:28Z
WAW-MAD,WAW,MAD,2026-05,return,26,2026-05-26,269,ok,2026-04-30T13:35:28Z
WAW-MAD,WAW,MAD,2026-05,return,27,2026-05-27,179,ok,2026-04-30T13:35:28Z
WAW-MAD,WAW,MAD,2026-05,return,28,2026-05-28,209,ok,2026-04-30T13:35:28Z
WAW-MAD,WAW,MAD,2026-05,return,29,2026-05-29,219,ok,2026-04-30T13:35:28Z
WAW-MAD,WAW,MAD,2026-05,return,30,2026-05-30,219,ok,2026-04-30T13:35:28Z
WAW-MAD,WAW,MAD,2026-05,return,31,2026-05-31,289,ok,2026-04-30T13:35:28Z
WAW-MAD,WAW,MAD,2026-06,outbound,1,2026-06-01,209,ok,2026-04-30T13:35:28Z
WAW-MAD,WAW,MAD,2026-06,outbound,2,2026-06-02,209,ok,2026-04-30T13:35:28Z
WAW-MAD,WAW,MAD,2026-06,outbound,3,2026-06-03,249,ok,2026-04-30T13:35:28Z
WAW-MAD,WAW,MAD,2026-06,outbound,4,2026-06-04,449,ok,2026-04-30T13:35:28Z
WAW-MAD,WAW,MAD,2026-06,outbound,5,2026-06-05,179,ok,2026-04-30T13:35:28Z
WAW-MAD,WAW,MAD,2026-06,outbound,6,2026-06-06,249,ok,2026-04-30T13:35:28Z
WAW-MAD,WAW,MAD,2026-06,outbound,7,2026-06-07,959,ok,2026-04-30T13:35:28Z
WAW-MAD,WAW,MAD,2026-06,outbound,8,2026-06-08,399,ok,2026-04-30T13:35:28Z
WAW-MAD,WAW,MAD,2026-06,outbound,9,2026-06-09,269,ok,2026-04-30T13:35:28Z
WAW-MAD,WAW,MAD,2026-06,outbound,10,2026-06-10,179,ok,2026-04-30T13:35:28Z
WAW-MAD,WAW,MAD,2026-06,outbound,11,2026-06-11,209,ok,2026-04-30T13:35:28Z
WAW-MAD,WAW,MAD,2026-06,outbound,12,2026-06-12,179,ok,2026-04-30T13:35:28Z
WAW-MAD,WAW,MAD,2026-06,outbound,13,2026-06-13,249,ok,2026-04-30T13:35:28Z
WAW-MAD,WAW,MAD,2026-06,outbound,14,2026-06-14,399,ok,2026-04-30T13:35:28Z
WAW-MAD,WAW,MAD,2026-06,outbound,15,2026-06-15,249,ok,2026-04-30T13:35:28Z
WAW-MAD,WAW,MAD,2026-06,outbound,16,2026-06-16,179,ok,2026-04-30T13:35:28Z
WAW-MAD,WAW,MAD,2026-06,outbound,17,2026-06-17,249,ok,2026-04-30T13:35:28Z
WAW-MAD,WAW,MAD,2026-06,outbound,18,2026-06-18,359,ok,2026-04-30T13:35:28Z
WAW-MAD,WAW,MAD,2026-06,outbound,19,2026-06-19,249,ok,2026-04-30T13:35:28Z
WAW-MAD,WAW,MAD,2026-06,outbound,20,2026-06-20,359,ok,2026-04-30T13:35:28Z
WAW-MAD,WAW,MAD,2026-06,outbound,21,2026-06-21,719,ok,2026-04-30T13:35:28Z
WAW-MAD,WAW,MAD,2026-06,outbound,22,2026-06-22,269,ok,2026-04-30T13:35:28Z
WAW-MAD,WAW,MAD,2026-06,outbound,23,2026-06-23,219,ok,2026-04-30T13:35:28Z
WAW-MAD,WAW,MAD,2026-06,outbound,24,2026-06-24,249,ok,2026-04-30T13:35:28Z
WAW-MAD,WAW,MAD,2026-06,outbound,25,2026-06-25,309,ok,2026-04-30T13:35:28Z
WAW-MAD,WAW,MAD,2026-06,outbound,26,2026-06-26,249,ok,2026-04-30T13:35:28Z
WAW-MAD,WAW,MAD,2026-06,outbound,27,2026-06-27,359,ok,2026-04-30T13:35:28Z
WAW-MAD,WAW,MAD,2026-06,outbound,28,2026-06-28,669,ok,2026-04-30T13:35:28Z
WAW-MAD,WAW,MAD,2026-06,outbound,29,2026-06-29,249,ok,2026-04-30T13:35:28Z
WAW-MAD,WAW,MAD,2026-06,outbound,30,2026-06-30,219,ok,2026-04-30T13:35:28Z
WAW-MAD,WAW,MAD,2026-06,return,1,2026-06-01,209,ok,2026-04-30T13:35:28Z
WAW-MAD,WAW,MAD,2026-06,return,2,2026-06-02,209,ok,2026-04-30T13:35:28Z
WAW-MAD,WAW,MAD,2026-06,return,3,2026-06-03,249,ok,2026-04-30T13:35:28Z
WAW-MAD,WAW,MAD,2026-06,return,4,2026-06-04,449,ok,2026-04-30T13:35:28Z
WAW-MAD,WAW,MAD,2026-06,return,5,2026-06-05,179,ok,2026-04-30T13:35:28Z
WAW-MAD,WAW,MAD,2026-06,return,6,2026-06-06,249,ok,2026-04-30T13:35:28Z
WAW-MAD,WAW,MAD,2026-06,return,7,2026-06-07,959,ok,2026-04-30T13:35:28Z
WAW-MAD,WAW,MAD,2026-06,return,8,2026-06-08,399,ok,2026-04-30T13:35:28Z
WAW-MAD,WAW,MAD,2026-06,return,9,2026-06-09,269,ok,2026-04-30T13:35:28Z
WAW-MAD,WAW,MAD,2026-06,return,10,2026-06-10,179,ok,2026-04-30T13:35:28Z
WAW-MAD,WAW,MAD,2026-06,return,11,2026-06-11,209,ok,2026-04-30T13:35:28Z
WAW-MAD,WAW,MAD,2026-06,return,12,2026-06-12,179,ok,2026-04-30T13:35:28Z
WAW-MAD,WAW,MAD,2026-06,return,13,2026-06-13,249,ok,2026-04-30T13:35:28Z
WAW-MAD,WAW,MAD,2026-06,return,14,2026-06-14,399,ok,2026-04-30T13:35:28Z
WAW-MAD,WAW,MAD,2026-06,return,15,2026-06-15,249,ok,2026-04-30T13:35:28Z
WAW-MAD,WAW,MAD,2026-06,return,16,2026-06-16,179,ok,2026-04-30T13:35:28Z
WAW-MAD,WAW,MAD,2026-06,return,17,2026-06-17,249,ok,2026-04-30T13:35:28Z
WAW-MAD,WAW,MAD,2026-06,return,18,2026-06-18,359,ok,2026-04-30T13:35:28Z
WAW-MAD,WAW,MAD,2026-06,return,19,2026-06-19,249,ok,2026-04-30T13:35:28Z
WAW-MAD,WAW,MAD,2026-06,return,20,2026-06-20,359,ok,2026-04-30T13:35:28Z
WAW-MAD,WAW,MAD,2026-06,return,21,2026-06-21,719,ok,2026-04-30T13:35:28Z
WAW-MAD,WAW,MAD,2026-06,return,22,2026-06-22,269,ok,2026-04-30T13:35:28Z
WAW-MAD,WAW,MAD,2026-06,return,23,2026-06-23,219,ok,2026-04-30T13:35:28Z
WAW-MAD,WAW,MAD,2026-06,return,24,2026-06-24,249,ok,2026-04-30T13:35:28Z
WAW-MAD,WAW,MAD,2026-06,return,25,2026-06-25,309,ok,2026-04-30T13:35:28Z
WAW-MAD,WAW,MAD,2026-06,return,26,2026-06-26,249,ok,2026-04-30T13:35:28Z
WAW-MAD,WAW,MAD,2026-06,return,27,2026-06-27,359,ok,2026-04-30T13:35:28Z
WAW-MAD,WAW,MAD,2026-06,return,28,2026-06-28,669,ok,2026-04-30T13:35:28Z
WAW-MAD,WAW,MAD,2026-06,return,29,2026-06-29,249,ok,2026-04-30T13:35:28Z
WAW-MAD,WAW,MAD,2026-06,return,30,2026-06-30,219,ok,2026-04-30T13:35:28Z
WAW-MAD,WAW,MAD,2026-07,outbound,1,2026-07-01,249,ok,2026-04-30T13:35:28Z
WAW-MAD,WAW,MAD,2026-07,outbound,2,2026-07-02,269,ok,2026-04-30T13:35:28Z
WAW-MAD,WAW,MAD,2026-07,outbound,3,2026-07-03,399,ok,2026-04-30T13:35:28Z
WAW-MAD,WAW,MAD,2026-07,outbound,4,2026-07-04,309,ok,2026-04-30T13:35:28Z
WAW-MAD,WAW,MAD,2026-07,outbound,5,2026-07-05,309,ok,2026-04-30T13:35:28Z
WAW-MAD,WAW,MAD,2026-07,outbound,6,2026-07-06,219,ok,2026-04-30T13:35:28Z
WAW-MAD,WAW,MAD,2026-07,outbound,7,2026-07-07,309,ok,2026-04-30T13:35:28Z
WAW-MAD,WAW,MAD,2026-07,outbound,8,2026-07-08,179,ok,2026-04-30T13:35:28Z
WAW-MAD,WAW,MAD,2026-07,outbound,9,2026-07-09,509,ok,2026-04-30T13:35:28Z
WAW-MAD,WAW,MAD,2026-07,outbound,10,2026-07-10,559,ok,2026-04-30T13:35:28Z
WAW-MAD,WAW,MAD,2026-07,outbound,11,2026-07-11,289,ok,2026-04-30T13:35:28Z
WAW-MAD,WAW,MAD,2026-07,outbound,12,2026-07-12,359,ok,2026-04-30T13:35:28Z
WAW-MAD,WAW,MAD,2026-07,outbound,13,2026-07-13,849,ok,2026-04-30T13:35:28Z
WAW-MAD,WAW,MAD,2026-07,outbound,14,2026-07-14,509,ok,2026-04-30T13:35:28Z
WAW-MAD,WAW,MAD,2026-07,outbound,15,2026-07-15,599,ok,2026-04-30T13:35:28Z
WAW-MAD,WAW,MAD,2026-07,outbound,16,2026-07-16,449,ok,2026-04-30T13:35:28Z
WAW-MAD,WAW,MAD,2026-07,outbound,17,2026-07-17,509,ok,2026-04-30T13:35:28Z
WAW-MAD,WAW,MAD,2026-07,outbound,18,2026-07-18,959,ok,2026-04-30T13:35:28Z
WAW-MAD,WAW,MAD,2026-07,outbound,19,2026-07-19,719,ok,2026-04-30T13:35:28Z
WAW-MAD,WAW,MAD,2026-07,outbound,20,2026-07-20,559,ok,2026-04-30T13:35:28Z
WAW-MAD,WAW,MAD,2026-07,outbound,21,2026-07-21,399,ok,2026-04-30T13:35:28Z
WAW-MAD,WAW,MAD,2026-07,outbound,22,2026-07-22,249,ok,2026-04-30T13:35:28Z
WAW-MAD,WAW,MAD,2026-07,outbound,23,2026-07-23,269,ok,2026-04-30T13:35:28Z
WAW-MAD,WAW,MAD,2026-07,outbound,24,2026-07-24,359,ok,2026-04-30T13:35:28Z
WAW-MAD,WAW,MAD,2026-07,outbound,25,2026-07-25,509,ok,2026-04-30T13:35:28Z
WAW-MAD,WAW,MAD,2026-07,outbound,26,2026-07-26,509,ok,2026-04-30T13:35:28Z
WAW-MAD,WAW,MAD,2026-07,outbound,27,2026-07-27,359,ok,2026-04-30T13:35:28Z
WAW-MAD,WAW,MAD,2026-07,outbound,28,2026-07-28,559,ok,2026-04-30T13:35:28Z
WAW-MAD,WAW,MAD,2026-07,outbound,29,2026-07-29,509,ok,2026-04-30T13:35:28Z
WAW-MAD,WAW,MAD,2026-07,outbound,30,2026-07-30,719,ok,2026-04-30T13:35:28Z
WAW-MAD,WAW,MAD,2026-07,outbound,31,2026-07-31,849,ok,2026-04-30T13:35:28Z
WAW-MAD,WAW,MAD,2026-07,return,1,2026-07-01,249,ok,2026-04-30T13:35:28Z
WAW-MAD,WAW,MAD,2026-07,return,2,2026-07-02,269,ok,2026-04-30T13:35:28Z
WAW-MAD,WAW,MAD,2026-07,return,3,2026-07-03,399,ok,2026-04-30T13:35:28Z
WAW-MAD,WAW,MAD,2026-07,return,4,2026-07-04,309,ok,2026-04-30T13:35:28Z
WAW-MAD,WAW,MAD,2026-07,return,5,2026-07-05,309,ok,2026-04-30T13:35:28Z
WAW-MAD,WAW,MAD,2026-07,return,6,2026-07-06,219,ok,2026-04-30T13:35:28Z
WAW-MAD,WAW,MAD,2026-07,return,7,2026-07-07,309,ok,2026-04-30T13:35:28Z
WAW-MAD,WAW,MAD,2026-07,return,8,2026-07-08,179,ok,2026-04-30T13:35:28Z
WAW-MAD,WAW,MAD,2026-07,return,9,2026-07-09,509,ok,2026-04-30T13:35:28Z
WAW-MAD,WAW,MAD,2026-07,return,10,2026-07-10,559,ok,2026-04-30T13:35:28Z
WAW-MAD,WAW,MAD,2026-07,return,11,2026-07-11,289,ok,2026-04-30T13:35:28Z
WAW-MAD,WAW,MAD,2026-07,return,12,2026-07-12,359,ok,2026-04-30T13:35:28Z
WAW-MAD,WAW,MAD,2026-07,return,13,2026-07-13,849,ok,2026-04-30T13:35:28Z
WAW-MAD,WAW,MAD,2026-07,return,14,2026-07-14,509,ok,2026-04-30T13:35:28Z
WAW-MAD,WAW,MAD,2026-07,return,15,2026-07-15,599,ok,2026-04-30T13:35:28Z
WAW-MAD,WAW,MAD,2026-07,return,16,2026-07-16,449,ok,2026-04-30T13:35:28Z
WAW-MAD,WAW,MAD,2026-07,return,17,2026-07-17,509,ok,2026-04-30T13:35:28Z
WAW-MAD,WAW,MAD,2026-07,return,18,2026-07-18,959,ok,2026-04-30T13:35:28Z
WAW-MAD,WAW,MAD,2026-07,return,19,2026-07-19,719,ok,2026-04-30T13:35:28Z
WAW-MAD,WAW,MAD,2026-07,return,20,2026-07-20,559,ok,2026-04-30T13:35:28Z
WAW-MAD,WAW,MAD,2026-07,return,21,2026-07-21,399,ok,2026-04-30T13:35:28Z
WAW-MAD,WAW,MAD,2026-07,return,22,2026-07-22,249,ok,2026-04-30T13:35:28Z
WAW-MAD,WAW,MAD,2026-07,return,23,2026-07-23,269,ok,2026-04-30T13:35:28Z
WAW-MAD,WAW,MAD,2026-07,return,24,2026-07-24,359,ok,2026-04-30T13:35:28Z
WAW-MAD,WAW,MAD,2026-07,return,25,2026-07-25,509,ok,2026-04-30T13:35:28Z
WAW-MAD,WAW,MAD,2026-07,return,26,2026-07-26,509,ok,2026-04-30T13:35:28Z
WAW-MAD,WAW,MAD,2026-07,return,27,2026-07-27,359,ok,2026-04-30T13:35:28Z
WAW-MAD,WAW,MAD,2026-07,return,28,2026-07-28,559,ok,2026-04-30T13:35:28Z
WAW-MAD,WAW,MAD,2026-07,return,29,2026-07-29,509,ok,2026-04-30T13:35:28Z
WAW-MAD,WAW,MAD,2026-07,return,30,2026-07-30,719,ok,2026-04-30T13:35:28Z
WAW-MAD,WAW,MAD,2026-07,return,31,2026-07-31,849,ok,2026-04-30T13:35:28Z
WAW-MAD,WAW,MAD,2026-08,outbound,1,2026-08-01,849,ok,2026-04-30T13:35:28Z
WAW-MAD,WAW,MAD,2026-08,outbound,2,2026-08-02,849,ok,2026-04-30T13:35:28Z
WAW-MAD,WAW,MAD,2026-08,outbound,3,2026-08-03,719,ok,2026-04-30T13:35:28Z
WAW-MAD,WAW,MAD,2026-08,outbound,4,2026-08-04,599,ok,2026-04-30T13:35:28Z
WAW-MAD,WAW,MAD,2026-08,outbound,5,2026-08-05,509,ok,2026-04-30T13:35:28Z
WAW-MAD,WAW,MAD,2026-08,outbound,6,2026-08-06,509,ok,2026-04-30T13:35:28Z
WAW-MAD,WAW,MAD,2026-08,outbound,7,2026-08-07,599,ok,2026-04-30T13:35:28Z
WAW-MAD,WAW,MAD,2026-08,outbound,8,2026-08-08,669,ok,2026-04-30T13:35:28Z
WAW-MAD,WAW,MAD,2026-08,outbound,9,2026-08-09,599,ok,2026-04-30T13:35:28Z
WAW-MAD,WAW,MAD,2026-08,outbound,10,2026-08-10,599,ok,2026-04-30T13:35:28Z
WAW-MAD,WAW,MAD,2026-08,outbound,11,2026-08-11,599,ok,2026-04-30T13:35:28Z
WAW-MAD,WAW,MAD,2026-08,outbound,12,2026-08-12,599,ok,2026-04-30T13:35:28Z
WAW-MAD,WAW,MAD,2026-08,outbound,13,2026-08-13,849,ok,2026-04-30T13:35:28Z
WAW-MAD,WAW,MAD,2026-08,outbound,14,2026-08-14,1049,ok,2026-04-30T13:35:28Z
WAW-MAD,WAW,MAD,2026-08,outbound,15,2026-08-15,959,ok,2026-04-30T13:35:28Z
WAW-MAD,WAW,MAD,2026-08,outbound,16,2026-08-16,1139,ok,2026-04-30T13:35:28Z
WAW-MAD,WAW,MAD,2026-08,outbound,17,2026-08-17,1049,ok,2026-04-30T13:35:28Z
WAW-MAD,WAW,MAD,2026-08,outbound,18,2026-08-18,1049,ok,2026-04-30T13:35:28Z
WAW-MAD,WAW,MAD,2026-08,outbound,19,2026-08-19,669,ok,2026-04-30T13:35:28Z
WAW-MAD,WAW,MAD,2026-08,outbound,20,2026-08-20,849,ok,2026-04-30T13:35:28Z
WAW-MAD,WAW,MAD,2026-08,outbound,21,2026-08-21,719,ok,2026-04-30T13:35:28Z
WAW-MAD,WAW,MAD,2026-08,outbound,22,2026-08-22,599,ok,2026-04-30T13:35:28Z
WAW-MAD,WAW,MAD,2026-08,outbound,23,2026-08-23,719,ok,2026-04-30T13:35:28Z
WAW-MAD,WAW,MAD,2026-08,outbound,24,2026-08-24,959,ok,2026-04-30T13:35:28Z
WAW-MAD,WAW,MAD,2026-08,outbound,25,2026-08-25,669,ok,2026-04-30T13:35:28Z
WAW-MAD,WAW,MAD,2026-08,outbound,26,2026-08-26,559,ok,2026-04-30T13:35:28Z
WAW-MAD,WAW,MAD,2026-08,outbound,27,2026-08-27,719,ok,2026-04-30T13:35:28Z
WAW-MAD,WAW,MAD,2026-08,outbound,28,2026-08-28,669,ok,2026-04-30T13:35:28Z
WAW-MAD,WAW,MAD,2026-08,outbound,29,2026-08-29,719,ok,2026-04-30T13:35:28Z
WAW-MAD,WAW,MAD,2026-08,outbound,30,2026-08-30,959,ok,2026-04-30T13:35:28Z
WAW-MAD,WAW,MAD,2026-08,outbound,31,2026-08-31,559,ok,2026-04-30T13:35:28Z
WAW-MAD,WAW,MAD,2026-08,return,1,2026-08-01,849,ok,2026-04-30T13:35:28Z
WAW-MAD,WAW,MAD,2026-08,return,2,2026-08-02,849,ok,2026-04-30T13:35:28Z
WAW-MAD,WAW,MAD,2026-08,return,3,2026-08-03,719,ok,2026-04-30T13:35:28Z
WAW-MAD,WAW,MAD,2026-08,return,4,2026-08-04,599,ok,2026-04-30T13:35:28Z
WAW-MAD,WAW,MAD,2026-08,return,5,2026-08-05,509,ok,2026-04-30T13:35:28Z
WAW-MAD,WAW,MAD,2026-08,return,6,2026-08-06,509,ok,2026-04-30T13:35:28Z
WAW-MAD,WAW,MAD,2026-08,return,7,2026-08-07,599,ok,2026-04-30T13:35:28Z
WAW-MAD,WAW,MAD,2026-08,return,8,2026-08-08,669,ok,2026-04-30T13:35:28Z
WAW-MAD,WAW,MAD,2026-08,return,9,2026-08-09,599,ok,2026-04-30T13:35:28Z
WAW-MAD,WAW,MAD,2026-08,return,10,2026-08-10,599,ok,2026-04-30T13:35:28Z
WAW-MAD,WAW,MAD,2026-08,return,11,2026-08-11,599,ok,2026-04-30T13:35:28Z
WAW-MAD,WAW,MAD,2026-08,return,12,2026-08-12,599,ok,2026-04-30T13:35:28Z
WAW-MAD,WAW,MAD,2026-08,return,13,2026-08-13,849,ok,2026-04-30T13:35:28Z
WAW-MAD,WAW,MAD,2026-08,return,14,2026-08-14,1049,ok,2026-04-30T13:35:28Z
WAW-MAD,WAW,MAD,2026-08,return,15,2026-08-15,959,ok,2026-04-30T13:35:28Z
WAW-MAD,WAW,MAD,2026-08,return,16,2026-08-16,1139,ok,2026-04-30T13:35:28Z
WAW-MAD,WAW,MAD,2026-08,return,17,2026-08-17,1049,ok,2026-04-30T13:35:28Z
WAW-MAD,WAW,MAD,2026-08,return,18,2026-08-18,1049,ok,2026-04-30T13:35:28Z
WAW-MAD,WAW,MAD,2026-08,return,19,2026-08-19,669,ok,2026-04-30T13:35:28Z
WAW-MAD,WAW,MAD,2026-08,return,20,2026-08-20,849,ok,2026-04-30T13:35:28Z
WAW-MAD,WAW,MAD,2026-08,return,21,2026-08-21,719,ok,2026-04-30T13:35:28Z
WAW-MAD,WAW,MAD,2026-08,return,22,2026-08-22,599,ok,2026-04-30T13:35:28Z
WAW-MAD,WAW,MAD,2026-08,return,23,2026-08-23,719,ok,2026-04-30T13:35:28Z
WAW-MAD,WAW,MAD,2026-08,return,24,2026-08-24,959,ok,2026-04-30T13:35:28Z
WAW-MAD,WAW,MAD,2026-08,return,25,2026-08-25,669,ok,2026-04-30T13:35:28Z
WAW-MAD,WAW,MAD,2026-08,return,26,2026-08-26,559,ok,2026-04-30T13:35:28Z
WAW-MAD,WAW,MAD,2026-08,return,27,2026-08-27,719,ok,2026-04-30T13:35:28Z
WAW-MAD,WAW,MAD,2026-08,return,28,2026-08-28,669,ok,2026-04-30T13:35:28Z
WAW-MAD,WAW,MAD,2026-08,return,29,2026-08-29,719,ok,2026-04-30T13:35:28Z
WAW-MAD,WAW,MAD,2026-08,return,30,2026-08-30,959,ok,2026-04-30T13:35:28Z
WAW-MAD,WAW,MAD,2026-08,return,31,2026-08-31,559,ok,2026-04-30T13:35:28Z
WAW-BCN,WAW,BCN,2026-05,outbound,1,2026-05-01,509,ok,2026-04-30T13:35:28Z
WAW-BCN,WAW,BCN,2026-05,outbound,2,2026-05-02,559,ok,2026-04-30T13:35:28Z
WAW-BCN,WAW,BCN,2026-05,outbound,3,2026-05-03,959,ok,2026-04-30T13:35:28Z
WAW-BCN,WAW,BCN,2026-05,outbound,4,2026-05-04,669,ok,2026-04-30T13:35:28Z
WAW-BCN,WAW,BCN,2026-05,outbound,5,2026-05-05,1049,ok,2026-04-30T13:35:28Z
WAW-BCN,WAW,BCN,2026-05,outbound,6,2026-05-06,449,ok,2026-04-30T13:35:28Z
WAW-BCN,WAW,BCN,2026-05,outbound,7,2026-05-07,599,ok,2026-04-30T13:35:28Z
WAW-BCN,WAW,BCN,2026-05,outbound,8,2026-05-08,309,ok,2026-04-30T13:35:28Z
WAW-BCN,WAW,BCN,2026-05,outbound,9,2026-05-09,1789,ok,2026-04-30T13:35:28Z
WAW-BCN,WAW,BCN,2026-05,outbound,10,2026-05-10,359,ok,2026-04-30T13:35:28Z
WAW-BCN,WAW,BCN,2026-05,outbound,11,2026-05-11,269,ok,2026-04-30T13:35:28Z
WAW-BCN,WAW,BCN,2026-05,outbound,12,2026-05-12,669,ok,2026-04-30T13:35:28Z
WAW-BCN,WAW,BCN,2026-05,outbound,13,2026-05-13,509,ok,2026-04-30T13:35:28Z
WAW-BCN,WAW,BCN,2026-05,outbound,14,2026-05-14,359,ok,2026-04-30T13:35:28Z
WAW-BCN,WAW,BCN,2026-05,outbound,15,2026-05-15,359,ok,2026-04-30T13:35:28Z
WAW-BCN,WAW,BCN,2026-05,outbound,16,2026-05-16,449,ok,2026-04-30T13:35:28Z
WAW-BCN,WAW,BCN,2026-05,outbound,17,2026-05-17,309,ok,2026-04-30T13:35:28Z
WAW-BCN,WAW,BCN,2026-05,outbound,18,2026-05-18,449,ok,2026-04-30T13:35:28Z
WAW-BCN,WAW,BCN,2026-05,outbound,19,2026-05-19,399,ok,2026-04-30T13:35:28Z
WAW-BCN,WAW,BCN,2026-05,outbound,20,2026-05-20,219,ok,2026-04-30T13:35:28Z
WAW-BCN,WAW,BCN,2026-05,outbound,21,2026-05-21,249,ok,2026-04-30T13:35:28Z
WAW-BCN,WAW,BCN,2026-05,outbound,22,2026-05-22,269,ok,2026-04-30T13:35:28Z
WAW-BCN,WAW,BCN,2026-05,outbound,23,2026-05-23,599,ok,2026-04-30T13:35:28Z
WAW-BCN,WAW,BCN,2026-05,outbound,24,2026-05-24,219,ok,2026-04-30T13:35:28Z
WAW-BCN,WAW,BCN,2026-05,outbound,25,2026-05-25,269,ok,2026-04-30T13:35:28Z
WAW-BCN,WAW,BCN,2026-05,outbound,26,2026-05-26,179,ok,2026-04-30T13:35:28Z
WAW-BCN,WAW,BCN,2026-05,outbound,27,2026-05-27,179,ok,2026-04-30T13:35:28Z
WAW-BCN,WAW,BCN,2026-05,outbound,28,2026-05-28,289,ok,2026-04-30T13:35:28Z
WAW-BCN,WAW,BCN,2026-05,outbound,29,2026-05-29,309,ok,2026-04-30T13:35:28Z
WAW-BCN,WAW,BCN,2026-05,outbound,30,2026-05-30,359,ok,2026-04-30T13:35:28Z
WAW-BCN,WAW,BCN,2026-05,outbound,31,2026-05-31,359,ok,2026-04-30T13:35:28Z
WAW-BCN,WAW,BCN,2026-05,return,1,2026-05-01,509,ok,2026-04-30T13:35:28Z
WAW-BCN,WAW,BCN,2026-05,return,2,2026-05-02,559,ok,2026-04-30T13:35:28Z
WAW-BCN,WAW,BCN,2026-05,return,3,2026-05-03,959,ok,2026-04-30T13:35:28Z
WAW-BCN,WAW,BCN,2026-05,return,4,2026-05-04,669,ok,2026-04-30T13:35:28Z
WAW-BCN,WAW,BCN,2026-05,return,5,2026-05-05,1049,ok,2026-04-30T13:35:28Z
WAW-BCN,WAW,BCN,2026-05,return,6,2026-05-06,449,ok,2026-04-30T13:35:28Z
WAW-BCN,WAW,BCN,2026-05,return,7,2026-05-07,599,ok,2026-04-30T13:35:28Z
WAW-BCN,WAW,BCN,2026-05,return,8,2026-05-08,309,ok,2026-04-30T13:35:28Z
WAW-BCN,WAW,BCN,2026-05,return,9,2026-05-09,1789,ok,2026-04-30T13:35:28Z
WAW-BCN,WAW,BCN,2026-05,return,10,2026-05-10,359,ok,2026-04-30T13:35:28Z
WAW-BCN,WAW,BCN,2026-05,return,11,2026-05-11,269,ok,2026-04-30T13:35:28Z
WAW-BCN,WAW,BCN,2026-05,return,12,2026-05-12,669,ok,2026-04-30T13:35:28Z
WAW-BCN,WAW,BCN,2026-05,return,13,2026-05-13,509,ok,2026-04-30T13:35:28Z
WAW-BCN,WAW,BCN,2026-05,return,14,2026-05-14,359,ok,2026-04-30T13:35:28Z
WAW-BCN,WAW,BCN,2026-05,return,15,2026-05-15,359,ok,2026-04-30T13:35:28Z
WAW-BCN,WAW,BCN,2026-05,return,16,2026-05-16,449,ok,2026-04-30T13:35:28Z
WAW-BCN,WAW,BCN,2026-05,return,17,2026-05-17,309,ok,2026-04-30T13:35:28Z
WAW-BCN,WAW,BCN,2026-05,return,18,2026-05-18,449,ok,2026-04-30T13:35:28Z
WAW-BCN,WAW,BCN,2026-05,return,19,2026-05-19,399,ok,2026-04-30T13:35:28Z
WAW-BCN,WAW,BCN,2026-05,return,20,2026-05-20,219,ok,2026-04-30T13:35:28Z
WAW-BCN,WAW,BCN,2026-05,return,21,2026-05-21,249,ok,2026-04-30T13:35:28Z
WAW-BCN,WAW,BCN,2026-05,return,22,2026-05-22,269,ok,2026-04-30T13:35:28Z
WAW-BCN,WAW,BCN,2026-05,return,23,2026-05-23,599,ok,2026-04-30T13:35:28Z
WAW-BCN,WAW,BCN,2026-05,return,24,2026-05-24,219,ok,2026-04-30T13:35:28Z
WAW-BCN,WAW,BCN,2026-05,return,25,2026-05-25,269,ok,2026-04-30T13:35:28Z
WAW-BCN,WAW,BCN,2026-05,return,26,2026-05-26,179,ok,2026-04-30T13:35:28Z
WAW-BCN,WAW,BCN,2026-05,return,27,2026-05-27,179,ok,2026-04-30T13:35:28Z
WAW-BCN,WAW,BCN,2026-05,return,28,2026-05-28,289,ok,2026-04-30T13:35:28Z
WAW-BCN,WAW,BCN,2026-05,return,29,2026-05-29,309,ok,2026-04-30T13:35:28Z
WAW-BCN,WAW,BCN,2026-05,return,30,2026-05-30,359,ok,2026-04-30T13:35:28Z
WAW-BCN,WAW,BCN,2026-05,return,31,2026-05-31,359,ok,2026-04-30T13:35:28Z
WAW-BCN,WAW,BCN,2026-06,outbound,1,2026-06-01,219,ok,2026-04-30T13:35:28Z
WAW-BCN,WAW,BCN,2026-06,outbound,2,2026-06-02,289,ok,2026-04-30T13:35:28Z
WAW-BCN,WAW,BCN,2026-06,outbound,3,2026-06-03,309,ok,2026-04-30T13:35:28Z
WAW-BCN,WAW,BCN,2026-06,outbound,4,2026-06-04,309,ok,2026-04-30T13:35:28Z
WAW-BCN,WAW,BCN,2026-06,outbound,5,2026-06-05,209,ok,2026-04-30T13:35:28Z
WAW-BCN,WAW,BCN,2026-06,outbound,6,2026-06-06,359,ok,2026-04-30T13:35:28Z
WAW-BCN,WAW,BCN,2026-06,outbound,7,2026-06-07,719,ok,2026-04-30T13:35:28Z
WAW-BCN,WAW,BCN,2026-06,outbound,8,2026-06-08,359,ok,2026-04-30T13:35:28Z
WAW-BCN,WAW,BCN,2026-06,outbound,9,2026-06-09,209,ok,2026-04-30T13:35:28Z
WAW-BCN,WAW,BCN,2026-06,outbound,10,2026-06-10,129,ok,2026-04-30T13:35:28Z
WAW-BCN,WAW,BCN,2026-06,outbound,11,2026-06-11,249,ok,2026-04-30T13:35:28Z
WAW-BCN,WAW,BCN,2026-06,outbound,12,2026-06-12,249,ok,2026-04-30T13:35:28Z
WAW-BCN,WAW,BCN,2026-06,outbound,13,2026-06-13,249,ok,2026-04-30T13:35:28Z
WAW-BCN,WAW,BCN,2026-06,outbound,14,2026-06-14,249,ok,2026-04-30T13:35:28Z
WAW-BCN,WAW,BCN,2026-06,outbound,15,2026-06-15,139,ok,2026-04-30T13:35:28Z
WAW-BCN,WAW,BCN,2026-06,outbound,16,2026-06-16,219,ok,2026-04-30T13:35:28Z
WAW-BCN,WAW,BCN,2026-06,outbound,17,2026-06-17,179,ok,2026-04-30T13:35:28Z
WAW-BCN,WAW,BCN,2026-06,outbound,18,2026-06-18,179,ok,2026-04-30T13:35:28Z
WAW-BCN,WAW,BCN,2026-06,outbound,19,2026-06-19,179,ok,2026-04-30T13:35:28Z
WAW-BCN,WAW,BCN,2026-06,outbound,20,2026-06-20,219,ok,2026-04-30T13:35:28Z
WAW-BCN,WAW,BCN,2026-06,outbound,21,2026-06-21,219,ok,2026-04-30T13:35:28Z
WAW-BCN,WAW,BCN,2026-06,outbound,22,2026-06-22,249,ok,2026-04-30T13:35:28Z
WAW-BCN,WAW,BCN,2026-06,outbound,23,2026-06-23,179,ok,2026-04-30T13:35:28Z
WAW-BCN,WAW,BCN,2026-06,outbound,24,2026-06-24,209,ok,2026-04-30T13:35:28Z
WAW-BCN,WAW,BCN,2026-06,outbound,25,2026-06-25,309,ok,2026-04-30T13:35:28Z
WAW-BCN,WAW,BCN,2026-06,outbound,26,2026-06-26,219,ok,2026-04-30T13:35:28Z
WAW-BCN,WAW,BCN,2026-06,outbound,27,2026-06-27,399,ok,2026-04-30T13:35:28Z
WAW-BCN,WAW,BCN,2026-06,outbound,28,2026-06-28,289,ok,2026-04-30T13:35:28Z
WAW-BCN,WAW,BCN,2026-06,outbound,29,2026-06-29,219,ok,2026-04-30T13:35:28Z
WAW-BCN,WAW,BCN,2026-06,outbound,30,2026-06-30,249,ok,2026-04-30T13:35:28Z
WAW-BCN,WAW,BCN,2026-06,return,1,2026-06-01,219,ok,2026-04-30T13:35:28Z
WAW-BCN,WAW,BCN,2026-06,return,2,2026-06-02,289,ok,2026-04-30T13:35:28Z
WAW-BCN,WAW,BCN,2026-06,return,3,2026-06-03,309,ok,2026-04-30T13:35:28Z
WAW-BCN,WAW,BCN,2026-06,return,4,2026-06-04,309,ok,2026-04-30T13:35:28Z
WAW-BCN,WAW,BCN,2026-06,return,5,2026-06-05,209,ok,2026-04-30T13:35:28Z
WAW-BCN,WAW,BCN,2026-06,return,6,2026-06-06,359,ok,2026-04-30T13:35:28Z
WAW-BCN,WAW,BCN,2026-06,return,7,2026-06-07,719,ok,2026-04-30T13:35:28Z
WAW-BCN,WAW,BCN,2026-06,return,8,2026-06-08,359,ok,2026-04-30T13:35:28Z
WAW-BCN,WAW,BCN,2026-06,return,9,2026-06-09,209,ok,2026-04-30T13:35:28Z
WAW-BCN,WAW,BCN,2026-06,return,10,2026-06-10,129,ok,2026-04-30T13:35:28Z
WAW-BCN,WAW,BCN,2026-06,return,11,2026-06-11,249,ok,2026-04-30T13:35:28Z
WAW-BCN,WAW,BCN,2026-06,return,12,2026-06-12,249,ok,2026-04-30T13:35:28Z
WAW-BCN,WAW,BCN,2026-06,return,13,2026-06-13,249,ok,2026-04-30T13:35:28Z
WAW-BCN,WAW,BCN,2026-06,return,14,2026-06-14,249,ok,2026-04-30T13:35:28Z
WAW-BCN,WAW,BCN,2026-06,return,15,2026-06-15,139,ok,2026-04-30T13:35:28Z
WAW-BCN,WAW,BCN,2026-06,return,16,2026-06-16,219,ok,2026-04-30T13:35:28Z
WAW-BCN,WAW,BCN,2026-06,return,17,2026-06-17,179,ok,2026-04-30T13:35:28Z
WAW-BCN,WAW,BCN,2026-06,return,18,2026-06-18,179,ok,2026-04-30T13:35:28Z
WAW-BCN,WAW,BCN,2026-06,return,19,2026-06-19,179,ok,2026-04-30T13:35:28Z
WAW-BCN,WAW,BCN,2026-06,return,20,2026-06-20,219,ok,2026-04-30T13:35:28Z
WAW-BCN,WAW,BCN,2026-06,return,21,2026-06-21,219,ok,2026-04-30T13:35:28Z
WAW-BCN,WAW,BCN,2026-06,return,22,2026-06-22,249,ok,2026-04-30T13:35:28Z
WAW-BCN,WAW,BCN,2026-06,return,23,2026-06-23,179,ok,2026-04-30T13:35:28Z
WAW-BCN,WAW,BCN,2026-06,return,24,2026-06-24,209,ok,2026-04-30T13:35:28Z
WAW-BCN,WAW,BCN,2026-06,return,25,2026-06-25,309,ok,2026-04-30T13:35:28Z
WAW-BCN,WAW,BCN,2026-06,return,26,2026-06-26,219,ok,2026-04-30T13:35:28Z
WAW-BCN,WAW,BCN,2026-06,return,27,2026-06-27,399,ok,2026-04-30T13:35:28Z
WAW-BCN,WAW,BCN,2026-06,return,28,2026-06-28,289,ok,2026-04-30T13:35:28Z
WAW-BCN,WAW,BCN,2026-06,return,29,2026-06-29,219,ok,2026-04-30T13:35:28Z
WAW-BCN,WAW,BCN,2026-06,return,30,2026-06-30,249,ok,2026-04-30T13:35:28Z
WAW-BCN,WAW,BCN,2026-07,outbound,1,2026-07-01,269,ok,2026-04-30T13:35:28Z
WAW-BCN,WAW,BCN,2026-07,outbound,2,2026-07-02,269,ok,2026-04-30T13:35:28Z
WAW-BCN,WAW,BCN,2026-07,outbound,3,2026-07-03,289,ok,2026-04-30T13:35:28Z
WAW-BCN,WAW,BCN,2026-07,outbound,4,2026-07-04,269,ok,2026-04-30T13:35:28Z
WAW-BCN,WAW,BCN,2026-07,outbound,5,2026-07-05,289,ok,2026-04-30T13:35:28Z
WAW-BCN,WAW,BCN,2026-07,outbound,6,2026-07-06,249,ok,2026-04-30T13:35:28Z
WAW-BCN,WAW,BCN,2026-07,outbound,7,2026-07-07,249,ok,2026-04-30T13:35:28Z
WAW-BCN,WAW,BCN,2026-07,outbound,8,2026-07-08,249,ok,2026-04-30T13:35:28Z
WAW-BCN,WAW,BCN,2026-07,outbound,9,2026-07-09,269,ok,2026-04-30T13:35:28Z
WAW-BCN,WAW,BCN,2026-07,outbound,10,2026-07-10,269,ok,2026-04-30T13:35:28Z
WAW-BCN,WAW,BCN,2026-07,outbound,11,2026-07-11,309,ok,2026-04-30T13:35:28Z
WAW-BCN,WAW,BCN,2026-07,outbound,12,2026-07-12,209,ok,2026-04-30T13:35:28Z
WAW-BCN,WAW,BCN,2026-07,outbound,13,2026-07-13,449,ok,2026-04-30T13:35:28Z
WAW-BCN,WAW,BCN,2026-07,outbound,14,2026-07-14,219,ok,2026-04-30T13:35:28Z
WAW-BCN,WAW,BCN,2026-07,outbound,15,2026-07-15,599,ok,2026-04-30T13:35:28Z
WAW-BCN,WAW,BCN,2026-07,outbound,16,2026-07-16,449,ok,2026-04-30T13:35:28Z
WAW-BCN,WAW,BCN,2026-07,outbound,17,2026-07-17,309,ok,2026-04-30T13:35:28Z
WAW-BCN,WAW,BCN,2026-07,outbound,18,2026-07-18,359,ok,2026-04-30T13:35:28Z
WAW-BCN,WAW,BCN,2026-07,outbound,19,2026-07-19,269,ok,2026-04-30T13:35:28Z
WAW-BCN,WAW,BCN,2026-07,outbound,20,2026-07-20,249,ok,2026-04-30T13:35:28Z
WAW-BCN,WAW,BCN,2026-07,outbound,21,2026-07-21,179,ok,2026-04-30T13:35:28Z
WAW-BCN,WAW,BCN,2026-07,outbound,22,2026-07-22,269,ok,2026-04-30T13:35:28Z
WAW-BCN,WAW,BCN,2026-07,outbound,23,2026-07-23,269,ok,2026-04-30T13:35:28Z
WAW-BCN,WAW,BCN,2026-07,outbound,24,2026-07-24,209,ok,2026-04-30T13:35:28Z
WAW-BCN,WAW,BCN,2026-07,outbound,25,2026-07-25,179,ok,2026-04-30T13:35:28Z
WAW-BCN,WAW,BCN,2026-07,outbound,26,2026-07-26,289,ok,2026-04-30T13:35:28Z
WAW-BCN,WAW,BCN,2026-07,outbound,27,2026-07-27,219,ok,2026-04-30T13:35:28Z
WAW-BCN,WAW,BCN,2026-07,outbound,28,2026-07-28,209,ok,2026-04-30T13:35:28Z
WAW-BCN,WAW,BCN,2026-07,outbound,29,2026-07-29,179,ok,2026-04-30T13:35:28Z
WAW-BCN,WAW,BCN,2026-07,outbound,30,2026-07-30,289,ok,2026-04-30T13:35:28Z
WAW-BCN,WAW,BCN,2026-07,outbound,31,2026-07-31,359,ok,2026-04-30T13:35:28Z
WAW-BCN,WAW,BCN,2026-07,return,1,2026-07-01,269,ok,2026-04-30T13:35:28Z
WAW-BCN,WAW,BCN,2026-07,return,2,2026-07-02,269,ok,2026-04-30T13:35:28Z
WAW-BCN,WAW,BCN,2026-07,return,3,2026-07-03,289,ok,2026-04-30T13:35:28Z
WAW-BCN,WAW,BCN,2026-07,return,4,2026-07-04,269,ok,2026-04-30T13:35:28Z
WAW-BCN,WAW,BCN,2026-07,return,5,2026-07-05,289,ok,2026-04-30T13:35:28Z
WAW-BCN,WAW,BCN,2026-07,return,6,2026-07-06,249,ok,2026-04-30T13:35:28Z
WAW-BCN,WAW,BCN,2026-07,return,7,2026-07-07,249,ok,2026-04-30T13:35:28Z
WAW-BCN,WAW,BCN,2026-07,return,8,2026-07-08,249,ok,2026-04-30T13:35:28Z
WAW-BCN,WAW,BCN,2026-07,return,9,2026-07-09,269,ok,2026-04-30T13:35:28Z
WAW-BCN,WAW,BCN,2026-07,return,10,2026-07-10,269,ok,2026-04-30T13:35:28Z
WAW-BCN,WAW,BCN,2026-07,return,11,2026-07-11,309,ok,2026-04-30T13:35:28Z
WAW-BCN,WAW,BCN,2026-07,return,12,2026-07-12,209,ok,2026-04-30T13:35:28Z
WAW-BCN,WAW,BCN,2026-07,return,13,2026-07-13,449,ok,2026-04-30T13:35:28Z
WAW-BCN,WAW,BCN,2026-07,return,14,2026-07-14,219,ok,2026-04-30T13:35:28Z
WAW-BCN,WAW,BCN,2026-07,return,15,2026-07-15,599,ok,2026-04-30T13:35:28Z
WAW-BCN,WAW,BCN,2026-07,return,16,2026-07-16,449,ok,2026-04-30T13:35:28Z
WAW-BCN,WAW,BCN,2026-07,return,17,2026-07-17,309,ok,2026-04-30T13:35:28Z
WAW-BCN,WAW,BCN,2026-07,return,18,2026-07-18,359,ok,2026-04-30T13:35:28Z
WAW-BCN,WAW,BCN,2026-07,return,19,2026-07-19,269,ok,2026-04-30T13:35:28Z
WAW-BCN,WAW,BCN,2026-07,return,20,2026-07-20,249,ok,2026-04-30T13:35:28Z
WAW-BCN,WAW,BCN,2026-07,return,21,2026-07-21,179,ok,2026-04-30T13:35:28Z
WAW-BCN,WAW,BCN,2026-07,return,22,2026-07-22,269,ok,2026-04-30T13:35:28Z
WAW-BCN,WAW,BCN,2026-07,return,23,2026-07-23,269,ok,2026-04-30T13:35:28Z
WAW-BCN,WAW,BCN,2026-07,return,24,2026-07-24,209,ok,2026-04-30T13:35:28Z
WAW-BCN,WAW,BCN,2026-07,return,25,2026-07-25,179,ok,2026-04-30T13:35:28Z
WAW-BCN,WAW,BCN,2026-07,return,26,2026-07-26,289,ok,2026-04-30T13:35:28Z
WAW-BCN,WAW,BCN,2026-07,return,27,2026-07-27,219,ok,2026-04-30T13:35:28Z
WAW-BCN,WAW,BCN,2026-07,return,28,2026-07-28,209,ok,2026-04-30T13:35:28Z
WAW-BCN,WAW,BCN,2026-07,return,29,2026-07-29,179,ok,2026-04-30T13:35:28Z
WAW-BCN,WAW,BCN,2026-07,return,30,2026-07-30,289,ok,2026-04-30T13:35:28Z
WAW-BCN,WAW,BCN,2026-07,return,31,2026-07-31,359,ok,2026-04-30T13:35:28Z
WAW-BCN,WAW,BCN,2026-08,outbound,1,2026-08-01,559,ok,2026-04-30T13:35:28Z
WAW-BCN,WAW,BCN,2026-08,outbound,2,2026-08-02,399,ok,2026-04-30T13:35:28Z
WAW-BCN,WAW,BCN,2026-08,outbound,3,2026-08-03,509,ok,2026-04-30T13:35:28Z
WAW-BCN,WAW,BCN,2026-08,outbound,4,2026-08-04,359,ok,2026-04-30T13:35:28Z
WAW-BCN,WAW,BCN,2026-08,outbound,5,2026-08-05,399,ok,2026-04-30T13:35:28Z
WAW-BCN,WAW,BCN,2026-08,outbound,6,2026-08-06,359,ok,2026-04-30T13:35:28Z
WAW-BCN,WAW,BCN,2026-08,outbound,7,2026-08-07,449,ok,2026-04-30T13:35:28Z
WAW-BCN,WAW,BCN,2026-08,outbound,8,2026-08-08,559,ok,2026-04-30T13:35:28Z
WAW-BCN,WAW,BCN,2026-08,outbound,9,2026-08-09,559,ok,2026-04-30T13:35:28Z
WAW-BCN,WAW,BCN,2026-08,outbound,10,2026-08-10,509,ok,2026-04-30T13:35:28Z
WAW-BCN,WAW,BCN,2026-08,outbound,11,2026-08-11,359,ok,2026-04-30T13:35:28Z
WAW-BCN,WAW,BCN,2026-08,outbound,12,2026-08-12,359,ok,2026-04-30T13:35:28Z
WAW-BCN,WAW,BCN,2026-08,outbound,13,2026-08-13,509,ok,2026-04-30T13:35:28Z
WAW-BCN,WAW,BCN,2026-08,outbound,14,2026-08-14,599,ok,2026-04-30T13:35:28Z
WAW-BCN,WAW,BCN,2026-08,outbound,15,2026-08-15,559,ok,2026-04-30T13:35:28Z
WAW-BCN,WAW,BCN,2026-08,outbound,16,2026-08-16,599,ok,2026-04-30T13:35:28Z
WAW-BCN,WAW,BCN,2026-08,outbound,17,2026-08-17,399,ok,2026-04-30T13:35:28Z
WAW-BCN,WAW,BCN,2026-08,outbound,18,2026-08-18,359,ok,2026-04-30T13:35:28Z
WAW-BCN,WAW,BCN,2026-08,outbound,19,2026-08-19,309,ok,2026-04-30T13:35:28Z
WAW-BCN,WAW,BCN,2026-08,outbound,20,2026-08-20,359,ok,2026-04-30T13:35:28Z
WAW-BCN,WAW,BCN,2026-08,outbound,21,2026-08-21,309,ok,2026-04-30T13:35:28Z
WAW-BCN,WAW,BCN,2026-08,outbound,22,2026-08-22,509,ok,2026-04-30T13:35:28Z
WAW-BCN,WAW,BCN,2026-08,outbound,23,2026-08-23,399,ok,2026-04-30T13:35:28Z
WAW-BCN,WAW,BCN,2026-08,outbound,24,2026-08-24,399,ok,2026-04-30T13:35:28Z
WAW-BCN,WAW,BCN,2026-08,outbound,25,2026-08-25,289,ok,2026-04-30T13:35:28Z
WAW-BCN,WAW,BCN,2026-08,outbound,26,2026-08-26,309,ok,2026-04-30T13:35:28Z
WAW-BCN,WAW,BCN,2026-08,outbound,27,2026-08-27,359,ok,2026-04-30T13:35:28Z
WAW-BCN,WAW,BCN,2026-08,outbound,28,2026-08-28,399,ok,2026-04-30T13:35:28Z
WAW-BCN,WAW,BCN,2026-08,outbound,29,2026-08-29,449,ok,2026-04-30T13:35:28Z
WAW-BCN,WAW,BCN,2026-08,outbound,30,2026-08-30,509,ok,2026-04-30T13:35:28Z
WAW-BCN,WAW,BCN,2026-08,outbound,31,2026-08-31,289,ok,2026-04-30T13:35:28Z
WAW-BCN,WAW,BCN,2026-08,return,1,2026-08-01,559,ok,2026-04-30T13:35:28Z
WAW-BCN,WAW,BCN,2026-08,return,2,2026-08-02,399,ok,2026-04-30T13:35:28Z
WAW-BCN,WAW,BCN,2026-08,return,3,2026-08-03,509,ok,2026-04-30T13:35:28Z
WAW-BCN,WAW,BCN,2026-08,return,4,2026-08-04,359,ok,2026-04-30T13:35:28Z
WAW-BCN,WAW,BCN,2026-08,return,5,2026-08-05,399,ok,2026-04-30T13:35:28Z
WAW-BCN,WAW,BCN,2026-08,return,6,2026-08-06,359,ok,2026-04-30T13:35:28Z
WAW-BCN,WAW,BCN,2026-08,return,7,2026-08-07,449,ok,2026-04-30T13:35:28Z
WAW-BCN,WAW,BCN,2026-08,return,8,2026-08-08,559,ok,2026-04-30T13:35:28Z
WAW-BCN,WAW,BCN,2026-08,return,9,2026-08-09,559,ok,2026-04-30T13:35:28Z
WAW-BCN,WAW,BCN,2026-08,return,10,2026-08-10,509,ok,2026-04-30T13:35:28Z
WAW-BCN,WAW,BCN,2026-08,return,11,2026-08-11,359,ok,2026-04-30T13:35:28Z
WAW-BCN,WAW,BCN,2026-08,return,12,2026-08-12,359,ok,2026-04-30T13:35:28Z
WAW-BCN,WAW,BCN,2026-08,return,13,2026-08-13,509,ok,2026-04-30T13:35:28Z
WAW-BCN,WAW,BCN,2026-08,return,14,2026-08-14,599,ok,2026-04-30T13:35:28Z
WAW-BCN,WAW,BCN,2026-08,return,15,2026-08-15,559,ok,2026-04-30T13:35:28Z
WAW-BCN,WAW,BCN,2026-08,return,16,2026-08-16,599,ok,2026-04-30T13:35:28Z
WAW-BCN,WAW,BCN,2026-08,return,17,2026-08-17,399,ok,2026-04-30T13:35:28Z
WAW-BCN,WAW,BCN,2026-08,return,18,2026-08-18,359,ok,2026-04-30T13:35:28Z
WAW-BCN,WAW,BCN,2026-08,return,19,2026-08-19,309,ok,2026-04-30T13:35:28Z
WAW-BCN,WAW,BCN,2026-08,return,20,2026-08-20,359,ok,2026-04-30T13:35:28Z
WAW-BCN,WAW,BCN,2026-08,return,21,2026-08-21,309,ok,2026-04-30T13:35:28Z
WAW-BCN,WAW,BCN,2026-08,return,22,2026-08-22,509,ok,2026-04-30T13:35:28Z
WAW-BCN,WAW,BCN,2026-08,return,23,2026-08-23,399,ok,2026-04-30T13:35:28Z
WAW-BCN,WAW,BCN,2026-08,return,24,2026-08-24,399,ok,2026-04-30T13:35:28Z
WAW-BCN,WAW,BCN,2026-08,return,25,2026-08-25,289,ok,2026-04-30T13:35:28Z
WAW-BCN,WAW,BCN,2026-08,return,26,2026-08-26,309,ok,2026-04-30T13:35:28Z
WAW-BCN,WAW,BCN,2026-08,return,27,2026-08-27,359,ok,2026-04-30T13:35:28Z
WAW-BCN,WAW,BCN,2026-08,return,28,2026-08-28,399,ok,2026-04-30T13:35:28Z
WAW-BCN,WAW,BCN,2026-08,return,29,2026-08-29,449,ok,2026-04-30T13:35:28Z
WAW-BCN,WAW,BCN,2026-08,return,30,2026-08-30,509,ok,2026-04-30T13:35:28Z
WAW-BCN,WAW,BCN,2026-08,return,31,2026-08-31,289,ok,2026-04-30T13:35:28Z
WAW-AGP,WAW,AGP,2026-05,outbound,1,2026-05-01,359,ok,2026-04-30T13:35:28Z
WAW-AGP,WAW,AGP,2026-05,outbound,2,2026-05-02,669,ok,2026-04-30T13:35:28Z
WAW-AGP,WAW,AGP,2026-05,outbound,3,2026-05-03,599,ok,2026-04-30T13:35:28Z
WAW-AGP,WAW,AGP,2026-05,outbound,4,2026-05-04,399,ok,2026-04-30T13:35:28Z
WAW-AGP,WAW,AGP,2026-05,outbound,5,2026-05-05,309,ok,2026-04-30T13:35:28Z
WAW-AGP,WAW,AGP,2026-05,outbound,6,2026-05-06,669,ok,2026-04-30T13:35:28Z
WAW-AGP,WAW,AGP,2026-05,outbound,7,2026-05-07,449,ok,2026-04-30T13:35:28Z
WAW-AGP,WAW,AGP,2026-05,outbound,8,2026-05-08,559,ok,2026-04-30T13:35:28Z
WAW-AGP,WAW,AGP,2026-05,outbound,9,2026-05-09,719,ok,2026-04-30T13:35:28Z
WAW-AGP,WAW,AGP,2026-05,outbound,10,2026-05-10,669,ok,2026-04-30T13:35:28Z
WAW-AGP,WAW,AGP,2026-05,outbound,11,2026-05-11,399,ok,2026-04-30T13:35:28Z
WAW-AGP,WAW,AGP,2026-05,outbound,12,2026-05-12,399,ok,2026-04-30T13:35:28Z
WAW-AGP,WAW,AGP,2026-05,outbound,13,2026-05-13,509,ok,2026-04-30T13:35:28Z
WAW-AGP,WAW,AGP,2026-05,outbound,14,2026-05-14,289,ok,2026-04-30T13:35:28Z
WAW-AGP,WAW,AGP,2026-05,outbound,15,2026-05-15,359,ok,2026-04-30T13:35:28Z
WAW-AGP,WAW,AGP,2026-05,outbound,16,2026-05-16,399,ok,2026-04-30T13:35:28Z
WAW-AGP,WAW,AGP,2026-05,outbound,17,2026-05-17,719,ok,2026-04-30T13:35:28Z
WAW-AGP,WAW,AGP,2026-05,outbound,18,2026-05-18,269,ok,2026-04-30T13:35:28Z
WAW-AGP,WAW,AGP,2026-05,outbound,19,2026-05-19,219,ok,2026-04-30T13:35:28Z
WAW-AGP,WAW,AGP,2026-05,outbound,20,2026-05-20,269,ok,2026-04-30T13:35:28Z
WAW-AGP,WAW,AGP,2026-05,outbound,21,2026-05-21,269,ok,2026-04-30T13:35:28Z
WAW-AGP,WAW,AGP,2026-05,outbound,22,2026-05-22,289,ok,2026-04-30T13:35:28Z
WAW-AGP,WAW,AGP,2026-05,outbound,23,2026-05-23,289,ok,2026-04-30T13:35:28Z
WAW-AGP,WAW,AGP,2026-05,outbound,24,2026-05-24,449,ok,2026-04-30T13:35:28Z
WAW-AGP,WAW,AGP,2026-05,outbound,25,2026-05-25,309,ok,2026-04-30T13:35:28Z
WAW-AGP,WAW,AGP,2026-05,outbound,26,2026-05-26,269,ok,2026-04-30T13:35:28Z
WAW-AGP,WAW,AGP,2026-05,outbound,27,2026-05-27,249,ok,2026-04-30T13:35:28Z
WAW-AGP,WAW,AGP,2026-05,outbound,28,2026-05-28,289,ok,2026-04-30T13:35:28Z
WAW-AGP,WAW,AGP,2026-05,outbound,29,2026-05-29,289,ok,2026-04-30T13:35:28Z
WAW-AGP,WAW,AGP,2026-05,outbound,30,2026-05-30,399,ok,2026-04-30T13:35:28Z
WAW-AGP,WAW,AGP,2026-05,outbound,31,2026-05-31,359,ok,2026-04-30T13:35:28Z
WAW-AGP,WAW,AGP,2026-05,return,1,2026-05-01,359,ok,2026-04-30T13:35:28Z
WAW-AGP,WAW,AGP,2026-05,return,2,2026-05-02,669,ok,2026-04-30T13:35:28Z
WAW-AGP,WAW,AGP,2026-05,return,3,2026-05-03,599,ok,2026-04-30T13:35:28Z
WAW-AGP,WAW,AGP,2026-05,return,4,2026-05-04,399,ok,2026-04-30T13:35:28Z
WAW-AGP,WAW,AGP,2026-05,return,5,2026-05-05,309,ok,2026-04-30T13:35:28Z
WAW-AGP,WAW,AGP,2026-05,return,6,2026-05-06,669,ok,2026-04-30T13:35:28Z
WAW-AGP,WAW,AGP,2026-05,return,7,2026-05-07,449,ok,2026-04-30T13:35:28Z
WAW-AGP,WAW,AGP,2026-05,return,8,2026-05-08,559,ok,2026-04-30T13:35:28Z
WAW-AGP,WAW,AGP,2026-05,return,9,2026-05-09,719,ok,2026-04-30T13:35:28Z
WAW-AGP,WAW,AGP,2026-05,return,10,2026-05-10,669,ok,2026-04-30T13:35:28Z
WAW-AGP,WAW,AGP,2026-05,return,11,2026-05-11,399,ok,2026-04-30T13:35:28Z
WAW-AGP,WAW,AGP,2026-05,return,12,2026-05-12,399,ok,2026-04-30T13:35:28Z
WAW-AGP,WAW,AGP,2026-05,return,13,2026-05-13,509,ok,2026-04-30T13:35:28Z
WAW-AGP,WAW,AGP,2026-05,return,14,2026-05-14,289,ok,2026-04-30T13:35:28Z
WAW-AGP,WAW,AGP,2026-05,return,15,2026-05-15,359,ok,2026-04-30T13:35:28Z
WAW-AGP,WAW,AGP,2026-05,return,16,2026-05-16,399,ok,2026-04-30T13:35:28Z
WAW-AGP,WAW,AGP,2026-05,return,17,2026-05-17,719,ok,2026-04-30T13:35:28Z
WAW-AGP,WAW,AGP,2026-05,return,18,2026-05-18,269,ok,2026-04-30T13:35:28Z
WAW-AGP,WAW,AGP,2026-05,return,19,2026-05-19,219,ok,2026-04-30T13:35:28Z
WAW-AGP,WAW,AGP,2026-05,return,20,2026-05-20,269,ok,2026-04-30T13:35:28Z
WAW-AGP,WAW,AGP,2026-05,return,21,2026-05-21,269,ok,2026-04-30T13:35:28Z
WAW-AGP,WAW,AGP,2026-05,return,22,2026-05-22,289,ok,2026-04-30T13:35:28Z
WAW-AGP,WAW,AGP,2026-05,return,23,2026-05-23,289,ok,2026-04-30T13:35:28Z
WAW-AGP,WAW,AGP,2026-05,return,24,2026-05-24,449,ok,2026-04-30T13:35:28Z
WAW-AGP,WAW,AGP,2026-05,return,25,2026-05-25,309,ok,2026-04-30T13:35:28Z
WAW-AGP,WAW,AGP,2026-05,return,26,2026-05-26,269,ok,2026-04-30T13:35:28Z
WAW-AGP,WAW,AGP,2026-05,return,27,2026-05-27,249,ok,2026-04-30T13:35:28Z
WAW-AGP,WAW,AGP,2026-05,return,28,2026-05-28,289,ok,2026-04-30T13:35:28Z
WAW-AGP,WAW,AGP,2026-05,return,29,2026-05-29,289,ok,2026-04-30T13:35:28Z
WAW-AGP,WAW,AGP,2026-05,return,30,2026-05-30,399,ok,2026-04-30T13:35:28Z
WAW-AGP,WAW,AGP,2026-05,return,31,2026-05-31,359,ok,2026-04-30T13:35:28Z
WAW-AGP,WAW,AGP,2026-06,outbound,1,2026-06-01,509,ok,2026-04-30T13:35:28Z
WAW-AGP,WAW,AGP,2026-06,outbound,2,2026-06-02,269,ok,2026-04-30T13:35:28Z
WAW-AGP,WAW,AGP,2026-06,outbound,3,2026-06-03,269,ok,2026-04-30T13:35:28Z
WAW-AGP,WAW,AGP,2026-06,outbound,4,2026-06-04,359,ok,2026-04-30T13:35:28Z
WAW-AGP,WAW,AGP,2026-06,outbound,5,2026-06-05,309,ok,2026-04-30T13:35:28Z
WAW-AGP,WAW,AGP,2026-06,outbound,6,2026-06-06,399,ok,2026-04-30T13:35:28Z
WAW-AGP,WAW,AGP,2026-06,outbound,7,2026-06-07,1659,ok,2026-04-30T13:35:28Z
WAW-AGP,WAW,AGP,2026-06,outbound,8,2026-06-08,719,ok,2026-04-30T13:35:28Z
WAW-AGP,WAW,AGP,2026-06,outbound,9,2026-06-09,559,ok,2026-04-30T13:35:28Z
WAW-AGP,WAW,AGP,2026-06,outbound,10,2026-06-10,399,ok,2026-04-30T13:35:28Z
WAW-AGP,WAW,AGP,2026-06,outbound,11,2026-06-11,509,ok,2026-04-30T13:35:28Z
WAW-AGP,WAW,AGP,2026-06,outbound,12,2026-06-12,399,ok,2026-04-30T13:35:28Z
WAW-AGP,WAW,AGP,2026-06,outbound,13,2026-06-13,509,ok,2026-04-30T13:35:28Z
WAW-AGP,WAW,AGP,2026-06,outbound,14,2026-06-14,559,ok,2026-04-30T13:35:28Z
WAW-AGP,WAW,AGP,2026-06,outbound,15,2026-06-15,449,ok,2026-04-30T13:35:28Z
WAW-AGP,WAW,AGP,2026-06,outbound,16,2026-06-16,269,ok,2026-04-30T13:35:28Z
WAW-AGP,WAW,AGP,2026-06,outbound,17,2026-06-17,449,ok,2026-04-30T13:35:28Z
WAW-AGP,WAW,AGP,2026-06,outbound,18,2026-06-18,249,ok,2026-04-30T13:35:28Z
WAW-AGP,WAW,AGP,2026-06,outbound,19,2026-06-19,449,ok,2026-04-30T13:35:28Z
WAW-AGP,WAW,AGP,2026-06,outbound,20,2026-06-20,359,ok,2026-04-30T13:35:28Z
WAW-AGP,WAW,AGP,2026-06,outbound,21,2026-06-21,359,ok,2026-04-30T13:35:28Z
WAW-AGP,WAW,AGP,2026-06,outbound,22,2026-06-22,309,ok,2026-04-30T13:35:28Z
WAW-AGP,WAW,AGP,2026-06,outbound,23,2026-06-23,309,ok,2026-04-30T13:35:28Z
WAW-AGP,WAW,AGP,2026-06,outbound,24,2026-06-24,509,ok,2026-04-30T13:35:28Z
WAW-AGP,WAW,AGP,2026-06,outbound,25,2026-06-25,509,ok,2026-04-30T13:35:28Z
WAW-AGP,WAW,AGP,2026-06,outbound,26,2026-06-26,449,ok,2026-04-30T13:35:28Z
WAW-AGP,WAW,AGP,2026-06,outbound,27,2026-06-27,399,ok,2026-04-30T13:35:28Z
WAW-AGP,WAW,AGP,2026-06,outbound,28,2026-06-28,309,ok,2026-04-30T13:35:28Z
WAW-AGP,WAW,AGP,2026-06,outbound,29,2026-06-29,719,ok,2026-04-30T13:35:28Z
WAW-AGP,WAW,AGP,2026-06,outbound,30,2026-06-30,449,ok,2026-04-30T13:35:28Z
WAW-AGP,WAW,AGP,2026-06,return,1,2026-06-01,509,ok,2026-04-30T13:35:28Z
WAW-AGP,WAW,AGP,2026-06,return,2,2026-06-02,269,ok,2026-04-30T13:35:28Z
WAW-AGP,WAW,AGP,2026-06,return,3,2026-06-03,269,ok,2026-04-30T13:35:28Z
WAW-AGP,WAW,AGP,2026-06,return,4,2026-06-04,359,ok,2026-04-30T13:35:28Z
WAW-AGP,WAW,AGP,2026-06,return,5,2026-06-05,309,ok,2026-04-30T13:35:28Z
WAW-AGP,WAW,AGP,2026-06,return,6,2026-06-06,399,ok,2026-04-30T13:35:28Z
WAW-AGP,WAW,AGP,2026-06,return,7,2026-06-07,1659,ok,2026-04-30T13:35:28Z
WAW-AGP,WAW,AGP,2026-06,return,8,2026-06-08,719,ok,2026-04-30T13:35:28Z
WAW-AGP,WAW,AGP,2026-06,return,9,2026-06-09,559,ok,2026-04-30T13:35:28Z
WAW-AGP,WAW,AGP,2026-06,return,10,2026-06-10,399,ok,2026-04-30T13:35:28Z
WAW-AGP,WAW,AGP,2026-06,return,11,2026-06-11,509,ok,2026-04-30T13:35:28Z
WAW-AGP,WAW,AGP,2026-06,return,12,2026-06-12,399,ok,2026-04-30T13:35:28Z
WAW-AGP,WAW,AGP,2026-06,return,13,2026-06-13,509,ok,2026-04-30T13:35:28Z
WAW-AGP,WAW,AGP,2026-06,return,14,2026-06-14,559,ok,2026-04-30T13:35:28Z
WAW-AGP,WAW,AGP,2026-06,return,15,2026-06-15,449,ok,2026-04-30T13:35:28Z
WAW-AGP,WAW,AGP,2026-06,return,16,2026-06-16,269,ok,2026-04-30T13:35:28Z
WAW-AGP,WAW,AGP,2026-06,return,17,2026-06-17,449,ok,2026-04-30T13:35:28Z
WAW-AGP,WAW,AGP,2026-06,return,18,2026-06-18,249,ok,2026-04-30T13:35:28Z
WAW-AGP,WAW,AGP,2026-06,return,19,2026-06-19,449,ok,2026-04-30T13:35:28Z
WAW-AGP,WAW,AGP,2026-06,return,20,2026-06-20,359,ok,2026-04-30T13:35:28Z
WAW-AGP,WAW,AGP,2026-06,return,21,2026-06-21,359,ok,2026-04-30T13:35:28Z
WAW-AGP,WAW,AGP,2026-06,return,22,2026-06-22,309,ok,2026-04-30T13:35:28Z
WAW-AGP,WAW,AGP,2026-06,return,23,2026-06-23,309,ok,2026-04-30T13:35:28Z
WAW-AGP,WAW,AGP,2026-06,return,24,2026-06-24,509,ok,2026-04-30T13:35:28Z
WAW-AGP,WAW,AGP,2026-06,return,25,2026-06-25,509,ok,2026-04-30T13:35:28Z
WAW-AGP,WAW,AGP,2026-06,return,26,2026-06-26,449,ok,2026-04-30T13:35:28Z
WAW-AGP,WAW,AGP,2026-06,return,27,2026-06-27,399,ok,2026-04-30T13:35:28Z
WAW-AGP,WAW,AGP,2026-06,return,28,2026-06-28,309,ok,2026-04-30T13:35:28Z
WAW-AGP,WAW,AGP,2026-06,return,29,2026-06-29,719,ok,2026-04-30T13:35:28Z
WAW-AGP,WAW,AGP,2026-06,return,30,2026-06-30,449,ok,2026-04-30T13:35:28Z
WAW-AGP,WAW,AGP,2026-07,outbound,1,2026-07-01,449,ok,2026-04-30T13:35:28Z
WAW-AGP,WAW,AGP,2026-07,outbound,2,2026-07-02,289,ok,2026-04-30T13:35:28Z
WAW-AGP,WAW,AGP,2026-07,outbound,3,2026-07-03,509,ok,2026-04-30T13:35:28Z
WAW-AGP,WAW,AGP,2026-07,outbound,4,2026-07-04,399,ok,2026-04-30T13:35:28Z
WAW-AGP,WAW,AGP,2026-07,outbound,5,2026-07-05,309,ok,2026-04-30T13:35:28Z
WAW-AGP,WAW,AGP,2026-07,outbound,6,2026-07-06,959,ok,2026-04-30T13:35:28Z
WAW-AGP,WAW,AGP,2026-07,outbound,7,2026-07-07,449,ok,2026-04-30T13:35:28Z
WAW-AGP,WAW,AGP,2026-07,outbound,8,2026-07-08,399,ok,2026-04-30T13:35:28Z
WAW-AGP,WAW,AGP,2026-07,outbound,9,2026-07-09,719,ok,2026-04-30T13:35:28Z
WAW-AGP,WAW,AGP,2026-07,outbound,10,2026-07-10,599,ok,2026-04-30T13:35:28Z
WAW-AGP,WAW,AGP,2026-07,outbound,11,2026-07-11,809,ok,2026-04-30T13:35:28Z
WAW-AGP,WAW,AGP,2026-07,outbound,12,2026-07-12,809,ok,2026-04-30T13:35:28Z
WAW-AGP,WAW,AGP,2026-07,outbound,13,2026-07-13,509,ok,2026-04-30T13:35:28Z
WAW-AGP,WAW,AGP,2026-07,outbound,14,2026-07-14,599,ok,2026-04-30T13:35:28Z
WAW-AGP,WAW,AGP,2026-07,outbound,15,2026-07-15,359,ok,2026-04-30T13:35:28Z
WAW-AGP,WAW,AGP,2026-07,outbound,16,2026-07-16,289,ok,2026-04-30T13:35:28Z
WAW-AGP,WAW,AGP,2026-07,outbound,17,2026-07-17,509,ok,2026-04-30T13:35:28Z
WAW-AGP,WAW,AGP,2026-07,outbound,18,2026-07-18,559,ok,2026-04-30T13:35:28Z
WAW-AGP,WAW,AGP,2026-07,outbound,19,2026-07-19,399,ok,2026-04-30T13:35:28Z
WAW-AGP,WAW,AGP,2026-07,outbound,20,2026-07-20,719,ok,2026-04-30T13:35:28Z
WAW-AGP,WAW,AGP,2026-07,outbound,21,2026-07-21,449,ok,2026-04-30T13:35:28Z
WAW-AGP,WAW,AGP,2026-07,outbound,22,2026-07-22,599,ok,2026-04-30T13:35:28Z
WAW-AGP,WAW,AGP,2026-07,outbound,23,2026-07-23,509,ok,2026-04-30T13:35:28Z
WAW-AGP,WAW,AGP,2026-07,outbound,24,2026-07-24,509,ok,2026-04-30T13:35:28Z
WAW-AGP,WAW,AGP,2026-07,outbound,25,2026-07-25,399,ok,2026-04-30T13:35:28Z
WAW-AGP,WAW,AGP,2026-07,outbound,26,2026-07-26,449,ok,2026-04-30T13:35:28Z
WAW-AGP,WAW,AGP,2026-07,outbound,27,2026-07-27,399,ok,2026-04-30T13:35:28Z
WAW-AGP,WAW,AGP,2026-07,outbound,28,2026-07-28,399,ok,2026-04-30T13:35:28Z
WAW-AGP,WAW,AGP,2026-07,outbound,29,2026-07-29,359,ok,2026-04-30T13:35:28Z
WAW-AGP,WAW,AGP,2026-07,outbound,30,2026-07-30,359,ok,2026-04-30T13:35:28Z
WAW-AGP,WAW,AGP,2026-07,outbound,31,2026-07-31,959,ok,2026-04-30T13:35:28Z
WAW-AGP,WAW,AGP,2026-07,return,1,2026-07-01,449,ok,2026-04-30T13:35:28Z
WAW-AGP,WAW,AGP,2026-07,return,2,2026-07-02,289,ok,2026-04-30T13:35:28Z
WAW-AGP,WAW,AGP,2026-07,return,3,2026-07-03,509,ok,2026-04-30T13:35:28Z
WAW-AGP,WAW,AGP,2026-07,return,4,2026-07-04,399,ok,2026-04-30T13:35:28Z
WAW-AGP,WAW,AGP,2026-07,return,5,2026-07-05,309,ok,2026-04-30T13:35:28Z
WAW-AGP,WAW,AGP,2026-07,return,6,2026-07-06,959,ok,2026-04-30T13:35:28Z
WAW-AGP,WAW,AGP,2026-07,return,7,2026-07-07,449,ok,2026-04-30T13:35:28Z
WAW-AGP,WAW,AGP,2026-07,return,8,2026-07-08,399,ok,2026-04-30T13:35:28Z
WAW-AGP,WAW,AGP,2026-07,return,9,2026-07-09,719,ok,2026-04-30T13:35:28Z
WAW-AGP,WAW,AGP,2026-07,return,10,2026-07-10,599,ok,2026-04-30T13:35:28Z
WAW-AGP,WAW,AGP,2026-07,return,11,2026-07-11,809,ok,2026-04-30T13:35:28Z
WAW-AGP,WAW,AGP,2026-07,return,12,2026-07-12,809,ok,2026-04-30T13:35:28Z
WAW-AGP,WAW,AGP,2026-07,return,13,2026-07-13,509,ok,2026-04-30T13:35:28Z
WAW-AGP,WAW,AGP,2026-07,return,14,2026-07-14,599,ok,2026-04-30T13:35:28Z
WAW-AGP,WAW,AGP,2026-07,return,15,2026-07-15,359,ok,2026-04-30T13:35:28Z
WAW-AGP,WAW,AGP,2026-07,return,16,2026-07-16,289,ok,2026-04-30T13:35:28Z
WAW-AGP,WAW,AGP,2026-07,return,17,2026-07-17,509,ok,2026-04-30T13:35:28Z
WAW-AGP,WAW,AGP,2026-07,return,18,2026-07-18,559,ok,2026-04-30T13:35:28Z
WAW-AGP,WAW,AGP,2026-07,return,19,2026-07-19,399,ok,2026-04-30T13:35:28Z
WAW-AGP,WAW,AGP,2026-07,return,20,2026-07-20,719,ok,2026-04-30T13:35:28Z
WAW-AGP,WAW,AGP,2026-07,return,21,2026-07-21,449,ok,2026-04-30T13:35:28Z
WAW-AGP,WAW,AGP,2026-07,return,22,2026-07-22,599,ok,2026-04-30T13:35:28Z
WAW-AGP,WAW,AGP,2026-07,return,23,2026-07-23,509,ok,2026-04-30T13:35:28Z
WAW-AGP,WAW,AGP,2026-07,return,24,2026-07-24,509,ok,2026-04-30T13:35:28Z
WAW-AGP,WAW,AGP,2026-07,return,25,2026-07-25,399,ok,2026-04-30T13:35:28Z
WAW-AGP,WAW,AGP,2026-07,return,26,2026-07-26,449,ok,2026-04-30T13:35:28Z
WAW-AGP,WAW,AGP,2026-07,return,27,2026-07-27,399,ok,2026-04-30T13:35:28Z
WAW-AGP,WAW,AGP,2026-07,return,28,2026-07-28,399,ok,2026-04-30T13:35:28Z
WAW-AGP,WAW,AGP,2026-07,return,29,2026-07-29,359,ok,2026-04-30T13:35:28Z
WAW-AGP,WAW,AGP,2026-07,return,30,2026-07-30,359,ok,2026-04-30T13:35:28Z
WAW-AGP,WAW,AGP,2026-07,return,31,2026-07-31,959,ok,2026-04-30T13:35:28Z
WAW-AGP,WAW,AGP,2026-08,outbound,1,2026-08-01,509,ok,2026-04-30T13:35:28Z
WAW-AGP,WAW,AGP,2026-08,outbound,2,2026-08-02,809,ok,2026-04-30T13:35:28Z
WAW-AGP,WAW,AGP,2026-08,outbound,3,2026-08-03,599,ok,2026-04-30T13:35:28Z
WAW-AGP,WAW,AGP,2026-08,outbound,4,2026-08-04,599,ok,2026-04-30T13:35:28Z
WAW-AGP,WAW,AGP,2026-08,outbound,5,2026-08-05,599,ok,2026-04-30T13:35:28Z
WAW-AGP,WAW,AGP,2026-08,outbound,6,2026-08-06,669,ok,2026-04-30T13:35:28Z
WAW-AGP,WAW,AGP,2026-08,outbound,7,2026-08-07,509,ok,2026-04-30T13:35:28Z
WAW-AGP,WAW,AGP,2026-08,outbound,8,2026-08-08,719,ok,2026-04-30T13:35:28Z
WAW-AGP,WAW,AGP,2026-08,outbound,9,2026-08-09,599,ok,2026-04-30T13:35:28Z
WAW-AGP,WAW,AGP,2026-08,outbound,10,2026-08-10,599,ok,2026-04-30T13:35:28Z
WAW-AGP,WAW,AGP,2026-08,outbound,11,2026-08-11,599,ok,2026-04-30T13:35:28Z
WAW-AGP,WAW,AGP,2026-08,outbound,12,2026-08-12,809,ok,2026-04-30T13:35:28Z
WAW-AGP,WAW,AGP,2026-08,outbound,13,2026-08-13,559,ok,2026-04-30T13:35:28Z
WAW-AGP,WAW,AGP,2026-08,outbound,14,2026-08-14,559,ok,2026-04-30T13:35:28Z
WAW-AGP,WAW,AGP,2026-08,outbound,15,2026-08-15,599,ok,2026-04-30T13:35:28Z
WAW-AGP,WAW,AGP,2026-08,outbound,16,2026-08-16,599,ok,2026-04-30T13:35:28Z
WAW-AGP,WAW,AGP,2026-08,outbound,17,2026-08-17,599,ok,2026-04-30T13:35:28Z
WAW-AGP,WAW,AGP,2026-08,outbound,18,2026-08-18,669,ok,2026-04-30T13:35:28Z
WAW-AGP,WAW,AGP,2026-08,outbound,19,2026-08-19,599,ok,2026-04-30T13:35:28Z
WAW-AGP,WAW,AGP,2026-08,outbound,20,2026-08-20,719,ok,2026-04-30T13:35:28Z
WAW-AGP,WAW,AGP,2026-08,outbound,21,2026-08-21,559,ok,2026-04-30T13:35:28Z
WAW-AGP,WAW,AGP,2026-08,outbound,22,2026-08-22,599,ok,2026-04-30T13:35:28Z
WAW-AGP,WAW,AGP,2026-08,outbound,23,2026-08-23,809,ok,2026-04-30T13:35:28Z
WAW-AGP,WAW,AGP,2026-08,outbound,24,2026-08-24,809,ok,2026-04-30T13:35:28Z
WAW-AGP,WAW,AGP,2026-08,outbound,25,2026-08-25,509,ok,2026-04-30T13:35:28Z
WAW-AGP,WAW,AGP,2026-08,outbound,26,2026-08-26,509,ok,2026-04-30T13:35:28Z
WAW-AGP,WAW,AGP,2026-08,outbound,27,2026-08-27,559,ok,2026-04-30T13:35:28Z
WAW-AGP,WAW,AGP,2026-08,outbound,28,2026-08-28,849,ok,2026-04-30T13:35:28Z
WAW-AGP,WAW,AGP,2026-08,outbound,29,2026-08-29,509,ok,2026-04-30T13:35:28Z
WAW-AGP,WAW,AGP,2026-08,outbound,30,2026-08-30,849,ok,2026-04-30T13:35:28Z
WAW-AGP,WAW,AGP,2026-08,outbound,31,2026-08-31,559,ok,2026-04-30T13:35:28Z
WAW-AGP,WAW,AGP,2026-08,return,1,2026-08-01,509,ok,2026-04-30T13:35:28Z
WAW-AGP,WAW,AGP,2026-08,return,2,2026-08-02,809,ok,2026-04-30T13:35:28Z
WAW-AGP,WAW,AGP,2026-08,return,3,2026-08-03,599,ok,2026-04-30T13:35:28Z
WAW-AGP,WAW,AGP,2026-08,return,4,2026-08-04,599,ok,2026-04-30T13:35:28Z
WAW-AGP,WAW,AGP,2026-08,return,5,2026-08-05,599,ok,2026-04-30T13:35:28Z
WAW-AGP,WAW,AGP,2026-08,return,6,2026-08-06,669,ok,2026-04-30T13:35:28Z
WAW-AGP,WAW,AGP,2026-08,return,7,2026-08-07,509,ok,2026-04-30T13:35:28Z
WAW-AGP,WAW,AGP,2026-08,return,8,2026-08-08,719,ok,2026-04-30T13:35:28Z
WAW-AGP,WAW,AGP,2026-08,return,9,2026-08-09,599,ok,2026-04-30T13:35:28Z
WAW-AGP,WAW,AGP,2026-08,return,10,2026-08-10,599,ok,2026-04-30T13:35:28Z
WAW-AGP,WAW,AGP,2026-08,return,11,2026-08-11,599,ok,2026-04-30T13:35:28Z
WAW-AGP,WAW,AGP,2026-08,return,12,2026-08-12,809,ok,2026-04-30T13:35:28Z
WAW-AGP,WAW,AGP,2026-08,return,13,2026-08-13,559,ok,2026-04-30T13:35:28Z
WAW-AGP,WAW,AGP,2026-08,return,14,2026-08-14,559,ok,2026-04-30T13:35:28Z
WAW-AGP,WAW,AGP,2026-08,return,15,2026-08-15,599,ok,2026-04-30T13:35:28Z
WAW-AGP,WAW,AGP,2026-08,return,16,2026-08-16,599,ok,2026-04-30T13:35:28Z
WAW-AGP,WAW,AGP,2026-08,return,17,2026-08-17,599,ok,2026-04-30T13:35:28Z
WAW-AGP,WAW,AGP,2026-08,return,18,2026-08-18,669,ok,2026-04-30T13:35:28Z
WAW-AGP,WAW,AGP,2026-08,return,19,2026-08-19,599,ok,2026-04-30T13:35:28Z
WAW-AGP,WAW,AGP,2026-08,return,20,2026-08-20,719,ok,2026-04-30T13:35:28Z
WAW-AGP,WAW,AGP,2026-08,return,21,2026-08-21,559,ok,2026-04-30T13:35:28Z
WAW-AGP,WAW,AGP,2026-08,return,22,2026-08-22,599,ok,2026-04-30T13:35:28Z
WAW-AGP,WAW,AGP,2026-08,return,23,2026-08-23,809,ok,2026-04-30T13:35:28Z
WAW-AGP,WAW,AGP,2026-08,return,24,2026-08-24,809,ok,2026-04-30T13:35:28Z
WAW-AGP,WAW,AGP,2026-08,return,25,2026-08-25,509,ok,2026-04-30T13:35:28Z
WAW-AGP,WAW,AGP,2026-08,return,26,2026-08-26,509,ok,2026-04-30T13:35:28Z
WAW-AGP,WAW,AGP,2026-08,return,27,2026-08-27,559,ok,2026-04-30T13:35:28Z
WAW-AGP,WAW,AGP,2026-08,return,28,2026-08-28,849,ok,2026-04-30T13:35:28Z
WAW-AGP,WAW,AGP,2026-08,return,29,2026-08-29,509,ok,2026-04-30T13:35:28Z
WAW-AGP,WAW,AGP,2026-08,return,30,2026-08-30,849,ok,2026-04-30T13:35:28Z
WAW-AGP,WAW,AGP,2026-08,return,31,2026-08-31,559,ok,2026-04-30T13:35:28Z
WAW-PMI,WAW,PMI,2026-05,outbound,2,2026-05-02,809,ok,2026-04-30T13:35:28Z
WAW-PMI,WAW,PMI,2026-05,outbound,5,2026-05-05,449,ok,2026-04-30T13:35:28Z
WAW-PMI,WAW,PMI,2026-05,outbound,7,2026-05-07,309,ok,2026-04-30T13:35:28Z
WAW-PMI,WAW,PMI,2026-05,outbound,9,2026-05-09,449,ok,2026-04-30T13:35:28Z
WAW-PMI,WAW,PMI,2026-05,outbound,12,2026-05-12,449,ok,2026-04-30T13:35:28Z
WAW-PMI,WAW,PMI,2026-05,outbound,14,2026-05-14,309,ok,2026-04-30T13:35:28Z
WAW-PMI,WAW,PMI,2026-05,outbound,16,2026-05-16,289,ok,2026-04-30T13:35:28Z
WAW-PMI,WAW,PMI,2026-05,outbound,19,2026-05-19,449,ok,2026-04-30T13:35:28Z
WAW-PMI,WAW,PMI,2026-05,outbound,21,2026-05-21,399,ok,2026-04-30T13:35:28Z
WAW-PMI,WAW,PMI,2026-05,outbound,23,2026-05-23,509,ok,2026-04-30T13:35:28Z
WAW-PMI,WAW,PMI,2026-05,outbound,26,2026-05-26,309,ok,2026-04-30T13:35:28Z
WAW-PMI,WAW,PMI,2026-05,outbound,28,2026-05-28,289,ok,2026-04-30T13:35:28Z
WAW-PMI,WAW,PMI,2026-05,outbound,30,2026-05-30,449,ok,2026-04-30T13:35:28Z
WAW-PMI,WAW,PMI,2026-05,return,2,2026-05-02,809,ok,2026-04-30T13:35:28Z
WAW-PMI,WAW,PMI,2026-05,return,5,2026-05-05,449,ok,2026-04-30T13:35:28Z
WAW-PMI,WAW,PMI,2026-05,return,7,2026-05-07,309,ok,2026-04-30T13:35:28Z
WAW-PMI,WAW,PMI,2026-05,return,9,2026-05-09,449,ok,2026-04-30T13:35:28Z
WAW-PMI,WAW,PMI,2026-05,return,12,2026-05-12,449,ok,2026-04-30T13:35:28Z
WAW-PMI,WAW,PMI,2026-05,return,14,2026-05-14,309,ok,2026-04-30T13:35:28Z
WAW-PMI,WAW,PMI,2026-05,return,16,2026-05-16,289,ok,2026-04-30T13:35:28Z
WAW-PMI,WAW,PMI,2026-05,return,19,2026-05-19,449,ok,2026-04-30T13:35:28Z
WAW-PMI,WAW,PMI,2026-05,return,21,2026-05-21,399,ok,2026-04-30T13:35:28Z
WAW-PMI,WAW,PMI,2026-05,return,23,2026-05-23,509,ok,2026-04-30T13:35:28Z
WAW-PMI,WAW,PMI,2026-05,return,26,2026-05-26,309,ok,2026-04-30T13:35:28Z
WAW-PMI,WAW,PMI,2026-05,return,28,2026-05-28,289,ok,2026-04-30T13:35:28Z
WAW-PMI,WAW,PMI,2026-05,return,30,2026-05-30,449,ok,2026-04-30T13:35:28Z
WAW-PMI,WAW,PMI,2026-06,outbound,2,2026-06-02,449,ok,2026-04-30T13:35:28Z
WAW-PMI,WAW,PMI,2026-06,outbound,4,2026-06-04,359,ok,2026-04-30T13:35:28Z
WAW-PMI,WAW,PMI,2026-06,outbound,6,2026-06-06,559,ok,2026-04-30T13:35:28Z
WAW-PMI,WAW,PMI,2026-06,outbound,9,2026-06-09,449,ok,2026-04-30T13:35:28Z
WAW-PMI,WAW,PMI,2026-06,outbound,11,2026-06-11,249,ok,2026-04-30T13:35:28Z
WAW-PMI,WAW,PMI,2026-06,outbound,13,2026-06-13,399,ok,2026-04-30T13:35:28Z
WAW-PMI,WAW,PMI,2026-06,outbound,16,2026-06-16,359,ok,2026-04-30T13:35:28Z
WAW-PMI,WAW,PMI,2026-06,outbound,18,2026-06-18,289,ok,2026-04-30T13:35:28Z
WAW-PMI,WAW,PMI,2026-06,outbound,20,2026-06-20,399,ok,2026-04-30T13:35:28Z
WAW-PMI,WAW,PMI,2026-06,outbound,23,2026-06-23,399,ok,2026-04-30T13:35:28Z
WAW-PMI,WAW,PMI,2026-06,outbound,25,2026-06-25,449,ok,2026-04-30T13:35:28Z
WAW-PMI,WAW,PMI,2026-06,outbound,27,2026-06-27,449,ok,2026-04-30T13:35:28Z
WAW-PMI,WAW,PMI,2026-06,outbound,30,2026-06-30,509,ok,2026-04-30T13:35:28Z
WAW-PMI,WAW,PMI,2026-06,return,2,2026-06-02,449,ok,2026-04-30T13:35:28Z
WAW-PMI,WAW,PMI,2026-06,return,4,2026-06-04,359,ok,2026-04-30T13:35:28Z
WAW-PMI,WAW,PMI,2026-06,return,6,2026-06-06,559,ok,2026-04-30T13:35:28Z
WAW-PMI,WAW,PMI,2026-06,return,9,2026-06-09,449,ok,2026-04-30T13:35:28Z
WAW-PMI,WAW,PMI,2026-06,return,11,2026-06-11,249,ok,2026-04-30T13:35:28Z
WAW-PMI,WAW,PMI,2026-06,return,13,2026-06-13,399,ok,2026-04-30T13:35:28Z
WAW-PMI,WAW,PMI,2026-06,return,16,2026-06-16,359,ok,2026-04-30T13:35:28Z
WAW-PMI,WAW,PMI,2026-06,return,18,2026-06-18,289,ok,2026-04-30T13:35:28Z
WAW-PMI,WAW,PMI,2026-06,return,20,2026-06-20,399,ok,2026-04-30T13:35:28Z
WAW-PMI,WAW,PMI,2026-06,return,23,2026-06-23,399,ok,2026-04-30T13:35:28Z
WAW-PMI,WAW,PMI,2026-06,return,25,2026-06-25,449,ok,2026-04-30T13:35:28Z
WAW-PMI,WAW,PMI,2026-06,return,27,2026-06-27,449,ok,2026-04-30T13:35:28Z
WAW-PMI,WAW,PMI,2026-06,return,30,2026-06-30,509,ok,2026-04-30T13:35:28Z
WAW-PMI,WAW,PMI,2026-07,outbound,2,2026-07-02,309,ok,2026-04-30T13:35:28Z
WAW-PMI,WAW,PMI,2026-07,outbound,4,2026-07-04,509,ok,2026-04-30T13:35:28Z
WAW-PMI,WAW,PMI,2026-07,outbound,7,2026-07-07,309,ok,2026-04-30T13:35:28Z
WAW-PMI,WAW,PMI,2026-07,outbound,9,2026-07-09,269,ok,2026-04-30T13:35:28Z
WAW-PMI,WAW,PMI,2026-07,outbound,11,2026-07-11,309,ok,2026-04-30T13:35:28Z
WAW-PMI,WAW,PMI,2026-07,outbound,14,2026-07-14,399,ok,2026-04-30T13:35:28Z
WAW-PMI,WAW,PMI,2026-07,outbound,16,2026-07-16,289,ok,2026-04-30T13:35:28Z
WAW-PMI,WAW,PMI,2026-07,outbound,18,2026-07-18,449,ok,2026-04-30T13:35:28Z
WAW-PMI,WAW,PMI,2026-07,outbound,21,2026-07-21,269,ok,2026-04-30T13:35:28Z
WAW-PMI,WAW,PMI,2026-07,outbound,23,2026-07-23,269,ok,2026-04-30T13:35:28Z
WAW-PMI,WAW,PMI,2026-07,outbound,25,2026-07-25,509,ok,2026-04-30T13:35:28Z
WAW-PMI,WAW,PMI,2026-07,outbound,28,2026-07-28,269,ok,2026-04-30T13:35:28Z
WAW-PMI,WAW,PMI,2026-07,outbound,30,2026-07-30,359,ok,2026-04-30T13:35:28Z
WAW-PMI,WAW,PMI,2026-07,return,2,2026-07-02,309,ok,2026-04-30T13:35:28Z
WAW-PMI,WAW,PMI,2026-07,return,4,2026-07-04,509,ok,2026-04-30T13:35:28Z
WAW-PMI,WAW,PMI,2026-07,return,7,2026-07-07,309,ok,2026-04-30T13:35:28Z
WAW-PMI,WAW,PMI,2026-07,return,9,2026-07-09,269,ok,2026-04-30T13:35:28Z
WAW-PMI,WAW,PMI,2026-07,return,11,2026-07-11,309,ok,2026-04-30T13:35:28Z
WAW-PMI,WAW,PMI,2026-07,return,14,2026-07-14,399,ok,2026-04-30T13:35:28Z
WAW-PMI,WAW,PMI,2026-07,return,16,2026-07-16,289,ok,2026-04-30T13:35:28Z
WAW-PMI,WAW,PMI,2026-07,return,18,2026-07-18,449,ok,2026-04-30T13:35:28Z
WAW-PMI,WAW,PMI,2026-07,return,21,2026-07-21,269,ok,2026-04-30T13:35:28Z
WAW-PMI,WAW,PMI,2026-07,return,23,2026-07-23,269,ok,2026-04-30T13:35:28Z
WAW-PMI,WAW,PMI,2026-07,return,25,2026-07-25,509,ok,2026-04-30T13:35:28Z
WAW-PMI,WAW,PMI,2026-07,return,28,2026-07-28,269,ok,2026-04-30T13:35:28Z
WAW-PMI,WAW,PMI,2026-07,return,30,2026-07-30,359,ok,2026-04-30T13:35:28Z
WAW-PMI,WAW,PMI,2026-08,outbound,1,2026-08-01,669,ok,2026-04-30T13:35:28Z
WAW-PMI,WAW,PMI,2026-08,outbound,4,2026-08-04,359,ok,2026-04-30T13:35:28Z
WAW-PMI,WAW,PMI,2026-08,outbound,6,2026-08-06,599,ok,2026-04-30T13:35:28Z
WAW-PMI,WAW,PMI,2026-08,outbound,8,2026-08-08,559,ok,2026-04-30T13:35:28Z
WAW-PMI,WAW,PMI,2026-08,outbound,11,2026-08-11,719,ok,2026-04-30T13:35:28Z
WAW-PMI,WAW,PMI,2026-08,outbound,13,2026-08-13,599,ok,2026-04-30T13:35:28Z
WAW-PMI,WAW,PMI,2026-08,outbound,15,2026-08-15,1049,ok,2026-04-30T13:35:28Z
WAW-PMI,WAW,PMI,2026-08,outbound,18,2026-08-18,509,ok,2026-04-30T13:35:28Z
WAW-PMI,WAW,PMI,2026-08,outbound,20,2026-08-20,309,ok,2026-04-30T13:35:28Z
WAW-PMI,WAW,PMI,2026-08,outbound,22,2026-08-22,559,ok,2026-04-30T13:35:28Z
WAW-PMI,WAW,PMI,2026-08,outbound,25,2026-08-25,399,ok,2026-04-30T13:35:28Z
WAW-PMI,WAW,PMI,2026-08,outbound,27,2026-08-27,449,ok,2026-04-30T13:35:28Z
WAW-PMI,WAW,PMI,2026-08,outbound,29,2026-08-29,809,ok,2026-04-30T13:35:28Z
WAW-PMI,WAW,PMI,2026-08,return,1,2026-08-01,669,ok,2026-04-30T13:35:28Z
WAW-PMI,WAW,PMI,2026-08,return,4,2026-08-04,359,ok,2026-04-30T13:35:28Z
WAW-PMI,WAW,PMI,2026-08,return,6,2026-08-06,599,ok,2026-04-30T13:35:28Z
WAW-PMI,WAW,PMI,2026-08,return,8,2026-08-08,559,ok,2026-04-30T13:35:28Z
WAW-PMI,WAW,PMI,2026-08,return,11,2026-08-11,719,ok,2026-04-30T13:35:28Z
WAW-PMI,WAW,PMI,2026-08,return,13,2026-08-13,599,ok,2026-04-30T13:35:28Z
WAW-PMI,WAW,PMI,2026-08,return,15,2026-08-15,1049,ok,2026-04-30T13:35:28Z
WAW-PMI,WAW,PMI,2026-08,return,18,2026-08-18,509,ok,2026-04-30T13:35:28Z
WAW-PMI,WAW,PMI,2026-08,return,20,2026-08-20,309,ok,2026-04-30T13:35:28Z
WAW-PMI,WAW,PMI,2026-08,return,22,2026-08-22,559,ok,2026-04-30T13:35:28Z
WAW-PMI,WAW,PMI,2026-08,return,25,2026-08-25,399,ok,2026-04-30T13:35:28Z
WAW-PMI,WAW,PMI,2026-08,return,27,2026-08-27,449,ok,2026-04-30T13:35:28Z
WAW-PMI,WAW,PMI,2026-08,return,29,2026-08-29,809,ok,2026-04-30T13:35:28Z
WAW-ALC,WAW,ALC,2026-05,outbound,1,2026-05-01,509,ok,2026-04-30T13:35:28Z
WAW-ALC,WAW,ALC,2026-05,outbound,2,2026-05-02,399,ok,2026-04-30T13:35:28Z
WAW-ALC,WAW,ALC,2026-05,outbound,3,2026-05-03,809,ok,2026-04-30T13:35:28Z
WAW-ALC,WAW,ALC,2026-05,outbound,4,2026-05-04,599,ok,2026-04-30T13:35:28Z
WAW-ALC,WAW,ALC,2026-05,outbound,5,2026-05-05,509,ok,2026-04-30T13:35:28Z
WAW-ALC,WAW,ALC,2026-05,outbound,6,2026-05-06,359,ok,2026-04-30T13:35:28Z
WAW-ALC,WAW,ALC,2026-05,outbound,7,2026-05-07,399,ok,2026-04-30T13:35:28Z
WAW-ALC,WAW,ALC,2026-05,outbound,8,2026-05-08,559,ok,2026-04-30T13:35:28Z
WAW-ALC,WAW,ALC,2026-05,outbound,9,2026-05-09,599,ok,2026-04-30T13:35:28Z
WAW-ALC,WAW,ALC,2026-05,outbound,10,2026-05-10,669,ok,2026-04-30T13:35:28Z
WAW-ALC,WAW,ALC,2026-05,outbound,11,2026-05-11,559,ok,2026-04-30T13:35:28Z
WAW-ALC,WAW,ALC,2026-05,outbound,12,2026-05-12,449,ok,2026-04-30T13:35:28Z
WAW-ALC,WAW,ALC,2026-05,outbound,13,2026-05-13,509,ok,2026-04-30T13:35:28Z
WAW-ALC,WAW,ALC,2026-05,outbound,14,2026-05-14,269,ok,2026-04-30T13:35:28Z
WAW-ALC,WAW,ALC,2026-05,outbound,15,2026-05-15,289,ok,2026-04-30T13:35:28Z
WAW-ALC,WAW,ALC,2026-05,outbound,16,2026-05-16,289,ok,2026-04-30T13:35:28Z
WAW-ALC,WAW,ALC,2026-05,outbound,17,2026-05-17,449,ok,2026-04-30T13:35:28Z
WAW-ALC,WAW,ALC,2026-05,outbound,18,2026-05-18,309,ok,2026-04-30T13:35:28Z
WAW-ALC,WAW,ALC,2026-05,outbound,19,2026-05-19,289,ok,2026-04-30T13:35:28Z
WAW-ALC,WAW,ALC,2026-05,outbound,20,2026-05-20,249,ok,2026-04-30T13:35:28Z
WAW-ALC,WAW,ALC,2026-05,outbound,21,2026-05-21,249,ok,2026-04-30T13:35:28Z
WAW-ALC,WAW,ALC,2026-05,outbound,22,2026-05-22,289,ok,2026-04-30T13:35:28Z
WAW-ALC,WAW,ALC,2026-05,outbound,23,2026-05-23,269,ok,2026-04-30T13:35:28Z
WAW-ALC,WAW,ALC,2026-05,outbound,24,2026-05-24,509,ok,2026-04-30T13:35:28Z
WAW-ALC,WAW,ALC,2026-05,outbound,25,2026-05-25,289,ok,2026-04-30T13:35:28Z
WAW-ALC,WAW,ALC,2026-05,outbound,26,2026-05-26,219,ok,2026-04-30T13:35:28Z
WAW-ALC,WAW,ALC,2026-05,outbound,27,2026-05-27,249,ok,2026-04-30T13:35:28Z
WAW-ALC,WAW,ALC,2026-05,outbound,28,2026-05-28,219,ok,2026-04-30T13:35:28Z
WAW-ALC,WAW,ALC,2026-05,outbound,29,2026-05-29,249,ok,2026-04-30T13:35:28Z
WAW-ALC,WAW,ALC,2026-05,outbound,30,2026-05-30,359,ok,2026-04-30T13:35:28Z
WAW-ALC,WAW,ALC,2026-05,outbound,31,2026-05-31,449,ok,2026-04-30T13:35:28Z
WAW-ALC,WAW,ALC,2026-05,return,1,2026-05-01,509,ok,2026-04-30T13:35:28Z
WAW-ALC,WAW,ALC,2026-05,return,2,2026-05-02,399,ok,2026-04-30T13:35:28Z
WAW-ALC,WAW,ALC,2026-05,return,3,2026-05-03,809,ok,2026-04-30T13:35:28Z
WAW-ALC,WAW,ALC,2026-05,return,4,2026-05-04,599,ok,2026-04-30T13:35:28Z
WAW-ALC,WAW,ALC,2026-05,return,5,2026-05-05,509,ok,2026-04-30T13:35:28Z
WAW-ALC,WAW,ALC,2026-05,return,6,2026-05-06,359,ok,2026-04-30T13:35:28Z
WAW-ALC,WAW,ALC,2026-05,return,7,2026-05-07,399,ok,2026-04-30T13:35:28Z
WAW-ALC,WAW,ALC,2026-05,return,8,2026-05-08,559,ok,2026-04-30T13:35:28Z
WAW-ALC,WAW,ALC,2026-05,return,9,2026-05-09,599,ok,2026-04-30T13:35:28Z
WAW-ALC,WAW,ALC,2026-05,return,10,2026-05-10,669,ok,2026-04-30T13:35:28Z
WAW-ALC,WAW,ALC,2026-05,return,11,2026-05-11,559,ok,2026-04-30T13:35:28Z
WAW-ALC,WAW,ALC,2026-05,return,12,2026-05-12,449,ok,2026-04-30T13:35:28Z
WAW-ALC,WAW,ALC,2026-05,return,13,2026-05-13,509,ok,2026-04-30T13:35:28Z
WAW-ALC,WAW,ALC,2026-05,return,14,2026-05-14,269,ok,2026-04-30T13:35:28Z
WAW-ALC,WAW,ALC,2026-05,return,15,2026-05-15,289,ok,2026-04-30T13:35:28Z
WAW-ALC,WAW,ALC,2026-05,return,16,2026-05-16,289,ok,2026-04-30T13:35:28Z
WAW-ALC,WAW,ALC,2026-05,return,17,2026-05-17,449,ok,2026-04-30T13:35:28Z
WAW-ALC,WAW,ALC,2026-05,return,18,2026-05-18,309,ok,2026-04-30T13:35:28Z
WAW-ALC,WAW,ALC,2026-05,return,19,2026-05-19,289,ok,2026-04-30T13:35:28Z
WAW-ALC,WAW,ALC,2026-05,return,20,2026-05-20,249,ok,2026-04-30T13:35:28Z
WAW-ALC,WAW,ALC,2026-05,return,21,2026-05-21,249,ok,2026-04-30T13:35:28Z
WAW-ALC,WAW,ALC,2026-05,return,22,2026-05-22,289,ok,2026-04-30T13:35:28Z
WAW-ALC,WAW,ALC,2026-05,return,23,2026-05-23,269,ok,2026-04-30T13:35:28Z
WAW-ALC,WAW,ALC,2026-05,return,24,2026-05-24,509,ok,2026-04-30T13:35:28Z
WAW-ALC,WAW,ALC,2026-05,return,25,2026-05-25,289,ok,2026-04-30T13:35:28Z
WAW-ALC,WAW,ALC,2026-05,return,26,2026-05-26,219,ok,2026-04-30T13:35:28Z
WAW-ALC,WAW,ALC,2026-05,return,27,2026-05-27,249,ok,2026-04-30T13:35:28Z
WAW-ALC,WAW,ALC,2026-05,return,28,2026-05-28,219,ok,2026-04-30T13:35:28Z
WAW-ALC,WAW,ALC,2026-05,return,29,2026-05-29,249,ok,2026-04-30T13:35:28Z
WAW-ALC,WAW,ALC,2026-05,return,30,2026-05-30,359,ok,2026-04-30T13:35:28Z
WAW-ALC,WAW,ALC,2026-05,return,31,2026-05-31,449,ok,2026-04-30T13:35:28Z
WAW-ALC,WAW,ALC,2026-06,outbound,1,2026-06-01,599,ok,2026-04-30T13:35:28Z
WAW-ALC,WAW,ALC,2026-06,outbound,2,2026-06-02,309,ok,2026-04-30T13:35:28Z
WAW-ALC,WAW,ALC,2026-06,outbound,3,2026-06-03,359,ok,2026-04-30T13:35:28Z
WAW-ALC,WAW,ALC,2026-06,outbound,4,2026-06-04,249,ok,2026-04-30T13:35:28Z
WAW-ALC,WAW,ALC,2026-06,outbound,5,2026-06-05,309,ok,2026-04-30T13:35:28Z
WAW-ALC,WAW,ALC,2026-06,outbound,6,2026-06-06,509,ok,2026-04-30T13:35:28Z
WAW-ALC,WAW,ALC,2026-06,outbound,7,2026-06-07,959,ok,2026-04-30T13:35:28Z
WAW-ALC,WAW,ALC,2026-06,outbound,8,2026-06-08,719,ok,2026-04-30T13:35:28Z
WAW-ALC,WAW,ALC,2026-06,outbound,9,2026-06-09,399,ok,2026-04-30T13:35:28Z
WAW-ALC,WAW,ALC,2026-06,outbound,10,2026-06-10,449,ok,2026-04-30T13:35:28Z
WAW-ALC,WAW,ALC,2026-06,outbound,11,2026-06-11,219,ok,2026-04-30T13:35:28Z
WAW-ALC,WAW,ALC,2026-06,outbound,12,2026-06-12,669,ok,2026-04-30T13:35:28Z
WAW-ALC,WAW,ALC,2026-06,outbound,13,2026-06-13,289,ok,2026-04-30T13:35:28Z
WAW-ALC,WAW,ALC,2026-06,outbound,14,2026-06-14,289,ok,2026-04-30T13:35:28Z
WAW-ALC,WAW,ALC,2026-06,outbound,15,2026-06-15,719,ok,2026-04-30T13:35:28Z
WAW-ALC,WAW,ALC,2026-06,outbound,16,2026-06-16,309,ok,2026-04-30T13:35:28Z
WAW-ALC,WAW,ALC,2026-06,outbound,17,2026-06-17,249,ok,2026-04-30T13:35:28Z
WAW-ALC,WAW,ALC,2026-06,outbound,18,2026-06-18,249,ok,2026-04-30T13:35:28Z
WAW-ALC,WAW,ALC,2026-06,outbound,19,2026-06-19,449,ok,2026-04-30T13:35:28Z
WAW-ALC,WAW,ALC,2026-06,outbound,20,2026-06-20,269,ok,2026-04-30T13:35:28Z
WAW-ALC,WAW,ALC,2026-06,outbound,21,2026-06-21,309,ok,2026-04-30T13:35:28Z
WAW-ALC,WAW,ALC,2026-06,outbound,22,2026-06-22,509,ok,2026-04-30T13:35:28Z
WAW-ALC,WAW,ALC,2026-06,outbound,23,2026-06-23,309,ok,2026-04-30T13:35:28Z
WAW-ALC,WAW,ALC,2026-06,outbound,24,2026-06-24,249,ok,2026-04-30T13:35:28Z
WAW-ALC,WAW,ALC,2026-06,outbound,25,2026-06-25,249,ok,2026-04-30T13:35:28Z
WAW-ALC,WAW,ALC,2026-06,outbound,26,2026-06-26,289,ok,2026-04-30T13:35:28Z
WAW-ALC,WAW,ALC,2026-06,outbound,27,2026-06-27,399,ok,2026-04-30T13:35:28Z
WAW-ALC,WAW,ALC,2026-06,outbound,28,2026-06-28,449,ok,2026-04-30T13:35:28Z
WAW-ALC,WAW,ALC,2026-06,outbound,29,2026-06-29,449,ok,2026-04-30T13:35:28Z
WAW-ALC,WAW,ALC,2026-06,outbound,30,2026-06-30,309,ok,2026-04-30T13:35:28Z
WAW-ALC,WAW,ALC,2026-06,return,1,2026-06-01,599,ok,2026-04-30T13:35:28Z
WAW-ALC,WAW,ALC,2026-06,return,2,2026-06-02,309,ok,2026-04-30T13:35:28Z
WAW-ALC,WAW,ALC,2026-06,return,3,2026-06-03,359,ok,2026-04-30T13:35:28Z
WAW-ALC,WAW,ALC,2026-06,return,4,2026-06-04,249,ok,2026-04-30T13:35:28Z
WAW-ALC,WAW,ALC,2026-06,return,5,2026-06-05,309,ok,2026-04-30T13:35:28Z
WAW-ALC,WAW,ALC,2026-06,return,6,2026-06-06,509,ok,2026-04-30T13:35:28Z
WAW-ALC,WAW,ALC,2026-06,return,7,2026-06-07,959,ok,2026-04-30T13:35:28Z
WAW-ALC,WAW,ALC,2026-06,return,8,2026-06-08,719,ok,2026-04-30T13:35:28Z
WAW-ALC,WAW,ALC,2026-06,return,9,2026-06-09,399,ok,2026-04-30T13:35:28Z
WAW-ALC,WAW,ALC,2026-06,return,10,2026-06-10,449,ok,2026-04-30T13:35:28Z
WAW-ALC,WAW,ALC,2026-06,return,11,2026-06-11,219,ok,2026-04-30T13:35:28Z
WAW-ALC,WAW,ALC,2026-06,return,12,2026-06-12,669,ok,2026-04-30T13:35:28Z
WAW-ALC,WAW,ALC,2026-06,return,13,2026-06-13,289,ok,2026-04-30T13:35:28Z
WAW-ALC,WAW,ALC,2026-06,return,14,2026-06-14,289,ok,2026-04-30T13:35:28Z
WAW-ALC,WAW,ALC,2026-06,return,15,2026-06-15,719,ok,2026-04-30T13:35:28Z
WAW-ALC,WAW,ALC,2026-06,return,16,2026-06-16,309,ok,2026-04-30T13:35:28Z
WAW-ALC,WAW,ALC,2026-06,return,17,2026-06-17,249,ok,2026-04-30T13:35:28Z
WAW-ALC,WAW,ALC,2026-06,return,18,2026-06-18,249,ok,2026-04-30T13:35:28Z
WAW-ALC,WAW,ALC,2026-06,return,19,2026-06-19,449,ok,2026-04-30T13:35:28Z
WAW-ALC,WAW,ALC,2026-06,return,20,2026-06-20,269,ok,2026-04-30T13:35:28Z
WAW-ALC,WAW,ALC,2026-06,return,21,2026-06-21,309,ok,2026-04-30T13:35:28Z
WAW-ALC,WAW,ALC,2026-06,return,22,2026-06-22,509,ok,2026-04-30T13:35:28Z
WAW-ALC,WAW,ALC,2026-06,return,23,2026-06-23,309,ok,2026-04-30T13:35:28Z
WAW-ALC,WAW,ALC,2026-06,return,24,2026-06-24,249,ok,2026-04-30T13:35:28Z
WAW-ALC,WAW,ALC,2026-06,return,25,2026-06-25,249,ok,2026-04-30T13:35:28Z
WAW-ALC,WAW,ALC,2026-06,return,26,2026-06-26,289,ok,2026-04-30T13:35:28Z
WAW-ALC,WAW,ALC,2026-06,return,27,2026-06-27,399,ok,2026-04-30T13:35:28Z
WAW-ALC,WAW,ALC,2026-06,return,28,2026-06-28,449,ok,2026-04-30T13:35:28Z
WAW-ALC,WAW,ALC,2026-06,return,29,2026-06-29,449,ok,2026-04-30T13:35:28Z
WAW-ALC,WAW,ALC,2026-06,return,30,2026-06-30,309,ok,2026-04-30T13:35:28Z
WAW-ALC,WAW,ALC,2026-07,outbound,1,2026-07-01,269,ok,2026-04-30T13:35:28Z
WAW-ALC,WAW,ALC,2026-07,outbound,2,2026-07-02,249,ok,2026-04-30T13:35:28Z
WAW-ALC,WAW,ALC,2026-07,outbound,3,2026-07-03,289,ok,2026-04-30T13:35:28Z
WAW-ALC,WAW,ALC,2026-07,outbound,4,2026-07-04,359,ok,2026-04-30T13:35:28Z
WAW-ALC,WAW,ALC,2026-07,outbound,5,2026-07-05,359,ok,2026-04-30T13:35:28Z
WAW-ALC,WAW,ALC,2026-07,outbound,6,2026-07-06,309,ok,2026-04-30T13:35:28Z
WAW-ALC,WAW,ALC,2026-07,outbound,7,2026-07-07,359,ok,2026-04-30T13:35:28Z
WAW-ALC,WAW,ALC,2026-07,outbound,8,2026-07-08,399,ok,2026-04-30T13:35:28Z
WAW-ALC,WAW,ALC,2026-07,outbound,9,2026-07-09,289,ok,2026-04-30T13:35:28Z
WAW-ALC,WAW,ALC,2026-07,outbound,10,2026-07-10,399,ok,2026-04-30T13:35:28Z
WAW-ALC,WAW,ALC,2026-07,outbound,11,2026-07-11,309,ok,2026-04-30T13:35:28Z
WAW-ALC,WAW,ALC,2026-07,outbound,12,2026-07-12,359,ok,2026-04-30T13:35:28Z
WAW-ALC,WAW,ALC,2026-07,outbound,13,2026-07-13,309,ok,2026-04-30T13:35:28Z
WAW-ALC,WAW,ALC,2026-07,outbound,14,2026-07-14,359,ok,2026-04-30T13:35:28Z
WAW-ALC,WAW,ALC,2026-07,outbound,15,2026-07-15,509,ok,2026-04-30T13:35:28Z
WAW-ALC,WAW,ALC,2026-07,outbound,16,2026-07-16,359,ok,2026-04-30T13:35:28Z
WAW-ALC,WAW,ALC,2026-07,outbound,17,2026-07-17,559,ok,2026-04-30T13:35:28Z
WAW-ALC,WAW,ALC,2026-07,outbound,18,2026-07-18,509,ok,2026-04-30T13:35:28Z
WAW-ALC,WAW,ALC,2026-07,outbound,19,2026-07-19,559,ok,2026-04-30T13:35:28Z
WAW-ALC,WAW,ALC,2026-07,outbound,20,2026-07-20,399,ok,2026-04-30T13:35:28Z
WAW-ALC,WAW,ALC,2026-07,outbound,21,2026-07-21,309,ok,2026-04-30T13:35:28Z
WAW-ALC,WAW,ALC,2026-07,outbound,22,2026-07-22,399,ok,2026-04-30T13:35:28Z
WAW-ALC,WAW,ALC,2026-07,outbound,23,2026-07-23,359,ok,2026-04-30T13:35:28Z
WAW-ALC,WAW,ALC,2026-07,outbound,24,2026-07-24,809,ok,2026-04-30T13:35:28Z
WAW-ALC,WAW,ALC,2026-07,outbound,25,2026-07-25,399,ok,2026-04-30T13:35:28Z
WAW-ALC,WAW,ALC,2026-07,outbound,26,2026-07-26,559,ok,2026-04-30T13:35:28Z
WAW-ALC,WAW,ALC,2026-07,outbound,27,2026-07-27,509,ok,2026-04-30T13:35:28Z
WAW-ALC,WAW,ALC,2026-07,outbound,28,2026-07-28,359,ok,2026-04-30T13:35:28Z
WAW-ALC,WAW,ALC,2026-07,outbound,29,2026-07-29,359,ok,2026-04-30T13:35:28Z
WAW-ALC,WAW,ALC,2026-07,outbound,30,2026-07-30,359,ok,2026-04-30T13:35:28Z
WAW-ALC,WAW,ALC,2026-07,outbound,31,2026-07-31,509,ok,2026-04-30T13:35:28Z
WAW-ALC,WAW,ALC,2026-07,return,1,2026-07-01,269,ok,2026-04-30T13:35:28Z
WAW-ALC,WAW,ALC,2026-07,return,2,2026-07-02,249,ok,2026-04-30T13:35:28Z
WAW-ALC,WAW,ALC,2026-07,return,3,2026-07-03,289,ok,2026-04-30T13:35:28Z
WAW-ALC,WAW,ALC,2026-07,return,4,2026-07-04,359,ok,2026-04-30T13:35:28Z
WAW-ALC,WAW,ALC,2026-07,return,5,2026-07-05,359,ok,2026-04-30T13:35:28Z
WAW-ALC,WAW,ALC,2026-07,return,6,2026-07-06,309,ok,2026-04-30T13:35:28Z
WAW-ALC,WAW,ALC,2026-07,return,7,2026-07-07,359,ok,2026-04-30T13:35:28Z
WAW-ALC,WAW,ALC,2026-07,return,8,2026-07-08,399,ok,2026-04-30T13:35:28Z
WAW-ALC,WAW,ALC,2026-07,return,9,2026-07-09,289,ok,2026-04-30T13:35:28Z
WAW-ALC,WAW,ALC,2026-07,return,10,2026-07-10,399,ok,2026-04-30T13:35:28Z
WAW-ALC,WAW,ALC,2026-07,return,11,2026-07-11,309,ok,2026-04-30T13:35:28Z
WAW-ALC,WAW,ALC,2026-07,return,12,2026-07-12,359,ok,2026-04-30T13:35:28Z
WAW-ALC,WAW,ALC,2026-07,return,13,2026-07-13,309,ok,2026-04-30T13:35:28Z
WAW-ALC,WAW,ALC,2026-07,return,14,2026-07-14,359,ok,2026-04-30T13:35:28Z
WAW-ALC,WAW,ALC,2026-07,return,15,2026-07-15,509,ok,2026-04-30T13:35:28Z
WAW-ALC,WAW,ALC,2026-07,return,16,2026-07-16,359,ok,2026-04-30T13:35:28Z
WAW-ALC,WAW,ALC,2026-07,return,17,2026-07-17,559,ok,2026-04-30T13:35:28Z
WAW-ALC,WAW,ALC,2026-07,return,18,2026-07-18,509,ok,2026-04-30T13:35:28Z
WAW-ALC,WAW,ALC,2026-07,return,19,2026-07-19,559,ok,2026-04-30T13:35:28Z
WAW-ALC,WAW,ALC,2026-07,return,20,2026-07-20,399,ok,2026-04-30T13:35:28Z
WAW-ALC,WAW,ALC,2026-07,return,21,2026-07-21,309,ok,2026-04-30T13:35:28Z
WAW-ALC,WAW,ALC,2026-07,return,22,2026-07-22,399,ok,2026-04-30T13:35:28Z
WAW-ALC,WAW,ALC,2026-07,return,23,2026-07-23,359,ok,2026-04-30T13:35:28Z
WAW-ALC,WAW,ALC,2026-07,return,24,2026-07-24,809,ok,2026-04-30T13:35:28Z
WAW-ALC,WAW,ALC,2026-07,return,25,2026-07-25,399,ok,2026-04-30T13:35:28Z
WAW-ALC,WAW,ALC,2026-07,return,26,2026-07-26,559,ok,2026-04-30T13:35:28Z
WAW-ALC,WAW,ALC,2026-07,return,27,2026-07-27,509,ok,2026-04-30T13:35:28Z
WAW-ALC,WAW,ALC,2026-07,return,28,2026-07-28,359,ok,2026-04-30T13:35:28Z
WAW-ALC,WAW,ALC,2026-07,return,29,2026-07-29,359,ok,2026-04-30T13:35:28Z
WAW-ALC,WAW,ALC,2026-07,return,30,2026-07-30,359,ok,2026-04-30T13:35:28Z
WAW-ALC,WAW,ALC,2026-07,return,31,2026-07-31,509,ok,2026-04-30T13:35:28Z
WAW-ALC,WAW,ALC,2026-08,outbound,1,2026-08-01,449,ok,2026-04-30T13:35:28Z
WAW-ALC,WAW,ALC,2026-08,outbound,2,2026-08-02,1049,ok,2026-04-30T13:35:28Z
WAW-ALC,WAW,ALC,2026-08,outbound,3,2026-08-03,559,ok,2026-04-30T13:35:28Z
WAW-ALC,WAW,ALC,2026-08,outbound,4,2026-08-04,809,ok,2026-04-30T13:35:28Z
WAW-ALC,WAW,ALC,2026-08,outbound,5,2026-08-05,509,ok,2026-04-30T13:35:28Z
WAW-ALC,WAW,ALC,2026-08,outbound,6,2026-08-06,509,ok,2026-04-30T13:35:28Z
WAW-ALC,WAW,ALC,2026-08,outbound,7,2026-08-07,559,ok,2026-04-30T13:35:28Z
WAW-ALC,WAW,ALC,2026-08,outbound,8,2026-08-08,599,ok,2026-04-30T13:35:28Z
WAW-ALC,WAW,ALC,2026-08,outbound,9,2026-08-09,559,ok,2026-04-30T13:35:28Z
WAW-ALC,WAW,ALC,2026-08,outbound,10,2026-08-10,599,ok,2026-04-30T13:35:28Z
WAW-ALC,WAW,ALC,2026-08,outbound,11,2026-08-11,399,ok,2026-04-30T13:35:28Z
WAW-ALC,WAW,ALC,2026-08,outbound,12,2026-08-12,449,ok,2026-04-30T13:35:28Z
WAW-ALC,WAW,ALC,2026-08,outbound,13,2026-08-13,509,ok,2026-04-30T13:35:28Z
WAW-ALC,WAW,ALC,2026-08,outbound,14,2026-08-14,849,ok,2026-04-30T13:35:28Z
WAW-ALC,WAW,ALC,2026-08,outbound,15,2026-08-15,719,ok,2026-04-30T13:35:28Z
WAW-ALC,WAW,ALC,2026-08,outbound,16,2026-08-16,1049,ok,2026-04-30T13:35:28Z
WAW-ALC,WAW,ALC,2026-08,outbound,17,2026-08-17,809,ok,2026-04-30T13:35:28Z
WAW-ALC,WAW,ALC,2026-08,outbound,18,2026-08-18,509,ok,2026-04-30T13:35:28Z
WAW-ALC,WAW,ALC,2026-08,outbound,19,2026-08-19,449,ok,2026-04-30T13:35:28Z
WAW-ALC,WAW,ALC,2026-08,outbound,20,2026-08-20,509,ok,2026-04-30T13:35:28Z
WAW-ALC,WAW,ALC,2026-08,outbound,21,2026-08-21,599,ok,2026-04-30T13:35:28Z
WAW-ALC,WAW,ALC,2026-08,outbound,22,2026-08-22,559,ok,2026-04-30T13:35:28Z
WAW-ALC,WAW,ALC,2026-08,outbound,23,2026-08-23,809,ok,2026-04-30T13:35:28Z
WAW-ALC,WAW,ALC,2026-08,outbound,24,2026-08-24,559,ok,2026-04-30T13:35:28Z
WAW-ALC,WAW,ALC,2026-08,outbound,25,2026-08-25,449,ok,2026-04-30T13:35:28Z
WAW-ALC,WAW,ALC,2026-08,outbound,26,2026-08-26,809,ok,2026-04-30T13:35:28Z
WAW-ALC,WAW,ALC,2026-08,outbound,27,2026-08-27,509,ok,2026-04-30T13:35:28Z
WAW-ALC,WAW,ALC,2026-08,outbound,28,2026-08-28,809,ok,2026-04-30T13:35:28Z
WAW-ALC,WAW,ALC,2026-08,outbound,29,2026-08-29,669,ok,2026-04-30T13:35:28Z
WAW-ALC,WAW,ALC,2026-08,outbound,30,2026-08-30,669,ok,2026-04-30T13:35:28Z
WAW-ALC,WAW,ALC,2026-08,outbound,31,2026-08-31,849,ok,2026-04-30T13:35:28Z
WAW-ALC,WAW,ALC,2026-08,return,1,2026-08-01,449,ok,2026-04-30T13:35:28Z
WAW-ALC,WAW,ALC,2026-08,return,2,2026-08-02,1049,ok,2026-04-30T13:35:28Z
WAW-ALC,WAW,ALC,2026-08,return,3,2026-08-03,559,ok,2026-04-30T13:35:28Z
WAW-ALC,WAW,ALC,2026-08,return,4,2026-08-04,809,ok,2026-04-30T13:35:28Z
WAW-ALC,WAW,ALC,2026-08,return,5,2026-08-05,509,ok,2026-04-30T13:35:28Z
WAW-ALC,WAW,ALC,2026-08,return,6,2026-08-06,509,ok,2026-04-30T13:35:28Z
WAW-ALC,WAW,ALC,2026-08,return,7,2026-08-07,559,ok,2026-04-30T13:35:28Z
WAW-ALC,WAW,ALC,2026-08,return,8,2026-08-08,599,ok,2026-04-30T13:35:28Z
WAW-ALC,WAW,ALC,2026-08,return,9,2026-08-09,559,ok,2026-04-30T13:35:28Z
WAW-ALC,WAW,ALC,2026-08,return,10,2026-08-10,599,ok,2026-04-30T13:35:28Z
WAW-ALC,WAW,ALC,2026-08,return,11,2026-08-11,399,ok,2026-04-30T13:35:28Z
WAW-ALC,WAW,ALC,2026-08,return,12,2026-08-12,449,ok,2026-04-30T13:35:28Z
WAW-ALC,WAW,ALC,2026-08,return,13,2026-08-13,509,ok,2026-04-30T13:35:28Z
WAW-ALC,WAW,ALC,2026-08,return,14,2026-08-14,849,ok,2026-04-30T13:35:28Z
WAW-ALC,WAW,ALC,2026-08,return,15,2026-08-15,719,ok,2026-04-30T13:35:28Z
WAW-ALC,WAW,ALC,2026-08,return,16,2026-08-16,1049,ok,2026-04-30T13:35:28Z
WAW-ALC,WAW,ALC,2026-08,return,17,2026-08-17,809,ok,2026-04-30T13:35:28Z
WAW-ALC,WAW,ALC,2026-08,return,18,2026-08-18,509,ok,2026-04-30T13:35:28Z
WAW-ALC,WAW,ALC,2026-08,return,19,2026-08-19,449,ok,2026-04-30T13:35:28Z
WAW-ALC,WAW,ALC,2026-08,return,20,2026-08-20,509,ok,2026-04-30T13:35:28Z
WAW-ALC,WAW,ALC,2026-08,return,21,2026-08-21,599,ok,2026-04-30T13:35:28Z
WAW-ALC,WAW,ALC,2026-08,return,22,2026-08-22,559,ok,2026-04-30T13:35:28Z
WAW-ALC,WAW,ALC,2026-08,return,23,2026-08-23,809,ok,2026-04-30T13:35:28Z
WAW-ALC,WAW,ALC,2026-08,return,24,2026-08-24,559,ok,2026-04-30T13:35:28Z
WAW-ALC,WAW,ALC,2026-08,return,25,2026-08-25,449,ok,2026-04-30T13:35:28Z
WAW-ALC,WAW,ALC,2026-08,return,26,2026-08-26,809,ok,2026-04-30T13:35:28Z
WAW-ALC,WAW,ALC,2026-08,return,27,2026-08-27,509,ok,2026-04-30T13:35:28Z
WAW-ALC,WAW,ALC,2026-08,return,28,2026-08-28,809,ok,2026-04-30T13:35:28Z
WAW-ALC,WAW,ALC,2026-08,return,29,2026-08-29,669,ok,2026-04-30T13:35:28Z
WAW-ALC,WAW,ALC,2026-08,return,30,2026-08-30,669,ok,2026-04-30T13:35:28Z
WAW-ALC,WAW,ALC,2026-08,return,31,2026-08-31,849,ok,2026-04-30T13:35:28Z
WAW-TFS,WAW,TFS,2026-05,outbound,1,2026-05-01,959,ok,2026-04-30T13:35:28Z
WAW-TFS,WAW,TFS,2026-05,outbound,3,2026-05-03,849,ok,2026-04-30T13:35:28Z
WAW-TFS,WAW,TFS,2026-05,outbound,4,2026-05-04,489,ok,2026-04-30T13:35:28Z
WAW-TFS,WAW,TFS,2026-05,outbound,6,2026-05-06,579,ok,2026-04-30T13:35:28Z
WAW-TFS,WAW,TFS,2026-05,outbound,8,2026-05-08,849,ok,2026-04-30T13:35:28Z
WAW-TFS,WAW,TFS,2026-05,outbound,10,2026-05-10,809,ok,2026-04-30T13:35:28Z
WAW-TFS,WAW,TFS,2026-05,outbound,11,2026-05-11,959,ok,2026-04-30T13:35:28Z
WAW-TFS,WAW,TFS,2026-05,outbound,13,2026-05-13,579,ok,2026-04-30T13:35:28Z
WAW-TFS,WAW,TFS,2026-05,outbound,15,2026-05-15,809,ok,2026-04-30T13:35:28Z
WAW-TFS,WAW,TFS,2026-05,outbound,17,2026-05-17,489,ok,2026-04-30T13:35:28Z
WAW-TFS,WAW,TFS,2026-05,outbound,18,2026-05-18,649,ok,2026-04-30T13:35:28Z
WAW-TFS,WAW,TFS,2026-05,outbound,20,2026-05-20,649,ok,2026-04-30T13:35:28Z
WAW-TFS,WAW,TFS,2026-05,outbound,22,2026-05-22,579,ok,2026-04-30T13:35:28Z
WAW-TFS,WAW,TFS,2026-05,outbound,24,2026-05-24,579,ok,2026-04-30T13:35:28Z
WAW-TFS,WAW,TFS,2026-05,outbound,25,2026-05-25,449,ok,2026-04-30T13:35:28Z
WAW-TFS,WAW,TFS,2026-05,outbound,27,2026-05-27,579,ok,2026-04-30T13:35:28Z
WAW-TFS,WAW,TFS,2026-05,outbound,29,2026-05-29,539,ok,2026-04-30T13:35:28Z
WAW-TFS,WAW,TFS,2026-05,outbound,31,2026-05-31,489,ok,2026-04-30T13:35:28Z
WAW-TFS,WAW,TFS,2026-05,return,1,2026-05-01,959,ok,2026-04-30T13:35:28Z
WAW-TFS,WAW,TFS,2026-05,return,3,2026-05-03,849,ok,2026-04-30T13:35:28Z
WAW-TFS,WAW,TFS,2026-05,return,4,2026-05-04,489,ok,2026-04-30T13:35:28Z
WAW-TFS,WAW,TFS,2026-05,return,6,2026-05-06,579,ok,2026-04-30T13:35:28Z
WAW-TFS,WAW,TFS,2026-05,return,8,2026-05-08,849,ok,2026-04-30T13:35:28Z
WAW-TFS,WAW,TFS,2026-05,return,10,2026-05-10,809,ok,2026-04-30T13:35:28Z
WAW-TFS,WAW,TFS,2026-05,return,11,2026-05-11,959,ok,2026-04-30T13:35:28Z
WAW-TFS,WAW,TFS,2026-05,return,13,2026-05-13,579,ok,2026-04-30T13:35:28Z
WAW-TFS,WAW,TFS,2026-05,return,15,2026-05-15,809,ok,2026-04-30T13:35:28Z
WAW-TFS,WAW,TFS,2026-05,return,17,2026-05-17,489,ok,2026-04-30T13:35:28Z
WAW-TFS,WAW,TFS,2026-05,return,18,2026-05-18,649,ok,2026-04-30T13:35:28Z
WAW-TFS,WAW,TFS,2026-05,return,20,2026-05-20,649,ok,2026-04-30T13:35:28Z
WAW-TFS,WAW,TFS,2026-05,return,22,2026-05-22,579,ok,2026-04-30T13:35:28Z
WAW-TFS,WAW,TFS,2026-05,return,24,2026-05-24,579,ok,2026-04-30T13:35:28Z
WAW-TFS,WAW,TFS,2026-05,return,25,2026-05-25,449,ok,2026-04-30T13:35:28Z
WAW-TFS,WAW,TFS,2026-05,return,27,2026-05-27,579,ok,2026-04-30T13:35:28Z
WAW-TFS,WAW,TFS,2026-05,return,29,2026-05-29,539,ok,2026-04-30T13:35:28Z
WAW-TFS,WAW,TFS,2026-05,return,31,2026-05-31,489,ok,2026-04-30T13:35:28Z
WAW-TFS,WAW,TFS,2026-06,outbound,1,2026-06-01,809,ok,2026-04-30T13:35:28Z
WAW-TFS,WAW,TFS,2026-06,outbound,3,2026-06-03,719,ok,2026-04-30T13:35:28Z
WAW-TFS,WAW,TFS,2026-06,outbound,5,2026-06-05,809,ok,2026-04-30T13:35:28Z
WAW-TFS,WAW,TFS,2026-06,outbound,8,2026-06-08,1409,ok,2026-04-30T13:35:28Z
WAW-TFS,WAW,TFS,2026-06,outbound,10,2026-06-10,1139,ok,2026-04-30T13:35:28Z
WAW-TFS,WAW,TFS,2026-06,outbound,12,2026-06-12,1249,ok,2026-04-30T13:35:28Z
WAW-TFS,WAW,TFS,2026-06,outbound,15,2026-06-15,1249,ok,2026-04-30T13:35:28Z
WAW-TFS,WAW,TFS,2026-06,outbound,17,2026-06-17,539,ok,2026-04-30T13:35:28Z
WAW-TFS,WAW,TFS,2026-06,outbound,19,2026-06-19,849,ok,2026-04-30T13:35:28Z
WAW-TFS,WAW,TFS,2026-06,outbound,22,2026-06-22,489,ok,2026-04-30T13:35:28Z
WAW-TFS,WAW,TFS,2026-06,outbound,24,2026-06-24,719,ok,2026-04-30T13:35:28Z
WAW-TFS,WAW,TFS,2026-06,outbound,26,2026-06-26,849,ok,2026-04-30T13:35:28Z
WAW-TFS,WAW,TFS,2026-06,outbound,29,2026-06-29,719,ok,2026-04-30T13:35:28Z
WAW-TFS,WAW,TFS,2026-06,return,1,2026-06-01,809,ok,2026-04-30T13:35:28Z
WAW-TFS,WAW,TFS,2026-06,return,3,2026-06-03,719,ok,2026-04-30T13:35:28Z
WAW-TFS,WAW,TFS,2026-06,return,5,2026-06-05,809,ok,2026-04-30T13:35:28Z
WAW-TFS,WAW,TFS,2026-06,return,8,2026-06-08,1409,ok,2026-04-30T13:35:28Z
WAW-TFS,WAW,TFS,2026-06,return,10,2026-06-10,1139,ok,2026-04-30T13:35:28Z
WAW-TFS,WAW,TFS,2026-06,return,12,2026-06-12,1249,ok,2026-04-30T13:35:28Z
WAW-TFS,WAW,TFS,2026-06,return,15,2026-06-15,1249,ok,2026-04-30T13:35:28Z
WAW-TFS,WAW,TFS,2026-06,return,17,2026-06-17,539,ok,2026-04-30T13:35:28Z
WAW-TFS,WAW,TFS,2026-06,return,19,2026-06-19,849,ok,2026-04-30T13:35:28Z
WAW-TFS,WAW,TFS,2026-06,return,22,2026-06-22,489,ok,2026-04-30T13:35:28Z
WAW-TFS,WAW,TFS,2026-06,return,24,2026-06-24,719,ok,2026-04-30T13:35:28Z
WAW-TFS,WAW,TFS,2026-06,return,26,2026-06-26,849,ok,2026-04-30T13:35:28Z
WAW-TFS,WAW,TFS,2026-06,return,29,2026-06-29,719,ok,2026-04-30T13:35:28Z
WAW-TFS,WAW,TFS,2026-07,outbound,1,2026-07-01,809,ok,2026-04-30T13:35:28Z
WAW-TFS,WAW,TFS,2026-07,outbound,3,2026-07-03,1139,ok,2026-04-30T13:35:28Z
WAW-TFS,WAW,TFS,2026-07,outbound,6,2026-07-06,809,ok,2026-04-30T13:35:28Z
WAW-TFS,WAW,TFS,2026-07,outbound,8,2026-07-08,1409,ok,2026-04-30T13:35:28Z
WAW-TFS,WAW,TFS,2026-07,outbound,10,2026-07-10,1249,ok,2026-04-30T13:35:28Z
WAW-TFS,WAW,TFS,2026-07,outbound,13,2026-07-13,1029,ok,2026-04-30T13:35:28Z
WAW-TFS,WAW,TFS,2026-07,outbound,15,2026-07-15,1139,ok,2026-04-30T13:35:28Z
WAW-TFS,WAW,TFS,2026-07,outbound,17,2026-07-17,1249,ok,2026-04-30T13:35:28Z
WAW-TFS,WAW,TFS,2026-07,outbound,20,2026-07-20,959,ok,2026-04-30T13:35:28Z
WAW-TFS,WAW,TFS,2026-07,outbound,22,2026-07-22,1679,ok,2026-04-30T13:35:28Z
WAW-TFS,WAW,TFS,2026-07,outbound,24,2026-07-24,1139,ok,2026-04-30T13:35:28Z
WAW-TFS,WAW,TFS,2026-07,outbound,27,2026-07-27,1139,ok,2026-04-30T13:35:28Z
WAW-TFS,WAW,TFS,2026-07,outbound,29,2026-07-29,959,ok,2026-04-30T13:35:28Z
WAW-TFS,WAW,TFS,2026-07,outbound,31,2026-07-31,1519,ok,2026-04-30T13:35:28Z
WAW-TFS,WAW,TFS,2026-07,return,1,2026-07-01,809,ok,2026-04-30T13:35:28Z
WAW-TFS,WAW,TFS,2026-07,return,3,2026-07-03,1139,ok,2026-04-30T13:35:28Z
WAW-TFS,WAW,TFS,2026-07,return,6,2026-07-06,809,ok,2026-04-30T13:35:28Z
WAW-TFS,WAW,TFS,2026-07,return,8,2026-07-08,1409,ok,2026-04-30T13:35:28Z
WAW-TFS,WAW,TFS,2026-07,return,10,2026-07-10,1249,ok,2026-04-30T13:35:28Z
WAW-TFS,WAW,TFS,2026-07,return,13,2026-07-13,1029,ok,2026-04-30T13:35:28Z
WAW-TFS,WAW,TFS,2026-07,return,15,2026-07-15,1139,ok,2026-04-30T13:35:28Z
WAW-TFS,WAW,TFS,2026-07,return,17,2026-07-17,1249,ok,2026-04-30T13:35:28Z
WAW-TFS,WAW,TFS,2026-07,return,20,2026-07-20,959,ok,2026-04-30T13:35:28Z
WAW-TFS,WAW,TFS,2026-07,return,22,2026-07-22,1679,ok,2026-04-30T13:35:28Z
WAW-TFS,WAW,TFS,2026-07,return,24,2026-07-24,1139,ok,2026-04-30T13:35:28Z
WAW-TFS,WAW,TFS,2026-07,return,27,2026-07-27,1139,ok,2026-04-30T13:35:28Z
WAW-TFS,WAW,TFS,2026-07,return,29,2026-07-29,959,ok,2026-04-30T13:35:28Z
WAW-TFS,WAW,TFS,2026-07,return,31,2026-07-31,1519,ok,2026-04-30T13:35:28Z
WAW-TFS,WAW,TFS,2026-08,outbound,3,2026-08-03,1519,ok,2026-04-30T13:35:28Z
WAW-TFS,WAW,TFS,2026-08,outbound,5,2026-08-05,1409,ok,2026-04-30T13:35:28Z
WAW-TFS,WAW,TFS,2026-08,outbound,7,2026-08-07,1249,ok,2026-04-30T13:35:28Z
WAW-TFS,WAW,TFS,2026-08,outbound,10,2026-08-10,1519,ok,2026-04-30T13:35:28Z
WAW-TFS,WAW,TFS,2026-08,outbound,12,2026-08-12,1139,ok,2026-04-30T13:35:28Z
WAW-TFS,WAW,TFS,2026-08,outbound,14,2026-08-14,1249,ok,2026-04-30T13:35:28Z
WAW-TFS,WAW,TFS,2026-08,outbound,17,2026-08-17,1519,ok,2026-04-30T13:35:28Z
WAW-TFS,WAW,TFS,2026-08,outbound,19,2026-08-19,2019,ok,2026-04-30T13:35:28Z
WAW-TFS,WAW,TFS,2026-08,outbound,21,2026-08-21,2019,ok,2026-04-30T13:35:28Z
WAW-TFS,WAW,TFS,2026-08,outbound,24,2026-08-24,1679,ok,2026-04-30T13:35:28Z
WAW-TFS,WAW,TFS,2026-08,outbound,26,2026-08-26,1679,ok,2026-04-30T13:35:28Z
WAW-TFS,WAW,TFS,2026-08,outbound,28,2026-08-28,2019,ok,2026-04-30T13:35:28Z
WAW-TFS,WAW,TFS,2026-08,outbound,31,2026-08-31,1789,ok,2026-04-30T13:35:28Z
WAW-TFS,WAW,TFS,2026-08,return,3,2026-08-03,1519,ok,2026-04-30T13:35:28Z
WAW-TFS,WAW,TFS,2026-08,return,5,2026-08-05,1409,ok,2026-04-30T13:35:28Z
WAW-TFS,WAW,TFS,2026-08,return,7,2026-08-07,1249,ok,2026-04-30T13:35:28Z
WAW-TFS,WAW,TFS,2026-08,return,10,2026-08-10,1519,ok,2026-04-30T13:35:28Z
WAW-TFS,WAW,TFS,2026-08,return,12,2026-08-12,1139,ok,2026-04-30T13:35:28Z
WAW-TFS,WAW,TFS,2026-08,return,14,2026-08-14,1249,ok,2026-04-30T13:35:28Z
WAW-TFS,WAW,TFS,2026-08,return,17,2026-08-17,1519,ok,2026-04-30T13:35:28Z
WAW-TFS,WAW,TFS,2026-08,return,19,2026-08-19,2019,ok,2026-04-30T13:35:28Z
WAW-TFS,WAW,TFS,2026-08,return,21,2026-08-21,2019,ok,2026-04-30T13:35:28Z
WAW-TFS,WAW,TFS,2026-08,return,24,2026-08-24,1679,ok,2026-04-30T13:35:28Z
WAW-TFS,WAW,TFS,2026-08,return,26,2026-08-26,1679,ok,2026-04-30T13:35:28Z
WAW-TFS,WAW,TFS,2026-08,return,28,2026-08-28,2019,ok,2026-04-30T13:35:28Z
WAW-TFS,WAW,TFS,2026-08,return,31,2026-08-31,1789,ok,2026-04-30T13:35:28Z
WAW-SVQ,WAW,SVQ,2026-05,outbound,1,2026-05-01,599,ok,2026-04-30T13:35:28Z
WAW-SVQ,WAW,SVQ,2026-05,outbound,4,2026-05-04,669,ok,2026-04-30T13:35:28Z
WAW-SVQ,WAW,SVQ,2026-05,outbound,6,2026-05-06,209,ok,2026-04-30T13:35:28Z
WAW-SVQ,WAW,SVQ,2026-05,outbound,8,2026-05-08,289,ok,2026-04-30T13:35:28Z
WAW-SVQ,WAW,SVQ,2026-05,outbound,11,2026-05-11,399,ok,2026-04-30T13:35:28Z
WAW-SVQ,WAW,SVQ,2026-05,outbound,13,2026-05-13,289,ok,2026-04-30T13:35:28Z
WAW-SVQ,WAW,SVQ,2026-05,outbound,15,2026-05-15,289,ok,2026-04-30T13:35:28Z
WAW-SVQ,WAW,SVQ,2026-05,outbound,18,2026-05-18,179,ok,2026-04-30T13:35:28Z
WAW-SVQ,WAW,SVQ,2026-05,outbound,20,2026-05-20,159,ok,2026-04-30T13:35:28Z
WAW-SVQ,WAW,SVQ,2026-05,outbound,22,2026-05-22,249,ok,2026-04-30T13:35:28Z
WAW-SVQ,WAW,SVQ,2026-05,outbound,25,2026-05-25,249,ok,2026-04-30T13:35:28Z
WAW-SVQ,WAW,SVQ,2026-05,outbound,27,2026-05-27,159,ok,2026-04-30T13:35:28Z
WAW-SVQ,WAW,SVQ,2026-05,outbound,29,2026-05-29,399,ok,2026-04-30T13:35:28Z
WAW-SVQ,WAW,SVQ,2026-05,return,1,2026-05-01,599,ok,2026-04-30T13:35:28Z
WAW-SVQ,WAW,SVQ,2026-05,return,4,2026-05-04,669,ok,2026-04-30T13:35:28Z
WAW-SVQ,WAW,SVQ,2026-05,return,6,2026-05-06,209,ok,2026-04-30T13:35:28Z
WAW-SVQ,WAW,SVQ,2026-05,return,8,2026-05-08,289,ok,2026-04-30T13:35:28Z
WAW-SVQ,WAW,SVQ,2026-05,return,11,2026-05-11,399,ok,2026-04-30T13:35:28Z
WAW-SVQ,WAW,SVQ,2026-05,return,13,2026-05-13,289,ok,2026-04-30T13:35:28Z
WAW-SVQ,WAW,SVQ,2026-05,return,15,2026-05-15,289,ok,2026-04-30T13:35:28Z
WAW-SVQ,WAW,SVQ,2026-05,return,18,2026-05-18,179,ok,2026-04-30T13:35:28Z
WAW-SVQ,WAW,SVQ,2026-05,return,20,2026-05-20,159,ok,2026-04-30T13:35:28Z
WAW-SVQ,WAW,SVQ,2026-05,return,22,2026-05-22,249,ok,2026-04-30T13:35:28Z
WAW-SVQ,WAW,SVQ,2026-05,return,25,2026-05-25,249,ok,2026-04-30T13:35:28Z
WAW-SVQ,WAW,SVQ,2026-05,return,27,2026-05-27,159,ok,2026-04-30T13:35:28Z
WAW-SVQ,WAW,SVQ,2026-05,return,29,2026-05-29,399,ok,2026-04-30T13:35:28Z
WAW-SVQ,WAW,SVQ,2026-06,outbound,1,2026-06-01,209,ok,2026-04-30T13:35:28Z
WAW-SVQ,WAW,SVQ,2026-06,outbound,3,2026-06-03,309,ok,2026-04-30T13:35:28Z
WAW-SVQ,WAW,SVQ,2026-06,outbound,5,2026-06-05,309,ok,2026-04-30T13:35:28Z
WAW-SVQ,WAW,SVQ,2026-06,outbound,8,2026-06-08,449,ok,2026-04-30T13:35:28Z
WAW-SVQ,WAW,SVQ,2026-06,outbound,10,2026-06-10,159,ok,2026-04-30T13:35:28Z
WAW-SVQ,WAW,SVQ,2026-06,outbound,12,2026-06-12,309,ok,2026-04-30T13:35:28Z
WAW-SVQ,WAW,SVQ,2026-06,outbound,15,2026-06-15,289,ok,2026-04-30T13:35:28Z
WAW-SVQ,WAW,SVQ,2026-06,outbound,17,2026-06-17,179,ok,2026-04-30T13:35:28Z
WAW-SVQ,WAW,SVQ,2026-06,outbound,19,2026-06-19,249,ok,2026-04-30T13:35:28Z
WAW-SVQ,WAW,SVQ,2026-06,outbound,22,2026-06-22,179,ok,2026-04-30T13:35:28Z
WAW-SVQ,WAW,SVQ,2026-06,outbound,24,2026-06-24,159,ok,2026-04-30T13:35:28Z
WAW-SVQ,WAW,SVQ,2026-06,outbound,26,2026-06-26,269,ok,2026-04-30T13:35:28Z
WAW-SVQ,WAW,SVQ,2026-06,outbound,29,2026-06-29,249,ok,2026-04-30T13:35:28Z
WAW-SVQ,WAW,SVQ,2026-06,return,1,2026-06-01,209,ok,2026-04-30T13:35:28Z
WAW-SVQ,WAW,SVQ,2026-06,return,3,2026-06-03,309,ok,2026-04-30T13:35:28Z
WAW-SVQ,WAW,SVQ,2026-06,return,5,2026-06-05,309,ok,2026-04-30T13:35:28Z
WAW-SVQ,WAW,SVQ,2026-06,return,8,2026-06-08,449,ok,2026-04-30T13:35:28Z
WAW-SVQ,WAW,SVQ,2026-06,return,10,2026-06-10,159,ok,2026-04-30T13:35:28Z
WAW-SVQ,WAW,SVQ,2026-06,return,12,2026-06-12,309,ok,2026-04-30T13:35:28Z
WAW-SVQ,WAW,SVQ,2026-06,return,15,2026-06-15,289,ok,2026-04-30T13:35:28Z
WAW-SVQ,WAW,SVQ,2026-06,return,17,2026-06-17,179,ok,2026-04-30T13:35:28Z
WAW-SVQ,WAW,SVQ,2026-06,return,19,2026-06-19,249,ok,2026-04-30T13:35:28Z
WAW-SVQ,WAW,SVQ,2026-06,return,22,2026-06-22,179,ok,2026-04-30T13:35:28Z
WAW-SVQ,WAW,SVQ,2026-06,return,24,2026-06-24,159,ok,2026-04-30T13:35:28Z
WAW-SVQ,WAW,SVQ,2026-06,return,26,2026-06-26,269,ok,2026-04-30T13:35:28Z
WAW-SVQ,WAW,SVQ,2026-06,return,29,2026-06-29,249,ok,2026-04-30T13:35:28Z
WAW-SVQ,WAW,SVQ,2026-07,outbound,1,2026-07-01,249,ok,2026-04-30T13:35:28Z
WAW-SVQ,WAW,SVQ,2026-07,outbound,3,2026-07-03,159,ok,2026-04-30T13:35:28Z
WAW-SVQ,WAW,SVQ,2026-07,outbound,6,2026-07-06,249,ok,2026-04-30T13:35:28Z
WAW-SVQ,WAW,SVQ,2026-07,outbound,8,2026-07-08,249,ok,2026-04-30T13:35:28Z
WAW-SVQ,WAW,SVQ,2026-07,outbound,10,2026-07-10,159,ok,2026-04-30T13:35:28Z
WAW-SVQ,WAW,SVQ,2026-07,outbound,13,2026-07-13,599,ok,2026-04-30T13:35:28Z
WAW-SVQ,WAW,SVQ,2026-07,outbound,15,2026-07-15,219,ok,2026-04-30T13:35:28Z
WAW-SVQ,WAW,SVQ,2026-07,outbound,17,2026-07-17,249,ok,2026-04-30T13:35:28Z
WAW-SVQ,WAW,SVQ,2026-07,outbound,20,2026-07-20,599,ok,2026-04-30T13:35:28Z
WAW-SVQ,WAW,SVQ,2026-07,outbound,22,2026-07-22,269,ok,2026-04-30T13:35:28Z
WAW-SVQ,WAW,SVQ,2026-07,outbound,24,2026-07-24,219,ok,2026-04-30T13:35:28Z
WAW-SVQ,WAW,SVQ,2026-07,outbound,27,2026-07-27,939,ok,2026-04-30T13:35:28Z
WAW-SVQ,WAW,SVQ,2026-07,outbound,29,2026-07-29,159,ok,2026-04-30T13:35:28Z
WAW-SVQ,WAW,SVQ,2026-07,outbound,31,2026-07-31,599,ok,2026-04-30T13:35:28Z
WAW-SVQ,WAW,SVQ,2026-07,return,1,2026-07-01,249,ok,2026-04-30T13:35:28Z
WAW-SVQ,WAW,SVQ,2026-07,return,3,2026-07-03,159,ok,2026-04-30T13:35:28Z
WAW-SVQ,WAW,SVQ,2026-07,return,6,2026-07-06,249,ok,2026-04-30T13:35:28Z
WAW-SVQ,WAW,SVQ,2026-07,return,8,2026-07-08,249,ok,2026-04-30T13:35:28Z
WAW-SVQ,WAW,SVQ,2026-07,return,10,2026-07-10,159,ok,2026-04-30T13:35:28Z
WAW-SVQ,WAW,SVQ,2026-07,return,13,2026-07-13,599,ok,2026-04-30T13:35:28Z
WAW-SVQ,WAW,SVQ,2026-07,return,15,2026-07-15,219,ok,2026-04-30T13:35:28Z
WAW-SVQ,WAW,SVQ,2026-07,return,17,2026-07-17,249,ok,2026-04-30T13:35:28Z
WAW-SVQ,WAW,SVQ,2026-07,return,20,2026-07-20,599,ok,2026-04-30T13:35:28Z
WAW-SVQ,WAW,SVQ,2026-07,return,22,2026-07-22,269,ok,2026-04-30T13:35:28Z
WAW-SVQ,WAW,SVQ,2026-07,return,24,2026-07-24,219,ok,2026-04-30T13:35:28Z
WAW-SVQ,WAW,SVQ,2026-07,return,27,2026-07-27,939,ok,2026-04-30T13:35:28Z
WAW-SVQ,WAW,SVQ,2026-07,return,29,2026-07-29,159,ok,2026-04-30T13:35:28Z
WAW-SVQ,WAW,SVQ,2026-07,return,31,2026-07-31,599,ok,2026-04-30T13:35:28Z
WAW-SVQ,WAW,SVQ,2026-08,outbound,3,2026-08-03,449,ok,2026-04-30T13:35:28Z
WAW-SVQ,WAW,SVQ,2026-08,outbound,5,2026-08-05,399,ok,2026-04-30T13:35:28Z
WAW-SVQ,WAW,SVQ,2026-08,outbound,7,2026-08-07,1189,ok,2026-04-30T13:35:28Z
WAW-SVQ,WAW,SVQ,2026-08,outbound,10,2026-08-10,1009,ok,2026-04-30T13:35:28Z
WAW-SVQ,WAW,SVQ,2026-08,outbound,12,2026-08-12,509,ok,2026-04-30T13:35:28Z
WAW-SVQ,WAW,SVQ,2026-08,outbound,14,2026-08-14,849,ok,2026-04-30T13:35:28Z
WAW-SVQ,WAW,SVQ,2026-08,outbound,17,2026-08-17,719,ok,2026-04-30T13:35:28Z
WAW-SVQ,WAW,SVQ,2026-08,outbound,19,2026-08-19,399,ok,2026-04-30T13:35:28Z
WAW-SVQ,WAW,SVQ,2026-08,outbound,21,2026-08-21,719,ok,2026-04-30T13:35:28Z
WAW-SVQ,WAW,SVQ,2026-08,outbound,24,2026-08-24,669,ok,2026-04-30T13:35:28Z
WAW-SVQ,WAW,SVQ,2026-08,outbound,26,2026-08-26,399,ok,2026-04-30T13:35:28Z
WAW-SVQ,WAW,SVQ,2026-08,outbound,28,2026-08-28,1189,ok,2026-04-30T13:35:28Z
WAW-SVQ,WAW,SVQ,2026-08,outbound,31,2026-08-31,719,ok,2026-04-30T13:35:28Z
WAW-SVQ,WAW,SVQ,2026-08,return,3,2026-08-03,449,ok,2026-04-30T13:35:28Z
WAW-SVQ,WAW,SVQ,2026-08,return,5,2026-08-05,399,ok,2026-04-30T13:35:28Z
WAW-SVQ,WAW,SVQ,2026-08,return,7,2026-08-07,1189,ok,2026-04-30T13:35:28Z
WAW-SVQ,WAW,SVQ,2026-08,return,10,2026-08-10,1009,ok,2026-04-30T13:35:28Z
WAW-SVQ,WAW,SVQ,2026-08,return,12,2026-08-12,509,ok,2026-04-30T13:35:28Z
WAW-SVQ,WAW,SVQ,2026-08,return,14,2026-08-14,849,ok,2026-04-30T13:35:28Z
WAW-SVQ,WAW,SVQ,2026-08,return,17,2026-08-17,719,ok,2026-04-30T13:35:28Z
WAW-SVQ,WAW,SVQ,2026-08,return,19,2026-08-19,399,ok,2026-04-30T13:35:28Z
WAW-SVQ,WAW,SVQ,2026-08,return,21,2026-08-21,719,ok,2026-04-30T13:35:28Z
WAW-SVQ,WAW,SVQ,2026-08,return,24,2026-08-24,669,ok,2026-04-30T13:35:28Z
WAW-SVQ,WAW,SVQ,2026-08,return,26,2026-08-26,399,ok,2026-04-30T13:35:28Z
WAW-SVQ,WAW,SVQ,2026-08,return,28,2026-08-28,1189,ok,2026-04-30T13:35:28Z
WAW-SVQ,WAW,SVQ,2026-08,return,31,2026-08-31,719,ok,2026-04-30T13:35:28Z
WAW-VLC,WAW,VLC,2026-05,outbound,1,2026-05-01,399,ok,2026-04-30T13:35:28Z
WAW-VLC,WAW,VLC,2026-05,outbound,3,2026-05-03,449,ok,2026-04-30T13:35:28Z
WAW-VLC,WAW,VLC,2026-05,outbound,4,2026-05-04,359,ok,2026-04-30T13:35:28Z
WAW-VLC,WAW,VLC,2026-05,outbound,6,2026-05-06,599,ok,2026-04-30T13:35:28Z
WAW-VLC,WAW,VLC,2026-05,outbound,8,2026-05-08,559,ok,2026-04-30T13:35:28Z
WAW-VLC,WAW,VLC,2026-05,outbound,11,2026-05-11,599,ok,2026-04-30T13:35:28Z
WAW-VLC,WAW,VLC,2026-05,outbound,13,2026-05-13,309,ok,2026-04-30T13:35:28Z
WAW-VLC,WAW,VLC,2026-05,outbound,15,2026-05-15,269,ok,2026-04-30T13:35:28Z
WAW-VLC,WAW,VLC,2026-05,outbound,17,2026-05-17,289,ok,2026-04-30T13:35:28Z
WAW-VLC,WAW,VLC,2026-05,outbound,18,2026-05-18,399,ok,2026-04-30T13:35:28Z
WAW-VLC,WAW,VLC,2026-05,outbound,20,2026-05-20,249,ok,2026-04-30T13:35:28Z
WAW-VLC,WAW,VLC,2026-05,outbound,21,2026-05-21,179,ok,2026-04-30T13:35:28Z
WAW-VLC,WAW,VLC,2026-05,outbound,22,2026-05-22,249,ok,2026-04-30T13:35:28Z
WAW-VLC,WAW,VLC,2026-05,outbound,24,2026-05-24,509,ok,2026-04-30T13:35:28Z
WAW-VLC,WAW,VLC,2026-05,outbound,25,2026-05-25,509,ok,2026-04-30T13:35:28Z
WAW-VLC,WAW,VLC,2026-05,outbound,27,2026-05-27,249,ok,2026-04-30T13:35:28Z
WAW-VLC,WAW,VLC,2026-05,outbound,28,2026-05-28,249,ok,2026-04-30T13:35:28Z
WAW-VLC,WAW,VLC,2026-05,outbound,29,2026-05-29,289,ok,2026-04-30T13:35:28Z
WAW-VLC,WAW,VLC,2026-05,outbound,31,2026-05-31,269,ok,2026-04-30T13:35:28Z
WAW-VLC,WAW,VLC,2026-05,return,1,2026-05-01,399,ok,2026-04-30T13:35:28Z
WAW-VLC,WAW,VLC,2026-05,return,3,2026-05-03,449,ok,2026-04-30T13:35:28Z
WAW-VLC,WAW,VLC,2026-05,return,4,2026-05-04,359,ok,2026-04-30T13:35:28Z
WAW-VLC,WAW,VLC,2026-05,return,6,2026-05-06,599,ok,2026-04-30T13:35:28Z
WAW-VLC,WAW,VLC,2026-05,return,8,2026-05-08,559,ok,2026-04-30T13:35:28Z
WAW-VLC,WAW,VLC,2026-05,return,11,2026-05-11,599,ok,2026-04-30T13:35:28Z
WAW-VLC,WAW,VLC,2026-05,return,13,2026-05-13,309,ok,2026-04-30T13:35:28Z
WAW-VLC,WAW,VLC,2026-05,return,15,2026-05-15,269,ok,2026-04-30T13:35:28Z
WAW-VLC,WAW,VLC,2026-05,return,17,2026-05-17,289,ok,2026-04-30T13:35:28Z
WAW-VLC,WAW,VLC,2026-05,return,18,2026-05-18,399,ok,2026-04-30T13:35:28Z
WAW-VLC,WAW,VLC,2026-05,return,20,2026-05-20,249,ok,2026-04-30T13:35:28Z
WAW-VLC,WAW,VLC,2026-05,return,21,2026-05-21,179,ok,2026-04-30T13:35:28Z
WAW-VLC,WAW,VLC,2026-05,return,22,2026-05-22,249,ok,2026-04-30T13:35:28Z
WAW-VLC,WAW,VLC,2026-05,return,24,2026-05-24,509,ok,2026-04-30T13:35:28Z
WAW-VLC,WAW,VLC,2026-05,return,25,2026-05-25,509,ok,2026-04-30T13:35:28Z
WAW-VLC,WAW,VLC,2026-05,return,27,2026-05-27,249,ok,2026-04-30T13:35:28Z
WAW-VLC,WAW,VLC,2026-05,return,28,2026-05-28,249,ok,2026-04-30T13:35:28Z
WAW-VLC,WAW,VLC,2026-05,return,29,2026-05-29,289,ok,2026-04-30T13:35:28Z
WAW-VLC,WAW,VLC,2026-05,return,31,2026-05-31,269,ok,2026-04-30T13:35:28Z
WAW-VLC,WAW,VLC,2026-06,outbound,1,2026-06-01,249,ok,2026-04-30T13:35:28Z
WAW-VLC,WAW,VLC,2026-06,outbound,3,2026-06-03,179,ok,2026-04-30T13:35:28Z
WAW-VLC,WAW,VLC,2026-06,outbound,4,2026-06-04,289,ok,2026-04-30T13:35:28Z
WAW-VLC,WAW,VLC,2026-06,outbound,5,2026-06-05,269,ok,2026-04-30T13:35:28Z
WAW-VLC,WAW,VLC,2026-06,outbound,7,2026-06-07,559,ok,2026-04-30T13:35:28Z
WAW-VLC,WAW,VLC,2026-06,outbound,8,2026-06-08,449,ok,2026-04-30T13:35:28Z
WAW-VLC,WAW,VLC,2026-06,outbound,10,2026-06-10,449,ok,2026-04-30T13:35:28Z
WAW-VLC,WAW,VLC,2026-06,outbound,11,2026-06-11,249,ok,2026-04-30T13:35:28Z
WAW-VLC,WAW,VLC,2026-06,outbound,12,2026-06-12,179,ok,2026-04-30T13:35:28Z
WAW-VLC,WAW,VLC,2026-06,outbound,14,2026-06-14,209,ok,2026-04-30T13:35:28Z
WAW-VLC,WAW,VLC,2026-06,outbound,15,2026-06-15,269,ok,2026-04-30T13:35:28Z
WAW-VLC,WAW,VLC,2026-06,outbound,17,2026-06-17,179,ok,2026-04-30T13:35:28Z
WAW-VLC,WAW,VLC,2026-06,outbound,18,2026-06-18,209,ok,2026-04-30T13:35:28Z
WAW-VLC,WAW,VLC,2026-06,outbound,19,2026-06-19,219,ok,2026-04-30T13:35:28Z
WAW-VLC,WAW,VLC,2026-06,outbound,21,2026-06-21,269,ok,2026-04-30T13:35:28Z
WAW-VLC,WAW,VLC,2026-06,outbound,22,2026-06-22,209,ok,2026-04-30T13:35:28Z
WAW-VLC,WAW,VLC,2026-06,outbound,24,2026-06-24,269,ok,2026-04-30T13:35:28Z
WAW-VLC,WAW,VLC,2026-06,outbound,25,2026-06-25,209,ok,2026-04-30T13:35:28Z
WAW-VLC,WAW,VLC,2026-06,outbound,26,2026-06-26,209,ok,2026-04-30T13:35:28Z
WAW-VLC,WAW,VLC,2026-06,outbound,28,2026-06-28,309,ok,2026-04-30T13:35:28Z
WAW-VLC,WAW,VLC,2026-06,outbound,29,2026-06-29,269,ok,2026-04-30T13:35:28Z
WAW-VLC,WAW,VLC,2026-06,return,1,2026-06-01,249,ok,2026-04-30T13:35:28Z
WAW-VLC,WAW,VLC,2026-06,return,3,2026-06-03,179,ok,2026-04-30T13:35:28Z
WAW-VLC,WAW,VLC,2026-06,return,4,2026-06-04,289,ok,2026-04-30T13:35:28Z
WAW-VLC,WAW,VLC,2026-06,return,5,2026-06-05,269,ok,2026-04-30T13:35:28Z
WAW-VLC,WAW,VLC,2026-06,return,7,2026-06-07,559,ok,2026-04-30T13:35:28Z
WAW-VLC,WAW,VLC,2026-06,return,8,2026-06-08,449,ok,2026-04-30T13:35:28Z
WAW-VLC,WAW,VLC,2026-06,return,10,2026-06-10,449,ok,2026-04-30T13:35:28Z
WAW-VLC,WAW,VLC,2026-06,return,11,2026-06-11,249,ok,2026-04-30T13:35:28Z
WAW-VLC,WAW,VLC,2026-06,return,12,2026-06-12,179,ok,2026-04-30T13:35:28Z
WAW-VLC,WAW,VLC,2026-06,return,14,2026-06-14,209,ok,2026-04-30T13:35:28Z
WAW-VLC,WAW,VLC,2026-06,return,15,2026-06-15,269,ok,2026-04-30T13:35:28Z
WAW-VLC,WAW,VLC,2026-06,return,17,2026-06-17,179,ok,2026-04-30T13:35:28Z
WAW-VLC,WAW,VLC,2026-06,return,18,2026-06-18,209,ok,2026-04-30T13:35:28Z
WAW-VLC,WAW,VLC,2026-06,return,19,2026-06-19,219,ok,2026-04-30T13:35:28Z
WAW-VLC,WAW,VLC,2026-06,return,21,2026-06-21,269,ok,2026-04-30T13:35:28Z
WAW-VLC,WAW,VLC,2026-06,return,22,2026-06-22,209,ok,2026-04-30T13:35:28Z
WAW-VLC,WAW,VLC,2026-06,return,24,2026-06-24,269,ok,2026-04-30T13:35:28Z
WAW-VLC,WAW,VLC,2026-06,return,25,2026-06-25,209,ok,2026-04-30T13:35:28Z
WAW-VLC,WAW,VLC,2026-06,return,26,2026-06-26,209,ok,2026-04-30T13:35:28Z
WAW-VLC,WAW,VLC,2026-06,return,28,2026-06-28,309,ok,2026-04-30T13:35:28Z
WAW-VLC,WAW,VLC,2026-06,return,29,2026-06-29,269,ok,2026-04-30T13:35:28Z
WAW-VLC,WAW,VLC,2026-07,outbound,1,2026-07-01,449,ok,2026-04-30T13:35:28Z
WAW-VLC,WAW,VLC,2026-07,outbound,2,2026-07-02,269,ok,2026-04-30T13:35:28Z
WAW-VLC,WAW,VLC,2026-07,outbound,3,2026-07-03,359,ok,2026-04-30T13:35:28Z
WAW-VLC,WAW,VLC,2026-07,outbound,5,2026-07-05,289,ok,2026-04-30T13:35:28Z
WAW-VLC,WAW,VLC,2026-07,outbound,6,2026-07-06,309,ok,2026-04-30T13:35:28Z
WAW-VLC,WAW,VLC,2026-07,outbound,8,2026-07-08,289,ok,2026-04-30T13:35:28Z
WAW-VLC,WAW,VLC,2026-07,outbound,9,2026-07-09,359,ok,2026-04-30T13:35:28Z
WAW-VLC,WAW,VLC,2026-07,outbound,10,2026-07-10,179,ok,2026-04-30T13:35:28Z
WAW-VLC,WAW,VLC,2026-07,outbound,12,2026-07-12,509,ok,2026-04-30T13:35:28Z
WAW-VLC,WAW,VLC,2026-07,outbound,13,2026-07-13,449,ok,2026-04-30T13:35:28Z
WAW-VLC,WAW,VLC,2026-07,outbound,15,2026-07-15,1549,ok,2026-04-30T13:35:28Z
WAW-VLC,WAW,VLC,2026-07,outbound,16,2026-07-16,449,ok,2026-04-30T13:35:28Z
WAW-VLC,WAW,VLC,2026-07,outbound,17,2026-07-17,269,ok,2026-04-30T13:35:28Z
WAW-VLC,WAW,VLC,2026-07,outbound,19,2026-07-19,449,ok,2026-04-30T13:35:28Z
WAW-VLC,WAW,VLC,2026-07,outbound,20,2026-07-20,559,ok,2026-04-30T13:35:28Z
WAW-VLC,WAW,VLC,2026-07,outbound,22,2026-07-22,719,ok,2026-04-30T13:35:28Z
WAW-VLC,WAW,VLC,2026-07,outbound,23,2026-07-23,509,ok,2026-04-30T13:35:28Z
WAW-VLC,WAW,VLC,2026-07,outbound,24,2026-07-24,309,ok,2026-04-30T13:35:28Z
WAW-VLC,WAW,VLC,2026-07,outbound,26,2026-07-26,249,ok,2026-04-30T13:35:28Z
WAW-VLC,WAW,VLC,2026-07,outbound,27,2026-07-27,399,ok,2026-04-30T13:35:28Z
WAW-VLC,WAW,VLC,2026-07,outbound,29,2026-07-29,669,ok,2026-04-30T13:35:28Z
WAW-VLC,WAW,VLC,2026-07,outbound,30,2026-07-30,509,ok,2026-04-30T13:35:28Z
WAW-VLC,WAW,VLC,2026-07,outbound,31,2026-07-31,509,ok,2026-04-30T13:35:28Z
WAW-VLC,WAW,VLC,2026-07,return,1,2026-07-01,449,ok,2026-04-30T13:35:28Z
WAW-VLC,WAW,VLC,2026-07,return,2,2026-07-02,269,ok,2026-04-30T13:35:28Z
WAW-VLC,WAW,VLC,2026-07,return,3,2026-07-03,359,ok,2026-04-30T13:35:28Z
WAW-VLC,WAW,VLC,2026-07,return,5,2026-07-05,289,ok,2026-04-30T13:35:28Z
WAW-VLC,WAW,VLC,2026-07,return,6,2026-07-06,309,ok,2026-04-30T13:35:28Z
WAW-VLC,WAW,VLC,2026-07,return,8,2026-07-08,289,ok,2026-04-30T13:35:28Z
WAW-VLC,WAW,VLC,2026-07,return,9,2026-07-09,359,ok,2026-04-30T13:35:28Z
WAW-VLC,WAW,VLC,2026-07,return,10,2026-07-10,179,ok,2026-04-30T13:35:28Z
WAW-VLC,WAW,VLC,2026-07,return,12,2026-07-12,509,ok,2026-04-30T13:35:28Z
WAW-VLC,WAW,VLC,2026-07,return,13,2026-07-13,449,ok,2026-04-30T13:35:28Z
WAW-VLC,WAW,VLC,2026-07,return,15,2026-07-15,1549,ok,2026-04-30T13:35:28Z
WAW-VLC,WAW,VLC,2026-07,return,16,2026-07-16,449,ok,2026-04-30T13:35:28Z
WAW-VLC,WAW,VLC,2026-07,return,17,2026-07-17,269,ok,2026-04-30T13:35:28Z
WAW-VLC,WAW,VLC,2026-07,return,19,2026-07-19,449,ok,2026-04-30T13:35:28Z
WAW-VLC,WAW,VLC,2026-07,return,20,2026-07-20,559,ok,2026-04-30T13:35:28Z
WAW-VLC,WAW,VLC,2026-07,return,22,2026-07-22,719,ok,2026-04-30T13:35:28Z
WAW-VLC,WAW,VLC,2026-07,return,23,2026-07-23,509,ok,2026-04-30T13:35:28Z
WAW-VLC,WAW,VLC,2026-07,return,24,2026-07-24,309,ok,2026-04-30T13:35:28Z
WAW-VLC,WAW,VLC,2026-07,return,26,2026-07-26,249,ok,2026-04-30T13:35:28Z
WAW-VLC,WAW,VLC,2026-07,return,27,2026-07-27,399,ok,2026-04-30T13:35:28Z
WAW-VLC,WAW,VLC,2026-07,return,29,2026-07-29,669,ok,2026-04-30T13:35:28Z
WAW-VLC,WAW,VLC,2026-07,return,30,2026-07-30,509,ok,2026-04-30T13:35:28Z
WAW-VLC,WAW,VLC,2026-07,return,31,2026-07-31,509,ok,2026-04-30T13:35:28Z
WAW-VLC,WAW,VLC,2026-08,outbound,2,2026-08-02,809,ok,2026-04-30T13:35:28Z
WAW-VLC,WAW,VLC,2026-08,outbound,3,2026-08-03,849,ok,2026-04-30T13:35:28Z
WAW-VLC,WAW,VLC,2026-08,outbound,5,2026-08-05,1139,ok,2026-04-30T13:35:28Z
WAW-VLC,WAW,VLC,2026-08,outbound,6,2026-08-06,719,ok,2026-04-30T13:35:28Z
WAW-VLC,WAW,VLC,2026-08,outbound,7,2026-08-07,1249,ok,2026-04-30T13:35:28Z
WAW-VLC,WAW,VLC,2026-08,outbound,9,2026-08-09,1659,ok,2026-04-30T13:35:28Z
WAW-VLC,WAW,VLC,2026-08,outbound,10,2026-08-10,849,ok,2026-04-30T13:35:28Z
WAW-VLC,WAW,VLC,2026-08,outbound,12,2026-08-12,1139,ok,2026-04-30T13:35:28Z
WAW-VLC,WAW,VLC,2026-08,outbound,13,2026-08-13,1049,ok,2026-04-30T13:35:28Z
WAW-VLC,WAW,VLC,2026-08,outbound,14,2026-08-14,849,ok,2026-04-30T13:35:28Z
WAW-VLC,WAW,VLC,2026-08,outbound,16,2026-08-16,1249,ok,2026-04-30T13:35:28Z
WAW-VLC,WAW,VLC,2026-08,outbound,17,2026-08-17,959,ok,2026-04-30T13:35:28Z
WAW-VLC,WAW,VLC,2026-08,outbound,19,2026-08-19,959,ok,2026-04-30T13:35:28Z
WAW-VLC,WAW,VLC,2026-08,outbound,20,2026-08-20,599,ok,2026-04-30T13:35:28Z
WAW-VLC,WAW,VLC,2026-08,outbound,21,2026-08-21,559,ok,2026-04-30T13:35:28Z
WAW-VLC,WAW,VLC,2026-08,outbound,23,2026-08-23,509,ok,2026-04-30T13:35:28Z
WAW-VLC,WAW,VLC,2026-08,outbound,24,2026-08-24,669,ok,2026-04-30T13:35:28Z
WAW-VLC,WAW,VLC,2026-08,outbound,26,2026-08-26,849,ok,2026-04-30T13:35:28Z
WAW-VLC,WAW,VLC,2026-08,outbound,27,2026-08-27,559,ok,2026-04-30T13:35:28Z
WAW-VLC,WAW,VLC,2026-08,outbound,28,2026-08-28,669,ok,2026-04-30T13:35:28Z
WAW-VLC,WAW,VLC,2026-08,outbound,30,2026-08-30,809,ok,2026-04-30T13:35:28Z
WAW-VLC,WAW,VLC,2026-08,outbound,31,2026-08-31,509,ok,2026-04-30T13:35:28Z
WAW-VLC,WAW,VLC,2026-08,return,2,2026-08-02,809,ok,2026-04-30T13:35:28Z
WAW-VLC,WAW,VLC,2026-08,return,3,2026-08-03,849,ok,2026-04-30T13:35:28Z
WAW-VLC,WAW,VLC,2026-08,return,5,2026-08-05,1139,ok,2026-04-30T13:35:28Z
WAW-VLC,WAW,VLC,2026-08,return,6,2026-08-06,719,ok,2026-04-30T13:35:28Z
WAW-VLC,WAW,VLC,2026-08,return,7,2026-08-07,1249,ok,2026-04-30T13:35:28Z
WAW-VLC,WAW,VLC,2026-08,return,9,2026-08-09,1659,ok,2026-04-30T13:35:28Z
WAW-VLC,WAW,VLC,2026-08,return,10,2026-08-10,849,ok,2026-04-30T13:35:28Z
WAW-VLC,WAW,VLC,2026-08,return,12,2026-08-12,1139,ok,2026-04-30T13:35:28Z
WAW-VLC,WAW,VLC,2026-08,return,13,2026-08-13,1049,ok,2026-04-30T13:35:28Z
WAW-VLC,WAW,VLC,2026-08,return,14,2026-08-14,849,ok,2026-04-30T13:35:28Z
WAW-VLC,WAW,VLC,2026-08,return,16,2026-08-16,1249,ok,2026-04-30T13:35:28Z
WAW-VLC,WAW,VLC,2026-08,return,17,2026-08-17,959,ok,2026-04-30T13:35:28Z
WAW-VLC,WAW,VLC,2026-08,return,19,2026-08-19,959,ok,2026-04-30T13:35:28Z
WAW-VLC,WAW,VLC,2026-08,return,20,2026-08-20,599,ok,2026-04-30T13:35:28Z
WAW-VLC,WAW,VLC,2026-08,return,21,2026-08-21,559,ok,2026-04-30T13:35:28Z
WAW-VLC,WAW,VLC,2026-08,return,23,2026-08-23,509,ok,2026-04-30T13:35:28Z
WAW-VLC,WAW,VLC,2026-08,return,24,2026-08-24,669,ok,2026-04-30T13:35:28Z
WAW-VLC,WAW,VLC,2026-08,return,26,2026-08-26,849,ok,2026-04-30T13:35:28Z
WAW-VLC,WAW,VLC,2026-08,return,27,2026-08-27,559,ok,2026-04-30T13:35:28Z
WAW-VLC,WAW,VLC,2026-08,return,28,2026-08-28,669,ok,2026-04-30T13:35:28Z
WAW-VLC,WAW,VLC,2026-08,return,30,2026-08-30,809,ok,2026-04-30T13:35:28Z
WAW-VLC,WAW,VLC,2026-08,return,31,2026-08-31,509,ok,2026-04-30T13:35:28Z
WAW-BIO,WAW,BIO,2026-05,outbound,3,2026-05-03,509,ok,2026-04-30T13:35:28Z
WAW-BIO,WAW,BIO,2026-05,outbound,4,2026-05-04,359,ok,2026-04-30T13:35:28Z
WAW-BIO,WAW,BIO,2026-05,outbound,6,2026-05-06,269,ok,2026-04-30T13:35:28Z
WAW-BIO,WAW,BIO,2026-05,outbound,10,2026-05-10,599,ok,2026-04-30T13:35:28Z
WAW-BIO,WAW,BIO,2026-05,outbound,11,2026-05-11,249,ok,2026-04-30T13:35:28Z
WAW-BIO,WAW,BIO,2026-05,outbound,13,2026-05-13,269,ok,2026-04-30T13:35:28Z
WAW-BIO,WAW,BIO,2026-05,outbound,17,2026-05-17,219,ok,2026-04-30T13:35:28Z
WAW-BIO,WAW,BIO,2026-05,outbound,18,2026-05-18,179,ok,2026-04-30T13:35:28Z
WAW-BIO,WAW,BIO,2026-05,outbound,20,2026-05-20,249,ok,2026-04-30T13:35:28Z
WAW-BIO,WAW,BIO,2026-05,outbound,22,2026-05-22,209,ok,2026-04-30T13:35:28Z
WAW-BIO,WAW,BIO,2026-05,outbound,24,2026-05-24,249,ok,2026-04-30T13:35:28Z
WAW-BIO,WAW,BIO,2026-05,outbound,25,2026-05-25,249,ok,2026-04-30T13:35:28Z
WAW-BIO,WAW,BIO,2026-05,outbound,27,2026-05-27,179,ok,2026-04-30T13:35:28Z
WAW-BIO,WAW,BIO,2026-05,outbound,29,2026-05-29,209,ok,2026-04-30T13:35:28Z
WAW-BIO,WAW,BIO,2026-05,outbound,31,2026-05-31,289,ok,2026-04-30T13:35:28Z
WAW-BIO,WAW,BIO,2026-05,return,3,2026-05-03,509,ok,2026-04-30T13:35:28Z
WAW-BIO,WAW,BIO,2026-05,return,4,2026-05-04,359,ok,2026-04-30T13:35:28Z
WAW-BIO,WAW,BIO,2026-05,return,6,2026-05-06,269,ok,2026-04-30T13:35:28Z
WAW-BIO,WAW,BIO,2026-05,return,10,2026-05-10,599,ok,2026-04-30T13:35:28Z
WAW-BIO,WAW,BIO,2026-05,return,11,2026-05-11,249,ok,2026-04-30T13:35:28Z
WAW-BIO,WAW,BIO,2026-05,return,13,2026-05-13,269,ok,2026-04-30T13:35:28Z
WAW-BIO,WAW,BIO,2026-05,return,17,2026-05-17,219,ok,2026-04-30T13:35:28Z
WAW-BIO,WAW,BIO,2026-05,return,18,2026-05-18,179,ok,2026-04-30T13:35:28Z
WAW-BIO,WAW,BIO,2026-05,return,20,2026-05-20,249,ok,2026-04-30T13:35:28Z
WAW-BIO,WAW,BIO,2026-05,return,22,2026-05-22,209,ok,2026-04-30T13:35:28Z
WAW-BIO,WAW,BIO,2026-05,return,24,2026-05-24,249,ok,2026-04-30T13:35:28Z
WAW-BIO,WAW,BIO,2026-05,return,25,2026-05-25,249,ok,2026-04-30T13:35:28Z
WAW-BIO,WAW,BIO,2026-05,return,27,2026-05-27,179,ok,2026-04-30T13:35:28Z
WAW-BIO,WAW,BIO,2026-05,return,29,2026-05-29,209,ok,2026-04-30T13:35:28Z
WAW-BIO,WAW,BIO,2026-05,return,31,2026-05-31,289,ok,2026-04-30T13:35:28Z
WAW-BIO,WAW,BIO,2026-06,outbound,1,2026-06-01,179,ok,2026-04-30T13:35:28Z
WAW-BIO,WAW,BIO,2026-06,outbound,3,2026-06-03,249,ok,2026-04-30T13:35:28Z
WAW-BIO,WAW,BIO,2026-06,outbound,5,2026-06-05,269,ok,2026-04-30T13:35:28Z
WAW-BIO,WAW,BIO,2026-06,outbound,7,2026-06-07,669,ok,2026-04-30T13:35:28Z
WAW-BIO,WAW,BIO,2026-06,outbound,10,2026-06-10,249,ok,2026-04-30T13:35:28Z
WAW-BIO,WAW,BIO,2026-06,outbound,12,2026-06-12,209,ok,2026-04-30T13:35:28Z
WAW-BIO,WAW,BIO,2026-06,outbound,14,2026-06-14,359,ok,2026-04-30T13:35:28Z
WAW-BIO,WAW,BIO,2026-06,outbound,17,2026-06-17,249,ok,2026-04-30T13:35:28Z
WAW-BIO,WAW,BIO,2026-06,outbound,19,2026-06-19,289,ok,2026-04-30T13:35:28Z
WAW-BIO,WAW,BIO,2026-06,outbound,21,2026-06-21,669,ok,2026-04-30T13:35:28Z
WAW-BIO,WAW,BIO,2026-06,outbound,24,2026-06-24,449,ok,2026-04-30T13:35:28Z
WAW-BIO,WAW,BIO,2026-06,outbound,26,2026-06-26,669,ok,2026-04-30T13:35:28Z
WAW-BIO,WAW,BIO,2026-06,outbound,28,2026-06-28,509,ok,2026-04-30T13:35:28Z
WAW-BIO,WAW,BIO,2026-06,return,1,2026-06-01,179,ok,2026-04-30T13:35:28Z
WAW-BIO,WAW,BIO,2026-06,return,3,2026-06-03,249,ok,2026-04-30T13:35:28Z
WAW-BIO,WAW,BIO,2026-06,return,5,2026-06-05,269,ok,2026-04-30T13:35:28Z
WAW-BIO,WAW,BIO,2026-06,return,7,2026-06-07,669,ok,2026-04-30T13:35:28Z
WAW-BIO,WAW,BIO,2026-06,return,10,2026-06-10,249,ok,2026-04-30T13:35:28Z
WAW-BIO,WAW,BIO,2026-06,return,12,2026-06-12,209,ok,2026-04-30T13:35:28Z
WAW-BIO,WAW,BIO,2026-06,return,14,2026-06-14,359,ok,2026-04-30T13:35:28Z
WAW-BIO,WAW,BIO,2026-06,return,17,2026-06-17,249,ok,2026-04-30T13:35:28Z
WAW-BIO,WAW,BIO,2026-06,return,19,2026-06-19,289,ok,2026-04-30T13:35:28Z
WAW-BIO,WAW,BIO,2026-06,return,21,2026-06-21,669,ok,2026-04-30T13:35:28Z
WAW-BIO,WAW,BIO,2026-06,return,24,2026-06-24,449,ok,2026-04-30T13:35:28Z
WAW-BIO,WAW,BIO,2026-06,return,26,2026-06-26,669,ok,2026-04-30T13:35:28Z
WAW-BIO,WAW,BIO,2026-06,return,28,2026-06-28,509,ok,2026-04-30T13:35:28Z
WAW-BIO,WAW,BIO,2026-07,outbound,1,2026-07-01,249,ok,2026-04-30T13:35:28Z
WAW-BIO,WAW,BIO,2026-07,outbound,3,2026-07-03,309,ok,2026-04-30T13:35:28Z
WAW-BIO,WAW,BIO,2026-07,outbound,5,2026-07-05,669,ok,2026-04-30T13:35:28Z
WAW-BIO,WAW,BIO,2026-07,outbound,8,2026-07-08,669,ok,2026-04-30T13:35:28Z
WAW-BIO,WAW,BIO,2026-07,outbound,10,2026-07-10,809,ok,2026-04-30T13:35:28Z
WAW-BIO,WAW,BIO,2026-07,outbound,12,2026-07-12,719,ok,2026-04-30T13:35:28Z
WAW-BIO,WAW,BIO,2026-07,outbound,15,2026-07-15,599,ok,2026-04-30T13:35:28Z
WAW-BIO,WAW,BIO,2026-07,outbound,17,2026-07-17,719,ok,2026-04-30T13:35:28Z
WAW-BIO,WAW,BIO,2026-07,outbound,19,2026-07-19,809,ok,2026-04-30T13:35:28Z
WAW-BIO,WAW,BIO,2026-07,outbound,22,2026-07-22,669,ok,2026-04-30T13:35:28Z
WAW-BIO,WAW,BIO,2026-07,outbound,24,2026-07-24,599,ok,2026-04-30T13:35:28Z
WAW-BIO,WAW,BIO,2026-07,outbound,26,2026-07-26,719,ok,2026-04-30T13:35:28Z
WAW-BIO,WAW,BIO,2026-07,outbound,29,2026-07-29,449,ok,2026-04-30T13:35:28Z
WAW-BIO,WAW,BIO,2026-07,outbound,31,2026-07-31,599,ok,2026-04-30T13:35:28Z
WAW-BIO,WAW,BIO,2026-07,return,1,2026-07-01,249,ok,2026-04-30T13:35:28Z
WAW-BIO,WAW,BIO,2026-07,return,3,2026-07-03,309,ok,2026-04-30T13:35:28Z
WAW-BIO,WAW,BIO,2026-07,return,5,2026-07-05,669,ok,2026-04-30T13:35:28Z
WAW-BIO,WAW,BIO,2026-07,return,8,2026-07-08,669,ok,2026-04-30T13:35:28Z
WAW-BIO,WAW,BIO,2026-07,return,10,2026-07-10,809,ok,2026-04-30T13:35:28Z
WAW-BIO,WAW,BIO,2026-07,return,12,2026-07-12,719,ok,2026-04-30T13:35:28Z
WAW-BIO,WAW,BIO,2026-07,return,15,2026-07-15,599,ok,2026-04-30T13:35:28Z
WAW-BIO,WAW,BIO,2026-07,return,17,2026-07-17,719,ok,2026-04-30T13:35:28Z
WAW-BIO,WAW,BIO,2026-07,return,19,2026-07-19,809,ok,2026-04-30T13:35:28Z
WAW-BIO,WAW,BIO,2026-07,return,22,2026-07-22,669,ok,2026-04-30T13:35:28Z
WAW-BIO,WAW,BIO,2026-07,return,24,2026-07-24,599,ok,2026-04-30T13:35:28Z
WAW-BIO,WAW,BIO,2026-07,return,26,2026-07-26,719,ok,2026-04-30T13:35:28Z
WAW-BIO,WAW,BIO,2026-07,return,29,2026-07-29,449,ok,2026-04-30T13:35:28Z
WAW-BIO,WAW,BIO,2026-07,return,31,2026-07-31,599,ok,2026-04-30T13:35:28Z
WAW-BIO,WAW,BIO,2026-08,outbound,2,2026-08-02,849,ok,2026-04-30T13:35:28Z
WAW-BIO,WAW,BIO,2026-08,outbound,5,2026-08-05,1389,ok,2026-04-30T13:35:28Z
WAW-BIO,WAW,BIO,2026-08,outbound,7,2026-08-07,1249,ok,2026-04-30T13:35:28Z
WAW-BIO,WAW,BIO,2026-08,outbound,9,2026-08-09,1549,ok,2026-04-30T13:35:28Z
WAW-BIO,WAW,BIO,2026-08,outbound,12,2026-08-12,1049,ok,2026-04-30T13:35:28Z
WAW-BIO,WAW,BIO,2026-08,outbound,14,2026-08-14,1549,ok,2026-04-30T13:35:28Z
WAW-BIO,WAW,BIO,2026-08,outbound,16,2026-08-16,1659,ok,2026-04-30T13:35:28Z
WAW-BIO,WAW,BIO,2026-08,outbound,19,2026-08-19,669,ok,2026-04-30T13:35:28Z
WAW-BIO,WAW,BIO,2026-08,outbound,21,2026-08-21,669,ok,2026-04-30T13:35:28Z
WAW-BIO,WAW,BIO,2026-08,outbound,23,2026-08-23,669,ok,2026-04-30T13:35:28Z
WAW-BIO,WAW,BIO,2026-08,outbound,26,2026-08-26,809,ok,2026-04-30T13:35:28Z
WAW-BIO,WAW,BIO,2026-08,outbound,28,2026-08-28,599,ok,2026-04-30T13:35:28Z
WAW-BIO,WAW,BIO,2026-08,outbound,30,2026-08-30,849,ok,2026-04-30T13:35:28Z
WAW-BIO,WAW,BIO,2026-08,return,2,2026-08-02,849,ok,2026-04-30T13:35:28Z
WAW-BIO,WAW,BIO,2026-08,return,5,2026-08-05,1389,ok,2026-04-30T13:35:28Z
WAW-BIO,WAW,BIO,2026-08,return,7,2026-08-07,1249,ok,2026-04-30T13:35:28Z
WAW-BIO,WAW,BIO,2026-08,return,9,2026-08-09,1549,ok,2026-04-30T13:35:28Z
WAW-BIO,WAW,BIO,2026-08,return,12,2026-08-12,1049,ok,2026-04-30T13:35:28Z
WAW-BIO,WAW,BIO,2026-08,return,14,2026-08-14,1549,ok,2026-04-30T13:35:28Z
WAW-BIO,WAW,BIO,2026-08,return,16,2026-08-16,1659,ok,2026-04-30T13:35:28Z
WAW-BIO,WAW,BIO,2026-08,return,19,2026-08-19,669,ok,2026-04-30T13:35:28Z
WAW-BIO,WAW,BIO,2026-08,return,21,2026-08-21,669,ok,2026-04-30T13:35:28Z
WAW-BIO,WAW,BIO,2026-08,return,23,2026-08-23,669,ok,2026-04-30T13:35:28Z
WAW-BIO,WAW,BIO,2026-08,return,26,2026-08-26,809,ok,2026-04-30T13:35:28Z
WAW-BIO,WAW,BIO,2026-08,return,28,2026-08-28,599,ok,2026-04-30T13:35:28Z
WAW-BIO,WAW,BIO,2026-08,return,30,2026-08-30,849,ok,2026-04-30T13:35:28Z
WAW-FCO,WAW,FCO,2026-05,outbound,1,2026-05-01,719,ok,2026-04-30T13:35:28Z
WAW-FCO,WAW,FCO,2026-05,outbound,2,2026-05-02,309,ok,2026-04-30T13:35:28Z
WAW-FCO,WAW,FCO,2026-05,outbound,3,2026-05-03,669,ok,2026-04-30T13:35:28Z
WAW-FCO,WAW,FCO,2026-05,outbound,4,2026-05-04,559,ok,2026-04-30T13:35:28Z
WAW-FCO,WAW,FCO,2026-05,outbound,5,2026-05-05,289,ok,2026-04-30T13:35:28Z
WAW-FCO,WAW,FCO,2026-05,outbound,6,2026-05-06,209,ok,2026-04-30T13:35:28Z
WAW-FCO,WAW,FCO,2026-05,outbound,7,2026-05-07,249,ok,2026-04-30T13:35:28Z
WAW-FCO,WAW,FCO,2026-05,outbound,8,2026-05-08,289,ok,2026-04-30T13:35:28Z
WAW-FCO,WAW,FCO,2026-05,outbound,9,2026-05-09,309,ok,2026-04-30T13:35:28Z
WAW-FCO,WAW,FCO,2026-05,outbound,10,2026-05-10,809,ok,2026-04-30T13:35:28Z
WAW-FCO,WAW,FCO,2026-05,outbound,11,2026-05-11,359,ok,2026-04-30T13:35:28Z
WAW-FCO,WAW,FCO,2026-05,outbound,12,2026-05-12,249,ok,2026-04-30T13:35:28Z
WAW-FCO,WAW,FCO,2026-05,outbound,13,2026-05-13,269,ok,2026-04-30T13:35:28Z
WAW-FCO,WAW,FCO,2026-05,outbound,14,2026-05-14,179,ok,2026-04-30T13:35:28Z
WAW-FCO,WAW,FCO,2026-05,outbound,15,2026-05-15,249,ok,2026-04-30T13:35:28Z
WAW-FCO,WAW,FCO,2026-05,outbound,16,2026-05-16,179,ok,2026-04-30T13:35:28Z
WAW-FCO,WAW,FCO,2026-05,outbound,17,2026-05-17,509,ok,2026-04-30T13:35:28Z
WAW-FCO,WAW,FCO,2026-05,outbound,18,2026-05-18,249,ok,2026-04-30T13:35:28Z
WAW-FCO,WAW,FCO,2026-05,outbound,19,2026-05-19,209,ok,2026-04-30T13:35:28Z
WAW-FCO,WAW,FCO,2026-05,outbound,20,2026-05-20,139,ok,2026-04-30T13:35:28Z
WAW-FCO,WAW,FCO,2026-05,outbound,21,2026-05-21,159,ok,2026-04-30T13:35:28Z
WAW-FCO,WAW,FCO,2026-05,outbound,22,2026-05-22,209,ok,2026-04-30T13:35:28Z
WAW-FCO,WAW,FCO,2026-05,outbound,23,2026-05-23,209,ok,2026-04-30T13:35:28Z
WAW-FCO,WAW,FCO,2026-05,outbound,24,2026-05-24,269,ok,2026-04-30T13:35:28Z
WAW-FCO,WAW,FCO,2026-05,outbound,25,2026-05-25,159,ok,2026-04-30T13:35:28Z
WAW-FCO,WAW,FCO,2026-05,outbound,26,2026-05-26,159,ok,2026-04-30T13:35:28Z
WAW-FCO,WAW,FCO,2026-05,outbound,27,2026-05-27,179,ok,2026-04-30T13:35:28Z
WAW-FCO,WAW,FCO,2026-05,outbound,28,2026-05-28,129,ok,2026-04-30T13:35:28Z
WAW-FCO,WAW,FCO,2026-05,outbound,29,2026-05-29,179,ok,2026-04-30T13:35:28Z
WAW-FCO,WAW,FCO,2026-05,outbound,30,2026-05-30,269,ok,2026-04-30T13:35:28Z
WAW-FCO,WAW,FCO,2026-05,outbound,31,2026-05-31,359,ok,2026-04-30T13:35:28Z
WAW-FCO,WAW,FCO,2026-05,return,1,2026-05-01,719,ok,2026-04-30T13:35:28Z
WAW-FCO,WAW,FCO,2026-05,return,2,2026-05-02,309,ok,2026-04-30T13:35:28Z
WAW-FCO,WAW,FCO,2026-05,return,3,2026-05-03,669,ok,2026-04-30T13:35:28Z
WAW-FCO,WAW,FCO,2026-05,return,4,2026-05-04,559,ok,2026-04-30T13:35:28Z
WAW-FCO,WAW,FCO,2026-05,return,5,2026-05-05,289,ok,2026-04-30T13:35:28Z
WAW-FCO,WAW,FCO,2026-05,return,6,2026-05-06,209,ok,2026-04-30T13:35:28Z
WAW-FCO,WAW,FCO,2026-05,return,7,2026-05-07,249,ok,2026-04-30T13:35:28Z
WAW-FCO,WAW,FCO,2026-05,return,8,2026-05-08,289,ok,2026-04-30T13:35:28Z
WAW-FCO,WAW,FCO,2026-05,return,9,2026-05-09,309,ok,2026-04-30T13:35:28Z
WAW-FCO,WAW,FCO,2026-05,return,10,2026-05-10,809,ok,2026-04-30T13:35:28Z
WAW-FCO,WAW,FCO,2026-05,return,11,2026-05-11,359,ok,2026-04-30T13:35:28Z
WAW-FCO,WAW,FCO,2026-05,return,12,2026-05-12,249,ok,2026-04-30T13:35:28Z
WAW-FCO,WAW,FCO,2026-05,return,13,2026-05-13,269,ok,2026-04-30T13:35:28Z
WAW-FCO,WAW,FCO,2026-05,return,14,2026-05-14,179,ok,2026-04-30T13:35:28Z
WAW-FCO,WAW,FCO,2026-05,return,15,2026-05-15,249,ok,2026-04-30T13:35:28Z
WAW-FCO,WAW,FCO,2026-05,return,16,2026-05-16,179,ok,2026-04-30T13:35:28Z
WAW-FCO,WAW,FCO,2026-05,return,17,2026-05-17,509,ok,2026-04-30T13:35:28Z
WAW-FCO,WAW,FCO,2026-05,return,18,2026-05-18,249,ok,2026-04-30T13:35:28Z
WAW-FCO,WAW,FCO,2026-05,return,19,2026-05-19,209,ok,2026-04-30T13:35:28Z
WAW-FCO,WAW,FCO,2026-05,return,20,2026-05-20,139,ok,2026-04-30T13:35:28Z
WAW-FCO,WAW,FCO,2026-05,return,21,2026-05-21,159,ok,2026-04-30T13:35:28Z
WAW-FCO,WAW,FCO,2026-05,return,22,2026-05-22,209,ok,2026-04-30T13:35:28Z
WAW-FCO,WAW,FCO,2026-05,return,23,2026-05-23,209,ok,2026-04-30T13:35:28Z
WAW-FCO,WAW,FCO,2026-05,return,24,2026-05-24,269,ok,2026-04-30T13:35:28Z
WAW-FCO,WAW,FCO,2026-05,return,25,2026-05-25,159,ok,2026-04-30T13:35:28Z
WAW-FCO,WAW,FCO,2026-05,return,26,2026-05-26,159,ok,2026-04-30T13:35:28Z
WAW-FCO,WAW,FCO,2026-05,return,27,2026-05-27,179,ok,2026-04-30T13:35:28Z
WAW-FCO,WAW,FCO,2026-05,return,28,2026-05-28,129,ok,2026-04-30T13:35:28Z
WAW-FCO,WAW,FCO,2026-05,return,29,2026-05-29,179,ok,2026-04-30T13:35:28Z
WAW-FCO,WAW,FCO,2026-05,return,30,2026-05-30,269,ok,2026-04-30T13:35:28Z
WAW-FCO,WAW,FCO,2026-05,return,31,2026-05-31,359,ok,2026-04-30T13:35:28Z
WAW-FCO,WAW,FCO,2026-06,outbound,1,2026-06-01,179,ok,2026-04-30T13:35:28Z
WAW-FCO,WAW,FCO,2026-06,outbound,2,2026-06-02,159,ok,2026-04-30T13:35:28Z
WAW-FCO,WAW,FCO,2026-06,outbound,3,2026-06-03,219,ok,2026-04-30T13:35:28Z
WAW-FCO,WAW,FCO,2026-06,outbound,4,2026-06-04,129,ok,2026-04-30T13:35:28Z
WAW-FCO,WAW,FCO,2026-06,outbound,5,2026-06-05,209,ok,2026-04-30T13:35:28Z
WAW-FCO,WAW,FCO,2026-06,outbound,6,2026-06-06,359,ok,2026-04-30T13:35:28Z
WAW-FCO,WAW,FCO,2026-06,outbound,7,2026-06-07,719,ok,2026-04-30T13:35:28Z
WAW-FCO,WAW,FCO,2026-06,outbound,8,2026-06-08,309,ok,2026-04-30T13:35:28Z
WAW-FCO,WAW,FCO,2026-06,outbound,9,2026-06-09,159,ok,2026-04-30T13:35:28Z
WAW-FCO,WAW,FCO,2026-06,outbound,10,2026-06-10,129,ok,2026-04-30T13:35:28Z
WAW-FCO,WAW,FCO,2026-06,outbound,11,2026-06-11,139,ok,2026-04-30T13:35:28Z
WAW-FCO,WAW,FCO,2026-06,outbound,12,2026-06-12,139,ok,2026-04-30T13:35:28Z
WAW-FCO,WAW,FCO,2026-06,outbound,13,2026-06-13,129,ok,2026-04-30T13:35:28Z
WAW-FCO,WAW,FCO,2026-06,outbound,14,2026-06-14,219,ok,2026-04-30T13:35:28Z
WAW-FCO,WAW,FCO,2026-06,outbound,15,2026-06-15,219,ok,2026-04-30T13:35:28Z
WAW-FCO,WAW,FCO,2026-06,outbound,16,2026-06-16,159,ok,2026-04-30T13:35:28Z
WAW-FCO,WAW,FCO,2026-06,outbound,17,2026-06-17,129,ok,2026-04-30T13:35:28Z
WAW-FCO,WAW,FCO,2026-06,outbound,18,2026-06-18,129,ok,2026-04-30T13:35:28Z
WAW-FCO,WAW,FCO,2026-06,outbound,19,2026-06-19,179,ok,2026-04-30T13:35:28Z
WAW-FCO,WAW,FCO,2026-06,outbound,20,2026-06-20,159,ok,2026-04-30T13:35:28Z
WAW-FCO,WAW,FCO,2026-06,outbound,21,2026-06-21,219,ok,2026-04-30T13:35:28Z
WAW-FCO,WAW,FCO,2026-06,outbound,22,2026-06-22,209,ok,2026-04-30T13:35:28Z
WAW-FCO,WAW,FCO,2026-06,outbound,23,2026-06-23,139,ok,2026-04-30T13:35:28Z
WAW-FCO,WAW,FCO,2026-06,outbound,24,2026-06-24,129,ok,2026-04-30T13:35:28Z
WAW-FCO,WAW,FCO,2026-06,outbound,25,2026-06-25,209,ok,2026-04-30T13:35:28Z
WAW-FCO,WAW,FCO,2026-06,outbound,26,2026-06-26,249,ok,2026-04-30T13:35:28Z
WAW-FCO,WAW,FCO,2026-06,outbound,27,2026-06-27,179,ok,2026-04-30T13:35:28Z
WAW-FCO,WAW,FCO,2026-06,outbound,28,2026-06-28,159,ok,2026-04-30T13:35:28Z
WAW-FCO,WAW,FCO,2026-06,outbound,29,2026-06-29,179,ok,2026-04-30T13:35:28Z
WAW-FCO,WAW,FCO,2026-06,outbound,30,2026-06-30,159,ok,2026-04-30T13:35:28Z
WAW-FCO,WAW,FCO,2026-06,return,1,2026-06-01,179,ok,2026-04-30T13:35:28Z
WAW-FCO,WAW,FCO,2026-06,return,2,2026-06-02,159,ok,2026-04-30T13:35:28Z
WAW-FCO,WAW,FCO,2026-06,return,3,2026-06-03,219,ok,2026-04-30T13:35:28Z
WAW-FCO,WAW,FCO,2026-06,return,4,2026-06-04,129,ok,2026-04-30T13:35:28Z
WAW-FCO,WAW,FCO,2026-06,return,5,2026-06-05,209,ok,2026-04-30T13:35:28Z
WAW-FCO,WAW,FCO,2026-06,return,6,2026-06-06,359,ok,2026-04-30T13:35:28Z
WAW-FCO,WAW,FCO,2026-06,return,7,2026-06-07,719,ok,2026-04-30T13:35:28Z
WAW-FCO,WAW,FCO,2026-06,return,8,2026-06-08,309,ok,2026-04-30T13:35:28Z
WAW-FCO,WAW,FCO,2026-06,return,9,2026-06-09,159,ok,2026-04-30T13:35:28Z
WAW-FCO,WAW,FCO,2026-06,return,10,2026-06-10,129,ok,2026-04-30T13:35:28Z
WAW-FCO,WAW,FCO,2026-06,return,11,2026-06-11,139,ok,2026-04-30T13:35:28Z
WAW-FCO,WAW,FCO,2026-06,return,12,2026-06-12,139,ok,2026-04-30T13:35:28Z
WAW-FCO,WAW,FCO,2026-06,return,13,2026-06-13,129,ok,2026-04-30T13:35:28Z
WAW-FCO,WAW,FCO,2026-06,return,14,2026-06-14,219,ok,2026-04-30T13:35:28Z
WAW-FCO,WAW,FCO,2026-06,return,15,2026-06-15,219,ok,2026-04-30T13:35:28Z
WAW-FCO,WAW,FCO,2026-06,return,16,2026-06-16,159,ok,2026-04-30T13:35:28Z
WAW-FCO,WAW,FCO,2026-06,return,17,2026-06-17,129,ok,2026-04-30T13:35:28Z
WAW-FCO,WAW,FCO,2026-06,return,18,2026-06-18,129,ok,2026-04-30T13:35:28Z
WAW-FCO,WAW,FCO,2026-06,return,19,2026-06-19,179,ok,2026-04-30T13:35:28Z
WAW-FCO,WAW,FCO,2026-06,return,20,2026-06-20,159,ok,2026-04-30T13:35:28Z
WAW-FCO,WAW,FCO,2026-06,return,21,2026-06-21,219,ok,2026-04-30T13:35:28Z
WAW-FCO,WAW,FCO,2026-06,return,22,2026-06-22,209,ok,2026-04-30T13:35:28Z
WAW-FCO,WAW,FCO,2026-06,return,23,2026-06-23,139,ok,2026-04-30T13:35:28Z
WAW-FCO,WAW,FCO,2026-06,return,24,2026-06-24,129,ok,2026-04-30T13:35:28Z
WAW-FCO,WAW,FCO,2026-06,return,25,2026-06-25,209,ok,2026-04-30T13:35:28Z
WAW-FCO,WAW,FCO,2026-06,return,26,2026-06-26,249,ok,2026-04-30T13:35:28Z
WAW-FCO,WAW,FCO,2026-06,return,27,2026-06-27,179,ok,2026-04-30T13:35:28Z
WAW-FCO,WAW,FCO,2026-06,return,28,2026-06-28,159,ok,2026-04-30T13:35:28Z
WAW-FCO,WAW,FCO,2026-06,return,29,2026-06-29,179,ok,2026-04-30T13:35:28Z
WAW-FCO,WAW,FCO,2026-06,return,30,2026-06-30,159,ok,2026-04-30T13:35:28Z
WAW-FCO,WAW,FCO,2026-07,outbound,1,2026-07-01,209,ok,2026-04-30T13:35:28Z
WAW-FCO,WAW,FCO,2026-07,outbound,2,2026-07-02,209,ok,2026-04-30T13:35:28Z
WAW-FCO,WAW,FCO,2026-07,outbound,3,2026-07-03,359,ok,2026-04-30T13:35:28Z
WAW-FCO,WAW,FCO,2026-07,outbound,4,2026-07-04,179,ok,2026-04-30T13:35:28Z
WAW-FCO,WAW,FCO,2026-07,outbound,5,2026-07-05,209,ok,2026-04-30T13:35:28Z
WAW-FCO,WAW,FCO,2026-07,outbound,6,2026-07-06,129,ok,2026-04-30T13:35:28Z
WAW-FCO,WAW,FCO,2026-07,outbound,7,2026-07-07,179,ok,2026-04-30T13:35:28Z
WAW-FCO,WAW,FCO,2026-07,outbound,8,2026-07-08,249,ok,2026-04-30T13:35:28Z
WAW-FCO,WAW,FCO,2026-07,outbound,9,2026-07-09,179,ok,2026-04-30T13:35:28Z
WAW-FCO,WAW,FCO,2026-07,outbound,10,2026-07-10,249,ok,2026-04-30T13:35:28Z
WAW-FCO,WAW,FCO,2026-07,outbound,11,2026-07-11,179,ok,2026-04-30T13:35:28Z
WAW-FCO,WAW,FCO,2026-07,outbound,12,2026-07-12,139,ok,2026-04-30T13:35:28Z
WAW-FCO,WAW,FCO,2026-07,outbound,13,2026-07-13,139,ok,2026-04-30T13:35:28Z
WAW-FCO,WAW,FCO,2026-07,outbound,14,2026-07-14,139,ok,2026-04-30T13:35:28Z
WAW-FCO,WAW,FCO,2026-07,outbound,15,2026-07-15,359,ok,2026-04-30T13:35:28Z
WAW-FCO,WAW,FCO,2026-07,outbound,16,2026-07-16,249,ok,2026-04-30T13:35:28Z
WAW-FCO,WAW,FCO,2026-07,outbound,17,2026-07-17,219,ok,2026-04-30T13:35:28Z
WAW-FCO,WAW,FCO,2026-07,outbound,18,2026-07-18,129,ok,2026-04-30T13:35:28Z
WAW-FCO,WAW,FCO,2026-07,outbound,19,2026-07-19,219,ok,2026-04-30T13:35:28Z
WAW-FCO,WAW,FCO,2026-07,outbound,20,2026-07-20,179,ok,2026-04-30T13:35:28Z
WAW-FCO,WAW,FCO,2026-07,outbound,21,2026-07-21,179,ok,2026-04-30T13:35:28Z
WAW-FCO,WAW,FCO,2026-07,outbound,22,2026-07-22,129,ok,2026-04-30T13:35:28Z
WAW-FCO,WAW,FCO,2026-07,outbound,23,2026-07-23,129,ok,2026-04-30T13:35:28Z
WAW-FCO,WAW,FCO,2026-07,outbound,24,2026-07-24,179,ok,2026-04-30T13:35:28Z
WAW-FCO,WAW,FCO,2026-07,outbound,25,2026-07-25,129,ok,2026-04-30T13:35:28Z
WAW-FCO,WAW,FCO,2026-07,outbound,26,2026-07-26,249,ok,2026-04-30T13:35:28Z
WAW-FCO,WAW,FCO,2026-07,outbound,27,2026-07-27,129,ok,2026-04-30T13:35:28Z
WAW-FCO,WAW,FCO,2026-07,outbound,28,2026-07-28,249,ok,2026-04-30T13:35:28Z
WAW-FCO,WAW,FCO,2026-07,outbound,29,2026-07-29,219,ok,2026-04-30T13:35:28Z
WAW-FCO,WAW,FCO,2026-07,outbound,30,2026-07-30,249,ok,2026-04-30T13:35:28Z
WAW-FCO,WAW,FCO,2026-07,outbound,31,2026-07-31,309,ok,2026-04-30T13:35:28Z
WAW-FCO,WAW,FCO,2026-07,return,1,2026-07-01,209,ok,2026-04-30T13:35:28Z
WAW-FCO,WAW,FCO,2026-07,return,2,2026-07-02,209,ok,2026-04-30T13:35:28Z
WAW-FCO,WAW,FCO,2026-07,return,3,2026-07-03,359,ok,2026-04-30T13:35:28Z
WAW-FCO,WAW,FCO,2026-07,return,4,2026-07-04,179,ok,2026-04-30T13:35:28Z
WAW-FCO,WAW,FCO,2026-07,return,5,2026-07-05,209,ok,2026-04-30T13:35:28Z
WAW-FCO,WAW,FCO,2026-07,return,6,2026-07-06,129,ok,2026-04-30T13:35:28Z
WAW-FCO,WAW,FCO,2026-07,return,7,2026-07-07,179,ok,2026-04-30T13:35:28Z
WAW-FCO,WAW,FCO,2026-07,return,8,2026-07-08,249,ok,2026-04-30T13:35:28Z
WAW-FCO,WAW,FCO,2026-07,return,9,2026-07-09,179,ok,2026-04-30T13:35:28Z
WAW-FCO,WAW,FCO,2026-07,return,10,2026-07-10,249,ok,2026-04-30T13:35:28Z
WAW-FCO,WAW,FCO,2026-07,return,11,2026-07-11,179,ok,2026-04-30T13:35:28Z
WAW-FCO,WAW,FCO,2026-07,return,12,2026-07-12,139,ok,2026-04-30T13:35:28Z
WAW-FCO,WAW,FCO,2026-07,return,13,2026-07-13,139,ok,2026-04-30T13:35:28Z
WAW-FCO,WAW,FCO,2026-07,return,14,2026-07-14,139,ok,2026-04-30T13:35:28Z
WAW-FCO,WAW,FCO,2026-07,return,15,2026-07-15,359,ok,2026-04-30T13:35:28Z
WAW-FCO,WAW,FCO,2026-07,return,16,2026-07-16,249,ok,2026-04-30T13:35:28Z
WAW-FCO,WAW,FCO,2026-07,return,17,2026-07-17,219,ok,2026-04-30T13:35:28Z
WAW-FCO,WAW,FCO,2026-07,return,18,2026-07-18,129,ok,2026-04-30T13:35:28Z
WAW-FCO,WAW,FCO,2026-07,return,19,2026-07-19,219,ok,2026-04-30T13:35:28Z
WAW-FCO,WAW,FCO,2026-07,return,20,2026-07-20,179,ok,2026-04-30T13:35:28Z
WAW-FCO,WAW,FCO,2026-07,return,21,2026-07-21,179,ok,2026-04-30T13:35:28Z
WAW-FCO,WAW,FCO,2026-07,return,22,2026-07-22,129,ok,2026-04-30T13:35:28Z
WAW-FCO,WAW,FCO,2026-07,return,23,2026-07-23,129,ok,2026-04-30T13:35:28Z
WAW-FCO,WAW,FCO,2026-07,return,24,2026-07-24,179,ok,2026-04-30T13:35:28Z
WAW-FCO,WAW,FCO,2026-07,return,25,2026-07-25,129,ok,2026-04-30T13:35:28Z
WAW-FCO,WAW,FCO,2026-07,return,26,2026-07-26,249,ok,2026-04-30T13:35:28Z
WAW-FCO,WAW,FCO,2026-07,return,27,2026-07-27,129,ok,2026-04-30T13:35:28Z
WAW-FCO,WAW,FCO,2026-07,return,28,2026-07-28,249,ok,2026-04-30T13:35:28Z
WAW-FCO,WAW,FCO,2026-07,return,29,2026-07-29,219,ok,2026-04-30T13:35:28Z
WAW-FCO,WAW,FCO,2026-07,return,30,2026-07-30,249,ok,2026-04-30T13:35:28Z
WAW-FCO,WAW,FCO,2026-07,return,31,2026-07-31,309,ok,2026-04-30T13:35:28Z
WAW-FCO,WAW,FCO,2026-08,outbound,1,2026-08-01,399,ok,2026-04-30T13:35:28Z
WAW-FCO,WAW,FCO,2026-08,outbound,2,2026-08-02,269,ok,2026-04-30T13:35:28Z
WAW-FCO,WAW,FCO,2026-08,outbound,3,2026-08-03,269,ok,2026-04-30T13:35:28Z
WAW-FCO,WAW,FCO,2026-08,outbound,4,2026-08-04,269,ok,2026-04-30T13:35:28Z
WAW-FCO,WAW,FCO,2026-08,outbound,5,2026-08-05,289,ok,2026-04-30T13:35:28Z
WAW-FCO,WAW,FCO,2026-08,outbound,6,2026-08-06,269,ok,2026-04-30T13:35:28Z
WAW-FCO,WAW,FCO,2026-08,outbound,7,2026-08-07,289,ok,2026-04-30T13:35:28Z
WAW-FCO,WAW,FCO,2026-08,outbound,8,2026-08-08,289,ok,2026-04-30T13:35:28Z
WAW-FCO,WAW,FCO,2026-08,outbound,9,2026-08-09,289,ok,2026-04-30T13:35:28Z
WAW-FCO,WAW,FCO,2026-08,outbound,10,2026-08-10,359,ok,2026-04-30T13:35:28Z
WAW-FCO,WAW,FCO,2026-08,outbound,11,2026-08-11,269,ok,2026-04-30T13:35:28Z
WAW-FCO,WAW,FCO,2026-08,outbound,12,2026-08-12,309,ok,2026-04-30T13:35:28Z
WAW-FCO,WAW,FCO,2026-08,outbound,13,2026-08-13,449,ok,2026-04-30T13:35:28Z
WAW-FCO,WAW,FCO,2026-08,outbound,14,2026-08-14,359,ok,2026-04-30T13:35:28Z
WAW-FCO,WAW,FCO,2026-08,outbound,15,2026-08-15,359,ok,2026-04-30T13:35:28Z
WAW-FCO,WAW,FCO,2026-08,outbound,16,2026-08-16,449,ok,2026-04-30T13:35:28Z
WAW-FCO,WAW,FCO,2026-08,outbound,17,2026-08-17,289,ok,2026-04-30T13:35:28Z
WAW-FCO,WAW,FCO,2026-08,outbound,18,2026-08-18,309,ok,2026-04-30T13:35:28Z
WAW-FCO,WAW,FCO,2026-08,outbound,19,2026-08-19,309,ok,2026-04-30T13:35:28Z
WAW-FCO,WAW,FCO,2026-08,outbound,20,2026-08-20,249,ok,2026-04-30T13:35:28Z
WAW-FCO,WAW,FCO,2026-08,outbound,21,2026-08-21,249,ok,2026-04-30T13:35:28Z
WAW-FCO,WAW,FCO,2026-08,outbound,22,2026-08-22,309,ok,2026-04-30T13:35:28Z
WAW-FCO,WAW,FCO,2026-08,outbound,23,2026-08-23,309,ok,2026-04-30T13:35:28Z
WAW-FCO,WAW,FCO,2026-08,outbound,24,2026-08-24,309,ok,2026-04-30T13:35:28Z
WAW-FCO,WAW,FCO,2026-08,outbound,25,2026-08-25,359,ok,2026-04-30T13:35:28Z
WAW-FCO,WAW,FCO,2026-08,outbound,26,2026-08-26,509,ok,2026-04-30T13:35:28Z
WAW-FCO,WAW,FCO,2026-08,outbound,27,2026-08-27,449,ok,2026-04-30T13:35:28Z
WAW-FCO,WAW,FCO,2026-08,outbound,28,2026-08-28,359,ok,2026-04-30T13:35:28Z
WAW-FCO,WAW,FCO,2026-08,outbound,29,2026-08-29,309,ok,2026-04-30T13:35:28Z
WAW-FCO,WAW,FCO,2026-08,outbound,30,2026-08-30,449,ok,2026-04-30T13:35:28Z
WAW-FCO,WAW,FCO,2026-08,outbound,31,2026-08-31,399,ok,2026-04-30T13:35:28Z
WAW-FCO,WAW,FCO,2026-08,return,1,2026-08-01,399,ok,2026-04-30T13:35:28Z
WAW-FCO,WAW,FCO,2026-08,return,2,2026-08-02,269,ok,2026-04-30T13:35:28Z
WAW-FCO,WAW,FCO,2026-08,return,3,2026-08-03,269,ok,2026-04-30T13:35:28Z
WAW-FCO,WAW,FCO,2026-08,return,4,2026-08-04,269,ok,2026-04-30T13:35:28Z
WAW-FCO,WAW,FCO,2026-08,return,5,2026-08-05,289,ok,2026-04-30T13:35:28Z
WAW-FCO,WAW,FCO,2026-08,return,6,2026-08-06,269,ok,2026-04-30T13:35:28Z
WAW-FCO,WAW,FCO,2026-08,return,7,2026-08-07,289,ok,2026-04-30T13:35:28Z
WAW-FCO,WAW,FCO,2026-08,return,8,2026-08-08,289,ok,2026-04-30T13:35:28Z
WAW-FCO,WAW,FCO,2026-08,return,9,2026-08-09,289,ok,2026-04-30T13:35:28Z
WAW-FCO,WAW,FCO,2026-08,return,10,2026-08-10,359,ok,2026-04-30T13:35:28Z
WAW-FCO,WAW,FCO,2026-08,return,11,2026-08-11,269,ok,2026-04-30T13:35:28Z
WAW-FCO,WAW,FCO,2026-08,return,12,2026-08-12,309,ok,2026-04-30T13:35:28Z
WAW-FCO,WAW,FCO,2026-08,return,13,2026-08-13,449,ok,2026-04-30T13:35:28Z
WAW-FCO,WAW,FCO,2026-08,return,14,2026-08-14,359,ok,2026-04-30T13:35:28Z
WAW-FCO,WAW,FCO,2026-08,return,15,2026-08-15,359,ok,2026-04-30T13:35:28Z
WAW-FCO,WAW,FCO,2026-08,return,16,2026-08-16,449,ok,2026-04-30T13:35:28Z
WAW-FCO,WAW,FCO,2026-08,return,17,2026-08-17,289,ok,2026-04-30T13:35:28Z
WAW-FCO,WAW,FCO,2026-08,return,18,2026-08-18,309,ok,2026-04-30T13:35:28Z
WAW-FCO,WAW,FCO,2026-08,return,19,2026-08-19,309,ok,2026-04-30T13:35:28Z
WAW-FCO,WAW,FCO,2026-08,return,20,2026-08-20,249,ok,2026-04-30T13:35:28Z
WAW-FCO,WAW,FCO,2026-08,return,21,2026-08-21,249,ok,2026-04-30T13:35:28Z
WAW-FCO,WAW,FCO,2026-08,return,22,2026-08-22,309,ok,2026-04-30T13:35:28Z
WAW-FCO,WAW,FCO,2026-08,return,23,2026-08-23,309,ok,2026-04-30T13:35:28Z
WAW-FCO,WAW,FCO,2026-08,return,24,2026-08-24,309,ok,2026-04-30T13:35:28Z
WAW-FCO,WAW,FCO,2026-08,return,25,2026-08-25,359,ok,2026-04-30T13:35:28Z
WAW-FCO,WAW,FCO,2026-08,return,26,2026-08-26,509,ok,2026-04-30T13:35:28Z
WAW-FCO,WAW,FCO,2026-08,return,27,2026-08-27,449,ok,2026-04-30T13:35:28Z
WAW-FCO,WAW,FCO,2026-08,return,28,2026-08-28,359,ok,2026-04-30T13:35:28Z
WAW-FCO,WAW,FCO,2026-08,return,29,2026-08-29,309,ok,2026-04-30T13:35:28Z
WAW-FCO,WAW,FCO,2026-08,return,30,2026-08-30,449,ok,2026-04-30T13:35:28Z
WAW-FCO,WAW,FCO,2026-08,return,31,2026-08-31,399,ok,2026-04-30T13:35:28Z
WAW-MXP,WAW,MXP,2026-05,outbound,1,2026-05-01,269,ok,2026-04-30T13:35:28Z
WAW-MXP,WAW,MXP,2026-05,outbound,2,2026-05-02,449,ok,2026-04-30T13:35:28Z
WAW-MXP,WAW,MXP,2026-05,outbound,3,2026-05-03,449,ok,2026-04-30T13:35:28Z
WAW-MXP,WAW,MXP,2026-05,outbound,4,2026-05-04,269,ok,2026-04-30T13:35:28Z
WAW-MXP,WAW,MXP,2026-05,outbound,5,2026-05-05,209,ok,2026-04-30T13:35:28Z
WAW-MXP,WAW,MXP,2026-05,outbound,6,2026-05-06,129,ok,2026-04-30T13:35:28Z
WAW-MXP,WAW,MXP,2026-05,outbound,7,2026-05-07,209,ok,2026-04-30T13:35:28Z
WAW-MXP,WAW,MXP,2026-05,outbound,8,2026-05-08,289,ok,2026-04-30T13:35:28Z
WAW-MXP,WAW,MXP,2026-05,outbound,9,2026-05-09,289,ok,2026-04-30T13:35:28Z
WAW-MXP,WAW,MXP,2026-05,outbound,10,2026-05-10,249,ok,2026-04-30T13:35:28Z
WAW-MXP,WAW,MXP,2026-05,outbound,11,2026-05-11,179,ok,2026-04-30T13:35:28Z
WAW-MXP,WAW,MXP,2026-05,outbound,12,2026-05-12,109,ok,2026-04-30T13:35:28Z
WAW-MXP,WAW,MXP,2026-05,outbound,13,2026-05-13,89,ok,2026-04-30T13:35:28Z
WAW-MXP,WAW,MXP,2026-05,outbound,14,2026-05-14,109,ok,2026-04-30T13:35:28Z
WAW-MXP,WAW,MXP,2026-05,outbound,15,2026-05-15,249,ok,2026-04-30T13:35:28Z
WAW-MXP,WAW,MXP,2026-05,outbound,16,2026-05-16,159,ok,2026-04-30T13:35:28Z
WAW-MXP,WAW,MXP,2026-05,outbound,17,2026-05-17,209,ok,2026-04-30T13:35:28Z
WAW-MXP,WAW,MXP,2026-05,outbound,18,2026-05-18,139,ok,2026-04-30T13:35:28Z
WAW-MXP,WAW,MXP,2026-05,outbound,19,2026-05-19,109,ok,2026-04-30T13:35:28Z
WAW-MXP,WAW,MXP,2026-05,outbound,20,2026-05-20,89,ok,2026-04-30T13:35:28Z
WAW-MXP,WAW,MXP,2026-05,outbound,21,2026-05-21,209,ok,2026-04-30T13:35:28Z
WAW-MXP,WAW,MXP,2026-05,outbound,22,2026-05-22,179,ok,2026-04-30T13:35:28Z
WAW-MXP,WAW,MXP,2026-05,outbound,23,2026-05-23,129,ok,2026-04-30T13:35:28Z
WAW-MXP,WAW,MXP,2026-05,outbound,24,2026-05-24,179,ok,2026-04-30T13:35:28Z
WAW-MXP,WAW,MXP,2026-05,outbound,25,2026-05-25,209,ok,2026-04-30T13:35:28Z
WAW-MXP,WAW,MXP,2026-05,outbound,26,2026-05-26,109,ok,2026-04-30T13:35:28Z
WAW-MXP,WAW,MXP,2026-05,outbound,27,2026-05-27,89,ok,2026-04-30T13:35:28Z
WAW-MXP,WAW,MXP,2026-05,outbound,28,2026-05-28,109,ok,2026-04-30T13:35:28Z
WAW-MXP,WAW,MXP,2026-05,outbound,29,2026-05-29,139,ok,2026-04-30T13:35:28Z
WAW-MXP,WAW,MXP,2026-05,outbound,30,2026-05-30,249,ok,2026-04-30T13:35:28Z
WAW-MXP,WAW,MXP,2026-05,outbound,31,2026-05-31,179,ok,2026-04-30T13:35:28Z
WAW-MXP,WAW,MXP,2026-05,return,1,2026-05-01,269,ok,2026-04-30T13:35:28Z
WAW-MXP,WAW,MXP,2026-05,return,2,2026-05-02,449,ok,2026-04-30T13:35:28Z
WAW-MXP,WAW,MXP,2026-05,return,3,2026-05-03,449,ok,2026-04-30T13:35:28Z
WAW-MXP,WAW,MXP,2026-05,return,4,2026-05-04,269,ok,2026-04-30T13:35:28Z
WAW-MXP,WAW,MXP,2026-05,return,5,2026-05-05,209,ok,2026-04-30T13:35:28Z
WAW-MXP,WAW,MXP,2026-05,return,6,2026-05-06,129,ok,2026-04-30T13:35:28Z
WAW-MXP,WAW,MXP,2026-05,return,7,2026-05-07,209,ok,2026-04-30T13:35:28Z
WAW-MXP,WAW,MXP,2026-05,return,8,2026-05-08,289,ok,2026-04-30T13:35:28Z
WAW-MXP,WAW,MXP,2026-05,return,9,2026-05-09,289,ok,2026-04-30T13:35:28Z
WAW-MXP,WAW,MXP,2026-05,return,10,2026-05-10,249,ok,2026-04-30T13:35:28Z
WAW-MXP,WAW,MXP,2026-05,return,11,2026-05-11,179,ok,2026-04-30T13:35:28Z
WAW-MXP,WAW,MXP,2026-05,return,12,2026-05-12,109,ok,2026-04-30T13:35:28Z
WAW-MXP,WAW,MXP,2026-05,return,13,2026-05-13,89,ok,2026-04-30T13:35:28Z
WAW-MXP,WAW,MXP,2026-05,return,14,2026-05-14,109,ok,2026-04-30T13:35:28Z
WAW-MXP,WAW,MXP,2026-05,return,15,2026-05-15,249,ok,2026-04-30T13:35:28Z
WAW-MXP,WAW,MXP,2026-05,return,16,2026-05-16,159,ok,2026-04-30T13:35:28Z
WAW-MXP,WAW,MXP,2026-05,return,17,2026-05-17,209,ok,2026-04-30T13:35:28Z
WAW-MXP,WAW,MXP,2026-05,return,18,2026-05-18,139,ok,2026-04-30T13:35:28Z
WAW-MXP,WAW,MXP,2026-05,return,19,2026-05-19,109,ok,2026-04-30T13:35:28Z
WAW-MXP,WAW,MXP,2026-05,return,20,2026-05-20,89,ok,2026-04-30T13:35:28Z
WAW-MXP,WAW,MXP,2026-05,return,21,2026-05-21,209,ok,2026-04-30T13:35:28Z
WAW-MXP,WAW,MXP,2026-05,return,22,2026-05-22,179,ok,2026-04-30T13:35:28Z
WAW-MXP,WAW,MXP,2026-05,return,23,2026-05-23,129,ok,2026-04-30T13:35:28Z
WAW-MXP,WAW,MXP,2026-05,return,24,2026-05-24,179,ok,2026-04-30T13:35:28Z
WAW-MXP,WAW,MXP,2026-05,return,25,2026-05-25,209,ok,2026-04-30T13:35:28Z
WAW-MXP,WAW,MXP,2026-05,return,26,2026-05-26,109,ok,2026-04-30T13:35:28Z
WAW-MXP,WAW,MXP,2026-05,return,27,2026-05-27,89,ok,2026-04-30T13:35:28Z
WAW-MXP,WAW,MXP,2026-05,return,28,2026-05-28,109,ok,2026-04-30T13:35:28Z
WAW-MXP,WAW,MXP,2026-05,return,29,2026-05-29,139,ok,2026-04-30T13:35:28Z
WAW-MXP,WAW,MXP,2026-05,return,30,2026-05-30,249,ok,2026-04-30T13:35:28Z
WAW-MXP,WAW,MXP,2026-05,return,31,2026-05-31,179,ok,2026-04-30T13:35:28Z
WAW-MXP,WAW,MXP,2026-06,outbound,1,2026-06-01,129,ok,2026-04-30T13:35:28Z
WAW-MXP,WAW,MXP,2026-06,outbound,2,2026-06-02,99,ok,2026-04-30T13:35:28Z
WAW-MXP,WAW,MXP,2026-06,outbound,3,2026-06-03,249,ok,2026-04-30T13:35:28Z
WAW-MXP,WAW,MXP,2026-06,outbound,4,2026-06-04,249,ok,2026-04-30T13:35:28Z
WAW-MXP,WAW,MXP,2026-06,outbound,5,2026-06-05,99,ok,2026-04-30T13:35:28Z
WAW-MXP,WAW,MXP,2026-06,outbound,6,2026-06-06,129,ok,2026-04-30T13:35:28Z
WAW-MXP,WAW,MXP,2026-06,outbound,7,2026-06-07,289,ok,2026-04-30T13:35:28Z
WAW-MXP,WAW,MXP,2026-06,outbound,8,2026-06-08,179,ok,2026-04-30T13:35:28Z
WAW-MXP,WAW,MXP,2026-06,outbound,9,2026-06-09,129,ok,2026-04-30T13:35:28Z
WAW-MXP,WAW,MXP,2026-06,outbound,10,2026-06-10,89,ok,2026-04-30T13:35:28Z
WAW-MXP,WAW,MXP,2026-06,outbound,11,2026-06-11,109,ok,2026-04-30T13:35:28Z
WAW-MXP,WAW,MXP,2026-06,outbound,12,2026-06-12,89,ok,2026-04-30T13:35:28Z
WAW-MXP,WAW,MXP,2026-06,outbound,13,2026-06-13,109,ok,2026-04-30T13:35:28Z
WAW-MXP,WAW,MXP,2026-06,outbound,14,2026-06-14,89,ok,2026-04-30T13:35:28Z
WAW-MXP,WAW,MXP,2026-06,outbound,15,2026-06-15,109,ok,2026-04-30T13:35:28Z
WAW-MXP,WAW,MXP,2026-06,outbound,16,2026-06-16,89,ok,2026-04-30T13:35:28Z
WAW-MXP,WAW,MXP,2026-06,outbound,17,2026-06-17,109,ok,2026-04-30T13:35:28Z
WAW-MXP,WAW,MXP,2026-06,outbound,18,2026-06-18,109,ok,2026-04-30T13:35:28Z
WAW-MXP,WAW,MXP,2026-06,outbound,19,2026-06-19,99,ok,2026-04-30T13:35:28Z
WAW-MXP,WAW,MXP,2026-06,outbound,20,2026-06-20,99,ok,2026-04-30T13:35:28Z
WAW-MXP,WAW,MXP,2026-06,outbound,21,2026-06-21,109,ok,2026-04-30T13:35:28Z
WAW-MXP,WAW,MXP,2026-06,outbound,22,2026-06-22,109,ok,2026-04-30T13:35:28Z
WAW-MXP,WAW,MXP,2026-06,outbound,23,2026-06-23,109,ok,2026-04-30T13:35:28Z
WAW-MXP,WAW,MXP,2026-06,outbound,24,2026-06-24,109,ok,2026-04-30T13:35:28Z
WAW-MXP,WAW,MXP,2026-06,outbound,25,2026-06-25,139,ok,2026-04-30T13:35:28Z
WAW-MXP,WAW,MXP,2026-06,outbound,26,2026-06-26,109,ok,2026-04-30T13:35:28Z
WAW-MXP,WAW,MXP,2026-06,outbound,27,2026-06-27,99,ok,2026-04-30T13:35:28Z
WAW-MXP,WAW,MXP,2026-06,outbound,28,2026-06-28,139,ok,2026-04-30T13:35:28Z
WAW-MXP,WAW,MXP,2026-06,outbound,29,2026-06-29,109,ok,2026-04-30T13:35:28Z
WAW-MXP,WAW,MXP,2026-06,outbound,30,2026-06-30,109,ok,2026-04-30T13:35:28Z
WAW-MXP,WAW,MXP,2026-06,return,1,2026-06-01,129,ok,2026-04-30T13:35:28Z
WAW-MXP,WAW,MXP,2026-06,return,2,2026-06-02,99,ok,2026-04-30T13:35:28Z
WAW-MXP,WAW,MXP,2026-06,return,3,2026-06-03,249,ok,2026-04-30T13:35:28Z
WAW-MXP,WAW,MXP,2026-06,return,4,2026-06-04,249,ok,2026-04-30T13:35:28Z
WAW-MXP,WAW,MXP,2026-06,return,5,2026-06-05,99,ok,2026-04-30T13:35:28Z
WAW-MXP,WAW,MXP,2026-06,return,6,2026-06-06,129,ok,2026-04-30T13:35:28Z
WAW-MXP,WAW,MXP,2026-06,return,7,2026-06-07,289,ok,2026-04-30T13:35:28Z
WAW-MXP,WAW,MXP,2026-06,return,8,2026-06-08,179,ok,2026-04-30T13:35:28Z
WAW-MXP,WAW,MXP,2026-06,return,9,2026-06-09,129,ok,2026-04-30T13:35:28Z
WAW-MXP,WAW,MXP,2026-06,return,10,2026-06-10,89,ok,2026-04-30T13:35:28Z
WAW-MXP,WAW,MXP,2026-06,return,11,2026-06-11,109,ok,2026-04-30T13:35:28Z
WAW-MXP,WAW,MXP,2026-06,return,12,2026-06-12,89,ok,2026-04-30T13:35:28Z
WAW-MXP,WAW,MXP,2026-06,return,13,2026-06-13,109,ok,2026-04-30T13:35:28Z
WAW-MXP,WAW,MXP,2026-06,return,14,2026-06-14,89,ok,2026-04-30T13:35:28Z
WAW-MXP,WAW,MXP,2026-06,return,15,2026-06-15,109,ok,2026-04-30T13:35:28Z
WAW-MXP,WAW,MXP,2026-06,return,16,2026-06-16,89,ok,2026-04-30T13:35:28Z
WAW-MXP,WAW,MXP,2026-06,return,17,2026-06-17,109,ok,2026-04-30T13:35:28Z
WAW-MXP,WAW,MXP,2026-06,return,18,2026-06-18,109,ok,2026-04-30T13:35:28Z
WAW-MXP,WAW,MXP,2026-06,return,19,2026-06-19,99,ok,2026-04-30T13:35:28Z
WAW-MXP,WAW,MXP,2026-06,return,20,2026-06-20,99,ok,2026-04-30T13:35:28Z
WAW-MXP,WAW,MXP,2026-06,return,21,2026-06-21,109,ok,2026-04-30T13:35:28Z
WAW-MXP,WAW,MXP,2026-06,return,22,2026-06-22,109,ok,2026-04-30T13:35:28Z
WAW-MXP,WAW,MXP,2026-06,return,23,2026-06-23,109,ok,2026-04-30T13:35:28Z
WAW-MXP,WAW,MXP,2026-06,return,24,2026-06-24,109,ok,2026-04-30T13:35:28Z
WAW-MXP,WAW,MXP,2026-06,return,25,2026-06-25,139,ok,2026-04-30T13:35:28Z
WAW-MXP,WAW,MXP,2026-06,return,26,2026-06-26,109,ok,2026-04-30T13:35:28Z
WAW-MXP,WAW,MXP,2026-06,return,27,2026-06-27,99,ok,2026-04-30T13:35:28Z
WAW-MXP,WAW,MXP,2026-06,return,28,2026-06-28,139,ok,2026-04-30T13:35:28Z
WAW-MXP,WAW,MXP,2026-06,return,29,2026-06-29,109,ok,2026-04-30T13:35:28Z
WAW-MXP,WAW,MXP,2026-06,return,30,2026-06-30,109,ok,2026-04-30T13:35:28Z
WAW-MXP,WAW,MXP,2026-07,outbound,1,2026-07-01,89,ok,2026-04-30T13:35:28Z
WAW-MXP,WAW,MXP,2026-07,outbound,2,2026-07-02,109,ok,2026-04-30T13:35:28Z
WAW-MXP,WAW,MXP,2026-07,outbound,3,2026-07-03,89,ok,2026-04-30T13:35:28Z
WAW-MXP,WAW,MXP,2026-07,outbound,4,2026-07-04,109,ok,2026-04-30T13:35:28Z
WAW-MXP,WAW,MXP,2026-07,outbound,5,2026-07-05,129,ok,2026-04-30T13:35:28Z
WAW-MXP,WAW,MXP,2026-07,outbound,6,2026-07-06,89,ok,2026-04-30T13:35:28Z
WAW-MXP,WAW,MXP,2026-07,outbound,7,2026-07-07,129,ok,2026-04-30T13:35:28Z
WAW-MXP,WAW,MXP,2026-07,outbound,8,2026-07-08,89,ok,2026-04-30T13:35:28Z
WAW-MXP,WAW,MXP,2026-07,outbound,9,2026-07-09,89,ok,2026-04-30T13:35:28Z
WAW-MXP,WAW,MXP,2026-07,outbound,10,2026-07-10,69,ok,2026-04-30T13:35:28Z
WAW-MXP,WAW,MXP,2026-07,outbound,11,2026-07-11,89,ok,2026-04-30T13:35:28Z
WAW-MXP,WAW,MXP,2026-07,outbound,12,2026-07-12,109,ok,2026-04-30T13:35:28Z
WAW-MXP,WAW,MXP,2026-07,outbound,13,2026-07-13,89,ok,2026-04-30T13:35:28Z
WAW-MXP,WAW,MXP,2026-07,outbound,14,2026-07-14,109,ok,2026-04-30T13:35:28Z
WAW-MXP,WAW,MXP,2026-07,outbound,15,2026-07-15,139,ok,2026-04-30T13:35:28Z
WAW-MXP,WAW,MXP,2026-07,outbound,16,2026-07-16,89,ok,2026-04-30T13:35:28Z
WAW-MXP,WAW,MXP,2026-07,outbound,17,2026-07-17,109,ok,2026-04-30T13:35:28Z
WAW-MXP,WAW,MXP,2026-07,outbound,18,2026-07-18,159,ok,2026-04-30T13:35:28Z
WAW-MXP,WAW,MXP,2026-07,outbound,19,2026-07-19,109,ok,2026-04-30T13:35:28Z
WAW-MXP,WAW,MXP,2026-07,outbound,20,2026-07-20,89,ok,2026-04-30T13:35:28Z
WAW-MXP,WAW,MXP,2026-07,outbound,21,2026-07-21,109,ok,2026-04-30T13:35:28Z
WAW-MXP,WAW,MXP,2026-07,outbound,22,2026-07-22,109,ok,2026-04-30T13:35:28Z
WAW-MXP,WAW,MXP,2026-07,outbound,23,2026-07-23,89,ok,2026-04-30T13:35:28Z
WAW-MXP,WAW,MXP,2026-07,outbound,24,2026-07-24,129,ok,2026-04-30T13:35:28Z
WAW-MXP,WAW,MXP,2026-07,outbound,25,2026-07-25,159,ok,2026-04-30T13:35:28Z
WAW-MXP,WAW,MXP,2026-07,outbound,26,2026-07-26,89,ok,2026-04-30T13:35:28Z
WAW-MXP,WAW,MXP,2026-07,outbound,27,2026-07-27,129,ok,2026-04-30T13:35:28Z
WAW-MXP,WAW,MXP,2026-07,outbound,28,2026-07-28,129,ok,2026-04-30T13:35:28Z
WAW-MXP,WAW,MXP,2026-07,outbound,29,2026-07-29,129,ok,2026-04-30T13:35:28Z
WAW-MXP,WAW,MXP,2026-07,outbound,30,2026-07-30,139,ok,2026-04-30T13:35:28Z
WAW-MXP,WAW,MXP,2026-07,outbound,31,2026-07-31,109,ok,2026-04-30T13:35:28Z
WAW-MXP,WAW,MXP,2026-07,return,1,2026-07-01,89,ok,2026-04-30T13:35:28Z
WAW-MXP,WAW,MXP,2026-07,return,2,2026-07-02,109,ok,2026-04-30T13:35:28Z
WAW-MXP,WAW,MXP,2026-07,return,3,2026-07-03,89,ok,2026-04-30T13:35:28Z
WAW-MXP,WAW,MXP,2026-07,return,4,2026-07-04,109,ok,2026-04-30T13:35:28Z
WAW-MXP,WAW,MXP,2026-07,return,5,2026-07-05,129,ok,2026-04-30T13:35:28Z
WAW-MXP,WAW,MXP,2026-07,return,6,2026-07-06,89,ok,2026-04-30T13:35:28Z
WAW-MXP,WAW,MXP,2026-07,return,7,2026-07-07,129,ok,2026-04-30T13:35:28Z
WAW-MXP,WAW,MXP,2026-07,return,8,2026-07-08,89,ok,2026-04-30T13:35:28Z
WAW-MXP,WAW,MXP,2026-07,return,9,2026-07-09,89,ok,2026-04-30T13:35:28Z
WAW-MXP,WAW,MXP,2026-07,return,10,2026-07-10,69,ok,2026-04-30T13:35:28Z
WAW-MXP,WAW,MXP,2026-07,return,11,2026-07-11,89,ok,2026-04-30T13:35:28Z
WAW-MXP,WAW,MXP,2026-07,return,12,2026-07-12,109,ok,2026-04-30T13:35:28Z
WAW-MXP,WAW,MXP,2026-07,return,13,2026-07-13,89,ok,2026-04-30T13:35:28Z
WAW-MXP,WAW,MXP,2026-07,return,14,2026-07-14,109,ok,2026-04-30T13:35:28Z
WAW-MXP,WAW,MXP,2026-07,return,15,2026-07-15,139,ok,2026-04-30T13:35:28Z
WAW-MXP,WAW,MXP,2026-07,return,16,2026-07-16,89,ok,2026-04-30T13:35:28Z
WAW-MXP,WAW,MXP,2026-07,return,17,2026-07-17,109,ok,2026-04-30T13:35:28Z
WAW-MXP,WAW,MXP,2026-07,return,18,2026-07-18,159,ok,2026-04-30T13:35:28Z
WAW-MXP,WAW,MXP,2026-07,return,19,2026-07-19,109,ok,2026-04-30T13:35:28Z
WAW-MXP,WAW,MXP,2026-07,return,20,2026-07-20,89,ok,2026-04-30T13:35:28Z
WAW-MXP,WAW,MXP,2026-07,return,21,2026-07-21,109,ok,2026-04-30T13:35:28Z
WAW-MXP,WAW,MXP,2026-07,return,22,2026-07-22,109,ok,2026-04-30T13:35:28Z
WAW-MXP,WAW,MXP,2026-07,return,23,2026-07-23,89,ok,2026-04-30T13:35:28Z
WAW-MXP,WAW,MXP,2026-07,return,24,2026-07-24,129,ok,2026-04-30T13:35:28Z
WAW-MXP,WAW,MXP,2026-07,return,25,2026-07-25,159,ok,2026-04-30T13:35:28Z
WAW-MXP,WAW,MXP,2026-07,return,26,2026-07-26,89,ok,2026-04-30T13:35:28Z
WAW-MXP,WAW,MXP,2026-07,return,27,2026-07-27,129,ok,2026-04-30T13:35:28Z
WAW-MXP,WAW,MXP,2026-07,return,28,2026-07-28,129,ok,2026-04-30T13:35:28Z
WAW-MXP,WAW,MXP,2026-07,return,29,2026-07-29,129,ok,2026-04-30T13:35:28Z
WAW-MXP,WAW,MXP,2026-07,return,30,2026-07-30,139,ok,2026-04-30T13:35:28Z
WAW-MXP,WAW,MXP,2026-07,return,31,2026-07-31,109,ok,2026-04-30T13:35:28Z
WAW-MXP,WAW,MXP,2026-08,outbound,1,2026-08-01,209,ok,2026-04-30T13:35:28Z
WAW-MXP,WAW,MXP,2026-08,outbound,2,2026-08-02,179,ok,2026-04-30T13:35:28Z
WAW-MXP,WAW,MXP,2026-08,outbound,3,2026-08-03,159,ok,2026-04-30T13:35:28Z
WAW-MXP,WAW,MXP,2026-08,outbound,4,2026-08-04,109,ok,2026-04-30T13:35:28Z
WAW-MXP,WAW,MXP,2026-08,outbound,5,2026-08-05,129,ok,2026-04-30T13:35:28Z
WAW-MXP,WAW,MXP,2026-08,outbound,6,2026-08-06,109,ok,2026-04-30T13:35:28Z
WAW-MXP,WAW,MXP,2026-08,outbound,7,2026-08-07,159,ok,2026-04-30T13:35:28Z
WAW-MXP,WAW,MXP,2026-08,outbound,8,2026-08-08,159,ok,2026-04-30T13:35:28Z
WAW-MXP,WAW,MXP,2026-08,outbound,9,2026-08-09,139,ok,2026-04-30T13:35:28Z
WAW-MXP,WAW,MXP,2026-08,outbound,10,2026-08-10,109,ok,2026-04-30T13:35:28Z
WAW-MXP,WAW,MXP,2026-08,outbound,11,2026-08-11,129,ok,2026-04-30T13:35:28Z
WAW-MXP,WAW,MXP,2026-08,outbound,12,2026-08-12,109,ok,2026-04-30T13:35:28Z
WAW-MXP,WAW,MXP,2026-08,outbound,13,2026-08-13,139,ok,2026-04-30T13:35:28Z
WAW-MXP,WAW,MXP,2026-08,outbound,14,2026-08-14,139,ok,2026-04-30T13:35:28Z
WAW-MXP,WAW,MXP,2026-08,outbound,15,2026-08-15,159,ok,2026-04-30T13:35:28Z
WAW-MXP,WAW,MXP,2026-08,outbound,16,2026-08-16,129,ok,2026-04-30T13:35:28Z
WAW-MXP,WAW,MXP,2026-08,outbound,17,2026-08-17,179,ok,2026-04-30T13:35:28Z
WAW-MXP,WAW,MXP,2026-08,outbound,18,2026-08-18,139,ok,2026-04-30T13:35:28Z
WAW-MXP,WAW,MXP,2026-08,outbound,19,2026-08-19,129,ok,2026-04-30T13:35:28Z
WAW-MXP,WAW,MXP,2026-08,outbound,20,2026-08-20,139,ok,2026-04-30T13:35:28Z
WAW-MXP,WAW,MXP,2026-08,outbound,21,2026-08-21,159,ok,2026-04-30T13:35:28Z
WAW-MXP,WAW,MXP,2026-08,outbound,22,2026-08-22,219,ok,2026-04-30T13:35:28Z
WAW-MXP,WAW,MXP,2026-08,outbound,23,2026-08-23,269,ok,2026-04-30T13:35:28Z
WAW-MXP,WAW,MXP,2026-08,outbound,24,2026-08-24,139,ok,2026-04-30T13:35:28Z
WAW-MXP,WAW,MXP,2026-08,outbound,25,2026-08-25,209,ok,2026-04-30T13:35:28Z
WAW-MXP,WAW,MXP,2026-08,outbound,26,2026-08-26,109,ok,2026-04-30T13:35:28Z
WAW-MXP,WAW,MXP,2026-08,outbound,27,2026-08-27,109,ok,2026-04-30T13:35:28Z
WAW-MXP,WAW,MXP,2026-08,outbound,28,2026-08-28,109,ok,2026-04-30T13:35:28Z
WAW-MXP,WAW,MXP,2026-08,outbound,29,2026-08-29,249,ok,2026-04-30T13:35:28Z
WAW-MXP,WAW,MXP,2026-08,outbound,30,2026-08-30,269,ok,2026-04-30T13:35:28Z
WAW-MXP,WAW,MXP,2026-08,outbound,31,2026-08-31,129,ok,2026-04-30T13:35:28Z
WAW-MXP,WAW,MXP,2026-08,return,1,2026-08-01,209,ok,2026-04-30T13:35:28Z
WAW-MXP,WAW,MXP,2026-08,return,2,2026-08-02,179,ok,2026-04-30T13:35:28Z
WAW-MXP,WAW,MXP,2026-08,return,3,2026-08-03,159,ok,2026-04-30T13:35:28Z
WAW-MXP,WAW,MXP,2026-08,return,4,2026-08-04,109,ok,2026-04-30T13:35:28Z
WAW-MXP,WAW,MXP,2026-08,return,5,2026-08-05,129,ok,2026-04-30T13:35:28Z
WAW-MXP,WAW,MXP,2026-08,return,6,2026-08-06,109,ok,2026-04-30T13:35:28Z
WAW-MXP,WAW,MXP,2026-08,return,7,2026-08-07,159,ok,2026-04-30T13:35:28Z
WAW-MXP,WAW,MXP,2026-08,return,8,2026-08-08,159,ok,2026-04-30T13:35:28Z
WAW-MXP,WAW,MXP,2026-08,return,9,2026-08-09,139,ok,2026-04-30T13:35:28Z
WAW-MXP,WAW,MXP,2026-08,return,10,2026-08-10,109,ok,2026-04-30T13:35:28Z
WAW-MXP,WAW,MXP,2026-08,return,11,2026-08-11,129,ok,2026-04-30T13:35:28Z
WAW-MXP,WAW,MXP,2026-08,return,12,2026-08-12,109,ok,2026-04-30T13:35:28Z
WAW-MXP,WAW,MXP,2026-08,return,13,2026-08-13,139,ok,2026-04-30T13:35:28Z
WAW-MXP,WAW,MXP,2026-08,return,14,2026-08-14,139,ok,2026-04-30T13:35:28Z
WAW-MXP,WAW,MXP,2026-08,return,15,2026-08-15,159,ok,2026-04-30T13:35:28Z
WAW-MXP,WAW,MXP,2026-08,return,16,2026-08-16,129,ok,2026-04-30T13:35:28Z
WAW-MXP,WAW,MXP,2026-08,return,17,2026-08-17,179,ok,2026-04-30T13:35:28Z
WAW-MXP,WAW,MXP,2026-08,return,18,2026-08-18,139,ok,2026-04-30T13:35:28Z
WAW-MXP,WAW,MXP,2026-08,return,19,2026-08-19,129,ok,2026-04-30T13:35:28Z
WAW-MXP,WAW,MXP,2026-08,return,20,2026-08-20,139,ok,2026-04-30T13:35:28Z
WAW-MXP,WAW,MXP,2026-08,return,21,2026-08-21,159,ok,2026-04-30T13:35:28Z
WAW-MXP,WAW,MXP,2026-08,return,22,2026-08-22,219,ok,2026-04-30T13:35:28Z
WAW-MXP,WAW,MXP,2026-08,return,23,2026-08-23,269,ok,2026-04-30T13:35:28Z
WAW-MXP,WAW,MXP,2026-08,return,24,2026-08-24,139,ok,2026-04-30T13:35:28Z
WAW-MXP,WAW,MXP,2026-08,return,25,2026-08-25,209,ok,2026-04-30T13:35:28Z
WAW-MXP,WAW,MXP,2026-08,return,26,2026-08-26,109,ok,2026-04-30T13:35:28Z
WAW-MXP,WAW,MXP,2026-08,return,27,2026-08-27,109,ok,2026-04-30T13:35:28Z
WAW-MXP,WAW,MXP,2026-08,return,28,2026-08-28,109,ok,2026-04-30T13:35:28Z
WAW-MXP,WAW,MXP,2026-08,return,29,2026-08-29,249,ok,2026-04-30T13:35:28Z
WAW-MXP,WAW,MXP,2026-08,return,30,2026-08-30,269,ok,2026-04-30T13:35:28Z
WAW-MXP,WAW,MXP,2026-08,return,31,2026-08-31,129,ok,2026-04-30T13:35:28Z
WAW-BGY,WAW,BGY,2026-05,outbound,1,2026-05-01,269,ok,2026-04-30T13:35:28Z
WAW-BGY,WAW,BGY,2026-05,outbound,2,2026-05-02,449,ok,2026-04-30T13:35:28Z
WAW-BGY,WAW,BGY,2026-05,outbound,3,2026-05-03,449,ok,2026-04-30T13:35:28Z
WAW-BGY,WAW,BGY,2026-05,outbound,4,2026-05-04,269,ok,2026-04-30T13:35:28Z
WAW-BGY,WAW,BGY,2026-05,outbound,5,2026-05-05,209,ok,2026-04-30T13:35:28Z
WAW-BGY,WAW,BGY,2026-05,outbound,6,2026-05-06,129,ok,2026-04-30T13:35:28Z
WAW-BGY,WAW,BGY,2026-05,outbound,7,2026-05-07,209,ok,2026-04-30T13:35:28Z
WAW-BGY,WAW,BGY,2026-05,outbound,8,2026-05-08,289,ok,2026-04-30T13:35:28Z
WAW-BGY,WAW,BGY,2026-05,outbound,9,2026-05-09,289,ok,2026-04-30T13:35:28Z
WAW-BGY,WAW,BGY,2026-05,outbound,10,2026-05-10,249,ok,2026-04-30T13:35:28Z
WAW-BGY,WAW,BGY,2026-05,outbound,11,2026-05-11,179,ok,2026-04-30T13:35:28Z
WAW-BGY,WAW,BGY,2026-05,outbound,12,2026-05-12,109,ok,2026-04-30T13:35:28Z
WAW-BGY,WAW,BGY,2026-05,outbound,13,2026-05-13,89,ok,2026-04-30T13:35:28Z
WAW-BGY,WAW,BGY,2026-05,outbound,14,2026-05-14,109,ok,2026-04-30T13:35:28Z
WAW-BGY,WAW,BGY,2026-05,outbound,15,2026-05-15,249,ok,2026-04-30T13:35:28Z
WAW-BGY,WAW,BGY,2026-05,outbound,16,2026-05-16,159,ok,2026-04-30T13:35:28Z
WAW-BGY,WAW,BGY,2026-05,outbound,17,2026-05-17,209,ok,2026-04-30T13:35:28Z
WAW-BGY,WAW,BGY,2026-05,outbound,18,2026-05-18,139,ok,2026-04-30T13:35:28Z
WAW-BGY,WAW,BGY,2026-05,outbound,19,2026-05-19,109,ok,2026-04-30T13:35:28Z
WAW-BGY,WAW,BGY,2026-05,outbound,20,2026-05-20,89,ok,2026-04-30T13:35:28Z
WAW-BGY,WAW,BGY,2026-05,outbound,21,2026-05-21,209,ok,2026-04-30T13:35:28Z
WAW-BGY,WAW,BGY,2026-05,outbound,22,2026-05-22,179,ok,2026-04-30T13:35:28Z
WAW-BGY,WAW,BGY,2026-05,outbound,23,2026-05-23,129,ok,2026-04-30T13:35:28Z
WAW-BGY,WAW,BGY,2026-05,outbound,24,2026-05-24,179,ok,2026-04-30T13:35:28Z
WAW-BGY,WAW,BGY,2026-05,outbound,25,2026-05-25,209,ok,2026-04-30T13:35:28Z
WAW-BGY,WAW,BGY,2026-05,outbound,26,2026-05-26,109,ok,2026-04-30T13:35:28Z
WAW-BGY,WAW,BGY,2026-05,outbound,27,2026-05-27,89,ok,2026-04-30T13:35:28Z
WAW-BGY,WAW,BGY,2026-05,outbound,28,2026-05-28,109,ok,2026-04-30T13:35:28Z
WAW-BGY,WAW,BGY,2026-05,outbound,29,2026-05-29,139,ok,2026-04-30T13:35:28Z
WAW-BGY,WAW,BGY,2026-05,outbound,30,2026-05-30,249,ok,2026-04-30T13:35:28Z
WAW-BGY,WAW,BGY,2026-05,outbound,31,2026-05-31,179,ok,2026-04-30T13:35:28Z
WAW-BGY,WAW,BGY,2026-05,return,1,2026-05-01,269,ok,2026-04-30T13:35:28Z
WAW-BGY,WAW,BGY,2026-05,return,2,2026-05-02,449,ok,2026-04-30T13:35:28Z
WAW-BGY,WAW,BGY,2026-05,return,3,2026-05-03,449,ok,2026-04-30T13:35:28Z
WAW-BGY,WAW,BGY,2026-05,return,4,2026-05-04,269,ok,2026-04-30T13:35:28Z
WAW-BGY,WAW,BGY,2026-05,return,5,2026-05-05,209,ok,2026-04-30T13:35:28Z
WAW-BGY,WAW,BGY,2026-05,return,6,2026-05-06,129,ok,2026-04-30T13:35:28Z
WAW-BGY,WAW,BGY,2026-05,return,7,2026-05-07,209,ok,2026-04-30T13:35:28Z
WAW-BGY,WAW,BGY,2026-05,return,8,2026-05-08,289,ok,2026-04-30T13:35:28Z
WAW-BGY,WAW,BGY,2026-05,return,9,2026-05-09,289,ok,2026-04-30T13:35:28Z
WAW-BGY,WAW,BGY,2026-05,return,10,2026-05-10,249,ok,2026-04-30T13:35:28Z
WAW-BGY,WAW,BGY,2026-05,return,11,2026-05-11,179,ok,2026-04-30T13:35:28Z
WAW-BGY,WAW,BGY,2026-05,return,12,2026-05-12,109,ok,2026-04-30T13:35:28Z
WAW-BGY,WAW,BGY,2026-05,return,13,2026-05-13,89,ok,2026-04-30T13:35:28Z
WAW-BGY,WAW,BGY,2026-05,return,14,2026-05-14,109,ok,2026-04-30T13:35:28Z
WAW-BGY,WAW,BGY,2026-05,return,15,2026-05-15,249,ok,2026-04-30T13:35:28Z
WAW-BGY,WAW,BGY,2026-05,return,16,2026-05-16,159,ok,2026-04-30T13:35:28Z
WAW-BGY,WAW,BGY,2026-05,return,17,2026-05-17,209,ok,2026-04-30T13:35:28Z
WAW-BGY,WAW,BGY,2026-05,return,18,2026-05-18,139,ok,2026-04-30T13:35:28Z
WAW-BGY,WAW,BGY,2026-05,return,19,2026-05-19,109,ok,2026-04-30T13:35:28Z
WAW-BGY,WAW,BGY,2026-05,return,20,2026-05-20,89,ok,2026-04-30T13:35:28Z
WAW-BGY,WAW,BGY,2026-05,return,21,2026-05-21,209,ok,2026-04-30T13:35:28Z
WAW-BGY,WAW,BGY,2026-05,return,22,2026-05-22,179,ok,2026-04-30T13:35:28Z
WAW-BGY,WAW,BGY,2026-05,return,23,2026-05-23,129,ok,2026-04-30T13:35:28Z
WAW-BGY,WAW,BGY,2026-05,return,24,2026-05-24,179,ok,2026-04-30T13:35:28Z
WAW-BGY,WAW,BGY,2026-05,return,25,2026-05-25,209,ok,2026-04-30T13:35:28Z
WAW-BGY,WAW,BGY,2026-05,return,26,2026-05-26,109,ok,2026-04-30T13:35:28Z
WAW-BGY,WAW,BGY,2026-05,return,27,2026-05-27,89,ok,2026-04-30T13:35:28Z
WAW-BGY,WAW,BGY,2026-05,return,28,2026-05-28,109,ok,2026-04-30T13:35:28Z
WAW-BGY,WAW,BGY,2026-05,return,29,2026-05-29,139,ok,2026-04-30T13:35:28Z
WAW-BGY,WAW,BGY,2026-05,return,30,2026-05-30,249,ok,2026-04-30T13:35:28Z
WAW-BGY,WAW,BGY,2026-05,return,31,2026-05-31,179,ok,2026-04-30T13:35:28Z
WAW-BGY,WAW,BGY,2026-06,outbound,1,2026-06-01,129,ok,2026-04-30T13:35:28Z
WAW-BGY,WAW,BGY,2026-06,outbound,2,2026-06-02,99,ok,2026-04-30T13:35:28Z
WAW-BGY,WAW,BGY,2026-06,outbound,3,2026-06-03,249,ok,2026-04-30T13:35:28Z
WAW-BGY,WAW,BGY,2026-06,outbound,4,2026-06-04,249,ok,2026-04-30T13:35:28Z
WAW-BGY,WAW,BGY,2026-06,outbound,5,2026-06-05,99,ok,2026-04-30T13:35:28Z
WAW-BGY,WAW,BGY,2026-06,outbound,6,2026-06-06,129,ok,2026-04-30T13:35:28Z
WAW-BGY,WAW,BGY,2026-06,outbound,7,2026-06-07,289,ok,2026-04-30T13:35:28Z
WAW-BGY,WAW,BGY,2026-06,outbound,8,2026-06-08,179,ok,2026-04-30T13:35:28Z
WAW-BGY,WAW,BGY,2026-06,outbound,9,2026-06-09,129,ok,2026-04-30T13:35:28Z
WAW-BGY,WAW,BGY,2026-06,outbound,10,2026-06-10,89,ok,2026-04-30T13:35:28Z
WAW-BGY,WAW,BGY,2026-06,outbound,11,2026-06-11,109,ok,2026-04-30T13:35:28Z
WAW-BGY,WAW,BGY,2026-06,outbound,12,2026-06-12,89,ok,2026-04-30T13:35:28Z
WAW-BGY,WAW,BGY,2026-06,outbound,13,2026-06-13,109,ok,2026-04-30T13:35:28Z
WAW-BGY,WAW,BGY,2026-06,outbound,14,2026-06-14,89,ok,2026-04-30T13:35:28Z
WAW-BGY,WAW,BGY,2026-06,outbound,15,2026-06-15,109,ok,2026-04-30T13:35:28Z
WAW-BGY,WAW,BGY,2026-06,outbound,16,2026-06-16,89,ok,2026-04-30T13:35:28Z
WAW-BGY,WAW,BGY,2026-06,outbound,17,2026-06-17,109,ok,2026-04-30T13:35:28Z
WAW-BGY,WAW,BGY,2026-06,outbound,18,2026-06-18,109,ok,2026-04-30T13:35:28Z
WAW-BGY,WAW,BGY,2026-06,outbound,19,2026-06-19,99,ok,2026-04-30T13:35:28Z
WAW-BGY,WAW,BGY,2026-06,outbound,20,2026-06-20,99,ok,2026-04-30T13:35:28Z
WAW-BGY,WAW,BGY,2026-06,outbound,21,2026-06-21,109,ok,2026-04-30T13:35:28Z
WAW-BGY,WAW,BGY,2026-06,outbound,22,2026-06-22,109,ok,2026-04-30T13:35:28Z
WAW-BGY,WAW,BGY,2026-06,outbound,23,2026-06-23,109,ok,2026-04-30T13:35:28Z
WAW-BGY,WAW,BGY,2026-06,outbound,24,2026-06-24,109,ok,2026-04-30T13:35:28Z
WAW-BGY,WAW,BGY,2026-06,outbound,25,2026-06-25,139,ok,2026-04-30T13:35:28Z
WAW-BGY,WAW,BGY,2026-06,outbound,26,2026-06-26,109,ok,2026-04-30T13:35:28Z
WAW-BGY,WAW,BGY,2026-06,outbound,27,2026-06-27,99,ok,2026-04-30T13:35:28Z
WAW-BGY,WAW,BGY,2026-06,outbound,28,2026-06-28,139,ok,2026-04-30T13:35:28Z
WAW-BGY,WAW,BGY,2026-06,outbound,29,2026-06-29,109,ok,2026-04-30T13:35:28Z
WAW-BGY,WAW,BGY,2026-06,outbound,30,2026-06-30,109,ok,2026-04-30T13:35:28Z
WAW-BGY,WAW,BGY,2026-06,return,1,2026-06-01,129,ok,2026-04-30T13:35:28Z
WAW-BGY,WAW,BGY,2026-06,return,2,2026-06-02,99,ok,2026-04-30T13:35:28Z
WAW-BGY,WAW,BGY,2026-06,return,3,2026-06-03,249,ok,2026-04-30T13:35:28Z
WAW-BGY,WAW,BGY,2026-06,return,4,2026-06-04,249,ok,2026-04-30T13:35:28Z
WAW-BGY,WAW,BGY,2026-06,return,5,2026-06-05,99,ok,2026-04-30T13:35:28Z
WAW-BGY,WAW,BGY,2026-06,return,6,2026-06-06,129,ok,2026-04-30T13:35:28Z
WAW-BGY,WAW,BGY,2026-06,return,7,2026-06-07,289,ok,2026-04-30T13:35:28Z
WAW-BGY,WAW,BGY,2026-06,return,8,2026-06-08,179,ok,2026-04-30T13:35:28Z
WAW-BGY,WAW,BGY,2026-06,return,9,2026-06-09,129,ok,2026-04-30T13:35:28Z
WAW-BGY,WAW,BGY,2026-06,return,10,2026-06-10,89,ok,2026-04-30T13:35:28Z
WAW-BGY,WAW,BGY,2026-06,return,11,2026-06-11,109,ok,2026-04-30T13:35:28Z
WAW-BGY,WAW,BGY,2026-06,return,12,2026-06-12,89,ok,2026-04-30T13:35:28Z
WAW-BGY,WAW,BGY,2026-06,return,13,2026-06-13,109,ok,2026-04-30T13:35:28Z
WAW-BGY,WAW,BGY,2026-06,return,14,2026-06-14,89,ok,2026-04-30T13:35:28Z
WAW-BGY,WAW,BGY,2026-06,return,15,2026-06-15,109,ok,2026-04-30T13:35:28Z
WAW-BGY,WAW,BGY,2026-06,return,16,2026-06-16,89,ok,2026-04-30T13:35:28Z
WAW-BGY,WAW,BGY,2026-06,return,17,2026-06-17,109,ok,2026-04-30T13:35:28Z
WAW-BGY,WAW,BGY,2026-06,return,18,2026-06-18,109,ok,2026-04-30T13:35:28Z
WAW-BGY,WAW,BGY,2026-06,return,19,2026-06-19,99,ok,2026-04-30T13:35:28Z
WAW-BGY,WAW,BGY,2026-06,return,20,2026-06-20,99,ok,2026-04-30T13:35:28Z
WAW-BGY,WAW,BGY,2026-06,return,21,2026-06-21,109,ok,2026-04-30T13:35:28Z
WAW-BGY,WAW,BGY,2026-06,return,22,2026-06-22,109,ok,2026-04-30T13:35:28Z
WAW-BGY,WAW,BGY,2026-06,return,23,2026-06-23,109,ok,2026-04-30T13:35:28Z
WAW-BGY,WAW,BGY,2026-06,return,24,2026-06-24,109,ok,2026-04-30T13:35:28Z
WAW-BGY,WAW,BGY,2026-06,return,25,2026-06-25,139,ok,2026-04-30T13:35:28Z
WAW-BGY,WAW,BGY,2026-06,return,26,2026-06-26,109,ok,2026-04-30T13:35:28Z
WAW-BGY,WAW,BGY,2026-06,return,27,2026-06-27,99,ok,2026-04-30T13:35:28Z
WAW-BGY,WAW,BGY,2026-06,return,28,2026-06-28,139,ok,2026-04-30T13:35:28Z
WAW-BGY,WAW,BGY,2026-06,return,29,2026-06-29,109,ok,2026-04-30T13:35:28Z
WAW-BGY,WAW,BGY,2026-06,return,30,2026-06-30,109,ok,2026-04-30T13:35:28Z
WAW-BGY,WAW,BGY,2026-07,outbound,1,2026-07-01,89,ok,2026-04-30T13:35:28Z
WAW-BGY,WAW,BGY,2026-07,outbound,2,2026-07-02,109,ok,2026-04-30T13:35:28Z
WAW-BGY,WAW,BGY,2026-07,outbound,3,2026-07-03,89,ok,2026-04-30T13:35:28Z
WAW-BGY,WAW,BGY,2026-07,outbound,4,2026-07-04,109,ok,2026-04-30T13:35:28Z
WAW-BGY,WAW,BGY,2026-07,outbound,5,2026-07-05,129,ok,2026-04-30T13:35:28Z
WAW-BGY,WAW,BGY,2026-07,outbound,6,2026-07-06,89,ok,2026-04-30T13:35:28Z
WAW-BGY,WAW,BGY,2026-07,outbound,7,2026-07-07,129,ok,2026-04-30T13:35:28Z
WAW-BGY,WAW,BGY,2026-07,outbound,8,2026-07-08,89,ok,2026-04-30T13:35:28Z
WAW-BGY,WAW,BGY,2026-07,outbound,9,2026-07-09,89,ok,2026-04-30T13:35:28Z
WAW-BGY,WAW,BGY,2026-07,outbound,10,2026-07-10,69,ok,2026-04-30T13:35:28Z
WAW-BGY,WAW,BGY,2026-07,outbound,11,2026-07-11,89,ok,2026-04-30T13:35:28Z
WAW-BGY,WAW,BGY,2026-07,outbound,12,2026-07-12,109,ok,2026-04-30T13:35:28Z
WAW-BGY,WAW,BGY,2026-07,outbound,13,2026-07-13,89,ok,2026-04-30T13:35:28Z
WAW-BGY,WAW,BGY,2026-07,outbound,14,2026-07-14,109,ok,2026-04-30T13:35:28Z
WAW-BGY,WAW,BGY,2026-07,outbound,15,2026-07-15,139,ok,2026-04-30T13:35:28Z
WAW-BGY,WAW,BGY,2026-07,outbound,16,2026-07-16,89,ok,2026-04-30T13:35:28Z
WAW-BGY,WAW,BGY,2026-07,outbound,17,2026-07-17,109,ok,2026-04-30T13:35:28Z
WAW-BGY,WAW,BGY,2026-07,outbound,18,2026-07-18,159,ok,2026-04-30T13:35:28Z
WAW-BGY,WAW,BGY,2026-07,outbound,19,2026-07-19,109,ok,2026-04-30T13:35:28Z
WAW-BGY,WAW,BGY,2026-07,outbound,20,2026-07-20,89,ok,2026-04-30T13:35:28Z
WAW-BGY,WAW,BGY,2026-07,outbound,21,2026-07-21,109,ok,2026-04-30T13:35:28Z
WAW-BGY,WAW,BGY,2026-07,outbound,22,2026-07-22,109,ok,2026-04-30T13:35:28Z
WAW-BGY,WAW,BGY,2026-07,outbound,23,2026-07-23,89,ok,2026-04-30T13:35:28Z
WAW-BGY,WAW,BGY,2026-07,outbound,24,2026-07-24,129,ok,2026-04-30T13:35:28Z
WAW-BGY,WAW,BGY,2026-07,outbound,25,2026-07-25,159,ok,2026-04-30T13:35:28Z
WAW-BGY,WAW,BGY,2026-07,outbound,26,2026-07-26,89,ok,2026-04-30T13:35:28Z
WAW-BGY,WAW,BGY,2026-07,outbound,27,2026-07-27,129,ok,2026-04-30T13:35:28Z
WAW-BGY,WAW,BGY,2026-07,outbound,28,2026-07-28,129,ok,2026-04-30T13:35:28Z
WAW-BGY,WAW,BGY,2026-07,outbound,29,2026-07-29,129,ok,2026-04-30T13:35:28Z
WAW-BGY,WAW,BGY,2026-07,outbound,30,2026-07-30,139,ok,2026-04-30T13:35:28Z
WAW-BGY,WAW,BGY,2026-07,outbound,31,2026-07-31,109,ok,2026-04-30T13:35:28Z
WAW-BGY,WAW,BGY,2026-07,return,1,2026-07-01,89,ok,2026-04-30T13:35:28Z
WAW-BGY,WAW,BGY,2026-07,return,2,2026-07-02,109,ok,2026-04-30T13:35:28Z
WAW-BGY,WAW,BGY,2026-07,return,3,2026-07-03,89,ok,2026-04-30T13:35:28Z
WAW-BGY,WAW,BGY,2026-07,return,4,2026-07-04,109,ok,2026-04-30T13:35:28Z
WAW-BGY,WAW,BGY,2026-07,return,5,2026-07-05,129,ok,2026-04-30T13:35:28Z
WAW-BGY,WAW,BGY,2026-07,return,6,2026-07-06,89,ok,2026-04-30T13:35:28Z
WAW-BGY,WAW,BGY,2026-07,return,7,2026-07-07,129,ok,2026-04-30T13:35:28Z
WAW-BGY,WAW,BGY,2026-07,return,8,2026-07-08,89,ok,2026-04-30T13:35:28Z
WAW-BGY,WAW,BGY,2026-07,return,9,2026-07-09,89,ok,2026-04-30T13:35:28Z
WAW-BGY,WAW,BGY,2026-07,return,10,2026-07-10,69,ok,2026-04-30T13:35:28Z
WAW-BGY,WAW,BGY,2026-07,return,11,2026-07-11,89,ok,2026-04-30T13:35:28Z
WAW-BGY,WAW,BGY,2026-07,return,12,2026-07-12,109,ok,2026-04-30T13:35:28Z
WAW-BGY,WAW,BGY,2026-07,return,13,2026-07-13,89,ok,2026-04-30T13:35:28Z
WAW-BGY,WAW,BGY,2026-07,return,14,2026-07-14,109,ok,2026-04-30T13:35:28Z
WAW-BGY,WAW,BGY,2026-07,return,15,2026-07-15,139,ok,2026-04-30T13:35:28Z
WAW-BGY,WAW,BGY,2026-07,return,16,2026-07-16,89,ok,2026-04-30T13:35:28Z
WAW-BGY,WAW,BGY,2026-07,return,17,2026-07-17,109,ok,2026-04-30T13:35:28Z
WAW-BGY,WAW,BGY,2026-07,return,18,2026-07-18,159,ok,2026-04-30T13:35:28Z
WAW-BGY,WAW,BGY,2026-07,return,19,2026-07-19,109,ok,2026-04-30T13:35:28Z
WAW-BGY,WAW,BGY,2026-07,return,20,2026-07-20,89,ok,2026-04-30T13:35:28Z
WAW-BGY,WAW,BGY,2026-07,return,21,2026-07-21,109,ok,2026-04-30T13:35:28Z
WAW-BGY,WAW,BGY,2026-07,return,22,2026-07-22,109,ok,2026-04-30T13:35:28Z
WAW-BGY,WAW,BGY,2026-07,return,23,2026-07-23,89,ok,2026-04-30T13:35:28Z
WAW-BGY,WAW,BGY,2026-07,return,24,2026-07-24,129,ok,2026-04-30T13:35:28Z
WAW-BGY,WAW,BGY,2026-07,return,25,2026-07-25,159,ok,2026-04-30T13:35:28Z
WAW-BGY,WAW,BGY,2026-07,return,26,2026-07-26,89,ok,2026-04-30T13:35:28Z
WAW-BGY,WAW,BGY,2026-07,return,27,2026-07-27,129,ok,2026-04-30T13:35:28Z
WAW-BGY,WAW,BGY,2026-07,return,28,2026-07-28,129,ok,2026-04-30T13:35:28Z
WAW-BGY,WAW,BGY,2026-07,return,29,2026-07-29,129,ok,2026-04-30T13:35:28Z
WAW-BGY,WAW,BGY,2026-07,return,30,2026-07-30,139,ok,2026-04-30T13:35:28Z
WAW-BGY,WAW,BGY,2026-07,return,31,2026-07-31,109,ok,2026-04-30T13:35:28Z
WAW-BGY,WAW,BGY,2026-08,outbound,1,2026-08-01,209,ok,2026-04-30T13:35:28Z
WAW-BGY,WAW,BGY,2026-08,outbound,2,2026-08-02,179,ok,2026-04-30T13:35:28Z
WAW-BGY,WAW,BGY,2026-08,outbound,3,2026-08-03,159,ok,2026-04-30T13:35:28Z
WAW-BGY,WAW,BGY,2026-08,outbound,4,2026-08-04,109,ok,2026-04-30T13:35:28Z
WAW-BGY,WAW,BGY,2026-08,outbound,5,2026-08-05,129,ok,2026-04-30T13:35:28Z
WAW-BGY,WAW,BGY,2026-08,outbound,6,2026-08-06,109,ok,2026-04-30T13:35:28Z
WAW-BGY,WAW,BGY,2026-08,outbound,7,2026-08-07,159,ok,2026-04-30T13:35:28Z
WAW-BGY,WAW,BGY,2026-08,outbound,8,2026-08-08,159,ok,2026-04-30T13:35:28Z
WAW-BGY,WAW,BGY,2026-08,outbound,9,2026-08-09,139,ok,2026-04-30T13:35:28Z
WAW-BGY,WAW,BGY,2026-08,outbound,10,2026-08-10,109,ok,2026-04-30T13:35:28Z
WAW-BGY,WAW,BGY,2026-08,outbound,11,2026-08-11,129,ok,2026-04-30T13:35:28Z
WAW-BGY,WAW,BGY,2026-08,outbound,12,2026-08-12,109,ok,2026-04-30T13:35:28Z
WAW-BGY,WAW,BGY,2026-08,outbound,13,2026-08-13,139,ok,2026-04-30T13:35:28Z
WAW-BGY,WAW,BGY,2026-08,outbound,14,2026-08-14,139,ok,2026-04-30T13:35:28Z
WAW-BGY,WAW,BGY,2026-08,outbound,15,2026-08-15,159,ok,2026-04-30T13:35:28Z
WAW-BGY,WAW,BGY,2026-08,outbound,16,2026-08-16,129,ok,2026-04-30T13:35:28Z
WAW-BGY,WAW,BGY,2026-08,outbound,17,2026-08-17,179,ok,2026-04-30T13:35:28Z
WAW-BGY,WAW,BGY,2026-08,outbound,18,2026-08-18,139,ok,2026-04-30T13:35:28Z
WAW-BGY,WAW,BGY,2026-08,outbound,19,2026-08-19,129,ok,2026-04-30T13:35:28Z
WAW-BGY,WAW,BGY,2026-08,outbound,20,2026-08-20,139,ok,2026-04-30T13:35:28Z
WAW-BGY,WAW,BGY,2026-08,outbound,21,2026-08-21,159,ok,2026-04-30T13:35:28Z
WAW-BGY,WAW,BGY,2026-08,outbound,22,2026-08-22,219,ok,2026-04-30T13:35:28Z
WAW-BGY,WAW,BGY,2026-08,outbound,23,2026-08-23,269,ok,2026-04-30T13:35:28Z
WAW-BGY,WAW,BGY,2026-08,outbound,24,2026-08-24,139,ok,2026-04-30T13:35:28Z
WAW-BGY,WAW,BGY,2026-08,outbound,25,2026-08-25,209,ok,2026-04-30T13:35:28Z
WAW-BGY,WAW,BGY,2026-08,outbound,26,2026-08-26,109,ok,2026-04-30T13:35:28Z
WAW-BGY,WAW,BGY,2026-08,outbound,27,2026-08-27,109,ok,2026-04-30T13:35:28Z
WAW-BGY,WAW,BGY,2026-08,outbound,28,2026-08-28,109,ok,2026-04-30T13:35:28Z
WAW-BGY,WAW,BGY,2026-08,outbound,29,2026-08-29,249,ok,2026-04-30T13:35:28Z
WAW-BGY,WAW,BGY,2026-08,outbound,30,2026-08-30,269,ok,2026-04-30T13:35:28Z
WAW-BGY,WAW,BGY,2026-08,outbound,31,2026-08-31,129,ok,2026-04-30T13:35:28Z
WAW-BGY,WAW,BGY,2026-08,return,1,2026-08-01,209,ok,2026-04-30T13:35:28Z
WAW-BGY,WAW,BGY,2026-08,return,2,2026-08-02,179,ok,2026-04-30T13:35:28Z
WAW-BGY,WAW,BGY,2026-08,return,3,2026-08-03,159,ok,2026-04-30T13:35:28Z
WAW-BGY,WAW,BGY,2026-08,return,4,2026-08-04,109,ok,2026-04-30T13:35:28Z
WAW-BGY,WAW,BGY,2026-08,return,5,2026-08-05,129,ok,2026-04-30T13:35:28Z
WAW-BGY,WAW,BGY,2026-08,return,6,2026-08-06,109,ok,2026-04-30T13:35:28Z
WAW-BGY,WAW,BGY,2026-08,return,7,2026-08-07,159,ok,2026-04-30T13:35:28Z
WAW-BGY,WAW,BGY,2026-08,return,8,2026-08-08,159,ok,2026-04-30T13:35:28Z
WAW-BGY,WAW,BGY,2026-08,return,9,2026-08-09,139,ok,2026-04-30T13:35:28Z
WAW-BGY,WAW,BGY,2026-08,return,10,2026-08-10,109,ok,2026-04-30T13:35:28Z
WAW-BGY,WAW,BGY,2026-08,return,11,2026-08-11,129,ok,2026-04-30T13:35:28Z
WAW-BGY,WAW,BGY,2026-08,return,12,2026-08-12,109,ok,2026-04-30T13:35:28Z
WAW-BGY,WAW,BGY,2026-08,return,13,2026-08-13,139,ok,2026-04-30T13:35:28Z
WAW-BGY,WAW,BGY,2026-08,return,14,2026-08-14,139,ok,2026-04-30T13:35:28Z
WAW-BGY,WAW,BGY,2026-08,return,15,2026-08-15,159,ok,2026-04-30T13:35:28Z
WAW-BGY,WAW,BGY,2026-08,return,16,2026-08-16,129,ok,2026-04-30T13:35:28Z
WAW-BGY,WAW,BGY,2026-08,return,17,2026-08-17,179,ok,2026-04-30T13:35:28Z
WAW-BGY,WAW,BGY,2026-08,return,18,2026-08-18,139,ok,2026-04-30T13:35:28Z
WAW-BGY,WAW,BGY,2026-08,return,19,2026-08-19,129,ok,2026-04-30T13:35:28Z
WAW-BGY,WAW,BGY,2026-08,return,20,2026-08-20,139,ok,2026-04-30T13:35:28Z
WAW-BGY,WAW,BGY,2026-08,return,21,2026-08-21,159,ok,2026-04-30T13:35:28Z
WAW-BGY,WAW,BGY,2026-08,return,22,2026-08-22,219,ok,2026-04-30T13:35:28Z
WAW-BGY,WAW,BGY,2026-08,return,23,2026-08-23,269,ok,2026-04-30T13:35:28Z
WAW-BGY,WAW,BGY,2026-08,return,24,2026-08-24,139,ok,2026-04-30T13:35:28Z
WAW-BGY,WAW,BGY,2026-08,return,25,2026-08-25,209,ok,2026-04-30T13:35:28Z
WAW-BGY,WAW,BGY,2026-08,return,26,2026-08-26,109,ok,2026-04-30T13:35:28Z
WAW-BGY,WAW,BGY,2026-08,return,27,2026-08-27,109,ok,2026-04-30T13:35:28Z
WAW-BGY,WAW,BGY,2026-08,return,28,2026-08-28,109,ok,2026-04-30T13:35:28Z
WAW-BGY,WAW,BGY,2026-08,return,29,2026-08-29,249,ok,2026-04-30T13:35:28Z
WAW-BGY,WAW,BGY,2026-08,return,30,2026-08-30,269,ok,2026-04-30T13:35:28Z
WAW-BGY,WAW,BGY,2026-08,return,31,2026-08-31,129,ok,2026-04-30T13:35:28Z
WAW-VCE,WAW,VCE,2026-05,outbound,1,2026-05-01,249,ok,2026-04-30T13:35:28Z
WAW-VCE,WAW,VCE,2026-05,outbound,3,2026-05-03,669,ok,2026-04-30T13:35:28Z
WAW-VCE,WAW,VCE,2026-05,outbound,4,2026-05-04,359,ok,2026-04-30T13:35:28Z
WAW-VCE,WAW,VCE,2026-05,outbound,6,2026-05-06,509,ok,2026-04-30T13:35:28Z
WAW-VCE,WAW,VCE,2026-05,outbound,8,2026-05-08,509,ok,2026-04-30T13:35:28Z
WAW-VCE,WAW,VCE,2026-05,outbound,10,2026-05-10,669,ok,2026-04-30T13:35:28Z
WAW-VCE,WAW,VCE,2026-05,outbound,11,2026-05-11,269,ok,2026-04-30T13:35:28Z
WAW-VCE,WAW,VCE,2026-05,outbound,13,2026-05-13,179,ok,2026-04-30T13:35:28Z
WAW-VCE,WAW,VCE,2026-05,outbound,15,2026-05-15,359,ok,2026-04-30T13:35:28Z
WAW-VCE,WAW,VCE,2026-05,outbound,17,2026-05-17,249,ok,2026-04-30T13:35:28Z
WAW-VCE,WAW,VCE,2026-05,outbound,18,2026-05-18,219,ok,2026-04-30T13:35:28Z
WAW-VCE,WAW,VCE,2026-05,outbound,20,2026-05-20,159,ok,2026-04-30T13:35:28Z
WAW-VCE,WAW,VCE,2026-05,outbound,22,2026-05-22,399,ok,2026-04-30T13:35:28Z
WAW-VCE,WAW,VCE,2026-05,outbound,24,2026-05-24,209,ok,2026-04-30T13:35:28Z
WAW-VCE,WAW,VCE,2026-05,outbound,25,2026-05-25,159,ok,2026-04-30T13:35:28Z
WAW-VCE,WAW,VCE,2026-05,outbound,27,2026-05-27,139,ok,2026-04-30T13:35:28Z
WAW-VCE,WAW,VCE,2026-05,outbound,29,2026-05-29,509,ok,2026-04-30T13:35:28Z
WAW-VCE,WAW,VCE,2026-05,outbound,31,2026-05-31,179,ok,2026-04-30T13:35:28Z
WAW-VCE,WAW,VCE,2026-05,return,1,2026-05-01,249,ok,2026-04-30T13:35:28Z
WAW-VCE,WAW,VCE,2026-05,return,3,2026-05-03,669,ok,2026-04-30T13:35:28Z
WAW-VCE,WAW,VCE,2026-05,return,4,2026-05-04,359,ok,2026-04-30T13:35:28Z
WAW-VCE,WAW,VCE,2026-05,return,6,2026-05-06,509,ok,2026-04-30T13:35:28Z
WAW-VCE,WAW,VCE,2026-05,return,8,2026-05-08,509,ok,2026-04-30T13:35:28Z
WAW-VCE,WAW,VCE,2026-05,return,10,2026-05-10,669,ok,2026-04-30T13:35:28Z
WAW-VCE,WAW,VCE,2026-05,return,11,2026-05-11,269,ok,2026-04-30T13:35:28Z
WAW-VCE,WAW,VCE,2026-05,return,13,2026-05-13,179,ok,2026-04-30T13:35:28Z
WAW-VCE,WAW,VCE,2026-05,return,15,2026-05-15,359,ok,2026-04-30T13:35:28Z
WAW-VCE,WAW,VCE,2026-05,return,17,2026-05-17,249,ok,2026-04-30T13:35:28Z
WAW-VCE,WAW,VCE,2026-05,return,18,2026-05-18,219,ok,2026-04-30T13:35:28Z
WAW-VCE,WAW,VCE,2026-05,return,20,2026-05-20,159,ok,2026-04-30T13:35:28Z
WAW-VCE,WAW,VCE,2026-05,return,22,2026-05-22,399,ok,2026-04-30T13:35:28Z
WAW-VCE,WAW,VCE,2026-05,return,24,2026-05-24,209,ok,2026-04-30T13:35:28Z
WAW-VCE,WAW,VCE,2026-05,return,25,2026-05-25,159,ok,2026-04-30T13:35:28Z
WAW-VCE,WAW,VCE,2026-05,return,27,2026-05-27,139,ok,2026-04-30T13:35:28Z
WAW-VCE,WAW,VCE,2026-05,return,29,2026-05-29,509,ok,2026-04-30T13:35:28Z
WAW-VCE,WAW,VCE,2026-05,return,31,2026-05-31,179,ok,2026-04-30T13:35:28Z
WAW-VCE,WAW,VCE,2026-06,outbound,1,2026-06-01,179,ok,2026-04-30T13:35:28Z
WAW-VCE,WAW,VCE,2026-06,outbound,3,2026-06-03,269,ok,2026-04-30T13:35:28Z
WAW-VCE,WAW,VCE,2026-06,outbound,5,2026-06-05,599,ok,2026-04-30T13:35:28Z
WAW-VCE,WAW,VCE,2026-06,outbound,7,2026-06-07,399,ok,2026-04-30T13:35:28Z
WAW-VCE,WAW,VCE,2026-06,outbound,8,2026-06-08,599,ok,2026-04-30T13:35:28Z
WAW-VCE,WAW,VCE,2026-06,outbound,10,2026-06-10,129,ok,2026-04-30T13:35:28Z
WAW-VCE,WAW,VCE,2026-06,outbound,12,2026-06-12,269,ok,2026-04-30T13:35:28Z
WAW-VCE,WAW,VCE,2026-06,outbound,14,2026-06-14,209,ok,2026-04-30T13:35:28Z
WAW-VCE,WAW,VCE,2026-06,outbound,15,2026-06-15,139,ok,2026-04-30T13:35:28Z
WAW-VCE,WAW,VCE,2026-06,outbound,17,2026-06-17,159,ok,2026-04-30T13:35:28Z
WAW-VCE,WAW,VCE,2026-06,outbound,19,2026-06-19,509,ok,2026-04-30T13:35:28Z
WAW-VCE,WAW,VCE,2026-06,outbound,21,2026-06-21,159,ok,2026-04-30T13:35:28Z
WAW-VCE,WAW,VCE,2026-06,outbound,22,2026-06-22,209,ok,2026-04-30T13:35:28Z
WAW-VCE,WAW,VCE,2026-06,outbound,24,2026-06-24,179,ok,2026-04-30T13:35:28Z
WAW-VCE,WAW,VCE,2026-06,outbound,26,2026-06-26,179,ok,2026-04-30T13:35:28Z
WAW-VCE,WAW,VCE,2026-06,outbound,28,2026-06-28,179,ok,2026-04-30T13:35:28Z
WAW-VCE,WAW,VCE,2026-06,outbound,29,2026-06-29,159,ok,2026-04-30T13:35:28Z
WAW-VCE,WAW,VCE,2026-06,return,1,2026-06-01,179,ok,2026-04-30T13:35:28Z
WAW-VCE,WAW,VCE,2026-06,return,3,2026-06-03,269,ok,2026-04-30T13:35:28Z
WAW-VCE,WAW,VCE,2026-06,return,5,2026-06-05,599,ok,2026-04-30T13:35:28Z
WAW-VCE,WAW,VCE,2026-06,return,7,2026-06-07,399,ok,2026-04-30T13:35:28Z
WAW-VCE,WAW,VCE,2026-06,return,8,2026-06-08,599,ok,2026-04-30T13:35:28Z
WAW-VCE,WAW,VCE,2026-06,return,10,2026-06-10,129,ok,2026-04-30T13:35:28Z
WAW-VCE,WAW,VCE,2026-06,return,12,2026-06-12,269,ok,2026-04-30T13:35:28Z
WAW-VCE,WAW,VCE,2026-06,return,14,2026-06-14,209,ok,2026-04-30T13:35:28Z
WAW-VCE,WAW,VCE,2026-06,return,15,2026-06-15,139,ok,2026-04-30T13:35:28Z
WAW-VCE,WAW,VCE,2026-06,return,17,2026-06-17,159,ok,2026-04-30T13:35:28Z
WAW-VCE,WAW,VCE,2026-06,return,19,2026-06-19,509,ok,2026-04-30T13:35:28Z
WAW-VCE,WAW,VCE,2026-06,return,21,2026-06-21,159,ok,2026-04-30T13:35:28Z
WAW-VCE,WAW,VCE,2026-06,return,22,2026-06-22,209,ok,2026-04-30T13:35:28Z
WAW-VCE,WAW,VCE,2026-06,return,24,2026-06-24,179,ok,2026-04-30T13:35:28Z
WAW-VCE,WAW,VCE,2026-06,return,26,2026-06-26,179,ok,2026-04-30T13:35:28Z
WAW-VCE,WAW,VCE,2026-06,return,28,2026-06-28,179,ok,2026-04-30T13:35:28Z
WAW-VCE,WAW,VCE,2026-06,return,29,2026-06-29,159,ok,2026-04-30T13:35:28Z
WAW-VCE,WAW,VCE,2026-07,outbound,1,2026-07-01,159,ok,2026-04-30T13:35:28Z
WAW-VCE,WAW,VCE,2026-07,outbound,3,2026-07-03,219,ok,2026-04-30T13:35:28Z
WAW-VCE,WAW,VCE,2026-07,outbound,5,2026-07-05,209,ok,2026-04-30T13:35:28Z
WAW-VCE,WAW,VCE,2026-07,outbound,6,2026-07-06,219,ok,2026-04-30T13:35:28Z
WAW-VCE,WAW,VCE,2026-07,outbound,8,2026-07-08,179,ok,2026-04-30T13:35:28Z
WAW-VCE,WAW,VCE,2026-07,outbound,10,2026-07-10,269,ok,2026-04-30T13:35:28Z
WAW-VCE,WAW,VCE,2026-07,outbound,12,2026-07-12,359,ok,2026-04-30T13:35:28Z
WAW-VCE,WAW,VCE,2026-07,outbound,13,2026-07-13,179,ok,2026-04-30T13:35:28Z
WAW-VCE,WAW,VCE,2026-07,outbound,15,2026-07-15,249,ok,2026-04-30T13:35:28Z
WAW-VCE,WAW,VCE,2026-07,outbound,17,2026-07-17,249,ok,2026-04-30T13:35:28Z
WAW-VCE,WAW,VCE,2026-07,outbound,19,2026-07-19,179,ok,2026-04-30T13:35:28Z
WAW-VCE,WAW,VCE,2026-07,outbound,20,2026-07-20,249,ok,2026-04-30T13:35:28Z
WAW-VCE,WAW,VCE,2026-07,outbound,22,2026-07-22,179,ok,2026-04-30T13:35:28Z
WAW-VCE,WAW,VCE,2026-07,outbound,24,2026-07-24,559,ok,2026-04-30T13:35:28Z
WAW-VCE,WAW,VCE,2026-07,outbound,26,2026-07-26,209,ok,2026-04-30T13:35:28Z
WAW-VCE,WAW,VCE,2026-07,outbound,27,2026-07-27,219,ok,2026-04-30T13:35:28Z
WAW-VCE,WAW,VCE,2026-07,outbound,29,2026-07-29,359,ok,2026-04-30T13:35:28Z
WAW-VCE,WAW,VCE,2026-07,outbound,31,2026-07-31,359,ok,2026-04-30T13:35:28Z
WAW-VCE,WAW,VCE,2026-07,return,1,2026-07-01,159,ok,2026-04-30T13:35:28Z
WAW-VCE,WAW,VCE,2026-07,return,3,2026-07-03,219,ok,2026-04-30T13:35:28Z
WAW-VCE,WAW,VCE,2026-07,return,5,2026-07-05,209,ok,2026-04-30T13:35:28Z
WAW-VCE,WAW,VCE,2026-07,return,6,2026-07-06,219,ok,2026-04-30T13:35:28Z
WAW-VCE,WAW,VCE,2026-07,return,8,2026-07-08,179,ok,2026-04-30T13:35:28Z
WAW-VCE,WAW,VCE,2026-07,return,10,2026-07-10,269,ok,2026-04-30T13:35:28Z
WAW-VCE,WAW,VCE,2026-07,return,12,2026-07-12,359,ok,2026-04-30T13:35:28Z
WAW-VCE,WAW,VCE,2026-07,return,13,2026-07-13,179,ok,2026-04-30T13:35:28Z
WAW-VCE,WAW,VCE,2026-07,return,15,2026-07-15,249,ok,2026-04-30T13:35:28Z
WAW-VCE,WAW,VCE,2026-07,return,17,2026-07-17,249,ok,2026-04-30T13:35:28Z
WAW-VCE,WAW,VCE,2026-07,return,19,2026-07-19,179,ok,2026-04-30T13:35:28Z
WAW-VCE,WAW,VCE,2026-07,return,20,2026-07-20,249,ok,2026-04-30T13:35:28Z
WAW-VCE,WAW,VCE,2026-07,return,22,2026-07-22,179,ok,2026-04-30T13:35:28Z
WAW-VCE,WAW,VCE,2026-07,return,24,2026-07-24,559,ok,2026-04-30T13:35:28Z
WAW-VCE,WAW,VCE,2026-07,return,26,2026-07-26,209,ok,2026-04-30T13:35:28Z
WAW-VCE,WAW,VCE,2026-07,return,27,2026-07-27,219,ok,2026-04-30T13:35:28Z
WAW-VCE,WAW,VCE,2026-07,return,29,2026-07-29,359,ok,2026-04-30T13:35:28Z
WAW-VCE,WAW,VCE,2026-07,return,31,2026-07-31,359,ok,2026-04-30T13:35:28Z
WAW-VCE,WAW,VCE,2026-08,outbound,2,2026-08-02,289,ok,2026-04-30T13:35:28Z
WAW-VCE,WAW,VCE,2026-08,outbound,3,2026-08-03,289,ok,2026-04-30T13:35:28Z
WAW-VCE,WAW,VCE,2026-08,outbound,5,2026-08-05,209,ok,2026-04-30T13:35:28Z
WAW-VCE,WAW,VCE,2026-08,outbound,7,2026-08-07,269,ok,2026-04-30T13:35:28Z
WAW-VCE,WAW,VCE,2026-08,outbound,9,2026-08-09,359,ok,2026-04-30T13:35:28Z
WAW-VCE,WAW,VCE,2026-08,outbound,10,2026-08-10,359,ok,2026-04-30T13:35:28Z
WAW-VCE,WAW,VCE,2026-08,outbound,12,2026-08-12,209,ok,2026-04-30T13:35:28Z
WAW-VCE,WAW,VCE,2026-08,outbound,14,2026-08-14,399,ok,2026-04-30T13:35:28Z
WAW-VCE,WAW,VCE,2026-08,outbound,16,2026-08-16,309,ok,2026-04-30T13:35:28Z
WAW-VCE,WAW,VCE,2026-08,outbound,17,2026-08-17,399,ok,2026-04-30T13:35:28Z
WAW-VCE,WAW,VCE,2026-08,outbound,19,2026-08-19,159,ok,2026-04-30T13:35:28Z
WAW-VCE,WAW,VCE,2026-08,outbound,21,2026-08-21,249,ok,2026-04-30T13:35:28Z
WAW-VCE,WAW,VCE,2026-08,outbound,23,2026-08-23,249,ok,2026-04-30T13:35:28Z
WAW-VCE,WAW,VCE,2026-08,outbound,24,2026-08-24,159,ok,2026-04-30T13:35:28Z
WAW-VCE,WAW,VCE,2026-08,outbound,26,2026-08-26,269,ok,2026-04-30T13:35:28Z
WAW-VCE,WAW,VCE,2026-08,outbound,28,2026-08-28,209,ok,2026-04-30T13:35:28Z
WAW-VCE,WAW,VCE,2026-08,outbound,30,2026-08-30,249,ok,2026-04-30T13:35:28Z
WAW-VCE,WAW,VCE,2026-08,outbound,31,2026-08-31,249,ok,2026-04-30T13:35:28Z
WAW-VCE,WAW,VCE,2026-08,return,2,2026-08-02,289,ok,2026-04-30T13:35:28Z
WAW-VCE,WAW,VCE,2026-08,return,3,2026-08-03,289,ok,2026-04-30T13:35:28Z
WAW-VCE,WAW,VCE,2026-08,return,5,2026-08-05,209,ok,2026-04-30T13:35:28Z
WAW-VCE,WAW,VCE,2026-08,return,7,2026-08-07,269,ok,2026-04-30T13:35:28Z
WAW-VCE,WAW,VCE,2026-08,return,9,2026-08-09,359,ok,2026-04-30T13:35:28Z
WAW-VCE,WAW,VCE,2026-08,return,10,2026-08-10,359,ok,2026-04-30T13:35:28Z
WAW-VCE,WAW,VCE,2026-08,return,12,2026-08-12,209,ok,2026-04-30T13:35:28Z
WAW-VCE,WAW,VCE,2026-08,return,14,2026-08-14,399,ok,2026-04-30T13:35:28Z
WAW-VCE,WAW,VCE,2026-08,return,16,2026-08-16,309,ok,2026-04-30T13:35:28Z
WAW-VCE,WAW,VCE,2026-08,return,17,2026-08-17,399,ok,2026-04-30T13:35:28Z
WAW-VCE,WAW,VCE,2026-08,return,19,2026-08-19,159,ok,2026-04-30T13:35:28Z
WAW-VCE,WAW,VCE,2026-08,return,21,2026-08-21,249,ok,2026-04-30T13:35:28Z
WAW-VCE,WAW,VCE,2026-08,return,23,2026-08-23,249,ok,2026-04-30T13:35:28Z
WAW-VCE,WAW,VCE,2026-08,return,24,2026-08-24,159,ok,2026-04-30T13:35:28Z
WAW-VCE,WAW,VCE,2026-08,return,26,2026-08-26,269,ok,2026-04-30T13:35:28Z
WAW-VCE,WAW,VCE,2026-08,return,28,2026-08-28,209,ok,2026-04-30T13:35:28Z
WAW-VCE,WAW,VCE,2026-08,return,30,2026-08-30,249,ok,2026-04-30T13:35:28Z
WAW-VCE,WAW,VCE,2026-08,return,31,2026-08-31,249,ok,2026-04-30T13:35:28Z
