departure,return,price,departure_airport,arrival_airport,date_of_export,DepartureCity,DepartureCountry,ArrivalCity,ArrivalCountry,price_type,class_of_service,has_mac_flight,currency,route,scraped_at_utc
2026-05-19,,289.0,WAW,AGA,2026-05-13,Warszawa,Polska,Agadir,Maroko,price,OP,False,PLN,WAW-AGA,2026-05-13T23:55:56Z
2026-05-20,,0.0,WAW,AGA,2026-05-13,Warszawa,Polska,Agadir,Maroko,noData,,False,PLN,WAW-AGA,2026-05-13T23:55:56Z
2026-05-21,,0.0,WAW,AGA,2026-05-13,Warszawa,Polska,Agadir,Maroko,noData,,False,PLN,WAW-AGA,2026-05-13T23:55:56Z
2026-05-22,,0.0,WAW,AGA,2026-05-13,Warszawa,Polska,Agadir,Maroko,noData,,False,PLN,WAW-AGA,2026-05-13T23:55:56Z
2026-05-23,,249.0,WAW,AGA,2026-05-13,Warszawa,Polska,Agadir,Maroko,price,PR,False,PLN,WAW-AGA,2026-05-13T23:55:56Z
2026-05-24,,0.0,WAW,AGA,2026-05-13,Warszawa,Polska,Agadir,Maroko,noData,,False,PLN,WAW-AGA,2026-05-13T23:55:56Z
2026-05-25,,0.0,WAW,AGA,2026-05-13,Warszawa,Polska,Agadir,Maroko,noData,,False,PLN,WAW-AGA,2026-05-13T23:55:56Z
2026-05-26,,219.0,WAW,AGA,2026-05-13,Warszawa,Polska,Agadir,Maroko,price,R,False,PLN,WAW-AGA,2026-05-13T23:55:56Z
2026-05-27,,0.0,WAW,AGA,2026-05-13,Warszawa,Polska,Agadir,Maroko,noData,,False,PLN,WAW-AGA,2026-05-13T23:55:56Z
2026-05-28,,0.0,WAW,AGA,2026-05-13,Warszawa,Polska,Agadir,Maroko,noData,,False,PLN,WAW-AGA,2026-05-13T23:55:56Z
2026-05-29,,0.0,WAW,AGA,2026-05-13,Warszawa,Polska,Agadir,Maroko,noData,,False,PLN,WAW-AGA,2026-05-13T23:55:56Z
2026-05-30,,0.0,WAW,AGA,2026-05-13,Warszawa,Polska,Agadir,Maroko,noData,,False,PLN,WAW-AGA,2026-05-13T23:55:56Z
2026-05-31,,0.0,WAW,AGA,2026-05-13,Warszawa,Polska,Agadir,Maroko,noData,,False,PLN,WAW-AGA,2026-05-13T23:55:56Z
2026-06-01,,0.0,WAW,AGA,2026-05-13,Warszawa,Polska,Agadir,Maroko,noData,,False,PLN,WAW-AGA,2026-05-13T23:55:56Z
2026-06-02,,249.0,WAW,AGA,2026-05-13,Warszawa,Polska,Agadir,Maroko,price,PR,False,PLN,WAW-AGA,2026-05-13T23:55:56Z
2026-06-03,,0.0,WAW,AGA,2026-05-13,Warszawa,Polska,Agadir,Maroko,noData,,False,PLN,WAW-AGA,2026-05-13T23:55:56Z
2026-06-04,,0.0,WAW,AGA,2026-05-13,Warszawa,Polska,Agadir,Maroko,noData,,False,PLN,WAW-AGA,2026-05-13T23:55:56Z
2026-06-05,,0.0,WAW,AGA,2026-05-13,Warszawa,Polska,Agadir,Maroko,noData,,False,PLN,WAW-AGA,2026-05-13T23:55:56Z
2026-06-06,,219.0,WAW,AGA,2026-05-13,Warszawa,Polska,Agadir,Maroko,price,R,False,PLN,WAW-AGA,2026-05-13T23:55:56Z
2026-06-07,,0.0,WAW,AGA,2026-05-13,Warszawa,Polska,Agadir,Maroko,noData,,False,PLN,WAW-AGA,2026-05-13T23:55:56Z
2026-06-08,,0.0,WAW,AGA,2026-05-13,Warszawa,Polska,Agadir,Maroko,noData,,False,PLN,WAW-AGA,2026-05-13T23:55:56Z
2026-06-09,,0.0,WAW,AGA,2026-05-13,Warszawa,Polska,Agadir,Maroko,noData,,False,PLN,WAW-AGA,2026-05-13T23:55:56Z
2026-06-10,,0.0,WAW,AGA,2026-05-13,Warszawa,Polska,Agadir,Maroko,noData,,False,PLN,WAW-AGA,2026-05-13T23:55:56Z
2026-06-11,,0.0,WAW,AGA,2026-05-13,Warszawa,Polska,Agadir,Maroko,noData,,False,PLN,WAW-AGA,2026-05-13T23:55:56Z
2026-06-12,,0.0,WAW,AGA,2026-05-13,Warszawa,Polska,Agadir,Maroko,noData,,False,PLN,WAW-AGA,2026-05-13T23:55:56Z
2026-06-13,,0.0,WAW,AGA,2026-05-13,Warszawa,Polska,Agadir,Maroko,noData,,False,PLN,WAW-AGA,2026-05-13T23:55:56Z
2026-06-14,,0.0,WAW,AGA,2026-05-13,Warszawa,Polska,Agadir,Maroko,noData,,False,PLN,WAW-AGA,2026-05-13T23:55:56Z
2026-06-15,,0.0,WAW,AGA,2026-05-13,Warszawa,Polska,Agadir,Maroko,noData,,False,PLN,WAW-AGA,2026-05-13T23:55:56Z
2026-06-16,,0.0,WAW,AGA,2026-05-13,Warszawa,Polska,Agadir,Maroko,noData,,False,PLN,WAW-AGA,2026-05-13T23:55:56Z
2026-06-17,,0.0,WAW,AGA,2026-05-13,Warszawa,Polska,Agadir,Maroko,noData,,False,PLN,WAW-AGA,2026-05-13T23:55:56Z
2026-06-18,,0.0,WAW,AGA,2026-05-13,Warszawa,Polska,Agadir,Maroko,noData,,False,PLN,WAW-AGA,2026-05-13T23:55:56Z
2026-06-19,,0.0,WAW,AGA,2026-05-13,Warszawa,Polska,Agadir,Maroko,noData,,False,PLN,WAW-AGA,2026-05-13T23:55:56Z
2026-06-20,,0.0,WAW,AGA,2026-05-13,Warszawa,Polska,Agadir,Maroko,noData,,False,PLN,WAW-AGA,2026-05-13T23:55:56Z
2026-06-21,,0.0,WAW,AGA,2026-05-13,Warszawa,Polska,Agadir,Maroko,noData,,False,PLN,WAW-AGA,2026-05-13T23:55:56Z
2026-06-22,,0.0,WAW,AGA,2026-05-13,Warszawa,Polska,Agadir,Maroko,noData,,False,PLN,WAW-AGA,2026-05-13T23:55:56Z
2026-06-23,,0.0,WAW,AGA,2026-05-13,Warszawa,Polska,Agadir,Maroko,noData,,False,PLN,WAW-AGA,2026-05-13T23:55:56Z
2026-06-24,,0.0,WAW,AGA,2026-05-13,Warszawa,Polska,Agadir,Maroko,noData,,False,PLN,WAW-AGA,2026-05-13T23:55:56Z
2026-06-25,,0.0,WAW,AGA,2026-05-13,Warszawa,Polska,Agadir,Maroko,noData,,False,PLN,WAW-AGA,2026-05-13T23:55:56Z
2026-06-26,,0.0,WAW,AGA,2026-05-13,Warszawa,Polska,Agadir,Maroko,noData,,False,PLN,WAW-AGA,2026-05-13T23:55:56Z
2026-06-27,,0.0,WAW,AGA,2026-05-13,Warszawa,Polska,Agadir,Maroko,noData,,False,PLN,WAW-AGA,2026-05-13T23:55:56Z
2026-06-28,,0.0,WAW,AGA,2026-05-13,Warszawa,Polska,Agadir,Maroko,noData,,False,PLN,WAW-AGA,2026-05-13T23:55:56Z
2026-06-29,,0.0,WAW,AGA,2026-05-13,Warszawa,Polska,Agadir,Maroko,noData,,False,PLN,WAW-AGA,2026-05-13T23:55:56Z
2026-06-30,,0.0,WAW,AGA,2026-05-13,Warszawa,Polska,Agadir,Maroko,noData,,False,PLN,WAW-AGA,2026-05-13T23:55:56Z
2026-07-01,,0.0,WAW,AGA,2026-05-13,Warszawa,Polska,Agadir,Maroko,noData,,False,PLN,WAW-AGA,2026-05-13T23:55:56Z
2026-07-02,,0.0,WAW,AGA,2026-05-13,Warszawa,Polska,Agadir,Maroko,noData,,False,PLN,WAW-AGA,2026-05-13T23:55:56Z
2026-07-03,,0.0,WAW,AGA,2026-05-13,Warszawa,Polska,Agadir,Maroko,noData,,False,PLN,WAW-AGA,2026-05-13T23:55:56Z
2026-07-04,,0.0,WAW,AGA,2026-05-13,Warszawa,Polska,Agadir,Maroko,noData,,False,PLN,WAW-AGA,2026-05-13T23:55:56Z
2026-07-05,,0.0,WAW,AGA,2026-05-13,Warszawa,Polska,Agadir,Maroko,noData,,False,PLN,WAW-AGA,2026-05-13T23:55:56Z
2026-07-06,,0.0,WAW,AGA,2026-05-13,Warszawa,Polska,Agadir,Maroko,noData,,False,PLN,WAW-AGA,2026-05-13T23:55:56Z
2026-07-07,,0.0,WAW,AGA,2026-05-13,Warszawa,Polska,Agadir,Maroko,noData,,False,PLN,WAW-AGA,2026-05-13T23:55:56Z
2026-07-08,,0.0,WAW,AGA,2026-05-13,Warszawa,Polska,Agadir,Maroko,noData,,False,PLN,WAW-AGA,2026-05-13T23:55:56Z
2026-07-09,,0.0,WAW,AGA,2026-05-13,Warszawa,Polska,Agadir,Maroko,noData,,False,PLN,WAW-AGA,2026-05-13T23:55:56Z
2026-07-10,,0.0,WAW,AGA,2026-05-13,Warszawa,Polska,Agadir,Maroko,noData,,False,PLN,WAW-AGA,2026-05-13T23:55:56Z
2026-07-11,,0.0,WAW,AGA,2026-05-13,Warszawa,Polska,Agadir,Maroko,noData,,False,PLN,WAW-AGA,2026-05-13T23:55:56Z
2026-07-12,,0.0,WAW,AGA,2026-05-13,Warszawa,Polska,Agadir,Maroko,noData,,False,PLN,WAW-AGA,2026-05-13T23:55:56Z
2026-07-13,,0.0,WAW,AGA,2026-05-13,Warszawa,Polska,Agadir,Maroko,noData,,False,PLN,WAW-AGA,2026-05-13T23:55:56Z
2026-07-14,,0.0,WAW,AGA,2026-05-13,Warszawa,Polska,Agadir,Maroko,noData,,False,PLN,WAW-AGA,2026-05-13T23:55:56Z
2026-07-15,,0.0,WAW,AGA,2026-05-13,Warszawa,Polska,Agadir,Maroko,noData,,False,PLN,WAW-AGA,2026-05-13T23:55:56Z
2026-07-16,,0.0,WAW,AGA,2026-05-13,Warszawa,Polska,Agadir,Maroko,noData,,False,PLN,WAW-AGA,2026-05-13T23:55:56Z
2026-07-17,,0.0,WAW,AGA,2026-05-13,Warszawa,Polska,Agadir,Maroko,noData,,False,PLN,WAW-AGA,2026-05-13T23:55:56Z
2026-07-18,,0.0,WAW,AGA,2026-05-13,Warszawa,Polska,Agadir,Maroko,noData,,False,PLN,WAW-AGA,2026-05-13T23:55:56Z
2026-07-19,,0.0,WAW,AGA,2026-05-13,Warszawa,Polska,Agadir,Maroko,noData,,False,PLN,WAW-AGA,2026-05-13T23:55:56Z
2026-07-20,,0.0,WAW,AGA,2026-05-13,Warszawa,Polska,Agadir,Maroko,noData,,False,PLN,WAW-AGA,2026-05-13T23:55:56Z
2026-07-21,,0.0,WAW,AGA,2026-05-13,Warszawa,Polska,Agadir,Maroko,noData,,False,PLN,WAW-AGA,2026-05-13T23:55:56Z
2026-07-22,,0.0,WAW,AGA,2026-05-13,Warszawa,Polska,Agadir,Maroko,noData,,False,PLN,WAW-AGA,2026-05-13T23:55:56Z
2026-07-23,,0.0,WAW,AGA,2026-05-13,Warszawa,Polska,Agadir,Maroko,noData,,False,PLN,WAW-AGA,2026-05-13T23:55:56Z
2026-07-24,,0.0,WAW,AGA,2026-05-13,Warszawa,Polska,Agadir,Maroko,noData,,False,PLN,WAW-AGA,2026-05-13T23:55:56Z
2026-07-25,,0.0,WAW,AGA,2026-05-13,Warszawa,Polska,Agadir,Maroko,noData,,False,PLN,WAW-AGA,2026-05-13T23:55:56Z
2026-07-26,,0.0,WAW,AGA,2026-05-13,Warszawa,Polska,Agadir,Maroko,noData,,False,PLN,WAW-AGA,2026-05-13T23:55:56Z
2026-07-27,,0.0,WAW,AGA,2026-05-13,Warszawa,Polska,Agadir,Maroko,noData,,False,PLN,WAW-AGA,2026-05-13T23:55:56Z
2026-07-28,,0.0,WAW,AGA,2026-05-13,Warszawa,Polska,Agadir,Maroko,noData,,False,PLN,WAW-AGA,2026-05-13T23:55:56Z
2026-07-29,,0.0,WAW,AGA,2026-05-13,Warszawa,Polska,Agadir,Maroko,noData,,False,PLN,WAW-AGA,2026-05-13T23:55:56Z
2026-07-30,,0.0,WAW,AGA,2026-05-13,Warszawa,Polska,Agadir,Maroko,noData,,False,PLN,WAW-AGA,2026-05-13T23:55:56Z
2026-07-31,,0.0,WAW,AGA,2026-05-13,Warszawa,Polska,Agadir,Maroko,noData,,False,PLN,WAW-AGA,2026-05-13T23:55:56Z
2026-08-01,,0.0,WAW,AGA,2026-05-13,Warszawa,Polska,Agadir,Maroko,noData,,False,PLN,WAW-AGA,2026-05-13T23:55:56Z
2026-08-02,,0.0,WAW,AGA,2026-05-13,Warszawa,Polska,Agadir,Maroko,noData,,False,PLN,WAW-AGA,2026-05-13T23:55:56Z
2026-08-03,,0.0,WAW,AGA,2026-05-13,Warszawa,Polska,Agadir,Maroko,noData,,False,PLN,WAW-AGA,2026-05-13T23:55:56Z
2026-08-04,,0.0,WAW,AGA,2026-05-13,Warszawa,Polska,Agadir,Maroko,noData,,False,PLN,WAW-AGA,2026-05-13T23:55:56Z
2026-08-05,,0.0,WAW,AGA,2026-05-13,Warszawa,Polska,Agadir,Maroko,noData,,False,PLN,WAW-AGA,2026-05-13T23:55:56Z
2026-08-06,,0.0,WAW,AGA,2026-05-13,Warszawa,Polska,Agadir,Maroko,noData,,False,PLN,WAW-AGA,2026-05-13T23:55:56Z
2026-08-07,,0.0,WAW,AGA,2026-05-13,Warszawa,Polska,Agadir,Maroko,noData,,False,PLN,WAW-AGA,2026-05-13T23:55:56Z
2026-08-08,,0.0,WAW,AGA,2026-05-13,Warszawa,Polska,Agadir,Maroko,noData,,False,PLN,WAW-AGA,2026-05-13T23:55:56Z
2026-08-09,,0.0,WAW,AGA,2026-05-13,Warszawa,Polska,Agadir,Maroko,noData,,False,PLN,WAW-AGA,2026-05-13T23:55:56Z
2026-08-10,,0.0,WAW,AGA,2026-05-13,Warszawa,Polska,Agadir,Maroko,noData,,False,PLN,WAW-AGA,2026-05-13T23:55:56Z
2026-08-11,,0.0,WAW,AGA,2026-05-13,Warszawa,Polska,Agadir,Maroko,noData,,False,PLN,WAW-AGA,2026-05-13T23:55:56Z
2026-08-12,,0.0,WAW,AGA,2026-05-13,Warszawa,Polska,Agadir,Maroko,noData,,False,PLN,WAW-AGA,2026-05-13T23:55:56Z
2026-08-13,,0.0,WAW,AGA,2026-05-13,Warszawa,Polska,Agadir,Maroko,noData,,False,PLN,WAW-AGA,2026-05-13T23:55:56Z
2026-08-14,,0.0,WAW,AGA,2026-05-13,Warszawa,Polska,Agadir,Maroko,noData,,False,PLN,WAW-AGA,2026-05-13T23:55:56Z
2026-08-15,,0.0,WAW,AGA,2026-05-13,Warszawa,Polska,Agadir,Maroko,noData,,False,PLN,WAW-AGA,2026-05-13T23:55:56Z
2026-08-16,,0.0,WAW,AGA,2026-05-13,Warszawa,Polska,Agadir,Maroko,noData,,False,PLN,WAW-AGA,2026-05-13T23:55:56Z
2026-08-17,,0.0,WAW,AGA,2026-05-13,Warszawa,Polska,Agadir,Maroko,noData,,False,PLN,WAW-AGA,2026-05-13T23:55:56Z
2026-08-18,,0.0,WAW,AGA,2026-05-13,Warszawa,Polska,Agadir,Maroko,noData,,False,PLN,WAW-AGA,2026-05-13T23:55:56Z
2026-08-19,,0.0,WAW,AGA,2026-05-13,Warszawa,Polska,Agadir,Maroko,noData,,False,PLN,WAW-AGA,2026-05-13T23:55:56Z
2026-08-20,,0.0,WAW,AGA,2026-05-13,Warszawa,Polska,Agadir,Maroko,noData,,False,PLN,WAW-AGA,2026-05-13T23:55:56Z
2026-08-21,,0.0,WAW,AGA,2026-05-13,Warszawa,Polska,Agadir,Maroko,noData,,False,PLN,WAW-AGA,2026-05-13T23:55:56Z
2026-08-22,,0.0,WAW,AGA,2026-05-13,Warszawa,Polska,Agadir,Maroko,noData,,False,PLN,WAW-AGA,2026-05-13T23:55:56Z
2026-08-23,,0.0,WAW,AGA,2026-05-13,Warszawa,Polska,Agadir,Maroko,noData,,False,PLN,WAW-AGA,2026-05-13T23:55:56Z
2026-08-24,,0.0,WAW,AGA,2026-05-13,Warszawa,Polska,Agadir,Maroko,noData,,False,PLN,WAW-AGA,2026-05-13T23:55:56Z
2026-08-25,,0.0,WAW,AGA,2026-05-13,Warszawa,Polska,Agadir,Maroko,noData,,False,PLN,WAW-AGA,2026-05-13T23:55:56Z
2026-08-26,,0.0,WAW,AGA,2026-05-13,Warszawa,Polska,Agadir,Maroko,noData,,False,PLN,WAW-AGA,2026-05-13T23:55:56Z
2026-08-27,,0.0,WAW,AGA,2026-05-13,Warszawa,Polska,Agadir,Maroko,noData,,False,PLN,WAW-AGA,2026-05-13T23:55:56Z
2026-08-28,,0.0,WAW,AGA,2026-05-13,Warszawa,Polska,Agadir,Maroko,noData,,False,PLN,WAW-AGA,2026-05-13T23:55:56Z
2026-08-29,,0.0,WAW,AGA,2026-05-13,Warszawa,Polska,Agadir,Maroko,noData,,False,PLN,WAW-AGA,2026-05-13T23:55:56Z
2026-08-30,,0.0,WAW,AGA,2026-05-13,Warszawa,Polska,Agadir,Maroko,noData,,False,PLN,WAW-AGA,2026-05-13T23:55:56Z
2026-08-31,,0.0,WAW,AGA,2026-05-13,Warszawa,Polska,Agadir,Maroko,noData,,False,PLN,WAW-AGA,2026-05-13T23:55:56Z
2026-05-19,,61.99,AGA,WAW,2026-05-13,Agadir,Maroko,Warszawa,Polska,price,R,False,USD,AGA-WAW,2026-05-13T23:55:56Z
2026-05-20,,0.0,AGA,WAW,2026-05-13,Agadir,Maroko,Warszawa,Polska,noData,,False,USD,AGA-WAW,2026-05-13T23:55:56Z
2026-05-21,,0.0,AGA,WAW,2026-05-13,Agadir,Maroko,Warszawa,Polska,noData,,False,USD,AGA-WAW,2026-05-13T23:55:56Z
2026-05-22,,0.0,AGA,WAW,2026-05-13,Agadir,Maroko,Warszawa,Polska,noData,,False,USD,AGA-WAW,2026-05-13T23:55:56Z
2026-05-23,,68.99,AGA,WAW,2026-05-13,Agadir,Maroko,Warszawa,Polska,price,PR,False,USD,AGA-WAW,2026-05-13T23:55:56Z
2026-05-24,,0.0,AGA,WAW,2026-05-13,Agadir,Maroko,Warszawa,Polska,noData,,False,USD,AGA-WAW,2026-05-13T23:55:56Z
2026-05-25,,0.0,AGA,WAW,2026-05-13,Agadir,Maroko,Warszawa,Polska,noData,,False,USD,AGA-WAW,2026-05-13T23:55:56Z
2026-05-26,,68.99,AGA,WAW,2026-05-13,Agadir,Maroko,Warszawa,Polska,price,PR,False,USD,AGA-WAW,2026-05-13T23:55:56Z
2026-05-27,,0.0,AGA,WAW,2026-05-13,Agadir,Maroko,Warszawa,Polska,noData,,False,USD,AGA-WAW,2026-05-13T23:55:56Z
2026-05-28,,0.0,AGA,WAW,2026-05-13,Agadir,Maroko,Warszawa,Polska,noData,,False,USD,AGA-WAW,2026-05-13T23:55:56Z
2026-05-29,,0.0,AGA,WAW,2026-05-13,Agadir,Maroko,Warszawa,Polska,noData,,False,USD,AGA-WAW,2026-05-13T23:55:56Z
2026-05-30,,0.0,AGA,WAW,2026-05-13,Agadir,Maroko,Warszawa,Polska,noData,,False,USD,AGA-WAW,2026-05-13T23:55:56Z
2026-05-31,,0.0,AGA,WAW,2026-05-13,Agadir,Maroko,Warszawa,Polska,noData,,False,USD,AGA-WAW,2026-05-13T23:55:56Z
2026-06-01,,0.0,AGA,WAW,2026-05-13,Agadir,Maroko,Warszawa,Polska,noData,,False,USD,AGA-WAW,2026-05-13T23:55:56Z
2026-06-02,,61.99,AGA,WAW,2026-05-13,Agadir,Maroko,Warszawa,Polska,price,R,False,USD,AGA-WAW,2026-05-13T23:55:56Z
2026-06-03,,0.0,AGA,WAW,2026-05-13,Agadir,Maroko,Warszawa,Polska,noData,,False,USD,AGA-WAW,2026-05-13T23:55:56Z
2026-06-04,,0.0,AGA,WAW,2026-05-13,Agadir,Maroko,Warszawa,Polska,noData,,False,USD,AGA-WAW,2026-05-13T23:55:56Z
2026-06-05,,0.0,AGA,WAW,2026-05-13,Agadir,Maroko,Warszawa,Polska,noData,,False,USD,AGA-WAW,2026-05-13T23:55:56Z
2026-06-06,,123.99,AGA,WAW,2026-05-13,Agadir,Maroko,Warszawa,Polska,price,KL,False,USD,AGA-WAW,2026-05-13T23:55:56Z
2026-06-07,,0.0,AGA,WAW,2026-05-13,Agadir,Maroko,Warszawa,Polska,noData,,False,USD,AGA-WAW,2026-05-13T23:55:56Z
2026-06-08,,0.0,AGA,WAW,2026-05-13,Agadir,Maroko,Warszawa,Polska,noData,,False,USD,AGA-WAW,2026-05-13T23:55:56Z
2026-06-09,,0.0,AGA,WAW,2026-05-13,Agadir,Maroko,Warszawa,Polska,noData,,False,USD,AGA-WAW,2026-05-13T23:55:56Z
2026-06-10,,0.0,AGA,WAW,2026-05-13,Agadir,Maroko,Warszawa,Polska,noData,,False,USD,AGA-WAW,2026-05-13T23:55:56Z
2026-06-11,,0.0,AGA,WAW,2026-05-13,Agadir,Maroko,Warszawa,Polska,noData,,False,USD,AGA-WAW,2026-05-13T23:55:56Z
2026-06-12,,0.0,AGA,WAW,2026-05-13,Agadir,Maroko,Warszawa,Polska,noData,,False,USD,AGA-WAW,2026-05-13T23:55:56Z
2026-06-13,,0.0,AGA,WAW,2026-05-13,Agadir,Maroko,Warszawa,Polska,noData,,False,USD,AGA-WAW,2026-05-13T23:55:56Z
2026-06-14,,0.0,AGA,WAW,2026-05-13,Agadir,Maroko,Warszawa,Polska,noData,,False,USD,AGA-WAW,2026-05-13T23:55:56Z
2026-06-15,,0.0,AGA,WAW,2026-05-13,Agadir,Maroko,Warszawa,Polska,noData,,False,USD,AGA-WAW,2026-05-13T23:55:56Z
2026-06-16,,0.0,AGA,WAW,2026-05-13,Agadir,Maroko,Warszawa,Polska,noData,,False,USD,AGA-WAW,2026-05-13T23:55:56Z
2026-06-17,,0.0,AGA,WAW,2026-05-13,Agadir,Maroko,Warszawa,Polska,noData,,False,USD,AGA-WAW,2026-05-13T23:55:56Z
2026-06-18,,0.0,AGA,WAW,2026-05-13,Agadir,Maroko,Warszawa,Polska,noData,,False,USD,AGA-WAW,2026-05-13T23:55:56Z
2026-06-19,,0.0,AGA,WAW,2026-05-13,Agadir,Maroko,Warszawa,Polska,noData,,False,USD,AGA-WAW,2026-05-13T23:55:56Z
2026-06-20,,0.0,AGA,WAW,2026-05-13,Agadir,Maroko,Warszawa,Polska,noData,,False,USD,AGA-WAW,2026-05-13T23:55:56Z
2026-06-21,,0.0,AGA,WAW,2026-05-13,Agadir,Maroko,Warszawa,Polska,noData,,False,USD,AGA-WAW,2026-05-13T23:55:56Z
2026-06-22,,0.0,AGA,WAW,2026-05-13,Agadir,Maroko,Warszawa,Polska,noData,,False,USD,AGA-WAW,2026-05-13T23:55:56Z
2026-06-23,,0.0,AGA,WAW,2026-05-13,Agadir,Maroko,Warszawa,Polska,noData,,False,USD,AGA-WAW,2026-05-13T23:55:56Z
2026-06-24,,0.0,AGA,WAW,2026-05-13,Agadir,Maroko,Warszawa,Polska,noData,,False,USD,AGA-WAW,2026-05-13T23:55:56Z
2026-06-25,,0.0,AGA,WAW,2026-05-13,Agadir,Maroko,Warszawa,Polska,noData,,False,USD,AGA-WAW,2026-05-13T23:55:56Z
2026-06-26,,0.0,AGA,WAW,2026-05-13,Agadir,Maroko,Warszawa,Polska,noData,,False,USD,AGA-WAW,2026-05-13T23:55:56Z
2026-06-27,,0.0,AGA,WAW,2026-05-13,Agadir,Maroko,Warszawa,Polska,noData,,False,USD,AGA-WAW,2026-05-13T23:55:56Z
2026-06-28,,0.0,AGA,WAW,2026-05-13,Agadir,Maroko,Warszawa,Polska,noData,,False,USD,AGA-WAW,2026-05-13T23:55:56Z
2026-06-29,,0.0,AGA,WAW,2026-05-13,Agadir,Maroko,Warszawa,Polska,noData,,False,USD,AGA-WAW,2026-05-13T23:55:56Z
2026-06-30,,0.0,AGA,WAW,2026-05-13,Agadir,Maroko,Warszawa,Polska,noData,,False,USD,AGA-WAW,2026-05-13T23:55:56Z
2026-07-01,,0.0,AGA,WAW,2026-05-13,Agadir,Maroko,Warszawa,Polska,noData,,False,USD,AGA-WAW,2026-05-13T23:55:56Z
2026-07-02,,0.0,AGA,WAW,2026-05-13,Agadir,Maroko,Warszawa,Polska,noData,,False,USD,AGA-WAW,2026-05-13T23:55:56Z
2026-07-03,,0.0,AGA,WAW,2026-05-13,Agadir,Maroko,Warszawa,Polska,noData,,False,USD,AGA-WAW,2026-05-13T23:55:56Z
2026-07-04,,0.0,AGA,WAW,2026-05-13,Agadir,Maroko,Warszawa,Polska,noData,,False,USD,AGA-WAW,2026-05-13T23:55:56Z
2026-07-05,,0.0,AGA,WAW,2026-05-13,Agadir,Maroko,Warszawa,Polska,noData,,False,USD,AGA-WAW,2026-05-13T23:55:56Z
2026-07-06,,0.0,AGA,WAW,2026-05-13,Agadir,Maroko,Warszawa,Polska,noData,,False,USD,AGA-WAW,2026-05-13T23:55:56Z
2026-07-07,,0.0,AGA,WAW,2026-05-13,Agadir,Maroko,Warszawa,Polska,noData,,False,USD,AGA-WAW,2026-05-13T23:55:56Z
2026-07-08,,0.0,AGA,WAW,2026-05-13,Agadir,Maroko,Warszawa,Polska,noData,,False,USD,AGA-WAW,2026-05-13T23:55:56Z
2026-07-09,,0.0,AGA,WAW,2026-05-13,Agadir,Maroko,Warszawa,Polska,noData,,False,USD,AGA-WAW,2026-05-13T23:55:56Z
2026-07-10,,0.0,AGA,WAW,2026-05-13,Agadir,Maroko,Warszawa,Polska,noData,,False,USD,AGA-WAW,2026-05-13T23:55:56Z
2026-07-11,,0.0,AGA,WAW,2026-05-13,Agadir,Maroko,Warszawa,Polska,noData,,False,USD,AGA-WAW,2026-05-13T23:55:56Z
2026-07-12,,0.0,AGA,WAW,2026-05-13,Agadir,Maroko,Warszawa,Polska,noData,,False,USD,AGA-WAW,2026-05-13T23:55:56Z
2026-07-13,,0.0,AGA,WAW,2026-05-13,Agadir,Maroko,Warszawa,Polska,noData,,False,USD,AGA-WAW,2026-05-13T23:55:56Z
2026-07-14,,0.0,AGA,WAW,2026-05-13,Agadir,Maroko,Warszawa,Polska,noData,,False,USD,AGA-WAW,2026-05-13T23:55:56Z
2026-07-15,,0.0,AGA,WAW,2026-05-13,Agadir,Maroko,Warszawa,Polska,noData,,False,USD,AGA-WAW,2026-05-13T23:55:56Z
2026-07-16,,0.0,AGA,WAW,2026-05-13,Agadir,Maroko,Warszawa,Polska,noData,,False,USD,AGA-WAW,2026-05-13T23:55:56Z
2026-07-17,,0.0,AGA,WAW,2026-05-13,Agadir,Maroko,Warszawa,Polska,noData,,False,USD,AGA-WAW,2026-05-13T23:55:56Z
2026-07-18,,0.0,AGA,WAW,2026-05-13,Agadir,Maroko,Warszawa,Polska,noData,,False,USD,AGA-WAW,2026-05-13T23:55:56Z
2026-07-19,,0.0,AGA,WAW,2026-05-13,Agadir,Maroko,Warszawa,Polska,noData,,False,USD,AGA-WAW,2026-05-13T23:55:56Z
2026-07-20,,0.0,AGA,WAW,2026-05-13,Agadir,Maroko,Warszawa,Polska,noData,,False,USD,AGA-WAW,2026-05-13T23:55:56Z
2026-07-21,,0.0,AGA,WAW,2026-05-13,Agadir,Maroko,Warszawa,Polska,noData,,False,USD,AGA-WAW,2026-05-13T23:55:56Z
2026-07-22,,0.0,AGA,WAW,2026-05-13,Agadir,Maroko,Warszawa,Polska,noData,,False,USD,AGA-WAW,2026-05-13T23:55:56Z
2026-07-23,,0.0,AGA,WAW,2026-05-13,Agadir,Maroko,Warszawa,Polska,noData,,False,USD,AGA-WAW,2026-05-13T23:55:56Z
2026-07-24,,0.0,AGA,WAW,2026-05-13,Agadir,Maroko,Warszawa,Polska,noData,,False,USD,AGA-WAW,2026-05-13T23:55:56Z
2026-07-25,,0.0,AGA,WAW,2026-05-13,Agadir,Maroko,Warszawa,Polska,noData,,False,USD,AGA-WAW,2026-05-13T23:55:56Z
2026-07-26,,0.0,AGA,WAW,2026-05-13,Agadir,Maroko,Warszawa,Polska,noData,,False,USD,AGA-WAW,2026-05-13T23:55:56Z
2026-07-27,,0.0,AGA,WAW,2026-05-13,Agadir,Maroko,Warszawa,Polska,noData,,False,USD,AGA-WAW,2026-05-13T23:55:56Z
2026-07-28,,0.0,AGA,WAW,2026-05-13,Agadir,Maroko,Warszawa,Polska,noData,,False,USD,AGA-WAW,2026-05-13T23:55:56Z
2026-07-29,,0.0,AGA,WAW,2026-05-13,Agadir,Maroko,Warszawa,Polska,noData,,False,USD,AGA-WAW,2026-05-13T23:55:56Z
2026-07-30,,0.0,AGA,WAW,2026-05-13,Agadir,Maroko,Warszawa,Polska,noData,,False,USD,AGA-WAW,2026-05-13T23:55:56Z
2026-07-31,,0.0,AGA,WAW,2026-05-13,Agadir,Maroko,Warszawa,Polska,noData,,False,USD,AGA-WAW,2026-05-13T23:55:56Z
2026-08-01,,0.0,AGA,WAW,2026-05-13,Agadir,Maroko,Warszawa,Polska,noData,,False,USD,AGA-WAW,2026-05-13T23:55:56Z
2026-08-02,,0.0,AGA,WAW,2026-05-13,Agadir,Maroko,Warszawa,Polska,noData,,False,USD,AGA-WAW,2026-05-13T23:55:56Z
2026-08-03,,0.0,AGA,WAW,2026-05-13,Agadir,Maroko,Warszawa,Polska,noData,,False,USD,AGA-WAW,2026-05-13T23:55:56Z
2026-08-04,,0.0,AGA,WAW,2026-05-13,Agadir,Maroko,Warszawa,Polska,noData,,False,USD,AGA-WAW,2026-05-13T23:55:56Z
2026-08-05,,0.0,AGA,WAW,2026-05-13,Agadir,Maroko,Warszawa,Polska,noData,,False,USD,AGA-WAW,2026-05-13T23:55:56Z
2026-08-06,,0.0,AGA,WAW,2026-05-13,Agadir,Maroko,Warszawa,Polska,noData,,False,USD,AGA-WAW,2026-05-13T23:55:56Z
2026-08-07,,0.0,AGA,WAW,2026-05-13,Agadir,Maroko,Warszawa,Polska,noData,,False,USD,AGA-WAW,2026-05-13T23:55:56Z
2026-08-08,,0.0,AGA,WAW,2026-05-13,Agadir,Maroko,Warszawa,Polska,noData,,False,USD,AGA-WAW,2026-05-13T23:55:56Z
2026-08-09,,0.0,AGA,WAW,2026-05-13,Agadir,Maroko,Warszawa,Polska,noData,,False,USD,AGA-WAW,2026-05-13T23:55:56Z
2026-08-10,,0.0,AGA,WAW,2026-05-13,Agadir,Maroko,Warszawa,Polska,noData,,False,USD,AGA-WAW,2026-05-13T23:55:56Z
2026-08-11,,0.0,AGA,WAW,2026-05-13,Agadir,Maroko,Warszawa,Polska,noData,,False,USD,AGA-WAW,2026-05-13T23:55:56Z
2026-08-12,,0.0,AGA,WAW,2026-05-13,Agadir,Maroko,Warszawa,Polska,noData,,False,USD,AGA-WAW,2026-05-13T23:55:56Z
2026-08-13,,0.0,AGA,WAW,2026-05-13,Agadir,Maroko,Warszawa,Polska,noData,,False,USD,AGA-WAW,2026-05-13T23:55:56Z
2026-08-14,,0.0,AGA,WAW,2026-05-13,Agadir,Maroko,Warszawa,Polska,noData,,False,USD,AGA-WAW,2026-05-13T23:55:56Z
2026-08-15,,0.0,AGA,WAW,2026-05-13,Agadir,Maroko,Warszawa,Polska,noData,,False,USD,AGA-WAW,2026-05-13T23:55:56Z
2026-08-16,,0.0,AGA,WAW,2026-05-13,Agadir,Maroko,Warszawa,Polska,noData,,False,USD,AGA-WAW,2026-05-13T23:55:56Z
2026-08-17,,0.0,AGA,WAW,2026-05-13,Agadir,Maroko,Warszawa,Polska,noData,,False,USD,AGA-WAW,2026-05-13T23:55:56Z
2026-08-18,,0.0,AGA,WAW,2026-05-13,Agadir,Maroko,Warszawa,Polska,noData,,False,USD,AGA-WAW,2026-05-13T23:55:56Z
2026-08-19,,0.0,AGA,WAW,2026-05-13,Agadir,Maroko,Warszawa,Polska,noData,,False,USD,AGA-WAW,2026-05-13T23:55:56Z
2026-08-20,,0.0,AGA,WAW,2026-05-13,Agadir,Maroko,Warszawa,Polska,noData,,False,USD,AGA-WAW,2026-05-13T23:55:56Z
2026-08-21,,0.0,AGA,WAW,2026-05-13,Agadir,Maroko,Warszawa,Polska,noData,,False,USD,AGA-WAW,2026-05-13T23:55:56Z
2026-08-22,,0.0,AGA,WAW,2026-05-13,Agadir,Maroko,Warszawa,Polska,noData,,False,USD,AGA-WAW,2026-05-13T23:55:56Z
2026-08-23,,0.0,AGA,WAW,2026-05-13,Agadir,Maroko,Warszawa,Polska,noData,,False,USD,AGA-WAW,2026-05-13T23:55:56Z
2026-08-24,,0.0,AGA,WAW,2026-05-13,Agadir,Maroko,Warszawa,Polska,noData,,False,USD,AGA-WAW,2026-05-13T23:55:56Z
2026-08-25,,0.0,AGA,WAW,2026-05-13,Agadir,Maroko,Warszawa,Polska,noData,,False,USD,AGA-WAW,2026-05-13T23:55:56Z
2026-08-26,,0.0,AGA,WAW,2026-05-13,Agadir,Maroko,Warszawa,Polska,noData,,False,USD,AGA-WAW,2026-05-13T23:55:56Z
2026-08-27,,0.0,AGA,WAW,2026-05-13,Agadir,Maroko,Warszawa,Polska,noData,,False,USD,AGA-WAW,2026-05-13T23:55:56Z
2026-08-28,,0.0,AGA,WAW,2026-05-13,Agadir,Maroko,Warszawa,Polska,noData,,False,USD,AGA-WAW,2026-05-13T23:55:56Z
2026-08-29,,0.0,AGA,WAW,2026-05-13,Agadir,Maroko,Warszawa,Polska,noData,,False,USD,AGA-WAW,2026-05-13T23:55:56Z
2026-08-30,,0.0,AGA,WAW,2026-05-13,Agadir,Maroko,Warszawa,Polska,noData,,False,USD,AGA-WAW,2026-05-13T23:55:56Z
2026-08-31,,0.0,AGA,WAW,2026-05-13,Agadir,Maroko,Warszawa,Polska,noData,,False,USD,AGA-WAW,2026-05-13T23:55:56Z
2026-05-19,,289.0,WAW,AGP,2026-05-13,Warszawa,Polska,Malaga,Hiszpania,price,LB,False,PLN,WAW-AGP,2026-05-13T23:55:56Z
2026-05-20,,269.0,WAW,AGP,2026-05-13,Warszawa,Polska,Malaga,Hiszpania,price,B,False,PLN,WAW-AGP,2026-05-13T23:55:56Z
2026-05-21,,349.0,WAW,AGP,2026-05-13,Warszawa,Polska,Malaga,Hiszpania,price,KL,False,PLN,WAW-AGP,2026-05-13T23:55:56Z
2026-05-22,,599.0,WAW,AGP,2026-05-13,Warszawa,Polska,Malaga,Hiszpania,price,I,False,PLN,WAW-AGP,2026-05-13T23:55:56Z
2026-05-23,,309.0,WAW,AGP,2026-05-13,Warszawa,Polska,Malaga,Hiszpania,price,L,False,PLN,WAW-AGP,2026-05-13T23:55:56Z
2026-05-24,,269.0,WAW,AGP,2026-05-13,Warszawa,Polska,Malaga,Hiszpania,price,B,False,PLN,WAW-AGP,2026-05-13T23:55:56Z
2026-05-25,,249.0,WAW,AGP,2026-05-13,Warszawa,Polska,Malaga,Hiszpania,price,BO,False,PLN,WAW-AGP,2026-05-13T23:55:56Z
2026-05-26,,269.0,WAW,AGP,2026-05-13,Warszawa,Polska,Malaga,Hiszpania,price,B,False,PLN,WAW-AGP,2026-05-13T23:55:56Z
2026-05-27,,269.0,WAW,AGP,2026-05-13,Warszawa,Polska,Malaga,Hiszpania,price,B,False,PLN,WAW-AGP,2026-05-13T23:55:56Z
2026-05-28,,249.0,WAW,AGP,2026-05-13,Warszawa,Polska,Malaga,Hiszpania,price,BO,False,PLN,WAW-AGP,2026-05-13T23:55:56Z
2026-05-29,,219.0,WAW,AGP,2026-05-13,Warszawa,Polska,Malaga,Hiszpania,price,O,False,PLN,WAW-AGP,2026-05-13T23:55:56Z
2026-05-30,,349.0,WAW,AGP,2026-05-13,Warszawa,Polska,Malaga,Hiszpania,price,KL,False,PLN,WAW-AGP,2026-05-13T23:55:56Z
2026-05-31,,439.0,WAW,AGP,2026-05-13,Warszawa,Polska,Malaga,Hiszpania,price,JK,False,PLN,WAW-AGP,2026-05-13T23:55:56Z
2026-06-01,,249.0,WAW,AGP,2026-05-13,Warszawa,Polska,Malaga,Hiszpania,price,BO,False,PLN,WAW-AGP,2026-05-13T23:55:56Z
2026-06-02,,219.0,WAW,AGP,2026-05-13,Warszawa,Polska,Malaga,Hiszpania,price,O,False,PLN,WAW-AGP,2026-05-13T23:55:56Z
2026-06-03,,349.0,WAW,AGP,2026-05-13,Warszawa,Polska,Malaga,Hiszpania,price,KL,False,PLN,WAW-AGP,2026-05-13T23:55:56Z
2026-06-04,,349.0,WAW,AGP,2026-05-13,Warszawa,Polska,Malaga,Hiszpania,price,KL,False,PLN,WAW-AGP,2026-05-13T23:55:56Z
2026-06-05,,509.0,WAW,AGP,2026-05-13,Warszawa,Polska,Malaga,Hiszpania,price,J,False,PLN,WAW-AGP,2026-05-13T23:55:56Z
2026-06-06,,249.0,WAW,AGP,2026-05-13,Warszawa,Polska,Malaga,Hiszpania,price,BO,False,PLN,WAW-AGP,2026-05-13T23:55:56Z
2026-06-07,,219.0,WAW,AGP,2026-05-13,Warszawa,Polska,Malaga,Hiszpania,price,O,False,PLN,WAW-AGP,2026-05-13T23:55:56Z
2026-06-08,,249.0,WAW,AGP,2026-05-13,Warszawa,Polska,Malaga,Hiszpania,price,BO,False,PLN,WAW-AGP,2026-05-13T23:55:56Z
2026-06-09,,249.0,WAW,AGP,2026-05-13,Warszawa,Polska,Malaga,Hiszpania,price,BO,False,PLN,WAW-AGP,2026-05-13T23:55:56Z
2026-06-10,,249.0,WAW,AGP,2026-05-13,Warszawa,Polska,Malaga,Hiszpania,price,BO,False,PLN,WAW-AGP,2026-05-13T23:55:56Z
2026-06-11,,269.0,WAW,AGP,2026-05-13,Warszawa,Polska,Malaga,Hiszpania,price,B,False,PLN,WAW-AGP,2026-05-13T23:55:56Z
2026-06-12,,309.0,WAW,AGP,2026-05-13,Warszawa,Polska,Malaga,Hiszpania,price,L,False,PLN,WAW-AGP,2026-05-13T23:55:56Z
2026-06-13,,269.0,WAW,AGP,2026-05-13,Warszawa,Polska,Malaga,Hiszpania,price,B,False,PLN,WAW-AGP,2026-05-13T23:55:56Z
2026-06-14,,249.0,WAW,AGP,2026-05-13,Warszawa,Polska,Malaga,Hiszpania,price,BO,False,PLN,WAW-AGP,2026-05-13T23:55:56Z
2026-06-15,,219.0,WAW,AGP,2026-05-13,Warszawa,Polska,Malaga,Hiszpania,price,O,False,PLN,WAW-AGP,2026-05-13T23:55:56Z
2026-06-16,,219.0,WAW,AGP,2026-05-13,Warszawa,Polska,Malaga,Hiszpania,price,O,False,PLN,WAW-AGP,2026-05-13T23:55:56Z
2026-06-17,,219.0,WAW,AGP,2026-05-13,Warszawa,Polska,Malaga,Hiszpania,price,O,False,PLN,WAW-AGP,2026-05-13T23:55:56Z
2026-06-18,,269.0,WAW,AGP,2026-05-13,Warszawa,Polska,Malaga,Hiszpania,price,B,False,PLN,WAW-AGP,2026-05-13T23:55:56Z
2026-06-19,,289.0,WAW,AGP,2026-05-13,Warszawa,Polska,Malaga,Hiszpania,price,LB,False,PLN,WAW-AGP,2026-05-13T23:55:56Z
2026-06-20,,289.0,WAW,AGP,2026-05-13,Warszawa,Polska,Malaga,Hiszpania,price,LB,False,PLN,WAW-AGP,2026-05-13T23:55:56Z
2026-06-21,,249.0,WAW,AGP,2026-05-13,Warszawa,Polska,Malaga,Hiszpania,price,BO,False,PLN,WAW-AGP,2026-05-13T23:55:56Z
2026-06-22,,219.0,WAW,AGP,2026-05-13,Warszawa,Polska,Malaga,Hiszpania,price,O,False,PLN,WAW-AGP,2026-05-13T23:55:56Z
2026-06-23,,219.0,WAW,AGP,2026-05-13,Warszawa,Polska,Malaga,Hiszpania,price,O,False,PLN,WAW-AGP,2026-05-13T23:55:56Z
2026-06-24,,249.0,WAW,AGP,2026-05-13,Warszawa,Polska,Malaga,Hiszpania,price,BO,False,PLN,WAW-AGP,2026-05-13T23:55:56Z
2026-06-25,,269.0,WAW,AGP,2026-05-13,Warszawa,Polska,Malaga,Hiszpania,price,B,False,PLN,WAW-AGP,2026-05-13T23:55:56Z
2026-06-26,,349.0,WAW,AGP,2026-05-13,Warszawa,Polska,Malaga,Hiszpania,price,KL,False,PLN,WAW-AGP,2026-05-13T23:55:56Z
2026-06-27,,399.0,WAW,AGP,2026-05-13,Warszawa,Polska,Malaga,Hiszpania,price,K,False,PLN,WAW-AGP,2026-05-13T23:55:56Z
2026-06-28,,309.0,WAW,AGP,2026-05-13,Warszawa,Polska,Malaga,Hiszpania,price,L,False,PLN,WAW-AGP,2026-05-13T23:55:56Z
2026-06-29,,269.0,WAW,AGP,2026-05-13,Warszawa,Polska,Malaga,Hiszpania,price,B,False,PLN,WAW-AGP,2026-05-13T23:55:56Z
2026-06-30,,219.0,WAW,AGP,2026-05-13,Warszawa,Polska,Malaga,Hiszpania,price,O,False,PLN,WAW-AGP,2026-05-13T23:55:56Z
2026-07-01,,349.0,WAW,AGP,2026-05-13,Warszawa,Polska,Malaga,Hiszpania,price,KL,False,PLN,WAW-AGP,2026-05-13T23:55:56Z
2026-07-02,,219.0,WAW,AGP,2026-05-13,Warszawa,Polska,Malaga,Hiszpania,price,O,False,PLN,WAW-AGP,2026-05-13T23:55:56Z
2026-07-03,,269.0,WAW,AGP,2026-05-13,Warszawa,Polska,Malaga,Hiszpania,price,B,False,PLN,WAW-AGP,2026-05-13T23:55:56Z
2026-07-04,,399.0,WAW,AGP,2026-05-13,Warszawa,Polska,Malaga,Hiszpania,price,K,False,PLN,WAW-AGP,2026-05-13T23:55:56Z
2026-07-05,,249.0,WAW,AGP,2026-05-13,Warszawa,Polska,Malaga,Hiszpania,price,BO,False,PLN,WAW-AGP,2026-05-13T23:55:56Z
2026-07-06,,219.0,WAW,AGP,2026-05-13,Warszawa,Polska,Malaga,Hiszpania,price,O,False,PLN,WAW-AGP,2026-05-13T23:55:56Z
2026-07-07,,219.0,WAW,AGP,2026-05-13,Warszawa,Polska,Malaga,Hiszpania,price,O,False,PLN,WAW-AGP,2026-05-13T23:55:56Z
2026-07-08,,219.0,WAW,AGP,2026-05-13,Warszawa,Polska,Malaga,Hiszpania,price,O,False,PLN,WAW-AGP,2026-05-13T23:55:56Z
2026-07-09,,269.0,WAW,AGP,2026-05-13,Warszawa,Polska,Malaga,Hiszpania,price,B,False,PLN,WAW-AGP,2026-05-13T23:55:56Z
2026-07-10,,219.0,WAW,AGP,2026-05-13,Warszawa,Polska,Malaga,Hiszpania,price,O,False,PLN,WAW-AGP,2026-05-13T23:55:56Z
2026-07-11,,249.0,WAW,AGP,2026-05-13,Warszawa,Polska,Malaga,Hiszpania,price,BO,False,PLN,WAW-AGP,2026-05-13T23:55:56Z
2026-07-12,,269.0,WAW,AGP,2026-05-13,Warszawa,Polska,Malaga,Hiszpania,price,B,False,PLN,WAW-AGP,2026-05-13T23:55:56Z
2026-07-13,,269.0,WAW,AGP,2026-05-13,Warszawa,Polska,Malaga,Hiszpania,price,B,False,PLN,WAW-AGP,2026-05-13T23:55:56Z
2026-07-14,,269.0,WAW,AGP,2026-05-13,Warszawa,Polska,Malaga,Hiszpania,price,B,False,PLN,WAW-AGP,2026-05-13T23:55:56Z
2026-07-15,,399.0,WAW,AGP,2026-05-13,Warszawa,Polska,Malaga,Hiszpania,price,K,False,PLN,WAW-AGP,2026-05-13T23:55:56Z
2026-07-16,,219.0,WAW,AGP,2026-05-13,Warszawa,Polska,Malaga,Hiszpania,price,O,False,PLN,WAW-AGP,2026-05-13T23:55:56Z
2026-07-17,,219.0,WAW,AGP,2026-05-13,Warszawa,Polska,Malaga,Hiszpania,price,O,False,PLN,WAW-AGP,2026-05-13T23:55:56Z
2026-07-18,,439.0,WAW,AGP,2026-05-13,Warszawa,Polska,Malaga,Hiszpania,price,JK,False,PLN,WAW-AGP,2026-05-13T23:55:56Z
2026-07-19,,269.0,WAW,AGP,2026-05-13,Warszawa,Polska,Malaga,Hiszpania,price,B,False,PLN,WAW-AGP,2026-05-13T23:55:56Z
2026-07-20,,269.0,WAW,AGP,2026-05-13,Warszawa,Polska,Malaga,Hiszpania,price,B,False,PLN,WAW-AGP,2026-05-13T23:55:56Z
2026-07-21,,249.0,WAW,AGP,2026-05-13,Warszawa,Polska,Malaga,Hiszpania,price,BO,False,PLN,WAW-AGP,2026-05-13T23:55:56Z
2026-07-22,,219.0,WAW,AGP,2026-05-13,Warszawa,Polska,Malaga,Hiszpania,price,O,False,PLN,WAW-AGP,2026-05-13T23:55:56Z
2026-07-23,,219.0,WAW,AGP,2026-05-13,Warszawa,Polska,Malaga,Hiszpania,price,O,False,PLN,WAW-AGP,2026-05-13T23:55:56Z
2026-07-24,,269.0,WAW,AGP,2026-05-13,Warszawa,Polska,Malaga,Hiszpania,price,B,False,PLN,WAW-AGP,2026-05-13T23:55:56Z
2026-07-25,,289.0,WAW,AGP,2026-05-13,Warszawa,Polska,Malaga,Hiszpania,price,LB,False,PLN,WAW-AGP,2026-05-13T23:55:56Z
2026-07-26,,269.0,WAW,AGP,2026-05-13,Warszawa,Polska,Malaga,Hiszpania,price,B,False,PLN,WAW-AGP,2026-05-13T23:55:56Z
2026-07-27,,219.0,WAW,AGP,2026-05-13,Warszawa,Polska,Malaga,Hiszpania,price,O,False,PLN,WAW-AGP,2026-05-13T23:55:56Z
2026-07-28,,289.0,WAW,AGP,2026-05-13,Warszawa,Polska,Malaga,Hiszpania,price,LB,False,PLN,WAW-AGP,2026-05-13T23:55:56Z
2026-07-29,,249.0,WAW,AGP,2026-05-13,Warszawa,Polska,Malaga,Hiszpania,price,BO,False,PLN,WAW-AGP,2026-05-13T23:55:56Z
2026-07-30,,269.0,WAW,AGP,2026-05-13,Warszawa,Polska,Malaga,Hiszpania,price,B,False,PLN,WAW-AGP,2026-05-13T23:55:56Z
2026-07-31,,309.0,WAW,AGP,2026-05-13,Warszawa,Polska,Malaga,Hiszpania,price,L,False,PLN,WAW-AGP,2026-05-13T23:55:56Z
2026-08-01,,349.0,WAW,AGP,2026-05-13,Warszawa,Polska,Malaga,Hiszpania,price,KL,False,PLN,WAW-AGP,2026-05-13T23:55:56Z
2026-08-02,,439.0,WAW,AGP,2026-05-13,Warszawa,Polska,Malaga,Hiszpania,price,JK,False,PLN,WAW-AGP,2026-05-13T23:55:56Z
2026-08-03,,309.0,WAW,AGP,2026-05-13,Warszawa,Polska,Malaga,Hiszpania,price,L,False,PLN,WAW-AGP,2026-05-13T23:55:56Z
2026-08-04,,289.0,WAW,AGP,2026-05-13,Warszawa,Polska,Malaga,Hiszpania,price,LB,False,PLN,WAW-AGP,2026-05-13T23:55:56Z
2026-08-05,,289.0,WAW,AGP,2026-05-13,Warszawa,Polska,Malaga,Hiszpania,price,LB,False,PLN,WAW-AGP,2026-05-13T23:55:56Z
2026-08-06,,289.0,WAW,AGP,2026-05-13,Warszawa,Polska,Malaga,Hiszpania,price,LB,False,PLN,WAW-AGP,2026-05-13T23:55:56Z
2026-08-07,,349.0,WAW,AGP,2026-05-13,Warszawa,Polska,Malaga,Hiszpania,price,KL,False,PLN,WAW-AGP,2026-05-13T23:55:56Z
2026-08-08,,289.0,WAW,AGP,2026-05-13,Warszawa,Polska,Malaga,Hiszpania,price,LB,False,PLN,WAW-AGP,2026-05-13T23:55:56Z
2026-08-09,,219.0,WAW,AGP,2026-05-13,Warszawa,Polska,Malaga,Hiszpania,price,O,False,PLN,WAW-AGP,2026-05-13T23:55:56Z
2026-08-10,,249.0,WAW,AGP,2026-05-13,Warszawa,Polska,Malaga,Hiszpania,price,BO,False,PLN,WAW-AGP,2026-05-13T23:55:56Z
2026-08-11,,289.0,WAW,AGP,2026-05-13,Warszawa,Polska,Malaga,Hiszpania,price,LB,False,PLN,WAW-AGP,2026-05-13T23:55:56Z
2026-08-12,,309.0,WAW,AGP,2026-05-13,Warszawa,Polska,Malaga,Hiszpania,price,L,False,PLN,WAW-AGP,2026-05-13T23:55:56Z
2026-08-13,,289.0,WAW,AGP,2026-05-13,Warszawa,Polska,Malaga,Hiszpania,price,LB,False,PLN,WAW-AGP,2026-05-13T23:55:56Z
2026-08-14,,309.0,WAW,AGP,2026-05-13,Warszawa,Polska,Malaga,Hiszpania,price,L,False,PLN,WAW-AGP,2026-05-13T23:55:56Z
2026-08-15,,549.0,WAW,AGP,2026-05-13,Warszawa,Polska,Malaga,Hiszpania,price,IJ,False,PLN,WAW-AGP,2026-05-13T23:55:56Z
2026-08-16,,349.0,WAW,AGP,2026-05-13,Warszawa,Polska,Malaga,Hiszpania,price,KL,False,PLN,WAW-AGP,2026-05-13T23:55:56Z
2026-08-17,,439.0,WAW,AGP,2026-05-13,Warszawa,Polska,Malaga,Hiszpania,price,JK,False,PLN,WAW-AGP,2026-05-13T23:55:56Z
2026-08-18,,439.0,WAW,AGP,2026-05-13,Warszawa,Polska,Malaga,Hiszpania,price,JK,False,PLN,WAW-AGP,2026-05-13T23:55:56Z
2026-08-19,,439.0,WAW,AGP,2026-05-13,Warszawa,Polska,Malaga,Hiszpania,price,JK,False,PLN,WAW-AGP,2026-05-13T23:55:56Z
2026-08-20,,309.0,WAW,AGP,2026-05-13,Warszawa,Polska,Malaga,Hiszpania,price,L,False,PLN,WAW-AGP,2026-05-13T23:55:56Z
2026-08-21,,349.0,WAW,AGP,2026-05-13,Warszawa,Polska,Malaga,Hiszpania,price,KL,False,PLN,WAW-AGP,2026-05-13T23:55:56Z
2026-08-22,,509.0,WAW,AGP,2026-05-13,Warszawa,Polska,Malaga,Hiszpania,price,J,False,PLN,WAW-AGP,2026-05-13T23:55:56Z
2026-08-23,,599.0,WAW,AGP,2026-05-13,Warszawa,Polska,Malaga,Hiszpania,price,I,False,PLN,WAW-AGP,2026-05-13T23:55:56Z
2026-08-24,,549.0,WAW,AGP,2026-05-13,Warszawa,Polska,Malaga,Hiszpania,price,IJ,False,PLN,WAW-AGP,2026-05-13T23:55:56Z
2026-08-25,,349.0,WAW,AGP,2026-05-13,Warszawa,Polska,Malaga,Hiszpania,price,KL,False,PLN,WAW-AGP,2026-05-13T23:55:56Z
2026-08-26,,349.0,WAW,AGP,2026-05-13,Warszawa,Polska,Malaga,Hiszpania,price,KL,False,PLN,WAW-AGP,2026-05-13T23:55:56Z
2026-08-27,,439.0,WAW,AGP,2026-05-13,Warszawa,Polska,Malaga,Hiszpania,price,JK,False,PLN,WAW-AGP,2026-05-13T23:55:56Z
2026-08-28,,599.0,WAW,AGP,2026-05-13,Warszawa,Polska,Malaga,Hiszpania,price,I,False,PLN,WAW-AGP,2026-05-13T23:55:56Z
2026-08-29,,349.0,WAW,AGP,2026-05-13,Warszawa,Polska,Malaga,Hiszpania,price,KL,False,PLN,WAW-AGP,2026-05-13T23:55:56Z
2026-08-30,,349.0,WAW,AGP,2026-05-13,Warszawa,Polska,Malaga,Hiszpania,price,KL,False,PLN,WAW-AGP,2026-05-13T23:55:56Z
2026-08-31,,349.0,WAW,AGP,2026-05-13,Warszawa,Polska,Malaga,Hiszpania,price,KL,False,PLN,WAW-AGP,2026-05-13T23:55:56Z
2026-05-19,,65.99,AGP,WAW,2026-05-13,Malaga,Hiszpania,Warszawa,Polska,price,LB,False,EUR,AGP-WAW,2026-05-13T23:55:56Z
2026-05-20,,59.99,AGP,WAW,2026-05-13,Malaga,Hiszpania,Warszawa,Polska,price,B,False,EUR,AGP-WAW,2026-05-13T23:55:56Z
2026-05-21,,59.99,AGP,WAW,2026-05-13,Malaga,Hiszpania,Warszawa,Polska,price,B,False,EUR,AGP-WAW,2026-05-13T23:55:56Z
2026-05-22,,79.99,AGP,WAW,2026-05-13,Malaga,Hiszpania,Warszawa,Polska,price,KL,False,EUR,AGP-WAW,2026-05-13T23:55:56Z
2026-05-23,,65.99,AGP,WAW,2026-05-13,Malaga,Hiszpania,Warszawa,Polska,price,LB,False,EUR,AGP-WAW,2026-05-13T23:55:56Z
2026-05-24,,0.0,AGP,WAW,2026-05-13,Malaga,Hiszpania,Warszawa,Polska,checkPrice,FE,False,EUR,AGP-WAW,2026-05-13T23:55:56Z
2026-05-25,,99.99,AGP,WAW,2026-05-13,Malaga,Hiszpania,Warszawa,Polska,price,JK,False,EUR,AGP-WAW,2026-05-13T23:55:56Z
2026-05-26,,89.99,AGP,WAW,2026-05-13,Malaga,Hiszpania,Warszawa,Polska,price,K,False,EUR,AGP-WAW,2026-05-13T23:55:56Z
2026-05-27,,69.99,AGP,WAW,2026-05-13,Malaga,Hiszpania,Warszawa,Polska,price,L,False,EUR,AGP-WAW,2026-05-13T23:55:56Z
2026-05-28,,49.99,AGP,WAW,2026-05-13,Malaga,Hiszpania,Warszawa,Polska,price,O,False,EUR,AGP-WAW,2026-05-13T23:55:56Z
2026-05-29,,55.99,AGP,WAW,2026-05-13,Malaga,Hiszpania,Warszawa,Polska,price,BO,False,EUR,AGP-WAW,2026-05-13T23:55:56Z
2026-05-30,,59.99,AGP,WAW,2026-05-13,Malaga,Hiszpania,Warszawa,Polska,price,B,False,EUR,AGP-WAW,2026-05-13T23:55:56Z
2026-05-31,,99.99,AGP,WAW,2026-05-13,Malaga,Hiszpania,Warszawa,Polska,price,JK,False,EUR,AGP-WAW,2026-05-13T23:55:56Z
2026-06-01,,59.99,AGP,WAW,2026-05-13,Malaga,Hiszpania,Warszawa,Polska,price,B,False,EUR,AGP-WAW,2026-05-13T23:55:56Z
2026-06-02,,49.99,AGP,WAW,2026-05-13,Malaga,Hiszpania,Warszawa,Polska,price,O,False,EUR,AGP-WAW,2026-05-13T23:55:56Z
2026-06-03,,49.99,AGP,WAW,2026-05-13,Malaga,Hiszpania,Warszawa,Polska,price,O,False,EUR,AGP-WAW,2026-05-13T23:55:56Z
2026-06-04,,65.99,AGP,WAW,2026-05-13,Malaga,Hiszpania,Warszawa,Polska,price,LB,False,EUR,AGP-WAW,2026-05-13T23:55:56Z
2026-06-05,,89.99,AGP,WAW,2026-05-13,Malaga,Hiszpania,Warszawa,Polska,price,K,False,EUR,AGP-WAW,2026-05-13T23:55:56Z
2026-06-06,,134.99,AGP,WAW,2026-05-13,Malaga,Hiszpania,Warszawa,Polska,price,I,False,EUR,AGP-WAW,2026-05-13T23:55:56Z
2026-06-07,,369.99,AGP,WAW,2026-05-13,Malaga,Hiszpania,Warszawa,Polska,price,DC,False,EUR,AGP-WAW,2026-05-13T23:55:56Z
2026-06-08,,234.99,AGP,WAW,2026-05-13,Malaga,Hiszpania,Warszawa,Polska,price,F,False,EUR,AGP-WAW,2026-05-13T23:55:56Z
2026-06-09,,124.99,AGP,WAW,2026-05-13,Malaga,Hiszpania,Warszawa,Polska,price,IJ,False,EUR,AGP-WAW,2026-05-13T23:55:56Z
2026-06-10,,149.99,AGP,WAW,2026-05-13,Malaga,Hiszpania,Warszawa,Polska,price,HI,False,EUR,AGP-WAW,2026-05-13T23:55:56Z
2026-06-11,,99.99,AGP,WAW,2026-05-13,Malaga,Hiszpania,Warszawa,Polska,price,JK,False,EUR,AGP-WAW,2026-05-13T23:55:56Z
2026-06-12,,79.99,AGP,WAW,2026-05-13,Malaga,Hiszpania,Warszawa,Polska,price,KL,False,EUR,AGP-WAW,2026-05-13T23:55:56Z
2026-06-13,,99.99,AGP,WAW,2026-05-13,Malaga,Hiszpania,Warszawa,Polska,price,JK,False,EUR,AGP-WAW,2026-05-13T23:55:56Z
2026-06-14,,99.99,AGP,WAW,2026-05-13,Malaga,Hiszpania,Warszawa,Polska,price,JK,False,EUR,AGP-WAW,2026-05-13T23:55:56Z
2026-06-15,,79.99,AGP,WAW,2026-05-13,Malaga,Hiszpania,Warszawa,Polska,price,KL,False,EUR,AGP-WAW,2026-05-13T23:55:56Z
2026-06-16,,65.99,AGP,WAW,2026-05-13,Malaga,Hiszpania,Warszawa,Polska,price,LB,False,EUR,AGP-WAW,2026-05-13T23:55:56Z
2026-06-17,,59.99,AGP,WAW,2026-05-13,Malaga,Hiszpania,Warszawa,Polska,price,B,False,EUR,AGP-WAW,2026-05-13T23:55:56Z
2026-06-18,,65.99,AGP,WAW,2026-05-13,Malaga,Hiszpania,Warszawa,Polska,price,LB,False,EUR,AGP-WAW,2026-05-13T23:55:56Z
2026-06-19,,59.99,AGP,WAW,2026-05-13,Malaga,Hiszpania,Warszawa,Polska,price,B,False,EUR,AGP-WAW,2026-05-13T23:55:56Z
2026-06-20,,79.99,AGP,WAW,2026-05-13,Malaga,Hiszpania,Warszawa,Polska,price,KL,False,EUR,AGP-WAW,2026-05-13T23:55:56Z
2026-06-21,,114.99,AGP,WAW,2026-05-13,Malaga,Hiszpania,Warszawa,Polska,price,J,False,EUR,AGP-WAW,2026-05-13T23:55:56Z
2026-06-22,,89.99,AGP,WAW,2026-05-13,Malaga,Hiszpania,Warszawa,Polska,price,K,False,EUR,AGP-WAW,2026-05-13T23:55:56Z
2026-06-23,,65.99,AGP,WAW,2026-05-13,Malaga,Hiszpania,Warszawa,Polska,price,LB,False,EUR,AGP-WAW,2026-05-13T23:55:56Z
2026-06-24,,59.99,AGP,WAW,2026-05-13,Malaga,Hiszpania,Warszawa,Polska,price,B,False,EUR,AGP-WAW,2026-05-13T23:55:56Z
2026-06-25,,69.99,AGP,WAW,2026-05-13,Malaga,Hiszpania,Warszawa,Polska,price,L,False,EUR,AGP-WAW,2026-05-13T23:55:56Z
2026-06-26,,65.99,AGP,WAW,2026-05-13,Malaga,Hiszpania,Warszawa,Polska,price,LB,False,EUR,AGP-WAW,2026-05-13T23:55:56Z
2026-06-27,,89.99,AGP,WAW,2026-05-13,Malaga,Hiszpania,Warszawa,Polska,price,K,False,EUR,AGP-WAW,2026-05-13T23:55:56Z
2026-06-28,,114.99,AGP,WAW,2026-05-13,Malaga,Hiszpania,Warszawa,Polska,price,J,False,EUR,AGP-WAW,2026-05-13T23:55:56Z
2026-06-29,,69.99,AGP,WAW,2026-05-13,Malaga,Hiszpania,Warszawa,Polska,price,L,False,EUR,AGP-WAW,2026-05-13T23:55:56Z
2026-06-30,,89.99,AGP,WAW,2026-05-13,Malaga,Hiszpania,Warszawa,Polska,price,K,False,EUR,AGP-WAW,2026-05-13T23:55:56Z
2026-07-01,,59.99,AGP,WAW,2026-05-13,Malaga,Hiszpania,Warszawa,Polska,price,B,False,EUR,AGP-WAW,2026-05-13T23:55:56Z
2026-07-02,,69.99,AGP,WAW,2026-05-13,Malaga,Hiszpania,Warszawa,Polska,price,L,False,EUR,AGP-WAW,2026-05-13T23:55:56Z
2026-07-03,,79.99,AGP,WAW,2026-05-13,Malaga,Hiszpania,Warszawa,Polska,price,KL,False,EUR,AGP-WAW,2026-05-13T23:55:56Z
2026-07-04,,159.99,AGP,WAW,2026-05-13,Malaga,Hiszpania,Warszawa,Polska,price,H,False,EUR,AGP-WAW,2026-05-13T23:55:56Z
2026-07-05,,159.99,AGP,WAW,2026-05-13,Malaga,Hiszpania,Warszawa,Polska,price,H,False,EUR,AGP-WAW,2026-05-13T23:55:56Z
2026-07-06,,99.99,AGP,WAW,2026-05-13,Malaga,Hiszpania,Warszawa,Polska,price,JK,False,EUR,AGP-WAW,2026-05-13T23:55:56Z
2026-07-07,,99.99,AGP,WAW,2026-05-13,Malaga,Hiszpania,Warszawa,Polska,price,JK,False,EUR,AGP-WAW,2026-05-13T23:55:56Z
2026-07-08,,99.99,AGP,WAW,2026-05-13,Malaga,Hiszpania,Warszawa,Polska,price,JK,False,EUR,AGP-WAW,2026-05-13T23:55:56Z
2026-07-09,,149.99,AGP,WAW,2026-05-13,Malaga,Hiszpania,Warszawa,Polska,price,HI,False,EUR,AGP-WAW,2026-05-13T23:55:56Z
2026-07-10,,124.99,AGP,WAW,2026-05-13,Malaga,Hiszpania,Warszawa,Polska,price,IJ,False,EUR,AGP-WAW,2026-05-13T23:55:56Z
2026-07-11,,124.99,AGP,WAW,2026-05-13,Malaga,Hiszpania,Warszawa,Polska,price,IJ,False,EUR,AGP-WAW,2026-05-13T23:55:56Z
2026-07-12,,124.99,AGP,WAW,2026-05-13,Malaga,Hiszpania,Warszawa,Polska,price,IJ,False,EUR,AGP-WAW,2026-05-13T23:55:56Z
2026-07-13,,134.99,AGP,WAW,2026-05-13,Malaga,Hiszpania,Warszawa,Polska,price,I,False,EUR,AGP-WAW,2026-05-13T23:55:56Z
2026-07-14,,159.99,AGP,WAW,2026-05-13,Malaga,Hiszpania,Warszawa,Polska,price,H,False,EUR,AGP-WAW,2026-05-13T23:55:56Z
2026-07-15,,159.99,AGP,WAW,2026-05-13,Malaga,Hiszpania,Warszawa,Polska,price,H,False,EUR,AGP-WAW,2026-05-13T23:55:56Z
2026-07-16,,149.99,AGP,WAW,2026-05-13,Malaga,Hiszpania,Warszawa,Polska,price,HI,False,EUR,AGP-WAW,2026-05-13T23:55:56Z
2026-07-17,,99.99,AGP,WAW,2026-05-13,Malaga,Hiszpania,Warszawa,Polska,price,JK,False,EUR,AGP-WAW,2026-05-13T23:55:56Z
2026-07-18,,114.99,AGP,WAW,2026-05-13,Malaga,Hiszpania,Warszawa,Polska,price,J,False,EUR,AGP-WAW,2026-05-13T23:55:56Z
2026-07-19,,159.99,AGP,WAW,2026-05-13,Malaga,Hiszpania,Warszawa,Polska,price,H,False,EUR,AGP-WAW,2026-05-13T23:55:56Z
2026-07-20,,124.99,AGP,WAW,2026-05-13,Malaga,Hiszpania,Warszawa,Polska,price,IJ,False,EUR,AGP-WAW,2026-05-13T23:55:56Z
2026-07-21,,79.99,AGP,WAW,2026-05-13,Malaga,Hiszpania,Warszawa,Polska,price,KL,False,EUR,AGP-WAW,2026-05-13T23:55:56Z
2026-07-22,,99.99,AGP,WAW,2026-05-13,Malaga,Hiszpania,Warszawa,Polska,price,JK,False,EUR,AGP-WAW,2026-05-13T23:55:56Z
2026-07-23,,79.99,AGP,WAW,2026-05-13,Malaga,Hiszpania,Warszawa,Polska,price,KL,False,EUR,AGP-WAW,2026-05-13T23:55:56Z
2026-07-24,,79.99,AGP,WAW,2026-05-13,Malaga,Hiszpania,Warszawa,Polska,price,KL,False,EUR,AGP-WAW,2026-05-13T23:55:56Z
2026-07-25,,99.99,AGP,WAW,2026-05-13,Malaga,Hiszpania,Warszawa,Polska,price,JK,False,EUR,AGP-WAW,2026-05-13T23:55:56Z
2026-07-26,,114.99,AGP,WAW,2026-05-13,Malaga,Hiszpania,Warszawa,Polska,price,J,False,EUR,AGP-WAW,2026-05-13T23:55:56Z
2026-07-27,,89.99,AGP,WAW,2026-05-13,Malaga,Hiszpania,Warszawa,Polska,price,K,False,EUR,AGP-WAW,2026-05-13T23:55:56Z
2026-07-28,,99.99,AGP,WAW,2026-05-13,Malaga,Hiszpania,Warszawa,Polska,price,JK,False,EUR,AGP-WAW,2026-05-13T23:55:56Z
2026-07-29,,114.99,AGP,WAW,2026-05-13,Malaga,Hiszpania,Warszawa,Polska,price,J,False,EUR,AGP-WAW,2026-05-13T23:55:56Z
2026-07-30,,179.99,AGP,WAW,2026-05-13,Malaga,Hiszpania,Warszawa,Polska,price,GH,False,EUR,AGP-WAW,2026-05-13T23:55:56Z
2026-07-31,,149.99,AGP,WAW,2026-05-13,Malaga,Hiszpania,Warszawa,Polska,price,HI,False,EUR,AGP-WAW,2026-05-13T23:55:56Z
2026-08-01,,124.99,AGP,WAW,2026-05-13,Malaga,Hiszpania,Warszawa,Polska,price,IJ,False,EUR,AGP-WAW,2026-05-13T23:55:56Z
2026-08-02,,89.99,AGP,WAW,2026-05-13,Malaga,Hiszpania,Warszawa,Polska,price,K,False,EUR,AGP-WAW,2026-05-13T23:55:56Z
2026-08-03,,99.99,AGP,WAW,2026-05-13,Malaga,Hiszpania,Warszawa,Polska,price,JK,False,EUR,AGP-WAW,2026-05-13T23:55:56Z
2026-08-04,,79.99,AGP,WAW,2026-05-13,Malaga,Hiszpania,Warszawa,Polska,price,KL,False,EUR,AGP-WAW,2026-05-13T23:55:56Z
2026-08-05,,99.99,AGP,WAW,2026-05-13,Malaga,Hiszpania,Warszawa,Polska,price,JK,False,EUR,AGP-WAW,2026-05-13T23:55:56Z
2026-08-06,,89.99,AGP,WAW,2026-05-13,Malaga,Hiszpania,Warszawa,Polska,price,K,False,EUR,AGP-WAW,2026-05-13T23:55:56Z
2026-08-07,,89.99,AGP,WAW,2026-05-13,Malaga,Hiszpania,Warszawa,Polska,price,K,False,EUR,AGP-WAW,2026-05-13T23:55:56Z
2026-08-08,,159.99,AGP,WAW,2026-05-13,Malaga,Hiszpania,Warszawa,Polska,price,H,False,EUR,AGP-WAW,2026-05-13T23:55:56Z
2026-08-09,,234.99,AGP,WAW,2026-05-13,Malaga,Hiszpania,Warszawa,Polska,price,F,False,EUR,AGP-WAW,2026-05-13T23:55:56Z
2026-08-10,,89.99,AGP,WAW,2026-05-13,Malaga,Hiszpania,Warszawa,Polska,price,K,False,EUR,AGP-WAW,2026-05-13T23:55:56Z
2026-08-11,,134.99,AGP,WAW,2026-05-13,Malaga,Hiszpania,Warszawa,Polska,price,I,False,EUR,AGP-WAW,2026-05-13T23:55:56Z
2026-08-12,,89.99,AGP,WAW,2026-05-13,Malaga,Hiszpania,Warszawa,Polska,price,K,False,EUR,AGP-WAW,2026-05-13T23:55:56Z
2026-08-13,,89.99,AGP,WAW,2026-05-13,Malaga,Hiszpania,Warszawa,Polska,price,K,False,EUR,AGP-WAW,2026-05-13T23:55:56Z
2026-08-14,,124.99,AGP,WAW,2026-05-13,Malaga,Hiszpania,Warszawa,Polska,price,IJ,False,EUR,AGP-WAW,2026-05-13T23:55:56Z
2026-08-15,,214.99,AGP,WAW,2026-05-13,Malaga,Hiszpania,Warszawa,Polska,price,GF,False,EUR,AGP-WAW,2026-05-13T23:55:56Z
2026-08-16,,114.99,AGP,WAW,2026-05-13,Malaga,Hiszpania,Warszawa,Polska,price,J,False,EUR,AGP-WAW,2026-05-13T23:55:56Z
2026-08-17,,189.99,AGP,WAW,2026-05-13,Malaga,Hiszpania,Warszawa,Polska,price,G,False,EUR,AGP-WAW,2026-05-13T23:55:56Z
2026-08-18,,149.99,AGP,WAW,2026-05-13,Malaga,Hiszpania,Warszawa,Polska,price,HI,False,EUR,AGP-WAW,2026-05-13T23:55:56Z
2026-08-19,,124.99,AGP,WAW,2026-05-13,Malaga,Hiszpania,Warszawa,Polska,price,IJ,False,EUR,AGP-WAW,2026-05-13T23:55:56Z
2026-08-20,,179.99,AGP,WAW,2026-05-13,Malaga,Hiszpania,Warszawa,Polska,price,GH,False,EUR,AGP-WAW,2026-05-13T23:55:56Z
2026-08-21,,89.99,AGP,WAW,2026-05-13,Malaga,Hiszpania,Warszawa,Polska,price,K,False,EUR,AGP-WAW,2026-05-13T23:55:56Z
2026-08-22,,79.99,AGP,WAW,2026-05-13,Malaga,Hiszpania,Warszawa,Polska,price,KL,False,EUR,AGP-WAW,2026-05-13T23:55:56Z
2026-08-23,,114.99,AGP,WAW,2026-05-13,Malaga,Hiszpania,Warszawa,Polska,price,J,False,EUR,AGP-WAW,2026-05-13T23:55:56Z
2026-08-24,,134.99,AGP,WAW,2026-05-13,Malaga,Hiszpania,Warszawa,Polska,price,I,False,EUR,AGP-WAW,2026-05-13T23:55:56Z
2026-08-25,,89.99,AGP,WAW,2026-05-13,Malaga,Hiszpania,Warszawa,Polska,price,K,False,EUR,AGP-WAW,2026-05-13T23:55:56Z
2026-08-26,,79.99,AGP,WAW,2026-05-13,Malaga,Hiszpania,Warszawa,Polska,price,KL,False,EUR,AGP-WAW,2026-05-13T23:55:56Z
2026-08-27,,65.99,AGP,WAW,2026-05-13,Malaga,Hiszpania,Warszawa,Polska,price,LB,False,EUR,AGP-WAW,2026-05-13T23:55:56Z
2026-08-28,,149.99,AGP,WAW,2026-05-13,Malaga,Hiszpania,Warszawa,Polska,price,HI,False,EUR,AGP-WAW,2026-05-13T23:55:56Z
2026-08-29,,114.99,AGP,WAW,2026-05-13,Malaga,Hiszpania,Warszawa,Polska,price,J,False,EUR,AGP-WAW,2026-05-13T23:55:56Z
2026-08-30,,149.99,AGP,WAW,2026-05-13,Malaga,Hiszpania,Warszawa,Polska,price,HI,False,EUR,AGP-WAW,2026-05-13T23:55:56Z
2026-08-31,,134.99,AGP,WAW,2026-05-13,Malaga,Hiszpania,Warszawa,Polska,price,I,False,EUR,AGP-WAW,2026-05-13T23:55:56Z
2026-05-19,,399.0,WAW,ALC,2026-05-13,Warszawa,Polska,Alicante,Hiszpania,price,K,False,PLN,WAW-ALC,2026-05-13T23:55:56Z
2026-05-20,,349.0,WAW,ALC,2026-05-13,Warszawa,Polska,Alicante,Hiszpania,price,KL,False,PLN,WAW-ALC,2026-05-13T23:55:56Z
2026-05-21,,599.0,WAW,ALC,2026-05-13,Warszawa,Polska,Alicante,Hiszpania,price,I,False,PLN,WAW-ALC,2026-05-13T23:55:56Z
2026-05-22,,509.0,WAW,ALC,2026-05-13,Warszawa,Polska,Alicante,Hiszpania,price,J,False,PLN,WAW-ALC,2026-05-13T23:55:56Z
2026-05-23,,289.0,WAW,ALC,2026-05-13,Warszawa,Polska,Alicante,Hiszpania,price,LB,False,PLN,WAW-ALC,2026-05-13T23:55:56Z
2026-05-24,,349.0,WAW,ALC,2026-05-13,Warszawa,Polska,Alicante,Hiszpania,price,KL,False,PLN,WAW-ALC,2026-05-13T23:55:56Z
2026-05-25,,289.0,WAW,ALC,2026-05-13,Warszawa,Polska,Alicante,Hiszpania,price,LB,False,PLN,WAW-ALC,2026-05-13T23:55:56Z
2026-05-26,,289.0,WAW,ALC,2026-05-13,Warszawa,Polska,Alicante,Hiszpania,price,LB,False,PLN,WAW-ALC,2026-05-13T23:55:56Z
2026-05-27,,249.0,WAW,ALC,2026-05-13,Warszawa,Polska,Alicante,Hiszpania,price,BO,False,PLN,WAW-ALC,2026-05-13T23:55:56Z
2026-05-28,,309.0,WAW,ALC,2026-05-13,Warszawa,Polska,Alicante,Hiszpania,price,L,False,PLN,WAW-ALC,2026-05-13T23:55:56Z
2026-05-29,,289.0,WAW,ALC,2026-05-13,Warszawa,Polska,Alicante,Hiszpania,price,LB,False,PLN,WAW-ALC,2026-05-13T23:55:56Z
2026-05-30,,309.0,WAW,ALC,2026-05-13,Warszawa,Polska,Alicante,Hiszpania,price,L,False,PLN,WAW-ALC,2026-05-13T23:55:56Z
2026-05-31,,309.0,WAW,ALC,2026-05-13,Warszawa,Polska,Alicante,Hiszpania,price,L,False,PLN,WAW-ALC,2026-05-13T23:55:56Z
2026-06-01,,669.0,WAW,ALC,2026-05-13,Warszawa,Polska,Alicante,Hiszpania,price,HI,False,PLN,WAW-ALC,2026-05-13T23:55:56Z
2026-06-02,,439.0,WAW,ALC,2026-05-13,Warszawa,Polska,Alicante,Hiszpania,price,JK,False,PLN,WAW-ALC,2026-05-13T23:55:56Z
2026-06-03,,799.0,WAW,ALC,2026-05-13,Warszawa,Polska,Alicante,Hiszpania,price,GH,False,PLN,WAW-ALC,2026-05-13T23:55:56Z
2026-06-04,,509.0,WAW,ALC,2026-05-13,Warszawa,Polska,Alicante,Hiszpania,price,J,False,PLN,WAW-ALC,2026-05-13T23:55:56Z
2026-06-05,,399.0,WAW,ALC,2026-05-13,Warszawa,Polska,Alicante,Hiszpania,price,K,False,PLN,WAW-ALC,2026-05-13T23:55:56Z
2026-06-06,,399.0,WAW,ALC,2026-05-13,Warszawa,Polska,Alicante,Hiszpania,price,K,False,PLN,WAW-ALC,2026-05-13T23:55:56Z
2026-06-07,,309.0,WAW,ALC,2026-05-13,Warszawa,Polska,Alicante,Hiszpania,price,L,False,PLN,WAW-ALC,2026-05-13T23:55:56Z
2026-06-08,,269.0,WAW,ALC,2026-05-13,Warszawa,Polska,Alicante,Hiszpania,price,B,False,PLN,WAW-ALC,2026-05-13T23:55:56Z
2026-06-09,,269.0,WAW,ALC,2026-05-13,Warszawa,Polska,Alicante,Hiszpania,price,B,False,PLN,WAW-ALC,2026-05-13T23:55:56Z
2026-06-10,,269.0,WAW,ALC,2026-05-13,Warszawa,Polska,Alicante,Hiszpania,price,B,False,PLN,WAW-ALC,2026-05-13T23:55:56Z
2026-06-11,,269.0,WAW,ALC,2026-05-13,Warszawa,Polska,Alicante,Hiszpania,price,B,False,PLN,WAW-ALC,2026-05-13T23:55:56Z
2026-06-12,,399.0,WAW,ALC,2026-05-13,Warszawa,Polska,Alicante,Hiszpania,price,K,False,PLN,WAW-ALC,2026-05-13T23:55:56Z
2026-06-13,,399.0,WAW,ALC,2026-05-13,Warszawa,Polska,Alicante,Hiszpania,price,K,False,PLN,WAW-ALC,2026-05-13T23:55:56Z
2026-06-14,,399.0,WAW,ALC,2026-05-13,Warszawa,Polska,Alicante,Hiszpania,price,K,False,PLN,WAW-ALC,2026-05-13T23:55:56Z
2026-06-15,,509.0,WAW,ALC,2026-05-13,Warszawa,Polska,Alicante,Hiszpania,price,J,False,PLN,WAW-ALC,2026-05-13T23:55:56Z
2026-06-16,,269.0,WAW,ALC,2026-05-13,Warszawa,Polska,Alicante,Hiszpania,price,B,False,PLN,WAW-ALC,2026-05-13T23:55:56Z
2026-06-17,,219.0,WAW,ALC,2026-05-13,Warszawa,Polska,Alicante,Hiszpania,price,O,False,PLN,WAW-ALC,2026-05-13T23:55:56Z
2026-06-18,,439.0,WAW,ALC,2026-05-13,Warszawa,Polska,Alicante,Hiszpania,price,JK,False,PLN,WAW-ALC,2026-05-13T23:55:56Z
2026-06-19,,309.0,WAW,ALC,2026-05-13,Warszawa,Polska,Alicante,Hiszpania,price,L,False,PLN,WAW-ALC,2026-05-13T23:55:56Z
2026-06-20,,289.0,WAW,ALC,2026-05-13,Warszawa,Polska,Alicante,Hiszpania,price,LB,False,PLN,WAW-ALC,2026-05-13T23:55:56Z
2026-06-21,,249.0,WAW,ALC,2026-05-13,Warszawa,Polska,Alicante,Hiszpania,price,BO,False,PLN,WAW-ALC,2026-05-13T23:55:56Z
2026-06-22,,439.0,WAW,ALC,2026-05-13,Warszawa,Polska,Alicante,Hiszpania,price,JK,False,PLN,WAW-ALC,2026-05-13T23:55:56Z
2026-06-23,,309.0,WAW,ALC,2026-05-13,Warszawa,Polska,Alicante,Hiszpania,price,L,False,PLN,WAW-ALC,2026-05-13T23:55:56Z
2026-06-24,,549.0,WAW,ALC,2026-05-13,Warszawa,Polska,Alicante,Hiszpania,price,IJ,False,PLN,WAW-ALC,2026-05-13T23:55:56Z
2026-06-25,,289.0,WAW,ALC,2026-05-13,Warszawa,Polska,Alicante,Hiszpania,price,LB,False,PLN,WAW-ALC,2026-05-13T23:55:56Z
2026-06-26,,289.0,WAW,ALC,2026-05-13,Warszawa,Polska,Alicante,Hiszpania,price,LB,False,PLN,WAW-ALC,2026-05-13T23:55:56Z
2026-06-27,,399.0,WAW,ALC,2026-05-13,Warszawa,Polska,Alicante,Hiszpania,price,K,False,PLN,WAW-ALC,2026-05-13T23:55:56Z
2026-06-28,,289.0,WAW,ALC,2026-05-13,Warszawa,Polska,Alicante,Hiszpania,price,LB,False,PLN,WAW-ALC,2026-05-13T23:55:56Z
2026-06-29,,599.0,WAW,ALC,2026-05-13,Warszawa,Polska,Alicante,Hiszpania,price,I,False,PLN,WAW-ALC,2026-05-13T23:55:56Z
2026-06-30,,309.0,WAW,ALC,2026-05-13,Warszawa,Polska,Alicante,Hiszpania,price,L,False,PLN,WAW-ALC,2026-05-13T23:55:56Z
2026-07-01,,439.0,WAW,ALC,2026-05-13,Warszawa,Polska,Alicante,Hiszpania,price,JK,False,PLN,WAW-ALC,2026-05-13T23:55:56Z
2026-07-02,,309.0,WAW,ALC,2026-05-13,Warszawa,Polska,Alicante,Hiszpania,price,L,False,PLN,WAW-ALC,2026-05-13T23:55:56Z
2026-07-03,,439.0,WAW,ALC,2026-05-13,Warszawa,Polska,Alicante,Hiszpania,price,JK,False,PLN,WAW-ALC,2026-05-13T23:55:56Z
2026-07-04,,399.0,WAW,ALC,2026-05-13,Warszawa,Polska,Alicante,Hiszpania,price,K,False,PLN,WAW-ALC,2026-05-13T23:55:56Z
2026-07-05,,349.0,WAW,ALC,2026-05-13,Warszawa,Polska,Alicante,Hiszpania,price,KL,False,PLN,WAW-ALC,2026-05-13T23:55:56Z
2026-07-06,,289.0,WAW,ALC,2026-05-13,Warszawa,Polska,Alicante,Hiszpania,price,LB,False,PLN,WAW-ALC,2026-05-13T23:55:56Z
2026-07-07,,349.0,WAW,ALC,2026-05-13,Warszawa,Polska,Alicante,Hiszpania,price,KL,False,PLN,WAW-ALC,2026-05-13T23:55:56Z
2026-07-08,,199.0,WAW,ALC,2026-05-13,Warszawa,Polska,Alicante,Hiszpania,price,OP,False,PLN,WAW-ALC,2026-05-13T23:55:56Z
2026-07-09,,509.0,WAW,ALC,2026-05-13,Warszawa,Polska,Alicante,Hiszpania,price,J,False,PLN,WAW-ALC,2026-05-13T23:55:56Z
2026-07-10,,509.0,WAW,ALC,2026-05-13,Warszawa,Polska,Alicante,Hiszpania,price,J,False,PLN,WAW-ALC,2026-05-13T23:55:56Z
2026-07-11,,269.0,WAW,ALC,2026-05-13,Warszawa,Polska,Alicante,Hiszpania,price,B,False,PLN,WAW-ALC,2026-05-13T23:55:56Z
2026-07-12,,349.0,WAW,ALC,2026-05-13,Warszawa,Polska,Alicante,Hiszpania,price,KL,False,PLN,WAW-ALC,2026-05-13T23:55:56Z
2026-07-13,,439.0,WAW,ALC,2026-05-13,Warszawa,Polska,Alicante,Hiszpania,price,JK,False,PLN,WAW-ALC,2026-05-13T23:55:56Z
2026-07-14,,309.0,WAW,ALC,2026-05-13,Warszawa,Polska,Alicante,Hiszpania,price,L,False,PLN,WAW-ALC,2026-05-13T23:55:56Z
2026-07-15,,709.0,WAW,ALC,2026-05-13,Warszawa,Polska,Alicante,Hiszpania,price,H,False,PLN,WAW-ALC,2026-05-13T23:55:56Z
2026-07-16,,269.0,WAW,ALC,2026-05-13,Warszawa,Polska,Alicante,Hiszpania,price,B,False,PLN,WAW-ALC,2026-05-13T23:55:56Z
2026-07-17,,549.0,WAW,ALC,2026-05-13,Warszawa,Polska,Alicante,Hiszpania,price,IJ,False,PLN,WAW-ALC,2026-05-13T23:55:56Z
2026-07-18,,509.0,WAW,ALC,2026-05-13,Warszawa,Polska,Alicante,Hiszpania,price,J,False,PLN,WAW-ALC,2026-05-13T23:55:56Z
2026-07-19,,439.0,WAW,ALC,2026-05-13,Warszawa,Polska,Alicante,Hiszpania,price,JK,False,PLN,WAW-ALC,2026-05-13T23:55:56Z
2026-07-20,,599.0,WAW,ALC,2026-05-13,Warszawa,Polska,Alicante,Hiszpania,price,I,False,PLN,WAW-ALC,2026-05-13T23:55:56Z
2026-07-21,,249.0,WAW,ALC,2026-05-13,Warszawa,Polska,Alicante,Hiszpania,price,BO,False,PLN,WAW-ALC,2026-05-13T23:55:56Z
2026-07-22,,349.0,WAW,ALC,2026-05-13,Warszawa,Polska,Alicante,Hiszpania,price,KL,False,PLN,WAW-ALC,2026-05-13T23:55:56Z
2026-07-23,,179.0,WAW,ALC,2026-05-13,Warszawa,Polska,Alicante,Hiszpania,price,P,False,PLN,WAW-ALC,2026-05-13T23:55:56Z
2026-07-24,,349.0,WAW,ALC,2026-05-13,Warszawa,Polska,Alicante,Hiszpania,price,KL,False,PLN,WAW-ALC,2026-05-13T23:55:56Z
2026-07-25,,309.0,WAW,ALC,2026-05-13,Warszawa,Polska,Alicante,Hiszpania,price,L,False,PLN,WAW-ALC,2026-05-13T23:55:56Z
2026-07-26,,349.0,WAW,ALC,2026-05-13,Warszawa,Polska,Alicante,Hiszpania,price,KL,False,PLN,WAW-ALC,2026-05-13T23:55:56Z
2026-07-27,,509.0,WAW,ALC,2026-05-13,Warszawa,Polska,Alicante,Hiszpania,price,J,False,PLN,WAW-ALC,2026-05-13T23:55:56Z
2026-07-28,,219.0,WAW,ALC,2026-05-13,Warszawa,Polska,Alicante,Hiszpania,price,O,False,PLN,WAW-ALC,2026-05-13T23:55:56Z
2026-07-29,,399.0,WAW,ALC,2026-05-13,Warszawa,Polska,Alicante,Hiszpania,price,K,False,PLN,WAW-ALC,2026-05-13T23:55:56Z
2026-07-30,,249.0,WAW,ALC,2026-05-13,Warszawa,Polska,Alicante,Hiszpania,price,BO,False,PLN,WAW-ALC,2026-05-13T23:55:56Z
2026-07-31,,309.0,WAW,ALC,2026-05-13,Warszawa,Polska,Alicante,Hiszpania,price,L,False,PLN,WAW-ALC,2026-05-13T23:55:56Z
2026-08-01,,349.0,WAW,ALC,2026-05-13,Warszawa,Polska,Alicante,Hiszpania,price,KL,False,PLN,WAW-ALC,2026-05-13T23:55:56Z
2026-08-02,,349.0,WAW,ALC,2026-05-13,Warszawa,Polska,Alicante,Hiszpania,price,KL,False,PLN,WAW-ALC,2026-05-13T23:55:56Z
2026-08-03,,289.0,WAW,ALC,2026-05-13,Warszawa,Polska,Alicante,Hiszpania,price,LB,False,PLN,WAW-ALC,2026-05-13T23:55:56Z
2026-08-04,,599.0,WAW,ALC,2026-05-13,Warszawa,Polska,Alicante,Hiszpania,price,I,False,PLN,WAW-ALC,2026-05-13T23:55:56Z
2026-08-05,,349.0,WAW,ALC,2026-05-13,Warszawa,Polska,Alicante,Hiszpania,price,KL,False,PLN,WAW-ALC,2026-05-13T23:55:56Z
2026-08-06,,269.0,WAW,ALC,2026-05-13,Warszawa,Polska,Alicante,Hiszpania,price,B,False,PLN,WAW-ALC,2026-05-13T23:55:56Z
2026-08-07,,349.0,WAW,ALC,2026-05-13,Warszawa,Polska,Alicante,Hiszpania,price,KL,False,PLN,WAW-ALC,2026-05-13T23:55:56Z
2026-08-08,,249.0,WAW,ALC,2026-05-13,Warszawa,Polska,Alicante,Hiszpania,price,BO,False,PLN,WAW-ALC,2026-05-13T23:55:56Z
2026-08-09,,349.0,WAW,ALC,2026-05-13,Warszawa,Polska,Alicante,Hiszpania,price,KL,False,PLN,WAW-ALC,2026-05-13T23:55:56Z
2026-08-10,,399.0,WAW,ALC,2026-05-13,Warszawa,Polska,Alicante,Hiszpania,price,K,False,PLN,WAW-ALC,2026-05-13T23:55:56Z
2026-08-11,,199.0,WAW,ALC,2026-05-13,Warszawa,Polska,Alicante,Hiszpania,price,OP,False,PLN,WAW-ALC,2026-05-13T23:55:56Z
2026-08-12,,399.0,WAW,ALC,2026-05-13,Warszawa,Polska,Alicante,Hiszpania,price,K,False,PLN,WAW-ALC,2026-05-13T23:55:56Z
2026-08-13,,199.0,WAW,ALC,2026-05-13,Warszawa,Polska,Alicante,Hiszpania,price,OP,False,PLN,WAW-ALC,2026-05-13T23:55:56Z
2026-08-14,,219.0,WAW,ALC,2026-05-13,Warszawa,Polska,Alicante,Hiszpania,price,O,False,PLN,WAW-ALC,2026-05-13T23:55:56Z
2026-08-15,,309.0,WAW,ALC,2026-05-13,Warszawa,Polska,Alicante,Hiszpania,price,L,False,PLN,WAW-ALC,2026-05-13T23:55:56Z
2026-08-16,,309.0,WAW,ALC,2026-05-13,Warszawa,Polska,Alicante,Hiszpania,price,L,False,PLN,WAW-ALC,2026-05-13T23:55:56Z
2026-08-17,,399.0,WAW,ALC,2026-05-13,Warszawa,Polska,Alicante,Hiszpania,price,K,False,PLN,WAW-ALC,2026-05-13T23:55:56Z
2026-08-18,,269.0,WAW,ALC,2026-05-13,Warszawa,Polska,Alicante,Hiszpania,price,B,False,PLN,WAW-ALC,2026-05-13T23:55:56Z
2026-08-19,,249.0,WAW,ALC,2026-05-13,Warszawa,Polska,Alicante,Hiszpania,price,BO,False,PLN,WAW-ALC,2026-05-13T23:55:56Z
2026-08-20,,269.0,WAW,ALC,2026-05-13,Warszawa,Polska,Alicante,Hiszpania,price,B,False,PLN,WAW-ALC,2026-05-13T23:55:56Z
2026-08-21,,509.0,WAW,ALC,2026-05-13,Warszawa,Polska,Alicante,Hiszpania,price,J,False,PLN,WAW-ALC,2026-05-13T23:55:56Z
2026-08-22,,309.0,WAW,ALC,2026-05-13,Warszawa,Polska,Alicante,Hiszpania,price,L,False,PLN,WAW-ALC,2026-05-13T23:55:56Z
2026-08-23,,399.0,WAW,ALC,2026-05-13,Warszawa,Polska,Alicante,Hiszpania,price,K,False,PLN,WAW-ALC,2026-05-13T23:55:56Z
2026-08-24,,349.0,WAW,ALC,2026-05-13,Warszawa,Polska,Alicante,Hiszpania,price,KL,False,PLN,WAW-ALC,2026-05-13T23:55:56Z
2026-08-25,,349.0,WAW,ALC,2026-05-13,Warszawa,Polska,Alicante,Hiszpania,price,KL,False,PLN,WAW-ALC,2026-05-13T23:55:56Z
2026-08-26,,799.0,WAW,ALC,2026-05-13,Warszawa,Polska,Alicante,Hiszpania,price,GH,False,PLN,WAW-ALC,2026-05-13T23:55:56Z
2026-08-27,,349.0,WAW,ALC,2026-05-13,Warszawa,Polska,Alicante,Hiszpania,price,KL,False,PLN,WAW-ALC,2026-05-13T23:55:56Z
2026-08-28,,439.0,WAW,ALC,2026-05-13,Warszawa,Polska,Alicante,Hiszpania,price,JK,False,PLN,WAW-ALC,2026-05-13T23:55:56Z
2026-08-29,,399.0,WAW,ALC,2026-05-13,Warszawa,Polska,Alicante,Hiszpania,price,K,False,PLN,WAW-ALC,2026-05-13T23:55:56Z
2026-08-30,,349.0,WAW,ALC,2026-05-13,Warszawa,Polska,Alicante,Hiszpania,price,KL,False,PLN,WAW-ALC,2026-05-13T23:55:56Z
2026-08-31,,349.0,WAW,ALC,2026-05-13,Warszawa,Polska,Alicante,Hiszpania,price,KL,False,PLN,WAW-ALC,2026-05-13T23:55:56Z
2026-05-19,,99.99,ALC,WAW,2026-05-13,Alicante,Hiszpania,Warszawa,Polska,price,JK,False,EUR,ALC-WAW,2026-05-13T23:55:56Z
2026-05-20,,89.99,ALC,WAW,2026-05-13,Alicante,Hiszpania,Warszawa,Polska,price,K,False,EUR,ALC-WAW,2026-05-13T23:55:56Z
2026-05-21,,69.99,ALC,WAW,2026-05-13,Alicante,Hiszpania,Warszawa,Polska,price,L,False,EUR,ALC-WAW,2026-05-13T23:55:56Z
2026-05-22,,65.99,ALC,WAW,2026-05-13,Alicante,Hiszpania,Warszawa,Polska,price,LB,False,EUR,ALC-WAW,2026-05-13T23:55:56Z
2026-05-23,,89.99,ALC,WAW,2026-05-13,Alicante,Hiszpania,Warszawa,Polska,price,K,False,EUR,ALC-WAW,2026-05-13T23:55:56Z
2026-05-24,,159.99,ALC,WAW,2026-05-13,Alicante,Hiszpania,Warszawa,Polska,price,H,False,EUR,ALC-WAW,2026-05-13T23:55:56Z
2026-05-25,,149.99,ALC,WAW,2026-05-13,Alicante,Hiszpania,Warszawa,Polska,price,HI,False,EUR,ALC-WAW,2026-05-13T23:55:56Z
2026-05-26,,59.99,ALC,WAW,2026-05-13,Alicante,Hiszpania,Warszawa,Polska,price,B,False,EUR,ALC-WAW,2026-05-13T23:55:56Z
2026-05-27,,65.99,ALC,WAW,2026-05-13,Alicante,Hiszpania,Warszawa,Polska,price,LB,False,EUR,ALC-WAW,2026-05-13T23:55:56Z
2026-05-28,,49.99,ALC,WAW,2026-05-13,Alicante,Hiszpania,Warszawa,Polska,price,O,False,EUR,ALC-WAW,2026-05-13T23:55:56Z
2026-05-29,,89.99,ALC,WAW,2026-05-13,Alicante,Hiszpania,Warszawa,Polska,price,K,False,EUR,ALC-WAW,2026-05-13T23:55:56Z
2026-05-30,,89.99,ALC,WAW,2026-05-13,Alicante,Hiszpania,Warszawa,Polska,price,K,False,EUR,ALC-WAW,2026-05-13T23:55:56Z
2026-05-31,,114.99,ALC,WAW,2026-05-13,Alicante,Hiszpania,Warszawa,Polska,price,J,False,EUR,ALC-WAW,2026-05-13T23:55:56Z
2026-06-01,,79.99,ALC,WAW,2026-05-13,Alicante,Hiszpania,Warszawa,Polska,price,KL,False,EUR,ALC-WAW,2026-05-13T23:55:56Z
2026-06-02,,59.99,ALC,WAW,2026-05-13,Alicante,Hiszpania,Warszawa,Polska,price,B,False,EUR,ALC-WAW,2026-05-13T23:55:56Z
2026-06-03,,49.99,ALC,WAW,2026-05-13,Alicante,Hiszpania,Warszawa,Polska,price,O,False,EUR,ALC-WAW,2026-05-13T23:55:56Z
2026-06-04,,49.99,ALC,WAW,2026-05-13,Alicante,Hiszpania,Warszawa,Polska,price,O,False,EUR,ALC-WAW,2026-05-13T23:55:56Z
2026-06-05,,69.99,ALC,WAW,2026-05-13,Alicante,Hiszpania,Warszawa,Polska,price,L,False,EUR,ALC-WAW,2026-05-13T23:55:56Z
2026-06-06,,89.99,ALC,WAW,2026-05-13,Alicante,Hiszpania,Warszawa,Polska,price,K,False,EUR,ALC-WAW,2026-05-13T23:55:56Z
2026-06-07,,309.99,ALC,WAW,2026-05-13,Alicante,Hiszpania,Warszawa,Polska,price,ED,False,EUR,ALC-WAW,2026-05-13T23:55:56Z
2026-06-08,,344.99,ALC,WAW,2026-05-13,Alicante,Hiszpania,Warszawa,Polska,price,D,False,EUR,ALC-WAW,2026-05-13T23:55:56Z
2026-06-09,,79.99,ALC,WAW,2026-05-13,Alicante,Hiszpania,Warszawa,Polska,price,KL,False,EUR,ALC-WAW,2026-05-13T23:55:56Z
2026-06-10,,65.99,ALC,WAW,2026-05-13,Alicante,Hiszpania,Warszawa,Polska,price,LB,False,EUR,ALC-WAW,2026-05-13T23:55:56Z
2026-06-11,,55.99,ALC,WAW,2026-05-13,Alicante,Hiszpania,Warszawa,Polska,price,BO,False,EUR,ALC-WAW,2026-05-13T23:55:56Z
2026-06-12,,89.99,ALC,WAW,2026-05-13,Alicante,Hiszpania,Warszawa,Polska,price,K,False,EUR,ALC-WAW,2026-05-13T23:55:56Z
2026-06-13,,79.99,ALC,WAW,2026-05-13,Alicante,Hiszpania,Warszawa,Polska,price,KL,False,EUR,ALC-WAW,2026-05-13T23:55:56Z
2026-06-14,,149.99,ALC,WAW,2026-05-13,Alicante,Hiszpania,Warszawa,Polska,price,HI,False,EUR,ALC-WAW,2026-05-13T23:55:56Z
2026-06-15,,69.99,ALC,WAW,2026-05-13,Alicante,Hiszpania,Warszawa,Polska,price,L,False,EUR,ALC-WAW,2026-05-13T23:55:56Z
2026-06-16,,49.99,ALC,WAW,2026-05-13,Alicante,Hiszpania,Warszawa,Polska,price,O,False,EUR,ALC-WAW,2026-05-13T23:55:56Z
2026-06-17,,89.99,ALC,WAW,2026-05-13,Alicante,Hiszpania,Warszawa,Polska,price,K,False,EUR,ALC-WAW,2026-05-13T23:55:56Z
2026-06-18,,49.99,ALC,WAW,2026-05-13,Alicante,Hiszpania,Warszawa,Polska,price,O,False,EUR,ALC-WAW,2026-05-13T23:55:56Z
2026-06-19,,59.99,ALC,WAW,2026-05-13,Alicante,Hiszpania,Warszawa,Polska,price,B,False,EUR,ALC-WAW,2026-05-13T23:55:56Z
2026-06-20,,69.99,ALC,WAW,2026-05-13,Alicante,Hiszpania,Warszawa,Polska,price,L,False,EUR,ALC-WAW,2026-05-13T23:55:56Z
2026-06-21,,124.99,ALC,WAW,2026-05-13,Alicante,Hiszpania,Warszawa,Polska,price,IJ,False,EUR,ALC-WAW,2026-05-13T23:55:56Z
2026-06-22,,65.99,ALC,WAW,2026-05-13,Alicante,Hiszpania,Warszawa,Polska,price,LB,False,EUR,ALC-WAW,2026-05-13T23:55:56Z
2026-06-23,,79.99,ALC,WAW,2026-05-13,Alicante,Hiszpania,Warszawa,Polska,price,KL,False,EUR,ALC-WAW,2026-05-13T23:55:56Z
2026-06-24,,59.99,ALC,WAW,2026-05-13,Alicante,Hiszpania,Warszawa,Polska,price,B,False,EUR,ALC-WAW,2026-05-13T23:55:56Z
2026-06-25,,69.99,ALC,WAW,2026-05-13,Alicante,Hiszpania,Warszawa,Polska,price,L,False,EUR,ALC-WAW,2026-05-13T23:55:56Z
2026-06-26,,69.99,ALC,WAW,2026-05-13,Alicante,Hiszpania,Warszawa,Polska,price,L,False,EUR,ALC-WAW,2026-05-13T23:55:56Z
2026-06-27,,79.99,ALC,WAW,2026-05-13,Alicante,Hiszpania,Warszawa,Polska,price,KL,False,EUR,ALC-WAW,2026-05-13T23:55:56Z
2026-06-28,,134.99,ALC,WAW,2026-05-13,Alicante,Hiszpania,Warszawa,Polska,price,I,False,EUR,ALC-WAW,2026-05-13T23:55:56Z
2026-06-29,,114.99,ALC,WAW,2026-05-13,Alicante,Hiszpania,Warszawa,Polska,price,J,False,EUR,ALC-WAW,2026-05-13T23:55:56Z
2026-06-30,,89.99,ALC,WAW,2026-05-13,Alicante,Hiszpania,Warszawa,Polska,price,K,False,EUR,ALC-WAW,2026-05-13T23:55:56Z
2026-07-01,,65.99,ALC,WAW,2026-05-13,Alicante,Hiszpania,Warszawa,Polska,price,LB,False,EUR,ALC-WAW,2026-05-13T23:55:56Z
2026-07-02,,59.99,ALC,WAW,2026-05-13,Alicante,Hiszpania,Warszawa,Polska,price,B,False,EUR,ALC-WAW,2026-05-13T23:55:56Z
2026-07-03,,69.99,ALC,WAW,2026-05-13,Alicante,Hiszpania,Warszawa,Polska,price,L,False,EUR,ALC-WAW,2026-05-13T23:55:56Z
2026-07-04,,114.99,ALC,WAW,2026-05-13,Alicante,Hiszpania,Warszawa,Polska,price,J,False,EUR,ALC-WAW,2026-05-13T23:55:56Z
2026-07-05,,89.99,ALC,WAW,2026-05-13,Alicante,Hiszpania,Warszawa,Polska,price,K,False,EUR,ALC-WAW,2026-05-13T23:55:56Z
2026-07-06,,114.99,ALC,WAW,2026-05-13,Alicante,Hiszpania,Warszawa,Polska,price,J,False,EUR,ALC-WAW,2026-05-13T23:55:56Z
2026-07-07,,69.99,ALC,WAW,2026-05-13,Alicante,Hiszpania,Warszawa,Polska,price,L,False,EUR,ALC-WAW,2026-05-13T23:55:56Z
2026-07-08,,89.99,ALC,WAW,2026-05-13,Alicante,Hiszpania,Warszawa,Polska,price,K,False,EUR,ALC-WAW,2026-05-13T23:55:56Z
2026-07-09,,124.99,ALC,WAW,2026-05-13,Alicante,Hiszpania,Warszawa,Polska,price,IJ,False,EUR,ALC-WAW,2026-05-13T23:55:56Z
2026-07-10,,124.99,ALC,WAW,2026-05-13,Alicante,Hiszpania,Warszawa,Polska,price,IJ,False,EUR,ALC-WAW,2026-05-13T23:55:56Z
2026-07-11,,149.99,ALC,WAW,2026-05-13,Alicante,Hiszpania,Warszawa,Polska,price,HI,False,EUR,ALC-WAW,2026-05-13T23:55:56Z
2026-07-12,,189.99,ALC,WAW,2026-05-13,Alicante,Hiszpania,Warszawa,Polska,price,G,False,EUR,ALC-WAW,2026-05-13T23:55:56Z
2026-07-13,,159.99,ALC,WAW,2026-05-13,Alicante,Hiszpania,Warszawa,Polska,price,H,False,EUR,ALC-WAW,2026-05-13T23:55:56Z
2026-07-14,,114.99,ALC,WAW,2026-05-13,Alicante,Hiszpania,Warszawa,Polska,price,J,False,EUR,ALC-WAW,2026-05-13T23:55:56Z
2026-07-15,,134.99,ALC,WAW,2026-05-13,Alicante,Hiszpania,Warszawa,Polska,price,I,False,EUR,ALC-WAW,2026-05-13T23:55:56Z
2026-07-16,,149.99,ALC,WAW,2026-05-13,Alicante,Hiszpania,Warszawa,Polska,price,HI,False,EUR,ALC-WAW,2026-05-13T23:55:56Z
2026-07-17,,99.99,ALC,WAW,2026-05-13,Alicante,Hiszpania,Warszawa,Polska,price,JK,False,EUR,ALC-WAW,2026-05-13T23:55:56Z
2026-07-18,,99.99,ALC,WAW,2026-05-13,Alicante,Hiszpania,Warszawa,Polska,price,JK,False,EUR,ALC-WAW,2026-05-13T23:55:56Z
2026-07-19,,214.99,ALC,WAW,2026-05-13,Alicante,Hiszpania,Warszawa,Polska,price,GF,False,EUR,ALC-WAW,2026-05-13T23:55:56Z
2026-07-20,,149.99,ALC,WAW,2026-05-13,Alicante,Hiszpania,Warszawa,Polska,price,HI,False,EUR,ALC-WAW,2026-05-13T23:55:56Z
2026-07-21,,124.99,ALC,WAW,2026-05-13,Alicante,Hiszpania,Warszawa,Polska,price,IJ,False,EUR,ALC-WAW,2026-05-13T23:55:56Z
2026-07-22,,89.99,ALC,WAW,2026-05-13,Alicante,Hiszpania,Warszawa,Polska,price,K,False,EUR,ALC-WAW,2026-05-13T23:55:56Z
2026-07-23,,89.99,ALC,WAW,2026-05-13,Alicante,Hiszpania,Warszawa,Polska,price,K,False,EUR,ALC-WAW,2026-05-13T23:55:56Z
2026-07-24,,114.99,ALC,WAW,2026-05-13,Alicante,Hiszpania,Warszawa,Polska,price,J,False,EUR,ALC-WAW,2026-05-13T23:55:56Z
2026-07-25,,124.99,ALC,WAW,2026-05-13,Alicante,Hiszpania,Warszawa,Polska,price,IJ,False,EUR,ALC-WAW,2026-05-13T23:55:56Z
2026-07-26,,189.99,ALC,WAW,2026-05-13,Alicante,Hiszpania,Warszawa,Polska,price,G,False,EUR,ALC-WAW,2026-05-13T23:55:56Z
2026-07-27,,234.99,ALC,WAW,2026-05-13,Alicante,Hiszpania,Warszawa,Polska,price,F,False,EUR,ALC-WAW,2026-05-13T23:55:56Z
2026-07-28,,159.99,ALC,WAW,2026-05-13,Alicante,Hiszpania,Warszawa,Polska,price,H,False,EUR,ALC-WAW,2026-05-13T23:55:56Z
2026-07-29,,189.99,ALC,WAW,2026-05-13,Alicante,Hiszpania,Warszawa,Polska,price,G,False,EUR,ALC-WAW,2026-05-13T23:55:56Z
2026-07-30,,189.99,ALC,WAW,2026-05-13,Alicante,Hiszpania,Warszawa,Polska,price,G,False,EUR,ALC-WAW,2026-05-13T23:55:56Z
2026-07-31,,179.99,ALC,WAW,2026-05-13,Alicante,Hiszpania,Warszawa,Polska,price,GH,False,EUR,ALC-WAW,2026-05-13T23:55:56Z
2026-08-01,,179.99,ALC,WAW,2026-05-13,Alicante,Hiszpania,Warszawa,Polska,price,GH,False,EUR,ALC-WAW,2026-05-13T23:55:56Z
2026-08-02,,149.99,ALC,WAW,2026-05-13,Alicante,Hiszpania,Warszawa,Polska,price,HI,False,EUR,ALC-WAW,2026-05-13T23:55:56Z
2026-08-03,,179.99,ALC,WAW,2026-05-13,Alicante,Hiszpania,Warszawa,Polska,price,GH,False,EUR,ALC-WAW,2026-05-13T23:55:56Z
2026-08-04,,114.99,ALC,WAW,2026-05-13,Alicante,Hiszpania,Warszawa,Polska,price,J,False,EUR,ALC-WAW,2026-05-13T23:55:56Z
2026-08-05,,114.99,ALC,WAW,2026-05-13,Alicante,Hiszpania,Warszawa,Polska,price,J,False,EUR,ALC-WAW,2026-05-13T23:55:56Z
2026-08-06,,99.99,ALC,WAW,2026-05-13,Alicante,Hiszpania,Warszawa,Polska,price,JK,False,EUR,ALC-WAW,2026-05-13T23:55:56Z
2026-08-07,,124.99,ALC,WAW,2026-05-13,Alicante,Hiszpania,Warszawa,Polska,price,IJ,False,EUR,ALC-WAW,2026-05-13T23:55:56Z
2026-08-08,,89.99,ALC,WAW,2026-05-13,Alicante,Hiszpania,Warszawa,Polska,price,K,False,EUR,ALC-WAW,2026-05-13T23:55:56Z
2026-08-09,,149.99,ALC,WAW,2026-05-13,Alicante,Hiszpania,Warszawa,Polska,price,HI,False,EUR,ALC-WAW,2026-05-13T23:55:56Z
2026-08-10,,114.99,ALC,WAW,2026-05-13,Alicante,Hiszpania,Warszawa,Polska,price,J,False,EUR,ALC-WAW,2026-05-13T23:55:56Z
2026-08-11,,79.99,ALC,WAW,2026-05-13,Alicante,Hiszpania,Warszawa,Polska,price,KL,False,EUR,ALC-WAW,2026-05-13T23:55:56Z
2026-08-12,,89.99,ALC,WAW,2026-05-13,Alicante,Hiszpania,Warszawa,Polska,price,K,False,EUR,ALC-WAW,2026-05-13T23:55:56Z
2026-08-13,,89.99,ALC,WAW,2026-05-13,Alicante,Hiszpania,Warszawa,Polska,price,K,False,EUR,ALC-WAW,2026-05-13T23:55:56Z
2026-08-14,,124.99,ALC,WAW,2026-05-13,Alicante,Hiszpania,Warszawa,Polska,price,IJ,False,EUR,ALC-WAW,2026-05-13T23:55:56Z
2026-08-15,,134.99,ALC,WAW,2026-05-13,Alicante,Hiszpania,Warszawa,Polska,price,I,False,EUR,ALC-WAW,2026-05-13T23:55:56Z
2026-08-16,,309.99,ALC,WAW,2026-05-13,Alicante,Hiszpania,Warszawa,Polska,price,ED,False,EUR,ALC-WAW,2026-05-13T23:55:56Z
2026-08-17,,89.99,ALC,WAW,2026-05-13,Alicante,Hiszpania,Warszawa,Polska,price,K,False,EUR,ALC-WAW,2026-05-13T23:55:56Z
2026-08-18,,89.99,ALC,WAW,2026-05-13,Alicante,Hiszpania,Warszawa,Polska,price,K,False,EUR,ALC-WAW,2026-05-13T23:55:56Z
2026-08-19,,159.99,ALC,WAW,2026-05-13,Alicante,Hiszpania,Warszawa,Polska,price,H,False,EUR,ALC-WAW,2026-05-13T23:55:56Z
2026-08-20,,124.99,ALC,WAW,2026-05-13,Alicante,Hiszpania,Warszawa,Polska,price,IJ,False,EUR,ALC-WAW,2026-05-13T23:55:56Z
2026-08-21,,89.99,ALC,WAW,2026-05-13,Alicante,Hiszpania,Warszawa,Polska,price,K,False,EUR,ALC-WAW,2026-05-13T23:55:56Z
2026-08-22,,134.99,ALC,WAW,2026-05-13,Alicante,Hiszpania,Warszawa,Polska,price,I,False,EUR,ALC-WAW,2026-05-13T23:55:56Z
2026-08-23,,214.99,ALC,WAW,2026-05-13,Alicante,Hiszpania,Warszawa,Polska,price,GF,False,EUR,ALC-WAW,2026-05-13T23:55:56Z
2026-08-24,,124.99,ALC,WAW,2026-05-13,Alicante,Hiszpania,Warszawa,Polska,price,IJ,False,EUR,ALC-WAW,2026-05-13T23:55:56Z
2026-08-25,,124.99,ALC,WAW,2026-05-13,Alicante,Hiszpania,Warszawa,Polska,price,IJ,False,EUR,ALC-WAW,2026-05-13T23:55:56Z
2026-08-26,,134.99,ALC,WAW,2026-05-13,Alicante,Hiszpania,Warszawa,Polska,price,I,False,EUR,ALC-WAW,2026-05-13T23:55:56Z
2026-08-27,,89.99,ALC,WAW,2026-05-13,Alicante,Hiszpania,Warszawa,Polska,price,K,False,EUR,ALC-WAW,2026-05-13T23:55:56Z
2026-08-28,,114.99,ALC,WAW,2026-05-13,Alicante,Hiszpania,Warszawa,Polska,price,J,False,EUR,ALC-WAW,2026-05-13T23:55:56Z
2026-08-29,,114.99,ALC,WAW,2026-05-13,Alicante,Hiszpania,Warszawa,Polska,price,J,False,EUR,ALC-WAW,2026-05-13T23:55:56Z
2026-08-30,,149.99,ALC,WAW,2026-05-13,Alicante,Hiszpania,Warszawa,Polska,price,HI,False,EUR,ALC-WAW,2026-05-13T23:55:56Z
2026-08-31,,179.99,ALC,WAW,2026-05-13,Alicante,Hiszpania,Warszawa,Polska,price,GH,False,EUR,ALC-WAW,2026-05-13T23:55:56Z
2026-05-19,,179.0,WAW,BBU,2026-05-13,Warszawa,Polska,Bukareszt,Rumunia,price,O,False,PLN,WAW-BBU,2026-05-13T23:55:56Z
2026-05-20,,349.0,WAW,BBU,2026-05-13,Warszawa,Polska,Bukareszt,Rumunia,price,JK,False,PLN,WAW-BBU,2026-05-13T23:55:56Z
2026-05-21,,549.0,WAW,BBU,2026-05-13,Warszawa,Polska,Bukareszt,Rumunia,price,HI,False,PLN,WAW-BBU,2026-05-13T23:55:56Z
2026-05-22,,669.0,WAW,BBU,2026-05-13,Warszawa,Polska,Bukareszt,Rumunia,price,GH,False,PLN,WAW-BBU,2026-05-13T23:55:56Z
2026-05-23,,139.0,WAW,BBU,2026-05-13,Warszawa,Polska,Bukareszt,Rumunia,price,P,False,PLN,WAW-BBU,2026-05-13T23:55:56Z
2026-05-24,,139.0,WAW,BBU,2026-05-13,Warszawa,Polska,Bukareszt,Rumunia,price,P,False,PLN,WAW-BBU,2026-05-13T23:55:56Z
2026-05-25,,99.0,WAW,BBU,2026-05-13,Warszawa,Polska,Bukareszt,Rumunia,price,RS,False,PLN,WAW-BBU,2026-05-13T23:55:56Z
2026-05-26,,109.0,WAW,BBU,2026-05-13,Warszawa,Polska,Bukareszt,Rumunia,price,R,False,PLN,WAW-BBU,2026-05-13T23:55:56Z
2026-05-27,,109.0,WAW,BBU,2026-05-13,Warszawa,Polska,Bukareszt,Rumunia,price,R,False,PLN,WAW-BBU,2026-05-13T23:55:56Z
2026-05-28,,109.0,WAW,BBU,2026-05-13,Warszawa,Polska,Bukareszt,Rumunia,price,R,False,PLN,WAW-BBU,2026-05-13T23:55:56Z
2026-05-29,,109.0,WAW,BBU,2026-05-13,Warszawa,Polska,Bukareszt,Rumunia,price,R,False,PLN,WAW-BBU,2026-05-13T23:55:56Z
2026-05-30,,0.0,WAW,BBU,2026-05-13,Warszawa,Polska,Bukareszt,Rumunia,noData,,False,PLN,WAW-BBU,2026-05-13T23:55:56Z
2026-05-31,,269.0,WAW,BBU,2026-05-13,Warszawa,Polska,Bukareszt,Rumunia,price,L,False,PLN,WAW-BBU,2026-05-13T23:55:56Z
2026-06-01,,349.0,WAW,BBU,2026-05-13,Warszawa,Polska,Bukareszt,Rumunia,price,JK,False,PLN,WAW-BBU,2026-05-13T23:55:56Z
2026-06-02,,159.0,WAW,BBU,2026-05-13,Warszawa,Polska,Bukareszt,Rumunia,price,OP,False,PLN,WAW-BBU,2026-05-13T23:55:56Z
2026-06-03,,289.0,WAW,BBU,2026-05-13,Warszawa,Polska,Bukareszt,Rumunia,price,KL,False,PLN,WAW-BBU,2026-05-13T23:55:56Z
2026-06-04,,139.0,WAW,BBU,2026-05-13,Warszawa,Polska,Bukareszt,Rumunia,price,P,False,PLN,WAW-BBU,2026-05-13T23:55:56Z
2026-06-05,,89.0,WAW,BBU,2026-05-13,Warszawa,Polska,Bukareszt,Rumunia,price,S,False,PLN,WAW-BBU,2026-05-13T23:55:56Z
2026-06-06,,89.0,WAW,BBU,2026-05-13,Warszawa,Polska,Bukareszt,Rumunia,price,S,False,PLN,WAW-BBU,2026-05-13T23:55:56Z
2026-06-07,,99.0,WAW,BBU,2026-05-13,Warszawa,Polska,Bukareszt,Rumunia,price,RS,False,PLN,WAW-BBU,2026-05-13T23:55:56Z
2026-06-08,,89.0,WAW,BBU,2026-05-13,Warszawa,Polska,Bukareszt,Rumunia,price,S,False,PLN,WAW-BBU,2026-05-13T23:55:56Z
2026-06-09,,0.0,WAW,BBU,2026-05-13,Warszawa,Polska,Bukareszt,Rumunia,noData,,False,PLN,WAW-BBU,2026-05-13T23:55:56Z
2026-06-10,,89.0,WAW,BBU,2026-05-13,Warszawa,Polska,Bukareszt,Rumunia,price,S,False,PLN,WAW-BBU,2026-05-13T23:55:56Z
2026-06-11,,99.0,WAW,BBU,2026-05-13,Warszawa,Polska,Bukareszt,Rumunia,price,RS,False,PLN,WAW-BBU,2026-05-13T23:55:56Z
2026-06-12,,179.0,WAW,BBU,2026-05-13,Warszawa,Polska,Bukareszt,Rumunia,price,O,False,PLN,WAW-BBU,2026-05-13T23:55:56Z
2026-06-13,,0.0,WAW,BBU,2026-05-13,Warszawa,Polska,Bukareszt,Rumunia,noData,,False,PLN,WAW-BBU,2026-05-13T23:55:56Z
2026-06-14,,109.0,WAW,BBU,2026-05-13,Warszawa,Polska,Bukareszt,Rumunia,price,R,False,PLN,WAW-BBU,2026-05-13T23:55:56Z
2026-06-15,,99.0,WAW,BBU,2026-05-13,Warszawa,Polska,Bukareszt,Rumunia,price,RS,False,PLN,WAW-BBU,2026-05-13T23:55:56Z
2026-06-16,,0.0,WAW,BBU,2026-05-13,Warszawa,Polska,Bukareszt,Rumunia,noData,,False,PLN,WAW-BBU,2026-05-13T23:55:56Z
2026-06-17,,89.0,WAW,BBU,2026-05-13,Warszawa,Polska,Bukareszt,Rumunia,price,S,False,PLN,WAW-BBU,2026-05-13T23:55:56Z
2026-06-18,,109.0,WAW,BBU,2026-05-13,Warszawa,Polska,Bukareszt,Rumunia,price,R,False,PLN,WAW-BBU,2026-05-13T23:55:56Z
2026-06-19,,129.0,WAW,BBU,2026-05-13,Warszawa,Polska,Bukareszt,Rumunia,price,PR,False,PLN,WAW-BBU,2026-05-13T23:55:56Z
2026-06-20,,0.0,WAW,BBU,2026-05-13,Warszawa,Polska,Bukareszt,Rumunia,noData,,False,PLN,WAW-BBU,2026-05-13T23:55:56Z
2026-06-21,,99.0,WAW,BBU,2026-05-13,Warszawa,Polska,Bukareszt,Rumunia,price,RS,False,PLN,WAW-BBU,2026-05-13T23:55:56Z
2026-06-22,,89.0,WAW,BBU,2026-05-13,Warszawa,Polska,Bukareszt,Rumunia,price,S,False,PLN,WAW-BBU,2026-05-13T23:55:56Z
2026-06-23,,0.0,WAW,BBU,2026-05-13,Warszawa,Polska,Bukareszt,Rumunia,noData,,False,PLN,WAW-BBU,2026-05-13T23:55:56Z
2026-06-24,,89.0,WAW,BBU,2026-05-13,Warszawa,Polska,Bukareszt,Rumunia,price,S,False,PLN,WAW-BBU,2026-05-13T23:55:56Z
2026-06-25,,89.0,WAW,BBU,2026-05-13,Warszawa,Polska,Bukareszt,Rumunia,price,S,False,PLN,WAW-BBU,2026-05-13T23:55:56Z
2026-06-26,,159.0,WAW,BBU,2026-05-13,Warszawa,Polska,Bukareszt,Rumunia,price,OP,False,PLN,WAW-BBU,2026-05-13T23:55:56Z
2026-06-27,,0.0,WAW,BBU,2026-05-13,Warszawa,Polska,Bukareszt,Rumunia,noData,,False,PLN,WAW-BBU,2026-05-13T23:55:56Z
2026-06-28,,89.0,WAW,BBU,2026-05-13,Warszawa,Polska,Bukareszt,Rumunia,price,S,False,PLN,WAW-BBU,2026-05-13T23:55:56Z
2026-06-29,,89.0,WAW,BBU,2026-05-13,Warszawa,Polska,Bukareszt,Rumunia,price,S,False,PLN,WAW-BBU,2026-05-13T23:55:56Z
2026-06-30,,0.0,WAW,BBU,2026-05-13,Warszawa,Polska,Bukareszt,Rumunia,noData,,False,PLN,WAW-BBU,2026-05-13T23:55:56Z
2026-07-01,,89.0,WAW,BBU,2026-05-13,Warszawa,Polska,Bukareszt,Rumunia,price,S,False,PLN,WAW-BBU,2026-05-13T23:55:56Z
2026-07-02,,109.0,WAW,BBU,2026-05-13,Warszawa,Polska,Bukareszt,Rumunia,price,R,False,PLN,WAW-BBU,2026-05-13T23:55:56Z
2026-07-03,,139.0,WAW,BBU,2026-05-13,Warszawa,Polska,Bukareszt,Rumunia,price,P,False,PLN,WAW-BBU,2026-05-13T23:55:56Z
2026-07-04,,0.0,WAW,BBU,2026-05-13,Warszawa,Polska,Bukareszt,Rumunia,noData,,False,PLN,WAW-BBU,2026-05-13T23:55:56Z
2026-07-05,,89.0,WAW,BBU,2026-05-13,Warszawa,Polska,Bukareszt,Rumunia,price,S,False,PLN,WAW-BBU,2026-05-13T23:55:56Z
2026-07-06,,89.0,WAW,BBU,2026-05-13,Warszawa,Polska,Bukareszt,Rumunia,price,S,False,PLN,WAW-BBU,2026-05-13T23:55:56Z
2026-07-07,,0.0,WAW,BBU,2026-05-13,Warszawa,Polska,Bukareszt,Rumunia,noData,,False,PLN,WAW-BBU,2026-05-13T23:55:56Z
2026-07-08,,99.0,WAW,BBU,2026-05-13,Warszawa,Polska,Bukareszt,Rumunia,price,RS,False,PLN,WAW-BBU,2026-05-13T23:55:56Z
2026-07-09,,89.0,WAW,BBU,2026-05-13,Warszawa,Polska,Bukareszt,Rumunia,price,S,False,PLN,WAW-BBU,2026-05-13T23:55:56Z
2026-07-10,,109.0,WAW,BBU,2026-05-13,Warszawa,Polska,Bukareszt,Rumunia,price,R,False,PLN,WAW-BBU,2026-05-13T23:55:56Z
2026-07-11,,0.0,WAW,BBU,2026-05-13,Warszawa,Polska,Bukareszt,Rumunia,noData,,False,PLN,WAW-BBU,2026-05-13T23:55:56Z
2026-07-12,,139.0,WAW,BBU,2026-05-13,Warszawa,Polska,Bukareszt,Rumunia,price,P,False,PLN,WAW-BBU,2026-05-13T23:55:56Z
2026-07-13,,89.0,WAW,BBU,2026-05-13,Warszawa,Polska,Bukareszt,Rumunia,price,S,False,PLN,WAW-BBU,2026-05-13T23:55:56Z
2026-07-14,,0.0,WAW,BBU,2026-05-13,Warszawa,Polska,Bukareszt,Rumunia,noData,,False,PLN,WAW-BBU,2026-05-13T23:55:56Z
2026-07-15,,159.0,WAW,BBU,2026-05-13,Warszawa,Polska,Bukareszt,Rumunia,price,OP,False,PLN,WAW-BBU,2026-05-13T23:55:56Z
2026-07-16,,99.0,WAW,BBU,2026-05-13,Warszawa,Polska,Bukareszt,Rumunia,price,RS,False,PLN,WAW-BBU,2026-05-13T23:55:56Z
2026-07-17,,269.0,WAW,BBU,2026-05-13,Warszawa,Polska,Bukareszt,Rumunia,price,L,False,PLN,WAW-BBU,2026-05-13T23:55:56Z
2026-07-18,,0.0,WAW,BBU,2026-05-13,Warszawa,Polska,Bukareszt,Rumunia,noData,,False,PLN,WAW-BBU,2026-05-13T23:55:56Z
2026-07-19,,399.0,WAW,BBU,2026-05-13,Warszawa,Polska,Bukareszt,Rumunia,price,J,False,PLN,WAW-BBU,2026-05-13T23:55:56Z
2026-07-20,,309.0,WAW,BBU,2026-05-13,Warszawa,Polska,Bukareszt,Rumunia,price,K,False,PLN,WAW-BBU,2026-05-13T23:55:56Z
2026-07-21,,0.0,WAW,BBU,2026-05-13,Warszawa,Polska,Bukareszt,Rumunia,noData,,False,PLN,WAW-BBU,2026-05-13T23:55:56Z
2026-07-22,,89.0,WAW,BBU,2026-05-13,Warszawa,Polska,Bukareszt,Rumunia,price,S,False,PLN,WAW-BBU,2026-05-13T23:55:56Z
2026-07-23,,89.0,WAW,BBU,2026-05-13,Warszawa,Polska,Bukareszt,Rumunia,price,S,False,PLN,WAW-BBU,2026-05-13T23:55:56Z
2026-07-24,,139.0,WAW,BBU,2026-05-13,Warszawa,Polska,Bukareszt,Rumunia,price,P,False,PLN,WAW-BBU,2026-05-13T23:55:56Z
2026-07-25,,0.0,WAW,BBU,2026-05-13,Warszawa,Polska,Bukareszt,Rumunia,noData,,False,PLN,WAW-BBU,2026-05-13T23:55:56Z
2026-07-26,,139.0,WAW,BBU,2026-05-13,Warszawa,Polska,Bukareszt,Rumunia,price,P,False,PLN,WAW-BBU,2026-05-13T23:55:56Z
2026-07-27,,89.0,WAW,BBU,2026-05-13,Warszawa,Polska,Bukareszt,Rumunia,price,S,False,PLN,WAW-BBU,2026-05-13T23:55:56Z
2026-07-28,,0.0,WAW,BBU,2026-05-13,Warszawa,Polska,Bukareszt,Rumunia,noData,,False,PLN,WAW-BBU,2026-05-13T23:55:56Z
2026-07-29,,89.0,WAW,BBU,2026-05-13,Warszawa,Polska,Bukareszt,Rumunia,price,S,False,PLN,WAW-BBU,2026-05-13T23:55:56Z
2026-07-30,,99.0,WAW,BBU,2026-05-13,Warszawa,Polska,Bukareszt,Rumunia,price,RS,False,PLN,WAW-BBU,2026-05-13T23:55:56Z
2026-07-31,,199.0,WAW,BBU,2026-05-13,Warszawa,Polska,Bukareszt,Rumunia,price,BO,False,PLN,WAW-BBU,2026-05-13T23:55:56Z
2026-08-01,,0.0,WAW,BBU,2026-05-13,Warszawa,Polska,Bukareszt,Rumunia,noData,,False,PLN,WAW-BBU,2026-05-13T23:55:56Z
2026-08-02,,99.0,WAW,BBU,2026-05-13,Warszawa,Polska,Bukareszt,Rumunia,price,RS,False,PLN,WAW-BBU,2026-05-13T23:55:56Z
2026-08-03,,139.0,WAW,BBU,2026-05-13,Warszawa,Polska,Bukareszt,Rumunia,price,P,False,PLN,WAW-BBU,2026-05-13T23:55:56Z
2026-08-04,,0.0,WAW,BBU,2026-05-13,Warszawa,Polska,Bukareszt,Rumunia,noData,,False,PLN,WAW-BBU,2026-05-13T23:55:56Z
2026-08-05,,289.0,WAW,BBU,2026-05-13,Warszawa,Polska,Bukareszt,Rumunia,price,KL,False,PLN,WAW-BBU,2026-05-13T23:55:56Z
2026-08-06,,599.0,WAW,BBU,2026-05-13,Warszawa,Polska,Bukareszt,Rumunia,price,H,False,PLN,WAW-BBU,2026-05-13T23:55:56Z
2026-08-07,,249.0,WAW,BBU,2026-05-13,Warszawa,Polska,Bukareszt,Rumunia,price,LB,False,PLN,WAW-BBU,2026-05-13T23:55:56Z
2026-08-08,,0.0,WAW,BBU,2026-05-13,Warszawa,Polska,Bukareszt,Rumunia,noData,,False,PLN,WAW-BBU,2026-05-13T23:55:56Z
2026-08-09,,179.0,WAW,BBU,2026-05-13,Warszawa,Polska,Bukareszt,Rumunia,price,O,False,PLN,WAW-BBU,2026-05-13T23:55:56Z
2026-08-10,,199.0,WAW,BBU,2026-05-13,Warszawa,Polska,Bukareszt,Rumunia,price,BO,False,PLN,WAW-BBU,2026-05-13T23:55:56Z
2026-08-11,,0.0,WAW,BBU,2026-05-13,Warszawa,Polska,Bukareszt,Rumunia,noData,,False,PLN,WAW-BBU,2026-05-13T23:55:56Z
2026-08-12,,139.0,WAW,BBU,2026-05-13,Warszawa,Polska,Bukareszt,Rumunia,price,P,False,PLN,WAW-BBU,2026-05-13T23:55:56Z
2026-08-13,,199.0,WAW,BBU,2026-05-13,Warszawa,Polska,Bukareszt,Rumunia,price,BO,False,PLN,WAW-BBU,2026-05-13T23:55:56Z
2026-08-14,,199.0,WAW,BBU,2026-05-13,Warszawa,Polska,Bukareszt,Rumunia,price,BO,False,PLN,WAW-BBU,2026-05-13T23:55:56Z
2026-08-15,,0.0,WAW,BBU,2026-05-13,Warszawa,Polska,Bukareszt,Rumunia,noData,,False,PLN,WAW-BBU,2026-05-13T23:55:56Z
2026-08-16,,219.0,WAW,BBU,2026-05-13,Warszawa,Polska,Bukareszt,Rumunia,price,B,False,PLN,WAW-BBU,2026-05-13T23:55:56Z
2026-08-17,,89.0,WAW,BBU,2026-05-13,Warszawa,Polska,Bukareszt,Rumunia,price,S,False,PLN,WAW-BBU,2026-05-13T23:55:56Z
2026-08-18,,0.0,WAW,BBU,2026-05-13,Warszawa,Polska,Bukareszt,Rumunia,noData,,False,PLN,WAW-BBU,2026-05-13T23:55:56Z
2026-08-19,,89.0,WAW,BBU,2026-05-13,Warszawa,Polska,Bukareszt,Rumunia,price,S,False,PLN,WAW-BBU,2026-05-13T23:55:56Z
2026-08-20,,109.0,WAW,BBU,2026-05-13,Warszawa,Polska,Bukareszt,Rumunia,price,R,False,PLN,WAW-BBU,2026-05-13T23:55:56Z
2026-08-21,,219.0,WAW,BBU,2026-05-13,Warszawa,Polska,Bukareszt,Rumunia,price,B,False,PLN,WAW-BBU,2026-05-13T23:55:56Z
2026-08-22,,0.0,WAW,BBU,2026-05-13,Warszawa,Polska,Bukareszt,Rumunia,noData,,False,PLN,WAW-BBU,2026-05-13T23:55:56Z
2026-08-23,,219.0,WAW,BBU,2026-05-13,Warszawa,Polska,Bukareszt,Rumunia,price,B,False,PLN,WAW-BBU,2026-05-13T23:55:56Z
2026-08-24,,199.0,WAW,BBU,2026-05-13,Warszawa,Polska,Bukareszt,Rumunia,price,BO,False,PLN,WAW-BBU,2026-05-13T23:55:56Z
2026-08-25,,0.0,WAW,BBU,2026-05-13,Warszawa,Polska,Bukareszt,Rumunia,noData,,False,PLN,WAW-BBU,2026-05-13T23:55:56Z
2026-08-26,,129.0,WAW,BBU,2026-05-13,Warszawa,Polska,Bukareszt,Rumunia,price,PR,False,PLN,WAW-BBU,2026-05-13T23:55:56Z
2026-08-27,,159.0,WAW,BBU,2026-05-13,Warszawa,Polska,Bukareszt,Rumunia,price,OP,False,PLN,WAW-BBU,2026-05-13T23:55:56Z
2026-08-28,,179.0,WAW,BBU,2026-05-13,Warszawa,Polska,Bukareszt,Rumunia,price,O,False,PLN,WAW-BBU,2026-05-13T23:55:56Z
2026-08-29,,0.0,WAW,BBU,2026-05-13,Warszawa,Polska,Bukareszt,Rumunia,noData,,False,PLN,WAW-BBU,2026-05-13T23:55:56Z
2026-08-30,,89.0,WAW,BBU,2026-05-13,Warszawa,Polska,Bukareszt,Rumunia,price,S,False,PLN,WAW-BBU,2026-05-13T23:55:56Z
2026-08-31,,109.0,WAW,BBU,2026-05-13,Warszawa,Polska,Bukareszt,Rumunia,price,R,False,PLN,WAW-BBU,2026-05-13T23:55:56Z
2026-05-19,,159.0,BBU,WAW,2026-05-13,Bukareszt,Rumunia,Warszawa,Polska,price,PR,False,RON,BBU-WAW,2026-05-13T23:55:56Z
2026-05-20,,139.0,BBU,WAW,2026-05-13,Bukareszt,Rumunia,Warszawa,Polska,price,R,False,RON,BBU-WAW,2026-05-13T23:55:56Z
2026-05-21,,179.0,BBU,WAW,2026-05-13,Bukareszt,Rumunia,Warszawa,Polska,price,P,False,RON,BBU-WAW,2026-05-13T23:55:56Z
2026-05-22,,159.0,BBU,WAW,2026-05-13,Bukareszt,Rumunia,Warszawa,Polska,price,PR,False,RON,BBU-WAW,2026-05-13T23:55:56Z
2026-05-23,,179.0,BBU,WAW,2026-05-13,Bukareszt,Rumunia,Warszawa,Polska,price,P,False,RON,BBU-WAW,2026-05-13T23:55:56Z
2026-05-24,,0.0,BBU,WAW,2026-05-13,Bukareszt,Rumunia,Warszawa,Polska,checkPrice,G,False,RON,BBU-WAW,2026-05-13T23:55:56Z
2026-05-25,,689.0,BBU,WAW,2026-05-13,Bukareszt,Rumunia,Warszawa,Polska,price,HI,False,RON,BBU-WAW,2026-05-13T23:55:56Z
2026-05-26,,329.0,BBU,WAW,2026-05-13,Bukareszt,Rumunia,Warszawa,Polska,price,L,False,RON,BBU-WAW,2026-05-13T23:55:56Z
2026-05-27,,179.0,BBU,WAW,2026-05-13,Bukareszt,Rumunia,Warszawa,Polska,price,P,False,RON,BBU-WAW,2026-05-13T23:55:56Z
2026-05-28,,199.0,BBU,WAW,2026-05-13,Bukareszt,Rumunia,Warszawa,Polska,price,OP,False,RON,BBU-WAW,2026-05-13T23:55:56Z
2026-05-29,,329.0,BBU,WAW,2026-05-13,Bukareszt,Rumunia,Warszawa,Polska,price,L,False,RON,BBU-WAW,2026-05-13T23:55:56Z
2026-05-30,,0.0,BBU,WAW,2026-05-13,Bukareszt,Rumunia,Warszawa,Polska,noData,,False,RON,BBU-WAW,2026-05-13T23:55:56Z
2026-05-31,,359.0,BBU,WAW,2026-05-13,Bukareszt,Rumunia,Warszawa,Polska,price,KL,False,RON,BBU-WAW,2026-05-13T23:55:56Z
2026-06-01,,99.0,BBU,WAW,2026-05-13,Bukareszt,Rumunia,Warszawa,Polska,price,S,False,RON,BBU-WAW,2026-05-13T23:55:56Z
2026-06-02,,99.0,BBU,WAW,2026-05-13,Bukareszt,Rumunia,Warszawa,Polska,price,S,False,RON,BBU-WAW,2026-05-13T23:55:56Z
2026-06-03,,129.0,BBU,WAW,2026-05-13,Bukareszt,Rumunia,Warszawa,Polska,price,RS,False,RON,BBU-WAW,2026-05-13T23:55:56Z
2026-06-04,,99.0,BBU,WAW,2026-05-13,Bukareszt,Rumunia,Warszawa,Polska,price,S,False,RON,BBU-WAW,2026-05-13T23:55:56Z
2026-06-05,,129.0,BBU,WAW,2026-05-13,Bukareszt,Rumunia,Warszawa,Polska,price,RS,False,RON,BBU-WAW,2026-05-13T23:55:56Z
2026-06-06,,379.0,BBU,WAW,2026-05-13,Bukareszt,Rumunia,Warszawa,Polska,price,K,False,RON,BBU-WAW,2026-05-13T23:55:56Z
2026-06-07,,879.0,BBU,WAW,2026-05-13,Bukareszt,Rumunia,Warszawa,Polska,price,G,False,RON,BBU-WAW,2026-05-13T23:55:56Z
2026-06-08,,489.0,BBU,WAW,2026-05-13,Bukareszt,Rumunia,Warszawa,Polska,price,J,False,RON,BBU-WAW,2026-05-13T23:55:56Z
2026-06-09,,0.0,BBU,WAW,2026-05-13,Bukareszt,Rumunia,Warszawa,Polska,noData,,False,RON,BBU-WAW,2026-05-13T23:55:56Z
2026-06-10,,99.0,BBU,WAW,2026-05-13,Bukareszt,Rumunia,Warszawa,Polska,price,S,False,RON,BBU-WAW,2026-05-13T23:55:56Z
2026-06-11,,129.0,BBU,WAW,2026-05-13,Bukareszt,Rumunia,Warszawa,Polska,price,RS,False,RON,BBU-WAW,2026-05-13T23:55:56Z
2026-06-12,,99.0,BBU,WAW,2026-05-13,Bukareszt,Rumunia,Warszawa,Polska,price,S,False,RON,BBU-WAW,2026-05-13T23:55:56Z
2026-06-13,,0.0,BBU,WAW,2026-05-13,Bukareszt,Rumunia,Warszawa,Polska,noData,,False,RON,BBU-WAW,2026-05-13T23:55:56Z
2026-06-14,,219.0,BBU,WAW,2026-05-13,Bukareszt,Rumunia,Warszawa,Polska,price,O,False,RON,BBU-WAW,2026-05-13T23:55:56Z
2026-06-15,,139.0,BBU,WAW,2026-05-13,Bukareszt,Rumunia,Warszawa,Polska,price,R,False,RON,BBU-WAW,2026-05-13T23:55:56Z
2026-06-16,,0.0,BBU,WAW,2026-05-13,Bukareszt,Rumunia,Warszawa,Polska,noData,,False,RON,BBU-WAW,2026-05-13T23:55:56Z
2026-06-17,,129.0,BBU,WAW,2026-05-13,Bukareszt,Rumunia,Warszawa,Polska,price,RS,False,RON,BBU-WAW,2026-05-13T23:55:56Z
2026-06-18,,99.0,BBU,WAW,2026-05-13,Bukareszt,Rumunia,Warszawa,Polska,price,S,False,RON,BBU-WAW,2026-05-13T23:55:56Z
2026-06-19,,129.0,BBU,WAW,2026-05-13,Bukareszt,Rumunia,Warszawa,Polska,price,RS,False,RON,BBU-WAW,2026-05-13T23:55:56Z
2026-06-20,,0.0,BBU,WAW,2026-05-13,Bukareszt,Rumunia,Warszawa,Polska,noData,,False,RON,BBU-WAW,2026-05-13T23:55:56Z
2026-06-21,,179.0,BBU,WAW,2026-05-13,Bukareszt,Rumunia,Warszawa,Polska,price,P,False,RON,BBU-WAW,2026-05-13T23:55:56Z
2026-06-22,,129.0,BBU,WAW,2026-05-13,Bukareszt,Rumunia,Warszawa,Polska,price,RS,False,RON,BBU-WAW,2026-05-13T23:55:56Z
2026-06-23,,0.0,BBU,WAW,2026-05-13,Bukareszt,Rumunia,Warszawa,Polska,noData,,False,RON,BBU-WAW,2026-05-13T23:55:56Z
2026-06-24,,99.0,BBU,WAW,2026-05-13,Bukareszt,Rumunia,Warszawa,Polska,price,S,False,RON,BBU-WAW,2026-05-13T23:55:56Z
2026-06-25,,99.0,BBU,WAW,2026-05-13,Bukareszt,Rumunia,Warszawa,Polska,price,S,False,RON,BBU-WAW,2026-05-13T23:55:56Z
2026-06-26,,129.0,BBU,WAW,2026-05-13,Bukareszt,Rumunia,Warszawa,Polska,price,RS,False,RON,BBU-WAW,2026-05-13T23:55:56Z
2026-06-27,,0.0,BBU,WAW,2026-05-13,Bukareszt,Rumunia,Warszawa,Polska,noData,,False,RON,BBU-WAW,2026-05-13T23:55:56Z
2026-06-28,,199.0,BBU,WAW,2026-05-13,Bukareszt,Rumunia,Warszawa,Polska,price,OP,False,RON,BBU-WAW,2026-05-13T23:55:56Z
2026-06-29,,129.0,BBU,WAW,2026-05-13,Bukareszt,Rumunia,Warszawa,Polska,price,RS,False,RON,BBU-WAW,2026-05-13T23:55:56Z
2026-06-30,,0.0,BBU,WAW,2026-05-13,Bukareszt,Rumunia,Warszawa,Polska,noData,,False,RON,BBU-WAW,2026-05-13T23:55:56Z
2026-07-01,,99.0,BBU,WAW,2026-05-13,Bukareszt,Rumunia,Warszawa,Polska,price,S,False,RON,BBU-WAW,2026-05-13T23:55:56Z
2026-07-02,,99.0,BBU,WAW,2026-05-13,Bukareszt,Rumunia,Warszawa,Polska,price,S,False,RON,BBU-WAW,2026-05-13T23:55:56Z
2026-07-03,,129.0,BBU,WAW,2026-05-13,Bukareszt,Rumunia,Warszawa,Polska,price,RS,False,RON,BBU-WAW,2026-05-13T23:55:56Z
2026-07-04,,0.0,BBU,WAW,2026-05-13,Bukareszt,Rumunia,Warszawa,Polska,noData,,False,RON,BBU-WAW,2026-05-13T23:55:56Z
2026-07-05,,219.0,BBU,WAW,2026-05-13,Bukareszt,Rumunia,Warszawa,Polska,price,O,False,RON,BBU-WAW,2026-05-13T23:55:56Z
2026-07-06,,99.0,BBU,WAW,2026-05-13,Bukareszt,Rumunia,Warszawa,Polska,price,S,False,RON,BBU-WAW,2026-05-13T23:55:56Z
2026-07-07,,0.0,BBU,WAW,2026-05-13,Bukareszt,Rumunia,Warszawa,Polska,noData,,False,RON,BBU-WAW,2026-05-13T23:55:56Z
2026-07-08,,139.0,BBU,WAW,2026-05-13,Bukareszt,Rumunia,Warszawa,Polska,price,R,False,RON,BBU-WAW,2026-05-13T23:55:56Z
2026-07-09,,129.0,BBU,WAW,2026-05-13,Bukareszt,Rumunia,Warszawa,Polska,price,RS,False,RON,BBU-WAW,2026-05-13T23:55:56Z
2026-07-10,,99.0,BBU,WAW,2026-05-13,Bukareszt,Rumunia,Warszawa,Polska,price,S,False,RON,BBU-WAW,2026-05-13T23:55:56Z
2026-07-11,,0.0,BBU,WAW,2026-05-13,Bukareszt,Rumunia,Warszawa,Polska,noData,,False,RON,BBU-WAW,2026-05-13T23:55:56Z
2026-07-12,,379.0,BBU,WAW,2026-05-13,Bukareszt,Rumunia,Warszawa,Polska,price,K,False,RON,BBU-WAW,2026-05-13T23:55:56Z
2026-07-13,,329.0,BBU,WAW,2026-05-13,Bukareszt,Rumunia,Warszawa,Polska,price,L,False,RON,BBU-WAW,2026-05-13T23:55:56Z
2026-07-14,,0.0,BBU,WAW,2026-05-13,Bukareszt,Rumunia,Warszawa,Polska,noData,,False,RON,BBU-WAW,2026-05-13T23:55:56Z
2026-07-15,,129.0,BBU,WAW,2026-05-13,Bukareszt,Rumunia,Warszawa,Polska,price,RS,False,RON,BBU-WAW,2026-05-13T23:55:56Z
2026-07-16,,379.0,BBU,WAW,2026-05-13,Bukareszt,Rumunia,Warszawa,Polska,price,K,False,RON,BBU-WAW,2026-05-13T23:55:56Z
2026-07-17,,689.0,BBU,WAW,2026-05-13,Bukareszt,Rumunia,Warszawa,Polska,price,HI,False,RON,BBU-WAW,2026-05-13T23:55:56Z
2026-07-18,,0.0,BBU,WAW,2026-05-13,Bukareszt,Rumunia,Warszawa,Polska,noData,,False,RON,BBU-WAW,2026-05-13T23:55:56Z
2026-07-19,,379.0,BBU,WAW,2026-05-13,Bukareszt,Rumunia,Warszawa,Polska,price,K,False,RON,BBU-WAW,2026-05-13T23:55:56Z
2026-07-20,,139.0,BBU,WAW,2026-05-13,Bukareszt,Rumunia,Warszawa,Polska,price,R,False,RON,BBU-WAW,2026-05-13T23:55:56Z
2026-07-21,,0.0,BBU,WAW,2026-05-13,Bukareszt,Rumunia,Warszawa,Polska,noData,,False,RON,BBU-WAW,2026-05-13T23:55:56Z
2026-07-22,,129.0,BBU,WAW,2026-05-13,Bukareszt,Rumunia,Warszawa,Polska,price,RS,False,RON,BBU-WAW,2026-05-13T23:55:56Z
2026-07-23,,99.0,BBU,WAW,2026-05-13,Bukareszt,Rumunia,Warszawa,Polska,price,S,False,RON,BBU-WAW,2026-05-13T23:55:56Z
2026-07-24,,219.0,BBU,WAW,2026-05-13,Bukareszt,Rumunia,Warszawa,Polska,price,O,False,RON,BBU-WAW,2026-05-13T23:55:56Z
2026-07-25,,0.0,BBU,WAW,2026-05-13,Bukareszt,Rumunia,Warszawa,Polska,noData,,False,RON,BBU-WAW,2026-05-13T23:55:56Z
2026-07-26,,199.0,BBU,WAW,2026-05-13,Bukareszt,Rumunia,Warszawa,Polska,price,OP,False,RON,BBU-WAW,2026-05-13T23:55:56Z
2026-07-27,,199.0,BBU,WAW,2026-05-13,Bukareszt,Rumunia,Warszawa,Polska,price,OP,False,RON,BBU-WAW,2026-05-13T23:55:56Z
2026-07-28,,0.0,BBU,WAW,2026-05-13,Bukareszt,Rumunia,Warszawa,Polska,noData,,False,RON,BBU-WAW,2026-05-13T23:55:56Z
2026-07-29,,159.0,BBU,WAW,2026-05-13,Bukareszt,Rumunia,Warszawa,Polska,price,PR,False,RON,BBU-WAW,2026-05-13T23:55:56Z
2026-07-30,,99.0,BBU,WAW,2026-05-13,Bukareszt,Rumunia,Warszawa,Polska,price,S,False,RON,BBU-WAW,2026-05-13T23:55:56Z
2026-07-31,,249.0,BBU,WAW,2026-05-13,Bukareszt,Rumunia,Warszawa,Polska,price,BO,False,RON,BBU-WAW,2026-05-13T23:55:56Z
2026-08-01,,0.0,BBU,WAW,2026-05-13,Bukareszt,Rumunia,Warszawa,Polska,noData,,False,RON,BBU-WAW,2026-05-13T23:55:56Z
2026-08-02,,379.0,BBU,WAW,2026-05-13,Bukareszt,Rumunia,Warszawa,Polska,price,K,False,RON,BBU-WAW,2026-05-13T23:55:56Z
2026-08-03,,439.0,BBU,WAW,2026-05-13,Bukareszt,Rumunia,Warszawa,Polska,price,JK,False,RON,BBU-WAW,2026-05-13T23:55:56Z
2026-08-04,,0.0,BBU,WAW,2026-05-13,Bukareszt,Rumunia,Warszawa,Polska,noData,,False,RON,BBU-WAW,2026-05-13T23:55:56Z
2026-08-05,,139.0,BBU,WAW,2026-05-13,Bukareszt,Rumunia,Warszawa,Polska,price,R,False,RON,BBU-WAW,2026-05-13T23:55:56Z
2026-08-06,,139.0,BBU,WAW,2026-05-13,Bukareszt,Rumunia,Warszawa,Polska,price,R,False,RON,BBU-WAW,2026-05-13T23:55:56Z
2026-08-07,,159.0,BBU,WAW,2026-05-13,Bukareszt,Rumunia,Warszawa,Polska,price,PR,False,RON,BBU-WAW,2026-05-13T23:55:56Z
2026-08-08,,0.0,BBU,WAW,2026-05-13,Bukareszt,Rumunia,Warszawa,Polska,noData,,False,RON,BBU-WAW,2026-05-13T23:55:56Z
2026-08-09,,159.0,BBU,WAW,2026-05-13,Bukareszt,Rumunia,Warszawa,Polska,price,PR,False,RON,BBU-WAW,2026-05-13T23:55:56Z
2026-08-10,,199.0,BBU,WAW,2026-05-13,Bukareszt,Rumunia,Warszawa,Polska,price,OP,False,RON,BBU-WAW,2026-05-13T23:55:56Z
2026-08-11,,0.0,BBU,WAW,2026-05-13,Bukareszt,Rumunia,Warszawa,Polska,noData,,False,RON,BBU-WAW,2026-05-13T23:55:56Z
2026-08-12,,99.0,BBU,WAW,2026-05-13,Bukareszt,Rumunia,Warszawa,Polska,price,S,False,RON,BBU-WAW,2026-05-13T23:55:56Z
2026-08-13,,179.0,BBU,WAW,2026-05-13,Bukareszt,Rumunia,Warszawa,Polska,price,P,False,RON,BBU-WAW,2026-05-13T23:55:56Z
2026-08-14,,199.0,BBU,WAW,2026-05-13,Bukareszt,Rumunia,Warszawa,Polska,price,OP,False,RON,BBU-WAW,2026-05-13T23:55:56Z
2026-08-15,,0.0,BBU,WAW,2026-05-13,Bukareszt,Rumunia,Warszawa,Polska,noData,,False,RON,BBU-WAW,2026-05-13T23:55:56Z
2026-08-16,,249.0,BBU,WAW,2026-05-13,Bukareszt,Rumunia,Warszawa,Polska,price,BO,False,RON,BBU-WAW,2026-05-13T23:55:56Z
2026-08-17,,199.0,BBU,WAW,2026-05-13,Bukareszt,Rumunia,Warszawa,Polska,price,OP,False,RON,BBU-WAW,2026-05-13T23:55:56Z
2026-08-18,,0.0,BBU,WAW,2026-05-13,Bukareszt,Rumunia,Warszawa,Polska,noData,,False,RON,BBU-WAW,2026-05-13T23:55:56Z
2026-08-19,,359.0,BBU,WAW,2026-05-13,Bukareszt,Rumunia,Warszawa,Polska,price,KL,False,RON,BBU-WAW,2026-05-13T23:55:56Z
2026-08-20,,159.0,BBU,WAW,2026-05-13,Bukareszt,Rumunia,Warszawa,Polska,price,PR,False,RON,BBU-WAW,2026-05-13T23:55:56Z
2026-08-21,,439.0,BBU,WAW,2026-05-13,Bukareszt,Rumunia,Warszawa,Polska,price,JK,False,RON,BBU-WAW,2026-05-13T23:55:56Z
2026-08-22,,0.0,BBU,WAW,2026-05-13,Bukareszt,Rumunia,Warszawa,Polska,noData,,False,RON,BBU-WAW,2026-05-13T23:55:56Z
2026-08-23,,439.0,BBU,WAW,2026-05-13,Bukareszt,Rumunia,Warszawa,Polska,price,JK,False,RON,BBU-WAW,2026-05-13T23:55:56Z
2026-08-24,,219.0,BBU,WAW,2026-05-13,Bukareszt,Rumunia,Warszawa,Polska,price,O,False,RON,BBU-WAW,2026-05-13T23:55:56Z
2026-08-25,,0.0,BBU,WAW,2026-05-13,Bukareszt,Rumunia,Warszawa,Polska,noData,,False,RON,BBU-WAW,2026-05-13T23:55:56Z
2026-08-26,,249.0,BBU,WAW,2026-05-13,Bukareszt,Rumunia,Warszawa,Polska,price,BO,False,RON,BBU-WAW,2026-05-13T23:55:56Z
2026-08-27,,359.0,BBU,WAW,2026-05-13,Bukareszt,Rumunia,Warszawa,Polska,price,KL,False,RON,BBU-WAW,2026-05-13T23:55:56Z
2026-08-28,,549.0,BBU,WAW,2026-05-13,Bukareszt,Rumunia,Warszawa,Polska,price,IJ,False,RON,BBU-WAW,2026-05-13T23:55:56Z
2026-08-29,,0.0,BBU,WAW,2026-05-13,Bukareszt,Rumunia,Warszawa,Polska,noData,,False,RON,BBU-WAW,2026-05-13T23:55:56Z
2026-08-30,,489.0,BBU,WAW,2026-05-13,Bukareszt,Rumunia,Warszawa,Polska,price,J,False,RON,BBU-WAW,2026-05-13T23:55:56Z
2026-08-31,,309.0,BBU,WAW,2026-05-13,Bukareszt,Rumunia,Warszawa,Polska,price,LB,False,RON,BBU-WAW,2026-05-13T23:55:56Z
2026-05-19,,439.0,WAW,BCN,2026-05-13,Warszawa,Polska,Barcelona,Hiszpania,price,JK,False,PLN,WAW-BCN,2026-05-13T23:55:56Z
2026-05-20,,399.0,WAW,BCN,2026-05-13,Warszawa,Polska,Barcelona,Hiszpania,price,K,False,PLN,WAW-BCN,2026-05-13T23:55:56Z
2026-05-21,,349.0,WAW,BCN,2026-05-13,Warszawa,Polska,Barcelona,Hiszpania,price,KL,False,PLN,WAW-BCN,2026-05-13T23:55:56Z
2026-05-22,,709.0,WAW,BCN,2026-05-13,Warszawa,Polska,Barcelona,Hiszpania,price,H,False,PLN,WAW-BCN,2026-05-13T23:55:56Z
2026-05-23,,669.0,WAW,BCN,2026-05-13,Warszawa,Polska,Barcelona,Hiszpania,price,HI,False,PLN,WAW-BCN,2026-05-13T23:55:56Z
2026-05-24,,349.0,WAW,BCN,2026-05-13,Warszawa,Polska,Barcelona,Hiszpania,price,KL,False,PLN,WAW-BCN,2026-05-13T23:55:56Z
2026-05-25,,219.0,WAW,BCN,2026-05-13,Warszawa,Polska,Barcelona,Hiszpania,price,O,False,PLN,WAW-BCN,2026-05-13T23:55:56Z
2026-05-26,,219.0,WAW,BCN,2026-05-13,Warszawa,Polska,Barcelona,Hiszpania,price,O,False,PLN,WAW-BCN,2026-05-13T23:55:56Z
2026-05-27,,249.0,WAW,BCN,2026-05-13,Warszawa,Polska,Barcelona,Hiszpania,price,BO,False,PLN,WAW-BCN,2026-05-13T23:55:56Z
2026-05-28,,309.0,WAW,BCN,2026-05-13,Warszawa,Polska,Barcelona,Hiszpania,price,L,False,PLN,WAW-BCN,2026-05-13T23:55:56Z
2026-05-29,,249.0,WAW,BCN,2026-05-13,Warszawa,Polska,Barcelona,Hiszpania,price,BO,False,PLN,WAW-BCN,2026-05-13T23:55:56Z
2026-05-30,,509.0,WAW,BCN,2026-05-13,Warszawa,Polska,Barcelona,Hiszpania,price,J,False,PLN,WAW-BCN,2026-05-13T23:55:56Z
2026-05-31,,949.0,WAW,BCN,2026-05-13,Warszawa,Polska,Barcelona,Hiszpania,price,GF,False,PLN,WAW-BCN,2026-05-13T23:55:56Z
2026-06-01,,199.0,WAW,BCN,2026-05-13,Warszawa,Polska,Barcelona,Hiszpania,price,OP,False,PLN,WAW-BCN,2026-05-13T23:55:56Z
2026-06-02,,269.0,WAW,BCN,2026-05-13,Warszawa,Polska,Barcelona,Hiszpania,price,B,False,PLN,WAW-BCN,2026-05-13T23:55:56Z
2026-06-03,,349.0,WAW,BCN,2026-05-13,Warszawa,Polska,Barcelona,Hiszpania,price,KL,False,PLN,WAW-BCN,2026-05-13T23:55:56Z
2026-06-04,,549.0,WAW,BCN,2026-05-13,Warszawa,Polska,Barcelona,Hiszpania,price,IJ,False,PLN,WAW-BCN,2026-05-13T23:55:56Z
2026-06-05,,219.0,WAW,BCN,2026-05-13,Warszawa,Polska,Barcelona,Hiszpania,price,O,False,PLN,WAW-BCN,2026-05-13T23:55:56Z
2026-06-06,,219.0,WAW,BCN,2026-05-13,Warszawa,Polska,Barcelona,Hiszpania,price,O,False,PLN,WAW-BCN,2026-05-13T23:55:56Z
2026-06-07,,219.0,WAW,BCN,2026-05-13,Warszawa,Polska,Barcelona,Hiszpania,price,O,False,PLN,WAW-BCN,2026-05-13T23:55:56Z
2026-06-08,,179.0,WAW,BCN,2026-05-13,Warszawa,Polska,Barcelona,Hiszpania,price,P,False,PLN,WAW-BCN,2026-05-13T23:55:56Z
2026-06-09,,179.0,WAW,BCN,2026-05-13,Warszawa,Polska,Barcelona,Hiszpania,price,P,False,PLN,WAW-BCN,2026-05-13T23:55:56Z
2026-06-10,,199.0,WAW,BCN,2026-05-13,Warszawa,Polska,Barcelona,Hiszpania,price,OP,False,PLN,WAW-BCN,2026-05-13T23:55:56Z
2026-06-11,,219.0,WAW,BCN,2026-05-13,Warszawa,Polska,Barcelona,Hiszpania,price,O,False,PLN,WAW-BCN,2026-05-13T23:55:56Z
2026-06-12,,219.0,WAW,BCN,2026-05-13,Warszawa,Polska,Barcelona,Hiszpania,price,O,False,PLN,WAW-BCN,2026-05-13T23:55:56Z
2026-06-13,,179.0,WAW,BCN,2026-05-13,Warszawa,Polska,Barcelona,Hiszpania,price,P,False,PLN,WAW-BCN,2026-05-13T23:55:56Z
2026-06-14,,269.0,WAW,BCN,2026-05-13,Warszawa,Polska,Barcelona,Hiszpania,price,B,False,PLN,WAW-BCN,2026-05-13T23:55:56Z
2026-06-15,,199.0,WAW,BCN,2026-05-13,Warszawa,Polska,Barcelona,Hiszpania,price,OP,False,PLN,WAW-BCN,2026-05-13T23:55:56Z
2026-06-16,,199.0,WAW,BCN,2026-05-13,Warszawa,Polska,Barcelona,Hiszpania,price,OP,False,PLN,WAW-BCN,2026-05-13T23:55:56Z
2026-06-17,,309.0,WAW,BCN,2026-05-13,Warszawa,Polska,Barcelona,Hiszpania,price,L,False,PLN,WAW-BCN,2026-05-13T23:55:56Z
2026-06-18,,439.0,WAW,BCN,2026-05-13,Warszawa,Polska,Barcelona,Hiszpania,price,JK,False,PLN,WAW-BCN,2026-05-13T23:55:56Z
2026-06-19,,269.0,WAW,BCN,2026-05-13,Warszawa,Polska,Barcelona,Hiszpania,price,B,False,PLN,WAW-BCN,2026-05-13T23:55:56Z
2026-06-20,,199.0,WAW,BCN,2026-05-13,Warszawa,Polska,Barcelona,Hiszpania,price,OP,False,PLN,WAW-BCN,2026-05-13T23:55:56Z
2026-06-21,,269.0,WAW,BCN,2026-05-13,Warszawa,Polska,Barcelona,Hiszpania,price,B,False,PLN,WAW-BCN,2026-05-13T23:55:56Z
2026-06-22,,179.0,WAW,BCN,2026-05-13,Warszawa,Polska,Barcelona,Hiszpania,price,P,False,PLN,WAW-BCN,2026-05-13T23:55:56Z
2026-06-23,,179.0,WAW,BCN,2026-05-13,Warszawa,Polska,Barcelona,Hiszpania,price,P,False,PLN,WAW-BCN,2026-05-13T23:55:56Z
2026-06-24,,179.0,WAW,BCN,2026-05-13,Warszawa,Polska,Barcelona,Hiszpania,price,P,False,PLN,WAW-BCN,2026-05-13T23:55:56Z
2026-06-25,,199.0,WAW,BCN,2026-05-13,Warszawa,Polska,Barcelona,Hiszpania,price,OP,False,PLN,WAW-BCN,2026-05-13T23:55:56Z
2026-06-26,,269.0,WAW,BCN,2026-05-13,Warszawa,Polska,Barcelona,Hiszpania,price,B,False,PLN,WAW-BCN,2026-05-13T23:55:56Z
2026-06-27,,349.0,WAW,BCN,2026-05-13,Warszawa,Polska,Barcelona,Hiszpania,price,KL,False,PLN,WAW-BCN,2026-05-13T23:55:56Z
2026-06-28,,179.0,WAW,BCN,2026-05-13,Warszawa,Polska,Barcelona,Hiszpania,price,P,False,PLN,WAW-BCN,2026-05-13T23:55:56Z
2026-06-29,,179.0,WAW,BCN,2026-05-13,Warszawa,Polska,Barcelona,Hiszpania,price,P,False,PLN,WAW-BCN,2026-05-13T23:55:56Z
2026-06-30,,219.0,WAW,BCN,2026-05-13,Warszawa,Polska,Barcelona,Hiszpania,price,O,False,PLN,WAW-BCN,2026-05-13T23:55:56Z
2026-07-01,,179.0,WAW,BCN,2026-05-13,Warszawa,Polska,Barcelona,Hiszpania,price,P,False,PLN,WAW-BCN,2026-05-13T23:55:56Z
2026-07-02,,199.0,WAW,BCN,2026-05-13,Warszawa,Polska,Barcelona,Hiszpania,price,OP,False,PLN,WAW-BCN,2026-05-13T23:55:56Z
2026-07-03,,219.0,WAW,BCN,2026-05-13,Warszawa,Polska,Barcelona,Hiszpania,price,O,False,PLN,WAW-BCN,2026-05-13T23:55:56Z
2026-07-04,,179.0,WAW,BCN,2026-05-13,Warszawa,Polska,Barcelona,Hiszpania,price,P,False,PLN,WAW-BCN,2026-05-13T23:55:56Z
2026-07-05,,199.0,WAW,BCN,2026-05-13,Warszawa,Polska,Barcelona,Hiszpania,price,OP,False,PLN,WAW-BCN,2026-05-13T23:55:56Z
2026-07-06,,179.0,WAW,BCN,2026-05-13,Warszawa,Polska,Barcelona,Hiszpania,price,P,False,PLN,WAW-BCN,2026-05-13T23:55:56Z
2026-07-07,,179.0,WAW,BCN,2026-05-13,Warszawa,Polska,Barcelona,Hiszpania,price,P,False,PLN,WAW-BCN,2026-05-13T23:55:56Z
2026-07-08,,179.0,WAW,BCN,2026-05-13,Warszawa,Polska,Barcelona,Hiszpania,price,P,False,PLN,WAW-BCN,2026-05-13T23:55:56Z
2026-07-09,,179.0,WAW,BCN,2026-05-13,Warszawa,Polska,Barcelona,Hiszpania,price,P,False,PLN,WAW-BCN,2026-05-13T23:55:56Z
2026-07-10,,179.0,WAW,BCN,2026-05-13,Warszawa,Polska,Barcelona,Hiszpania,price,P,False,PLN,WAW-BCN,2026-05-13T23:55:56Z
2026-07-11,,179.0,WAW,BCN,2026-05-13,Warszawa,Polska,Barcelona,Hiszpania,price,P,False,PLN,WAW-BCN,2026-05-13T23:55:56Z
2026-07-12,,199.0,WAW,BCN,2026-05-13,Warszawa,Polska,Barcelona,Hiszpania,price,OP,False,PLN,WAW-BCN,2026-05-13T23:55:56Z
2026-07-13,,179.0,WAW,BCN,2026-05-13,Warszawa,Polska,Barcelona,Hiszpania,price,P,False,PLN,WAW-BCN,2026-05-13T23:55:56Z
2026-07-14,,219.0,WAW,BCN,2026-05-13,Warszawa,Polska,Barcelona,Hiszpania,price,O,False,PLN,WAW-BCN,2026-05-13T23:55:56Z
2026-07-15,,399.0,WAW,BCN,2026-05-13,Warszawa,Polska,Barcelona,Hiszpania,price,K,False,PLN,WAW-BCN,2026-05-13T23:55:56Z
2026-07-16,,309.0,WAW,BCN,2026-05-13,Warszawa,Polska,Barcelona,Hiszpania,price,L,False,PLN,WAW-BCN,2026-05-13T23:55:56Z
2026-07-17,,249.0,WAW,BCN,2026-05-13,Warszawa,Polska,Barcelona,Hiszpania,price,BO,False,PLN,WAW-BCN,2026-05-13T23:55:56Z
2026-07-18,,249.0,WAW,BCN,2026-05-13,Warszawa,Polska,Barcelona,Hiszpania,price,BO,False,PLN,WAW-BCN,2026-05-13T23:55:56Z
2026-07-19,,309.0,WAW,BCN,2026-05-13,Warszawa,Polska,Barcelona,Hiszpania,price,L,False,PLN,WAW-BCN,2026-05-13T23:55:56Z
2026-07-20,,199.0,WAW,BCN,2026-05-13,Warszawa,Polska,Barcelona,Hiszpania,price,OP,False,PLN,WAW-BCN,2026-05-13T23:55:56Z
2026-07-21,,219.0,WAW,BCN,2026-05-13,Warszawa,Polska,Barcelona,Hiszpania,price,O,False,PLN,WAW-BCN,2026-05-13T23:55:56Z
2026-07-22,,219.0,WAW,BCN,2026-05-13,Warszawa,Polska,Barcelona,Hiszpania,price,O,False,PLN,WAW-BCN,2026-05-13T23:55:56Z
2026-07-23,,199.0,WAW,BCN,2026-05-13,Warszawa,Polska,Barcelona,Hiszpania,price,OP,False,PLN,WAW-BCN,2026-05-13T23:55:56Z
2026-07-24,,179.0,WAW,BCN,2026-05-13,Warszawa,Polska,Barcelona,Hiszpania,price,P,False,PLN,WAW-BCN,2026-05-13T23:55:56Z
2026-07-25,,199.0,WAW,BCN,2026-05-13,Warszawa,Polska,Barcelona,Hiszpania,price,OP,False,PLN,WAW-BCN,2026-05-13T23:55:56Z
2026-07-26,,199.0,WAW,BCN,2026-05-13,Warszawa,Polska,Barcelona,Hiszpania,price,OP,False,PLN,WAW-BCN,2026-05-13T23:55:56Z
2026-07-27,,179.0,WAW,BCN,2026-05-13,Warszawa,Polska,Barcelona,Hiszpania,price,P,False,PLN,WAW-BCN,2026-05-13T23:55:56Z
2026-07-28,,199.0,WAW,BCN,2026-05-13,Warszawa,Polska,Barcelona,Hiszpania,price,OP,False,PLN,WAW-BCN,2026-05-13T23:55:56Z
2026-07-29,,179.0,WAW,BCN,2026-05-13,Warszawa,Polska,Barcelona,Hiszpania,price,P,False,PLN,WAW-BCN,2026-05-13T23:55:56Z
2026-07-30,,199.0,WAW,BCN,2026-05-13,Warszawa,Polska,Barcelona,Hiszpania,price,OP,False,PLN,WAW-BCN,2026-05-13T23:55:56Z
2026-07-31,,179.0,WAW,BCN,2026-05-13,Warszawa,Polska,Barcelona,Hiszpania,price,P,False,PLN,WAW-BCN,2026-05-13T23:55:56Z
2026-08-01,,179.0,WAW,BCN,2026-05-13,Warszawa,Polska,Barcelona,Hiszpania,price,P,False,PLN,WAW-BCN,2026-05-13T23:55:56Z
2026-08-02,,179.0,WAW,BCN,2026-05-13,Warszawa,Polska,Barcelona,Hiszpania,price,P,False,PLN,WAW-BCN,2026-05-13T23:55:56Z
2026-08-03,,219.0,WAW,BCN,2026-05-13,Warszawa,Polska,Barcelona,Hiszpania,price,O,False,PLN,WAW-BCN,2026-05-13T23:55:56Z
2026-08-04,,179.0,WAW,BCN,2026-05-13,Warszawa,Polska,Barcelona,Hiszpania,price,P,False,PLN,WAW-BCN,2026-05-13T23:55:56Z
2026-08-05,,179.0,WAW,BCN,2026-05-13,Warszawa,Polska,Barcelona,Hiszpania,price,P,False,PLN,WAW-BCN,2026-05-13T23:55:56Z
2026-08-06,,249.0,WAW,BCN,2026-05-13,Warszawa,Polska,Barcelona,Hiszpania,price,BO,False,PLN,WAW-BCN,2026-05-13T23:55:56Z
2026-08-07,,179.0,WAW,BCN,2026-05-13,Warszawa,Polska,Barcelona,Hiszpania,price,P,False,PLN,WAW-BCN,2026-05-13T23:55:56Z
2026-08-08,,249.0,WAW,BCN,2026-05-13,Warszawa,Polska,Barcelona,Hiszpania,price,BO,False,PLN,WAW-BCN,2026-05-13T23:55:56Z
2026-08-09,,249.0,WAW,BCN,2026-05-13,Warszawa,Polska,Barcelona,Hiszpania,price,BO,False,PLN,WAW-BCN,2026-05-13T23:55:56Z
2026-08-10,,249.0,WAW,BCN,2026-05-13,Warszawa,Polska,Barcelona,Hiszpania,price,BO,False,PLN,WAW-BCN,2026-05-13T23:55:56Z
2026-08-11,,269.0,WAW,BCN,2026-05-13,Warszawa,Polska,Barcelona,Hiszpania,price,B,False,PLN,WAW-BCN,2026-05-13T23:55:56Z
2026-08-12,,219.0,WAW,BCN,2026-05-13,Warszawa,Polska,Barcelona,Hiszpania,price,O,False,PLN,WAW-BCN,2026-05-13T23:55:56Z
2026-08-13,,199.0,WAW,BCN,2026-05-13,Warszawa,Polska,Barcelona,Hiszpania,price,OP,False,PLN,WAW-BCN,2026-05-13T23:55:56Z
2026-08-14,,289.0,WAW,BCN,2026-05-13,Warszawa,Polska,Barcelona,Hiszpania,price,LB,False,PLN,WAW-BCN,2026-05-13T23:55:56Z
2026-08-15,,199.0,WAW,BCN,2026-05-13,Warszawa,Polska,Barcelona,Hiszpania,price,OP,False,PLN,WAW-BCN,2026-05-13T23:55:56Z
2026-08-16,,249.0,WAW,BCN,2026-05-13,Warszawa,Polska,Barcelona,Hiszpania,price,BO,False,PLN,WAW-BCN,2026-05-13T23:55:56Z
2026-08-17,,249.0,WAW,BCN,2026-05-13,Warszawa,Polska,Barcelona,Hiszpania,price,BO,False,PLN,WAW-BCN,2026-05-13T23:55:56Z
2026-08-18,,219.0,WAW,BCN,2026-05-13,Warszawa,Polska,Barcelona,Hiszpania,price,O,False,PLN,WAW-BCN,2026-05-13T23:55:56Z
2026-08-19,,219.0,WAW,BCN,2026-05-13,Warszawa,Polska,Barcelona,Hiszpania,price,O,False,PLN,WAW-BCN,2026-05-13T23:55:56Z
2026-08-20,,289.0,WAW,BCN,2026-05-13,Warszawa,Polska,Barcelona,Hiszpania,price,LB,False,PLN,WAW-BCN,2026-05-13T23:55:56Z
2026-08-21,,249.0,WAW,BCN,2026-05-13,Warszawa,Polska,Barcelona,Hiszpania,price,BO,False,PLN,WAW-BCN,2026-05-13T23:55:56Z
2026-08-22,,349.0,WAW,BCN,2026-05-13,Warszawa,Polska,Barcelona,Hiszpania,price,KL,False,PLN,WAW-BCN,2026-05-13T23:55:56Z
2026-08-23,,269.0,WAW,BCN,2026-05-13,Warszawa,Polska,Barcelona,Hiszpania,price,B,False,PLN,WAW-BCN,2026-05-13T23:55:56Z
2026-08-24,,309.0,WAW,BCN,2026-05-13,Warszawa,Polska,Barcelona,Hiszpania,price,L,False,PLN,WAW-BCN,2026-05-13T23:55:56Z
2026-08-25,,249.0,WAW,BCN,2026-05-13,Warszawa,Polska,Barcelona,Hiszpania,price,BO,False,PLN,WAW-BCN,2026-05-13T23:55:56Z
2026-08-26,,199.0,WAW,BCN,2026-05-13,Warszawa,Polska,Barcelona,Hiszpania,price,OP,False,PLN,WAW-BCN,2026-05-13T23:55:56Z
2026-08-27,,249.0,WAW,BCN,2026-05-13,Warszawa,Polska,Barcelona,Hiszpania,price,BO,False,PLN,WAW-BCN,2026-05-13T23:55:56Z
2026-08-28,,269.0,WAW,BCN,2026-05-13,Warszawa,Polska,Barcelona,Hiszpania,price,B,False,PLN,WAW-BCN,2026-05-13T23:55:56Z
2026-08-29,,349.0,WAW,BCN,2026-05-13,Warszawa,Polska,Barcelona,Hiszpania,price,KL,False,PLN,WAW-BCN,2026-05-13T23:55:56Z
2026-08-30,,219.0,WAW,BCN,2026-05-13,Warszawa,Polska,Barcelona,Hiszpania,price,O,False,PLN,WAW-BCN,2026-05-13T23:55:56Z
2026-08-31,,399.0,WAW,BCN,2026-05-13,Warszawa,Polska,Barcelona,Hiszpania,price,K,False,PLN,WAW-BCN,2026-05-13T23:55:56Z
2026-05-19,,159.99,BCN,WAW,2026-05-13,Barcelona,Hiszpania,Warszawa,Polska,price,H,False,EUR,BCN-WAW,2026-05-13T23:55:56Z
2026-05-20,,69.99,BCN,WAW,2026-05-13,Barcelona,Hiszpania,Warszawa,Polska,price,L,False,EUR,BCN-WAW,2026-05-13T23:55:56Z
2026-05-21,,99.99,BCN,WAW,2026-05-13,Barcelona,Hiszpania,Warszawa,Polska,price,JK,False,EUR,BCN-WAW,2026-05-13T23:55:56Z
2026-05-22,,189.99,BCN,WAW,2026-05-13,Barcelona,Hiszpania,Warszawa,Polska,price,G,False,EUR,BCN-WAW,2026-05-13T23:55:56Z
2026-05-23,,114.99,BCN,WAW,2026-05-13,Barcelona,Hiszpania,Warszawa,Polska,price,J,False,EUR,BCN-WAW,2026-05-13T23:55:56Z
2026-05-24,,79.99,BCN,WAW,2026-05-13,Barcelona,Hiszpania,Warszawa,Polska,price,KL,False,EUR,BCN-WAW,2026-05-13T23:55:56Z
2026-05-25,,79.99,BCN,WAW,2026-05-13,Barcelona,Hiszpania,Warszawa,Polska,price,KL,False,EUR,BCN-WAW,2026-05-13T23:55:56Z
2026-05-26,,45.99,BCN,WAW,2026-05-13,Barcelona,Hiszpania,Warszawa,Polska,price,OP,False,EUR,BCN-WAW,2026-05-13T23:55:56Z
2026-05-27,,45.99,BCN,WAW,2026-05-13,Barcelona,Hiszpania,Warszawa,Polska,price,OP,False,EUR,BCN-WAW,2026-05-13T23:55:56Z
2026-05-28,,59.99,BCN,WAW,2026-05-13,Barcelona,Hiszpania,Warszawa,Polska,price,B,False,EUR,BCN-WAW,2026-05-13T23:55:56Z
2026-05-29,,59.99,BCN,WAW,2026-05-13,Barcelona,Hiszpania,Warszawa,Polska,price,B,False,EUR,BCN-WAW,2026-05-13T23:55:56Z
2026-05-30,,134.99,BCN,WAW,2026-05-13,Barcelona,Hiszpania,Warszawa,Polska,price,I,False,EUR,BCN-WAW,2026-05-13T23:55:56Z
2026-05-31,,254.99,BCN,WAW,2026-05-13,Barcelona,Hiszpania,Warszawa,Polska,price,FE,False,EUR,BCN-WAW,2026-05-13T23:55:56Z
2026-06-01,,55.99,BCN,WAW,2026-05-13,Barcelona,Hiszpania,Warszawa,Polska,price,BO,False,EUR,BCN-WAW,2026-05-13T23:55:56Z
2026-06-02,,39.99,BCN,WAW,2026-05-13,Barcelona,Hiszpania,Warszawa,Polska,price,P,False,EUR,BCN-WAW,2026-05-13T23:55:56Z
2026-06-03,,39.99,BCN,WAW,2026-05-13,Barcelona,Hiszpania,Warszawa,Polska,price,P,False,EUR,BCN-WAW,2026-05-13T23:55:56Z
2026-06-04,,55.99,BCN,WAW,2026-05-13,Barcelona,Hiszpania,Warszawa,Polska,price,BO,False,EUR,BCN-WAW,2026-05-13T23:55:56Z
2026-06-05,,59.99,BCN,WAW,2026-05-13,Barcelona,Hiszpania,Warszawa,Polska,price,B,False,EUR,BCN-WAW,2026-05-13T23:55:56Z
2026-06-06,,114.99,BCN,WAW,2026-05-13,Barcelona,Hiszpania,Warszawa,Polska,price,J,False,EUR,BCN-WAW,2026-05-13T23:55:56Z
2026-06-07,,159.99,BCN,WAW,2026-05-13,Barcelona,Hiszpania,Warszawa,Polska,price,H,False,EUR,BCN-WAW,2026-05-13T23:55:56Z
2026-06-08,,99.99,BCN,WAW,2026-05-13,Barcelona,Hiszpania,Warszawa,Polska,price,JK,False,EUR,BCN-WAW,2026-05-13T23:55:56Z
2026-06-09,,49.99,BCN,WAW,2026-05-13,Barcelona,Hiszpania,Warszawa,Polska,price,O,False,EUR,BCN-WAW,2026-05-13T23:55:56Z
2026-06-10,,45.99,BCN,WAW,2026-05-13,Barcelona,Hiszpania,Warszawa,Polska,price,OP,False,EUR,BCN-WAW,2026-05-13T23:55:56Z
2026-06-11,,49.99,BCN,WAW,2026-05-13,Barcelona,Hiszpania,Warszawa,Polska,price,O,False,EUR,BCN-WAW,2026-05-13T23:55:56Z
2026-06-12,,59.99,BCN,WAW,2026-05-13,Barcelona,Hiszpania,Warszawa,Polska,price,B,False,EUR,BCN-WAW,2026-05-13T23:55:56Z
2026-06-13,,69.99,BCN,WAW,2026-05-13,Barcelona,Hiszpania,Warszawa,Polska,price,L,False,EUR,BCN-WAW,2026-05-13T23:55:56Z
2026-06-14,,59.99,BCN,WAW,2026-05-13,Barcelona,Hiszpania,Warszawa,Polska,price,B,False,EUR,BCN-WAW,2026-05-13T23:55:56Z
2026-06-15,,114.99,BCN,WAW,2026-05-13,Barcelona,Hiszpania,Warszawa,Polska,price,J,False,EUR,BCN-WAW,2026-05-13T23:55:56Z
2026-06-16,,39.99,BCN,WAW,2026-05-13,Barcelona,Hiszpania,Warszawa,Polska,price,P,False,EUR,BCN-WAW,2026-05-13T23:55:56Z
2026-06-17,,39.99,BCN,WAW,2026-05-13,Barcelona,Hiszpania,Warszawa,Polska,price,P,False,EUR,BCN-WAW,2026-05-13T23:55:56Z
2026-06-18,,39.99,BCN,WAW,2026-05-13,Barcelona,Hiszpania,Warszawa,Polska,price,P,False,EUR,BCN-WAW,2026-05-13T23:55:56Z
2026-06-19,,39.99,BCN,WAW,2026-05-13,Barcelona,Hiszpania,Warszawa,Polska,price,P,False,EUR,BCN-WAW,2026-05-13T23:55:56Z
2026-06-20,,65.99,BCN,WAW,2026-05-13,Barcelona,Hiszpania,Warszawa,Polska,price,LB,False,EUR,BCN-WAW,2026-05-13T23:55:56Z
2026-06-21,,69.99,BCN,WAW,2026-05-13,Barcelona,Hiszpania,Warszawa,Polska,price,L,False,EUR,BCN-WAW,2026-05-13T23:55:56Z
2026-06-22,,49.99,BCN,WAW,2026-05-13,Barcelona,Hiszpania,Warszawa,Polska,price,O,False,EUR,BCN-WAW,2026-05-13T23:55:56Z
2026-06-23,,39.99,BCN,WAW,2026-05-13,Barcelona,Hiszpania,Warszawa,Polska,price,P,False,EUR,BCN-WAW,2026-05-13T23:55:56Z
2026-06-24,,45.99,BCN,WAW,2026-05-13,Barcelona,Hiszpania,Warszawa,Polska,price,OP,False,EUR,BCN-WAW,2026-05-13T23:55:56Z
2026-06-25,,39.99,BCN,WAW,2026-05-13,Barcelona,Hiszpania,Warszawa,Polska,price,P,False,EUR,BCN-WAW,2026-05-13T23:55:56Z
2026-06-26,,49.99,BCN,WAW,2026-05-13,Barcelona,Hiszpania,Warszawa,Polska,price,O,False,EUR,BCN-WAW,2026-05-13T23:55:56Z
2026-06-27,,65.99,BCN,WAW,2026-05-13,Barcelona,Hiszpania,Warszawa,Polska,price,LB,False,EUR,BCN-WAW,2026-05-13T23:55:56Z
2026-06-28,,55.99,BCN,WAW,2026-05-13,Barcelona,Hiszpania,Warszawa,Polska,price,BO,False,EUR,BCN-WAW,2026-05-13T23:55:56Z
2026-06-29,,45.99,BCN,WAW,2026-05-13,Barcelona,Hiszpania,Warszawa,Polska,price,OP,False,EUR,BCN-WAW,2026-05-13T23:55:56Z
2026-06-30,,55.99,BCN,WAW,2026-05-13,Barcelona,Hiszpania,Warszawa,Polska,price,BO,False,EUR,BCN-WAW,2026-05-13T23:55:56Z
2026-07-01,,45.99,BCN,WAW,2026-05-13,Barcelona,Hiszpania,Warszawa,Polska,price,OP,False,EUR,BCN-WAW,2026-05-13T23:55:56Z
2026-07-02,,45.99,BCN,WAW,2026-05-13,Barcelona,Hiszpania,Warszawa,Polska,price,OP,False,EUR,BCN-WAW,2026-05-13T23:55:56Z
2026-07-03,,49.99,BCN,WAW,2026-05-13,Barcelona,Hiszpania,Warszawa,Polska,price,O,False,EUR,BCN-WAW,2026-05-13T23:55:56Z
2026-07-04,,49.99,BCN,WAW,2026-05-13,Barcelona,Hiszpania,Warszawa,Polska,price,O,False,EUR,BCN-WAW,2026-05-13T23:55:56Z
2026-07-05,,89.99,BCN,WAW,2026-05-13,Barcelona,Hiszpania,Warszawa,Polska,price,K,False,EUR,BCN-WAW,2026-05-13T23:55:56Z
2026-07-06,,89.99,BCN,WAW,2026-05-13,Barcelona,Hiszpania,Warszawa,Polska,price,K,False,EUR,BCN-WAW,2026-05-13T23:55:56Z
2026-07-07,,55.99,BCN,WAW,2026-05-13,Barcelona,Hiszpania,Warszawa,Polska,price,BO,False,EUR,BCN-WAW,2026-05-13T23:55:56Z
2026-07-08,,69.99,BCN,WAW,2026-05-13,Barcelona,Hiszpania,Warszawa,Polska,price,L,False,EUR,BCN-WAW,2026-05-13T23:55:56Z
2026-07-09,,65.99,BCN,WAW,2026-05-13,Barcelona,Hiszpania,Warszawa,Polska,price,LB,False,EUR,BCN-WAW,2026-05-13T23:55:56Z
2026-07-10,,65.99,BCN,WAW,2026-05-13,Barcelona,Hiszpania,Warszawa,Polska,price,LB,False,EUR,BCN-WAW,2026-05-13T23:55:56Z
2026-07-11,,59.99,BCN,WAW,2026-05-13,Barcelona,Hiszpania,Warszawa,Polska,price,B,False,EUR,BCN-WAW,2026-05-13T23:55:56Z
2026-07-12,,69.99,BCN,WAW,2026-05-13,Barcelona,Hiszpania,Warszawa,Polska,price,L,False,EUR,BCN-WAW,2026-05-13T23:55:56Z
2026-07-13,,89.99,BCN,WAW,2026-05-13,Barcelona,Hiszpania,Warszawa,Polska,price,K,False,EUR,BCN-WAW,2026-05-13T23:55:56Z
2026-07-14,,79.99,BCN,WAW,2026-05-13,Barcelona,Hiszpania,Warszawa,Polska,price,KL,False,EUR,BCN-WAW,2026-05-13T23:55:56Z
2026-07-15,,114.99,BCN,WAW,2026-05-13,Barcelona,Hiszpania,Warszawa,Polska,price,J,False,EUR,BCN-WAW,2026-05-13T23:55:56Z
2026-07-16,,79.99,BCN,WAW,2026-05-13,Barcelona,Hiszpania,Warszawa,Polska,price,KL,False,EUR,BCN-WAW,2026-05-13T23:55:56Z
2026-07-17,,79.99,BCN,WAW,2026-05-13,Barcelona,Hiszpania,Warszawa,Polska,price,KL,False,EUR,BCN-WAW,2026-05-13T23:55:56Z
2026-07-18,,79.99,BCN,WAW,2026-05-13,Barcelona,Hiszpania,Warszawa,Polska,price,KL,False,EUR,BCN-WAW,2026-05-13T23:55:56Z
2026-07-19,,65.99,BCN,WAW,2026-05-13,Barcelona,Hiszpania,Warszawa,Polska,price,LB,False,EUR,BCN-WAW,2026-05-13T23:55:56Z
2026-07-20,,59.99,BCN,WAW,2026-05-13,Barcelona,Hiszpania,Warszawa,Polska,price,B,False,EUR,BCN-WAW,2026-05-13T23:55:56Z
2026-07-21,,49.99,BCN,WAW,2026-05-13,Barcelona,Hiszpania,Warszawa,Polska,price,O,False,EUR,BCN-WAW,2026-05-13T23:55:56Z
2026-07-22,,45.99,BCN,WAW,2026-05-13,Barcelona,Hiszpania,Warszawa,Polska,price,OP,False,EUR,BCN-WAW,2026-05-13T23:55:56Z
2026-07-23,,49.99,BCN,WAW,2026-05-13,Barcelona,Hiszpania,Warszawa,Polska,price,O,False,EUR,BCN-WAW,2026-05-13T23:55:56Z
2026-07-24,,49.99,BCN,WAW,2026-05-13,Barcelona,Hiszpania,Warszawa,Polska,price,O,False,EUR,BCN-WAW,2026-05-13T23:55:56Z
2026-07-25,,45.99,BCN,WAW,2026-05-13,Barcelona,Hiszpania,Warszawa,Polska,price,OP,False,EUR,BCN-WAW,2026-05-13T23:55:56Z
2026-07-26,,55.99,BCN,WAW,2026-05-13,Barcelona,Hiszpania,Warszawa,Polska,price,BO,False,EUR,BCN-WAW,2026-05-13T23:55:56Z
2026-07-27,,49.99,BCN,WAW,2026-05-13,Barcelona,Hiszpania,Warszawa,Polska,price,O,False,EUR,BCN-WAW,2026-05-13T23:55:56Z
2026-07-28,,45.99,BCN,WAW,2026-05-13,Barcelona,Hiszpania,Warszawa,Polska,price,OP,False,EUR,BCN-WAW,2026-05-13T23:55:56Z
2026-07-29,,49.99,BCN,WAW,2026-05-13,Barcelona,Hiszpania,Warszawa,Polska,price,O,False,EUR,BCN-WAW,2026-05-13T23:55:56Z
2026-07-30,,65.99,BCN,WAW,2026-05-13,Barcelona,Hiszpania,Warszawa,Polska,price,LB,False,EUR,BCN-WAW,2026-05-13T23:55:56Z
2026-07-31,,65.99,BCN,WAW,2026-05-13,Barcelona,Hiszpania,Warszawa,Polska,price,LB,False,EUR,BCN-WAW,2026-05-13T23:55:56Z
2026-08-01,,69.99,BCN,WAW,2026-05-13,Barcelona,Hiszpania,Warszawa,Polska,price,L,False,EUR,BCN-WAW,2026-05-13T23:55:56Z
2026-08-02,,69.99,BCN,WAW,2026-05-13,Barcelona,Hiszpania,Warszawa,Polska,price,L,False,EUR,BCN-WAW,2026-05-13T23:55:56Z
2026-08-03,,79.99,BCN,WAW,2026-05-13,Barcelona,Hiszpania,Warszawa,Polska,price,KL,False,EUR,BCN-WAW,2026-05-13T23:55:56Z
2026-08-04,,65.99,BCN,WAW,2026-05-13,Barcelona,Hiszpania,Warszawa,Polska,price,LB,False,EUR,BCN-WAW,2026-05-13T23:55:56Z
2026-08-05,,59.99,BCN,WAW,2026-05-13,Barcelona,Hiszpania,Warszawa,Polska,price,B,False,EUR,BCN-WAW,2026-05-13T23:55:56Z
2026-08-06,,55.99,BCN,WAW,2026-05-13,Barcelona,Hiszpania,Warszawa,Polska,price,BO,False,EUR,BCN-WAW,2026-05-13T23:55:56Z
2026-08-07,,65.99,BCN,WAW,2026-05-13,Barcelona,Hiszpania,Warszawa,Polska,price,LB,False,EUR,BCN-WAW,2026-05-13T23:55:56Z
2026-08-08,,69.99,BCN,WAW,2026-05-13,Barcelona,Hiszpania,Warszawa,Polska,price,L,False,EUR,BCN-WAW,2026-05-13T23:55:56Z
2026-08-09,,89.99,BCN,WAW,2026-05-13,Barcelona,Hiszpania,Warszawa,Polska,price,K,False,EUR,BCN-WAW,2026-05-13T23:55:56Z
2026-08-10,,79.99,BCN,WAW,2026-05-13,Barcelona,Hiszpania,Warszawa,Polska,price,KL,False,EUR,BCN-WAW,2026-05-13T23:55:56Z
2026-08-11,,134.99,BCN,WAW,2026-05-13,Barcelona,Hiszpania,Warszawa,Polska,price,I,False,EUR,BCN-WAW,2026-05-13T23:55:56Z
2026-08-12,,89.99,BCN,WAW,2026-05-13,Barcelona,Hiszpania,Warszawa,Polska,price,K,False,EUR,BCN-WAW,2026-05-13T23:55:56Z
2026-08-13,,89.99,BCN,WAW,2026-05-13,Barcelona,Hiszpania,Warszawa,Polska,price,K,False,EUR,BCN-WAW,2026-05-13T23:55:56Z
2026-08-14,,159.99,BCN,WAW,2026-05-13,Barcelona,Hiszpania,Warszawa,Polska,price,H,False,EUR,BCN-WAW,2026-05-13T23:55:56Z
2026-08-15,,149.99,BCN,WAW,2026-05-13,Barcelona,Hiszpania,Warszawa,Polska,price,HI,False,EUR,BCN-WAW,2026-05-13T23:55:56Z
2026-08-16,,134.99,BCN,WAW,2026-05-13,Barcelona,Hiszpania,Warszawa,Polska,price,I,False,EUR,BCN-WAW,2026-05-13T23:55:56Z
2026-08-17,,149.99,BCN,WAW,2026-05-13,Barcelona,Hiszpania,Warszawa,Polska,price,HI,False,EUR,BCN-WAW,2026-05-13T23:55:56Z
2026-08-18,,69.99,BCN,WAW,2026-05-13,Barcelona,Hiszpania,Warszawa,Polska,price,L,False,EUR,BCN-WAW,2026-05-13T23:55:56Z
2026-08-19,,79.99,BCN,WAW,2026-05-13,Barcelona,Hiszpania,Warszawa,Polska,price,KL,False,EUR,BCN-WAW,2026-05-13T23:55:56Z
2026-08-20,,99.99,BCN,WAW,2026-05-13,Barcelona,Hiszpania,Warszawa,Polska,price,JK,False,EUR,BCN-WAW,2026-05-13T23:55:56Z
2026-08-21,,69.99,BCN,WAW,2026-05-13,Barcelona,Hiszpania,Warszawa,Polska,price,L,False,EUR,BCN-WAW,2026-05-13T23:55:56Z
2026-08-22,,59.99,BCN,WAW,2026-05-13,Barcelona,Hiszpania,Warszawa,Polska,price,B,False,EUR,BCN-WAW,2026-05-13T23:55:56Z
2026-08-23,,89.99,BCN,WAW,2026-05-13,Barcelona,Hiszpania,Warszawa,Polska,price,K,False,EUR,BCN-WAW,2026-05-13T23:55:56Z
2026-08-24,,55.99,BCN,WAW,2026-05-13,Barcelona,Hiszpania,Warszawa,Polska,price,BO,False,EUR,BCN-WAW,2026-05-13T23:55:56Z
2026-08-25,,89.99,BCN,WAW,2026-05-13,Barcelona,Hiszpania,Warszawa,Polska,price,K,False,EUR,BCN-WAW,2026-05-13T23:55:56Z
2026-08-26,,79.99,BCN,WAW,2026-05-13,Barcelona,Hiszpania,Warszawa,Polska,price,KL,False,EUR,BCN-WAW,2026-05-13T23:55:56Z
2026-08-27,,59.99,BCN,WAW,2026-05-13,Barcelona,Hiszpania,Warszawa,Polska,price,B,False,EUR,BCN-WAW,2026-05-13T23:55:56Z
2026-08-28,,59.99,BCN,WAW,2026-05-13,Barcelona,Hiszpania,Warszawa,Polska,price,B,False,EUR,BCN-WAW,2026-05-13T23:55:56Z
2026-08-29,,149.99,BCN,WAW,2026-05-13,Barcelona,Hiszpania,Warszawa,Polska,price,HI,False,EUR,BCN-WAW,2026-05-13T23:55:56Z
2026-08-30,,99.99,BCN,WAW,2026-05-13,Barcelona,Hiszpania,Warszawa,Polska,price,JK,False,EUR,BCN-WAW,2026-05-13T23:55:56Z
2026-08-31,,89.99,BCN,WAW,2026-05-13,Barcelona,Hiszpania,Warszawa,Polska,price,K,False,EUR,BCN-WAW,2026-05-13T23:55:56Z
