departure,return,price,departure_airport,arrival_airport,date_of_export,DepartureCity,DepartureCountry,ArrivalCity,ArrivalCountry,provider,source_price,source_currency,fx_rate_to_pln,price_type,class_of_service,has_mac_flight,route,source_scraped_at_utc,combined_at_utc
2026-08-21,,259.29,AAR,GDN,2026-08-20,Aarhus,Dania,Gdańsk,Polska,ryanair,259.29,PLN,1.000000,price,,,AAR-GDN,2026-08-20T11:32:54Z,2026-08-20T12:23:59Z
2026-08-22,,90.46,AAR,GDN,2026-08-20,Aarhus,Dania,Gdańsk,Polska,ryanair,90.46,PLN,1.000000,price,,,AAR-GDN,2026-08-20T11:32:54Z,2026-08-20T12:23:59Z
2026-08-23,,102.41,AAR,GDN,2026-08-20,Aarhus,Dania,Gdańsk,Polska,ryanair,102.41,PLN,1.000000,price,,,AAR-GDN,2026-08-20T11:32:54Z,2026-08-20T12:23:59Z
2026-08-25,,258.53,AAR,GDN,2026-08-20,Aarhus,Dania,Gdańsk,Polska,ryanair,258.53,PLN,1.000000,price,,,AAR-GDN,2026-08-20T11:32:54Z,2026-08-20T12:23:59Z
2026-08-26,,202.51,AAR,GDN,2026-08-20,Aarhus,Dania,Gdańsk,Polska,ryanair,202.51,PLN,1.000000,price,,,AAR-GDN,2026-08-20T11:32:54Z,2026-08-20T12:23:59Z
2026-08-27,,94.32,AAR,GDN,2026-08-20,Aarhus,Dania,Gdańsk,Polska,ryanair,94.32,PLN,1.000000,price,,,AAR-GDN,2026-08-20T11:32:54Z,2026-08-20T12:23:59Z
2026-08-28,,129.24,AAR,GDN,2026-08-20,Aarhus,Dania,Gdańsk,Polska,ryanair,129.24,PLN,1.000000,price,,,AAR-GDN,2026-08-20T11:32:54Z,2026-08-20T12:23:59Z
2026-08-29,,168.52,AAR,GDN,2026-08-20,Aarhus,Dania,Gdańsk,Polska,ryanair,168.52,PLN,1.000000,price,,,AAR-GDN,2026-08-20T11:32:54Z,2026-08-20T12:23:59Z
2026-08-30,,112.01,AAR,GDN,2026-08-20,Aarhus,Dania,Gdańsk,Polska,ryanair,112.01,PLN,1.000000,price,,,AAR-GDN,2026-08-20T11:32:54Z,2026-08-20T12:23:59Z
2026-08-22,,1454.45,AAR,KTW,2026-08-20,Aarhus,Dania,Katowice,Polska,ryanair,1454.45,PLN,1.000000,price,,,AAR-KTW,2026-08-20T11:32:54Z,2026-08-20T12:23:59Z
2026-08-25,,96.38,AAR,KTW,2026-08-20,Aarhus,Dania,Katowice,Polska,ryanair,96.38,PLN,1.000000,price,,,AAR-KTW,2026-08-20T11:32:54Z,2026-08-20T12:23:59Z
2026-08-29,,146.40,AAR,KTW,2026-08-20,Aarhus,Dania,Katowice,Polska,ryanair,146.4,PLN,1.000000,price,,,AAR-KTW,2026-08-20T11:32:54Z,2026-08-20T12:23:59Z
2026-08-29,,277.15,ABZ,GDN,2026-08-20,Aberdeen,Wielka Brytania,Gdańsk,Polska,wizzair,54.99,GBP,5.039992,price,L,False,ABZ-GDN,2026-08-20T11:32:53Z,2026-08-20T12:23:59Z
2026-08-23,,219.76,ABZ,KRK,2026-08-20,Aberdeen,Wielka Brytania,Kraków,Polska,ryanair,219.76,PLN,1.000000,price,,,ABZ-KRK,2026-08-20T11:32:54Z,2026-08-20T12:23:59Z
2026-08-25,,261.17,ABZ,KRK,2026-08-20,Aberdeen,Wielka Brytania,Kraków,Polska,ryanair,261.17,PLN,1.000000,price,,,ABZ-KRK,2026-08-20T11:32:54Z,2026-08-20T12:23:59Z
2026-08-26,,200.89,ABZ,KRK,2026-08-20,Aberdeen,Wielka Brytania,Kraków,Polska,ryanair,200.89,PLN,1.000000,price,,,ABZ-KRK,2026-08-20T11:32:54Z,2026-08-20T12:23:59Z
2026-08-30,,391.78,ABZ,KRK,2026-08-20,Aberdeen,Wielka Brytania,Kraków,Polska,ryanair,391.78,PLN,1.000000,price,,,ABZ-KRK,2026-08-20T11:32:54Z,2026-08-20T12:23:59Z
2026-08-21,,1729.39,AGA,KRK,2026-08-20,Agadir,Maroko,Kraków,Polska,ryanair,1729.39,PLN,1.000000,price,,,AGA-KRK,2026-08-20T11:32:54Z,2026-08-20T12:23:59Z
2026-08-28,,1755.32,AGA,KRK,2026-08-20,Agadir,Maroko,Kraków,Polska,ryanair,1755.32,PLN,1.000000,price,,,AGA-KRK,2026-08-20T11:32:54Z,2026-08-20T12:23:59Z
2026-08-21,,1253.09,AGA,WRO,2026-08-20,Agadir,Maroko,Wrocław,Polska,ryanair,1253.09,PLN,1.000000,price,,,AGA-WRO,2026-08-20T11:32:54Z,2026-08-20T12:23:59Z
2026-08-24,,1447.79,AGA,WRO,2026-08-20,Agadir,Maroko,Wrocław,Polska,ryanair,1447.79,PLN,1.000000,price,,,AGA-WRO,2026-08-20T11:32:54Z,2026-08-20T12:23:59Z
2026-08-28,,1896.16,AGA,WRO,2026-08-20,Agadir,Maroko,Wrocław,Polska,ryanair,1896.16,PLN,1.000000,price,,,AGA-WRO,2026-08-20T11:32:54Z,2026-08-20T12:23:59Z
2026-08-31,,1361.14,AGA,WRO,2026-08-20,Agadir,Maroko,Wrocław,Polska,ryanair,1361.14,PLN,1.000000,price,,,AGA-WRO,2026-08-20T11:32:54Z,2026-08-20T12:23:59Z
2026-08-20,,1084.83,AGP,GDN,2026-08-20,Malaga,Hiszpania,Gdańsk,Polska,ryanair,1084.83,PLN,1.000000,price,,,AGP-GDN,2026-08-20T11:32:54Z,2026-08-20T12:23:59Z
2026-08-21,,924.91,AGP,GDN,2026-08-20,Malaga,Hiszpania,Gdańsk,Polska,ryanair,924.91,PLN,1.000000,price,,,AGP-GDN,2026-08-20T11:32:54Z,2026-08-20T12:23:59Z
2026-08-25,,1195.77,AGP,GDN,2026-08-20,Malaga,Hiszpania,Gdańsk,Polska,ryanair,1195.77,PLN,1.000000,price,,,AGP-GDN,2026-08-20T11:32:54Z,2026-08-20T12:23:59Z
2026-08-26,,465.39,AGP,GDN,2026-08-20,Malaga,Hiszpania,Gdańsk,Polska,ryanair,465.39,PLN,1.000000,price,,,AGP-GDN,2026-08-20T11:32:54Z,2026-08-20T12:23:59Z
2026-08-27,,847.11,AGP,GDN,2026-08-20,Malaga,Hiszpania,Gdańsk,Polska,ryanair,847.11,PLN,1.000000,price,,,AGP-GDN,2026-08-20T11:32:54Z,2026-08-20T12:23:59Z
2026-08-31,,896.28,AGP,GDN,2026-08-20,Malaga,Hiszpania,Gdańsk,Polska,ryanair,896.28,PLN,1.000000,price,,,AGP-GDN,2026-08-20T11:32:54Z,2026-08-20T12:23:59Z
2026-08-20,,1211.03,AGP,KRK,2026-08-20,Malaga,Hiszpania,Kraków,Polska,ryanair,1211.03,PLN,1.000000,price,,,AGP-KRK,2026-08-20T11:32:54Z,2026-08-20T12:23:59Z
2026-08-22,,1628.98,AGP,KRK,2026-08-20,Malaga,Hiszpania,Kraków,Polska,ryanair,1628.98,PLN,1.000000,price,,,AGP-KRK,2026-08-20T11:32:54Z,2026-08-20T12:23:59Z
2026-08-23,,826.00,AGP,KRK,2026-08-20,Malaga,Hiszpania,Kraków,Polska,ryanair,826.0,PLN,1.000000,price,,,AGP-KRK,2026-08-20T11:32:54Z,2026-08-20T12:23:59Z
2026-08-24,,1555.95,AGP,KRK,2026-08-20,Malaga,Hiszpania,Kraków,Polska,ryanair,1555.95,PLN,1.000000,price,,,AGP-KRK,2026-08-20T11:32:54Z,2026-08-20T12:23:59Z
2026-08-25,,815.07,AGP,KRK,2026-08-20,Malaga,Hiszpania,Kraków,Polska,ryanair,815.07,PLN,1.000000,price,,,AGP-KRK,2026-08-20T11:32:54Z,2026-08-20T12:23:59Z
2026-08-26,,1009.47,AGP,KRK,2026-08-20,Malaga,Hiszpania,Kraków,Polska,ryanair,1009.47,PLN,1.000000,price,,,AGP-KRK,2026-08-20T11:32:54Z,2026-08-20T12:23:59Z
2026-08-27,,1460.04,AGP,KRK,2026-08-20,Malaga,Hiszpania,Kraków,Polska,ryanair,1460.04,PLN,1.000000,price,,,AGP-KRK,2026-08-20T11:32:54Z,2026-08-20T12:23:59Z
2026-08-29,,647.96,AGP,KRK,2026-08-20,Malaga,Hiszpania,Kraków,Polska,wizzair,149.99,EUR,4.320028,price,HI,True,AGP-KRK,2026-08-20T11:32:53Z,2026-08-20T12:23:59Z
2026-08-30,,826.00,AGP,KRK,2026-08-20,Malaga,Hiszpania,Kraków,Polska,ryanair,826.0,PLN,1.000000,price,,,AGP-KRK,2026-08-20T11:32:54Z,2026-08-20T12:23:59Z
2026-08-31,,561.56,AGP,KRK,2026-08-20,Malaga,Hiszpania,Kraków,Polska,wizzair,129.99,EUR,4.320028,price,J,False,AGP-KRK,2026-08-20T11:32:53Z,2026-08-20T12:23:59Z
2026-08-21,,305.96,AGP,KTW,2026-08-20,Malaga,Hiszpania,Katowice,Polska,ryanair,305.96,PLN,1.000000,price,,,AGP-KTW,2026-08-20T11:32:54Z,2026-08-20T12:23:59Z
2026-08-24,,502.58,AGP,KTW,2026-08-20,Malaga,Hiszpania,Katowice,Polska,ryanair,502.58,PLN,1.000000,price,,,AGP-KTW,2026-08-20T11:32:54Z,2026-08-20T12:23:59Z
2026-08-28,,429.46,AGP,KTW,2026-08-20,Malaga,Hiszpania,Katowice,Polska,ryanair,429.46,PLN,1.000000,price,,,AGP-KTW,2026-08-20T11:32:54Z,2026-08-20T12:23:59Z
2026-08-29,,647.96,AGP,KTW,2026-08-20,Malaga,Hiszpania,Katowice,Polska,wizzair,149.99,EUR,4.320028,price,HI,False,AGP-KTW,2026-08-20T11:32:53Z,2026-08-20T12:23:59Z
2026-08-31,,489.32,AGP,KTW,2026-08-20,Malaga,Hiszpania,Katowice,Polska,ryanair,489.32,PLN,1.000000,price,,,AGP-KTW,2026-08-20T11:32:54Z,2026-08-20T12:23:59Z
2026-08-21,,1187.03,AGP,POZ,2026-08-20,Malaga,Hiszpania,Poznań,Polska,ryanair,1187.03,PLN,1.000000,price,,,AGP-POZ,2026-08-20T11:32:54Z,2026-08-20T12:23:59Z
2026-08-24,,1666.05,AGP,POZ,2026-08-20,Malaga,Hiszpania,Poznań,Polska,ryanair,1666.05,PLN,1.000000,price,,,AGP-POZ,2026-08-20T11:32:54Z,2026-08-20T12:23:59Z
2026-08-28,,498.49,AGP,POZ,2026-08-20,Malaga,Hiszpania,Poznań,Polska,ryanair,498.49,PLN,1.000000,price,,,AGP-POZ,2026-08-20T11:32:54Z,2026-08-20T12:23:59Z
2026-08-31,,559.66,AGP,POZ,2026-08-20,Malaga,Hiszpania,Poznań,Polska,ryanair,559.66,PLN,1.000000,price,,,AGP-POZ,2026-08-20T11:32:54Z,2026-08-20T12:23:59Z
2026-08-22,,1628.98,AGP,WAW,2026-08-20,Malaga,Hiszpania,Warszawa,Polska,ryanair,1628.98,PLN,1.000000,price,,,AGP-WAW,2026-08-20T11:32:54Z,2026-08-20T12:23:59Z
2026-08-23,,1240.43,AGP,WAW,2026-08-20,Malaga,Hiszpania,Warszawa,Polska,ryanair,1240.43,PLN,1.000000,price,,,AGP-WAW,2026-08-20T11:32:54Z,2026-08-20T12:23:59Z
2026-08-24,,879.12,AGP,WAW,2026-08-20,Malaga,Hiszpania,Warszawa,Polska,ryanair,879.12,PLN,1.000000,price,,,AGP-WAW,2026-08-20T11:32:54Z,2026-08-20T12:23:59Z
2026-08-25,,1215.35,AGP,WAW,2026-08-20,Malaga,Hiszpania,Warszawa,Polska,ryanair,1215.35,PLN,1.000000,price,,,AGP-WAW,2026-08-20T11:32:54Z,2026-08-20T12:23:59Z
2026-08-27,,506.32,AGP,WAW,2026-08-20,Malaga,Hiszpania,Warszawa,Polska,ryanair,506.32,PLN,1.000000,price,,,AGP-WAW,2026-08-20T11:32:54Z,2026-08-20T12:23:59Z
2026-08-29,,795.32,AGP,WAW,2026-08-20,Malaga,Hiszpania,Warszawa,Polska,ryanair,795.32,PLN,1.000000,price,,,AGP-WAW,2026-08-20T11:32:54Z,2026-08-20T12:23:59Z
2026-08-30,,903.30,AGP,WAW,2026-08-20,Malaga,Hiszpania,Warszawa,Polska,ryanair,903.3,PLN,1.000000,price,,,AGP-WAW,2026-08-20T11:32:54Z,2026-08-20T12:23:59Z
2026-08-31,,840.33,AGP,WAW,2026-08-20,Malaga,Hiszpania,Warszawa,Polska,ryanair,840.33,PLN,1.000000,price,,,AGP-WAW,2026-08-20T11:32:54Z,2026-08-20T12:23:59Z
2026-08-21,,1257.57,AGP,WMI,2026-08-20,Malaga,Hiszpania,Warszawa,Polska,ryanair,1257.57,PLN,1.000000,price,,,AGP-WMI,2026-08-20T11:32:54Z,2026-08-20T12:23:59Z
2026-08-22,,937.87,AGP,WMI,2026-08-20,Malaga,Hiszpania,Warszawa,Polska,ryanair,937.87,PLN,1.000000,price,,,AGP-WMI,2026-08-20T11:32:54Z,2026-08-20T12:23:59Z
2026-08-25,,714.58,AGP,WMI,2026-08-20,Malaga,Hiszpania,Warszawa,Polska,ryanair,714.58,PLN,1.000000,price,,,AGP-WMI,2026-08-20T11:32:54Z,2026-08-20T12:23:59Z
2026-08-26,,605.06,AGP,WMI,2026-08-20,Malaga,Hiszpania,Warszawa,Polska,ryanair,605.06,PLN,1.000000,price,,,AGP-WMI,2026-08-20T11:32:54Z,2026-08-20T12:23:59Z
2026-08-28,,624.85,AGP,WMI,2026-08-20,Malaga,Hiszpania,Warszawa,Polska,ryanair,624.85,PLN,1.000000,price,,,AGP-WMI,2026-08-20T11:32:54Z,2026-08-20T12:23:59Z
2026-08-29,,574.15,AGP,WMI,2026-08-20,Malaga,Hiszpania,Warszawa,Polska,ryanair,574.15,PLN,1.000000,price,,,AGP-WMI,2026-08-20T11:32:54Z,2026-08-20T12:23:59Z
2026-08-21,,1544.17,AGP,WRO,2026-08-20,Malaga,Hiszpania,Wrocław,Polska,ryanair,1544.17,PLN,1.000000,price,,,AGP-WRO,2026-08-20T11:32:54Z,2026-08-20T12:23:59Z
2026-08-22,,1125.66,AGP,WRO,2026-08-20,Malaga,Hiszpania,Wrocław,Polska,ryanair,1125.66,PLN,1.000000,price,,,AGP-WRO,2026-08-20T11:32:54Z,2026-08-20T12:23:59Z
2026-08-23,,1413.91,AGP,WRO,2026-08-20,Malaga,Hiszpania,Wrocław,Polska,ryanair,1413.91,PLN,1.000000,price,,,AGP-WRO,2026-08-20T11:32:54Z,2026-08-20T12:23:59Z
2026-08-24,,1670.37,AGP,WRO,2026-08-20,Malaga,Hiszpania,Wrocław,Polska,ryanair,1670.37,PLN,1.000000,price,,,AGP-WRO,2026-08-20T11:32:54Z,2026-08-20T12:23:59Z
2026-08-25,,560.31,AGP,WRO,2026-08-20,Malaga,Hiszpania,Wrocław,Polska,ryanair,560.31,PLN,1.000000,price,,,AGP-WRO,2026-08-20T11:32:54Z,2026-08-20T12:23:59Z
2026-08-26,,498.88,AGP,WRO,2026-08-20,Malaga,Hiszpania,Wrocław,Polska,ryanair,498.88,PLN,1.000000,price,,,AGP-WRO,2026-08-20T11:32:54Z,2026-08-20T12:23:59Z
2026-08-28,,1001.81,AGP,WRO,2026-08-20,Malaga,Hiszpania,Wrocław,Polska,ryanair,1001.81,PLN,1.000000,price,,,AGP-WRO,2026-08-20T11:32:54Z,2026-08-20T12:23:59Z
2026-08-29,,1201.55,AGP,WRO,2026-08-20,Malaga,Hiszpania,Wrocław,Polska,ryanair,1201.55,PLN,1.000000,price,,,AGP-WRO,2026-08-20T11:32:54Z,2026-08-20T12:23:59Z
2026-08-30,,1833.85,AGP,WRO,2026-08-20,Malaga,Hiszpania,Wrocław,Polska,ryanair,1833.85,PLN,1.000000,price,,,AGP-WRO,2026-08-20T11:32:54Z,2026-08-20T12:23:59Z
2026-08-31,,1838.17,AGP,WRO,2026-08-20,Malaga,Hiszpania,Wrocław,Polska,ryanair,1838.17,PLN,1.000000,price,,,AGP-WRO,2026-08-20T11:32:54Z,2026-08-20T12:23:59Z
2026-08-20,,746.54,AHO,KTW,2026-08-20,Alghero,Włochy,Katowice,Polska,ryanair,746.54,PLN,1.000000,price,,,AHO-KTW,2026-08-20T11:32:54Z,2026-08-20T12:23:59Z
2026-08-21,,411.79,AHO,KTW,2026-08-20,Alghero,Włochy,Katowice,Polska,ryanair,411.79,PLN,1.000000,price,,,AHO-KTW,2026-08-20T11:32:54Z,2026-08-20T12:23:59Z
2026-08-23,,1738.29,AHO,KTW,2026-08-20,Alghero,Włochy,Katowice,Polska,ryanair,1738.29,PLN,1.000000,price,,,AHO-KTW,2026-08-20T11:32:54Z,2026-08-20T12:23:59Z
2026-08-24,,1385.93,AHO,KTW,2026-08-20,Alghero,Włochy,Katowice,Polska,ryanair,1385.93,PLN,1.000000,price,,,AHO-KTW,2026-08-20T11:32:54Z,2026-08-20T12:23:59Z
2026-08-26,,426.44,AHO,KTW,2026-08-20,Alghero,Włochy,Katowice,Polska,ryanair,426.44,PLN,1.000000,price,,,AHO-KTW,2026-08-20T11:32:54Z,2026-08-20T12:23:59Z
2026-08-27,,526.66,AHO,KTW,2026-08-20,Alghero,Włochy,Katowice,Polska,ryanair,526.66,PLN,1.000000,price,,,AHO-KTW,2026-08-20T11:32:54Z,2026-08-20T12:23:59Z
2026-08-28,,485.00,AHO,KTW,2026-08-20,Alghero,Włochy,Katowice,Polska,ryanair,485.0,PLN,1.000000,price,,,AHO-KTW,2026-08-20T11:32:54Z,2026-08-20T12:23:59Z
2026-08-30,,680.77,AHO,KTW,2026-08-20,Alghero,Włochy,Katowice,Polska,ryanair,680.77,PLN,1.000000,price,,,AHO-KTW,2026-08-20T11:32:54Z,2026-08-20T12:23:59Z
2026-08-31,,464.17,AHO,KTW,2026-08-20,Alghero,Włochy,Katowice,Polska,ryanair,464.17,PLN,1.000000,price,,,AHO-KTW,2026-08-20T11:32:54Z,2026-08-20T12:23:59Z
2026-08-20,,632.13,AHO,WMI,2026-08-20,Alghero,Włochy,Warszawa,Polska,ryanair,632.13,PLN,1.000000,price,,,AHO-WMI,2026-08-20T11:32:54Z,2026-08-20T12:23:59Z
2026-08-23,,572.46,AHO,WMI,2026-08-20,Alghero,Włochy,Warszawa,Polska,ryanair,572.46,PLN,1.000000,price,,,AHO-WMI,2026-08-20T11:32:54Z,2026-08-20T12:23:59Z
2026-08-26,,447.30,AHO,WMI,2026-08-20,Alghero,Włochy,Warszawa,Polska,ryanair,447.3,PLN,1.000000,price,,,AHO-WMI,2026-08-20T11:32:54Z,2026-08-20T12:23:59Z
2026-08-27,,688.32,AHO,WMI,2026-08-20,Alghero,Włochy,Warszawa,Polska,ryanair,688.32,PLN,1.000000,price,,,AHO-WMI,2026-08-20T11:32:54Z,2026-08-20T12:23:59Z
2026-08-30,,863.96,AHO,WMI,2026-08-20,Alghero,Włochy,Warszawa,Polska,ryanair,863.96,PLN,1.000000,price,,,AHO-WMI,2026-08-20T11:32:54Z,2026-08-20T12:23:59Z
2026-08-20,,855.75,ALC,GDN,2026-08-20,Alicante,Hiszpania,Gdańsk,Polska,ryanair,855.75,PLN,1.000000,price,,,ALC-GDN,2026-08-20T11:32:54Z,2026-08-20T12:23:59Z
2026-08-22,,994.06,ALC,GDN,2026-08-20,Alicante,Hiszpania,Gdańsk,Polska,ryanair,994.06,PLN,1.000000,price,,,ALC-GDN,2026-08-20T11:32:54Z,2026-08-20T12:23:59Z
2026-08-25,,984.91,ALC,GDN,2026-08-20,Alicante,Hiszpania,Gdańsk,Polska,ryanair,984.91,PLN,1.000000,price,,,ALC-GDN,2026-08-20T11:32:54Z,2026-08-20T12:23:59Z
2026-08-26,,1001.81,ALC,GDN,2026-08-20,Alicante,Hiszpania,Gdańsk,Polska,ryanair,1001.81,PLN,1.000000,price,,,ALC-GDN,2026-08-20T11:32:54Z,2026-08-20T12:23:59Z
2026-08-27,,1058.90,ALC,GDN,2026-08-20,Alicante,Hiszpania,Gdańsk,Polska,ryanair,1058.9,PLN,1.000000,price,,,ALC-GDN,2026-08-20T11:32:54Z,2026-08-20T12:23:59Z
2026-08-28,,1815.18,ALC,GDN,2026-08-20,Alicante,Hiszpania,Gdańsk,Polska,ryanair,1815.18,PLN,1.000000,price,,,ALC-GDN,2026-08-20T11:32:54Z,2026-08-20T12:23:59Z
2026-08-29,,829.82,ALC,GDN,2026-08-20,Alicante,Hiszpania,Gdańsk,Polska,ryanair,829.82,PLN,1.000000,price,,,ALC-GDN,2026-08-20T11:32:54Z,2026-08-20T12:23:59Z
2026-08-31,,693.57,ALC,GDN,2026-08-20,Alicante,Hiszpania,Gdańsk,Polska,ryanair,693.57,PLN,1.000000,price,,,ALC-GDN,2026-08-20T11:32:54Z,2026-08-20T12:23:59Z
2026-08-21,,1560.12,ALC,KRK,2026-08-20,Alicante,Hiszpania,Kraków,Polska,ryanair,1560.12,PLN,1.000000,price,,,ALC-KRK,2026-08-20T11:32:54Z,2026-08-20T12:23:59Z
2026-08-22,,1243.70,ALC,KRK,2026-08-20,Alicante,Hiszpania,Kraków,Polska,ryanair,1243.7,PLN,1.000000,price,,,ALC-KRK,2026-08-20T11:32:54Z,2026-08-20T12:23:59Z
2026-08-23,,896.35,ALC,KRK,2026-08-20,Alicante,Hiszpania,Kraków,Polska,ryanair,896.35,PLN,1.000000,price,,,ALC-KRK,2026-08-20T11:32:54Z,2026-08-20T12:23:59Z
2026-08-24,,1460.04,ALC,KRK,2026-08-20,Alicante,Hiszpania,Kraków,Polska,ryanair,1460.04,PLN,1.000000,price,,,ALC-KRK,2026-08-20T11:32:54Z,2026-08-20T12:23:59Z
2026-08-25,,1790.42,ALC,KRK,2026-08-20,Alicante,Hiszpania,Kraków,Polska,ryanair,1790.42,PLN,1.000000,price,,,ALC-KRK,2026-08-20T11:32:54Z,2026-08-20T12:23:59Z
2026-08-26,,790.92,ALC,KRK,2026-08-20,Alicante,Hiszpania,Kraków,Polska,ryanair,790.92,PLN,1.000000,price,,,ALC-KRK,2026-08-20T11:32:54Z,2026-08-20T12:23:59Z
2026-08-27,,1228.19,ALC,KRK,2026-08-20,Alicante,Hiszpania,Kraków,Polska,ryanair,1228.19,PLN,1.000000,price,,,ALC-KRK,2026-08-20T11:32:54Z,2026-08-20T12:23:59Z
2026-08-28,,986.86,ALC,KRK,2026-08-20,Alicante,Hiszpania,Kraków,Polska,ryanair,986.86,PLN,1.000000,price,,,ALC-KRK,2026-08-20T11:32:54Z,2026-08-20T12:23:59Z
2026-08-29,,1068.74,ALC,KRK,2026-08-20,Alicante,Hiszpania,Kraków,Polska,ryanair,1068.74,PLN,1.000000,price,,,ALC-KRK,2026-08-20T11:32:54Z,2026-08-20T12:23:59Z
2026-08-30,,1012.71,ALC,KRK,2026-08-20,Alicante,Hiszpania,Kraków,Polska,ryanair,1012.71,PLN,1.000000,price,,,ALC-KRK,2026-08-20T11:32:54Z,2026-08-20T12:23:59Z
2026-08-31,,577.94,ALC,KRK,2026-08-20,Alicante,Hiszpania,Kraków,Polska,ryanair,577.94,PLN,1.000000,price,,,ALC-KRK,2026-08-20T11:32:54Z,2026-08-20T12:23:59Z
2026-08-21,,937.03,ALC,KTW,2026-08-20,Alicante,Hiszpania,Katowice,Polska,ryanair,937.03,PLN,1.000000,price,,,ALC-KTW,2026-08-20T11:32:54Z,2026-08-20T12:23:59Z
2026-08-24,,924.71,ALC,KTW,2026-08-20,Alicante,Hiszpania,Katowice,Polska,ryanair,924.71,PLN,1.000000,price,,,ALC-KTW,2026-08-20T11:32:54Z,2026-08-20T12:23:59Z
2026-08-25,,1785.98,ALC,KTW,2026-08-20,Alicante,Hiszpania,Katowice,Polska,ryanair,1785.98,PLN,1.000000,price,,,ALC-KTW,2026-08-20T11:32:54Z,2026-08-20T12:23:59Z
2026-08-26,,1129.68,ALC,KTW,2026-08-20,Alicante,Hiszpania,Katowice,Polska,ryanair,1129.68,PLN,1.000000,price,,,ALC-KTW,2026-08-20T11:32:54Z,2026-08-20T12:23:59Z
2026-08-27,,1438.38,ALC,KTW,2026-08-20,Alicante,Hiszpania,Katowice,Polska,ryanair,1438.38,PLN,1.000000,price,,,ALC-KTW,2026-08-20T11:32:54Z,2026-08-20T12:23:59Z
2026-08-28,,1148.35,ALC,KTW,2026-08-20,Alicante,Hiszpania,Katowice,Polska,ryanair,1148.35,PLN,1.000000,price,,,ALC-KTW,2026-08-20T11:32:54Z,2026-08-20T12:23:59Z
2026-08-31,,496.76,ALC,KTW,2026-08-20,Alicante,Hiszpania,Katowice,Polska,wizzair,114.99,EUR,4.320028,price,I,False,ALC-KTW,2026-08-20T11:32:53Z,2026-08-20T12:23:59Z
2026-08-20,,1570.03,ALC,POZ,2026-08-20,Alicante,Hiszpania,Poznań,Polska,ryanair,1570.03,PLN,1.000000,price,,,ALC-POZ,2026-08-20T11:32:54Z,2026-08-20T12:23:59Z
2026-08-21,,1374.27,ALC,POZ,2026-08-20,Alicante,Hiszpania,Poznań,Polska,ryanair,1374.27,PLN,1.000000,price,,,ALC-POZ,2026-08-20T11:32:54Z,2026-08-20T12:23:59Z
2026-08-23,,1577.41,ALC,POZ,2026-08-20,Alicante,Hiszpania,Poznań,Polska,ryanair,1577.41,PLN,1.000000,price,,,ALC-POZ,2026-08-20T11:32:54Z,2026-08-20T12:23:59Z
2026-08-25,,1050.25,ALC,POZ,2026-08-20,Alicante,Hiszpania,Poznań,Polska,ryanair,1050.25,PLN,1.000000,price,,,ALC-POZ,2026-08-20T11:32:54Z,2026-08-20T12:23:59Z
2026-08-26,,973.93,ALC,POZ,2026-08-20,Alicante,Hiszpania,Poznań,Polska,ryanair,973.93,PLN,1.000000,price,,,ALC-POZ,2026-08-20T11:32:54Z,2026-08-20T12:23:59Z
2026-08-27,,941.35,ALC,POZ,2026-08-20,Alicante,Hiszpania,Poznań,Polska,ryanair,941.35,PLN,1.000000,price,,,ALC-POZ,2026-08-20T11:32:54Z,2026-08-20T12:23:59Z
2026-08-28,,1160.80,ALC,POZ,2026-08-20,Alicante,Hiszpania,Poznań,Polska,ryanair,1160.8,PLN,1.000000,price,,,ALC-POZ,2026-08-20T11:32:54Z,2026-08-20T12:23:59Z
2026-08-29,,1051.50,ALC,POZ,2026-08-20,Alicante,Hiszpania,Poznań,Polska,ryanair,1051.5,PLN,1.000000,price,,,ALC-POZ,2026-08-20T11:32:54Z,2026-08-20T12:23:59Z
2026-08-30,,1781.66,ALC,POZ,2026-08-20,Alicante,Hiszpania,Poznań,Polska,ryanair,1781.66,PLN,1.000000,price,,,ALC-POZ,2026-08-20T11:32:54Z,2026-08-20T12:23:59Z
2026-08-20,,1455.72,ALC,WAW,2026-08-20,Alicante,Hiszpania,Warszawa,Polska,ryanair,1455.72,PLN,1.000000,price,,,ALC-WAW,2026-08-20T11:32:54Z,2026-08-20T12:23:59Z
2026-08-22,,1020.00,ALC,WAW,2026-08-20,Alicante,Hiszpania,Warszawa,Polska,ryanair,1020.0,PLN,1.000000,price,,,ALC-WAW,2026-08-20T11:32:54Z,2026-08-20T12:23:59Z
2026-08-23,,1261.89,ALC,WAW,2026-08-20,Alicante,Hiszpania,Warszawa,Polska,ryanair,1261.89,PLN,1.000000,price,,,ALC-WAW,2026-08-20T11:32:54Z,2026-08-20T12:23:59Z
2026-08-24,,1473.68,ALC,WAW,2026-08-20,Alicante,Hiszpania,Warszawa,Polska,ryanair,1473.68,PLN,1.000000,price,,,ALC-WAW,2026-08-20T11:32:54Z,2026-08-20T12:23:59Z
2026-08-25,,1133.38,ALC,WAW,2026-08-20,Alicante,Hiszpania,Warszawa,Polska,ryanair,1133.38,PLN,1.000000,price,,,ALC-WAW,2026-08-20T11:32:54Z,2026-08-20T12:23:59Z
2026-08-26,,1195.77,ALC,WAW,2026-08-20,Alicante,Hiszpania,Warszawa,Polska,ryanair,1195.77,PLN,1.000000,price,,,ALC-WAW,2026-08-20T11:32:54Z,2026-08-20T12:23:59Z
2026-08-27,,1862.51,ALC,WAW,2026-08-20,Alicante,Hiszpania,Warszawa,Polska,ryanair,1862.51,PLN,1.000000,price,,,ALC-WAW,2026-08-20T11:32:54Z,2026-08-20T12:23:59Z
2026-08-28,,1527.16,ALC,WAW,2026-08-20,Alicante,Hiszpania,Warszawa,Polska,ryanair,1527.16,PLN,1.000000,price,,,ALC-WAW,2026-08-20T11:32:54Z,2026-08-20T12:23:59Z
2026-08-29,,749.83,ALC,WAW,2026-08-20,Alicante,Hiszpania,Warszawa,Polska,ryanair,749.83,PLN,1.000000,price,,,ALC-WAW,2026-08-20T11:32:54Z,2026-08-20T12:23:59Z
2026-08-30,,1090.29,ALC,WAW,2026-08-20,Alicante,Hiszpania,Warszawa,Polska,ryanair,1090.29,PLN,1.000000,price,,,ALC-WAW,2026-08-20T11:32:54Z,2026-08-20T12:23:59Z
2026-08-31,,1236.11,ALC,WAW,2026-08-20,Alicante,Hiszpania,Warszawa,Polska,ryanair,1236.11,PLN,1.000000,price,,,ALC-WAW,2026-08-20T11:32:54Z,2026-08-20T12:23:59Z
2026-08-21,,892.04,ALC,WMI,2026-08-20,Alicante,Hiszpania,Warszawa,Polska,ryanair,892.04,PLN,1.000000,price,,,ALC-WMI,2026-08-20T11:32:54Z,2026-08-20T12:23:59Z
2026-08-23,,916.26,ALC,WMI,2026-08-20,Alicante,Hiszpania,Warszawa,Polska,ryanair,916.26,PLN,1.000000,price,,,ALC-WMI,2026-08-20T11:32:54Z,2026-08-20T12:23:59Z
2026-08-26,,799.56,ALC,WMI,2026-08-20,Alicante,Hiszpania,Warszawa,Polska,ryanair,799.56,PLN,1.000000,price,,,ALC-WMI,2026-08-20T11:32:54Z,2026-08-20T12:23:59Z
2026-08-27,,749.83,ALC,WMI,2026-08-20,Alicante,Hiszpania,Warszawa,Polska,ryanair,749.83,PLN,1.000000,price,,,ALC-WMI,2026-08-20T11:32:54Z,2026-08-20T12:23:59Z
2026-08-28,,961.00,ALC,WMI,2026-08-20,Alicante,Hiszpania,Warszawa,Polska,ryanair,961.0,PLN,1.000000,price,,,ALC-WMI,2026-08-20T11:32:54Z,2026-08-20T12:23:59Z
2026-08-30,,1833.85,ALC,WMI,2026-08-20,Alicante,Hiszpania,Warszawa,Polska,ryanair,1833.85,PLN,1.000000,price,,,ALC-WMI,2026-08-20T11:32:54Z,2026-08-20T12:23:59Z
2026-08-21,,1081.83,ALC,WRO,2026-08-20,Alicante,Hiszpania,Wrocław,Polska,ryanair,1081.83,PLN,1.000000,price,,,ALC-WRO,2026-08-20T11:32:54Z,2026-08-20T12:23:59Z
2026-08-22,,1759.19,ALC,WRO,2026-08-20,Alicante,Hiszpania,Wrocław,Polska,ryanair,1759.19,PLN,1.000000,price,,,ALC-WRO,2026-08-20T11:32:54Z,2026-08-20T12:23:59Z
2026-08-23,,1500.48,ALC,WRO,2026-08-20,Alicante,Hiszpania,Wrocław,Polska,ryanair,1500.48,PLN,1.000000,price,,,ALC-WRO,2026-08-20T11:32:54Z,2026-08-20T12:23:59Z
2026-08-24,,1111.01,ALC,WRO,2026-08-20,Alicante,Hiszpania,Wrocław,Polska,ryanair,1111.01,PLN,1.000000,price,,,ALC-WRO,2026-08-20T11:32:54Z,2026-08-20T12:23:59Z
2026-08-25,,1111.01,ALC,WRO,2026-08-20,Alicante,Hiszpania,Wrocław,Polska,ryanair,1111.01,PLN,1.000000,price,,,ALC-WRO,2026-08-20T11:32:54Z,2026-08-20T12:23:59Z
2026-08-26,,787.12,ALC,WRO,2026-08-20,Alicante,Hiszpania,Wrocław,Polska,ryanair,787.12,PLN,1.000000,price,,,ALC-WRO,2026-08-20T11:32:54Z,2026-08-20T12:23:59Z
2026-08-27,,516.63,ALC,WRO,2026-08-20,Alicante,Hiszpania,Wrocław,Polska,ryanair,516.63,PLN,1.000000,price,,,ALC-WRO,2026-08-20T11:32:54Z,2026-08-20T12:23:59Z
2026-08-28,,646.32,ALC,WRO,2026-08-20,Alicante,Hiszpania,Wrocław,Polska,ryanair,646.32,PLN,1.000000,price,,,ALC-WRO,2026-08-20T11:32:54Z,2026-08-20T12:23:59Z
2026-08-29,,1540.20,ALC,WRO,2026-08-20,Alicante,Hiszpania,Wrocław,Polska,ryanair,1540.2,PLN,1.000000,price,,,ALC-WRO,2026-08-20T11:32:54Z,2026-08-20T12:23:59Z
2026-08-30,,1781.66,ALC,WRO,2026-08-20,Alicante,Hiszpania,Wrocław,Polska,ryanair,1781.66,PLN,1.000000,price,,,ALC-WRO,2026-08-20T11:32:54Z,2026-08-20T12:23:59Z
2026-08-31,,1785.98,ALC,WRO,2026-08-20,Alicante,Hiszpania,Wrocław,Polska,ryanair,1785.98,PLN,1.000000,price,,,ALC-WRO,2026-08-20T11:32:54Z,2026-08-20T12:23:59Z
2026-08-23,,769.22,AOI,KRK,2026-08-20,Ankona,Włochy,Kraków,Polska,ryanair,769.22,PLN,1.000000,price,,,AOI-KRK,2026-08-20T11:32:54Z,2026-08-20T12:23:59Z
2026-08-26,,182.55,AOI,KRK,2026-08-20,Ankona,Włochy,Kraków,Polska,ryanair,182.55,PLN,1.000000,price,,,AOI-KRK,2026-08-20T11:32:54Z,2026-08-20T12:23:59Z
2026-08-27,,258.53,AOI,KRK,2026-08-20,Ankona,Włochy,Kraków,Polska,ryanair,258.53,PLN,1.000000,price,,,AOI-KRK,2026-08-20T11:32:54Z,2026-08-20T12:23:59Z
2026-08-30,,275.38,AOI,KRK,2026-08-20,Ankona,Włochy,Kraków,Polska,ryanair,275.38,PLN,1.000000,price,,,AOI-KRK,2026-08-20T11:32:54Z,2026-08-20T12:23:59Z
2026-08-20,,432.18,ARN,GDN,2026-08-20,Sztokholm,Szwecja,Gdańsk,Polska,ryanair,432.18,PLN,1.000000,price,,,ARN-GDN,2026-08-20T11:32:54Z,2026-08-20T12:23:59Z
2026-08-21,,267.93,ARN,GDN,2026-08-20,Sztokholm,Szwecja,Gdańsk,Polska,ryanair,267.93,PLN,1.000000,price,,,ARN-GDN,2026-08-20T11:32:54Z,2026-08-20T12:23:59Z
2026-08-22,,259.29,ARN,GDN,2026-08-20,Sztokholm,Szwecja,Gdańsk,Polska,ryanair,259.29,PLN,1.000000,price,,,ARN-GDN,2026-08-20T11:32:54Z,2026-08-20T12:23:59Z
2026-08-23,,246.08,ARN,GDN,2026-08-20,Sztokholm,Szwecja,Gdańsk,Polska,ryanair,246.08,PLN,1.000000,price,,,ARN-GDN,2026-08-20T11:32:54Z,2026-08-20T12:23:59Z
2026-08-24,,177.17,ARN,GDN,2026-08-20,Sztokholm,Szwecja,Gdańsk,Polska,ryanair,177.17,PLN,1.000000,price,,,ARN-GDN,2026-08-20T11:32:54Z,2026-08-20T12:23:59Z
2026-08-25,,69.94,ARN,GDN,2026-08-20,Sztokholm,Szwecja,Gdańsk,Polska,ryanair,69.94,PLN,1.000000,price,,,ARN-GDN,2026-08-20T11:32:54Z,2026-08-20T12:23:59Z
2026-08-26,,90.90,ARN,GDN,2026-08-20,Sztokholm,Szwecja,Gdańsk,Polska,ryanair,90.9,PLN,1.000000,price,,,ARN-GDN,2026-08-20T11:32:54Z,2026-08-20T12:23:59Z
2026-08-27,,95.05,ARN,GDN,2026-08-20,Sztokholm,Szwecja,Gdańsk,Polska,ryanair,95.05,PLN,1.000000,price,,,ARN-GDN,2026-08-20T11:32:54Z,2026-08-20T12:23:59Z
2026-08-28,,305.94,ARN,GDN,2026-08-20,Sztokholm,Szwecja,Gdańsk,Polska,ryanair,305.94,PLN,1.000000,price,,,ARN-GDN,2026-08-20T11:32:54Z,2026-08-20T12:23:59Z
2026-08-29,,155.10,ARN,GDN,2026-08-20,Sztokholm,Szwecja,Gdańsk,Polska,ryanair,155.1,PLN,1.000000,price,,,ARN-GDN,2026-08-20T11:32:54Z,2026-08-20T12:23:59Z
2026-08-30,,179.84,ARN,GDN,2026-08-20,Sztokholm,Szwecja,Gdańsk,Polska,wizzair,459.0,SEK,0.391806,price,KL,False,ARN-GDN,2026-08-20T11:32:53Z,2026-08-20T12:23:59Z
2026-08-31,,124.99,ARN,GDN,2026-08-20,Sztokholm,Szwecja,Gdańsk,Polska,wizzair,319.0,SEK,0.391806,price,B,False,ARN-GDN,2026-08-20T11:32:53Z,2026-08-20T12:23:59Z
2026-08-20,,682.27,ARN,KRK,2026-08-20,Sztokholm,Szwecja,Kraków,Polska,ryanair,682.27,PLN,1.000000,price,,,ARN-KRK,2026-08-20T11:32:54Z,2026-08-20T12:23:59Z
2026-08-21,,806.29,ARN,KRK,2026-08-20,Sztokholm,Szwecja,Kraków,Polska,ryanair,806.29,PLN,1.000000,price,,,ARN-KRK,2026-08-20T11:32:54Z,2026-08-20T12:23:59Z
2026-08-22,,217.00,ARN,KRK,2026-08-20,Sztokholm,Szwecja,Kraków,Polska,ryanair,217.0,PLN,1.000000,price,,,ARN-KRK,2026-08-20T11:32:54Z,2026-08-20T12:23:59Z
2026-08-23,,177.62,ARN,KRK,2026-08-20,Sztokholm,Szwecja,Kraków,Polska,ryanair,177.62,PLN,1.000000,price,,,ARN-KRK,2026-08-20T11:32:54Z,2026-08-20T12:23:59Z
2026-08-24,,104.00,ARN,KRK,2026-08-20,Sztokholm,Szwecja,Kraków,Polska,ryanair,104.0,PLN,1.000000,price,,,ARN-KRK,2026-08-20T11:32:54Z,2026-08-20T12:23:59Z
2026-08-25,,104.00,ARN,KRK,2026-08-20,Sztokholm,Szwecja,Kraków,Polska,ryanair,104.0,PLN,1.000000,price,,,ARN-KRK,2026-08-20T11:32:54Z,2026-08-20T12:23:59Z
2026-08-26,,195.17,ARN,KRK,2026-08-20,Sztokholm,Szwecja,Kraków,Polska,ryanair,195.17,PLN,1.000000,price,,,ARN-KRK,2026-08-20T11:32:54Z,2026-08-20T12:23:59Z
2026-08-27,,182.03,ARN,KRK,2026-08-20,Sztokholm,Szwecja,Kraków,Polska,ryanair,182.03,PLN,1.000000,price,,,ARN-KRK,2026-08-20T11:32:54Z,2026-08-20T12:23:59Z
2026-08-28,,1050.54,ARN,KRK,2026-08-20,Sztokholm,Szwecja,Kraków,Polska,ryanair,1050.54,PLN,1.000000,price,,,ARN-KRK,2026-08-20T11:32:54Z,2026-08-20T12:23:59Z
2026-08-29,,299.32,ARN,KRK,2026-08-20,Sztokholm,Szwecja,Kraków,Polska,ryanair,299.32,PLN,1.000000,price,,,ARN-KRK,2026-08-20T11:32:54Z,2026-08-20T12:23:59Z
2026-08-30,,594.04,ARN,KRK,2026-08-20,Sztokholm,Szwecja,Kraków,Polska,ryanair,594.04,PLN,1.000000,price,,,ARN-KRK,2026-08-20T11:32:54Z,2026-08-20T12:23:59Z
2026-08-31,,104.00,ARN,KRK,2026-08-20,Sztokholm,Szwecja,Kraków,Polska,ryanair,104.0,PLN,1.000000,price,,,ARN-KRK,2026-08-20T11:32:54Z,2026-08-20T12:23:59Z
2026-08-22,,166.00,ARN,POZ,2026-08-20,Sztokholm,Szwecja,Poznań,Polska,ryanair,166.0,PLN,1.000000,price,,,ARN-POZ,2026-08-20T11:32:54Z,2026-08-20T12:23:59Z
2026-08-25,,87.05,ARN,POZ,2026-08-20,Sztokholm,Szwecja,Poznań,Polska,ryanair,87.05,PLN,1.000000,price,,,ARN-POZ,2026-08-20T11:32:54Z,2026-08-20T12:23:59Z
2026-08-29,,94.40,ARN,POZ,2026-08-20,Sztokholm,Szwecja,Poznań,Polska,ryanair,94.4,PLN,1.000000,price,,,ARN-POZ,2026-08-20T11:32:54Z,2026-08-20T12:23:59Z
2026-08-20,,976.12,ARN,WMI,2026-08-20,Sztokholm,Szwecja,Warszawa,Polska,ryanair,976.12,PLN,1.000000,price,,,ARN-WMI,2026-08-20T11:32:54Z,2026-08-20T12:23:59Z
2026-08-22,,197.87,ARN,WMI,2026-08-20,Sztokholm,Szwecja,Warszawa,Polska,ryanair,197.87,PLN,1.000000,price,,,ARN-WMI,2026-08-20T11:32:54Z,2026-08-20T12:23:59Z
2026-08-23,,436.64,ARN,WMI,2026-08-20,Sztokholm,Szwecja,Warszawa,Polska,ryanair,436.64,PLN,1.000000,price,,,ARN-WMI,2026-08-20T11:32:54Z,2026-08-20T12:23:59Z
2026-08-24,,88.72,ARN,WMI,2026-08-20,Sztokholm,Szwecja,Warszawa,Polska,ryanair,88.72,PLN,1.000000,price,,,ARN-WMI,2026-08-20T11:32:54Z,2026-08-20T12:23:59Z
2026-08-25,,79.00,ARN,WMI,2026-08-20,Sztokholm,Szwecja,Warszawa,Polska,ryanair,79.0,PLN,1.000000,price,,,ARN-WMI,2026-08-20T11:32:54Z,2026-08-20T12:23:59Z
2026-08-27,,322.00,ARN,WMI,2026-08-20,Sztokholm,Szwecja,Warszawa,Polska,ryanair,322.0,PLN,1.000000,price,,,ARN-WMI,2026-08-20T11:32:54Z,2026-08-20T12:23:59Z
2026-08-29,,126.88,ARN,WMI,2026-08-20,Sztokholm,Szwecja,Warszawa,Polska,ryanair,126.88,PLN,1.000000,price,,,ARN-WMI,2026-08-20T11:32:54Z,2026-08-20T12:23:59Z
2026-08-30,,209.62,ARN,WMI,2026-08-20,Sztokholm,Szwecja,Warszawa,Polska,ryanair,209.62,PLN,1.000000,price,,,ARN-WMI,2026-08-20T11:32:54Z,2026-08-20T12:23:59Z
2026-08-31,,161.71,ARN,WMI,2026-08-20,Sztokholm,Szwecja,Warszawa,Polska,ryanair,161.71,PLN,1.000000,price,,,ARN-WMI,2026-08-20T11:32:54Z,2026-08-20T12:23:59Z
2026-08-21,,259.29,ARN,WRO,2026-08-20,Sztokholm,Szwecja,Wrocław,Polska,ryanair,259.29,PLN,1.000000,price,,,ARN-WRO,2026-08-20T11:32:54Z,2026-08-20T12:23:59Z
2026-08-22,,229.03,ARN,WRO,2026-08-20,Sztokholm,Szwecja,Wrocław,Polska,ryanair,229.03,PLN,1.000000,price,,,ARN-WRO,2026-08-20T11:32:54Z,2026-08-20T12:23:59Z
2026-08-25,,185.81,ARN,WRO,2026-08-20,Sztokholm,Szwecja,Wrocław,Polska,ryanair,185.81,PLN,1.000000,price,,,ARN-WRO,2026-08-20T11:32:54Z,2026-08-20T12:23:59Z
2026-08-28,,185.27,ARN,WRO,2026-08-20,Sztokholm,Szwecja,Wrocław,Polska,ryanair,185.27,PLN,1.000000,price,,,ARN-WRO,2026-08-20T11:32:54Z,2026-08-20T12:23:59Z
2026-08-29,,284.39,ARN,WRO,2026-08-20,Sztokholm,Szwecja,Wrocław,Polska,ryanair,284.39,PLN,1.000000,price,,,ARN-WRO,2026-08-20T11:32:54Z,2026-08-20T12:23:59Z
2026-08-21,,622.30,ATH,KRK,2026-08-20,Ateny,Grecja,Kraków,Polska,ryanair,622.3,PLN,1.000000,price,,,ATH-KRK,2026-08-20T11:32:54Z,2026-08-20T12:23:59Z
2026-08-22,,1227.42,ATH,KRK,2026-08-20,Ateny,Grecja,Kraków,Polska,ryanair,1227.42,PLN,1.000000,price,,,ATH-KRK,2026-08-20T11:32:54Z,2026-08-20T12:23:59Z
2026-08-23,,1854.14,ATH,KRK,2026-08-20,Ateny,Grecja,Kraków,Polska,ryanair,1854.14,PLN,1.000000,price,,,ATH-KRK,2026-08-20T11:32:54Z,2026-08-20T12:23:59Z
2026-08-25,,731.60,ATH,KRK,2026-08-20,Ateny,Grecja,Kraków,Polska,ryanair,731.6,PLN,1.000000,price,,,ATH-KRK,2026-08-20T11:32:54Z,2026-08-20T12:23:59Z
2026-08-26,,639.64,ATH,KRK,2026-08-20,Ateny,Grecja,Kraków,Polska,ryanair,639.64,PLN,1.000000,price,,,ATH-KRK,2026-08-20T11:32:54Z,2026-08-20T12:23:59Z
2026-08-27,,633.93,ATH,KRK,2026-08-20,Ateny,Grecja,Kraków,Polska,ryanair,633.93,PLN,1.000000,price,,,ATH-KRK,2026-08-20T11:32:54Z,2026-08-20T12:23:59Z
2026-08-28,,642.00,ATH,KRK,2026-08-20,Ateny,Grecja,Kraków,Polska,ryanair,642.0,PLN,1.000000,price,,,ATH-KRK,2026-08-20T11:32:54Z,2026-08-20T12:23:59Z
2026-08-29,,1213.49,ATH,KRK,2026-08-20,Ateny,Grecja,Kraków,Polska,ryanair,1213.49,PLN,1.000000,price,,,ATH-KRK,2026-08-20T11:32:54Z,2026-08-20T12:23:59Z
2026-08-30,,868.72,ATH,KRK,2026-08-20,Ateny,Grecja,Kraków,Polska,ryanair,868.72,PLN,1.000000,price,,,ATH-KRK,2026-08-20T11:32:54Z,2026-08-20T12:23:59Z
2026-08-21,,940.89,ATH,KTW,2026-08-20,Ateny,Grecja,Katowice,Polska,ryanair,940.89,PLN,1.000000,price,,,ATH-KTW,2026-08-20T11:32:54Z,2026-08-20T12:23:59Z
2026-08-22,,795.24,ATH,KTW,2026-08-20,Ateny,Grecja,Katowice,Polska,ryanair,795.24,PLN,1.000000,price,,,ATH-KTW,2026-08-20T11:32:54Z,2026-08-20T12:23:59Z
2026-08-24,,672.25,ATH,KTW,2026-08-20,Ateny,Grecja,Katowice,Polska,ryanair,672.25,PLN,1.000000,price,,,ATH-KTW,2026-08-20T11:32:54Z,2026-08-20T12:23:59Z
2026-08-25,,561.07,ATH,KTW,2026-08-20,Ateny,Grecja,Katowice,Polska,ryanair,561.07,PLN,1.000000,price,,,ATH-KTW,2026-08-20T11:32:54Z,2026-08-20T12:23:59Z
2026-08-28,,600.74,ATH,KTW,2026-08-20,Ateny,Grecja,Katowice,Polska,ryanair,600.74,PLN,1.000000,price,,,ATH-KTW,2026-08-20T11:32:54Z,2026-08-20T12:23:59Z
2026-08-29,,705.28,ATH,KTW,2026-08-20,Ateny,Grecja,Katowice,Polska,ryanair,705.28,PLN,1.000000,price,,,ATH-KTW,2026-08-20T11:32:54Z,2026-08-20T12:23:59Z
2026-08-31,,620.00,ATH,KTW,2026-08-20,Ateny,Grecja,Katowice,Polska,ryanair,620.0,PLN,1.000000,price,,,ATH-KTW,2026-08-20T11:32:54Z,2026-08-20T12:23:59Z
2026-08-20,,746.54,ATH,WMI,2026-08-20,Ateny,Grecja,Warszawa,Polska,ryanair,746.54,PLN,1.000000,price,,,ATH-WMI,2026-08-20T11:32:54Z,2026-08-20T12:23:59Z
2026-08-21,,466.71,ATH,WMI,2026-08-20,Ateny,Grecja,Warszawa,Polska,ryanair,466.71,PLN,1.000000,price,,,ATH-WMI,2026-08-20T11:32:54Z,2026-08-20T12:23:59Z
2026-08-23,,488.37,ATH,WMI,2026-08-20,Ateny,Grecja,Warszawa,Polska,ryanair,488.37,PLN,1.000000,price,,,ATH-WMI,2026-08-20T11:32:54Z,2026-08-20T12:23:59Z
2026-08-26,,788.61,ATH,WMI,2026-08-20,Ateny,Grecja,Warszawa,Polska,ryanair,788.61,PLN,1.000000,price,,,ATH-WMI,2026-08-20T11:32:54Z,2026-08-20T12:23:59Z
2026-08-27,,551.59,ATH,WMI,2026-08-20,Ateny,Grecja,Warszawa,Polska,ryanair,551.59,PLN,1.000000,price,,,ATH-WMI,2026-08-20T11:32:54Z,2026-08-20T12:23:59Z
2026-08-28,,767.24,ATH,WMI,2026-08-20,Ateny,Grecja,Warszawa,Polska,ryanair,767.24,PLN,1.000000,price,,,ATH-WMI,2026-08-20T11:32:54Z,2026-08-20T12:23:59Z
2026-08-30,,512.31,ATH,WMI,2026-08-20,Ateny,Grecja,Warszawa,Polska,ryanair,512.31,PLN,1.000000,price,,,ATH-WMI,2026-08-20T11:32:54Z,2026-08-20T12:23:59Z
2026-08-31,,661.25,ATH,WMI,2026-08-20,Ateny,Grecja,Warszawa,Polska,ryanair,661.25,PLN,1.000000,price,,,ATH-WMI,2026-08-20T11:32:54Z,2026-08-20T12:23:59Z
2026-08-20,,640.17,ATH,WRO,2026-08-20,Ateny,Grecja,Wrocław,Polska,ryanair,640.17,PLN,1.000000,price,,,ATH-WRO,2026-08-20T11:32:54Z,2026-08-20T12:23:59Z
2026-08-21,,568.41,ATH,WRO,2026-08-20,Ateny,Grecja,Wrocław,Polska,ryanair,568.41,PLN,1.000000,price,,,ATH-WRO,2026-08-20T11:32:54Z,2026-08-20T12:23:59Z
2026-08-23,,986.07,ATH,WRO,2026-08-20,Ateny,Grecja,Wrocław,Polska,ryanair,986.07,PLN,1.000000,price,,,ATH-WRO,2026-08-20T11:32:54Z,2026-08-20T12:23:59Z
2026-08-24,,786.60,ATH,WRO,2026-08-20,Ateny,Grecja,Wrocław,Polska,ryanair,786.6,PLN,1.000000,price,,,ATH-WRO,2026-08-20T11:32:54Z,2026-08-20T12:23:59Z
2026-08-25,,514.26,ATH,WRO,2026-08-20,Ateny,Grecja,Wrocław,Polska,ryanair,514.26,PLN,1.000000,price,,,ATH-WRO,2026-08-20T11:32:54Z,2026-08-20T12:23:59Z
2026-08-26,,557.52,ATH,WRO,2026-08-20,Ateny,Grecja,Wrocław,Polska,ryanair,557.52,PLN,1.000000,price,,,ATH-WRO,2026-08-20T11:32:54Z,2026-08-20T12:23:59Z
2026-08-27,,778.00,ATH,WRO,2026-08-20,Ateny,Grecja,Wrocław,Polska,ryanair,778.0,PLN,1.000000,price,,,ATH-WRO,2026-08-20T11:32:54Z,2026-08-20T12:23:59Z
2026-08-28,,1055.81,ATH,WRO,2026-08-20,Ateny,Grecja,Wrocław,Polska,ryanair,1055.81,PLN,1.000000,price,,,ATH-WRO,2026-08-20T11:32:54Z,2026-08-20T12:23:59Z
2026-08-30,,1179.92,ATH,WRO,2026-08-20,Ateny,Grecja,Wrocław,Polska,ryanair,1179.92,PLN,1.000000,price,,,ATH-WRO,2026-08-20T11:32:54Z,2026-08-20T12:23:59Z
2026-08-31,,795.24,ATH,WRO,2026-08-20,Ateny,Grecja,Wrocław,Polska,ryanair,795.24,PLN,1.000000,price,,,ATH-WRO,2026-08-20T11:32:54Z,2026-08-20T12:23:59Z
2026-08-21,,912.24,BBU,KRK,2026-08-20,Bukareszt,Rumunia,Kraków,Polska,ryanair,912.24,PLN,1.000000,price,,,BBU-KRK,2026-08-20T11:32:54Z,2026-08-20T12:23:59Z
2026-08-23,,485.00,BBU,KRK,2026-08-20,Bukareszt,Rumunia,Kraków,Polska,ryanair,485.0,PLN,1.000000,price,,,BBU-KRK,2026-08-20T11:32:54Z,2026-08-20T12:23:59Z
2026-08-22,,700.15,BCN,GDN,2026-08-20,Barcelona,Hiszpania,Gdańsk,Polska,ryanair,700.15,PLN,1.000000,price,,,BCN-GDN,2026-08-20T11:32:54Z,2026-08-20T12:23:59Z
2026-08-25,,733.50,BCN,GDN,2026-08-20,Barcelona,Hiszpania,Gdańsk,Polska,ryanair,733.5,PLN,1.000000,price,,,BCN-GDN,2026-08-20T11:32:54Z,2026-08-20T12:23:59Z
2026-08-26,,377.41,BCN,GDN,2026-08-20,Barcelona,Hiszpania,Gdańsk,Polska,ryanair,377.41,PLN,1.000000,price,,,BCN-GDN,2026-08-20T11:32:54Z,2026-08-20T12:23:59Z
2026-08-27,,534.35,BCN,GDN,2026-08-20,Barcelona,Hiszpania,Gdańsk,Polska,ryanair,534.35,PLN,1.000000,price,,,BCN-GDN,2026-08-20T11:32:54Z,2026-08-20T12:23:59Z
2026-08-29,,439.54,BCN,GDN,2026-08-20,Barcelona,Hiszpania,Gdańsk,Polska,ryanair,439.54,PLN,1.000000,price,,,BCN-GDN,2026-08-20T11:32:54Z,2026-08-20T12:23:59Z
2026-08-30,,496.76,BCN,GDN,2026-08-20,Barcelona,Hiszpania,Gdańsk,Polska,wizzair,114.99,EUR,4.320028,price,I,False,BCN-GDN,2026-08-20T11:32:53Z,2026-08-20T12:23:59Z
2026-08-21,,618.50,BCN,KRK,2026-08-20,Barcelona,Hiszpania,Kraków,Polska,ryanair,618.5,PLN,1.000000,price,,,BCN-KRK,2026-08-20T11:32:54Z,2026-08-20T12:23:59Z
2026-08-22,,600.74,BCN,KRK,2026-08-20,Barcelona,Hiszpania,Kraków,Polska,ryanair,600.74,PLN,1.000000,price,,,BCN-KRK,2026-08-20T11:32:54Z,2026-08-20T12:23:59Z
2026-08-23,,600.74,BCN,KRK,2026-08-20,Barcelona,Hiszpania,Kraków,Polska,ryanair,600.74,PLN,1.000000,price,,,BCN-KRK,2026-08-20T11:32:54Z,2026-08-20T12:23:59Z
2026-08-24,,478.32,BCN,KRK,2026-08-20,Barcelona,Hiszpania,Kraków,Polska,ryanair,478.32,PLN,1.000000,price,,,BCN-KRK,2026-08-20T11:32:54Z,2026-08-20T12:23:59Z
2026-08-25,,937.03,BCN,KRK,2026-08-20,Barcelona,Hiszpania,Kraków,Polska,ryanair,937.03,PLN,1.000000,price,,,BCN-KRK,2026-08-20T11:32:54Z,2026-08-20T12:23:59Z
2026-08-26,,464.17,BCN,KRK,2026-08-20,Barcelona,Hiszpania,Kraków,Polska,ryanair,464.17,PLN,1.000000,price,,,BCN-KRK,2026-08-20T11:32:54Z,2026-08-20T12:23:59Z
2026-08-27,,435.23,BCN,KRK,2026-08-20,Barcelona,Hiszpania,Kraków,Polska,ryanair,435.23,PLN,1.000000,price,,,BCN-KRK,2026-08-20T11:32:54Z,2026-08-20T12:23:59Z
2026-08-28,,1144.03,BCN,KRK,2026-08-20,Barcelona,Hiszpania,Kraków,Polska,ryanair,1144.03,PLN,1.000000,price,,,BCN-KRK,2026-08-20T11:32:54Z,2026-08-20T12:23:59Z
2026-08-29,,496.76,BCN,KRK,2026-08-20,Barcelona,Hiszpania,Kraków,Polska,wizzair,114.99,EUR,4.320028,price,J,True,BCN-KRK,2026-08-20T11:32:53Z,2026-08-20T12:23:59Z
2026-08-30,,618.50,BCN,KRK,2026-08-20,Barcelona,Hiszpania,Kraków,Polska,ryanair,618.5,PLN,1.000000,price,,,BCN-KRK,2026-08-20T11:32:54Z,2026-08-20T12:23:59Z
2026-08-31,,380.31,BCN,KRK,2026-08-20,Barcelona,Hiszpania,Kraków,Polska,ryanair,380.31,PLN,1.000000,price,,,BCN-KRK,2026-08-20T11:32:54Z,2026-08-20T12:23:59Z
2026-08-29,,496.76,BCN,KTW,2026-08-20,Barcelona,Hiszpania,Katowice,Polska,wizzair,114.99,EUR,4.320028,price,J,True,BCN-KTW,2026-08-20T11:32:53Z,2026-08-20T12:23:59Z
2026-08-31,,431.96,BCN,KTW,2026-08-20,Barcelona,Hiszpania,Katowice,Polska,wizzair,99.99,EUR,4.320028,price,JK,True,BCN-KTW,2026-08-20T11:32:53Z,2026-08-20T12:23:59Z
2026-08-29,,626.36,BCN,WAW,2026-08-20,Barcelona,Hiszpania,Warszawa,Polska,wizzair,144.99,EUR,4.320028,price,IJ,False,BCN-WAW,2026-08-20T11:32:53Z,2026-08-20T12:23:59Z
2026-08-30,,561.56,BCN,WAW,2026-08-20,Barcelona,Hiszpania,Warszawa,Polska,wizzair,129.99,EUR,4.320028,price,J,False,BCN-WAW,2026-08-20T11:32:53Z,2026-08-20T12:23:59Z
2026-08-31,,475.16,BCN,WAW,2026-08-20,Barcelona,Hiszpania,Warszawa,Polska,wizzair,109.99,EUR,4.320028,price,K,False,BCN-WAW,2026-08-20T11:32:53Z,2026-08-20T12:23:59Z
2026-08-20,,639.64,BCN,WMI,2026-08-20,Barcelona,Hiszpania,Warszawa,Polska,ryanair,639.64,PLN,1.000000,price,,,BCN-WMI,2026-08-20T11:32:54Z,2026-08-20T12:23:59Z
2026-08-23,,443.85,BCN,WMI,2026-08-20,Barcelona,Hiszpania,Warszawa,Polska,ryanair,443.85,PLN,1.000000,price,,,BCN-WMI,2026-08-20T11:32:54Z,2026-08-20T12:23:59Z
2026-08-24,,570.49,BCN,WMI,2026-08-20,Barcelona,Hiszpania,Warszawa,Polska,ryanair,570.49,PLN,1.000000,price,,,BCN-WMI,2026-08-20T11:32:54Z,2026-08-20T12:23:59Z
2026-08-25,,705.00,BCN,WMI,2026-08-20,Barcelona,Hiszpania,Warszawa,Polska,ryanair,705.0,PLN,1.000000,price,,,BCN-WMI,2026-08-20T11:32:54Z,2026-08-20T12:23:59Z
2026-08-26,,734.73,BCN,WMI,2026-08-20,Barcelona,Hiszpania,Warszawa,Polska,ryanair,734.73,PLN,1.000000,price,,,BCN-WMI,2026-08-20T11:32:54Z,2026-08-20T12:23:59Z
2026-08-27,,513.83,BCN,WMI,2026-08-20,Barcelona,Hiszpania,Warszawa,Polska,ryanair,513.83,PLN,1.000000,price,,,BCN-WMI,2026-08-20T11:32:54Z,2026-08-20T12:23:59Z
2026-08-28,,566.16,BCN,WMI,2026-08-20,Barcelona,Hiszpania,Warszawa,Polska,ryanair,566.16,PLN,1.000000,price,,,BCN-WMI,2026-08-20T11:32:54Z,2026-08-20T12:23:59Z
2026-08-30,,539.96,BCN,WMI,2026-08-20,Barcelona,Hiszpania,Warszawa,Polska,wizzair,124.99,EUR,4.320028,price,HI,False,BCN-WMI,2026-08-20T11:32:53Z,2026-08-20T12:23:59Z
2026-08-31,,431.96,BCN,WMI,2026-08-20,Barcelona,Hiszpania,Warszawa,Polska,wizzair,99.99,EUR,4.320028,price,IJ,False,BCN-WMI,2026-08-20T11:32:53Z,2026-08-20T12:23:59Z
2026-08-30,,496.76,BCN,WRO,2026-08-20,Barcelona,Hiszpania,Wrocław,Polska,wizzair,114.99,EUR,4.320028,price,J,False,BCN-WRO,2026-08-20T11:32:53Z,2026-08-20T12:23:59Z
2026-08-31,,496.76,BCN,WRO,2026-08-20,Barcelona,Hiszpania,Wrocław,Polska,wizzair,114.99,EUR,4.320028,price,J,False,BCN-WRO,2026-08-20T11:32:53Z,2026-08-20T12:23:59Z
2026-08-24,,493.32,BDS,GDN,2026-08-20,Brindisi,Włochy,Gdańsk,Polska,ryanair,493.32,PLN,1.000000,price,,,BDS-GDN,2026-08-20T11:32:54Z,2026-08-20T12:23:59Z
2026-08-27,,597.15,BDS,GDN,2026-08-20,Brindisi,Włochy,Gdańsk,Polska,ryanair,597.15,PLN,1.000000,price,,,BDS-GDN,2026-08-20T11:32:54Z,2026-08-20T12:23:59Z
2026-08-31,,313.92,BDS,GDN,2026-08-20,Brindisi,Włochy,Gdańsk,Polska,ryanair,313.92,PLN,1.000000,price,,,BDS-GDN,2026-08-20T11:32:54Z,2026-08-20T12:23:59Z
2026-08-29,,431.96,BDS,WMI,2026-08-20,Brindisi,Włochy,Warszawa,Polska,wizzair,99.99,EUR,4.320028,price,HI,False,BDS-WMI,2026-08-20T11:32:53Z,2026-08-20T12:23:59Z
2026-08-21,,424.92,BDS,WRO,2026-08-20,Brindisi,Włochy,Wrocław,Polska,ryanair,424.92,PLN,1.000000,price,,,BDS-WRO,2026-08-20T11:32:54Z,2026-08-20T12:23:59Z
2026-08-22,,227.11,BDS,WRO,2026-08-20,Brindisi,Włochy,Wrocław,Polska,ryanair,227.11,PLN,1.000000,price,,,BDS-WRO,2026-08-20T11:32:54Z,2026-08-20T12:23:59Z
2026-08-24,,390.58,BDS,WRO,2026-08-20,Brindisi,Włochy,Wrocław,Polska,ryanair,390.58,PLN,1.000000,price,,,BDS-WRO,2026-08-20T11:32:54Z,2026-08-20T12:23:59Z
2026-08-28,,429.24,BDS,WRO,2026-08-20,Brindisi,Włochy,Wrocław,Polska,ryanair,429.24,PLN,1.000000,price,,,BDS-WRO,2026-08-20T11:32:54Z,2026-08-20T12:23:59Z
2026-08-29,,276.32,BDS,WRO,2026-08-20,Brindisi,Włochy,Wrocław,Polska,ryanair,276.32,PLN,1.000000,price,,,BDS-WRO,2026-08-20T11:32:54Z,2026-08-20T12:23:59Z
2026-08-31,,268.51,BDS,WRO,2026-08-20,Brindisi,Włochy,Wrocław,Polska,ryanair,268.51,PLN,1.000000,price,,,BDS-WRO,2026-08-20T11:32:54Z,2026-08-20T12:23:59Z
2026-08-24,,165.72,BFS,KRK,2026-08-20,Belfast,Wielka Brytania,Kraków,Polska,ryanair,165.72,PLN,1.000000,price,,,BFS-KRK,2026-08-20T11:32:54Z,2026-08-20T12:23:59Z
2026-08-27,,123.32,BFS,KRK,2026-08-20,Belfast,Wielka Brytania,Kraków,Polska,ryanair,123.32,PLN,1.000000,price,,,BFS-KRK,2026-08-20T11:32:54Z,2026-08-20T12:23:59Z
2026-08-31,,165.72,BFS,KRK,2026-08-20,Belfast,Wielka Brytania,Kraków,Polska,ryanair,165.72,PLN,1.000000,price,,,BFS-KRK,2026-08-20T11:32:54Z,2026-08-20T12:23:59Z
2026-08-30,,451.58,BGO,GDN,2026-08-20,Bergen,Norwegia,Gdańsk,Polska,wizzair,1139.0,NOK,0.396472,price,IJ,False,BGO-GDN,2026-08-20T11:32:53Z,2026-08-20T12:23:59Z
2026-08-29,,364.36,BGO,KRK,2026-08-20,Bergen,Norwegia,Kraków,Polska,wizzair,919.0,NOK,0.396472,price,JK,False,BGO-KRK,2026-08-20T11:32:53Z,2026-08-20T12:23:59Z
2026-08-30,,253.35,BGO,WMI,2026-08-20,Bergen,Norwegia,Warszawa,Polska,wizzair,639.0,NOK,0.396472,price,LB,False,BGO-WMI,2026-08-20T11:32:53Z,2026-08-20T12:23:59Z
2026-08-31,,181.98,BGO,WMI,2026-08-20,Bergen,Norwegia,Warszawa,Polska,wizzair,459.0,NOK,0.396472,price,O,False,BGO-WMI,2026-08-20T11:32:53Z,2026-08-20T12:23:59Z
2026-08-20,,748.47,BGY,GDN,2026-08-20,Mediolan,Włochy,Gdańsk,Polska,ryanair,748.47,PLN,1.000000,price,,,BGY-GDN,2026-08-20T11:32:54Z,2026-08-20T12:23:59Z
2026-08-21,,411.28,BGY,GDN,2026-08-20,Mediolan,Włochy,Gdańsk,Polska,ryanair,411.28,PLN,1.000000,price,,,BGY-GDN,2026-08-20T11:32:54Z,2026-08-20T12:23:59Z
2026-08-22,,302.51,BGY,GDN,2026-08-20,Mediolan,Włochy,Gdańsk,Polska,ryanair,302.51,PLN,1.000000,price,,,BGY-GDN,2026-08-20T11:32:54Z,2026-08-20T12:23:59Z
2026-08-23,,563.40,BGY,GDN,2026-08-20,Mediolan,Włochy,Gdańsk,Polska,ryanair,563.4,PLN,1.000000,price,,,BGY-GDN,2026-08-20T11:32:54Z,2026-08-20T12:23:59Z
2026-08-24,,224.71,BGY,GDN,2026-08-20,Mediolan,Włochy,Gdańsk,Polska,ryanair,224.71,PLN,1.000000,price,,,BGY-GDN,2026-08-20T11:32:54Z,2026-08-20T12:23:59Z
2026-08-25,,215.44,BGY,GDN,2026-08-20,Mediolan,Włochy,Gdańsk,Polska,ryanair,215.44,PLN,1.000000,price,,,BGY-GDN,2026-08-20T11:32:54Z,2026-08-20T12:23:59Z
2026-08-26,,119.96,BGY,GDN,2026-08-20,Mediolan,Włochy,Gdańsk,Polska,ryanair,119.96,PLN,1.000000,price,,,BGY-GDN,2026-08-20T11:32:54Z,2026-08-20T12:23:59Z
2026-08-27,,267.93,BGY,GDN,2026-08-20,Mediolan,Włochy,Gdańsk,Polska,ryanair,267.93,PLN,1.000000,price,,,BGY-GDN,2026-08-20T11:32:54Z,2026-08-20T12:23:59Z
2026-08-28,,233.36,BGY,GDN,2026-08-20,Mediolan,Włochy,Gdańsk,Polska,ryanair,233.36,PLN,1.000000,price,,,BGY-GDN,2026-08-20T11:32:54Z,2026-08-20T12:23:59Z
2026-08-29,,258.53,BGY,GDN,2026-08-20,Mediolan,Włochy,Gdańsk,Polska,ryanair,258.53,PLN,1.000000,price,,,BGY-GDN,2026-08-20T11:32:54Z,2026-08-20T12:23:59Z
2026-08-30,,538.90,BGY,GDN,2026-08-20,Mediolan,Włochy,Gdańsk,Polska,ryanair,538.9,PLN,1.000000,price,,,BGY-GDN,2026-08-20T11:32:54Z,2026-08-20T12:23:59Z
2026-08-31,,178.33,BGY,GDN,2026-08-20,Mediolan,Włochy,Gdańsk,Polska,ryanair,178.33,PLN,1.000000,price,,,BGY-GDN,2026-08-20T11:32:54Z,2026-08-20T12:23:59Z
2026-08-20,,1503.02,BGY,KRK,2026-08-20,Mediolan,Włochy,Kraków,Polska,ryanair,1503.02,PLN,1.000000,price,,,BGY-KRK,2026-08-20T11:32:54Z,2026-08-20T12:23:59Z
2026-08-21,,328.15,BGY,KRK,2026-08-20,Mediolan,Włochy,Kraków,Polska,ryanair,328.15,PLN,1.000000,price,,,BGY-KRK,2026-08-20T11:32:54Z,2026-08-20T12:23:59Z
2026-08-22,,255.46,BGY,KRK,2026-08-20,Mediolan,Włochy,Kraków,Polska,ryanair,255.46,PLN,1.000000,price,,,BGY-KRK,2026-08-20T11:32:54Z,2026-08-20T12:23:59Z
2026-08-23,,331.80,BGY,KRK,2026-08-20,Mediolan,Włochy,Kraków,Polska,ryanair,331.8,PLN,1.000000,price,,,BGY-KRK,2026-08-20T11:32:54Z,2026-08-20T12:23:59Z
2026-08-24,,284.39,BGY,KRK,2026-08-20,Mediolan,Włochy,Kraków,Polska,ryanair,284.39,PLN,1.000000,price,,,BGY-KRK,2026-08-20T11:32:54Z,2026-08-20T12:23:59Z
2026-08-25,,181.49,BGY,KRK,2026-08-20,Mediolan,Włochy,Kraków,Polska,ryanair,181.49,PLN,1.000000,price,,,BGY-KRK,2026-08-20T11:32:54Z,2026-08-20T12:23:59Z
2026-08-26,,176.65,BGY,KRK,2026-08-20,Mediolan,Włochy,Kraków,Polska,ryanair,176.65,PLN,1.000000,price,,,BGY-KRK,2026-08-20T11:32:54Z,2026-08-20T12:23:59Z
2026-08-27,,106.54,BGY,KRK,2026-08-20,Mediolan,Włochy,Kraków,Polska,ryanair,106.54,PLN,1.000000,price,,,BGY-KRK,2026-08-20T11:32:54Z,2026-08-20T12:23:59Z
2026-08-28,,95.00,BGY,KRK,2026-08-20,Mediolan,Włochy,Kraków,Polska,ryanair,95.0,PLN,1.000000,price,,,BGY-KRK,2026-08-20T11:32:54Z,2026-08-20T12:23:59Z
2026-08-29,,138.27,BGY,KRK,2026-08-20,Mediolan,Włochy,Kraków,Polska,ryanair,138.27,PLN,1.000000,price,,,BGY-KRK,2026-08-20T11:32:54Z,2026-08-20T12:23:59Z
2026-08-30,,323.18,BGY,KRK,2026-08-20,Mediolan,Włochy,Kraków,Polska,ryanair,323.18,PLN,1.000000,price,,,BGY-KRK,2026-08-20T11:32:54Z,2026-08-20T12:23:59Z
2026-08-31,,150.79,BGY,KRK,2026-08-20,Mediolan,Włochy,Kraków,Polska,ryanair,150.79,PLN,1.000000,price,,,BGY-KRK,2026-08-20T11:32:54Z,2026-08-20T12:23:59Z
2026-08-20,,930.91,BGY,KTW,2026-08-20,Mediolan,Włochy,Katowice,Polska,ryanair,930.91,PLN,1.000000,price,,,BGY-KTW,2026-08-20T11:32:54Z,2026-08-20T12:23:59Z
2026-08-21,,427.95,BGY,KTW,2026-08-20,Mediolan,Włochy,Katowice,Polska,ryanair,427.95,PLN,1.000000,price,,,BGY-KTW,2026-08-20T11:32:54Z,2026-08-20T12:23:59Z
2026-08-22,,166.00,BGY,KTW,2026-08-20,Mediolan,Włochy,Katowice,Polska,ryanair,166.0,PLN,1.000000,price,,,BGY-KTW,2026-08-20T11:32:54Z,2026-08-20T12:23:59Z
2026-08-23,,264.00,BGY,KTW,2026-08-20,Mediolan,Włochy,Katowice,Polska,ryanair,264.0,PLN,1.000000,price,,,BGY-KTW,2026-08-20T11:32:54Z,2026-08-20T12:23:59Z
2026-08-24,,123.32,BGY,KTW,2026-08-20,Mediolan,Włochy,Katowice,Polska,ryanair,123.32,PLN,1.000000,price,,,BGY-KTW,2026-08-20T11:32:54Z,2026-08-20T12:23:59Z
2026-08-25,,78.40,BGY,KTW,2026-08-20,Mediolan,Włochy,Katowice,Polska,ryanair,78.4,PLN,1.000000,price,,,BGY-KTW,2026-08-20T11:32:54Z,2026-08-20T12:23:59Z
2026-08-26,,74.26,BGY,KTW,2026-08-20,Mediolan,Włochy,Katowice,Polska,ryanair,74.26,PLN,1.000000,price,,,BGY-KTW,2026-08-20T11:32:54Z,2026-08-20T12:23:59Z
2026-08-27,,78.40,BGY,KTW,2026-08-20,Mediolan,Włochy,Katowice,Polska,ryanair,78.4,PLN,1.000000,price,,,BGY-KTW,2026-08-20T11:32:54Z,2026-08-20T12:23:59Z
2026-08-28,,226.51,BGY,KTW,2026-08-20,Mediolan,Włochy,Katowice,Polska,ryanair,226.51,PLN,1.000000,price,,,BGY-KTW,2026-08-20T11:32:54Z,2026-08-20T12:23:59Z
2026-08-29,,192.62,BGY,KTW,2026-08-20,Mediolan,Włochy,Katowice,Polska,ryanair,192.62,PLN,1.000000,price,,,BGY-KTW,2026-08-20T11:32:54Z,2026-08-20T12:23:59Z
2026-08-30,,390.74,BGY,KTW,2026-08-20,Mediolan,Włochy,Katowice,Polska,ryanair,390.74,PLN,1.000000,price,,,BGY-KTW,2026-08-20T11:32:54Z,2026-08-20T12:23:59Z
2026-08-31,,239.61,BGY,KTW,2026-08-20,Mediolan,Włochy,Katowice,Polska,ryanair,239.61,PLN,1.000000,price,,,BGY-KTW,2026-08-20T11:32:54Z,2026-08-20T12:23:59Z
2026-08-20,,669.06,BGY,POZ,2026-08-20,Mediolan,Włochy,Poznań,Polska,ryanair,669.06,PLN,1.000000,price,,,BGY-POZ,2026-08-20T11:32:54Z,2026-08-20T12:23:59Z
2026-08-21,,479.72,BGY,POZ,2026-08-20,Mediolan,Włochy,Poznań,Polska,ryanair,479.72,PLN,1.000000,price,,,BGY-POZ,2026-08-20T11:32:54Z,2026-08-20T12:23:59Z
2026-08-22,,185.81,BGY,POZ,2026-08-20,Mediolan,Włochy,Poznań,Polska,ryanair,185.81,PLN,1.000000,price,,,BGY-POZ,2026-08-20T11:32:54Z,2026-08-20T12:23:59Z
2026-08-23,,777.95,BGY,POZ,2026-08-20,Mediolan,Włochy,Poznań,Polska,ryanair,777.95,PLN,1.000000,price,,,BGY-POZ,2026-08-20T11:32:54Z,2026-08-20T12:23:59Z
2026-08-24,,799.56,BGY,POZ,2026-08-20,Mediolan,Włochy,Poznań,Polska,ryanair,799.56,PLN,1.000000,price,,,BGY-POZ,2026-08-20T11:32:54Z,2026-08-20T12:23:59Z
2026-08-25,,275.77,BGY,POZ,2026-08-20,Mediolan,Włochy,Poznań,Polska,ryanair,275.77,PLN,1.000000,price,,,BGY-POZ,2026-08-20T11:32:54Z,2026-08-20T12:23:59Z
2026-08-26,,120.98,BGY,POZ,2026-08-20,Mediolan,Włochy,Poznań,Polska,ryanair,120.98,PLN,1.000000,price,,,BGY-POZ,2026-08-20T11:32:54Z,2026-08-20T12:23:59Z
2026-08-27,,547.28,BGY,POZ,2026-08-20,Mediolan,Włochy,Poznań,Polska,ryanair,547.28,PLN,1.000000,price,,,BGY-POZ,2026-08-20T11:32:54Z,2026-08-20T12:23:59Z
2026-08-28,,202.51,BGY,POZ,2026-08-20,Mediolan,Włochy,Poznań,Polska,ryanair,202.51,PLN,1.000000,price,,,BGY-POZ,2026-08-20T11:32:54Z,2026-08-20T12:23:59Z
2026-08-29,,267.15,BGY,POZ,2026-08-20,Mediolan,Włochy,Poznań,Polska,ryanair,267.15,PLN,1.000000,price,,,BGY-POZ,2026-08-20T11:32:54Z,2026-08-20T12:23:59Z
2026-08-30,,994.90,BGY,POZ,2026-08-20,Mediolan,Włochy,Poznań,Polska,ryanair,994.9,PLN,1.000000,price,,,BGY-POZ,2026-08-20T11:32:54Z,2026-08-20T12:23:59Z
2026-08-31,,492.69,BGY,POZ,2026-08-20,Mediolan,Włochy,Poznań,Polska,ryanair,492.69,PLN,1.000000,price,,,BGY-POZ,2026-08-20T11:32:54Z,2026-08-20T12:23:59Z
2026-08-29,,259.16,BGY,WAW,2026-08-20,Mediolan,Włochy,Warszawa,Polska,wizzair,59.99,EUR,4.320028,price,L,False,BGY-WAW,2026-08-20T11:32:53Z,2026-08-20T12:23:59Z
2026-08-30,,302.36,BGY,WAW,2026-08-20,Mediolan,Włochy,Warszawa,Polska,wizzair,69.99,EUR,4.320028,price,K,False,BGY-WAW,2026-08-20T11:32:53Z,2026-08-20T12:23:59Z
2026-08-31,,259.16,BGY,WAW,2026-08-20,Mediolan,Włochy,Warszawa,Polska,wizzair,59.99,EUR,4.320028,price,L,False,BGY-WAW,2026-08-20T11:32:53Z,2026-08-20T12:23:59Z
2026-08-20,,1291.03,BGY,WMI,2026-08-20,Mediolan,Włochy,Warszawa,Polska,ryanair,1291.03,PLN,1.000000,price,,,BGY-WMI,2026-08-20T11:32:54Z,2026-08-20T12:23:59Z
2026-08-21,,608.83,BGY,WMI,2026-08-20,Mediolan,Włochy,Warszawa,Polska,ryanair,608.83,PLN,1.000000,price,,,BGY-WMI,2026-08-20T11:32:54Z,2026-08-20T12:23:59Z
2026-08-22,,481.46,BGY,WMI,2026-08-20,Mediolan,Włochy,Warszawa,Polska,ryanair,481.46,PLN,1.000000,price,,,BGY-WMI,2026-08-20T11:32:54Z,2026-08-20T12:23:59Z
2026-08-23,,422.86,BGY,WMI,2026-08-20,Mediolan,Włochy,Warszawa,Polska,ryanair,422.86,PLN,1.000000,price,,,BGY-WMI,2026-08-20T11:32:54Z,2026-08-20T12:23:59Z
2026-08-24,,337.99,BGY,WMI,2026-08-20,Mediolan,Włochy,Warszawa,Polska,ryanair,337.99,PLN,1.000000,price,,,BGY-WMI,2026-08-20T11:32:54Z,2026-08-20T12:23:59Z
2026-08-25,,137.66,BGY,WMI,2026-08-20,Mediolan,Włochy,Warszawa,Polska,ryanair,137.66,PLN,1.000000,price,,,BGY-WMI,2026-08-20T11:32:54Z,2026-08-20T12:23:59Z
2026-08-26,,79.00,BGY,WMI,2026-08-20,Mediolan,Włochy,Warszawa,Polska,ryanair,79.0,PLN,1.000000,price,,,BGY-WMI,2026-08-20T11:32:54Z,2026-08-20T12:23:59Z
2026-08-27,,79.00,BGY,WMI,2026-08-20,Mediolan,Włochy,Warszawa,Polska,ryanair,79.0,PLN,1.000000,price,,,BGY-WMI,2026-08-20T11:32:54Z,2026-08-20T12:23:59Z
2026-08-28,,106.32,BGY,WMI,2026-08-20,Mediolan,Włochy,Warszawa,Polska,ryanair,106.32,PLN,1.000000,price,,,BGY-WMI,2026-08-20T11:32:54Z,2026-08-20T12:23:59Z
2026-08-29,,212.38,BGY,WMI,2026-08-20,Mediolan,Włochy,Warszawa,Polska,ryanair,212.38,PLN,1.000000,price,,,BGY-WMI,2026-08-20T11:32:54Z,2026-08-20T12:23:59Z
2026-08-30,,171.04,BGY,WMI,2026-08-20,Mediolan,Włochy,Warszawa,Polska,ryanair,171.04,PLN,1.000000,price,,,BGY-WMI,2026-08-20T11:32:54Z,2026-08-20T12:23:59Z
2026-08-31,,212.38,BGY,WMI,2026-08-20,Mediolan,Włochy,Warszawa,Polska,ryanair,212.38,PLN,1.000000,price,,,BGY-WMI,2026-08-20T11:32:54Z,2026-08-20T12:23:59Z
2026-08-20,,661.25,BGY,WRO,2026-08-20,Mediolan,Włochy,Wrocław,Polska,ryanair,661.25,PLN,1.000000,price,,,BGY-WRO,2026-08-20T11:32:54Z,2026-08-20T12:23:59Z
2026-08-21,,522.94,BGY,WRO,2026-08-20,Mediolan,Włochy,Wrocław,Polska,ryanair,522.94,PLN,1.000000,price,,,BGY-WRO,2026-08-20T11:32:54Z,2026-08-20T12:23:59Z
2026-08-22,,280.90,BGY,WRO,2026-08-20,Mediolan,Włochy,Wrocław,Polska,ryanair,280.9,PLN,1.000000,price,,,BGY-WRO,2026-08-20T11:32:54Z,2026-08-20T12:23:59Z
2026-08-23,,311.80,BGY,WRO,2026-08-20,Mediolan,Włochy,Wrocław,Polska,ryanair,311.8,PLN,1.000000,price,,,BGY-WRO,2026-08-20T11:32:54Z,2026-08-20T12:23:59Z
2026-08-24,,307.17,BGY,WRO,2026-08-20,Mediolan,Włochy,Wrocław,Polska,ryanair,307.17,PLN,1.000000,price,,,BGY-WRO,2026-08-20T11:32:54Z,2026-08-20T12:23:59Z
2026-08-25,,280.08,BGY,WRO,2026-08-20,Mediolan,Włochy,Wrocław,Polska,ryanair,280.08,PLN,1.000000,price,,,BGY-WRO,2026-08-20T11:32:54Z,2026-08-20T12:23:59Z
2026-08-26,,193.89,BGY,WRO,2026-08-20,Mediolan,Włochy,Wrocław,Polska,ryanair,193.89,PLN,1.000000,price,,,BGY-WRO,2026-08-20T11:32:54Z,2026-08-20T12:23:59Z
2026-08-27,,249.91,BGY,WRO,2026-08-20,Mediolan,Włochy,Wrocław,Polska,ryanair,249.91,PLN,1.000000,price,,,BGY-WRO,2026-08-20T11:32:54Z,2026-08-20T12:23:59Z
2026-08-28,,272.26,BGY,WRO,2026-08-20,Mediolan,Włochy,Wrocław,Polska,ryanair,272.26,PLN,1.000000,price,,,BGY-WRO,2026-08-20T11:32:54Z,2026-08-20T12:23:59Z
2026-08-29,,276.04,BGY,WRO,2026-08-20,Mediolan,Włochy,Wrocław,Polska,ryanair,276.04,PLN,1.000000,price,,,BGY-WRO,2026-08-20T11:32:54Z,2026-08-20T12:23:59Z
2026-08-30,,171.32,BGY,WRO,2026-08-20,Mediolan,Włochy,Wrocław,Polska,ryanair,171.32,PLN,1.000000,price,,,BGY-WRO,2026-08-20T11:32:54Z,2026-08-20T12:23:59Z
2026-08-31,,262.84,BGY,WRO,2026-08-20,Mediolan,Włochy,Wrocław,Polska,ryanair,262.84,PLN,1.000000,price,,,BGY-WRO,2026-08-20T11:32:54Z,2026-08-20T12:23:59Z
2026-08-20,,915.56,BHX,KRK,2026-08-20,Birmingham,Wielka Brytania,Kraków,Polska,ryanair,915.56,PLN,1.000000,price,,,BHX-KRK,2026-08-20T11:32:54Z,2026-08-20T12:23:59Z
2026-08-21,,516.40,BHX,KRK,2026-08-20,Birmingham,Wielka Brytania,Kraków,Polska,ryanair,516.4,PLN,1.000000,price,,,BHX-KRK,2026-08-20T11:32:54Z,2026-08-20T12:23:59Z
2026-08-22,,328.42,BHX,KRK,2026-08-20,Birmingham,Wielka Brytania,Kraków,Polska,ryanair,328.42,PLN,1.000000,price,,,BHX-KRK,2026-08-20T11:32:54Z,2026-08-20T12:23:59Z
2026-08-23,,505.29,BHX,KRK,2026-08-20,Birmingham,Wielka Brytania,Kraków,Polska,ryanair,505.29,PLN,1.000000,price,,,BHX-KRK,2026-08-20T11:32:54Z,2026-08-20T12:23:59Z
2026-08-24,,306.38,BHX,KRK,2026-08-20,Birmingham,Wielka Brytania,Kraków,Polska,ryanair,306.38,PLN,1.000000,price,,,BHX-KRK,2026-08-20T11:32:54Z,2026-08-20T12:23:59Z
2026-08-25,,434.54,BHX,KRK,2026-08-20,Birmingham,Wielka Brytania,Kraków,Polska,ryanair,434.54,PLN,1.000000,price,,,BHX-KRK,2026-08-20T11:32:54Z,2026-08-20T12:23:59Z
2026-08-26,,220.98,BHX,KRK,2026-08-20,Birmingham,Wielka Brytania,Kraków,Polska,ryanair,220.98,PLN,1.000000,price,,,BHX-KRK,2026-08-20T11:32:54Z,2026-08-20T12:23:59Z
2026-08-27,,452.06,BHX,KRK,2026-08-20,Birmingham,Wielka Brytania,Kraków,Polska,ryanair,452.06,PLN,1.000000,price,,,BHX-KRK,2026-08-20T11:32:54Z,2026-08-20T12:23:59Z
2026-08-28,,303.16,BHX,KRK,2026-08-20,Birmingham,Wielka Brytania,Kraków,Polska,ryanair,303.16,PLN,1.000000,price,,,BHX-KRK,2026-08-20T11:32:54Z,2026-08-20T12:23:59Z
2026-08-29,,177.55,BHX,KRK,2026-08-20,Birmingham,Wielka Brytania,Kraków,Polska,ryanair,177.55,PLN,1.000000,price,,,BHX-KRK,2026-08-20T11:32:54Z,2026-08-20T12:23:59Z
2026-08-30,,189.09,BHX,KRK,2026-08-20,Birmingham,Wielka Brytania,Kraków,Polska,ryanair,189.09,PLN,1.000000,price,,,BHX-KRK,2026-08-20T11:32:54Z,2026-08-20T12:23:59Z
2026-08-31,,118.26,BHX,KRK,2026-08-20,Birmingham,Wielka Brytania,Kraków,Polska,ryanair,118.26,PLN,1.000000,price,,,BHX-KRK,2026-08-20T11:32:54Z,2026-08-20T12:23:59Z
2026-08-23,,326.83,BHX,POZ,2026-08-20,Birmingham,Wielka Brytania,Poznań,Polska,ryanair,326.83,PLN,1.000000,price,,,BHX-POZ,2026-08-20T11:32:54Z,2026-08-20T12:23:59Z
2026-08-26,,243.13,BHX,POZ,2026-08-20,Birmingham,Wielka Brytania,Poznań,Polska,ryanair,243.13,PLN,1.000000,price,,,BHX-POZ,2026-08-20T11:32:54Z,2026-08-20T12:23:59Z
2026-08-30,,181.94,BHX,POZ,2026-08-20,Birmingham,Wielka Brytania,Poznań,Polska,ryanair,181.94,PLN,1.000000,price,,,BHX-POZ,2026-08-20T11:32:54Z,2026-08-20T12:23:59Z
2026-08-21,,362.91,BHX,WMI,2026-08-20,Birmingham,Wielka Brytania,Warszawa,Polska,ryanair,362.91,PLN,1.000000,price,,,BHX-WMI,2026-08-20T11:32:54Z,2026-08-20T12:23:59Z
2026-08-22,,468.00,BHX,WMI,2026-08-20,Birmingham,Wielka Brytania,Warszawa,Polska,ryanair,468.0,PLN,1.000000,price,,,BHX-WMI,2026-08-20T11:32:54Z,2026-08-20T12:23:59Z
2026-08-25,,162.32,BHX,WMI,2026-08-20,Birmingham,Wielka Brytania,Warszawa,Polska,ryanair,162.32,PLN,1.000000,price,,,BHX-WMI,2026-08-20T11:32:54Z,2026-08-20T12:23:59Z
2026-08-28,,200.14,BHX,WMI,2026-08-20,Birmingham,Wielka Brytania,Warszawa,Polska,ryanair,200.14,PLN,1.000000,price,,,BHX-WMI,2026-08-20T11:32:54Z,2026-08-20T12:23:59Z
2026-08-29,,279.49,BHX,WMI,2026-08-20,Birmingham,Wielka Brytania,Warszawa,Polska,ryanair,279.49,PLN,1.000000,price,,,BHX-WMI,2026-08-20T11:32:54Z,2026-08-20T12:23:59Z
2026-08-30,,647.96,BIO,WAW,2026-08-20,Bilbao,Hiszpania,Warszawa,Polska,wizzair,149.99,EUR,4.320028,price,HI,False,BIO-WAW,2026-08-20T11:32:53Z,2026-08-20T12:23:59Z
2026-08-29,,253.86,BLL,GDN,2026-08-20,Billund,Dania,Gdańsk,Polska,wizzair,439.0,DKK,0.578278,price,KL,False,BLL-GDN,2026-08-20T11:32:53Z,2026-08-20T12:23:59Z
2026-08-30,,207.60,BLL,GDN,2026-08-20,Billund,Dania,Gdańsk,Polska,wizzair,359.0,DKK,0.578278,price,LB,False,BLL-GDN,2026-08-20T11:32:53Z,2026-08-20T12:23:59Z
2026-08-20,,1464.70,BLQ,KRK,2026-08-20,Bolonia,Włochy,Kraków,Polska,ryanair,1464.7,PLN,1.000000,price,,,BLQ-KRK,2026-08-20T11:32:54Z,2026-08-20T12:23:59Z
2026-08-21,,494.84,BLQ,KRK,2026-08-20,Bolonia,Włochy,Kraków,Polska,ryanair,494.84,PLN,1.000000,price,,,BLQ-KRK,2026-08-20T11:32:54Z,2026-08-20T12:23:59Z
2026-08-22,,583.45,BLQ,KRK,2026-08-20,Bolonia,Włochy,Kraków,Polska,ryanair,583.45,PLN,1.000000,price,,,BLQ-KRK,2026-08-20T11:32:54Z,2026-08-20T12:23:59Z
2026-08-23,,842.79,BLQ,KRK,2026-08-20,Bolonia,Włochy,Kraków,Polska,ryanair,842.79,PLN,1.000000,price,,,BLQ-KRK,2026-08-20T11:32:54Z,2026-08-20T12:23:59Z
2026-08-24,,344.72,BLQ,KRK,2026-08-20,Bolonia,Włochy,Kraków,Polska,ryanair,344.72,PLN,1.000000,price,,,BLQ-KRK,2026-08-20T11:32:54Z,2026-08-20T12:23:59Z
2026-08-25,,241.29,BLQ,KRK,2026-08-20,Bolonia,Włochy,Kraków,Polska,ryanair,241.29,PLN,1.000000,price,,,BLQ-KRK,2026-08-20T11:32:54Z,2026-08-20T12:23:59Z
2026-08-26,,122.97,BLQ,KRK,2026-08-20,Bolonia,Włochy,Kraków,Polska,ryanair,122.97,PLN,1.000000,price,,,BLQ-KRK,2026-08-20T11:32:54Z,2026-08-20T12:23:59Z
2026-08-27,,95.00,BLQ,KRK,2026-08-20,Bolonia,Włochy,Kraków,Polska,ryanair,95.0,PLN,1.000000,price,,,BLQ-KRK,2026-08-20T11:32:54Z,2026-08-20T12:23:59Z
2026-08-28,,194.46,BLQ,KRK,2026-08-20,Bolonia,Włochy,Kraków,Polska,ryanair,194.46,PLN,1.000000,price,,,BLQ-KRK,2026-08-20T11:32:54Z,2026-08-20T12:23:59Z
2026-08-29,,349.03,BLQ,KRK,2026-08-20,Bolonia,Włochy,Kraków,Polska,ryanair,349.03,PLN,1.000000,price,,,BLQ-KRK,2026-08-20T11:32:54Z,2026-08-20T12:23:59Z
2026-08-30,,557.52,BLQ,KRK,2026-08-20,Bolonia,Włochy,Kraków,Polska,ryanair,557.52,PLN,1.000000,price,,,BLQ-KRK,2026-08-20T11:32:54Z,2026-08-20T12:23:59Z
2026-08-31,,311.16,BLQ,KRK,2026-08-20,Bolonia,Włochy,Kraków,Polska,ryanair,311.16,PLN,1.000000,price,,,BLQ-KRK,2026-08-20T11:32:54Z,2026-08-20T12:23:59Z
2026-08-29,,302.36,BLQ,WAW,2026-08-20,Bolonia,Włochy,Warszawa,Polska,wizzair,69.99,EUR,4.320028,price,K,False,BLQ-WAW,2026-08-20T11:32:53Z,2026-08-20T12:23:59Z
2026-08-30,,496.76,BLQ,WAW,2026-08-20,Bolonia,Włochy,Warszawa,Polska,wizzair,114.99,EUR,4.320028,price,I,False,BLQ-WAW,2026-08-20T11:32:53Z,2026-08-20T12:23:59Z
2026-08-31,,241.88,BLQ,WAW,2026-08-20,Bolonia,Włochy,Warszawa,Polska,wizzair,55.99,EUR,4.320028,price,LB,False,BLQ-WAW,2026-08-20T11:32:53Z,2026-08-20T12:23:59Z
2026-08-20,,663.21,BLQ,WMI,2026-08-20,Bolonia,Włochy,Warszawa,Polska,ryanair,663.21,PLN,1.000000,price,,,BLQ-WMI,2026-08-20T11:32:54Z,2026-08-20T12:23:59Z
2026-08-21,,508.28,BLQ,WMI,2026-08-20,Bolonia,Włochy,Warszawa,Polska,ryanair,508.28,PLN,1.000000,price,,,BLQ-WMI,2026-08-20T11:32:54Z,2026-08-20T12:23:59Z
2026-08-23,,618.12,BLQ,WMI,2026-08-20,Bolonia,Włochy,Warszawa,Polska,ryanair,618.12,PLN,1.000000,price,,,BLQ-WMI,2026-08-20T11:32:54Z,2026-08-20T12:23:59Z
2026-08-25,,867.71,BLQ,WMI,2026-08-20,Bolonia,Włochy,Warszawa,Polska,ryanair,867.71,PLN,1.000000,price,,,BLQ-WMI,2026-08-20T11:32:54Z,2026-08-20T12:23:59Z
2026-08-27,,326.56,BLQ,WMI,2026-08-20,Bolonia,Włochy,Warszawa,Polska,ryanair,326.56,PLN,1.000000,price,,,BLQ-WMI,2026-08-20T11:32:54Z,2026-08-20T12:23:59Z
2026-08-28,,150.84,BLQ,WMI,2026-08-20,Bolonia,Włochy,Warszawa,Polska,ryanair,150.84,PLN,1.000000,price,,,BLQ-WMI,2026-08-20T11:32:54Z,2026-08-20T12:23:59Z
2026-08-30,,382.32,BLQ,WMI,2026-08-20,Bolonia,Włochy,Warszawa,Polska,ryanair,382.32,PLN,1.000000,price,,,BLQ-WMI,2026-08-20T11:32:54Z,2026-08-20T12:23:59Z
2026-08-20,,531.59,BLQ,WRO,2026-08-20,Bolonia,Włochy,Wrocław,Polska,ryanair,531.59,PLN,1.000000,price,,,BLQ-WRO,2026-08-20T11:32:54Z,2026-08-20T12:23:59Z
2026-08-22,,436.50,BLQ,WRO,2026-08-20,Bolonia,Włochy,Wrocław,Polska,ryanair,436.5,PLN,1.000000,price,,,BLQ-WRO,2026-08-20T11:32:54Z,2026-08-20T12:23:59Z
2026-08-24,,245.60,BLQ,WRO,2026-08-20,Bolonia,Włochy,Wrocław,Polska,ryanair,245.6,PLN,1.000000,price,,,BLQ-WRO,2026-08-20T11:32:54Z,2026-08-20T12:23:59Z
2026-08-25,,254.22,BLQ,WRO,2026-08-20,Bolonia,Włochy,Wrocław,Polska,ryanair,254.22,PLN,1.000000,price,,,BLQ-WRO,2026-08-20T11:32:54Z,2026-08-20T12:23:59Z
2026-08-27,,155.56,BLQ,WRO,2026-08-20,Bolonia,Włochy,Wrocław,Polska,ryanair,155.56,PLN,1.000000,price,,,BLQ-WRO,2026-08-20T11:32:54Z,2026-08-20T12:23:59Z
2026-08-29,,246.32,BLQ,WRO,2026-08-20,Bolonia,Włochy,Wrocław,Polska,ryanair,246.32,PLN,1.000000,price,,,BLQ-WRO,2026-08-20T11:32:54Z,2026-08-20T12:23:59Z
2026-08-31,,245.60,BLQ,WRO,2026-08-20,Bolonia,Włochy,Wrocław,Polska,ryanair,245.6,PLN,1.000000,price,,,BLQ-WRO,2026-08-20T11:32:54Z,2026-08-20T12:23:59Z
2026-08-22,,409.28,BOH,KRK,2026-08-20,Bournemouth,Wielka Brytania,Kraków,Polska,ryanair,409.28,PLN,1.000000,price,,,BOH-KRK,2026-08-20T11:32:54Z,2026-08-20T12:23:59Z
2026-08-23,,620.46,BOH,KRK,2026-08-20,Bournemouth,Wielka Brytania,Kraków,Polska,ryanair,620.46,PLN,1.000000,price,,,BOH-KRK,2026-08-20T11:32:54Z,2026-08-20T12:23:59Z
2026-08-26,,530.56,BOH,KRK,2026-08-20,Bournemouth,Wielka Brytania,Kraków,Polska,ryanair,530.56,PLN,1.000000,price,,,BOH-KRK,2026-08-20T11:32:54Z,2026-08-20T12:23:59Z
2026-08-29,,280.14,BOH,KRK,2026-08-20,Bournemouth,Wielka Brytania,Kraków,Polska,ryanair,280.14,PLN,1.000000,price,,,BOH-KRK,2026-08-20T11:32:54Z,2026-08-20T12:23:59Z
2026-08-30,,331.50,BOH,KRK,2026-08-20,Bournemouth,Wielka Brytania,Kraków,Polska,ryanair,331.5,PLN,1.000000,price,,,BOH-KRK,2026-08-20T11:32:54Z,2026-08-20T12:23:59Z
2026-08-22,,338.53,BOH,WRO,2026-08-20,Bournemouth,Wielka Brytania,Wrocław,Polska,ryanair,338.53,PLN,1.000000,price,,,BOH-WRO,2026-08-20T11:32:54Z,2026-08-20T12:23:59Z
2026-08-26,,293.05,BOH,WRO,2026-08-20,Bournemouth,Wielka Brytania,Wrocław,Polska,ryanair,293.05,PLN,1.000000,price,,,BOH-WRO,2026-08-20T11:32:54Z,2026-08-20T12:23:59Z
2026-08-29,,272.83,BOH,WRO,2026-08-20,Bournemouth,Wielka Brytania,Wrocław,Polska,ryanair,272.83,PLN,1.000000,price,,,BOH-WRO,2026-08-20T11:32:54Z,2026-08-20T12:23:59Z
2026-08-21,,1406.81,BOJ,GDN,2026-08-20,Burgas,Bułagria,Gdańsk,Polska,ryanair,1406.81,PLN,1.000000,price,,,BOJ-GDN,2026-08-20T11:32:54Z,2026-08-20T12:23:59Z
2026-08-23,,1809.28,BOJ,GDN,2026-08-20,Burgas,Bułagria,Gdańsk,Polska,ryanair,1809.28,PLN,1.000000,price,,,BOJ-GDN,2026-08-20T11:32:54Z,2026-08-20T12:23:59Z
2026-08-24,,1611.84,BOJ,GDN,2026-08-20,Burgas,Bułagria,Gdańsk,Polska,ryanair,1611.84,PLN,1.000000,price,,,BOJ-GDN,2026-08-20T11:32:54Z,2026-08-20T12:23:59Z
2026-08-26,,1026.97,BOJ,GDN,2026-08-20,Burgas,Bułagria,Gdańsk,Polska,ryanair,1026.97,PLN,1.000000,price,,,BOJ-GDN,2026-08-20T11:32:54Z,2026-08-20T12:23:59Z
2026-08-28,,1643.61,BOJ,GDN,2026-08-20,Burgas,Bułagria,Gdańsk,Polska,ryanair,1643.61,PLN,1.000000,price,,,BOJ-GDN,2026-08-20T11:32:54Z,2026-08-20T12:23:59Z
2026-08-30,,1521.91,BOJ,GDN,2026-08-20,Burgas,Bułagria,Gdańsk,Polska,ryanair,1521.91,PLN,1.000000,price,,,BOJ-GDN,2026-08-20T11:32:54Z,2026-08-20T12:23:59Z
2026-08-31,,1445.14,BOJ,GDN,2026-08-20,Burgas,Bułagria,Gdańsk,Polska,ryanair,1445.14,PLN,1.000000,price,,,BOJ-GDN,2026-08-20T11:32:54Z,2026-08-20T12:23:59Z
2026-08-20,,1487.87,BOJ,KRK,2026-08-20,Burgas,Bułagria,Kraków,Polska,ryanair,1487.87,PLN,1.000000,price,,,BOJ-KRK,2026-08-20T11:32:54Z,2026-08-20T12:23:59Z
2026-08-21,,1517.05,BOJ,KRK,2026-08-20,Burgas,Bułagria,Kraków,Polska,ryanair,1517.05,PLN,1.000000,price,,,BOJ-KRK,2026-08-20T11:32:54Z,2026-08-20T12:23:59Z
2026-08-22,,1689.57,BOJ,KRK,2026-08-20,Burgas,Bułagria,Kraków,Polska,ryanair,1689.57,PLN,1.000000,price,,,BOJ-KRK,2026-08-20T11:32:54Z,2026-08-20T12:23:59Z
2026-08-24,,1055.97,BOJ,KRK,2026-08-20,Burgas,Bułagria,Kraków,Polska,ryanair,1055.97,PLN,1.000000,price,,,BOJ-KRK,2026-08-20T11:32:54Z,2026-08-20T12:23:59Z
2026-08-25,,728.99,BOJ,KRK,2026-08-20,Burgas,Bułagria,Kraków,Polska,ryanair,728.99,PLN,1.000000,price,,,BOJ-KRK,2026-08-20T11:32:54Z,2026-08-20T12:23:59Z
2026-08-26,,819.42,BOJ,KRK,2026-08-20,Burgas,Bułagria,Kraków,Polska,ryanair,819.42,PLN,1.000000,price,,,BOJ-KRK,2026-08-20T11:32:54Z,2026-08-20T12:23:59Z
2026-08-27,,897.50,BOJ,KRK,2026-08-20,Burgas,Bułagria,Kraków,Polska,ryanair,897.5,PLN,1.000000,price,,,BOJ-KRK,2026-08-20T11:32:54Z,2026-08-20T12:23:59Z
2026-08-28,,1667.61,BOJ,KRK,2026-08-20,Burgas,Bułagria,Kraków,Polska,ryanair,1667.61,PLN,1.000000,price,,,BOJ-KRK,2026-08-20T11:32:54Z,2026-08-20T12:23:59Z
2026-08-29,,1290.23,BOJ,KRK,2026-08-20,Burgas,Bułagria,Kraków,Polska,ryanair,1290.23,PLN,1.000000,price,,,BOJ-KRK,2026-08-20T11:32:54Z,2026-08-20T12:23:59Z
2026-08-31,,893.18,BOJ,KRK,2026-08-20,Burgas,Bułagria,Kraków,Polska,ryanair,893.18,PLN,1.000000,price,,,BOJ-KRK,2026-08-20T11:32:54Z,2026-08-20T12:23:59Z
2026-08-23,,1454.31,BOJ,POZ,2026-08-20,Burgas,Bułagria,Poznań,Polska,ryanair,1454.31,PLN,1.000000,price,,,BOJ-POZ,2026-08-20T11:32:54Z,2026-08-20T12:23:59Z
2026-08-27,,1619.60,BOJ,POZ,2026-08-20,Burgas,Bułagria,Poznań,Polska,ryanair,1619.6,PLN,1.000000,price,,,BOJ-POZ,2026-08-20T11:32:54Z,2026-08-20T12:23:59Z
2026-08-30,,1636.19,BOJ,POZ,2026-08-20,Burgas,Bułagria,Poznań,Polska,ryanair,1636.19,PLN,1.000000,price,,,BOJ-POZ,2026-08-20T11:32:54Z,2026-08-20T12:23:59Z
2026-08-21,,737.78,BOJ,WMI,2026-08-20,Burgas,Bułagria,Warszawa,Polska,ryanair,737.78,PLN,1.000000,price,,,BOJ-WMI,2026-08-20T11:32:54Z,2026-08-20T12:23:59Z
2026-08-24,,723.17,BOJ,WMI,2026-08-20,Burgas,Bułagria,Warszawa,Polska,ryanair,723.17,PLN,1.000000,price,,,BOJ-WMI,2026-08-20T11:32:54Z,2026-08-20T12:23:59Z
2026-08-26,,948.07,BOJ,WMI,2026-08-20,Burgas,Bułagria,Warszawa,Polska,ryanair,948.07,PLN,1.000000,price,,,BOJ-WMI,2026-08-20T11:32:54Z,2026-08-20T12:23:59Z
2026-08-28,,852.67,BOJ,WMI,2026-08-20,Burgas,Bułagria,Warszawa,Polska,ryanair,852.67,PLN,1.000000,price,,,BOJ-WMI,2026-08-20T11:32:54Z,2026-08-20T12:23:59Z
2026-08-31,,937.87,BOJ,WMI,2026-08-20,Burgas,Bułagria,Warszawa,Polska,ryanair,937.87,PLN,1.000000,price,,,BOJ-WMI,2026-08-20T11:32:54Z,2026-08-20T12:23:59Z
2026-08-20,,976.77,BRI,KRK,2026-08-20,Bari,Włochy,Kraków,Polska,ryanair,976.77,PLN,1.000000,price,,,BRI-KRK,2026-08-20T11:32:54Z,2026-08-20T12:23:59Z
2026-08-21,,771.38,BRI,KRK,2026-08-20,Bari,Włochy,Kraków,Polska,ryanair,771.38,PLN,1.000000,price,,,BRI-KRK,2026-08-20T11:32:54Z,2026-08-20T12:23:59Z
2026-08-22,,1128.05,BRI,KRK,2026-08-20,Bari,Włochy,Kraków,Polska,ryanair,1128.05,PLN,1.000000,price,,,BRI-KRK,2026-08-20T11:32:54Z,2026-08-20T12:23:59Z
2026-08-23,,1500.86,BRI,KRK,2026-08-20,Bari,Włochy,Kraków,Polska,ryanair,1500.86,PLN,1.000000,price,,,BRI-KRK,2026-08-20T11:32:54Z,2026-08-20T12:23:59Z
2026-08-24,,361.96,BRI,KRK,2026-08-20,Bari,Włochy,Kraków,Polska,ryanair,361.96,PLN,1.000000,price,,,BRI-KRK,2026-08-20T11:32:54Z,2026-08-20T12:23:59Z
2026-08-25,,616.43,BRI,KRK,2026-08-20,Bari,Włochy,Kraków,Polska,ryanair,616.43,PLN,1.000000,price,,,BRI-KRK,2026-08-20T11:32:54Z,2026-08-20T12:23:59Z
2026-08-26,,414.89,BRI,KRK,2026-08-20,Bari,Włochy,Kraków,Polska,ryanair,414.89,PLN,1.000000,price,,,BRI-KRK,2026-08-20T11:32:54Z,2026-08-20T12:23:59Z
2026-08-27,,259.78,BRI,KRK,2026-08-20,Bari,Włochy,Kraków,Polska,ryanair,259.78,PLN,1.000000,price,,,BRI-KRK,2026-08-20T11:32:54Z,2026-08-20T12:23:59Z
2026-08-28,,542.96,BRI,KRK,2026-08-20,Bari,Włochy,Kraków,Polska,ryanair,542.96,PLN,1.000000,price,,,BRI-KRK,2026-08-20T11:32:54Z,2026-08-20T12:23:59Z
2026-08-29,,550.63,BRI,KRK,2026-08-20,Bari,Włochy,Kraków,Polska,ryanair,550.63,PLN,1.000000,price,,,BRI-KRK,2026-08-20T11:32:54Z,2026-08-20T12:23:59Z
2026-08-30,,866.19,BRI,KRK,2026-08-20,Bari,Włochy,Kraków,Polska,ryanair,866.19,PLN,1.000000,price,,,BRI-KRK,2026-08-20T11:32:54Z,2026-08-20T12:23:59Z
2026-08-31,,501.33,BRI,KRK,2026-08-20,Bari,Włochy,Kraków,Polska,ryanair,501.33,PLN,1.000000,price,,,BRI-KRK,2026-08-20T11:32:54Z,2026-08-20T12:23:59Z
2026-08-21,,1007.33,BRI,KTW,2026-08-20,Bari,Włochy,Katowice,Polska,ryanair,1007.33,PLN,1.000000,price,,,BRI-KTW,2026-08-20T11:32:54Z,2026-08-20T12:23:59Z
2026-08-23,,682.86,BRI,KTW,2026-08-20,Bari,Włochy,Katowice,Polska,ryanair,682.86,PLN,1.000000,price,,,BRI-KTW,2026-08-20T11:32:54Z,2026-08-20T12:23:59Z
2026-08-24,,400.75,BRI,KTW,2026-08-20,Bari,Włochy,Katowice,Polska,ryanair,400.75,PLN,1.000000,price,,,BRI-KTW,2026-08-20T11:32:54Z,2026-08-20T12:23:59Z
2026-08-25,,337.09,BRI,KTW,2026-08-20,Bari,Włochy,Katowice,Polska,ryanair,337.09,PLN,1.000000,price,,,BRI-KTW,2026-08-20T11:32:54Z,2026-08-20T12:23:59Z
2026-08-26,,313.92,BRI,KTW,2026-08-20,Bari,Włochy,Katowice,Polska,ryanair,313.92,PLN,1.000000,price,,,BRI-KTW,2026-08-20T11:32:54Z,2026-08-20T12:23:59Z
2026-08-28,,462.43,BRI,KTW,2026-08-20,Bari,Włochy,Katowice,Polska,ryanair,462.43,PLN,1.000000,price,,,BRI-KTW,2026-08-20T11:32:54Z,2026-08-20T12:23:59Z
2026-08-30,,760.66,BRI,KTW,2026-08-20,Bari,Włochy,Katowice,Polska,ryanair,760.66,PLN,1.000000,price,,,BRI-KTW,2026-08-20T11:32:54Z,2026-08-20T12:23:59Z
2026-08-31,,270.76,BRI,KTW,2026-08-20,Bari,Włochy,Katowice,Polska,ryanair,270.76,PLN,1.000000,price,,,BRI-KTW,2026-08-20T11:32:54Z,2026-08-20T12:23:59Z
2026-08-20,,852.67,BRI,POZ,2026-08-20,Bari,Włochy,Poznań,Polska,ryanair,852.67,PLN,1.000000,price,,,BRI-POZ,2026-08-20T11:32:54Z,2026-08-20T12:23:59Z
2026-08-21,,1264.52,BRI,POZ,2026-08-20,Bari,Włochy,Poznań,Polska,ryanair,1264.52,PLN,1.000000,price,,,BRI-POZ,2026-08-20T11:32:54Z,2026-08-20T12:23:59Z
2026-08-22,,1389.35,BRI,POZ,2026-08-20,Bari,Włochy,Poznań,Polska,ryanair,1389.35,PLN,1.000000,price,,,BRI-POZ,2026-08-20T11:32:54Z,2026-08-20T12:23:59Z
2026-08-24,,1426.52,BRI,POZ,2026-08-20,Bari,Włochy,Poznań,Polska,ryanair,1426.52,PLN,1.000000,price,,,BRI-POZ,2026-08-20T11:32:54Z,2026-08-20T12:23:59Z
2026-08-26,,608.73,BRI,POZ,2026-08-20,Bari,Włochy,Poznań,Polska,ryanair,608.73,PLN,1.000000,price,,,BRI-POZ,2026-08-20T11:32:54Z,2026-08-20T12:23:59Z
2026-08-27,,520.72,BRI,POZ,2026-08-20,Bari,Włochy,Poznań,Polska,ryanair,520.72,PLN,1.000000,price,,,BRI-POZ,2026-08-20T11:32:54Z,2026-08-20T12:23:59Z
2026-08-28,,516.40,BRI,POZ,2026-08-20,Bari,Włochy,Poznań,Polska,ryanair,516.4,PLN,1.000000,price,,,BRI-POZ,2026-08-20T11:32:54Z,2026-08-20T12:23:59Z
2026-08-29,,627.26,BRI,POZ,2026-08-20,Bari,Włochy,Poznań,Polska,ryanair,627.26,PLN,1.000000,price,,,BRI-POZ,2026-08-20T11:32:54Z,2026-08-20T12:23:59Z
2026-08-31,,723.17,BRI,POZ,2026-08-20,Bari,Włochy,Poznań,Polska,ryanair,723.17,PLN,1.000000,price,,,BRI-POZ,2026-08-20T11:32:54Z,2026-08-20T12:23:59Z
2026-08-21,,408.06,BRI,WMI,2026-08-20,Bari,Włochy,Warszawa,Polska,ryanair,408.06,PLN,1.000000,price,,,BRI-WMI,2026-08-20T11:32:54Z,2026-08-20T12:23:59Z
2026-08-22,,1011.35,BRI,WMI,2026-08-20,Bari,Włochy,Warszawa,Polska,ryanair,1011.35,PLN,1.000000,price,,,BRI-WMI,2026-08-20T11:32:54Z,2026-08-20T12:23:59Z
2026-08-23,,752.00,BRI,WMI,2026-08-20,Bari,Włochy,Warszawa,Polska,ryanair,752.0,PLN,1.000000,price,,,BRI-WMI,2026-08-20T11:32:54Z,2026-08-20T12:23:59Z
2026-08-25,,782.27,BRI,WMI,2026-08-20,Bari,Włochy,Warszawa,Polska,ryanair,782.27,PLN,1.000000,price,,,BRI-WMI,2026-08-20T11:32:54Z,2026-08-20T12:23:59Z
2026-08-26,,331.32,BRI,WMI,2026-08-20,Bari,Włochy,Warszawa,Polska,ryanair,331.32,PLN,1.000000,price,,,BRI-WMI,2026-08-20T11:32:54Z,2026-08-20T12:23:59Z
2026-08-27,,509.06,BRI,WMI,2026-08-20,Bari,Włochy,Warszawa,Polska,ryanair,509.06,PLN,1.000000,price,,,BRI-WMI,2026-08-20T11:32:54Z,2026-08-20T12:23:59Z
2026-08-28,,592.10,BRI,WMI,2026-08-20,Bari,Włochy,Warszawa,Polska,ryanair,592.1,PLN,1.000000,price,,,BRI-WMI,2026-08-20T11:32:54Z,2026-08-20T12:23:59Z
2026-08-29,,728.28,BRI,WMI,2026-08-20,Bari,Włochy,Warszawa,Polska,ryanair,728.28,PLN,1.000000,price,,,BRI-WMI,2026-08-20T11:32:54Z,2026-08-20T12:23:59Z
2026-08-30,,909.28,BRI,WMI,2026-08-20,Bari,Włochy,Warszawa,Polska,ryanair,909.28,PLN,1.000000,price,,,BRI-WMI,2026-08-20T11:32:54Z,2026-08-20T12:23:59Z
2026-08-30,,496.76,BRI,WRO,2026-08-20,Bari,Włochy,Wrocław,Polska,wizzair,114.99,EUR,4.320028,price,J,False,BRI-WRO,2026-08-20T11:32:53Z,2026-08-20T12:23:59Z
2026-08-22,,424.49,BRS,GDN,2026-08-20,Bristol,Wielka Brytania,Gdańsk,Polska,ryanair,424.49,PLN,1.000000,price,,,BRS-GDN,2026-08-20T11:32:54Z,2026-08-20T12:23:59Z
2026-08-25,,110.17,BRS,GDN,2026-08-20,Bristol,Wielka Brytania,Gdańsk,Polska,ryanair,110.17,PLN,1.000000,price,,,BRS-GDN,2026-08-20T11:32:54Z,2026-08-20T12:23:59Z
2026-08-26,,241.07,BRS,GDN,2026-08-20,Bristol,Wielka Brytania,Gdańsk,Polska,ryanair,241.07,PLN,1.000000,price,,,BRS-GDN,2026-08-20T11:32:54Z,2026-08-20T12:23:59Z
2026-08-29,,149.32,BRS,GDN,2026-08-20,Bristol,Wielka Brytania,Gdańsk,Polska,ryanair,149.32,PLN,1.000000,price,,,BRS-GDN,2026-08-20T11:32:54Z,2026-08-20T12:23:59Z
2026-08-21,,627.49,BRS,KRK,2026-08-20,Bristol,Wielka Brytania,Kraków,Polska,ryanair,627.49,PLN,1.000000,price,,,BRS-KRK,2026-08-20T11:32:54Z,2026-08-20T12:23:59Z
2026-08-22,,566.65,BRS,KRK,2026-08-20,Bristol,Wielka Brytania,Kraków,Polska,ryanair,566.65,PLN,1.000000,price,,,BRS-KRK,2026-08-20T11:32:54Z,2026-08-20T12:23:59Z
2026-08-23,,424.44,BRS,KRK,2026-08-20,Bristol,Wielka Brytania,Kraków,Polska,ryanair,424.44,PLN,1.000000,price,,,BRS-KRK,2026-08-20T11:32:54Z,2026-08-20T12:23:59Z
2026-08-24,,444.65,BRS,KRK,2026-08-20,Bristol,Wielka Brytania,Kraków,Polska,ryanair,444.65,PLN,1.000000,price,,,BRS-KRK,2026-08-20T11:32:54Z,2026-08-20T12:23:59Z
2026-08-25,,272.83,BRS,KRK,2026-08-20,Bristol,Wielka Brytania,Kraków,Polska,ryanair,272.83,PLN,1.000000,price,,,BRS-KRK,2026-08-20T11:32:54Z,2026-08-20T12:23:59Z
2026-08-26,,281.26,BRS,KRK,2026-08-20,Bristol,Wielka Brytania,Kraków,Polska,ryanair,281.26,PLN,1.000000,price,,,BRS-KRK,2026-08-20T11:32:54Z,2026-08-20T12:23:59Z
2026-08-27,,366.66,BRS,KRK,2026-08-20,Bristol,Wielka Brytania,Kraków,Polska,ryanair,366.66,PLN,1.000000,price,,,BRS-KRK,2026-08-20T11:32:54Z,2026-08-20T12:23:59Z
2026-08-28,,656.90,BRS,KRK,2026-08-20,Bristol,Wielka Brytania,Kraków,Polska,ryanair,656.9,PLN,1.000000,price,,,BRS-KRK,2026-08-20T11:32:54Z,2026-08-20T12:23:59Z
2026-08-29,,279.83,BRS,KRK,2026-08-20,Bristol,Wielka Brytania,Kraków,Polska,ryanair,279.83,PLN,1.000000,price,,,BRS-KRK,2026-08-20T11:32:54Z,2026-08-20T12:23:59Z
2026-08-30,,382.32,BRS,KRK,2026-08-20,Bristol,Wielka Brytania,Kraków,Polska,ryanair,382.32,PLN,1.000000,price,,,BRS-KRK,2026-08-20T11:32:54Z,2026-08-20T12:23:59Z
2026-08-31,,171.77,BRS,KRK,2026-08-20,Bristol,Wielka Brytania,Kraków,Polska,ryanair,171.77,PLN,1.000000,price,,,BRS-KRK,2026-08-20T11:32:54Z,2026-08-20T12:23:59Z
2026-08-21,,805.32,BRS,POZ,2026-08-20,Bristol,Wielka Brytania,Poznań,Polska,ryanair,805.32,PLN,1.000000,price,,,BRS-POZ,2026-08-20T11:32:54Z,2026-08-20T12:23:59Z
2026-08-24,,599.00,BRS,POZ,2026-08-20,Bristol,Wielka Brytania,Poznań,Polska,ryanair,599.0,PLN,1.000000,price,,,BRS-POZ,2026-08-20T11:32:54Z,2026-08-20T12:23:59Z
2026-08-28,,1596.83,BRS,POZ,2026-08-20,Bristol,Wielka Brytania,Poznań,Polska,ryanair,1596.83,PLN,1.000000,price,,,BRS-POZ,2026-08-20T11:32:54Z,2026-08-20T12:23:59Z
2026-08-31,,296.33,BRS,POZ,2026-08-20,Bristol,Wielka Brytania,Poznań,Polska,ryanair,296.33,PLN,1.000000,price,,,BRS-POZ,2026-08-20T11:32:54Z,2026-08-20T12:23:59Z
2026-08-21,,399.17,BRS,WRO,2026-08-20,Bristol,Wielka Brytania,Wrocław,Polska,ryanair,399.17,PLN,1.000000,price,,,BRS-WRO,2026-08-20T11:32:54Z,2026-08-20T12:23:59Z
2026-08-23,,569.83,BRS,WRO,2026-08-20,Bristol,Wielka Brytania,Wrocław,Polska,ryanair,569.83,PLN,1.000000,price,,,BRS-WRO,2026-08-20T11:32:54Z,2026-08-20T12:23:59Z
2026-08-26,,271.21,BRS,WRO,2026-08-20,Bristol,Wielka Brytania,Wrocław,Polska,ryanair,271.21,PLN,1.000000,price,,,BRS-WRO,2026-08-20T11:32:54Z,2026-08-20T12:23:59Z
2026-08-27,,227.35,BRS,WRO,2026-08-20,Bristol,Wielka Brytania,Wrocław,Polska,ryanair,227.35,PLN,1.000000,price,,,BRS-WRO,2026-08-20T11:32:54Z,2026-08-20T12:23:59Z
2026-08-28,,149.93,BRS,WRO,2026-08-20,Bristol,Wielka Brytania,Wrocław,Polska,ryanair,149.93,PLN,1.000000,price,,,BRS-WRO,2026-08-20T11:32:54Z,2026-08-20T12:23:59Z
2026-08-30,,276.24,BRS,WRO,2026-08-20,Bristol,Wielka Brytania,Wrocław,Polska,ryanair,276.24,PLN,1.000000,price,,,BRS-WRO,2026-08-20T11:32:54Z,2026-08-20T12:23:59Z
2026-08-29,,456.94,BSL,KRK,2026-08-20,Bazylea,Szwajcaria,Kraków,Polska,wizzair,98.99,CHF,4.616017,price,IJ,False,BSL-KRK,2026-08-20T11:32:53Z,2026-08-20T12:23:59Z
2026-08-30,,299.99,BSL,KRK,2026-08-20,Bazylea,Szwajcaria,Kraków,Polska,wizzair,64.99,CHF,4.616017,price,KL,False,BSL-KRK,2026-08-20T11:32:53Z,2026-08-20T12:23:59Z
2026-08-31,,410.78,BSL,KRK,2026-08-20,Bazylea,Szwajcaria,Kraków,Polska,wizzair,88.99,CHF,4.616017,price,J,False,BSL-KRK,2026-08-20T11:32:53Z,2026-08-20T12:23:59Z
2026-08-31,,299.99,BSL,WMI,2026-08-20,Bazylea,Szwajcaria,Warszawa,Polska,wizzair,64.99,CHF,4.616017,price,KL,False,BSL-WMI,2026-08-20T11:32:53Z,2026-08-20T12:23:59Z
2026-08-30,,299.99,BSL,WRO,2026-08-20,Bazylea,Szwajcaria,Wrocław,Polska,wizzair,64.99,CHF,4.616017,price,KL,False,BSL-WRO,2026-08-20T11:32:53Z,2026-08-20T12:23:59Z
2026-08-31,,115.35,BSL,WRO,2026-08-20,Bazylea,Szwajcaria,Wrocław,Polska,wizzair,24.99,CHF,4.616017,price,R,False,BSL-WRO,2026-08-20T11:32:53Z,2026-08-20T12:23:59Z
2026-08-22,,1024.20,BTS,GDN,2026-08-20,Bratysława,Słowacja,Gdańsk,Polska,ryanair,1024.2,PLN,1.000000,price,,,BTS-GDN,2026-08-20T11:32:54Z,2026-08-20T12:23:59Z
2026-08-24,,230.98,BTS,GDN,2026-08-20,Bratysława,Słowacja,Gdańsk,Polska,ryanair,230.98,PLN,1.000000,price,,,BTS-GDN,2026-08-20T11:32:54Z,2026-08-20T12:23:59Z
2026-08-25,,79.00,BTS,GDN,2026-08-20,Bratysława,Słowacja,Gdańsk,Polska,ryanair,79.0,PLN,1.000000,price,,,BTS-GDN,2026-08-20T11:32:54Z,2026-08-20T12:23:59Z
2026-08-26,,132.50,BTS,GDN,2026-08-20,Bratysława,Słowacja,Gdańsk,Polska,ryanair,132.5,PLN,1.000000,price,,,BTS-GDN,2026-08-20T11:32:54Z,2026-08-20T12:23:59Z
2026-08-29,,429.30,BTS,GDN,2026-08-20,Bratysława,Słowacja,Gdańsk,Polska,ryanair,429.3,PLN,1.000000,price,,,BTS-GDN,2026-08-20T11:32:54Z,2026-08-20T12:23:59Z
2026-08-31,,96.05,BTS,GDN,2026-08-20,Bratysława,Słowacja,Gdańsk,Polska,ryanair,96.05,PLN,1.000000,price,,,BTS-GDN,2026-08-20T11:32:54Z,2026-08-20T12:23:59Z
2026-08-29,,129.56,BTS,WAW,2026-08-20,Bratysława,Słowacja,Warszawa,Polska,wizzair,29.99,EUR,4.320028,price,PR,False,BTS-WAW,2026-08-20T11:32:53Z,2026-08-20T12:23:59Z
2026-08-30,,172.76,BTS,WAW,2026-08-20,Bratysława,Słowacja,Warszawa,Polska,wizzair,39.99,EUR,4.320028,price,O,False,BTS-WAW,2026-08-20T11:32:53Z,2026-08-20T12:23:59Z
2026-08-20,,475.40,BTS,WMI,2026-08-20,Bratysława,Słowacja,Warszawa,Polska,ryanair,475.4,PLN,1.000000,price,,,BTS-WMI,2026-08-20T11:32:54Z,2026-08-20T12:23:59Z
2026-08-21,,475.40,BTS,WMI,2026-08-20,Bratysława,Słowacja,Warszawa,Polska,ryanair,475.4,PLN,1.000000,price,,,BTS-WMI,2026-08-20T11:32:54Z,2026-08-20T12:23:59Z
2026-08-22,,345.73,BTS,WMI,2026-08-20,Bratysława,Słowacja,Warszawa,Polska,ryanair,345.73,PLN,1.000000,price,,,BTS-WMI,2026-08-20T11:32:54Z,2026-08-20T12:23:59Z
2026-08-23,,242.00,BTS,WMI,2026-08-20,Bratysława,Słowacja,Warszawa,Polska,ryanair,242.0,PLN,1.000000,price,,,BTS-WMI,2026-08-20T11:32:54Z,2026-08-20T12:23:59Z
2026-08-24,,203.10,BTS,WMI,2026-08-20,Bratysława,Słowacja,Warszawa,Polska,ryanair,203.1,PLN,1.000000,price,,,BTS-WMI,2026-08-20T11:32:54Z,2026-08-20T12:23:59Z
2026-08-25,,219.75,BTS,WMI,2026-08-20,Bratysława,Słowacja,Warszawa,Polska,ryanair,219.75,PLN,1.000000,price,,,BTS-WMI,2026-08-20T11:32:54Z,2026-08-20T12:23:59Z
2026-08-26,,81.01,BTS,WMI,2026-08-20,Bratysława,Słowacja,Warszawa,Polska,ryanair,81.01,PLN,1.000000,price,,,BTS-WMI,2026-08-20T11:32:54Z,2026-08-20T12:23:59Z
2026-08-27,,206.82,BTS,WMI,2026-08-20,Bratysława,Słowacja,Warszawa,Polska,ryanair,206.82,PLN,1.000000,price,,,BTS-WMI,2026-08-20T11:32:54Z,2026-08-20T12:23:59Z
2026-08-28,,85.33,BTS,WMI,2026-08-20,Bratysława,Słowacja,Warszawa,Polska,ryanair,85.33,PLN,1.000000,price,,,BTS-WMI,2026-08-20T11:32:54Z,2026-08-20T12:23:59Z
2026-08-29,,146.48,BTS,WMI,2026-08-20,Bratysława,Słowacja,Warszawa,Polska,ryanair,146.48,PLN,1.000000,price,,,BTS-WMI,2026-08-20T11:32:54Z,2026-08-20T12:23:59Z
2026-08-30,,133.94,BTS,WMI,2026-08-20,Bratysława,Słowacja,Warszawa,Polska,ryanair,133.94,PLN,1.000000,price,,,BTS-WMI,2026-08-20T11:32:54Z,2026-08-20T12:23:59Z
2026-08-31,,81.01,BTS,WMI,2026-08-20,Bratysława,Słowacja,Warszawa,Polska,ryanair,81.01,PLN,1.000000,price,,,BTS-WMI,2026-08-20T11:32:54Z,2026-08-20T12:23:59Z
2026-08-31,,190.88,BUD,GDN,2026-08-20,Budapeszt,Węgry,Gdańsk,Polska,wizzair,16086.0,HUF,0.011866,price,LB,False,BUD-GDN,2026-08-20T11:32:53Z,2026-08-20T12:23:59Z
2026-08-20,,1205.32,BUD,KRK,2026-08-20,Budapeszt,Węgry,Kraków,Polska,ryanair,1205.32,PLN,1.000000,price,,,BUD-KRK,2026-08-20T11:32:54Z,2026-08-20T12:23:59Z
2026-08-23,,432.37,BUD,KRK,2026-08-20,Budapeszt,Węgry,Kraków,Polska,ryanair,432.37,PLN,1.000000,price,,,BUD-KRK,2026-08-20T11:32:54Z,2026-08-20T12:23:59Z
2026-08-27,,200.63,BUD,KRK,2026-08-20,Budapeszt,Węgry,Kraków,Polska,ryanair,200.63,PLN,1.000000,price,,,BUD-KRK,2026-08-20T11:32:54Z,2026-08-20T12:23:59Z
2026-08-30,,166.31,BUD,KRK,2026-08-20,Budapeszt,Węgry,Kraków,Polska,wizzair,14016.0,HUF,0.011866,price,B,False,BUD-KRK,2026-08-20T11:32:53Z,2026-08-20T12:23:59Z
2026-08-31,,94.48,BUD,KRK,2026-08-20,Budapeszt,Węgry,Kraków,Polska,wizzair,7962.0,HUF,0.011866,price,PR,False,BUD-KRK,2026-08-20T11:32:53Z,2026-08-20T12:23:59Z
2026-08-21,,245.65,BUD,KTW,2026-08-20,Budapeszt,Węgry,Katowice,Polska,ryanair,245.65,PLN,1.000000,price,,,BUD-KTW,2026-08-20T11:32:54Z,2026-08-20T12:23:59Z
2026-08-24,,81.00,BUD,KTW,2026-08-20,Budapeszt,Węgry,Katowice,Polska,ryanair,81.0,PLN,1.000000,price,,,BUD-KTW,2026-08-20T11:32:54Z,2026-08-20T12:23:59Z
2026-08-28,,85.32,BUD,KTW,2026-08-20,Budapeszt,Węgry,Katowice,Polska,ryanair,85.32,PLN,1.000000,price,,,BUD-KTW,2026-08-20T11:32:54Z,2026-08-20T12:23:59Z
2026-08-31,,88.52,BUD,KTW,2026-08-20,Budapeszt,Węgry,Katowice,Polska,ryanair,88.52,PLN,1.000000,price,,,BUD-KTW,2026-08-20T11:32:54Z,2026-08-20T12:23:59Z
2026-08-29,,253.82,BUD,WAW,2026-08-20,Budapeszt,Węgry,Warszawa,Polska,wizzair,21390.0,HUF,0.011866,price,KL,False,BUD-WAW,2026-08-20T11:32:53Z,2026-08-20T12:23:59Z
2026-08-30,,253.82,BUD,WAW,2026-08-20,Budapeszt,Węgry,Warszawa,Polska,wizzair,21390.0,HUF,0.011866,price,KL,False,BUD-WAW,2026-08-20T11:32:53Z,2026-08-20T12:23:59Z
2026-08-31,,226.52,BUD,WAW,2026-08-20,Budapeszt,Węgry,Warszawa,Polska,wizzair,19090.0,HUF,0.011866,price,L,False,BUD-WAW,2026-08-20T11:32:53Z,2026-08-20T12:23:59Z
2026-08-21,,1185.55,BUD,WMI,2026-08-20,Budapeszt,Węgry,Warszawa,Polska,ryanair,1185.55,PLN,1.000000,price,,,BUD-WMI,2026-08-20T11:32:54Z,2026-08-20T12:23:59Z
2026-08-24,,313.01,BUD,WMI,2026-08-20,Budapeszt,Węgry,Warszawa,Polska,ryanair,313.01,PLN,1.000000,price,,,BUD-WMI,2026-08-20T11:32:54Z,2026-08-20T12:23:59Z
2026-08-26,,279.42,BUD,WMI,2026-08-20,Budapeszt,Węgry,Warszawa,Polska,ryanair,279.42,PLN,1.000000,price,,,BUD-WMI,2026-08-20T11:32:54Z,2026-08-20T12:23:59Z
2026-08-28,,431.37,BUD,WMI,2026-08-20,Budapeszt,Węgry,Warszawa,Polska,ryanair,431.37,PLN,1.000000,price,,,BUD-WMI,2026-08-20T11:32:54Z,2026-08-20T12:23:59Z
2026-08-31,,255.79,BUD,WMI,2026-08-20,Budapeszt,Węgry,Warszawa,Polska,ryanair,255.79,PLN,1.000000,price,,,BUD-WMI,2026-08-20T11:32:54Z,2026-08-20T12:23:59Z
2026-08-31,,361.80,BUD,WRO,2026-08-20,Budapeszt,Węgry,Wrocław,Polska,wizzair,30490.0,HUF,0.011866,price,IJ,False,BUD-WRO,2026-08-20T11:32:53Z,2026-08-20T12:23:59Z
2026-08-20,,689.03,BVA,GDN,2026-08-20,Paryż,Francja,Gdańsk,Polska,ryanair,689.03,PLN,1.000000,price,,,BVA-GDN,2026-08-20T11:32:54Z,2026-08-20T12:23:59Z
2026-08-22,,216.17,BVA,GDN,2026-08-20,Paryż,Francja,Gdańsk,Polska,ryanair,216.17,PLN,1.000000,price,,,BVA-GDN,2026-08-20T11:32:54Z,2026-08-20T12:23:59Z
2026-08-23,,143.03,BVA,GDN,2026-08-20,Paryż,Francja,Gdańsk,Polska,ryanair,143.03,PLN,1.000000,price,,,BVA-GDN,2026-08-20T11:32:54Z,2026-08-20T12:23:59Z
2026-08-24,,119.00,BVA,GDN,2026-08-20,Paryż,Francja,Gdańsk,Polska,ryanair,119.0,PLN,1.000000,price,,,BVA-GDN,2026-08-20T11:32:54Z,2026-08-20T12:23:59Z
2026-08-25,,119.00,BVA,GDN,2026-08-20,Paryż,Francja,Gdańsk,Polska,ryanair,119.0,PLN,1.000000,price,,,BVA-GDN,2026-08-20T11:32:54Z,2026-08-20T12:23:59Z
2026-08-27,,119.00,BVA,GDN,2026-08-20,Paryż,Francja,Gdańsk,Polska,ryanair,119.0,PLN,1.000000,price,,,BVA-GDN,2026-08-20T11:32:54Z,2026-08-20T12:23:59Z
2026-08-29,,119.00,BVA,GDN,2026-08-20,Paryż,Francja,Gdańsk,Polska,ryanair,119.0,PLN,1.000000,price,,,BVA-GDN,2026-08-20T11:32:54Z,2026-08-20T12:23:59Z
2026-08-30,,119.00,BVA,GDN,2026-08-20,Paryż,Francja,Gdańsk,Polska,ryanair,119.0,PLN,1.000000,price,,,BVA-GDN,2026-08-20T11:32:54Z,2026-08-20T12:23:59Z
2026-08-31,,119.00,BVA,GDN,2026-08-20,Paryż,Francja,Gdańsk,Polska,ryanair,119.0,PLN,1.000000,price,,,BVA-GDN,2026-08-20T11:32:54Z,2026-08-20T12:23:59Z
2026-08-20,,432.18,BVA,KRK,2026-08-20,Paryż,Francja,Kraków,Polska,ryanair,432.18,PLN,1.000000,price,,,BVA-KRK,2026-08-20T11:32:54Z,2026-08-20T12:23:59Z
2026-08-21,,353.34,BVA,KRK,2026-08-20,Paryż,Francja,Kraków,Polska,ryanair,353.34,PLN,1.000000,price,,,BVA-KRK,2026-08-20T11:32:54Z,2026-08-20T12:23:59Z
2026-08-22,,592.10,BVA,KRK,2026-08-20,Paryż,Francja,Kraków,Polska,ryanair,592.1,PLN,1.000000,price,,,BVA-KRK,2026-08-20T11:32:54Z,2026-08-20T12:23:59Z
2026-08-23,,577.44,BVA,KRK,2026-08-20,Paryż,Francja,Kraków,Polska,ryanair,577.44,PLN,1.000000,price,,,BVA-KRK,2026-08-20T11:32:54Z,2026-08-20T12:23:59Z
2026-08-24,,458.11,BVA,KRK,2026-08-20,Paryż,Francja,Kraków,Polska,ryanair,458.11,PLN,1.000000,price,,,BVA-KRK,2026-08-20T11:32:54Z,2026-08-20T12:23:59Z
2026-08-25,,104.00,BVA,KRK,2026-08-20,Paryż,Francja,Kraków,Polska,ryanair,104.0,PLN,1.000000,price,,,BVA-KRK,2026-08-20T11:32:54Z,2026-08-20T12:23:59Z
2026-08-26,,104.00,BVA,KRK,2026-08-20,Paryż,Francja,Kraków,Polska,ryanair,104.0,PLN,1.000000,price,,,BVA-KRK,2026-08-20T11:32:54Z,2026-08-20T12:23:59Z
2026-08-27,,115.54,BVA,KRK,2026-08-20,Paryż,Francja,Kraków,Polska,ryanair,115.54,PLN,1.000000,price,,,BVA-KRK,2026-08-20T11:32:54Z,2026-08-20T12:23:59Z
2026-08-28,,176.65,BVA,KRK,2026-08-20,Paryż,Francja,Kraków,Polska,ryanair,176.65,PLN,1.000000,price,,,BVA-KRK,2026-08-20T11:32:54Z,2026-08-20T12:23:59Z
2026-08-29,,206.82,BVA,KRK,2026-08-20,Paryż,Francja,Kraków,Polska,ryanair,206.82,PLN,1.000000,price,,,BVA-KRK,2026-08-20T11:32:54Z,2026-08-20T12:23:59Z
2026-08-30,,331.80,BVA,KRK,2026-08-20,Paryż,Francja,Kraków,Polska,ryanair,331.8,PLN,1.000000,price,,,BVA-KRK,2026-08-20T11:32:54Z,2026-08-20T12:23:59Z
2026-08-31,,289.54,BVA,KRK,2026-08-20,Paryż,Francja,Kraków,Polska,ryanair,289.54,PLN,1.000000,price,,,BVA-KRK,2026-08-20T11:32:54Z,2026-08-20T12:23:59Z
2026-08-21,,234.16,BVA,POZ,2026-08-20,Paryż,Francja,Poznań,Polska,ryanair,234.16,PLN,1.000000,price,,,BVA-POZ,2026-08-20T11:32:54Z,2026-08-20T12:23:59Z
2026-08-23,,357.65,BVA,POZ,2026-08-20,Paryż,Francja,Poznań,Polska,ryanair,357.65,PLN,1.000000,price,,,BVA-POZ,2026-08-20T11:32:54Z,2026-08-20T12:23:59Z
2026-08-24,,267.15,BVA,POZ,2026-08-20,Paryż,Francja,Poznań,Polska,ryanair,267.15,PLN,1.000000,price,,,BVA-POZ,2026-08-20T11:32:54Z,2026-08-20T12:23:59Z
2026-08-25,,267.15,BVA,POZ,2026-08-20,Paryż,Francja,Poznań,Polska,ryanair,267.15,PLN,1.000000,price,,,BVA-POZ,2026-08-20T11:32:54Z,2026-08-20T12:23:59Z
2026-08-26,,100.37,BVA,POZ,2026-08-20,Paryż,Francja,Poznań,Polska,ryanair,100.37,PLN,1.000000,price,,,BVA-POZ,2026-08-20T11:32:54Z,2026-08-20T12:23:59Z
2026-08-28,,275.77,BVA,POZ,2026-08-20,Paryż,Francja,Poznań,Polska,ryanair,275.77,PLN,1.000000,price,,,BVA-POZ,2026-08-20T11:32:54Z,2026-08-20T12:23:59Z
2026-08-30,,262.84,BVA,POZ,2026-08-20,Paryż,Francja,Poznań,Polska,ryanair,262.84,PLN,1.000000,price,,,BVA-POZ,2026-08-20T11:32:54Z,2026-08-20T12:23:59Z
2026-08-31,,111.32,BVA,POZ,2026-08-20,Paryż,Francja,Poznań,Polska,ryanair,111.32,PLN,1.000000,price,,,BVA-POZ,2026-08-20T11:32:54Z,2026-08-20T12:23:59Z
2026-08-20,,720.43,BVA,WMI,2026-08-20,Paryż,Francja,Warszawa,Polska,ryanair,720.43,PLN,1.000000,price,,,BVA-WMI,2026-08-20T11:32:54Z,2026-08-20T12:23:59Z
2026-08-22,,449.47,BVA,WMI,2026-08-20,Paryż,Francja,Warszawa,Polska,ryanair,449.47,PLN,1.000000,price,,,BVA-WMI,2026-08-20T11:32:54Z,2026-08-20T12:23:59Z
2026-08-24,,206.36,BVA,WMI,2026-08-20,Paryż,Francja,Warszawa,Polska,ryanair,206.36,PLN,1.000000,price,,,BVA-WMI,2026-08-20T11:32:54Z,2026-08-20T12:23:59Z
2026-08-25,,164.20,BVA,WMI,2026-08-20,Paryż,Francja,Warszawa,Polska,ryanair,164.2,PLN,1.000000,price,,,BVA-WMI,2026-08-20T11:32:54Z,2026-08-20T12:23:59Z
2026-08-27,,238.31,BVA,WMI,2026-08-20,Paryż,Francja,Warszawa,Polska,ryanair,238.31,PLN,1.000000,price,,,BVA-WMI,2026-08-20T11:32:54Z,2026-08-20T12:23:59Z
2026-08-29,,284.62,BVA,WMI,2026-08-20,Paryż,Francja,Warszawa,Polska,ryanair,284.62,PLN,1.000000,price,,,BVA-WMI,2026-08-20T11:32:54Z,2026-08-20T12:23:59Z
2026-08-31,,258.53,BVA,WMI,2026-08-20,Paryż,Francja,Warszawa,Polska,ryanair,258.53,PLN,1.000000,price,,,BVA-WMI,2026-08-20T11:32:54Z,2026-08-20T12:23:59Z
2026-08-20,,432.18,BVA,WRO,2026-08-20,Paryż,Francja,Wrocław,Polska,ryanair,432.18,PLN,1.000000,price,,,BVA-WRO,2026-08-20T11:32:54Z,2026-08-20T12:23:59Z
2026-08-21,,380.31,BVA,WRO,2026-08-20,Paryż,Francja,Wrocław,Polska,ryanair,380.31,PLN,1.000000,price,,,BVA-WRO,2026-08-20T11:32:54Z,2026-08-20T12:23:59Z
2026-08-22,,217.00,BVA,WRO,2026-08-20,Paryż,Francja,Wrocław,Polska,ryanair,217.0,PLN,1.000000,price,,,BVA-WRO,2026-08-20T11:32:54Z,2026-08-20T12:23:59Z
2026-08-23,,301.63,BVA,WRO,2026-08-20,Paryż,Francja,Wrocław,Polska,ryanair,301.63,PLN,1.000000,price,,,BVA-WRO,2026-08-20T11:32:54Z,2026-08-20T12:23:59Z
2026-08-24,,301.63,BVA,WRO,2026-08-20,Paryż,Francja,Wrocław,Polska,ryanair,301.63,PLN,1.000000,price,,,BVA-WRO,2026-08-20T11:32:54Z,2026-08-20T12:23:59Z
2026-08-25,,104.00,BVA,WRO,2026-08-20,Paryż,Francja,Wrocław,Polska,ryanair,104.0,PLN,1.000000,price,,,BVA-WRO,2026-08-20T11:32:54Z,2026-08-20T12:23:59Z
2026-08-26,,104.00,BVA,WRO,2026-08-20,Paryż,Francja,Wrocław,Polska,ryanair,104.0,PLN,1.000000,price,,,BVA-WRO,2026-08-20T11:32:54Z,2026-08-20T12:23:59Z
2026-08-27,,146.91,BVA,WRO,2026-08-20,Paryż,Francja,Wrocław,Polska,ryanair,146.91,PLN,1.000000,price,,,BVA-WRO,2026-08-20T11:32:54Z,2026-08-20T12:23:59Z
2026-08-28,,120.63,BVA,WRO,2026-08-20,Paryż,Francja,Wrocław,Polska,ryanair,120.63,PLN,1.000000,price,,,BVA-WRO,2026-08-20T11:32:54Z,2026-08-20T12:23:59Z
2026-08-29,,168.03,BVA,WRO,2026-08-20,Paryż,Francja,Wrocław,Polska,ryanair,168.03,PLN,1.000000,price,,,BVA-WRO,2026-08-20T11:32:54Z,2026-08-20T12:23:59Z
2026-08-30,,363.02,BVA,WRO,2026-08-20,Paryż,Francja,Wrocław,Polska,ryanair,363.02,PLN,1.000000,price,,,BVA-WRO,2026-08-20T11:32:54Z,2026-08-20T12:23:59Z
2026-08-31,,110.57,BVA,WRO,2026-08-20,Paryż,Francja,Wrocław,Polska,ryanair,110.57,PLN,1.000000,price,,,BVA-WRO,2026-08-20T11:32:54Z,2026-08-20T12:23:59Z
2026-08-21,,714.61,CAG,KRK,2026-08-20,Cagliari,Włochy,Kraków,Polska,ryanair,714.61,PLN,1.000000,price,,,CAG-KRK,2026-08-20T11:32:54Z,2026-08-20T12:23:59Z
2026-08-23,,1578.95,CAG,KRK,2026-08-20,Cagliari,Włochy,Kraków,Polska,ryanair,1578.95,PLN,1.000000,price,,,CAG-KRK,2026-08-20T11:32:54Z,2026-08-20T12:23:59Z
2026-08-24,,711.04,CAG,KRK,2026-08-20,Cagliari,Włochy,Kraków,Polska,ryanair,711.04,PLN,1.000000,price,,,CAG-KRK,2026-08-20T11:32:54Z,2026-08-20T12:23:59Z
2026-08-25,,981.10,CAG,KRK,2026-08-20,Cagliari,Włochy,Kraków,Polska,ryanair,981.1,PLN,1.000000,price,,,CAG-KRK,2026-08-20T11:32:54Z,2026-08-20T12:23:59Z
2026-08-27,,896.35,CAG,KRK,2026-08-20,Cagliari,Włochy,Kraków,Polska,ryanair,896.35,PLN,1.000000,price,,,CAG-KRK,2026-08-20T11:32:54Z,2026-08-20T12:23:59Z
2026-08-28,,531.59,CAG,KRK,2026-08-20,Cagliari,Włochy,Kraków,Polska,ryanair,531.59,PLN,1.000000,price,,,CAG-KRK,2026-08-20T11:32:54Z,2026-08-20T12:23:59Z
2026-08-30,,667.26,CAG,KRK,2026-08-20,Cagliari,Włochy,Kraków,Polska,ryanair,667.26,PLN,1.000000,price,,,CAG-KRK,2026-08-20T11:32:54Z,2026-08-20T12:23:59Z
2026-08-31,,732.59,CAG,KRK,2026-08-20,Cagliari,Włochy,Kraków,Polska,ryanair,732.59,PLN,1.000000,price,,,CAG-KRK,2026-08-20T11:32:54Z,2026-08-20T12:23:59Z
2026-08-20,,618.03,CAG,POZ,2026-08-20,Cagliari,Włochy,Poznań,Polska,ryanair,618.03,PLN,1.000000,price,,,CAG-POZ,2026-08-20T11:32:54Z,2026-08-20T12:23:59Z
2026-08-23,,1037.28,CAG,POZ,2026-08-20,Cagliari,Włochy,Poznań,Polska,ryanair,1037.28,PLN,1.000000,price,,,CAG-POZ,2026-08-20T11:32:54Z,2026-08-20T12:23:59Z
2026-08-24,,596.98,CAG,POZ,2026-08-20,Cagliari,Włochy,Poznań,Polska,ryanair,596.98,PLN,1.000000,price,,,CAG-POZ,2026-08-20T11:32:54Z,2026-08-20T12:23:59Z
2026-08-25,,613.71,CAG,POZ,2026-08-20,Cagliari,Włochy,Poznań,Polska,ryanair,613.71,PLN,1.000000,price,,,CAG-POZ,2026-08-20T11:32:54Z,2026-08-20T12:23:59Z
2026-08-26,,267.15,CAG,POZ,2026-08-20,Cagliari,Włochy,Poznań,Polska,ryanair,267.15,PLN,1.000000,price,,,CAG-POZ,2026-08-20T11:32:54Z,2026-08-20T12:23:59Z
2026-08-27,,693.80,CAG,POZ,2026-08-20,Cagliari,Włochy,Poznań,Polska,ryanair,693.8,PLN,1.000000,price,,,CAG-POZ,2026-08-20T11:32:54Z,2026-08-20T12:23:59Z
2026-08-30,,564.51,CAG,POZ,2026-08-20,Cagliari,Włochy,Poznań,Polska,ryanair,564.51,PLN,1.000000,price,,,CAG-POZ,2026-08-20T11:32:54Z,2026-08-20T12:23:59Z
2026-08-31,,691.10,CAG,POZ,2026-08-20,Cagliari,Włochy,Poznań,Polska,ryanair,691.1,PLN,1.000000,price,,,CAG-POZ,2026-08-20T11:32:54Z,2026-08-20T12:23:59Z
2026-08-24,,663.64,CDT,KRK,2026-08-20,Castellon,Hiszpania,Kraków,Polska,ryanair,663.64,PLN,1.000000,price,,,CDT-KRK,2026-08-20T11:32:54Z,2026-08-20T12:23:59Z
2026-08-27,,504.18,CDT,KRK,2026-08-20,Castellon,Hiszpania,Kraków,Polska,ryanair,504.18,PLN,1.000000,price,,,CDT-KRK,2026-08-20T11:32:54Z,2026-08-20T12:23:59Z
2026-08-31,,491.25,CDT,KRK,2026-08-20,Castellon,Hiszpania,Kraków,Polska,ryanair,491.25,PLN,1.000000,price,,,CDT-KRK,2026-08-20T11:32:54Z,2026-08-20T12:23:59Z
2026-08-27,,937.03,CFU,GDN,2026-08-20,Korfu,Grecja,Gdańsk,Polska,ryanair,937.03,PLN,1.000000,price,,,CFU-GDN,2026-08-20T11:32:54Z,2026-08-20T12:23:59Z
2026-08-20,,907.62,CFU,KRK,2026-08-20,Korfu,Grecja,Kraków,Polska,ryanair,907.62,PLN,1.000000,price,,,CFU-KRK,2026-08-20T11:32:54Z,2026-08-20T12:23:59Z
2026-08-22,,798.36,CFU,KRK,2026-08-20,Korfu,Grecja,Kraków,Polska,ryanair,798.36,PLN,1.000000,price,,,CFU-KRK,2026-08-20T11:32:54Z,2026-08-20T12:23:59Z
2026-08-23,,1236.81,CFU,KRK,2026-08-20,Korfu,Grecja,Kraków,Polska,ryanair,1236.81,PLN,1.000000,price,,,CFU-KRK,2026-08-20T11:32:54Z,2026-08-20T12:23:59Z
2026-08-24,,611.74,CFU,KRK,2026-08-20,Korfu,Grecja,Kraków,Polska,ryanair,611.74,PLN,1.000000,price,,,CFU-KRK,2026-08-20T11:32:54Z,2026-08-20T12:23:59Z
2026-08-26,,898.30,CFU,KRK,2026-08-20,Korfu,Grecja,Kraków,Polska,ryanair,898.3,PLN,1.000000,price,,,CFU-KRK,2026-08-20T11:32:54Z,2026-08-20T12:23:59Z
2026-08-27,,642.00,CFU,KRK,2026-08-20,Korfu,Grecja,Kraków,Polska,ryanair,642.0,PLN,1.000000,price,,,CFU-KRK,2026-08-20T11:32:54Z,2026-08-20T12:23:59Z
2026-08-29,,1750.00,CFU,KRK,2026-08-20,Korfu,Grecja,Kraków,Polska,ryanair,1750.0,PLN,1.000000,price,,,CFU-KRK,2026-08-20T11:32:54Z,2026-08-20T12:23:59Z
2026-08-30,,1154.93,CFU,KRK,2026-08-20,Korfu,Grecja,Kraków,Polska,ryanair,1154.93,PLN,1.000000,price,,,CFU-KRK,2026-08-20T11:32:54Z,2026-08-20T12:23:59Z
2026-08-31,,680.77,CFU,KRK,2026-08-20,Korfu,Grecja,Kraków,Polska,ryanair,680.77,PLN,1.000000,price,,,CFU-KRK,2026-08-20T11:32:54Z,2026-08-20T12:23:59Z
2026-08-22,,1365.49,CFU,POZ,2026-08-20,Korfu,Grecja,Poznań,Polska,ryanair,1365.49,PLN,1.000000,price,,,CFU-POZ,2026-08-20T11:32:54Z,2026-08-20T12:23:59Z
2026-08-24,,1338.82,CFU,POZ,2026-08-20,Korfu,Grecja,Poznań,Polska,ryanair,1338.82,PLN,1.000000,price,,,CFU-POZ,2026-08-20T11:32:54Z,2026-08-20T12:23:59Z
2026-08-26,,909.43,CFU,POZ,2026-08-20,Korfu,Grecja,Poznań,Polska,ryanair,909.43,PLN,1.000000,price,,,CFU-POZ,2026-08-20T11:32:54Z,2026-08-20T12:23:59Z
2026-08-29,,1706.82,CFU,POZ,2026-08-20,Korfu,Grecja,Poznań,Polska,ryanair,1706.82,PLN,1.000000,price,,,CFU-POZ,2026-08-20T11:32:54Z,2026-08-20T12:23:59Z
2026-08-31,,1365.49,CFU,POZ,2026-08-20,Korfu,Grecja,Poznań,Polska,ryanair,1365.49,PLN,1.000000,price,,,CFU-POZ,2026-08-20T11:32:54Z,2026-08-20T12:23:59Z
2026-08-23,,940.30,CFU,WMI,2026-08-20,Korfu,Grecja,Warszawa,Polska,ryanair,940.3,PLN,1.000000,price,,,CFU-WMI,2026-08-20T11:32:54Z,2026-08-20T12:23:59Z
2026-08-25,,874.81,CFU,WMI,2026-08-20,Korfu,Grecja,Warszawa,Polska,ryanair,874.81,PLN,1.000000,price,,,CFU-WMI,2026-08-20T11:32:54Z,2026-08-20T12:23:59Z
2026-08-26,,924.91,CFU,WMI,2026-08-20,Korfu,Grecja,Warszawa,Polska,ryanair,924.91,PLN,1.000000,price,,,CFU-WMI,2026-08-20T11:32:54Z,2026-08-20T12:23:59Z
2026-08-30,,1006.65,CFU,WMI,2026-08-20,Korfu,Grecja,Warszawa,Polska,ryanair,1006.65,PLN,1.000000,price,,,CFU-WMI,2026-08-20T11:32:54Z,2026-08-20T12:23:59Z
2026-08-20,,724.67,CFU,WRO,2026-08-20,Korfu,Grecja,Wrocław,Polska,ryanair,724.67,PLN,1.000000,price,,,CFU-WRO,2026-08-20T11:32:54Z,2026-08-20T12:23:59Z
2026-08-22,,566.16,CFU,WRO,2026-08-20,Korfu,Grecja,Wrocław,Polska,ryanair,566.16,PLN,1.000000,price,,,CFU-WRO,2026-08-20T11:32:54Z,2026-08-20T12:23:59Z
2026-08-24,,986.86,CFU,WRO,2026-08-20,Korfu,Grecja,Wrocław,Polska,ryanair,986.86,PLN,1.000000,price,,,CFU-WRO,2026-08-20T11:32:54Z,2026-08-20T12:23:59Z
2026-08-27,,1365.49,CFU,WRO,2026-08-20,Korfu,Grecja,Wrocław,Polska,ryanair,1365.49,PLN,1.000000,price,,,CFU-WRO,2026-08-20T11:32:54Z,2026-08-20T12:23:59Z
2026-08-31,,1192.88,CFU,WRO,2026-08-20,Korfu,Grecja,Wrocław,Polska,ryanair,1192.88,PLN,1.000000,price,,,CFU-WRO,2026-08-20T11:32:54Z,2026-08-20T12:23:59Z
2026-08-21,,468.00,CHQ,GDN,2026-08-20,Chania,Grecja,Gdańsk,Polska,ryanair,468.0,PLN,1.000000,price,,,CHQ-GDN,2026-08-20T11:32:54Z,2026-08-20T12:23:59Z
2026-08-24,,1486.86,CHQ,GDN,2026-08-20,Chania,Grecja,Gdańsk,Polska,ryanair,1486.86,PLN,1.000000,price,,,CHQ-GDN,2026-08-20T11:32:54Z,2026-08-20T12:23:59Z
2026-08-28,,1597.32,CHQ,GDN,2026-08-20,Chania,Grecja,Gdańsk,Polska,ryanair,1597.32,PLN,1.000000,price,,,CHQ-GDN,2026-08-20T11:32:54Z,2026-08-20T12:23:59Z
2026-08-31,,723.06,CHQ,GDN,2026-08-20,Chania,Grecja,Gdańsk,Polska,ryanair,723.06,PLN,1.000000,price,,,CHQ-GDN,2026-08-20T11:32:54Z,2026-08-20T12:23:59Z
2026-08-21,,633.73,CHQ,KRK,2026-08-20,Chania,Grecja,Kraków,Polska,ryanair,633.73,PLN,1.000000,price,,,CHQ-KRK,2026-08-20T11:32:54Z,2026-08-20T12:23:59Z
2026-08-23,,1656.54,CHQ,KRK,2026-08-20,Chania,Grecja,Kraków,Polska,ryanair,1656.54,PLN,1.000000,price,,,CHQ-KRK,2026-08-20T11:32:54Z,2026-08-20T12:23:59Z
2026-08-26,,795.32,CHQ,KRK,2026-08-20,Chania,Grecja,Kraków,Polska,ryanair,795.32,PLN,1.000000,price,,,CHQ-KRK,2026-08-20T11:32:54Z,2026-08-20T12:23:59Z
2026-08-27,,587.25,CHQ,KRK,2026-08-20,Chania,Grecja,Kraków,Polska,ryanair,587.25,PLN,1.000000,price,,,CHQ-KRK,2026-08-20T11:32:54Z,2026-08-20T12:23:59Z
2026-08-28,,722.32,CHQ,KRK,2026-08-20,Chania,Grecja,Kraków,Polska,ryanair,722.32,PLN,1.000000,price,,,CHQ-KRK,2026-08-20T11:32:54Z,2026-08-20T12:23:59Z
2026-08-30,,1230.65,CHQ,KRK,2026-08-20,Chania,Grecja,Kraków,Polska,ryanair,1230.65,PLN,1.000000,price,,,CHQ-KRK,2026-08-20T11:32:54Z,2026-08-20T12:23:59Z
2026-08-23,,1377.93,CHQ,POZ,2026-08-20,Chania,Grecja,Poznań,Polska,ryanair,1377.93,PLN,1.000000,price,,,CHQ-POZ,2026-08-20T11:32:54Z,2026-08-20T12:23:59Z
2026-08-25,,674.62,CHQ,POZ,2026-08-20,Chania,Grecja,Poznań,Polska,ryanair,674.62,PLN,1.000000,price,,,CHQ-POZ,2026-08-20T11:32:54Z,2026-08-20T12:23:59Z
2026-08-30,,1150.94,CHQ,POZ,2026-08-20,Chania,Grecja,Poznań,Polska,ryanair,1150.94,PLN,1.000000,price,,,CHQ-POZ,2026-08-20T11:32:54Z,2026-08-20T12:23:59Z
2026-08-23,,1140.98,CHQ,WMI,2026-08-20,Chania,Grecja,Warszawa,Polska,ryanair,1140.98,PLN,1.000000,price,,,CHQ-WMI,2026-08-20T11:32:54Z,2026-08-20T12:23:59Z
2026-08-24,,1207.30,CHQ,WMI,2026-08-20,Chania,Grecja,Warszawa,Polska,ryanair,1207.3,PLN,1.000000,price,,,CHQ-WMI,2026-08-20T11:32:54Z,2026-08-20T12:23:59Z
2026-08-26,,793.23,CHQ,WMI,2026-08-20,Chania,Grecja,Warszawa,Polska,ryanair,793.23,PLN,1.000000,price,,,CHQ-WMI,2026-08-20T11:32:54Z,2026-08-20T12:23:59Z
2026-08-30,,1272.65,CHQ,WMI,2026-08-20,Chania,Grecja,Warszawa,Polska,ryanair,1272.65,PLN,1.000000,price,,,CHQ-WMI,2026-08-20T11:32:54Z,2026-08-20T12:23:59Z
2026-08-31,,758.45,CHQ,WMI,2026-08-20,Chania,Grecja,Warszawa,Polska,ryanair,758.45,PLN,1.000000,price,,,CHQ-WMI,2026-08-20T11:32:54Z,2026-08-20T12:23:59Z
2026-08-23,,1266.98,CHQ,WRO,2026-08-20,Chania,Grecja,Wrocław,Polska,ryanair,1266.98,PLN,1.000000,price,,,CHQ-WRO,2026-08-20T11:32:54Z,2026-08-20T12:23:59Z
2026-08-26,,1579.29,CHQ,WRO,2026-08-20,Chania,Grecja,Wrocław,Polska,ryanair,1579.29,PLN,1.000000,price,,,CHQ-WRO,2026-08-20T11:32:54Z,2026-08-20T12:23:59Z
2026-08-27,,930.83,CHQ,WRO,2026-08-20,Chania,Grecja,Wrocław,Polska,ryanair,930.83,PLN,1.000000,price,,,CHQ-WRO,2026-08-20T11:32:54Z,2026-08-20T12:23:59Z
2026-08-30,,1172.17,CHQ,WRO,2026-08-20,Chania,Grecja,Wrocław,Polska,ryanair,1172.17,PLN,1.000000,price,,,CHQ-WRO,2026-08-20T11:32:54Z,2026-08-20T12:23:59Z
2026-08-20,,1393.66,CIA,KRK,2026-08-20,Rzym,Włochy,Kraków,Polska,ryanair,1393.66,PLN,1.000000,price,,,CIA-KRK,2026-08-20T11:32:54Z,2026-08-20T12:23:59Z
2026-08-21,,831.80,CIA,KRK,2026-08-20,Rzym,Włochy,Kraków,Polska,ryanair,831.8,PLN,1.000000,price,,,CIA-KRK,2026-08-20T11:32:54Z,2026-08-20T12:23:59Z
2026-08-22,,1048.73,CIA,KRK,2026-08-20,Rzym,Włochy,Kraków,Polska,ryanair,1048.73,PLN,1.000000,price,,,CIA-KRK,2026-08-20T11:32:54Z,2026-08-20T12:23:59Z
2026-08-23,,1007.33,CIA,KRK,2026-08-20,Rzym,Włochy,Kraków,Polska,ryanair,1007.33,PLN,1.000000,price,,,CIA-KRK,2026-08-20T11:32:54Z,2026-08-20T12:23:59Z
2026-08-24,,380.86,CIA,KRK,2026-08-20,Rzym,Włochy,Kraków,Polska,ryanair,380.86,PLN,1.000000,price,,,CIA-KRK,2026-08-20T11:32:54Z,2026-08-20T12:23:59Z
2026-08-25,,259.78,CIA,KRK,2026-08-20,Rzym,Włochy,Kraków,Polska,ryanair,259.78,PLN,1.000000,price,,,CIA-KRK,2026-08-20T11:32:54Z,2026-08-20T12:23:59Z
2026-08-26,,321.44,CIA,KRK,2026-08-20,Rzym,Włochy,Kraków,Polska,ryanair,321.44,PLN,1.000000,price,,,CIA-KRK,2026-08-20T11:32:54Z,2026-08-20T12:23:59Z
2026-08-27,,509.49,CIA,KRK,2026-08-20,Rzym,Włochy,Kraków,Polska,ryanair,509.49,PLN,1.000000,price,,,CIA-KRK,2026-08-20T11:32:54Z,2026-08-20T12:23:59Z
2026-08-28,,405.23,CIA,KRK,2026-08-20,Rzym,Włochy,Kraków,Polska,ryanair,405.23,PLN,1.000000,price,,,CIA-KRK,2026-08-20T11:32:54Z,2026-08-20T12:23:59Z
2026-08-29,,231.40,CIA,KRK,2026-08-20,Rzym,Włochy,Kraków,Polska,ryanair,231.4,PLN,1.000000,price,,,CIA-KRK,2026-08-20T11:32:54Z,2026-08-20T12:23:59Z
2026-08-30,,276.32,CIA,KRK,2026-08-20,Rzym,Włochy,Kraków,Polska,ryanair,276.32,PLN,1.000000,price,,,CIA-KRK,2026-08-20T11:32:54Z,2026-08-20T12:23:59Z
2026-08-31,,259.78,CIA,KRK,2026-08-20,Rzym,Włochy,Kraków,Polska,ryanair,259.78,PLN,1.000000,price,,,CIA-KRK,2026-08-20T11:32:54Z,2026-08-20T12:23:59Z
2026-08-21,,1267.40,CIA,POZ,2026-08-20,Rzym,Włochy,Poznań,Polska,ryanair,1267.4,PLN,1.000000,price,,,CIA-POZ,2026-08-20T11:32:54Z,2026-08-20T12:23:59Z
2026-08-22,,1455.47,CIA,POZ,2026-08-20,Rzym,Włochy,Poznań,Polska,ryanair,1455.47,PLN,1.000000,price,,,CIA-POZ,2026-08-20T11:32:54Z,2026-08-20T12:23:59Z
2026-08-23,,1300.94,CIA,POZ,2026-08-20,Rzym,Włochy,Poznań,Polska,ryanair,1300.94,PLN,1.000000,price,,,CIA-POZ,2026-08-20T11:32:54Z,2026-08-20T12:23:59Z
2026-08-25,,886.47,CIA,POZ,2026-08-20,Rzym,Włochy,Poznań,Polska,ryanair,886.47,PLN,1.000000,price,,,CIA-POZ,2026-08-20T11:32:54Z,2026-08-20T12:23:59Z
2026-08-26,,397.15,CIA,POZ,2026-08-20,Rzym,Włochy,Poznań,Polska,ryanair,397.15,PLN,1.000000,price,,,CIA-POZ,2026-08-20T11:32:54Z,2026-08-20T12:23:59Z
2026-08-27,,493.93,CIA,POZ,2026-08-20,Rzym,Włochy,Poznań,Polska,ryanair,493.93,PLN,1.000000,price,,,CIA-POZ,2026-08-20T11:32:54Z,2026-08-20T12:23:59Z
2026-08-28,,508.45,CIA,POZ,2026-08-20,Rzym,Włochy,Poznań,Polska,ryanair,508.45,PLN,1.000000,price,,,CIA-POZ,2026-08-20T11:32:54Z,2026-08-20T12:23:59Z
2026-08-29,,230.88,CIA,POZ,2026-08-20,Rzym,Włochy,Poznań,Polska,ryanair,230.88,PLN,1.000000,price,,,CIA-POZ,2026-08-20T11:32:54Z,2026-08-20T12:23:59Z
2026-08-30,,543.63,CIA,POZ,2026-08-20,Rzym,Włochy,Poznań,Polska,ryanair,543.63,PLN,1.000000,price,,,CIA-POZ,2026-08-20T11:32:54Z,2026-08-20T12:23:59Z
2026-08-21,,469.69,CIA,WMI,2026-08-20,Rzym,Włochy,Warszawa,Polska,ryanair,469.69,PLN,1.000000,price,,,CIA-WMI,2026-08-20T11:32:54Z,2026-08-20T12:23:59Z
2026-08-22,,689.03,CIA,WMI,2026-08-20,Rzym,Włochy,Warszawa,Polska,ryanair,689.03,PLN,1.000000,price,,,CIA-WMI,2026-08-20T11:32:54Z,2026-08-20T12:23:59Z
2026-08-23,,1458.71,CIA,WMI,2026-08-20,Rzym,Włochy,Warszawa,Polska,ryanair,1458.71,PLN,1.000000,price,,,CIA-WMI,2026-08-20T11:32:54Z,2026-08-20T12:23:59Z
2026-08-24,,631.58,CIA,WMI,2026-08-20,Rzym,Włochy,Warszawa,Polska,ryanair,631.58,PLN,1.000000,price,,,CIA-WMI,2026-08-20T11:32:54Z,2026-08-20T12:23:59Z
2026-08-25,,390.58,CIA,WMI,2026-08-20,Rzym,Włochy,Warszawa,Polska,ryanair,390.58,PLN,1.000000,price,,,CIA-WMI,2026-08-20T11:32:54Z,2026-08-20T12:23:59Z
2026-08-26,,397.93,CIA,WMI,2026-08-20,Rzym,Włochy,Warszawa,Polska,ryanair,397.93,PLN,1.000000,price,,,CIA-WMI,2026-08-20T11:32:54Z,2026-08-20T12:23:59Z
2026-08-27,,296.38,CIA,WMI,2026-08-20,Rzym,Włochy,Warszawa,Polska,ryanair,296.38,PLN,1.000000,price,,,CIA-WMI,2026-08-20T11:32:54Z,2026-08-20T12:23:59Z
2026-08-28,,214.86,CIA,WMI,2026-08-20,Rzym,Włochy,Warszawa,Polska,ryanair,214.86,PLN,1.000000,price,,,CIA-WMI,2026-08-20T11:32:54Z,2026-08-20T12:23:59Z
2026-08-29,,405.23,CIA,WMI,2026-08-20,Rzym,Włochy,Warszawa,Polska,ryanair,405.23,PLN,1.000000,price,,,CIA-WMI,2026-08-20T11:32:54Z,2026-08-20T12:23:59Z
2026-08-30,,597.15,CIA,WMI,2026-08-20,Rzym,Włochy,Warszawa,Polska,ryanair,597.15,PLN,1.000000,price,,,CIA-WMI,2026-08-20T11:32:54Z,2026-08-20T12:23:59Z
2026-08-31,,242.94,CIA,WMI,2026-08-20,Rzym,Włochy,Warszawa,Polska,ryanair,242.94,PLN,1.000000,price,,,CIA-WMI,2026-08-20T11:32:54Z,2026-08-20T12:23:59Z
2026-08-20,,1429.39,CIA,WRO,2026-08-20,Rzym,Włochy,Wrocław,Polska,ryanair,1429.39,PLN,1.000000,price,,,CIA-WRO,2026-08-20T11:32:54Z,2026-08-20T12:23:59Z
2026-08-21,,698.11,CIA,WRO,2026-08-20,Rzym,Włochy,Wrocław,Polska,ryanair,698.11,PLN,1.000000,price,,,CIA-WRO,2026-08-20T11:32:54Z,2026-08-20T12:23:59Z
2026-08-22,,790.92,CIA,WRO,2026-08-20,Rzym,Włochy,Wrocław,Polska,ryanair,790.92,PLN,1.000000,price,,,CIA-WRO,2026-08-20T11:32:54Z,2026-08-20T12:23:59Z
2026-08-23,,1520.19,CIA,WRO,2026-08-20,Rzym,Włochy,Wrocław,Polska,ryanair,1520.19,PLN,1.000000,price,,,CIA-WRO,2026-08-20T11:32:54Z,2026-08-20T12:23:59Z
2026-08-24,,451.06,CIA,WRO,2026-08-20,Rzym,Włochy,Wrocław,Polska,ryanair,451.06,PLN,1.000000,price,,,CIA-WRO,2026-08-20T11:32:54Z,2026-08-20T12:23:59Z
2026-08-25,,273.82,CIA,WRO,2026-08-20,Rzym,Włochy,Wrocław,Polska,ryanair,273.82,PLN,1.000000,price,,,CIA-WRO,2026-08-20T11:32:54Z,2026-08-20T12:23:59Z
2026-08-26,,311.16,CIA,WRO,2026-08-20,Rzym,Włochy,Wrocław,Polska,ryanair,311.16,PLN,1.000000,price,,,CIA-WRO,2026-08-20T11:32:54Z,2026-08-20T12:23:59Z
2026-08-27,,358.70,CIA,WRO,2026-08-20,Rzym,Włochy,Wrocław,Polska,ryanair,358.7,PLN,1.000000,price,,,CIA-WRO,2026-08-20T11:32:54Z,2026-08-20T12:23:59Z
2026-08-28,,406.24,CIA,WRO,2026-08-20,Rzym,Włochy,Wrocław,Polska,ryanair,406.24,PLN,1.000000,price,,,CIA-WRO,2026-08-20T11:32:54Z,2026-08-20T12:23:59Z
2026-08-29,,527.27,CIA,WRO,2026-08-20,Rzym,Włochy,Wrocław,Polska,ryanair,527.27,PLN,1.000000,price,,,CIA-WRO,2026-08-20T11:32:54Z,2026-08-20T12:23:59Z
2026-08-30,,424.09,CIA,WRO,2026-08-20,Rzym,Włochy,Wrocław,Polska,ryanair,424.09,PLN,1.000000,price,,,CIA-WRO,2026-08-20T11:32:54Z,2026-08-20T12:23:59Z
2026-08-31,,460.92,CIA,WRO,2026-08-20,Rzym,Włochy,Wrocław,Polska,ryanair,460.92,PLN,1.000000,price,,,CIA-WRO,2026-08-20T11:32:54Z,2026-08-20T12:23:59Z
2026-08-21,,289.54,CPH,GDN,2026-08-20,Kopenhaga,Dania,Gdańsk,Polska,ryanair,289.54,PLN,1.000000,price,,,CPH-GDN,2026-08-20T11:32:54Z,2026-08-20T12:23:59Z
2026-08-22,,259.29,CPH,GDN,2026-08-20,Kopenhaga,Dania,Gdańsk,Polska,ryanair,259.29,PLN,1.000000,price,,,CPH-GDN,2026-08-20T11:32:54Z,2026-08-20T12:23:59Z
2026-08-23,,328.84,CPH,GDN,2026-08-20,Kopenhaga,Dania,Gdańsk,Polska,ryanair,328.84,PLN,1.000000,price,,,CPH-GDN,2026-08-20T11:32:54Z,2026-08-20T12:23:59Z
2026-08-24,,254.22,CPH,GDN,2026-08-20,Kopenhaga,Dania,Gdańsk,Polska,ryanair,254.22,PLN,1.000000,price,,,CPH-GDN,2026-08-20T11:32:54Z,2026-08-20T12:23:59Z
2026-08-25,,79.00,CPH,GDN,2026-08-20,Kopenhaga,Dania,Gdańsk,Polska,ryanair,79.0,PLN,1.000000,price,,,CPH-GDN,2026-08-20T11:32:54Z,2026-08-20T12:23:59Z
2026-08-26,,73.43,CPH,GDN,2026-08-20,Kopenhaga,Dania,Gdańsk,Polska,ryanair,73.43,PLN,1.000000,price,,,CPH-GDN,2026-08-20T11:32:54Z,2026-08-20T12:23:59Z
2026-08-27,,274.43,CPH,GDN,2026-08-20,Kopenhaga,Dania,Gdańsk,Polska,ryanair,274.43,PLN,1.000000,price,,,CPH-GDN,2026-08-20T11:32:54Z,2026-08-20T12:23:59Z
2026-08-28,,263.61,CPH,GDN,2026-08-20,Kopenhaga,Dania,Gdańsk,Polska,ryanair,263.61,PLN,1.000000,price,,,CPH-GDN,2026-08-20T11:32:54Z,2026-08-20T12:23:59Z
2026-08-29,,253.86,CPH,GDN,2026-08-20,Kopenhaga,Dania,Gdańsk,Polska,wizzair,439.0,DKK,0.578278,price,KL,False,CPH-GDN,2026-08-20T11:32:53Z,2026-08-20T12:23:59Z
2026-08-30,,193.34,CPH,GDN,2026-08-20,Kopenhaga,Dania,Gdańsk,Polska,ryanair,193.34,PLN,1.000000,price,,,CPH-GDN,2026-08-20T11:32:54Z,2026-08-20T12:23:59Z
2026-08-31,,91.95,CPH,GDN,2026-08-20,Kopenhaga,Dania,Gdańsk,Polska,wizzair,159.0,DKK,0.578278,price,R,False,CPH-GDN,2026-08-20T11:32:53Z,2026-08-20T12:23:59Z
2026-08-21,,1011.65,CPH,KRK,2026-08-20,Kopenhaga,Dania,Kraków,Polska,ryanair,1011.65,PLN,1.000000,price,,,CPH-KRK,2026-08-20T11:32:54Z,2026-08-20T12:23:59Z
2026-08-22,,530.10,CPH,KRK,2026-08-20,Kopenhaga,Dania,Kraków,Polska,ryanair,530.1,PLN,1.000000,price,,,CPH-KRK,2026-08-20T11:32:54Z,2026-08-20T12:23:59Z
2026-08-23,,386.26,CPH,KRK,2026-08-20,Kopenhaga,Dania,Kraków,Polska,ryanair,386.26,PLN,1.000000,price,,,CPH-KRK,2026-08-20T11:32:54Z,2026-08-20T12:23:59Z
2026-08-24,,168.12,CPH,KRK,2026-08-20,Kopenhaga,Dania,Kraków,Polska,ryanair,168.12,PLN,1.000000,price,,,CPH-KRK,2026-08-20T11:32:54Z,2026-08-20T12:23:59Z
2026-08-25,,127.13,CPH,KRK,2026-08-20,Kopenhaga,Dania,Kraków,Polska,ryanair,127.13,PLN,1.000000,price,,,CPH-KRK,2026-08-20T11:32:54Z,2026-08-20T12:23:59Z
2026-08-26,,95.00,CPH,KRK,2026-08-20,Kopenhaga,Dania,Kraków,Polska,ryanair,95.0,PLN,1.000000,price,,,CPH-KRK,2026-08-20T11:32:54Z,2026-08-20T12:23:59Z
2026-08-27,,285.97,CPH,KRK,2026-08-20,Kopenhaga,Dania,Kraków,Polska,ryanair,285.97,PLN,1.000000,price,,,CPH-KRK,2026-08-20T11:32:54Z,2026-08-20T12:23:59Z
2026-08-28,,888.33,CPH,KRK,2026-08-20,Kopenhaga,Dania,Kraków,Polska,ryanair,888.33,PLN,1.000000,price,,,CPH-KRK,2026-08-20T11:32:54Z,2026-08-20T12:23:59Z
2026-08-29,,348.29,CPH,KRK,2026-08-20,Kopenhaga,Dania,Kraków,Polska,ryanair,348.29,PLN,1.000000,price,,,CPH-KRK,2026-08-20T11:32:54Z,2026-08-20T12:23:59Z
2026-08-30,,199.60,CPH,KRK,2026-08-20,Kopenhaga,Dania,Kraków,Polska,ryanair,199.6,PLN,1.000000,price,,,CPH-KRK,2026-08-20T11:32:54Z,2026-08-20T12:23:59Z
2026-08-31,,95.00,CPH,KRK,2026-08-20,Kopenhaga,Dania,Kraków,Polska,ryanair,95.0,PLN,1.000000,price,,,CPH-KRK,2026-08-20T11:32:54Z,2026-08-20T12:23:59Z
2026-08-20,,479.72,CPH,POZ,2026-08-20,Kopenhaga,Dania,Poznań,Polska,ryanair,479.72,PLN,1.000000,price,,,CPH-POZ,2026-08-20T11:32:54Z,2026-08-20T12:23:59Z
2026-08-22,,259.29,CPH,POZ,2026-08-20,Kopenhaga,Dania,Poznań,Polska,ryanair,259.29,PLN,1.000000,price,,,CPH-POZ,2026-08-20T11:32:54Z,2026-08-20T12:23:59Z
2026-08-24,,305.94,CPH,POZ,2026-08-20,Kopenhaga,Dania,Poznań,Polska,ryanair,305.94,PLN,1.000000,price,,,CPH-POZ,2026-08-20T11:32:54Z,2026-08-20T12:23:59Z
2026-08-27,,254.97,CPH,POZ,2026-08-20,Kopenhaga,Dania,Poznań,Polska,ryanair,254.97,PLN,1.000000,price,,,CPH-POZ,2026-08-20T11:32:54Z,2026-08-20T12:23:59Z
2026-08-29,,228.37,CPH,POZ,2026-08-20,Kopenhaga,Dania,Poznań,Polska,ryanair,228.37,PLN,1.000000,price,,,CPH-POZ,2026-08-20T11:32:54Z,2026-08-20T12:23:59Z
2026-08-31,,293.01,CPH,POZ,2026-08-20,Kopenhaga,Dania,Poznań,Polska,ryanair,293.01,PLN,1.000000,price,,,CPH-POZ,2026-08-20T11:32:54Z,2026-08-20T12:23:59Z
2026-08-29,,566.13,CPH,WAW,2026-08-20,Kopenhaga,Dania,Warszawa,Polska,wizzair,979.0,DKK,0.578278,price,HI,False,CPH-WAW,2026-08-20T11:32:53Z,2026-08-20T12:23:59Z
2026-08-30,,363.74,CPH,WAW,2026-08-20,Kopenhaga,Dania,Warszawa,Polska,wizzair,629.0,DKK,0.578278,price,JK,False,CPH-WAW,2026-08-20T11:32:53Z,2026-08-20T12:23:59Z
2026-08-31,,363.74,CPH,WAW,2026-08-20,Kopenhaga,Dania,Warszawa,Polska,wizzair,629.0,DKK,0.578278,price,JK,False,CPH-WAW,2026-08-20T11:32:53Z,2026-08-20T12:23:59Z
2026-08-21,,1568.55,CPH,WMI,2026-08-20,Kopenhaga,Dania,Warszawa,Polska,ryanair,1568.55,PLN,1.000000,price,,,CPH-WMI,2026-08-20T11:32:54Z,2026-08-20T12:23:59Z
2026-08-23,,422.86,CPH,WMI,2026-08-20,Kopenhaga,Dania,Warszawa,Polska,ryanair,422.86,PLN,1.000000,price,,,CPH-WMI,2026-08-20T11:32:54Z,2026-08-20T12:23:59Z
2026-08-24,,106.32,CPH,WMI,2026-08-20,Kopenhaga,Dania,Warszawa,Polska,ryanair,106.32,PLN,1.000000,price,,,CPH-WMI,2026-08-20T11:32:54Z,2026-08-20T12:23:59Z
2026-08-26,,107.87,CPH,WMI,2026-08-20,Kopenhaga,Dania,Warszawa,Polska,ryanair,107.87,PLN,1.000000,price,,,CPH-WMI,2026-08-20T11:32:54Z,2026-08-20T12:23:59Z
2026-08-28,,302.25,CPH,WMI,2026-08-20,Kopenhaga,Dania,Warszawa,Polska,ryanair,302.25,PLN,1.000000,price,,,CPH-WMI,2026-08-20T11:32:54Z,2026-08-20T12:23:59Z
2026-08-30,,224.74,CPH,WMI,2026-08-20,Kopenhaga,Dania,Warszawa,Polska,ryanair,224.74,PLN,1.000000,price,,,CPH-WMI,2026-08-20T11:32:54Z,2026-08-20T12:23:59Z
2026-08-31,,119.63,CPH,WMI,2026-08-20,Kopenhaga,Dania,Warszawa,Polska,ryanair,119.63,PLN,1.000000,price,,,CPH-WMI,2026-08-20T11:32:54Z,2026-08-20T12:23:59Z
2026-08-20,,688.21,CRL,KRK,2026-08-20,Charleroi,Belgia,Kraków,Polska,ryanair,688.21,PLN,1.000000,price,,,CRL-KRK,2026-08-20T11:32:54Z,2026-08-20T12:23:59Z
2026-08-21,,1632.16,CRL,KRK,2026-08-20,Charleroi,Belgia,Kraków,Polska,ryanair,1632.16,PLN,1.000000,price,,,CRL-KRK,2026-08-20T11:32:54Z,2026-08-20T12:23:59Z
2026-08-22,,792.21,CRL,KRK,2026-08-20,Charleroi,Belgia,Kraków,Polska,ryanair,792.21,PLN,1.000000,price,,,CRL-KRK,2026-08-20T11:32:54Z,2026-08-20T12:23:59Z
2026-08-23,,1029.72,CRL,KRK,2026-08-20,Charleroi,Belgia,Kraków,Polska,ryanair,1029.72,PLN,1.000000,price,,,CRL-KRK,2026-08-20T11:32:54Z,2026-08-20T12:23:59Z
2026-08-24,,327.72,CRL,KRK,2026-08-20,Charleroi,Belgia,Kraków,Polska,ryanair,327.72,PLN,1.000000,price,,,CRL-KRK,2026-08-20T11:32:54Z,2026-08-20T12:23:59Z
2026-08-25,,145.00,CRL,KRK,2026-08-20,Charleroi,Belgia,Kraków,Polska,ryanair,145.0,PLN,1.000000,price,,,CRL-KRK,2026-08-20T11:32:54Z,2026-08-20T12:23:59Z
2026-08-26,,206.48,CRL,KRK,2026-08-20,Charleroi,Belgia,Kraków,Polska,ryanair,206.48,PLN,1.000000,price,,,CRL-KRK,2026-08-20T11:32:54Z,2026-08-20T12:23:59Z
2026-08-27,,238.00,CRL,KRK,2026-08-20,Charleroi,Belgia,Kraków,Polska,ryanair,238.0,PLN,1.000000,price,,,CRL-KRK,2026-08-20T11:32:54Z,2026-08-20T12:23:59Z
2026-08-28,,1490.08,CRL,KRK,2026-08-20,Charleroi,Belgia,Kraków,Polska,ryanair,1490.08,PLN,1.000000,price,,,CRL-KRK,2026-08-20T11:32:54Z,2026-08-20T12:23:59Z
2026-08-29,,1340.48,CRL,KRK,2026-08-20,Charleroi,Belgia,Kraków,Polska,ryanair,1340.48,PLN,1.000000,price,,,CRL-KRK,2026-08-20T11:32:54Z,2026-08-20T12:23:59Z
2026-08-30,,504.13,CRL,KRK,2026-08-20,Charleroi,Belgia,Kraków,Polska,ryanair,504.13,PLN,1.000000,price,,,CRL-KRK,2026-08-20T11:32:54Z,2026-08-20T12:23:59Z
2026-08-31,,343.24,CRL,KRK,2026-08-20,Charleroi,Belgia,Kraków,Polska,ryanair,343.24,PLN,1.000000,price,,,CRL-KRK,2026-08-20T11:32:54Z,2026-08-20T12:23:59Z
2026-08-23,,103.80,CRL,KTW,2026-08-20,Charleroi,Belgia,Katowice,Polska,ryanair,103.8,PLN,1.000000,price,,,CRL-KTW,2026-08-20T11:32:54Z,2026-08-20T12:23:59Z
2026-08-27,,79.00,CRL,KTW,2026-08-20,Charleroi,Belgia,Katowice,Polska,ryanair,79.0,PLN,1.000000,price,,,CRL-KTW,2026-08-20T11:32:54Z,2026-08-20T12:23:59Z
2026-08-30,,79.00,CRL,KTW,2026-08-20,Charleroi,Belgia,Katowice,Polska,ryanair,79.0,PLN,1.000000,price,,,CRL-KTW,2026-08-20T11:32:54Z,2026-08-20T12:23:59Z
2026-08-23,,674.08,CRL,POZ,2026-08-20,Charleroi,Belgia,Poznań,Polska,ryanair,674.08,PLN,1.000000,price,,,CRL-POZ,2026-08-20T11:32:54Z,2026-08-20T12:23:59Z
2026-08-25,,81.29,CRL,POZ,2026-08-20,Charleroi,Belgia,Poznań,Polska,ryanair,81.29,PLN,1.000000,price,,,CRL-POZ,2026-08-20T11:32:54Z,2026-08-20T12:23:59Z
2026-08-26,,79.00,CRL,POZ,2026-08-20,Charleroi,Belgia,Poznań,Polska,ryanair,79.0,PLN,1.000000,price,,,CRL-POZ,2026-08-20T11:32:54Z,2026-08-20T12:23:59Z
2026-08-30,,230.98,CRL,POZ,2026-08-20,Charleroi,Belgia,Poznań,Polska,ryanair,230.98,PLN,1.000000,price,,,CRL-POZ,2026-08-20T11:32:54Z,2026-08-20T12:23:59Z
2026-08-21,,484.04,CRL,WAW,2026-08-20,Charleroi,Belgia,Warszawa,Polska,ryanair,484.04,PLN,1.000000,price,,,CRL-WAW,2026-08-20T11:32:54Z,2026-08-20T12:23:59Z
2026-08-23,,241.29,CRL,WAW,2026-08-20,Charleroi,Belgia,Warszawa,Polska,ryanair,241.29,PLN,1.000000,price,,,CRL-WAW,2026-08-20T11:32:54Z,2026-08-20T12:23:59Z
2026-08-24,,129.94,CRL,WAW,2026-08-20,Charleroi,Belgia,Warszawa,Polska,ryanair,129.94,PLN,1.000000,price,,,CRL-WAW,2026-08-20T11:32:54Z,2026-08-20T12:23:59Z
2026-08-28,,285.22,CRL,WAW,2026-08-20,Charleroi,Belgia,Warszawa,Polska,ryanair,285.22,PLN,1.000000,price,,,CRL-WAW,2026-08-20T11:32:54Z,2026-08-20T12:23:59Z
2026-08-29,,198.68,CRL,WAW,2026-08-20,Bruksela,Belgia,Warszawa,Polska,wizzair,45.99,EUR,4.320028,price,BO,False,CRL-WAW,2026-08-20T11:32:53Z,2026-08-20T12:23:59Z
2026-08-30,,241.29,CRL,WAW,2026-08-20,Charleroi,Belgia,Warszawa,Polska,ryanair,241.29,PLN,1.000000,price,,,CRL-WAW,2026-08-20T11:32:54Z,2026-08-20T12:23:59Z
2026-08-31,,95.00,CRL,WAW,2026-08-20,Charleroi,Belgia,Warszawa,Polska,ryanair,95.0,PLN,1.000000,price,,,CRL-WAW,2026-08-20T11:32:54Z,2026-08-20T12:23:59Z
2026-08-20,,475.40,CRL,WMI,2026-08-20,Charleroi,Belgia,Warszawa,Polska,ryanair,475.4,PLN,1.000000,price,,,CRL-WMI,2026-08-20T11:32:54Z,2026-08-20T12:23:59Z
2026-08-22,,412.00,CRL,WMI,2026-08-20,Charleroi,Belgia,Warszawa,Polska,ryanair,412.0,PLN,1.000000,price,,,CRL-WMI,2026-08-20T11:32:54Z,2026-08-20T12:23:59Z
2026-08-23,,232.68,CRL,WMI,2026-08-20,Charleroi,Belgia,Warszawa,Polska,ryanair,232.68,PLN,1.000000,price,,,CRL-WMI,2026-08-20T11:32:54Z,2026-08-20T12:23:59Z
2026-08-26,,90.46,CRL,WMI,2026-08-20,Charleroi,Belgia,Warszawa,Polska,ryanair,90.46,PLN,1.000000,price,,,CRL-WMI,2026-08-20T11:32:54Z,2026-08-20T12:23:59Z
2026-08-27,,151.23,CRL,WMI,2026-08-20,Charleroi,Belgia,Warszawa,Polska,ryanair,151.23,PLN,1.000000,price,,,CRL-WMI,2026-08-20T11:32:54Z,2026-08-20T12:23:59Z
2026-08-29,,168.52,CRL,WMI,2026-08-20,Charleroi,Belgia,Warszawa,Polska,ryanair,168.52,PLN,1.000000,price,,,CRL-WMI,2026-08-20T11:32:54Z,2026-08-20T12:23:59Z
2026-08-30,,107.00,CRL,WMI,2026-08-20,Charleroi,Belgia,Warszawa,Polska,ryanair,107.0,PLN,1.000000,price,,,CRL-WMI,2026-08-20T11:32:54Z,2026-08-20T12:23:59Z
2026-08-21,,437.20,CRL,WRO,2026-08-20,Charleroi,Belgia,Wrocław,Polska,ryanair,437.2,PLN,1.000000,price,,,CRL-WRO,2026-08-20T11:32:54Z,2026-08-20T12:23:59Z
2026-08-22,,86.40,CRL,WRO,2026-08-20,Charleroi,Belgia,Wrocław,Polska,ryanair,86.4,PLN,1.000000,price,,,CRL-WRO,2026-08-20T11:32:54Z,2026-08-20T12:23:59Z
2026-08-24,,125.30,CRL,WRO,2026-08-20,Charleroi,Belgia,Wrocław,Polska,ryanair,125.3,PLN,1.000000,price,,,CRL-WRO,2026-08-20T11:32:54Z,2026-08-20T12:23:59Z
2026-08-25,,232.68,CRL,WRO,2026-08-20,Charleroi,Belgia,Wrocław,Polska,ryanair,232.68,PLN,1.000000,price,,,CRL-WRO,2026-08-20T11:32:54Z,2026-08-20T12:23:59Z
2026-08-28,,501.19,CRL,WRO,2026-08-20,Charleroi,Belgia,Wrocław,Polska,ryanair,501.19,PLN,1.000000,price,,,CRL-WRO,2026-08-20T11:32:54Z,2026-08-20T12:23:59Z
2026-08-29,,86.40,CRL,WRO,2026-08-20,Charleroi,Belgia,Wrocław,Polska,ryanair,86.4,PLN,1.000000,price,,,CRL-WRO,2026-08-20T11:32:54Z,2026-08-20T12:23:59Z
2026-08-31,,120.98,CRL,WRO,2026-08-20,Charleroi,Belgia,Wrocław,Polska,ryanair,120.98,PLN,1.000000,price,,,CRL-WRO,2026-08-20T11:32:54Z,2026-08-20T12:23:59Z
2026-08-29,,302.36,CTA,GDN,2026-08-20,Katania,Włochy,Gdańsk,Polska,wizzair,69.99,EUR,4.320028,price,K,False,CTA-GDN,2026-08-20T11:32:53Z,2026-08-20T12:23:59Z
2026-08-30,,431.96,CTA,GDN,2026-08-20,Katania,Włochy,Gdańsk,Polska,wizzair,99.99,EUR,4.320028,price,IJ,False,CTA-GDN,2026-08-20T11:32:53Z,2026-08-20T12:23:59Z
2026-08-20,,746.54,CTA,KRK,2026-08-20,Katania,Włochy,Kraków,Polska,ryanair,746.54,PLN,1.000000,price,,,CTA-KRK,2026-08-20T11:32:54Z,2026-08-20T12:23:59Z
2026-08-21,,363.41,CTA,KRK,2026-08-20,Katania,Włochy,Kraków,Polska,ryanair,363.41,PLN,1.000000,price,,,CTA-KRK,2026-08-20T11:32:54Z,2026-08-20T12:23:59Z
2026-08-22,,283.06,CTA,KRK,2026-08-20,Katania,Włochy,Kraków,Polska,ryanair,283.06,PLN,1.000000,price,,,CTA-KRK,2026-08-20T11:32:54Z,2026-08-20T12:23:59Z
2026-08-23,,898.30,CTA,KRK,2026-08-20,Katania,Włochy,Kraków,Polska,ryanair,898.3,PLN,1.000000,price,,,CTA-KRK,2026-08-20T11:32:54Z,2026-08-20T12:23:59Z
2026-08-24,,155.08,CTA,KRK,2026-08-20,Katania,Włochy,Kraków,Polska,ryanair,155.08,PLN,1.000000,price,,,CTA-KRK,2026-08-20T11:32:54Z,2026-08-20T12:23:59Z
2026-08-25,,292.96,CTA,KRK,2026-08-20,Katania,Włochy,Kraków,Polska,ryanair,292.96,PLN,1.000000,price,,,CTA-KRK,2026-08-20T11:32:54Z,2026-08-20T12:23:59Z
2026-08-26,,234.32,CTA,KRK,2026-08-20,Katania,Włochy,Kraków,Polska,ryanair,234.32,PLN,1.000000,price,,,CTA-KRK,2026-08-20T11:32:54Z,2026-08-20T12:23:59Z
2026-08-27,,238.23,CTA,KRK,2026-08-20,Katania,Włochy,Kraków,Polska,ryanair,238.23,PLN,1.000000,price,,,CTA-KRK,2026-08-20T11:32:54Z,2026-08-20T12:23:59Z
2026-08-28,,299.66,CTA,KRK,2026-08-20,Katania,Włochy,Kraków,Polska,ryanair,299.66,PLN,1.000000,price,,,CTA-KRK,2026-08-20T11:32:54Z,2026-08-20T12:23:59Z
2026-08-29,,547.24,CTA,KRK,2026-08-20,Katania,Włochy,Kraków,Polska,ryanair,547.24,PLN,1.000000,price,,,CTA-KRK,2026-08-20T11:32:54Z,2026-08-20T12:23:59Z
2026-08-30,,464.17,CTA,KRK,2026-08-20,Katania,Włochy,Kraków,Polska,ryanair,464.17,PLN,1.000000,price,,,CTA-KRK,2026-08-20T11:32:54Z,2026-08-20T12:23:59Z
2026-08-31,,323.61,CTA,KRK,2026-08-20,Katania,Włochy,Kraków,Polska,ryanair,323.61,PLN,1.000000,price,,,CTA-KRK,2026-08-20T11:32:54Z,2026-08-20T12:23:59Z
2026-08-21,,363.41,CTA,KTW,2026-08-20,Katania,Włochy,Katowice,Polska,ryanair,363.41,PLN,1.000000,price,,,CTA-KTW,2026-08-20T11:32:54Z,2026-08-20T12:23:59Z
2026-08-22,,522.94,CTA,KTW,2026-08-20,Katania,Włochy,Katowice,Polska,ryanair,522.94,PLN,1.000000,price,,,CTA-KTW,2026-08-20T11:32:54Z,2026-08-20T12:23:59Z
2026-08-23,,798.36,CTA,KTW,2026-08-20,Katania,Włochy,Katowice,Polska,ryanair,798.36,PLN,1.000000,price,,,CTA-KTW,2026-08-20T11:32:54Z,2026-08-20T12:23:59Z
2026-08-24,,587.78,CTA,KTW,2026-08-20,Katania,Włochy,Katowice,Polska,ryanair,587.78,PLN,1.000000,price,,,CTA-KTW,2026-08-20T11:32:54Z,2026-08-20T12:23:59Z
2026-08-25,,474.42,CTA,KTW,2026-08-20,Katania,Włochy,Katowice,Polska,ryanair,474.42,PLN,1.000000,price,,,CTA-KTW,2026-08-20T11:32:54Z,2026-08-20T12:23:59Z
2026-08-27,,200.32,CTA,KTW,2026-08-20,Katania,Włochy,Katowice,Polska,ryanair,200.32,PLN,1.000000,price,,,CTA-KTW,2026-08-20T11:32:54Z,2026-08-20T12:23:59Z
2026-08-28,,379.20,CTA,KTW,2026-08-20,Katania,Włochy,Katowice,Polska,ryanair,379.2,PLN,1.000000,price,,,CTA-KTW,2026-08-20T11:32:54Z,2026-08-20T12:23:59Z
2026-08-29,,387.61,CTA,KTW,2026-08-20,Katania,Włochy,Katowice,Polska,ryanair,387.61,PLN,1.000000,price,,,CTA-KTW,2026-08-20T11:32:54Z,2026-08-20T12:23:59Z
2026-08-30,,387.82,CTA,KTW,2026-08-20,Katania,Włochy,Katowice,Polska,ryanair,387.82,PLN,1.000000,price,,,CTA-KTW,2026-08-20T11:32:54Z,2026-08-20T12:23:59Z
2026-08-31,,285.08,CTA,KTW,2026-08-20,Katania,Włochy,Katowice,Polska,wizzair,65.99,EUR,4.320028,price,KL,False,CTA-KTW,2026-08-20T11:32:53Z,2026-08-20T12:23:59Z
2026-08-29,,539.96,CTA,WAW,2026-08-20,Katania,Włochy,Warszawa,Polska,wizzair,124.99,EUR,4.320028,price,HI,False,CTA-WAW,2026-08-20T11:32:53Z,2026-08-20T12:23:59Z
2026-08-21,,389.41,CTA,WMI,2026-08-20,Katania,Włochy,Warszawa,Polska,ryanair,389.41,PLN,1.000000,price,,,CTA-WMI,2026-08-20T11:32:54Z,2026-08-20T12:23:59Z
2026-08-23,,673.75,CTA,WMI,2026-08-20,Katania,Włochy,Warszawa,Polska,ryanair,673.75,PLN,1.000000,price,,,CTA-WMI,2026-08-20T11:32:54Z,2026-08-20T12:23:59Z
2026-08-24,,657.50,CTA,WMI,2026-08-20,Katania,Włochy,Warszawa,Polska,ryanair,657.5,PLN,1.000000,price,,,CTA-WMI,2026-08-20T11:32:54Z,2026-08-20T12:23:59Z
2026-08-25,,359.74,CTA,WMI,2026-08-20,Katania,Włochy,Warszawa,Polska,ryanair,359.74,PLN,1.000000,price,,,CTA-WMI,2026-08-20T11:32:54Z,2026-08-20T12:23:59Z
2026-08-27,,231.89,CTA,WMI,2026-08-20,Katania,Włochy,Warszawa,Polska,ryanair,231.89,PLN,1.000000,price,,,CTA-WMI,2026-08-20T11:32:54Z,2026-08-20T12:23:59Z
2026-08-28,,304.06,CTA,WMI,2026-08-20,Katania,Włochy,Warszawa,Polska,ryanair,304.06,PLN,1.000000,price,,,CTA-WMI,2026-08-20T11:32:54Z,2026-08-20T12:23:59Z
2026-08-30,,309.64,CTA,WMI,2026-08-20,Katania,Włochy,Warszawa,Polska,ryanair,309.64,PLN,1.000000,price,,,CTA-WMI,2026-08-20T11:32:54Z,2026-08-20T12:23:59Z
2026-08-31,,263.42,CTA,WMI,2026-08-20,Katania,Włochy,Warszawa,Polska,ryanair,263.42,PLN,1.000000,price,,,CTA-WMI,2026-08-20T11:32:54Z,2026-08-20T12:23:59Z
2026-08-31,,285.08,CTA,WRO,2026-08-20,Katania,Włochy,Wrocław,Polska,wizzair,65.99,EUR,4.320028,price,KL,False,CTA-WRO,2026-08-20T11:32:53Z,2026-08-20T12:23:59Z
2026-08-20,,601.01,DBV,GDN,2026-08-20,Dubrovnik,Chorwacja,Gdańsk,Polska,ryanair,601.01,PLN,1.000000,price,,,DBV-GDN,2026-08-20T11:32:54Z,2026-08-20T12:23:59Z
2026-08-23,,410.95,DBV,GDN,2026-08-20,Dubrovnik,Chorwacja,Gdańsk,Polska,ryanair,410.95,PLN,1.000000,price,,,DBV-GDN,2026-08-20T11:32:54Z,2026-08-20T12:23:59Z
2026-08-27,,429.32,DBV,GDN,2026-08-20,Dubrovnik,Chorwacja,Gdańsk,Polska,ryanair,429.32,PLN,1.000000,price,,,DBV-GDN,2026-08-20T11:32:54Z,2026-08-20T12:23:59Z
2026-08-30,,496.76,DBV,GDN,2026-08-20,Dubrovnik,Chorwacja,Gdańsk,Polska,wizzair,114.99,EUR,4.320028,price,I,False,DBV-GDN,2026-08-20T11:32:53Z,2026-08-20T12:23:59Z
2026-08-21,,1464.60,DBV,KRK,2026-08-20,Dubrovnik,Chorwacja,Kraków,Polska,ryanair,1464.6,PLN,1.000000,price,,,DBV-KRK,2026-08-20T11:32:54Z,2026-08-20T12:23:59Z
2026-08-24,,860.07,DBV,KRK,2026-08-20,Dubrovnik,Chorwacja,Kraków,Polska,ryanair,860.07,PLN,1.000000,price,,,DBV-KRK,2026-08-20T11:32:54Z,2026-08-20T12:23:59Z
2026-08-25,,920.59,DBV,KRK,2026-08-20,Dubrovnik,Chorwacja,Kraków,Polska,ryanair,920.59,PLN,1.000000,price,,,DBV-KRK,2026-08-20T11:32:54Z,2026-08-20T12:23:59Z
2026-08-26,,745.52,DBV,KRK,2026-08-20,Dubrovnik,Chorwacja,Kraków,Polska,ryanair,745.52,PLN,1.000000,price,,,DBV-KRK,2026-08-20T11:32:54Z,2026-08-20T12:23:59Z
2026-08-28,,375.99,DBV,KRK,2026-08-20,Dubrovnik,Chorwacja,Kraków,Polska,ryanair,375.99,PLN,1.000000,price,,,DBV-KRK,2026-08-20T11:32:54Z,2026-08-20T12:23:59Z
2026-08-31,,717.44,DBV,KRK,2026-08-20,Dubrovnik,Chorwacja,Kraków,Polska,ryanair,717.44,PLN,1.000000,price,,,DBV-KRK,2026-08-20T11:32:54Z,2026-08-20T12:23:59Z
2026-08-21,,425.74,DBV,KTW,2026-08-20,Dubrovnik,Chorwacja,Katowice,Polska,ryanair,425.74,PLN,1.000000,price,,,DBV-KTW,2026-08-20T11:32:54Z,2026-08-20T12:23:59Z
2026-08-23,,700.15,DBV,KTW,2026-08-20,Dubrovnik,Chorwacja,Katowice,Polska,ryanair,700.15,PLN,1.000000,price,,,DBV-KTW,2026-08-20T11:32:54Z,2026-08-20T12:23:59Z
2026-08-24,,256.50,DBV,KTW,2026-08-20,Dubrovnik,Chorwacja,Katowice,Polska,ryanair,256.5,PLN,1.000000,price,,,DBV-KTW,2026-08-20T11:32:54Z,2026-08-20T12:23:59Z
2026-08-25,,557.46,DBV,KTW,2026-08-20,Dubrovnik,Chorwacja,Katowice,Polska,ryanair,557.46,PLN,1.000000,price,,,DBV-KTW,2026-08-20T11:32:54Z,2026-08-20T12:23:59Z
2026-08-28,,1007.03,DBV,KTW,2026-08-20,Dubrovnik,Chorwacja,Katowice,Polska,ryanair,1007.03,PLN,1.000000,price,,,DBV-KTW,2026-08-20T11:32:54Z,2026-08-20T12:23:59Z
2026-08-30,,560.23,DBV,KTW,2026-08-20,Dubrovnik,Chorwacja,Katowice,Polska,ryanair,560.23,PLN,1.000000,price,,,DBV-KTW,2026-08-20T11:32:54Z,2026-08-20T12:23:59Z
2026-08-31,,898.57,DBV,KTW,2026-08-20,Dubrovnik,Chorwacja,Katowice,Polska,ryanair,898.57,PLN,1.000000,price,,,DBV-KTW,2026-08-20T11:32:54Z,2026-08-20T12:23:59Z
2026-08-20,,613.71,DBV,POZ,2026-08-20,Dubrovnik,Chorwacja,Poznań,Polska,ryanair,613.71,PLN,1.000000,price,,,DBV-POZ,2026-08-20T11:32:54Z,2026-08-20T12:23:59Z
2026-08-23,,797.23,DBV,POZ,2026-08-20,Dubrovnik,Chorwacja,Poznań,Polska,ryanair,797.23,PLN,1.000000,price,,,DBV-POZ,2026-08-20T11:32:54Z,2026-08-20T12:23:59Z
2026-08-26,,940.89,DBV,POZ,2026-08-20,Dubrovnik,Chorwacja,Poznań,Polska,ryanair,940.89,PLN,1.000000,price,,,DBV-POZ,2026-08-20T11:32:54Z,2026-08-20T12:23:59Z
2026-08-27,,496.83,DBV,POZ,2026-08-20,Dubrovnik,Chorwacja,Poznań,Polska,ryanair,496.83,PLN,1.000000,price,,,DBV-POZ,2026-08-20T11:32:54Z,2026-08-20T12:23:59Z
2026-08-30,,1493.77,DBV,POZ,2026-08-20,Dubrovnik,Chorwacja,Poznań,Polska,ryanair,1493.77,PLN,1.000000,price,,,DBV-POZ,2026-08-20T11:32:54Z,2026-08-20T12:23:59Z
2026-08-29,,539.96,DBV,WAW,2026-08-20,Dubrovnik,Chorwacja,Warszawa,Polska,wizzair,124.99,EUR,4.320028,price,IJ,False,DBV-WAW,2026-08-20T11:32:53Z,2026-08-20T12:23:59Z
2026-08-21,,566.98,DBV,WRO,2026-08-20,Dubrovnik,Chorwacja,Wrocław,Polska,ryanair,566.98,PLN,1.000000,price,,,DBV-WRO,2026-08-20T11:32:54Z,2026-08-20T12:23:59Z
2026-08-22,,561.84,DBV,WRO,2026-08-20,Dubrovnik,Chorwacja,Wrocław,Polska,ryanair,561.84,PLN,1.000000,price,,,DBV-WRO,2026-08-20T11:32:54Z,2026-08-20T12:23:59Z
2026-08-24,,715.35,DBV,WRO,2026-08-20,Dubrovnik,Chorwacja,Wrocław,Polska,ryanair,715.35,PLN,1.000000,price,,,DBV-WRO,2026-08-20T11:32:54Z,2026-08-20T12:23:59Z
2026-08-27,,886.01,DBV,WRO,2026-08-20,Dubrovnik,Chorwacja,Wrocław,Polska,ryanair,886.01,PLN,1.000000,price,,,DBV-WRO,2026-08-20T11:32:54Z,2026-08-20T12:23:59Z
2026-08-28,,501.11,DBV,WRO,2026-08-20,Dubrovnik,Chorwacja,Wrocław,Polska,ryanair,501.11,PLN,1.000000,price,,,DBV-WRO,2026-08-20T11:32:54Z,2026-08-20T12:23:59Z
2026-08-29,,887.72,DBV,WRO,2026-08-20,Dubrovnik,Chorwacja,Wrocław,Polska,ryanair,887.72,PLN,1.000000,price,,,DBV-WRO,2026-08-20T11:32:54Z,2026-08-20T12:23:59Z
2026-08-31,,754.14,DBV,WRO,2026-08-20,Dubrovnik,Chorwacja,Wrocław,Polska,ryanair,754.14,PLN,1.000000,price,,,DBV-WRO,2026-08-20T11:32:54Z,2026-08-20T12:23:59Z
2026-08-29,,431.96,DTM,GDN,2026-08-20,Dortmund,Niemcy,Gdańsk,Polska,wizzair,99.99,EUR,4.320028,price,IJ,False,DTM-GDN,2026-08-20T11:32:53Z,2026-08-20T12:23:59Z
2026-08-30,,345.56,DTM,GDN,2026-08-20,Dortmund,Niemcy,Gdańsk,Polska,wizzair,79.99,EUR,4.320028,price,JK,False,DTM-GDN,2026-08-20T11:32:53Z,2026-08-20T12:23:59Z
2026-08-31,,155.48,DTM,GDN,2026-08-20,Dortmund,Niemcy,Gdańsk,Polska,wizzair,35.99,EUR,4.320028,price,OP,False,DTM-GDN,2026-08-20T11:32:53Z,2026-08-20T12:23:59Z
2026-08-29,,285.08,DTM,KTW,2026-08-20,Dortmund,Niemcy,Katowice,Polska,wizzair,65.99,EUR,4.320028,price,JK,False,DTM-KTW,2026-08-20T11:32:53Z,2026-08-20T12:23:59Z
2026-08-30,,241.88,DTM,KTW,2026-08-20,Dortmund,Niemcy,Katowice,Polska,wizzair,55.99,EUR,4.320028,price,KL,False,DTM-KTW,2026-08-20T11:32:53Z,2026-08-20T12:23:59Z
2026-08-31,,172.76,DTM,KTW,2026-08-20,Dortmund,Niemcy,Katowice,Polska,wizzair,39.99,EUR,4.320028,price,B,False,DTM-KTW,2026-08-20T11:32:53Z,2026-08-20T12:23:59Z
2026-08-31,,302.36,DTM,WAW,2026-08-20,Dortmund,Niemcy,Warszawa,Polska,wizzair,69.99,EUR,4.320028,price,K,False,DTM-WAW,2026-08-20T11:32:53Z,2026-08-20T12:23:59Z
2026-08-29,,155.48,DTM,WRO,2026-08-20,Dortmund,Niemcy,Wrocław,Polska,wizzair,35.99,EUR,4.320028,price,OP,False,DTM-WRO,2026-08-20T11:32:53Z,2026-08-20T12:23:59Z
2026-08-20,,600.74,DUB,GDN,2026-08-20,Dublin,Irlandia,Gdańsk,Polska,ryanair,600.74,PLN,1.000000,price,,,DUB-GDN,2026-08-20T11:32:54Z,2026-08-20T12:23:59Z
2026-08-21,,717.44,DUB,GDN,2026-08-20,Dublin,Irlandia,Gdańsk,Polska,ryanair,717.44,PLN,1.000000,price,,,DUB-GDN,2026-08-20T11:32:54Z,2026-08-20T12:23:59Z
2026-08-23,,1406.81,DUB,GDN,2026-08-20,Dublin,Irlandia,Gdańsk,Polska,ryanair,1406.81,PLN,1.000000,price,,,DUB-GDN,2026-08-20T11:32:54Z,2026-08-20T12:23:59Z
2026-08-24,,452.46,DUB,GDN,2026-08-20,Dublin,Irlandia,Gdańsk,Polska,ryanair,452.46,PLN,1.000000,price,,,DUB-GDN,2026-08-20T11:32:54Z,2026-08-20T12:23:59Z
2026-08-27,,426.27,DUB,GDN,2026-08-20,Dublin,Irlandia,Gdańsk,Polska,ryanair,426.27,PLN,1.000000,price,,,DUB-GDN,2026-08-20T11:32:54Z,2026-08-20T12:23:59Z
2026-08-28,,340.42,DUB,GDN,2026-08-20,Dublin,Irlandia,Gdańsk,Polska,ryanair,340.42,PLN,1.000000,price,,,DUB-GDN,2026-08-20T11:32:54Z,2026-08-20T12:23:59Z
2026-08-30,,348.92,DUB,GDN,2026-08-20,Dublin,Irlandia,Gdańsk,Polska,ryanair,348.92,PLN,1.000000,price,,,DUB-GDN,2026-08-20T11:32:54Z,2026-08-20T12:23:59Z
2026-08-31,,409.37,DUB,GDN,2026-08-20,Dublin,Irlandia,Gdańsk,Polska,ryanair,409.37,PLN,1.000000,price,,,DUB-GDN,2026-08-20T11:32:54Z,2026-08-20T12:23:59Z
2026-08-20,,899.69,DUB,KRK,2026-08-20,Dublin,Irlandia,Kraków,Polska,ryanair,899.69,PLN,1.000000,price,,,DUB-KRK,2026-08-20T11:32:54Z,2026-08-20T12:23:59Z
2026-08-21,,603.00,DUB,KRK,2026-08-20,Dublin,Irlandia,Kraków,Polska,ryanair,603.0,PLN,1.000000,price,,,DUB-KRK,2026-08-20T11:32:54Z,2026-08-20T12:23:59Z
2026-08-22,,361.61,DUB,KRK,2026-08-20,Dublin,Irlandia,Kraków,Polska,ryanair,361.61,PLN,1.000000,price,,,DUB-KRK,2026-08-20T11:32:54Z,2026-08-20T12:23:59Z
2026-08-23,,275.25,DUB,KRK,2026-08-20,Dublin,Irlandia,Kraków,Polska,ryanair,275.25,PLN,1.000000,price,,,DUB-KRK,2026-08-20T11:32:54Z,2026-08-20T12:23:59Z
2026-08-24,,1874.02,DUB,KRK,2026-08-20,Dublin,Irlandia,Kraków,Polska,ryanair,1874.02,PLN,1.000000,price,,,DUB-KRK,2026-08-20T11:32:54Z,2026-08-20T12:23:59Z
2026-08-25,,244.89,DUB,KRK,2026-08-20,Dublin,Irlandia,Kraków,Polska,ryanair,244.89,PLN,1.000000,price,,,DUB-KRK,2026-08-20T11:32:54Z,2026-08-20T12:23:59Z
2026-08-26,,200.32,DUB,KRK,2026-08-20,Dublin,Irlandia,Kraków,Polska,ryanair,200.32,PLN,1.000000,price,,,DUB-KRK,2026-08-20T11:32:54Z,2026-08-20T12:23:59Z
2026-08-27,,200.32,DUB,KRK,2026-08-20,Dublin,Irlandia,Kraków,Polska,ryanair,200.32,PLN,1.000000,price,,,DUB-KRK,2026-08-20T11:32:54Z,2026-08-20T12:23:59Z
2026-08-28,,221.24,DUB,KRK,2026-08-20,Dublin,Irlandia,Kraków,Polska,ryanair,221.24,PLN,1.000000,price,,,DUB-KRK,2026-08-20T11:32:54Z,2026-08-20T12:23:59Z
2026-08-29,,145.00,DUB,KRK,2026-08-20,Dublin,Irlandia,Kraków,Polska,ryanair,145.0,PLN,1.000000,price,,,DUB-KRK,2026-08-20T11:32:54Z,2026-08-20T12:23:59Z
2026-08-30,,200.32,DUB,KRK,2026-08-20,Dublin,Irlandia,Kraków,Polska,ryanair,200.32,PLN,1.000000,price,,,DUB-KRK,2026-08-20T11:32:54Z,2026-08-20T12:23:59Z
2026-08-31,,425.36,DUB,KRK,2026-08-20,Dublin,Irlandia,Kraków,Polska,ryanair,425.36,PLN,1.000000,price,,,DUB-KRK,2026-08-20T11:32:54Z,2026-08-20T12:23:59Z
2026-08-22,,350.05,DUB,KTW,2026-08-20,Dublin,Irlandia,Katowice,Polska,ryanair,350.05,PLN,1.000000,price,,,DUB-KTW,2026-08-20T11:32:54Z,2026-08-20T12:23:59Z
2026-08-23,,198.78,DUB,KTW,2026-08-20,Dublin,Irlandia,Katowice,Polska,ryanair,198.78,PLN,1.000000,price,,,DUB-KTW,2026-08-20T11:32:54Z,2026-08-20T12:23:59Z
2026-08-26,,145.00,DUB,KTW,2026-08-20,Dublin,Irlandia,Katowice,Polska,ryanair,145.0,PLN,1.000000,price,,,DUB-KTW,2026-08-20T11:32:54Z,2026-08-20T12:23:59Z
2026-08-27,,145.00,DUB,KTW,2026-08-20,Dublin,Irlandia,Katowice,Polska,ryanair,145.0,PLN,1.000000,price,,,DUB-KTW,2026-08-20T11:32:54Z,2026-08-20T12:23:59Z
2026-08-29,,250.64,DUB,KTW,2026-08-20,Dublin,Irlandia,Katowice,Polska,ryanair,250.64,PLN,1.000000,price,,,DUB-KTW,2026-08-20T11:32:54Z,2026-08-20T12:23:59Z
2026-08-30,,280.08,DUB,KTW,2026-08-20,Dublin,Irlandia,Katowice,Polska,ryanair,280.08,PLN,1.000000,price,,,DUB-KTW,2026-08-20T11:32:54Z,2026-08-20T12:23:59Z
2026-08-21,,280.90,DUB,POZ,2026-08-20,Dublin,Irlandia,Poznań,Polska,ryanair,280.9,PLN,1.000000,price,,,DUB-POZ,2026-08-20T11:32:54Z,2026-08-20T12:23:59Z
2026-08-22,,241.29,DUB,POZ,2026-08-20,Dublin,Irlandia,Poznań,Polska,ryanair,241.29,PLN,1.000000,price,,,DUB-POZ,2026-08-20T11:32:54Z,2026-08-20T12:23:59Z
2026-08-25,,181.56,DUB,POZ,2026-08-20,Dublin,Irlandia,Poznań,Polska,ryanair,181.56,PLN,1.000000,price,,,DUB-POZ,2026-08-20T11:32:54Z,2026-08-20T12:23:59Z
2026-08-26,,145.00,DUB,POZ,2026-08-20,Dublin,Irlandia,Poznań,Polska,ryanair,145.0,PLN,1.000000,price,,,DUB-POZ,2026-08-20T11:32:54Z,2026-08-20T12:23:59Z
2026-08-27,,241.29,DUB,POZ,2026-08-20,Dublin,Irlandia,Poznań,Polska,ryanair,241.29,PLN,1.000000,price,,,DUB-POZ,2026-08-20T11:32:54Z,2026-08-20T12:23:59Z
2026-08-28,,163.32,DUB,POZ,2026-08-20,Dublin,Irlandia,Poznań,Polska,ryanair,163.32,PLN,1.000000,price,,,DUB-POZ,2026-08-20T11:32:54Z,2026-08-20T12:23:59Z
2026-08-29,,125.30,DUB,POZ,2026-08-20,Dublin,Irlandia,Poznań,Polska,ryanair,125.3,PLN,1.000000,price,,,DUB-POZ,2026-08-20T11:32:54Z,2026-08-20T12:23:59Z
2026-08-21,,722.19,DUB,WMI,2026-08-20,Dublin,Irlandia,Warszawa,Polska,ryanair,722.19,PLN,1.000000,price,,,DUB-WMI,2026-08-20T11:32:54Z,2026-08-20T12:23:59Z
2026-08-22,,323.00,DUB,WMI,2026-08-20,Dublin,Irlandia,Warszawa,Polska,ryanair,323.0,PLN,1.000000,price,,,DUB-WMI,2026-08-20T11:32:54Z,2026-08-20T12:23:59Z
2026-08-23,,285.00,DUB,WMI,2026-08-20,Dublin,Irlandia,Warszawa,Polska,ryanair,285.0,PLN,1.000000,price,,,DUB-WMI,2026-08-20T11:32:54Z,2026-08-20T12:23:59Z
2026-08-24,,213.00,DUB,WMI,2026-08-20,Dublin,Irlandia,Warszawa,Polska,ryanair,213.0,PLN,1.000000,price,,,DUB-WMI,2026-08-20T11:32:54Z,2026-08-20T12:23:59Z
2026-08-25,,139.00,DUB,WMI,2026-08-20,Dublin,Irlandia,Warszawa,Polska,ryanair,139.0,PLN,1.000000,price,,,DUB-WMI,2026-08-20T11:32:54Z,2026-08-20T12:23:59Z
2026-08-26,,217.32,DUB,WMI,2026-08-20,Dublin,Irlandia,Warszawa,Polska,ryanair,217.32,PLN,1.000000,price,,,DUB-WMI,2026-08-20T11:32:54Z,2026-08-20T12:23:59Z
2026-08-27,,513.60,DUB,WMI,2026-08-20,Dublin,Irlandia,Warszawa,Polska,ryanair,513.6,PLN,1.000000,price,,,DUB-WMI,2026-08-20T11:32:54Z,2026-08-20T12:23:59Z
2026-08-28,,251.32,DUB,WMI,2026-08-20,Dublin,Irlandia,Warszawa,Polska,ryanair,251.32,PLN,1.000000,price,,,DUB-WMI,2026-08-20T11:32:54Z,2026-08-20T12:23:59Z
2026-08-29,,187.32,DUB,WMI,2026-08-20,Dublin,Irlandia,Warszawa,Polska,ryanair,187.32,PLN,1.000000,price,,,DUB-WMI,2026-08-20T11:32:54Z,2026-08-20T12:23:59Z
2026-08-30,,139.00,DUB,WMI,2026-08-20,Dublin,Irlandia,Warszawa,Polska,ryanair,139.0,PLN,1.000000,price,,,DUB-WMI,2026-08-20T11:32:54Z,2026-08-20T12:23:59Z
2026-08-31,,187.32,DUB,WMI,2026-08-20,Dublin,Irlandia,Warszawa,Polska,ryanair,187.32,PLN,1.000000,price,,,DUB-WMI,2026-08-20T11:32:54Z,2026-08-20T12:23:59Z
2026-08-20,,826.00,DUB,WRO,2026-08-20,Dublin,Irlandia,Wrocław,Polska,ryanair,826.0,PLN,1.000000,price,,,DUB-WRO,2026-08-20T11:32:54Z,2026-08-20T12:23:59Z
2026-08-21,,759.23,DUB,WRO,2026-08-20,Dublin,Irlandia,Wrocław,Polska,ryanair,759.23,PLN,1.000000,price,,,DUB-WRO,2026-08-20T11:32:54Z,2026-08-20T12:23:59Z
2026-08-23,,216.28,DUB,WRO,2026-08-20,Dublin,Irlandia,Wrocław,Polska,ryanair,216.28,PLN,1.000000,price,,,DUB-WRO,2026-08-20T11:32:54Z,2026-08-20T12:23:59Z
2026-08-24,,145.79,DUB,WRO,2026-08-20,Dublin,Irlandia,Wrocław,Polska,ryanair,145.79,PLN,1.000000,price,,,DUB-WRO,2026-08-20T11:32:54Z,2026-08-20T12:23:59Z
2026-08-27,,245.88,DUB,WRO,2026-08-20,Dublin,Irlandia,Wrocław,Polska,ryanair,245.88,PLN,1.000000,price,,,DUB-WRO,2026-08-20T11:32:54Z,2026-08-20T12:23:59Z
2026-08-28,,200.32,DUB,WRO,2026-08-20,Dublin,Irlandia,Wrocław,Polska,ryanair,200.32,PLN,1.000000,price,,,DUB-WRO,2026-08-20T11:32:54Z,2026-08-20T12:23:59Z
2026-08-30,,139.00,DUB,WRO,2026-08-20,Dublin,Irlandia,Wrocław,Polska,ryanair,139.0,PLN,1.000000,price,,,DUB-WRO,2026-08-20T11:32:54Z,2026-08-20T12:23:59Z
2026-08-31,,170.32,DUB,WRO,2026-08-20,Dublin,Irlandia,Wrocław,Polska,ryanair,170.32,PLN,1.000000,price,,,DUB-WRO,2026-08-20T11:32:54Z,2026-08-20T12:23:59Z
2026-08-20,,689.03,EDI,GDN,2026-08-20,Edynburg,Szkocja,Gdańsk,Polska,ryanair,689.03,PLN,1.000000,price,,,EDI-GDN,2026-08-20T11:32:54Z,2026-08-20T12:23:59Z
2026-08-22,,435.34,EDI,GDN,2026-08-20,Edynburg,Szkocja,Gdańsk,Polska,ryanair,435.34,PLN,1.000000,price,,,EDI-GDN,2026-08-20T11:32:54Z,2026-08-20T12:23:59Z
2026-08-23,,542.48,EDI,GDN,2026-08-20,Edynburg,Szkocja,Gdańsk,Polska,ryanair,542.48,PLN,1.000000,price,,,EDI-GDN,2026-08-20T11:32:54Z,2026-08-20T12:23:59Z
2026-08-24,,343.58,EDI,GDN,2026-08-20,Edynburg,Szkocja,Gdańsk,Polska,ryanair,343.58,PLN,1.000000,price,,,EDI-GDN,2026-08-20T11:32:54Z,2026-08-20T12:23:59Z
2026-08-25,,316.43,EDI,GDN,2026-08-20,Edynburg,Szkocja,Gdańsk,Polska,ryanair,316.43,PLN,1.000000,price,,,EDI-GDN,2026-08-20T11:32:54Z,2026-08-20T12:23:59Z
2026-08-26,,276.24,EDI,GDN,2026-08-20,Edynburg,Szkocja,Gdańsk,Polska,ryanair,276.24,PLN,1.000000,price,,,EDI-GDN,2026-08-20T11:32:54Z,2026-08-20T12:23:59Z
2026-08-27,,616.43,EDI,GDN,2026-08-20,Edynburg,Szkocja,Gdańsk,Polska,ryanair,616.43,PLN,1.000000,price,,,EDI-GDN,2026-08-20T11:32:54Z,2026-08-20T12:23:59Z
2026-08-28,,414.33,EDI,GDN,2026-08-20,Edynburg,Szkocja,Gdańsk,Polska,ryanair,414.33,PLN,1.000000,price,,,EDI-GDN,2026-08-20T11:32:54Z,2026-08-20T12:23:59Z
2026-08-29,,341.54,EDI,GDN,2026-08-20,Edynburg,Szkocja,Gdańsk,Polska,ryanair,341.54,PLN,1.000000,price,,,EDI-GDN,2026-08-20T11:32:54Z,2026-08-20T12:23:59Z
2026-08-30,,404.22,EDI,GDN,2026-08-20,Edynburg,Szkocja,Gdańsk,Polska,ryanair,404.22,PLN,1.000000,price,,,EDI-GDN,2026-08-20T11:32:54Z,2026-08-20T12:23:59Z
2026-08-31,,351.59,EDI,GDN,2026-08-20,Edynburg,Szkocja,Gdańsk,Polska,ryanair,351.59,PLN,1.000000,price,,,EDI-GDN,2026-08-20T11:32:54Z,2026-08-20T12:23:59Z
2026-08-20,,789.54,EDI,KRK,2026-08-20,Edynburg,Szkocja,Kraków,Polska,ryanair,789.54,PLN,1.000000,price,,,EDI-KRK,2026-08-20T11:32:54Z,2026-08-20T12:23:59Z
2026-08-21,,789.54,EDI,KRK,2026-08-20,Edynburg,Szkocja,Kraków,Polska,ryanair,789.54,PLN,1.000000,price,,,EDI-KRK,2026-08-20T11:32:54Z,2026-08-20T12:23:59Z
2026-08-22,,555.34,EDI,KRK,2026-08-20,Edynburg,Szkocja,Kraków,Polska,ryanair,555.34,PLN,1.000000,price,,,EDI-KRK,2026-08-20T11:32:54Z,2026-08-20T12:23:59Z
2026-08-23,,328.70,EDI,KRK,2026-08-20,Edynburg,Szkocja,Kraków,Polska,ryanair,328.7,PLN,1.000000,price,,,EDI-KRK,2026-08-20T11:32:54Z,2026-08-20T12:23:59Z
2026-08-24,,685.99,EDI,KRK,2026-08-20,Edynburg,Szkocja,Kraków,Polska,ryanair,685.99,PLN,1.000000,price,,,EDI-KRK,2026-08-20T11:32:54Z,2026-08-20T12:23:59Z
2026-08-25,,157.32,EDI,KRK,2026-08-20,Edynburg,Szkocja,Kraków,Polska,ryanair,157.32,PLN,1.000000,price,,,EDI-KRK,2026-08-20T11:32:54Z,2026-08-20T12:23:59Z
2026-08-26,,157.32,EDI,KRK,2026-08-20,Edynburg,Szkocja,Kraków,Polska,ryanair,157.32,PLN,1.000000,price,,,EDI-KRK,2026-08-20T11:32:54Z,2026-08-20T12:23:59Z
2026-08-27,,267.74,EDI,KRK,2026-08-20,Edynburg,Szkocja,Kraków,Polska,ryanair,267.74,PLN,1.000000,price,,,EDI-KRK,2026-08-20T11:32:54Z,2026-08-20T12:23:59Z
2026-08-28,,348.93,EDI,KRK,2026-08-20,Edynburg,Szkocja,Kraków,Polska,ryanair,348.93,PLN,1.000000,price,,,EDI-KRK,2026-08-20T11:32:54Z,2026-08-20T12:23:59Z
2026-08-29,,460.22,EDI,KRK,2026-08-20,Edynburg,Szkocja,Kraków,Polska,ryanair,460.22,PLN,1.000000,price,,,EDI-KRK,2026-08-20T11:32:54Z,2026-08-20T12:23:59Z
2026-08-30,,308.38,EDI,KRK,2026-08-20,Edynburg,Szkocja,Kraków,Polska,ryanair,308.38,PLN,1.000000,price,,,EDI-KRK,2026-08-20T11:32:54Z,2026-08-20T12:23:59Z
2026-08-31,,468.00,EDI,KRK,2026-08-20,Edynburg,Szkocja,Kraków,Polska,ryanair,468.0,PLN,1.000000,price,,,EDI-KRK,2026-08-20T11:32:54Z,2026-08-20T12:23:59Z
2026-08-20,,576.04,EDI,POZ,2026-08-20,Edynburg,Szkocja,Poznań,Polska,ryanair,576.04,PLN,1.000000,price,,,EDI-POZ,2026-08-20T11:32:54Z,2026-08-20T12:23:59Z
2026-08-21,,449.70,EDI,POZ,2026-08-20,Edynburg,Szkocja,Poznań,Polska,ryanair,449.7,PLN,1.000000,price,,,EDI-POZ,2026-08-20T11:32:54Z,2026-08-20T12:23:59Z
2026-08-22,,530.56,EDI,POZ,2026-08-20,Edynburg,Szkocja,Poznań,Polska,ryanair,530.56,PLN,1.000000,price,,,EDI-POZ,2026-08-20T11:32:54Z,2026-08-20T12:23:59Z
2026-08-24,,293.05,EDI,POZ,2026-08-20,Edynburg,Szkocja,Poznań,Polska,ryanair,293.05,PLN,1.000000,price,,,EDI-POZ,2026-08-20T11:32:54Z,2026-08-20T12:23:59Z
2026-08-26,,200.89,EDI,POZ,2026-08-20,Edynburg,Szkocja,Poznań,Polska,ryanair,200.89,PLN,1.000000,price,,,EDI-POZ,2026-08-20T11:32:54Z,2026-08-20T12:23:59Z
2026-08-27,,215.96,EDI,POZ,2026-08-20,Edynburg,Szkocja,Poznań,Polska,ryanair,215.96,PLN,1.000000,price,,,EDI-POZ,2026-08-20T11:32:54Z,2026-08-20T12:23:59Z
2026-08-28,,191.32,EDI,POZ,2026-08-20,Edynburg,Szkocja,Poznań,Polska,ryanair,191.32,PLN,1.000000,price,,,EDI-POZ,2026-08-20T11:32:54Z,2026-08-20T12:23:59Z
2026-08-29,,246.73,EDI,POZ,2026-08-20,Edynburg,Szkocja,Poznań,Polska,ryanair,246.73,PLN,1.000000,price,,,EDI-POZ,2026-08-20T11:32:54Z,2026-08-20T12:23:59Z
2026-08-31,,444.65,EDI,POZ,2026-08-20,Edynburg,Szkocja,Poznań,Polska,ryanair,444.65,PLN,1.000000,price,,,EDI-POZ,2026-08-20T11:32:54Z,2026-08-20T12:23:59Z
2026-08-23,,888.21,EDI,WMI,2026-08-20,Edynburg,Szkocja,Warszawa,Polska,ryanair,888.21,PLN,1.000000,price,,,EDI-WMI,2026-08-20T11:32:54Z,2026-08-20T12:23:59Z
2026-08-24,,308.06,EDI,WMI,2026-08-20,Edynburg,Szkocja,Warszawa,Polska,ryanair,308.06,PLN,1.000000,price,,,EDI-WMI,2026-08-20T11:32:54Z,2026-08-20T12:23:59Z
2026-08-26,,132.32,EDI,WMI,2026-08-20,Edynburg,Szkocja,Warszawa,Polska,ryanair,132.32,PLN,1.000000,price,,,EDI-WMI,2026-08-20T11:32:54Z,2026-08-20T12:23:59Z
2026-08-27,,200.16,EDI,WMI,2026-08-20,Edynburg,Szkocja,Warszawa,Polska,ryanair,200.16,PLN,1.000000,price,,,EDI-WMI,2026-08-20T11:32:54Z,2026-08-20T12:23:59Z
2026-08-30,,292.32,EDI,WMI,2026-08-20,Edynburg,Szkocja,Warszawa,Polska,ryanair,292.32,PLN,1.000000,price,,,EDI-WMI,2026-08-20T11:32:54Z,2026-08-20T12:23:59Z
2026-08-31,,239.36,EDI,WMI,2026-08-20,Edynburg,Szkocja,Warszawa,Polska,ryanair,239.36,PLN,1.000000,price,,,EDI-WMI,2026-08-20T11:32:54Z,2026-08-20T12:23:59Z
2026-08-22,,351.10,EDI,WRO,2026-08-20,Edynburg,Szkocja,Wrocław,Polska,ryanair,351.1,PLN,1.000000,price,,,EDI-WRO,2026-08-20T11:32:54Z,2026-08-20T12:23:59Z
2026-08-23,,206.41,EDI,WRO,2026-08-20,Edynburg,Szkocja,Wrocław,Polska,ryanair,206.41,PLN,1.000000,price,,,EDI-WRO,2026-08-20T11:32:54Z,2026-08-20T12:23:59Z
2026-08-26,,667.53,EDI,WRO,2026-08-20,Edynburg,Szkocja,Wrocław,Polska,ryanair,667.53,PLN,1.000000,price,,,EDI-WRO,2026-08-20T11:32:54Z,2026-08-20T12:23:59Z
2026-08-27,,1050.54,EDI,WRO,2026-08-20,Edynburg,Szkocja,Wrocław,Polska,ryanair,1050.54,PLN,1.000000,price,,,EDI-WRO,2026-08-20T11:32:54Z,2026-08-20T12:23:59Z
2026-08-29,,304.16,EDI,WRO,2026-08-20,Edynburg,Szkocja,Wrocław,Polska,ryanair,304.16,PLN,1.000000,price,,,EDI-WRO,2026-08-20T11:32:54Z,2026-08-20T12:23:59Z
2026-08-30,,253.09,EDI,WRO,2026-08-20,Edynburg,Szkocja,Wrocław,Polska,ryanair,253.09,PLN,1.000000,price,,,EDI-WRO,2026-08-20T11:32:54Z,2026-08-20T12:23:59Z
2026-08-29,,626.36,EIN,GDN,2026-08-20,Eindhoven,Holandia,Gdańsk,Polska,wizzair,144.99,EUR,4.320028,price,IJ,False,EIN-GDN,2026-08-20T11:32:53Z,2026-08-20T12:23:59Z
2026-08-30,,431.96,EIN,GDN,2026-08-20,Eindhoven,Holandia,Gdańsk,Polska,wizzair,99.99,EUR,4.320028,price,KL,False,EIN-GDN,2026-08-20T11:32:53Z,2026-08-20T12:23:59Z
2026-08-31,,431.96,EIN,GDN,2026-08-20,Eindhoven,Holandia,Gdańsk,Polska,wizzair,99.99,EUR,4.320028,price,KL,False,EIN-GDN,2026-08-20T11:32:53Z,2026-08-20T12:23:59Z
2026-08-21,,1840.65,EIN,KRK,2026-08-20,Eindhoven,Holandia,Kraków,Polska,ryanair,1840.65,PLN,1.000000,price,,,EIN-KRK,2026-08-20T11:32:54Z,2026-08-20T12:23:59Z
2026-08-22,,1806.94,EIN,KRK,2026-08-20,Eindhoven,Holandia,Kraków,Polska,ryanair,1806.94,PLN,1.000000,price,,,EIN-KRK,2026-08-20T11:32:54Z,2026-08-20T12:23:59Z
2026-08-23,,1806.94,EIN,KRK,2026-08-20,Eindhoven,Holandia,Kraków,Polska,ryanair,1806.94,PLN,1.000000,price,,,EIN-KRK,2026-08-20T11:32:54Z,2026-08-20T12:23:59Z
2026-08-24,,589.50,EIN,KRK,2026-08-20,Eindhoven,Holandia,Kraków,Polska,ryanair,589.5,PLN,1.000000,price,,,EIN-KRK,2026-08-20T11:32:54Z,2026-08-20T12:23:59Z
2026-08-25,,578.57,EIN,KRK,2026-08-20,Eindhoven,Holandia,Kraków,Polska,ryanair,578.57,PLN,1.000000,price,,,EIN-KRK,2026-08-20T11:32:54Z,2026-08-20T12:23:59Z
2026-08-26,,568.41,EIN,KRK,2026-08-20,Eindhoven,Holandia,Kraków,Polska,ryanair,568.41,PLN,1.000000,price,,,EIN-KRK,2026-08-20T11:32:54Z,2026-08-20T12:23:59Z
2026-08-27,,634.75,EIN,KRK,2026-08-20,Eindhoven,Holandia,Kraków,Polska,ryanair,634.75,PLN,1.000000,price,,,EIN-KRK,2026-08-20T11:32:54Z,2026-08-20T12:23:59Z
2026-08-28,,659.17,EIN,KRK,2026-08-20,Eindhoven,Holandia,Kraków,Polska,ryanair,659.17,PLN,1.000000,price,,,EIN-KRK,2026-08-20T11:32:54Z,2026-08-20T12:23:59Z
2026-08-29,,431.96,EIN,KRK,2026-08-20,Eindhoven,Holandia,Kraków,Polska,wizzair,99.99,EUR,4.320028,price,JK,True,EIN-KRK,2026-08-20T11:32:53Z,2026-08-20T12:23:59Z
2026-08-30,,431.96,EIN,KRK,2026-08-20,Eindhoven,Holandia,Kraków,Polska,wizzair,99.99,EUR,4.320028,price,IJ,True,EIN-KRK,2026-08-20T11:32:53Z,2026-08-20T12:23:59Z
2026-08-31,,475.19,EIN,KRK,2026-08-20,Eindhoven,Holandia,Kraków,Polska,ryanair,475.19,PLN,1.000000,price,,,EIN-KRK,2026-08-20T11:32:54Z,2026-08-20T12:23:59Z
2026-08-29,,431.96,EIN,KTW,2026-08-20,Eindhoven,Holandia,Katowice,Polska,wizzair,99.99,EUR,4.320028,price,JK,True,EIN-KTW,2026-08-20T11:32:53Z,2026-08-20T12:23:59Z
2026-08-30,,431.96,EIN,KTW,2026-08-20,Eindhoven,Holandia,Katowice,Polska,wizzair,99.99,EUR,4.320028,price,IJ,True,EIN-KTW,2026-08-20T11:32:53Z,2026-08-20T12:23:59Z
2026-08-31,,496.76,EIN,KTW,2026-08-20,Eindhoven,Holandia,Katowice,Polska,wizzair,114.99,EUR,4.320028,price,I,False,EIN-KTW,2026-08-20T11:32:53Z,2026-08-20T12:23:59Z
2026-08-29,,431.96,EIN,WAW,2026-08-20,Eindhoven,Holandia,Warszawa,Polska,wizzair,99.99,EUR,4.320028,price,JK,False,EIN-WAW,2026-08-20T11:32:53Z,2026-08-20T12:23:59Z
2026-08-30,,431.96,EIN,WAW,2026-08-20,Eindhoven,Holandia,Warszawa,Polska,wizzair,99.99,EUR,4.320028,price,JK,False,EIN-WAW,2026-08-20T11:32:53Z,2026-08-20T12:23:59Z
2026-08-31,,496.76,EIN,WAW,2026-08-20,Eindhoven,Holandia,Warszawa,Polska,wizzair,114.99,EUR,4.320028,price,J,False,EIN-WAW,2026-08-20T11:32:53Z,2026-08-20T12:23:59Z
2026-08-20,,1214.49,EIN,WMI,2026-08-20,Eindhoven,Holandia,Warszawa,Polska,ryanair,1214.49,PLN,1.000000,price,,,EIN-WMI,2026-08-20T11:32:54Z,2026-08-20T12:23:59Z
2026-08-24,,374.89,EIN,WMI,2026-08-20,Eindhoven,Holandia,Warszawa,Polska,ryanair,374.89,PLN,1.000000,price,,,EIN-WMI,2026-08-20T11:32:54Z,2026-08-20T12:23:59Z
2026-08-27,,380.31,EIN,WMI,2026-08-20,Eindhoven,Holandia,Warszawa,Polska,ryanair,380.31,PLN,1.000000,price,,,EIN-WMI,2026-08-20T11:32:54Z,2026-08-20T12:23:59Z
2026-08-31,,289.00,EIN,WMI,2026-08-20,Eindhoven,Holandia,Warszawa,Polska,ryanair,289.0,PLN,1.000000,price,,,EIN-WMI,2026-08-20T11:32:54Z,2026-08-20T12:23:59Z
2026-08-29,,496.76,EIN,WRO,2026-08-20,Eindhoven,Holandia,Wrocław,Polska,wizzair,114.99,EUR,4.320028,price,J,False,EIN-WRO,2026-08-20T11:32:53Z,2026-08-20T12:23:59Z
2026-08-30,,388.76,EIN,WRO,2026-08-20,Eindhoven,Holandia,Wrocław,Polska,wizzair,89.99,EUR,4.320028,price,K,False,EIN-WRO,2026-08-20T11:32:53Z,2026-08-20T12:23:59Z
2026-08-20,,560.88,EMA,KRK,2026-08-20,East Midlands,Wielka Brytania,Kraków,Polska,ryanair,560.88,PLN,1.000000,price,,,EMA-KRK,2026-08-20T11:32:54Z,2026-08-20T12:23:59Z
2026-08-21,,373.90,EMA,KRK,2026-08-20,East Midlands,Wielka Brytania,Kraków,Polska,ryanair,373.9,PLN,1.000000,price,,,EMA-KRK,2026-08-20T11:32:54Z,2026-08-20T12:23:59Z
2026-08-23,,381.73,EMA,KRK,2026-08-20,East Midlands,Wielka Brytania,Kraków,Polska,ryanair,381.73,PLN,1.000000,price,,,EMA-KRK,2026-08-20T11:32:54Z,2026-08-20T12:23:59Z
2026-08-24,,281.26,EMA,KRK,2026-08-20,East Midlands,Wielka Brytania,Kraków,Polska,ryanair,281.26,PLN,1.000000,price,,,EMA-KRK,2026-08-20T11:32:54Z,2026-08-20T12:23:59Z
2026-08-26,,144.79,EMA,KRK,2026-08-20,East Midlands,Wielka Brytania,Kraków,Polska,ryanair,144.79,PLN,1.000000,price,,,EMA-KRK,2026-08-20T11:32:54Z,2026-08-20T12:23:59Z
2026-08-27,,144.79,EMA,KRK,2026-08-20,East Midlands,Wielka Brytania,Kraków,Polska,ryanair,144.79,PLN,1.000000,price,,,EMA-KRK,2026-08-20T11:32:54Z,2026-08-20T12:23:59Z
2026-08-28,,253.25,EMA,KRK,2026-08-20,East Midlands,Wielka Brytania,Kraków,Polska,ryanair,253.25,PLN,1.000000,price,,,EMA-KRK,2026-08-20T11:32:54Z,2026-08-20T12:23:59Z
2026-08-30,,186.93,EMA,KRK,2026-08-20,East Midlands,Wielka Brytania,Kraków,Polska,ryanair,186.93,PLN,1.000000,price,,,EMA-KRK,2026-08-20T11:32:54Z,2026-08-20T12:23:59Z
2026-08-31,,126.29,EMA,KRK,2026-08-20,East Midlands,Wielka Brytania,Kraków,Polska,ryanair,126.29,PLN,1.000000,price,,,EMA-KRK,2026-08-20T11:32:54Z,2026-08-20T12:23:59Z
2026-08-21,,342.95,EMA,WRO,2026-08-20,East Midlands,Wielka Brytania,Wrocław,Polska,ryanair,342.95,PLN,1.000000,price,,,EMA-WRO,2026-08-20T11:32:54Z,2026-08-20T12:23:59Z
2026-08-22,,345.35,EMA,WRO,2026-08-20,East Midlands,Wielka Brytania,Wrocław,Polska,ryanair,345.35,PLN,1.000000,price,,,EMA-WRO,2026-08-20T11:32:54Z,2026-08-20T12:23:59Z
2026-08-24,,489.00,EMA,WRO,2026-08-20,East Midlands,Wielka Brytania,Wrocław,Polska,ryanair,489.0,PLN,1.000000,price,,,EMA-WRO,2026-08-20T11:32:54Z,2026-08-20T12:23:59Z
2026-08-26,,208.32,EMA,WRO,2026-08-20,East Midlands,Wielka Brytania,Wrocław,Polska,ryanair,208.32,PLN,1.000000,price,,,EMA-WRO,2026-08-20T11:32:54Z,2026-08-20T12:23:59Z
2026-08-27,,160.95,EMA,WRO,2026-08-20,East Midlands,Wielka Brytania,Wrocław,Polska,ryanair,160.95,PLN,1.000000,price,,,EMA-WRO,2026-08-20T11:32:54Z,2026-08-20T12:23:59Z
2026-08-28,,233.10,EMA,WRO,2026-08-20,East Midlands,Wielka Brytania,Wrocław,Polska,ryanair,233.1,PLN,1.000000,price,,,EMA-WRO,2026-08-20T11:32:54Z,2026-08-20T12:23:59Z
2026-08-29,,261.38,EMA,WRO,2026-08-20,East Midlands,Wielka Brytania,Wrocław,Polska,ryanair,261.38,PLN,1.000000,price,,,EMA-WRO,2026-08-20T11:32:54Z,2026-08-20T12:23:59Z
2026-08-31,,145.32,EMA,WRO,2026-08-20,East Midlands,Wielka Brytania,Wrocław,Polska,ryanair,145.32,PLN,1.000000,price,,,EMA-WRO,2026-08-20T11:32:54Z,2026-08-20T12:23:59Z
2026-08-22,,722.75,FAO,KRK,2026-08-20,Faro,Portugalia,Kraków,Polska,ryanair,722.75,PLN,1.000000,price,,,FAO-KRK,2026-08-20T11:32:54Z,2026-08-20T12:23:59Z
2026-08-23,,794.06,FAO,KRK,2026-08-20,Faro,Portugalia,Kraków,Polska,ryanair,794.06,PLN,1.000000,price,,,FAO-KRK,2026-08-20T11:32:54Z,2026-08-20T12:23:59Z
2026-08-25,,1066.53,FAO,KRK,2026-08-20,Faro,Portugalia,Kraków,Polska,ryanair,1066.53,PLN,1.000000,price,,,FAO-KRK,2026-08-20T11:32:54Z,2026-08-20T12:23:59Z
2026-08-26,,727.07,FAO,KRK,2026-08-20,Faro,Portugalia,Kraków,Polska,ryanair,727.07,PLN,1.000000,price,,,FAO-KRK,2026-08-20T11:32:54Z,2026-08-20T12:23:59Z
2026-08-29,,1155.00,FAO,KRK,2026-08-20,Faro,Portugalia,Kraków,Polska,ryanair,1155.0,PLN,1.000000,price,,,FAO-KRK,2026-08-20T11:32:54Z,2026-08-20T12:23:59Z
2026-08-30,,1885.12,FAO,KRK,2026-08-20,Faro,Portugalia,Kraków,Polska,ryanair,1885.12,PLN,1.000000,price,,,FAO-KRK,2026-08-20T11:32:54Z,2026-08-20T12:23:59Z
2026-08-31,,647.96,FAO,KTW,2026-08-20,Faro,Portugalia,Katowice,Polska,wizzair,149.99,EUR,4.320028,price,HI,False,FAO-KTW,2026-08-20T11:32:53Z,2026-08-20T12:23:59Z
2026-08-20,,1770.73,FAO,WMI,2026-08-20,Faro,Portugalia,Warszawa,Polska,ryanair,1770.73,PLN,1.000000,price,,,FAO-WMI,2026-08-20T11:32:54Z,2026-08-20T12:23:59Z
2026-08-23,,1505.81,FAO,WMI,2026-08-20,Faro,Portugalia,Warszawa,Polska,ryanair,1505.81,PLN,1.000000,price,,,FAO-WMI,2026-08-20T11:32:54Z,2026-08-20T12:23:59Z
2026-08-27,,1321.83,FAO,WMI,2026-08-20,Faro,Portugalia,Warszawa,Polska,ryanair,1321.83,PLN,1.000000,price,,,FAO-WMI,2026-08-20T11:32:54Z,2026-08-20T12:23:59Z
2026-08-30,,1082.40,FAO,WMI,2026-08-20,Faro,Portugalia,Warszawa,Polska,ryanair,1082.4,PLN,1.000000,price,,,FAO-WMI,2026-08-20T11:32:54Z,2026-08-20T12:23:59Z
2026-08-20,,1080.48,FCO,GDN,2026-08-20,Rzym,Włochy,Gdańsk,Polska,ryanair,1080.48,PLN,1.000000,price,,,FCO-GDN,2026-08-20T11:32:54Z,2026-08-20T12:23:59Z
2026-08-21,,724.67,FCO,GDN,2026-08-20,Rzym,Włochy,Gdańsk,Polska,ryanair,724.67,PLN,1.000000,price,,,FCO-GDN,2026-08-20T11:32:54Z,2026-08-20T12:23:59Z
2026-08-22,,657.91,FCO,GDN,2026-08-20,Rzym,Włochy,Gdańsk,Polska,ryanair,657.91,PLN,1.000000,price,,,FCO-GDN,2026-08-20T11:32:54Z,2026-08-20T12:23:59Z
2026-08-23,,425.00,FCO,GDN,2026-08-20,Rzym,Włochy,Gdańsk,Polska,ryanair,425.0,PLN,1.000000,price,,,FCO-GDN,2026-08-20T11:32:54Z,2026-08-20T12:23:59Z
2026-08-24,,897.50,FCO,GDN,2026-08-20,Rzym,Włochy,Gdańsk,Polska,ryanair,897.5,PLN,1.000000,price,,,FCO-GDN,2026-08-20T11:32:54Z,2026-08-20T12:23:59Z
2026-08-25,,350.29,FCO,GDN,2026-08-20,Rzym,Włochy,Gdańsk,Polska,ryanair,350.29,PLN,1.000000,price,,,FCO-GDN,2026-08-20T11:32:54Z,2026-08-20T12:23:59Z
2026-08-26,,424.09,FCO,GDN,2026-08-20,Rzym,Włochy,Gdańsk,Polska,ryanair,424.09,PLN,1.000000,price,,,FCO-GDN,2026-08-20T11:32:54Z,2026-08-20T12:23:59Z
2026-08-27,,236.98,FCO,GDN,2026-08-20,Rzym,Włochy,Gdańsk,Polska,ryanair,236.98,PLN,1.000000,price,,,FCO-GDN,2026-08-20T11:32:54Z,2026-08-20T12:23:59Z
2026-08-28,,168.08,FCO,GDN,2026-08-20,Rzym,Włochy,Gdańsk,Polska,ryanair,168.08,PLN,1.000000,price,,,FCO-GDN,2026-08-20T11:32:54Z,2026-08-20T12:23:59Z
2026-08-29,,324.05,FCO,GDN,2026-08-20,Rzym,Włochy,Gdańsk,Polska,ryanair,324.05,PLN,1.000000,price,,,FCO-GDN,2026-08-20T11:32:54Z,2026-08-20T12:23:59Z
2026-08-30,,496.76,FCO,GDN,2026-08-20,Rzym,Włochy,Gdańsk,Polska,wizzair,114.99,EUR,4.320028,price,I,False,FCO-GDN,2026-08-20T11:32:53Z,2026-08-20T12:23:59Z
2026-08-31,,273.82,FCO,GDN,2026-08-20,Rzym,Włochy,Gdańsk,Polska,ryanair,273.82,PLN,1.000000,price,,,FCO-GDN,2026-08-20T11:32:54Z,2026-08-20T12:23:59Z
2026-08-29,,259.16,FCO,KRK,2026-08-20,Rzym,Włochy,Kraków,Polska,wizzair,59.99,EUR,4.320028,price,L,False,FCO-KRK,2026-08-20T11:32:53Z,2026-08-20T12:23:59Z
2026-08-30,,431.96,FCO,KRK,2026-08-20,Rzym,Włochy,Kraków,Polska,wizzair,99.99,EUR,4.320028,price,IJ,True,FCO-KRK,2026-08-20T11:32:53Z,2026-08-20T12:23:59Z
2026-08-31,,388.76,FCO,KRK,2026-08-20,Rzym,Włochy,Kraków,Polska,wizzair,89.99,EUR,4.320028,price,J,False,FCO-KRK,2026-08-20T11:32:53Z,2026-08-20T12:23:59Z
2026-08-20,,689.03,FCO,KTW,2026-08-20,Rzym,Włochy,Katowice,Polska,ryanair,689.03,PLN,1.000000,price,,,FCO-KTW,2026-08-20T11:32:54Z,2026-08-20T12:23:59Z
2026-08-23,,604.41,FCO,KTW,2026-08-20,Rzym,Włochy,Katowice,Polska,ryanair,604.41,PLN,1.000000,price,,,FCO-KTW,2026-08-20T11:32:54Z,2026-08-20T12:23:59Z
2026-08-25,,231.40,FCO,KTW,2026-08-20,Rzym,Włochy,Katowice,Polska,ryanair,231.4,PLN,1.000000,price,,,FCO-KTW,2026-08-20T11:32:54Z,2026-08-20T12:23:59Z
2026-08-27,,275.08,FCO,KTW,2026-08-20,Rzym,Włochy,Katowice,Polska,ryanair,275.08,PLN,1.000000,price,,,FCO-KTW,2026-08-20T11:32:54Z,2026-08-20T12:23:59Z
2026-08-29,,259.16,FCO,KTW,2026-08-20,Rzym,Włochy,Katowice,Polska,wizzair,59.99,EUR,4.320028,price,L,True,FCO-KTW,2026-08-20T11:32:53Z,2026-08-20T12:23:59Z
2026-08-30,,383.43,FCO,KTW,2026-08-20,Rzym,Włochy,Katowice,Polska,ryanair,383.43,PLN,1.000000,price,,,FCO-KTW,2026-08-20T11:32:54Z,2026-08-20T12:23:59Z
2026-08-31,,388.76,FCO,KTW,2026-08-20,Rzym,Włochy,Katowice,Polska,wizzair,89.99,EUR,4.320028,price,J,True,FCO-KTW,2026-08-20T11:32:53Z,2026-08-20T12:23:59Z
2026-08-29,,345.56,FCO,WAW,2026-08-20,Rzym,Włochy,Warszawa,Polska,wizzair,79.99,EUR,4.320028,price,KL,False,FCO-WAW,2026-08-20T11:32:53Z,2026-08-20T12:23:59Z
2026-08-30,,496.76,FCO,WAW,2026-08-20,Rzym,Włochy,Warszawa,Polska,wizzair,114.99,EUR,4.320028,price,J,False,FCO-WAW,2026-08-20T11:32:53Z,2026-08-20T12:23:59Z
2026-08-31,,431.96,FCO,WAW,2026-08-20,Rzym,Włochy,Warszawa,Polska,wizzair,99.99,EUR,4.320028,price,JK,False,FCO-WAW,2026-08-20T11:32:53Z,2026-08-20T12:23:59Z
2026-08-22,,795.21,FMM,KRK,2026-08-20,Memmingen,Niemcy,Kraków,Polska,ryanair,795.21,PLN,1.000000,price,,,FMM-KRK,2026-08-20T11:32:54Z,2026-08-20T12:23:59Z
2026-08-23,,735.00,FMM,KRK,2026-08-20,Memmingen,Niemcy,Kraków,Polska,ryanair,735.0,PLN,1.000000,price,,,FMM-KRK,2026-08-20T11:32:54Z,2026-08-20T12:23:59Z
2026-08-24,,533.61,FMM,KRK,2026-08-20,Memmingen,Niemcy,Kraków,Polska,ryanair,533.61,PLN,1.000000,price,,,FMM-KRK,2026-08-20T11:32:54Z,2026-08-20T12:23:59Z
2026-08-26,,977.78,FMM,KRK,2026-08-20,Memmingen,Niemcy,Kraków,Polska,ryanair,977.78,PLN,1.000000,price,,,FMM-KRK,2026-08-20T11:32:54Z,2026-08-20T12:23:59Z
2026-08-29,,336.11,FMM,KRK,2026-08-20,Memmingen,Niemcy,Kraków,Polska,ryanair,336.11,PLN,1.000000,price,,,FMM-KRK,2026-08-20T11:32:54Z,2026-08-20T12:23:59Z
2026-08-30,,272.26,FMM,KRK,2026-08-20,Memmingen,Niemcy,Kraków,Polska,ryanair,272.26,PLN,1.000000,price,,,FMM-KRK,2026-08-20T11:32:54Z,2026-08-20T12:23:59Z
2026-08-31,,124.00,FMM,KRK,2026-08-20,Memmingen,Niemcy,Kraków,Polska,ryanair,124.0,PLN,1.000000,price,,,FMM-KRK,2026-08-20T11:32:54Z,2026-08-20T12:23:59Z
2026-08-27,,1823.46,FUE,KRK,2026-08-20,Fuerteventura,Hiszpania,Kraków,Polska,ryanair,1823.46,PLN,1.000000,price,,,FUE-KRK,2026-08-20T11:32:54Z,2026-08-20T12:23:59Z
2026-08-21,,69.11,GDN,AAR,2026-08-20,Gdańsk,Polska,Aarhus,Dania,ryanair,69.11,PLN,1.000000,price,,,GDN-AAR,2026-08-20T11:32:54Z,2026-08-20T12:23:59Z
2026-08-22,,183.00,GDN,AAR,2026-08-20,Gdańsk,Polska,Aarhus,Dania,ryanair,183.0,PLN,1.000000,price,,,GDN-AAR,2026-08-20T11:32:54Z,2026-08-20T12:23:59Z
2026-08-23,,272.26,GDN,AAR,2026-08-20,Gdańsk,Polska,Aarhus,Dania,ryanair,272.26,PLN,1.000000,price,,,GDN-AAR,2026-08-20T11:32:54Z,2026-08-20T12:23:59Z
2026-08-25,,146.91,GDN,AAR,2026-08-20,Gdańsk,Polska,Aarhus,Dania,ryanair,146.91,PLN,1.000000,price,,,GDN-AAR,2026-08-20T11:32:54Z,2026-08-20T12:23:59Z
2026-08-26,,107.70,GDN,AAR,2026-08-20,Gdańsk,Polska,Aarhus,Dania,ryanair,107.7,PLN,1.000000,price,,,GDN-AAR,2026-08-20T11:32:54Z,2026-08-20T12:23:59Z
2026-08-27,,68.91,GDN,AAR,2026-08-20,Gdańsk,Polska,Aarhus,Dania,ryanair,68.91,PLN,1.000000,price,,,GDN-AAR,2026-08-20T11:32:54Z,2026-08-20T12:23:59Z
2026-08-28,,80.14,GDN,AAR,2026-08-20,Gdańsk,Polska,Aarhus,Dania,ryanair,80.14,PLN,1.000000,price,,,GDN-AAR,2026-08-20T11:32:54Z,2026-08-20T12:23:59Z
2026-08-29,,112.01,GDN,AAR,2026-08-20,Gdańsk,Polska,Aarhus,Dania,ryanair,112.01,PLN,1.000000,price,,,GDN-AAR,2026-08-20T11:32:54Z,2026-08-20T12:23:59Z
2026-08-30,,120.98,GDN,AAR,2026-08-20,Gdańsk,Polska,Aarhus,Dania,ryanair,120.98,PLN,1.000000,price,,,GDN-AAR,2026-08-20T11:32:54Z,2026-08-20T12:23:59Z
2026-08-29,,519.00,GDN,ABZ,2026-08-20,Gdańsk,Polska,Aberdeen,Wielka Brytania,wizzair,519.0,PLN,1.000000,price,I,False,GDN-ABZ,2026-08-20T11:32:53Z,2026-08-20T12:23:59Z
2026-08-30,,559.00,GDN,AES,2026-08-20,Gdańsk,Polska,Ålesund,Norwegia,wizzair,559.0,PLN,1.000000,price,HI,False,GDN-AES,2026-08-20T11:32:53Z,2026-08-20T12:23:59Z
2026-08-31,,319.00,GDN,AES,2026-08-20,Gdańsk,Polska,Ålesund,Norwegia,wizzair,319.0,PLN,1.000000,price,K,False,GDN-AES,2026-08-20T11:32:53Z,2026-08-20T12:23:59Z
2026-08-20,,851.43,GDN,AGP,2026-08-20,Gdańsk,Polska,Malaga,Hiszpania,ryanair,851.43,PLN,1.000000,price,,,GDN-AGP,2026-08-20T11:32:54Z,2026-08-20T12:23:59Z
2026-08-21,,881.69,GDN,AGP,2026-08-20,Gdańsk,Polska,Malaga,Hiszpania,ryanair,881.69,PLN,1.000000,price,,,GDN-AGP,2026-08-20T11:32:54Z,2026-08-20T12:23:59Z
2026-08-24,,714.58,GDN,AGP,2026-08-20,Gdańsk,Polska,Malaga,Hiszpania,ryanair,714.58,PLN,1.000000,price,,,GDN-AGP,2026-08-20T11:32:54Z,2026-08-20T12:23:59Z
2026-08-25,,361.96,GDN,AGP,2026-08-20,Gdańsk,Polska,Malaga,Hiszpania,ryanair,361.96,PLN,1.000000,price,,,GDN-AGP,2026-08-20T11:32:54Z,2026-08-20T12:23:59Z
2026-08-26,,367.34,GDN,AGP,2026-08-20,Gdańsk,Polska,Malaga,Hiszpania,ryanair,367.34,PLN,1.000000,price,,,GDN-AGP,2026-08-20T11:32:54Z,2026-08-20T12:23:59Z
2026-08-27,,548.88,GDN,AGP,2026-08-20,Gdańsk,Polska,Malaga,Hiszpania,ryanair,548.88,PLN,1.000000,price,,,GDN-AGP,2026-08-20T11:32:54Z,2026-08-20T12:23:59Z
2026-08-28,,452.46,GDN,AGP,2026-08-20,Gdańsk,Polska,Malaga,Hiszpania,ryanair,452.46,PLN,1.000000,price,,,GDN-AGP,2026-08-20T11:32:54Z,2026-08-20T12:23:59Z
2026-08-31,,341.18,GDN,AGP,2026-08-20,Gdańsk,Polska,Malaga,Hiszpania,ryanair,341.18,PLN,1.000000,price,,,GDN-AGP,2026-08-20T11:32:54Z,2026-08-20T12:23:59Z
2026-08-20,,665.58,GDN,ALC,2026-08-20,Gdańsk,Polska,Alicante,Hiszpania,ryanair,665.58,PLN,1.000000,price,,,GDN-ALC,2026-08-20T11:32:54Z,2026-08-20T12:23:59Z
2026-08-21,,540.23,GDN,ALC,2026-08-20,Gdańsk,Polska,Alicante,Hiszpania,ryanair,540.23,PLN,1.000000,price,,,GDN-ALC,2026-08-20T11:32:54Z,2026-08-20T12:23:59Z
2026-08-22,,1401.99,GDN,ALC,2026-08-20,Gdańsk,Polska,Alicante,Hiszpania,ryanair,1401.99,PLN,1.000000,price,,,GDN-ALC,2026-08-20T11:32:54Z,2026-08-20T12:23:59Z
2026-08-24,,1789.26,GDN,ALC,2026-08-20,Gdańsk,Polska,Alicante,Hiszpania,ryanair,1789.26,PLN,1.000000,price,,,GDN-ALC,2026-08-20T11:32:54Z,2026-08-20T12:23:59Z
2026-08-25,,682.86,GDN,ALC,2026-08-20,Gdańsk,Polska,Alicante,Hiszpania,ryanair,682.86,PLN,1.000000,price,,,GDN-ALC,2026-08-20T11:32:54Z,2026-08-20T12:23:59Z
2026-08-26,,510.16,GDN,ALC,2026-08-20,Gdańsk,Polska,Alicante,Hiszpania,ryanair,510.16,PLN,1.000000,price,,,GDN-ALC,2026-08-20T11:32:54Z,2026-08-20T12:23:59Z
2026-08-27,,349.49,GDN,ALC,2026-08-20,Gdańsk,Polska,Alicante,Hiszpania,ryanair,349.49,PLN,1.000000,price,,,GDN-ALC,2026-08-20T11:32:54Z,2026-08-20T12:23:59Z
2026-08-28,,371.67,GDN,ALC,2026-08-20,Gdańsk,Polska,Alicante,Hiszpania,ryanair,371.67,PLN,1.000000,price,,,GDN-ALC,2026-08-20T11:32:54Z,2026-08-20T12:23:59Z
2026-08-29,,514.31,GDN,ALC,2026-08-20,Gdańsk,Polska,Alicante,Hiszpania,ryanair,514.31,PLN,1.000000,price,,,GDN-ALC,2026-08-20T11:32:54Z,2026-08-20T12:23:59Z
2026-08-30,,449.00,GDN,ALC,2026-08-20,Gdańsk,Polska,Alicante,Hiszpania,wizzair,449.0,PLN,1.000000,price,IJ,False,GDN-ALC,2026-08-20T11:32:53Z,2026-08-20T12:23:59Z
2026-08-31,,439.54,GDN,ALC,2026-08-20,Gdańsk,Polska,Alicante,Hiszpania,ryanair,439.54,PLN,1.000000,price,,,GDN-ALC,2026-08-20T11:32:54Z,2026-08-20T12:23:59Z
2026-08-20,,475.40,GDN,ARN,2026-08-20,Gdańsk,Polska,Sztokholm,Szwecja,ryanair,475.4,PLN,1.000000,price,,,GDN-ARN,2026-08-20T11:32:54Z,2026-08-20T12:23:59Z
2026-08-21,,734.73,GDN,ARN,2026-08-20,Gdańsk,Polska,Sztokholm,Szwecja,ryanair,734.73,PLN,1.000000,price,,,GDN-ARN,2026-08-20T11:32:54Z,2026-08-20T12:23:59Z
2026-08-22,,475.40,GDN,ARN,2026-08-20,Gdańsk,Polska,Sztokholm,Szwecja,ryanair,475.4,PLN,1.000000,price,,,GDN-ARN,2026-08-20T11:32:54Z,2026-08-20T12:23:59Z
2026-08-23,,1283.65,GDN,ARN,2026-08-20,Gdańsk,Polska,Sztokholm,Szwecja,ryanair,1283.65,PLN,1.000000,price,,,GDN-ARN,2026-08-20T11:32:54Z,2026-08-20T12:23:59Z
2026-08-24,,254.22,GDN,ARN,2026-08-20,Gdańsk,Polska,Sztokholm,Szwecja,ryanair,254.22,PLN,1.000000,price,,,GDN-ARN,2026-08-20T11:32:54Z,2026-08-20T12:23:59Z
2026-08-25,,254.22,GDN,ARN,2026-08-20,Gdańsk,Polska,Sztokholm,Szwecja,ryanair,254.22,PLN,1.000000,price,,,GDN-ARN,2026-08-20T11:32:54Z,2026-08-20T12:23:59Z
2026-08-26,,81.86,GDN,ARN,2026-08-20,Gdańsk,Polska,Sztokholm,Szwecja,ryanair,81.86,PLN,1.000000,price,,,GDN-ARN,2026-08-20T11:32:54Z,2026-08-20T12:23:59Z
2026-08-27,,81.86,GDN,ARN,2026-08-20,Gdańsk,Polska,Sztokholm,Szwecja,ryanair,81.86,PLN,1.000000,price,,,GDN-ARN,2026-08-20T11:32:54Z,2026-08-20T12:23:59Z
2026-08-28,,129.24,GDN,ARN,2026-08-20,Gdańsk,Polska,Sztokholm,Szwecja,ryanair,129.24,PLN,1.000000,price,,,GDN-ARN,2026-08-20T11:32:54Z,2026-08-20T12:23:59Z
2026-08-29,,109.00,GDN,ARN,2026-08-20,Gdańsk,Polska,Sztokholm,Szwecja,wizzair,109.0,PLN,1.000000,price,BO,False,GDN-ARN,2026-08-20T11:32:53Z,2026-08-20T12:23:59Z
2026-08-30,,359.00,GDN,ARN,2026-08-20,Gdańsk,Polska,Sztokholm,Szwecja,wizzair,359.0,PLN,1.000000,price,HI,False,GDN-ARN,2026-08-20T11:32:53Z,2026-08-20T12:23:59Z
2026-08-31,,179.00,GDN,ARN,2026-08-20,Gdańsk,Polska,Sztokholm,Szwecja,wizzair,179.0,PLN,1.000000,price,KL,False,GDN-ARN,2026-08-20T11:32:53Z,2026-08-20T12:23:59Z
2026-08-31,,269.00,GDN,ATH,2026-08-20,Gdańsk,Polska,Ateny,Grecja,wizzair,269.0,PLN,1.000000,price,L,False,GDN-ATH,2026-08-20T11:32:53Z,2026-08-20T12:23:59Z
2026-08-22,,886.01,GDN,BCN,2026-08-20,Gdańsk,Polska,Barcelona,Hiszpania,ryanair,886.01,PLN,1.000000,price,,,GDN-BCN,2026-08-20T11:32:54Z,2026-08-20T12:23:59Z
2026-08-25,,1148.35,GDN,BCN,2026-08-20,Gdańsk,Polska,Barcelona,Hiszpania,ryanair,1148.35,PLN,1.000000,price,,,GDN-BCN,2026-08-20T11:32:54Z,2026-08-20T12:23:59Z
2026-08-26,,671.58,GDN,BCN,2026-08-20,Gdańsk,Polska,Barcelona,Hiszpania,ryanair,671.58,PLN,1.000000,price,,,GDN-BCN,2026-08-20T11:32:54Z,2026-08-20T12:23:59Z
2026-08-27,,548.88,GDN,BCN,2026-08-20,Gdańsk,Polska,Barcelona,Hiszpania,ryanair,548.88,PLN,1.000000,price,,,GDN-BCN,2026-08-20T11:32:54Z,2026-08-20T12:23:59Z
2026-08-29,,559.00,GDN,BCN,2026-08-20,Gdańsk,Polska,Barcelona,Hiszpania,wizzair,559.0,PLN,1.000000,price,HI,False,GDN-BCN,2026-08-20T11:32:53Z,2026-08-20T12:23:59Z
2026-08-24,,751.83,GDN,BDS,2026-08-20,Gdańsk,Polska,Brindisi,Włochy,ryanair,751.83,PLN,1.000000,price,,,GDN-BDS,2026-08-20T11:32:54Z,2026-08-20T12:23:59Z
2026-08-27,,534.42,GDN,BDS,2026-08-20,Gdańsk,Polska,Brindisi,Włochy,ryanair,534.42,PLN,1.000000,price,,,GDN-BDS,2026-08-20T11:32:54Z,2026-08-20T12:23:59Z
2026-08-31,,208.32,GDN,BDS,2026-08-20,Gdańsk,Polska,Brindisi,Włochy,ryanair,208.32,PLN,1.000000,price,,,GDN-BDS,2026-08-20T11:32:54Z,2026-08-20T12:23:59Z
2026-08-29,,139.00,GDN,BGO,2026-08-20,Gdańsk,Polska,Bergen,Norwegia,wizzair,139.0,PLN,1.000000,price,P,False,GDN-BGO,2026-08-20T11:32:53Z,2026-08-20T12:23:59Z
2026-08-30,,179.00,GDN,BGO,2026-08-20,Gdańsk,Polska,Bergen,Norwegia,wizzair,179.0,PLN,1.000000,price,O,False,GDN-BGO,2026-08-20T11:32:53Z,2026-08-20T12:23:59Z
2026-08-31,,179.00,GDN,BGO,2026-08-20,Gdańsk,Polska,Bergen,Norwegia,wizzair,179.0,PLN,1.000000,price,O,False,GDN-BGO,2026-08-20T11:32:53Z,2026-08-20T12:23:59Z
2026-08-21,,546.94,GDN,BGY,2026-08-20,Gdańsk,Polska,Mediolan,Włochy,ryanair,546.94,PLN,1.000000,price,,,GDN-BGY,2026-08-20T11:32:54Z,2026-08-20T12:23:59Z
2026-08-22,,726.09,GDN,BGY,2026-08-20,Gdańsk,Polska,Mediolan,Włochy,ryanair,726.09,PLN,1.000000,price,,,GDN-BGY,2026-08-20T11:32:54Z,2026-08-20T12:23:59Z
2026-08-23,,1188.56,GDN,BGY,2026-08-20,Gdańsk,Polska,Mediolan,Włochy,ryanair,1188.56,PLN,1.000000,price,,,GDN-BGY,2026-08-20T11:32:54Z,2026-08-20T12:23:59Z
2026-08-25,,1248.65,GDN,BGY,2026-08-20,Gdańsk,Polska,Mediolan,Włochy,ryanair,1248.65,PLN,1.000000,price,,,GDN-BGY,2026-08-20T11:32:54Z,2026-08-20T12:23:59Z
2026-08-26,,1524.92,GDN,BGY,2026-08-20,Gdańsk,Polska,Mediolan,Włochy,ryanair,1524.92,PLN,1.000000,price,,,GDN-BGY,2026-08-20T11:32:54Z,2026-08-20T12:23:59Z
2026-08-27,,993.28,GDN,BGY,2026-08-20,Gdańsk,Polska,Mediolan,Włochy,ryanair,993.28,PLN,1.000000,price,,,GDN-BGY,2026-08-20T11:32:54Z,2026-08-20T12:23:59Z
2026-08-28,,522.94,GDN,BGY,2026-08-20,Gdańsk,Polska,Mediolan,Włochy,ryanair,522.94,PLN,1.000000,price,,,GDN-BGY,2026-08-20T11:32:54Z,2026-08-20T12:23:59Z
2026-08-29,,518.58,GDN,BGY,2026-08-20,Gdańsk,Polska,Mediolan,Włochy,ryanair,518.58,PLN,1.000000,price,,,GDN-BGY,2026-08-20T11:32:54Z,2026-08-20T12:23:59Z
2026-08-30,,903.30,GDN,BGY,2026-08-20,Gdańsk,Polska,Mediolan,Włochy,ryanair,903.3,PLN,1.000000,price,,,GDN-BGY,2026-08-20T11:32:54Z,2026-08-20T12:23:59Z
2026-08-31,,367.34,GDN,BGY,2026-08-20,Gdańsk,Polska,Mediolan,Włochy,ryanair,367.34,PLN,1.000000,price,,,GDN-BGY,2026-08-20T11:32:54Z,2026-08-20T12:23:59Z
2026-08-29,,129.00,GDN,BLL,2026-08-20,Gdańsk,Polska,Billund,Dania,wizzair,129.0,PLN,1.000000,price,OP,False,GDN-BLL,2026-08-20T11:32:53Z,2026-08-20T12:23:59Z
2026-08-30,,269.00,GDN,BLL,2026-08-20,Gdańsk,Polska,Billund,Dania,wizzair,269.0,PLN,1.000000,price,K,False,GDN-BLL,2026-08-20T11:32:53Z,2026-08-20T12:23:59Z
2026-08-21,,339.48,GDN,BOJ,2026-08-20,Gdańsk,Polska,Burgas,Bułagria,ryanair,339.48,PLN,1.000000,price,,,GDN-BOJ,2026-08-20T11:32:54Z,2026-08-20T12:23:59Z
2026-08-23,,194.88,GDN,BOJ,2026-08-20,Gdańsk,Polska,Burgas,Bułagria,ryanair,194.88,PLN,1.000000,price,,,GDN-BOJ,2026-08-20T11:32:54Z,2026-08-20T12:23:59Z
2026-08-24,,206.55,GDN,BOJ,2026-08-20,Gdańsk,Polska,Burgas,Bułagria,ryanair,206.55,PLN,1.000000,price,,,GDN-BOJ,2026-08-20T11:32:54Z,2026-08-20T12:23:59Z
2026-08-26,,170.32,GDN,BOJ,2026-08-20,Gdańsk,Polska,Burgas,Bułagria,ryanair,170.32,PLN,1.000000,price,,,GDN-BOJ,2026-08-20T11:32:54Z,2026-08-20T12:23:59Z
2026-08-28,,157.87,GDN,BOJ,2026-08-20,Gdańsk,Polska,Burgas,Bułagria,ryanair,157.87,PLN,1.000000,price,,,GDN-BOJ,2026-08-20T11:32:54Z,2026-08-20T12:23:59Z
2026-08-29,,159.00,GDN,BOJ,2026-08-20,Gdańsk,Polska,Burgas,Bułagria,wizzair,159.0,PLN,1.000000,price,OP,False,GDN-BOJ,2026-08-20T11:32:53Z,2026-08-20T12:23:59Z
2026-08-30,,139.72,GDN,BOJ,2026-08-20,Gdańsk,Polska,Burgas,Bułagria,ryanair,139.72,PLN,1.000000,price,,,GDN-BOJ,2026-08-20T11:32:54Z,2026-08-20T12:23:59Z
2026-08-31,,149.58,GDN,BOJ,2026-08-20,Gdańsk,Polska,Burgas,Bułagria,ryanair,149.58,PLN,1.000000,price,,,GDN-BOJ,2026-08-20T11:32:54Z,2026-08-20T12:23:59Z
2026-08-26,,1628.99,GDN,BRS,2026-08-20,Gdańsk,Polska,Bristol,Wielka Brytania,ryanair,1628.99,PLN,1.000000,price,,,GDN-BRS,2026-08-20T11:32:54Z,2026-08-20T12:23:59Z
2026-08-22,,449.78,GDN,BTS,2026-08-20,Gdańsk,Polska,Bratysława,Słowacja,ryanair,449.78,PLN,1.000000,price,,,GDN-BTS,2026-08-20T11:32:54Z,2026-08-20T12:23:59Z
2026-08-24,,277.86,GDN,BTS,2026-08-20,Gdańsk,Polska,Bratysława,Słowacja,ryanair,277.86,PLN,1.000000,price,,,GDN-BTS,2026-08-20T11:32:54Z,2026-08-20T12:23:59Z
2026-08-25,,127.53,GDN,BTS,2026-08-20,Gdańsk,Polska,Bratysława,Słowacja,ryanair,127.53,PLN,1.000000,price,,,GDN-BTS,2026-08-20T11:32:54Z,2026-08-20T12:23:59Z
2026-08-26,,239.97,GDN,BTS,2026-08-20,Gdańsk,Polska,Bratysława,Słowacja,ryanair,239.97,PLN,1.000000,price,,,GDN-BTS,2026-08-20T11:32:54Z,2026-08-20T12:23:59Z
2026-08-29,,1524.92,GDN,BTS,2026-08-20,Gdańsk,Polska,Bratysława,Słowacja,ryanair,1524.92,PLN,1.000000,price,,,GDN-BTS,2026-08-20T11:32:54Z,2026-08-20T12:23:59Z
2026-08-31,,240.92,GDN,BTS,2026-08-20,Gdańsk,Polska,Bratysława,Słowacja,ryanair,240.92,PLN,1.000000,price,,,GDN-BTS,2026-08-20T11:32:54Z,2026-08-20T12:23:59Z
2026-08-30,,299.00,GDN,BUD,2026-08-20,Gdańsk,Polska,Budapeszt,Węgry,wizzair,299.0,PLN,1.000000,price,JK,False,GDN-BUD,2026-08-20T11:32:53Z,2026-08-20T12:23:59Z
2026-08-31,,249.00,GDN,BUD,2026-08-20,Gdańsk,Polska,Budapeszt,Węgry,wizzair,249.0,PLN,1.000000,price,KL,False,GDN-BUD,2026-08-20T11:32:53Z,2026-08-20T12:23:59Z
2026-08-20,,1361.34,GDN,BVA,2026-08-20,Gdańsk,Polska,Paryż,Francja,ryanair,1361.34,PLN,1.000000,price,,,GDN-BVA,2026-08-20T11:32:54Z,2026-08-20T12:23:59Z
2026-08-22,,1361.34,GDN,BVA,2026-08-20,Gdańsk,Polska,Paryż,Francja,ryanair,1361.34,PLN,1.000000,price,,,GDN-BVA,2026-08-20T11:32:54Z,2026-08-20T12:23:59Z
2026-08-23,,1615.28,GDN,BVA,2026-08-20,Gdańsk,Polska,Paryż,Francja,ryanair,1615.28,PLN,1.000000,price,,,GDN-BVA,2026-08-20T11:32:54Z,2026-08-20T12:23:59Z
2026-08-24,,1365.66,GDN,BVA,2026-08-20,Gdańsk,Polska,Paryż,Francja,ryanair,1365.66,PLN,1.000000,price,,,GDN-BVA,2026-08-20T11:32:54Z,2026-08-20T12:23:59Z
2026-08-25,,1300.73,GDN,BVA,2026-08-20,Gdańsk,Polska,Paryż,Francja,ryanair,1300.73,PLN,1.000000,price,,,GDN-BVA,2026-08-20T11:32:54Z,2026-08-20T12:23:59Z
2026-08-27,,554.95,GDN,BVA,2026-08-20,Gdańsk,Polska,Paryż,Francja,ryanair,554.95,PLN,1.000000,price,,,GDN-BVA,2026-08-20T11:32:54Z,2026-08-20T12:23:59Z
2026-08-29,,544.67,GDN,BVA,2026-08-20,Gdańsk,Polska,Paryż,Francja,ryanair,544.67,PLN,1.000000,price,,,GDN-BVA,2026-08-20T11:32:54Z,2026-08-20T12:23:59Z
2026-08-30,,676.88,GDN,BVA,2026-08-20,Gdańsk,Polska,Paryż,Francja,ryanair,676.88,PLN,1.000000,price,,,GDN-BVA,2026-08-20T11:32:54Z,2026-08-20T12:23:59Z
2026-08-31,,410.07,GDN,BVA,2026-08-20,Gdańsk,Polska,Paryż,Francja,ryanair,410.07,PLN,1.000000,price,,,GDN-BVA,2026-08-20T11:32:54Z,2026-08-20T12:23:59Z
2026-08-27,,155.08,GDN,CFU,2026-08-20,Gdańsk,Polska,Korfu,Grecja,ryanair,155.08,PLN,1.000000,price,,,GDN-CFU,2026-08-20T11:32:54Z,2026-08-20T12:23:59Z
2026-08-21,,1473.93,GDN,CHQ,2026-08-20,Gdańsk,Polska,Chania,Grecja,ryanair,1473.93,PLN,1.000000,price,,,GDN-CHQ,2026-08-20T11:32:54Z,2026-08-20T12:23:59Z
2026-08-24,,253.11,GDN,CHQ,2026-08-20,Gdańsk,Polska,Chania,Grecja,ryanair,253.11,PLN,1.000000,price,,,GDN-CHQ,2026-08-20T11:32:54Z,2026-08-20T12:23:59Z
2026-08-28,,165.11,GDN,CHQ,2026-08-20,Gdańsk,Polska,Chania,Grecja,ryanair,165.11,PLN,1.000000,price,,,GDN-CHQ,2026-08-20T11:32:54Z,2026-08-20T12:23:59Z
2026-08-31,,326.62,GDN,CHQ,2026-08-20,Gdańsk,Polska,Chania,Grecja,ryanair,326.62,PLN,1.000000,price,,,GDN-CHQ,2026-08-20T11:32:54Z,2026-08-20T12:23:59Z
2026-08-21,,393.28,GDN,CPH,2026-08-20,Gdańsk,Polska,Kopenhaga,Dania,ryanair,393.28,PLN,1.000000,price,,,GDN-CPH,2026-08-20T11:32:54Z,2026-08-20T12:23:59Z
2026-08-22,,298.19,GDN,CPH,2026-08-20,Gdańsk,Polska,Kopenhaga,Dania,ryanair,298.19,PLN,1.000000,price,,,GDN-CPH,2026-08-20T11:32:54Z,2026-08-20T12:23:59Z
2026-08-23,,1150.32,GDN,CPH,2026-08-20,Gdańsk,Polska,Kopenhaga,Dania,ryanair,1150.32,PLN,1.000000,price,,,GDN-CPH,2026-08-20T11:32:54Z,2026-08-20T12:23:59Z
2026-08-24,,495.01,GDN,CPH,2026-08-20,Gdańsk,Polska,Kopenhaga,Dania,ryanair,495.01,PLN,1.000000,price,,,GDN-CPH,2026-08-20T11:32:54Z,2026-08-20T12:23:59Z
2026-08-25,,228.37,GDN,CPH,2026-08-20,Gdańsk,Polska,Kopenhaga,Dania,ryanair,228.37,PLN,1.000000,price,,,GDN-CPH,2026-08-20T11:32:54Z,2026-08-20T12:23:59Z
2026-08-26,,168.52,GDN,CPH,2026-08-20,Gdańsk,Polska,Kopenhaga,Dania,ryanair,168.52,PLN,1.000000,price,,,GDN-CPH,2026-08-20T11:32:54Z,2026-08-20T12:23:59Z
2026-08-27,,149.77,GDN,CPH,2026-08-20,Gdańsk,Polska,Kopenhaga,Dania,ryanair,149.77,PLN,1.000000,price,,,GDN-CPH,2026-08-20T11:32:54Z,2026-08-20T12:23:59Z
2026-08-28,,258.53,GDN,CPH,2026-08-20,Gdańsk,Polska,Kopenhaga,Dania,ryanair,258.53,PLN,1.000000,price,,,GDN-CPH,2026-08-20T11:32:54Z,2026-08-20T12:23:59Z
2026-08-29,,86.15,GDN,CPH,2026-08-20,Gdańsk,Polska,Kopenhaga,Dania,ryanair,86.15,PLN,1.000000,price,,,GDN-CPH,2026-08-20T11:32:54Z,2026-08-20T12:23:59Z
2026-08-30,,284.39,GDN,CPH,2026-08-20,Gdańsk,Polska,Kopenhaga,Dania,ryanair,284.39,PLN,1.000000,price,,,GDN-CPH,2026-08-20T11:32:54Z,2026-08-20T12:23:59Z
2026-08-31,,120.63,GDN,CPH,2026-08-20,Gdańsk,Polska,Kopenhaga,Dania,ryanair,120.63,PLN,1.000000,price,,,GDN-CPH,2026-08-20T11:32:54Z,2026-08-20T12:23:59Z
2026-08-29,,209.00,GDN,CTA,2026-08-20,Gdańsk,Polska,Katania,Włochy,wizzair,209.0,PLN,1.000000,price,BO,False,GDN-CTA,2026-08-20T11:32:53Z,2026-08-20T12:23:59Z
2026-08-30,,159.00,GDN,CTA,2026-08-20,Gdańsk,Polska,Katania,Włochy,wizzair,159.0,PLN,1.000000,price,OP,False,GDN-CTA,2026-08-20T11:32:53Z,2026-08-20T12:23:59Z
2026-08-20,,601.01,GDN,DBV,2026-08-20,Gdańsk,Polska,Dubrovnik,Chorwacja,ryanair,601.01,PLN,1.000000,price,,,GDN-DBV,2026-08-20T11:32:54Z,2026-08-20T12:23:59Z
2026-08-23,,256.15,GDN,DBV,2026-08-20,Gdańsk,Polska,Dubrovnik,Chorwacja,ryanair,256.15,PLN,1.000000,price,,,GDN-DBV,2026-08-20T11:32:54Z,2026-08-20T12:23:59Z
2026-08-27,,142.11,GDN,DBV,2026-08-20,Gdańsk,Polska,Dubrovnik,Chorwacja,ryanair,142.11,PLN,1.000000,price,,,GDN-DBV,2026-08-20T11:32:54Z,2026-08-20T12:23:59Z
2026-08-30,,104.00,GDN,DBV,2026-08-20,Gdańsk,Polska,Dubrovnik,Chorwacja,ryanair,104.0,PLN,1.000000,price,,,GDN-DBV,2026-08-20T11:32:54Z,2026-08-20T12:23:59Z
2026-08-29,,679.00,GDN,DTM,2026-08-20,Gdańsk,Polska,Dortmund,Niemcy,wizzair,679.0,PLN,1.000000,price,GH,False,GDN-DTM,2026-08-20T11:32:53Z,2026-08-20T12:23:59Z
2026-08-30,,949.00,GDN,DTM,2026-08-20,Gdańsk,Polska,Dortmund,Niemcy,wizzair,949.0,PLN,1.000000,price,FE,False,GDN-DTM,2026-08-20T11:32:53Z,2026-08-20T12:23:59Z
2026-08-31,,559.00,GDN,DTM,2026-08-20,Gdańsk,Polska,Dortmund,Niemcy,wizzair,559.0,PLN,1.000000,price,HI,False,GDN-DTM,2026-08-20T11:32:53Z,2026-08-20T12:23:59Z
2026-08-27,,1223.88,GDN,DUB,2026-08-20,Gdańsk,Polska,Dublin,Irlandia,ryanair,1223.88,PLN,1.000000,price,,,GDN-DUB,2026-08-20T11:32:54Z,2026-08-20T12:23:59Z
2026-08-28,,885.30,GDN,DUB,2026-08-20,Gdańsk,Polska,Dublin,Irlandia,ryanair,885.3,PLN,1.000000,price,,,GDN-DUB,2026-08-20T11:32:54Z,2026-08-20T12:23:59Z
2026-08-30,,1101.46,GDN,DUB,2026-08-20,Gdańsk,Polska,Dublin,Irlandia,ryanair,1101.46,PLN,1.000000,price,,,GDN-DUB,2026-08-20T11:32:54Z,2026-08-20T12:23:59Z
2026-08-21,,1636.19,GDN,EDI,2026-08-20,Gdańsk,Polska,Edynburg,Szkocja,ryanair,1636.19,PLN,1.000000,price,,,GDN-EDI,2026-08-20T11:32:54Z,2026-08-20T12:23:59Z
2026-08-22,,1454.31,GDN,EDI,2026-08-20,Gdańsk,Polska,Edynburg,Szkocja,ryanair,1454.31,PLN,1.000000,price,,,GDN-EDI,2026-08-20T11:32:54Z,2026-08-20T12:23:59Z
2026-08-23,,1862.82,GDN,EDI,2026-08-20,Gdańsk,Polska,Edynburg,Szkocja,ryanair,1862.82,PLN,1.000000,price,,,GDN-EDI,2026-08-20T11:32:54Z,2026-08-20T12:23:59Z
2026-08-25,,1077.36,GDN,EDI,2026-08-20,Gdańsk,Polska,Edynburg,Szkocja,ryanair,1077.36,PLN,1.000000,price,,,GDN-EDI,2026-08-20T11:32:54Z,2026-08-20T12:23:59Z
2026-08-26,,547.28,GDN,EDI,2026-08-20,Gdańsk,Polska,Edynburg,Szkocja,ryanair,547.28,PLN,1.000000,price,,,GDN-EDI,2026-08-20T11:32:54Z,2026-08-20T12:23:59Z
2026-08-27,,455.35,GDN,EDI,2026-08-20,Gdańsk,Polska,Edynburg,Szkocja,ryanair,455.35,PLN,1.000000,price,,,GDN-EDI,2026-08-20T11:32:54Z,2026-08-20T12:23:59Z
2026-08-28,,423.53,GDN,EDI,2026-08-20,Gdańsk,Polska,Edynburg,Szkocja,ryanair,423.53,PLN,1.000000,price,,,GDN-EDI,2026-08-20T11:32:54Z,2026-08-20T12:23:59Z
2026-08-29,,503.57,GDN,EDI,2026-08-20,Gdańsk,Polska,Edynburg,Szkocja,ryanair,503.57,PLN,1.000000,price,,,GDN-EDI,2026-08-20T11:32:54Z,2026-08-20T12:23:59Z
2026-08-30,,560.20,GDN,EDI,2026-08-20,Gdańsk,Polska,Edynburg,Szkocja,ryanair,560.2,PLN,1.000000,price,,,GDN-EDI,2026-08-20T11:32:54Z,2026-08-20T12:23:59Z
2026-08-31,,503.57,GDN,EDI,2026-08-20,Gdańsk,Polska,Edynburg,Szkocja,ryanair,503.57,PLN,1.000000,price,,,GDN-EDI,2026-08-20T11:32:54Z,2026-08-20T12:23:59Z
2026-08-29,,589.00,GDN,EIN,2026-08-20,Gdańsk,Polska,Eindhoven,Holandia,wizzair,589.0,PLN,1.000000,price,J,False,GDN-EIN,2026-08-20T11:32:53Z,2026-08-20T12:23:59Z
2026-08-30,,589.00,GDN,EIN,2026-08-20,Gdańsk,Polska,Eindhoven,Holandia,wizzair,589.0,PLN,1.000000,price,J,False,GDN-EIN,2026-08-20T11:32:53Z,2026-08-20T12:23:59Z
2026-08-31,,539.00,GDN,EIN,2026-08-20,Gdańsk,Polska,Eindhoven,Holandia,wizzair,539.0,PLN,1.000000,price,JK,False,GDN-EIN,2026-08-20T11:32:53Z,2026-08-20T12:23:59Z
2026-08-20,,775.50,GDN,FCO,2026-08-20,Gdańsk,Polska,Rzym,Włochy,ryanair,775.5,PLN,1.000000,price,,,GDN-FCO,2026-08-20T11:32:54Z,2026-08-20T12:23:59Z
2026-08-21,,1054.57,GDN,FCO,2026-08-20,Gdańsk,Polska,Rzym,Włochy,ryanair,1054.57,PLN,1.000000,price,,,GDN-FCO,2026-08-20T11:32:54Z,2026-08-20T12:23:59Z
2026-08-22,,871.44,GDN,FCO,2026-08-20,Gdańsk,Polska,Rzym,Włochy,ryanair,871.44,PLN,1.000000,price,,,GDN-FCO,2026-08-20T11:32:54Z,2026-08-20T12:23:59Z
2026-08-23,,705.28,GDN,FCO,2026-08-20,Gdańsk,Polska,Rzym,Włochy,ryanair,705.28,PLN,1.000000,price,,,GDN-FCO,2026-08-20T11:32:54Z,2026-08-20T12:23:59Z
2026-08-24,,527.43,GDN,FCO,2026-08-20,Gdańsk,Polska,Rzym,Włochy,ryanair,527.43,PLN,1.000000,price,,,GDN-FCO,2026-08-20T11:32:54Z,2026-08-20T12:23:59Z
2026-08-25,,1401.39,GDN,FCO,2026-08-20,Gdańsk,Polska,Rzym,Włochy,ryanair,1401.39,PLN,1.000000,price,,,GDN-FCO,2026-08-20T11:32:54Z,2026-08-20T12:23:59Z
2026-08-26,,517.54,GDN,FCO,2026-08-20,Gdańsk,Polska,Rzym,Włochy,ryanair,517.54,PLN,1.000000,price,,,GDN-FCO,2026-08-20T11:32:54Z,2026-08-20T12:23:59Z
2026-08-27,,324.12,GDN,FCO,2026-08-20,Gdańsk,Polska,Rzym,Włochy,ryanair,324.12,PLN,1.000000,price,,,GDN-FCO,2026-08-20T11:32:54Z,2026-08-20T12:23:59Z
2026-08-28,,392.13,GDN,FCO,2026-08-20,Gdańsk,Polska,Rzym,Włochy,ryanair,392.13,PLN,1.000000,price,,,GDN-FCO,2026-08-20T11:32:54Z,2026-08-20T12:23:59Z
2026-08-29,,571.74,GDN,FCO,2026-08-20,Gdańsk,Polska,Rzym,Włochy,ryanair,571.74,PLN,1.000000,price,,,GDN-FCO,2026-08-20T11:32:54Z,2026-08-20T12:23:59Z
2026-08-30,,272.26,GDN,FCO,2026-08-20,Gdańsk,Polska,Rzym,Włochy,ryanair,272.26,PLN,1.000000,price,,,GDN-FCO,2026-08-20T11:32:54Z,2026-08-20T12:23:59Z
2026-08-31,,240.83,GDN,FCO,2026-08-20,Gdańsk,Polska,Rzym,Włochy,ryanair,240.83,PLN,1.000000,price,,,GDN-FCO,2026-08-20T11:32:54Z,2026-08-20T12:23:59Z
2026-08-20,,475.40,GDN,GOT,2026-08-20,Gdańsk,Polska,Gotenburg,Szwecja,ryanair,475.4,PLN,1.000000,price,,,GDN-GOT,2026-08-20T11:32:54Z,2026-08-20T12:23:59Z
2026-08-21,,448.16,GDN,GOT,2026-08-20,Gdańsk,Polska,Gotenburg,Szwecja,ryanair,448.16,PLN,1.000000,price,,,GDN-GOT,2026-08-20T11:32:54Z,2026-08-20T12:23:59Z
2026-08-22,,275.77,GDN,GOT,2026-08-20,Gdańsk,Polska,Gotenburg,Szwecja,ryanair,275.77,PLN,1.000000,price,,,GDN-GOT,2026-08-20T11:32:54Z,2026-08-20T12:23:59Z
2026-08-23,,603.30,GDN,GOT,2026-08-20,Gdańsk,Polska,Gotenburg,Szwecja,ryanair,603.3,PLN,1.000000,price,,,GDN-GOT,2026-08-20T11:32:54Z,2026-08-20T12:23:59Z
2026-08-24,,206.82,GDN,GOT,2026-08-20,Gdańsk,Polska,Gotenburg,Szwecja,ryanair,206.82,PLN,1.000000,price,,,GDN-GOT,2026-08-20T11:32:54Z,2026-08-20T12:23:59Z
2026-08-25,,142.59,GDN,GOT,2026-08-20,Gdańsk,Polska,Gotenburg,Szwecja,ryanair,142.59,PLN,1.000000,price,,,GDN-GOT,2026-08-20T11:32:54Z,2026-08-20T12:23:59Z
2026-08-26,,69.11,GDN,GOT,2026-08-20,Gdańsk,Polska,Gotenburg,Szwecja,ryanair,69.11,PLN,1.000000,price,,,GDN-GOT,2026-08-20T11:32:54Z,2026-08-20T12:23:59Z
2026-08-27,,124.94,GDN,GOT,2026-08-20,Gdańsk,Polska,Gotenburg,Szwecja,ryanair,124.94,PLN,1.000000,price,,,GDN-GOT,2026-08-20T11:32:54Z,2026-08-20T12:23:59Z
2026-08-28,,168.03,GDN,GOT,2026-08-20,Gdańsk,Polska,Gotenburg,Szwecja,ryanair,168.03,PLN,1.000000,price,,,GDN-GOT,2026-08-20T11:32:54Z,2026-08-20T12:23:59Z
2026-08-29,,129.62,GDN,GOT,2026-08-20,Gdańsk,Polska,Gotenburg,Szwecja,ryanair,129.62,PLN,1.000000,price,,,GDN-GOT,2026-08-20T11:32:54Z,2026-08-20T12:23:59Z
2026-08-30,,179.25,GDN,GOT,2026-08-20,Gdańsk,Polska,Gotenburg,Szwecja,ryanair,179.25,PLN,1.000000,price,,,GDN-GOT,2026-08-20T11:32:54Z,2026-08-20T12:23:59Z
2026-08-31,,74.51,GDN,GOT,2026-08-20,Gdańsk,Polska,Gotenburg,Szwecja,ryanair,74.51,PLN,1.000000,price,,,GDN-GOT,2026-08-20T11:32:54Z,2026-08-20T12:23:59Z
2026-08-22,,544.00,GDN,HAM,2026-08-20,Gdańsk,Polska,Hamburg,Niemcy,ryanair,544.0,PLN,1.000000,price,,,GDN-HAM,2026-08-20T11:32:54Z,2026-08-20T12:23:59Z
2026-08-24,,750.54,GDN,HAM,2026-08-20,Gdańsk,Polska,Hamburg,Niemcy,ryanair,750.54,PLN,1.000000,price,,,GDN-HAM,2026-08-20T11:32:54Z,2026-08-20T12:23:59Z
2026-08-26,,441.52,GDN,HAM,2026-08-20,Gdańsk,Polska,Hamburg,Niemcy,ryanair,441.52,PLN,1.000000,price,,,GDN-HAM,2026-08-20T11:32:54Z,2026-08-20T12:23:59Z
2026-08-29,,764.67,GDN,HAM,2026-08-20,Gdańsk,Polska,Hamburg,Niemcy,ryanair,764.67,PLN,1.000000,price,,,GDN-HAM,2026-08-20T11:32:54Z,2026-08-20T12:23:59Z
2026-08-31,,409.00,GDN,HAM,2026-08-20,Gdańsk,Polska,Hamburg,Niemcy,wizzair,409.0,PLN,1.000000,price,I,False,GDN-HAM,2026-08-20T11:32:53Z,2026-08-20T12:23:59Z
2026-08-29,,69.00,GDN,HAU,2026-08-20,Gdańsk,Polska,Haugesund,Norwegia,wizzair,69.0,PLN,1.000000,price,Z,False,GDN-HAU,2026-08-20T11:32:53Z,2026-08-20T12:23:59Z
2026-08-31,,249.00,GDN,HER,2026-08-20,Gdańsk,Polska,Heraklion,Grecja,wizzair,249.0,PLN,1.000000,price,LB,False,GDN-HER,2026-08-20T11:32:53Z,2026-08-20T12:23:59Z
2026-08-24,,309.17,GDN,JTR,2026-08-20,Gdańsk,Polska,Santorini,Grecja,ryanair,309.17,PLN,1.000000,price,,,GDN-JTR,2026-08-20T11:32:54Z,2026-08-20T12:23:59Z
2026-08-31,,203.71,GDN,JTR,2026-08-20,Gdańsk,Polska,Santorini,Grecja,ryanair,203.71,PLN,1.000000,price,,,GDN-JTR,2026-08-20T11:32:54Z,2026-08-20T12:23:59Z
2026-08-29,,659.00,GDN,KEF,2026-08-20,Gdańsk,Polska,Reykjavik,Islandia,wizzair,659.0,PLN,1.000000,price,IJ,False,GDN-KEF,2026-08-20T11:32:53Z,2026-08-20T12:23:59Z
2026-08-30,,809.00,GDN,KEF,2026-08-20,Gdańsk,Polska,Reykjavik,Islandia,wizzair,809.0,PLN,1.000000,price,HI,False,GDN-KEF,2026-08-20T11:32:53Z,2026-08-20T12:23:59Z
2026-08-21,,583.45,GDN,KRK,2026-08-20,Gdańsk,Polska,Kraków,Polska,ryanair,583.45,PLN,1.000000,price,,,GDN-KRK,2026-08-20T11:32:54Z,2026-08-20T12:23:59Z
2026-08-23,,430.92,GDN,KRK,2026-08-20,Gdańsk,Polska,Kraków,Polska,ryanair,430.92,PLN,1.000000,price,,,GDN-KRK,2026-08-20T11:32:54Z,2026-08-20T12:23:59Z
2026-08-24,,327.49,GDN,KRK,2026-08-20,Gdańsk,Polska,Kraków,Polska,ryanair,327.49,PLN,1.000000,price,,,GDN-KRK,2026-08-20T11:32:54Z,2026-08-20T12:23:59Z
2026-08-25,,263.61,GDN,KRK,2026-08-20,Gdańsk,Polska,Kraków,Polska,ryanair,263.61,PLN,1.000000,price,,,GDN-KRK,2026-08-20T11:32:54Z,2026-08-20T12:23:59Z
2026-08-26,,301.63,GDN,KRK,2026-08-20,Gdańsk,Polska,Kraków,Polska,ryanair,301.63,PLN,1.000000,price,,,GDN-KRK,2026-08-20T11:32:54Z,2026-08-20T12:23:59Z
2026-08-27,,267.94,GDN,KRK,2026-08-20,Gdańsk,Polska,Kraków,Polska,ryanair,267.94,PLN,1.000000,price,,,GDN-KRK,2026-08-20T11:32:54Z,2026-08-20T12:23:59Z
2026-08-28,,492.48,GDN,KRK,2026-08-20,Gdańsk,Polska,Kraków,Polska,ryanair,492.48,PLN,1.000000,price,,,GDN-KRK,2026-08-20T11:32:54Z,2026-08-20T12:23:59Z
2026-08-30,,968.13,GDN,KRK,2026-08-20,Gdańsk,Polska,Kraków,Polska,ryanair,968.13,PLN,1.000000,price,,,GDN-KRK,2026-08-20T11:32:54Z,2026-08-20T12:23:59Z
2026-08-31,,237.68,GDN,KRK,2026-08-20,Gdańsk,Polska,Kraków,Polska,ryanair,237.68,PLN,1.000000,price,,,GDN-KRK,2026-08-20T11:32:54Z,2026-08-20T12:23:59Z
2026-08-22,,1015.58,GDN,LBA,2026-08-20,Gdańsk,Polska,Leeds,Wielka Brytania,ryanair,1015.58,PLN,1.000000,price,,,GDN-LBA,2026-08-20T11:32:54Z,2026-08-20T12:23:59Z
2026-08-26,,1588.14,GDN,LBA,2026-08-20,Gdańsk,Polska,Leeds,Wielka Brytania,ryanair,1588.14,PLN,1.000000,price,,,GDN-LBA,2026-08-20T11:32:54Z,2026-08-20T12:23:59Z
2026-08-27,,1588.14,GDN,LBA,2026-08-20,Gdańsk,Polska,Leeds,Wielka Brytania,ryanair,1588.14,PLN,1.000000,price,,,GDN-LBA,2026-08-20T11:32:54Z,2026-08-20T12:23:59Z
2026-08-28,,1236.87,GDN,LBA,2026-08-20,Gdańsk,Polska,Leeds,Wielka Brytania,ryanair,1236.87,PLN,1.000000,price,,,GDN-LBA,2026-08-20T11:32:54Z,2026-08-20T12:23:59Z
2026-08-29,,1434.53,GDN,LBA,2026-08-20,Gdańsk,Polska,Leeds,Wielka Brytania,ryanair,1434.53,PLN,1.000000,price,,,GDN-LBA,2026-08-20T11:32:54Z,2026-08-20T12:23:59Z
2026-08-31,,941.79,GDN,LBA,2026-08-20,Gdańsk,Polska,Leeds,Wielka Brytania,ryanair,941.79,PLN,1.000000,price,,,GDN-LBA,2026-08-20T11:32:54Z,2026-08-20T12:23:59Z
2026-08-31,,609.00,GDN,LCA,2026-08-20,Gdańsk,Polska,Larnaka,Cypr,wizzair,609.0,PLN,1.000000,price,I,False,GDN-LCA,2026-08-20T11:32:53Z,2026-08-20T12:23:59Z
2026-08-29,,1269.00,GDN,LON,2026-08-20,Gdańsk,Polska,Londyn,Wielka Brytania,wizzair,1269.0,PLN,1.000000,price,E,False,GDN-LON,2026-08-20T11:32:53Z,2026-08-20T12:23:59Z
2026-08-30,,1059.00,GDN,LON,2026-08-20,Gdańsk,Polska,Londyn,Wielka Brytania,wizzair,1059.0,PLN,1.000000,price,F,False,GDN-LON,2026-08-20T11:32:53Z,2026-08-20T12:23:59Z
2026-08-31,,1269.00,GDN,LON,2026-08-20,Gdańsk,Polska,Londyn,Wielka Brytania,wizzair,1269.0,PLN,1.000000,price,E,False,GDN-LON,2026-08-20T11:32:53Z,2026-08-20T12:23:59Z
2026-08-29,,1269.00,GDN,LTN,2026-08-20,Gdańsk,Polska,Londyn,Wielka Brytania,wizzair,1269.0,PLN,1.000000,price,E,False,GDN-LTN,2026-08-20T11:32:53Z,2026-08-20T12:23:59Z
2026-08-30,,1059.00,GDN,LTN,2026-08-20,Gdańsk,Polska,Londyn,Wielka Brytania,wizzair,1059.0,PLN,1.000000,price,F,False,GDN-LTN,2026-08-20T11:32:53Z,2026-08-20T12:23:59Z
2026-08-31,,1269.00,GDN,LTN,2026-08-20,Gdańsk,Polska,Londyn,Wielka Brytania,wizzair,1269.0,PLN,1.000000,price,E,False,GDN-LTN,2026-08-20T11:32:53Z,2026-08-20T12:23:59Z
2026-08-21,,357.25,GDN,LUZ,2026-08-20,Gdańsk,Polska,Lublin,Polska,ryanair,357.25,PLN,1.000000,price,,,GDN-LUZ,2026-08-20T11:32:54Z,2026-08-20T12:23:59Z
2026-08-23,,381.59,GDN,LUZ,2026-08-20,Gdańsk,Polska,Lublin,Polska,ryanair,381.59,PLN,1.000000,price,,,GDN-LUZ,2026-08-20T11:32:54Z,2026-08-20T12:23:59Z
2026-08-28,,233.63,GDN,LUZ,2026-08-20,Gdańsk,Polska,Lublin,Polska,ryanair,233.63,PLN,1.000000,price,,,GDN-LUZ,2026-08-20T11:32:54Z,2026-08-20T12:23:59Z
2026-08-30,,429.25,GDN,LUZ,2026-08-20,Gdańsk,Polska,Lublin,Polska,ryanair,429.25,PLN,1.000000,price,,,GDN-LUZ,2026-08-20T11:32:54Z,2026-08-20T12:23:59Z
2026-08-31,,519.00,GDN,MAD,2026-08-20,Gdańsk,Polska,Madryt,Hiszpania,wizzair,519.0,PLN,1.000000,price,J,False,GDN-MAD,2026-08-20T11:32:53Z,2026-08-20T12:23:59Z
2026-08-22,,1517.12,GDN,MAN,2026-08-20,Gdańsk,Polska,Manchester,Wielka Brytania,ryanair,1517.12,PLN,1.000000,price,,,GDN-MAN,2026-08-20T11:32:54Z,2026-08-20T12:23:59Z
2026-08-26,,1689.94,GDN,MAN,2026-08-20,Gdańsk,Polska,Manchester,Wielka Brytania,ryanair,1689.94,PLN,1.000000,price,,,GDN-MAN,2026-08-20T11:32:54Z,2026-08-20T12:23:59Z
2026-08-28,,1266.98,GDN,MAN,2026-08-20,Gdańsk,Polska,Manchester,Wielka Brytania,ryanair,1266.98,PLN,1.000000,price,,,GDN-MAN,2026-08-20T11:32:54Z,2026-08-20T12:23:59Z
2026-08-29,,1083.34,GDN,MAN,2026-08-20,Gdańsk,Polska,Manchester,Wielka Brytania,ryanair,1083.34,PLN,1.000000,price,,,GDN-MAN,2026-08-20T11:32:54Z,2026-08-20T12:23:59Z
2026-08-30,,1369.23,GDN,MAN,2026-08-20,Gdańsk,Polska,Manchester,Wielka Brytania,ryanair,1369.23,PLN,1.000000,price,,,GDN-MAN,2026-08-20T11:32:54Z,2026-08-20T12:23:59Z
2026-08-31,,1198.03,GDN,MAN,2026-08-20,Gdańsk,Polska,Manchester,Wielka Brytania,ryanair,1198.03,PLN,1.000000,price,,,GDN-MAN,2026-08-20T11:32:54Z,2026-08-20T12:23:59Z
2026-08-31,,359.00,GDN,MIL,2026-08-20,Gdańsk,Polska,Mediolan,Włochy,wizzair,359.0,PLN,1.000000,price,IJ,False,GDN-MIL,2026-08-20T11:32:53Z,2026-08-20T12:23:59Z
2026-08-21,,561.84,GDN,MLA,2026-08-20,Gdańsk,Polska,Valletta,Malta,ryanair,561.84,PLN,1.000000,price,,,GDN-MLA,2026-08-20T11:32:54Z,2026-08-20T12:23:59Z
2026-08-23,,680.87,GDN,MLA,2026-08-20,Gdańsk,Polska,Valletta,Malta,ryanair,680.87,PLN,1.000000,price,,,GDN-MLA,2026-08-20T11:32:54Z,2026-08-20T12:23:59Z
2026-08-25,,634.75,GDN,MLA,2026-08-20,Gdańsk,Polska,Valletta,Malta,ryanair,634.75,PLN,1.000000,price,,,GDN-MLA,2026-08-20T11:32:54Z,2026-08-20T12:23:59Z
2026-08-26,,484.04,GDN,MLA,2026-08-20,Gdańsk,Polska,Valletta,Malta,ryanair,484.04,PLN,1.000000,price,,,GDN-MLA,2026-08-20T11:32:54Z,2026-08-20T12:23:59Z
2026-08-28,,361.96,GDN,MLA,2026-08-20,Gdańsk,Polska,Valletta,Malta,ryanair,361.96,PLN,1.000000,price,,,GDN-MLA,2026-08-20T11:32:54Z,2026-08-20T12:23:59Z
2026-08-30,,305.94,GDN,MLA,2026-08-20,Gdańsk,Polska,Valletta,Malta,ryanair,305.94,PLN,1.000000,price,,,GDN-MLA,2026-08-20T11:32:54Z,2026-08-20T12:23:59Z
2026-08-31,,359.00,GDN,MXP,2026-08-20,Gdańsk,Polska,Mediolan,Włochy,wizzair,359.0,PLN,1.000000,price,IJ,False,GDN-MXP,2026-08-20T11:32:53Z,2026-08-20T12:23:59Z
2026-08-28,,440.82,GDN,NAP,2026-08-20,Gdańsk,Polska,Neapol,Włochy,ryanair,440.82,PLN,1.000000,price,,,GDN-NAP,2026-08-20T11:32:54Z,2026-08-20T12:23:59Z
2026-08-31,,345.73,GDN,NAP,2026-08-20,Gdańsk,Polska,Neapol,Włochy,ryanair,345.73,PLN,1.000000,price,,,GDN-NAP,2026-08-20T11:32:54Z,2026-08-20T12:23:59Z
2026-08-29,,229.00,GDN,NCE,2026-08-20,Gdańsk,Polska,Nicea,Francja,wizzair,229.0,PLN,1.000000,price,O,False,GDN-NCE,2026-08-20T11:32:53Z,2026-08-20T12:23:59Z
2026-08-21,,1447.57,GDN,NCL,2026-08-20,Gdańsk,Polska,Newcastle,Wielka Brytania,ryanair,1447.57,PLN,1.000000,price,,,GDN-NCL,2026-08-20T11:32:54Z,2026-08-20T12:23:59Z
2026-08-25,,1571.14,GDN,NCL,2026-08-20,Gdańsk,Polska,Newcastle,Wielka Brytania,ryanair,1571.14,PLN,1.000000,price,,,GDN-NCL,2026-08-20T11:32:54Z,2026-08-20T12:23:59Z
2026-08-26,,994.90,GDN,NCL,2026-08-20,Gdańsk,Polska,Newcastle,Wielka Brytania,ryanair,994.9,PLN,1.000000,price,,,GDN-NCL,2026-08-20T11:32:54Z,2026-08-20T12:23:59Z
2026-08-28,,732.59,GDN,NCL,2026-08-20,Gdańsk,Polska,Newcastle,Wielka Brytania,ryanair,732.59,PLN,1.000000,price,,,GDN-NCL,2026-08-20T11:32:54Z,2026-08-20T12:23:59Z
2026-08-30,,637.78,GDN,NCL,2026-08-20,Gdańsk,Polska,Newcastle,Wielka Brytania,ryanair,637.78,PLN,1.000000,price,,,GDN-NCL,2026-08-20T11:32:54Z,2026-08-20T12:23:59Z
2026-08-29,,99.00,GDN,OOS,2026-08-20,Gdańsk,Polska,Oslo (Wszystkie lotniska),Norwegia,wizzair,99.0,PLN,1.000000,price,RS,False,GDN-OOS,2026-08-20T11:32:53Z,2026-08-20T12:23:59Z
2026-08-30,,359.00,GDN,OOS,2026-08-20,Gdańsk,Polska,Oslo (Wszystkie lotniska),Norwegia,wizzair,359.0,PLN,1.000000,price,JK,False,GDN-OOS,2026-08-20T11:32:53Z,2026-08-20T12:23:59Z
2026-08-31,,209.00,GDN,OOS,2026-08-20,Gdańsk,Polska,Oslo (Wszystkie lotniska),Norwegia,wizzair,209.0,PLN,1.000000,price,BO,False,GDN-OOS,2026-08-20T11:32:53Z,2026-08-20T12:23:59Z
2026-08-29,,99.00,GDN,OSL,2026-08-20,Gdańsk,Polska,Oslo,Norwegia,wizzair,99.0,PLN,1.000000,price,RS,False,GDN-OSL,2026-08-20T11:32:53Z,2026-08-20T12:23:59Z
2026-08-30,,359.00,GDN,OSL,2026-08-20,Gdańsk,Polska,Oslo,Norwegia,wizzair,359.0,PLN,1.000000,price,JK,False,GDN-OSL,2026-08-20T11:32:53Z,2026-08-20T12:23:59Z
2026-08-31,,209.00,GDN,OSL,2026-08-20,Gdańsk,Polska,Oslo,Norwegia,wizzair,209.0,PLN,1.000000,price,BO,False,GDN-OSL,2026-08-20T11:32:53Z,2026-08-20T12:23:59Z
2026-08-21,,208.96,GDN,OTP,2026-08-20,Gdańsk,Polska,Bukareszt,Rumunia,ryanair,208.96,PLN,1.000000,price,,,GDN-OTP,2026-08-20T11:32:54Z,2026-08-20T12:23:59Z
2026-08-22,,259.07,GDN,OTP,2026-08-20,Gdańsk,Polska,Bukareszt,Rumunia,ryanair,259.07,PLN,1.000000,price,,,GDN-OTP,2026-08-20T11:32:54Z,2026-08-20T12:23:59Z
2026-08-25,,305.96,GDN,OTP,2026-08-20,Gdańsk,Polska,Bukareszt,Rumunia,ryanair,305.96,PLN,1.000000,price,,,GDN-OTP,2026-08-20T11:32:54Z,2026-08-20T12:23:59Z
2026-08-28,,118.49,GDN,OTP,2026-08-20,Gdańsk,Polska,Bukareszt,Rumunia,ryanair,118.49,PLN,1.000000,price,,,GDN-OTP,2026-08-20T11:32:54Z,2026-08-20T12:23:59Z
2026-08-29,,125.40,GDN,OTP,2026-08-20,Gdańsk,Polska,Bukareszt,Rumunia,ryanair,125.4,PLN,1.000000,price,,,GDN-OTP,2026-08-20T11:32:54Z,2026-08-20T12:23:59Z
2026-08-30,,109.00,GDN,OTP,2026-08-20,Gdańsk,Polska,Bukareszt,Rumunia,wizzair,109.0,PLN,1.000000,price,P,False,GDN-OTP,2026-08-20T11:32:53Z,2026-08-20T12:23:59Z
2026-08-31,,269.00,GDN,OTP,2026-08-20,Gdańsk,Polska,Bukareszt,Rumunia,wizzair,269.0,PLN,1.000000,price,K,False,GDN-OTP,2026-08-20T11:32:53Z,2026-08-20T12:23:59Z
2026-08-22,,894.65,GDN,PFO,2026-08-20,Gdańsk,Polska,Pafos,Cypr,ryanair,894.65,PLN,1.000000,price,,,GDN-PFO,2026-08-20T11:32:54Z,2026-08-20T12:23:59Z
2026-08-24,,629.16,GDN,PFO,2026-08-20,Gdańsk,Polska,Pafos,Cypr,ryanair,629.16,PLN,1.000000,price,,,GDN-PFO,2026-08-20T11:32:54Z,2026-08-20T12:23:59Z
2026-08-25,,1275.01,GDN,PFO,2026-08-20,Gdańsk,Polska,Pafos,Cypr,ryanair,1275.01,PLN,1.000000,price,,,GDN-PFO,2026-08-20T11:32:54Z,2026-08-20T12:23:59Z
2026-08-29,,1019.90,GDN,PFO,2026-08-20,Gdańsk,Polska,Pafos,Cypr,ryanair,1019.9,PLN,1.000000,price,,,GDN-PFO,2026-08-20T11:32:54Z,2026-08-20T12:23:59Z
2026-08-31,,674.22,GDN,PFO,2026-08-20,Gdańsk,Polska,Pafos,Cypr,ryanair,674.22,PLN,1.000000,price,,,GDN-PFO,2026-08-20T11:32:54Z,2026-08-20T12:23:59Z
2026-08-23,,636.46,GDN,PMI,2026-08-20,Gdańsk,Polska,Majorka,Hiszpania,ryanair,636.46,PLN,1.000000,price,,,GDN-PMI,2026-08-20T11:32:54Z,2026-08-20T12:23:59Z
2026-08-27,,235.11,GDN,PMI,2026-08-20,Gdańsk,Polska,Majorka,Hiszpania,ryanair,235.11,PLN,1.000000,price,,,GDN-PMI,2026-08-20T11:32:54Z,2026-08-20T12:23:59Z
2026-08-30,,443.91,GDN,PMI,2026-08-20,Gdańsk,Polska,Majorka,Hiszpania,ryanair,443.91,PLN,1.000000,price,,,GDN-PMI,2026-08-20T11:32:54Z,2026-08-20T12:23:59Z
2026-08-31,,229.00,GDN,PMI,2026-08-20,Gdańsk,Polska,Majorka,Hiszpania,wizzair,229.0,PLN,1.000000,price,B,False,GDN-PMI,2026-08-20T11:32:53Z,2026-08-20T12:23:59Z
2026-08-22,,230.47,GDN,PMO,2026-08-20,Gdańsk,Polska,Palermo,Włochy,ryanair,230.47,PLN,1.000000,price,,,GDN-PMO,2026-08-20T11:32:54Z,2026-08-20T12:23:59Z
2026-08-25,,183.24,GDN,PMO,2026-08-20,Gdańsk,Polska,Palermo,Włochy,ryanair,183.24,PLN,1.000000,price,,,GDN-PMO,2026-08-20T11:32:54Z,2026-08-20T12:23:59Z
2026-08-27,,178.31,GDN,PMO,2026-08-20,Gdańsk,Polska,Palermo,Włochy,ryanair,178.31,PLN,1.000000,price,,,GDN-PMO,2026-08-20T11:32:54Z,2026-08-20T12:23:59Z
2026-08-29,,293.32,GDN,PMO,2026-08-20,Gdańsk,Polska,Palermo,Włochy,ryanair,293.32,PLN,1.000000,price,,,GDN-PMO,2026-08-20T11:32:54Z,2026-08-20T12:23:59Z
2026-08-21,,1178.70,GDN,PRG,2026-08-20,Gdańsk,Polska,Praga,Czechy,ryanair,1178.7,PLN,1.000000,price,,,GDN-PRG,2026-08-20T11:32:54Z,2026-08-20T12:23:59Z
2026-08-22,,1409.21,GDN,PRG,2026-08-20,Gdańsk,Polska,Praga,Czechy,ryanair,1409.21,PLN,1.000000,price,,,GDN-PRG,2026-08-20T11:32:54Z,2026-08-20T12:23:59Z
2026-08-24,,391.13,GDN,PRG,2026-08-20,Gdańsk,Polska,Praga,Czechy,ryanair,391.13,PLN,1.000000,price,,,GDN-PRG,2026-08-20T11:32:54Z,2026-08-20T12:23:59Z
2026-08-25,,285.11,GDN,PRG,2026-08-20,Gdańsk,Polska,Praga,Czechy,ryanair,285.11,PLN,1.000000,price,,,GDN-PRG,2026-08-20T11:32:54Z,2026-08-20T12:23:59Z
2026-08-26,,208.06,GDN,PRG,2026-08-20,Gdańsk,Polska,Praga,Czechy,ryanair,208.06,PLN,1.000000,price,,,GDN-PRG,2026-08-20T11:32:54Z,2026-08-20T12:23:59Z
2026-08-27,,361.68,GDN,PRG,2026-08-20,Gdańsk,Polska,Praga,Czechy,ryanair,361.68,PLN,1.000000,price,,,GDN-PRG,2026-08-20T11:32:54Z,2026-08-20T12:23:59Z
2026-08-28,,395.45,GDN,PRG,2026-08-20,Gdańsk,Polska,Praga,Czechy,ryanair,395.45,PLN,1.000000,price,,,GDN-PRG,2026-08-20T11:32:54Z,2026-08-20T12:23:59Z
2026-08-29,,634.76,GDN,PRG,2026-08-20,Gdańsk,Polska,Praga,Czechy,ryanair,634.76,PLN,1.000000,price,,,GDN-PRG,2026-08-20T11:32:54Z,2026-08-20T12:23:59Z
2026-08-31,,357.06,GDN,PRG,2026-08-20,Gdańsk,Polska,Praga,Czechy,ryanair,357.06,PLN,1.000000,price,,,GDN-PRG,2026-08-20T11:32:54Z,2026-08-20T12:23:59Z
2026-08-20,,1507.40,GDN,PSA,2026-08-20,Gdańsk,Polska,Piza,Włochy,ryanair,1507.4,PLN,1.000000,price,,,GDN-PSA,2026-08-20T11:32:54Z,2026-08-20T12:23:59Z
2026-08-23,,1589.01,GDN,PSA,2026-08-20,Gdańsk,Polska,Piza,Włochy,ryanair,1589.01,PLN,1.000000,price,,,GDN-PSA,2026-08-20T11:32:54Z,2026-08-20T12:23:59Z
2026-08-27,,284.62,GDN,PSA,2026-08-20,Gdańsk,Polska,Piza,Włochy,ryanair,284.62,PLN,1.000000,price,,,GDN-PSA,2026-08-20T11:32:54Z,2026-08-20T12:23:59Z
2026-08-30,,413.86,GDN,PSA,2026-08-20,Gdańsk,Polska,Piza,Włochy,ryanair,413.86,PLN,1.000000,price,,,GDN-PSA,2026-08-20T11:32:54Z,2026-08-20T12:23:59Z
2026-08-29,,159.00,GDN,RJK,2026-08-20,Gdańsk,Polska,Rijeka  Rijeka,Chorwacja,wizzair,159.0,PLN,1.000000,price,OP,False,GDN-RJK,2026-08-20T11:32:53Z,2026-08-20T12:23:59Z
2026-08-30,,319.00,GDN,ROM,2026-08-20,Gdańsk,Polska,Rzym,Włochy,wizzair,319.0,PLN,1.000000,price,K,True,GDN-ROM,2026-08-20T11:32:53Z,2026-08-20T12:23:59Z
2026-08-31,,359.00,GDN,ROM,2026-08-20,Gdańsk,Polska,Rzym,Włochy,wizzair,359.0,PLN,1.000000,price,JK,True,GDN-ROM,2026-08-20T11:32:53Z,2026-08-20T12:23:59Z
2026-08-20,,502.00,GDN,SFT,2026-08-20,Gdańsk,Polska,Skelleftea,Szwecja,ryanair,502.0,PLN,1.000000,price,,,GDN-SFT,2026-08-20T11:32:54Z,2026-08-20T12:23:59Z
2026-08-26,,78.21,GDN,SFT,2026-08-20,Gdańsk,Polska,Skelleftea,Szwecja,ryanair,78.21,PLN,1.000000,price,,,GDN-SFT,2026-08-20T11:32:54Z,2026-08-20T12:23:59Z
2026-08-27,,75.05,GDN,SFT,2026-08-20,Gdańsk,Polska,Skelleftea,Szwecja,ryanair,75.05,PLN,1.000000,price,,,GDN-SFT,2026-08-20T11:32:54Z,2026-08-20T12:23:59Z
2026-08-30,,1115.13,GDN,SFT,2026-08-20,Gdańsk,Polska,Skelleftea,Szwecja,ryanair,1115.13,PLN,1.000000,price,,,GDN-SFT,2026-08-20T11:32:54Z,2026-08-20T12:23:59Z
2026-08-31,,299.00,GDN,SPU,2026-08-20,Gdańsk,Polska,Split,Chorwacja,wizzair,299.0,PLN,1.000000,price,KL,False,GDN-SPU,2026-08-20T11:32:53Z,2026-08-20T12:23:59Z
2026-08-21,,1491.07,GDN,STN,2026-08-20,Gdańsk,Polska,Londyn,Wielka Brytania,ryanair,1491.07,PLN,1.000000,price,,,GDN-STN,2026-08-20T11:32:54Z,2026-08-20T12:23:59Z
2026-08-22,,1446.56,GDN,STN,2026-08-20,Gdańsk,Polska,Londyn,Wielka Brytania,ryanair,1446.56,PLN,1.000000,price,,,GDN-STN,2026-08-20T11:32:54Z,2026-08-20T12:23:59Z
2026-08-24,,1603.49,GDN,STN,2026-08-20,Gdańsk,Polska,Londyn,Wielka Brytania,ryanair,1603.49,PLN,1.000000,price,,,GDN-STN,2026-08-20T11:32:54Z,2026-08-20T12:23:59Z
2026-08-26,,1281.27,GDN,STN,2026-08-20,Gdańsk,Polska,Londyn,Wielka Brytania,ryanair,1281.27,PLN,1.000000,price,,,GDN-STN,2026-08-20T11:32:54Z,2026-08-20T12:23:59Z
2026-08-28,,1348.48,GDN,STN,2026-08-20,Gdańsk,Polska,Londyn,Wielka Brytania,ryanair,1348.48,PLN,1.000000,price,,,GDN-STN,2026-08-20T11:32:54Z,2026-08-20T12:23:59Z
2026-08-29,,1275.60,GDN,STN,2026-08-20,Gdańsk,Polska,Londyn,Wielka Brytania,ryanair,1275.6,PLN,1.000000,price,,,GDN-STN,2026-08-20T11:32:54Z,2026-08-20T12:23:59Z
2026-08-30,,1357.13,GDN,STN,2026-08-20,Gdańsk,Polska,Londyn,Wielka Brytania,ryanair,1357.13,PLN,1.000000,price,,,GDN-STN,2026-08-20T11:32:54Z,2026-08-20T12:23:59Z
2026-08-31,,1495.39,GDN,STN,2026-08-20,Gdańsk,Polska,Londyn,Wielka Brytania,ryanair,1495.39,PLN,1.000000,price,,,GDN-STN,2026-08-20T11:32:54Z,2026-08-20T12:23:59Z
2026-08-29,,109.00,GDN,STO,2026-08-20,Gdańsk,Polska,Sztokholm,Szwecja,wizzair,109.0,PLN,1.000000,price,BO,False,GDN-STO,2026-08-20T11:32:53Z,2026-08-20T12:23:59Z
2026-08-30,,359.00,GDN,STO,2026-08-20,Gdańsk,Polska,Sztokholm,Szwecja,wizzair,359.0,PLN,1.000000,price,HI,False,GDN-STO,2026-08-20T11:32:53Z,2026-08-20T12:23:59Z
2026-08-31,,179.00,GDN,STO,2026-08-20,Gdańsk,Polska,Sztokholm,Szwecja,wizzair,179.0,PLN,1.000000,price,KL,False,GDN-STO,2026-08-20T11:32:53Z,2026-08-20T12:23:59Z
2026-08-29,,229.00,GDN,SVG,2026-08-20,Gdańsk,Polska,Stavanger,Norwegia,wizzair,229.0,PLN,1.000000,price,B,False,GDN-SVG,2026-08-20T11:32:53Z,2026-08-20T12:23:59Z
2026-08-31,,269.00,GDN,SVG,2026-08-20,Gdańsk,Polska,Stavanger,Norwegia,wizzair,269.0,PLN,1.000000,price,L,False,GDN-SVG,2026-08-20T11:32:53Z,2026-08-20T12:23:59Z
2026-08-20,,514.30,GDN,TGD,2026-08-20,Gdańsk,Polska,Podgorica,Czarnogóra,ryanair,514.3,PLN,1.000000,price,,,GDN-TGD,2026-08-20T11:32:54Z,2026-08-20T12:23:59Z
2026-08-21,,475.40,GDN,TGD,2026-08-20,Gdańsk,Polska,Podgorica,Czarnogóra,ryanair,475.4,PLN,1.000000,price,,,GDN-TGD,2026-08-20T11:32:54Z,2026-08-20T12:23:59Z
2026-08-23,,172.84,GDN,TGD,2026-08-20,Gdańsk,Polska,Podgorica,Czarnogóra,ryanair,172.84,PLN,1.000000,price,,,GDN-TGD,2026-08-20T11:32:54Z,2026-08-20T12:23:59Z
2026-08-24,,161.57,GDN,TGD,2026-08-20,Gdańsk,Polska,Podgorica,Czarnogóra,ryanair,161.57,PLN,1.000000,price,,,GDN-TGD,2026-08-20T11:32:54Z,2026-08-20T12:23:59Z
2026-08-26,,228.37,GDN,TGD,2026-08-20,Gdańsk,Polska,Podgorica,Czarnogóra,ryanair,228.37,PLN,1.000000,price,,,GDN-TGD,2026-08-20T11:32:54Z,2026-08-20T12:23:59Z
2026-08-27,,123.32,GDN,TGD,2026-08-20,Gdańsk,Polska,Podgorica,Czarnogóra,ryanair,123.32,PLN,1.000000,price,,,GDN-TGD,2026-08-20T11:32:54Z,2026-08-20T12:23:59Z
2026-08-28,,113.94,GDN,TGD,2026-08-20,Gdańsk,Polska,Podgorica,Czarnogóra,ryanair,113.94,PLN,1.000000,price,,,GDN-TGD,2026-08-20T11:32:54Z,2026-08-20T12:23:59Z
2026-08-30,,120.98,GDN,TGD,2026-08-20,Gdańsk,Polska,Podgorica,Czarnogóra,ryanair,120.98,PLN,1.000000,price,,,GDN-TGD,2026-08-20T11:32:54Z,2026-08-20T12:23:59Z
2026-08-31,,95.00,GDN,TGD,2026-08-20,Gdańsk,Polska,Podgorica,Czarnogóra,ryanair,95.0,PLN,1.000000,price,,,GDN-TGD,2026-08-20T11:32:54Z,2026-08-20T12:23:59Z
2026-08-22,,220.71,GDN,TIA,2026-08-20,Gdańsk,Polska,Tirana,Albania,ryanair,220.71,PLN,1.000000,price,,,GDN-TIA,2026-08-20T11:32:54Z,2026-08-20T12:23:59Z
2026-08-25,,149.32,GDN,TIA,2026-08-20,Gdańsk,Polska,Tirana,Albania,ryanair,149.32,PLN,1.000000,price,,,GDN-TIA,2026-08-20T11:32:54Z,2026-08-20T12:23:59Z
2026-08-27,,69.00,GDN,TIA,2026-08-20,Gdańsk,Polska,Tirana,Albania,ryanair,69.0,PLN,1.000000,price,,,GDN-TIA,2026-08-20T11:32:54Z,2026-08-20T12:23:59Z
2026-08-29,,69.00,GDN,TIA,2026-08-20,Gdańsk,Polska,Tirana,Albania,ryanair,69.0,PLN,1.000000,price,,,GDN-TIA,2026-08-20T11:32:54Z,2026-08-20T12:23:59Z
2026-08-30,,179.00,GDN,TIA,2026-08-20,Gdańsk,Polska,Tirana,Albania,wizzair,179.0,PLN,1.000000,price,B,False,GDN-TIA,2026-08-20T11:32:53Z,2026-08-20T12:23:59Z
2026-08-29,,209.00,GDN,TKU,2026-08-20,Gdańsk,Polska,Turku,Finlandia,wizzair,209.0,PLN,1.000000,price,LB,False,GDN-TKU,2026-08-20T11:32:53Z,2026-08-20T12:23:59Z
2026-08-30,,409.00,GDN,TKU,2026-08-20,Gdańsk,Polska,Turku,Finlandia,wizzair,409.0,PLN,1.000000,price,I,False,GDN-TKU,2026-08-20T11:32:53Z,2026-08-20T12:23:59Z
2026-08-31,,159.00,GDN,TKU,2026-08-20,Gdańsk,Polska,Turku,Finlandia,wizzair,159.0,PLN,1.000000,price,BO,False,GDN-TKU,2026-08-20T11:32:53Z,2026-08-20T12:23:59Z
2026-08-30,,179.00,GDN,TLL,2026-08-20,Gdańsk,Polska,Tallinn,Estonia,wizzair,179.0,PLN,1.000000,price,B,False,GDN-TLL,2026-08-20T11:32:53Z,2026-08-20T12:23:59Z
2026-08-31,,159.00,GDN,TLL,2026-08-20,Gdańsk,Polska,Tallinn,Estonia,wizzair,159.0,PLN,1.000000,price,BO,False,GDN-TLL,2026-08-20T11:32:53Z,2026-08-20T12:23:59Z
2026-08-31,,269.00,GDN,TOS,2026-08-20,Gdańsk,Polska,Tromso,Norwegia,wizzair,269.0,PLN,1.000000,price,L,False,GDN-TOS,2026-08-20T11:32:53Z,2026-08-20T12:23:59Z
2026-08-29,,79.00,GDN,TRD,2026-08-20,Gdańsk,Polska,Trondheim,Norwegia,wizzair,79.0,PLN,1.000000,price,RS,False,GDN-TRD,2026-08-20T11:32:53Z,2026-08-20T12:23:59Z
2026-08-30,,139.00,GDN,TRD,2026-08-20,Gdańsk,Polska,Trondheim,Norwegia,wizzair,139.0,PLN,1.000000,price,O,False,GDN-TRD,2026-08-20T11:32:53Z,2026-08-20T12:23:59Z
2026-08-20,,572.03,GDN,TRF,2026-08-20,Gdańsk,Polska,Oslo,Norwegia,ryanair,572.03,PLN,1.000000,price,,,GDN-TRF,2026-08-20T11:32:54Z,2026-08-20T12:23:59Z
2026-08-21,,170.28,GDN,TRF,2026-08-20,Gdańsk,Polska,Oslo,Norwegia,ryanair,170.28,PLN,1.000000,price,,,GDN-TRF,2026-08-20T11:32:54Z,2026-08-20T12:23:59Z
2026-08-22,,140.36,GDN,TRF,2026-08-20,Gdańsk,Polska,Oslo,Norwegia,ryanair,140.36,PLN,1.000000,price,,,GDN-TRF,2026-08-20T11:32:54Z,2026-08-20T12:23:59Z
2026-08-23,,1123.95,GDN,TRF,2026-08-20,Gdańsk,Polska,Oslo,Norwegia,ryanair,1123.95,PLN,1.000000,price,,,GDN-TRF,2026-08-20T11:32:54Z,2026-08-20T12:23:59Z
2026-08-24,,860.12,GDN,TRF,2026-08-20,Gdańsk,Polska,Oslo,Norwegia,ryanair,860.12,PLN,1.000000,price,,,GDN-TRF,2026-08-20T11:32:54Z,2026-08-20T12:23:59Z
2026-08-25,,70.19,GDN,TRF,2026-08-20,Gdańsk,Polska,Oslo,Norwegia,ryanair,70.19,PLN,1.000000,price,,,GDN-TRF,2026-08-20T11:32:54Z,2026-08-20T12:23:59Z
2026-08-26,,68.33,GDN,TRF,2026-08-20,Gdańsk,Polska,Oslo,Norwegia,ryanair,68.33,PLN,1.000000,price,,,GDN-TRF,2026-08-20T11:32:54Z,2026-08-20T12:23:59Z
2026-08-27,,68.33,GDN,TRF,2026-08-20,Gdańsk,Polska,Oslo,Norwegia,ryanair,68.33,PLN,1.000000,price,,,GDN-TRF,2026-08-20T11:32:54Z,2026-08-20T12:23:59Z
2026-08-28,,68.33,GDN,TRF,2026-08-20,Gdańsk,Polska,Oslo,Norwegia,ryanair,68.33,PLN,1.000000,price,,,GDN-TRF,2026-08-20T11:32:54Z,2026-08-20T12:23:59Z
2026-08-29,,68.33,GDN,TRF,2026-08-20,Gdańsk,Polska,Oslo,Norwegia,ryanair,68.33,PLN,1.000000,price,,,GDN-TRF,2026-08-20T11:32:54Z,2026-08-20T12:23:59Z
2026-08-30,,117.72,GDN,TRF,2026-08-20,Gdańsk,Polska,Oslo,Norwegia,ryanair,117.72,PLN,1.000000,price,,,GDN-TRF,2026-08-20T11:32:54Z,2026-08-20T12:23:59Z
2026-08-31,,103.58,GDN,TRF,2026-08-20,Gdańsk,Polska,Oslo,Norwegia,ryanair,103.58,PLN,1.000000,price,,,GDN-TRF,2026-08-20T11:32:54Z,2026-08-20T12:23:59Z
2026-08-24,,1589.01,GDN,TSF,2026-08-20,Gdańsk,Polska,Wenecja,Włochy,ryanair,1589.01,PLN,1.000000,price,,,GDN-TSF,2026-08-20T11:32:54Z,2026-08-20T12:23:59Z
2026-08-27,,333.17,GDN,TSF,2026-08-20,Gdańsk,Polska,Wenecja,Włochy,ryanair,333.17,PLN,1.000000,price,,,GDN-TSF,2026-08-20T11:32:54Z,2026-08-20T12:23:59Z
2026-08-31,,158.00,GDN,TSF,2026-08-20,Gdańsk,Polska,Wenecja,Włochy,ryanair,158.0,PLN,1.000000,price,,,GDN-TSF,2026-08-20T11:32:54Z,2026-08-20T12:23:59Z
2026-08-31,,109.00,GDN,VAR,2026-08-20,Gdańsk,Polska,Warna,Bułagria,wizzair,109.0,PLN,1.000000,price,R,False,GDN-VAR,2026-08-20T11:32:53Z,2026-08-20T12:23:59Z
2026-08-29,,179.00,GDN,VNO,2026-08-20,Gdańsk,Polska,Wilno,Litwa,wizzair,179.0,PLN,1.000000,price,B,False,GDN-VNO,2026-08-20T11:32:53Z,2026-08-20T12:23:59Z
2026-08-30,,249.00,GDN,VNO,2026-08-20,Gdańsk,Polska,Wilno,Litwa,wizzair,249.0,PLN,1.000000,price,KL,False,GDN-VNO,2026-08-20T11:32:53Z,2026-08-20T12:23:59Z
2026-08-23,,211.13,GDN,VXO,2026-08-20,Gdańsk,Polska,Växjö,Szwecja,ryanair,211.13,PLN,1.000000,price,,,GDN-VXO,2026-08-20T11:32:54Z,2026-08-20T12:23:59Z
2026-08-27,,133.94,GDN,VXO,2026-08-20,Gdańsk,Polska,Växjö,Szwecja,ryanair,133.94,PLN,1.000000,price,,,GDN-VXO,2026-08-20T11:32:54Z,2026-08-20T12:23:59Z
2026-08-30,,81.32,GDN,VXO,2026-08-20,Gdańsk,Polska,Växjö,Szwecja,ryanair,81.32,PLN,1.000000,price,,,GDN-VXO,2026-08-20T11:32:54Z,2026-08-20T12:23:59Z
2026-08-21,,224.72,GDN,WRO,2026-08-20,Gdańsk,Polska,Wrocław,Polska,ryanair,224.72,PLN,1.000000,price,,,GDN-WRO,2026-08-20T11:32:54Z,2026-08-20T12:23:59Z
2026-08-23,,332.77,GDN,WRO,2026-08-20,Gdańsk,Polska,Wrocław,Polska,ryanair,332.77,PLN,1.000000,price,,,GDN-WRO,2026-08-20T11:32:54Z,2026-08-20T12:23:59Z
2026-08-24,,211.13,GDN,WRO,2026-08-20,Gdańsk,Polska,Wrocław,Polska,ryanair,211.13,PLN,1.000000,price,,,GDN-WRO,2026-08-20T11:32:54Z,2026-08-20T12:23:59Z
2026-08-25,,241.29,GDN,WRO,2026-08-20,Gdańsk,Polska,Wrocław,Polska,ryanair,241.29,PLN,1.000000,price,,,GDN-WRO,2026-08-20T11:32:54Z,2026-08-20T12:23:59Z
2026-08-27,,288.64,GDN,WRO,2026-08-20,Gdańsk,Polska,Wrocław,Polska,ryanair,288.64,PLN,1.000000,price,,,GDN-WRO,2026-08-20T11:32:54Z,2026-08-20T12:23:59Z
2026-08-28,,228.37,GDN,WRO,2026-08-20,Gdańsk,Polska,Wrocław,Polska,ryanair,228.37,PLN,1.000000,price,,,GDN-WRO,2026-08-20T11:32:54Z,2026-08-20T12:23:59Z
2026-08-30,,267.15,GDN,WRO,2026-08-20,Gdańsk,Polska,Wrocław,Polska,ryanair,267.15,PLN,1.000000,price,,,GDN-WRO,2026-08-20T11:32:54Z,2026-08-20T12:23:59Z
2026-08-31,,220.28,GDN,WRO,2026-08-20,Gdańsk,Polska,Wrocław,Polska,ryanair,220.28,PLN,1.000000,price,,,GDN-WRO,2026-08-20T11:32:54Z,2026-08-20T12:23:59Z
2026-08-24,,393.28,GDN,ZAD,2026-08-20,Gdańsk,Polska,Zadar,Chorwacja,ryanair,393.28,PLN,1.000000,price,,,GDN-ZAD,2026-08-20T11:32:54Z,2026-08-20T12:23:59Z
2026-08-26,,224.71,GDN,ZAD,2026-08-20,Gdańsk,Polska,Zadar,Chorwacja,ryanair,224.71,PLN,1.000000,price,,,GDN-ZAD,2026-08-20T11:32:54Z,2026-08-20T12:23:59Z
2026-08-27,,241.29,GDN,ZAD,2026-08-20,Gdańsk,Polska,Zadar,Chorwacja,ryanair,241.29,PLN,1.000000,price,,,GDN-ZAD,2026-08-20T11:32:54Z,2026-08-20T12:23:59Z
2026-08-28,,219.43,GDN,ZAD,2026-08-20,Gdańsk,Polska,Zadar,Chorwacja,ryanair,219.43,PLN,1.000000,price,,,GDN-ZAD,2026-08-20T11:32:54Z,2026-08-20T12:23:59Z
2026-08-31,,125.30,GDN,ZAD,2026-08-20,Gdańsk,Polska,Zadar,Chorwacja,ryanair,125.3,PLN,1.000000,price,,,GDN-ZAD,2026-08-20T11:32:54Z,2026-08-20T12:23:59Z
2026-08-29,,403.01,GHV,KTW,2026-08-20,Braszow,Rumunia,Katowice,Polska,wizzair,489.0,RON,0.824152,price,J,False,GHV-KTW,2026-08-20T11:32:53Z,2026-08-20T12:23:59Z
2026-08-29,,452.46,GHV,WAW,2026-08-20,Braszow,Rumunia,Warszawa,Polska,wizzair,549.0,RON,0.824152,price,IJ,False,GHV-WAW,2026-08-20T11:32:53Z,2026-08-20T12:23:59Z
2026-08-22,,323.09,GLA,KRK,2026-08-20,Glasgow,Szkocja,Kraków,Polska,ryanair,323.09,PLN,1.000000,price,,,GLA-KRK,2026-08-20T11:32:54Z,2026-08-20T12:23:59Z
2026-08-24,,119.00,GLA,KRK,2026-08-20,Glasgow,Szkocja,Kraków,Polska,ryanair,119.0,PLN,1.000000,price,,,GLA-KRK,2026-08-20T11:32:54Z,2026-08-20T12:23:59Z
2026-08-25,,202.09,GLA,KRK,2026-08-20,Glasgow,Szkocja,Kraków,Polska,ryanair,202.09,PLN,1.000000,price,,,GLA-KRK,2026-08-20T11:32:54Z,2026-08-20T12:23:59Z
2026-08-26,,258.44,GLA,KRK,2026-08-20,Glasgow,Szkocja,Kraków,Polska,ryanair,258.44,PLN,1.000000,price,,,GLA-KRK,2026-08-20T11:32:54Z,2026-08-20T12:23:59Z
2026-08-29,,361.64,GLA,KRK,2026-08-20,Glasgow,Szkocja,Kraków,Polska,ryanair,361.64,PLN,1.000000,price,,,GLA-KRK,2026-08-20T11:32:54Z,2026-08-20T12:23:59Z
2026-08-31,,140.32,GLA,KRK,2026-08-20,Glasgow,Szkocja,Kraków,Polska,ryanair,140.32,PLN,1.000000,price,,,GLA-KRK,2026-08-20T11:32:54Z,2026-08-20T12:23:59Z
2026-08-21,,333.67,GLA,WMI,2026-08-20,Glasgow,Szkocja,Warszawa,Polska,ryanair,333.67,PLN,1.000000,price,,,GLA-WMI,2026-08-20T11:32:54Z,2026-08-20T12:23:59Z
2026-08-23,,189.74,GLA,WMI,2026-08-20,Glasgow,Szkocja,Warszawa,Polska,ryanair,189.74,PLN,1.000000,price,,,GLA-WMI,2026-08-20T11:32:54Z,2026-08-20T12:23:59Z
2026-08-28,,302.25,GLA,WMI,2026-08-20,Glasgow,Szkocja,Warszawa,Polska,ryanair,302.25,PLN,1.000000,price,,,GLA-WMI,2026-08-20T11:32:54Z,2026-08-20T12:23:59Z
2026-08-30,,201.36,GLA,WMI,2026-08-20,Glasgow,Szkocja,Warszawa,Polska,ryanair,201.36,PLN,1.000000,price,,,GLA-WMI,2026-08-20T11:32:54Z,2026-08-20T12:23:59Z
2026-08-22,,363.80,GLA,WRO,2026-08-20,Glasgow,Szkocja,Wrocław,Polska,ryanair,363.8,PLN,1.000000,price,,,GLA-WRO,2026-08-20T11:32:54Z,2026-08-20T12:23:59Z
2026-08-26,,363.80,GLA,WRO,2026-08-20,Glasgow,Szkocja,Wrocław,Polska,ryanair,363.8,PLN,1.000000,price,,,GLA-WRO,2026-08-20T11:32:54Z,2026-08-20T12:23:59Z
2026-08-29,,155.68,GLA,WRO,2026-08-20,Glasgow,Szkocja,Wrocław,Polska,ryanair,155.68,PLN,1.000000,price,,,GLA-WRO,2026-08-20T11:32:54Z,2026-08-20T12:23:59Z
2026-08-29,,539.96,GOA,KRK,2026-08-20,Genoa,Włochy,Kraków,Polska,wizzair,124.99,EUR,4.320028,price,HI,False,GOA-KRK,2026-08-20T11:32:53Z,2026-08-20T12:23:59Z
2026-08-29,,345.56,GOA,WAW,2026-08-20,Genoa,Włochy,Warszawa,Polska,wizzair,79.99,EUR,4.320028,price,JK,False,GOA-WAW,2026-08-20T11:32:53Z,2026-08-20T12:23:59Z
2026-08-20,,432.18,GOT,GDN,2026-08-20,Gotenburg,Szwecja,Gdańsk,Polska,ryanair,432.18,PLN,1.000000,price,,,GOT-GDN,2026-08-20T11:32:54Z,2026-08-20T12:23:59Z
2026-08-21,,302.51,GOT,GDN,2026-08-20,Gotenburg,Szwecja,Gdańsk,Polska,ryanair,302.51,PLN,1.000000,price,,,GOT-GDN,2026-08-20T11:32:54Z,2026-08-20T12:23:59Z
2026-08-22,,271.46,GOT,GDN,2026-08-20,Gotenburg,Szwecja,Gdańsk,Polska,ryanair,271.46,PLN,1.000000,price,,,GOT-GDN,2026-08-20T11:32:54Z,2026-08-20T12:23:59Z
2026-08-23,,84.87,GOT,GDN,2026-08-20,Gotenburg,Szwecja,Gdańsk,Polska,ryanair,84.87,PLN,1.000000,price,,,GOT-GDN,2026-08-20T11:32:54Z,2026-08-20T12:23:59Z
2026-08-24,,147.77,GOT,GDN,2026-08-20,Gotenburg,Szwecja,Gdańsk,Polska,ryanair,147.77,PLN,1.000000,price,,,GOT-GDN,2026-08-20T11:32:54Z,2026-08-20T12:23:59Z
2026-08-25,,70.19,GOT,GDN,2026-08-20,Gotenburg,Szwecja,Gdańsk,Polska,ryanair,70.19,PLN,1.000000,price,,,GOT-GDN,2026-08-20T11:32:54Z,2026-08-20T12:23:59Z
2026-08-26,,69.11,GOT,GDN,2026-08-20,Gotenburg,Szwecja,Gdańsk,Polska,ryanair,69.11,PLN,1.000000,price,,,GOT-GDN,2026-08-20T11:32:54Z,2026-08-20T12:23:59Z
2026-08-27,,275.77,GOT,GDN,2026-08-20,Gotenburg,Szwecja,Gdańsk,Polska,ryanair,275.77,PLN,1.000000,price,,,GOT-GDN,2026-08-20T11:32:54Z,2026-08-20T12:23:59Z
2026-08-28,,576.35,GOT,GDN,2026-08-20,Gotenburg,Szwecja,Gdańsk,Polska,ryanair,576.35,PLN,1.000000,price,,,GOT-GDN,2026-08-20T11:32:54Z,2026-08-20T12:23:59Z
2026-08-29,,314.56,GOT,GDN,2026-08-20,Gotenburg,Szwecja,Gdańsk,Polska,ryanair,314.56,PLN,1.000000,price,,,GOT-GDN,2026-08-20T11:32:54Z,2026-08-20T12:23:59Z
2026-08-30,,68.33,GOT,GDN,2026-08-20,Gotenburg,Szwecja,Gdańsk,Polska,ryanair,68.33,PLN,1.000000,price,,,GOT-GDN,2026-08-20T11:32:54Z,2026-08-20T12:23:59Z
2026-08-31,,66.22,GOT,GDN,2026-08-20,Gotenburg,Szwecja,Gdańsk,Polska,wizzair,169.0,SEK,0.391806,price,PR,False,GOT-GDN,2026-08-20T11:32:53Z,2026-08-20T12:23:59Z
2026-08-21,,1342.65,GOT,KRK,2026-08-20,Gotenburg,Szwecja,Kraków,Polska,ryanair,1342.65,PLN,1.000000,price,,,GOT-KRK,2026-08-20T11:32:54Z,2026-08-20T12:23:59Z
2026-08-23,,595.87,GOT,KRK,2026-08-20,Gotenburg,Szwecja,Kraków,Polska,ryanair,595.87,PLN,1.000000,price,,,GOT-KRK,2026-08-20T11:32:54Z,2026-08-20T12:23:59Z
2026-08-24,,96.43,GOT,KRK,2026-08-20,Gotenburg,Szwecja,Kraków,Polska,ryanair,96.43,PLN,1.000000,price,,,GOT-KRK,2026-08-20T11:32:54Z,2026-08-20T12:23:59Z
2026-08-25,,104.85,GOT,KRK,2026-08-20,Gotenburg,Szwecja,Kraków,Polska,ryanair,104.85,PLN,1.000000,price,,,GOT-KRK,2026-08-20T11:32:54Z,2026-08-20T12:23:59Z
2026-08-26,,151.66,GOT,KRK,2026-08-20,Gotenburg,Szwecja,Kraków,Polska,ryanair,151.66,PLN,1.000000,price,,,GOT-KRK,2026-08-20T11:32:54Z,2026-08-20T12:23:59Z
2026-08-28,,659.34,GOT,KRK,2026-08-20,Gotenburg,Szwecja,Kraków,Polska,ryanair,659.34,PLN,1.000000,price,,,GOT-KRK,2026-08-20T11:32:54Z,2026-08-20T12:23:59Z
2026-08-30,,145.87,GOT,KRK,2026-08-20,Gotenburg,Szwecja,Kraków,Polska,ryanair,145.87,PLN,1.000000,price,,,GOT-KRK,2026-08-20T11:32:54Z,2026-08-20T12:23:59Z
2026-08-31,,95.00,GOT,KRK,2026-08-20,Gotenburg,Szwecja,Kraków,Polska,ryanair,95.0,PLN,1.000000,price,,,GOT-KRK,2026-08-20T11:32:54Z,2026-08-20T12:23:59Z
2026-08-22,,561.84,GRO,KRK,2026-08-20,Girona,Hiszpania,Kraków,Polska,ryanair,561.84,PLN,1.000000,price,,,GRO-KRK,2026-08-20T11:32:54Z,2026-08-20T12:23:59Z
2026-08-23,,319.80,GRO,KRK,2026-08-20,Girona,Hiszpania,Kraków,Polska,ryanair,319.8,PLN,1.000000,price,,,GRO-KRK,2026-08-20T11:32:54Z,2026-08-20T12:23:59Z
2026-08-25,,496.83,GRO,KRK,2026-08-20,Girona,Hiszpania,Kraków,Polska,ryanair,496.83,PLN,1.000000,price,,,GRO-KRK,2026-08-20T11:32:54Z,2026-08-20T12:23:59Z
2026-08-26,,280.90,GRO,KRK,2026-08-20,Girona,Hiszpania,Kraków,Polska,ryanair,280.9,PLN,1.000000,price,,,GRO-KRK,2026-08-20T11:32:54Z,2026-08-20T12:23:59Z
2026-08-27,,262.84,GRO,KRK,2026-08-20,Girona,Hiszpania,Kraków,Polska,ryanair,262.84,PLN,1.000000,price,,,GRO-KRK,2026-08-20T11:32:54Z,2026-08-20T12:23:59Z
2026-08-29,,676.88,GRO,KRK,2026-08-20,Girona,Hiszpania,Kraków,Polska,ryanair,676.88,PLN,1.000000,price,,,GRO-KRK,2026-08-20T11:32:54Z,2026-08-20T12:23:59Z
2026-08-30,,1158.19,GRO,KRK,2026-08-20,Girona,Hiszpania,Kraków,Polska,ryanair,1158.19,PLN,1.000000,price,,,GRO-KRK,2026-08-20T11:32:54Z,2026-08-20T12:23:59Z
2026-08-21,,475.40,GRO,POZ,2026-08-20,Girona,Hiszpania,Poznań,Polska,ryanair,475.4,PLN,1.000000,price,,,GRO-POZ,2026-08-20T11:32:54Z,2026-08-20T12:23:59Z
2026-08-22,,790.92,GRO,POZ,2026-08-20,Girona,Hiszpania,Poznań,Polska,ryanair,790.92,PLN,1.000000,price,,,GRO-POZ,2026-08-20T11:32:54Z,2026-08-20T12:23:59Z
2026-08-23,,1361.08,GRO,POZ,2026-08-20,Girona,Hiszpania,Poznań,Polska,ryanair,1361.08,PLN,1.000000,price,,,GRO-POZ,2026-08-20T11:32:54Z,2026-08-20T12:23:59Z
2026-08-25,,484.04,GRO,POZ,2026-08-20,Girona,Hiszpania,Poznań,Polska,ryanair,484.04,PLN,1.000000,price,,,GRO-POZ,2026-08-20T11:32:54Z,2026-08-20T12:23:59Z
2026-08-26,,318.87,GRO,POZ,2026-08-20,Girona,Hiszpania,Poznań,Polska,ryanair,318.87,PLN,1.000000,price,,,GRO-POZ,2026-08-20T11:32:54Z,2026-08-20T12:23:59Z
2026-08-27,,258.53,GRO,POZ,2026-08-20,Girona,Hiszpania,Poznań,Polska,ryanair,258.53,PLN,1.000000,price,,,GRO-POZ,2026-08-20T11:32:54Z,2026-08-20T12:23:59Z
2026-08-28,,422.30,GRO,POZ,2026-08-20,Girona,Hiszpania,Poznań,Polska,ryanair,422.3,PLN,1.000000,price,,,GRO-POZ,2026-08-20T11:32:54Z,2026-08-20T12:23:59Z
2026-08-29,,723.17,GRO,POZ,2026-08-20,Girona,Hiszpania,Poznań,Polska,ryanair,723.17,PLN,1.000000,price,,,GRO-POZ,2026-08-20T11:32:54Z,2026-08-20T12:23:59Z
2026-08-30,,1622.94,GRO,POZ,2026-08-20,Girona,Hiszpania,Poznań,Polska,ryanair,1622.94,PLN,1.000000,price,,,GRO-POZ,2026-08-20T11:32:54Z,2026-08-20T12:23:59Z
2026-08-21,,639.52,GRO,WRO,2026-08-20,Girona,Hiszpania,Wrocław,Polska,ryanair,639.52,PLN,1.000000,price,,,GRO-WRO,2026-08-20T11:32:54Z,2026-08-20T12:23:59Z
2026-08-22,,700.15,GRO,WRO,2026-08-20,Girona,Hiszpania,Wrocław,Polska,ryanair,700.15,PLN,1.000000,price,,,GRO-WRO,2026-08-20T11:32:54Z,2026-08-20T12:23:59Z
2026-08-23,,911.94,GRO,WRO,2026-08-20,Girona,Hiszpania,Wrocław,Polska,ryanair,911.94,PLN,1.000000,price,,,GRO-WRO,2026-08-20T11:32:54Z,2026-08-20T12:23:59Z
2026-08-24,,254.22,GRO,WRO,2026-08-20,Girona,Hiszpania,Wrocław,Polska,ryanair,254.22,PLN,1.000000,price,,,GRO-WRO,2026-08-20T11:32:54Z,2026-08-20T12:23:59Z
2026-08-25,,315.48,GRO,WRO,2026-08-20,Girona,Hiszpania,Wrocław,Polska,ryanair,315.48,PLN,1.000000,price,,,GRO-WRO,2026-08-20T11:32:54Z,2026-08-20T12:23:59Z
2026-08-26,,525.73,GRO,WRO,2026-08-20,Girona,Hiszpania,Wrocław,Polska,ryanair,525.73,PLN,1.000000,price,,,GRO-WRO,2026-08-20T11:32:54Z,2026-08-20T12:23:59Z
2026-08-28,,517.11,GRO,WRO,2026-08-20,Girona,Hiszpania,Wrocław,Polska,ryanair,517.11,PLN,1.000000,price,,,GRO-WRO,2026-08-20T11:32:54Z,2026-08-20T12:23:59Z
2026-08-29,,465.39,GRO,WRO,2026-08-20,Girona,Hiszpania,Wrocław,Polska,ryanair,465.39,PLN,1.000000,price,,,GRO-WRO,2026-08-20T11:32:54Z,2026-08-20T12:23:59Z
2026-08-30,,760.66,GRO,WRO,2026-08-20,Girona,Hiszpania,Wrocław,Polska,ryanair,760.66,PLN,1.000000,price,,,GRO-WRO,2026-08-20T11:32:54Z,2026-08-20T12:23:59Z
2026-08-31,,676.88,GRO,WRO,2026-08-20,Girona,Hiszpania,Wrocław,Polska,ryanair,676.88,PLN,1.000000,price,,,GRO-WRO,2026-08-20T11:32:54Z,2026-08-20T12:23:59Z
2026-08-22,,689.56,HAM,GDN,2026-08-20,Hamburg,Niemcy,Gdańsk,Polska,ryanair,689.56,PLN,1.000000,price,,,HAM-GDN,2026-08-20T11:32:54Z,2026-08-20T12:23:59Z
2026-08-24,,397.58,HAM,GDN,2026-08-20,Hamburg,Niemcy,Gdańsk,Polska,ryanair,397.58,PLN,1.000000,price,,,HAM-GDN,2026-08-20T11:32:54Z,2026-08-20T12:23:59Z
2026-08-26,,145.32,HAM,GDN,2026-08-20,Hamburg,Niemcy,Gdańsk,Polska,ryanair,145.32,PLN,1.000000,price,,,HAM-GDN,2026-08-20T11:32:54Z,2026-08-20T12:23:59Z
2026-08-29,,431.96,HAM,GDN,2026-08-20,Hamburg,Niemcy,Gdańsk,Polska,wizzair,99.99,EUR,4.320028,price,HI,False,HAM-GDN,2026-08-20T11:32:53Z,2026-08-20T12:23:59Z
2026-08-30,,241.88,HAM,GDN,2026-08-20,Hamburg,Niemcy,Gdańsk,Polska,wizzair,55.99,EUR,4.320028,price,KL,False,HAM-GDN,2026-08-20T11:32:53Z,2026-08-20T12:23:59Z
2026-08-31,,81.00,HAM,GDN,2026-08-20,Hamburg,Niemcy,Gdańsk,Polska,ryanair,81.0,PLN,1.000000,price,,,HAM-GDN,2026-08-20T11:32:54Z,2026-08-20T12:23:59Z
2026-08-29,,181.98,HAU,GDN,2026-08-20,Haugesund,Norwegia,Gdańsk,Polska,wizzair,459.0,NOK,0.396472,price,O,False,HAU-GDN,2026-08-20T11:32:53Z,2026-08-20T12:23:59Z
2026-08-30,,181.98,HAU,GDN,2026-08-20,Haugesund,Norwegia,Gdańsk,Polska,wizzair,459.0,NOK,0.396472,price,O,False,HAU-GDN,2026-08-20T11:32:53Z,2026-08-20T12:23:59Z
2026-08-21,,509.98,HEL,WMI,2026-08-20,Helsinki,Finlandia,Warszawa,Polska,ryanair,509.98,PLN,1.000000,price,,,HEL-WMI,2026-08-20T11:32:54Z,2026-08-20T12:23:59Z
2026-08-23,,600.73,HEL,WMI,2026-08-20,Helsinki,Finlandia,Warszawa,Polska,ryanair,600.73,PLN,1.000000,price,,,HEL-WMI,2026-08-20T11:32:54Z,2026-08-20T12:23:59Z
2026-08-25,,289.44,HEL,WMI,2026-08-20,Helsinki,Finlandia,Warszawa,Polska,ryanair,289.44,PLN,1.000000,price,,,HEL-WMI,2026-08-20T11:32:54Z,2026-08-20T12:23:59Z
2026-08-27,,237.68,HEL,WMI,2026-08-20,Helsinki,Finlandia,Warszawa,Polska,ryanair,237.68,PLN,1.000000,price,,,HEL-WMI,2026-08-20T11:32:54Z,2026-08-20T12:23:59Z
2026-08-28,,341.41,HEL,WMI,2026-08-20,Helsinki,Finlandia,Warszawa,Polska,ryanair,341.41,PLN,1.000000,price,,,HEL-WMI,2026-08-20T11:32:54Z,2026-08-20T12:23:59Z
2026-08-30,,388.95,HEL,WMI,2026-08-20,Helsinki,Finlandia,Warszawa,Polska,ryanair,388.95,PLN,1.000000,price,,,HEL-WMI,2026-08-20T11:32:54Z,2026-08-20T12:23:59Z
2026-08-24,,1548.82,JTR,GDN,2026-08-20,Santorini,Grecja,Gdańsk,Polska,ryanair,1548.82,PLN,1.000000,price,,,JTR-GDN,2026-08-20T11:32:54Z,2026-08-20T12:23:59Z
2026-08-31,,1125.66,JTR,GDN,2026-08-20,Santorini,Grecja,Gdańsk,Polska,ryanair,1125.66,PLN,1.000000,price,,,JTR-GDN,2026-08-20T11:32:54Z,2026-08-20T12:23:59Z
2026-08-22,,940.30,JTR,KRK,2026-08-20,Santorini,Grecja,Kraków,Polska,ryanair,940.3,PLN,1.000000,price,,,JTR-KRK,2026-08-20T11:32:54Z,2026-08-20T12:23:59Z
2026-08-26,,962.39,JTR,KRK,2026-08-20,Santorini,Grecja,Kraków,Polska,ryanair,962.39,PLN,1.000000,price,,,JTR-KRK,2026-08-20T11:32:54Z,2026-08-20T12:23:59Z
2026-08-29,,1444.40,JTR,KRK,2026-08-20,Santorini,Grecja,Kraków,Polska,ryanair,1444.4,PLN,1.000000,price,,,JTR-KRK,2026-08-20T11:32:54Z,2026-08-20T12:23:59Z
2026-08-31,,698.17,JTR,KRK,2026-08-20,Santorini,Grecja,Kraków,Polska,ryanair,698.17,PLN,1.000000,price,,,JTR-KRK,2026-08-20T11:32:54Z,2026-08-20T12:23:59Z
2026-08-29,,475.16,KEF,GDN,2026-08-20,Reykjavik,Islandia,Gdańsk,Polska,wizzair,109.99,EUR,4.320028,price,K,False,KEF-GDN,2026-08-20T11:32:53Z,2026-08-20T12:23:59Z
2026-08-30,,518.36,KEF,GDN,2026-08-20,Reykjavik,Islandia,Gdańsk,Polska,wizzair,119.99,EUR,4.320028,price,JK,False,KEF-GDN,2026-08-20T11:32:53Z,2026-08-20T12:23:59Z
2026-08-29,,626.36,KEF,KTW,2026-08-20,Reykjavik,Islandia,Katowice,Polska,wizzair,144.99,EUR,4.320028,price,IJ,False,KEF-KTW,2026-08-20T11:32:53Z,2026-08-20T12:23:59Z
2026-08-30,,691.16,KEF,KTW,2026-08-20,Reykjavik,Islandia,Katowice,Polska,wizzair,159.99,EUR,4.320028,price,I,False,KEF-KTW,2026-08-20T11:32:53Z,2026-08-20T12:23:59Z
2026-08-29,,755.96,KEF,WAW,2026-08-20,Reykjavik,Islandia,Warszawa,Polska,wizzair,174.99,EUR,4.320028,price,LB,False,KEF-WAW,2026-08-20T11:32:53Z,2026-08-20T12:23:59Z
2026-08-30,,950.36,KEF,WAW,2026-08-20,Reykjavik,Islandia,Warszawa,Polska,wizzair,219.99,EUR,4.320028,price,K,False,KEF-WAW,2026-08-20T11:32:53Z,2026-08-20T12:23:59Z
2026-08-29,,561.56,KEF,WRO,2026-08-20,Reykjavik,Islandia,Wrocław,Polska,wizzair,129.99,EUR,4.320028,price,J,False,KEF-WRO,2026-08-20T11:32:53Z,2026-08-20T12:23:59Z
2026-08-23,,1020.00,KRK,ABZ,2026-08-20,Kraków,Polska,Aberdeen,Wielka Brytania,ryanair,1020.0,PLN,1.000000,price,,,KRK-ABZ,2026-08-20T11:32:54Z,2026-08-20T12:23:59Z
2026-08-25,,499.87,KRK,ABZ,2026-08-20,Kraków,Polska,Aberdeen,Wielka Brytania,ryanair,499.87,PLN,1.000000,price,,,KRK-ABZ,2026-08-20T11:32:54Z,2026-08-20T12:23:59Z
2026-08-26,,400.75,KRK,ABZ,2026-08-20,Kraków,Polska,Aberdeen,Wielka Brytania,ryanair,400.75,PLN,1.000000,price,,,KRK-ABZ,2026-08-20T11:32:54Z,2026-08-20T12:23:59Z
2026-08-30,,396.73,KRK,ABZ,2026-08-20,Kraków,Polska,Aberdeen,Wielka Brytania,ryanair,396.73,PLN,1.000000,price,,,KRK-ABZ,2026-08-20T11:32:54Z,2026-08-20T12:23:59Z
2026-08-21,,400.58,KRK,AGA,2026-08-20,Kraków,Polska,Agadir,Maroko,ryanair,400.58,PLN,1.000000,price,,,KRK-AGA,2026-08-20T11:32:54Z,2026-08-20T12:23:59Z
2026-08-28,,691.97,KRK,AGA,2026-08-20,Kraków,Polska,Agadir,Maroko,ryanair,691.97,PLN,1.000000,price,,,KRK-AGA,2026-08-20T11:32:54Z,2026-08-20T12:23:59Z
2026-08-20,,848.00,KRK,AGP,2026-08-20,Kraków,Polska,Malaga,Hiszpania,ryanair,848.0,PLN,1.000000,price,,,KRK-AGP,2026-08-20T11:32:54Z,2026-08-20T12:23:59Z
2026-08-22,,633.73,KRK,AGP,2026-08-20,Kraków,Polska,Malaga,Hiszpania,ryanair,633.73,PLN,1.000000,price,,,KRK-AGP,2026-08-20T11:32:54Z,2026-08-20T12:23:59Z
2026-08-23,,826.00,KRK,AGP,2026-08-20,Kraków,Polska,Malaga,Hiszpania,ryanair,826.0,PLN,1.000000,price,,,KRK-AGP,2026-08-20T11:32:54Z,2026-08-20T12:23:59Z
2026-08-24,,986.09,KRK,AGP,2026-08-20,Kraków,Polska,Malaga,Hiszpania,ryanair,986.09,PLN,1.000000,price,,,KRK-AGP,2026-08-20T11:32:54Z,2026-08-20T12:23:59Z
2026-08-26,,825.40,KRK,AGP,2026-08-20,Kraków,Polska,Malaga,Hiszpania,ryanair,825.4,PLN,1.000000,price,,,KRK-AGP,2026-08-20T11:32:54Z,2026-08-20T12:23:59Z
2026-08-27,,740.21,KRK,AGP,2026-08-20,Kraków,Polska,Malaga,Hiszpania,ryanair,740.21,PLN,1.000000,price,,,KRK-AGP,2026-08-20T11:32:54Z,2026-08-20T12:23:59Z
2026-08-29,,449.00,KRK,AGP,2026-08-20,Kraków,Polska,Malaga,Hiszpania,wizzair,449.0,PLN,1.000000,price,JK,True,KRK-AGP,2026-08-20T11:32:53Z,2026-08-20T12:23:59Z
2026-08-30,,409.00,KRK,AGP,2026-08-20,Kraków,Polska,Malaga,Hiszpania,wizzair,409.0,PLN,1.000000,price,L,False,KRK-AGP,2026-08-20T11:32:53Z,2026-08-20T12:23:59Z
2026-08-31,,339.00,KRK,AGP,2026-08-20,Kraków,Polska,Malaga,Hiszpania,wizzair,339.0,PLN,1.000000,price,BO,False,KRK-AGP,2026-08-20T11:32:53Z,2026-08-20T12:23:59Z
2026-08-22,,1473.93,KRK,ALC,2026-08-20,Kraków,Polska,Alicante,Hiszpania,ryanair,1473.93,PLN,1.000000,price,,,KRK-ALC,2026-08-20T11:32:54Z,2026-08-20T12:23:59Z
2026-08-23,,1165.30,KRK,ALC,2026-08-20,Kraków,Polska,Alicante,Hiszpania,ryanair,1165.3,PLN,1.000000,price,,,KRK-ALC,2026-08-20T11:32:54Z,2026-08-20T12:23:59Z
2026-08-25,,870.50,KRK,ALC,2026-08-20,Kraków,Polska,Alicante,Hiszpania,ryanair,870.5,PLN,1.000000,price,,,KRK-ALC,2026-08-20T11:32:54Z,2026-08-20T12:23:59Z
2026-08-26,,834.14,KRK,ALC,2026-08-20,Kraków,Polska,Alicante,Hiszpania,ryanair,834.14,PLN,1.000000,price,,,KRK-ALC,2026-08-20T11:32:54Z,2026-08-20T12:23:59Z
2026-08-27,,1460.91,KRK,ALC,2026-08-20,Kraków,Polska,Alicante,Hiszpania,ryanair,1460.91,PLN,1.000000,price,,,KRK-ALC,2026-08-20T11:32:54Z,2026-08-20T12:23:59Z
2026-08-28,,591.57,KRK,ALC,2026-08-20,Kraków,Polska,Alicante,Hiszpania,ryanair,591.57,PLN,1.000000,price,,,KRK-ALC,2026-08-20T11:32:54Z,2026-08-20T12:23:59Z
2026-08-29,,618.03,KRK,ALC,2026-08-20,Kraków,Polska,Alicante,Hiszpania,ryanair,618.03,PLN,1.000000,price,,,KRK-ALC,2026-08-20T11:32:54Z,2026-08-20T12:23:59Z
2026-08-30,,840.33,KRK,ALC,2026-08-20,Kraków,Polska,Alicante,Hiszpania,ryanair,840.33,PLN,1.000000,price,,,KRK-ALC,2026-08-20T11:32:54Z,2026-08-20T12:23:59Z
2026-08-31,,564.76,KRK,ALC,2026-08-20,Kraków,Polska,Alicante,Hiszpania,ryanair,564.76,PLN,1.000000,price,,,KRK-ALC,2026-08-20T11:32:54Z,2026-08-20T12:23:59Z
2026-08-23,,946.52,KRK,AOI,2026-08-20,Kraków,Polska,Ankona,Włochy,ryanair,946.52,PLN,1.000000,price,,,KRK-AOI,2026-08-20T11:32:54Z,2026-08-20T12:23:59Z
2026-08-26,,182.55,KRK,AOI,2026-08-20,Kraków,Polska,Ankona,Włochy,ryanair,182.55,PLN,1.000000,price,,,KRK-AOI,2026-08-20T11:32:54Z,2026-08-20T12:23:59Z
2026-08-27,,240.50,KRK,AOI,2026-08-20,Kraków,Polska,Ankona,Włochy,ryanair,240.5,PLN,1.000000,price,,,KRK-AOI,2026-08-20T11:32:54Z,2026-08-20T12:23:59Z
2026-08-30,,162.32,KRK,AOI,2026-08-20,Kraków,Polska,Ankona,Włochy,ryanair,162.32,PLN,1.000000,price,,,KRK-AOI,2026-08-20T11:32:54Z,2026-08-20T12:23:59Z
2026-08-21,,867.71,KRK,ARN,2026-08-20,Kraków,Polska,Sztokholm,Szwecja,ryanair,867.71,PLN,1.000000,price,,,KRK-ARN,2026-08-20T11:32:54Z,2026-08-20T12:23:59Z
2026-08-22,,822.42,KRK,ARN,2026-08-20,Kraków,Polska,Sztokholm,Szwecja,ryanair,822.42,PLN,1.000000,price,,,KRK-ARN,2026-08-20T11:32:54Z,2026-08-20T12:23:59Z
2026-08-24,,931.68,KRK,ARN,2026-08-20,Kraków,Polska,Sztokholm,Szwecja,ryanair,931.68,PLN,1.000000,price,,,KRK-ARN,2026-08-20T11:32:54Z,2026-08-20T12:23:59Z
2026-08-25,,104.00,KRK,ARN,2026-08-20,Kraków,Polska,Sztokholm,Szwecja,ryanair,104.0,PLN,1.000000,price,,,KRK-ARN,2026-08-20T11:32:54Z,2026-08-20T12:23:59Z
2026-08-26,,144.15,KRK,ARN,2026-08-20,Kraków,Polska,Sztokholm,Szwecja,ryanair,144.15,PLN,1.000000,price,,,KRK-ARN,2026-08-20T11:32:54Z,2026-08-20T12:23:59Z
2026-08-27,,104.00,KRK,ARN,2026-08-20,Kraków,Polska,Sztokholm,Szwecja,ryanair,104.0,PLN,1.000000,price,,,KRK-ARN,2026-08-20T11:32:54Z,2026-08-20T12:23:59Z
2026-08-28,,162.32,KRK,ARN,2026-08-20,Kraków,Polska,Sztokholm,Szwecja,ryanair,162.32,PLN,1.000000,price,,,KRK-ARN,2026-08-20T11:32:54Z,2026-08-20T12:23:59Z
2026-08-29,,150.84,KRK,ARN,2026-08-20,Kraków,Polska,Sztokholm,Szwecja,ryanair,150.84,PLN,1.000000,price,,,KRK-ARN,2026-08-20T11:32:54Z,2026-08-20T12:23:59Z
2026-08-30,,1145.00,KRK,ARN,2026-08-20,Kraków,Polska,Sztokholm,Szwecja,ryanair,1145.0,PLN,1.000000,price,,,KRK-ARN,2026-08-20T11:32:54Z,2026-08-20T12:23:59Z
2026-08-31,,175.46,KRK,ARN,2026-08-20,Kraków,Polska,Sztokholm,Szwecja,ryanair,175.46,PLN,1.000000,price,,,KRK-ARN,2026-08-20T11:32:54Z,2026-08-20T12:23:59Z
2026-08-21,,743.38,KRK,ATH,2026-08-20,Kraków,Polska,Ateny,Grecja,ryanair,743.38,PLN,1.000000,price,,,KRK-ATH,2026-08-20T11:32:54Z,2026-08-20T12:23:59Z
2026-08-22,,717.44,KRK,ATH,2026-08-20,Kraków,Polska,Ateny,Grecja,ryanair,717.44,PLN,1.000000,price,,,KRK-ATH,2026-08-20T11:32:54Z,2026-08-20T12:23:59Z
2026-08-23,,592.10,KRK,ATH,2026-08-20,Kraków,Polska,Ateny,Grecja,ryanair,592.1,PLN,1.000000,price,,,KRK-ATH,2026-08-20T11:32:54Z,2026-08-20T12:23:59Z
2026-08-25,,327.49,KRK,ATH,2026-08-20,Kraków,Polska,Ateny,Grecja,ryanair,327.49,PLN,1.000000,price,,,KRK-ATH,2026-08-20T11:32:54Z,2026-08-20T12:23:59Z
2026-08-26,,717.42,KRK,ATH,2026-08-20,Kraków,Polska,Ateny,Grecja,ryanair,717.42,PLN,1.000000,price,,,KRK-ATH,2026-08-20T11:32:54Z,2026-08-20T12:23:59Z
2026-08-27,,319.80,KRK,ATH,2026-08-20,Kraków,Polska,Ateny,Grecja,ryanair,319.8,PLN,1.000000,price,,,KRK-ATH,2026-08-20T11:32:54Z,2026-08-20T12:23:59Z
2026-08-28,,445.14,KRK,ATH,2026-08-20,Kraków,Polska,Ateny,Grecja,ryanair,445.14,PLN,1.000000,price,,,KRK-ATH,2026-08-20T11:32:54Z,2026-08-20T12:23:59Z
2026-08-29,,478.32,KRK,ATH,2026-08-20,Kraków,Polska,Ateny,Grecja,ryanair,478.32,PLN,1.000000,price,,,KRK-ATH,2026-08-20T11:32:54Z,2026-08-20T12:23:59Z
2026-08-30,,440.82,KRK,ATH,2026-08-20,Kraków,Polska,Ateny,Grecja,ryanair,440.82,PLN,1.000000,price,,,KRK-ATH,2026-08-20T11:32:54Z,2026-08-20T12:23:59Z
2026-08-21,,485.00,KRK,BBU,2026-08-20,Kraków,Polska,Bukareszt,Rumunia,ryanair,485.0,PLN,1.000000,price,,,KRK-BBU,2026-08-20T11:32:54Z,2026-08-20T12:23:59Z
2026-08-23,,264.00,KRK,BBU,2026-08-20,Kraków,Polska,Bukareszt,Rumunia,ryanair,264.0,PLN,1.000000,price,,,KRK-BBU,2026-08-20T11:32:54Z,2026-08-20T12:23:59Z
2026-08-21,,1451.57,KRK,BCN,2026-08-20,Kraków,Polska,Barcelona,Hiszpania,ryanair,1451.57,PLN,1.000000,price,,,KRK-BCN,2026-08-20T11:32:54Z,2026-08-20T12:23:59Z
2026-08-22,,1071.86,KRK,BCN,2026-08-20,Kraków,Polska,Barcelona,Hiszpania,ryanair,1071.86,PLN,1.000000,price,,,KRK-BCN,2026-08-20T11:32:54Z,2026-08-20T12:23:59Z
2026-08-23,,851.43,KRK,BCN,2026-08-20,Kraków,Polska,Barcelona,Hiszpania,ryanair,851.43,PLN,1.000000,price,,,KRK-BCN,2026-08-20T11:32:54Z,2026-08-20T12:23:59Z
2026-08-24,,1491.29,KRK,BCN,2026-08-20,Kraków,Polska,Barcelona,Hiszpania,ryanair,1491.29,PLN,1.000000,price,,,KRK-BCN,2026-08-20T11:32:54Z,2026-08-20T12:23:59Z
2026-08-25,,1412.42,KRK,BCN,2026-08-20,Kraków,Polska,Barcelona,Hiszpania,ryanair,1412.42,PLN,1.000000,price,,,KRK-BCN,2026-08-20T11:32:54Z,2026-08-20T12:23:59Z
2026-08-26,,659.17,KRK,BCN,2026-08-20,Kraków,Polska,Barcelona,Hiszpania,ryanair,659.17,PLN,1.000000,price,,,KRK-BCN,2026-08-20T11:32:54Z,2026-08-20T12:23:59Z
2026-08-27,,929.23,KRK,BCN,2026-08-20,Kraków,Polska,Barcelona,Hiszpania,ryanair,929.23,PLN,1.000000,price,,,KRK-BCN,2026-08-20T11:32:54Z,2026-08-20T12:23:59Z
2026-08-28,,656.93,KRK,BCN,2026-08-20,Kraków,Polska,Barcelona,Hiszpania,ryanair,656.93,PLN,1.000000,price,,,KRK-BCN,2026-08-20T11:32:54Z,2026-08-20T12:23:59Z
2026-08-29,,679.00,KRK,BCN,2026-08-20,Kraków,Polska,Barcelona,Hiszpania,wizzair,679.0,PLN,1.000000,price,HI,True,KRK-BCN,2026-08-20T11:32:53Z,2026-08-20T12:23:59Z
2026-08-30,,679.00,KRK,BCN,2026-08-20,Kraków,Polska,Barcelona,Hiszpania,wizzair,679.0,PLN,1.000000,price,HI,True,KRK-BCN,2026-08-20T11:32:53Z,2026-08-20T12:23:59Z
2026-08-31,,482.63,KRK,BCN,2026-08-20,Kraków,Polska,Barcelona,Hiszpania,ryanair,482.63,PLN,1.000000,price,,,KRK-BCN,2026-08-20T11:32:54Z,2026-08-20T12:23:59Z
2026-08-27,,1326.36,KRK,BFS,2026-08-20,Kraków,Polska,Belfast,Wielka Brytania,ryanair,1326.36,PLN,1.000000,price,,,KRK-BFS,2026-08-20T11:32:54Z,2026-08-20T12:23:59Z
2026-08-31,,795.24,KRK,BFS,2026-08-20,Kraków,Polska,Belfast,Wielka Brytania,ryanair,795.24,PLN,1.000000,price,,,KRK-BFS,2026-08-20T11:32:54Z,2026-08-20T12:23:59Z
2026-08-29,,139.00,KRK,BGO,2026-08-20,Kraków,Polska,Bergen,Norwegia,wizzair,139.0,PLN,1.000000,price,P,False,KRK-BGO,2026-08-20T11:32:53Z,2026-08-20T12:23:59Z
2026-08-30,,299.00,KRK,BGO,2026-08-20,Kraków,Polska,Bergen,Norwegia,wizzair,299.0,PLN,1.000000,price,KL,False,KRK-BGO,2026-08-20T11:32:53Z,2026-08-20T12:23:59Z
2026-08-20,,890.33,KRK,BGY,2026-08-20,Kraków,Polska,Mediolan,Włochy,ryanair,890.33,PLN,1.000000,price,,,KRK-BGY,2026-08-20T11:32:54Z,2026-08-20T12:23:59Z
2026-08-21,,633.47,KRK,BGY,2026-08-20,Kraków,Polska,Mediolan,Włochy,ryanair,633.47,PLN,1.000000,price,,,KRK-BGY,2026-08-20T11:32:54Z,2026-08-20T12:23:59Z
2026-08-22,,855.75,KRK,BGY,2026-08-20,Kraków,Polska,Mediolan,Włochy,ryanair,855.75,PLN,1.000000,price,,,KRK-BGY,2026-08-20T11:32:54Z,2026-08-20T12:23:59Z
2026-08-23,,540.23,KRK,BGY,2026-08-20,Kraków,Polska,Mediolan,Włochy,ryanair,540.23,PLN,1.000000,price,,,KRK-BGY,2026-08-20T11:32:54Z,2026-08-20T12:23:59Z
2026-08-24,,429.24,KRK,BGY,2026-08-20,Kraków,Polska,Mediolan,Włochy,ryanair,429.24,PLN,1.000000,price,,,KRK-BGY,2026-08-20T11:32:54Z,2026-08-20T12:23:59Z
2026-08-25,,397.93,KRK,BGY,2026-08-20,Kraków,Polska,Mediolan,Włochy,ryanair,397.93,PLN,1.000000,price,,,KRK-BGY,2026-08-20T11:32:54Z,2026-08-20T12:23:59Z
2026-08-26,,284.39,KRK,BGY,2026-08-20,Kraków,Polska,Mediolan,Włochy,ryanair,284.39,PLN,1.000000,price,,,KRK-BGY,2026-08-20T11:32:54Z,2026-08-20T12:23:59Z
2026-08-27,,427.85,KRK,BGY,2026-08-20,Kraków,Polska,Mediolan,Włochy,ryanair,427.85,PLN,1.000000,price,,,KRK-BGY,2026-08-20T11:32:54Z,2026-08-20T12:23:59Z
2026-08-28,,259.29,KRK,BGY,2026-08-20,Kraków,Polska,Mediolan,Włochy,ryanair,259.29,PLN,1.000000,price,,,KRK-BGY,2026-08-20T11:32:54Z,2026-08-20T12:23:59Z
2026-08-29,,296.38,KRK,BGY,2026-08-20,Kraków,Polska,Mediolan,Włochy,ryanair,296.38,PLN,1.000000,price,,,KRK-BGY,2026-08-20T11:32:54Z,2026-08-20T12:23:59Z
2026-08-30,,327.49,KRK,BGY,2026-08-20,Kraków,Polska,Mediolan,Włochy,ryanair,327.49,PLN,1.000000,price,,,KRK-BGY,2026-08-20T11:32:54Z,2026-08-20T12:23:59Z
2026-08-31,,267.15,KRK,BGY,2026-08-20,Kraków,Polska,Mediolan,Włochy,ryanair,267.15,PLN,1.000000,price,,,KRK-BGY,2026-08-20T11:32:54Z,2026-08-20T12:23:59Z
2026-08-21,,1862.82,KRK,BHX,2026-08-20,Kraków,Polska,Birmingham,Wielka Brytania,ryanair,1862.82,PLN,1.000000,price,,,KRK-BHX,2026-08-20T11:32:54Z,2026-08-20T12:23:59Z
2026-08-22,,1292.29,KRK,BHX,2026-08-20,Kraków,Polska,Birmingham,Wielka Brytania,ryanair,1292.29,PLN,1.000000,price,,,KRK-BHX,2026-08-20T11:32:54Z,2026-08-20T12:23:59Z
2026-08-26,,1240.83,KRK,BHX,2026-08-20,Kraków,Polska,Birmingham,Wielka Brytania,ryanair,1240.83,PLN,1.000000,price,,,KRK-BHX,2026-08-20T11:32:54Z,2026-08-20T12:23:59Z
2026-08-27,,1685.61,KRK,BHX,2026-08-20,Kraków,Polska,Birmingham,Wielka Brytania,ryanair,1685.61,PLN,1.000000,price,,,KRK-BHX,2026-08-20T11:32:54Z,2026-08-20T12:23:59Z
2026-08-29,,964.32,KRK,BHX,2026-08-20,Kraków,Polska,Birmingham,Wielka Brytania,ryanair,964.32,PLN,1.000000,price,,,KRK-BHX,2026-08-20T11:32:54Z,2026-08-20T12:23:59Z
2026-08-30,,1309.58,KRK,BHX,2026-08-20,Kraków,Polska,Birmingham,Wielka Brytania,ryanair,1309.58,PLN,1.000000,price,,,KRK-BHX,2026-08-20T11:32:54Z,2026-08-20T12:23:59Z
2026-08-31,,1275.01,KRK,BHX,2026-08-20,Kraków,Polska,Birmingham,Wielka Brytania,ryanair,1275.01,PLN,1.000000,price,,,KRK-BHX,2026-08-20T11:32:54Z,2026-08-20T12:23:59Z
2026-08-20,,1259.78,KRK,BLQ,2026-08-20,Kraków,Polska,Bolonia,Włochy,ryanair,1259.78,PLN,1.000000,price,,,KRK-BLQ,2026-08-20T11:32:54Z,2026-08-20T12:23:59Z
2026-08-21,,626.68,KRK,BLQ,2026-08-20,Kraków,Polska,Bolonia,Włochy,ryanair,626.68,PLN,1.000000,price,,,KRK-BLQ,2026-08-20T11:32:54Z,2026-08-20T12:23:59Z
2026-08-22,,672.25,KRK,BLQ,2026-08-20,Kraków,Polska,Bolonia,Włochy,ryanair,672.25,PLN,1.000000,price,,,KRK-BLQ,2026-08-20T11:32:54Z,2026-08-20T12:23:59Z
2026-08-23,,758.45,KRK,BLQ,2026-08-20,Kraków,Polska,Bolonia,Włochy,ryanair,758.45,PLN,1.000000,price,,,KRK-BLQ,2026-08-20T11:32:54Z,2026-08-20T12:23:59Z
2026-08-24,,1264.10,KRK,BLQ,2026-08-20,Kraków,Polska,Bolonia,Włochy,ryanair,1264.1,PLN,1.000000,price,,,KRK-BLQ,2026-08-20T11:32:54Z,2026-08-20T12:23:59Z
2026-08-25,,262.84,KRK,BLQ,2026-08-20,Kraków,Polska,Bolonia,Włochy,ryanair,262.84,PLN,1.000000,price,,,KRK-BLQ,2026-08-20T11:32:54Z,2026-08-20T12:23:59Z
2026-08-26,,364.98,KRK,BLQ,2026-08-20,Kraków,Polska,Bolonia,Włochy,ryanair,364.98,PLN,1.000000,price,,,KRK-BLQ,2026-08-20T11:32:54Z,2026-08-20T12:23:59Z
2026-08-27,,206.36,KRK,BLQ,2026-08-20,Kraków,Polska,Bolonia,Włochy,ryanair,206.36,PLN,1.000000,price,,,KRK-BLQ,2026-08-20T11:32:54Z,2026-08-20T12:23:59Z
2026-08-28,,288.70,KRK,BLQ,2026-08-20,Kraków,Polska,Bolonia,Włochy,ryanair,288.7,PLN,1.000000,price,,,KRK-BLQ,2026-08-20T11:32:54Z,2026-08-20T12:23:59Z
2026-08-29,,301.63,KRK,BLQ,2026-08-20,Kraków,Polska,Bolonia,Włochy,ryanair,301.63,PLN,1.000000,price,,,KRK-BLQ,2026-08-20T11:32:54Z,2026-08-20T12:23:59Z
2026-08-30,,380.31,KRK,BLQ,2026-08-20,Kraków,Polska,Bolonia,Włochy,ryanair,380.31,PLN,1.000000,price,,,KRK-BLQ,2026-08-20T11:32:54Z,2026-08-20T12:23:59Z
2026-08-31,,319.90,KRK,BLQ,2026-08-20,Kraków,Polska,Bolonia,Włochy,ryanair,319.9,PLN,1.000000,price,,,KRK-BLQ,2026-08-20T11:32:54Z,2026-08-20T12:23:59Z
2026-08-22,,1862.82,KRK,BOH,2026-08-20,Kraków,Polska,Bournemouth,Wielka Brytania,ryanair,1862.82,PLN,1.000000,price,,,KRK-BOH,2026-08-20T11:32:54Z,2026-08-20T12:23:59Z
2026-08-26,,1639.00,KRK,BOH,2026-08-20,Kraków,Polska,Bournemouth,Wielka Brytania,ryanair,1639.0,PLN,1.000000,price,,,KRK-BOH,2026-08-20T11:32:54Z,2026-08-20T12:23:59Z
2026-08-29,,1400.58,KRK,BOH,2026-08-20,Kraków,Polska,Bournemouth,Wielka Brytania,ryanair,1400.58,PLN,1.000000,price,,,KRK-BOH,2026-08-20T11:32:54Z,2026-08-20T12:23:59Z
2026-08-30,,1292.84,KRK,BOH,2026-08-20,Kraków,Polska,Bournemouth,Wielka Brytania,ryanair,1292.84,PLN,1.000000,price,,,KRK-BOH,2026-08-20T11:32:54Z,2026-08-20T12:23:59Z
2026-08-21,,705.28,KRK,BOJ,2026-08-20,Kraków,Polska,Burgas,Bułagria,ryanair,705.28,PLN,1.000000,price,,,KRK-BOJ,2026-08-20T11:32:54Z,2026-08-20T12:23:59Z
2026-08-22,,676.88,KRK,BOJ,2026-08-20,Kraków,Polska,Burgas,Bułagria,ryanair,676.88,PLN,1.000000,price,,,KRK-BOJ,2026-08-20T11:32:54Z,2026-08-20T12:23:59Z
2026-08-23,,174.18,KRK,BOJ,2026-08-20,Kraków,Polska,Burgas,Bułagria,ryanair,174.18,PLN,1.000000,price,,,KRK-BOJ,2026-08-20T11:32:54Z,2026-08-20T12:23:59Z
2026-08-24,,229.12,KRK,BOJ,2026-08-20,Kraków,Polska,Burgas,Bułagria,ryanair,229.12,PLN,1.000000,price,,,KRK-BOJ,2026-08-20T11:32:54Z,2026-08-20T12:23:59Z
2026-08-25,,128.00,KRK,BOJ,2026-08-20,Kraków,Polska,Burgas,Bułagria,ryanair,128.0,PLN,1.000000,price,,,KRK-BOJ,2026-08-20T11:32:54Z,2026-08-20T12:23:59Z
2026-08-26,,128.00,KRK,BOJ,2026-08-20,Kraków,Polska,Burgas,Bułagria,ryanair,128.0,PLN,1.000000,price,,,KRK-BOJ,2026-08-20T11:32:54Z,2026-08-20T12:23:59Z
2026-08-27,,128.00,KRK,BOJ,2026-08-20,Kraków,Polska,Burgas,Bułagria,ryanair,128.0,PLN,1.000000,price,,,KRK-BOJ,2026-08-20T11:32:54Z,2026-08-20T12:23:59Z
2026-08-28,,162.29,KRK,BOJ,2026-08-20,Kraków,Polska,Burgas,Bułagria,ryanair,162.29,PLN,1.000000,price,,,KRK-BOJ,2026-08-20T11:32:54Z,2026-08-20T12:23:59Z
2026-08-29,,130.68,KRK,BOJ,2026-08-20,Kraków,Polska,Burgas,Bułagria,ryanair,130.68,PLN,1.000000,price,,,KRK-BOJ,2026-08-20T11:32:54Z,2026-08-20T12:23:59Z
2026-08-30,,128.00,KRK,BOJ,2026-08-20,Kraków,Polska,Burgas,Bułagria,ryanair,128.0,PLN,1.000000,price,,,KRK-BOJ,2026-08-20T11:32:54Z,2026-08-20T12:23:59Z
2026-08-31,,168.99,KRK,BOJ,2026-08-20,Kraków,Polska,Burgas,Bułagria,ryanair,168.99,PLN,1.000000,price,,,KRK-BOJ,2026-08-20T11:32:54Z,2026-08-20T12:23:59Z
2026-08-20,,994.06,KRK,BRI,2026-08-20,Kraków,Polska,Bari,Włochy,ryanair,994.06,PLN,1.000000,price,,,KRK-BRI,2026-08-20T11:32:54Z,2026-08-20T12:23:59Z
2026-08-21,,618.03,KRK,BRI,2026-08-20,Kraków,Polska,Bari,Włochy,ryanair,618.03,PLN,1.000000,price,,,KRK-BRI,2026-08-20T11:32:54Z,2026-08-20T12:23:59Z
2026-08-22,,1015.67,KRK,BRI,2026-08-20,Kraków,Polska,Bari,Włochy,ryanair,1015.67,PLN,1.000000,price,,,KRK-BRI,2026-08-20T11:32:54Z,2026-08-20T12:23:59Z
2026-08-23,,852.67,KRK,BRI,2026-08-20,Kraków,Polska,Bari,Włochy,ryanair,852.67,PLN,1.000000,price,,,KRK-BRI,2026-08-20T11:32:54Z,2026-08-20T12:23:59Z
2026-08-24,,396.44,KRK,BRI,2026-08-20,Kraków,Polska,Bari,Włochy,ryanair,396.44,PLN,1.000000,price,,,KRK-BRI,2026-08-20T11:32:54Z,2026-08-20T12:23:59Z
2026-08-25,,1477.17,KRK,BRI,2026-08-20,Kraków,Polska,Bari,Włochy,ryanair,1477.17,PLN,1.000000,price,,,KRK-BRI,2026-08-20T11:32:54Z,2026-08-20T12:23:59Z
2026-08-26,,1110.76,KRK,BRI,2026-08-20,Kraków,Polska,Bari,Włochy,ryanair,1110.76,PLN,1.000000,price,,,KRK-BRI,2026-08-20T11:32:54Z,2026-08-20T12:23:59Z
2026-08-27,,305.94,KRK,BRI,2026-08-20,Kraków,Polska,Bari,Włochy,ryanair,305.94,PLN,1.000000,price,,,KRK-BRI,2026-08-20T11:32:54Z,2026-08-20T12:23:59Z
2026-08-28,,306.83,KRK,BRI,2026-08-20,Kraków,Polska,Bari,Włochy,ryanair,306.83,PLN,1.000000,price,,,KRK-BRI,2026-08-20T11:32:54Z,2026-08-20T12:23:59Z
2026-08-29,,435.34,KRK,BRI,2026-08-20,Kraków,Polska,Bari,Włochy,ryanair,435.34,PLN,1.000000,price,,,KRK-BRI,2026-08-20T11:32:54Z,2026-08-20T12:23:59Z
2026-08-30,,371.67,KRK,BRI,2026-08-20,Kraków,Polska,Bari,Włochy,ryanair,371.67,PLN,1.000000,price,,,KRK-BRI,2026-08-20T11:32:54Z,2026-08-20T12:23:59Z
2026-08-31,,423.53,KRK,BRI,2026-08-20,Kraków,Polska,Bari,Włochy,ryanair,423.53,PLN,1.000000,price,,,KRK-BRI,2026-08-20T11:32:54Z,2026-08-20T12:23:59Z
2026-08-21,,1464.57,KRK,BRS,2026-08-20,Kraków,Polska,Bristol,Wielka Brytania,ryanair,1464.57,PLN,1.000000,price,,,KRK-BRS,2026-08-20T11:32:54Z,2026-08-20T12:23:59Z
2026-08-22,,1504.29,KRK,BRS,2026-08-20,Kraków,Polska,Bristol,Wielka Brytania,ryanair,1504.29,PLN,1.000000,price,,,KRK-BRS,2026-08-20T11:32:54Z,2026-08-20T12:23:59Z
2026-08-23,,1464.57,KRK,BRS,2026-08-20,Kraków,Polska,Bristol,Wielka Brytania,ryanair,1464.57,PLN,1.000000,price,,,KRK-BRS,2026-08-20T11:32:54Z,2026-08-20T12:23:59Z
2026-08-24,,1055.81,KRK,BRS,2026-08-20,Kraków,Polska,Bristol,Wielka Brytania,ryanair,1055.81,PLN,1.000000,price,,,KRK-BRS,2026-08-20T11:32:54Z,2026-08-20T12:23:59Z
2026-08-25,,1568.26,KRK,BRS,2026-08-20,Kraków,Polska,Bristol,Wielka Brytania,ryanair,1568.26,PLN,1.000000,price,,,KRK-BRS,2026-08-20T11:32:54Z,2026-08-20T12:23:59Z
2026-08-26,,1363.65,KRK,BRS,2026-08-20,Kraków,Polska,Bristol,Wielka Brytania,ryanair,1363.65,PLN,1.000000,price,,,KRK-BRS,2026-08-20T11:32:54Z,2026-08-20T12:23:59Z
2026-08-27,,1102.12,KRK,BRS,2026-08-20,Kraków,Polska,Bristol,Wielka Brytania,ryanair,1102.12,PLN,1.000000,price,,,KRK-BRS,2026-08-20T11:32:54Z,2026-08-20T12:23:59Z
2026-08-28,,1302.56,KRK,BRS,2026-08-20,Kraków,Polska,Bristol,Wielka Brytania,ryanair,1302.56,PLN,1.000000,price,,,KRK-BRS,2026-08-20T11:32:54Z,2026-08-20T12:23:59Z
2026-08-29,,1443.67,KRK,BRS,2026-08-20,Kraków,Polska,Bristol,Wielka Brytania,ryanair,1443.67,PLN,1.000000,price,,,KRK-BRS,2026-08-20T11:32:54Z,2026-08-20T12:23:59Z
2026-08-30,,1201.53,KRK,BRS,2026-08-20,Kraków,Polska,Bristol,Wielka Brytania,ryanair,1201.53,PLN,1.000000,price,,,KRK-BRS,2026-08-20T11:32:54Z,2026-08-20T12:23:59Z
2026-08-31,,1236.87,KRK,BRS,2026-08-20,Kraków,Polska,Bristol,Wielka Brytania,ryanair,1236.87,PLN,1.000000,price,,,KRK-BRS,2026-08-20T11:32:54Z,2026-08-20T12:23:59Z
2026-08-29,,319.00,KRK,BSL,2026-08-20,Kraków,Polska,Bazylea,Szwajcaria,wizzair,319.0,PLN,1.000000,price,K,False,KRK-BSL,2026-08-20T11:32:53Z,2026-08-20T12:23:59Z
2026-08-31,,319.00,KRK,BSL,2026-08-20,Kraków,Polska,Bazylea,Szwajcaria,wizzair,319.0,PLN,1.000000,price,K,False,KRK-BSL,2026-08-20T11:32:53Z,2026-08-20T12:23:59Z
2026-08-20,,1355.18,KRK,BUD,2026-08-20,Kraków,Polska,Budapeszt,Węgry,ryanair,1355.18,PLN,1.000000,price,,,KRK-BUD,2026-08-20T11:32:54Z,2026-08-20T12:23:59Z
2026-08-23,,791.45,KRK,BUD,2026-08-20,Kraków,Polska,Budapeszt,Węgry,ryanair,791.45,PLN,1.000000,price,,,KRK-BUD,2026-08-20T11:32:54Z,2026-08-20T12:23:59Z
2026-08-27,,308.13,KRK,BUD,2026-08-20,Kraków,Polska,Budapeszt,Węgry,ryanair,308.13,PLN,1.000000,price,,,KRK-BUD,2026-08-20T11:32:54Z,2026-08-20T12:23:59Z
2026-08-30,,142.67,KRK,BUD,2026-08-20,Kraków,Polska,Budapeszt,Węgry,ryanair,142.67,PLN,1.000000,price,,,KRK-BUD,2026-08-20T11:32:54Z,2026-08-20T12:23:59Z
2026-08-31,,110.20,KRK,BUD,2026-08-20,Kraków,Polska,Budapeszt,Węgry,wizzair,110.2,PLN,1.000000,price,OP,False,KRK-BUD,2026-08-20T11:32:53Z,2026-08-20T12:23:59Z
2026-08-20,,1552.52,KRK,BVA,2026-08-20,Kraków,Polska,Paryż,Francja,ryanair,1552.52,PLN,1.000000,price,,,KRK-BVA,2026-08-20T11:32:54Z,2026-08-20T12:23:59Z
2026-08-22,,1740.79,KRK,BVA,2026-08-20,Kraków,Polska,Paryż,Francja,ryanair,1740.79,PLN,1.000000,price,,,KRK-BVA,2026-08-20T11:32:54Z,2026-08-20T12:23:59Z
2026-08-23,,1547.10,KRK,BVA,2026-08-20,Kraków,Polska,Paryż,Francja,ryanair,1547.1,PLN,1.000000,price,,,KRK-BVA,2026-08-20T11:32:54Z,2026-08-20T12:23:59Z
2026-08-25,,1343.48,KRK,BVA,2026-08-20,Kraków,Polska,Paryż,Francja,ryanair,1343.48,PLN,1.000000,price,,,KRK-BVA,2026-08-20T11:32:54Z,2026-08-20T12:23:59Z
2026-08-26,,711.04,KRK,BVA,2026-08-20,Kraków,Polska,Paryż,Francja,ryanair,711.04,PLN,1.000000,price,,,KRK-BVA,2026-08-20T11:32:54Z,2026-08-20T12:23:59Z
2026-08-27,,706.73,KRK,BVA,2026-08-20,Kraków,Polska,Paryż,Francja,ryanair,706.73,PLN,1.000000,price,,,KRK-BVA,2026-08-20T11:32:54Z,2026-08-20T12:23:59Z
2026-08-28,,898.74,KRK,BVA,2026-08-20,Kraków,Polska,Paryż,Francja,ryanair,898.74,PLN,1.000000,price,,,KRK-BVA,2026-08-20T11:32:54Z,2026-08-20T12:23:59Z
2026-08-29,,1021.33,KRK,BVA,2026-08-20,Kraków,Polska,Paryż,Francja,ryanair,1021.33,PLN,1.000000,price,,,KRK-BVA,2026-08-20T11:32:54Z,2026-08-20T12:23:59Z
2026-08-30,,585.61,KRK,BVA,2026-08-20,Kraków,Polska,Paryż,Francja,ryanair,585.61,PLN,1.000000,price,,,KRK-BVA,2026-08-20T11:32:54Z,2026-08-20T12:23:59Z
2026-08-31,,616.43,KRK,BVA,2026-08-20,Kraków,Polska,Paryż,Francja,ryanair,616.43,PLN,1.000000,price,,,KRK-BVA,2026-08-20T11:32:54Z,2026-08-20T12:23:59Z
2026-08-20,,752.02,KRK,CAG,2026-08-20,Kraków,Polska,Cagliari,Włochy,ryanair,752.02,PLN,1.000000,price,,,KRK-CAG,2026-08-20T11:32:54Z,2026-08-20T12:23:59Z
2026-08-23,,1125.36,KRK,CAG,2026-08-20,Kraków,Polska,Cagliari,Włochy,ryanair,1125.36,PLN,1.000000,price,,,KRK-CAG,2026-08-20T11:32:54Z,2026-08-20T12:23:59Z
2026-08-24,,920.39,KRK,CAG,2026-08-20,Kraków,Polska,Cagliari,Włochy,ryanair,920.39,PLN,1.000000,price,,,KRK-CAG,2026-08-20T11:32:54Z,2026-08-20T12:23:59Z
2026-08-25,,430.92,KRK,CAG,2026-08-20,Kraków,Polska,Cagliari,Włochy,ryanair,430.92,PLN,1.000000,price,,,KRK-CAG,2026-08-20T11:32:54Z,2026-08-20T12:23:59Z
2026-08-27,,590.37,KRK,CAG,2026-08-20,Kraków,Polska,Cagliari,Włochy,ryanair,590.37,PLN,1.000000,price,,,KRK-CAG,2026-08-20T11:32:54Z,2026-08-20T12:23:59Z
2026-08-28,,417.99,KRK,CAG,2026-08-20,Kraków,Polska,Cagliari,Włochy,ryanair,417.99,PLN,1.000000,price,,,KRK-CAG,2026-08-20T11:32:54Z,2026-08-20T12:23:59Z
2026-08-30,,391.00,KRK,CAG,2026-08-20,Kraków,Polska,Cagliari,Włochy,ryanair,391.0,PLN,1.000000,price,,,KRK-CAG,2026-08-20T11:32:54Z,2026-08-20T12:23:59Z
2026-08-31,,466.75,KRK,CAG,2026-08-20,Kraków,Polska,Cagliari,Włochy,ryanair,466.75,PLN,1.000000,price,,,KRK-CAG,2026-08-20T11:32:54Z,2026-08-20T12:23:59Z
2026-08-24,,830.32,KRK,CDT,2026-08-20,Kraków,Polska,Castellon,Hiszpania,ryanair,830.32,PLN,1.000000,price,,,KRK-CDT,2026-08-20T11:32:54Z,2026-08-20T12:23:59Z
2026-08-27,,886.01,KRK,CDT,2026-08-20,Kraków,Polska,Castellon,Hiszpania,ryanair,886.01,PLN,1.000000,price,,,KRK-CDT,2026-08-20T11:32:54Z,2026-08-20T12:23:59Z
2026-08-31,,245.60,KRK,CDT,2026-08-20,Kraków,Polska,Castellon,Hiszpania,ryanair,245.6,PLN,1.000000,price,,,KRK-CDT,2026-08-20T11:32:54Z,2026-08-20T12:23:59Z
2026-08-20,,475.40,KRK,CFU,2026-08-20,Kraków,Polska,Korfu,Grecja,ryanair,475.4,PLN,1.000000,price,,,KRK-CFU,2026-08-20T11:32:54Z,2026-08-20T12:23:59Z
2026-08-21,,410.57,KRK,CFU,2026-08-20,Kraków,Polska,Korfu,Grecja,ryanair,410.57,PLN,1.000000,price,,,KRK-CFU,2026-08-20T11:32:54Z,2026-08-20T12:23:59Z
2026-08-23,,777.95,KRK,CFU,2026-08-20,Kraków,Polska,Korfu,Grecja,ryanair,777.95,PLN,1.000000,price,,,KRK-CFU,2026-08-20T11:32:54Z,2026-08-20T12:23:59Z
2026-08-24,,242.00,KRK,CFU,2026-08-20,Kraków,Polska,Korfu,Grecja,ryanair,242.0,PLN,1.000000,price,,,KRK-CFU,2026-08-20T11:32:54Z,2026-08-20T12:23:59Z
2026-08-26,,267.93,KRK,CFU,2026-08-20,Kraków,Polska,Korfu,Grecja,ryanair,267.93,PLN,1.000000,price,,,KRK-CFU,2026-08-20T11:32:54Z,2026-08-20T12:23:59Z
2026-08-27,,241.29,KRK,CFU,2026-08-20,Kraków,Polska,Korfu,Grecja,ryanair,241.29,PLN,1.000000,price,,,KRK-CFU,2026-08-20T11:32:54Z,2026-08-20T12:23:59Z
2026-08-28,,262.84,KRK,CFU,2026-08-20,Kraków,Polska,Korfu,Grecja,ryanair,262.84,PLN,1.000000,price,,,KRK-CFU,2026-08-20T11:32:54Z,2026-08-20T12:23:59Z
2026-08-30,,374.79,KRK,CFU,2026-08-20,Kraków,Polska,Korfu,Grecja,ryanair,374.79,PLN,1.000000,price,,,KRK-CFU,2026-08-20T11:32:54Z,2026-08-20T12:23:59Z
2026-08-31,,367.34,KRK,CFU,2026-08-20,Kraków,Polska,Korfu,Grecja,ryanair,367.34,PLN,1.000000,price,,,KRK-CFU,2026-08-20T11:32:54Z,2026-08-20T12:23:59Z
2026-08-21,,633.73,KRK,CHQ,2026-08-20,Kraków,Polska,Chania,Grecja,ryanair,633.73,PLN,1.000000,price,,,KRK-CHQ,2026-08-20T11:32:54Z,2026-08-20T12:23:59Z
2026-08-23,,525.38,KRK,CHQ,2026-08-20,Kraków,Polska,Chania,Grecja,ryanair,525.38,PLN,1.000000,price,,,KRK-CHQ,2026-08-20T11:32:54Z,2026-08-20T12:23:59Z
2026-08-26,,169.00,KRK,CHQ,2026-08-20,Kraków,Polska,Chania,Grecja,ryanair,169.0,PLN,1.000000,price,,,KRK-CHQ,2026-08-20T11:32:54Z,2026-08-20T12:23:59Z
2026-08-27,,157.79,KRK,CHQ,2026-08-20,Kraków,Polska,Chania,Grecja,ryanair,157.79,PLN,1.000000,price,,,KRK-CHQ,2026-08-20T11:32:54Z,2026-08-20T12:23:59Z
2026-08-28,,165.11,KRK,CHQ,2026-08-20,Kraków,Polska,Chania,Grecja,ryanair,165.11,PLN,1.000000,price,,,KRK-CHQ,2026-08-20T11:32:54Z,2026-08-20T12:23:59Z
2026-08-30,,152.58,KRK,CHQ,2026-08-20,Kraków,Polska,Chania,Grecja,ryanair,152.58,PLN,1.000000,price,,,KRK-CHQ,2026-08-20T11:32:54Z,2026-08-20T12:23:59Z
2026-08-20,,747.51,KRK,CIA,2026-08-20,Kraków,Polska,Rzym,Włochy,ryanair,747.51,PLN,1.000000,price,,,KRK-CIA,2026-08-20T11:32:54Z,2026-08-20T12:23:59Z
2026-08-21,,831.80,KRK,CIA,2026-08-20,Kraków,Polska,Rzym,Włochy,ryanair,831.8,PLN,1.000000,price,,,KRK-CIA,2026-08-20T11:32:54Z,2026-08-20T12:23:59Z
2026-08-22,,708.52,KRK,CIA,2026-08-20,Kraków,Polska,Rzym,Włochy,ryanair,708.52,PLN,1.000000,price,,,KRK-CIA,2026-08-20T11:32:54Z,2026-08-20T12:23:59Z
2026-08-23,,645.37,KRK,CIA,2026-08-20,Kraków,Polska,Rzym,Włochy,ryanair,645.37,PLN,1.000000,price,,,KRK-CIA,2026-08-20T11:32:54Z,2026-08-20T12:23:59Z
2026-08-24,,429.24,KRK,CIA,2026-08-20,Kraków,Polska,Rzym,Włochy,ryanair,429.24,PLN,1.000000,price,,,KRK-CIA,2026-08-20T11:32:54Z,2026-08-20T12:23:59Z
2026-08-25,,380.86,KRK,CIA,2026-08-20,Kraków,Polska,Rzym,Włochy,ryanair,380.86,PLN,1.000000,price,,,KRK-CIA,2026-08-20T11:32:54Z,2026-08-20T12:23:59Z
2026-08-26,,295.83,KRK,CIA,2026-08-20,Kraków,Polska,Rzym,Włochy,ryanair,295.83,PLN,1.000000,price,,,KRK-CIA,2026-08-20T11:32:54Z,2026-08-20T12:23:59Z
2026-08-27,,390.58,KRK,CIA,2026-08-20,Kraków,Polska,Rzym,Włochy,ryanair,390.58,PLN,1.000000,price,,,KRK-CIA,2026-08-20T11:32:54Z,2026-08-20T12:23:59Z
2026-08-28,,276.32,KRK,CIA,2026-08-20,Kraków,Polska,Rzym,Włochy,ryanair,276.32,PLN,1.000000,price,,,KRK-CIA,2026-08-20T11:32:54Z,2026-08-20T12:23:59Z
2026-08-29,,346.51,KRK,CIA,2026-08-20,Kraków,Polska,Rzym,Włochy,ryanair,346.51,PLN,1.000000,price,,,KRK-CIA,2026-08-20T11:32:54Z,2026-08-20T12:23:59Z
2026-08-30,,554.95,KRK,CIA,2026-08-20,Kraków,Polska,Rzym,Włochy,ryanair,554.95,PLN,1.000000,price,,,KRK-CIA,2026-08-20T11:32:54Z,2026-08-20T12:23:59Z
2026-08-31,,223.75,KRK,CIA,2026-08-20,Kraków,Polska,Rzym,Włochy,ryanair,223.75,PLN,1.000000,price,,,KRK-CIA,2026-08-20T11:32:54Z,2026-08-20T12:23:59Z
2026-08-21,,1300.73,KRK,CPH,2026-08-20,Kraków,Polska,Kopenhaga,Dania,ryanair,1300.73,PLN,1.000000,price,,,KRK-CPH,2026-08-20T11:32:54Z,2026-08-20T12:23:59Z
2026-08-22,,894.42,KRK,CPH,2026-08-20,Kraków,Polska,Kopenhaga,Dania,ryanair,894.42,PLN,1.000000,price,,,KRK-CPH,2026-08-20T11:32:54Z,2026-08-20T12:23:59Z
2026-08-23,,831.80,KRK,CPH,2026-08-20,Kraków,Polska,Kopenhaga,Dania,ryanair,831.8,PLN,1.000000,price,,,KRK-CPH,2026-08-20T11:32:54Z,2026-08-20T12:23:59Z
2026-08-24,,509.49,KRK,CPH,2026-08-20,Kraków,Polska,Kopenhaga,Dania,ryanair,509.49,PLN,1.000000,price,,,KRK-CPH,2026-08-20T11:32:54Z,2026-08-20T12:23:59Z
2026-08-25,,95.43,KRK,CPH,2026-08-20,Kraków,Polska,Kopenhaga,Dania,ryanair,95.43,PLN,1.000000,price,,,KRK-CPH,2026-08-20T11:32:54Z,2026-08-20T12:23:59Z
2026-08-26,,95.00,KRK,CPH,2026-08-20,Kraków,Polska,Kopenhaga,Dania,ryanair,95.0,PLN,1.000000,price,,,KRK-CPH,2026-08-20T11:32:54Z,2026-08-20T12:23:59Z
2026-08-27,,114.88,KRK,CPH,2026-08-20,Kraków,Polska,Kopenhaga,Dania,ryanair,114.88,PLN,1.000000,price,,,KRK-CPH,2026-08-20T11:32:54Z,2026-08-20T12:23:59Z
2026-08-28,,159.35,KRK,CPH,2026-08-20,Kraków,Polska,Kopenhaga,Dania,ryanair,159.35,PLN,1.000000,price,,,KRK-CPH,2026-08-20T11:32:54Z,2026-08-20T12:23:59Z
2026-08-29,,150.68,KRK,CPH,2026-08-20,Kraków,Polska,Kopenhaga,Dania,ryanair,150.68,PLN,1.000000,price,,,KRK-CPH,2026-08-20T11:32:54Z,2026-08-20T12:23:59Z
2026-08-30,,95.00,KRK,CPH,2026-08-20,Kraków,Polska,Kopenhaga,Dania,ryanair,95.0,PLN,1.000000,price,,,KRK-CPH,2026-08-20T11:32:54Z,2026-08-20T12:23:59Z
2026-08-31,,95.00,KRK,CPH,2026-08-20,Kraków,Polska,Kopenhaga,Dania,ryanair,95.0,PLN,1.000000,price,,,KRK-CPH,2026-08-20T11:32:54Z,2026-08-20T12:23:59Z
2026-08-20,,1549.40,KRK,CRL,2026-08-20,Kraków,Polska,Charleroi,Belgia,ryanair,1549.4,PLN,1.000000,price,,,KRK-CRL,2026-08-20T11:32:54Z,2026-08-20T12:23:59Z
2026-08-21,,1549.40,KRK,CRL,2026-08-20,Kraków,Polska,Charleroi,Belgia,ryanair,1549.4,PLN,1.000000,price,,,KRK-CRL,2026-08-20T11:32:54Z,2026-08-20T12:23:59Z
2026-08-22,,1235.08,KRK,CRL,2026-08-20,Kraków,Polska,Charleroi,Belgia,ryanair,1235.08,PLN,1.000000,price,,,KRK-CRL,2026-08-20T11:32:54Z,2026-08-20T12:23:59Z
2026-08-24,,1610.61,KRK,CRL,2026-08-20,Kraków,Polska,Charleroi,Belgia,ryanair,1610.61,PLN,1.000000,price,,,KRK-CRL,2026-08-20T11:32:54Z,2026-08-20T12:23:59Z
2026-08-25,,1423.15,KRK,CRL,2026-08-20,Kraków,Polska,Charleroi,Belgia,ryanair,1423.15,PLN,1.000000,price,,,KRK-CRL,2026-08-20T11:32:54Z,2026-08-20T12:23:59Z
2026-08-26,,1614.93,KRK,CRL,2026-08-20,Kraków,Polska,Charleroi,Belgia,ryanair,1614.93,PLN,1.000000,price,,,KRK-CRL,2026-08-20T11:32:54Z,2026-08-20T12:23:59Z
2026-08-27,,1064.60,KRK,CRL,2026-08-20,Kraków,Polska,Charleroi,Belgia,ryanair,1064.6,PLN,1.000000,price,,,KRK-CRL,2026-08-20T11:32:54Z,2026-08-20T12:23:59Z
2026-08-28,,1631.01,KRK,CRL,2026-08-20,Kraków,Polska,Charleroi,Belgia,ryanair,1631.01,PLN,1.000000,price,,,KRK-CRL,2026-08-20T11:32:54Z,2026-08-20T12:23:59Z
2026-08-29,,1549.40,KRK,CRL,2026-08-20,Kraków,Polska,Charleroi,Belgia,ryanair,1549.4,PLN,1.000000,price,,,KRK-CRL,2026-08-20T11:32:54Z,2026-08-20T12:23:59Z
2026-08-30,,936.57,KRK,CRL,2026-08-20,Kraków,Polska,Charleroi,Belgia,ryanair,936.57,PLN,1.000000,price,,,KRK-CRL,2026-08-20T11:32:54Z,2026-08-20T12:23:59Z
2026-08-31,,1580.05,KRK,CRL,2026-08-20,Kraków,Polska,Charleroi,Belgia,ryanair,1580.05,PLN,1.000000,price,,,KRK-CRL,2026-08-20T11:32:54Z,2026-08-20T12:23:59Z
2026-08-20,,746.54,KRK,CTA,2026-08-20,Kraków,Polska,Katania,Włochy,ryanair,746.54,PLN,1.000000,price,,,KRK-CTA,2026-08-20T11:32:54Z,2026-08-20T12:23:59Z
2026-08-21,,1321.61,KRK,CTA,2026-08-20,Kraków,Polska,Katania,Włochy,ryanair,1321.61,PLN,1.000000,price,,,KRK-CTA,2026-08-20T11:32:54Z,2026-08-20T12:23:59Z
2026-08-22,,1125.36,KRK,CTA,2026-08-20,Kraków,Polska,Katania,Włochy,ryanair,1125.36,PLN,1.000000,price,,,KRK-CTA,2026-08-20T11:32:54Z,2026-08-20T12:23:59Z
2026-08-23,,746.54,KRK,CTA,2026-08-20,Kraków,Polska,Katania,Włochy,ryanair,746.54,PLN,1.000000,price,,,KRK-CTA,2026-08-20T11:32:54Z,2026-08-20T12:23:59Z
2026-08-24,,186.92,KRK,CTA,2026-08-20,Kraków,Polska,Katania,Włochy,ryanair,186.92,PLN,1.000000,price,,,KRK-CTA,2026-08-20T11:32:54Z,2026-08-20T12:23:59Z
2026-08-25,,671.58,KRK,CTA,2026-08-20,Kraków,Polska,Katania,Włochy,ryanair,671.58,PLN,1.000000,price,,,KRK-CTA,2026-08-20T11:32:54Z,2026-08-20T12:23:59Z
2026-08-26,,303.98,KRK,CTA,2026-08-20,Kraków,Polska,Katania,Włochy,ryanair,303.98,PLN,1.000000,price,,,KRK-CTA,2026-08-20T11:32:54Z,2026-08-20T12:23:59Z
2026-08-27,,166.32,KRK,CTA,2026-08-20,Kraków,Polska,Katania,Włochy,ryanair,166.32,PLN,1.000000,price,,,KRK-CTA,2026-08-20T11:32:54Z,2026-08-20T12:23:59Z
2026-08-28,,230.00,KRK,CTA,2026-08-20,Kraków,Polska,Katania,Włochy,ryanair,230.0,PLN,1.000000,price,,,KRK-CTA,2026-08-20T11:32:54Z,2026-08-20T12:23:59Z
2026-08-29,,186.92,KRK,CTA,2026-08-20,Kraków,Polska,Katania,Włochy,ryanair,186.92,PLN,1.000000,price,,,KRK-CTA,2026-08-20T11:32:54Z,2026-08-20T12:23:59Z
2026-08-30,,230.00,KRK,CTA,2026-08-20,Kraków,Polska,Katania,Włochy,ryanair,230.0,PLN,1.000000,price,,,KRK-CTA,2026-08-20T11:32:54Z,2026-08-20T12:23:59Z
2026-08-31,,123.90,KRK,CTA,2026-08-20,Kraków,Polska,Katania,Włochy,ryanair,123.9,PLN,1.000000,price,,,KRK-CTA,2026-08-20T11:32:54Z,2026-08-20T12:23:59Z
2026-08-21,,345.73,KRK,DBV,2026-08-20,Kraków,Polska,Dubrovnik,Chorwacja,ryanair,345.73,PLN,1.000000,price,,,KRK-DBV,2026-08-20T11:32:54Z,2026-08-20T12:23:59Z
2026-08-24,,445.14,KRK,DBV,2026-08-20,Kraków,Polska,Dubrovnik,Chorwacja,ryanair,445.14,PLN,1.000000,price,,,KRK-DBV,2026-08-20T11:32:54Z,2026-08-20T12:23:59Z
2026-08-25,,95.00,KRK,DBV,2026-08-20,Kraków,Polska,Dubrovnik,Chorwacja,ryanair,95.0,PLN,1.000000,price,,,KRK-DBV,2026-08-20T11:32:54Z,2026-08-20T12:23:59Z
2026-08-26,,159.41,KRK,DBV,2026-08-20,Kraków,Polska,Dubrovnik,Chorwacja,ryanair,159.41,PLN,1.000000,price,,,KRK-DBV,2026-08-20T11:32:54Z,2026-08-20T12:23:59Z
2026-08-28,,288.70,KRK,DBV,2026-08-20,Kraków,Polska,Dubrovnik,Chorwacja,ryanair,288.7,PLN,1.000000,price,,,KRK-DBV,2026-08-20T11:32:54Z,2026-08-20T12:23:59Z
2026-08-31,,120.98,KRK,DBV,2026-08-20,Kraków,Polska,Dubrovnik,Chorwacja,ryanair,120.98,PLN,1.000000,price,,,KRK-DBV,2026-08-20T11:32:54Z,2026-08-20T12:23:59Z
2026-08-26,,1915.94,KRK,DUB,2026-08-20,Kraków,Polska,Dublin,Irlandia,ryanair,1915.94,PLN,1.000000,price,,,KRK-DUB,2026-08-20T11:32:54Z,2026-08-20T12:23:59Z
2026-08-27,,1915.94,KRK,DUB,2026-08-20,Kraków,Polska,Dublin,Irlandia,ryanair,1915.94,PLN,1.000000,price,,,KRK-DUB,2026-08-20T11:32:54Z,2026-08-20T12:23:59Z
2026-08-28,,1124.24,KRK,DUB,2026-08-20,Kraków,Polska,Dublin,Irlandia,ryanair,1124.24,PLN,1.000000,price,,,KRK-DUB,2026-08-20T11:32:54Z,2026-08-20T12:23:59Z
2026-08-29,,972.43,KRK,DUB,2026-08-20,Kraków,Polska,Dublin,Irlandia,ryanair,972.43,PLN,1.000000,price,,,KRK-DUB,2026-08-20T11:32:54Z,2026-08-20T12:23:59Z
2026-08-30,,1858.60,KRK,DUB,2026-08-20,Kraków,Polska,Dublin,Irlandia,ryanair,1858.6,PLN,1.000000,price,,,KRK-DUB,2026-08-20T11:32:54Z,2026-08-20T12:23:59Z
2026-08-31,,734.94,KRK,DUB,2026-08-20,Kraków,Polska,Dublin,Irlandia,ryanair,734.94,PLN,1.000000,price,,,KRK-DUB,2026-08-20T11:32:54Z,2026-08-20T12:23:59Z
2026-08-22,,1363.61,KRK,EDI,2026-08-20,Kraków,Polska,Edynburg,Szkocja,ryanair,1363.61,PLN,1.000000,price,,,KRK-EDI,2026-08-20T11:32:54Z,2026-08-20T12:23:59Z
2026-08-24,,1757.28,KRK,EDI,2026-08-20,Kraków,Polska,Edynburg,Szkocja,ryanair,1757.28,PLN,1.000000,price,,,KRK-EDI,2026-08-20T11:32:54Z,2026-08-20T12:23:59Z
2026-08-25,,944.62,KRK,EDI,2026-08-20,Kraków,Polska,Edynburg,Szkocja,ryanair,944.62,PLN,1.000000,price,,,KRK-EDI,2026-08-20T11:32:54Z,2026-08-20T12:23:59Z
2026-08-26,,569.00,KRK,EDI,2026-08-20,Kraków,Polska,Edynburg,Szkocja,ryanair,569.0,PLN,1.000000,price,,,KRK-EDI,2026-08-20T11:32:54Z,2026-08-20T12:23:59Z
2026-08-27,,1784.07,KRK,EDI,2026-08-20,Kraków,Polska,Edynburg,Szkocja,ryanair,1784.07,PLN,1.000000,price,,,KRK-EDI,2026-08-20T11:32:54Z,2026-08-20T12:23:59Z
2026-08-28,,710.58,KRK,EDI,2026-08-20,Kraków,Polska,Edynburg,Szkocja,ryanair,710.58,PLN,1.000000,price,,,KRK-EDI,2026-08-20T11:32:54Z,2026-08-20T12:23:59Z
2026-08-29,,509.51,KRK,EDI,2026-08-20,Kraków,Polska,Edynburg,Szkocja,ryanair,509.51,PLN,1.000000,price,,,KRK-EDI,2026-08-20T11:32:54Z,2026-08-20T12:23:59Z
2026-08-30,,584.56,KRK,EDI,2026-08-20,Kraków,Polska,Edynburg,Szkocja,ryanair,584.56,PLN,1.000000,price,,,KRK-EDI,2026-08-20T11:32:54Z,2026-08-20T12:23:59Z
2026-08-31,,468.00,KRK,EDI,2026-08-20,Kraków,Polska,Edynburg,Szkocja,ryanair,468.0,PLN,1.000000,price,,,KRK-EDI,2026-08-20T11:32:54Z,2026-08-20T12:23:59Z
2026-08-21,,1321.61,KRK,EIN,2026-08-20,Kraków,Polska,Eindhoven,Holandia,ryanair,1321.61,PLN,1.000000,price,,,KRK-EIN,2026-08-20T11:32:54Z,2026-08-20T12:23:59Z
2026-08-22,,986.07,KRK,EIN,2026-08-20,Kraków,Polska,Eindhoven,Holandia,ryanair,986.07,PLN,1.000000,price,,,KRK-EIN,2026-08-20T11:32:54Z,2026-08-20T12:23:59Z
2026-08-23,,1676.57,KRK,EIN,2026-08-20,Kraków,Polska,Eindhoven,Holandia,ryanair,1676.57,PLN,1.000000,price,,,KRK-EIN,2026-08-20T11:32:54Z,2026-08-20T12:23:59Z
2026-08-24,,1255.37,KRK,EIN,2026-08-20,Kraków,Polska,Eindhoven,Holandia,ryanair,1255.37,PLN,1.000000,price,,,KRK-EIN,2026-08-20T11:32:54Z,2026-08-20T12:23:59Z
2026-08-25,,714.61,KRK,EIN,2026-08-20,Kraków,Polska,Eindhoven,Holandia,ryanair,714.61,PLN,1.000000,price,,,KRK-EIN,2026-08-20T11:32:54Z,2026-08-20T12:23:59Z
2026-08-26,,813.05,KRK,EIN,2026-08-20,Kraków,Polska,Eindhoven,Holandia,ryanair,813.05,PLN,1.000000,price,,,KRK-EIN,2026-08-20T11:32:54Z,2026-08-20T12:23:59Z
2026-08-27,,1710.28,KRK,EIN,2026-08-20,Kraków,Polska,Eindhoven,Holandia,ryanair,1710.28,PLN,1.000000,price,,,KRK-EIN,2026-08-20T11:32:54Z,2026-08-20T12:23:59Z
2026-08-28,,1676.57,KRK,EIN,2026-08-20,Kraków,Polska,Eindhoven,Holandia,ryanair,1676.57,PLN,1.000000,price,,,KRK-EIN,2026-08-20T11:32:54Z,2026-08-20T12:23:59Z
2026-08-29,,1732.75,KRK,EIN,2026-08-20,Kraków,Polska,Eindhoven,Holandia,ryanair,1732.75,PLN,1.000000,price,,,KRK-EIN,2026-08-20T11:32:54Z,2026-08-20T12:23:59Z
2026-08-30,,1732.75,KRK,EIN,2026-08-20,Kraków,Polska,Eindhoven,Holandia,ryanair,1732.75,PLN,1.000000,price,,,KRK-EIN,2026-08-20T11:32:54Z,2026-08-20T12:23:59Z
2026-08-31,,618.50,KRK,EIN,2026-08-20,Kraków,Polska,Eindhoven,Holandia,ryanair,618.5,PLN,1.000000,price,,,KRK-EIN,2026-08-20T11:32:54Z,2026-08-20T12:23:59Z
2026-08-21,,1509.31,KRK,EMA,2026-08-20,Kraków,Polska,East Midlands,Wielka Brytania,ryanair,1509.31,PLN,1.000000,price,,,KRK-EMA,2026-08-20T11:32:54Z,2026-08-20T12:23:59Z
2026-08-23,,1862.82,KRK,EMA,2026-08-20,Kraków,Polska,East Midlands,Wielka Brytania,ryanair,1862.82,PLN,1.000000,price,,,KRK-EMA,2026-08-20T11:32:54Z,2026-08-20T12:23:59Z
2026-08-24,,1287.51,KRK,EMA,2026-08-20,Kraków,Polska,East Midlands,Wielka Brytania,ryanair,1287.51,PLN,1.000000,price,,,KRK-EMA,2026-08-20T11:32:54Z,2026-08-20T12:23:59Z
2026-08-26,,1430.60,KRK,EMA,2026-08-20,Kraków,Polska,East Midlands,Wielka Brytania,ryanair,1430.6,PLN,1.000000,price,,,KRK-EMA,2026-08-20T11:32:54Z,2026-08-20T12:23:59Z
2026-08-27,,1146.31,KRK,EMA,2026-08-20,Kraków,Polska,East Midlands,Wielka Brytania,ryanair,1146.31,PLN,1.000000,price,,,KRK-EMA,2026-08-20T11:32:54Z,2026-08-20T12:23:59Z
2026-08-28,,917.32,KRK,EMA,2026-08-20,Kraków,Polska,East Midlands,Wielka Brytania,ryanair,917.32,PLN,1.000000,price,,,KRK-EMA,2026-08-20T11:32:54Z,2026-08-20T12:23:59Z
2026-08-30,,1495.39,KRK,EMA,2026-08-20,Kraków,Polska,East Midlands,Wielka Brytania,ryanair,1495.39,PLN,1.000000,price,,,KRK-EMA,2026-08-20T11:32:54Z,2026-08-20T12:23:59Z
2026-08-22,,1080.06,KRK,FAO,2026-08-20,Kraków,Polska,Faro,Portugalia,ryanair,1080.06,PLN,1.000000,price,,,KRK-FAO,2026-08-20T11:32:54Z,2026-08-20T12:23:59Z
2026-08-25,,664.61,KRK,FAO,2026-08-20,Kraków,Polska,Faro,Portugalia,ryanair,664.61,PLN,1.000000,price,,,KRK-FAO,2026-08-20T11:32:54Z,2026-08-20T12:23:59Z
2026-08-26,,267.06,KRK,FAO,2026-08-20,Kraków,Polska,Faro,Portugalia,ryanair,267.06,PLN,1.000000,price,,,KRK-FAO,2026-08-20T11:32:54Z,2026-08-20T12:23:59Z
2026-08-29,,227.16,KRK,FAO,2026-08-20,Kraków,Polska,Faro,Portugalia,ryanair,227.16,PLN,1.000000,price,,,KRK-FAO,2026-08-20T11:32:54Z,2026-08-20T12:23:59Z
2026-08-30,,344.09,KRK,FAO,2026-08-20,Kraków,Polska,Faro,Portugalia,ryanair,344.09,PLN,1.000000,price,,,KRK-FAO,2026-08-20T11:32:54Z,2026-08-20T12:23:59Z
2026-08-29,,409.00,KRK,FCO,2026-08-20,Kraków,Polska,Rzym,Włochy,wizzair,409.0,PLN,1.000000,price,J,False,KRK-FCO,2026-08-20T11:32:53Z,2026-08-20T12:23:59Z
2026-08-30,,359.00,KRK,FCO,2026-08-20,Kraków,Polska,Rzym,Włochy,wizzair,359.0,PLN,1.000000,price,JK,True,KRK-FCO,2026-08-20T11:32:53Z,2026-08-20T12:23:59Z
2026-08-31,,249.00,KRK,FCO,2026-08-20,Kraków,Polska,Rzym,Włochy,wizzair,249.0,PLN,1.000000,price,LB,False,KRK-FCO,2026-08-20T11:32:53Z,2026-08-20T12:23:59Z
2026-08-22,,775.15,KRK,FMM,2026-08-20,Kraków,Polska,Memmingen,Niemcy,ryanair,775.15,PLN,1.000000,price,,,KRK-FMM,2026-08-20T11:32:54Z,2026-08-20T12:23:59Z
2026-08-23,,456.77,KRK,FMM,2026-08-20,Kraków,Polska,Memmingen,Niemcy,ryanair,456.77,PLN,1.000000,price,,,KRK-FMM,2026-08-20T11:32:54Z,2026-08-20T12:23:59Z
2026-08-24,,880.31,KRK,FMM,2026-08-20,Kraków,Polska,Memmingen,Niemcy,ryanair,880.31,PLN,1.000000,price,,,KRK-FMM,2026-08-20T11:32:54Z,2026-08-20T12:23:59Z
2026-08-26,,466.75,KRK,FMM,2026-08-20,Kraków,Polska,Memmingen,Niemcy,ryanair,466.75,PLN,1.000000,price,,,KRK-FMM,2026-08-20T11:32:54Z,2026-08-20T12:23:59Z
2026-08-29,,636.34,KRK,FMM,2026-08-20,Kraków,Polska,Memmingen,Niemcy,ryanair,636.34,PLN,1.000000,price,,,KRK-FMM,2026-08-20T11:32:54Z,2026-08-20T12:23:59Z
2026-08-30,,263.61,KRK,FMM,2026-08-20,Kraków,Polska,Memmingen,Niemcy,ryanair,263.61,PLN,1.000000,price,,,KRK-FMM,2026-08-20T11:32:54Z,2026-08-20T12:23:59Z
2026-08-31,,234.82,KRK,FMM,2026-08-20,Kraków,Polska,Memmingen,Niemcy,ryanair,234.82,PLN,1.000000,price,,,KRK-FMM,2026-08-20T11:32:54Z,2026-08-20T12:23:59Z
2026-08-27,,1489.22,KRK,FUE,2026-08-20,Kraków,Polska,Fuerteventura,Hiszpania,ryanair,1489.22,PLN,1.000000,price,,,KRK-FUE,2026-08-20T11:32:54Z,2026-08-20T12:23:59Z
2026-08-21,,639.64,KRK,GDN,2026-08-20,Kraków,Polska,Gdańsk,Polska,ryanair,639.64,PLN,1.000000,price,,,KRK-GDN,2026-08-20T11:32:54Z,2026-08-20T12:23:59Z
2026-08-23,,475.39,KRK,GDN,2026-08-20,Kraków,Polska,Gdańsk,Polska,ryanair,475.39,PLN,1.000000,price,,,KRK-GDN,2026-08-20T11:32:54Z,2026-08-20T12:23:59Z
2026-08-24,,318.87,KRK,GDN,2026-08-20,Kraków,Polska,Gdańsk,Polska,ryanair,318.87,PLN,1.000000,price,,,KRK-GDN,2026-08-20T11:32:54Z,2026-08-20T12:23:59Z
2026-08-25,,429.25,KRK,GDN,2026-08-20,Kraków,Polska,Gdańsk,Polska,ryanair,429.25,PLN,1.000000,price,,,KRK-GDN,2026-08-20T11:32:54Z,2026-08-20T12:23:59Z
2026-08-26,,438.77,KRK,GDN,2026-08-20,Kraków,Polska,Gdańsk,Polska,ryanair,438.77,PLN,1.000000,price,,,KRK-GDN,2026-08-20T11:32:54Z,2026-08-20T12:23:59Z
2026-08-27,,370.58,KRK,GDN,2026-08-20,Kraków,Polska,Gdańsk,Polska,ryanair,370.58,PLN,1.000000,price,,,KRK-GDN,2026-08-20T11:32:54Z,2026-08-20T12:23:59Z
2026-08-28,,1470.95,KRK,GDN,2026-08-20,Kraków,Polska,Gdańsk,Polska,ryanair,1470.95,PLN,1.000000,price,,,KRK-GDN,2026-08-20T11:32:54Z,2026-08-20T12:23:59Z
2026-08-30,,337.09,KRK,GDN,2026-08-20,Kraków,Polska,Gdańsk,Polska,ryanair,337.09,PLN,1.000000,price,,,KRK-GDN,2026-08-20T11:32:54Z,2026-08-20T12:23:59Z
2026-08-31,,254.97,KRK,GDN,2026-08-20,Kraków,Polska,Gdańsk,Polska,ryanair,254.97,PLN,1.000000,price,,,KRK-GDN,2026-08-20T11:32:54Z,2026-08-20T12:23:59Z
2026-08-22,,1705.61,KRK,GLA,2026-08-20,Kraków,Polska,Glasgow,Szkocja,ryanair,1705.61,PLN,1.000000,price,,,KRK-GLA,2026-08-20T11:32:54Z,2026-08-20T12:23:59Z
2026-08-24,,1705.61,KRK,GLA,2026-08-20,Kraków,Polska,Glasgow,Szkocja,ryanair,1705.61,PLN,1.000000,price,,,KRK-GLA,2026-08-20T11:32:54Z,2026-08-20T12:23:59Z
2026-08-25,,1120.45,KRK,GLA,2026-08-20,Kraków,Polska,Glasgow,Szkocja,ryanair,1120.45,PLN,1.000000,price,,,KRK-GLA,2026-08-20T11:32:54Z,2026-08-20T12:23:59Z
2026-08-26,,785.56,KRK,GLA,2026-08-20,Kraków,Polska,Glasgow,Szkocja,ryanair,785.56,PLN,1.000000,price,,,KRK-GLA,2026-08-20T11:32:54Z,2026-08-20T12:23:59Z
2026-08-29,,635.32,KRK,GLA,2026-08-20,Kraków,Polska,Glasgow,Szkocja,ryanair,635.32,PLN,1.000000,price,,,KRK-GLA,2026-08-20T11:32:54Z,2026-08-20T12:23:59Z
2026-08-31,,487.04,KRK,GLA,2026-08-20,Kraków,Polska,Glasgow,Szkocja,ryanair,487.04,PLN,1.000000,price,,,KRK-GLA,2026-08-20T11:32:54Z,2026-08-20T12:23:59Z
2026-08-29,,269.00,KRK,GOA,2026-08-20,Kraków,Polska,Genoa,Włochy,wizzair,269.0,PLN,1.000000,price,L,False,KRK-GOA,2026-08-20T11:32:53Z,2026-08-20T12:23:59Z
2026-08-21,,1023.43,KRK,GOT,2026-08-20,Kraków,Polska,Gotenburg,Szwecja,ryanair,1023.43,PLN,1.000000,price,,,KRK-GOT,2026-08-20T11:32:54Z,2026-08-20T12:23:59Z
2026-08-23,,1566.82,KRK,GOT,2026-08-20,Kraków,Polska,Gotenburg,Szwecja,ryanair,1566.82,PLN,1.000000,price,,,KRK-GOT,2026-08-20T11:32:54Z,2026-08-20T12:23:59Z
2026-08-24,,1413.53,KRK,GOT,2026-08-20,Kraków,Polska,Gotenburg,Szwecja,ryanair,1413.53,PLN,1.000000,price,,,KRK-GOT,2026-08-20T11:32:54Z,2026-08-20T12:23:59Z
2026-08-25,,158.45,KRK,GOT,2026-08-20,Kraków,Polska,Gotenburg,Szwecja,ryanair,158.45,PLN,1.000000,price,,,KRK-GOT,2026-08-20T11:32:54Z,2026-08-20T12:23:59Z
2026-08-26,,95.00,KRK,GOT,2026-08-20,Kraków,Polska,Gotenburg,Szwecja,ryanair,95.0,PLN,1.000000,price,,,KRK-GOT,2026-08-20T11:32:54Z,2026-08-20T12:23:59Z
2026-08-28,,177.35,KRK,GOT,2026-08-20,Kraków,Polska,Gotenburg,Szwecja,ryanair,177.35,PLN,1.000000,price,,,KRK-GOT,2026-08-20T11:32:54Z,2026-08-20T12:23:59Z
2026-08-30,,172.55,KRK,GOT,2026-08-20,Kraków,Polska,Gotenburg,Szwecja,ryanair,172.55,PLN,1.000000,price,,,KRK-GOT,2026-08-20T11:32:54Z,2026-08-20T12:23:59Z
2026-08-31,,95.00,KRK,GOT,2026-08-20,Kraków,Polska,Gotenburg,Szwecja,ryanair,95.0,PLN,1.000000,price,,,KRK-GOT,2026-08-20T11:32:54Z,2026-08-20T12:23:59Z
2026-08-25,,922.21,KRK,GRO,2026-08-20,Kraków,Polska,Girona,Hiszpania,ryanair,922.21,PLN,1.000000,price,,,KRK-GRO,2026-08-20T11:32:54Z,2026-08-20T12:23:59Z
2026-08-26,,743.38,KRK,GRO,2026-08-20,Kraków,Polska,Girona,Hiszpania,ryanair,743.38,PLN,1.000000,price,,,KRK-GRO,2026-08-20T11:32:54Z,2026-08-20T12:23:59Z
2026-08-27,,754.14,KRK,GRO,2026-08-20,Kraków,Polska,Girona,Hiszpania,ryanair,754.14,PLN,1.000000,price,,,KRK-GRO,2026-08-20T11:32:54Z,2026-08-20T12:23:59Z
2026-08-29,,636.92,KRK,GRO,2026-08-20,Kraków,Polska,Girona,Hiszpania,ryanair,636.92,PLN,1.000000,price,,,KRK-GRO,2026-08-20T11:32:54Z,2026-08-20T12:23:59Z
2026-08-30,,624.91,KRK,GRO,2026-08-20,Kraków,Polska,Girona,Hiszpania,ryanair,624.91,PLN,1.000000,price,,,KRK-GRO,2026-08-20T11:32:54Z,2026-08-20T12:23:59Z
2026-08-31,,359.00,KRK,HER,2026-08-20,Kraków,Polska,Heraklion,Grecja,wizzair,359.0,PLN,1.000000,price,KL,False,KRK-HER,2026-08-20T11:32:53Z,2026-08-20T12:23:59Z
2026-08-22,,1199.48,KRK,JTR,2026-08-20,Kraków,Polska,Santorini,Grecja,ryanair,1199.48,PLN,1.000000,price,,,KRK-JTR,2026-08-20T11:32:54Z,2026-08-20T12:23:59Z
2026-08-24,,304.06,KRK,JTR,2026-08-20,Kraków,Polska,Santorini,Grecja,ryanair,304.06,PLN,1.000000,price,,,KRK-JTR,2026-08-20T11:32:54Z,2026-08-20T12:23:59Z
2026-08-26,,448.12,KRK,JTR,2026-08-20,Kraków,Polska,Santorini,Grecja,ryanair,448.12,PLN,1.000000,price,,,KRK-JTR,2026-08-20T11:32:54Z,2026-08-20T12:23:59Z
2026-08-29,,374.32,KRK,JTR,2026-08-20,Kraków,Polska,Santorini,Grecja,ryanair,374.32,PLN,1.000000,price,,,KRK-JTR,2026-08-20T11:32:54Z,2026-08-20T12:23:59Z
2026-08-31,,285.00,KRK,JTR,2026-08-20,Kraków,Polska,Santorini,Grecja,ryanair,285.0,PLN,1.000000,price,,,KRK-JTR,2026-08-20T11:32:54Z,2026-08-20T12:23:59Z
2026-08-21,,1634.68,KRK,LBA,2026-08-20,Kraków,Polska,Leeds,Wielka Brytania,ryanair,1634.68,PLN,1.000000,price,,,KRK-LBA,2026-08-20T11:32:54Z,2026-08-20T12:23:59Z
2026-08-23,,1667.61,KRK,LBA,2026-08-20,Kraków,Polska,Leeds,Wielka Brytania,ryanair,1667.61,PLN,1.000000,price,,,KRK-LBA,2026-08-20T11:32:54Z,2026-08-20T12:23:59Z
2026-08-24,,1601.74,KRK,LBA,2026-08-20,Kraków,Polska,Leeds,Wielka Brytania,ryanair,1601.74,PLN,1.000000,price,,,KRK-LBA,2026-08-20T11:32:54Z,2026-08-20T12:23:59Z
2026-08-25,,1060.29,KRK,LBA,2026-08-20,Kraków,Polska,Leeds,Wielka Brytania,ryanair,1060.29,PLN,1.000000,price,,,KRK-LBA,2026-08-20T11:32:54Z,2026-08-20T12:23:59Z
2026-08-26,,897.50,KRK,LBA,2026-08-20,Kraków,Polska,Leeds,Wielka Brytania,ryanair,897.5,PLN,1.000000,price,,,KRK-LBA,2026-08-20T11:32:54Z,2026-08-20T12:23:59Z
2026-08-27,,1192.81,KRK,LBA,2026-08-20,Kraków,Polska,Leeds,Wielka Brytania,ryanair,1192.81,PLN,1.000000,price,,,KRK-LBA,2026-08-20T11:32:54Z,2026-08-20T12:23:59Z
2026-08-28,,1693.89,KRK,LBA,2026-08-20,Kraków,Polska,Leeds,Wielka Brytania,ryanair,1693.89,PLN,1.000000,price,,,KRK-LBA,2026-08-20T11:32:54Z,2026-08-20T12:23:59Z
2026-08-29,,1021.27,KRK,LBA,2026-08-20,Kraków,Polska,Leeds,Wielka Brytania,ryanair,1021.27,PLN,1.000000,price,,,KRK-LBA,2026-08-20T11:32:54Z,2026-08-20T12:23:59Z
2026-08-30,,1084.80,KRK,LBA,2026-08-20,Kraków,Polska,Leeds,Wielka Brytania,ryanair,1084.8,PLN,1.000000,price,,,KRK-LBA,2026-08-20T11:32:54Z,2026-08-20T12:23:59Z
2026-08-31,,1540.82,KRK,LBA,2026-08-20,Kraków,Polska,Leeds,Wielka Brytania,ryanair,1540.82,PLN,1.000000,price,,,KRK-LBA,2026-08-20T11:32:54Z,2026-08-20T12:23:59Z
2026-08-30,,609.00,KRK,LCA,2026-08-20,Kraków,Polska,Larnaka,Cypr,wizzair,609.0,PLN,1.000000,price,I,False,KRK-LCA,2026-08-20T11:32:53Z,2026-08-20T12:23:59Z
2026-08-31,,449.00,KRK,LCA,2026-08-20,Kraków,Polska,Larnaka,Cypr,wizzair,449.0,PLN,1.000000,price,JK,False,KRK-LCA,2026-08-20T11:32:53Z,2026-08-20T12:23:59Z
2026-08-24,,1502.67,KRK,LDE,2026-08-20,Kraków,Polska,Lourdes,Francja,ryanair,1502.67,PLN,1.000000,price,,,KRK-LDE,2026-08-20T11:32:54Z,2026-08-20T12:23:59Z
2026-08-27,,1841.67,KRK,LDE,2026-08-20,Kraków,Polska,Lourdes,Francja,ryanair,1841.67,PLN,1.000000,price,,,KRK-LDE,2026-08-20T11:32:54Z,2026-08-20T12:23:59Z
2026-08-31,,345.87,KRK,LDE,2026-08-20,Kraków,Polska,Lourdes,Francja,ryanair,345.87,PLN,1.000000,price,,,KRK-LDE,2026-08-20T11:32:54Z,2026-08-20T12:23:59Z
2026-08-21,,1708.08,KRK,LIS,2026-08-20,Kraków,Polska,Lizbona,Portugalia,ryanair,1708.08,PLN,1.000000,price,,,KRK-LIS,2026-08-20T11:32:54Z,2026-08-20T12:23:59Z
2026-08-28,,970.35,KRK,LIS,2026-08-20,Kraków,Polska,Lizbona,Portugalia,ryanair,970.35,PLN,1.000000,price,,,KRK-LIS,2026-08-20T11:32:54Z,2026-08-20T12:23:59Z
2026-08-30,,457.99,KRK,LIS,2026-08-20,Kraków,Polska,Lizbona,Portugalia,ryanair,457.99,PLN,1.000000,price,,,KRK-LIS,2026-08-20T11:32:54Z,2026-08-20T12:23:59Z
2026-08-25,,1931.50,KRK,LPA,2026-08-20,Kraków,Polska,Gran Canaria,Hiszpania,ryanair,1931.5,PLN,1.000000,price,,,KRK-LPA,2026-08-20T11:32:54Z,2026-08-20T12:23:59Z
2026-08-21,,1694.26,KRK,LPL,2026-08-20,Kraków,Polska,Liverpool,Wielka Brytania,ryanair,1694.26,PLN,1.000000,price,,,KRK-LPL,2026-08-20T11:32:54Z,2026-08-20T12:23:59Z
2026-08-22,,1862.82,KRK,LPL,2026-08-20,Kraków,Polska,Liverpool,Wielka Brytania,ryanair,1862.82,PLN,1.000000,price,,,KRK-LPL,2026-08-20T11:32:54Z,2026-08-20T12:23:59Z
2026-08-23,,1724.51,KRK,LPL,2026-08-20,Kraków,Polska,Liverpool,Wielka Brytania,ryanair,1724.51,PLN,1.000000,price,,,KRK-LPL,2026-08-20T11:32:54Z,2026-08-20T12:23:59Z
2026-08-24,,1862.82,KRK,LPL,2026-08-20,Kraków,Polska,Liverpool,Wielka Brytania,ryanair,1862.82,PLN,1.000000,price,,,KRK-LPL,2026-08-20T11:32:54Z,2026-08-20T12:23:59Z
2026-08-25,,1714.60,KRK,LPL,2026-08-20,Kraków,Polska,Liverpool,Wielka Brytania,ryanair,1714.6,PLN,1.000000,price,,,KRK-LPL,2026-08-20T11:32:54Z,2026-08-20T12:23:59Z
2026-08-26,,1266.98,KRK,LPL,2026-08-20,Kraków,Polska,Liverpool,Wielka Brytania,ryanair,1266.98,PLN,1.000000,price,,,KRK-LPL,2026-08-20T11:32:54Z,2026-08-20T12:23:59Z
2026-08-27,,1050.25,KRK,LPL,2026-08-20,Kraków,Polska,Liverpool,Wielka Brytania,ryanair,1050.25,PLN,1.000000,price,,,KRK-LPL,2026-08-20T11:32:54Z,2026-08-20T12:23:59Z
2026-08-28,,1111.83,KRK,LPL,2026-08-20,Kraków,Polska,Liverpool,Wielka Brytania,ryanair,1111.83,PLN,1.000000,price,,,KRK-LPL,2026-08-20T11:32:54Z,2026-08-20T12:23:59Z
2026-08-29,,1305.77,KRK,LPL,2026-08-20,Kraków,Polska,Liverpool,Wielka Brytania,ryanair,1305.77,PLN,1.000000,price,,,KRK-LPL,2026-08-20T11:32:54Z,2026-08-20T12:23:59Z
2026-08-30,,1128.05,KRK,LPL,2026-08-20,Kraków,Polska,Liverpool,Wielka Brytania,ryanair,1128.05,PLN,1.000000,price,,,KRK-LPL,2026-08-20T11:32:54Z,2026-08-20T12:23:59Z
2026-08-31,,1080.51,KRK,LPL,2026-08-20,Kraków,Polska,Liverpool,Wielka Brytania,ryanair,1080.51,PLN,1.000000,price,,,KRK-LPL,2026-08-20T11:32:54Z,2026-08-20T12:23:59Z
2026-08-24,,1862.82,KRK,LTN,2026-08-20,Kraków,Polska,Londyn,Wielka Brytania,ryanair,1862.82,PLN,1.000000,price,,,KRK-LTN,2026-08-20T11:32:54Z,2026-08-20T12:23:59Z
2026-08-25,,1482.28,KRK,LTN,2026-08-20,Kraków,Polska,Londyn,Wielka Brytania,ryanair,1482.28,PLN,1.000000,price,,,KRK-LTN,2026-08-20T11:32:54Z,2026-08-20T12:23:59Z
2026-08-26,,1053.52,KRK,LTN,2026-08-20,Kraków,Polska,Londyn,Wielka Brytania,ryanair,1053.52,PLN,1.000000,price,,,KRK-LTN,2026-08-20T11:32:54Z,2026-08-20T12:23:59Z
2026-08-28,,1309.71,KRK,LTN,2026-08-20,Kraków,Polska,Londyn,Wielka Brytania,ryanair,1309.71,PLN,1.000000,price,,,KRK-LTN,2026-08-20T11:32:54Z,2026-08-20T12:23:59Z
2026-08-29,,1178.91,KRK,LTN,2026-08-20,Kraków,Polska,Londyn,Wielka Brytania,ryanair,1178.91,PLN,1.000000,price,,,KRK-LTN,2026-08-20T11:32:54Z,2026-08-20T12:23:59Z
2026-08-30,,1079.00,KRK,LTN,2026-08-20,Kraków,Polska,Londyn,Wielka Brytania,wizzair,1079.0,PLN,1.000000,price,ED,True,KRK-LTN,2026-08-20T11:32:53Z,2026-08-20T12:23:59Z
2026-08-31,,1199.00,KRK,LTN,2026-08-20,Kraków,Polska,Londyn,Wielka Brytania,wizzair,1199.0,PLN,1.000000,price,D,True,KRK-LTN,2026-08-20T11:32:53Z,2026-08-20T12:23:59Z
2026-08-31,,559.00,KRK,LYS,2026-08-20,Kraków,Polska,Lyon,Francja,wizzair,559.0,PLN,1.000000,price,HI,False,KRK-LYS,2026-08-20T11:32:53Z,2026-08-20T12:23:59Z
2026-08-22,,849.10,KRK,MAD,2026-08-20,Kraków,Polska,Madryt,Hiszpania,ryanair,849.1,PLN,1.000000,price,,,KRK-MAD,2026-08-20T11:32:54Z,2026-08-20T12:23:59Z
2026-08-24,,1632.44,KRK,MAD,2026-08-20,Kraków,Polska,Madryt,Hiszpania,ryanair,1632.44,PLN,1.000000,price,,,KRK-MAD,2026-08-20T11:32:54Z,2026-08-20T12:23:59Z
2026-08-25,,1870.13,KRK,MAD,2026-08-20,Kraków,Polska,Madryt,Hiszpania,ryanair,1870.13,PLN,1.000000,price,,,KRK-MAD,2026-08-20T11:32:54Z,2026-08-20T12:23:59Z
2026-08-26,,938.07,KRK,MAD,2026-08-20,Kraków,Polska,Madryt,Hiszpania,ryanair,938.07,PLN,1.000000,price,,,KRK-MAD,2026-08-20T11:32:54Z,2026-08-20T12:23:59Z
2026-08-27,,1744.82,KRK,MAD,2026-08-20,Kraków,Polska,Madryt,Hiszpania,ryanair,1744.82,PLN,1.000000,price,,,KRK-MAD,2026-08-20T11:32:54Z,2026-08-20T12:23:59Z
2026-08-28,,1011.00,KRK,MAD,2026-08-20,Kraków,Polska,Madryt,Hiszpania,ryanair,1011.0,PLN,1.000000,price,,,KRK-MAD,2026-08-20T11:32:54Z,2026-08-20T12:23:59Z
2026-08-29,,854.00,KRK,MAD,2026-08-20,Kraków,Polska,Madryt,Hiszpania,ryanair,854.0,PLN,1.000000,price,,,KRK-MAD,2026-08-20T11:32:54Z,2026-08-20T12:23:59Z
2026-08-31,,726.32,KRK,MAD,2026-08-20,Kraków,Polska,Madryt,Hiszpania,ryanair,726.32,PLN,1.000000,price,,,KRK-MAD,2026-08-20T11:32:54Z,2026-08-20T12:23:59Z
2026-08-21,,1705.61,KRK,MAN,2026-08-20,Kraków,Polska,Manchester,Wielka Brytania,ryanair,1705.61,PLN,1.000000,price,,,KRK-MAN,2026-08-20T11:32:54Z,2026-08-20T12:23:59Z
2026-08-22,,1672.68,KRK,MAN,2026-08-20,Kraków,Polska,Manchester,Wielka Brytania,ryanair,1672.68,PLN,1.000000,price,,,KRK-MAN,2026-08-20T11:32:54Z,2026-08-20T12:23:59Z
2026-08-24,,1727.57,KRK,MAN,2026-08-20,Kraków,Polska,Manchester,Wielka Brytania,ryanair,1727.57,PLN,1.000000,price,,,KRK-MAN,2026-08-20T11:32:54Z,2026-08-20T12:23:59Z
2026-08-25,,1360.21,KRK,MAN,2026-08-20,Kraków,Polska,Manchester,Wielka Brytania,ryanair,1360.21,PLN,1.000000,price,,,KRK-MAN,2026-08-20T11:32:54Z,2026-08-20T12:23:59Z
2026-08-27,,1386.88,KRK,MAN,2026-08-20,Kraków,Polska,Manchester,Wielka Brytania,ryanair,1386.88,PLN,1.000000,price,,,KRK-MAN,2026-08-20T11:32:54Z,2026-08-20T12:23:59Z
2026-08-28,,1731.89,KRK,MAN,2026-08-20,Kraków,Polska,Manchester,Wielka Brytania,ryanair,1731.89,PLN,1.000000,price,,,KRK-MAN,2026-08-20T11:32:54Z,2026-08-20T12:23:59Z
2026-08-29,,1085.29,KRK,MAN,2026-08-20,Kraków,Polska,Manchester,Wielka Brytania,ryanair,1085.29,PLN,1.000000,price,,,KRK-MAN,2026-08-20T11:32:54Z,2026-08-20T12:23:59Z
2026-08-30,,1146.49,KRK,MAN,2026-08-20,Kraków,Polska,Manchester,Wielka Brytania,ryanair,1146.49,PLN,1.000000,price,,,KRK-MAN,2026-08-20T11:32:54Z,2026-08-20T12:23:59Z
2026-08-31,,923.50,KRK,MAN,2026-08-20,Kraków,Polska,Manchester,Wielka Brytania,ryanair,923.5,PLN,1.000000,price,,,KRK-MAN,2026-08-20T11:32:54Z,2026-08-20T12:23:59Z
2026-08-29,,269.00,KRK,MIL,2026-08-20,Kraków,Polska,Mediolan,Włochy,wizzair,269.0,PLN,1.000000,price,K,False,KRK-MIL,2026-08-20T11:32:53Z,2026-08-20T12:23:59Z
2026-08-30,,409.00,KRK,MIL,2026-08-20,Kraków,Polska,Mediolan,Włochy,wizzair,409.0,PLN,1.000000,price,I,False,KRK-MIL,2026-08-20T11:32:53Z,2026-08-20T12:23:59Z
2026-08-31,,209.00,KRK,MIL,2026-08-20,Kraków,Polska,Mediolan,Włochy,wizzair,209.0,PLN,1.000000,price,LB,False,KRK-MIL,2026-08-20T11:32:53Z,2026-08-20T12:23:59Z
2026-08-20,,436.50,KRK,MLA,2026-08-20,Kraków,Polska,Valletta,Malta,ryanair,436.5,PLN,1.000000,price,,,KRK-MLA,2026-08-20T11:32:54Z,2026-08-20T12:23:59Z
2026-08-21,,570.49,KRK,MLA,2026-08-20,Kraków,Polska,Valletta,Malta,ryanair,570.49,PLN,1.000000,price,,,KRK-MLA,2026-08-20T11:32:54Z,2026-08-20T12:23:59Z
2026-08-22,,337.09,KRK,MLA,2026-08-20,Kraków,Polska,Valletta,Malta,ryanair,337.09,PLN,1.000000,price,,,KRK-MLA,2026-08-20T11:32:54Z,2026-08-20T12:23:59Z
2026-08-23,,936.57,KRK,MLA,2026-08-20,Kraków,Polska,Valletta,Malta,ryanair,936.57,PLN,1.000000,price,,,KRK-MLA,2026-08-20T11:32:54Z,2026-08-20T12:23:59Z
2026-08-24,,585.23,KRK,MLA,2026-08-20,Kraków,Polska,Valletta,Malta,ryanair,585.23,PLN,1.000000,price,,,KRK-MLA,2026-08-20T11:32:54Z,2026-08-20T12:23:59Z
2026-08-25,,197.18,KRK,MLA,2026-08-20,Kraków,Polska,Valletta,Malta,ryanair,197.18,PLN,1.000000,price,,,KRK-MLA,2026-08-20T11:32:54Z,2026-08-20T12:23:59Z
2026-08-26,,116.55,KRK,MLA,2026-08-20,Kraków,Polska,Valletta,Malta,ryanair,116.55,PLN,1.000000,price,,,KRK-MLA,2026-08-20T11:32:54Z,2026-08-20T12:23:59Z
2026-08-27,,153.00,KRK,MLA,2026-08-20,Kraków,Polska,Valletta,Malta,ryanair,153.0,PLN,1.000000,price,,,KRK-MLA,2026-08-20T11:32:54Z,2026-08-20T12:23:59Z
2026-08-28,,142.59,KRK,MLA,2026-08-20,Kraków,Polska,Valletta,Malta,ryanair,142.59,PLN,1.000000,price,,,KRK-MLA,2026-08-20T11:32:54Z,2026-08-20T12:23:59Z
2026-08-29,,143.92,KRK,MLA,2026-08-20,Kraków,Polska,Valletta,Malta,ryanair,143.92,PLN,1.000000,price,,,KRK-MLA,2026-08-20T11:32:54Z,2026-08-20T12:23:59Z
2026-08-30,,301.23,KRK,MLA,2026-08-20,Kraków,Polska,Valletta,Malta,ryanair,301.23,PLN,1.000000,price,,,KRK-MLA,2026-08-20T11:32:54Z,2026-08-20T12:23:59Z
2026-08-31,,361.96,KRK,MLA,2026-08-20,Kraków,Polska,Valletta,Malta,ryanair,361.96,PLN,1.000000,price,,,KRK-MLA,2026-08-20T11:32:54Z,2026-08-20T12:23:59Z
2026-08-21,,1412.42,KRK,MRS,2026-08-20,Kraków,Polska,Marsylia,Francja,ryanair,1412.42,PLN,1.000000,price,,,KRK-MRS,2026-08-20T11:32:54Z,2026-08-20T12:23:59Z
2026-08-24,,586.06,KRK,MRS,2026-08-20,Kraków,Polska,Marsylia,Francja,ryanair,586.06,PLN,1.000000,price,,,KRK-MRS,2026-08-20T11:32:54Z,2026-08-20T12:23:59Z
2026-08-26,,813.05,KRK,MRS,2026-08-20,Kraków,Polska,Marsylia,Francja,ryanair,813.05,PLN,1.000000,price,,,KRK-MRS,2026-08-20T11:32:54Z,2026-08-20T12:23:59Z
2026-08-28,,594.68,KRK,MRS,2026-08-20,Kraków,Polska,Marsylia,Francja,ryanair,594.68,PLN,1.000000,price,,,KRK-MRS,2026-08-20T11:32:54Z,2026-08-20T12:23:59Z
2026-08-31,,318.87,KRK,MRS,2026-08-20,Kraków,Polska,Marsylia,Francja,ryanair,318.87,PLN,1.000000,price,,,KRK-MRS,2026-08-20T11:32:54Z,2026-08-20T12:23:59Z
2026-08-21,,1594.19,KRK,MXP,2026-08-20,Kraków,Polska,Mediolan,Włochy,ryanair,1594.19,PLN,1.000000,price,,,KRK-MXP,2026-08-20T11:32:54Z,2026-08-20T12:23:59Z
2026-08-24,,623.69,KRK,MXP,2026-08-20,Kraków,Polska,Mediolan,Włochy,ryanair,623.69,PLN,1.000000,price,,,KRK-MXP,2026-08-20T11:32:54Z,2026-08-20T12:23:59Z
2026-08-28,,659.91,KRK,MXP,2026-08-20,Kraków,Polska,Mediolan,Włochy,ryanair,659.91,PLN,1.000000,price,,,KRK-MXP,2026-08-20T11:32:54Z,2026-08-20T12:23:59Z
2026-08-29,,269.00,KRK,MXP,2026-08-20,Kraków,Polska,Mediolan,Włochy,wizzair,269.0,PLN,1.000000,price,K,False,KRK-MXP,2026-08-20T11:32:53Z,2026-08-20T12:23:59Z
2026-08-30,,409.00,KRK,MXP,2026-08-20,Kraków,Polska,Mediolan,Włochy,wizzair,409.0,PLN,1.000000,price,I,False,KRK-MXP,2026-08-20T11:32:53Z,2026-08-20T12:23:59Z
2026-08-31,,162.32,KRK,MXP,2026-08-20,Kraków,Polska,Mediolan,Włochy,ryanair,162.32,PLN,1.000000,price,,,KRK-MXP,2026-08-20T11:32:54Z,2026-08-20T12:23:59Z
2026-08-23,,1290.23,KRK,NAP,2026-08-20,Kraków,Polska,Neapol,Włochy,ryanair,1290.23,PLN,1.000000,price,,,KRK-NAP,2026-08-20T11:32:54Z,2026-08-20T12:23:59Z
2026-08-26,,398.68,KRK,NAP,2026-08-20,Kraków,Polska,Neapol,Włochy,ryanair,398.68,PLN,1.000000,price,,,KRK-NAP,2026-08-20T11:32:54Z,2026-08-20T12:23:59Z
2026-08-27,,553.20,KRK,NAP,2026-08-20,Kraków,Polska,Neapol,Włochy,ryanair,553.2,PLN,1.000000,price,,,KRK-NAP,2026-08-20T11:32:54Z,2026-08-20T12:23:59Z
2026-08-30,,700.15,KRK,NAP,2026-08-20,Kraków,Polska,Neapol,Włochy,ryanair,700.15,PLN,1.000000,price,,,KRK-NAP,2026-08-20T11:32:54Z,2026-08-20T12:23:59Z
2026-08-29,,359.00,KRK,NCE,2026-08-20,Kraków,Polska,Nicea,Francja,wizzair,359.0,PLN,1.000000,price,B,False,KRK-NCE,2026-08-20T11:32:53Z,2026-08-20T12:23:59Z
2026-08-30,,359.00,KRK,NCE,2026-08-20,Kraków,Polska,Nicea,Francja,wizzair,359.0,PLN,1.000000,price,B,False,KRK-NCE,2026-08-20T11:32:53Z,2026-08-20T12:23:59Z
2026-08-31,,409.00,KRK,NCE,2026-08-20,Kraków,Polska,Nicea,Francja,wizzair,409.0,PLN,1.000000,price,L,False,KRK-NCE,2026-08-20T11:32:53Z,2026-08-20T12:23:59Z
2026-08-22,,1128.05,KRK,NCL,2026-08-20,Kraków,Polska,Newcastle,Wielka Brytania,ryanair,1128.05,PLN,1.000000,price,,,KRK-NCL,2026-08-20T11:32:54Z,2026-08-20T12:23:59Z
2026-08-23,,1857.39,KRK,NCL,2026-08-20,Kraków,Polska,Newcastle,Wielka Brytania,ryanair,1857.39,PLN,1.000000,price,,,KRK-NCL,2026-08-20T11:32:54Z,2026-08-20T12:23:59Z
2026-08-26,,1219.57,KRK,NCL,2026-08-20,Kraków,Polska,Newcastle,Wielka Brytania,ryanair,1219.57,PLN,1.000000,price,,,KRK-NCL,2026-08-20T11:32:54Z,2026-08-20T12:23:59Z
2026-08-29,,1301.46,KRK,NCL,2026-08-20,Kraków,Polska,Newcastle,Wielka Brytania,ryanair,1301.46,PLN,1.000000,price,,,KRK-NCL,2026-08-20T11:32:54Z,2026-08-20T12:23:59Z
2026-08-31,,831.71,KRK,NCL,2026-08-20,Kraków,Polska,Newcastle,Wielka Brytania,ryanair,831.71,PLN,1.000000,price,,,KRK-NCL,2026-08-20T11:32:54Z,2026-08-20T12:23:59Z
2026-08-21,,940.30,KRK,OLB,2026-08-20,Kraków,Polska,Olbia,Włochy,ryanair,940.3,PLN,1.000000,price,,,KRK-OLB,2026-08-20T11:32:54Z,2026-08-20T12:23:59Z
2026-08-24,,702.42,KRK,OLB,2026-08-20,Kraków,Polska,Olbia,Włochy,ryanair,702.42,PLN,1.000000,price,,,KRK-OLB,2026-08-20T11:32:54Z,2026-08-20T12:23:59Z
2026-08-26,,288.70,KRK,OLB,2026-08-20,Kraków,Polska,Olbia,Włochy,ryanair,288.7,PLN,1.000000,price,,,KRK-OLB,2026-08-20T11:32:54Z,2026-08-20T12:23:59Z
2026-08-27,,348.93,KRK,OLB,2026-08-20,Kraków,Polska,Olbia,Włochy,ryanair,348.93,PLN,1.000000,price,,,KRK-OLB,2026-08-20T11:32:54Z,2026-08-20T12:23:59Z
2026-08-28,,466.75,KRK,OLB,2026-08-20,Kraków,Polska,Olbia,Włochy,ryanair,466.75,PLN,1.000000,price,,,KRK-OLB,2026-08-20T11:32:54Z,2026-08-20T12:23:59Z
2026-08-31,,247.00,KRK,OLB,2026-08-20,Kraków,Polska,Olbia,Włochy,ryanair,247.0,PLN,1.000000,price,,,KRK-OLB,2026-08-20T11:32:54Z,2026-08-20T12:23:59Z
2026-08-31,,299.00,KRK,OOS,2026-08-20,Kraków,Polska,Oslo (Wszystkie lotniska),Norwegia,wizzair,299.0,PLN,1.000000,price,KL,False,KRK-OOS,2026-08-20T11:32:53Z,2026-08-20T12:23:59Z
2026-08-23,,1653.84,KRK,OPO,2026-08-20,Kraków,Polska,Porto,Portugalia,ryanair,1653.84,PLN,1.000000,price,,,KRK-OPO,2026-08-20T11:32:54Z,2026-08-20T12:23:59Z
2026-08-25,,769.21,KRK,OPO,2026-08-20,Kraków,Polska,Porto,Portugalia,ryanair,769.21,PLN,1.000000,price,,,KRK-OPO,2026-08-20T11:32:54Z,2026-08-20T12:23:59Z
2026-08-26,,397.49,KRK,OPO,2026-08-20,Kraków,Polska,Porto,Portugalia,ryanair,397.49,PLN,1.000000,price,,,KRK-OPO,2026-08-20T11:32:54Z,2026-08-20T12:23:59Z
2026-08-27,,833.64,KRK,OPO,2026-08-20,Kraków,Polska,Porto,Portugalia,ryanair,833.64,PLN,1.000000,price,,,KRK-OPO,2026-08-20T11:32:54Z,2026-08-20T12:23:59Z
2026-08-30,,468.00,KRK,OPO,2026-08-20,Kraków,Polska,Porto,Portugalia,ryanair,468.0,PLN,1.000000,price,,,KRK-OPO,2026-08-20T11:32:54Z,2026-08-20T12:23:59Z
2026-08-31,,299.00,KRK,OSL,2026-08-20,Kraków,Polska,Oslo,Norwegia,wizzair,299.0,PLN,1.000000,price,KL,False,KRK-OSL,2026-08-20T11:32:53Z,2026-08-20T12:23:59Z
2026-08-21,,631.00,KRK,PEG,2026-08-20,Kraków,Polska,Perugia,Włochy,ryanair,631.0,PLN,1.000000,price,,,KRK-PEG,2026-08-20T11:32:54Z,2026-08-20T12:23:59Z
2026-08-22,,1395.42,KRK,PEG,2026-08-20,Kraków,Polska,Perugia,Włochy,ryanair,1395.42,PLN,1.000000,price,,,KRK-PEG,2026-08-20T11:32:54Z,2026-08-20T12:23:59Z
2026-08-24,,310.25,KRK,PEG,2026-08-20,Kraków,Polska,Perugia,Włochy,ryanair,310.25,PLN,1.000000,price,,,KRK-PEG,2026-08-20T11:32:54Z,2026-08-20T12:23:59Z
2026-08-28,,177.96,KRK,PEG,2026-08-20,Kraków,Polska,Perugia,Włochy,ryanair,177.96,PLN,1.000000,price,,,KRK-PEG,2026-08-20T11:32:54Z,2026-08-20T12:23:59Z
2026-08-29,,106.32,KRK,PEG,2026-08-20,Kraków,Polska,Perugia,Włochy,ryanair,106.32,PLN,1.000000,price,,,KRK-PEG,2026-08-20T11:32:54Z,2026-08-20T12:23:59Z
2026-08-31,,258.53,KRK,PEG,2026-08-20,Kraków,Polska,Perugia,Włochy,ryanair,258.53,PLN,1.000000,price,,,KRK-PEG,2026-08-20T11:32:54Z,2026-08-20T12:23:59Z
2026-08-21,,635.32,KRK,PFO,2026-08-20,Kraków,Polska,Pafos,Cypr,ryanair,635.32,PLN,1.000000,price,,,KRK-PFO,2026-08-20T11:32:54Z,2026-08-20T12:23:59Z
2026-08-24,,900.66,KRK,PFO,2026-08-20,Kraków,Polska,Pafos,Cypr,ryanair,900.66,PLN,1.000000,price,,,KRK-PFO,2026-08-20T11:32:54Z,2026-08-20T12:23:59Z
2026-08-28,,609.39,KRK,PFO,2026-08-20,Kraków,Polska,Pafos,Cypr,ryanair,609.39,PLN,1.000000,price,,,KRK-PFO,2026-08-20T11:32:54Z,2026-08-20T12:23:59Z
2026-08-31,,831.71,KRK,PFO,2026-08-20,Kraków,Polska,Pafos,Cypr,ryanair,831.71,PLN,1.000000,price,,,KRK-PFO,2026-08-20T11:32:54Z,2026-08-20T12:23:59Z
2026-08-23,,1491.29,KRK,PMI,2026-08-20,Kraków,Polska,Majorka,Hiszpania,ryanair,1491.29,PLN,1.000000,price,,,KRK-PMI,2026-08-20T11:32:54Z,2026-08-20T12:23:59Z
2026-08-24,,902.62,KRK,PMI,2026-08-20,Kraków,Polska,Majorka,Hiszpania,ryanair,902.62,PLN,1.000000,price,,,KRK-PMI,2026-08-20T11:32:54Z,2026-08-20T12:23:59Z
2026-08-25,,1555.26,KRK,PMI,2026-08-20,Kraków,Polska,Majorka,Hiszpania,ryanair,1555.26,PLN,1.000000,price,,,KRK-PMI,2026-08-20T11:32:54Z,2026-08-20T12:23:59Z
2026-08-26,,395.32,KRK,PMI,2026-08-20,Kraków,Polska,Majorka,Hiszpania,ryanair,395.32,PLN,1.000000,price,,,KRK-PMI,2026-08-20T11:32:54Z,2026-08-20T12:23:59Z
2026-08-27,,1575.14,KRK,PMI,2026-08-20,Kraków,Polska,Majorka,Hiszpania,ryanair,1575.14,PLN,1.000000,price,,,KRK-PMI,2026-08-20T11:32:54Z,2026-08-20T12:23:59Z
2026-08-29,,344.00,KRK,PMI,2026-08-20,Kraków,Polska,Majorka,Hiszpania,ryanair,344.0,PLN,1.000000,price,,,KRK-PMI,2026-08-20T11:32:54Z,2026-08-20T12:23:59Z
2026-08-30,,264.00,KRK,PMI,2026-08-20,Kraków,Polska,Majorka,Hiszpania,ryanair,264.0,PLN,1.000000,price,,,KRK-PMI,2026-08-20T11:32:54Z,2026-08-20T12:23:59Z
2026-08-31,,338.74,KRK,PMI,2026-08-20,Kraków,Polska,Majorka,Hiszpania,ryanair,338.74,PLN,1.000000,price,,,KRK-PMI,2026-08-20T11:32:54Z,2026-08-20T12:23:59Z
2026-08-24,,443.85,KRK,PMO,2026-08-20,Kraków,Polska,Palermo,Włochy,ryanair,443.85,PLN,1.000000,price,,,KRK-PMO,2026-08-20T11:32:54Z,2026-08-20T12:23:59Z
2026-08-25,,242.00,KRK,PMO,2026-08-20,Kraków,Polska,Palermo,Włochy,ryanair,242.0,PLN,1.000000,price,,,KRK-PMO,2026-08-20T11:32:54Z,2026-08-20T12:23:59Z
2026-08-26,,214.89,KRK,PMO,2026-08-20,Kraków,Polska,Palermo,Włochy,ryanair,214.89,PLN,1.000000,price,,,KRK-PMO,2026-08-20T11:32:54Z,2026-08-20T12:23:59Z
2026-08-29,,475.40,KRK,PMO,2026-08-20,Kraków,Polska,Palermo,Włochy,ryanair,475.4,PLN,1.000000,price,,,KRK-PMO,2026-08-20T11:32:54Z,2026-08-20T12:23:59Z
2026-08-31,,292.53,KRK,PMO,2026-08-20,Kraków,Polska,Palermo,Włochy,ryanair,292.53,PLN,1.000000,price,,,KRK-PMO,2026-08-20T11:32:54Z,2026-08-20T12:23:59Z
2026-08-22,,267.15,KRK,PRG,2026-08-20,Kraków,Polska,Praga,Czechy,ryanair,267.15,PLN,1.000000,price,,,KRK-PRG,2026-08-20T11:32:54Z,2026-08-20T12:23:59Z
2026-08-25,,318.87,KRK,PRG,2026-08-20,Kraków,Polska,Praga,Czechy,ryanair,318.87,PLN,1.000000,price,,,KRK-PRG,2026-08-20T11:32:54Z,2026-08-20T12:23:59Z
2026-08-26,,357.65,KRK,PRG,2026-08-20,Kraków,Polska,Praga,Czechy,ryanair,357.65,PLN,1.000000,price,,,KRK-PRG,2026-08-20T11:32:54Z,2026-08-20T12:23:59Z
2026-08-29,,181.49,KRK,PRG,2026-08-20,Kraków,Polska,Praga,Czechy,ryanair,181.49,PLN,1.000000,price,,,KRK-PRG,2026-08-20T11:32:54Z,2026-08-20T12:23:59Z
2026-08-20,,1205.85,KRK,PSA,2026-08-20,Kraków,Polska,Piza,Włochy,ryanair,1205.85,PLN,1.000000,price,,,KRK-PSA,2026-08-20T11:32:54Z,2026-08-20T12:23:59Z
2026-08-23,,1175.60,KRK,PSA,2026-08-20,Kraków,Polska,Piza,Włochy,ryanair,1175.6,PLN,1.000000,price,,,KRK-PSA,2026-08-20T11:32:54Z,2026-08-20T12:23:59Z
2026-08-24,,1640.51,KRK,PSA,2026-08-20,Kraków,Polska,Piza,Włochy,ryanair,1640.51,PLN,1.000000,price,,,KRK-PSA,2026-08-20T11:32:54Z,2026-08-20T12:23:59Z
2026-08-25,,267.93,KRK,PSA,2026-08-20,Kraków,Polska,Piza,Włochy,ryanair,267.93,PLN,1.000000,price,,,KRK-PSA,2026-08-20T11:32:54Z,2026-08-20T12:23:59Z
2026-08-26,,400.75,KRK,PSA,2026-08-20,Kraków,Polska,Piza,Włochy,ryanair,400.75,PLN,1.000000,price,,,KRK-PSA,2026-08-20T11:32:54Z,2026-08-20T12:23:59Z
2026-08-27,,326.46,KRK,PSA,2026-08-20,Kraków,Polska,Piza,Włochy,ryanair,326.46,PLN,1.000000,price,,,KRK-PSA,2026-08-20T11:32:54Z,2026-08-20T12:23:59Z
2026-08-28,,305.94,KRK,PSA,2026-08-20,Kraków,Polska,Piza,Włochy,ryanair,305.94,PLN,1.000000,price,,,KRK-PSA,2026-08-20T11:32:54Z,2026-08-20T12:23:59Z
2026-08-29,,520.72,KRK,PSA,2026-08-20,Kraków,Polska,Piza,Włochy,ryanair,520.72,PLN,1.000000,price,,,KRK-PSA,2026-08-20T11:32:54Z,2026-08-20T12:23:59Z
2026-08-30,,313.92,KRK,PSA,2026-08-20,Kraków,Polska,Piza,Włochy,ryanair,313.92,PLN,1.000000,price,,,KRK-PSA,2026-08-20T11:32:54Z,2026-08-20T12:23:59Z
2026-08-31,,397.60,KRK,PSA,2026-08-20,Kraków,Polska,Piza,Włochy,ryanair,397.6,PLN,1.000000,price,,,KRK-PSA,2026-08-20T11:32:54Z,2026-08-20T12:23:59Z
2026-08-21,,712.78,KRK,PSR,2026-08-20,Kraków,Polska,Pescara,Włochy,ryanair,712.78,PLN,1.000000,price,,,KRK-PSR,2026-08-20T11:32:54Z,2026-08-20T12:23:59Z
2026-08-22,,799.56,KRK,PSR,2026-08-20,Kraków,Polska,Pescara,Włochy,ryanair,799.56,PLN,1.000000,price,,,KRK-PSR,2026-08-20T11:32:54Z,2026-08-20T12:23:59Z
2026-08-25,,704.48,KRK,PSR,2026-08-20,Kraków,Polska,Pescara,Włochy,ryanair,704.48,PLN,1.000000,price,,,KRK-PSR,2026-08-20T11:32:54Z,2026-08-20T12:23:59Z
2026-08-27,,207.42,KRK,PSR,2026-08-20,Kraków,Polska,Pescara,Włochy,ryanair,207.42,PLN,1.000000,price,,,KRK-PSR,2026-08-20T11:32:54Z,2026-08-20T12:23:59Z
2026-08-28,,158.00,KRK,PSR,2026-08-20,Kraków,Polska,Pescara,Włochy,ryanair,158.0,PLN,1.000000,price,,,KRK-PSR,2026-08-20T11:32:54Z,2026-08-20T12:23:59Z
2026-08-29,,241.29,KRK,PSR,2026-08-20,Kraków,Polska,Pescara,Włochy,ryanair,241.29,PLN,1.000000,price,,,KRK-PSR,2026-08-20T11:32:54Z,2026-08-20T12:23:59Z
2026-08-20,,749.98,KRK,RAK,2026-08-20,Kraków,Polska,Marakesz,Maroko,ryanair,749.98,PLN,1.000000,price,,,KRK-RAK,2026-08-20T11:32:54Z,2026-08-20T12:23:59Z
2026-08-23,,527.00,KRK,RAK,2026-08-20,Kraków,Polska,Marakesz,Maroko,ryanair,527.0,PLN,1.000000,price,,,KRK-RAK,2026-08-20T11:32:54Z,2026-08-20T12:23:59Z
2026-08-27,,307.13,KRK,RAK,2026-08-20,Kraków,Polska,Marakesz,Maroko,ryanair,307.13,PLN,1.000000,price,,,KRK-RAK,2026-08-20T11:32:54Z,2026-08-20T12:23:59Z
2026-08-30,,613.85,KRK,RAK,2026-08-20,Kraków,Polska,Marakesz,Maroko,ryanair,613.85,PLN,1.000000,price,,,KRK-RAK,2026-08-20T11:32:54Z,2026-08-20T12:23:59Z
2026-08-20,,432.18,KRK,RHO,2026-08-20,Kraków,Polska,Rodos,Grecja,ryanair,432.18,PLN,1.000000,price,,,KRK-RHO,2026-08-20T11:32:54Z,2026-08-20T12:23:59Z
2026-08-22,,561.84,KRK,RHO,2026-08-20,Kraków,Polska,Rodos,Grecja,ryanair,561.84,PLN,1.000000,price,,,KRK-RHO,2026-08-20T11:32:54Z,2026-08-20T12:23:59Z
2026-08-23,,213.00,KRK,RHO,2026-08-20,Kraków,Polska,Rodos,Grecja,ryanair,213.0,PLN,1.000000,price,,,KRK-RHO,2026-08-20T11:32:54Z,2026-08-20T12:23:59Z
2026-08-24,,247.00,KRK,RHO,2026-08-20,Kraków,Polska,Rodos,Grecja,ryanair,247.0,PLN,1.000000,price,,,KRK-RHO,2026-08-20T11:32:54Z,2026-08-20T12:23:59Z
2026-08-26,,289.54,KRK,RHO,2026-08-20,Kraków,Polska,Rodos,Grecja,ryanair,289.54,PLN,1.000000,price,,,KRK-RHO,2026-08-20T11:32:54Z,2026-08-20T12:23:59Z
2026-08-27,,145.00,KRK,RHO,2026-08-20,Kraków,Polska,Rodos,Grecja,ryanair,145.0,PLN,1.000000,price,,,KRK-RHO,2026-08-20T11:32:54Z,2026-08-20T12:23:59Z
2026-08-29,,209.00,KRK,RHO,2026-08-20,Kraków,Polska,Rodos,Grecja,wizzair,209.0,PLN,1.000000,price,OP,False,KRK-RHO,2026-08-20T11:32:53Z,2026-08-20T12:23:59Z
2026-08-30,,229.03,KRK,RHO,2026-08-20,Kraków,Polska,Rodos,Grecja,ryanair,229.03,PLN,1.000000,price,,,KRK-RHO,2026-08-20T11:32:54Z,2026-08-20T12:23:59Z
2026-08-31,,145.00,KRK,RHO,2026-08-20,Kraków,Polska,Rodos,Grecja,ryanair,145.0,PLN,1.000000,price,,,KRK-RHO,2026-08-20T11:32:54Z,2026-08-20T12:23:59Z
2026-08-21,,523.06,KRK,RIX,2026-08-20,Kraków,Polska,Ryga,Łotwa,ryanair,523.06,PLN,1.000000,price,,,KRK-RIX,2026-08-20T11:32:54Z,2026-08-20T12:23:59Z
2026-08-23,,400.00,KRK,RIX,2026-08-20,Kraków,Polska,Ryga,Łotwa,ryanair,400.0,PLN,1.000000,price,,,KRK-RIX,2026-08-20T11:32:54Z,2026-08-20T12:23:59Z
2026-08-24,,242.32,KRK,RIX,2026-08-20,Kraków,Polska,Ryga,Łotwa,ryanair,242.32,PLN,1.000000,price,,,KRK-RIX,2026-08-20T11:32:54Z,2026-08-20T12:23:59Z
2026-08-25,,160.74,KRK,RIX,2026-08-20,Kraków,Polska,Ryga,Łotwa,ryanair,160.74,PLN,1.000000,price,,,KRK-RIX,2026-08-20T11:32:54Z,2026-08-20T12:23:59Z
2026-08-27,,315.22,KRK,RIX,2026-08-20,Kraków,Polska,Ryga,Łotwa,ryanair,315.22,PLN,1.000000,price,,,KRK-RIX,2026-08-20T11:32:54Z,2026-08-20T12:23:59Z
2026-08-28,,277.98,KRK,RIX,2026-08-20,Kraków,Polska,Ryga,Łotwa,ryanair,277.98,PLN,1.000000,price,,,KRK-RIX,2026-08-20T11:32:54Z,2026-08-20T12:23:59Z
2026-08-30,,242.32,KRK,RIX,2026-08-20,Kraków,Polska,Ryga,Łotwa,ryanair,242.32,PLN,1.000000,price,,,KRK-RIX,2026-08-20T11:32:54Z,2026-08-20T12:23:59Z
2026-08-31,,119.63,KRK,RIX,2026-08-20,Kraków,Polska,Ryga,Łotwa,ryanair,119.63,PLN,1.000000,price,,,KRK-RIX,2026-08-20T11:32:54Z,2026-08-20T12:23:59Z
2026-08-21,,1352.56,KRK,RMI,2026-08-20,Kraków,Polska,Rimini,Włochy,ryanair,1352.56,PLN,1.000000,price,,,KRK-RMI,2026-08-20T11:32:54Z,2026-08-20T12:23:59Z
2026-08-22,,1129.40,KRK,RMI,2026-08-20,Kraków,Polska,Rimini,Włochy,ryanair,1129.4,PLN,1.000000,price,,,KRK-RMI,2026-08-20T11:32:54Z,2026-08-20T12:23:59Z
2026-08-24,,496.83,KRK,RMI,2026-08-20,Kraków,Polska,Rimini,Włochy,ryanair,496.83,PLN,1.000000,price,,,KRK-RMI,2026-08-20T11:32:54Z,2026-08-20T12:23:59Z
2026-08-25,,416.44,KRK,RMI,2026-08-20,Kraków,Polska,Rimini,Włochy,ryanair,416.44,PLN,1.000000,price,,,KRK-RMI,2026-08-20T11:32:54Z,2026-08-20T12:23:59Z
2026-08-26,,533.52,KRK,RMI,2026-08-20,Kraków,Polska,Rimini,Włochy,ryanair,533.52,PLN,1.000000,price,,,KRK-RMI,2026-08-20T11:32:54Z,2026-08-20T12:23:59Z
2026-08-27,,350.29,KRK,RMI,2026-08-20,Kraków,Polska,Rimini,Włochy,ryanair,350.29,PLN,1.000000,price,,,KRK-RMI,2026-08-20T11:32:54Z,2026-08-20T12:23:59Z
2026-08-28,,241.44,KRK,RMI,2026-08-20,Kraków,Polska,Rimini,Włochy,ryanair,241.44,PLN,1.000000,price,,,KRK-RMI,2026-08-20T11:32:54Z,2026-08-20T12:23:59Z
2026-08-29,,478.20,KRK,RMI,2026-08-20,Kraków,Polska,Rimini,Włochy,ryanair,478.2,PLN,1.000000,price,,,KRK-RMI,2026-08-20T11:32:54Z,2026-08-20T12:23:59Z
2026-08-31,,319.42,KRK,RMI,2026-08-20,Kraków,Polska,Rimini,Włochy,ryanair,319.42,PLN,1.000000,price,,,KRK-RMI,2026-08-20T11:32:54Z,2026-08-20T12:23:59Z
2026-08-29,,409.00,KRK,ROM,2026-08-20,Kraków,Polska,Rzym,Włochy,wizzair,409.0,PLN,1.000000,price,J,True,KRK-ROM,2026-08-20T11:32:53Z,2026-08-20T12:23:59Z
2026-08-30,,359.00,KRK,ROM,2026-08-20,Kraków,Polska,Rzym,Włochy,wizzair,359.0,PLN,1.000000,price,JK,True,KRK-ROM,2026-08-20T11:32:53Z,2026-08-20T12:23:59Z
2026-08-31,,249.00,KRK,ROM,2026-08-20,Kraków,Polska,Rzym,Włochy,wizzair,249.0,PLN,1.000000,price,LB,True,KRK-ROM,2026-08-20T11:32:53Z,2026-08-20T12:23:59Z
2026-08-20,,1322.04,KRK,SKG,2026-08-20,Kraków,Polska,Saloniki,Grecja,ryanair,1322.04,PLN,1.000000,price,,,KRK-SKG,2026-08-20T11:32:54Z,2026-08-20T12:23:59Z
2026-08-22,,386.26,KRK,SKG,2026-08-20,Kraków,Polska,Saloniki,Grecja,ryanair,386.26,PLN,1.000000,price,,,KRK-SKG,2026-08-20T11:32:54Z,2026-08-20T12:23:59Z
2026-08-23,,435.34,KRK,SKG,2026-08-20,Kraków,Polska,Saloniki,Grecja,ryanair,435.34,PLN,1.000000,price,,,KRK-SKG,2026-08-20T11:32:54Z,2026-08-20T12:23:59Z
2026-08-24,,119.00,KRK,SKG,2026-08-20,Kraków,Polska,Saloniki,Grecja,ryanair,119.0,PLN,1.000000,price,,,KRK-SKG,2026-08-20T11:32:54Z,2026-08-20T12:23:59Z
2026-08-25,,145.00,KRK,SKG,2026-08-20,Kraków,Polska,Saloniki,Grecja,ryanair,145.0,PLN,1.000000,price,,,KRK-SKG,2026-08-20T11:32:54Z,2026-08-20T12:23:59Z
2026-08-26,,145.00,KRK,SKG,2026-08-20,Kraków,Polska,Saloniki,Grecja,ryanair,145.0,PLN,1.000000,price,,,KRK-SKG,2026-08-20T11:32:54Z,2026-08-20T12:23:59Z
2026-08-27,,119.00,KRK,SKG,2026-08-20,Kraków,Polska,Saloniki,Grecja,ryanair,119.0,PLN,1.000000,price,,,KRK-SKG,2026-08-20T11:32:54Z,2026-08-20T12:23:59Z
2026-08-28,,149.32,KRK,SKG,2026-08-20,Kraków,Polska,Saloniki,Grecja,ryanair,149.32,PLN,1.000000,price,,,KRK-SKG,2026-08-20T11:32:54Z,2026-08-20T12:23:59Z
2026-08-29,,136.79,KRK,SKG,2026-08-20,Kraków,Polska,Saloniki,Grecja,ryanair,136.79,PLN,1.000000,price,,,KRK-SKG,2026-08-20T11:32:54Z,2026-08-20T12:23:59Z
2026-08-30,,170.00,KRK,SKG,2026-08-20,Kraków,Polska,Saloniki,Grecja,ryanair,170.0,PLN,1.000000,price,,,KRK-SKG,2026-08-20T11:32:54Z,2026-08-20T12:23:59Z
2026-08-31,,153.14,KRK,SKG,2026-08-20,Kraków,Polska,Saloniki,Grecja,ryanair,153.14,PLN,1.000000,price,,,KRK-SKG,2026-08-20T11:32:54Z,2026-08-20T12:23:59Z
2026-08-27,,1715.64,KRK,SNN,2026-08-20,Kraków,Polska,Shannon,Irlandia,ryanair,1715.64,PLN,1.000000,price,,,KRK-SNN,2026-08-20T11:32:54Z,2026-08-20T12:23:59Z
2026-08-28,,886.79,KRK,SNN,2026-08-20,Kraków,Polska,Shannon,Irlandia,ryanair,886.79,PLN,1.000000,price,,,KRK-SNN,2026-08-20T11:32:54Z,2026-08-20T12:23:59Z
2026-08-29,,1011.35,KRK,SNN,2026-08-20,Kraków,Polska,Shannon,Irlandia,ryanair,1011.35,PLN,1.000000,price,,,KRK-SNN,2026-08-20T11:32:54Z,2026-08-20T12:23:59Z
2026-08-31,,897.51,KRK,SNN,2026-08-20,Kraków,Polska,Shannon,Irlandia,ryanair,897.51,PLN,1.000000,price,,,KRK-SNN,2026-08-20T11:32:54Z,2026-08-20T12:23:59Z
2026-08-21,,682.94,KRK,SOF,2026-08-20,Kraków,Polska,Sofia,Bułagria,ryanair,682.94,PLN,1.000000,price,,,KRK-SOF,2026-08-20T11:32:54Z,2026-08-20T12:23:59Z
2026-08-22,,232.68,KRK,SOF,2026-08-20,Kraków,Polska,Sofia,Bułagria,ryanair,232.68,PLN,1.000000,price,,,KRK-SOF,2026-08-20T11:32:54Z,2026-08-20T12:23:59Z
2026-08-24,,68.01,KRK,SOF,2026-08-20,Kraków,Polska,Sofia,Bułagria,ryanair,68.01,PLN,1.000000,price,,,KRK-SOF,2026-08-20T11:32:54Z,2026-08-20T12:23:59Z
2026-08-26,,73.43,KRK,SOF,2026-08-20,Kraków,Polska,Sofia,Bułagria,ryanair,73.43,PLN,1.000000,price,,,KRK-SOF,2026-08-20T11:32:54Z,2026-08-20T12:23:59Z
2026-08-28,,124.94,KRK,SOF,2026-08-20,Kraków,Polska,Sofia,Bułagria,ryanair,124.94,PLN,1.000000,price,,,KRK-SOF,2026-08-20T11:32:54Z,2026-08-20T12:23:59Z
2026-08-29,,120.98,KRK,SOF,2026-08-20,Kraków,Polska,Sofia,Bułagria,ryanair,120.98,PLN,1.000000,price,,,KRK-SOF,2026-08-20T11:32:54Z,2026-08-20T12:23:59Z
2026-08-30,,89.00,KRK,SOF,2026-08-20,Kraków,Polska,Sofia,Bułagria,wizzair,89.0,PLN,1.000000,price,S,False,KRK-SOF,2026-08-20T11:32:53Z,2026-08-20T12:23:59Z
2026-08-31,,69.00,KRK,SOF,2026-08-20,Kraków,Polska,Sofia,Bułagria,wizzair,69.0,PLN,1.000000,price,Z,False,KRK-SOF,2026-08-20T11:32:53Z,2026-08-20T12:23:59Z
2026-08-29,,519.00,KRK,SPU,2026-08-20,Kraków,Polska,Split,Chorwacja,wizzair,519.0,PLN,1.000000,price,J,True,KRK-SPU,2026-08-20T11:32:53Z,2026-08-20T12:23:59Z
2026-08-30,,249.00,KRK,SPU,2026-08-20,Kraków,Polska,Split,Chorwacja,wizzair,249.0,PLN,1.000000,price,BO,True,KRK-SPU,2026-08-20T11:32:53Z,2026-08-20T12:23:59Z
2026-08-31,,209.00,KRK,SPU,2026-08-20,Kraków,Polska,Split,Chorwacja,wizzair,209.0,PLN,1.000000,price,OP,True,KRK-SPU,2026-08-20T11:32:53Z,2026-08-20T12:23:59Z
2026-08-21,,1557.83,KRK,STN,2026-08-20,Kraków,Polska,Londyn,Wielka Brytania,ryanair,1557.83,PLN,1.000000,price,,,KRK-STN,2026-08-20T11:32:54Z,2026-08-20T12:23:59Z
2026-08-22,,1601.74,KRK,STN,2026-08-20,Kraków,Polska,Londyn,Wielka Brytania,ryanair,1601.74,PLN,1.000000,price,,,KRK-STN,2026-08-20T11:32:54Z,2026-08-20T12:23:59Z
2026-08-23,,1601.74,KRK,STN,2026-08-20,Kraków,Polska,Londyn,Wielka Brytania,ryanair,1601.74,PLN,1.000000,price,,,KRK-STN,2026-08-20T11:32:54Z,2026-08-20T12:23:59Z
2026-08-24,,1468.35,KRK,STN,2026-08-20,Kraków,Polska,Londyn,Wielka Brytania,ryanair,1468.35,PLN,1.000000,price,,,KRK-STN,2026-08-20T11:32:54Z,2026-08-20T12:23:59Z
2026-08-25,,1424.12,KRK,STN,2026-08-20,Kraków,Polska,Londyn,Wielka Brytania,ryanair,1424.12,PLN,1.000000,price,,,KRK-STN,2026-08-20T11:32:54Z,2026-08-20T12:23:59Z
2026-08-26,,1111.83,KRK,STN,2026-08-20,Kraków,Polska,Londyn,Wielka Brytania,ryanair,1111.83,PLN,1.000000,price,,,KRK-STN,2026-08-20T11:32:54Z,2026-08-20T12:23:59Z
2026-08-27,,1223.14,KRK,STN,2026-08-20,Kraków,Polska,Londyn,Wielka Brytania,ryanair,1223.14,PLN,1.000000,price,,,KRK-STN,2026-08-20T11:32:54Z,2026-08-20T12:23:59Z
2026-08-28,,929.23,KRK,STN,2026-08-20,Kraków,Polska,Londyn,Wielka Brytania,ryanair,929.23,PLN,1.000000,price,,,KRK-STN,2026-08-20T11:32:54Z,2026-08-20T12:23:59Z
2026-08-29,,917.32,KRK,STN,2026-08-20,Kraków,Polska,Londyn,Wielka Brytania,ryanair,917.32,PLN,1.000000,price,,,KRK-STN,2026-08-20T11:32:54Z,2026-08-20T12:23:59Z
2026-08-30,,1111.83,KRK,STN,2026-08-20,Kraków,Polska,Londyn,Wielka Brytania,ryanair,1111.83,PLN,1.000000,price,,,KRK-STN,2026-08-20T11:32:54Z,2026-08-20T12:23:59Z
2026-08-31,,1084.80,KRK,STN,2026-08-20,Kraków,Polska,Londyn,Wielka Brytania,ryanair,1084.8,PLN,1.000000,price,,,KRK-STN,2026-08-20T11:32:54Z,2026-08-20T12:23:59Z
2026-08-22,,1385.15,KRK,SUF,2026-08-20,Kraków,Polska,Lamezia,Włochy,ryanair,1385.15,PLN,1.000000,price,,,KRK-SUF,2026-08-20T11:32:54Z,2026-08-20T12:23:59Z
2026-08-23,,680.77,KRK,SUF,2026-08-20,Kraków,Polska,Lamezia,Włochy,ryanair,680.77,PLN,1.000000,price,,,KRK-SUF,2026-08-20T11:32:54Z,2026-08-20T12:23:59Z
2026-08-24,,210.57,KRK,SUF,2026-08-20,Kraków,Polska,Lamezia,Włochy,ryanair,210.57,PLN,1.000000,price,,,KRK-SUF,2026-08-20T11:32:54Z,2026-08-20T12:23:59Z
2026-08-26,,434.22,KRK,SUF,2026-08-20,Kraków,Polska,Lamezia,Włochy,ryanair,434.22,PLN,1.000000,price,,,KRK-SUF,2026-08-20T11:32:54Z,2026-08-20T12:23:59Z
2026-08-29,,283.06,KRK,SUF,2026-08-20,Kraków,Polska,Lamezia,Włochy,ryanair,283.06,PLN,1.000000,price,,,KRK-SUF,2026-08-20T11:32:54Z,2026-08-20T12:23:59Z
2026-08-30,,230.00,KRK,SUF,2026-08-20,Kraków,Polska,Lamezia,Włochy,ryanair,230.0,PLN,1.000000,price,,,KRK-SUF,2026-08-20T11:32:54Z,2026-08-20T12:23:59Z
2026-08-31,,196.00,KRK,SUF,2026-08-20,Kraków,Polska,Lamezia,Włochy,ryanair,196.0,PLN,1.000000,price,,,KRK-SUF,2026-08-20T11:32:54Z,2026-08-20T12:23:59Z
2026-08-31,,269.00,KRK,SVG,2026-08-20,Kraków,Polska,Stavanger,Norwegia,wizzair,269.0,PLN,1.000000,price,L,False,KRK-SVG,2026-08-20T11:32:53Z,2026-08-20T12:23:59Z
2026-08-23,,1550.94,KRK,SVQ,2026-08-20,Kraków,Polska,Sewilla,Hiszpania,ryanair,1550.94,PLN,1.000000,price,,,KRK-SVQ,2026-08-20T11:32:54Z,2026-08-20T12:23:59Z
2026-08-25,,379.20,KRK,SVQ,2026-08-20,Kraków,Polska,Sewilla,Hiszpania,ryanair,379.2,PLN,1.000000,price,,,KRK-SVQ,2026-08-20T11:32:54Z,2026-08-20T12:23:59Z
2026-08-30,,738.82,KRK,SVQ,2026-08-20,Kraków,Polska,Sewilla,Hiszpania,ryanair,738.82,PLN,1.000000,price,,,KRK-SVQ,2026-08-20T11:32:54Z,2026-08-20T12:23:59Z
2026-08-21,,885.10,KRK,SZZ,2026-08-20,Kraków,Polska,Szczecin,Polska,ryanair,885.1,PLN,1.000000,price,,,KRK-SZZ,2026-08-20T11:32:54Z,2026-08-20T12:23:59Z
2026-08-24,,327.21,KRK,SZZ,2026-08-20,Kraków,Polska,Szczecin,Polska,ryanair,327.21,PLN,1.000000,price,,,KRK-SZZ,2026-08-20T11:32:54Z,2026-08-20T12:23:59Z
2026-08-26,,255.80,KRK,SZZ,2026-08-20,Kraków,Polska,Szczecin,Polska,ryanair,255.8,PLN,1.000000,price,,,KRK-SZZ,2026-08-20T11:32:54Z,2026-08-20T12:23:59Z
2026-08-28,,193.67,KRK,SZZ,2026-08-20,Kraków,Polska,Szczecin,Polska,ryanair,193.67,PLN,1.000000,price,,,KRK-SZZ,2026-08-20T11:32:54Z,2026-08-20T12:23:59Z
2026-08-31,,238.01,KRK,SZZ,2026-08-20,Kraków,Polska,Szczecin,Polska,ryanair,238.01,PLN,1.000000,price,,,KRK-SZZ,2026-08-20T11:32:54Z,2026-08-20T12:23:59Z
2026-08-21,,1686.00,KRK,TFS,2026-08-20,Kraków,Polska,Teneryfa,Hiszpania,ryanair,1686.0,PLN,1.000000,price,,,KRK-TFS,2026-08-20T11:32:54Z,2026-08-20T12:23:59Z
2026-08-28,,1931.50,KRK,TFS,2026-08-20,Kraków,Polska,Teneryfa,Hiszpania,ryanair,1931.5,PLN,1.000000,price,,,KRK-TFS,2026-08-20T11:32:54Z,2026-08-20T12:23:59Z
2026-08-20,,790.36,KRK,TGD,2026-08-20,Kraków,Polska,Podgorica,Czarnogóra,ryanair,790.36,PLN,1.000000,price,,,KRK-TGD,2026-08-20T11:32:54Z,2026-08-20T12:23:59Z
2026-08-21,,389.80,KRK,TGD,2026-08-20,Kraków,Polska,Podgorica,Czarnogóra,ryanair,389.8,PLN,1.000000,price,,,KRK-TGD,2026-08-20T11:32:54Z,2026-08-20T12:23:59Z
2026-08-22,,543.33,KRK,TGD,2026-08-20,Kraków,Polska,Podgorica,Czarnogóra,ryanair,543.33,PLN,1.000000,price,,,KRK-TGD,2026-08-20T11:32:54Z,2026-08-20T12:23:59Z
2026-08-24,,227.87,KRK,TGD,2026-08-20,Kraków,Polska,Podgorica,Czarnogóra,ryanair,227.87,PLN,1.000000,price,,,KRK-TGD,2026-08-20T11:32:54Z,2026-08-20T12:23:59Z
2026-08-25,,145.00,KRK,TGD,2026-08-20,Kraków,Polska,Podgorica,Czarnogóra,ryanair,145.0,PLN,1.000000,price,,,KRK-TGD,2026-08-20T11:32:54Z,2026-08-20T12:23:59Z
2026-08-26,,145.00,KRK,TGD,2026-08-20,Kraków,Polska,Podgorica,Czarnogóra,ryanair,145.0,PLN,1.000000,price,,,KRK-TGD,2026-08-20T11:32:54Z,2026-08-20T12:23:59Z
2026-08-27,,145.00,KRK,TGD,2026-08-20,Kraków,Polska,Podgorica,Czarnogóra,ryanair,145.0,PLN,1.000000,price,,,KRK-TGD,2026-08-20T11:32:54Z,2026-08-20T12:23:59Z
2026-08-28,,289.70,KRK,TGD,2026-08-20,Kraków,Polska,Podgorica,Czarnogóra,ryanair,289.7,PLN,1.000000,price,,,KRK-TGD,2026-08-20T11:32:54Z,2026-08-20T12:23:59Z
2026-08-29,,237.64,KRK,TGD,2026-08-20,Kraków,Polska,Podgorica,Czarnogóra,ryanair,237.64,PLN,1.000000,price,,,KRK-TGD,2026-08-20T11:32:54Z,2026-08-20T12:23:59Z
2026-08-31,,179.00,KRK,TGD,2026-08-20,Kraków,Polska,Podgorica,Czarnogóra,ryanair,179.0,PLN,1.000000,price,,,KRK-TGD,2026-08-20T11:32:54Z,2026-08-20T12:23:59Z
2026-08-20,,605.06,KRK,TIA,2026-08-20,Kraków,Polska,Tirana,Albania,ryanair,605.06,PLN,1.000000,price,,,KRK-TIA,2026-08-20T11:32:54Z,2026-08-20T12:23:59Z
2026-08-21,,312.87,KRK,TIA,2026-08-20,Kraków,Polska,Tirana,Albania,ryanair,312.87,PLN,1.000000,price,,,KRK-TIA,2026-08-20T11:32:54Z,2026-08-20T12:23:59Z
2026-08-22,,350.05,KRK,TIA,2026-08-20,Kraków,Polska,Tirana,Albania,ryanair,350.05,PLN,1.000000,price,,,KRK-TIA,2026-08-20T11:32:54Z,2026-08-20T12:23:59Z
2026-08-23,,267.93,KRK,TIA,2026-08-20,Kraków,Polska,Tirana,Albania,ryanair,267.93,PLN,1.000000,price,,,KRK-TIA,2026-08-20T11:32:54Z,2026-08-20T12:23:59Z
2026-08-24,,312.87,KRK,TIA,2026-08-20,Kraków,Polska,Tirana,Albania,ryanair,312.87,PLN,1.000000,price,,,KRK-TIA,2026-08-20T11:32:54Z,2026-08-20T12:23:59Z
2026-08-25,,240.40,KRK,TIA,2026-08-20,Kraków,Polska,Tirana,Albania,ryanair,240.4,PLN,1.000000,price,,,KRK-TIA,2026-08-20T11:32:54Z,2026-08-20T12:23:59Z
2026-08-26,,249.91,KRK,TIA,2026-08-20,Kraków,Polska,Tirana,Albania,ryanair,249.91,PLN,1.000000,price,,,KRK-TIA,2026-08-20T11:32:54Z,2026-08-20T12:23:59Z
2026-08-27,,280.08,KRK,TIA,2026-08-20,Kraków,Polska,Tirana,Albania,ryanair,280.08,PLN,1.000000,price,,,KRK-TIA,2026-08-20T11:32:54Z,2026-08-20T12:23:59Z
2026-08-28,,180.96,KRK,TIA,2026-08-20,Kraków,Polska,Tirana,Albania,ryanair,180.96,PLN,1.000000,price,,,KRK-TIA,2026-08-20T11:32:54Z,2026-08-20T12:23:59Z
2026-08-29,,109.00,KRK,TIA,2026-08-20,Kraków,Polska,Tirana,Albania,wizzair,109.0,PLN,1.000000,price,PR,True,KRK-TIA,2026-08-20T11:32:53Z,2026-08-20T12:23:59Z
2026-08-30,,129.00,KRK,TIA,2026-08-20,Kraków,Polska,Tirana,Albania,wizzair,129.0,PLN,1.000000,price,P,True,KRK-TIA,2026-08-20T11:32:53Z,2026-08-20T12:23:59Z
2026-08-31,,109.00,KRK,TIA,2026-08-20,Kraków,Polska,Tirana,Albania,wizzair,109.0,PLN,1.000000,price,P,True,KRK-TIA,2026-08-20T11:32:53Z,2026-08-20T12:23:59Z
2026-08-29,,559.00,KRK,TLL,2026-08-20,Kraków,Polska,Tallinn,Estonia,wizzair,559.0,PLN,1.000000,price,HI,False,KRK-TLL,2026-08-20T11:32:53Z,2026-08-20T12:23:59Z
2026-08-30,,319.00,KRK,TLL,2026-08-20,Kraków,Polska,Tallinn,Estonia,wizzair,319.0,PLN,1.000000,price,K,False,KRK-TLL,2026-08-20T11:32:53Z,2026-08-20T12:23:59Z
2026-08-21,,1451.57,KRK,TLS,2026-08-20,Kraków,Polska,Tuluza,Francja,ryanair,1451.57,PLN,1.000000,price,,,KRK-TLS,2026-08-20T11:32:54Z,2026-08-20T12:23:59Z
2026-08-24,,825.24,KRK,TLS,2026-08-20,Kraków,Polska,Tuluza,Francja,ryanair,825.24,PLN,1.000000,price,,,KRK-TLS,2026-08-20T11:32:54Z,2026-08-20T12:23:59Z
2026-08-26,,726.09,KRK,TLS,2026-08-20,Kraków,Polska,Tuluza,Francja,ryanair,726.09,PLN,1.000000,price,,,KRK-TLS,2026-08-20T11:32:54Z,2026-08-20T12:23:59Z
2026-08-28,,986.86,KRK,TLS,2026-08-20,Kraków,Polska,Tuluza,Francja,ryanair,986.86,PLN,1.000000,price,,,KRK-TLS,2026-08-20T11:32:54Z,2026-08-20T12:23:59Z
2026-08-31,,387.82,KRK,TLS,2026-08-20,Kraków,Polska,Tuluza,Francja,ryanair,387.82,PLN,1.000000,price,,,KRK-TLS,2026-08-20T11:32:54Z,2026-08-20T12:23:59Z
2026-08-21,,535.91,KRK,TRF,2026-08-20,Kraków,Polska,Oslo,Norwegia,ryanair,535.91,PLN,1.000000,price,,,KRK-TRF,2026-08-20T11:32:54Z,2026-08-20T12:23:59Z
2026-08-22,,353.34,KRK,TRF,2026-08-20,Kraków,Polska,Oslo,Norwegia,ryanair,353.34,PLN,1.000000,price,,,KRK-TRF,2026-08-20T11:32:54Z,2026-08-20T12:23:59Z
2026-08-23,,1426.31,KRK,TRF,2026-08-20,Kraków,Polska,Oslo,Norwegia,ryanair,1426.31,PLN,1.000000,price,,,KRK-TRF,2026-08-20T11:32:54Z,2026-08-20T12:23:59Z
2026-08-24,,405.06,KRK,TRF,2026-08-20,Kraków,Polska,Oslo,Norwegia,ryanair,405.06,PLN,1.000000,price,,,KRK-TRF,2026-08-20T11:32:54Z,2026-08-20T12:23:59Z
2026-08-25,,289.57,KRK,TRF,2026-08-20,Kraków,Polska,Oslo,Norwegia,ryanair,289.57,PLN,1.000000,price,,,KRK-TRF,2026-08-20T11:32:54Z,2026-08-20T12:23:59Z
2026-08-26,,193.89,KRK,TRF,2026-08-20,Kraków,Polska,Oslo,Norwegia,ryanair,193.89,PLN,1.000000,price,,,KRK-TRF,2026-08-20T11:32:54Z,2026-08-20T12:23:59Z
2026-08-27,,112.01,KRK,TRF,2026-08-20,Kraków,Polska,Oslo,Norwegia,ryanair,112.01,PLN,1.000000,price,,,KRK-TRF,2026-08-20T11:32:54Z,2026-08-20T12:23:59Z
2026-08-28,,86.33,KRK,TRF,2026-08-20,Kraków,Polska,Oslo,Norwegia,ryanair,86.33,PLN,1.000000,price,,,KRK-TRF,2026-08-20T11:32:54Z,2026-08-20T12:23:59Z
2026-08-29,,75.05,KRK,TRF,2026-08-20,Kraków,Polska,Oslo,Norwegia,ryanair,75.05,PLN,1.000000,price,,,KRK-TRF,2026-08-20T11:32:54Z,2026-08-20T12:23:59Z
2026-08-30,,397.45,KRK,TRF,2026-08-20,Kraków,Polska,Oslo,Norwegia,ryanair,397.45,PLN,1.000000,price,,,KRK-TRF,2026-08-20T11:32:54Z,2026-08-20T12:23:59Z
2026-08-31,,101.68,KRK,TRF,2026-08-20,Kraków,Polska,Oslo,Norwegia,ryanair,101.68,PLN,1.000000,price,,,KRK-TRF,2026-08-20T11:32:54Z,2026-08-20T12:23:59Z
2026-08-22,,468.32,KRK,TRN,2026-08-20,Kraków,Polska,Turyn,Włochy,ryanair,468.32,PLN,1.000000,price,,,KRK-TRN,2026-08-20T11:32:54Z,2026-08-20T12:23:59Z
2026-08-25,,839.64,KRK,TRN,2026-08-20,Kraków,Polska,Turyn,Włochy,ryanair,839.64,PLN,1.000000,price,,,KRK-TRN,2026-08-20T11:32:54Z,2026-08-20T12:23:59Z
2026-08-29,,448.16,KRK,TRN,2026-08-20,Kraków,Polska,Turyn,Włochy,ryanair,448.16,PLN,1.000000,price,,,KRK-TRN,2026-08-20T11:32:54Z,2026-08-20T12:23:59Z
2026-08-22,,1185.55,KRK,TRS,2026-08-20,Kraków,Polska,Triest,Włochy,ryanair,1185.55,PLN,1.000000,price,,,KRK-TRS,2026-08-20T11:32:54Z,2026-08-20T12:23:59Z
2026-08-24,,187.32,KRK,TRS,2026-08-20,Kraków,Polska,Triest,Włochy,ryanair,187.32,PLN,1.000000,price,,,KRK-TRS,2026-08-20T11:32:54Z,2026-08-20T12:23:59Z
2026-08-26,,467.03,KRK,TRS,2026-08-20,Kraków,Polska,Triest,Włochy,ryanair,467.03,PLN,1.000000,price,,,KRK-TRS,2026-08-20T11:32:54Z,2026-08-20T12:23:59Z
2026-08-29,,217.32,KRK,TRS,2026-08-20,Kraków,Polska,Triest,Włochy,ryanair,217.32,PLN,1.000000,price,,,KRK-TRS,2026-08-20T11:32:54Z,2026-08-20T12:23:59Z
2026-08-31,,79.00,KRK,TRS,2026-08-20,Kraków,Polska,Triest,Włochy,ryanair,79.0,PLN,1.000000,price,,,KRK-TRS,2026-08-20T11:32:54Z,2026-08-20T12:23:59Z
2026-08-21,,1409.21,KRK,TSF,2026-08-20,Kraków,Polska,Wenecja,Włochy,ryanair,1409.21,PLN,1.000000,price,,,KRK-TSF,2026-08-20T11:32:54Z,2026-08-20T12:23:59Z
2026-08-22,,1391.49,KRK,TSF,2026-08-20,Kraków,Polska,Wenecja,Włochy,ryanair,1391.49,PLN,1.000000,price,,,KRK-TSF,2026-08-20T11:32:54Z,2026-08-20T12:23:59Z
2026-08-25,,613.15,KRK,TSF,2026-08-20,Kraków,Polska,Wenecja,Włochy,ryanair,613.15,PLN,1.000000,price,,,KRK-TSF,2026-08-20T11:32:54Z,2026-08-20T12:23:59Z
2026-08-26,,512.02,KRK,TSF,2026-08-20,Kraków,Polska,Wenecja,Włochy,ryanair,512.02,PLN,1.000000,price,,,KRK-TSF,2026-08-20T11:32:54Z,2026-08-20T12:23:59Z
2026-08-27,,512.02,KRK,TSF,2026-08-20,Kraków,Polska,Wenecja,Włochy,ryanair,512.02,PLN,1.000000,price,,,KRK-TSF,2026-08-20T11:32:54Z,2026-08-20T12:23:59Z
2026-08-28,,442.79,KRK,TSF,2026-08-20,Kraków,Polska,Wenecja,Włochy,ryanair,442.79,PLN,1.000000,price,,,KRK-TSF,2026-08-20T11:32:54Z,2026-08-20T12:23:59Z
2026-08-29,,391.13,KRK,TSF,2026-08-20,Kraków,Polska,Wenecja,Włochy,ryanair,391.13,PLN,1.000000,price,,,KRK-TSF,2026-08-20T11:32:54Z,2026-08-20T12:23:59Z
2026-08-30,,381.10,KRK,TSF,2026-08-20,Kraków,Polska,Wenecja,Włochy,ryanair,381.1,PLN,1.000000,price,,,KRK-TSF,2026-08-20T11:32:54Z,2026-08-20T12:23:59Z
2026-08-22,,446.74,KRK,VAR,2026-08-20,Kraków,Polska,Warna,Bułagria,ryanair,446.74,PLN,1.000000,price,,,KRK-VAR,2026-08-20T11:32:54Z,2026-08-20T12:23:59Z
2026-08-24,,676.88,KRK,VAR,2026-08-20,Kraków,Polska,Warna,Bułagria,ryanair,676.88,PLN,1.000000,price,,,KRK-VAR,2026-08-20T11:32:54Z,2026-08-20T12:23:59Z
2026-08-27,,104.00,KRK,VAR,2026-08-20,Kraków,Polska,Warna,Bułagria,ryanair,104.0,PLN,1.000000,price,,,KRK-VAR,2026-08-20T11:32:54Z,2026-08-20T12:23:59Z
2026-08-29,,104.00,KRK,VAR,2026-08-20,Kraków,Polska,Warna,Bułagria,ryanair,104.0,PLN,1.000000,price,,,KRK-VAR,2026-08-20T11:32:54Z,2026-08-20T12:23:59Z
2026-08-31,,104.00,KRK,VAR,2026-08-20,Kraków,Polska,Warna,Bułagria,ryanair,104.0,PLN,1.000000,price,,,KRK-VAR,2026-08-20T11:32:54Z,2026-08-20T12:23:59Z
2026-08-29,,249.00,KRK,VCE,2026-08-20,Kraków,Polska,Wenecja,Włochy,wizzair,249.0,PLN,1.000000,price,J,False,KRK-VCE,2026-08-20T11:32:53Z,2026-08-20T12:23:59Z
2026-08-29,,249.00,KRK,VEN,2026-08-20,Kraków,Polska,Wenecja,Włochy,wizzair,249.0,PLN,1.000000,price,J,False,KRK-VEN,2026-08-20T11:32:53Z,2026-08-20T12:23:59Z
2026-08-20,,518.62,KRK,VIE,2026-08-20,Kraków,Polska,Wiedeń,Austria,ryanair,518.62,PLN,1.000000,price,,,KRK-VIE,2026-08-20T11:32:54Z,2026-08-20T12:23:59Z
2026-08-22,,298.19,KRK,VIE,2026-08-20,Kraków,Polska,Wiedeń,Austria,ryanair,298.19,PLN,1.000000,price,,,KRK-VIE,2026-08-20T11:32:54Z,2026-08-20T12:23:59Z
2026-08-23,,452.59,KRK,VIE,2026-08-20,Kraków,Polska,Wiedeń,Austria,ryanair,452.59,PLN,1.000000,price,,,KRK-VIE,2026-08-20T11:32:54Z,2026-08-20T12:23:59Z
2026-08-26,,267.15,KRK,VIE,2026-08-20,Kraków,Polska,Wiedeń,Austria,ryanair,267.15,PLN,1.000000,price,,,KRK-VIE,2026-08-20T11:32:54Z,2026-08-20T12:23:59Z
2026-08-27,,258.53,KRK,VIE,2026-08-20,Kraków,Polska,Wiedeń,Austria,ryanair,258.53,PLN,1.000000,price,,,KRK-VIE,2026-08-20T11:32:54Z,2026-08-20T12:23:59Z
2026-08-29,,151.23,KRK,VIE,2026-08-20,Kraków,Polska,Wiedeń,Austria,ryanair,151.23,PLN,1.000000,price,,,KRK-VIE,2026-08-20T11:32:54Z,2026-08-20T12:23:59Z
2026-08-30,,185.27,KRK,VIE,2026-08-20,Kraków,Polska,Wiedeń,Austria,ryanair,185.27,PLN,1.000000,price,,,KRK-VIE,2026-08-20T11:32:54Z,2026-08-20T12:23:59Z
2026-08-22,,626.68,KRK,VLC,2026-08-20,Kraków,Polska,Valencia,Hiszpania,ryanair,626.68,PLN,1.000000,price,,,KRK-VLC,2026-08-20T11:32:54Z,2026-08-20T12:23:59Z
2026-08-23,,1761.95,KRK,VLC,2026-08-20,Kraków,Polska,Valencia,Hiszpania,ryanair,1761.95,PLN,1.000000,price,,,KRK-VLC,2026-08-20T11:32:54Z,2026-08-20T12:23:59Z
2026-08-24,,1001.81,KRK,VLC,2026-08-20,Kraków,Polska,Valencia,Hiszpania,ryanair,1001.81,PLN,1.000000,price,,,KRK-VLC,2026-08-20T11:32:54Z,2026-08-20T12:23:59Z
2026-08-25,,542.97,KRK,VLC,2026-08-20,Kraków,Polska,Valencia,Hiszpania,ryanair,542.97,PLN,1.000000,price,,,KRK-VLC,2026-08-20T11:32:54Z,2026-08-20T12:23:59Z
2026-08-27,,522.94,KRK,VLC,2026-08-20,Kraków,Polska,Valencia,Hiszpania,ryanair,522.94,PLN,1.000000,price,,,KRK-VLC,2026-08-20T11:32:54Z,2026-08-20T12:23:59Z
2026-08-29,,519.00,KRK,VLC,2026-08-20,Kraków,Polska,Valencia,Hiszpania,wizzair,519.0,PLN,1.000000,price,J,False,KRK-VLC,2026-08-20T11:32:53Z,2026-08-20T12:23:59Z
2026-08-30,,519.00,KRK,VLC,2026-08-20,Kraków,Polska,Valencia,Hiszpania,wizzair,519.0,PLN,1.000000,price,J,False,KRK-VLC,2026-08-20T11:32:53Z,2026-08-20T12:23:59Z
2026-08-31,,570.49,KRK,VLC,2026-08-20,Kraków,Polska,Valencia,Hiszpania,ryanair,570.49,PLN,1.000000,price,,,KRK-VLC,2026-08-20T11:32:54Z,2026-08-20T12:23:59Z
2026-08-30,,159.00,KRK,VNO,2026-08-20,Kraków,Polska,Wilno,Litwa,wizzair,159.0,PLN,1.000000,price,OP,False,KRK-VNO,2026-08-20T11:32:53Z,2026-08-20T12:23:59Z
2026-08-31,,179.00,KRK,VNO,2026-08-20,Kraków,Polska,Wilno,Litwa,wizzair,179.0,PLN,1.000000,price,O,False,KRK-VNO,2026-08-20T11:32:53Z,2026-08-20T12:23:59Z
2026-08-20,,898.97,KRK,ZAD,2026-08-20,Kraków,Polska,Zadar,Chorwacja,ryanair,898.97,PLN,1.000000,price,,,KRK-ZAD,2026-08-20T11:32:54Z,2026-08-20T12:23:59Z
2026-08-21,,812.53,KRK,ZAD,2026-08-20,Kraków,Polska,Zadar,Chorwacja,ryanair,812.53,PLN,1.000000,price,,,KRK-ZAD,2026-08-20T11:32:54Z,2026-08-20T12:23:59Z
2026-08-22,,1361.45,KRK,ZAD,2026-08-20,Kraków,Polska,Zadar,Chorwacja,ryanair,1361.45,PLN,1.000000,price,,,KRK-ZAD,2026-08-20T11:32:54Z,2026-08-20T12:23:59Z
2026-08-24,,447.17,KRK,ZAD,2026-08-20,Kraków,Polska,Zadar,Chorwacja,ryanair,447.17,PLN,1.000000,price,,,KRK-ZAD,2026-08-20T11:32:54Z,2026-08-20T12:23:59Z
2026-08-25,,422.30,KRK,ZAD,2026-08-20,Kraków,Polska,Zadar,Chorwacja,ryanair,422.3,PLN,1.000000,price,,,KRK-ZAD,2026-08-20T11:32:54Z,2026-08-20T12:23:59Z
2026-08-26,,271.46,KRK,ZAD,2026-08-20,Kraków,Polska,Zadar,Chorwacja,ryanair,271.46,PLN,1.000000,price,,,KRK-ZAD,2026-08-20T11:32:54Z,2026-08-20T12:23:59Z
2026-08-27,,301.63,KRK,ZAD,2026-08-20,Kraków,Polska,Zadar,Chorwacja,ryanair,301.63,PLN,1.000000,price,,,KRK-ZAD,2026-08-20T11:32:54Z,2026-08-20T12:23:59Z
2026-08-28,,344.72,KRK,ZAD,2026-08-20,Kraków,Polska,Zadar,Chorwacja,ryanair,344.72,PLN,1.000000,price,,,KRK-ZAD,2026-08-20T11:32:54Z,2026-08-20T12:23:59Z
2026-08-29,,379.20,KRK,ZAD,2026-08-20,Kraków,Polska,Zadar,Chorwacja,ryanair,379.2,PLN,1.000000,price,,,KRK-ZAD,2026-08-20T11:32:54Z,2026-08-20T12:23:59Z
2026-08-30,,181.49,KRK,ZAD,2026-08-20,Kraków,Polska,Zadar,Chorwacja,ryanair,181.49,PLN,1.000000,price,,,KRK-ZAD,2026-08-20T11:32:54Z,2026-08-20T12:23:59Z
2026-08-31,,190.13,KRK,ZAD,2026-08-20,Kraków,Polska,Zadar,Chorwacja,ryanair,190.13,PLN,1.000000,price,,,KRK-ZAD,2026-08-20T11:32:54Z,2026-08-20T12:23:59Z
2026-08-22,,186.71,KTW,AAR,2026-08-20,Katowice,Polska,Aarhus,Dania,ryanair,186.71,PLN,1.000000,price,,,KTW-AAR,2026-08-20T11:32:54Z,2026-08-20T12:23:59Z
2026-08-25,,96.38,KTW,AAR,2026-08-20,Katowice,Polska,Aarhus,Dania,ryanair,96.38,PLN,1.000000,price,,,KTW-AAR,2026-08-20T11:32:54Z,2026-08-20T12:23:59Z
2026-08-29,,97.33,KTW,AAR,2026-08-20,Katowice,Polska,Aarhus,Dania,ryanair,97.33,PLN,1.000000,price,,,KTW-AAR,2026-08-20T11:32:54Z,2026-08-20T12:23:59Z
2026-08-21,,329.73,KTW,AGP,2026-08-20,Katowice,Polska,Malaga,Hiszpania,ryanair,329.73,PLN,1.000000,price,,,KTW-AGP,2026-08-20T11:32:54Z,2026-08-20T12:23:59Z
2026-08-24,,429.46,KTW,AGP,2026-08-20,Katowice,Polska,Malaga,Hiszpania,ryanair,429.46,PLN,1.000000,price,,,KTW-AGP,2026-08-20T11:32:54Z,2026-08-20T12:23:59Z
2026-08-28,,240.66,KTW,AGP,2026-08-20,Katowice,Polska,Malaga,Hiszpania,ryanair,240.66,PLN,1.000000,price,,,KTW-AGP,2026-08-20T11:32:54Z,2026-08-20T12:23:59Z
2026-08-29,,449.00,KTW,AGP,2026-08-20,Katowice,Polska,Malaga,Hiszpania,wizzair,449.0,PLN,1.000000,price,JK,False,KTW-AGP,2026-08-20T11:32:53Z,2026-08-20T12:23:59Z
2026-08-30,,409.00,KTW,AGP,2026-08-20,Katowice,Polska,Malaga,Hiszpania,wizzair,409.0,PLN,1.000000,price,L,True,KTW-AGP,2026-08-20T11:32:53Z,2026-08-20T12:23:59Z
2026-08-31,,324.55,KTW,AGP,2026-08-20,Katowice,Polska,Malaga,Hiszpania,ryanair,324.55,PLN,1.000000,price,,,KTW-AGP,2026-08-20T11:32:54Z,2026-08-20T12:23:59Z
2026-08-20,,1321.61,KTW,AHO,2026-08-20,Katowice,Polska,Alghero,Włochy,ryanair,1321.61,PLN,1.000000,price,,,KTW-AHO,2026-08-20T11:32:54Z,2026-08-20T12:23:59Z
2026-08-23,,1385.15,KTW,AHO,2026-08-20,Katowice,Polska,Alghero,Włochy,ryanair,1385.15,PLN,1.000000,price,,,KTW-AHO,2026-08-20T11:32:54Z,2026-08-20T12:23:59Z
2026-08-24,,746.54,KTW,AHO,2026-08-20,Katowice,Polska,Alghero,Włochy,ryanair,746.54,PLN,1.000000,price,,,KTW-AHO,2026-08-20T11:32:54Z,2026-08-20T12:23:59Z
2026-08-26,,234.32,KTW,AHO,2026-08-20,Katowice,Polska,Alghero,Włochy,ryanair,234.32,PLN,1.000000,price,,,KTW-AHO,2026-08-20T11:32:54Z,2026-08-20T12:23:59Z
2026-08-27,,166.32,KTW,AHO,2026-08-20,Katowice,Polska,Alghero,Włochy,ryanair,166.32,PLN,1.000000,price,,,KTW-AHO,2026-08-20T11:32:54Z,2026-08-20T12:23:59Z
2026-08-28,,186.92,KTW,AHO,2026-08-20,Katowice,Polska,Alghero,Włochy,ryanair,186.92,PLN,1.000000,price,,,KTW-AHO,2026-08-20T11:32:54Z,2026-08-20T12:23:59Z
2026-08-30,,283.06,KTW,AHO,2026-08-20,Katowice,Polska,Alghero,Włochy,ryanair,283.06,PLN,1.000000,price,,,KTW-AHO,2026-08-20T11:32:54Z,2026-08-20T12:23:59Z
2026-08-31,,373.09,KTW,AHO,2026-08-20,Katowice,Polska,Alghero,Włochy,ryanair,373.09,PLN,1.000000,price,,,KTW-AHO,2026-08-20T11:32:54Z,2026-08-20T12:23:59Z
2026-08-21,,1676.57,KTW,ALC,2026-08-20,Katowice,Polska,Alicante,Hiszpania,ryanair,1676.57,PLN,1.000000,price,,,KTW-ALC,2026-08-20T11:32:54Z,2026-08-20T12:23:59Z
2026-08-24,,750.86,KTW,ALC,2026-08-20,Katowice,Polska,Alicante,Hiszpania,ryanair,750.86,PLN,1.000000,price,,,KTW-ALC,2026-08-20T11:32:54Z,2026-08-20T12:23:59Z
2026-08-25,,968.97,KTW,ALC,2026-08-20,Katowice,Polska,Alicante,Hiszpania,ryanair,968.97,PLN,1.000000,price,,,KTW-ALC,2026-08-20T11:32:54Z,2026-08-20T12:23:59Z
2026-08-26,,718.93,KTW,ALC,2026-08-20,Katowice,Polska,Alicante,Hiszpania,ryanair,718.93,PLN,1.000000,price,,,KTW-ALC,2026-08-20T11:32:54Z,2026-08-20T12:23:59Z
2026-08-27,,514.26,KTW,ALC,2026-08-20,Katowice,Polska,Alicante,Hiszpania,ryanair,514.26,PLN,1.000000,price,,,KTW-ALC,2026-08-20T11:32:54Z,2026-08-20T12:23:59Z
2026-08-28,,416.11,KTW,ALC,2026-08-20,Katowice,Polska,Alicante,Hiszpania,ryanair,416.11,PLN,1.000000,price,,,KTW-ALC,2026-08-20T11:32:54Z,2026-08-20T12:23:59Z
2026-08-30,,449.00,KTW,ALC,2026-08-20,Katowice,Polska,Alicante,Hiszpania,wizzair,449.0,PLN,1.000000,price,IJ,False,KTW-ALC,2026-08-20T11:32:53Z,2026-08-20T12:23:59Z
2026-08-31,,359.00,KTW,ALC,2026-08-20,Katowice,Polska,Alicante,Hiszpania,wizzair,359.0,PLN,1.000000,price,JK,False,KTW-ALC,2026-08-20T11:32:53Z,2026-08-20T12:23:59Z
2026-08-21,,861.44,KTW,ATH,2026-08-20,Katowice,Polska,Ateny,Grecja,ryanair,861.44,PLN,1.000000,price,,,KTW-ATH,2026-08-20T11:32:54Z,2026-08-20T12:23:59Z
2026-08-22,,514.00,KTW,ATH,2026-08-20,Katowice,Polska,Ateny,Grecja,ryanair,514.0,PLN,1.000000,price,,,KTW-ATH,2026-08-20T11:32:54Z,2026-08-20T12:23:59Z
2026-08-24,,241.29,KTW,ATH,2026-08-20,Katowice,Polska,Ateny,Grecja,ryanair,241.29,PLN,1.000000,price,,,KTW-ATH,2026-08-20T11:32:54Z,2026-08-20T12:23:59Z
2026-08-25,,478.20,KTW,ATH,2026-08-20,Katowice,Polska,Ateny,Grecja,ryanair,478.2,PLN,1.000000,price,,,KTW-ATH,2026-08-20T11:32:54Z,2026-08-20T12:23:59Z
2026-08-28,,293.01,KTW,ATH,2026-08-20,Katowice,Polska,Ateny,Grecja,ryanair,293.01,PLN,1.000000,price,,,KTW-ATH,2026-08-20T11:32:54Z,2026-08-20T12:23:59Z
2026-08-29,,380.31,KTW,ATH,2026-08-20,Katowice,Polska,Ateny,Grecja,ryanair,380.31,PLN,1.000000,price,,,KTW-ATH,2026-08-20T11:32:54Z,2026-08-20T12:23:59Z
2026-08-30,,299.00,KTW,ATH,2026-08-20,Katowice,Polska,Ateny,Grecja,wizzair,299.0,PLN,1.000000,price,JK,False,KTW-ATH,2026-08-20T11:32:53Z,2026-08-20T12:23:59Z
2026-08-31,,306.83,KTW,ATH,2026-08-20,Katowice,Polska,Ateny,Grecja,ryanair,306.83,PLN,1.000000,price,,,KTW-ATH,2026-08-20T11:32:54Z,2026-08-20T12:23:59Z
2026-08-29,,679.00,KTW,BCN,2026-08-20,Katowice,Polska,Barcelona,Hiszpania,wizzair,679.0,PLN,1.000000,price,HI,True,KTW-BCN,2026-08-20T11:32:53Z,2026-08-20T12:23:59Z
2026-08-30,,679.00,KTW,BCN,2026-08-20,Katowice,Polska,Barcelona,Hiszpania,wizzair,679.0,PLN,1.000000,price,HI,True,KTW-BCN,2026-08-20T11:32:53Z,2026-08-20T12:23:59Z
2026-08-31,,519.00,KTW,BCN,2026-08-20,Katowice,Polska,Barcelona,Hiszpania,wizzair,519.0,PLN,1.000000,price,J,True,KTW-BCN,2026-08-20T11:32:53Z,2026-08-20T12:23:59Z
2026-08-30,,129.00,KTW,BDS,2026-08-20,Katowice,Polska,Brindisi,Włochy,wizzair,129.0,PLN,1.000000,price,OP,False,KTW-BDS,2026-08-20T11:32:53Z,2026-08-20T12:23:59Z
2026-08-20,,850.00,KTW,BGY,2026-08-20,Katowice,Polska,Mediolan,Włochy,ryanair,850.0,PLN,1.000000,price,,,KTW-BGY,2026-08-20T11:32:54Z,2026-08-20T12:23:59Z
2026-08-21,,717.65,KTW,BGY,2026-08-20,Katowice,Polska,Mediolan,Włochy,ryanair,717.65,PLN,1.000000,price,,,KTW-BGY,2026-08-20T11:32:54Z,2026-08-20T12:23:59Z
2026-08-22,,1211.87,KTW,BGY,2026-08-20,Katowice,Polska,Mediolan,Włochy,ryanair,1211.87,PLN,1.000000,price,,,KTW-BGY,2026-08-20T11:32:54Z,2026-08-20T12:23:59Z
2026-08-23,,1211.87,KTW,BGY,2026-08-20,Katowice,Polska,Mediolan,Włochy,ryanair,1211.87,PLN,1.000000,price,,,KTW-BGY,2026-08-20T11:32:54Z,2026-08-20T12:23:59Z
2026-08-24,,962.20,KTW,BGY,2026-08-20,Katowice,Polska,Mediolan,Włochy,ryanair,962.2,PLN,1.000000,price,,,KTW-BGY,2026-08-20T11:32:54Z,2026-08-20T12:23:59Z
2026-08-25,,264.40,KTW,BGY,2026-08-20,Katowice,Polska,Mediolan,Włochy,ryanair,264.4,PLN,1.000000,price,,,KTW-BGY,2026-08-20T11:32:54Z,2026-08-20T12:23:59Z
2026-08-26,,356.68,KTW,BGY,2026-08-20,Katowice,Polska,Mediolan,Włochy,ryanair,356.68,PLN,1.000000,price,,,KTW-BGY,2026-08-20T11:32:54Z,2026-08-20T12:23:59Z
2026-08-27,,261.65,KTW,BGY,2026-08-20,Katowice,Polska,Mediolan,Włochy,ryanair,261.65,PLN,1.000000,price,,,KTW-BGY,2026-08-20T11:32:54Z,2026-08-20T12:23:59Z
2026-08-28,,140.95,KTW,BGY,2026-08-20,Katowice,Polska,Mediolan,Włochy,ryanair,140.95,PLN,1.000000,price,,,KTW-BGY,2026-08-20T11:32:54Z,2026-08-20T12:23:59Z
2026-08-29,,145.32,KTW,BGY,2026-08-20,Katowice,Polska,Mediolan,Włochy,ryanair,145.32,PLN,1.000000,price,,,KTW-BGY,2026-08-20T11:32:54Z,2026-08-20T12:23:59Z
2026-08-30,,264.40,KTW,BGY,2026-08-20,Katowice,Polska,Mediolan,Włochy,ryanair,264.4,PLN,1.000000,price,,,KTW-BGY,2026-08-20T11:32:54Z,2026-08-20T12:23:59Z
2026-08-31,,264.40,KTW,BGY,2026-08-20,Katowice,Polska,Mediolan,Włochy,ryanair,264.4,PLN,1.000000,price,,,KTW-BGY,2026-08-20T11:32:54Z,2026-08-20T12:23:59Z
2026-08-31,,109.00,KTW,BLL,2026-08-20,Katowice,Polska,Billund,Dania,wizzair,109.0,PLN,1.000000,price,PR,False,KTW-BLL,2026-08-20T11:32:53Z,2026-08-20T12:23:59Z
2026-08-29,,159.00,KTW,BOJ,2026-08-20,Katowice,Polska,Burgas,Bułagria,wizzair,159.0,PLN,1.000000,price,PR,False,KTW-BOJ,2026-08-20T11:32:53Z,2026-08-20T12:23:59Z
2026-08-30,,179.00,KTW,BOJ,2026-08-20,Katowice,Polska,Burgas,Bułagria,wizzair,179.0,PLN,1.000000,price,P,False,KTW-BOJ,2026-08-20T11:32:53Z,2026-08-20T12:23:59Z
2026-08-31,,269.00,KTW,BOJ,2026-08-20,Katowice,Polska,Burgas,Bułagria,wizzair,269.0,PLN,1.000000,price,B,False,KTW-BOJ,2026-08-20T11:32:53Z,2026-08-20T12:23:59Z
2026-08-21,,873.04,KTW,BRI,2026-08-20,Katowice,Polska,Bari,Włochy,ryanair,873.04,PLN,1.000000,price,,,KTW-BRI,2026-08-20T11:32:54Z,2026-08-20T12:23:59Z
2026-08-23,,573.13,KTW,BRI,2026-08-20,Katowice,Polska,Bari,Włochy,ryanair,573.13,PLN,1.000000,price,,,KTW-BRI,2026-08-20T11:32:54Z,2026-08-20T12:23:59Z
2026-08-24,,432.18,KTW,BRI,2026-08-20,Katowice,Polska,Bari,Włochy,ryanair,432.18,PLN,1.000000,price,,,KTW-BRI,2026-08-20T11:32:54Z,2026-08-20T12:23:59Z
2026-08-25,,393.28,KTW,BRI,2026-08-20,Katowice,Polska,Bari,Włochy,ryanair,393.28,PLN,1.000000,price,,,KTW-BRI,2026-08-20T11:32:54Z,2026-08-20T12:23:59Z
2026-08-26,,370.58,KTW,BRI,2026-08-20,Katowice,Polska,Bari,Włochy,ryanair,370.58,PLN,1.000000,price,,,KTW-BRI,2026-08-20T11:32:54Z,2026-08-20T12:23:59Z
2026-08-28,,451.03,KTW,BRI,2026-08-20,Katowice,Polska,Bari,Włochy,ryanair,451.03,PLN,1.000000,price,,,KTW-BRI,2026-08-20T11:32:54Z,2026-08-20T12:23:59Z
2026-08-30,,499.25,KTW,BRI,2026-08-20,Katowice,Polska,Bari,Włochy,ryanair,499.25,PLN,1.000000,price,,,KTW-BRI,2026-08-20T11:32:54Z,2026-08-20T12:23:59Z
2026-08-31,,227.08,KTW,BRI,2026-08-20,Katowice,Polska,Bari,Włochy,ryanair,227.08,PLN,1.000000,price,,,KTW-BRI,2026-08-20T11:32:54Z,2026-08-20T12:23:59Z
2026-08-21,,716.83,KTW,BUD,2026-08-20,Katowice,Polska,Budapeszt,Węgry,ryanair,716.83,PLN,1.000000,price,,,KTW-BUD,2026-08-20T11:32:54Z,2026-08-20T12:23:59Z
2026-08-24,,1060.11,KTW,BUD,2026-08-20,Katowice,Polska,Budapeszt,Węgry,ryanair,1060.11,PLN,1.000000,price,,,KTW-BUD,2026-08-20T11:32:54Z,2026-08-20T12:23:59Z
2026-08-28,,263.67,KTW,BUD,2026-08-20,Katowice,Polska,Budapeszt,Węgry,ryanair,263.67,PLN,1.000000,price,,,KTW-BUD,2026-08-20T11:32:54Z,2026-08-20T12:23:59Z
2026-08-31,,74.73,KTW,BUD,2026-08-20,Katowice,Polska,Budapeszt,Węgry,ryanair,74.73,PLN,1.000000,price,,,KTW-BUD,2026-08-20T11:32:54Z,2026-08-20T12:23:59Z
2026-08-31,,299.00,KTW,CFU,2026-08-20,Katowice,Polska,Korfu,Grecja,wizzair,299.0,PLN,1.000000,price,LB,False,KTW-CFU,2026-08-20T11:32:53Z,2026-08-20T12:23:59Z
2026-08-30,,89.00,KTW,CIY,2026-08-20,Katowice,Polska,Comiso (Sycylia),Włochy,wizzair,89.0,PLN,1.000000,price,S,False,KTW-CIY,2026-08-20T11:32:53Z,2026-08-20T12:23:59Z
2026-08-23,,1351.00,KTW,CRL,2026-08-20,Katowice,Polska,Charleroi,Belgia,ryanair,1351.0,PLN,1.000000,price,,,KTW-CRL,2026-08-20T11:32:54Z,2026-08-20T12:23:59Z
2026-08-27,,961.51,KTW,CRL,2026-08-20,Katowice,Polska,Charleroi,Belgia,ryanair,961.51,PLN,1.000000,price,,,KTW-CRL,2026-08-20T11:32:54Z,2026-08-20T12:23:59Z
2026-08-30,,867.32,KTW,CRL,2026-08-20,Katowice,Polska,Charleroi,Belgia,ryanair,867.32,PLN,1.000000,price,,,KTW-CRL,2026-08-20T11:32:54Z,2026-08-20T12:23:59Z
2026-08-21,,509.98,KTW,CTA,2026-08-20,Katowice,Polska,Katania,Włochy,ryanair,509.98,PLN,1.000000,price,,,KTW-CTA,2026-08-20T11:32:54Z,2026-08-20T12:23:59Z
2026-08-22,,411.79,KTW,CTA,2026-08-20,Katowice,Polska,Katania,Włochy,ryanair,411.79,PLN,1.000000,price,,,KTW-CTA,2026-08-20T11:32:54Z,2026-08-20T12:23:59Z
2026-08-23,,245.60,KTW,CTA,2026-08-20,Katowice,Polska,Katania,Włochy,ryanair,245.6,PLN,1.000000,price,,,KTW-CTA,2026-08-20T11:32:54Z,2026-08-20T12:23:59Z
2026-08-24,,310.25,KTW,CTA,2026-08-20,Katowice,Polska,Katania,Włochy,ryanair,310.25,PLN,1.000000,price,,,KTW-CTA,2026-08-20T11:32:54Z,2026-08-20T12:23:59Z
2026-08-25,,234.32,KTW,CTA,2026-08-20,Katowice,Polska,Katania,Włochy,ryanair,234.32,PLN,1.000000,price,,,KTW-CTA,2026-08-20T11:32:54Z,2026-08-20T12:23:59Z
2026-08-27,,298.19,KTW,CTA,2026-08-20,Katowice,Polska,Katania,Włochy,ryanair,298.19,PLN,1.000000,price,,,KTW-CTA,2026-08-20T11:32:54Z,2026-08-20T12:23:59Z
2026-08-28,,230.00,KTW,CTA,2026-08-20,Katowice,Polska,Katania,Włochy,ryanair,230.0,PLN,1.000000,price,,,KTW-CTA,2026-08-20T11:32:54Z,2026-08-20T12:23:59Z
2026-08-29,,177.17,KTW,CTA,2026-08-20,Katowice,Polska,Katania,Włochy,ryanair,177.17,PLN,1.000000,price,,,KTW-CTA,2026-08-20T11:32:54Z,2026-08-20T12:23:59Z
2026-08-30,,233.36,KTW,CTA,2026-08-20,Katowice,Polska,Katania,Włochy,ryanair,233.36,PLN,1.000000,price,,,KTW-CTA,2026-08-20T11:32:54Z,2026-08-20T12:23:59Z
2026-08-31,,164.20,KTW,CTA,2026-08-20,Katowice,Polska,Katania,Włochy,ryanair,164.2,PLN,1.000000,price,,,KTW-CTA,2026-08-20T11:32:54Z,2026-08-20T12:23:59Z
2026-08-21,,756.34,KTW,DBV,2026-08-20,Katowice,Polska,Dubrovnik,Chorwacja,ryanair,756.34,PLN,1.000000,price,,,KTW-DBV,2026-08-20T11:32:54Z,2026-08-20T12:23:59Z
2026-08-23,,86.15,KTW,DBV,2026-08-20,Katowice,Polska,Dubrovnik,Chorwacja,ryanair,86.15,PLN,1.000000,price,,,KTW-DBV,2026-08-20T11:32:54Z,2026-08-20T12:23:59Z
2026-08-24,,226.46,KTW,DBV,2026-08-20,Katowice,Polska,Dubrovnik,Chorwacja,ryanair,226.46,PLN,1.000000,price,,,KTW-DBV,2026-08-20T11:32:54Z,2026-08-20T12:23:59Z
2026-08-25,,149.32,KTW,DBV,2026-08-20,Katowice,Polska,Dubrovnik,Chorwacja,ryanair,149.32,PLN,1.000000,price,,,KTW-DBV,2026-08-20T11:32:54Z,2026-08-20T12:23:59Z
2026-08-28,,380.31,KTW,DBV,2026-08-20,Katowice,Polska,Dubrovnik,Chorwacja,ryanair,380.31,PLN,1.000000,price,,,KTW-DBV,2026-08-20T11:32:54Z,2026-08-20T12:23:59Z
2026-08-30,,133.94,KTW,DBV,2026-08-20,Katowice,Polska,Dubrovnik,Chorwacja,ryanair,133.94,PLN,1.000000,price,,,KTW-DBV,2026-08-20T11:32:54Z,2026-08-20T12:23:59Z
2026-08-31,,95.00,KTW,DBV,2026-08-20,Katowice,Polska,Dubrovnik,Chorwacja,ryanair,95.0,PLN,1.000000,price,,,KTW-DBV,2026-08-20T11:32:54Z,2026-08-20T12:23:59Z
2026-08-29,,449.00,KTW,DTM,2026-08-20,Katowice,Polska,Dortmund,Niemcy,wizzair,449.0,PLN,1.000000,price,HI,False,KTW-DTM,2026-08-20T11:32:53Z,2026-08-20T12:23:59Z
2026-08-30,,449.00,KTW,DTM,2026-08-20,Katowice,Polska,Dortmund,Niemcy,wizzair,449.0,PLN,1.000000,price,HI,False,KTW-DTM,2026-08-20T11:32:53Z,2026-08-20T12:23:59Z
2026-08-31,,449.00,KTW,DTM,2026-08-20,Katowice,Polska,Dortmund,Niemcy,wizzair,449.0,PLN,1.000000,price,HI,False,KTW-DTM,2026-08-20T11:32:53Z,2026-08-20T12:23:59Z
2026-08-27,,1552.19,KTW,DUB,2026-08-20,Katowice,Polska,Dublin,Irlandia,ryanair,1552.19,PLN,1.000000,price,,,KTW-DUB,2026-08-20T11:32:54Z,2026-08-20T12:23:59Z
2026-08-29,,916.26,KTW,DUB,2026-08-20,Katowice,Polska,Dublin,Irlandia,ryanair,916.26,PLN,1.000000,price,,,KTW-DUB,2026-08-20T11:32:54Z,2026-08-20T12:23:59Z
2026-08-30,,1063.22,KTW,DUB,2026-08-20,Katowice,Polska,Dublin,Irlandia,ryanair,1063.22,PLN,1.000000,price,,,KTW-DUB,2026-08-20T11:32:54Z,2026-08-20T12:23:59Z
2026-08-31,,319.00,KTW,FAO,2026-08-20,Katowice,Polska,Faro,Portugalia,wizzair,319.0,PLN,1.000000,price,L,False,KTW-FAO,2026-08-20T11:32:53Z,2026-08-20T12:23:59Z
2026-08-23,,658.94,KTW,FCO,2026-08-20,Katowice,Polska,Rzym,Włochy,ryanair,658.94,PLN,1.000000,price,,,KTW-FCO,2026-08-20T11:32:54Z,2026-08-20T12:23:59Z
2026-08-25,,544.67,KTW,FCO,2026-08-20,Katowice,Polska,Rzym,Włochy,ryanair,544.67,PLN,1.000000,price,,,KTW-FCO,2026-08-20T11:32:54Z,2026-08-20T12:23:59Z
2026-08-27,,460.53,KTW,FCO,2026-08-20,Katowice,Polska,Rzym,Włochy,ryanair,460.53,PLN,1.000000,price,,,KTW-FCO,2026-08-20T11:32:54Z,2026-08-20T12:23:59Z
2026-08-29,,409.00,KTW,FCO,2026-08-20,Katowice,Polska,Rzym,Włochy,wizzair,409.0,PLN,1.000000,price,J,True,KTW-FCO,2026-08-20T11:32:53Z,2026-08-20T12:23:59Z
2026-08-30,,359.00,KTW,FCO,2026-08-20,Katowice,Polska,Rzym,Włochy,wizzair,359.0,PLN,1.000000,price,JK,True,KTW-FCO,2026-08-20T11:32:53Z,2026-08-20T12:23:59Z
2026-08-31,,249.00,KTW,FCO,2026-08-20,Katowice,Polska,Rzym,Włochy,wizzair,249.0,PLN,1.000000,price,LB,True,KTW-FCO,2026-08-20T11:32:53Z,2026-08-20T12:23:59Z
2026-08-30,,589.00,KTW,FNC,2026-08-20,Katowice,Polska,Madera,Portugalia,wizzair,589.0,PLN,1.000000,price,J,False,KTW-FNC,2026-08-20T11:32:53Z,2026-08-20T12:23:59Z
2026-08-29,,109.00,KTW,GHV,2026-08-20,Katowice,Polska,Braszow,Rumunia,wizzair,109.0,PLN,1.000000,price,R,False,KTW-GHV,2026-08-20T11:32:53Z,2026-08-20T12:23:59Z
2026-08-29,,589.00,KTW,KEF,2026-08-20,Katowice,Polska,Reykjavik,Islandia,wizzair,589.0,PLN,1.000000,price,J,False,KTW-KEF,2026-08-20T11:32:53Z,2026-08-20T12:23:59Z
2026-08-30,,409.00,KTW,KEF,2026-08-20,Katowice,Polska,Reykjavik,Islandia,wizzair,409.0,PLN,1.000000,price,L,False,KTW-KEF,2026-08-20T11:32:53Z,2026-08-20T12:23:59Z
2026-08-29,,609.00,KTW,KUT,2026-08-20,Katowice,Polska,Kutaisi,Gruzja,wizzair,609.0,PLN,1.000000,price,I,False,KTW-KUT,2026-08-20T11:32:53Z,2026-08-20T12:23:59Z
2026-08-31,,449.00,KTW,KUT,2026-08-20,Katowice,Polska,Kutaisi,Gruzja,wizzair,449.0,PLN,1.000000,price,JK,False,KTW-KUT,2026-08-20T11:32:53Z,2026-08-20T12:23:59Z
2026-08-30,,609.00,KTW,LCA,2026-08-20,Katowice,Polska,Larnaka,Cypr,wizzair,609.0,PLN,1.000000,price,I,True,KTW-LCA,2026-08-20T11:32:53Z,2026-08-20T12:23:59Z
2026-08-31,,449.00,KTW,LCA,2026-08-20,Katowice,Polska,Larnaka,Cypr,wizzair,449.0,PLN,1.000000,price,JK,True,KTW-LCA,2026-08-20T11:32:53Z,2026-08-20T12:23:59Z
2026-08-29,,1269.00,KTW,LTN,2026-08-20,Katowice,Polska,Londyn,Wielka Brytania,wizzair,1269.0,PLN,1.000000,price,DC,False,KTW-LTN,2026-08-20T11:32:53Z,2026-08-20T12:23:59Z
2026-08-30,,1079.00,KTW,LTN,2026-08-20,Katowice,Polska,Londyn,Wielka Brytania,wizzair,1079.0,PLN,1.000000,price,ED,False,KTW-LTN,2026-08-20T11:32:53Z,2026-08-20T12:23:59Z
2026-08-31,,1199.00,KTW,LTN,2026-08-20,Katowice,Polska,Londyn,Wielka Brytania,wizzair,1199.0,PLN,1.000000,price,D,False,KTW-LTN,2026-08-20T11:32:53Z,2026-08-20T12:23:59Z
2026-08-31,,519.00,KTW,MAD,2026-08-20,Katowice,Polska,Madryt,Hiszpania,wizzair,519.0,PLN,1.000000,price,J,False,KTW-MAD,2026-08-20T11:32:53Z,2026-08-20T12:23:59Z
2026-08-25,,1473.83,KTW,MAN,2026-08-20,Katowice,Polska,Manchester,Wielka Brytania,ryanair,1473.83,PLN,1.000000,price,,,KTW-MAN,2026-08-20T11:32:54Z,2026-08-20T12:23:59Z
2026-08-26,,1227.46,KTW,MAN,2026-08-20,Katowice,Polska,Manchester,Wielka Brytania,ryanair,1227.46,PLN,1.000000,price,,,KTW-MAN,2026-08-20T11:32:54Z,2026-08-20T12:23:59Z
2026-08-30,,976.77,KTW,MAN,2026-08-20,Katowice,Polska,Manchester,Wielka Brytania,ryanair,976.77,PLN,1.000000,price,,,KTW-MAN,2026-08-20T11:32:54Z,2026-08-20T12:23:59Z
2026-08-23,,635.61,KTW,MLA,2026-08-20,Katowice,Polska,Valletta,Malta,ryanair,635.61,PLN,1.000000,price,,,KTW-MLA,2026-08-20T11:32:54Z,2026-08-20T12:23:59Z
2026-08-25,,139.00,KTW,MLA,2026-08-20,Katowice,Polska,Valletta,Malta,ryanair,139.0,PLN,1.000000,price,,,KTW-MLA,2026-08-20T11:32:54Z,2026-08-20T12:23:59Z
2026-08-26,,157.32,KTW,MLA,2026-08-20,Katowice,Polska,Valletta,Malta,ryanair,157.32,PLN,1.000000,price,,,KTW-MLA,2026-08-20T11:32:54Z,2026-08-20T12:23:59Z
2026-08-27,,319.80,KTW,MLA,2026-08-20,Katowice,Polska,Valletta,Malta,ryanair,319.8,PLN,1.000000,price,,,KTW-MLA,2026-08-20T11:32:54Z,2026-08-20T12:23:59Z
2026-08-29,,519.00,KTW,MLA,2026-08-20,Katowice,Polska,Valletta,Malta,wizzair,519.0,PLN,1.000000,price,J,False,KTW-MLA,2026-08-20T11:32:53Z,2026-08-20T12:23:59Z
2026-08-30,,258.53,KTW,MLA,2026-08-20,Katowice,Polska,Valletta,Malta,ryanair,258.53,PLN,1.000000,price,,,KTW-MLA,2026-08-20T11:32:54Z,2026-08-20T12:23:59Z
2026-08-31,,249.00,KTW,MLA,2026-08-20,Katowice,Polska,Valletta,Malta,wizzair,249.0,PLN,1.000000,price,BO,False,KTW-MLA,2026-08-20T11:32:53Z,2026-08-20T12:23:59Z
2026-08-31,,359.00,KTW,MST,2026-08-20,Katowice,Polska,Maastricht,Holandia,wizzair,359.0,PLN,1.000000,price,JK,False,KTW-MST,2026-08-20T11:32:53Z,2026-08-20T12:23:59Z
2026-08-30,,609.00,KTW,NAP,2026-08-20,Katowice,Polska,Neapol,Włochy,wizzair,609.0,PLN,1.000000,price,I,False,KTW-NAP,2026-08-20T11:32:53Z,2026-08-20T12:23:59Z
2026-08-31,,449.00,KTW,NAP,2026-08-20,Katowice,Polska,Neapol,Włochy,wizzair,449.0,PLN,1.000000,price,JK,False,KTW-NAP,2026-08-20T11:32:53Z,2026-08-20T12:23:59Z
2026-08-29,,209.00,KTW,OHD,2026-08-20,Katowice,Polska,Ochryda,Macedonia Północna,wizzair,209.0,PLN,1.000000,price,LB,False,KTW-OHD,2026-08-20T11:32:53Z,2026-08-20T12:23:59Z
2026-08-30,,519.00,KTW,OPO,2026-08-20,Katowice,Polska,Porto,Portugalia,wizzair,519.0,PLN,1.000000,price,I,False,KTW-OPO,2026-08-20T11:32:53Z,2026-08-20T12:23:59Z
2026-08-22,,683.07,KTW,OSL,2026-08-20,Katowice,Polska,Oslo,Norwegia,ryanair,683.07,PLN,1.000000,price,,,KTW-OSL,2026-08-20T11:32:54Z,2026-08-20T12:23:59Z
2026-08-24,,600.19,KTW,OSL,2026-08-20,Katowice,Polska,Oslo,Norwegia,ryanair,600.19,PLN,1.000000,price,,,KTW-OSL,2026-08-20T11:32:54Z,2026-08-20T12:23:59Z
2026-08-26,,135.28,KTW,OSL,2026-08-20,Katowice,Polska,Oslo,Norwegia,ryanair,135.28,PLN,1.000000,price,,,KTW-OSL,2026-08-20T11:32:54Z,2026-08-20T12:23:59Z
2026-08-29,,95.00,KTW,OSL,2026-08-20,Katowice,Polska,Oslo,Norwegia,ryanair,95.0,PLN,1.000000,price,,,KTW-OSL,2026-08-20T11:32:54Z,2026-08-20T12:23:59Z
2026-08-31,,95.00,KTW,OSL,2026-08-20,Katowice,Polska,Oslo,Norwegia,ryanair,95.0,PLN,1.000000,price,,,KTW-OSL,2026-08-20T11:32:54Z,2026-08-20T12:23:59Z
2026-08-22,,851.43,KTW,PFO,2026-08-20,Katowice,Polska,Pafos,Cypr,ryanair,851.43,PLN,1.000000,price,,,KTW-PFO,2026-08-20T11:32:54Z,2026-08-20T12:23:59Z
2026-08-29,,400.75,KTW,PFO,2026-08-20,Katowice,Polska,Pafos,Cypr,ryanair,400.75,PLN,1.000000,price,,,KTW-PFO,2026-08-20T11:32:54Z,2026-08-20T12:23:59Z
2026-08-20,,1048.30,KTW,PUY,2026-08-20,Katowice,Polska,Pula,Chorwacja,ryanair,1048.3,PLN,1.000000,price,,,KTW-PUY,2026-08-20T11:32:54Z,2026-08-20T12:23:59Z
2026-08-24,,95.00,KTW,PUY,2026-08-20,Katowice,Polska,Pula,Chorwacja,ryanair,95.0,PLN,1.000000,price,,,KTW-PUY,2026-08-20T11:32:54Z,2026-08-20T12:23:59Z
2026-08-26,,95.00,KTW,PUY,2026-08-20,Katowice,Polska,Pula,Chorwacja,ryanair,95.0,PLN,1.000000,price,,,KTW-PUY,2026-08-20T11:32:54Z,2026-08-20T12:23:59Z
2026-08-27,,103.04,KTW,PUY,2026-08-20,Katowice,Polska,Pula,Chorwacja,ryanair,103.04,PLN,1.000000,price,,,KTW-PUY,2026-08-20T11:32:54Z,2026-08-20T12:23:59Z
2026-08-28,,243.19,KTW,PUY,2026-08-20,Katowice,Polska,Pula,Chorwacja,ryanair,243.19,PLN,1.000000,price,,,KTW-PUY,2026-08-20T11:32:54Z,2026-08-20T12:23:59Z
2026-08-31,,97.98,KTW,PUY,2026-08-20,Katowice,Polska,Pula,Chorwacja,ryanair,97.98,PLN,1.000000,price,,,KTW-PUY,2026-08-20T11:32:54Z,2026-08-20T12:23:59Z
2026-08-24,,203.40,KTW,REG,2026-08-20,Katowice,Polska,Reggio Calabria,Włochy,ryanair,203.4,PLN,1.000000,price,,,KTW-REG,2026-08-20T11:32:54Z,2026-08-20T12:23:59Z
2026-08-27,,281.51,KTW,REG,2026-08-20,Katowice,Polska,Reggio Calabria,Włochy,ryanair,281.51,PLN,1.000000,price,,,KTW-REG,2026-08-20T11:32:54Z,2026-08-20T12:23:59Z
2026-08-31,,183.00,KTW,REG,2026-08-20,Katowice,Polska,Reggio Calabria,Włochy,ryanair,183.0,PLN,1.000000,price,,,KTW-REG,2026-08-20T11:32:54Z,2026-08-20T12:23:59Z
2026-08-29,,109.00,KTW,RJK,2026-08-20,Katowice,Polska,Rijeka  Rijeka,Chorwacja,wizzair,109.0,PLN,1.000000,price,R,False,KTW-RJK,2026-08-20T11:32:53Z,2026-08-20T12:23:59Z
2026-08-31,,299.00,KTW,RMI,2026-08-20,Katowice,Polska,Rimini,Włochy,wizzair,299.0,PLN,1.000000,price,KL,False,KTW-RMI,2026-08-20T11:32:53Z,2026-08-20T12:23:59Z
2026-08-29,,409.00,KTW,ROM,2026-08-20,Katowice,Polska,Rzym,Włochy,wizzair,409.0,PLN,1.000000,price,J,True,KTW-ROM,2026-08-20T11:32:53Z,2026-08-20T12:23:59Z
2026-08-30,,359.00,KTW,ROM,2026-08-20,Katowice,Polska,Rzym,Włochy,wizzair,359.0,PLN,1.000000,price,JK,True,KTW-ROM,2026-08-20T11:32:53Z,2026-08-20T12:23:59Z
2026-08-31,,249.00,KTW,ROM,2026-08-20,Katowice,Polska,Rzym,Włochy,wizzair,249.0,PLN,1.000000,price,LB,True,KTW-ROM,2026-08-20T11:32:53Z,2026-08-20T12:23:59Z
2026-08-29,,519.00,KTW,SPU,2026-08-20,Katowice,Polska,Split,Chorwacja,wizzair,519.0,PLN,1.000000,price,J,False,KTW-SPU,2026-08-20T11:32:53Z,2026-08-20T12:23:59Z
2026-08-30,,249.00,KTW,SPU,2026-08-20,Katowice,Polska,Split,Chorwacja,wizzair,249.0,PLN,1.000000,price,BO,False,KTW-SPU,2026-08-20T11:32:53Z,2026-08-20T12:23:59Z
2026-08-31,,209.00,KTW,SPU,2026-08-20,Katowice,Polska,Split,Chorwacja,wizzair,209.0,PLN,1.000000,price,OP,True,KTW-SPU,2026-08-20T11:32:53Z,2026-08-20T12:23:59Z
2026-08-21,,1848.78,KTW,STN,2026-08-20,Katowice,Polska,Londyn,Wielka Brytania,ryanair,1848.78,PLN,1.000000,price,,,KTW-STN,2026-08-20T11:32:54Z,2026-08-20T12:23:59Z
2026-08-22,,1520.60,KTW,STN,2026-08-20,Katowice,Polska,Londyn,Wielka Brytania,ryanair,1520.6,PLN,1.000000,price,,,KTW-STN,2026-08-20T11:32:54Z,2026-08-20T12:23:59Z
2026-08-24,,1603.49,KTW,STN,2026-08-20,Katowice,Polska,Londyn,Wielka Brytania,ryanair,1603.49,PLN,1.000000,price,,,KTW-STN,2026-08-20T11:32:54Z,2026-08-20T12:23:59Z
2026-08-25,,996.04,KTW,STN,2026-08-20,Katowice,Polska,Londyn,Wielka Brytania,ryanair,996.04,PLN,1.000000,price,,,KTW-STN,2026-08-20T11:32:54Z,2026-08-20T12:23:59Z
2026-08-26,,1154.25,KTW,STN,2026-08-20,Katowice,Polska,Londyn,Wielka Brytania,ryanair,1154.25,PLN,1.000000,price,,,KTW-STN,2026-08-20T11:32:54Z,2026-08-20T12:23:59Z
2026-08-27,,1284.22,KTW,STN,2026-08-20,Katowice,Polska,Londyn,Wielka Brytania,ryanair,1284.22,PLN,1.000000,price,,,KTW-STN,2026-08-20T11:32:54Z,2026-08-20T12:23:59Z
2026-08-28,,1185.72,KTW,STN,2026-08-20,Katowice,Polska,Londyn,Wielka Brytania,ryanair,1185.72,PLN,1.000000,price,,,KTW-STN,2026-08-20T11:32:54Z,2026-08-20T12:23:59Z
2026-08-29,,927.32,KTW,STN,2026-08-20,Katowice,Polska,Londyn,Wielka Brytania,ryanair,927.32,PLN,1.000000,price,,,KTW-STN,2026-08-20T11:32:54Z,2026-08-20T12:23:59Z
2026-08-30,,1069.75,KTW,STN,2026-08-20,Katowice,Polska,Londyn,Wielka Brytania,ryanair,1069.75,PLN,1.000000,price,,,KTW-STN,2026-08-20T11:32:54Z,2026-08-20T12:23:59Z
2026-08-31,,1232.92,KTW,STN,2026-08-20,Katowice,Polska,Londyn,Wielka Brytania,ryanair,1232.92,PLN,1.000000,price,,,KTW-STN,2026-08-20T11:32:54Z,2026-08-20T12:23:59Z
2026-08-20,,601.01,KTW,SUF,2026-08-20,Katowice,Polska,Lamezia,Włochy,ryanair,601.01,PLN,1.000000,price,,,KTW-SUF,2026-08-20T11:32:54Z,2026-08-20T12:23:59Z
2026-08-22,,256.15,KTW,SUF,2026-08-20,Katowice,Polska,Lamezia,Włochy,ryanair,256.15,PLN,1.000000,price,,,KTW-SUF,2026-08-20T11:32:54Z,2026-08-20T12:23:59Z
2026-08-25,,189.48,KTW,SUF,2026-08-20,Katowice,Polska,Lamezia,Włochy,ryanair,189.48,PLN,1.000000,price,,,KTW-SUF,2026-08-20T11:32:54Z,2026-08-20T12:23:59Z
2026-08-27,,207.81,KTW,SUF,2026-08-20,Katowice,Polska,Lamezia,Włochy,ryanair,207.81,PLN,1.000000,price,,,KTW-SUF,2026-08-20T11:32:54Z,2026-08-20T12:23:59Z
2026-08-29,,109.00,KTW,SUF,2026-08-20,Katowice,Polska,Lamezia Terme,Włochy,wizzair,109.0,PLN,1.000000,price,P,False,KTW-SUF,2026-08-20T11:32:53Z,2026-08-20T12:23:59Z
2026-08-30,,109.00,KTW,SUF,2026-08-20,Katowice,Polska,Lamezia Terme,Włochy,wizzair,109.0,PLN,1.000000,price,P,False,KTW-SUF,2026-08-20T11:32:53Z,2026-08-20T12:23:59Z
2026-08-29,,209.00,KTW,TGD,2026-08-20,Katowice,Polska,Podgorica,Czarnogóra,wizzair,209.0,PLN,1.000000,price,OP,False,KTW-TGD,2026-08-20T11:32:53Z,2026-08-20T12:23:59Z
2026-08-30,,209.00,KTW,TGD,2026-08-20,Katowice,Polska,Podgorica,Czarnogóra,wizzair,209.0,PLN,1.000000,price,OP,False,KTW-TGD,2026-08-20T11:32:53Z,2026-08-20T12:23:59Z
2026-08-20,,598.13,KTW,TIA,2026-08-20,Katowice,Polska,Tirana,Albania,ryanair,598.13,PLN,1.000000,price,,,KTW-TIA,2026-08-20T11:32:54Z,2026-08-20T12:23:59Z
2026-08-22,,261.76,KTW,TIA,2026-08-20,Katowice,Polska,Tirana,Albania,ryanair,261.76,PLN,1.000000,price,,,KTW-TIA,2026-08-20T11:32:54Z,2026-08-20T12:23:59Z
2026-08-25,,276.32,KTW,TIA,2026-08-20,Katowice,Polska,Tirana,Albania,ryanair,276.32,PLN,1.000000,price,,,KTW-TIA,2026-08-20T11:32:54Z,2026-08-20T12:23:59Z
2026-08-27,,119.00,KTW,TIA,2026-08-20,Katowice,Polska,Tirana,Albania,ryanair,119.0,PLN,1.000000,price,,,KTW-TIA,2026-08-20T11:32:54Z,2026-08-20T12:23:59Z
2026-08-29,,69.00,KTW,TIA,2026-08-20,Katowice,Polska,Tirana,Albania,ryanair,69.0,PLN,1.000000,price,,,KTW-TIA,2026-08-20T11:32:54Z,2026-08-20T12:23:59Z
2026-08-30,,129.00,KTW,TIA,2026-08-20,Katowice,Polska,Tirana,Albania,wizzair,129.0,PLN,1.000000,price,P,False,KTW-TIA,2026-08-20T11:32:53Z,2026-08-20T12:23:59Z
2026-08-31,,109.00,KTW,TIA,2026-08-20,Katowice,Polska,Tirana,Albania,wizzair,109.0,PLN,1.000000,price,P,True,KTW-TIA,2026-08-20T11:32:53Z,2026-08-20T12:23:59Z
2026-08-23,,1689.57,KTW,TPS,2026-08-20,Katowice,Polska,Trapani,Włochy,ryanair,1689.57,PLN,1.000000,price,,,KTW-TPS,2026-08-20T11:32:54Z,2026-08-20T12:23:59Z
2026-08-26,,95.00,KTW,TPS,2026-08-20,Katowice,Polska,Trapani,Włochy,ryanair,95.0,PLN,1.000000,price,,,KTW-TPS,2026-08-20T11:32:54Z,2026-08-20T12:23:59Z
2026-08-27,,95.00,KTW,TPS,2026-08-20,Katowice,Polska,Trapani,Włochy,ryanair,95.0,PLN,1.000000,price,,,KTW-TPS,2026-08-20T11:32:54Z,2026-08-20T12:23:59Z
2026-08-30,,183.00,KTW,TPS,2026-08-20,Katowice,Polska,Trapani,Włochy,ryanair,183.0,PLN,1.000000,price,,,KTW-TPS,2026-08-20T11:32:54Z,2026-08-20T12:23:59Z
2026-08-22,,1549.82,KTW,TSF,2026-08-20,Katowice,Polska,Wenecja,Włochy,ryanair,1549.82,PLN,1.000000,price,,,KTW-TSF,2026-08-20T11:32:54Z,2026-08-20T12:23:59Z
2026-08-25,,289.32,KTW,TSF,2026-08-20,Katowice,Polska,Wenecja,Włochy,ryanair,289.32,PLN,1.000000,price,,,KTW-TSF,2026-08-20T11:32:54Z,2026-08-20T12:23:59Z
2026-08-29,,179.36,KTW,TSF,2026-08-20,Katowice,Polska,Wenecja,Włochy,ryanair,179.36,PLN,1.000000,price,,,KTW-TSF,2026-08-20T11:32:54Z,2026-08-20T12:23:59Z
2026-08-21,,289.29,KTW,VAR,2026-08-20,Katowice,Polska,Warna,Bułagria,ryanair,289.29,PLN,1.000000,price,,,KTW-VAR,2026-08-20T11:32:54Z,2026-08-20T12:23:59Z
2026-08-22,,133.94,KTW,VAR,2026-08-20,Katowice,Polska,Warna,Bułagria,ryanair,133.94,PLN,1.000000,price,,,KTW-VAR,2026-08-20T11:32:54Z,2026-08-20T12:23:59Z
2026-08-23,,315.48,KTW,VAR,2026-08-20,Katowice,Polska,Warna,Bułagria,ryanair,315.48,PLN,1.000000,price,,,KTW-VAR,2026-08-20T11:32:54Z,2026-08-20T12:23:59Z
2026-08-25,,198.20,KTW,VAR,2026-08-20,Katowice,Polska,Warna,Bułagria,ryanair,198.2,PLN,1.000000,price,,,KTW-VAR,2026-08-20T11:32:54Z,2026-08-20T12:23:59Z
2026-08-26,,176.65,KTW,VAR,2026-08-20,Katowice,Polska,Warna,Bułagria,ryanair,176.65,PLN,1.000000,price,,,KTW-VAR,2026-08-20T11:32:54Z,2026-08-20T12:23:59Z
2026-08-28,,219.75,KTW,VAR,2026-08-20,Katowice,Polska,Warna,Bułagria,ryanair,219.75,PLN,1.000000,price,,,KTW-VAR,2026-08-20T11:32:54Z,2026-08-20T12:23:59Z
2026-08-29,,211.74,KTW,VAR,2026-08-20,Katowice,Polska,Warna,Bułagria,ryanair,211.74,PLN,1.000000,price,,,KTW-VAR,2026-08-20T11:32:54Z,2026-08-20T12:23:59Z
2026-08-30,,129.00,KTW,VAR,2026-08-20,Katowice,Polska,Warna,Bułagria,wizzair,129.0,PLN,1.000000,price,PR,False,KTW-VAR,2026-08-20T11:32:53Z,2026-08-20T12:23:59Z
2026-08-31,,129.00,KTW,VAR,2026-08-20,Katowice,Polska,Warna,Bułagria,wizzair,129.0,PLN,1.000000,price,PR,False,KTW-VAR,2026-08-20T11:32:53Z,2026-08-20T12:23:59Z
2026-08-23,,191.80,KTW,ZAD,2026-08-20,Katowice,Polska,Zadar,Chorwacja,ryanair,191.8,PLN,1.000000,price,,,KTW-ZAD,2026-08-20T11:32:54Z,2026-08-20T12:23:59Z
2026-08-25,,79.00,KTW,ZAD,2026-08-20,Katowice,Polska,Zadar,Chorwacja,ryanair,79.0,PLN,1.000000,price,,,KTW-ZAD,2026-08-20T11:32:54Z,2026-08-20T12:23:59Z
2026-08-27,,79.00,KTW,ZAD,2026-08-20,Katowice,Polska,Zadar,Chorwacja,ryanair,79.0,PLN,1.000000,price,,,KTW-ZAD,2026-08-20T11:32:54Z,2026-08-20T12:23:59Z
2026-08-30,,79.00,KTW,ZAD,2026-08-20,Katowice,Polska,Zadar,Chorwacja,ryanair,79.0,PLN,1.000000,price,,,KTW-ZAD,2026-08-20T11:32:54Z,2026-08-20T12:23:59Z
2026-08-31,,670.11,KUT,KTW,2026-08-20,Kutaisi,Gruzja,Katowice,Polska,wizzair,469.0,GEL,1.428810,price,HI,False,KUT-KTW,2026-08-20T11:32:53Z,2026-08-20T12:23:59Z
2026-08-20,,998.46,LBA,GDN,2026-08-20,Leeds,Wielka Brytania,Gdańsk,Polska,ryanair,998.46,PLN,1.000000,price,,,LBA-GDN,2026-08-20T11:32:54Z,2026-08-20T12:23:59Z
2026-08-21,,494.32,LBA,GDN,2026-08-20,Leeds,Wielka Brytania,Gdańsk,Polska,ryanair,494.32,PLN,1.000000,price,,,LBA-GDN,2026-08-20T11:32:54Z,2026-08-20T12:23:59Z
2026-08-22,,616.87,LBA,GDN,2026-08-20,Leeds,Wielka Brytania,Gdańsk,Polska,ryanair,616.87,PLN,1.000000,price,,,LBA-GDN,2026-08-20T11:32:54Z,2026-08-20T12:23:59Z
2026-08-24,,145.40,LBA,GDN,2026-08-20,Leeds,Wielka Brytania,Gdańsk,Polska,ryanair,145.4,PLN,1.000000,price,,,LBA-GDN,2026-08-20T11:32:54Z,2026-08-20T12:23:59Z
2026-08-26,,95.00,LBA,GDN,2026-08-20,Leeds,Wielka Brytania,Gdańsk,Polska,ryanair,95.0,PLN,1.000000,price,,,LBA-GDN,2026-08-20T11:32:54Z,2026-08-20T12:23:59Z
2026-08-27,,95.00,LBA,GDN,2026-08-20,Leeds,Wielka Brytania,Gdańsk,Polska,ryanair,95.0,PLN,1.000000,price,,,LBA-GDN,2026-08-20T11:32:54Z,2026-08-20T12:23:59Z
2026-08-28,,95.00,LBA,GDN,2026-08-20,Leeds,Wielka Brytania,Gdańsk,Polska,ryanair,95.0,PLN,1.000000,price,,,LBA-GDN,2026-08-20T11:32:54Z,2026-08-20T12:23:59Z
2026-08-29,,95.00,LBA,GDN,2026-08-20,Leeds,Wielka Brytania,Gdańsk,Polska,ryanair,95.0,PLN,1.000000,price,,,LBA-GDN,2026-08-20T11:32:54Z,2026-08-20T12:23:59Z
2026-08-31,,95.00,LBA,GDN,2026-08-20,Leeds,Wielka Brytania,Gdańsk,Polska,ryanair,95.0,PLN,1.000000,price,,,LBA-GDN,2026-08-20T11:32:54Z,2026-08-20T12:23:59Z
2026-08-20,,1472.42,LBA,KRK,2026-08-20,Leeds,Wielka Brytania,Kraków,Polska,ryanair,1472.42,PLN,1.000000,price,,,LBA-KRK,2026-08-20T11:32:54Z,2026-08-20T12:23:59Z
2026-08-21,,745.03,LBA,KRK,2026-08-20,Leeds,Wielka Brytania,Kraków,Polska,ryanair,745.03,PLN,1.000000,price,,,LBA-KRK,2026-08-20T11:32:54Z,2026-08-20T12:23:59Z
2026-08-22,,492.51,LBA,KRK,2026-08-20,Leeds,Wielka Brytania,Kraków,Polska,ryanair,492.51,PLN,1.000000,price,,,LBA-KRK,2026-08-20T11:32:54Z,2026-08-20T12:23:59Z
2026-08-23,,457.59,LBA,KRK,2026-08-20,Leeds,Wielka Brytania,Kraków,Polska,ryanair,457.59,PLN,1.000000,price,,,LBA-KRK,2026-08-20T11:32:54Z,2026-08-20T12:23:59Z
2026-08-24,,183.00,LBA,KRK,2026-08-20,Leeds,Wielka Brytania,Kraków,Polska,ryanair,183.0,PLN,1.000000,price,,,LBA-KRK,2026-08-20T11:32:54Z,2026-08-20T12:23:59Z
2026-08-25,,95.00,LBA,KRK,2026-08-20,Leeds,Wielka Brytania,Kraków,Polska,ryanair,95.0,PLN,1.000000,price,,,LBA-KRK,2026-08-20T11:32:54Z,2026-08-20T12:23:59Z
2026-08-26,,95.00,LBA,KRK,2026-08-20,Leeds,Wielka Brytania,Kraków,Polska,ryanair,95.0,PLN,1.000000,price,,,LBA-KRK,2026-08-20T11:32:54Z,2026-08-20T12:23:59Z
2026-08-27,,95.00,LBA,KRK,2026-08-20,Leeds,Wielka Brytania,Kraków,Polska,ryanair,95.0,PLN,1.000000,price,,,LBA-KRK,2026-08-20T11:32:54Z,2026-08-20T12:23:59Z
2026-08-28,,273.82,LBA,KRK,2026-08-20,Leeds,Wielka Brytania,Kraków,Polska,ryanair,273.82,PLN,1.000000,price,,,LBA-KRK,2026-08-20T11:32:54Z,2026-08-20T12:23:59Z
2026-08-29,,157.32,LBA,KRK,2026-08-20,Leeds,Wielka Brytania,Kraków,Polska,ryanair,157.32,PLN,1.000000,price,,,LBA-KRK,2026-08-20T11:32:54Z,2026-08-20T12:23:59Z
2026-08-30,,157.32,LBA,KRK,2026-08-20,Leeds,Wielka Brytania,Kraków,Polska,ryanair,157.32,PLN,1.000000,price,,,LBA-KRK,2026-08-20T11:32:54Z,2026-08-20T12:23:59Z
2026-08-31,,132.32,LBA,KRK,2026-08-20,Leeds,Wielka Brytania,Kraków,Polska,ryanair,132.32,PLN,1.000000,price,,,LBA-KRK,2026-08-20T11:32:54Z,2026-08-20T12:23:59Z
2026-08-21,,621.80,LBA,POZ,2026-08-20,Leeds,Wielka Brytania,Poznań,Polska,ryanair,621.8,PLN,1.000000,price,,,LBA-POZ,2026-08-20T11:32:54Z,2026-08-20T12:23:59Z
2026-08-22,,161.66,LBA,POZ,2026-08-20,Leeds,Wielka Brytania,Poznań,Polska,ryanair,161.66,PLN,1.000000,price,,,LBA-POZ,2026-08-20T11:32:54Z,2026-08-20T12:23:59Z
2026-08-25,,79.00,LBA,POZ,2026-08-20,Leeds,Wielka Brytania,Poznań,Polska,ryanair,79.0,PLN,1.000000,price,,,LBA-POZ,2026-08-20T11:32:54Z,2026-08-20T12:23:59Z
2026-08-28,,79.00,LBA,POZ,2026-08-20,Leeds,Wielka Brytania,Poznań,Polska,ryanair,79.0,PLN,1.000000,price,,,LBA-POZ,2026-08-20T11:32:54Z,2026-08-20T12:23:59Z
2026-08-29,,145.63,LBA,POZ,2026-08-20,Leeds,Wielka Brytania,Poznań,Polska,ryanair,145.63,PLN,1.000000,price,,,LBA-POZ,2026-08-20T11:32:54Z,2026-08-20T12:23:59Z
2026-08-20,,757.96,LBA,WAW,2026-08-20,Leeds,Wielka Brytania,Warszawa,Polska,ryanair,757.96,PLN,1.000000,price,,,LBA-WAW,2026-08-20T11:32:54Z,2026-08-20T12:23:59Z
2026-08-22,,336.52,LBA,WAW,2026-08-20,Leeds,Wielka Brytania,Warszawa,Polska,ryanair,336.52,PLN,1.000000,price,,,LBA-WAW,2026-08-20T11:32:54Z,2026-08-20T12:23:59Z
2026-08-24,,281.26,LBA,WAW,2026-08-20,Leeds,Wielka Brytania,Warszawa,Polska,ryanair,281.26,PLN,1.000000,price,,,LBA-WAW,2026-08-20T11:32:54Z,2026-08-20T12:23:59Z
2026-08-27,,222.30,LBA,WAW,2026-08-20,Leeds,Wielka Brytania,Warszawa,Polska,ryanair,222.3,PLN,1.000000,price,,,LBA-WAW,2026-08-20T11:32:54Z,2026-08-20T12:23:59Z
2026-08-29,,104.00,LBA,WAW,2026-08-20,Leeds,Wielka Brytania,Warszawa,Polska,ryanair,104.0,PLN,1.000000,price,,,LBA-WAW,2026-08-20T11:32:54Z,2026-08-20T12:23:59Z
2026-08-31,,186.93,LBA,WAW,2026-08-20,Leeds,Wielka Brytania,Warszawa,Polska,ryanair,186.93,PLN,1.000000,price,,,LBA-WAW,2026-08-20T11:32:54Z,2026-08-20T12:23:59Z
2026-08-20,,505.29,LBA,WRO,2026-08-20,Leeds,Wielka Brytania,Wrocław,Polska,ryanair,505.29,PLN,1.000000,price,,,LBA-WRO,2026-08-20T11:32:54Z,2026-08-20T12:23:59Z
2026-08-22,,227.11,LBA,WRO,2026-08-20,Leeds,Wielka Brytania,Wrocław,Polska,ryanair,227.11,PLN,1.000000,price,,,LBA-WRO,2026-08-20T11:32:54Z,2026-08-20T12:23:59Z
2026-08-25,,186.93,LBA,WRO,2026-08-20,Leeds,Wielka Brytania,Wrocław,Polska,ryanair,186.93,PLN,1.000000,price,,,LBA-WRO,2026-08-20T11:32:54Z,2026-08-20T12:23:59Z
2026-08-27,,95.00,LBA,WRO,2026-08-20,Leeds,Wielka Brytania,Wrocław,Polska,ryanair,95.0,PLN,1.000000,price,,,LBA-WRO,2026-08-20T11:32:54Z,2026-08-20T12:23:59Z
2026-08-29,,145.63,LBA,WRO,2026-08-20,Leeds,Wielka Brytania,Wrocław,Polska,ryanair,145.63,PLN,1.000000,price,,,LBA-WRO,2026-08-20T11:32:54Z,2026-08-20T12:23:59Z
2026-08-31,,431.96,LCA,GDN,2026-08-20,Larnaka,Cypr,Gdańsk,Polska,wizzair,99.99,EUR,4.320028,price,JK,False,LCA-GDN,2026-08-20T11:32:53Z,2026-08-20T12:23:59Z
2026-08-30,,647.96,LCA,KRK,2026-08-20,Larnaka,Cypr,Kraków,Polska,wizzair,149.99,EUR,4.320028,price,HI,False,LCA-KRK,2026-08-20T11:32:53Z,2026-08-20T12:23:59Z
2026-08-30,,647.96,LCA,KTW,2026-08-20,Larnaka,Cypr,Katowice,Polska,wizzair,149.99,EUR,4.320028,price,HI,True,LCA-KTW,2026-08-20T11:32:53Z,2026-08-20T12:23:59Z
2026-08-24,,429.38,LDE,KRK,2026-08-20,Lourdes,Francja,Kraków,Polska,ryanair,429.38,PLN,1.000000,price,,,LDE-KRK,2026-08-20T11:32:54Z,2026-08-20T12:23:59Z
2026-08-27,,221.59,LDE,KRK,2026-08-20,Lourdes,Francja,Kraków,Polska,ryanair,221.59,PLN,1.000000,price,,,LDE-KRK,2026-08-20T11:32:54Z,2026-08-20T12:23:59Z
2026-08-31,,130.32,LDE,KRK,2026-08-20,Lourdes,Francja,Kraków,Polska,ryanair,130.32,PLN,1.000000,price,,,LDE-KRK,2026-08-20T11:32:54Z,2026-08-20T12:23:59Z
2026-08-29,,322.51,LGW,KRK,2026-08-20,Londyn,Wielka Brytania,Kraków,Polska,wizzair,63.99,GBP,5.039992,price,K,False,LGW-KRK,2026-08-20T11:32:53Z,2026-08-20T12:23:59Z
2026-08-30,,211.63,LGW,KRK,2026-08-20,Londyn,Wielka Brytania,Kraków,Polska,wizzair,41.99,GBP,5.039992,price,BO,False,LGW-KRK,2026-08-20T11:32:53Z,2026-08-20T12:23:59Z
2026-08-31,,146.11,LGW,KRK,2026-08-20,Londyn,Wielka Brytania,Kraków,Polska,wizzair,28.99,GBP,5.039992,price,P,False,LGW-KRK,2026-08-20T11:32:53Z,2026-08-20T12:23:59Z
2026-08-21,,1058.59,LIS,KRK,2026-08-20,Lizbona,Portugalia,Kraków,Polska,ryanair,1058.59,PLN,1.000000,price,,,LIS-KRK,2026-08-20T11:32:54Z,2026-08-20T12:23:59Z
2026-08-23,,1915.57,LIS,KRK,2026-08-20,Lizbona,Portugalia,Kraków,Polska,ryanair,1915.57,PLN,1.000000,price,,,LIS-KRK,2026-08-20T11:32:54Z,2026-08-20T12:23:59Z
2026-08-28,,1086.72,LIS,KRK,2026-08-20,Lizbona,Portugalia,Kraków,Polska,ryanair,1086.72,PLN,1.000000,price,,,LIS-KRK,2026-08-20T11:32:54Z,2026-08-20T12:23:59Z
2026-08-30,,753.15,LIS,KRK,2026-08-20,Lizbona,Portugalia,Kraków,Polska,ryanair,753.15,PLN,1.000000,price,,,LIS-KRK,2026-08-20T11:32:54Z,2026-08-20T12:23:59Z
2026-08-22,,1155.00,LIS,POZ,2026-08-20,Lizbona,Portugalia,Poznań,Polska,ryanair,1155.0,PLN,1.000000,price,,,LIS-POZ,2026-08-20T11:32:54Z,2026-08-20T12:23:59Z
2026-08-24,,1791.24,LIS,POZ,2026-08-20,Lizbona,Portugalia,Poznań,Polska,ryanair,1791.24,PLN,1.000000,price,,,LIS-POZ,2026-08-20T11:32:54Z,2026-08-20T12:23:59Z
2026-08-29,,1698.12,LIS,POZ,2026-08-20,Lizbona,Portugalia,Poznań,Polska,ryanair,1698.12,PLN,1.000000,price,,,LIS-POZ,2026-08-20T11:32:54Z,2026-08-20T12:23:59Z
2026-08-31,,1702.44,LIS,POZ,2026-08-20,Lizbona,Portugalia,Poznań,Polska,ryanair,1702.44,PLN,1.000000,price,,,LIS-POZ,2026-08-20T11:32:54Z,2026-08-20T12:23:59Z
2026-08-22,,1945.31,LIS,WMI,2026-08-20,Lizbona,Portugalia,Warszawa,Polska,ryanair,1945.31,PLN,1.000000,price,,,LIS-WMI,2026-08-20T11:32:54Z,2026-08-20T12:23:59Z
2026-08-25,,833.24,LIS,WMI,2026-08-20,Lizbona,Portugalia,Warszawa,Polska,ryanair,833.24,PLN,1.000000,price,,,LIS-WMI,2026-08-20T11:32:54Z,2026-08-20T12:23:59Z
2026-08-26,,1211.98,LIS,WMI,2026-08-20,Lizbona,Portugalia,Warszawa,Polska,ryanair,1211.98,PLN,1.000000,price,,,LIS-WMI,2026-08-20T11:32:54Z,2026-08-20T12:23:59Z
2026-08-29,,899.69,LIS,WMI,2026-08-20,Lizbona,Portugalia,Warszawa,Polska,ryanair,899.69,PLN,1.000000,price,,,LIS-WMI,2026-08-20T11:32:54Z,2026-08-20T12:23:59Z
2026-08-23,,1505.81,LIS,WRO,2026-08-20,Lizbona,Portugalia,Wrocław,Polska,ryanair,1505.81,PLN,1.000000,price,,,LIS-WRO,2026-08-20T11:32:54Z,2026-08-20T12:23:59Z
2026-08-26,,1919.89,LIS,WRO,2026-08-20,Lizbona,Portugalia,Wrocław,Polska,ryanair,1919.89,PLN,1.000000,price,,,LIS-WRO,2026-08-20T11:32:54Z,2026-08-20T12:23:59Z
2026-08-30,,1716.70,LIS,WRO,2026-08-20,Lizbona,Portugalia,Wrocław,Polska,ryanair,1716.7,PLN,1.000000,price,,,LIS-WRO,2026-08-20T11:32:54Z,2026-08-20T12:23:59Z
2026-08-29,,307.39,LON,GDN,2026-08-20,Londyn,Wielka Brytania,Gdańsk,Polska,wizzair,60.99,GBP,5.039992,price,LB,False,LON-GDN,2026-08-20T11:32:53Z,2026-08-20T12:23:59Z
2026-08-30,,146.11,LON,GDN,2026-08-20,Londyn,Wielka Brytania,Gdańsk,Polska,wizzair,28.99,GBP,5.039992,price,R,False,LON-GDN,2026-08-20T11:32:53Z,2026-08-20T12:23:59Z
2026-08-31,,115.87,LON,GDN,2026-08-20,Londyn,Wielka Brytania,Gdańsk,Polska,wizzair,22.99,GBP,5.039992,price,S,False,LON-GDN,2026-08-20T11:32:53Z,2026-08-20T12:23:59Z
2026-08-29,,307.39,LON,KRK,2026-08-20,Londyn,Wielka Brytania,Kraków,Polska,wizzair,60.99,GBP,5.039992,price,KL,True,LON-KRK,2026-08-20T11:32:53Z,2026-08-20T12:23:59Z
2026-08-30,,146.11,LON,KRK,2026-08-20,Londyn,Wielka Brytania,Kraków,Polska,wizzair,28.99,GBP,5.039992,price,P,True,LON-KRK,2026-08-20T11:32:53Z,2026-08-20T12:23:59Z
2026-08-31,,115.87,LON,KRK,2026-08-20,Londyn,Wielka Brytania,Kraków,Polska,wizzair,22.99,GBP,5.039992,price,R,True,LON-KRK,2026-08-20T11:32:53Z,2026-08-20T12:23:59Z
2026-08-29,,307.39,LON,KTW,2026-08-20,Londyn,Wielka Brytania,Katowice,Polska,wizzair,60.99,GBP,5.039992,price,KL,True,LON-KTW,2026-08-20T11:32:53Z,2026-08-20T12:23:59Z
2026-08-30,,146.11,LON,KTW,2026-08-20,Londyn,Wielka Brytania,Katowice,Polska,wizzair,28.99,GBP,5.039992,price,P,True,LON-KTW,2026-08-20T11:32:53Z,2026-08-20T12:23:59Z
2026-08-31,,115.87,LON,KTW,2026-08-20,Londyn,Wielka Brytania,Katowice,Polska,wizzair,22.99,GBP,5.039992,price,R,True,LON-KTW,2026-08-20T11:32:53Z,2026-08-20T12:23:59Z
2026-08-29,,256.99,LON,POZ,2026-08-20,Londyn,Wielka Brytania,Poznań,Polska,wizzair,50.99,GBP,5.039992,price,KL,False,LON-POZ,2026-08-20T11:32:53Z,2026-08-20T12:23:59Z
2026-08-30,,166.27,LON,POZ,2026-08-20,Londyn,Wielka Brytania,Poznań,Polska,wizzair,32.99,GBP,5.039992,price,BO,False,LON-POZ,2026-08-20T11:32:53Z,2026-08-20T12:23:59Z
2026-08-31,,90.67,LON,POZ,2026-08-20,Londyn,Wielka Brytania,Poznań,Polska,wizzair,17.99,GBP,5.039992,price,R,False,LON-POZ,2026-08-20T11:32:53Z,2026-08-20T12:23:59Z
2026-08-29,,211.63,LON,WAW,2026-08-20,Londyn,Wielka Brytania,Warszawa,Polska,wizzair,41.99,GBP,5.039992,price,OP,False,LON-WAW,2026-08-20T11:32:53Z,2026-08-20T12:23:59Z
2026-08-30,,211.63,LON,WAW,2026-08-20,Londyn,Wielka Brytania,Warszawa,Polska,wizzair,41.99,GBP,5.039992,price,OP,False,LON-WAW,2026-08-20T11:32:53Z,2026-08-20T12:23:59Z
2026-08-31,,186.43,LON,WAW,2026-08-20,Londyn,Wielka Brytania,Warszawa,Polska,wizzair,36.99,GBP,5.039992,price,P,False,LON-WAW,2026-08-20T11:32:53Z,2026-08-20T12:23:59Z
2026-08-29,,80.59,LON,WRO,2026-08-20,Londyn,Wielka Brytania,Wrocław,Polska,wizzair,15.99,GBP,5.039992,price,RS,False,LON-WRO,2026-08-20T11:32:53Z,2026-08-20T12:23:59Z
2026-08-30,,110.83,LON,WRO,2026-08-20,Londyn,Wielka Brytania,Wrocław,Polska,wizzair,21.99,GBP,5.039992,price,PR,False,LON-WRO,2026-08-20T11:32:53Z,2026-08-20T12:23:59Z
2026-08-31,,80.59,LON,WRO,2026-08-20,Londyn,Wielka Brytania,Wrocław,Polska,wizzair,15.99,GBP,5.039992,price,RS,False,LON-WRO,2026-08-20T11:32:53Z,2026-08-20T12:23:59Z
2026-08-25,,1304.00,LPA,KRK,2026-08-20,Gran Canaria,Hiszpania,Kraków,Polska,ryanair,1304.0,PLN,1.000000,price,,,LPA-KRK,2026-08-20T11:32:54Z,2026-08-20T12:23:59Z
2026-08-21,,632.90,LPL,KRK,2026-08-20,Liverpool,Wielka Brytania,Kraków,Polska,ryanair,632.9,PLN,1.000000,price,,,LPL-KRK,2026-08-20T11:32:54Z,2026-08-20T12:23:59Z
2026-08-22,,522.34,LPL,KRK,2026-08-20,Liverpool,Wielka Brytania,Kraków,Polska,ryanair,522.34,PLN,1.000000,price,,,LPL-KRK,2026-08-20T11:32:54Z,2026-08-20T12:23:59Z
2026-08-23,,449.70,LPL,KRK,2026-08-20,Liverpool,Wielka Brytania,Kraków,Polska,ryanair,449.7,PLN,1.000000,price,,,LPL-KRK,2026-08-20T11:32:54Z,2026-08-20T12:23:59Z
2026-08-24,,119.00,LPL,KRK,2026-08-20,Liverpool,Wielka Brytania,Kraków,Polska,ryanair,119.0,PLN,1.000000,price,,,LPL-KRK,2026-08-20T11:32:54Z,2026-08-20T12:23:59Z
2026-08-25,,246.10,LPL,KRK,2026-08-20,Liverpool,Wielka Brytania,Kraków,Polska,ryanair,246.1,PLN,1.000000,price,,,LPL-KRK,2026-08-20T11:32:54Z,2026-08-20T12:23:59Z
2026-08-26,,119.00,LPL,KRK,2026-08-20,Liverpool,Wielka Brytania,Kraków,Polska,ryanair,119.0,PLN,1.000000,price,,,LPL-KRK,2026-08-20T11:32:54Z,2026-08-20T12:23:59Z
2026-08-27,,127.43,LPL,KRK,2026-08-20,Liverpool,Wielka Brytania,Kraków,Polska,ryanair,127.43,PLN,1.000000,price,,,LPL-KRK,2026-08-20T11:32:54Z,2026-08-20T12:23:59Z
2026-08-28,,166.32,LPL,KRK,2026-08-20,Liverpool,Wielka Brytania,Kraków,Polska,ryanair,166.32,PLN,1.000000,price,,,LPL-KRK,2026-08-20T11:32:54Z,2026-08-20T12:23:59Z
2026-08-29,,353.69,LPL,KRK,2026-08-20,Liverpool,Wielka Brytania,Kraków,Polska,ryanair,353.69,PLN,1.000000,price,,,LPL-KRK,2026-08-20T11:32:54Z,2026-08-20T12:23:59Z
2026-08-30,,361.64,LPL,KRK,2026-08-20,Liverpool,Wielka Brytania,Kraków,Polska,ryanair,361.64,PLN,1.000000,price,,,LPL-KRK,2026-08-20T11:32:54Z,2026-08-20T12:23:59Z
2026-08-31,,146.50,LPL,KRK,2026-08-20,Liverpool,Wielka Brytania,Kraków,Polska,ryanair,146.5,PLN,1.000000,price,,,LPL-KRK,2026-08-20T11:32:54Z,2026-08-20T12:23:59Z
2026-08-22,,222.30,LPL,POZ,2026-08-20,Liverpool,Wielka Brytania,Poznań,Polska,ryanair,222.3,PLN,1.000000,price,,,LPL-POZ,2026-08-20T11:32:54Z,2026-08-20T12:23:59Z
2026-08-25,,82.85,LPL,POZ,2026-08-20,Liverpool,Wielka Brytania,Poznań,Polska,ryanair,82.85,PLN,1.000000,price,,,LPL-POZ,2026-08-20T11:32:54Z,2026-08-20T12:23:59Z
2026-08-29,,180.79,LPL,POZ,2026-08-20,Liverpool,Wielka Brytania,Poznań,Polska,ryanair,180.79,PLN,1.000000,price,,,LPL-POZ,2026-08-20T11:32:54Z,2026-08-20T12:23:59Z
2026-08-30,,211.63,LPL,WAW,2026-08-20,Liverpool,Wielka Brytania,Warszawa,Polska,wizzair,41.99,GBP,5.039992,price,OP,False,LPL-WAW,2026-08-20T11:32:53Z,2026-08-20T12:23:59Z
2026-08-31,,166.27,LPL,WAW,2026-08-20,Liverpool,Wielka Brytania,Warszawa,Polska,wizzair,32.99,GBP,5.039992,price,PR,False,LPL-WAW,2026-08-20T11:32:53Z,2026-08-20T12:23:59Z
2026-08-21,,899.46,LPL,WMI,2026-08-20,Liverpool,Wielka Brytania,Warszawa,Polska,ryanair,899.46,PLN,1.000000,price,,,LPL-WMI,2026-08-20T11:32:54Z,2026-08-20T12:23:59Z
2026-08-23,,251.12,LPL,WMI,2026-08-20,Liverpool,Wielka Brytania,Warszawa,Polska,ryanair,251.12,PLN,1.000000,price,,,LPL-WMI,2026-08-20T11:32:54Z,2026-08-20T12:23:59Z
2026-08-26,,81.81,LPL,WMI,2026-08-20,Liverpool,Wielka Brytania,Warszawa,Polska,ryanair,81.81,PLN,1.000000,price,,,LPL-WMI,2026-08-20T11:32:54Z,2026-08-20T12:23:59Z
2026-08-28,,128.32,LPL,WMI,2026-08-20,Liverpool,Wielka Brytania,Warszawa,Polska,ryanair,128.32,PLN,1.000000,price,,,LPL-WMI,2026-08-20T11:32:54Z,2026-08-20T12:23:59Z
2026-08-30,,135.58,LPL,WMI,2026-08-20,Liverpool,Wielka Brytania,Warszawa,Polska,ryanair,135.58,PLN,1.000000,price,,,LPL-WMI,2026-08-20T11:32:54Z,2026-08-20T12:23:59Z
2026-08-23,,161.66,LPL,WRO,2026-08-20,Liverpool,Wielka Brytania,Wrocław,Polska,ryanair,161.66,PLN,1.000000,price,,,LPL-WRO,2026-08-20T11:32:54Z,2026-08-20T12:23:59Z
2026-08-26,,79.00,LPL,WRO,2026-08-20,Liverpool,Wielka Brytania,Wrocław,Polska,ryanair,79.0,PLN,1.000000,price,,,LPL-WRO,2026-08-20T11:32:54Z,2026-08-20T12:23:59Z
2026-08-30,,106.32,LPL,WRO,2026-08-20,Liverpool,Wielka Brytania,Wrocław,Polska,ryanair,106.32,PLN,1.000000,price,,,LPL-WRO,2026-08-20T11:32:54Z,2026-08-20T12:23:59Z
2026-08-29,,307.39,LTN,GDN,2026-08-20,Londyn,Wielka Brytania,Gdańsk,Polska,wizzair,60.99,GBP,5.039992,price,LB,False,LTN-GDN,2026-08-20T11:32:53Z,2026-08-20T12:23:59Z
2026-08-30,,146.11,LTN,GDN,2026-08-20,Londyn,Wielka Brytania,Gdańsk,Polska,wizzair,28.99,GBP,5.039992,price,R,False,LTN-GDN,2026-08-20T11:32:53Z,2026-08-20T12:23:59Z
2026-08-31,,115.87,LTN,GDN,2026-08-20,Londyn,Wielka Brytania,Gdańsk,Polska,wizzair,22.99,GBP,5.039992,price,S,False,LTN-GDN,2026-08-20T11:32:53Z,2026-08-20T12:23:59Z
2026-08-21,,601.31,LTN,KRK,2026-08-20,Londyn,Wielka Brytania,Kraków,Polska,ryanair,601.31,PLN,1.000000,price,,,LTN-KRK,2026-08-20T11:32:54Z,2026-08-20T12:23:59Z
2026-08-22,,445.13,LTN,KRK,2026-08-20,Londyn,Wielka Brytania,Kraków,Polska,ryanair,445.13,PLN,1.000000,price,,,LTN-KRK,2026-08-20T11:32:54Z,2026-08-20T12:23:59Z
2026-08-23,,540.67,LTN,KRK,2026-08-20,Londyn,Wielka Brytania,Kraków,Polska,ryanair,540.67,PLN,1.000000,price,,,LTN-KRK,2026-08-20T11:32:54Z,2026-08-20T12:23:59Z
2026-08-24,,500.24,LTN,KRK,2026-08-20,Londyn,Wielka Brytania,Kraków,Polska,ryanair,500.24,PLN,1.000000,price,,,LTN-KRK,2026-08-20T11:32:54Z,2026-08-20T12:23:59Z
2026-08-25,,202.09,LTN,KRK,2026-08-20,Londyn,Wielka Brytania,Kraków,Polska,ryanair,202.09,PLN,1.000000,price,,,LTN-KRK,2026-08-20T11:32:54Z,2026-08-20T12:23:59Z
2026-08-26,,186.93,LTN,KRK,2026-08-20,Londyn,Wielka Brytania,Kraków,Polska,ryanair,186.93,PLN,1.000000,price,,,LTN-KRK,2026-08-20T11:32:54Z,2026-08-20T12:23:59Z
2026-08-27,,199.03,LTN,KRK,2026-08-20,Londyn,Wielka Brytania,Kraków,Polska,ryanair,199.03,PLN,1.000000,price,,,LTN-KRK,2026-08-20T11:32:54Z,2026-08-20T12:23:59Z
2026-08-28,,326.47,LTN,KRK,2026-08-20,Londyn,Wielka Brytania,Kraków,Polska,ryanair,326.47,PLN,1.000000,price,,,LTN-KRK,2026-08-20T11:32:54Z,2026-08-20T12:23:59Z
2026-08-29,,286.29,LTN,KRK,2026-08-20,Londyn,Wielka Brytania,Kraków,Polska,ryanair,286.29,PLN,1.000000,price,,,LTN-KRK,2026-08-20T11:32:54Z,2026-08-20T12:23:59Z
2026-08-30,,146.11,LTN,KRK,2026-08-20,Londyn,Wielka Brytania,Kraków,Polska,wizzair,28.99,GBP,5.039992,price,P,True,LTN-KRK,2026-08-20T11:32:53Z,2026-08-20T12:23:59Z
2026-08-31,,115.87,LTN,KRK,2026-08-20,Londyn,Wielka Brytania,Kraków,Polska,wizzair,22.99,GBP,5.039992,price,R,True,LTN-KRK,2026-08-20T11:32:53Z,2026-08-20T12:23:59Z
2026-08-29,,307.39,LTN,KTW,2026-08-20,Londyn,Wielka Brytania,Katowice,Polska,wizzair,60.99,GBP,5.039992,price,KL,False,LTN-KTW,2026-08-20T11:32:53Z,2026-08-20T12:23:59Z
2026-08-30,,146.11,LTN,KTW,2026-08-20,Londyn,Wielka Brytania,Katowice,Polska,wizzair,28.99,GBP,5.039992,price,P,False,LTN-KTW,2026-08-20T11:32:53Z,2026-08-20T12:23:59Z
2026-08-31,,115.87,LTN,KTW,2026-08-20,Londyn,Wielka Brytania,Katowice,Polska,wizzair,22.99,GBP,5.039992,price,R,False,LTN-KTW,2026-08-20T11:32:53Z,2026-08-20T12:23:59Z
2026-08-29,,256.99,LTN,POZ,2026-08-20,Londyn,Wielka Brytania,Poznań,Polska,wizzair,50.99,GBP,5.039992,price,KL,False,LTN-POZ,2026-08-20T11:32:53Z,2026-08-20T12:23:59Z
2026-08-30,,166.27,LTN,POZ,2026-08-20,Londyn,Wielka Brytania,Poznań,Polska,wizzair,32.99,GBP,5.039992,price,BO,False,LTN-POZ,2026-08-20T11:32:53Z,2026-08-20T12:23:59Z
2026-08-31,,90.67,LTN,POZ,2026-08-20,Londyn,Wielka Brytania,Poznań,Polska,wizzair,17.99,GBP,5.039992,price,R,False,LTN-POZ,2026-08-20T11:32:53Z,2026-08-20T12:23:59Z
2026-08-29,,211.63,LTN,WAW,2026-08-20,Londyn,Wielka Brytania,Warszawa,Polska,wizzair,41.99,GBP,5.039992,price,OP,False,LTN-WAW,2026-08-20T11:32:53Z,2026-08-20T12:23:59Z
2026-08-30,,211.63,LTN,WAW,2026-08-20,Londyn,Wielka Brytania,Warszawa,Polska,wizzair,41.99,GBP,5.039992,price,OP,False,LTN-WAW,2026-08-20T11:32:53Z,2026-08-20T12:23:59Z
2026-08-31,,186.43,LTN,WAW,2026-08-20,Londyn,Wielka Brytania,Warszawa,Polska,wizzair,36.99,GBP,5.039992,price,P,False,LTN-WAW,2026-08-20T11:32:53Z,2026-08-20T12:23:59Z
2026-08-20,,555.83,LTN,WRO,2026-08-20,Londyn,Wielka Brytania,Wrocław,Polska,ryanair,555.83,PLN,1.000000,price,,,LTN-WRO,2026-08-20T11:32:54Z,2026-08-20T12:23:59Z
2026-08-22,,496.46,LTN,WRO,2026-08-20,Londyn,Wielka Brytania,Wrocław,Polska,ryanair,496.46,PLN,1.000000,price,,,LTN-WRO,2026-08-20T11:32:54Z,2026-08-20T12:23:59Z
2026-08-24,,296.33,LTN,WRO,2026-08-20,Londyn,Wielka Brytania,Wrocław,Polska,ryanair,296.33,PLN,1.000000,price,,,LTN-WRO,2026-08-20T11:32:54Z,2026-08-20T12:23:59Z
2026-08-25,,271.21,LTN,WRO,2026-08-20,Londyn,Wielka Brytania,Wrocław,Polska,ryanair,271.21,PLN,1.000000,price,,,LTN-WRO,2026-08-20T11:32:54Z,2026-08-20T12:23:59Z
2026-08-27,,155.68,LTN,WRO,2026-08-20,Londyn,Wielka Brytania,Wrocław,Polska,ryanair,155.68,PLN,1.000000,price,,,LTN-WRO,2026-08-20T11:32:54Z,2026-08-20T12:23:59Z
2026-08-29,,80.59,LTN,WRO,2026-08-20,Londyn,Wielka Brytania,Wrocław,Polska,wizzair,15.99,GBP,5.039992,price,RS,False,LTN-WRO,2026-08-20T11:32:53Z,2026-08-20T12:23:59Z
2026-08-30,,110.83,LTN,WRO,2026-08-20,Londyn,Wielka Brytania,Wrocław,Polska,wizzair,21.99,GBP,5.039992,price,PR,False,LTN-WRO,2026-08-20T11:32:53Z,2026-08-20T12:23:59Z
2026-08-31,,79.00,LTN,WRO,2026-08-20,Londyn,Wielka Brytania,Wrocław,Polska,ryanair,79.0,PLN,1.000000,price,,,LTN-WRO,2026-08-20T11:32:54Z,2026-08-20T12:23:59Z
2026-08-21,,748.44,LUZ,GDN,2026-08-20,Lublin,Polska,Gdańsk,Polska,ryanair,748.44,PLN,1.000000,price,,,LUZ-GDN,2026-08-20T11:32:54Z,2026-08-20T12:23:59Z
2026-08-23,,322.16,LUZ,GDN,2026-08-20,Lublin,Polska,Gdańsk,Polska,ryanair,322.16,PLN,1.000000,price,,,LUZ-GDN,2026-08-20T11:32:54Z,2026-08-20T12:23:59Z
2026-08-28,,288.64,LUZ,GDN,2026-08-20,Lublin,Polska,Gdańsk,Polska,ryanair,288.64,PLN,1.000000,price,,,LUZ-GDN,2026-08-20T11:32:54Z,2026-08-20T12:23:59Z
2026-08-30,,164.86,LUZ,GDN,2026-08-20,Lublin,Polska,Gdańsk,Polska,ryanair,164.86,PLN,1.000000,price,,,LUZ-GDN,2026-08-20T11:32:54Z,2026-08-20T12:23:59Z
2026-08-31,,241.88,LYS,KRK,2026-08-20,Lyon,Francja,Kraków,Polska,wizzair,55.99,EUR,4.320028,price,LB,False,LYS-KRK,2026-08-20T11:32:53Z,2026-08-20T12:23:59Z
2026-08-31,,583.16,MAD,GDN,2026-08-20,Madryt,Hiszpania,Gdańsk,Polska,wizzair,134.99,EUR,4.320028,price,I,False,MAD-GDN,2026-08-20T11:32:53Z,2026-08-20T12:23:59Z
2026-08-21,,921.25,MAD,KRK,2026-08-20,Madryt,Hiszpania,Kraków,Polska,ryanair,921.25,PLN,1.000000,price,,,MAD-KRK,2026-08-20T11:32:54Z,2026-08-20T12:23:59Z
2026-08-22,,774.08,MAD,KRK,2026-08-20,Madryt,Hiszpania,Kraków,Polska,ryanair,774.08,PLN,1.000000,price,,,MAD-KRK,2026-08-20T11:32:54Z,2026-08-20T12:23:59Z
2026-08-24,,1581.53,MAD,KRK,2026-08-20,Madryt,Hiszpania,Kraków,Polska,ryanair,1581.53,PLN,1.000000,price,,,MAD-KRK,2026-08-20T11:32:54Z,2026-08-20T12:23:59Z
2026-08-25,,410.69,MAD,KRK,2026-08-20,Madryt,Hiszpania,Kraków,Polska,ryanair,410.69,PLN,1.000000,price,,,MAD-KRK,2026-08-20T11:32:54Z,2026-08-20T12:23:59Z
2026-08-26,,315.81,MAD,KRK,2026-08-20,Madryt,Hiszpania,Kraków,Polska,ryanair,315.81,PLN,1.000000,price,,,MAD-KRK,2026-08-20T11:32:54Z,2026-08-20T12:23:59Z
2026-08-27,,423.64,MAD,KRK,2026-08-20,Madryt,Hiszpania,Kraków,Polska,ryanair,423.64,PLN,1.000000,price,,,MAD-KRK,2026-08-20T11:32:54Z,2026-08-20T12:23:59Z
2026-08-28,,459.05,MAD,KRK,2026-08-20,Madryt,Hiszpania,Kraków,Polska,ryanair,459.05,PLN,1.000000,price,,,MAD-KRK,2026-08-20T11:32:54Z,2026-08-20T12:23:59Z
2026-08-29,,629.58,MAD,KRK,2026-08-20,Madryt,Hiszpania,Kraków,Polska,ryanair,629.58,PLN,1.000000,price,,,MAD-KRK,2026-08-20T11:32:54Z,2026-08-20T12:23:59Z
2026-08-31,,970.35,MAD,KRK,2026-08-20,Madryt,Hiszpania,Kraków,Polska,ryanair,970.35,PLN,1.000000,price,,,MAD-KRK,2026-08-20T11:32:54Z,2026-08-20T12:23:59Z
2026-08-31,,539.96,MAD,KTW,2026-08-20,Madryt,Hiszpania,Katowice,Polska,wizzair,124.99,EUR,4.320028,price,IJ,False,MAD-KTW,2026-08-20T11:32:53Z,2026-08-20T12:23:59Z
2026-08-20,,1862.58,MAD,WMI,2026-08-20,Madryt,Hiszpania,Warszawa,Polska,ryanair,1862.58,PLN,1.000000,price,,,MAD-WMI,2026-08-20T11:32:54Z,2026-08-20T12:23:59Z
2026-08-22,,1421.72,MAD,WMI,2026-08-20,Madryt,Hiszpania,Warszawa,Polska,ryanair,1421.72,PLN,1.000000,price,,,MAD-WMI,2026-08-20T11:32:54Z,2026-08-20T12:23:59Z
2026-08-25,,318.87,MAD,WMI,2026-08-20,Madryt,Hiszpania,Warszawa,Polska,ryanair,318.87,PLN,1.000000,price,,,MAD-WMI,2026-08-20T11:32:54Z,2026-08-20T12:23:59Z
2026-08-26,,361.96,MAD,WMI,2026-08-20,Madryt,Hiszpania,Warszawa,Polska,ryanair,361.96,PLN,1.000000,price,,,MAD-WMI,2026-08-20T11:32:54Z,2026-08-20T12:23:59Z
2026-08-27,,652.61,MAD,WMI,2026-08-20,Madryt,Hiszpania,Warszawa,Polska,ryanair,652.61,PLN,1.000000,price,,,MAD-WMI,2026-08-20T11:32:54Z,2026-08-20T12:23:59Z
2026-08-29,,1103.21,MAD,WMI,2026-08-20,Madryt,Hiszpania,Warszawa,Polska,ryanair,1103.21,PLN,1.000000,price,,,MAD-WMI,2026-08-20T11:32:54Z,2026-08-20T12:23:59Z
2026-08-31,,431.96,MAD,WRO,2026-08-20,Madryt,Hiszpania,Wrocław,Polska,wizzair,99.99,EUR,4.320028,price,IJ,False,MAD-WRO,2026-08-20T11:32:53Z,2026-08-20T12:23:59Z
2026-08-21,,965.15,MAN,GDN,2026-08-20,Manchester,Wielka Brytania,Gdańsk,Polska,ryanair,965.15,PLN,1.000000,price,,,MAN-GDN,2026-08-20T11:32:54Z,2026-08-20T12:23:59Z
2026-08-22,,468.32,MAN,GDN,2026-08-20,Manchester,Wielka Brytania,Gdańsk,Polska,ryanair,468.32,PLN,1.000000,price,,,MAN-GDN,2026-08-20T11:32:54Z,2026-08-20T12:23:59Z
2026-08-23,,667.00,MAN,GDN,2026-08-20,Manchester,Wielka Brytania,Gdańsk,Polska,ryanair,667.0,PLN,1.000000,price,,,MAN-GDN,2026-08-20T11:32:54Z,2026-08-20T12:23:59Z
2026-08-24,,391.13,MAN,GDN,2026-08-20,Manchester,Wielka Brytania,Gdańsk,Polska,ryanair,391.13,PLN,1.000000,price,,,MAN-GDN,2026-08-20T11:32:54Z,2026-08-20T12:23:59Z
2026-08-26,,461.37,MAN,GDN,2026-08-20,Manchester,Wielka Brytania,Gdańsk,Polska,ryanair,461.37,PLN,1.000000,price,,,MAN-GDN,2026-08-20T11:32:54Z,2026-08-20T12:23:59Z
2026-08-28,,395.45,MAN,GDN,2026-08-20,Manchester,Wielka Brytania,Gdańsk,Polska,ryanair,395.45,PLN,1.000000,price,,,MAN-GDN,2026-08-20T11:32:54Z,2026-08-20T12:23:59Z
2026-08-29,,328.42,MAN,GDN,2026-08-20,Manchester,Wielka Brytania,Gdańsk,Polska,ryanair,328.42,PLN,1.000000,price,,,MAN-GDN,2026-08-20T11:32:54Z,2026-08-20T12:23:59Z
2026-08-30,,241.07,MAN,GDN,2026-08-20,Manchester,Wielka Brytania,Gdańsk,Polska,ryanair,241.07,PLN,1.000000,price,,,MAN-GDN,2026-08-20T11:32:54Z,2026-08-20T12:23:59Z
2026-08-31,,95.00,MAN,GDN,2026-08-20,Manchester,Wielka Brytania,Gdańsk,Polska,ryanair,95.0,PLN,1.000000,price,,,MAN-GDN,2026-08-20T11:32:54Z,2026-08-20T12:23:59Z
2026-08-20,,1641.85,MAN,KRK,2026-08-20,Manchester,Wielka Brytania,Kraków,Polska,ryanair,1641.85,PLN,1.000000,price,,,MAN-KRK,2026-08-20T11:32:54Z,2026-08-20T12:23:59Z
2026-08-21,,1395.58,MAN,KRK,2026-08-20,Manchester,Wielka Brytania,Kraków,Polska,ryanair,1395.58,PLN,1.000000,price,,,MAN-KRK,2026-08-20T11:32:54Z,2026-08-20T12:23:59Z
2026-08-22,,474.59,MAN,KRK,2026-08-20,Manchester,Wielka Brytania,Kraków,Polska,ryanair,474.59,PLN,1.000000,price,,,MAN-KRK,2026-08-20T11:32:54Z,2026-08-20T12:23:59Z
2026-08-23,,199.93,MAN,KRK,2026-08-20,Manchester,Wielka Brytania,Kraków,Polska,ryanair,199.93,PLN,1.000000,price,,,MAN-KRK,2026-08-20T11:32:54Z,2026-08-20T12:23:59Z
2026-08-24,,106.42,MAN,KRK,2026-08-20,Manchester,Wielka Brytania,Kraków,Polska,ryanair,106.42,PLN,1.000000,price,,,MAN-KRK,2026-08-20T11:32:54Z,2026-08-20T12:23:59Z
2026-08-25,,104.00,MAN,KRK,2026-08-20,Manchester,Wielka Brytania,Kraków,Polska,ryanair,104.0,PLN,1.000000,price,,,MAN-KRK,2026-08-20T11:32:54Z,2026-08-20T12:23:59Z
2026-08-26,,104.00,MAN,KRK,2026-08-20,Manchester,Wielka Brytania,Kraków,Polska,ryanair,104.0,PLN,1.000000,price,,,MAN-KRK,2026-08-20T11:32:54Z,2026-08-20T12:23:59Z
2026-08-27,,214.50,MAN,KRK,2026-08-20,Manchester,Wielka Brytania,Kraków,Polska,ryanair,214.5,PLN,1.000000,price,,,MAN-KRK,2026-08-20T11:32:54Z,2026-08-20T12:23:59Z
2026-08-28,,250.44,MAN,KRK,2026-08-20,Manchester,Wielka Brytania,Kraków,Polska,ryanair,250.44,PLN,1.000000,price,,,MAN-KRK,2026-08-20T11:32:54Z,2026-08-20T12:23:59Z
2026-08-29,,104.00,MAN,KRK,2026-08-20,Manchester,Wielka Brytania,Kraków,Polska,ryanair,104.0,PLN,1.000000,price,,,MAN-KRK,2026-08-20T11:32:54Z,2026-08-20T12:23:59Z
2026-08-30,,104.00,MAN,KRK,2026-08-20,Manchester,Wielka Brytania,Kraków,Polska,ryanair,104.0,PLN,1.000000,price,,,MAN-KRK,2026-08-20T11:32:54Z,2026-08-20T12:23:59Z
2026-08-31,,104.00,MAN,KRK,2026-08-20,Manchester,Wielka Brytania,Kraków,Polska,ryanair,104.0,PLN,1.000000,price,,,MAN-KRK,2026-08-20T11:32:54Z,2026-08-20T12:23:59Z
2026-08-23,,436.99,MAN,KTW,2026-08-20,Manchester,Wielka Brytania,Katowice,Polska,ryanair,436.99,PLN,1.000000,price,,,MAN-KTW,2026-08-20T11:32:54Z,2026-08-20T12:23:59Z
2026-08-25,,104.61,MAN,KTW,2026-08-20,Manchester,Wielka Brytania,Katowice,Polska,ryanair,104.61,PLN,1.000000,price,,,MAN-KTW,2026-08-20T11:32:54Z,2026-08-20T12:23:59Z
2026-08-26,,166.71,MAN,KTW,2026-08-20,Manchester,Wielka Brytania,Katowice,Polska,ryanair,166.71,PLN,1.000000,price,,,MAN-KTW,2026-08-20T11:32:54Z,2026-08-20T12:23:59Z
2026-08-30,,136.32,MAN,KTW,2026-08-20,Manchester,Wielka Brytania,Katowice,Polska,ryanair,136.32,PLN,1.000000,price,,,MAN-KTW,2026-08-20T11:32:54Z,2026-08-20T12:23:59Z
2026-08-22,,394.12,MAN,POZ,2026-08-20,Manchester,Wielka Brytania,Poznań,Polska,ryanair,394.12,PLN,1.000000,price,,,MAN-POZ,2026-08-20T11:32:54Z,2026-08-20T12:23:59Z
2026-08-25,,96.47,MAN,POZ,2026-08-20,Manchester,Wielka Brytania,Poznań,Polska,ryanair,96.47,PLN,1.000000,price,,,MAN-POZ,2026-08-20T11:32:54Z,2026-08-20T12:23:59Z
2026-08-29,,149.93,MAN,POZ,2026-08-20,Manchester,Wielka Brytania,Poznań,Polska,ryanair,149.93,PLN,1.000000,price,,,MAN-POZ,2026-08-20T11:32:54Z,2026-08-20T12:23:59Z
2026-08-21,,439.60,MAN,WAW,2026-08-20,Manchester,Wielka Brytania,Warszawa,Polska,ryanair,439.6,PLN,1.000000,price,,,MAN-WAW,2026-08-20T11:32:54Z,2026-08-20T12:23:59Z
2026-08-23,,757.17,MAN,WAW,2026-08-20,Manchester,Wielka Brytania,Warszawa,Polska,ryanair,757.17,PLN,1.000000,price,,,MAN-WAW,2026-08-20T11:32:54Z,2026-08-20T12:23:59Z
2026-08-24,,202.09,MAN,WAW,2026-08-20,Manchester,Wielka Brytania,Warszawa,Polska,ryanair,202.09,PLN,1.000000,price,,,MAN-WAW,2026-08-20T11:32:54Z,2026-08-20T12:23:59Z
2026-08-28,,371.68,MAN,WAW,2026-08-20,Manchester,Wielka Brytania,Warszawa,Polska,ryanair,371.68,PLN,1.000000,price,,,MAN-WAW,2026-08-20T11:32:54Z,2026-08-20T12:23:59Z
2026-08-30,,95.00,MAN,WAW,2026-08-20,Manchester,Wielka Brytania,Warszawa,Polska,ryanair,95.0,PLN,1.000000,price,,,MAN-WAW,2026-08-20T11:32:54Z,2026-08-20T12:23:59Z
2026-08-31,,95.00,MAN,WAW,2026-08-20,Manchester,Wielka Brytania,Warszawa,Polska,ryanair,95.0,PLN,1.000000,price,,,MAN-WAW,2026-08-20T11:32:54Z,2026-08-20T12:23:59Z
2026-08-20,,853.98,MAN,WRO,2026-08-20,Manchester,Wielka Brytania,Wrocław,Polska,ryanair,853.98,PLN,1.000000,price,,,MAN-WRO,2026-08-20T11:32:54Z,2026-08-20T12:23:59Z
2026-08-23,,131.72,MAN,WRO,2026-08-20,Manchester,Wielka Brytania,Wrocław,Polska,ryanair,131.72,PLN,1.000000,price,,,MAN-WRO,2026-08-20T11:32:54Z,2026-08-20T12:23:59Z
2026-08-24,,79.00,MAN,WRO,2026-08-20,Manchester,Wielka Brytania,Wrocław,Polska,ryanair,79.0,PLN,1.000000,price,,,MAN-WRO,2026-08-20T11:32:54Z,2026-08-20T12:23:59Z
2026-08-27,,131.34,MAN,WRO,2026-08-20,Manchester,Wielka Brytania,Wrocław,Polska,ryanair,131.34,PLN,1.000000,price,,,MAN-WRO,2026-08-20T11:32:54Z,2026-08-20T12:23:59Z
2026-08-30,,79.00,MAN,WRO,2026-08-20,Manchester,Wielka Brytania,Wrocław,Polska,ryanair,79.0,PLN,1.000000,price,,,MAN-WRO,2026-08-20T11:32:54Z,2026-08-20T12:23:59Z
2026-08-31,,79.00,MAN,WRO,2026-08-20,Manchester,Wielka Brytania,Wrocław,Polska,ryanair,79.0,PLN,1.000000,price,,,MAN-WRO,2026-08-20T11:32:54Z,2026-08-20T12:23:59Z
2026-08-30,,431.96,MIL,GDN,2026-08-20,Mediolan,Włochy,Gdańsk,Polska,wizzair,99.99,EUR,4.320028,price,HI,False,MIL-GDN,2026-08-20T11:32:53Z,2026-08-20T12:23:59Z
2026-08-31,,172.76,MIL,GDN,2026-08-20,Mediolan,Włochy,Gdańsk,Polska,wizzair,39.99,EUR,4.320028,price,B,False,MIL-GDN,2026-08-20T11:32:53Z,2026-08-20T12:23:59Z
2026-08-29,,241.88,MIL,KRK,2026-08-20,Mediolan,Włochy,Kraków,Polska,wizzair,55.99,EUR,4.320028,price,KL,False,MIL-KRK,2026-08-20T11:32:53Z,2026-08-20T12:23:59Z
2026-08-30,,302.36,MIL,KRK,2026-08-20,Mediolan,Włochy,Kraków,Polska,wizzair,69.99,EUR,4.320028,price,J,False,MIL-KRK,2026-08-20T11:32:53Z,2026-08-20T12:23:59Z
2026-08-31,,198.68,MIL,KRK,2026-08-20,Mediolan,Włochy,Kraków,Polska,wizzair,45.99,EUR,4.320028,price,LB,False,MIL-KRK,2026-08-20T11:32:53Z,2026-08-20T12:23:59Z
2026-08-29,,259.16,MIL,WAW,2026-08-20,Mediolan,Włochy,Warszawa,Polska,wizzair,59.99,EUR,4.320028,price,L,True,MIL-WAW,2026-08-20T11:32:53Z,2026-08-20T12:23:59Z
2026-08-30,,259.16,MIL,WAW,2026-08-20,Mediolan,Włochy,Warszawa,Polska,wizzair,59.99,EUR,4.320028,price,L,True,MIL-WAW,2026-08-20T11:32:53Z,2026-08-20T12:23:59Z
2026-08-31,,172.76,MIL,WAW,2026-08-20,Mediolan,Włochy,Warszawa,Polska,wizzair,39.99,EUR,4.320028,price,O,True,MIL-WAW,2026-08-20T11:32:53Z,2026-08-20T12:23:59Z
2026-08-21,,464.17,MLA,GDN,2026-08-20,Valletta,Malta,Gdańsk,Polska,ryanair,464.17,PLN,1.000000,price,,,MLA-GDN,2026-08-20T11:32:54Z,2026-08-20T12:23:59Z
2026-08-23,,760.66,MLA,GDN,2026-08-20,Valletta,Malta,Gdańsk,Polska,ryanair,760.66,PLN,1.000000,price,,,MLA-GDN,2026-08-20T11:32:54Z,2026-08-20T12:23:59Z
2026-08-25,,577.44,MLA,GDN,2026-08-20,Valletta,Malta,Gdańsk,Polska,ryanair,577.44,PLN,1.000000,price,,,MLA-GDN,2026-08-20T11:32:54Z,2026-08-20T12:23:59Z
2026-08-26,,246.42,MLA,GDN,2026-08-20,Valletta,Malta,Gdańsk,Polska,ryanair,246.42,PLN,1.000000,price,,,MLA-GDN,2026-08-20T11:32:54Z,2026-08-20T12:23:59Z
2026-08-28,,743.38,MLA,GDN,2026-08-20,Valletta,Malta,Gdańsk,Polska,ryanair,743.38,PLN,1.000000,price,,,MLA-GDN,2026-08-20T11:32:54Z,2026-08-20T12:23:59Z
2026-08-30,,767.24,MLA,GDN,2026-08-20,Valletta,Malta,Gdańsk,Polska,ryanair,767.24,PLN,1.000000,price,,,MLA-GDN,2026-08-20T11:32:54Z,2026-08-20T12:23:59Z
2026-08-20,,1419.80,MLA,KRK,2026-08-20,Valletta,Malta,Kraków,Polska,ryanair,1419.8,PLN,1.000000,price,,,MLA-KRK,2026-08-20T11:32:54Z,2026-08-20T12:23:59Z
2026-08-21,,612.93,MLA,KRK,2026-08-20,Valletta,Malta,Kraków,Polska,ryanair,612.93,PLN,1.000000,price,,,MLA-KRK,2026-08-20T11:32:54Z,2026-08-20T12:23:59Z
2026-08-22,,613.71,MLA,KRK,2026-08-20,Valletta,Malta,Kraków,Polska,ryanair,613.71,PLN,1.000000,price,,,MLA-KRK,2026-08-20T11:32:54Z,2026-08-20T12:23:59Z
2026-08-24,,994.06,MLA,KRK,2026-08-20,Valletta,Malta,Kraków,Polska,ryanair,994.06,PLN,1.000000,price,,,MLA-KRK,2026-08-20T11:32:54Z,2026-08-20T12:23:59Z
2026-08-26,,1667.61,MLA,KRK,2026-08-20,Valletta,Malta,Kraków,Polska,ryanair,1667.61,PLN,1.000000,price,,,MLA-KRK,2026-08-20T11:32:54Z,2026-08-20T12:23:59Z
2026-08-28,,620.54,MLA,KRK,2026-08-20,Valletta,Malta,Kraków,Polska,ryanair,620.54,PLN,1.000000,price,,,MLA-KRK,2026-08-20T11:32:54Z,2026-08-20T12:23:59Z
2026-08-29,,875.76,MLA,KRK,2026-08-20,Valletta,Malta,Kraków,Polska,ryanair,875.76,PLN,1.000000,price,,,MLA-KRK,2026-08-20T11:32:54Z,2026-08-20T12:23:59Z
2026-08-31,,861.88,MLA,KRK,2026-08-20,Valletta,Malta,Kraków,Polska,ryanair,861.88,PLN,1.000000,price,,,MLA-KRK,2026-08-20T11:32:54Z,2026-08-20T12:23:59Z
2026-08-23,,1535.89,MLA,KTW,2026-08-20,Valletta,Malta,Katowice,Polska,ryanair,1535.89,PLN,1.000000,price,,,MLA-KTW,2026-08-20T11:32:54Z,2026-08-20T12:23:59Z
2026-08-25,,764.99,MLA,KTW,2026-08-20,Valletta,Malta,Katowice,Polska,ryanair,764.99,PLN,1.000000,price,,,MLA-KTW,2026-08-20T11:32:54Z,2026-08-20T12:23:59Z
2026-08-26,,1001.81,MLA,KTW,2026-08-20,Valletta,Malta,Katowice,Polska,ryanair,1001.81,PLN,1.000000,price,,,MLA-KTW,2026-08-20T11:32:54Z,2026-08-20T12:23:59Z
2026-08-27,,643.96,MLA,KTW,2026-08-20,Valletta,Malta,Katowice,Polska,ryanair,643.96,PLN,1.000000,price,,,MLA-KTW,2026-08-20T11:32:54Z,2026-08-20T12:23:59Z
2026-08-30,,998.38,MLA,KTW,2026-08-20,Valletta,Malta,Katowice,Polska,ryanair,998.38,PLN,1.000000,price,,,MLA-KTW,2026-08-20T11:32:54Z,2026-08-20T12:23:59Z
2026-08-21,,345.97,MLA,POZ,2026-08-20,Valletta,Malta,Poznań,Polska,ryanair,345.97,PLN,1.000000,price,,,MLA-POZ,2026-08-20T11:32:54Z,2026-08-20T12:23:59Z
2026-08-22,,624.91,MLA,POZ,2026-08-20,Valletta,Malta,Poznań,Polska,ryanair,624.91,PLN,1.000000,price,,,MLA-POZ,2026-08-20T11:32:54Z,2026-08-20T12:23:59Z
2026-08-24,,542.53,MLA,POZ,2026-08-20,Valletta,Malta,Poznań,Polska,ryanair,542.53,PLN,1.000000,price,,,MLA-POZ,2026-08-20T11:32:54Z,2026-08-20T12:23:59Z
2026-08-25,,327.00,MLA,POZ,2026-08-20,Valletta,Malta,Poznań,Polska,ryanair,327.0,PLN,1.000000,price,,,MLA-POZ,2026-08-20T11:32:54Z,2026-08-20T12:23:59Z
2026-08-26,,1379.31,MLA,POZ,2026-08-20,Valletta,Malta,Poznań,Polska,ryanair,1379.31,PLN,1.000000,price,,,MLA-POZ,2026-08-20T11:32:54Z,2026-08-20T12:23:59Z
2026-08-27,,565.00,MLA,POZ,2026-08-20,Valletta,Malta,Poznań,Polska,ryanair,565.0,PLN,1.000000,price,,,MLA-POZ,2026-08-20T11:32:54Z,2026-08-20T12:23:59Z
2026-08-28,,1693.89,MLA,POZ,2026-08-20,Valletta,Malta,Poznań,Polska,ryanair,1693.89,PLN,1.000000,price,,,MLA-POZ,2026-08-20T11:32:54Z,2026-08-20T12:23:59Z
2026-08-29,,1671.93,MLA,POZ,2026-08-20,Valletta,Malta,Poznań,Polska,ryanair,1671.93,PLN,1.000000,price,,,MLA-POZ,2026-08-20T11:32:54Z,2026-08-20T12:23:59Z
2026-08-31,,1117.17,MLA,POZ,2026-08-20,Valletta,Malta,Poznań,Polska,ryanair,1117.17,PLN,1.000000,price,,,MLA-POZ,2026-08-20T11:32:54Z,2026-08-20T12:23:59Z
2026-08-31,,647.96,MLA,WAW,2026-08-20,Valletta,Malta,Warszawa,Polska,wizzair,149.99,EUR,4.320028,price,HI,False,MLA-WAW,2026-08-20T11:32:53Z,2026-08-20T12:23:59Z
2026-08-20,,583.45,MLA,WMI,2026-08-20,Valletta,Malta,Warszawa,Polska,ryanair,583.45,PLN,1.000000,price,,,MLA-WMI,2026-08-20T11:32:54Z,2026-08-20T12:23:59Z
2026-08-21,,782.27,MLA,WMI,2026-08-20,Valletta,Malta,Warszawa,Polska,ryanair,782.27,PLN,1.000000,price,,,MLA-WMI,2026-08-20T11:32:54Z,2026-08-20T12:23:59Z
2026-08-22,,674.22,MLA,WMI,2026-08-20,Valletta,Malta,Warszawa,Polska,ryanair,674.22,PLN,1.000000,price,,,MLA-WMI,2026-08-20T11:32:54Z,2026-08-20T12:23:59Z
2026-08-24,,596.98,MLA,WMI,2026-08-20,Valletta,Malta,Warszawa,Polska,ryanair,596.98,PLN,1.000000,price,,,MLA-WMI,2026-08-20T11:32:54Z,2026-08-20T12:23:59Z
2026-08-25,,1158.31,MLA,WMI,2026-08-20,Valletta,Malta,Warszawa,Polska,ryanair,1158.31,PLN,1.000000,price,,,MLA-WMI,2026-08-20T11:32:54Z,2026-08-20T12:23:59Z
2026-08-26,,318.87,MLA,WMI,2026-08-20,Valletta,Malta,Warszawa,Polska,ryanair,318.87,PLN,1.000000,price,,,MLA-WMI,2026-08-20T11:32:54Z,2026-08-20T12:23:59Z
2026-08-27,,745.03,MLA,WMI,2026-08-20,Valletta,Malta,Warszawa,Polska,ryanair,745.03,PLN,1.000000,price,,,MLA-WMI,2026-08-20T11:32:54Z,2026-08-20T12:23:59Z
2026-08-28,,626.68,MLA,WMI,2026-08-20,Valletta,Malta,Warszawa,Polska,ryanair,626.68,PLN,1.000000,price,,,MLA-WMI,2026-08-20T11:32:54Z,2026-08-20T12:23:59Z
2026-08-29,,784.30,MLA,WMI,2026-08-20,Valletta,Malta,Warszawa,Polska,ryanair,784.3,PLN,1.000000,price,,,MLA-WMI,2026-08-20T11:32:54Z,2026-08-20T12:23:59Z
2026-08-30,,1110.76,MLA,WMI,2026-08-20,Valletta,Malta,Warszawa,Polska,ryanair,1110.76,PLN,1.000000,price,,,MLA-WMI,2026-08-20T11:32:54Z,2026-08-20T12:23:59Z
2026-08-31,,936.57,MLA,WMI,2026-08-20,Valletta,Malta,Warszawa,Polska,ryanair,936.57,PLN,1.000000,price,,,MLA-WMI,2026-08-20T11:32:54Z,2026-08-20T12:23:59Z
2026-08-21,,494.56,MLA,WRO,2026-08-20,Valletta,Malta,Wrocław,Polska,ryanair,494.56,PLN,1.000000,price,,,MLA-WRO,2026-08-20T11:32:54Z,2026-08-20T12:23:59Z
2026-08-22,,1535.89,MLA,WRO,2026-08-20,Valletta,Malta,Wrocław,Polska,ryanair,1535.89,PLN,1.000000,price,,,MLA-WRO,2026-08-20T11:32:54Z,2026-08-20T12:23:59Z
2026-08-23,,1727.50,MLA,WRO,2026-08-20,Valletta,Malta,Wrocław,Polska,ryanair,1727.5,PLN,1.000000,price,,,MLA-WRO,2026-08-20T11:32:54Z,2026-08-20T12:23:59Z
2026-08-24,,1401.99,MLA,WRO,2026-08-20,Valletta,Malta,Wrocław,Polska,ryanair,1401.99,PLN,1.000000,price,,,MLA-WRO,2026-08-20T11:32:54Z,2026-08-20T12:23:59Z
2026-08-25,,389.80,MLA,WRO,2026-08-20,Valletta,Malta,Wrocław,Polska,ryanair,389.8,PLN,1.000000,price,,,MLA-WRO,2026-08-20T11:32:54Z,2026-08-20T12:23:59Z
2026-08-26,,304.58,MLA,WRO,2026-08-20,Valletta,Malta,Wrocław,Polska,ryanair,304.58,PLN,1.000000,price,,,MLA-WRO,2026-08-20T11:32:54Z,2026-08-20T12:23:59Z
2026-08-27,,843.26,MLA,WRO,2026-08-20,Valletta,Malta,Wrocław,Polska,ryanair,843.26,PLN,1.000000,price,,,MLA-WRO,2026-08-20T11:32:54Z,2026-08-20T12:23:59Z
2026-08-28,,1480.31,MLA,WRO,2026-08-20,Valletta,Malta,Wrocław,Polska,ryanair,1480.31,PLN,1.000000,price,,,MLA-WRO,2026-08-20T11:32:54Z,2026-08-20T12:23:59Z
2026-08-29,,1766.27,MLA,WRO,2026-08-20,Valletta,Malta,Wrocław,Polska,ryanair,1766.27,PLN,1.000000,price,,,MLA-WRO,2026-08-20T11:32:54Z,2026-08-20T12:23:59Z
2026-08-30,,1761.95,MLA,WRO,2026-08-20,Valletta,Malta,Wrocław,Polska,ryanair,1761.95,PLN,1.000000,price,,,MLA-WRO,2026-08-20T11:32:54Z,2026-08-20T12:23:59Z
2026-08-31,,997.49,MLA,WRO,2026-08-20,Valletta,Malta,Wrocław,Polska,ryanair,997.49,PLN,1.000000,price,,,MLA-WRO,2026-08-20T11:32:54Z,2026-08-20T12:23:59Z
2026-08-20,,461.01,MMX,WMI,2026-08-20,Malmo,Szwecja,Warszawa,Polska,ryanair,461.01,PLN,1.000000,price,,,MMX-WMI,2026-08-20T11:32:54Z,2026-08-20T12:23:59Z
2026-08-24,,76.33,MMX,WMI,2026-08-20,Malmo,Szwecja,Warszawa,Polska,ryanair,76.33,PLN,1.000000,price,,,MMX-WMI,2026-08-20T11:32:54Z,2026-08-20T12:23:59Z
2026-08-27,,79.70,MMX,WMI,2026-08-20,Malmo,Szwecja,Warszawa,Polska,ryanair,79.7,PLN,1.000000,price,,,MMX-WMI,2026-08-20T11:32:54Z,2026-08-20T12:23:59Z
2026-08-31,,76.33,MMX,WMI,2026-08-20,Malmo,Szwecja,Warszawa,Polska,ryanair,76.33,PLN,1.000000,price,,,MMX-WMI,2026-08-20T11:32:54Z,2026-08-20T12:23:59Z
2026-08-21,,773.63,MRS,KRK,2026-08-20,Marsylia,Francja,Kraków,Polska,ryanair,773.63,PLN,1.000000,price,,,MRS-KRK,2026-08-20T11:32:54Z,2026-08-20T12:23:59Z
2026-08-24,,454.54,MRS,KRK,2026-08-20,Marsylia,Francja,Kraków,Polska,ryanair,454.54,PLN,1.000000,price,,,MRS-KRK,2026-08-20T11:32:54Z,2026-08-20T12:23:59Z
2026-08-26,,449.47,MRS,KRK,2026-08-20,Marsylia,Francja,Kraków,Polska,ryanair,449.47,PLN,1.000000,price,,,MRS-KRK,2026-08-20T11:32:54Z,2026-08-20T12:23:59Z
2026-08-28,,574.81,MRS,KRK,2026-08-20,Marsylia,Francja,Kraków,Polska,ryanair,574.81,PLN,1.000000,price,,,MRS-KRK,2026-08-20T11:32:54Z,2026-08-20T12:23:59Z
2026-08-31,,492.69,MRS,KRK,2026-08-20,Marsylia,Francja,Kraków,Polska,ryanair,492.69,PLN,1.000000,price,,,MRS-KRK,2026-08-20T11:32:54Z,2026-08-20T12:23:59Z
2026-08-22,,810.25,MRS,WRO,2026-08-20,Marsylia,Francja,Wrocław,Polska,ryanair,810.25,PLN,1.000000,price,,,MRS-WRO,2026-08-20T11:32:54Z,2026-08-20T12:23:59Z
2026-08-25,,232.96,MRS,WRO,2026-08-20,Marsylia,Francja,Wrocław,Polska,ryanair,232.96,PLN,1.000000,price,,,MRS-WRO,2026-08-20T11:32:54Z,2026-08-20T12:23:59Z
2026-08-29,,177.35,MRS,WRO,2026-08-20,Marsylia,Francja,Wrocław,Polska,ryanair,177.35,PLN,1.000000,price,,,MRS-WRO,2026-08-20T11:32:54Z,2026-08-20T12:23:59Z
2026-08-31,,129.56,MST,KTW,2026-08-20,Maastricht,Holandia,Katowice,Polska,wizzair,29.99,EUR,4.320028,price,PR,False,MST-KTW,2026-08-20T11:32:53Z,2026-08-20T12:23:59Z
2026-08-30,,431.96,MXP,GDN,2026-08-20,Mediolan,Włochy,Gdańsk,Polska,wizzair,99.99,EUR,4.320028,price,HI,False,MXP-GDN,2026-08-20T11:32:53Z,2026-08-20T12:23:59Z
2026-08-31,,172.76,MXP,GDN,2026-08-20,Mediolan,Włochy,Gdańsk,Polska,wizzair,39.99,EUR,4.320028,price,B,False,MXP-GDN,2026-08-20T11:32:53Z,2026-08-20T12:23:59Z
2026-08-21,,465.39,MXP,KRK,2026-08-20,Mediolan,Włochy,Kraków,Polska,ryanair,465.39,PLN,1.000000,price,,,MXP-KRK,2026-08-20T11:32:54Z,2026-08-20T12:23:59Z
2026-08-24,,311.47,MXP,KRK,2026-08-20,Mediolan,Włochy,Kraków,Polska,ryanair,311.47,PLN,1.000000,price,,,MXP-KRK,2026-08-20T11:32:54Z,2026-08-20T12:23:59Z
2026-08-28,,151.36,MXP,KRK,2026-08-20,Mediolan,Włochy,Kraków,Polska,ryanair,151.36,PLN,1.000000,price,,,MXP-KRK,2026-08-20T11:32:54Z,2026-08-20T12:23:59Z
2026-08-29,,241.88,MXP,KRK,2026-08-20,Mediolan,Włochy,Kraków,Polska,wizzair,55.99,EUR,4.320028,price,KL,False,MXP-KRK,2026-08-20T11:32:53Z,2026-08-20T12:23:59Z
2026-08-30,,302.36,MXP,KRK,2026-08-20,Mediolan,Włochy,Kraków,Polska,wizzair,69.99,EUR,4.320028,price,J,False,MXP-KRK,2026-08-20T11:32:53Z,2026-08-20T12:23:59Z
2026-08-31,,198.68,MXP,KRK,2026-08-20,Mediolan,Włochy,Kraków,Polska,wizzair,45.99,EUR,4.320028,price,LB,False,MXP-KRK,2026-08-20T11:32:53Z,2026-08-20T12:23:59Z
2026-08-29,,285.08,MXP,WAW,2026-08-20,Mediolan,Włochy,Warszawa,Polska,wizzair,65.99,EUR,4.320028,price,KL,False,MXP-WAW,2026-08-20T11:32:53Z,2026-08-20T12:23:59Z
2026-08-30,,259.16,MXP,WAW,2026-08-20,Mediolan,Włochy,Warszawa,Polska,wizzair,59.99,EUR,4.320028,price,L,False,MXP-WAW,2026-08-20T11:32:53Z,2026-08-20T12:23:59Z
2026-08-31,,172.76,MXP,WAW,2026-08-20,Mediolan,Włochy,Warszawa,Polska,wizzair,39.99,EUR,4.320028,price,O,False,MXP-WAW,2026-08-20T11:32:53Z,2026-08-20T12:23:59Z
2026-08-21,,262.26,MXP,WMI,2026-08-20,Mediolan,Włochy,Warszawa,Polska,ryanair,262.26,PLN,1.000000,price,,,MXP-WMI,2026-08-20T11:32:54Z,2026-08-20T12:23:59Z
2026-08-22,,503.50,MXP,WMI,2026-08-20,Mediolan,Włochy,Warszawa,Polska,ryanair,503.5,PLN,1.000000,price,,,MXP-WMI,2026-08-20T11:32:54Z,2026-08-20T12:23:59Z
2026-08-23,,412.00,MXP,WMI,2026-08-20,Mediolan,Włochy,Warszawa,Polska,ryanair,412.0,PLN,1.000000,price,,,MXP-WMI,2026-08-20T11:32:54Z,2026-08-20T12:23:59Z
2026-08-24,,233.74,MXP,WMI,2026-08-20,Mediolan,Włochy,Warszawa,Polska,ryanair,233.74,PLN,1.000000,price,,,MXP-WMI,2026-08-20T11:32:54Z,2026-08-20T12:23:59Z
2026-08-25,,98.82,MXP,WMI,2026-08-20,Mediolan,Włochy,Warszawa,Polska,ryanair,98.82,PLN,1.000000,price,,,MXP-WMI,2026-08-20T11:32:54Z,2026-08-20T12:23:59Z
2026-08-26,,85.33,MXP,WMI,2026-08-20,Mediolan,Włochy,Warszawa,Polska,ryanair,85.33,PLN,1.000000,price,,,MXP-WMI,2026-08-20T11:32:54Z,2026-08-20T12:23:59Z
2026-08-27,,118.97,MXP,WMI,2026-08-20,Mediolan,Włochy,Warszawa,Polska,ryanair,118.97,PLN,1.000000,price,,,MXP-WMI,2026-08-20T11:32:54Z,2026-08-20T12:23:59Z
2026-08-28,,111.32,MXP,WMI,2026-08-20,Mediolan,Włochy,Warszawa,Polska,ryanair,111.32,PLN,1.000000,price,,,MXP-WMI,2026-08-20T11:32:54Z,2026-08-20T12:23:59Z
2026-08-29,,176.77,MXP,WMI,2026-08-20,Mediolan,Włochy,Warszawa,Polska,ryanair,176.77,PLN,1.000000,price,,,MXP-WMI,2026-08-20T11:32:54Z,2026-08-20T12:23:59Z
2026-08-30,,274.14,MXP,WMI,2026-08-20,Mediolan,Włochy,Warszawa,Polska,ryanair,274.14,PLN,1.000000,price,,,MXP-WMI,2026-08-20T11:32:54Z,2026-08-20T12:23:59Z
2026-08-31,,94.32,MXP,WMI,2026-08-20,Mediolan,Włochy,Warszawa,Polska,ryanair,94.32,PLN,1.000000,price,,,MXP-WMI,2026-08-20T11:32:54Z,2026-08-20T12:23:59Z
2026-08-21,,859.96,NAP,GDN,2026-08-20,Neapol,Włochy,Gdańsk,Polska,ryanair,859.96,PLN,1.000000,price,,,NAP-GDN,2026-08-20T11:32:54Z,2026-08-20T12:23:59Z
2026-08-24,,1103.12,NAP,GDN,2026-08-20,Neapol,Włochy,Gdańsk,Polska,ryanair,1103.12,PLN,1.000000,price,,,NAP-GDN,2026-08-20T11:32:54Z,2026-08-20T12:23:59Z
2026-08-28,,349.03,NAP,GDN,2026-08-20,Neapol,Włochy,Gdańsk,Polska,ryanair,349.03,PLN,1.000000,price,,,NAP-GDN,2026-08-20T11:32:54Z,2026-08-20T12:23:59Z
2026-08-31,,702.42,NAP,GDN,2026-08-20,Neapol,Włochy,Gdańsk,Polska,ryanair,702.42,PLN,1.000000,price,,,NAP-GDN,2026-08-20T11:32:54Z,2026-08-20T12:23:59Z
2026-08-23,,874.81,NAP,KRK,2026-08-20,Neapol,Włochy,Kraków,Polska,ryanair,874.81,PLN,1.000000,price,,,NAP-KRK,2026-08-20T11:32:54Z,2026-08-20T12:23:59Z
2026-08-26,,344.72,NAP,KRK,2026-08-20,Neapol,Włochy,Kraków,Polska,ryanair,344.72,PLN,1.000000,price,,,NAP-KRK,2026-08-20T11:32:54Z,2026-08-20T12:23:59Z
2026-08-27,,432.18,NAP,KRK,2026-08-20,Neapol,Włochy,Kraków,Polska,ryanair,432.18,PLN,1.000000,price,,,NAP-KRK,2026-08-20T11:32:54Z,2026-08-20T12:23:59Z
2026-08-30,,446.74,NAP,KRK,2026-08-20,Neapol,Włochy,Kraków,Polska,ryanair,446.74,PLN,1.000000,price,,,NAP-KRK,2026-08-20T11:32:54Z,2026-08-20T12:23:59Z
2026-08-30,,431.96,NAP,KTW,2026-08-20,Neapol,Włochy,Katowice,Polska,wizzair,99.99,EUR,4.320028,price,JK,False,NAP-KTW,2026-08-20T11:32:53Z,2026-08-20T12:23:59Z
2026-08-31,,345.56,NAP,KTW,2026-08-20,Neapol,Włochy,Katowice,Polska,wizzair,79.99,EUR,4.320028,price,KL,False,NAP-KTW,2026-08-20T11:32:53Z,2026-08-20T12:23:59Z
2026-08-22,,657.91,NAP,WMI,2026-08-20,Neapol,Włochy,Warszawa,Polska,ryanair,657.91,PLN,1.000000,price,,,NAP-WMI,2026-08-20T11:32:54Z,2026-08-20T12:23:59Z
2026-08-25,,451.06,NAP,WMI,2026-08-20,Neapol,Włochy,Warszawa,Polska,ryanair,451.06,PLN,1.000000,price,,,NAP-WMI,2026-08-20T11:32:54Z,2026-08-20T12:23:59Z
2026-08-26,,461.91,NAP,WMI,2026-08-20,Neapol,Włochy,Warszawa,Polska,ryanair,461.91,PLN,1.000000,price,,,NAP-WMI,2026-08-20T11:32:54Z,2026-08-20T12:23:59Z
2026-08-29,,624.91,NAP,WMI,2026-08-20,Neapol,Włochy,Warszawa,Polska,ryanair,624.91,PLN,1.000000,price,,,NAP-WMI,2026-08-20T11:32:54Z,2026-08-20T12:23:59Z
2026-08-23,,764.99,NAP,WRO,2026-08-20,Neapol,Włochy,Wrocław,Polska,ryanair,764.99,PLN,1.000000,price,,,NAP-WRO,2026-08-20T11:32:54Z,2026-08-20T12:23:59Z
2026-08-26,,470.04,NAP,WRO,2026-08-20,Neapol,Włochy,Wrocław,Polska,ryanair,470.04,PLN,1.000000,price,,,NAP-WRO,2026-08-20T11:32:54Z,2026-08-20T12:23:59Z
2026-08-30,,278.75,NAP,WRO,2026-08-20,Neapol,Włochy,Wrocław,Polska,ryanair,278.75,PLN,1.000000,price,,,NAP-WRO,2026-08-20T11:32:54Z,2026-08-20T12:23:59Z
2026-08-29,,539.96,NCE,GDN,2026-08-20,Nicea,Francja,Gdańsk,Polska,wizzair,124.99,EUR,4.320028,price,IJ,False,NCE-GDN,2026-08-20T11:32:53Z,2026-08-20T12:23:59Z
2026-08-30,,777.56,NCE,KRK,2026-08-20,Nicea,Francja,Kraków,Polska,wizzair,179.99,EUR,4.320028,price,HI,False,NCE-KRK,2026-08-20T11:32:53Z,2026-08-20T12:23:59Z
2026-08-31,,691.16,NCE,KRK,2026-08-20,Nicea,Francja,Kraków,Polska,wizzair,159.99,EUR,4.320028,price,I,False,NCE-KRK,2026-08-20T11:32:53Z,2026-08-20T12:23:59Z
2026-08-29,,647.96,NCE,WAW,2026-08-20,Nicea,Francja,Warszawa,Polska,wizzair,149.99,EUR,4.320028,price,HI,False,NCE-WAW,2026-08-20T11:32:53Z,2026-08-20T12:23:59Z
2026-08-30,,583.16,NCE,WAW,2026-08-20,Nicea,Francja,Warszawa,Polska,wizzair,134.99,EUR,4.320028,price,I,False,NCE-WAW,2026-08-20T11:32:53Z,2026-08-20T12:23:59Z
2026-08-31,,431.96,NCE,WAW,2026-08-20,Nicea,Francja,Warszawa,Polska,wizzair,99.99,EUR,4.320028,price,JK,False,NCE-WAW,2026-08-20T11:32:53Z,2026-08-20T12:23:59Z
2026-08-21,,308.21,NCL,GDN,2026-08-20,Newcastle,Wielka Brytania,Gdańsk,Polska,ryanair,308.21,PLN,1.000000,price,,,NCL-GDN,2026-08-20T11:32:54Z,2026-08-20T12:23:59Z
2026-08-23,,518.74,NCL,GDN,2026-08-20,Newcastle,Wielka Brytania,Gdańsk,Polska,ryanair,518.74,PLN,1.000000,price,,,NCL-GDN,2026-08-20T11:32:54Z,2026-08-20T12:23:59Z
2026-08-25,,79.00,NCL,GDN,2026-08-20,Newcastle,Wielka Brytania,Gdańsk,Polska,ryanair,79.0,PLN,1.000000,price,,,NCL-GDN,2026-08-20T11:32:54Z,2026-08-20T12:23:59Z
2026-08-26,,79.00,NCL,GDN,2026-08-20,Newcastle,Wielka Brytania,Gdańsk,Polska,ryanair,79.0,PLN,1.000000,price,,,NCL-GDN,2026-08-20T11:32:54Z,2026-08-20T12:23:59Z
2026-08-28,,145.63,NCL,GDN,2026-08-20,Newcastle,Wielka Brytania,Gdańsk,Polska,ryanair,145.63,PLN,1.000000,price,,,NCL-GDN,2026-08-20T11:32:54Z,2026-08-20T12:23:59Z
2026-08-30,,79.00,NCL,GDN,2026-08-20,Newcastle,Wielka Brytania,Gdańsk,Polska,ryanair,79.0,PLN,1.000000,price,,,NCL-GDN,2026-08-20T11:32:54Z,2026-08-20T12:23:59Z
2026-08-22,,394.12,NCL,KRK,2026-08-20,Newcastle,Wielka Brytania,Kraków,Polska,ryanair,394.12,PLN,1.000000,price,,,NCL-KRK,2026-08-20T11:32:54Z,2026-08-20T12:23:59Z
2026-08-23,,482.20,NCL,KRK,2026-08-20,Newcastle,Wielka Brytania,Kraków,Polska,ryanair,482.2,PLN,1.000000,price,,,NCL-KRK,2026-08-20T11:32:54Z,2026-08-20T12:23:59Z
2026-08-24,,236.05,NCL,KRK,2026-08-20,Newcastle,Wielka Brytania,Kraków,Polska,ryanair,236.05,PLN,1.000000,price,,,NCL-KRK,2026-08-20T11:32:54Z,2026-08-20T12:23:59Z
2026-08-25,,95.00,NCL,KRK,2026-08-20,Newcastle,Wielka Brytania,Kraków,Polska,ryanair,95.0,PLN,1.000000,price,,,NCL-KRK,2026-08-20T11:32:54Z,2026-08-20T12:23:59Z
2026-08-26,,210.93,NCL,KRK,2026-08-20,Newcastle,Wielka Brytania,Kraków,Polska,ryanair,210.93,PLN,1.000000,price,,,NCL-KRK,2026-08-20T11:32:54Z,2026-08-20T12:23:59Z
2026-08-29,,311.40,NCL,KRK,2026-08-20,Newcastle,Wielka Brytania,Kraków,Polska,ryanair,311.4,PLN,1.000000,price,,,NCL-KRK,2026-08-20T11:32:54Z,2026-08-20T12:23:59Z
2026-08-30,,175.77,NCL,KRK,2026-08-20,Newcastle,Wielka Brytania,Kraków,Polska,ryanair,175.77,PLN,1.000000,price,,,NCL-KRK,2026-08-20T11:32:54Z,2026-08-20T12:23:59Z
2026-08-31,,90.91,NCL,KRK,2026-08-20,Newcastle,Wielka Brytania,Kraków,Polska,ryanair,90.91,PLN,1.000000,price,,,NCL-KRK,2026-08-20T11:32:54Z,2026-08-20T12:23:59Z
2026-08-22,,262.73,NCL,WRO,2026-08-20,Newcastle,Wielka Brytania,Wrocław,Polska,ryanair,262.73,PLN,1.000000,price,,,NCL-WRO,2026-08-20T11:32:54Z,2026-08-20T12:23:59Z
2026-08-25,,166.71,NCL,WRO,2026-08-20,Newcastle,Wielka Brytania,Wrocław,Polska,ryanair,166.71,PLN,1.000000,price,,,NCL-WRO,2026-08-20T11:32:54Z,2026-08-20T12:23:59Z
2026-08-29,,79.00,NCL,WRO,2026-08-20,Newcastle,Wielka Brytania,Wrocław,Polska,ryanair,79.0,PLN,1.000000,price,,,NCL-WRO,2026-08-20T11:32:54Z,2026-08-20T12:23:59Z
2026-08-30,,226.86,NYO,WAW,2026-08-20,Sztokholm Skavsta,Szwecja,Warszawa,Polska,wizzair,579.0,SEK,0.391806,price,L,False,NYO-WAW,2026-08-20T11:32:53Z,2026-08-20T12:23:59Z
2026-08-31,,179.84,NYO,WAW,2026-08-20,Sztokholm Skavsta,Szwecja,Warszawa,Polska,wizzair,459.0,SEK,0.391806,price,B,False,NYO-WAW,2026-08-20T11:32:53Z,2026-08-20T12:23:59Z
2026-08-30,,568.62,OHD,WRO,2026-08-20,Ochryda,Macedonia Północna,Wrocław,Polska,wizzair,8089.0,MKD,0.070296,price,IJ,False,OHD-WRO,2026-08-20T11:32:53Z,2026-08-20T12:23:59Z
2026-08-20,,700.15,OLB,KRK,2026-08-20,Olbia,Włochy,Kraków,Polska,ryanair,700.15,PLN,1.000000,price,,,OLB-KRK,2026-08-20T11:32:54Z,2026-08-20T12:23:59Z
2026-08-21,,998.38,OLB,KRK,2026-08-20,Olbia,Włochy,Kraków,Polska,ryanair,998.38,PLN,1.000000,price,,,OLB-KRK,2026-08-20T11:32:54Z,2026-08-20T12:23:59Z
2026-08-24,,534.35,OLB,KRK,2026-08-20,Olbia,Włochy,Kraków,Polska,ryanair,534.35,PLN,1.000000,price,,,OLB-KRK,2026-08-20T11:32:54Z,2026-08-20T12:23:59Z
2026-08-26,,749.83,OLB,KRK,2026-08-20,Olbia,Włochy,Kraków,Polska,ryanair,749.83,PLN,1.000000,price,,,OLB-KRK,2026-08-20T11:32:54Z,2026-08-20T12:23:59Z
2026-08-27,,374.32,OLB,KRK,2026-08-20,Olbia,Włochy,Kraków,Polska,ryanair,374.32,PLN,1.000000,price,,,OLB-KRK,2026-08-20T11:32:54Z,2026-08-20T12:23:59Z
2026-08-28,,309.51,OLB,KRK,2026-08-20,Olbia,Włochy,Kraków,Polska,ryanair,309.51,PLN,1.000000,price,,,OLB-KRK,2026-08-20T11:32:54Z,2026-08-20T12:23:59Z
2026-08-29,,316.78,OOS,GDN,2026-08-20,Oslo (Wszystkie lotniska),Norwegia,Gdańsk,Polska,wizzair,799.0,NOK,0.396472,price,K,False,OOS-GDN,2026-08-20T11:32:53Z,2026-08-20T12:23:59Z
2026-08-30,,162.16,OOS,GDN,2026-08-20,Oslo (Wszystkie lotniska),Norwegia,Gdańsk,Polska,wizzair,409.0,NOK,0.396472,price,OP,False,OOS-GDN,2026-08-20T11:32:53Z,2026-08-20T12:23:59Z
2026-08-31,,102.69,OOS,GDN,2026-08-20,Oslo (Wszystkie lotniska),Norwegia,Gdańsk,Polska,wizzair,259.0,NOK,0.396472,price,RS,False,OOS-GDN,2026-08-20T11:32:53Z,2026-08-20T12:23:59Z
2026-08-30,,522.95,OOS,KRK,2026-08-20,Oslo (Wszystkie lotniska),Norwegia,Kraków,Polska,wizzair,1319.0,NOK,0.396472,price,I,False,OOS-KRK,2026-08-20T11:32:53Z,2026-08-20T12:23:59Z
2026-08-31,,407.97,OOS,KRK,2026-08-20,Oslo (Wszystkie lotniska),Norwegia,Kraków,Polska,wizzair,1029.0,NOK,0.396472,price,J,False,OOS-KRK,2026-08-20T11:32:53Z,2026-08-20T12:23:59Z
2026-08-29,,451.58,OOS,WAW,2026-08-20,Oslo (Wszystkie lotniska),Norwegia,Warszawa,Polska,wizzair,1139.0,NOK,0.396472,price,IJ,False,OOS-WAW,2026-08-20T11:32:53Z,2026-08-20T12:23:59Z
2026-08-30,,566.56,OOS,WAW,2026-08-20,Oslo (Wszystkie lotniska),Norwegia,Warszawa,Polska,wizzair,1429.0,NOK,0.396472,price,HI,False,OOS-WAW,2026-08-20T11:32:53Z,2026-08-20T12:23:59Z
2026-08-31,,296.96,OOS,WAW,2026-08-20,Oslo (Wszystkie lotniska),Norwegia,Warszawa,Polska,wizzair,749.0,NOK,0.396472,price,KL,False,OOS-WAW,2026-08-20T11:32:53Z,2026-08-20T12:23:59Z
2026-08-23,,1233.45,OPO,KRK,2026-08-20,Porto,Portugalia,Kraków,Polska,ryanair,1233.45,PLN,1.000000,price,,,OPO-KRK,2026-08-20T11:32:54Z,2026-08-20T12:23:59Z
2026-08-25,,868.32,OPO,KRK,2026-08-20,Porto,Portugalia,Kraków,Polska,ryanair,868.32,PLN,1.000000,price,,,OPO-KRK,2026-08-20T11:32:54Z,2026-08-20T12:23:59Z
2026-08-26,,1788.13,OPO,KRK,2026-08-20,Porto,Portugalia,Kraków,Polska,ryanair,1788.13,PLN,1.000000,price,,,OPO-KRK,2026-08-20T11:32:54Z,2026-08-20T12:23:59Z
2026-08-27,,578.32,OPO,KRK,2026-08-20,Porto,Portugalia,Kraków,Polska,ryanair,578.32,PLN,1.000000,price,,,OPO-KRK,2026-08-20T11:32:54Z,2026-08-20T12:23:59Z
2026-08-30,,829.32,OPO,KRK,2026-08-20,Porto,Portugalia,Kraków,Polska,ryanair,829.32,PLN,1.000000,price,,,OPO-KRK,2026-08-20T11:32:54Z,2026-08-20T12:23:59Z
2026-08-30,,539.96,OPO,KTW,2026-08-20,Porto,Portugalia,Katowice,Polska,wizzair,124.99,EUR,4.320028,price,HI,False,OPO-KTW,2026-08-20T11:32:53Z,2026-08-20T12:23:59Z
2026-08-20,,853.24,OPO,WAW,2026-08-20,Porto,Portugalia,Warszawa,Polska,ryanair,853.24,PLN,1.000000,price,,,OPO-WAW,2026-08-20T11:32:54Z,2026-08-20T12:23:59Z
2026-08-23,,1380.62,OPO,WAW,2026-08-20,Porto,Portugalia,Warszawa,Polska,ryanair,1380.62,PLN,1.000000,price,,,OPO-WAW,2026-08-20T11:32:54Z,2026-08-20T12:23:59Z
2026-08-27,,624.89,OPO,WAW,2026-08-20,Porto,Portugalia,Warszawa,Polska,ryanair,624.89,PLN,1.000000,price,,,OPO-WAW,2026-08-20T11:32:54Z,2026-08-20T12:23:59Z
2026-08-30,,1425.82,OPO,WAW,2026-08-20,Porto,Portugalia,Warszawa,Polska,ryanair,1425.82,PLN,1.000000,price,,,OPO-WAW,2026-08-20T11:32:54Z,2026-08-20T12:23:59Z
2026-08-31,,647.96,OPO,WAW,2026-08-20,Porto,Portugalia,Warszawa,Polska,wizzair,149.99,EUR,4.320028,price,HI,False,OPO-WAW,2026-08-20T11:32:53Z,2026-08-20T12:23:59Z
2026-08-23,,1125.66,OPO,WMI,2026-08-20,Porto,Portugalia,Warszawa,Polska,ryanair,1125.66,PLN,1.000000,price,,,OPO-WMI,2026-08-20T11:32:54Z,2026-08-20T12:23:59Z
2026-08-26,,1797.88,OPO,WMI,2026-08-20,Porto,Portugalia,Warszawa,Polska,ryanair,1797.88,PLN,1.000000,price,,,OPO-WMI,2026-08-20T11:32:54Z,2026-08-20T12:23:59Z
2026-08-30,,569.00,OPO,WMI,2026-08-20,Porto,Portugalia,Warszawa,Polska,ryanair,569.0,PLN,1.000000,price,,,OPO-WMI,2026-08-20T11:32:54Z,2026-08-20T12:23:59Z
2026-08-22,,1665.70,OPO,WRO,2026-08-20,Porto,Portugalia,Wrocław,Polska,ryanair,1665.7,PLN,1.000000,price,,,OPO-WRO,2026-08-20T11:32:54Z,2026-08-20T12:23:59Z
2026-08-26,,437.31,OPO,WRO,2026-08-20,Porto,Portugalia,Wrocław,Polska,ryanair,437.31,PLN,1.000000,price,,,OPO-WRO,2026-08-20T11:32:54Z,2026-08-20T12:23:59Z
2026-08-29,,887.25,OPO,WRO,2026-08-20,Porto,Portugalia,Wrocław,Polska,ryanair,887.25,PLN,1.000000,price,,,OPO-WRO,2026-08-20T11:32:54Z,2026-08-20T12:23:59Z
2026-08-29,,371.48,ORY,WAW,2026-08-20,Paryż,Francja,Warszawa,Polska,wizzair,85.99,EUR,4.320028,price,LB,False,ORY-WAW,2026-08-20T11:32:53Z,2026-08-20T12:23:59Z
2026-08-30,,691.16,ORY,WAW,2026-08-20,Paryż,Francja,Warszawa,Polska,wizzair,159.99,EUR,4.320028,price,I,False,ORY-WAW,2026-08-20T11:32:53Z,2026-08-20T12:23:59Z
2026-08-31,,561.56,ORY,WAW,2026-08-20,Paryż,Francja,Warszawa,Polska,wizzair,129.99,EUR,4.320028,price,J,False,ORY-WAW,2026-08-20T11:32:53Z,2026-08-20T12:23:59Z
2026-08-29,,316.78,OSL,GDN,2026-08-20,Oslo,Norwegia,Gdańsk,Polska,wizzair,799.0,NOK,0.396472,price,K,False,OSL-GDN,2026-08-20T11:32:53Z,2026-08-20T12:23:59Z
2026-08-30,,162.16,OSL,GDN,2026-08-20,Oslo,Norwegia,Gdańsk,Polska,wizzair,409.0,NOK,0.396472,price,OP,False,OSL-GDN,2026-08-20T11:32:53Z,2026-08-20T12:23:59Z
2026-08-31,,102.69,OSL,GDN,2026-08-20,Oslo,Norwegia,Gdańsk,Polska,wizzair,259.0,NOK,0.396472,price,RS,False,OSL-GDN,2026-08-20T11:32:53Z,2026-08-20T12:23:59Z
2026-08-30,,522.95,OSL,KRK,2026-08-20,Oslo,Norwegia,Kraków,Polska,wizzair,1319.0,NOK,0.396472,price,I,False,OSL-KRK,2026-08-20T11:32:53Z,2026-08-20T12:23:59Z
2026-08-31,,407.97,OSL,KRK,2026-08-20,Oslo,Norwegia,Kraków,Polska,wizzair,1029.0,NOK,0.396472,price,J,False,OSL-KRK,2026-08-20T11:32:53Z,2026-08-20T12:23:59Z
2026-08-22,,220.42,OSL,KTW,2026-08-20,Oslo,Norwegia,Katowice,Polska,ryanair,220.42,PLN,1.000000,price,,,OSL-KTW,2026-08-20T11:32:54Z,2026-08-20T12:23:59Z
2026-08-24,,390.55,OSL,KTW,2026-08-20,Oslo,Norwegia,Katowice,Polska,ryanair,390.55,PLN,1.000000,price,,,OSL-KTW,2026-08-20T11:32:54Z,2026-08-20T12:23:59Z
2026-08-26,,206.90,OSL,KTW,2026-08-20,Oslo,Norwegia,Katowice,Polska,ryanair,206.9,PLN,1.000000,price,,,OSL-KTW,2026-08-20T11:32:54Z,2026-08-20T12:23:59Z
2026-08-29,,461.37,OSL,KTW,2026-08-20,Oslo,Norwegia,Katowice,Polska,ryanair,461.37,PLN,1.000000,price,,,OSL-KTW,2026-08-20T11:32:54Z,2026-08-20T12:23:59Z
2026-08-31,,185.30,OSL,KTW,2026-08-20,Oslo,Norwegia,Katowice,Polska,ryanair,185.3,PLN,1.000000,price,,,OSL-KTW,2026-08-20T11:32:54Z,2026-08-20T12:23:59Z
2026-08-21,,259.07,OTP,GDN,2026-08-20,Bukareszt,Rumunia,Gdańsk,Polska,ryanair,259.07,PLN,1.000000,price,,,OTP-GDN,2026-08-20T11:32:54Z,2026-08-20T12:23:59Z
2026-08-22,,353.79,OTP,GDN,2026-08-20,Bukareszt,Rumunia,Gdańsk,Polska,ryanair,353.79,PLN,1.000000,price,,,OTP-GDN,2026-08-20T11:32:54Z,2026-08-20T12:23:59Z
2026-08-25,,374.32,OTP,GDN,2026-08-20,Bukareszt,Rumunia,Gdańsk,Polska,ryanair,374.32,PLN,1.000000,price,,,OTP-GDN,2026-08-20T11:32:54Z,2026-08-20T12:23:59Z
2026-08-28,,207.08,OTP,GDN,2026-08-20,Bukareszt,Rumunia,Gdańsk,Polska,ryanair,207.08,PLN,1.000000,price,,,OTP-GDN,2026-08-20T11:32:54Z,2026-08-20T12:23:59Z
2026-08-29,,266.58,OTP,GDN,2026-08-20,Bukareszt,Rumunia,Gdańsk,Polska,ryanair,266.58,PLN,1.000000,price,,,OTP-GDN,2026-08-20T11:32:54Z,2026-08-20T12:23:59Z
2026-08-30,,221.70,OTP,GDN,2026-08-20,Bukareszt,Rumunia,Gdańsk,Polska,wizzair,269.0,RON,0.824152,price,L,False,OTP-GDN,2026-08-20T11:32:53Z,2026-08-20T12:23:59Z
2026-08-31,,271.15,OTP,GDN,2026-08-20,Bukareszt,Rumunia,Gdańsk,Polska,wizzair,329.0,RON,0.824152,price,K,False,OTP-GDN,2026-08-20T11:32:53Z,2026-08-20T12:23:59Z
2026-08-29,,371.48,PAR,WAW,2026-08-20,Paryż,Francja,Warszawa,Polska,wizzair,85.99,EUR,4.320028,price,LB,False,PAR-WAW,2026-08-20T11:32:53Z,2026-08-20T12:23:59Z
2026-08-30,,691.16,PAR,WAW,2026-08-20,Paryż,Francja,Warszawa,Polska,wizzair,159.99,EUR,4.320028,price,I,False,PAR-WAW,2026-08-20T11:32:53Z,2026-08-20T12:23:59Z
2026-08-31,,561.56,PAR,WAW,2026-08-20,Paryż,Francja,Warszawa,Polska,wizzair,129.99,EUR,4.320028,price,J,False,PAR-WAW,2026-08-20T11:32:53Z,2026-08-20T12:23:59Z
2026-08-21,,492.69,PEG,KRK,2026-08-20,Perugia,Włochy,Kraków,Polska,ryanair,492.69,PLN,1.000000,price,,,PEG-KRK,2026-08-20T11:32:54Z,2026-08-20T12:23:59Z
2026-08-22,,193.41,PEG,KRK,2026-08-20,Perugia,Włochy,Kraków,Polska,ryanair,193.41,PLN,1.000000,price,,,PEG-KRK,2026-08-20T11:32:54Z,2026-08-20T12:23:59Z
2026-08-24,,721.76,PEG,KRK,2026-08-20,Perugia,Włochy,Kraków,Polska,ryanair,721.76,PLN,1.000000,price,,,PEG-KRK,2026-08-20T11:32:54Z,2026-08-20T12:23:59Z
2026-08-28,,276.58,PEG,KRK,2026-08-20,Perugia,Włochy,Kraków,Polska,ryanair,276.58,PLN,1.000000,price,,,PEG-KRK,2026-08-20T11:32:54Z,2026-08-20T12:23:59Z
2026-08-29,,232.68,PEG,KRK,2026-08-20,Perugia,Włochy,Kraków,Polska,ryanair,232.68,PLN,1.000000,price,,,PEG-KRK,2026-08-20T11:32:54Z,2026-08-20T12:23:59Z
2026-08-31,,400.75,PEG,KRK,2026-08-20,Perugia,Włochy,Kraków,Polska,ryanair,400.75,PLN,1.000000,price,,,PEG-KRK,2026-08-20T11:32:54Z,2026-08-20T12:23:59Z
2026-08-22,,851.29,PFO,GDN,2026-08-20,Pafos,Cypr,Gdańsk,Polska,ryanair,851.29,PLN,1.000000,price,,,PFO-GDN,2026-08-20T11:32:54Z,2026-08-20T12:23:59Z
2026-08-24,,388.95,PFO,GDN,2026-08-20,Pafos,Cypr,Gdańsk,Polska,ryanair,388.95,PLN,1.000000,price,,,PFO-GDN,2026-08-20T11:32:54Z,2026-08-20T12:23:59Z
2026-08-25,,380.31,PFO,GDN,2026-08-20,Pafos,Cypr,Gdańsk,Polska,ryanair,380.31,PLN,1.000000,price,,,PFO-GDN,2026-08-20T11:32:54Z,2026-08-20T12:23:59Z
2026-08-29,,717.44,PFO,GDN,2026-08-20,Pafos,Cypr,Gdańsk,Polska,ryanair,717.44,PLN,1.000000,price,,,PFO-GDN,2026-08-20T11:32:54Z,2026-08-20T12:23:59Z
2026-08-31,,588.34,PFO,GDN,2026-08-20,Pafos,Cypr,Gdańsk,Polska,ryanair,588.34,PLN,1.000000,price,,,PFO-GDN,2026-08-20T11:32:54Z,2026-08-20T12:23:59Z
2026-08-21,,1175.60,PFO,KRK,2026-08-20,Pafos,Cypr,Kraków,Polska,ryanair,1175.6,PLN,1.000000,price,,,PFO-KRK,2026-08-20T11:32:54Z,2026-08-20T12:23:59Z
2026-08-24,,551.59,PFO,KRK,2026-08-20,Pafos,Cypr,Kraków,Polska,ryanair,551.59,PLN,1.000000,price,,,PFO-KRK,2026-08-20T11:32:54Z,2026-08-20T12:23:59Z
2026-08-28,,861.88,PFO,KRK,2026-08-20,Pafos,Cypr,Kraków,Polska,ryanair,861.88,PLN,1.000000,price,,,PFO-KRK,2026-08-20T11:32:54Z,2026-08-20T12:23:59Z
2026-08-31,,810.16,PFO,KRK,2026-08-20,Pafos,Cypr,Kraków,Polska,ryanair,810.16,PLN,1.000000,price,,,PFO-KRK,2026-08-20T11:32:54Z,2026-08-20T12:23:59Z
2026-08-22,,871.44,PFO,KTW,2026-08-20,Pafos,Cypr,Katowice,Polska,ryanair,871.44,PLN,1.000000,price,,,PFO-KTW,2026-08-20T11:32:54Z,2026-08-20T12:23:59Z
2026-08-25,,596.98,PFO,KTW,2026-08-20,Pafos,Cypr,Katowice,Polska,ryanair,596.98,PLN,1.000000,price,,,PFO-KTW,2026-08-20T11:32:54Z,2026-08-20T12:23:59Z
2026-08-29,,617.25,PFO,KTW,2026-08-20,Pafos,Cypr,Katowice,Polska,ryanair,617.25,PLN,1.000000,price,,,PFO-KTW,2026-08-20T11:32:54Z,2026-08-20T12:23:59Z
2026-08-24,,1439.25,PFO,POZ,2026-08-20,Pafos,Cypr,Poznań,Polska,ryanair,1439.25,PLN,1.000000,price,,,PFO-POZ,2026-08-20T11:32:54Z,2026-08-20T12:23:59Z
2026-08-27,,564.09,PFO,POZ,2026-08-20,Pafos,Cypr,Poznań,Polska,ryanair,564.09,PLN,1.000000,price,,,PFO-POZ,2026-08-20T11:32:54Z,2026-08-20T12:23:59Z
2026-08-31,,870.50,PFO,POZ,2026-08-20,Pafos,Cypr,Poznań,Polska,ryanair,870.5,PLN,1.000000,price,,,PFO-POZ,2026-08-20T11:32:54Z,2026-08-20T12:23:59Z
2026-08-21,,759.23,PFO,WAW,2026-08-20,Pafos,Cypr,Warszawa,Polska,ryanair,759.23,PLN,1.000000,price,,,PFO-WAW,2026-08-20T11:32:54Z,2026-08-20T12:23:59Z
2026-08-23,,1473.93,PFO,WAW,2026-08-20,Pafos,Cypr,Warszawa,Polska,ryanair,1473.93,PLN,1.000000,price,,,PFO-WAW,2026-08-20T11:32:54Z,2026-08-20T12:23:59Z
2026-08-28,,722.32,PFO,WAW,2026-08-20,Pafos,Cypr,Warszawa,Polska,ryanair,722.32,PLN,1.000000,price,,,PFO-WAW,2026-08-20T11:32:54Z,2026-08-20T12:23:59Z
2026-08-30,,1833.31,PFO,WAW,2026-08-20,Pafos,Cypr,Warszawa,Polska,ryanair,1833.31,PLN,1.000000,price,,,PFO-WAW,2026-08-20T11:32:54Z,2026-08-20T12:23:59Z
2026-08-21,,871.44,PFO,WMI,2026-08-20,Pafos,Cypr,Warszawa,Polska,ryanair,871.44,PLN,1.000000,price,,,PFO-WMI,2026-08-20T11:32:54Z,2026-08-20T12:23:59Z
2026-08-22,,492.51,PFO,WMI,2026-08-20,Pafos,Cypr,Warszawa,Polska,ryanair,492.51,PLN,1.000000,price,,,PFO-WMI,2026-08-20T11:32:54Z,2026-08-20T12:23:59Z
2026-08-25,,1689.57,PFO,WMI,2026-08-20,Pafos,Cypr,Warszawa,Polska,ryanair,1689.57,PLN,1.000000,price,,,PFO-WMI,2026-08-20T11:32:54Z,2026-08-20T12:23:59Z
2026-08-28,,779.82,PFO,WMI,2026-08-20,Pafos,Cypr,Warszawa,Polska,ryanair,779.82,PLN,1.000000,price,,,PFO-WMI,2026-08-20T11:32:54Z,2026-08-20T12:23:59Z
2026-08-29,,662.23,PFO,WMI,2026-08-20,Pafos,Cypr,Warszawa,Polska,ryanair,662.23,PLN,1.000000,price,,,PFO-WMI,2026-08-20T11:32:54Z,2026-08-20T12:23:59Z
2026-08-25,,920.39,PFO,WRO,2026-08-20,Pafos,Cypr,Wrocław,Polska,ryanair,920.39,PLN,1.000000,price,,,PFO-WRO,2026-08-20T11:32:54Z,2026-08-20T12:23:59Z
2026-08-27,,964.65,PFO,WRO,2026-08-20,Pafos,Cypr,Wrocław,Polska,ryanair,964.65,PLN,1.000000,price,,,PFO-WRO,2026-08-20T11:32:54Z,2026-08-20T12:23:59Z
2026-08-30,,1676.57,PFO,WRO,2026-08-20,Pafos,Cypr,Wrocław,Polska,ryanair,1676.57,PLN,1.000000,price,,,PFO-WRO,2026-08-20T11:32:54Z,2026-08-20T12:23:59Z
2026-08-23,,466.13,PMI,GDN,2026-08-20,Majorka,Hiszpania,Gdańsk,Polska,ryanair,466.13,PLN,1.000000,price,,,PMI-GDN,2026-08-20T11:32:54Z,2026-08-20T12:23:59Z
2026-08-27,,350.55,PMI,GDN,2026-08-20,Majorka,Hiszpania,Gdańsk,Polska,ryanair,350.55,PLN,1.000000,price,,,PMI-GDN,2026-08-20T11:32:54Z,2026-08-20T12:23:59Z
2026-08-30,,660.23,PMI,GDN,2026-08-20,Majorka,Hiszpania,Gdańsk,Polska,ryanair,660.23,PLN,1.000000,price,,,PMI-GDN,2026-08-20T11:32:54Z,2026-08-20T12:23:59Z
2026-08-31,,539.96,PMI,GDN,2026-08-20,Majorka,Hiszpania,Gdańsk,Polska,wizzair,124.99,EUR,4.320028,price,HI,False,PMI-GDN,2026-08-20T11:32:53Z,2026-08-20T12:23:59Z
2026-08-20,,1144.03,PMI,KRK,2026-08-20,Majorka,Hiszpania,Kraków,Polska,ryanair,1144.03,PLN,1.000000,price,,,PMI-KRK,2026-08-20T11:32:54Z,2026-08-20T12:23:59Z
2026-08-22,,746.54,PMI,KRK,2026-08-20,Majorka,Hiszpania,Kraków,Polska,ryanair,746.54,PLN,1.000000,price,,,PMI-KRK,2026-08-20T11:32:54Z,2026-08-20T12:23:59Z
2026-08-23,,618.50,PMI,KRK,2026-08-20,Majorka,Hiszpania,Kraków,Polska,ryanair,618.5,PLN,1.000000,price,,,PMI-KRK,2026-08-20T11:32:54Z,2026-08-20T12:23:59Z
2026-08-24,,1544.52,PMI,KRK,2026-08-20,Majorka,Hiszpania,Kraków,Polska,ryanair,1544.52,PLN,1.000000,price,,,PMI-KRK,2026-08-20T11:32:54Z,2026-08-20T12:23:59Z
2026-08-25,,902.62,PMI,KRK,2026-08-20,Majorka,Hiszpania,Kraków,Polska,ryanair,902.62,PLN,1.000000,price,,,PMI-KRK,2026-08-20T11:32:54Z,2026-08-20T12:23:59Z
2026-08-26,,1763.51,PMI,KRK,2026-08-20,Majorka,Hiszpania,Kraków,Polska,ryanair,1763.51,PLN,1.000000,price,,,PMI-KRK,2026-08-20T11:32:54Z,2026-08-20T12:23:59Z
2026-08-27,,957.95,PMI,KRK,2026-08-20,Majorka,Hiszpania,Kraków,Polska,ryanair,957.95,PLN,1.000000,price,,,PMI-KRK,2026-08-20T11:32:54Z,2026-08-20T12:23:59Z
2026-08-29,,1781.66,PMI,KRK,2026-08-20,Majorka,Hiszpania,Kraków,Polska,ryanair,1781.66,PLN,1.000000,price,,,PMI-KRK,2026-08-20T11:32:54Z,2026-08-20T12:23:59Z
2026-08-30,,798.36,PMI,KRK,2026-08-20,Majorka,Hiszpania,Kraków,Polska,ryanair,798.36,PLN,1.000000,price,,,PMI-KRK,2026-08-20T11:32:54Z,2026-08-20T12:23:59Z
2026-08-31,,446.32,PMI,KRK,2026-08-20,Majorka,Hiszpania,Kraków,Polska,ryanair,446.32,PLN,1.000000,price,,,PMI-KRK,2026-08-20T11:32:54Z,2026-08-20T12:23:59Z
2026-08-20,,724.67,PMI,POZ,2026-08-20,Majorka,Hiszpania,Poznań,Polska,ryanair,724.67,PLN,1.000000,price,,,PMI-POZ,2026-08-20T11:32:54Z,2026-08-20T12:23:59Z
2026-08-22,,724.67,PMI,POZ,2026-08-20,Majorka,Hiszpania,Poznań,Polska,ryanair,724.67,PLN,1.000000,price,,,PMI-POZ,2026-08-20T11:32:54Z,2026-08-20T12:23:59Z
2026-08-24,,1343.46,PMI,POZ,2026-08-20,Majorka,Hiszpania,Poznań,Polska,ryanair,1343.46,PLN,1.000000,price,,,PMI-POZ,2026-08-20T11:32:54Z,2026-08-20T12:23:59Z
2026-08-25,,798.38,PMI,POZ,2026-08-20,Majorka,Hiszpania,Poznań,Polska,ryanair,798.38,PLN,1.000000,price,,,PMI-POZ,2026-08-20T11:32:54Z,2026-08-20T12:23:59Z
2026-08-26,,496.83,PMI,POZ,2026-08-20,Majorka,Hiszpania,Poznań,Polska,ryanair,496.83,PLN,1.000000,price,,,PMI-POZ,2026-08-20T11:32:54Z,2026-08-20T12:23:59Z
2026-08-27,,1687.91,PMI,POZ,2026-08-20,Majorka,Hiszpania,Poznań,Polska,ryanair,1687.91,PLN,1.000000,price,,,PMI-POZ,2026-08-20T11:32:54Z,2026-08-20T12:23:59Z
2026-08-29,,1716.52,PMI,POZ,2026-08-20,Majorka,Hiszpania,Poznań,Polska,ryanair,1716.52,PLN,1.000000,price,,,PMI-POZ,2026-08-20T11:32:54Z,2026-08-20T12:23:59Z
2026-08-31,,1103.12,PMI,POZ,2026-08-20,Majorka,Hiszpania,Poznań,Polska,ryanair,1103.12,PLN,1.000000,price,,,PMI-POZ,2026-08-20T11:32:54Z,2026-08-20T12:23:59Z
2026-08-20,,972.45,PMI,WAW,2026-08-20,Majorka,Hiszpania,Warszawa,Polska,ryanair,972.45,PLN,1.000000,price,,,PMI-WAW,2026-08-20T11:32:54Z,2026-08-20T12:23:59Z
2026-08-21,,759.23,PMI,WAW,2026-08-20,Majorka,Hiszpania,Warszawa,Polska,ryanair,759.23,PLN,1.000000,price,,,PMI-WAW,2026-08-20T11:32:54Z,2026-08-20T12:23:59Z
2026-08-22,,929.23,PMI,WAW,2026-08-20,Majorka,Hiszpania,Warszawa,Polska,ryanair,929.23,PLN,1.000000,price,,,PMI-WAW,2026-08-20T11:32:54Z,2026-08-20T12:23:59Z
2026-08-23,,1858.19,PMI,WAW,2026-08-20,Majorka,Hiszpania,Warszawa,Polska,ryanair,1858.19,PLN,1.000000,price,,,PMI-WAW,2026-08-20T11:32:54Z,2026-08-20T12:23:59Z
2026-08-25,,529.70,PMI,WAW,2026-08-20,Majorka,Hiszpania,Warszawa,Polska,ryanair,529.7,PLN,1.000000,price,,,PMI-WAW,2026-08-20T11:32:54Z,2026-08-20T12:23:59Z
2026-08-27,,1215.35,PMI,WAW,2026-08-20,Majorka,Hiszpania,Warszawa,Polska,ryanair,1215.35,PLN,1.000000,price,,,PMI-WAW,2026-08-20T11:32:54Z,2026-08-20T12:23:59Z
2026-08-28,,1527.16,PMI,WAW,2026-08-20,Majorka,Hiszpania,Warszawa,Polska,ryanair,1527.16,PLN,1.000000,price,,,PMI-WAW,2026-08-20T11:32:54Z,2026-08-20T12:23:59Z
2026-08-29,,1050.25,PMI,WAW,2026-08-20,Majorka,Hiszpania,Warszawa,Polska,ryanair,1050.25,PLN,1.000000,price,,,PMI-WAW,2026-08-20T11:32:54Z,2026-08-20T12:23:59Z
2026-08-30,,1660.75,PMI,WAW,2026-08-20,Majorka,Hiszpania,Warszawa,Polska,ryanair,1660.75,PLN,1.000000,price,,,PMI-WAW,2026-08-20T11:32:54Z,2026-08-20T12:23:59Z
2026-08-20,,790.36,PMI,WMI,2026-08-20,Majorka,Hiszpania,Warszawa,Polska,ryanair,790.36,PLN,1.000000,price,,,PMI-WMI,2026-08-20T11:32:54Z,2026-08-20T12:23:59Z
2026-08-22,,304.58,PMI,WMI,2026-08-20,Majorka,Hiszpania,Warszawa,Polska,ryanair,304.58,PLN,1.000000,price,,,PMI-WMI,2026-08-20T11:32:54Z,2026-08-20T12:23:59Z
2026-08-23,,941.12,PMI,WMI,2026-08-20,Majorka,Hiszpania,Warszawa,Polska,ryanair,941.12,PLN,1.000000,price,,,PMI-WMI,2026-08-20T11:32:54Z,2026-08-20T12:23:59Z
2026-08-24,,1455.22,PMI,WMI,2026-08-20,Majorka,Hiszpania,Warszawa,Polska,ryanair,1455.22,PLN,1.000000,price,,,PMI-WMI,2026-08-20T11:32:54Z,2026-08-20T12:23:59Z
2026-08-26,,1193.25,PMI,WMI,2026-08-20,Majorka,Hiszpania,Warszawa,Polska,ryanair,1193.25,PLN,1.000000,price,,,PMI-WMI,2026-08-20T11:32:54Z,2026-08-20T12:23:59Z
2026-08-27,,1174.24,PMI,WMI,2026-08-20,Majorka,Hiszpania,Warszawa,Polska,ryanair,1174.24,PLN,1.000000,price,,,PMI-WMI,2026-08-20T11:32:54Z,2026-08-20T12:23:59Z
2026-08-29,,1615.27,PMI,WMI,2026-08-20,Majorka,Hiszpania,Warszawa,Polska,ryanair,1615.27,PLN,1.000000,price,,,PMI-WMI,2026-08-20T11:32:54Z,2026-08-20T12:23:59Z
2026-08-30,,1615.27,PMI,WMI,2026-08-20,Majorka,Hiszpania,Warszawa,Polska,ryanair,1615.27,PLN,1.000000,price,,,PMI-WMI,2026-08-20T11:32:54Z,2026-08-20T12:23:59Z
2026-08-31,,727.91,PMI,WMI,2026-08-20,Majorka,Hiszpania,Warszawa,Polska,ryanair,727.91,PLN,1.000000,price,,,PMI-WMI,2026-08-20T11:32:54Z,2026-08-20T12:23:59Z
2026-08-20,,1370.52,PMI,WRO,2026-08-20,Majorka,Hiszpania,Wrocław,Polska,ryanair,1370.52,PLN,1.000000,price,,,PMI-WRO,2026-08-20T11:32:54Z,2026-08-20T12:23:59Z
2026-08-22,,746.54,PMI,WRO,2026-08-20,Majorka,Hiszpania,Wrocław,Polska,ryanair,746.54,PLN,1.000000,price,,,PMI-WRO,2026-08-20T11:32:54Z,2026-08-20T12:23:59Z
2026-08-24,,858.32,PMI,WRO,2026-08-20,Majorka,Hiszpania,Wrocław,Polska,ryanair,858.32,PLN,1.000000,price,,,PMI-WRO,2026-08-20T11:32:54Z,2026-08-20T12:23:59Z
2026-08-25,,924.71,PMI,WRO,2026-08-20,Majorka,Hiszpania,Wrocław,Polska,ryanair,924.71,PLN,1.000000,price,,,PMI-WRO,2026-08-20T11:32:54Z,2026-08-20T12:23:59Z
2026-08-26,,426.44,PMI,WRO,2026-08-20,Majorka,Hiszpania,Wrocław,Polska,ryanair,426.44,PLN,1.000000,price,,,PMI-WRO,2026-08-20T11:32:54Z,2026-08-20T12:23:59Z
2026-08-27,,685.09,PMI,WRO,2026-08-20,Majorka,Hiszpania,Wrocław,Polska,ryanair,685.09,PLN,1.000000,price,,,PMI-WRO,2026-08-20T11:32:54Z,2026-08-20T12:23:59Z
2026-08-29,,1759.19,PMI,WRO,2026-08-20,Majorka,Hiszpania,Wrocław,Polska,ryanair,1759.19,PLN,1.000000,price,,,PMI-WRO,2026-08-20T11:32:54Z,2026-08-20T12:23:59Z
2026-08-31,,813.05,PMI,WRO,2026-08-20,Majorka,Hiszpania,Wrocław,Polska,ryanair,813.05,PLN,1.000000,price,,,PMI-WRO,2026-08-20T11:32:54Z,2026-08-20T12:23:59Z
2026-08-22,,306.07,PMO,GDN,2026-08-20,Palermo,Włochy,Gdańsk,Polska,ryanair,306.07,PLN,1.000000,price,,,PMO-GDN,2026-08-20T11:32:54Z,2026-08-20T12:23:59Z
2026-08-25,,425.32,PMO,GDN,2026-08-20,Palermo,Włochy,Gdańsk,Polska,ryanair,425.32,PLN,1.000000,price,,,PMO-GDN,2026-08-20T11:32:54Z,2026-08-20T12:23:59Z
2026-08-27,,518.32,PMO,GDN,2026-08-20,Palermo,Włochy,Gdańsk,Polska,ryanair,518.32,PLN,1.000000,price,,,PMO-GDN,2026-08-20T11:32:54Z,2026-08-20T12:23:59Z
2026-08-29,,679.15,PMO,GDN,2026-08-20,Palermo,Włochy,Gdańsk,Polska,ryanair,679.15,PLN,1.000000,price,,,PMO-GDN,2026-08-20T11:32:54Z,2026-08-20T12:23:59Z
2026-08-22,,411.79,PMO,KRK,2026-08-20,Palermo,Włochy,Kraków,Polska,ryanair,411.79,PLN,1.000000,price,,,PMO-KRK,2026-08-20T11:32:54Z,2026-08-20T12:23:59Z
2026-08-24,,1578.95,PMO,KRK,2026-08-20,Palermo,Włochy,Kraków,Polska,ryanair,1578.95,PLN,1.000000,price,,,PMO-KRK,2026-08-20T11:32:54Z,2026-08-20T12:23:59Z
2026-08-25,,458.11,PMO,KRK,2026-08-20,Palermo,Włochy,Kraków,Polska,ryanair,458.11,PLN,1.000000,price,,,PMO-KRK,2026-08-20T11:32:54Z,2026-08-20T12:23:59Z
2026-08-26,,338.74,PMO,KRK,2026-08-20,Palermo,Włochy,Kraków,Polska,ryanair,338.74,PLN,1.000000,price,,,PMO-KRK,2026-08-20T11:32:54Z,2026-08-20T12:23:59Z
2026-08-29,,866.19,PMO,KRK,2026-08-20,Palermo,Włochy,Kraków,Polska,ryanair,866.19,PLN,1.000000,price,,,PMO-KRK,2026-08-20T11:32:54Z,2026-08-20T12:23:59Z
2026-08-31,,685.18,PMO,KRK,2026-08-20,Palermo,Włochy,Kraków,Polska,ryanair,685.18,PLN,1.000000,price,,,PMO-KRK,2026-08-20T11:32:54Z,2026-08-20T12:23:59Z
2026-08-21,,509.94,PMO,POZ,2026-08-20,Palermo,Włochy,Poznań,Polska,ryanair,509.94,PLN,1.000000,price,,,PMO-POZ,2026-08-20T11:32:54Z,2026-08-20T12:23:59Z
2026-08-23,,714.61,PMO,POZ,2026-08-20,Palermo,Włochy,Poznań,Polska,ryanair,714.61,PLN,1.000000,price,,,PMO-POZ,2026-08-20T11:32:54Z,2026-08-20T12:23:59Z
2026-08-25,,718.93,PMO,POZ,2026-08-20,Palermo,Włochy,Poznań,Polska,ryanair,718.93,PLN,1.000000,price,,,PMO-POZ,2026-08-20T11:32:54Z,2026-08-20T12:23:59Z
2026-08-28,,600.35,PMO,POZ,2026-08-20,Palermo,Włochy,Poznań,Polska,ryanair,600.35,PLN,1.000000,price,,,PMO-POZ,2026-08-20T11:32:54Z,2026-08-20T12:23:59Z
2026-08-30,,483.54,PMO,POZ,2026-08-20,Palermo,Włochy,Poznań,Polska,ryanair,483.54,PLN,1.000000,price,,,PMO-POZ,2026-08-20T11:32:54Z,2026-08-20T12:23:59Z
2026-08-21,,446.00,PMO,WMI,2026-08-20,Palermo,Włochy,Warszawa,Polska,ryanair,446.0,PLN,1.000000,price,,,PMO-WMI,2026-08-20T11:32:54Z,2026-08-20T12:23:59Z
2026-08-25,,497.18,PMO,WMI,2026-08-20,Palermo,Włochy,Warszawa,Polska,ryanair,497.18,PLN,1.000000,price,,,PMO-WMI,2026-08-20T11:32:54Z,2026-08-20T12:23:59Z
2026-08-26,,1132.88,PMO,WMI,2026-08-20,Palermo,Włochy,Warszawa,Polska,ryanair,1132.88,PLN,1.000000,price,,,PMO-WMI,2026-08-20T11:32:54Z,2026-08-20T12:23:59Z
2026-08-27,,474.95,PMO,WMI,2026-08-20,Palermo,Włochy,Warszawa,Polska,ryanair,474.95,PLN,1.000000,price,,,PMO-WMI,2026-08-20T11:32:54Z,2026-08-20T12:23:59Z
2026-08-28,,452.26,PMO,WMI,2026-08-20,Palermo,Włochy,Warszawa,Polska,ryanair,452.26,PLN,1.000000,price,,,PMO-WMI,2026-08-20T11:32:54Z,2026-08-20T12:23:59Z
2026-08-30,,431.96,PMO,WMI,2026-08-20,Palermo,Włochy,Warszawa,Polska,wizzair,99.99,EUR,4.320028,price,IJ,False,PMO-WMI,2026-08-20T11:32:53Z,2026-08-20T12:23:59Z
2026-08-21,,518.62,PMO,WRO,2026-08-20,Palermo,Włochy,Wrocław,Polska,ryanair,518.62,PLN,1.000000,price,,,PMO-WRO,2026-08-20T11:32:54Z,2026-08-20T12:23:59Z
2026-08-22,,704.48,PMO,WRO,2026-08-20,Palermo,Włochy,Wrocław,Polska,ryanair,704.48,PLN,1.000000,price,,,PMO-WRO,2026-08-20T11:32:54Z,2026-08-20T12:23:59Z
2026-08-23,,618.50,PMO,WRO,2026-08-20,Palermo,Włochy,Wrocław,Polska,ryanair,618.5,PLN,1.000000,price,,,PMO-WRO,2026-08-20T11:32:54Z,2026-08-20T12:23:59Z
2026-08-24,,642.09,PMO,WRO,2026-08-20,Palermo,Włochy,Wrocław,Polska,ryanair,642.09,PLN,1.000000,price,,,PMO-WRO,2026-08-20T11:32:54Z,2026-08-20T12:23:59Z
2026-08-25,,466.75,PMO,WRO,2026-08-20,Palermo,Włochy,Wrocław,Polska,ryanair,466.75,PLN,1.000000,price,,,PMO-WRO,2026-08-20T11:32:54Z,2026-08-20T12:23:59Z
2026-08-26,,864.40,PMO,WRO,2026-08-20,Palermo,Włochy,Wrocław,Polska,ryanair,864.4,PLN,1.000000,price,,,PMO-WRO,2026-08-20T11:32:54Z,2026-08-20T12:23:59Z
2026-08-28,,589.50,PMO,WRO,2026-08-20,Palermo,Włochy,Wrocław,Polska,ryanair,589.5,PLN,1.000000,price,,,PMO-WRO,2026-08-20T11:32:54Z,2026-08-20T12:23:59Z
2026-08-29,,1760.76,PMO,WRO,2026-08-20,Palermo,Włochy,Wrocław,Polska,ryanair,1760.76,PLN,1.000000,price,,,PMO-WRO,2026-08-20T11:32:54Z,2026-08-20T12:23:59Z
2026-08-30,,861.88,PMO,WRO,2026-08-20,Palermo,Włochy,Wrocław,Polska,ryanair,861.88,PLN,1.000000,price,,,PMO-WRO,2026-08-20T11:32:54Z,2026-08-20T12:23:59Z
2026-08-31,,667.94,PMO,WRO,2026-08-20,Palermo,Włochy,Wrocław,Polska,ryanair,667.94,PLN,1.000000,price,,,PMO-WRO,2026-08-20T11:32:54Z,2026-08-20T12:23:59Z
2026-08-24,,1597.26,POZ,AGP,2026-08-20,Poznań,Polska,Malaga,Hiszpania,ryanair,1597.26,PLN,1.000000,price,,,POZ-AGP,2026-08-20T11:32:54Z,2026-08-20T12:23:59Z
2026-08-28,,627.82,POZ,AGP,2026-08-20,Poznań,Polska,Malaga,Hiszpania,ryanair,627.82,PLN,1.000000,price,,,POZ-AGP,2026-08-20T11:32:54Z,2026-08-20T12:23:59Z
2026-08-31,,441.74,POZ,AGP,2026-08-20,Poznań,Polska,Malaga,Hiszpania,ryanair,441.74,PLN,1.000000,price,,,POZ-AGP,2026-08-20T11:32:54Z,2026-08-20T12:23:59Z
2026-08-20,,669.90,POZ,ALC,2026-08-20,Poznań,Polska,Alicante,Hiszpania,ryanair,669.9,PLN,1.000000,price,,,POZ-ALC,2026-08-20T11:32:54Z,2026-08-20T12:23:59Z
2026-08-21,,898.30,POZ,ALC,2026-08-20,Poznań,Polska,Alicante,Hiszpania,ryanair,898.3,PLN,1.000000,price,,,POZ-ALC,2026-08-20T11:32:54Z,2026-08-20T12:23:59Z
2026-08-22,,1128.05,POZ,ALC,2026-08-20,Poznań,Polska,Alicante,Hiszpania,ryanair,1128.05,PLN,1.000000,price,,,POZ-ALC,2026-08-20T11:32:54Z,2026-08-20T12:23:59Z
2026-08-23,,864.40,POZ,ALC,2026-08-20,Poznań,Polska,Alicante,Hiszpania,ryanair,864.4,PLN,1.000000,price,,,POZ-ALC,2026-08-20T11:32:54Z,2026-08-20T12:23:59Z
2026-08-25,,448.16,POZ,ALC,2026-08-20,Poznań,Polska,Alicante,Hiszpania,ryanair,448.16,PLN,1.000000,price,,,POZ-ALC,2026-08-20T11:32:54Z,2026-08-20T12:23:59Z
2026-08-26,,598.99,POZ,ALC,2026-08-20,Poznań,Polska,Alicante,Hiszpania,ryanair,598.99,PLN,1.000000,price,,,POZ-ALC,2026-08-20T11:32:54Z,2026-08-20T12:23:59Z
2026-08-27,,413.68,POZ,ALC,2026-08-20,Poznań,Polska,Alicante,Hiszpania,ryanair,413.68,PLN,1.000000,price,,,POZ-ALC,2026-08-20T11:32:54Z,2026-08-20T12:23:59Z
2026-08-28,,306.32,POZ,ALC,2026-08-20,Poznań,Polska,Alicante,Hiszpania,ryanair,306.32,PLN,1.000000,price,,,POZ-ALC,2026-08-20T11:32:54Z,2026-08-20T12:23:59Z
2026-08-29,,358.70,POZ,ALC,2026-08-20,Poznań,Polska,Alicante,Hiszpania,ryanair,358.7,PLN,1.000000,price,,,POZ-ALC,2026-08-20T11:32:54Z,2026-08-20T12:23:59Z
2026-08-30,,363.41,POZ,ALC,2026-08-20,Poznań,Polska,Alicante,Hiszpania,ryanair,363.41,PLN,1.000000,price,,,POZ-ALC,2026-08-20T11:32:54Z,2026-08-20T12:23:59Z
2026-08-22,,250.64,POZ,ARN,2026-08-20,Poznań,Polska,Sztokholm,Szwecja,ryanair,250.64,PLN,1.000000,price,,,POZ-ARN,2026-08-20T11:32:54Z,2026-08-20T12:23:59Z
2026-08-25,,267.15,POZ,ARN,2026-08-20,Poznań,Polska,Sztokholm,Szwecja,ryanair,267.15,PLN,1.000000,price,,,POZ-ARN,2026-08-20T11:32:54Z,2026-08-20T12:23:59Z
2026-08-29,,133.94,POZ,ARN,2026-08-20,Poznań,Polska,Sztokholm,Szwecja,ryanair,133.94,PLN,1.000000,price,,,POZ-ARN,2026-08-20T11:32:54Z,2026-08-20T12:23:59Z
2026-08-21,,509.98,POZ,BGY,2026-08-20,Poznań,Polska,Mediolan,Włochy,ryanair,509.98,PLN,1.000000,price,,,POZ-BGY,2026-08-20T11:32:54Z,2026-08-20T12:23:59Z
2026-08-22,,1260.86,POZ,BGY,2026-08-20,Poznań,Polska,Mediolan,Włochy,ryanair,1260.86,PLN,1.000000,price,,,POZ-BGY,2026-08-20T11:32:54Z,2026-08-20T12:23:59Z
2026-08-23,,578.58,POZ,BGY,2026-08-20,Poznań,Polska,Mediolan,Włochy,ryanair,578.58,PLN,1.000000,price,,,POZ-BGY,2026-08-20T11:32:54Z,2026-08-20T12:23:59Z
2026-08-24,,549.08,POZ,BGY,2026-08-20,Poznań,Polska,Mediolan,Włochy,ryanair,549.08,PLN,1.000000,price,,,POZ-BGY,2026-08-20T11:32:54Z,2026-08-20T12:23:59Z
2026-08-25,,336.11,POZ,BGY,2026-08-20,Poznań,Polska,Mediolan,Włochy,ryanair,336.11,PLN,1.000000,price,,,POZ-BGY,2026-08-20T11:32:54Z,2026-08-20T12:23:59Z
2026-08-26,,272.26,POZ,BGY,2026-08-20,Poznań,Polska,Mediolan,Włochy,ryanair,272.26,PLN,1.000000,price,,,POZ-BGY,2026-08-20T11:32:54Z,2026-08-20T12:23:59Z
2026-08-27,,203.10,POZ,BGY,2026-08-20,Poznań,Polska,Mediolan,Włochy,ryanair,203.1,PLN,1.000000,price,,,POZ-BGY,2026-08-20T11:32:54Z,2026-08-20T12:23:59Z
2026-08-28,,241.29,POZ,BGY,2026-08-20,Poznań,Polska,Mediolan,Włochy,ryanair,241.29,PLN,1.000000,price,,,POZ-BGY,2026-08-20T11:32:54Z,2026-08-20T12:23:59Z
2026-08-29,,233.36,POZ,BGY,2026-08-20,Poznań,Polska,Mediolan,Włochy,ryanair,233.36,PLN,1.000000,price,,,POZ-BGY,2026-08-20T11:32:54Z,2026-08-20T12:23:59Z
2026-08-30,,340.42,POZ,BGY,2026-08-20,Poznań,Polska,Mediolan,Włochy,ryanair,340.42,PLN,1.000000,price,,,POZ-BGY,2026-08-20T11:32:54Z,2026-08-20T12:23:59Z
2026-08-31,,232.96,POZ,BGY,2026-08-20,Poznań,Polska,Mediolan,Włochy,ryanair,232.96,PLN,1.000000,price,,,POZ-BGY,2026-08-20T11:32:54Z,2026-08-20T12:23:59Z
2026-08-23,,1507.40,POZ,BHX,2026-08-20,Poznań,Polska,Birmingham,Wielka Brytania,ryanair,1507.4,PLN,1.000000,price,,,POZ-BHX,2026-08-20T11:32:54Z,2026-08-20T12:23:59Z
2026-08-26,,1082.41,POZ,BHX,2026-08-20,Poznań,Polska,Birmingham,Wielka Brytania,ryanair,1082.41,PLN,1.000000,price,,,POZ-BHX,2026-08-20T11:32:54Z,2026-08-20T12:23:59Z
2026-08-23,,153.14,POZ,BOJ,2026-08-20,Poznań,Polska,Burgas,Bułagria,ryanair,153.14,PLN,1.000000,price,,,POZ-BOJ,2026-08-20T11:32:54Z,2026-08-20T12:23:59Z
2026-08-27,,159.35,POZ,BOJ,2026-08-20,Poznań,Polska,Burgas,Bułagria,ryanair,159.35,PLN,1.000000,price,,,POZ-BOJ,2026-08-20T11:32:54Z,2026-08-20T12:23:59Z
2026-08-30,,190.31,POZ,BOJ,2026-08-20,Poznań,Polska,Burgas,Bułagria,ryanair,190.31,PLN,1.000000,price,,,POZ-BOJ,2026-08-20T11:32:54Z,2026-08-20T12:23:59Z
2026-08-21,,1007.33,POZ,BRI,2026-08-20,Poznań,Polska,Bari,Włochy,ryanair,1007.33,PLN,1.000000,price,,,POZ-BRI,2026-08-20T11:32:54Z,2026-08-20T12:23:59Z
2026-08-22,,1472.85,POZ,BRI,2026-08-20,Poznań,Polska,Bari,Włochy,ryanair,1472.85,PLN,1.000000,price,,,POZ-BRI,2026-08-20T11:32:54Z,2026-08-20T12:23:59Z
2026-08-24,,1454.31,POZ,BRI,2026-08-20,Poznań,Polska,Bari,Włochy,ryanair,1454.31,PLN,1.000000,price,,,POZ-BRI,2026-08-20T11:32:54Z,2026-08-20T12:23:59Z
2026-08-26,,208.32,POZ,BRI,2026-08-20,Poznań,Polska,Bari,Włochy,ryanair,208.32,PLN,1.000000,price,,,POZ-BRI,2026-08-20T11:32:54Z,2026-08-20T12:23:59Z
2026-08-27,,231.40,POZ,BRI,2026-08-20,Poznań,Polska,Bari,Włochy,ryanair,231.4,PLN,1.000000,price,,,POZ-BRI,2026-08-20T11:32:54Z,2026-08-20T12:23:59Z
2026-08-28,,204.00,POZ,BRI,2026-08-20,Poznań,Polska,Bari,Włochy,ryanair,204.0,PLN,1.000000,price,,,POZ-BRI,2026-08-20T11:32:54Z,2026-08-20T12:23:59Z
2026-08-29,,292.06,POZ,BRI,2026-08-20,Poznań,Polska,Bari,Włochy,ryanair,292.06,PLN,1.000000,price,,,POZ-BRI,2026-08-20T11:32:54Z,2026-08-20T12:23:59Z
2026-08-31,,203.80,POZ,BRI,2026-08-20,Poznań,Polska,Bari,Włochy,ryanair,203.8,PLN,1.000000,price,,,POZ-BRI,2026-08-20T11:32:54Z,2026-08-20T12:23:59Z
2026-08-21,,1546.94,POZ,BRS,2026-08-20,Poznań,Polska,Bristol,Wielka Brytania,ryanair,1546.94,PLN,1.000000,price,,,POZ-BRS,2026-08-20T11:32:54Z,2026-08-20T12:23:59Z
2026-08-21,,1464.07,POZ,BVA,2026-08-20,Poznań,Polska,Paryż,Francja,ryanair,1464.07,PLN,1.000000,price,,,POZ-BVA,2026-08-20T11:32:54Z,2026-08-20T12:23:59Z
2026-08-23,,1205.00,POZ,BVA,2026-08-20,Poznań,Polska,Paryż,Francja,ryanair,1205.0,PLN,1.000000,price,,,POZ-BVA,2026-08-20T11:32:54Z,2026-08-20T12:23:59Z
2026-08-24,,678.54,POZ,BVA,2026-08-20,Poznań,Polska,Paryż,Francja,ryanair,678.54,PLN,1.000000,price,,,POZ-BVA,2026-08-20T11:32:54Z,2026-08-20T12:23:59Z
2026-08-26,,1543.77,POZ,BVA,2026-08-20,Poznań,Polska,Paryż,Francja,ryanair,1543.77,PLN,1.000000,price,,,POZ-BVA,2026-08-20T11:32:54Z,2026-08-20T12:23:59Z
2026-08-28,,952.38,POZ,BVA,2026-08-20,Poznań,Polska,Paryż,Francja,ryanair,952.38,PLN,1.000000,price,,,POZ-BVA,2026-08-20T11:32:54Z,2026-08-20T12:23:59Z
2026-08-30,,538.90,POZ,BVA,2026-08-20,Poznań,Polska,Paryż,Francja,ryanair,538.9,PLN,1.000000,price,,,POZ-BVA,2026-08-20T11:32:54Z,2026-08-20T12:23:59Z
2026-08-31,,453.79,POZ,BVA,2026-08-20,Poznań,Polska,Paryż,Francja,ryanair,453.79,PLN,1.000000,price,,,POZ-BVA,2026-08-20T11:32:54Z,2026-08-20T12:23:59Z
2026-08-20,,1055.97,POZ,CAG,2026-08-20,Poznań,Polska,Cagliari,Włochy,ryanair,1055.97,PLN,1.000000,price,,,POZ-CAG,2026-08-20T11:32:54Z,2026-08-20T12:23:59Z
2026-08-23,,1290.23,POZ,CAG,2026-08-20,Poznań,Polska,Cagliari,Włochy,ryanair,1290.23,PLN,1.000000,price,,,POZ-CAG,2026-08-20T11:32:54Z,2026-08-20T12:23:59Z
2026-08-24,,542.53,POZ,CAG,2026-08-20,Poznań,Polska,Cagliari,Włochy,ryanair,542.53,PLN,1.000000,price,,,POZ-CAG,2026-08-20T11:32:54Z,2026-08-20T12:23:59Z
2026-08-25,,250.64,POZ,CAG,2026-08-20,Poznań,Polska,Cagliari,Włochy,ryanair,250.64,PLN,1.000000,price,,,POZ-CAG,2026-08-20T11:32:54Z,2026-08-20T12:23:59Z
2026-08-26,,310.25,POZ,CAG,2026-08-20,Poznań,Polska,Cagliari,Włochy,ryanair,310.25,PLN,1.000000,price,,,POZ-CAG,2026-08-20T11:32:54Z,2026-08-20T12:23:59Z
2026-08-27,,789.98,POZ,CAG,2026-08-20,Poznań,Polska,Cagliari,Włochy,ryanair,789.98,PLN,1.000000,price,,,POZ-CAG,2026-08-20T11:32:54Z,2026-08-20T12:23:59Z
2026-08-30,,479.72,POZ,CAG,2026-08-20,Poznań,Polska,Cagliari,Włochy,ryanair,479.72,PLN,1.000000,price,,,POZ-CAG,2026-08-20T11:32:54Z,2026-08-20T12:23:59Z
2026-08-31,,320.64,POZ,CAG,2026-08-20,Poznań,Polska,Cagliari,Włochy,ryanair,320.64,PLN,1.000000,price,,,POZ-CAG,2026-08-20T11:32:54Z,2026-08-20T12:23:59Z
2026-08-22,,596.98,POZ,CFU,2026-08-20,Poznań,Polska,Korfu,Grecja,ryanair,596.98,PLN,1.000000,price,,,POZ-CFU,2026-08-20T11:32:54Z,2026-08-20T12:23:59Z
2026-08-24,,183.00,POZ,CFU,2026-08-20,Poznań,Polska,Korfu,Grecja,ryanair,183.0,PLN,1.000000,price,,,POZ-CFU,2026-08-20T11:32:54Z,2026-08-20T12:23:59Z
2026-08-26,,237.12,POZ,CFU,2026-08-20,Poznań,Polska,Korfu,Grecja,ryanair,237.12,PLN,1.000000,price,,,POZ-CFU,2026-08-20T11:32:54Z,2026-08-20T12:23:59Z
2026-08-29,,187.32,POZ,CFU,2026-08-20,Poznań,Polska,Korfu,Grecja,ryanair,187.32,PLN,1.000000,price,,,POZ-CFU,2026-08-20T11:32:54Z,2026-08-20T12:23:59Z
2026-08-31,,154.65,POZ,CFU,2026-08-20,Poznań,Polska,Korfu,Grecja,ryanair,154.65,PLN,1.000000,price,,,POZ-CFU,2026-08-20T11:32:54Z,2026-08-20T12:23:59Z
2026-08-23,,203.71,POZ,CHQ,2026-08-20,Poznań,Polska,Chania,Grecja,ryanair,203.71,PLN,1.000000,price,,,POZ-CHQ,2026-08-20T11:32:54Z,2026-08-20T12:23:59Z
2026-08-25,,146.65,POZ,CHQ,2026-08-20,Poznań,Polska,Chania,Grecja,ryanair,146.65,PLN,1.000000,price,,,POZ-CHQ,2026-08-20T11:32:54Z,2026-08-20T12:23:59Z
2026-08-30,,213.00,POZ,CHQ,2026-08-20,Poznań,Polska,Chania,Grecja,ryanair,213.0,PLN,1.000000,price,,,POZ-CHQ,2026-08-20T11:32:54Z,2026-08-20T12:23:59Z
2026-08-21,,1293.78,POZ,CIA,2026-08-20,Poznań,Polska,Rzym,Włochy,ryanair,1293.78,PLN,1.000000,price,,,POZ-CIA,2026-08-20T11:32:54Z,2026-08-20T12:23:59Z
2026-08-23,,1268.62,POZ,CIA,2026-08-20,Poznań,Polska,Rzym,Włochy,ryanair,1268.62,PLN,1.000000,price,,,POZ-CIA,2026-08-20T11:32:54Z,2026-08-20T12:23:59Z
2026-08-25,,896.71,POZ,CIA,2026-08-20,Poznań,Polska,Rzym,Włochy,ryanair,896.71,PLN,1.000000,price,,,POZ-CIA,2026-08-20T11:32:54Z,2026-08-20T12:23:59Z
2026-08-26,,602.33,POZ,CIA,2026-08-20,Poznań,Polska,Rzym,Włochy,ryanair,602.33,PLN,1.000000,price,,,POZ-CIA,2026-08-20T11:32:54Z,2026-08-20T12:23:59Z
2026-08-27,,404.28,POZ,CIA,2026-08-20,Poznań,Polska,Rzym,Włochy,ryanair,404.28,PLN,1.000000,price,,,POZ-CIA,2026-08-20T11:32:54Z,2026-08-20T12:23:59Z
2026-08-28,,320.32,POZ,CIA,2026-08-20,Poznań,Polska,Rzym,Włochy,ryanair,320.32,PLN,1.000000,price,,,POZ-CIA,2026-08-20T11:32:54Z,2026-08-20T12:23:59Z
2026-08-29,,347.56,POZ,CIA,2026-08-20,Poznań,Polska,Rzym,Włochy,ryanair,347.56,PLN,1.000000,price,,,POZ-CIA,2026-08-20T11:32:54Z,2026-08-20T12:23:59Z
2026-08-30,,380.42,POZ,CIA,2026-08-20,Poznań,Polska,Rzym,Włochy,ryanair,380.42,PLN,1.000000,price,,,POZ-CIA,2026-08-20T11:32:54Z,2026-08-20T12:23:59Z
2026-08-20,,622.45,POZ,CPH,2026-08-20,Poznań,Polska,Kopenhaga,Dania,ryanair,622.45,PLN,1.000000,price,,,POZ-CPH,2026-08-20T11:32:54Z,2026-08-20T12:23:59Z
2026-08-22,,298.19,POZ,CPH,2026-08-20,Poznań,Polska,Kopenhaga,Dania,ryanair,298.19,PLN,1.000000,price,,,POZ-CPH,2026-08-20T11:32:54Z,2026-08-20T12:23:59Z
2026-08-24,,289.54,POZ,CPH,2026-08-20,Poznań,Polska,Kopenhaga,Dania,ryanair,289.54,PLN,1.000000,price,,,POZ-CPH,2026-08-20T11:32:54Z,2026-08-20T12:23:59Z
2026-08-27,,95.74,POZ,CPH,2026-08-20,Poznań,Polska,Kopenhaga,Dania,ryanair,95.74,PLN,1.000000,price,,,POZ-CPH,2026-08-20T11:32:54Z,2026-08-20T12:23:59Z
2026-08-29,,155.10,POZ,CPH,2026-08-20,Poznań,Polska,Kopenhaga,Dania,ryanair,155.1,PLN,1.000000,price,,,POZ-CPH,2026-08-20T11:32:54Z,2026-08-20T12:23:59Z
2026-08-31,,224.71,POZ,CPH,2026-08-20,Poznań,Polska,Kopenhaga,Dania,ryanair,224.71,PLN,1.000000,price,,,POZ-CPH,2026-08-20T11:32:54Z,2026-08-20T12:23:59Z
2026-08-23,,1520.60,POZ,CRL,2026-08-20,Poznań,Polska,Charleroi,Belgia,ryanair,1520.6,PLN,1.000000,price,,,POZ-CRL,2026-08-20T11:32:54Z,2026-08-20T12:23:59Z
2026-08-25,,1464.07,POZ,CRL,2026-08-20,Poznań,Polska,Charleroi,Belgia,ryanair,1464.07,PLN,1.000000,price,,,POZ-CRL,2026-08-20T11:32:54Z,2026-08-20T12:23:59Z
2026-08-26,,1524.92,POZ,CRL,2026-08-20,Poznań,Polska,Charleroi,Belgia,ryanair,1524.92,PLN,1.000000,price,,,POZ-CRL,2026-08-20T11:32:54Z,2026-08-20T12:23:59Z
2026-08-30,,1520.60,POZ,CRL,2026-08-20,Poznań,Polska,Charleroi,Belgia,ryanair,1520.6,PLN,1.000000,price,,,POZ-CRL,2026-08-20T11:32:54Z,2026-08-20T12:23:59Z
2026-08-20,,475.40,POZ,DBV,2026-08-20,Poznań,Polska,Dubrovnik,Chorwacja,ryanair,475.4,PLN,1.000000,price,,,POZ-DBV,2026-08-20T11:32:54Z,2026-08-20T12:23:59Z
2026-08-23,,808.21,POZ,DBV,2026-08-20,Poznań,Polska,Dubrovnik,Chorwacja,ryanair,808.21,PLN,1.000000,price,,,POZ-DBV,2026-08-20T11:32:54Z,2026-08-20T12:23:59Z
2026-08-26,,132.32,POZ,DBV,2026-08-20,Poznań,Polska,Dubrovnik,Chorwacja,ryanair,132.32,PLN,1.000000,price,,,POZ-DBV,2026-08-20T11:32:54Z,2026-08-20T12:23:59Z
2026-08-27,,159.88,POZ,DBV,2026-08-20,Poznań,Polska,Dubrovnik,Chorwacja,ryanair,159.88,PLN,1.000000,price,,,POZ-DBV,2026-08-20T11:32:54Z,2026-08-20T12:23:59Z
2026-08-30,,254.22,POZ,DBV,2026-08-20,Poznań,Polska,Dubrovnik,Chorwacja,ryanair,254.22,PLN,1.000000,price,,,POZ-DBV,2026-08-20T11:32:54Z,2026-08-20T12:23:59Z
2026-08-25,,1862.82,POZ,DUB,2026-08-20,Poznań,Polska,Dublin,Irlandia,ryanair,1862.82,PLN,1.000000,price,,,POZ-DUB,2026-08-20T11:32:54Z,2026-08-20T12:23:59Z
2026-08-27,,1837.63,POZ,DUB,2026-08-20,Poznań,Polska,Dublin,Irlandia,ryanair,1837.63,PLN,1.000000,price,,,POZ-DUB,2026-08-20T11:32:54Z,2026-08-20T12:23:59Z
2026-08-28,,1301.46,POZ,DUB,2026-08-20,Poznań,Polska,Dublin,Irlandia,ryanair,1301.46,PLN,1.000000,price,,,POZ-DUB,2026-08-20T11:32:54Z,2026-08-20T12:23:59Z
2026-08-29,,1404.89,POZ,DUB,2026-08-20,Poznań,Polska,Dublin,Irlandia,ryanair,1404.89,PLN,1.000000,price,,,POZ-DUB,2026-08-20T11:32:54Z,2026-08-20T12:23:59Z
2026-08-21,,1568.61,POZ,EDI,2026-08-20,Poznań,Polska,Edynburg,Szkocja,ryanair,1568.61,PLN,1.000000,price,,,POZ-EDI,2026-08-20T11:32:54Z,2026-08-20T12:23:59Z
2026-08-22,,1050.25,POZ,EDI,2026-08-20,Poznań,Polska,Edynburg,Szkocja,ryanair,1050.25,PLN,1.000000,price,,,POZ-EDI,2026-08-20T11:32:54Z,2026-08-20T12:23:59Z
2026-08-26,,857.47,POZ,EDI,2026-08-20,Poznań,Polska,Edynburg,Szkocja,ryanair,857.47,PLN,1.000000,price,,,POZ-EDI,2026-08-20T11:32:54Z,2026-08-20T12:23:59Z
2026-08-27,,594.68,POZ,EDI,2026-08-20,Poznań,Polska,Edynburg,Szkocja,ryanair,594.68,PLN,1.000000,price,,,POZ-EDI,2026-08-20T11:32:54Z,2026-08-20T12:23:59Z
2026-08-28,,620.54,POZ,EDI,2026-08-20,Poznań,Polska,Edynburg,Szkocja,ryanair,620.54,PLN,1.000000,price,,,POZ-EDI,2026-08-20T11:32:54Z,2026-08-20T12:23:59Z
2026-08-29,,423.53,POZ,EDI,2026-08-20,Poznań,Polska,Edynburg,Szkocja,ryanair,423.53,PLN,1.000000,price,,,POZ-EDI,2026-08-20T11:32:54Z,2026-08-20T12:23:59Z
2026-08-31,,497.01,POZ,EDI,2026-08-20,Poznań,Polska,Edynburg,Szkocja,ryanair,497.01,PLN,1.000000,price,,,POZ-EDI,2026-08-20T11:32:54Z,2026-08-20T12:23:59Z
2026-08-22,,1270.70,POZ,GRO,2026-08-20,Poznań,Polska,Girona,Hiszpania,ryanair,1270.7,PLN,1.000000,price,,,POZ-GRO,2026-08-20T11:32:54Z,2026-08-20T12:23:59Z
2026-08-25,,267.15,POZ,GRO,2026-08-20,Poznań,Polska,Girona,Hiszpania,ryanair,267.15,PLN,1.000000,price,,,POZ-GRO,2026-08-20T11:32:54Z,2026-08-20T12:23:59Z
2026-08-26,,323.18,POZ,GRO,2026-08-20,Poznań,Polska,Girona,Hiszpania,ryanair,323.18,PLN,1.000000,price,,,POZ-GRO,2026-08-20T11:32:54Z,2026-08-20T12:23:59Z
2026-08-27,,165.89,POZ,GRO,2026-08-20,Poznań,Polska,Girona,Hiszpania,ryanair,165.89,PLN,1.000000,price,,,POZ-GRO,2026-08-20T11:32:54Z,2026-08-20T12:23:59Z
2026-08-28,,194.46,POZ,GRO,2026-08-20,Poznań,Polska,Girona,Hiszpania,ryanair,194.46,PLN,1.000000,price,,,POZ-GRO,2026-08-20T11:32:54Z,2026-08-20T12:23:59Z
2026-08-29,,604.41,POZ,GRO,2026-08-20,Poznań,Polska,Girona,Hiszpania,ryanair,604.41,PLN,1.000000,price,,,POZ-GRO,2026-08-20T11:32:54Z,2026-08-20T12:23:59Z
2026-08-30,,292.06,POZ,GRO,2026-08-20,Poznań,Polska,Girona,Hiszpania,ryanair,292.06,PLN,1.000000,price,,,POZ-GRO,2026-08-20T11:32:54Z,2026-08-20T12:23:59Z
2026-08-29,,679.00,POZ,KUT,2026-08-20,Poznań,Polska,Kutaisi,Gruzja,wizzair,679.0,PLN,1.000000,price,I,False,POZ-KUT,2026-08-20T11:32:53Z,2026-08-20T12:23:59Z
2026-08-21,,1487.29,POZ,LBA,2026-08-20,Poznań,Polska,Leeds,Wielka Brytania,ryanair,1487.29,PLN,1.000000,price,,,POZ-LBA,2026-08-20T11:32:54Z,2026-08-20T12:23:59Z
2026-08-22,,1517.12,POZ,LBA,2026-08-20,Poznań,Polska,Leeds,Wielka Brytania,ryanair,1517.12,PLN,1.000000,price,,,POZ-LBA,2026-08-20T11:32:54Z,2026-08-20T12:23:59Z
2026-08-25,,1551.26,POZ,LBA,2026-08-20,Poznań,Polska,Leeds,Wielka Brytania,ryanair,1551.26,PLN,1.000000,price,,,POZ-LBA,2026-08-20T11:32:54Z,2026-08-20T12:23:59Z
2026-08-28,,1395.81,POZ,LBA,2026-08-20,Poznań,Polska,Leeds,Wielka Brytania,ryanair,1395.81,PLN,1.000000,price,,,POZ-LBA,2026-08-20T11:32:54Z,2026-08-20T12:23:59Z
2026-08-29,,1080.97,POZ,LBA,2026-08-20,Poznań,Polska,Leeds,Wielka Brytania,ryanair,1080.97,PLN,1.000000,price,,,POZ-LBA,2026-08-20T11:32:54Z,2026-08-20T12:23:59Z
2026-08-22,,1208.12,POZ,LIS,2026-08-20,Poznań,Polska,Lizbona,Portugalia,ryanair,1208.12,PLN,1.000000,price,,,POZ-LIS,2026-08-20T11:32:54Z,2026-08-20T12:23:59Z
2026-08-24,,278.21,POZ,LIS,2026-08-20,Poznań,Polska,Lizbona,Portugalia,ryanair,278.21,PLN,1.000000,price,,,POZ-LIS,2026-08-20T11:32:54Z,2026-08-20T12:23:59Z
2026-08-29,,600.58,POZ,LIS,2026-08-20,Poznań,Polska,Lizbona,Portugalia,ryanair,600.58,PLN,1.000000,price,,,POZ-LIS,2026-08-20T11:32:54Z,2026-08-20T12:23:59Z
2026-08-31,,679.59,POZ,LIS,2026-08-20,Poznań,Polska,Lizbona,Portugalia,ryanair,679.59,PLN,1.000000,price,,,POZ-LIS,2026-08-20T11:32:54Z,2026-08-20T12:23:59Z
2026-08-22,,1132.37,POZ,LPL,2026-08-20,Poznań,Polska,Liverpool,Wielka Brytania,ryanair,1132.37,PLN,1.000000,price,,,POZ-LPL,2026-08-20T11:32:54Z,2026-08-20T12:23:59Z
2026-08-25,,1551.26,POZ,LPL,2026-08-20,Poznań,Polska,Liverpool,Wielka Brytania,ryanair,1551.26,PLN,1.000000,price,,,POZ-LPL,2026-08-20T11:32:54Z,2026-08-20T12:23:59Z
2026-08-29,,981.10,POZ,LPL,2026-08-20,Poznań,Polska,Liverpool,Wielka Brytania,ryanair,981.1,PLN,1.000000,price,,,POZ-LPL,2026-08-20T11:32:54Z,2026-08-20T12:23:59Z
2026-08-22,,950.69,POZ,MAN,2026-08-20,Poznań,Polska,Manchester,Wielka Brytania,ryanair,950.69,PLN,1.000000,price,,,POZ-MAN,2026-08-20T11:32:54Z,2026-08-20T12:23:59Z
2026-08-25,,1512.73,POZ,MAN,2026-08-20,Poznań,Polska,Manchester,Wielka Brytania,ryanair,1512.73,PLN,1.000000,price,,,POZ-MAN,2026-08-20T11:32:54Z,2026-08-20T12:23:59Z
2026-08-29,,1236.81,POZ,MAN,2026-08-20,Poznań,Polska,Manchester,Wielka Brytania,ryanair,1236.81,PLN,1.000000,price,,,POZ-MAN,2026-08-20T11:32:54Z,2026-08-20T12:23:59Z
2026-08-21,,1290.23,POZ,MLA,2026-08-20,Poznań,Polska,Valletta,Malta,ryanair,1290.23,PLN,1.000000,price,,,POZ-MLA,2026-08-20T11:32:54Z,2026-08-20T12:23:59Z
2026-08-22,,1397.07,POZ,MLA,2026-08-20,Poznań,Polska,Valletta,Malta,ryanair,1397.07,PLN,1.000000,price,,,POZ-MLA,2026-08-20T11:32:54Z,2026-08-20T12:23:59Z
2026-08-24,,1536.50,POZ,MLA,2026-08-20,Poznań,Polska,Valletta,Malta,ryanair,1536.5,PLN,1.000000,price,,,POZ-MLA,2026-08-20T11:32:54Z,2026-08-20T12:23:59Z
2026-08-25,,404.51,POZ,MLA,2026-08-20,Poznań,Polska,Valletta,Malta,ryanair,404.51,PLN,1.000000,price,,,POZ-MLA,2026-08-20T11:32:54Z,2026-08-20T12:23:59Z
2026-08-26,,122.29,POZ,MLA,2026-08-20,Poznań,Polska,Valletta,Malta,ryanair,122.29,PLN,1.000000,price,,,POZ-MLA,2026-08-20T11:32:54Z,2026-08-20T12:23:59Z
2026-08-27,,183.00,POZ,MLA,2026-08-20,Poznań,Polska,Valletta,Malta,ryanair,183.0,PLN,1.000000,price,,,POZ-MLA,2026-08-20T11:32:54Z,2026-08-20T12:23:59Z
2026-08-28,,283.07,POZ,MLA,2026-08-20,Poznań,Polska,Valletta,Malta,ryanair,283.07,PLN,1.000000,price,,,POZ-MLA,2026-08-20T11:32:54Z,2026-08-20T12:23:59Z
2026-08-29,,940.89,POZ,MLA,2026-08-20,Poznań,Polska,Valletta,Malta,ryanair,940.89,PLN,1.000000,price,,,POZ-MLA,2026-08-20T11:32:54Z,2026-08-20T12:23:59Z
2026-08-31,,251.00,POZ,MLA,2026-08-20,Poznań,Polska,Valletta,Malta,ryanair,251.0,PLN,1.000000,price,,,POZ-MLA,2026-08-20T11:32:54Z,2026-08-20T12:23:59Z
2026-08-24,,577.44,POZ,PFO,2026-08-20,Poznań,Polska,Pafos,Cypr,ryanair,577.44,PLN,1.000000,price,,,POZ-PFO,2026-08-20T11:32:54Z,2026-08-20T12:23:59Z
2026-08-27,,844.64,POZ,PFO,2026-08-20,Poznań,Polska,Pafos,Cypr,ryanair,844.64,PLN,1.000000,price,,,POZ-PFO,2026-08-20T11:32:54Z,2026-08-20T12:23:59Z
2026-08-31,,769.31,POZ,PFO,2026-08-20,Poznań,Polska,Pafos,Cypr,ryanair,769.31,PLN,1.000000,price,,,POZ-PFO,2026-08-20T11:32:54Z,2026-08-20T12:23:59Z
2026-08-20,,1458.70,POZ,PMI,2026-08-20,Poznań,Polska,Majorka,Hiszpania,ryanair,1458.7,PLN,1.000000,price,,,POZ-PMI,2026-08-20T11:32:54Z,2026-08-20T12:23:59Z
2026-08-22,,893.18,POZ,PMI,2026-08-20,Poznań,Polska,Majorka,Hiszpania,ryanair,893.18,PLN,1.000000,price,,,POZ-PMI,2026-08-20T11:32:54Z,2026-08-20T12:23:59Z
2026-08-24,,728.99,POZ,PMI,2026-08-20,Poznań,Polska,Majorka,Hiszpania,ryanair,728.99,PLN,1.000000,price,,,POZ-PMI,2026-08-20T11:32:54Z,2026-08-20T12:23:59Z
2026-08-25,,940.89,POZ,PMI,2026-08-20,Poznań,Polska,Majorka,Hiszpania,ryanair,940.89,PLN,1.000000,price,,,POZ-PMI,2026-08-20T11:32:54Z,2026-08-20T12:23:59Z
2026-08-26,,779.82,POZ,PMI,2026-08-20,Poznań,Polska,Majorka,Hiszpania,ryanair,779.82,PLN,1.000000,price,,,POZ-PMI,2026-08-20T11:32:54Z,2026-08-20T12:23:59Z
2026-08-27,,408.83,POZ,PMI,2026-08-20,Poznań,Polska,Majorka,Hiszpania,ryanair,408.83,PLN,1.000000,price,,,POZ-PMI,2026-08-20T11:32:54Z,2026-08-20T12:23:59Z
2026-08-29,,404.51,POZ,PMI,2026-08-20,Poznań,Polska,Majorka,Hiszpania,ryanair,404.51,PLN,1.000000,price,,,POZ-PMI,2026-08-20T11:32:54Z,2026-08-20T12:23:59Z
2026-08-31,,571.74,POZ,PMI,2026-08-20,Poznań,Polska,Majorka,Hiszpania,ryanair,571.74,PLN,1.000000,price,,,POZ-PMI,2026-08-20T11:32:54Z,2026-08-20T12:23:59Z
2026-08-21,,767.24,POZ,PMO,2026-08-20,Poznań,Polska,Palermo,Włochy,ryanair,767.24,PLN,1.000000,price,,,POZ-PMO,2026-08-20T11:32:54Z,2026-08-20T12:23:59Z
2026-08-23,,1412.42,POZ,PMO,2026-08-20,Poznań,Polska,Palermo,Włochy,ryanair,1412.42,PLN,1.000000,price,,,POZ-PMO,2026-08-20T11:32:54Z,2026-08-20T12:23:59Z
2026-08-25,,968.97,POZ,PMO,2026-08-20,Poznań,Polska,Palermo,Włochy,ryanair,968.97,PLN,1.000000,price,,,POZ-PMO,2026-08-20T11:32:54Z,2026-08-20T12:23:59Z
2026-08-28,,196.00,POZ,PMO,2026-08-20,Poznań,Polska,Palermo,Włochy,ryanair,196.0,PLN,1.000000,price,,,POZ-PMO,2026-08-20T11:32:54Z,2026-08-20T12:23:59Z
2026-08-30,,264.00,POZ,PMO,2026-08-20,Poznań,Polska,Palermo,Włochy,ryanair,264.0,PLN,1.000000,price,,,POZ-PMO,2026-08-20T11:32:54Z,2026-08-20T12:23:59Z
2026-08-21,,475.40,POZ,PRG,2026-08-20,Poznań,Polska,Praga,Czechy,ryanair,475.4,PLN,1.000000,price,,,POZ-PRG,2026-08-20T11:32:54Z,2026-08-20T12:23:59Z
2026-08-23,,280.90,POZ,PRG,2026-08-20,Poznań,Polska,Praga,Czechy,ryanair,280.9,PLN,1.000000,price,,,POZ-PRG,2026-08-20T11:32:54Z,2026-08-20T12:23:59Z
2026-08-27,,120.98,POZ,PRG,2026-08-20,Poznań,Polska,Praga,Czechy,ryanair,120.98,PLN,1.000000,price,,,POZ-PRG,2026-08-20T11:32:54Z,2026-08-20T12:23:59Z
2026-08-28,,137.86,POZ,PRG,2026-08-20,Poznań,Polska,Praga,Czechy,ryanair,137.86,PLN,1.000000,price,,,POZ-PRG,2026-08-20T11:32:54Z,2026-08-20T12:23:59Z
2026-08-30,,133.55,POZ,PRG,2026-08-20,Poznań,Polska,Praga,Czechy,ryanair,133.55,PLN,1.000000,price,,,POZ-PRG,2026-08-20T11:32:54Z,2026-08-20T12:23:59Z
2026-08-21,,1078.30,POZ,PUY,2026-08-20,Poznań,Polska,Pula,Chorwacja,ryanair,1078.3,PLN,1.000000,price,,,POZ-PUY,2026-08-20T11:32:54Z,2026-08-20T12:23:59Z
2026-08-23,,1472.85,POZ,PUY,2026-08-20,Poznań,Polska,Pula,Chorwacja,ryanair,1472.85,PLN,1.000000,price,,,POZ-PUY,2026-08-20T11:32:54Z,2026-08-20T12:23:59Z
2026-08-26,,189.58,POZ,PUY,2026-08-20,Poznań,Polska,Pula,Chorwacja,ryanair,189.58,PLN,1.000000,price,,,POZ-PUY,2026-08-20T11:32:54Z,2026-08-20T12:23:59Z
2026-08-27,,119.00,POZ,PUY,2026-08-20,Poznań,Polska,Pula,Chorwacja,ryanair,119.0,PLN,1.000000,price,,,POZ-PUY,2026-08-20T11:32:54Z,2026-08-20T12:23:59Z
2026-08-28,,327.49,POZ,PUY,2026-08-20,Poznań,Polska,Pula,Chorwacja,ryanair,327.49,PLN,1.000000,price,,,POZ-PUY,2026-08-20T11:32:54Z,2026-08-20T12:23:59Z
2026-08-30,,190.31,POZ,PUY,2026-08-20,Poznań,Polska,Pula,Chorwacja,ryanair,190.31,PLN,1.000000,price,,,POZ-PUY,2026-08-20T11:32:54Z,2026-08-20T12:23:59Z
2026-08-22,,492.69,POZ,SKG,2026-08-20,Poznań,Polska,Saloniki,Grecja,ryanair,492.69,PLN,1.000000,price,,,POZ-SKG,2026-08-20T11:32:54Z,2026-08-20T12:23:59Z
2026-08-26,,104.00,POZ,SKG,2026-08-20,Poznań,Polska,Saloniki,Grecja,ryanair,104.0,PLN,1.000000,price,,,POZ-SKG,2026-08-20T11:32:54Z,2026-08-20T12:23:59Z
2026-08-29,,245.60,POZ,SKG,2026-08-20,Poznań,Polska,Saloniki,Grecja,ryanair,245.6,PLN,1.000000,price,,,POZ-SKG,2026-08-20T11:32:54Z,2026-08-20T12:23:59Z
2026-08-25,,1862.82,POZ,SNN,2026-08-20,Poznań,Polska,Shannon,Irlandia,ryanair,1862.82,PLN,1.000000,price,,,POZ-SNN,2026-08-20T11:32:54Z,2026-08-20T12:23:59Z
2026-08-29,,691.51,POZ,SNN,2026-08-20,Poznań,Polska,Shannon,Irlandia,ryanair,691.51,PLN,1.000000,price,,,POZ-SNN,2026-08-20T11:32:54Z,2026-08-20T12:23:59Z
2026-08-20,,1279.33,POZ,STN,2026-08-20,Poznań,Polska,Londyn,Wielka Brytania,ryanair,1279.33,PLN,1.000000,price,,,POZ-STN,2026-08-20T11:32:54Z,2026-08-20T12:23:59Z
2026-08-22,,1386.30,POZ,STN,2026-08-20,Poznań,Polska,Londyn,Wielka Brytania,ryanair,1386.3,PLN,1.000000,price,,,POZ-STN,2026-08-20T11:32:54Z,2026-08-20T12:23:59Z
2026-08-24,,1521.37,POZ,STN,2026-08-20,Poznań,Polska,Londyn,Wielka Brytania,ryanair,1521.37,PLN,1.000000,price,,,POZ-STN,2026-08-20T11:32:54Z,2026-08-20T12:23:59Z
2026-08-25,,1296.62,POZ,STN,2026-08-20,Poznań,Polska,Londyn,Wielka Brytania,ryanair,1296.62,PLN,1.000000,price,,,POZ-STN,2026-08-20T11:32:54Z,2026-08-20T12:23:59Z
2026-08-26,,1197.21,POZ,STN,2026-08-20,Poznań,Polska,Londyn,Wielka Brytania,ryanair,1197.21,PLN,1.000000,price,,,POZ-STN,2026-08-20T11:32:54Z,2026-08-20T12:23:59Z
2026-08-27,,1335.52,POZ,STN,2026-08-20,Poznań,Polska,Londyn,Wielka Brytania,ryanair,1335.52,PLN,1.000000,price,,,POZ-STN,2026-08-20T11:32:54Z,2026-08-20T12:23:59Z
2026-08-28,,948.07,POZ,STN,2026-08-20,Poznań,Polska,Londyn,Wielka Brytania,ryanair,948.07,PLN,1.000000,price,,,POZ-STN,2026-08-20T11:32:54Z,2026-08-20T12:23:59Z
2026-08-29,,1092.83,POZ,STN,2026-08-20,Poznań,Polska,Londyn,Wielka Brytania,ryanair,1092.83,PLN,1.000000,price,,,POZ-STN,2026-08-20T11:32:54Z,2026-08-20T12:23:59Z
2026-08-30,,1092.83,POZ,STN,2026-08-20,Poznań,Polska,Londyn,Wielka Brytania,ryanair,1092.83,PLN,1.000000,price,,,POZ-STN,2026-08-20T11:32:54Z,2026-08-20T12:23:59Z
2026-08-31,,969.62,POZ,STN,2026-08-20,Poznań,Polska,Londyn,Wielka Brytania,ryanair,969.62,PLN,1.000000,price,,,POZ-STN,2026-08-20T11:32:54Z,2026-08-20T12:23:59Z
2026-08-23,,138.27,POZ,TGD,2026-08-20,Poznań,Polska,Podgorica,Czarnogóra,ryanair,138.27,PLN,1.000000,price,,,POZ-TGD,2026-08-20T11:32:54Z,2026-08-20T12:23:59Z
2026-08-27,,156.97,POZ,TGD,2026-08-20,Poznań,Polska,Podgorica,Czarnogóra,ryanair,156.97,PLN,1.000000,price,,,POZ-TGD,2026-08-20T11:32:54Z,2026-08-20T12:23:59Z
2026-08-30,,146.91,POZ,TGD,2026-08-20,Poznań,Polska,Podgorica,Czarnogóra,ryanair,146.91,PLN,1.000000,price,,,POZ-TGD,2026-08-20T11:32:54Z,2026-08-20T12:23:59Z
2026-08-24,,238.00,POZ,TIA,2026-08-20,Poznań,Polska,Tirana,Albania,ryanair,238.0,PLN,1.000000,price,,,POZ-TIA,2026-08-20T11:32:54Z,2026-08-20T12:23:59Z
2026-08-27,,446.00,POZ,TIA,2026-08-20,Poznań,Polska,Tirana,Albania,ryanair,446.0,PLN,1.000000,price,,,POZ-TIA,2026-08-20T11:32:54Z,2026-08-20T12:23:59Z
2026-08-31,,109.00,POZ,TIA,2026-08-20,Poznań,Polska,Tirana,Albania,wizzair,109.0,PLN,1.000000,price,P,False,POZ-TIA,2026-08-20T11:32:53Z,2026-08-20T12:23:59Z
2026-08-21,,478.32,POZ,TRF,2026-08-20,Poznań,Polska,Oslo,Norwegia,ryanair,478.32,PLN,1.000000,price,,,POZ-TRF,2026-08-20T11:32:54Z,2026-08-20T12:23:59Z
2026-08-22,,341.12,POZ,TRF,2026-08-20,Poznań,Polska,Oslo,Norwegia,ryanair,341.12,PLN,1.000000,price,,,POZ-TRF,2026-08-20T11:32:54Z,2026-08-20T12:23:59Z
2026-08-23,,1109.26,POZ,TRF,2026-08-20,Poznań,Polska,Oslo,Norwegia,ryanair,1109.26,PLN,1.000000,price,,,POZ-TRF,2026-08-20T11:32:54Z,2026-08-20T12:23:59Z
2026-08-24,,491.25,POZ,TRF,2026-08-20,Poznań,Polska,Oslo,Norwegia,ryanair,491.25,PLN,1.000000,price,,,POZ-TRF,2026-08-20T11:32:54Z,2026-08-20T12:23:59Z
2026-08-25,,219.75,POZ,TRF,2026-08-20,Poznań,Polska,Oslo,Norwegia,ryanair,219.75,PLN,1.000000,price,,,POZ-TRF,2026-08-20T11:32:54Z,2026-08-20T12:23:59Z
2026-08-27,,263.61,POZ,TRF,2026-08-20,Poznań,Polska,Oslo,Norwegia,ryanair,263.61,PLN,1.000000,price,,,POZ-TRF,2026-08-20T11:32:54Z,2026-08-20T12:23:59Z
2026-08-28,,202.51,POZ,TRF,2026-08-20,Poznań,Polska,Oslo,Norwegia,ryanair,202.51,PLN,1.000000,price,,,POZ-TRF,2026-08-20T11:32:54Z,2026-08-20T12:23:59Z
2026-08-29,,77.32,POZ,TRF,2026-08-20,Poznań,Polska,Oslo,Norwegia,ryanair,77.32,PLN,1.000000,price,,,POZ-TRF,2026-08-20T11:32:54Z,2026-08-20T12:23:59Z
2026-08-30,,401.92,POZ,TRF,2026-08-20,Poznań,Polska,Oslo,Norwegia,ryanair,401.92,PLN,1.000000,price,,,POZ-TRF,2026-08-20T11:32:54Z,2026-08-20T12:23:59Z
2026-08-31,,137.86,POZ,TRF,2026-08-20,Poznań,Polska,Oslo,Norwegia,ryanair,137.86,PLN,1.000000,price,,,POZ-TRF,2026-08-20T11:32:54Z,2026-08-20T12:23:59Z
2026-08-23,,263.47,POZ,TSF,2026-08-20,Poznań,Polska,Wenecja,Włochy,ryanair,263.47,PLN,1.000000,price,,,POZ-TSF,2026-08-20T11:32:54Z,2026-08-20T12:23:59Z
2026-08-24,,407.34,POZ,TSF,2026-08-20,Poznań,Polska,Wenecja,Włochy,ryanair,407.34,PLN,1.000000,price,,,POZ-TSF,2026-08-20T11:32:54Z,2026-08-20T12:23:59Z
2026-08-27,,329.47,POZ,TSF,2026-08-20,Poznań,Polska,Wenecja,Włochy,ryanair,329.47,PLN,1.000000,price,,,POZ-TSF,2026-08-20T11:32:54Z,2026-08-20T12:23:59Z
2026-08-30,,105.92,POZ,TSF,2026-08-20,Poznań,Polska,Wenecja,Włochy,ryanair,105.92,PLN,1.000000,price,,,POZ-TSF,2026-08-20T11:32:54Z,2026-08-20T12:23:59Z
2026-08-31,,276.04,POZ,TSF,2026-08-20,Poznań,Polska,Wenecja,Włochy,ryanair,276.04,PLN,1.000000,price,,,POZ-TSF,2026-08-20T11:32:54Z,2026-08-20T12:23:59Z
2026-08-23,,1676.57,POZ,VLC,2026-08-20,Poznań,Polska,Valencia,Hiszpania,ryanair,1676.57,PLN,1.000000,price,,,POZ-VLC,2026-08-20T11:32:54Z,2026-08-20T12:23:59Z
2026-08-26,,902.62,POZ,VLC,2026-08-20,Poznań,Polska,Valencia,Hiszpania,ryanair,902.62,PLN,1.000000,price,,,POZ-VLC,2026-08-20T11:32:54Z,2026-08-20T12:23:59Z
2026-08-30,,589.50,POZ,VLC,2026-08-20,Poznań,Polska,Valencia,Hiszpania,ryanair,589.5,PLN,1.000000,price,,,POZ-VLC,2026-08-20T11:32:54Z,2026-08-20T12:23:59Z
2026-08-20,,432.18,POZ,ZAD,2026-08-20,Poznań,Polska,Zadar,Chorwacja,ryanair,432.18,PLN,1.000000,price,,,POZ-ZAD,2026-08-20T11:32:54Z,2026-08-20T12:23:59Z
2026-08-21,,1119.03,POZ,ZAD,2026-08-20,Poznań,Polska,Zadar,Chorwacja,ryanair,1119.03,PLN,1.000000,price,,,POZ-ZAD,2026-08-20T11:32:54Z,2026-08-20T12:23:59Z
2026-08-22,,379.20,POZ,ZAD,2026-08-20,Poznań,Polska,Zadar,Chorwacja,ryanair,379.2,PLN,1.000000,price,,,POZ-ZAD,2026-08-20T11:32:54Z,2026-08-20T12:23:59Z
2026-08-23,,872.30,POZ,ZAD,2026-08-20,Poznań,Polska,Zadar,Chorwacja,ryanair,872.3,PLN,1.000000,price,,,POZ-ZAD,2026-08-20T11:32:54Z,2026-08-20T12:23:59Z
2026-08-24,,443.85,POZ,ZAD,2026-08-20,Poznań,Polska,Zadar,Chorwacja,ryanair,443.85,PLN,1.000000,price,,,POZ-ZAD,2026-08-20T11:32:54Z,2026-08-20T12:23:59Z
2026-08-25,,151.23,POZ,ZAD,2026-08-20,Poznań,Polska,Zadar,Chorwacja,ryanair,151.23,PLN,1.000000,price,,,POZ-ZAD,2026-08-20T11:32:54Z,2026-08-20T12:23:59Z
2026-08-26,,323.18,POZ,ZAD,2026-08-20,Poznań,Polska,Zadar,Chorwacja,ryanair,323.18,PLN,1.000000,price,,,POZ-ZAD,2026-08-20T11:32:54Z,2026-08-20T12:23:59Z
2026-08-27,,254.22,POZ,ZAD,2026-08-20,Poznań,Polska,Zadar,Chorwacja,ryanair,254.22,PLN,1.000000,price,,,POZ-ZAD,2026-08-20T11:32:54Z,2026-08-20T12:23:59Z
2026-08-28,,119.00,POZ,ZAD,2026-08-20,Poznań,Polska,Zadar,Chorwacja,ryanair,119.0,PLN,1.000000,price,,,POZ-ZAD,2026-08-20T11:32:54Z,2026-08-20T12:23:59Z
2026-08-29,,155.56,POZ,ZAD,2026-08-20,Poznań,Polska,Zadar,Chorwacja,ryanair,155.56,PLN,1.000000,price,,,POZ-ZAD,2026-08-20T11:32:54Z,2026-08-20T12:23:59Z
2026-08-30,,131.97,POZ,ZAD,2026-08-20,Poznań,Polska,Zadar,Chorwacja,ryanair,131.97,PLN,1.000000,price,,,POZ-ZAD,2026-08-20T11:32:54Z,2026-08-20T12:23:59Z
2026-08-31,,206.82,POZ,ZAD,2026-08-20,Poznań,Polska,Zadar,Chorwacja,ryanair,206.82,PLN,1.000000,price,,,POZ-ZAD,2026-08-20T11:32:54Z,2026-08-20T12:23:59Z
2026-08-21,,810.25,PRG,GDN,2026-08-20,Praga,Czechy,Gdańsk,Polska,ryanair,810.25,PLN,1.000000,price,,,PRG-GDN,2026-08-20T11:32:54Z,2026-08-20T12:23:59Z
2026-08-22,,1019.11,PRG,GDN,2026-08-20,Praga,Czechy,Gdańsk,Polska,ryanair,1019.11,PLN,1.000000,price,,,PRG-GDN,2026-08-20T11:32:54Z,2026-08-20T12:23:59Z
2026-08-24,,289.29,PRG,GDN,2026-08-20,Praga,Czechy,Gdańsk,Polska,ryanair,289.29,PLN,1.000000,price,,,PRG-GDN,2026-08-20T11:32:54Z,2026-08-20T12:23:59Z
2026-08-25,,224.74,PRG,GDN,2026-08-20,Praga,Czechy,Gdańsk,Polska,ryanair,224.74,PLN,1.000000,price,,,PRG-GDN,2026-08-20T11:32:54Z,2026-08-20T12:23:59Z
2026-08-26,,145.05,PRG,GDN,2026-08-20,Praga,Czechy,Gdańsk,Polska,ryanair,145.05,PLN,1.000000,price,,,PRG-GDN,2026-08-20T11:32:54Z,2026-08-20T12:23:59Z
2026-08-27,,211.74,PRG,GDN,2026-08-20,Praga,Czechy,Gdańsk,Polska,ryanair,211.74,PLN,1.000000,price,,,PRG-GDN,2026-08-20T11:32:54Z,2026-08-20T12:23:59Z
2026-08-28,,212.38,PRG,GDN,2026-08-20,Praga,Czechy,Gdańsk,Polska,ryanair,212.38,PLN,1.000000,price,,,PRG-GDN,2026-08-20T11:32:54Z,2026-08-20T12:23:59Z
2026-08-29,,145.87,PRG,GDN,2026-08-20,Praga,Czechy,Gdańsk,Polska,ryanair,145.87,PLN,1.000000,price,,,PRG-GDN,2026-08-20T11:32:54Z,2026-08-20T12:23:59Z
2026-08-31,,230.76,PRG,GDN,2026-08-20,Praga,Czechy,Gdańsk,Polska,ryanair,230.76,PLN,1.000000,price,,,PRG-GDN,2026-08-20T11:32:54Z,2026-08-20T12:23:59Z
2026-08-22,,125.30,PRG,KRK,2026-08-20,Praga,Czechy,Kraków,Polska,ryanair,125.3,PLN,1.000000,price,,,PRG-KRK,2026-08-20T11:32:54Z,2026-08-20T12:23:59Z
2026-08-25,,145.87,PRG,KRK,2026-08-20,Praga,Czechy,Kraków,Polska,ryanair,145.87,PLN,1.000000,price,,,PRG-KRK,2026-08-20T11:32:54Z,2026-08-20T12:23:59Z
2026-08-26,,142.59,PRG,KRK,2026-08-20,Praga,Czechy,Kraków,Polska,ryanair,142.59,PLN,1.000000,price,,,PRG-KRK,2026-08-20T11:32:54Z,2026-08-20T12:23:59Z
2026-08-29,,194.46,PRG,KRK,2026-08-20,Praga,Czechy,Kraków,Polska,ryanair,194.46,PLN,1.000000,price,,,PRG-KRK,2026-08-20T11:32:54Z,2026-08-20T12:23:59Z
2026-08-21,,475.40,PRG,POZ,2026-08-20,Praga,Czechy,Poznań,Polska,ryanair,475.4,PLN,1.000000,price,,,PRG-POZ,2026-08-20T11:32:54Z,2026-08-20T12:23:59Z
2026-08-23,,348.42,PRG,POZ,2026-08-20,Praga,Czechy,Poznań,Polska,ryanair,348.42,PLN,1.000000,price,,,PRG-POZ,2026-08-20T11:32:54Z,2026-08-20T12:23:59Z
2026-08-27,,76.25,PRG,POZ,2026-08-20,Praga,Czechy,Poznań,Polska,ryanair,76.25,PLN,1.000000,price,,,PRG-POZ,2026-08-20T11:32:54Z,2026-08-20T12:23:59Z
2026-08-28,,70.11,PRG,POZ,2026-08-20,Praga,Czechy,Poznań,Polska,ryanair,70.11,PLN,1.000000,price,,,PRG-POZ,2026-08-20T11:32:54Z,2026-08-20T12:23:59Z
2026-08-30,,258.53,PRG,POZ,2026-08-20,Praga,Czechy,Poznań,Polska,ryanair,258.53,PLN,1.000000,price,,,PRG-POZ,2026-08-20T11:32:54Z,2026-08-20T12:23:59Z
2026-08-20,,1389.93,PSA,GDN,2026-08-20,Piza,Włochy,Gdańsk,Polska,ryanair,1389.93,PLN,1.000000,price,,,PSA-GDN,2026-08-20T11:32:54Z,2026-08-20T12:23:59Z
2026-08-23,,158.00,PSA,GDN,2026-08-20,Piza,Włochy,Gdańsk,Polska,ryanair,158.0,PLN,1.000000,price,,,PSA-GDN,2026-08-20T11:32:54Z,2026-08-20T12:23:59Z
2026-08-27,,246.73,PSA,GDN,2026-08-20,Piza,Włochy,Gdańsk,Polska,ryanair,246.73,PLN,1.000000,price,,,PSA-GDN,2026-08-20T11:32:54Z,2026-08-20T12:23:59Z
2026-08-30,,826.74,PSA,GDN,2026-08-20,Piza,Włochy,Gdańsk,Polska,ryanair,826.74,PLN,1.000000,price,,,PSA-GDN,2026-08-20T11:32:54Z,2026-08-20T12:23:59Z
2026-08-20,,933.47,PSA,KRK,2026-08-20,Piza,Włochy,Kraków,Polska,ryanair,933.47,PLN,1.000000,price,,,PSA-KRK,2026-08-20T11:32:54Z,2026-08-20T12:23:59Z
2026-08-21,,1093.47,PSA,KRK,2026-08-20,Piza,Włochy,Kraków,Polska,ryanair,1093.47,PLN,1.000000,price,,,PSA-KRK,2026-08-20T11:32:54Z,2026-08-20T12:23:59Z
2026-08-22,,1071.86,PSA,KRK,2026-08-20,Piza,Włochy,Kraków,Polska,ryanair,1071.86,PLN,1.000000,price,,,PSA-KRK,2026-08-20T11:32:54Z,2026-08-20T12:23:59Z
2026-08-23,,1116.14,PSA,KRK,2026-08-20,Piza,Włochy,Kraków,Polska,ryanair,1116.14,PLN,1.000000,price,,,PSA-KRK,2026-08-20T11:32:54Z,2026-08-20T12:23:59Z
2026-08-24,,933.55,PSA,KRK,2026-08-20,Piza,Włochy,Kraków,Polska,ryanair,933.55,PLN,1.000000,price,,,PSA-KRK,2026-08-20T11:32:54Z,2026-08-20T12:23:59Z
2026-08-25,,254.22,PSA,KRK,2026-08-20,Piza,Włochy,Kraków,Polska,ryanair,254.22,PLN,1.000000,price,,,PSA-KRK,2026-08-20T11:32:54Z,2026-08-20T12:23:59Z
2026-08-26,,245.60,PSA,KRK,2026-08-20,Piza,Włochy,Kraków,Polska,ryanair,245.6,PLN,1.000000,price,,,PSA-KRK,2026-08-20T11:32:54Z,2026-08-20T12:23:59Z
2026-08-27,,224.06,PSA,KRK,2026-08-20,Piza,Włochy,Kraków,Polska,ryanair,224.06,PLN,1.000000,price,,,PSA-KRK,2026-08-20T11:32:54Z,2026-08-20T12:23:59Z
2026-08-28,,268.51,PSA,KRK,2026-08-20,Piza,Włochy,Kraków,Polska,ryanair,268.51,PLN,1.000000,price,,,PSA-KRK,2026-08-20T11:32:54Z,2026-08-20T12:23:59Z
2026-08-29,,484.04,PSA,KRK,2026-08-20,Piza,Włochy,Kraków,Polska,ryanair,484.04,PLN,1.000000,price,,,PSA-KRK,2026-08-20T11:32:54Z,2026-08-20T12:23:59Z
2026-08-30,,808.21,PSA,KRK,2026-08-20,Piza,Włochy,Kraków,Polska,ryanair,808.21,PLN,1.000000,price,,,PSA-KRK,2026-08-20T11:32:54Z,2026-08-20T12:23:59Z
2026-08-31,,674.22,PSA,KRK,2026-08-20,Piza,Włochy,Kraków,Polska,ryanair,674.22,PLN,1.000000,price,,,PSA-KRK,2026-08-20T11:32:54Z,2026-08-20T12:23:59Z
2026-08-20,,801.97,PSA,WAW,2026-08-20,Piza,Włochy,Warszawa,Polska,ryanair,801.97,PLN,1.000000,price,,,PSA-WAW,2026-08-20T11:32:54Z,2026-08-20T12:23:59Z
2026-08-23,,1596.62,PSA,WAW,2026-08-20,Piza,Włochy,Warszawa,Polska,ryanair,1596.62,PLN,1.000000,price,,,PSA-WAW,2026-08-20T11:32:54Z,2026-08-20T12:23:59Z
2026-08-25,,577.44,PSA,WAW,2026-08-20,Piza,Włochy,Warszawa,Polska,ryanair,577.44,PLN,1.000000,price,,,PSA-WAW,2026-08-20T11:32:54Z,2026-08-20T12:23:59Z
2026-08-27,,267.15,PSA,WAW,2026-08-20,Piza,Włochy,Warszawa,Polska,ryanair,267.15,PLN,1.000000,price,,,PSA-WAW,2026-08-20T11:32:54Z,2026-08-20T12:23:59Z
2026-08-29,,431.96,PSA,WAW,2026-08-20,Piza,Włochy,Warszawa,Polska,wizzair,99.99,EUR,4.320028,price,IJ,False,PSA-WAW,2026-08-20T11:32:53Z,2026-08-20T12:23:59Z
2026-08-30,,181.94,PSA,WAW,2026-08-20,Piza,Włochy,Warszawa,Polska,ryanair,181.94,PLN,1.000000,price,,,PSA-WAW,2026-08-20T11:32:54Z,2026-08-20T12:23:59Z
2026-08-22,,292.06,PSA,WRO,2026-08-20,Piza,Włochy,Wrocław,Polska,ryanair,292.06,PLN,1.000000,price,,,PSA-WRO,2026-08-20T11:32:54Z,2026-08-20T12:23:59Z
2026-08-23,,535.00,PSA,WRO,2026-08-20,Piza,Włochy,Wrocław,Polska,ryanair,535.0,PLN,1.000000,price,,,PSA-WRO,2026-08-20T11:32:54Z,2026-08-20T12:23:59Z
2026-08-26,,194.55,PSA,WRO,2026-08-20,Piza,Włochy,Wrocław,Polska,ryanair,194.55,PLN,1.000000,price,,,PSA-WRO,2026-08-20T11:32:54Z,2026-08-20T12:23:59Z
2026-08-29,,223.75,PSA,WRO,2026-08-20,Piza,Włochy,Wrocław,Polska,ryanair,223.75,PLN,1.000000,price,,,PSA-WRO,2026-08-20T11:32:54Z,2026-08-20T12:23:59Z
2026-08-30,,616.43,PSA,WRO,2026-08-20,Piza,Włochy,Wrocław,Polska,ryanair,616.43,PLN,1.000000,price,,,PSA-WRO,2026-08-20T11:32:54Z,2026-08-20T12:23:59Z
2026-08-20,,1594.19,PSR,KRK,2026-08-20,Pescara,Włochy,Kraków,Polska,ryanair,1594.19,PLN,1.000000,price,,,PSR-KRK,2026-08-20T11:32:54Z,2026-08-20T12:23:59Z
2026-08-21,,998.38,PSR,KRK,2026-08-20,Pescara,Włochy,Kraków,Polska,ryanair,998.38,PLN,1.000000,price,,,PSR-KRK,2026-08-20T11:32:54Z,2026-08-20T12:23:59Z
2026-08-25,,874.81,PSR,KRK,2026-08-20,Pescara,Włochy,Kraków,Polska,ryanair,874.81,PLN,1.000000,price,,,PSR-KRK,2026-08-20T11:32:54Z,2026-08-20T12:23:59Z
2026-08-27,,911.94,PSR,KRK,2026-08-20,Pescara,Włochy,Kraków,Polska,ryanair,911.94,PLN,1.000000,price,,,PSR-KRK,2026-08-20T11:32:54Z,2026-08-20T12:23:59Z
2026-08-28,,288.70,PSR,KRK,2026-08-20,Pescara,Włochy,Kraków,Polska,ryanair,288.7,PLN,1.000000,price,,,PSR-KRK,2026-08-20T11:32:54Z,2026-08-20T12:23:59Z
2026-08-29,,417.99,PSR,KRK,2026-08-20,Pescara,Włochy,Kraków,Polska,ryanair,417.99,PLN,1.000000,price,,,PSR-KRK,2026-08-20T11:32:54Z,2026-08-20T12:23:59Z
2026-08-21,,495.40,PSR,WRO,2026-08-20,Pescara,Włochy,Wrocław,Polska,ryanair,495.4,PLN,1.000000,price,,,PSR-WRO,2026-08-20T11:32:54Z,2026-08-20T12:23:59Z
2026-08-23,,504.18,PSR,WRO,2026-08-20,Pescara,Włochy,Wrocław,Polska,ryanair,504.18,PLN,1.000000,price,,,PSR-WRO,2026-08-20T11:32:54Z,2026-08-20T12:23:59Z
2026-08-28,,207.42,PSR,WRO,2026-08-20,Pescara,Włochy,Wrocław,Polska,ryanair,207.42,PLN,1.000000,price,,,PSR-WRO,2026-08-20T11:32:54Z,2026-08-20T12:23:59Z
2026-08-30,,711.04,PSR,WRO,2026-08-20,Pescara,Włochy,Wrocław,Polska,ryanair,711.04,PLN,1.000000,price,,,PSR-WRO,2026-08-20T11:32:54Z,2026-08-20T12:23:59Z
2026-08-20,,664.03,PUY,KTW,2026-08-20,Pula,Chorwacja,Katowice,Polska,ryanair,664.03,PLN,1.000000,price,,,PUY-KTW,2026-08-20T11:32:54Z,2026-08-20T12:23:59Z
2026-08-21,,449.79,PUY,KTW,2026-08-20,Pula,Chorwacja,Katowice,Polska,ryanair,449.79,PLN,1.000000,price,,,PUY-KTW,2026-08-20T11:32:54Z,2026-08-20T12:23:59Z
2026-08-24,,1444.75,PUY,KTW,2026-08-20,Pula,Chorwacja,Katowice,Polska,ryanair,1444.75,PLN,1.000000,price,,,PUY-KTW,2026-08-20T11:32:54Z,2026-08-20T12:23:59Z
2026-08-26,,726.83,PUY,KTW,2026-08-20,Pula,Chorwacja,Katowice,Polska,ryanair,726.83,PLN,1.000000,price,,,PUY-KTW,2026-08-20T11:32:54Z,2026-08-20T12:23:59Z
2026-08-27,,421.48,PUY,KTW,2026-08-20,Pula,Chorwacja,Katowice,Polska,ryanair,421.48,PLN,1.000000,price,,,PUY-KTW,2026-08-20T11:32:54Z,2026-08-20T12:23:59Z
2026-08-28,,316.19,PUY,KTW,2026-08-20,Pula,Chorwacja,Katowice,Polska,ryanair,316.19,PLN,1.000000,price,,,PUY-KTW,2026-08-20T11:32:54Z,2026-08-20T12:23:59Z
2026-08-31,,1048.30,PUY,KTW,2026-08-20,Pula,Chorwacja,Katowice,Polska,ryanair,1048.3,PLN,1.000000,price,,,PUY-KTW,2026-08-20T11:32:54Z,2026-08-20T12:23:59Z
2026-08-21,,259.29,PUY,POZ,2026-08-20,Pula,Chorwacja,Poznań,Polska,ryanair,259.29,PLN,1.000000,price,,,PUY-POZ,2026-08-20T11:32:54Z,2026-08-20T12:23:59Z
2026-08-23,,930.83,PUY,POZ,2026-08-20,Pula,Chorwacja,Poznań,Polska,ryanair,930.83,PLN,1.000000,price,,,PUY-POZ,2026-08-20T11:32:54Z,2026-08-20T12:23:59Z
2026-08-26,,340.42,PUY,POZ,2026-08-20,Pula,Chorwacja,Poznań,Polska,ryanair,340.42,PLN,1.000000,price,,,PUY-POZ,2026-08-20T11:32:54Z,2026-08-20T12:23:59Z
2026-08-27,,586.06,PUY,POZ,2026-08-20,Pula,Chorwacja,Poznań,Polska,ryanair,586.06,PLN,1.000000,price,,,PUY-POZ,2026-08-20T11:32:54Z,2026-08-20T12:23:59Z
2026-08-28,,380.31,PUY,POZ,2026-08-20,Pula,Chorwacja,Poznań,Polska,ryanair,380.31,PLN,1.000000,price,,,PUY-POZ,2026-08-20T11:32:54Z,2026-08-20T12:23:59Z
2026-08-30,,1642.09,PUY,POZ,2026-08-20,Pula,Chorwacja,Poznań,Polska,ryanair,1642.09,PLN,1.000000,price,,,PUY-POZ,2026-08-20T11:32:54Z,2026-08-20T12:23:59Z
2026-08-20,,1314.83,RAK,KRK,2026-08-20,Marakesz,Maroko,Kraków,Polska,ryanair,1314.83,PLN,1.000000,price,,,RAK-KRK,2026-08-20T11:32:54Z,2026-08-20T12:23:59Z
2026-08-23,,1621.33,RAK,KRK,2026-08-20,Marakesz,Maroko,Kraków,Polska,ryanair,1621.33,PLN,1.000000,price,,,RAK-KRK,2026-08-20T11:32:54Z,2026-08-20T12:23:59Z
2026-08-27,,1896.16,RAK,KRK,2026-08-20,Marakesz,Maroko,Kraków,Polska,ryanair,1896.16,PLN,1.000000,price,,,RAK-KRK,2026-08-20T11:32:54Z,2026-08-20T12:23:59Z
2026-08-30,,1343.75,RAK,KRK,2026-08-20,Marakesz,Maroko,Kraków,Polska,ryanair,1343.75,PLN,1.000000,price,,,RAK-KRK,2026-08-20T11:32:54Z,2026-08-20T12:23:59Z
2026-08-24,,781.51,REG,KTW,2026-08-20,Reggio Calabria,Włochy,Katowice,Polska,ryanair,781.51,PLN,1.000000,price,,,REG-KTW,2026-08-20T11:32:54Z,2026-08-20T12:23:59Z
2026-08-27,,836.02,REG,KTW,2026-08-20,Reggio Calabria,Włochy,Katowice,Polska,ryanair,836.02,PLN,1.000000,price,,,REG-KTW,2026-08-20T11:32:54Z,2026-08-20T12:23:59Z
2026-08-31,,471.08,REG,KTW,2026-08-20,Reggio Calabria,Włochy,Katowice,Polska,ryanair,471.08,PLN,1.000000,price,,,REG-KTW,2026-08-20T11:32:54Z,2026-08-20T12:23:59Z
2026-08-20,,1145.34,RHO,KRK,2026-08-20,Rodos,Grecja,Kraków,Polska,ryanair,1145.34,PLN,1.000000,price,,,RHO-KRK,2026-08-20T11:32:54Z,2026-08-20T12:23:59Z
2026-08-23,,1205.81,RHO,KRK,2026-08-20,Rodos,Grecja,Kraków,Polska,ryanair,1205.81,PLN,1.000000,price,,,RHO-KRK,2026-08-20T11:32:54Z,2026-08-20T12:23:59Z
2026-08-24,,1414.92,RHO,KRK,2026-08-20,Rodos,Grecja,Kraków,Polska,ryanair,1414.92,PLN,1.000000,price,,,RHO-KRK,2026-08-20T11:32:54Z,2026-08-20T12:23:59Z
2026-08-26,,922.21,RHO,KRK,2026-08-20,Rodos,Grecja,Kraków,Polska,ryanair,922.21,PLN,1.000000,price,,,RHO-KRK,2026-08-20T11:32:54Z,2026-08-20T12:23:59Z
2026-08-29,,647.96,RHO,KRK,2026-08-20,Rodos,Grecja,Kraków,Polska,wizzair,149.99,EUR,4.320028,price,HI,False,RHO-KRK,2026-08-20T11:32:53Z,2026-08-20T12:23:59Z
2026-08-30,,1443.57,RHO,KRK,2026-08-20,Rodos,Grecja,Kraków,Polska,ryanair,1443.57,PLN,1.000000,price,,,RHO-KRK,2026-08-20T11:32:54Z,2026-08-20T12:23:59Z
2026-08-31,,1201.55,RHO,KRK,2026-08-20,Rodos,Grecja,Kraków,Polska,ryanair,1201.55,PLN,1.000000,price,,,RHO-KRK,2026-08-20T11:32:54Z,2026-08-20T12:23:59Z
2026-08-21,,1119.41,RHO,WMI,2026-08-20,Rodos,Grecja,Warszawa,Polska,ryanair,1119.41,PLN,1.000000,price,,,RHO-WMI,2026-08-20T11:32:54Z,2026-08-20T12:23:59Z
2026-08-23,,1015.64,RHO,WMI,2026-08-20,Rodos,Grecja,Warszawa,Polska,ryanair,1015.64,PLN,1.000000,price,,,RHO-WMI,2026-08-20T11:32:54Z,2026-08-20T12:23:59Z
2026-08-28,,717.44,RHO,WMI,2026-08-20,Rodos,Grecja,Warszawa,Polska,ryanair,717.44,PLN,1.000000,price,,,RHO-WMI,2026-08-20T11:32:54Z,2026-08-20T12:23:59Z
2026-08-30,,932.03,RHO,WMI,2026-08-20,Rodos,Grecja,Warszawa,Polska,ryanair,932.03,PLN,1.000000,price,,,RHO-WMI,2026-08-20T11:32:54Z,2026-08-20T12:23:59Z
2026-08-31,,370.00,RHO,WMI,2026-08-20,Rodos,Grecja,Warszawa,Polska,ryanair,370.0,PLN,1.000000,price,,,RHO-WMI,2026-08-20T11:32:54Z,2026-08-20T12:23:59Z
2026-08-21,,994.90,RIX,KRK,2026-08-20,Ryga,Łotwa,Kraków,Polska,ryanair,994.9,PLN,1.000000,price,,,RIX-KRK,2026-08-20T11:32:54Z,2026-08-20T12:23:59Z
2026-08-24,,137.66,RIX,KRK,2026-08-20,Ryga,Łotwa,Kraków,Polska,ryanair,137.66,PLN,1.000000,price,,,RIX-KRK,2026-08-20T11:32:54Z,2026-08-20T12:23:59Z
2026-08-25,,138.00,RIX,KRK,2026-08-20,Ryga,Łotwa,Kraków,Polska,ryanair,138.0,PLN,1.000000,price,,,RIX-KRK,2026-08-20T11:32:54Z,2026-08-20T12:23:59Z
2026-08-27,,319.54,RIX,KRK,2026-08-20,Ryga,Łotwa,Kraków,Polska,ryanair,319.54,PLN,1.000000,price,,,RIX-KRK,2026-08-20T11:32:54Z,2026-08-20T12:23:59Z
2026-08-28,,308.74,RIX,KRK,2026-08-20,Ryga,Łotwa,Kraków,Polska,ryanair,308.74,PLN,1.000000,price,,,RIX-KRK,2026-08-20T11:32:54Z,2026-08-20T12:23:59Z
2026-08-31,,95.00,RIX,KRK,2026-08-20,Ryga,Łotwa,Kraków,Polska,ryanair,95.0,PLN,1.000000,price,,,RIX-KRK,2026-08-20T11:32:54Z,2026-08-20T12:23:59Z
2026-08-29,,431.96,RJK,GDN,2026-08-20,Rijeka  Rijeka,Chorwacja,Gdańsk,Polska,wizzair,99.99,EUR,4.320028,price,IJ,False,RJK-GDN,2026-08-20T11:32:53Z,2026-08-20T12:23:59Z
2026-08-29,,345.56,RJK,KTW,2026-08-20,Rijeka  Rijeka,Chorwacja,Katowice,Polska,wizzair,79.99,EUR,4.320028,price,JK,False,RJK-KTW,2026-08-20T11:32:53Z,2026-08-20T12:23:59Z
2026-08-23,,1051.80,RJK,WRO,2026-08-20,Rijeka,Chorwacja,Wrocław,Polska,ryanair,1051.8,PLN,1.000000,price,,,RJK-WRO,2026-08-20T11:32:54Z,2026-08-20T12:23:59Z
2026-08-26,,314.32,RJK,WRO,2026-08-20,Rijeka,Chorwacja,Wrocław,Polska,ryanair,314.32,PLN,1.000000,price,,,RJK-WRO,2026-08-20T11:32:54Z,2026-08-20T12:23:59Z
2026-08-27,,349.89,RJK,WRO,2026-08-20,Rijeka,Chorwacja,Wrocław,Polska,ryanair,349.89,PLN,1.000000,price,,,RJK-WRO,2026-08-20T11:32:54Z,2026-08-20T12:23:59Z
2026-08-30,,1487.40,RJK,WRO,2026-08-20,Rijeka,Chorwacja,Wrocław,Polska,ryanair,1487.4,PLN,1.000000,price,,,RJK-WRO,2026-08-20T11:32:54Z,2026-08-20T12:23:59Z
2026-08-21,,312.22,RMI,KRK,2026-08-20,Rimini,Włochy,Kraków,Polska,ryanair,312.22,PLN,1.000000,price,,,RMI-KRK,2026-08-20T11:32:54Z,2026-08-20T12:23:59Z
2026-08-22,,425.00,RMI,KRK,2026-08-20,Rimini,Włochy,Kraków,Polska,ryanair,425.0,PLN,1.000000,price,,,RMI-KRK,2026-08-20T11:32:54Z,2026-08-20T12:23:59Z
2026-08-24,,331.32,RMI,KRK,2026-08-20,Rimini,Włochy,Kraków,Polska,ryanair,331.32,PLN,1.000000,price,,,RMI-KRK,2026-08-20T11:32:54Z,2026-08-20T12:23:59Z
2026-08-25,,187.32,RMI,KRK,2026-08-20,Rimini,Włochy,Kraków,Polska,ryanair,187.32,PLN,1.000000,price,,,RMI-KRK,2026-08-20T11:32:54Z,2026-08-20T12:23:59Z
2026-08-26,,241.44,RMI,KRK,2026-08-20,Rimini,Włochy,Kraków,Polska,ryanair,241.44,PLN,1.000000,price,,,RMI-KRK,2026-08-20T11:32:54Z,2026-08-20T12:23:59Z
2026-08-27,,293.32,RMI,KRK,2026-08-20,Rimini,Włochy,Kraków,Polska,ryanair,293.32,PLN,1.000000,price,,,RMI-KRK,2026-08-20T11:32:54Z,2026-08-20T12:23:59Z
2026-08-28,,273.82,RMI,KRK,2026-08-20,Rimini,Włochy,Kraków,Polska,ryanair,273.82,PLN,1.000000,price,,,RMI-KRK,2026-08-20T11:32:54Z,2026-08-20T12:23:59Z
2026-08-29,,416.44,RMI,KRK,2026-08-20,Rimini,Włochy,Kraków,Polska,ryanair,416.44,PLN,1.000000,price,,,RMI-KRK,2026-08-20T11:32:54Z,2026-08-20T12:23:59Z
2026-08-31,,324.96,RMI,KRK,2026-08-20,Rimini,Włochy,Kraków,Polska,ryanair,324.96,PLN,1.000000,price,,,RMI-KRK,2026-08-20T11:32:54Z,2026-08-20T12:23:59Z
2026-08-31,,431.96,RMI,KTW,2026-08-20,Rimini,Włochy,Katowice,Polska,wizzair,99.99,EUR,4.320028,price,IJ,False,RMI-KTW,2026-08-20T11:32:53Z,2026-08-20T12:23:59Z
2026-08-30,,496.76,RMI,WMI,2026-08-20,Rimini,Włochy,Warszawa,Polska,wizzair,114.99,EUR,4.320028,price,I,False,RMI-WMI,2026-08-20T11:32:53Z,2026-08-20T12:23:59Z
2026-08-31,,431.96,RMI,WMI,2026-08-20,Rimini,Włochy,Warszawa,Polska,wizzair,99.99,EUR,4.320028,price,IJ,False,RMI-WMI,2026-08-20T11:32:53Z,2026-08-20T12:23:59Z
2026-08-23,,527.27,RMI,WRO,2026-08-20,Rimini,Włochy,Wrocław,Polska,ryanair,527.27,PLN,1.000000,price,,,RMI-WRO,2026-08-20T11:32:54Z,2026-08-20T12:23:59Z
2026-08-27,,540.23,RMI,WRO,2026-08-20,Rimini,Włochy,Wrocław,Polska,ryanair,540.23,PLN,1.000000,price,,,RMI-WRO,2026-08-20T11:32:54Z,2026-08-20T12:23:59Z
2026-08-30,,448.16,RMI,WRO,2026-08-20,Rimini,Włochy,Wrocław,Polska,ryanair,448.16,PLN,1.000000,price,,,RMI-WRO,2026-08-20T11:32:54Z,2026-08-20T12:23:59Z
2026-08-30,,496.76,ROM,GDN,2026-08-20,Rzym,Włochy,Gdańsk,Polska,wizzair,114.99,EUR,4.320028,price,I,True,ROM-GDN,2026-08-20T11:32:53Z,2026-08-20T12:23:59Z
2026-08-31,,345.56,ROM,GDN,2026-08-20,Rzym,Włochy,Gdańsk,Polska,wizzair,79.99,EUR,4.320028,price,JK,True,ROM-GDN,2026-08-20T11:32:53Z,2026-08-20T12:23:59Z
2026-08-29,,259.16,ROM,KRK,2026-08-20,Rzym,Włochy,Kraków,Polska,wizzair,59.99,EUR,4.320028,price,L,True,ROM-KRK,2026-08-20T11:32:53Z,2026-08-20T12:23:59Z
2026-08-30,,431.96,ROM,KRK,2026-08-20,Rzym,Włochy,Kraków,Polska,wizzair,99.99,EUR,4.320028,price,IJ,True,ROM-KRK,2026-08-20T11:32:53Z,2026-08-20T12:23:59Z
2026-08-31,,388.76,ROM,KRK,2026-08-20,Rzym,Włochy,Kraków,Polska,wizzair,89.99,EUR,4.320028,price,J,True,ROM-KRK,2026-08-20T11:32:53Z,2026-08-20T12:23:59Z
2026-08-29,,259.16,ROM,KTW,2026-08-20,Rzym,Włochy,Katowice,Polska,wizzair,59.99,EUR,4.320028,price,L,True,ROM-KTW,2026-08-20T11:32:53Z,2026-08-20T12:23:59Z
2026-08-30,,431.96,ROM,KTW,2026-08-20,Rzym,Włochy,Katowice,Polska,wizzair,99.99,EUR,4.320028,price,IJ,True,ROM-KTW,2026-08-20T11:32:53Z,2026-08-20T12:23:59Z
2026-08-31,,388.76,ROM,KTW,2026-08-20,Rzym,Włochy,Katowice,Polska,wizzair,89.99,EUR,4.320028,price,J,True,ROM-KTW,2026-08-20T11:32:53Z,2026-08-20T12:23:59Z
2026-08-29,,345.56,ROM,WAW,2026-08-20,Rzym,Włochy,Warszawa,Polska,wizzair,79.99,EUR,4.320028,price,KL,True,ROM-WAW,2026-08-20T11:32:53Z,2026-08-20T12:23:59Z
2026-08-30,,496.76,ROM,WAW,2026-08-20,Rzym,Włochy,Warszawa,Polska,wizzair,114.99,EUR,4.320028,price,J,True,ROM-WAW,2026-08-20T11:32:53Z,2026-08-20T12:23:59Z
2026-08-31,,431.96,ROM,WAW,2026-08-20,Rzym,Włochy,Warszawa,Polska,wizzair,99.99,EUR,4.320028,price,JK,True,ROM-WAW,2026-08-20T11:32:53Z,2026-08-20T12:23:59Z
2026-08-20,,475.42,SFT,GDN,2026-08-20,Skelleftea,Szwecja,Gdańsk,Polska,ryanair,475.42,PLN,1.000000,price,,,SFT-GDN,2026-08-20T11:32:54Z,2026-08-20T12:23:59Z
2026-08-23,,103.87,SFT,GDN,2026-08-20,Skelleftea,Szwecja,Gdańsk,Polska,ryanair,103.87,PLN,1.000000,price,,,SFT-GDN,2026-08-20T11:32:54Z,2026-08-20T12:23:59Z
2026-08-26,,81.32,SFT,GDN,2026-08-20,Skelleftea,Szwecja,Gdańsk,Polska,ryanair,81.32,PLN,1.000000,price,,,SFT-GDN,2026-08-20T11:32:54Z,2026-08-20T12:23:59Z
2026-08-27,,88.84,SFT,GDN,2026-08-20,Skelleftea,Szwecja,Gdańsk,Polska,ryanair,88.84,PLN,1.000000,price,,,SFT-GDN,2026-08-20T11:32:54Z,2026-08-20T12:23:59Z
2026-08-30,,81.32,SFT,GDN,2026-08-20,Skelleftea,Szwecja,Gdańsk,Polska,ryanair,81.32,PLN,1.000000,price,,,SFT-GDN,2026-08-20T11:32:54Z,2026-08-20T12:23:59Z
2026-08-20,,1334.97,SKG,KRK,2026-08-20,Saloniki,Grecja,Kraków,Polska,ryanair,1334.97,PLN,1.000000,price,,,SKG-KRK,2026-08-20T11:32:54Z,2026-08-20T12:23:59Z
2026-08-21,,565.86,SKG,KRK,2026-08-20,Saloniki,Grecja,Kraków,Polska,ryanair,565.86,PLN,1.000000,price,,,SKG-KRK,2026-08-20T11:32:54Z,2026-08-20T12:23:59Z
2026-08-22,,565.86,SKG,KRK,2026-08-20,Saloniki,Grecja,Kraków,Polska,ryanair,565.86,PLN,1.000000,price,,,SKG-KRK,2026-08-20T11:32:54Z,2026-08-20T12:23:59Z
2026-08-23,,1485.78,SKG,KRK,2026-08-20,Saloniki,Grecja,Kraków,Polska,ryanair,1485.78,PLN,1.000000,price,,,SKG-KRK,2026-08-20T11:32:54Z,2026-08-20T12:23:59Z
2026-08-24,,1437.67,SKG,KRK,2026-08-20,Saloniki,Grecja,Kraków,Polska,ryanair,1437.67,PLN,1.000000,price,,,SKG-KRK,2026-08-20T11:32:54Z,2026-08-20T12:23:59Z
2026-08-25,,1309.34,SKG,KRK,2026-08-20,Saloniki,Grecja,Kraków,Polska,ryanair,1309.34,PLN,1.000000,price,,,SKG-KRK,2026-08-20T11:32:54Z,2026-08-20T12:23:59Z
2026-08-26,,481.49,SKG,KRK,2026-08-20,Saloniki,Grecja,Kraków,Polska,ryanair,481.49,PLN,1.000000,price,,,SKG-KRK,2026-08-20T11:32:54Z,2026-08-20T12:23:59Z
2026-08-27,,627.26,SKG,KRK,2026-08-20,Saloniki,Grecja,Kraków,Polska,ryanair,627.26,PLN,1.000000,price,,,SKG-KRK,2026-08-20T11:32:54Z,2026-08-20T12:23:59Z
2026-08-28,,663.26,SKG,KRK,2026-08-20,Saloniki,Grecja,Kraków,Polska,ryanair,663.26,PLN,1.000000,price,,,SKG-KRK,2026-08-20T11:32:54Z,2026-08-20T12:23:59Z
2026-08-29,,474.01,SKG,KRK,2026-08-20,Saloniki,Grecja,Kraków,Polska,ryanair,474.01,PLN,1.000000,price,,,SKG-KRK,2026-08-20T11:32:54Z,2026-08-20T12:23:59Z
2026-08-30,,1596.83,SKG,KRK,2026-08-20,Saloniki,Grecja,Kraków,Polska,ryanair,1596.83,PLN,1.000000,price,,,SKG-KRK,2026-08-20T11:32:54Z,2026-08-20T12:23:59Z
2026-08-31,,1078.30,SKG,KRK,2026-08-20,Saloniki,Grecja,Kraków,Polska,ryanair,1078.3,PLN,1.000000,price,,,SKG-KRK,2026-08-20T11:32:54Z,2026-08-20T12:23:59Z
2026-08-22,,726.09,SKG,POZ,2026-08-20,Saloniki,Grecja,Poznań,Polska,ryanair,726.09,PLN,1.000000,price,,,SKG-POZ,2026-08-20T11:32:54Z,2026-08-20T12:23:59Z
2026-08-26,,705.28,SKG,POZ,2026-08-20,Saloniki,Grecja,Poznań,Polska,ryanair,705.28,PLN,1.000000,price,,,SKG-POZ,2026-08-20T11:32:54Z,2026-08-20T12:23:59Z
2026-08-29,,861.88,SKG,POZ,2026-08-20,Saloniki,Grecja,Poznań,Polska,ryanair,861.88,PLN,1.000000,price,,,SKG-POZ,2026-08-20T11:32:54Z,2026-08-20T12:23:59Z
2026-08-22,,831.80,SKG,WMI,2026-08-20,Saloniki,Grecja,Warszawa,Polska,ryanair,831.8,PLN,1.000000,price,,,SKG-WMI,2026-08-20T11:32:54Z,2026-08-20T12:23:59Z
2026-08-25,,613.71,SKG,WMI,2026-08-20,Saloniki,Grecja,Warszawa,Polska,ryanair,613.71,PLN,1.000000,price,,,SKG-WMI,2026-08-20T11:32:54Z,2026-08-20T12:23:59Z
2026-08-27,,479.72,SKG,WMI,2026-08-20,Saloniki,Grecja,Warszawa,Polska,ryanair,479.72,PLN,1.000000,price,,,SKG-WMI,2026-08-20T11:32:54Z,2026-08-20T12:23:59Z
2026-08-29,,693.35,SKG,WMI,2026-08-20,Saloniki,Grecja,Warszawa,Polska,ryanair,693.35,PLN,1.000000,price,,,SKG-WMI,2026-08-20T11:32:54Z,2026-08-20T12:23:59Z
2026-08-20,,574.81,SNN,KRK,2026-08-20,Shannon,Irlandia,Kraków,Polska,ryanair,574.81,PLN,1.000000,price,,,SNN-KRK,2026-08-20T11:32:54Z,2026-08-20T12:23:59Z
2026-08-21,,459.48,SNN,KRK,2026-08-20,Shannon,Irlandia,Kraków,Polska,ryanair,459.48,PLN,1.000000,price,,,SNN-KRK,2026-08-20T11:32:54Z,2026-08-20T12:23:59Z
2026-08-22,,250.64,SNN,KRK,2026-08-20,Shannon,Irlandia,Kraków,Polska,ryanair,250.64,PLN,1.000000,price,,,SNN-KRK,2026-08-20T11:32:54Z,2026-08-20T12:23:59Z
2026-08-24,,147.93,SNN,KRK,2026-08-20,Shannon,Irlandia,Kraków,Polska,ryanair,147.93,PLN,1.000000,price,,,SNN-KRK,2026-08-20T11:32:54Z,2026-08-20T12:23:59Z
2026-08-25,,137.86,SNN,KRK,2026-08-20,Shannon,Irlandia,Kraków,Polska,ryanair,137.86,PLN,1.000000,price,,,SNN-KRK,2026-08-20T11:32:54Z,2026-08-20T12:23:59Z
2026-08-27,,280.08,SNN,KRK,2026-08-20,Shannon,Irlandia,Kraków,Polska,ryanair,280.08,PLN,1.000000,price,,,SNN-KRK,2026-08-20T11:32:54Z,2026-08-20T12:23:59Z
2026-08-28,,263.32,SNN,KRK,2026-08-20,Shannon,Irlandia,Kraków,Polska,ryanair,263.32,PLN,1.000000,price,,,SNN-KRK,2026-08-20T11:32:54Z,2026-08-20T12:23:59Z
2026-08-29,,145.00,SNN,KRK,2026-08-20,Shannon,Irlandia,Kraków,Polska,ryanair,145.0,PLN,1.000000,price,,,SNN-KRK,2026-08-20T11:32:54Z,2026-08-20T12:23:59Z
2026-08-31,,262.84,SNN,KRK,2026-08-20,Shannon,Irlandia,Kraków,Polska,ryanair,262.84,PLN,1.000000,price,,,SNN-KRK,2026-08-20T11:32:54Z,2026-08-20T12:23:59Z
2026-08-22,,259.29,SNN,POZ,2026-08-20,Shannon,Irlandia,Poznań,Polska,ryanair,259.29,PLN,1.000000,price,,,SNN-POZ,2026-08-20T11:32:54Z,2026-08-20T12:23:59Z
2026-08-25,,215.44,SNN,POZ,2026-08-20,Shannon,Irlandia,Poznań,Polska,ryanair,215.44,PLN,1.000000,price,,,SNN-POZ,2026-08-20T11:32:54Z,2026-08-20T12:23:59Z
2026-08-29,,139.00,SNN,POZ,2026-08-20,Shannon,Irlandia,Poznań,Polska,ryanair,139.0,PLN,1.000000,price,,,SNN-POZ,2026-08-20T11:32:54Z,2026-08-20T12:23:59Z
2026-08-21,,339.48,SNN,WMI,2026-08-20,Shannon,Irlandia,Warszawa,Polska,ryanair,339.48,PLN,1.000000,price,,,SNN-WMI,2026-08-20T11:32:54Z,2026-08-20T12:23:59Z
2026-08-22,,280.28,SNN,WMI,2026-08-20,Shannon,Irlandia,Warszawa,Polska,ryanair,280.28,PLN,1.000000,price,,,SNN-WMI,2026-08-20T11:32:54Z,2026-08-20T12:23:59Z
2026-08-24,,145.56,SNN,WMI,2026-08-20,Shannon,Irlandia,Warszawa,Polska,ryanair,145.56,PLN,1.000000,price,,,SNN-WMI,2026-08-20T11:32:54Z,2026-08-20T12:23:59Z
2026-08-25,,145.00,SNN,WMI,2026-08-20,Shannon,Irlandia,Warszawa,Polska,ryanair,145.0,PLN,1.000000,price,,,SNN-WMI,2026-08-20T11:32:54Z,2026-08-20T12:23:59Z
2026-08-28,,145.00,SNN,WMI,2026-08-20,Shannon,Irlandia,Warszawa,Polska,ryanair,145.0,PLN,1.000000,price,,,SNN-WMI,2026-08-20T11:32:54Z,2026-08-20T12:23:59Z
2026-08-29,,145.00,SNN,WMI,2026-08-20,Shannon,Irlandia,Warszawa,Polska,ryanair,145.0,PLN,1.000000,price,,,SNN-WMI,2026-08-20T11:32:54Z,2026-08-20T12:23:59Z
2026-08-31,,145.00,SNN,WMI,2026-08-20,Shannon,Irlandia,Warszawa,Polska,ryanair,145.0,PLN,1.000000,price,,,SNN-WMI,2026-08-20T11:32:54Z,2026-08-20T12:23:59Z
2026-08-23,,146.91,SNN,WRO,2026-08-20,Shannon,Irlandia,Wrocław,Polska,ryanair,146.91,PLN,1.000000,price,,,SNN-WRO,2026-08-20T11:32:54Z,2026-08-20T12:23:59Z
2026-08-24,,139.00,SNN,WRO,2026-08-20,Shannon,Irlandia,Wrocław,Polska,ryanair,139.0,PLN,1.000000,price,,,SNN-WRO,2026-08-20T11:32:54Z,2026-08-20T12:23:59Z
2026-08-25,,232.68,SNN,WRO,2026-08-20,Shannon,Irlandia,Wrocław,Polska,ryanair,232.68,PLN,1.000000,price,,,SNN-WRO,2026-08-20T11:32:54Z,2026-08-20T12:23:59Z
2026-08-27,,139.00,SNN,WRO,2026-08-20,Shannon,Irlandia,Wrocław,Polska,ryanair,139.0,PLN,1.000000,price,,,SNN-WRO,2026-08-20T11:32:54Z,2026-08-20T12:23:59Z
2026-08-30,,185.27,SNN,WRO,2026-08-20,Shannon,Irlandia,Wrocław,Polska,ryanair,185.27,PLN,1.000000,price,,,SNN-WRO,2026-08-20T11:32:54Z,2026-08-20T12:23:59Z
2026-08-31,,155.56,SNN,WRO,2026-08-20,Shannon,Irlandia,Wrocław,Polska,ryanair,155.56,PLN,1.000000,price,,,SNN-WRO,2026-08-20T11:32:54Z,2026-08-20T12:23:59Z
2026-08-21,,1430.74,SOF,KRK,2026-08-20,Sofia,Bułagria,Kraków,Polska,ryanair,1430.74,PLN,1.000000,price,,,SOF-KRK,2026-08-20T11:32:54Z,2026-08-20T12:23:59Z
2026-08-22,,989.74,SOF,KRK,2026-08-20,Sofia,Bułagria,Kraków,Polska,ryanair,989.74,PLN,1.000000,price,,,SOF-KRK,2026-08-20T11:32:54Z,2026-08-20T12:23:59Z
2026-08-24,,327.49,SOF,KRK,2026-08-20,Sofia,Bułagria,Kraków,Polska,ryanair,327.49,PLN,1.000000,price,,,SOF-KRK,2026-08-20T11:32:54Z,2026-08-20T12:23:59Z
2026-08-26,,311.97,SOF,KRK,2026-08-20,Sofia,Bułagria,Kraków,Polska,ryanair,311.97,PLN,1.000000,price,,,SOF-KRK,2026-08-20T11:32:54Z,2026-08-20T12:23:59Z
2026-08-28,,305.94,SOF,KRK,2026-08-20,Sofia,Bułagria,Kraków,Polska,ryanair,305.94,PLN,1.000000,price,,,SOF-KRK,2026-08-20T11:32:54Z,2026-08-20T12:23:59Z
2026-08-29,,370.58,SOF,KRK,2026-08-20,Sofia,Bułagria,Kraków,Polska,ryanair,370.58,PLN,1.000000,price,,,SOF-KRK,2026-08-20T11:32:54Z,2026-08-20T12:23:59Z
2026-08-30,,345.56,SOF,KRK,2026-08-20,Sofia,Bułagria,Kraków,Polska,wizzair,79.99,EUR,4.320028,price,JK,False,SOF-KRK,2026-08-20T11:32:53Z,2026-08-20T12:23:59Z
2026-08-31,,345.56,SOF,KRK,2026-08-20,Sofia,Bułagria,Kraków,Polska,wizzair,79.99,EUR,4.320028,price,JK,False,SOF-KRK,2026-08-20T11:32:53Z,2026-08-20T12:23:59Z
2026-08-30,,388.76,SOF,WAW,2026-08-20,Sofia,Bułagria,Warszawa,Polska,wizzair,89.99,EUR,4.320028,price,I,False,SOF-WAW,2026-08-20T11:32:53Z,2026-08-20T12:23:59Z
2026-08-31,,345.56,SOF,WAW,2026-08-20,Sofia,Bułagria,Warszawa,Polska,wizzair,79.99,EUR,4.320028,price,IJ,False,SOF-WAW,2026-08-20T11:32:53Z,2026-08-20T12:23:59Z
2026-08-21,,642.58,SOF,WMI,2026-08-20,Sofia,Bułagria,Warszawa,Polska,ryanair,642.58,PLN,1.000000,price,,,SOF-WMI,2026-08-20T11:32:54Z,2026-08-20T12:23:59Z
2026-08-22,,833.61,SOF,WMI,2026-08-20,Sofia,Bułagria,Warszawa,Polska,ryanair,833.61,PLN,1.000000,price,,,SOF-WMI,2026-08-20T11:32:54Z,2026-08-20T12:23:59Z
2026-08-23,,733.94,SOF,WMI,2026-08-20,Sofia,Bułagria,Warszawa,Polska,ryanair,733.94,PLN,1.000000,price,,,SOF-WMI,2026-08-20T11:32:54Z,2026-08-20T12:23:59Z
2026-08-24,,438.00,SOF,WMI,2026-08-20,Sofia,Bułagria,Warszawa,Polska,ryanair,438.0,PLN,1.000000,price,,,SOF-WMI,2026-08-20T11:32:54Z,2026-08-20T12:23:59Z
2026-08-25,,534.96,SOF,WMI,2026-08-20,Sofia,Bułagria,Warszawa,Polska,ryanair,534.96,PLN,1.000000,price,,,SOF-WMI,2026-08-20T11:32:54Z,2026-08-20T12:23:59Z
2026-08-27,,426.27,SOF,WMI,2026-08-20,Sofia,Bułagria,Warszawa,Polska,ryanair,426.27,PLN,1.000000,price,,,SOF-WMI,2026-08-20T11:32:54Z,2026-08-20T12:23:59Z
2026-08-28,,314.32,SOF,WMI,2026-08-20,Sofia,Bułagria,Warszawa,Polska,ryanair,314.32,PLN,1.000000,price,,,SOF-WMI,2026-08-20T11:32:54Z,2026-08-20T12:23:59Z
2026-08-29,,353.32,SOF,WMI,2026-08-20,Sofia,Bułagria,Warszawa,Polska,ryanair,353.32,PLN,1.000000,price,,,SOF-WMI,2026-08-20T11:32:54Z,2026-08-20T12:23:59Z
2026-08-30,,606.28,SOF,WMI,2026-08-20,Sofia,Bułagria,Warszawa,Polska,ryanair,606.28,PLN,1.000000,price,,,SOF-WMI,2026-08-20T11:32:54Z,2026-08-20T12:23:59Z
2026-08-31,,387.90,SOF,WMI,2026-08-20,Sofia,Bułagria,Warszawa,Polska,ryanair,387.9,PLN,1.000000,price,,,SOF-WMI,2026-08-20T11:32:54Z,2026-08-20T12:23:59Z
2026-08-22,,419.21,SOF,WRO,2026-08-20,Sofia,Bułagria,Wrocław,Polska,ryanair,419.21,PLN,1.000000,price,,,SOF-WRO,2026-08-20T11:32:54Z,2026-08-20T12:23:59Z
2026-08-25,,366.27,SOF,WRO,2026-08-20,Sofia,Bułagria,Wrocław,Polska,ryanair,366.27,PLN,1.000000,price,,,SOF-WRO,2026-08-20T11:32:54Z,2026-08-20T12:23:59Z
2026-08-29,,221.32,SOF,WRO,2026-08-20,Sofia,Bułagria,Wrocław,Polska,ryanair,221.32,PLN,1.000000,price,,,SOF-WRO,2026-08-20T11:32:54Z,2026-08-20T12:23:59Z
2026-08-31,,496.76,SPU,GDN,2026-08-20,Split,Chorwacja,Gdańsk,Polska,wizzair,114.99,EUR,4.320028,price,I,False,SPU-GDN,2026-08-20T11:32:53Z,2026-08-20T12:23:59Z
2026-08-31,,539.96,SPU,KRK,2026-08-20,Split,Chorwacja,Kraków,Polska,wizzair,124.99,EUR,4.320028,price,IJ,True,SPU-KRK,2026-08-20T11:32:53Z,2026-08-20T12:23:59Z
2026-08-31,,539.96,SPU,KTW,2026-08-20,Split,Chorwacja,Katowice,Polska,wizzair,124.99,EUR,4.320028,price,IJ,True,SPU-KTW,2026-08-20T11:32:53Z,2026-08-20T12:23:59Z
2026-08-20,,1459.58,STN,GDN,2026-08-20,Londyn,Wielka Brytania,Gdańsk,Polska,ryanair,1459.58,PLN,1.000000,price,,,STN-GDN,2026-08-20T11:32:54Z,2026-08-20T12:23:59Z
2026-08-21,,636.68,STN,GDN,2026-08-20,Londyn,Wielka Brytania,Gdańsk,Polska,ryanair,636.68,PLN,1.000000,price,,,STN-GDN,2026-08-20T11:32:54Z,2026-08-20T12:23:59Z
2026-08-22,,444.65,STN,GDN,2026-08-20,Londyn,Wielka Brytania,Gdańsk,Polska,ryanair,444.65,PLN,1.000000,price,,,STN-GDN,2026-08-20T11:32:54Z,2026-08-20T12:23:59Z
2026-08-23,,510.35,STN,GDN,2026-08-20,Londyn,Wielka Brytania,Gdańsk,Polska,ryanair,510.35,PLN,1.000000,price,,,STN-GDN,2026-08-20T11:32:54Z,2026-08-20T12:23:59Z
2026-08-24,,264.01,STN,GDN,2026-08-20,Londyn,Wielka Brytania,Gdańsk,Polska,ryanair,264.01,PLN,1.000000,price,,,STN-GDN,2026-08-20T11:32:54Z,2026-08-20T12:23:59Z
2026-08-25,,215.96,STN,GDN,2026-08-20,Londyn,Wielka Brytania,Gdańsk,Polska,ryanair,215.96,PLN,1.000000,price,,,STN-GDN,2026-08-20T11:32:54Z,2026-08-20T12:23:59Z
2026-08-26,,205.91,STN,GDN,2026-08-20,Londyn,Wielka Brytania,Gdańsk,Polska,ryanair,205.91,PLN,1.000000,price,,,STN-GDN,2026-08-20T11:32:54Z,2026-08-20T12:23:59Z
2026-08-27,,118.70,STN,GDN,2026-08-20,Londyn,Wielka Brytania,Gdańsk,Polska,ryanair,118.7,PLN,1.000000,price,,,STN-GDN,2026-08-20T11:32:54Z,2026-08-20T12:23:59Z
2026-08-28,,311.40,STN,GDN,2026-08-20,Londyn,Wielka Brytania,Gdańsk,Polska,ryanair,311.4,PLN,1.000000,price,,,STN-GDN,2026-08-20T11:32:54Z,2026-08-20T12:23:59Z
2026-08-29,,155.68,STN,GDN,2026-08-20,Londyn,Wielka Brytania,Gdańsk,Polska,ryanair,155.68,PLN,1.000000,price,,,STN-GDN,2026-08-20T11:32:54Z,2026-08-20T12:23:59Z
2026-08-30,,100.50,STN,GDN,2026-08-20,Londyn,Wielka Brytania,Gdańsk,Polska,ryanair,100.5,PLN,1.000000,price,,,STN-GDN,2026-08-20T11:32:54Z,2026-08-20T12:23:59Z
2026-08-31,,90.91,STN,GDN,2026-08-20,Londyn,Wielka Brytania,Gdańsk,Polska,ryanair,90.91,PLN,1.000000,price,,,STN-GDN,2026-08-20T11:32:54Z,2026-08-20T12:23:59Z
2026-08-20,,914.62,STN,KRK,2026-08-20,Londyn,Wielka Brytania,Kraków,Polska,ryanair,914.62,PLN,1.000000,price,,,STN-KRK,2026-08-20T11:32:54Z,2026-08-20T12:23:59Z
2026-08-21,,949.99,STN,KRK,2026-08-20,Londyn,Wielka Brytania,Kraków,Polska,ryanair,949.99,PLN,1.000000,price,,,STN-KRK,2026-08-20T11:32:54Z,2026-08-20T12:23:59Z
2026-08-22,,399.17,STN,KRK,2026-08-20,Londyn,Wielka Brytania,Kraków,Polska,ryanair,399.17,PLN,1.000000,price,,,STN-KRK,2026-08-20T11:32:54Z,2026-08-20T12:23:59Z
2026-08-23,,323.17,STN,KRK,2026-08-20,Londyn,Wielka Brytania,Kraków,Polska,ryanair,323.17,PLN,1.000000,price,,,STN-KRK,2026-08-20T11:32:54Z,2026-08-20T12:23:59Z
2026-08-24,,331.50,STN,KRK,2026-08-20,Londyn,Wielka Brytania,Kraków,Polska,ryanair,331.5,PLN,1.000000,price,,,STN-KRK,2026-08-20T11:32:54Z,2026-08-20T12:23:59Z
2026-08-25,,133.84,STN,KRK,2026-08-20,Londyn,Wielka Brytania,Kraków,Polska,ryanair,133.84,PLN,1.000000,price,,,STN-KRK,2026-08-20T11:32:54Z,2026-08-20T12:23:59Z
2026-08-26,,166.61,STN,KRK,2026-08-20,Londyn,Wielka Brytania,Kraków,Polska,ryanair,166.61,PLN,1.000000,price,,,STN-KRK,2026-08-20T11:32:54Z,2026-08-20T12:23:59Z
2026-08-27,,346.55,STN,KRK,2026-08-20,Londyn,Wielka Brytania,Kraków,Polska,ryanair,346.55,PLN,1.000000,price,,,STN-KRK,2026-08-20T11:32:54Z,2026-08-20T12:23:59Z
2026-08-28,,356.61,STN,KRK,2026-08-20,Londyn,Wielka Brytania,Kraków,Polska,ryanair,356.61,PLN,1.000000,price,,,STN-KRK,2026-08-20T11:32:54Z,2026-08-20T12:23:59Z
2026-08-29,,169.64,STN,KRK,2026-08-20,Londyn,Wielka Brytania,Kraków,Polska,ryanair,169.64,PLN,1.000000,price,,,STN-KRK,2026-08-20T11:32:54Z,2026-08-20T12:23:59Z
2026-08-30,,111.12,STN,KRK,2026-08-20,Londyn,Wielka Brytania,Kraków,Polska,ryanair,111.12,PLN,1.000000,price,,,STN-KRK,2026-08-20T11:32:54Z,2026-08-20T12:23:59Z
2026-08-31,,155.68,STN,KRK,2026-08-20,Londyn,Wielka Brytania,Kraków,Polska,ryanair,155.68,PLN,1.000000,price,,,STN-KRK,2026-08-20T11:32:54Z,2026-08-20T12:23:59Z
2026-08-20,,1713.06,STN,KTW,2026-08-20,Londyn,Wielka Brytania,Katowice,Polska,ryanair,1713.06,PLN,1.000000,price,,,STN-KTW,2026-08-20T11:32:54Z,2026-08-20T12:23:59Z
2026-08-21,,570.99,STN,KTW,2026-08-20,Londyn,Wielka Brytania,Katowice,Polska,ryanair,570.99,PLN,1.000000,price,,,STN-KTW,2026-08-20T11:32:54Z,2026-08-20T12:23:59Z
2026-08-22,,440.65,STN,KTW,2026-08-20,Londyn,Wielka Brytania,Katowice,Polska,ryanair,440.65,PLN,1.000000,price,,,STN-KTW,2026-08-20T11:32:54Z,2026-08-20T12:23:59Z
2026-08-23,,293.05,STN,KTW,2026-08-20,Londyn,Wielka Brytania,Katowice,Polska,ryanair,293.05,PLN,1.000000,price,,,STN-KTW,2026-08-20T11:32:54Z,2026-08-20T12:23:59Z
2026-08-24,,346.23,STN,KTW,2026-08-20,Londyn,Wielka Brytania,Katowice,Polska,ryanair,346.23,PLN,1.000000,price,,,STN-KTW,2026-08-20T11:32:54Z,2026-08-20T12:23:59Z
2026-08-25,,82.22,STN,KTW,2026-08-20,Londyn,Wielka Brytania,Katowice,Polska,ryanair,82.22,PLN,1.000000,price,,,STN-KTW,2026-08-20T11:32:54Z,2026-08-20T12:23:59Z
2026-08-26,,86.76,STN,KTW,2026-08-20,Londyn,Wielka Brytania,Katowice,Polska,ryanair,86.76,PLN,1.000000,price,,,STN-KTW,2026-08-20T11:32:54Z,2026-08-20T12:23:59Z
2026-08-27,,271.21,STN,KTW,2026-08-20,Londyn,Wielka Brytania,Katowice,Polska,ryanair,271.21,PLN,1.000000,price,,,STN-KTW,2026-08-20T11:32:54Z,2026-08-20T12:23:59Z
2026-08-28,,283.26,STN,KTW,2026-08-20,Londyn,Wielka Brytania,Katowice,Polska,ryanair,283.26,PLN,1.000000,price,,,STN-KTW,2026-08-20T11:32:54Z,2026-08-20T12:23:59Z
2026-08-29,,187.48,STN,KTW,2026-08-20,Londyn,Wielka Brytania,Katowice,Polska,ryanair,187.48,PLN,1.000000,price,,,STN-KTW,2026-08-20T11:32:54Z,2026-08-20T12:23:59Z
2026-08-30,,124.76,STN,KTW,2026-08-20,Londyn,Wielka Brytania,Katowice,Polska,ryanair,124.76,PLN,1.000000,price,,,STN-KTW,2026-08-20T11:32:54Z,2026-08-20T12:23:59Z
2026-08-31,,105.92,STN,KTW,2026-08-20,Londyn,Wielka Brytania,Katowice,Polska,ryanair,105.92,PLN,1.000000,price,,,STN-KTW,2026-08-20T11:32:54Z,2026-08-20T12:23:59Z
2026-08-20,,850.00,STN,POZ,2026-08-20,Londyn,Wielka Brytania,Poznań,Polska,ryanair,850.0,PLN,1.000000,price,,,STN-POZ,2026-08-20T11:32:54Z,2026-08-20T12:23:59Z
2026-08-21,,551.38,STN,POZ,2026-08-20,Londyn,Wielka Brytania,Poznań,Polska,ryanair,551.38,PLN,1.000000,price,,,STN-POZ,2026-08-20T11:32:54Z,2026-08-20T12:23:59Z
2026-08-22,,295.06,STN,POZ,2026-08-20,Londyn,Wielka Brytania,Poznań,Polska,ryanair,295.06,PLN,1.000000,price,,,STN-POZ,2026-08-20T11:32:54Z,2026-08-20T12:23:59Z
2026-08-23,,386.75,STN,POZ,2026-08-20,Londyn,Wielka Brytania,Poznań,Polska,ryanair,386.75,PLN,1.000000,price,,,STN-POZ,2026-08-20T11:32:54Z,2026-08-20T12:23:59Z
2026-08-24,,261.17,STN,POZ,2026-08-20,Londyn,Wielka Brytania,Poznań,Polska,ryanair,261.17,PLN,1.000000,price,,,STN-POZ,2026-08-20T11:32:54Z,2026-08-20T12:23:59Z
2026-08-25,,145.32,STN,POZ,2026-08-20,Londyn,Wielka Brytania,Poznań,Polska,ryanair,145.32,PLN,1.000000,price,,,STN-POZ,2026-08-20T11:32:54Z,2026-08-20T12:23:59Z
2026-08-26,,215.96,STN,POZ,2026-08-20,Londyn,Wielka Brytania,Poznań,Polska,ryanair,215.96,PLN,1.000000,price,,,STN-POZ,2026-08-20T11:32:54Z,2026-08-20T12:23:59Z
2026-08-27,,209.25,STN,POZ,2026-08-20,Londyn,Wielka Brytania,Poznań,Polska,ryanair,209.25,PLN,1.000000,price,,,STN-POZ,2026-08-20T11:32:54Z,2026-08-20T12:23:59Z
2026-08-28,,288.00,STN,POZ,2026-08-20,Londyn,Wielka Brytania,Poznań,Polska,ryanair,288.0,PLN,1.000000,price,,,STN-POZ,2026-08-20T11:32:54Z,2026-08-20T12:23:59Z
2026-08-29,,150.65,STN,POZ,2026-08-20,Londyn,Wielka Brytania,Poznań,Polska,ryanair,150.65,PLN,1.000000,price,,,STN-POZ,2026-08-20T11:32:54Z,2026-08-20T12:23:59Z
2026-08-30,,299.62,STN,POZ,2026-08-20,Londyn,Wielka Brytania,Poznań,Polska,ryanair,299.62,PLN,1.000000,price,,,STN-POZ,2026-08-20T11:32:54Z,2026-08-20T12:23:59Z
2026-08-31,,151.55,STN,POZ,2026-08-20,Londyn,Wielka Brytania,Poznań,Polska,ryanair,151.55,PLN,1.000000,price,,,STN-POZ,2026-08-20T11:32:54Z,2026-08-20T12:23:59Z
2026-08-20,,634.70,STN,WMI,2026-08-20,Londyn,Wielka Brytania,Warszawa,Polska,ryanair,634.7,PLN,1.000000,price,,,STN-WMI,2026-08-20T11:32:54Z,2026-08-20T12:23:59Z
2026-08-21,,492.57,STN,WMI,2026-08-20,Londyn,Wielka Brytania,Warszawa,Polska,ryanair,492.57,PLN,1.000000,price,,,STN-WMI,2026-08-20T11:32:54Z,2026-08-20T12:23:59Z
2026-08-22,,489.00,STN,WMI,2026-08-20,Londyn,Wielka Brytania,Warszawa,Polska,ryanair,489.0,PLN,1.000000,price,,,STN-WMI,2026-08-20T11:32:54Z,2026-08-20T12:23:59Z
2026-08-23,,518.28,STN,WMI,2026-08-20,Londyn,Wielka Brytania,Warszawa,Polska,ryanair,518.28,PLN,1.000000,price,,,STN-WMI,2026-08-20T11:32:54Z,2026-08-20T12:23:59Z
2026-08-24,,194.40,STN,WMI,2026-08-20,Londyn,Wielka Brytania,Warszawa,Polska,ryanair,194.4,PLN,1.000000,price,,,STN-WMI,2026-08-20T11:32:54Z,2026-08-20T12:23:59Z
2026-08-25,,98.76,STN,WMI,2026-08-20,Londyn,Wielka Brytania,Warszawa,Polska,ryanair,98.76,PLN,1.000000,price,,,STN-WMI,2026-08-20T11:32:54Z,2026-08-20T12:23:59Z
2026-08-26,,98.76,STN,WMI,2026-08-20,Londyn,Wielka Brytania,Warszawa,Polska,ryanair,98.76,PLN,1.000000,price,,,STN-WMI,2026-08-20T11:32:54Z,2026-08-20T12:23:59Z
2026-08-27,,208.32,STN,WMI,2026-08-20,Londyn,Wielka Brytania,Warszawa,Polska,ryanair,208.32,PLN,1.000000,price,,,STN-WMI,2026-08-20T11:32:54Z,2026-08-20T12:23:59Z
2026-08-28,,448.59,STN,WMI,2026-08-20,Londyn,Wielka Brytania,Warszawa,Polska,ryanair,448.59,PLN,1.000000,price,,,STN-WMI,2026-08-20T11:32:54Z,2026-08-20T12:23:59Z
2026-08-29,,94.22,STN,WMI,2026-08-20,Londyn,Wielka Brytania,Warszawa,Polska,ryanair,94.22,PLN,1.000000,price,,,STN-WMI,2026-08-20T11:32:54Z,2026-08-20T12:23:59Z
2026-08-30,,117.51,STN,WMI,2026-08-20,Londyn,Wielka Brytania,Warszawa,Polska,ryanair,117.51,PLN,1.000000,price,,,STN-WMI,2026-08-20T11:32:54Z,2026-08-20T12:23:59Z
2026-08-31,,94.22,STN,WMI,2026-08-20,Londyn,Wielka Brytania,Warszawa,Polska,ryanair,94.22,PLN,1.000000,price,,,STN-WMI,2026-08-20T11:32:54Z,2026-08-20T12:23:59Z
2026-08-20,,701.77,STN,WRO,2026-08-20,Londyn,Wielka Brytania,Wrocław,Polska,ryanair,701.77,PLN,1.000000,price,,,STN-WRO,2026-08-20T11:32:54Z,2026-08-20T12:23:59Z
2026-08-21,,569.83,STN,WRO,2026-08-20,Londyn,Wielka Brytania,Wrocław,Polska,ryanair,569.83,PLN,1.000000,price,,,STN-WRO,2026-08-20T11:32:54Z,2026-08-20T12:23:59Z
2026-08-22,,442.54,STN,WRO,2026-08-20,Londyn,Wielka Brytania,Wrocław,Polska,ryanair,442.54,PLN,1.000000,price,,,STN-WRO,2026-08-20T11:32:54Z,2026-08-20T12:23:59Z
2026-08-23,,268.32,STN,WRO,2026-08-20,Londyn,Wielka Brytania,Wrocław,Polska,ryanair,268.32,PLN,1.000000,price,,,STN-WRO,2026-08-20T11:32:54Z,2026-08-20T12:23:59Z
2026-08-24,,141.13,STN,WRO,2026-08-20,Londyn,Wielka Brytania,Wrocław,Polska,ryanair,141.13,PLN,1.000000,price,,,STN-WRO,2026-08-20T11:32:54Z,2026-08-20T12:23:59Z
2026-08-25,,81.33,STN,WRO,2026-08-20,Londyn,Wielka Brytania,Wrocław,Polska,ryanair,81.33,PLN,1.000000,price,,,STN-WRO,2026-08-20T11:32:54Z,2026-08-20T12:23:59Z
2026-08-26,,79.00,STN,WRO,2026-08-20,Londyn,Wielka Brytania,Wrocław,Polska,ryanair,79.0,PLN,1.000000,price,,,STN-WRO,2026-08-20T11:32:54Z,2026-08-20T12:23:59Z
2026-08-27,,79.00,STN,WRO,2026-08-20,Londyn,Wielka Brytania,Wrocław,Polska,ryanair,79.0,PLN,1.000000,price,,,STN-WRO,2026-08-20T11:32:54Z,2026-08-20T12:23:59Z
2026-08-28,,290.15,STN,WRO,2026-08-20,Londyn,Wielka Brytania,Wrocław,Polska,ryanair,290.15,PLN,1.000000,price,,,STN-WRO,2026-08-20T11:32:54Z,2026-08-20T12:23:59Z
2026-08-29,,95.86,STN,WRO,2026-08-20,Londyn,Wielka Brytania,Wrocław,Polska,ryanair,95.86,PLN,1.000000,price,,,STN-WRO,2026-08-20T11:32:54Z,2026-08-20T12:23:59Z
2026-08-30,,92.14,STN,WRO,2026-08-20,Londyn,Wielka Brytania,Wrocław,Polska,ryanair,92.14,PLN,1.000000,price,,,STN-WRO,2026-08-20T11:32:54Z,2026-08-20T12:23:59Z
2026-08-31,,79.00,STN,WRO,2026-08-20,Londyn,Wielka Brytania,Wrocław,Polska,ryanair,79.0,PLN,1.000000,price,,,STN-WRO,2026-08-20T11:32:54Z,2026-08-20T12:23:59Z
2026-08-29,,179.84,STO,GDN,2026-08-20,Sztokholm,Szwecja,Gdańsk,Polska,wizzair,459.0,SEK,0.391806,price,KL,False,STO-GDN,2026-08-20T11:32:53Z,2026-08-20T12:23:59Z
2026-08-30,,179.84,STO,GDN,2026-08-20,Sztokholm,Szwecja,Gdańsk,Polska,wizzair,459.0,SEK,0.391806,price,KL,False,STO-GDN,2026-08-20T11:32:53Z,2026-08-20T12:23:59Z
2026-08-31,,124.99,STO,GDN,2026-08-20,Sztokholm,Szwecja,Gdańsk,Polska,wizzair,319.0,SEK,0.391806,price,B,False,STO-GDN,2026-08-20T11:32:53Z,2026-08-20T12:23:59Z
2026-08-30,,226.86,STO,WAW,2026-08-20,Sztokholm,Szwecja,Warszawa,Polska,wizzair,579.0,SEK,0.391806,price,L,False,STO-WAW,2026-08-20T11:32:53Z,2026-08-20T12:23:59Z
2026-08-31,,179.84,STO,WAW,2026-08-20,Sztokholm,Szwecja,Warszawa,Polska,wizzair,459.0,SEK,0.391806,price,B,False,STO-WAW,2026-08-20T11:32:53Z,2026-08-20T12:23:59Z
2026-08-22,,1521.12,SUF,KRK,2026-08-20,Lamezia,Włochy,Kraków,Polska,ryanair,1521.12,PLN,1.000000,price,,,SUF-KRK,2026-08-20T11:32:54Z,2026-08-20T12:23:59Z
2026-08-23,,920.39,SUF,KRK,2026-08-20,Lamezia,Włochy,Kraków,Polska,ryanair,920.39,PLN,1.000000,price,,,SUF-KRK,2026-08-20T11:32:54Z,2026-08-20T12:23:59Z
2026-08-24,,820.92,SUF,KRK,2026-08-20,Lamezia,Włochy,Kraków,Polska,ryanair,820.92,PLN,1.000000,price,,,SUF-KRK,2026-08-20T11:32:54Z,2026-08-20T12:23:59Z
2026-08-26,,743.14,SUF,KRK,2026-08-20,Lamezia,Włochy,Kraków,Polska,ryanair,743.14,PLN,1.000000,price,,,SUF-KRK,2026-08-20T11:32:54Z,2026-08-20T12:23:59Z
2026-08-29,,1570.82,SUF,KRK,2026-08-20,Lamezia,Włochy,Kraków,Polska,ryanair,1570.82,PLN,1.000000,price,,,SUF-KRK,2026-08-20T11:32:54Z,2026-08-20T12:23:59Z
2026-08-30,,607.61,SUF,KRK,2026-08-20,Lamezia,Włochy,Kraków,Polska,ryanair,607.61,PLN,1.000000,price,,,SUF-KRK,2026-08-20T11:32:54Z,2026-08-20T12:23:59Z
2026-08-31,,246.42,SUF,KRK,2026-08-20,Lamezia,Włochy,Kraków,Polska,ryanair,246.42,PLN,1.000000,price,,,SUF-KRK,2026-08-20T11:32:54Z,2026-08-20T12:23:59Z
2026-08-20,,601.01,SUF,KTW,2026-08-20,Lamezia,Włochy,Katowice,Polska,ryanair,601.01,PLN,1.000000,price,,,SUF-KTW,2026-08-20T11:32:54Z,2026-08-20T12:23:59Z
2026-08-22,,288.96,SUF,KTW,2026-08-20,Lamezia,Włochy,Katowice,Polska,ryanair,288.96,PLN,1.000000,price,,,SUF-KTW,2026-08-20T11:32:54Z,2026-08-20T12:23:59Z
2026-08-25,,153.35,SUF,KTW,2026-08-20,Lamezia,Włochy,Katowice,Polska,ryanair,153.35,PLN,1.000000,price,,,SUF-KTW,2026-08-20T11:32:54Z,2026-08-20T12:23:59Z
2026-08-27,,283.08,SUF,KTW,2026-08-20,Lamezia,Włochy,Katowice,Polska,ryanair,283.08,PLN,1.000000,price,,,SUF-KTW,2026-08-20T11:32:54Z,2026-08-20T12:23:59Z
2026-08-29,,241.88,SUF,KTW,2026-08-20,Lamezia Terme,Włochy,Katowice,Polska,wizzair,55.99,EUR,4.320028,price,KL,False,SUF-KTW,2026-08-20T11:32:53Z,2026-08-20T12:23:59Z
2026-08-30,,388.76,SUF,KTW,2026-08-20,Lamezia Terme,Włochy,Katowice,Polska,wizzair,89.99,EUR,4.320028,price,I,False,SUF-KTW,2026-08-20T11:32:53Z,2026-08-20T12:23:59Z
2026-08-31,,431.96,SUF,WAW,2026-08-20,Lamezia Terme,Włochy,Warszawa,Polska,wizzair,99.99,EUR,4.320028,price,IJ,False,SUF-WAW,2026-08-20T11:32:53Z,2026-08-20T12:23:59Z
2026-08-21,,303.23,SUF,WMI,2026-08-20,Lamezia,Włochy,Warszawa,Polska,ryanair,303.23,PLN,1.000000,price,,,SUF-WMI,2026-08-20T11:32:54Z,2026-08-20T12:23:59Z
2026-08-24,,569.32,SUF,WMI,2026-08-20,Lamezia,Włochy,Warszawa,Polska,ryanair,569.32,PLN,1.000000,price,,,SUF-WMI,2026-08-20T11:32:54Z,2026-08-20T12:23:59Z
2026-08-28,,319.43,SUF,WMI,2026-08-20,Lamezia,Włochy,Warszawa,Polska,ryanair,319.43,PLN,1.000000,price,,,SUF-WMI,2026-08-20T11:32:54Z,2026-08-20T12:23:59Z
2026-08-31,,404.25,SUF,WMI,2026-08-20,Lamezia,Włochy,Warszawa,Polska,ryanair,404.25,PLN,1.000000,price,,,SUF-WMI,2026-08-20T11:32:54Z,2026-08-20T12:23:59Z
2026-08-21,,752.02,SUF,WRO,2026-08-20,Lamezia,Włochy,Wrocław,Polska,ryanair,752.02,PLN,1.000000,price,,,SUF-WRO,2026-08-20T11:32:54Z,2026-08-20T12:23:59Z
2026-08-24,,808.21,SUF,WRO,2026-08-20,Lamezia,Włochy,Wrocław,Polska,ryanair,808.21,PLN,1.000000,price,,,SUF-WRO,2026-08-20T11:32:54Z,2026-08-20T12:23:59Z
2026-08-28,,394.36,SUF,WRO,2026-08-20,Lamezia,Włochy,Wrocław,Polska,ryanair,394.36,PLN,1.000000,price,,,SUF-WRO,2026-08-20T11:32:54Z,2026-08-20T12:23:59Z
2026-08-31,,629.75,SUF,WRO,2026-08-20,Lamezia,Włochy,Wrocław,Polska,ryanair,629.75,PLN,1.000000,price,,,SUF-WRO,2026-08-20T11:32:54Z,2026-08-20T12:23:59Z
2026-08-29,,451.58,SVG,GDN,2026-08-20,Stavanger,Norwegia,Gdańsk,Polska,wizzair,1139.0,NOK,0.396472,price,IJ,False,SVG-GDN,2026-08-20T11:32:53Z,2026-08-20T12:23:59Z
2026-08-30,,364.36,SVG,GDN,2026-08-20,Stavanger,Norwegia,Gdańsk,Polska,wizzair,919.0,NOK,0.396472,price,JK,False,SVG-GDN,2026-08-20T11:32:53Z,2026-08-20T12:23:59Z
2026-08-31,,273.17,SVG,GDN,2026-08-20,Stavanger,Norwegia,Gdańsk,Polska,wizzair,689.0,NOK,0.396472,price,L,False,SVG-GDN,2026-08-20T11:32:53Z,2026-08-20T12:23:59Z
2026-08-31,,209.73,SVG,KRK,2026-08-20,Stavanger,Norwegia,Kraków,Polska,wizzair,529.0,NOK,0.396472,price,BO,False,SVG-KRK,2026-08-20T11:32:53Z,2026-08-20T12:23:59Z
2026-08-23,,746.54,SVQ,KRK,2026-08-20,Sewilla,Hiszpania,Kraków,Polska,ryanair,746.54,PLN,1.000000,price,,,SVQ-KRK,2026-08-20T11:32:54Z,2026-08-20T12:23:59Z
2026-08-25,,1129.68,SVQ,KRK,2026-08-20,Sewilla,Hiszpania,Kraków,Polska,ryanair,1129.68,PLN,1.000000,price,,,SVQ-KRK,2026-08-20T11:32:54Z,2026-08-20T12:23:59Z
2026-08-30,,525.73,SVQ,KRK,2026-08-20,Sewilla,Hiszpania,Kraków,Polska,ryanair,525.73,PLN,1.000000,price,,,SVQ-KRK,2026-08-20T11:32:54Z,2026-08-20T12:23:59Z
2026-08-22,,717.44,SVQ,WAW,2026-08-20,Sewilla,Hiszpania,Warszawa,Polska,ryanair,717.44,PLN,1.000000,price,,,SVQ-WAW,2026-08-20T11:32:54Z,2026-08-20T12:23:59Z
2026-08-26,,581.75,SVQ,WAW,2026-08-20,Sewilla,Hiszpania,Warszawa,Polska,ryanair,581.75,PLN,1.000000,price,,,SVQ-WAW,2026-08-20T11:32:54Z,2026-08-20T12:23:59Z
2026-08-29,,596.23,SVQ,WAW,2026-08-20,Sewilla,Hiszpania,Warszawa,Polska,ryanair,596.23,PLN,1.000000,price,,,SVQ-WAW,2026-08-20T11:32:54Z,2026-08-20T12:23:59Z
2026-08-31,,496.76,SVQ,WAW,2026-08-20,Sewilla,Hiszpania,Warszawa,Polska,wizzair,114.99,EUR,4.320028,price,I,False,SVQ-WAW,2026-08-20T11:32:53Z,2026-08-20T12:23:59Z
2026-08-23,,717.24,SVQ,WRO,2026-08-20,Sewilla,Hiszpania,Wrocław,Polska,ryanair,717.24,PLN,1.000000,price,,,SVQ-WRO,2026-08-20T11:32:54Z,2026-08-20T12:23:59Z
2026-08-27,,887.06,SVQ,WRO,2026-08-20,Sewilla,Hiszpania,Wrocław,Polska,ryanair,887.06,PLN,1.000000,price,,,SVQ-WRO,2026-08-20T11:32:54Z,2026-08-20T12:23:59Z
2026-08-30,,543.93,SVQ,WRO,2026-08-20,Sewilla,Hiszpania,Wrocław,Polska,ryanair,543.93,PLN,1.000000,price,,,SVQ-WRO,2026-08-20T11:32:54Z,2026-08-20T12:23:59Z
2026-08-21,,643.87,SZZ,KRK,2026-08-20,Szczecin,Polska,Kraków,Polska,ryanair,643.87,PLN,1.000000,price,,,SZZ-KRK,2026-08-20T11:32:54Z,2026-08-20T12:23:59Z
2026-08-24,,647.86,SZZ,KRK,2026-08-20,Szczecin,Polska,Kraków,Polska,ryanair,647.86,PLN,1.000000,price,,,SZZ-KRK,2026-08-20T11:32:54Z,2026-08-20T12:23:59Z
2026-08-26,,165.59,SZZ,KRK,2026-08-20,Szczecin,Polska,Kraków,Polska,ryanair,165.59,PLN,1.000000,price,,,SZZ-KRK,2026-08-20T11:32:54Z,2026-08-20T12:23:59Z
2026-08-28,,652.52,SZZ,KRK,2026-08-20,Szczecin,Polska,Kraków,Polska,ryanair,652.52,PLN,1.000000,price,,,SZZ-KRK,2026-08-20T11:32:54Z,2026-08-20T12:23:59Z
2026-08-31,,351.29,SZZ,KRK,2026-08-20,Szczecin,Polska,Kraków,Polska,ryanair,351.29,PLN,1.000000,price,,,SZZ-KRK,2026-08-20T11:32:54Z,2026-08-20T12:23:59Z
2026-08-21,,1833.11,TFS,KRK,2026-08-20,Teneryfa,Hiszpania,Kraków,Polska,ryanair,1833.11,PLN,1.000000,price,,,TFS-KRK,2026-08-20T11:32:54Z,2026-08-20T12:23:59Z
2026-08-28,,1198.00,TFS,KRK,2026-08-20,Teneryfa,Hiszpania,Kraków,Polska,ryanair,1198.0,PLN,1.000000,price,,,TFS-KRK,2026-08-20T11:32:54Z,2026-08-20T12:23:59Z
2026-08-22,,1612.16,TFS,WMI,2026-08-20,Teneryfa,Hiszpania,Warszawa,Polska,ryanair,1612.16,PLN,1.000000,price,,,TFS-WMI,2026-08-20T11:32:54Z,2026-08-20T12:23:59Z
2026-08-24,,1546.10,TFS,WMI,2026-08-20,Teneryfa,Hiszpania,Warszawa,Polska,ryanair,1546.1,PLN,1.000000,price,,,TFS-WMI,2026-08-20T11:32:54Z,2026-08-20T12:23:59Z
2026-08-29,,1540.88,TFS,WMI,2026-08-20,Teneryfa,Hiszpania,Warszawa,Polska,ryanair,1540.88,PLN,1.000000,price,,,TFS-WMI,2026-08-20T11:32:54Z,2026-08-20T12:23:59Z
2026-08-31,,1150.35,TFS,WMI,2026-08-20,Teneryfa,Hiszpania,Warszawa,Polska,ryanair,1150.35,PLN,1.000000,price,,,TFS-WMI,2026-08-20T11:32:54Z,2026-08-20T12:23:59Z
2026-08-20,,689.03,TGD,GDN,2026-08-20,Podgorica,Czarnogóra,Gdańsk,Polska,ryanair,689.03,PLN,1.000000,price,,,TGD-GDN,2026-08-20T11:32:54Z,2026-08-20T12:23:59Z
2026-08-21,,570.49,TGD,GDN,2026-08-20,Podgorica,Czarnogóra,Gdańsk,Polska,ryanair,570.49,PLN,1.000000,price,,,TGD-GDN,2026-08-20T11:32:54Z,2026-08-20T12:23:59Z
2026-08-23,,823.09,TGD,GDN,2026-08-20,Podgorica,Czarnogóra,Gdańsk,Polska,ryanair,823.09,PLN,1.000000,price,,,TGD-GDN,2026-08-20T11:32:54Z,2026-08-20T12:23:59Z
2026-08-24,,1402.73,TGD,GDN,2026-08-20,Podgorica,Czarnogóra,Gdańsk,Polska,ryanair,1402.73,PLN,1.000000,price,,,TGD-GDN,2026-08-20T11:32:54Z,2026-08-20T12:23:59Z
2026-08-26,,844.64,TGD,GDN,2026-08-20,Podgorica,Czarnogóra,Gdańsk,Polska,ryanair,844.64,PLN,1.000000,price,,,TGD-GDN,2026-08-20T11:32:54Z,2026-08-20T12:23:59Z
2026-08-27,,956.69,TGD,GDN,2026-08-20,Podgorica,Czarnogóra,Gdańsk,Polska,ryanair,956.69,PLN,1.000000,price,,,TGD-GDN,2026-08-20T11:32:54Z,2026-08-20T12:23:59Z
2026-08-28,,1477.07,TGD,GDN,2026-08-20,Podgorica,Czarnogóra,Gdańsk,Polska,ryanair,1477.07,PLN,1.000000,price,,,TGD-GDN,2026-08-20T11:32:54Z,2026-08-20T12:23:59Z
2026-08-30,,939.45,TGD,GDN,2026-08-20,Podgorica,Czarnogóra,Gdańsk,Polska,ryanair,939.45,PLN,1.000000,price,,,TGD-GDN,2026-08-20T11:32:54Z,2026-08-20T12:23:59Z
2026-08-31,,1066.46,TGD,GDN,2026-08-20,Podgorica,Czarnogóra,Gdańsk,Polska,ryanair,1066.46,PLN,1.000000,price,,,TGD-GDN,2026-08-20T11:32:54Z,2026-08-20T12:23:59Z
2026-08-20,,1480.21,TGD,KRK,2026-08-20,Podgorica,Czarnogóra,Kraków,Polska,ryanair,1480.21,PLN,1.000000,price,,,TGD-KRK,2026-08-20T11:32:54Z,2026-08-20T12:23:59Z
2026-08-21,,1461.71,TGD,KRK,2026-08-20,Podgorica,Czarnogóra,Kraków,Polska,ryanair,1461.71,PLN,1.000000,price,,,TGD-KRK,2026-08-20T11:32:54Z,2026-08-20T12:23:59Z
2026-08-22,,1125.66,TGD,KRK,2026-08-20,Podgorica,Czarnogóra,Kraków,Polska,ryanair,1125.66,PLN,1.000000,price,,,TGD-KRK,2026-08-20T11:32:54Z,2026-08-20T12:23:59Z
2026-08-24,,1461.71,TGD,KRK,2026-08-20,Podgorica,Czarnogóra,Kraków,Polska,ryanair,1461.71,PLN,1.000000,price,,,TGD-KRK,2026-08-20T11:32:54Z,2026-08-20T12:23:59Z
2026-08-25,,1466.03,TGD,KRK,2026-08-20,Podgorica,Czarnogóra,Kraków,Polska,ryanair,1466.03,PLN,1.000000,price,,,TGD-KRK,2026-08-20T11:32:54Z,2026-08-20T12:23:59Z
2026-08-26,,831.72,TGD,KRK,2026-08-20,Podgorica,Czarnogóra,Kraków,Polska,ryanair,831.72,PLN,1.000000,price,,,TGD-KRK,2026-08-20T11:32:54Z,2026-08-20T12:23:59Z
2026-08-27,,579.29,TGD,KRK,2026-08-20,Podgorica,Czarnogóra,Kraków,Polska,ryanair,579.29,PLN,1.000000,price,,,TGD-KRK,2026-08-20T11:32:54Z,2026-08-20T12:23:59Z
2026-08-28,,843.26,TGD,KRK,2026-08-20,Podgorica,Czarnogóra,Kraków,Polska,ryanair,843.26,PLN,1.000000,price,,,TGD-KRK,2026-08-20T11:32:54Z,2026-08-20T12:23:59Z
2026-08-29,,1188.93,TGD,KRK,2026-08-20,Podgorica,Czarnogóra,Kraków,Polska,ryanair,1188.93,PLN,1.000000,price,,,TGD-KRK,2026-08-20T11:32:54Z,2026-08-20T12:23:59Z
2026-08-31,,448.77,TGD,KRK,2026-08-20,Podgorica,Czarnogóra,Kraków,Polska,ryanair,448.77,PLN,1.000000,price,,,TGD-KRK,2026-08-20T11:32:54Z,2026-08-20T12:23:59Z
2026-08-20,,799.56,TGD,POZ,2026-08-20,Podgorica,Czarnogóra,Poznań,Polska,ryanair,799.56,PLN,1.000000,price,,,TGD-POZ,2026-08-20T11:32:54Z,2026-08-20T12:23:59Z
2026-08-23,,920.59,TGD,POZ,2026-08-20,Podgorica,Czarnogóra,Poznań,Polska,ryanair,920.59,PLN,1.000000,price,,,TGD-POZ,2026-08-20T11:32:54Z,2026-08-20T12:23:59Z
2026-08-27,,721.76,TGD,POZ,2026-08-20,Podgorica,Czarnogóra,Poznań,Polska,ryanair,721.76,PLN,1.000000,price,,,TGD-POZ,2026-08-20T11:32:54Z,2026-08-20T12:23:59Z
2026-08-30,,1604.11,TGD,POZ,2026-08-20,Podgorica,Czarnogóra,Poznań,Polska,ryanair,1604.11,PLN,1.000000,price,,,TGD-POZ,2026-08-20T11:32:54Z,2026-08-20T12:23:59Z
2026-08-29,,691.16,TGD,WAW,2026-08-20,Podgorica,Czarnogóra,Warszawa,Polska,wizzair,159.99,EUR,4.320028,price,I,False,TGD-WAW,2026-08-20T11:32:53Z,2026-08-20T12:23:59Z
2026-08-20,,689.03,TGD,WRO,2026-08-20,Podgorica,Czarnogóra,Wrocław,Polska,ryanair,689.03,PLN,1.000000,price,,,TGD-WRO,2026-08-20T11:32:54Z,2026-08-20T12:23:59Z
2026-08-22,,1430.61,TGD,WRO,2026-08-20,Podgorica,Czarnogóra,Wrocław,Polska,ryanair,1430.61,PLN,1.000000,price,,,TGD-WRO,2026-08-20T11:32:54Z,2026-08-20T12:23:59Z
2026-08-23,,689.03,TGD,WRO,2026-08-20,Podgorica,Czarnogóra,Wrocław,Polska,ryanair,689.03,PLN,1.000000,price,,,TGD-WRO,2026-08-20T11:32:54Z,2026-08-20T12:23:59Z
2026-08-25,,856.99,TGD,WRO,2026-08-20,Podgorica,Czarnogóra,Wrocław,Polska,ryanair,856.99,PLN,1.000000,price,,,TGD-WRO,2026-08-20T11:32:54Z,2026-08-20T12:23:59Z
2026-08-27,,922.21,TGD,WRO,2026-08-20,Podgorica,Czarnogóra,Wrocław,Polska,ryanair,922.21,PLN,1.000000,price,,,TGD-WRO,2026-08-20T11:32:54Z,2026-08-20T12:23:59Z
2026-08-29,,535.91,TGD,WRO,2026-08-20,Podgorica,Czarnogóra,Wrocław,Polska,ryanair,535.91,PLN,1.000000,price,,,TGD-WRO,2026-08-20T11:32:54Z,2026-08-20T12:23:59Z
2026-08-30,,431.96,TGD,WRO,2026-08-20,Podgorica,Czarnogóra,Wrocław,Polska,wizzair,99.99,EUR,4.320028,price,IJ,False,TGD-WRO,2026-08-20T11:32:53Z,2026-08-20T12:23:59Z
2026-08-22,,591.00,TIA,GDN,2026-08-20,Tirana,Albania,Gdańsk,Polska,ryanair,591.0,PLN,1.000000,price,,,TIA-GDN,2026-08-20T11:32:54Z,2026-08-20T12:23:59Z
2026-08-25,,566.33,TIA,GDN,2026-08-20,Tirana,Albania,Gdańsk,Polska,ryanair,566.33,PLN,1.000000,price,,,TIA-GDN,2026-08-20T11:32:54Z,2026-08-20T12:23:59Z
2026-08-27,,929.13,TIA,GDN,2026-08-20,Tirana,Albania,Gdańsk,Polska,ryanair,929.13,PLN,1.000000,price,,,TIA-GDN,2026-08-20T11:32:54Z,2026-08-20T12:23:59Z
2026-08-29,,704.15,TIA,GDN,2026-08-20,Tirana,Albania,Gdańsk,Polska,ryanair,704.15,PLN,1.000000,price,,,TIA-GDN,2026-08-20T11:32:54Z,2026-08-20T12:23:59Z
2026-08-20,,1439.24,TIA,KRK,2026-08-20,Tirana,Albania,Kraków,Polska,ryanair,1439.24,PLN,1.000000,price,,,TIA-KRK,2026-08-20T11:32:54Z,2026-08-20T12:23:59Z
2026-08-21,,1011.34,TIA,KRK,2026-08-20,Tirana,Albania,Kraków,Polska,ryanair,1011.34,PLN,1.000000,price,,,TIA-KRK,2026-08-20T11:32:54Z,2026-08-20T12:23:59Z
2026-08-22,,1179.91,TIA,KRK,2026-08-20,Tirana,Albania,Kraków,Polska,ryanair,1179.91,PLN,1.000000,price,,,TIA-KRK,2026-08-20T11:32:54Z,2026-08-20T12:23:59Z
2026-08-23,,894.64,TIA,KRK,2026-08-20,Tirana,Albania,Kraków,Polska,ryanair,894.64,PLN,1.000000,price,,,TIA-KRK,2026-08-20T11:32:54Z,2026-08-20T12:23:59Z
2026-08-24,,952.38,TIA,KRK,2026-08-20,Tirana,Albania,Kraków,Polska,ryanair,952.38,PLN,1.000000,price,,,TIA-KRK,2026-08-20T11:32:54Z,2026-08-20T12:23:59Z
2026-08-25,,656.93,TIA,KRK,2026-08-20,Tirana,Albania,Kraków,Polska,ryanair,656.93,PLN,1.000000,price,,,TIA-KRK,2026-08-20T11:32:54Z,2026-08-20T12:23:59Z
2026-08-26,,922.21,TIA,KRK,2026-08-20,Tirana,Albania,Kraków,Polska,ryanair,922.21,PLN,1.000000,price,,,TIA-KRK,2026-08-20T11:32:54Z,2026-08-20T12:23:59Z
2026-08-27,,742.52,TIA,KRK,2026-08-20,Tirana,Albania,Kraków,Polska,ryanair,742.52,PLN,1.000000,price,,,TIA-KRK,2026-08-20T11:32:54Z,2026-08-20T12:23:59Z
2026-08-29,,903.30,TIA,KRK,2026-08-20,Tirana,Albania,Kraków,Polska,ryanair,903.3,PLN,1.000000,price,,,TIA-KRK,2026-08-20T11:32:54Z,2026-08-20T12:23:59Z
2026-08-30,,611.29,TIA,KRK,2026-08-20,Tirana,Albania,Kraków,Polska,ryanair,611.29,PLN,1.000000,price,,,TIA-KRK,2026-08-20T11:32:54Z,2026-08-20T12:23:59Z
2026-08-31,,595.86,TIA,KRK,2026-08-20,Tirana,Albania,Kraków,Polska,ryanair,595.86,PLN,1.000000,price,,,TIA-KRK,2026-08-20T11:32:54Z,2026-08-20T12:23:59Z
2026-08-20,,752.58,TIA,KTW,2026-08-20,Tirana,Albania,Katowice,Polska,ryanair,752.58,PLN,1.000000,price,,,TIA-KTW,2026-08-20T11:32:54Z,2026-08-20T12:23:59Z
2026-08-22,,624.07,TIA,KTW,2026-08-20,Tirana,Albania,Katowice,Polska,ryanair,624.07,PLN,1.000000,price,,,TIA-KTW,2026-08-20T11:32:54Z,2026-08-20T12:23:59Z
2026-08-25,,595.32,TIA,KTW,2026-08-20,Tirana,Albania,Katowice,Polska,ryanair,595.32,PLN,1.000000,price,,,TIA-KTW,2026-08-20T11:32:54Z,2026-08-20T12:23:59Z
2026-08-27,,535.00,TIA,KTW,2026-08-20,Tirana,Albania,Katowice,Polska,ryanair,535.0,PLN,1.000000,price,,,TIA-KTW,2026-08-20T11:32:54Z,2026-08-20T12:23:59Z
2026-08-29,,687.56,TIA,KTW,2026-08-20,Tirana,Albania,Katowice,Polska,ryanair,687.56,PLN,1.000000,price,,,TIA-KTW,2026-08-20T11:32:54Z,2026-08-20T12:23:59Z
2026-08-24,,960.00,TIA,POZ,2026-08-20,Tirana,Albania,Poznań,Polska,ryanair,960.0,PLN,1.000000,price,,,TIA-POZ,2026-08-20T11:32:54Z,2026-08-20T12:23:59Z
2026-08-27,,591.00,TIA,POZ,2026-08-20,Tirana,Albania,Poznań,Polska,ryanair,591.0,PLN,1.000000,price,,,TIA-POZ,2026-08-20T11:32:54Z,2026-08-20T12:23:59Z
2026-08-31,,857.47,TIA,POZ,2026-08-20,Tirana,Albania,Poznań,Polska,ryanair,857.47,PLN,1.000000,price,,,TIA-POZ,2026-08-20T11:32:54Z,2026-08-20T12:23:59Z
2026-08-21,,752.00,TIA,WAW,2026-08-20,Tirana,Albania,Warszawa,Polska,ryanair,752.0,PLN,1.000000,price,,,TIA-WAW,2026-08-20T11:32:54Z,2026-08-20T12:23:59Z
2026-08-24,,1032.96,TIA,WAW,2026-08-20,Tirana,Albania,Warszawa,Polska,ryanair,1032.96,PLN,1.000000,price,,,TIA-WAW,2026-08-20T11:32:54Z,2026-08-20T12:23:59Z
2026-08-28,,756.32,TIA,WAW,2026-08-20,Tirana,Albania,Warszawa,Polska,ryanair,756.32,PLN,1.000000,price,,,TIA-WAW,2026-08-20T11:32:54Z,2026-08-20T12:23:59Z
2026-08-31,,711.04,TIA,WAW,2026-08-20,Tirana,Albania,Warszawa,Polska,ryanair,711.04,PLN,1.000000,price,,,TIA-WAW,2026-08-20T11:32:54Z,2026-08-20T12:23:59Z
2026-08-20,,1007.33,TIA,WMI,2026-08-20,Tirana,Albania,Warszawa,Polska,ryanair,1007.33,PLN,1.000000,price,,,TIA-WMI,2026-08-20T11:32:54Z,2026-08-20T12:23:59Z
2026-08-22,,650.00,TIA,WMI,2026-08-20,Tirana,Albania,Warszawa,Polska,ryanair,650.0,PLN,1.000000,price,,,TIA-WMI,2026-08-20T11:32:54Z,2026-08-20T12:23:59Z
2026-08-23,,831.80,TIA,WMI,2026-08-20,Tirana,Albania,Warszawa,Polska,ryanair,831.8,PLN,1.000000,price,,,TIA-WMI,2026-08-20T11:32:54Z,2026-08-20T12:23:59Z
2026-08-26,,852.67,TIA,WMI,2026-08-20,Tirana,Albania,Warszawa,Polska,ryanair,852.67,PLN,1.000000,price,,,TIA-WMI,2026-08-20T11:32:54Z,2026-08-20T12:23:59Z
2026-08-27,,778.60,TIA,WMI,2026-08-20,Tirana,Albania,Warszawa,Polska,ryanair,778.6,PLN,1.000000,price,,,TIA-WMI,2026-08-20T11:32:54Z,2026-08-20T12:23:59Z
2026-08-29,,722.32,TIA,WMI,2026-08-20,Tirana,Albania,Warszawa,Polska,ryanair,722.32,PLN,1.000000,price,,,TIA-WMI,2026-08-20T11:32:54Z,2026-08-20T12:23:59Z
2026-08-30,,778.60,TIA,WMI,2026-08-20,Tirana,Albania,Warszawa,Polska,ryanair,778.6,PLN,1.000000,price,,,TIA-WMI,2026-08-20T11:32:54Z,2026-08-20T12:23:59Z
2026-08-21,,489.00,TIA,WRO,2026-08-20,Tirana,Albania,Wrocław,Polska,ryanair,489.0,PLN,1.000000,price,,,TIA-WRO,2026-08-20T11:32:54Z,2026-08-20T12:23:59Z
2026-08-22,,871.00,TIA,WRO,2026-08-20,Tirana,Albania,Wrocław,Polska,ryanair,871.0,PLN,1.000000,price,,,TIA-WRO,2026-08-20T11:32:54Z,2026-08-20T12:23:59Z
2026-08-24,,567.23,TIA,WRO,2026-08-20,Tirana,Albania,Wrocław,Polska,ryanair,567.23,PLN,1.000000,price,,,TIA-WRO,2026-08-20T11:32:54Z,2026-08-20T12:23:59Z
2026-08-28,,595.32,TIA,WRO,2026-08-20,Tirana,Albania,Wrocław,Polska,ryanair,595.32,PLN,1.000000,price,,,TIA-WRO,2026-08-20T11:32:54Z,2026-08-20T12:23:59Z
2026-08-29,,625.79,TIA,WRO,2026-08-20,Tirana,Albania,Wrocław,Polska,ryanair,625.79,PLN,1.000000,price,,,TIA-WRO,2026-08-20T11:32:54Z,2026-08-20T12:23:59Z
2026-08-31,,498.82,TIA,WRO,2026-08-20,Tirana,Albania,Wrocław,Polska,wizzair,10690.0,ALL,0.046662,price,K,False,TIA-WRO,2026-08-20T11:32:53Z,2026-08-20T12:23:59Z
2026-08-29,,345.56,TKU,GDN,2026-08-20,Turku,Finlandia,Gdańsk,Polska,wizzair,79.99,EUR,4.320028,price,IJ,False,TKU-GDN,2026-08-20T11:32:53Z,2026-08-20T12:23:59Z
2026-08-30,,241.88,TKU,GDN,2026-08-20,Turku,Finlandia,Gdańsk,Polska,wizzair,55.99,EUR,4.320028,price,KL,False,TKU-GDN,2026-08-20T11:32:53Z,2026-08-20T12:23:59Z
2026-08-31,,431.96,TKU,GDN,2026-08-20,Turku,Finlandia,Gdańsk,Polska,wizzair,99.99,EUR,4.320028,price,HI,False,TKU-GDN,2026-08-20T11:32:53Z,2026-08-20T12:23:59Z
2026-08-30,,259.16,TLL,GDN,2026-08-20,Tallinn,Estonia,Gdańsk,Polska,wizzair,59.99,EUR,4.320028,price,K,False,TLL-GDN,2026-08-20T11:32:53Z,2026-08-20T12:23:59Z
2026-08-31,,155.48,TLL,GDN,2026-08-20,Tallinn,Estonia,Gdańsk,Polska,wizzair,35.99,EUR,4.320028,price,BO,False,TLL-GDN,2026-08-20T11:32:53Z,2026-08-20T12:23:59Z
2026-08-29,,155.48,TLL,KRK,2026-08-20,Tallinn,Estonia,Kraków,Polska,wizzair,35.99,EUR,4.320028,price,OP,False,TLL-KRK,2026-08-20T11:32:53Z,2026-08-20T12:23:59Z
2026-08-30,,215.96,TLL,KRK,2026-08-20,Tallinn,Estonia,Kraków,Polska,wizzair,49.99,EUR,4.320028,price,B,False,TLL-KRK,2026-08-20T11:32:53Z,2026-08-20T12:23:59Z
2026-08-29,,241.88,TLL,WAW,2026-08-20,Tallinn,Estonia,Warszawa,Polska,wizzair,55.99,EUR,4.320028,price,LB,False,TLL-WAW,2026-08-20T11:32:53Z,2026-08-20T12:23:59Z
2026-08-30,,345.56,TLL,WAW,2026-08-20,Tallinn,Estonia,Warszawa,Polska,wizzair,79.99,EUR,4.320028,price,JK,False,TLL-WAW,2026-08-20T11:32:53Z,2026-08-20T12:23:59Z
2026-08-31,,198.68,TLL,WAW,2026-08-20,Tallinn,Estonia,Warszawa,Polska,wizzair,45.99,EUR,4.320028,price,BO,False,TLL-WAW,2026-08-20T11:32:53Z,2026-08-20T12:23:59Z
2026-08-21,,1534.87,TLS,KRK,2026-08-20,Tuluza,Francja,Kraków,Polska,ryanair,1534.87,PLN,1.000000,price,,,TLS-KRK,2026-08-20T11:32:54Z,2026-08-20T12:23:59Z
2026-08-24,,306.32,TLS,KRK,2026-08-20,Tuluza,Francja,Kraków,Polska,ryanair,306.32,PLN,1.000000,price,,,TLS-KRK,2026-08-20T11:32:54Z,2026-08-20T12:23:59Z
2026-08-26,,136.00,TLS,KRK,2026-08-20,Tuluza,Francja,Kraków,Polska,ryanair,136.0,PLN,1.000000,price,,,TLS-KRK,2026-08-20T11:32:54Z,2026-08-20T12:23:59Z
2026-08-28,,136.00,TLS,KRK,2026-08-20,Tuluza,Francja,Kraków,Polska,ryanair,136.0,PLN,1.000000,price,,,TLS-KRK,2026-08-20T11:32:54Z,2026-08-20T12:23:59Z
2026-08-31,,310.25,TLS,KRK,2026-08-20,Tuluza,Francja,Kraków,Polska,ryanair,310.25,PLN,1.000000,price,,,TLS-KRK,2026-08-20T11:32:54Z,2026-08-20T12:23:59Z
2026-08-29,,328.28,TLV,KRK,2026-08-20,Tel Awiw,Izrael,Kraków,Polska,wizzair,75.99,EUR,4.320028,price,O,False,TLV-KRK,2026-08-20T11:32:53Z,2026-08-20T12:23:59Z
2026-08-30,,561.56,TLV,KRK,2026-08-20,Tel Awiw,Izrael,Kraków,Polska,wizzair,129.99,EUR,4.320028,price,K,False,TLV-KRK,2026-08-20T11:32:53Z,2026-08-20T12:23:59Z
2026-08-31,,431.96,TLV,KRK,2026-08-20,Tel Awiw,Izrael,Kraków,Polska,wizzair,99.99,EUR,4.320028,price,LB,False,TLV-KRK,2026-08-20T11:32:53Z,2026-08-20T12:23:59Z
2026-08-30,,328.28,TLV,WAW,2026-08-20,Tel Awiw,Izrael,Warszawa,Polska,wizzair,75.99,EUR,4.320028,price,O,False,TLV-WAW,2026-08-20T11:32:53Z,2026-08-20T12:23:59Z
2026-08-31,,345.56,TLV,WAW,2026-08-20,Tel Awiw,Izrael,Warszawa,Polska,wizzair,79.99,EUR,4.320028,price,BO,False,TLV-WAW,2026-08-20T11:32:53Z,2026-08-20T12:23:59Z
2026-08-31,,407.97,TOS,GDN,2026-08-20,Tromso,Norwegia,Gdańsk,Polska,wizzair,1029.0,NOK,0.396472,price,J,False,TOS-GDN,2026-08-20T11:32:53Z,2026-08-20T12:23:59Z
2026-08-23,,893.18,TPS,KTW,2026-08-20,Trapani,Włochy,Katowice,Polska,ryanair,893.18,PLN,1.000000,price,,,TPS-KTW,2026-08-20T11:32:54Z,2026-08-20T12:23:59Z
2026-08-26,,324.96,TPS,KTW,2026-08-20,Trapani,Włochy,Katowice,Polska,ryanair,324.96,PLN,1.000000,price,,,TPS-KTW,2026-08-20T11:32:54Z,2026-08-20T12:23:59Z
2026-08-27,,509.06,TPS,KTW,2026-08-20,Trapani,Włochy,Katowice,Polska,ryanair,509.06,PLN,1.000000,price,,,TPS-KTW,2026-08-20T11:32:54Z,2026-08-20T12:23:59Z
2026-08-30,,504.74,TPS,KTW,2026-08-20,Trapani,Włochy,Katowice,Polska,ryanair,504.74,PLN,1.000000,price,,,TPS-KTW,2026-08-20T11:32:54Z,2026-08-20T12:23:59Z
2026-08-30,,316.78,TRD,GDN,2026-08-20,Trondheim,Norwegia,Gdańsk,Polska,wizzair,799.0,NOK,0.396472,price,J,False,TRD-GDN,2026-08-20T11:32:53Z,2026-08-20T12:23:59Z
2026-08-20,,551.28,TRF,GDN,2026-08-20,Oslo,Norwegia,Gdańsk,Polska,ryanair,551.28,PLN,1.000000,price,,,TRF-GDN,2026-08-20T11:32:54Z,2026-08-20T12:23:59Z
2026-08-21,,435.82,TRF,GDN,2026-08-20,Oslo,Norwegia,Gdańsk,Polska,ryanair,435.82,PLN,1.000000,price,,,TRF-GDN,2026-08-20T11:32:54Z,2026-08-20T12:23:59Z
2026-08-22,,348.90,TRF,GDN,2026-08-20,Oslo,Norwegia,Gdańsk,Polska,ryanair,348.9,PLN,1.000000,price,,,TRF-GDN,2026-08-20T11:32:54Z,2026-08-20T12:23:59Z
2026-08-23,,100.86,TRF,GDN,2026-08-20,Oslo,Norwegia,Gdańsk,Polska,ryanair,100.86,PLN,1.000000,price,,,TRF-GDN,2026-08-20T11:32:54Z,2026-08-20T12:23:59Z
2026-08-24,,138.42,TRF,GDN,2026-08-20,Oslo,Norwegia,Gdańsk,Polska,ryanair,138.42,PLN,1.000000,price,,,TRF-GDN,2026-08-20T11:32:54Z,2026-08-20T12:23:59Z
2026-08-25,,67.38,TRF,GDN,2026-08-20,Oslo,Norwegia,Gdańsk,Polska,ryanair,67.38,PLN,1.000000,price,,,TRF-GDN,2026-08-20T11:32:54Z,2026-08-20T12:23:59Z
2026-08-26,,71.70,TRF,GDN,2026-08-20,Oslo,Norwegia,Gdańsk,Polska,ryanair,71.7,PLN,1.000000,price,,,TRF-GDN,2026-08-20T11:32:54Z,2026-08-20T12:23:59Z
2026-08-27,,77.32,TRF,GDN,2026-08-20,Oslo,Norwegia,Gdańsk,Polska,ryanair,77.32,PLN,1.000000,price,,,TRF-GDN,2026-08-20T11:32:54Z,2026-08-20T12:23:59Z
2026-08-28,,283.86,TRF,GDN,2026-08-20,Oslo,Norwegia,Gdańsk,Polska,ryanair,283.86,PLN,1.000000,price,,,TRF-GDN,2026-08-20T11:32:54Z,2026-08-20T12:23:59Z
2026-08-29,,84.06,TRF,GDN,2026-08-20,Oslo,Norwegia,Gdańsk,Polska,ryanair,84.06,PLN,1.000000,price,,,TRF-GDN,2026-08-20T11:32:54Z,2026-08-20T12:23:59Z
2026-08-30,,74.51,TRF,GDN,2026-08-20,Oslo,Norwegia,Gdańsk,Polska,ryanair,74.51,PLN,1.000000,price,,,TRF-GDN,2026-08-20T11:32:54Z,2026-08-20T12:23:59Z
2026-08-31,,71.70,TRF,GDN,2026-08-20,Oslo,Norwegia,Gdańsk,Polska,ryanair,71.7,PLN,1.000000,price,,,TRF-GDN,2026-08-20T11:32:54Z,2026-08-20T12:23:59Z
2026-08-21,,349.03,TRF,KRK,2026-08-20,Oslo,Norwegia,Kraków,Polska,ryanair,349.03,PLN,1.000000,price,,,TRF-KRK,2026-08-20T11:32:54Z,2026-08-20T12:23:59Z
2026-08-22,,331.80,TRF,KRK,2026-08-20,Oslo,Norwegia,Kraków,Polska,ryanair,331.8,PLN,1.000000,price,,,TRF-KRK,2026-08-20T11:32:54Z,2026-08-20T12:23:59Z
2026-08-23,,869.40,TRF,KRK,2026-08-20,Oslo,Norwegia,Kraków,Polska,ryanair,869.4,PLN,1.000000,price,,,TRF-KRK,2026-08-20T11:32:54Z,2026-08-20T12:23:59Z
2026-08-24,,236.98,TRF,KRK,2026-08-20,Oslo,Norwegia,Kraków,Polska,ryanair,236.98,PLN,1.000000,price,,,TRF-KRK,2026-08-20T11:32:54Z,2026-08-20T12:23:59Z
2026-08-25,,323.18,TRF,KRK,2026-08-20,Oslo,Norwegia,Kraków,Polska,ryanair,323.18,PLN,1.000000,price,,,TRF-KRK,2026-08-20T11:32:54Z,2026-08-20T12:23:59Z
2026-08-26,,178.11,TRF,KRK,2026-08-20,Oslo,Norwegia,Kraków,Polska,ryanair,178.11,PLN,1.000000,price,,,TRF-KRK,2026-08-20T11:32:54Z,2026-08-20T12:23:59Z
2026-08-27,,323.18,TRF,KRK,2026-08-20,Oslo,Norwegia,Kraków,Polska,ryanair,323.18,PLN,1.000000,price,,,TRF-KRK,2026-08-20T11:32:54Z,2026-08-20T12:23:59Z
2026-08-28,,288.70,TRF,KRK,2026-08-20,Oslo,Norwegia,Kraków,Polska,ryanair,288.7,PLN,1.000000,price,,,TRF-KRK,2026-08-20T11:32:54Z,2026-08-20T12:23:59Z
2026-08-29,,225.44,TRF,KRK,2026-08-20,Oslo,Norwegia,Kraków,Polska,ryanair,225.44,PLN,1.000000,price,,,TRF-KRK,2026-08-20T11:32:54Z,2026-08-20T12:23:59Z
2026-08-30,,197.48,TRF,KRK,2026-08-20,Oslo,Norwegia,Kraków,Polska,ryanair,197.48,PLN,1.000000,price,,,TRF-KRK,2026-08-20T11:32:54Z,2026-08-20T12:23:59Z
2026-08-31,,220.39,TRF,KRK,2026-08-20,Oslo,Norwegia,Kraków,Polska,ryanair,220.39,PLN,1.000000,price,,,TRF-KRK,2026-08-20T11:32:54Z,2026-08-20T12:23:59Z
2026-08-21,,430.92,TRF,POZ,2026-08-20,Oslo,Norwegia,Poznań,Polska,ryanair,430.92,PLN,1.000000,price,,,TRF-POZ,2026-08-20T11:32:54Z,2026-08-20T12:23:59Z
2026-08-22,,219.26,TRF,POZ,2026-08-20,Oslo,Norwegia,Poznań,Polska,ryanair,219.26,PLN,1.000000,price,,,TRF-POZ,2026-08-20T11:32:54Z,2026-08-20T12:23:59Z
2026-08-23,,330.79,TRF,POZ,2026-08-20,Oslo,Norwegia,Poznań,Polska,ryanair,330.79,PLN,1.000000,price,,,TRF-POZ,2026-08-20T11:32:54Z,2026-08-20T12:23:59Z
2026-08-24,,185.81,TRF,POZ,2026-08-20,Oslo,Norwegia,Poznań,Polska,ryanair,185.81,PLN,1.000000,price,,,TRF-POZ,2026-08-20T11:32:54Z,2026-08-20T12:23:59Z
2026-08-25,,237.68,TRF,POZ,2026-08-20,Oslo,Norwegia,Poznań,Polska,ryanair,237.68,PLN,1.000000,price,,,TRF-POZ,2026-08-20T11:32:54Z,2026-08-20T12:23:59Z
2026-08-27,,242.60,TRF,POZ,2026-08-20,Oslo,Norwegia,Poznań,Polska,ryanair,242.6,PLN,1.000000,price,,,TRF-POZ,2026-08-20T11:32:54Z,2026-08-20T12:23:59Z
2026-08-28,,361.00,TRF,POZ,2026-08-20,Oslo,Norwegia,Poznań,Polska,ryanair,361.0,PLN,1.000000,price,,,TRF-POZ,2026-08-20T11:32:54Z,2026-08-20T12:23:59Z
2026-08-29,,136.26,TRF,POZ,2026-08-20,Oslo,Norwegia,Poznań,Polska,ryanair,136.26,PLN,1.000000,price,,,TRF-POZ,2026-08-20T11:32:54Z,2026-08-20T12:23:59Z
2026-08-30,,297.32,TRF,POZ,2026-08-20,Oslo,Norwegia,Poznań,Polska,ryanair,297.32,PLN,1.000000,price,,,TRF-POZ,2026-08-20T11:32:54Z,2026-08-20T12:23:59Z
2026-08-31,,106.48,TRF,POZ,2026-08-20,Oslo,Norwegia,Poznań,Polska,ryanair,106.48,PLN,1.000000,price,,,TRF-POZ,2026-08-20T11:32:54Z,2026-08-20T12:23:59Z
2026-08-29,,451.58,TRF,WAW,2026-08-20,Oslo,Norwegia,Warszawa,Polska,wizzair,1139.0,NOK,0.396472,price,IJ,False,TRF-WAW,2026-08-20T11:32:53Z,2026-08-20T12:23:59Z
2026-08-30,,566.56,TRF,WAW,2026-08-20,Oslo,Norwegia,Warszawa,Polska,wizzair,1429.0,NOK,0.396472,price,HI,False,TRF-WAW,2026-08-20T11:32:53Z,2026-08-20T12:23:59Z
2026-08-31,,296.96,TRF,WAW,2026-08-20,Oslo,Norwegia,Warszawa,Polska,wizzair,749.0,NOK,0.396472,price,KL,False,TRF-WAW,2026-08-20T11:32:53Z,2026-08-20T12:23:59Z
2026-08-20,,475.40,TRF,WRO,2026-08-20,Oslo,Norwegia,Wrocław,Polska,ryanair,475.4,PLN,1.000000,price,,,TRF-WRO,2026-08-20T11:32:54Z,2026-08-20T12:23:59Z
2026-08-21,,323.18,TRF,WRO,2026-08-20,Oslo,Norwegia,Wrocław,Polska,ryanair,323.18,PLN,1.000000,price,,,TRF-WRO,2026-08-20T11:32:54Z,2026-08-20T12:23:59Z
2026-08-23,,330.79,TRF,WRO,2026-08-20,Oslo,Norwegia,Wrocław,Polska,ryanair,330.79,PLN,1.000000,price,,,TRF-WRO,2026-08-20T11:32:54Z,2026-08-20T12:23:59Z
2026-08-27,,301.63,TRF,WRO,2026-08-20,Oslo,Norwegia,Wrocław,Polska,ryanair,301.63,PLN,1.000000,price,,,TRF-WRO,2026-08-20T11:32:54Z,2026-08-20T12:23:59Z
2026-08-28,,315.48,TRF,WRO,2026-08-20,Oslo,Norwegia,Wrocław,Polska,ryanair,315.48,PLN,1.000000,price,,,TRF-WRO,2026-08-20T11:32:54Z,2026-08-20T12:23:59Z
2026-08-30,,283.86,TRF,WRO,2026-08-20,Oslo,Norwegia,Wrocław,Polska,ryanair,283.86,PLN,1.000000,price,,,TRF-WRO,2026-08-20T11:32:54Z,2026-08-20T12:23:59Z
2026-08-22,,1437.22,TRN,KRK,2026-08-20,Turyn,Włochy,Kraków,Polska,ryanair,1437.22,PLN,1.000000,price,,,TRN-KRK,2026-08-20T11:32:54Z,2026-08-20T12:23:59Z
2026-08-25,,125.30,TRN,KRK,2026-08-20,Turyn,Włochy,Kraków,Polska,ryanair,125.3,PLN,1.000000,price,,,TRN-KRK,2026-08-20T11:32:54Z,2026-08-20T12:23:59Z
2026-08-29,,137.66,TRN,KRK,2026-08-20,Turyn,Włochy,Kraków,Polska,ryanair,137.66,PLN,1.000000,price,,,TRN-KRK,2026-08-20T11:32:54Z,2026-08-20T12:23:59Z
2026-08-22,,199.42,TRS,KRK,2026-08-20,Triest,Włochy,Kraków,Polska,ryanair,199.42,PLN,1.000000,price,,,TRS-KRK,2026-08-20T11:32:54Z,2026-08-20T12:23:59Z
2026-08-24,,105.49,TRS,KRK,2026-08-20,Triest,Włochy,Kraków,Polska,ryanair,105.49,PLN,1.000000,price,,,TRS-KRK,2026-08-20T11:32:54Z,2026-08-20T12:23:59Z
2026-08-26,,218.14,TRS,KRK,2026-08-20,Triest,Włochy,Kraków,Polska,ryanair,218.14,PLN,1.000000,price,,,TRS-KRK,2026-08-20T11:32:54Z,2026-08-20T12:23:59Z
2026-08-29,,331.32,TRS,KRK,2026-08-20,Triest,Włochy,Kraków,Polska,ryanair,331.32,PLN,1.000000,price,,,TRS-KRK,2026-08-20T11:32:54Z,2026-08-20T12:23:59Z
2026-08-31,,184.90,TRS,KRK,2026-08-20,Triest,Włochy,Kraków,Polska,ryanair,184.9,PLN,1.000000,price,,,TRS-KRK,2026-08-20T11:32:54Z,2026-08-20T12:23:59Z
2026-08-24,,241.29,TSF,GDN,2026-08-20,Wenecja,Włochy,Gdańsk,Polska,ryanair,241.29,PLN,1.000000,price,,,TSF-GDN,2026-08-20T11:32:54Z,2026-08-20T12:23:59Z
2026-08-27,,115.32,TSF,GDN,2026-08-20,Wenecja,Włochy,Gdańsk,Polska,ryanair,115.32,PLN,1.000000,price,,,TSF-GDN,2026-08-20T11:32:54Z,2026-08-20T12:23:59Z
2026-08-31,,293.01,TSF,GDN,2026-08-20,Wenecja,Włochy,Gdańsk,Polska,ryanair,293.01,PLN,1.000000,price,,,TSF-GDN,2026-08-20T11:32:54Z,2026-08-20T12:23:59Z
2026-08-21,,1264.19,TSF,KRK,2026-08-20,Wenecja,Włochy,Kraków,Polska,ryanair,1264.19,PLN,1.000000,price,,,TSF-KRK,2026-08-20T11:32:54Z,2026-08-20T12:23:59Z
2026-08-22,,220.42,TSF,KRK,2026-08-20,Wenecja,Włochy,Kraków,Polska,ryanair,220.42,PLN,1.000000,price,,,TSF-KRK,2026-08-20T11:32:54Z,2026-08-20T12:23:59Z
2026-08-23,,1594.83,TSF,KRK,2026-08-20,Wenecja,Włochy,Kraków,Polska,ryanair,1594.83,PLN,1.000000,price,,,TSF-KRK,2026-08-20T11:32:54Z,2026-08-20T12:23:59Z
2026-08-25,,208.32,TSF,KRK,2026-08-20,Wenecja,Włochy,Kraków,Polska,ryanair,208.32,PLN,1.000000,price,,,TSF-KRK,2026-08-20T11:32:54Z,2026-08-20T12:23:59Z
2026-08-26,,97.15,TSF,KRK,2026-08-20,Wenecja,Włochy,Kraków,Polska,ryanair,97.15,PLN,1.000000,price,,,TSF-KRK,2026-08-20T11:32:54Z,2026-08-20T12:23:59Z
2026-08-27,,95.00,TSF,KRK,2026-08-20,Wenecja,Włochy,Kraków,Polska,ryanair,95.0,PLN,1.000000,price,,,TSF-KRK,2026-08-20T11:32:54Z,2026-08-20T12:23:59Z
2026-08-28,,241.00,TSF,KRK,2026-08-20,Wenecja,Włochy,Kraków,Polska,ryanair,241.0,PLN,1.000000,price,,,TSF-KRK,2026-08-20T11:32:54Z,2026-08-20T12:23:59Z
2026-08-29,,149.00,TSF,KRK,2026-08-20,Wenecja,Włochy,Kraków,Polska,ryanair,149.0,PLN,1.000000,price,,,TSF-KRK,2026-08-20T11:32:54Z,2026-08-20T12:23:59Z
2026-08-30,,289.29,TSF,KRK,2026-08-20,Wenecja,Włochy,Kraków,Polska,ryanair,289.29,PLN,1.000000,price,,,TSF-KRK,2026-08-20T11:32:54Z,2026-08-20T12:23:59Z
2026-08-22,,264.29,TSF,KTW,2026-08-20,Wenecja,Włochy,Katowice,Polska,ryanair,264.29,PLN,1.000000,price,,,TSF-KTW,2026-08-20T11:32:54Z,2026-08-20T12:23:59Z
2026-08-25,,79.00,TSF,KTW,2026-08-20,Wenecja,Włochy,Katowice,Polska,ryanair,79.0,PLN,1.000000,price,,,TSF-KTW,2026-08-20T11:32:54Z,2026-08-20T12:23:59Z
2026-08-29,,111.32,TSF,KTW,2026-08-20,Wenecja,Włochy,Katowice,Polska,ryanair,111.32,PLN,1.000000,price,,,TSF-KTW,2026-08-20T11:32:54Z,2026-08-20T12:23:59Z
2026-08-23,,1340.15,TSF,POZ,2026-08-20,Wenecja,Włochy,Poznań,Polska,ryanair,1340.15,PLN,1.000000,price,,,TSF-POZ,2026-08-20T11:32:54Z,2026-08-20T12:23:59Z
2026-08-24,,350.55,TSF,POZ,2026-08-20,Wenecja,Włochy,Poznań,Polska,ryanair,350.55,PLN,1.000000,price,,,TSF-POZ,2026-08-20T11:32:54Z,2026-08-20T12:23:59Z
2026-08-27,,94.32,TSF,POZ,2026-08-20,Wenecja,Włochy,Poznań,Polska,ryanair,94.32,PLN,1.000000,price,,,TSF-POZ,2026-08-20T11:32:54Z,2026-08-20T12:23:59Z
2026-08-30,,531.76,TSF,POZ,2026-08-20,Wenecja,Włochy,Poznań,Polska,ryanair,531.76,PLN,1.000000,price,,,TSF-POZ,2026-08-20T11:32:54Z,2026-08-20T12:23:59Z
2026-08-31,,329.47,TSF,POZ,2026-08-20,Wenecja,Włochy,Poznań,Polska,ryanair,329.47,PLN,1.000000,price,,,TSF-POZ,2026-08-20T11:32:54Z,2026-08-20T12:23:59Z
2026-08-21,,289.72,TSF,WMI,2026-08-20,Wenecja,Włochy,Warszawa,Polska,ryanair,289.72,PLN,1.000000,price,,,TSF-WMI,2026-08-20T11:32:54Z,2026-08-20T12:23:59Z
2026-08-24,,258.17,TSF,WMI,2026-08-20,Wenecja,Włochy,Warszawa,Polska,ryanair,258.17,PLN,1.000000,price,,,TSF-WMI,2026-08-20T11:32:54Z,2026-08-20T12:23:59Z
2026-08-26,,102.00,TSF,WMI,2026-08-20,Wenecja,Włochy,Warszawa,Polska,ryanair,102.0,PLN,1.000000,price,,,TSF-WMI,2026-08-20T11:32:54Z,2026-08-20T12:23:59Z
2026-08-27,,109.65,TSF,WMI,2026-08-20,Wenecja,Włochy,Warszawa,Polska,ryanair,109.65,PLN,1.000000,price,,,TSF-WMI,2026-08-20T11:32:54Z,2026-08-20T12:23:59Z
2026-08-28,,240.09,TSF,WMI,2026-08-20,Wenecja,Włochy,Warszawa,Polska,ryanair,240.09,PLN,1.000000,price,,,TSF-WMI,2026-08-20T11:32:54Z,2026-08-20T12:23:59Z
2026-08-31,,175.00,TSF,WMI,2026-08-20,Wenecja,Włochy,Warszawa,Polska,ryanair,175.0,PLN,1.000000,price,,,TSF-WMI,2026-08-20T11:32:54Z,2026-08-20T12:23:59Z
2026-08-23,,1482.39,TSF,WRO,2026-08-20,Wenecja,Włochy,Wrocław,Polska,ryanair,1482.39,PLN,1.000000,price,,,TSF-WRO,2026-08-20T11:32:54Z,2026-08-20T12:23:59Z
2026-08-26,,475.40,TSF,WRO,2026-08-20,Wenecja,Włochy,Wrocław,Polska,ryanair,475.4,PLN,1.000000,price,,,TSF-WRO,2026-08-20T11:32:54Z,2026-08-20T12:23:59Z
2026-08-28,,383.51,TSF,WRO,2026-08-20,Wenecja,Włochy,Wrocław,Polska,ryanair,383.51,PLN,1.000000,price,,,TSF-WRO,2026-08-20T11:32:54Z,2026-08-20T12:23:59Z
2026-08-30,,443.85,TSF,WRO,2026-08-20,Wenecja,Włochy,Wrocław,Polska,ryanair,443.85,PLN,1.000000,price,,,TSF-WRO,2026-08-20T11:32:54Z,2026-08-20T12:23:59Z
2026-08-20,,1419.80,VAR,KRK,2026-08-20,Warna,Bułagria,Kraków,Polska,ryanair,1419.8,PLN,1.000000,price,,,VAR-KRK,2026-08-20T11:32:54Z,2026-08-20T12:23:59Z
2026-08-22,,871.44,VAR,KRK,2026-08-20,Warna,Bułagria,Kraków,Polska,ryanair,871.44,PLN,1.000000,price,,,VAR-KRK,2026-08-20T11:32:54Z,2026-08-20T12:23:59Z
2026-08-24,,1487.87,VAR,KRK,2026-08-20,Warna,Bułagria,Kraków,Polska,ryanair,1487.87,PLN,1.000000,price,,,VAR-KRK,2026-08-20T11:32:54Z,2026-08-20T12:23:59Z
2026-08-27,,749.35,VAR,KRK,2026-08-20,Warna,Bułagria,Kraków,Polska,ryanair,749.35,PLN,1.000000,price,,,VAR-KRK,2026-08-20T11:32:54Z,2026-08-20T12:23:59Z
2026-08-29,,1667.61,VAR,KRK,2026-08-20,Warna,Bułagria,Kraków,Polska,ryanair,1667.61,PLN,1.000000,price,,,VAR-KRK,2026-08-20T11:32:54Z,2026-08-20T12:23:59Z
2026-08-31,,909.43,VAR,KRK,2026-08-20,Warna,Bułagria,Kraków,Polska,ryanair,909.43,PLN,1.000000,price,,,VAR-KRK,2026-08-20T11:32:54Z,2026-08-20T12:23:59Z
2026-08-21,,1302.93,VAR,KTW,2026-08-20,Warna,Bułagria,Katowice,Polska,ryanair,1302.93,PLN,1.000000,price,,,VAR-KTW,2026-08-20T11:32:54Z,2026-08-20T12:23:59Z
2026-08-22,,1270.68,VAR,KTW,2026-08-20,Warna,Bułagria,Katowice,Polska,ryanair,1270.68,PLN,1.000000,price,,,VAR-KTW,2026-08-20T11:32:54Z,2026-08-20T12:23:59Z
2026-08-23,,950.69,VAR,KTW,2026-08-20,Warna,Bułagria,Katowice,Polska,ryanair,950.69,PLN,1.000000,price,,,VAR-KTW,2026-08-20T11:32:54Z,2026-08-20T12:23:59Z
2026-08-25,,1521.44,VAR,KTW,2026-08-20,Warna,Bułagria,Katowice,Polska,ryanair,1521.44,PLN,1.000000,price,,,VAR-KTW,2026-08-20T11:32:54Z,2026-08-20T12:23:59Z
2026-08-26,,994.90,VAR,KTW,2026-08-20,Warna,Bułagria,Katowice,Polska,ryanair,994.9,PLN,1.000000,price,,,VAR-KTW,2026-08-20T11:32:54Z,2026-08-20T12:23:59Z
2026-08-28,,810.25,VAR,KTW,2026-08-20,Warna,Bułagria,Katowice,Polska,ryanair,810.25,PLN,1.000000,price,,,VAR-KTW,2026-08-20T11:32:54Z,2026-08-20T12:23:59Z
2026-08-29,,1201.53,VAR,KTW,2026-08-20,Warna,Bułagria,Katowice,Polska,ryanair,1201.53,PLN,1.000000,price,,,VAR-KTW,2026-08-20T11:32:54Z,2026-08-20T12:23:59Z
2026-08-30,,1184.24,VAR,KTW,2026-08-20,Warna,Bułagria,Katowice,Polska,ryanair,1184.24,PLN,1.000000,price,,,VAR-KTW,2026-08-20T11:32:54Z,2026-08-20T12:23:59Z
2026-08-31,,302.36,VCE,WAW,2026-08-20,Wenecja,Włochy,Warszawa,Polska,wizzair,69.99,EUR,4.320028,price,K,False,VCE-WAW,2026-08-20T11:32:53Z,2026-08-20T12:23:59Z
2026-08-31,,302.36,VEN,WAW,2026-08-20,Wenecja,Włochy,Warszawa,Polska,wizzair,69.99,EUR,4.320028,price,K,False,VEN-WAW,2026-08-20T11:32:53Z,2026-08-20T12:23:59Z
2026-08-20,,818.78,VIE,KRK,2026-08-20,Wiedeń,Austria,Kraków,Polska,ryanair,818.78,PLN,1.000000,price,,,VIE-KRK,2026-08-20T11:32:54Z,2026-08-20T12:23:59Z
2026-08-22,,358.70,VIE,KRK,2026-08-20,Wiedeń,Austria,Kraków,Polska,ryanair,358.7,PLN,1.000000,price,,,VIE-KRK,2026-08-20T11:32:54Z,2026-08-20T12:23:59Z
2026-08-23,,242.00,VIE,KRK,2026-08-20,Wiedeń,Austria,Kraków,Polska,ryanair,242.0,PLN,1.000000,price,,,VIE-KRK,2026-08-20T11:32:54Z,2026-08-20T12:23:59Z
2026-08-26,,307.57,VIE,KRK,2026-08-20,Wiedeń,Austria,Kraków,Polska,ryanair,307.57,PLN,1.000000,price,,,VIE-KRK,2026-08-20T11:32:54Z,2026-08-20T12:23:59Z
2026-08-27,,352.36,VIE,KRK,2026-08-20,Wiedeń,Austria,Kraków,Polska,ryanair,352.36,PLN,1.000000,price,,,VIE-KRK,2026-08-20T11:32:54Z,2026-08-20T12:23:59Z
2026-08-29,,117.88,VIE,KRK,2026-08-20,Wiedeń,Austria,Kraków,Polska,ryanair,117.88,PLN,1.000000,price,,,VIE-KRK,2026-08-20T11:32:54Z,2026-08-20T12:23:59Z
2026-08-30,,267.15,VIE,KRK,2026-08-20,Wiedeń,Austria,Kraków,Polska,ryanair,267.15,PLN,1.000000,price,,,VIE-KRK,2026-08-20T11:32:54Z,2026-08-20T12:23:59Z
2026-08-21,,618.03,VIE,WAW,2026-08-20,Wiedeń,Austria,Warszawa,Polska,ryanair,618.03,PLN,1.000000,price,,,VIE-WAW,2026-08-20T11:32:54Z,2026-08-20T12:23:59Z
2026-08-22,,302.51,VIE,WAW,2026-08-20,Wiedeń,Austria,Warszawa,Polska,ryanair,302.51,PLN,1.000000,price,,,VIE-WAW,2026-08-20T11:32:54Z,2026-08-20T12:23:59Z
2026-08-23,,481.49,VIE,WAW,2026-08-20,Wiedeń,Austria,Warszawa,Polska,ryanair,481.49,PLN,1.000000,price,,,VIE-WAW,2026-08-20T11:32:54Z,2026-08-20T12:23:59Z
2026-08-24,,254.22,VIE,WAW,2026-08-20,Wiedeń,Austria,Warszawa,Polska,ryanair,254.22,PLN,1.000000,price,,,VIE-WAW,2026-08-20T11:32:54Z,2026-08-20T12:23:59Z
2026-08-28,,164.36,VIE,WAW,2026-08-20,Wiedeń,Austria,Warszawa,Polska,ryanair,164.36,PLN,1.000000,price,,,VIE-WAW,2026-08-20T11:32:54Z,2026-08-20T12:23:59Z
2026-08-29,,189.58,VIE,WAW,2026-08-20,Wiedeń,Austria,Warszawa,Polska,ryanair,189.58,PLN,1.000000,price,,,VIE-WAW,2026-08-20T11:32:54Z,2026-08-20T12:23:59Z
2026-08-30,,332.77,VIE,WAW,2026-08-20,Wiedeń,Austria,Warszawa,Polska,ryanair,332.77,PLN,1.000000,price,,,VIE-WAW,2026-08-20T11:32:54Z,2026-08-20T12:23:59Z
2026-08-31,,263.61,VIE,WAW,2026-08-20,Wiedeń,Austria,Warszawa,Polska,ryanair,263.61,PLN,1.000000,price,,,VIE-WAW,2026-08-20T11:32:54Z,2026-08-20T12:23:59Z
2026-08-22,,827.40,VLC,KRK,2026-08-20,Valencia,Hiszpania,Kraków,Polska,ryanair,827.4,PLN,1.000000,price,,,VLC-KRK,2026-08-20T11:32:54Z,2026-08-20T12:23:59Z
2026-08-23,,894.65,VLC,KRK,2026-08-20,Valencia,Hiszpania,Kraków,Polska,ryanair,894.65,PLN,1.000000,price,,,VLC-KRK,2026-08-20T11:32:54Z,2026-08-20T12:23:59Z
2026-08-24,,1210.04,VLC,KRK,2026-08-20,Valencia,Hiszpania,Kraków,Polska,ryanair,1210.04,PLN,1.000000,price,,,VLC-KRK,2026-08-20T11:32:54Z,2026-08-20T12:23:59Z
2026-08-25,,1205.87,VLC,KRK,2026-08-20,Valencia,Hiszpania,Kraków,Polska,ryanair,1205.87,PLN,1.000000,price,,,VLC-KRK,2026-08-20T11:32:54Z,2026-08-20T12:23:59Z
2026-08-27,,792.92,VLC,KRK,2026-08-20,Valencia,Hiszpania,Kraków,Polska,ryanair,792.92,PLN,1.000000,price,,,VLC-KRK,2026-08-20T11:32:54Z,2026-08-20T12:23:59Z
2026-08-29,,561.84,VLC,KRK,2026-08-20,Valencia,Hiszpania,Kraków,Polska,ryanair,561.84,PLN,1.000000,price,,,VLC-KRK,2026-08-20T11:32:54Z,2026-08-20T12:23:59Z
2026-08-30,,598.61,VLC,KRK,2026-08-20,Valencia,Hiszpania,Kraków,Polska,ryanair,598.61,PLN,1.000000,price,,,VLC-KRK,2026-08-20T11:32:54Z,2026-08-20T12:23:59Z
2026-08-31,,540.23,VLC,KRK,2026-08-20,Valencia,Hiszpania,Kraków,Polska,ryanair,540.23,PLN,1.000000,price,,,VLC-KRK,2026-08-20T11:32:54Z,2026-08-20T12:23:59Z
2026-08-23,,721.76,VLC,POZ,2026-08-20,Valencia,Hiszpania,Poznań,Polska,ryanair,721.76,PLN,1.000000,price,,,VLC-POZ,2026-08-20T11:32:54Z,2026-08-20T12:23:59Z
2026-08-26,,957.95,VLC,POZ,2026-08-20,Valencia,Hiszpania,Poznań,Polska,ryanair,957.95,PLN,1.000000,price,,,VLC-POZ,2026-08-20T11:32:54Z,2026-08-20T12:23:59Z
2026-08-30,,310.25,VLC,POZ,2026-08-20,Valencia,Hiszpania,Poznań,Polska,ryanair,310.25,PLN,1.000000,price,,,VLC-POZ,2026-08-20T11:32:54Z,2026-08-20T12:23:59Z
2026-08-31,,539.96,VLC,WAW,2026-08-20,Valencia,Hiszpania,Warszawa,Polska,wizzair,124.99,EUR,4.320028,price,IJ,False,VLC-WAW,2026-08-20T11:32:53Z,2026-08-20T12:23:59Z
2026-08-20,,1581.66,VLC,WMI,2026-08-20,Valencia,Hiszpania,Warszawa,Polska,ryanair,1581.66,PLN,1.000000,price,,,VLC-WMI,2026-08-20T11:32:54Z,2026-08-20T12:23:59Z
2026-08-22,,1055.97,VLC,WMI,2026-08-20,Valencia,Hiszpania,Warszawa,Polska,ryanair,1055.97,PLN,1.000000,price,,,VLC-WMI,2026-08-20T11:32:54Z,2026-08-20T12:23:59Z
2026-08-25,,695.42,VLC,WMI,2026-08-20,Valencia,Hiszpania,Warszawa,Polska,ryanair,695.42,PLN,1.000000,price,,,VLC-WMI,2026-08-20T11:32:54Z,2026-08-20T12:23:59Z
2026-08-27,,641.24,VLC,WMI,2026-08-20,Valencia,Hiszpania,Warszawa,Polska,ryanair,641.24,PLN,1.000000,price,,,VLC-WMI,2026-08-20T11:32:54Z,2026-08-20T12:23:59Z
2026-08-29,,1117.17,VLC,WMI,2026-08-20,Valencia,Hiszpania,Warszawa,Polska,ryanair,1117.17,PLN,1.000000,price,,,VLC-WMI,2026-08-20T11:32:54Z,2026-08-20T12:23:59Z
2026-08-21,,859.94,VLC,WRO,2026-08-20,Valencia,Hiszpania,Wrocław,Polska,ryanair,859.94,PLN,1.000000,price,,,VLC-WRO,2026-08-20T11:32:54Z,2026-08-20T12:23:59Z
2026-08-24,,836.02,VLC,WRO,2026-08-20,Valencia,Hiszpania,Wrocław,Polska,ryanair,836.02,PLN,1.000000,price,,,VLC-WRO,2026-08-20T11:32:54Z,2026-08-20T12:23:59Z
2026-08-26,,601.30,VLC,WRO,2026-08-20,Valencia,Hiszpania,Wrocław,Polska,ryanair,601.3,PLN,1.000000,price,,,VLC-WRO,2026-08-20T11:32:54Z,2026-08-20T12:23:59Z
2026-08-27,,1566.53,VLC,WRO,2026-08-20,Valencia,Hiszpania,Wrocław,Polska,ryanair,1566.53,PLN,1.000000,price,,,VLC-WRO,2026-08-20T11:32:54Z,2026-08-20T12:23:59Z
2026-08-28,,1176.48,VLC,WRO,2026-08-20,Valencia,Hiszpania,Wrocław,Polska,ryanair,1176.48,PLN,1.000000,price,,,VLC-WRO,2026-08-20T11:32:54Z,2026-08-20T12:23:59Z
2026-08-31,,478.20,VLC,WRO,2026-08-20,Valencia,Hiszpania,Wrocław,Polska,ryanair,478.2,PLN,1.000000,price,,,VLC-WRO,2026-08-20T11:32:54Z,2026-08-20T12:23:59Z
2026-08-29,,198.68,VNO,GDN,2026-08-20,Wilno,Litwa,Gdańsk,Polska,wizzair,45.99,EUR,4.320028,price,LB,False,VNO-GDN,2026-08-20T11:32:53Z,2026-08-20T12:23:59Z
2026-08-30,,172.76,VNO,GDN,2026-08-20,Wilno,Litwa,Gdańsk,Polska,wizzair,39.99,EUR,4.320028,price,B,False,VNO-GDN,2026-08-20T11:32:53Z,2026-08-20T12:23:59Z
2026-08-30,,198.68,VNO,KRK,2026-08-20,Wilno,Litwa,Kraków,Polska,wizzair,45.99,EUR,4.320028,price,BO,False,VNO-KRK,2026-08-20T11:32:53Z,2026-08-20T12:23:59Z
2026-08-31,,285.08,VNO,KRK,2026-08-20,Wilno,Litwa,Kraków,Polska,wizzair,65.99,EUR,4.320028,price,KL,False,VNO-KRK,2026-08-20T11:32:53Z,2026-08-20T12:23:59Z
2026-08-20,,432.18,VXO,GDN,2026-08-20,Växjö,Szwecja,Gdańsk,Polska,ryanair,432.18,PLN,1.000000,price,,,VXO-GDN,2026-08-20T11:32:54Z,2026-08-20T12:23:59Z
2026-08-23,,96.30,VXO,GDN,2026-08-20,Växjö,Szwecja,Gdańsk,Polska,ryanair,96.3,PLN,1.000000,price,,,VXO-GDN,2026-08-20T11:32:54Z,2026-08-20T12:23:59Z
2026-08-27,,86.90,VXO,GDN,2026-08-20,Växjö,Szwecja,Gdańsk,Polska,ryanair,86.9,PLN,1.000000,price,,,VXO-GDN,2026-08-20T11:32:54Z,2026-08-20T12:23:59Z
2026-08-30,,70.26,VXO,GDN,2026-08-20,Växjö,Szwecja,Gdańsk,Polska,ryanair,70.26,PLN,1.000000,price,,,VXO-GDN,2026-08-20T11:32:54Z,2026-08-20T12:23:59Z
2026-08-22,,693.19,WAW,AGP,2026-08-20,Warszawa,Polska,Malaga,Hiszpania,ryanair,693.19,PLN,1.000000,price,,,WAW-AGP,2026-08-20T11:32:54Z,2026-08-20T12:23:59Z
2026-08-23,,1093.47,WAW,AGP,2026-08-20,Warszawa,Polska,Malaga,Hiszpania,ryanair,1093.47,PLN,1.000000,price,,,WAW-AGP,2026-08-20T11:32:54Z,2026-08-20T12:23:59Z
2026-08-24,,896.35,WAW,AGP,2026-08-20,Warszawa,Polska,Malaga,Hiszpania,ryanair,896.35,PLN,1.000000,price,,,WAW-AGP,2026-08-20T11:32:54Z,2026-08-20T12:23:59Z
2026-08-25,,900.66,WAW,AGP,2026-08-20,Warszawa,Polska,Malaga,Hiszpania,ryanair,900.66,PLN,1.000000,price,,,WAW-AGP,2026-08-20T11:32:54Z,2026-08-20T12:23:59Z
2026-08-27,,461.08,WAW,AGP,2026-08-20,Warszawa,Polska,Malaga,Hiszpania,ryanair,461.08,PLN,1.000000,price,,,WAW-AGP,2026-08-20T11:32:54Z,2026-08-20T12:23:59Z
2026-08-29,,446.00,WAW,AGP,2026-08-20,Warszawa,Polska,Malaga,Hiszpania,ryanair,446.0,PLN,1.000000,price,,,WAW-AGP,2026-08-20T11:32:54Z,2026-08-20T12:23:59Z
2026-08-30,,439.54,WAW,AGP,2026-08-20,Warszawa,Polska,Malaga,Hiszpania,ryanair,439.54,PLN,1.000000,price,,,WAW-AGP,2026-08-20T11:32:54Z,2026-08-20T12:23:59Z
2026-08-31,,426.27,WAW,AGP,2026-08-20,Warszawa,Polska,Malaga,Hiszpania,ryanair,426.27,PLN,1.000000,price,,,WAW-AGP,2026-08-20T11:32:54Z,2026-08-20T12:23:59Z
2026-08-21,,1054.57,WAW,ALC,2026-08-20,Warszawa,Polska,Alicante,Hiszpania,ryanair,1054.57,PLN,1.000000,price,,,WAW-ALC,2026-08-20T11:32:54Z,2026-08-20T12:23:59Z
2026-08-22,,1115.08,WAW,ALC,2026-08-20,Warszawa,Polska,Alicante,Hiszpania,ryanair,1115.08,PLN,1.000000,price,,,WAW-ALC,2026-08-20T11:32:54Z,2026-08-20T12:23:59Z
2026-08-24,,890.33,WAW,ALC,2026-08-20,Warszawa,Polska,Alicante,Hiszpania,ryanair,890.33,PLN,1.000000,price,,,WAW-ALC,2026-08-20T11:32:54Z,2026-08-20T12:23:59Z
2026-08-25,,933.55,WAW,ALC,2026-08-20,Warszawa,Polska,Alicante,Hiszpania,ryanair,933.55,PLN,1.000000,price,,,WAW-ALC,2026-08-20T11:32:54Z,2026-08-20T12:23:59Z
2026-08-26,,568.82,WAW,ALC,2026-08-20,Warszawa,Polska,Alicante,Hiszpania,ryanair,568.82,PLN,1.000000,price,,,WAW-ALC,2026-08-20T11:32:54Z,2026-08-20T12:23:59Z
2026-08-27,,550.15,WAW,ALC,2026-08-20,Warszawa,Polska,Alicante,Hiszpania,ryanair,550.15,PLN,1.000000,price,,,WAW-ALC,2026-08-20T11:32:54Z,2026-08-20T12:23:59Z
2026-08-28,,825.40,WAW,ALC,2026-08-20,Warszawa,Polska,Alicante,Hiszpania,ryanair,825.4,PLN,1.000000,price,,,WAW-ALC,2026-08-20T11:32:54Z,2026-08-20T12:23:59Z
2026-08-29,,587.25,WAW,ALC,2026-08-20,Warszawa,Polska,Alicante,Hiszpania,ryanair,587.25,PLN,1.000000,price,,,WAW-ALC,2026-08-20T11:32:54Z,2026-08-20T12:23:59Z
2026-08-30,,559.00,WAW,ALC,2026-08-20,Warszawa,Polska,Alicante,Hiszpania,wizzair,559.0,PLN,1.000000,price,IJ,False,WAW-ALC,2026-08-20T11:32:53Z,2026-08-20T12:23:59Z
2026-08-31,,579.13,WAW,ALC,2026-08-20,Warszawa,Polska,Alicante,Hiszpania,ryanair,579.13,PLN,1.000000,price,,,WAW-ALC,2026-08-20T11:32:54Z,2026-08-20T12:23:59Z
2026-08-29,,589.00,WAW,BCN,2026-08-20,Warszawa,Polska,Barcelona,Hiszpania,wizzair,589.0,PLN,1.000000,price,J,False,WAW-BCN,2026-08-20T11:32:53Z,2026-08-20T12:23:59Z
2026-08-30,,659.00,WAW,BCN,2026-08-20,Warszawa,Polska,Barcelona,Hiszpania,wizzair,659.0,PLN,1.000000,price,IJ,False,WAW-BCN,2026-08-20T11:32:53Z,2026-08-20T12:23:59Z
2026-08-31,,589.00,WAW,BCN,2026-08-20,Warszawa,Polska,Barcelona,Hiszpania,wizzair,589.0,PLN,1.000000,price,J,False,WAW-BCN,2026-08-20T11:32:53Z,2026-08-20T12:23:59Z
2026-08-29,,269.00,WAW,BGY,2026-08-20,Warszawa,Polska,Mediolan,Włochy,wizzair,269.0,PLN,1.000000,price,L,False,WAW-BGY,2026-08-20T11:32:53Z,2026-08-20T12:23:59Z
2026-08-30,,319.00,WAW,BGY,2026-08-20,Warszawa,Polska,Mediolan,Włochy,wizzair,319.0,PLN,1.000000,price,K,False,WAW-BGY,2026-08-20T11:32:53Z,2026-08-20T12:23:59Z
2026-08-31,,299.00,WAW,BGY,2026-08-20,Warszawa,Polska,Mediolan,Włochy,wizzair,299.0,PLN,1.000000,price,KL,False,WAW-BGY,2026-08-20T11:32:53Z,2026-08-20T12:23:59Z
2026-08-29,,319.00,WAW,BLQ,2026-08-20,Warszawa,Polska,Bolonia,Włochy,wizzair,319.0,PLN,1.000000,price,K,False,WAW-BLQ,2026-08-20T11:32:53Z,2026-08-20T12:23:59Z
2026-08-30,,319.00,WAW,BLQ,2026-08-20,Warszawa,Polska,Bolonia,Włochy,wizzair,319.0,PLN,1.000000,price,K,False,WAW-BLQ,2026-08-20T11:32:53Z,2026-08-20T12:23:59Z
2026-08-31,,299.00,WAW,BLQ,2026-08-20,Warszawa,Polska,Bolonia,Włochy,wizzair,299.0,PLN,1.000000,price,KL,False,WAW-BLQ,2026-08-20T11:32:53Z,2026-08-20T12:23:59Z
2026-08-29,,249.00,WAW,BOJ,2026-08-20,Warszawa,Polska,Burgas,Bułagria,wizzair,249.0,PLN,1.000000,price,BO,False,WAW-BOJ,2026-08-20T11:32:53Z,2026-08-20T12:23:59Z
2026-08-31,,209.00,WAW,BOJ,2026-08-20,Warszawa,Polska,Burgas,Bułagria,wizzair,209.0,PLN,1.000000,price,OP,False,WAW-BOJ,2026-08-20T11:32:53Z,2026-08-20T12:23:59Z
2026-08-29,,359.00,WAW,BRI,2026-08-20,Warszawa,Polska,Bari,Włochy,wizzair,359.0,PLN,1.000000,price,IJ,False,WAW-BRI,2026-08-20T11:32:53Z,2026-08-20T12:23:59Z
2026-08-30,,319.00,WAW,BRI,2026-08-20,Warszawa,Polska,Bari,Włochy,wizzair,319.0,PLN,1.000000,price,J,False,WAW-BRI,2026-08-20T11:32:53Z,2026-08-20T12:23:59Z
2026-08-29,,209.00,WAW,BTS,2026-08-20,Warszawa,Polska,Bratysława,Słowacja,wizzair,209.0,PLN,1.000000,price,BO,False,WAW-BTS,2026-08-20T11:32:53Z,2026-08-20T12:23:59Z
2026-08-30,,109.00,WAW,BTS,2026-08-20,Warszawa,Polska,Bratysława,Słowacja,wizzair,109.0,PLN,1.000000,price,R,False,WAW-BTS,2026-08-20T11:32:53Z,2026-08-20T12:23:59Z
2026-08-30,,179.00,WAW,BUD,2026-08-20,Warszawa,Polska,Budapeszt,Węgry,wizzair,179.0,PLN,1.000000,price,B,False,WAW-BUD,2026-08-20T11:32:53Z,2026-08-20T12:23:59Z
2026-08-31,,139.00,WAW,BUD,2026-08-20,Warszawa,Polska,Budapeszt,Węgry,wizzair,139.0,PLN,1.000000,price,O,False,WAW-BUD,2026-08-20T11:32:53Z,2026-08-20T12:23:59Z
2026-08-29,,519.00,WAW,CFU,2026-08-20,Warszawa,Polska,Korfu,Grecja,wizzair,519.0,PLN,1.000000,price,J,False,WAW-CFU,2026-08-20T11:32:53Z,2026-08-20T12:23:59Z
2026-08-31,,409.00,WAW,CHQ,2026-08-20,Warszawa,Polska,Chania,Grecja,wizzair,409.0,PLN,1.000000,price,K,False,WAW-CHQ,2026-08-20T11:32:53Z,2026-08-20T12:23:59Z
2026-08-29,,249.00,WAW,CPH,2026-08-20,Warszawa,Polska,Kopenhaga,Dania,wizzair,249.0,PLN,1.000000,price,LB,False,WAW-CPH,2026-08-20T11:32:53Z,2026-08-20T12:23:59Z
2026-08-30,,409.00,WAW,CPH,2026-08-20,Warszawa,Polska,Kopenhaga,Dania,wizzair,409.0,PLN,1.000000,price,J,False,WAW-CPH,2026-08-20T11:32:53Z,2026-08-20T12:23:59Z
2026-08-31,,269.00,WAW,CPH,2026-08-20,Warszawa,Polska,Kopenhaga,Dania,wizzair,269.0,PLN,1.000000,price,L,False,WAW-CPH,2026-08-20T11:32:53Z,2026-08-20T12:23:59Z
2026-08-21,,1434.93,WAW,CRL,2026-08-20,Warszawa,Polska,Charleroi,Belgia,ryanair,1434.93,PLN,1.000000,price,,,WAW-CRL,2026-08-20T11:32:54Z,2026-08-20T12:23:59Z
2026-08-23,,1553.68,WAW,CRL,2026-08-20,Warszawa,Polska,Charleroi,Belgia,ryanair,1553.68,PLN,1.000000,price,,,WAW-CRL,2026-08-20T11:32:54Z,2026-08-20T12:23:59Z
2026-08-24,,1054.33,WAW,CRL,2026-08-20,Warszawa,Polska,Charleroi,Belgia,ryanair,1054.33,PLN,1.000000,price,,,WAW-CRL,2026-08-20T11:32:54Z,2026-08-20T12:23:59Z
2026-08-28,,812.60,WAW,CRL,2026-08-20,Warszawa,Polska,Charleroi,Belgia,ryanair,812.6,PLN,1.000000,price,,,WAW-CRL,2026-08-20T11:32:54Z,2026-08-20T12:23:59Z
2026-08-30,,1055.81,WAW,CRL,2026-08-20,Warszawa,Polska,Charleroi,Belgia,ryanair,1055.81,PLN,1.000000,price,,,WAW-CRL,2026-08-20T11:32:54Z,2026-08-20T12:23:59Z
2026-08-31,,1113.46,WAW,CRL,2026-08-20,Warszawa,Polska,Charleroi,Belgia,ryanair,1113.46,PLN,1.000000,price,,,WAW-CRL,2026-08-20T11:32:54Z,2026-08-20T12:23:59Z
2026-08-29,,249.00,WAW,CTA,2026-08-20,Warszawa,Polska,Katania,Włochy,wizzair,249.0,PLN,1.000000,price,LB,False,WAW-CTA,2026-08-20T11:32:53Z,2026-08-20T12:23:59Z
2026-08-30,,269.00,WAW,CTA,2026-08-20,Warszawa,Polska,Katania,Włochy,wizzair,269.0,PLN,1.000000,price,L,False,WAW-CTA,2026-08-20T11:32:53Z,2026-08-20T12:23:59Z
2026-08-31,,229.00,WAW,CTA,2026-08-20,Warszawa,Polska,Katania,Włochy,wizzair,229.0,PLN,1.000000,price,B,False,WAW-CTA,2026-08-20T11:32:53Z,2026-08-20T12:23:59Z
2026-08-29,,269.00,WAW,DBV,2026-08-20,Warszawa,Polska,Dubrovnik,Chorwacja,wizzair,269.0,PLN,1.000000,price,B,False,WAW-DBV,2026-08-20T11:32:53Z,2026-08-20T12:23:59Z
2026-08-30,,299.00,WAW,DBV,2026-08-20,Warszawa,Polska,Dubrovnik,Chorwacja,wizzair,299.0,PLN,1.000000,price,LB,False,WAW-DBV,2026-08-20T11:32:53Z,2026-08-20T12:23:59Z
2026-08-31,,449.00,WAW,DTM,2026-08-20,Warszawa,Polska,Dortmund,Niemcy,wizzair,449.0,PLN,1.000000,price,IJ,False,WAW-DTM,2026-08-20T11:32:53Z,2026-08-20T12:23:59Z
2026-08-29,,519.00,WAW,FAO,2026-08-20,Warszawa,Polska,Faro,Portugalia,wizzair,519.0,PLN,1.000000,price,J,False,WAW-FAO,2026-08-20T11:32:53Z,2026-08-20T12:23:59Z
2026-08-29,,249.00,WAW,FCO,2026-08-20,Warszawa,Polska,Rzym,Włochy,wizzair,249.0,PLN,1.000000,price,BO,False,WAW-FCO,2026-08-20T11:32:53Z,2026-08-20T12:23:59Z
2026-08-30,,249.00,WAW,FCO,2026-08-20,Warszawa,Polska,Rzym,Włochy,wizzair,249.0,PLN,1.000000,price,BO,False,WAW-FCO,2026-08-20T11:32:53Z,2026-08-20T12:23:59Z
2026-08-31,,229.00,WAW,FCO,2026-08-20,Warszawa,Polska,Rzym,Włochy,wizzair,229.0,PLN,1.000000,price,O,False,WAW-FCO,2026-08-20T11:32:53Z,2026-08-20T12:23:59Z
2026-08-30,,629.00,WAW,FNC,2026-08-20,Warszawa,Polska,Madera,Portugalia,wizzair,629.0,PLN,1.000000,price,JK,False,WAW-FNC,2026-08-20T11:32:53Z,2026-08-20T12:23:59Z
2026-08-29,,179.00,WAW,GHV,2026-08-20,Warszawa,Polska,Braszow,Rumunia,wizzair,179.0,PLN,1.000000,price,O,False,WAW-GHV,2026-08-20T11:32:53Z,2026-08-20T12:23:59Z
2026-08-29,,359.00,WAW,HER,2026-08-20,Warszawa,Polska,Heraklion,Grecja,wizzair,359.0,PLN,1.000000,price,B,False,WAW-HER,2026-08-20T11:32:53Z,2026-08-20T12:23:59Z
2026-08-29,,719.00,WAW,JTR,2026-08-20,Warszawa,Polska,Santorini,Grecja,wizzair,719.0,PLN,1.000000,price,I,False,WAW-JTR,2026-08-20T11:32:53Z,2026-08-20T12:23:59Z
2026-08-29,,539.00,WAW,KEF,2026-08-20,Warszawa,Polska,Reykjavik,Islandia,wizzair,539.0,PLN,1.000000,price,OP,False,WAW-KEF,2026-08-20T11:32:53Z,2026-08-20T12:23:59Z
2026-08-30,,589.00,WAW,KEF,2026-08-20,Warszawa,Polska,Reykjavik,Islandia,wizzair,589.0,PLN,1.000000,price,O,False,WAW-KEF,2026-08-20T11:32:53Z,2026-08-20T12:23:59Z
2026-08-30,,609.00,WAW,KUT,2026-08-20,Warszawa,Polska,Kutaisi,Gruzja,wizzair,609.0,PLN,1.000000,price,I,False,WAW-KUT,2026-08-20T11:32:53Z,2026-08-20T12:23:59Z
2026-08-31,,609.00,WAW,KUT,2026-08-20,Warszawa,Polska,Kutaisi,Gruzja,wizzair,609.0,PLN,1.000000,price,I,False,WAW-KUT,2026-08-20T11:32:53Z,2026-08-20T12:23:59Z
2026-08-20,,1283.65,WAW,LBA,2026-08-20,Warszawa,Polska,Leeds,Wielka Brytania,ryanair,1283.65,PLN,1.000000,price,,,WAW-LBA,2026-08-20T11:32:54Z,2026-08-20T12:23:59Z
2026-08-24,,1223.88,WAW,LBA,2026-08-20,Warszawa,Polska,Leeds,Wielka Brytania,ryanair,1223.88,PLN,1.000000,price,,,WAW-LBA,2026-08-20T11:32:54Z,2026-08-20T12:23:59Z
2026-08-27,,1370.09,WAW,LBA,2026-08-20,Warszawa,Polska,Leeds,Wielka Brytania,ryanair,1370.09,PLN,1.000000,price,,,WAW-LBA,2026-08-20T11:32:54Z,2026-08-20T12:23:59Z
2026-08-29,,1244.75,WAW,LBA,2026-08-20,Warszawa,Polska,Leeds,Wielka Brytania,ryanair,1244.75,PLN,1.000000,price,,,WAW-LBA,2026-08-20T11:32:54Z,2026-08-20T12:23:59Z
2026-08-31,,1205.85,WAW,LBA,2026-08-20,Warszawa,Polska,Leeds,Wielka Brytania,ryanair,1205.85,PLN,1.000000,price,,,WAW-LBA,2026-08-20T11:32:54Z,2026-08-20T12:23:59Z
2026-08-29,,679.00,WAW,LCA,2026-08-20,Warszawa,Polska,Larnaka,Cypr,wizzair,679.0,PLN,1.000000,price,HI,False,WAW-LCA,2026-08-20T11:32:53Z,2026-08-20T12:23:59Z
2026-08-30,,609.00,WAW,LCA,2026-08-20,Warszawa,Polska,Larnaka,Cypr,wizzair,609.0,PLN,1.000000,price,I,False,WAW-LCA,2026-08-20T11:32:53Z,2026-08-20T12:23:59Z
2026-08-31,,809.00,WAW,LIS,2026-08-20,Warszawa,Polska,Lizbona,Portugalia,wizzair,809.0,PLN,1.000000,price,HI,False,WAW-LIS,2026-08-20T11:32:53Z,2026-08-20T12:23:59Z
2026-08-29,,969.00,WAW,LON,2026-08-20,Warszawa,Polska,Londyn,Wielka Brytania,wizzair,969.0,PLN,1.000000,price,GF,False,WAW-LON,2026-08-20T11:32:53Z,2026-08-20T12:23:59Z
2026-08-30,,1149.00,WAW,LON,2026-08-20,Warszawa,Polska,Londyn,Wielka Brytania,wizzair,1149.0,PLN,1.000000,price,FE,False,WAW-LON,2026-08-20T11:32:53Z,2026-08-20T12:23:59Z
2026-08-31,,1269.00,WAW,LON,2026-08-20,Warszawa,Polska,Londyn,Wielka Brytania,wizzair,1269.0,PLN,1.000000,price,E,False,WAW-LON,2026-08-20T11:32:53Z,2026-08-20T12:23:59Z
2026-08-29,,969.00,WAW,LTN,2026-08-20,Warszawa,Polska,Londyn,Wielka Brytania,wizzair,969.0,PLN,1.000000,price,GF,False,WAW-LTN,2026-08-20T11:32:53Z,2026-08-20T12:23:59Z
2026-08-30,,1149.00,WAW,LTN,2026-08-20,Warszawa,Polska,Londyn,Wielka Brytania,wizzair,1149.0,PLN,1.000000,price,FE,False,WAW-LTN,2026-08-20T11:32:53Z,2026-08-20T12:23:59Z
2026-08-31,,1269.00,WAW,LTN,2026-08-20,Warszawa,Polska,Londyn,Wielka Brytania,wizzair,1269.0,PLN,1.000000,price,E,False,WAW-LTN,2026-08-20T11:32:53Z,2026-08-20T12:23:59Z
2026-08-31,,559.00,WAW,MAD,2026-08-20,Warszawa,Polska,Madryt,Hiszpania,wizzair,559.0,PLN,1.000000,price,IJ,False,WAW-MAD,2026-08-20T11:32:53Z,2026-08-20T12:23:59Z
2026-08-30,,229.00,WAW,MAH,2026-08-20,Warszawa,Polska,Minorka,Hiszpania,wizzair,229.0,PLN,1.000000,price,O,False,WAW-MAH,2026-08-20T11:32:53Z,2026-08-20T12:23:59Z
2026-08-23,,1626.90,WAW,MAN,2026-08-20,Warszawa,Polska,Manchester,Wielka Brytania,ryanair,1626.9,PLN,1.000000,price,,,WAW-MAN,2026-08-20T11:32:54Z,2026-08-20T12:23:59Z
2026-08-28,,1262.67,WAW,MAN,2026-08-20,Warszawa,Polska,Manchester,Wielka Brytania,ryanair,1262.67,PLN,1.000000,price,,,WAW-MAN,2026-08-20T11:32:54Z,2026-08-20T12:23:59Z
2026-08-30,,1000.87,WAW,MAN,2026-08-20,Warszawa,Polska,Manchester,Wielka Brytania,ryanair,1000.87,PLN,1.000000,price,,,WAW-MAN,2026-08-20T11:32:54Z,2026-08-20T12:23:59Z
2026-08-31,,1340.24,WAW,MAN,2026-08-20,Warszawa,Polska,Manchester,Wielka Brytania,ryanair,1340.24,PLN,1.000000,price,,,WAW-MAN,2026-08-20T11:32:54Z,2026-08-20T12:23:59Z
2026-08-29,,269.00,WAW,MIL,2026-08-20,Warszawa,Polska,Mediolan,Włochy,wizzair,269.0,PLN,1.000000,price,L,True,WAW-MIL,2026-08-20T11:32:53Z,2026-08-20T12:23:59Z
2026-08-30,,319.00,WAW,MIL,2026-08-20,Warszawa,Polska,Mediolan,Włochy,wizzair,319.0,PLN,1.000000,price,K,True,WAW-MIL,2026-08-20T11:32:53Z,2026-08-20T12:23:59Z
2026-08-31,,229.00,WAW,MIL,2026-08-20,Warszawa,Polska,Mediolan,Włochy,wizzair,229.0,PLN,1.000000,price,B,True,WAW-MIL,2026-08-20T11:32:53Z,2026-08-20T12:23:59Z
2026-08-29,,319.00,WAW,MLA,2026-08-20,Warszawa,Polska,Valletta,Malta,wizzair,319.0,PLN,1.000000,price,L,False,WAW-MLA,2026-08-20T11:32:53Z,2026-08-20T12:23:59Z
2026-08-30,,359.00,WAW,MLA,2026-08-20,Warszawa,Polska,Valletta,Malta,wizzair,359.0,PLN,1.000000,price,KL,False,WAW-MLA,2026-08-20T11:32:53Z,2026-08-20T12:23:59Z
2026-08-31,,299.00,WAW,MLA,2026-08-20,Warszawa,Polska,Valletta,Malta,wizzair,299.0,PLN,1.000000,price,LB,False,WAW-MLA,2026-08-20T11:32:53Z,2026-08-20T12:23:59Z
2026-08-29,,359.00,WAW,MXP,2026-08-20,Warszawa,Polska,Mediolan,Włochy,wizzair,359.0,PLN,1.000000,price,JK,False,WAW-MXP,2026-08-20T11:32:53Z,2026-08-20T12:23:59Z
2026-08-30,,409.00,WAW,MXP,2026-08-20,Warszawa,Polska,Mediolan,Włochy,wizzair,409.0,PLN,1.000000,price,J,False,WAW-MXP,2026-08-20T11:32:53Z,2026-08-20T12:23:59Z
2026-08-31,,229.00,WAW,MXP,2026-08-20,Warszawa,Polska,Mediolan,Włochy,wizzair,229.0,PLN,1.000000,price,B,False,WAW-MXP,2026-08-20T11:32:53Z,2026-08-20T12:23:59Z
2026-08-29,,449.00,WAW,NAP,2026-08-20,Warszawa,Polska,Neapol,Włochy,wizzair,449.0,PLN,1.000000,price,IJ,False,WAW-NAP,2026-08-20T11:32:53Z,2026-08-20T12:23:59Z
2026-08-30,,449.00,WAW,NAP,2026-08-20,Warszawa,Polska,Neapol,Włochy,wizzair,449.0,PLN,1.000000,price,IJ,False,WAW-NAP,2026-08-20T11:32:53Z,2026-08-20T12:23:59Z
2026-08-31,,409.00,WAW,NAP,2026-08-20,Warszawa,Polska,Neapol,Włochy,wizzair,409.0,PLN,1.000000,price,J,False,WAW-NAP,2026-08-20T11:32:53Z,2026-08-20T12:23:59Z
2026-08-29,,519.00,WAW,NCE,2026-08-20,Warszawa,Polska,Nicea,Francja,wizzair,519.0,PLN,1.000000,price,J,False,WAW-NCE,2026-08-20T11:32:53Z,2026-08-20T12:23:59Z
2026-08-30,,519.00,WAW,NCE,2026-08-20,Warszawa,Polska,Nicea,Francja,wizzair,519.0,PLN,1.000000,price,J,False,WAW-NCE,2026-08-20T11:32:53Z,2026-08-20T12:23:59Z
2026-08-31,,519.00,WAW,NCE,2026-08-20,Warszawa,Polska,Nicea,Francja,wizzair,519.0,PLN,1.000000,price,J,False,WAW-NCE,2026-08-20T11:32:53Z,2026-08-20T12:23:59Z
2026-08-30,,269.00,WAW,NYO,2026-08-20,Warszawa,Polska,Sztokholm Skavsta,Szwecja,wizzair,269.0,PLN,1.000000,price,K,False,WAW-NYO,2026-08-20T11:32:53Z,2026-08-20T12:23:59Z
2026-08-31,,179.00,WAW,NYO,2026-08-20,Warszawa,Polska,Sztokholm Skavsta,Szwecja,wizzair,179.0,PLN,1.000000,price,B,False,WAW-NYO,2026-08-20T11:32:53Z,2026-08-20T12:23:59Z
2026-08-30,,559.00,WAW,OLB,2026-08-20,Warszawa,Polska,Olbia,Włochy,wizzair,559.0,PLN,1.000000,price,IJ,False,WAW-OLB,2026-08-20T11:32:53Z,2026-08-20T12:23:59Z
2026-08-29,,249.00,WAW,OOS,2026-08-20,Warszawa,Polska,Oslo (Wszystkie lotniska),Norwegia,wizzair,249.0,PLN,1.000000,price,LB,False,WAW-OOS,2026-08-20T11:32:53Z,2026-08-20T12:23:59Z
2026-08-30,,449.00,WAW,OOS,2026-08-20,Warszawa,Polska,Oslo (Wszystkie lotniska),Norwegia,wizzair,449.0,PLN,1.000000,price,IJ,False,WAW-OOS,2026-08-20T11:32:53Z,2026-08-20T12:23:59Z
2026-08-31,,299.00,WAW,OOS,2026-08-20,Warszawa,Polska,Oslo (Wszystkie lotniska),Norwegia,wizzair,299.0,PLN,1.000000,price,KL,False,WAW-OOS,2026-08-20T11:32:53Z,2026-08-20T12:23:59Z
2026-08-20,,788.88,WAW,OPO,2026-08-20,Warszawa,Polska,Porto,Portugalia,ryanair,788.88,PLN,1.000000,price,,,WAW-OPO,2026-08-20T11:32:54Z,2026-08-20T12:23:59Z
2026-08-23,,275.49,WAW,OPO,2026-08-20,Warszawa,Polska,Porto,Portugalia,ryanair,275.49,PLN,1.000000,price,,,WAW-OPO,2026-08-20T11:32:54Z,2026-08-20T12:23:59Z
2026-08-27,,545.90,WAW,OPO,2026-08-20,Warszawa,Polska,Porto,Portugalia,ryanair,545.9,PLN,1.000000,price,,,WAW-OPO,2026-08-20T11:32:54Z,2026-08-20T12:23:59Z
2026-08-30,,482.05,WAW,OPO,2026-08-20,Warszawa,Polska,Porto,Portugalia,ryanair,482.05,PLN,1.000000,price,,,WAW-OPO,2026-08-20T11:32:54Z,2026-08-20T12:23:59Z
2026-08-29,,809.00,WAW,ORY,2026-08-20,Warszawa,Polska,Paryż,Francja,wizzair,809.0,PLN,1.000000,price,HI,False,WAW-ORY,2026-08-20T11:32:53Z,2026-08-20T12:23:59Z
2026-08-30,,809.00,WAW,ORY,2026-08-20,Warszawa,Polska,Paryż,Francja,wizzair,809.0,PLN,1.000000,price,HI,False,WAW-ORY,2026-08-20T11:32:53Z,2026-08-20T12:23:59Z
2026-08-29,,809.00,WAW,PAR,2026-08-20,Warszawa,Polska,Paryż,Francja,wizzair,809.0,PLN,1.000000,price,HI,False,WAW-PAR,2026-08-20T11:32:53Z,2026-08-20T12:23:59Z
2026-08-30,,809.00,WAW,PAR,2026-08-20,Warszawa,Polska,Paryż,Francja,wizzair,809.0,PLN,1.000000,price,HI,False,WAW-PAR,2026-08-20T11:32:53Z,2026-08-20T12:23:59Z
2026-08-21,,891.96,WAW,PFO,2026-08-20,Warszawa,Polska,Pafos,Cypr,ryanair,891.96,PLN,1.000000,price,,,WAW-PFO,2026-08-20T11:32:54Z,2026-08-20T12:23:59Z
2026-08-23,,1230.65,WAW,PFO,2026-08-20,Warszawa,Polska,Pafos,Cypr,ryanair,1230.65,PLN,1.000000,price,,,WAW-PFO,2026-08-20T11:32:54Z,2026-08-20T12:23:59Z
2026-08-28,,285.78,WAW,PFO,2026-08-20,Warszawa,Polska,Pafos,Cypr,ryanair,285.78,PLN,1.000000,price,,,WAW-PFO,2026-08-20T11:32:54Z,2026-08-20T12:23:59Z
2026-08-30,,253.11,WAW,PFO,2026-08-20,Warszawa,Polska,Pafos,Cypr,ryanair,253.11,PLN,1.000000,price,,,WAW-PFO,2026-08-20T11:32:54Z,2026-08-20T12:23:59Z
2026-08-20,,1406.81,WAW,PMI,2026-08-20,Warszawa,Polska,Majorka,Hiszpania,ryanair,1406.81,PLN,1.000000,price,,,WAW-PMI,2026-08-20T11:32:54Z,2026-08-20T12:23:59Z
2026-08-21,,942.20,WAW,PMI,2026-08-20,Warszawa,Polska,Majorka,Hiszpania,ryanair,942.2,PLN,1.000000,price,,,WAW-PMI,2026-08-20T11:32:54Z,2026-08-20T12:23:59Z
2026-08-23,,587.25,WAW,PMI,2026-08-20,Warszawa,Polska,Majorka,Hiszpania,ryanair,587.25,PLN,1.000000,price,,,WAW-PMI,2026-08-20T11:32:54Z,2026-08-20T12:23:59Z
2026-08-25,,272.26,WAW,PMI,2026-08-20,Warszawa,Polska,Majorka,Hiszpania,ryanair,272.26,PLN,1.000000,price,,,WAW-PMI,2026-08-20T11:32:54Z,2026-08-20T12:23:59Z
2026-08-27,,210.87,WAW,PMI,2026-08-20,Warszawa,Polska,Majorka,Hiszpania,ryanair,210.87,PLN,1.000000,price,,,WAW-PMI,2026-08-20T11:32:54Z,2026-08-20T12:23:59Z
2026-08-28,,434.00,WAW,PMI,2026-08-20,Warszawa,Polska,Majorka,Hiszpania,ryanair,434.0,PLN,1.000000,price,,,WAW-PMI,2026-08-20T11:32:54Z,2026-08-20T12:23:59Z
2026-08-29,,319.00,WAW,PMI,2026-08-20,Warszawa,Polska,Majorka,Hiszpania,wizzair,319.0,PLN,1.000000,price,L,False,WAW-PMI,2026-08-20T11:32:53Z,2026-08-20T12:23:59Z
2026-08-30,,142.72,WAW,PMI,2026-08-20,Warszawa,Polska,Majorka,Hiszpania,ryanair,142.72,PLN,1.000000,price,,,WAW-PMI,2026-08-20T11:32:54Z,2026-08-20T12:23:59Z
2026-08-20,,625.00,WAW,PSA,2026-08-20,Warszawa,Polska,Piza,Włochy,ryanair,625.0,PLN,1.000000,price,,,WAW-PSA,2026-08-20T11:32:54Z,2026-08-20T12:23:59Z
2026-08-23,,881.69,WAW,PSA,2026-08-20,Warszawa,Polska,Piza,Włochy,ryanair,881.69,PLN,1.000000,price,,,WAW-PSA,2026-08-20T11:32:54Z,2026-08-20T12:23:59Z
2026-08-25,,382.32,WAW,PSA,2026-08-20,Warszawa,Polska,Piza,Włochy,ryanair,382.32,PLN,1.000000,price,,,WAW-PSA,2026-08-20T11:32:54Z,2026-08-20T12:23:59Z
2026-08-27,,275.77,WAW,PSA,2026-08-20,Warszawa,Polska,Piza,Włochy,ryanair,275.77,PLN,1.000000,price,,,WAW-PSA,2026-08-20T11:32:54Z,2026-08-20T12:23:59Z
2026-08-29,,409.00,WAW,PSA,2026-08-20,Warszawa,Polska,Piza,Włochy,wizzair,409.0,PLN,1.000000,price,J,False,WAW-PSA,2026-08-20T11:32:53Z,2026-08-20T12:23:59Z
2026-08-30,,468.93,WAW,PSA,2026-08-20,Warszawa,Polska,Piza,Włochy,ryanair,468.93,PLN,1.000000,price,,,WAW-PSA,2026-08-20T11:32:54Z,2026-08-20T12:23:59Z
2026-08-30,,249.00,WAW,RHO,2026-08-20,Warszawa,Polska,Rodos,Grecja,wizzair,249.0,PLN,1.000000,price,PR,False,WAW-RHO,2026-08-20T11:32:53Z,2026-08-20T12:23:59Z
2026-08-31,,299.00,WAW,RHO,2026-08-20,Warszawa,Polska,Rodos,Grecja,wizzair,299.0,PLN,1.000000,price,OP,False,WAW-RHO,2026-08-20T11:32:53Z,2026-08-20T12:23:59Z
2026-08-29,,249.00,WAW,ROM,2026-08-20,Warszawa,Polska,Rzym,Włochy,wizzair,249.0,PLN,1.000000,price,BO,True,WAW-ROM,2026-08-20T11:32:53Z,2026-08-20T12:23:59Z
2026-08-30,,249.00,WAW,ROM,2026-08-20,Warszawa,Polska,Rzym,Włochy,wizzair,249.0,PLN,1.000000,price,BO,True,WAW-ROM,2026-08-20T11:32:53Z,2026-08-20T12:23:59Z
2026-08-31,,229.00,WAW,ROM,2026-08-20,Warszawa,Polska,Rzym,Włochy,wizzair,229.0,PLN,1.000000,price,O,True,WAW-ROM,2026-08-20T11:32:53Z,2026-08-20T12:23:59Z
2026-08-29,,89.00,WAW,SOF,2026-08-20,Warszawa,Polska,Sofia,Bułagria,wizzair,89.0,PLN,1.000000,price,R,False,WAW-SOF,2026-08-20T11:32:53Z,2026-08-20T12:23:59Z
2026-08-30,,109.00,WAW,SOF,2026-08-20,Warszawa,Polska,Sofia,Bułagria,wizzair,109.0,PLN,1.000000,price,PR,False,WAW-SOF,2026-08-20T11:32:53Z,2026-08-20T12:23:59Z
2026-08-31,,109.00,WAW,SOF,2026-08-20,Warszawa,Polska,Sofia,Bułagria,wizzair,109.0,PLN,1.000000,price,P,False,WAW-SOF,2026-08-20T11:32:53Z,2026-08-20T12:23:59Z
2026-08-31,,409.00,WAW,SPU,2026-08-20,Warszawa,Polska,Split,Chorwacja,wizzair,409.0,PLN,1.000000,price,K,False,WAW-SPU,2026-08-20T11:32:53Z,2026-08-20T12:23:59Z
2026-08-30,,269.00,WAW,STO,2026-08-20,Warszawa,Polska,Sztokholm,Szwecja,wizzair,269.0,PLN,1.000000,price,K,False,WAW-STO,2026-08-20T11:32:53Z,2026-08-20T12:23:59Z
2026-08-31,,179.00,WAW,STO,2026-08-20,Warszawa,Polska,Sztokholm,Szwecja,wizzair,179.0,PLN,1.000000,price,B,False,WAW-STO,2026-08-20T11:32:53Z,2026-08-20T12:23:59Z
2026-08-31,,249.00,WAW,SUF,2026-08-20,Warszawa,Polska,Lamezia Terme,Włochy,wizzair,249.0,PLN,1.000000,price,LB,False,WAW-SUF,2026-08-20T11:32:53Z,2026-08-20T12:23:59Z
2026-08-22,,277.33,WAW,SVQ,2026-08-20,Warszawa,Polska,Sewilla,Hiszpania,ryanair,277.33,PLN,1.000000,price,,,WAW-SVQ,2026-08-20T11:32:54Z,2026-08-20T12:23:59Z
2026-08-26,,305.94,WAW,SVQ,2026-08-20,Warszawa,Polska,Sewilla,Hiszpania,ryanair,305.94,PLN,1.000000,price,,,WAW-SVQ,2026-08-20T11:32:54Z,2026-08-20T12:23:59Z
2026-08-29,,305.94,WAW,SVQ,2026-08-20,Warszawa,Polska,Sewilla,Hiszpania,ryanair,305.94,PLN,1.000000,price,,,WAW-SVQ,2026-08-20T11:32:54Z,2026-08-20T12:23:59Z
2026-08-31,,519.00,WAW,SVQ,2026-08-20,Warszawa,Polska,Sewilla,Hiszpania,wizzair,519.0,PLN,1.000000,price,I,False,WAW-SVQ,2026-08-20T11:32:53Z,2026-08-20T12:23:59Z
2026-08-29,,359.00,WAW,TGD,2026-08-20,Warszawa,Polska,Podgorica,Czarnogóra,wizzair,359.0,PLN,1.000000,price,B,False,WAW-TGD,2026-08-20T11:32:53Z,2026-08-20T12:23:59Z
2026-08-21,,565.00,WAW,TIA,2026-08-20,Warszawa,Polska,Tirana,Albania,ryanair,565.0,PLN,1.000000,price,,,WAW-TIA,2026-08-20T11:32:54Z,2026-08-20T12:23:59Z
2026-08-24,,349.03,WAW,TIA,2026-08-20,Warszawa,Polska,Tirana,Albania,ryanair,349.03,PLN,1.000000,price,,,WAW-TIA,2026-08-20T11:32:54Z,2026-08-20T12:23:59Z
2026-08-28,,258.53,WAW,TIA,2026-08-20,Warszawa,Polska,Tirana,Albania,ryanair,258.53,PLN,1.000000,price,,,WAW-TIA,2026-08-20T11:32:54Z,2026-08-20T12:23:59Z
2026-08-31,,153.00,WAW,TIA,2026-08-20,Warszawa,Polska,Tirana,Albania,ryanair,153.0,PLN,1.000000,price,,,WAW-TIA,2026-08-20T11:32:54Z,2026-08-20T12:23:59Z
2026-08-29,,209.00,WAW,TLL,2026-08-20,Warszawa,Polska,Tallinn,Estonia,wizzair,209.0,PLN,1.000000,price,BO,False,WAW-TLL,2026-08-20T11:32:53Z,2026-08-20T12:23:59Z
2026-08-30,,359.00,WAW,TLL,2026-08-20,Warszawa,Polska,Tallinn,Estonia,wizzair,359.0,PLN,1.000000,price,JK,False,WAW-TLL,2026-08-20T11:32:53Z,2026-08-20T12:23:59Z
2026-08-31,,139.00,WAW,TLL,2026-08-20,Warszawa,Polska,Tallinn,Estonia,wizzair,139.0,PLN,1.000000,price,P,False,WAW-TLL,2026-08-20T11:32:53Z,2026-08-20T12:23:59Z
2026-08-30,,1809.00,WAW,TLV,2026-08-20,Warszawa,Polska,Tel Awiw,Izrael,wizzair,1809.0,PLN,1.000000,price,E,False,WAW-TLV,2026-08-20T11:32:53Z,2026-08-20T12:23:59Z
2026-08-31,,1669.00,WAW,TLV,2026-08-20,Warszawa,Polska,Tel Awiw,Izrael,wizzair,1669.0,PLN,1.000000,price,FE,False,WAW-TLV,2026-08-20T11:32:53Z,2026-08-20T12:23:59Z
2026-08-29,,249.00,WAW,TRF,2026-08-20,Warszawa,Polska,Oslo,Norwegia,wizzair,249.0,PLN,1.000000,price,LB,False,WAW-TRF,2026-08-20T11:32:53Z,2026-08-20T12:23:59Z
2026-08-30,,449.00,WAW,TRF,2026-08-20,Warszawa,Polska,Oslo,Norwegia,wizzair,449.0,PLN,1.000000,price,IJ,False,WAW-TRF,2026-08-20T11:32:53Z,2026-08-20T12:23:59Z
2026-08-31,,299.00,WAW,TRF,2026-08-20,Warszawa,Polska,Oslo,Norwegia,wizzair,299.0,PLN,1.000000,price,KL,False,WAW-TRF,2026-08-20T11:32:53Z,2026-08-20T12:23:59Z
2026-08-30,,359.00,WAW,VCE,2026-08-20,Warszawa,Polska,Wenecja,Włochy,wizzair,359.0,PLN,1.000000,price,JK,False,WAW-VCE,2026-08-20T11:32:53Z,2026-08-20T12:23:59Z
2026-08-31,,319.00,WAW,VCE,2026-08-20,Warszawa,Polska,Wenecja,Włochy,wizzair,319.0,PLN,1.000000,price,K,False,WAW-VCE,2026-08-20T11:32:53Z,2026-08-20T12:23:59Z
2026-08-30,,359.00,WAW,VEN,2026-08-20,Warszawa,Polska,Wenecja,Włochy,wizzair,359.0,PLN,1.000000,price,JK,False,WAW-VEN,2026-08-20T11:32:53Z,2026-08-20T12:23:59Z
2026-08-31,,319.00,WAW,VEN,2026-08-20,Warszawa,Polska,Wenecja,Włochy,wizzair,319.0,PLN,1.000000,price,K,False,WAW-VEN,2026-08-20T11:32:53Z,2026-08-20T12:23:59Z
2026-08-21,,1066.46,WAW,VIE,2026-08-20,Warszawa,Polska,Wiedeń,Austria,ryanair,1066.46,PLN,1.000000,price,,,WAW-VIE,2026-08-20T11:32:54Z,2026-08-20T12:23:59Z
2026-08-22,,681.59,WAW,VIE,2026-08-20,Warszawa,Polska,Wiedeń,Austria,ryanair,681.59,PLN,1.000000,price,,,WAW-VIE,2026-08-20T11:32:54Z,2026-08-20T12:23:59Z
2026-08-23,,310.25,WAW,VIE,2026-08-20,Warszawa,Polska,Wiedeń,Austria,ryanair,310.25,PLN,1.000000,price,,,WAW-VIE,2026-08-20T11:32:54Z,2026-08-20T12:23:59Z
2026-08-24,,280.90,WAW,VIE,2026-08-20,Warszawa,Polska,Wiedeń,Austria,ryanair,280.9,PLN,1.000000,price,,,WAW-VIE,2026-08-20T11:32:54Z,2026-08-20T12:23:59Z
2026-08-28,,374.89,WAW,VIE,2026-08-20,Warszawa,Polska,Wiedeń,Austria,ryanair,374.89,PLN,1.000000,price,,,WAW-VIE,2026-08-20T11:32:54Z,2026-08-20T12:23:59Z
2026-08-29,,268.51,WAW,VIE,2026-08-20,Warszawa,Polska,Wiedeń,Austria,ryanair,268.51,PLN,1.000000,price,,,WAW-VIE,2026-08-20T11:32:54Z,2026-08-20T12:23:59Z
2026-08-30,,249.91,WAW,VIE,2026-08-20,Warszawa,Polska,Wiedeń,Austria,ryanair,249.91,PLN,1.000000,price,,,WAW-VIE,2026-08-20T11:32:54Z,2026-08-20T12:23:59Z
2026-08-31,,310.25,WAW,VIE,2026-08-20,Warszawa,Polska,Wiedeń,Austria,ryanair,310.25,PLN,1.000000,price,,,WAW-VIE,2026-08-20T11:32:54Z,2026-08-20T12:23:59Z
2026-08-30,,679.00,WAW,VLC,2026-08-20,Warszawa,Polska,Valencia,Hiszpania,wizzair,679.0,PLN,1.000000,price,HI,False,WAW-VLC,2026-08-20T11:32:53Z,2026-08-20T12:23:59Z
2026-08-31,,679.00,WAW,VLC,2026-08-20,Warszawa,Polska,Valencia,Hiszpania,wizzair,679.0,PLN,1.000000,price,HI,False,WAW-VLC,2026-08-20T11:32:53Z,2026-08-20T12:23:59Z
2026-08-29,,229.00,WAW,ZAD,2026-08-20,Warszawa,Polska,Zadar,Chorwacja,wizzair,229.0,PLN,1.000000,price,O,False,WAW-ZAD,2026-08-20T11:32:53Z,2026-08-20T12:23:59Z
2026-08-30,,209.00,WAW,ZAD,2026-08-20,Warszawa,Polska,Zadar,Chorwacja,wizzair,209.0,PLN,1.000000,price,OP,False,WAW-ZAD,2026-08-20T11:32:53Z,2026-08-20T12:23:59Z
2026-08-29,,409.00,WAW,ZTH,2026-08-20,Warszawa,Polska,Zakynthos,Grecja,wizzair,409.0,PLN,1.000000,price,B,False,WAW-ZTH,2026-08-20T11:32:53Z,2026-08-20T12:23:59Z
2026-08-30,,409.00,WAW,ZTH,2026-08-20,Warszawa,Polska,Zakynthos,Grecja,wizzair,409.0,PLN,1.000000,price,B,False,WAW-ZTH,2026-08-20T11:32:53Z,2026-08-20T12:23:59Z
2026-08-21,,678.54,WMI,AGP,2026-08-20,Warszawa,Polska,Malaga,Hiszpania,ryanair,678.54,PLN,1.000000,price,,,WMI-AGP,2026-08-20T11:32:54Z,2026-08-20T12:23:59Z
2026-08-22,,790.92,WMI,AGP,2026-08-20,Warszawa,Polska,Malaga,Hiszpania,ryanair,790.92,PLN,1.000000,price,,,WMI-AGP,2026-08-20T11:32:54Z,2026-08-20T12:23:59Z
2026-08-25,,1129.24,WMI,AGP,2026-08-20,Warszawa,Polska,Malaga,Hiszpania,ryanair,1129.24,PLN,1.000000,price,,,WMI-AGP,2026-08-20T11:32:54Z,2026-08-20T12:23:59Z
2026-08-26,,450.32,WMI,AGP,2026-08-20,Warszawa,Polska,Malaga,Hiszpania,ryanair,450.32,PLN,1.000000,price,,,WMI-AGP,2026-08-20T11:32:54Z,2026-08-20T12:23:59Z
2026-08-28,,430.92,WMI,AGP,2026-08-20,Warszawa,Polska,Malaga,Hiszpania,ryanair,430.92,PLN,1.000000,price,,,WMI-AGP,2026-08-20T11:32:54Z,2026-08-20T12:23:59Z
2026-08-29,,363.02,WMI,AGP,2026-08-20,Warszawa,Polska,Malaga,Hiszpania,ryanair,363.02,PLN,1.000000,price,,,WMI-AGP,2026-08-20T11:32:54Z,2026-08-20T12:23:59Z
2026-08-23,,491.96,WMI,AHO,2026-08-20,Warszawa,Polska,Alghero,Włochy,ryanair,491.96,PLN,1.000000,price,,,WMI-AHO,2026-08-20T11:32:54Z,2026-08-20T12:23:59Z
2026-08-26,,159.05,WMI,AHO,2026-08-20,Warszawa,Polska,Alghero,Włochy,ryanair,159.05,PLN,1.000000,price,,,WMI-AHO,2026-08-20T11:32:54Z,2026-08-20T12:23:59Z
2026-08-27,,207.81,WMI,AHO,2026-08-20,Warszawa,Polska,Alghero,Włochy,ryanair,207.81,PLN,1.000000,price,,,WMI-AHO,2026-08-20T11:32:54Z,2026-08-20T12:23:59Z
2026-08-29,,229.00,WMI,AHO,2026-08-20,Warszawa,Polska,Alghero,Włochy,wizzair,229.0,PLN,1.000000,price,B,False,WMI-AHO,2026-08-20T11:32:53Z,2026-08-20T12:23:59Z
2026-08-30,,187.07,WMI,AHO,2026-08-20,Warszawa,Polska,Alghero,Włochy,ryanair,187.07,PLN,1.000000,price,,,WMI-AHO,2026-08-20T11:32:54Z,2026-08-20T12:23:59Z
2026-08-21,,691.51,WMI,ALC,2026-08-20,Warszawa,Polska,Alicante,Hiszpania,ryanair,691.51,PLN,1.000000,price,,,WMI-ALC,2026-08-20T11:32:54Z,2026-08-20T12:23:59Z
2026-08-23,,941.12,WMI,ALC,2026-08-20,Warszawa,Polska,Alicante,Hiszpania,ryanair,941.12,PLN,1.000000,price,,,WMI-ALC,2026-08-20T11:32:54Z,2026-08-20T12:23:59Z
2026-08-26,,538.66,WMI,ALC,2026-08-20,Warszawa,Polska,Alicante,Hiszpania,ryanair,538.66,PLN,1.000000,price,,,WMI-ALC,2026-08-20T11:32:54Z,2026-08-20T12:23:59Z
2026-08-27,,501.33,WMI,ALC,2026-08-20,Warszawa,Polska,Alicante,Hiszpania,ryanair,501.33,PLN,1.000000,price,,,WMI-ALC,2026-08-20T11:32:54Z,2026-08-20T12:23:59Z
2026-08-28,,600.74,WMI,ALC,2026-08-20,Warszawa,Polska,Alicante,Hiszpania,ryanair,600.74,PLN,1.000000,price,,,WMI-ALC,2026-08-20T11:32:54Z,2026-08-20T12:23:59Z
2026-08-30,,486.94,WMI,ALC,2026-08-20,Warszawa,Polska,Alicante,Hiszpania,ryanair,486.94,PLN,1.000000,price,,,WMI-ALC,2026-08-20T11:32:54Z,2026-08-20T12:23:59Z
2026-08-20,,976.12,WMI,ARN,2026-08-20,Warszawa,Polska,Sztokholm,Szwecja,ryanair,976.12,PLN,1.000000,price,,,WMI-ARN,2026-08-20T11:32:54Z,2026-08-20T12:23:59Z
2026-08-22,,661.14,WMI,ARN,2026-08-20,Warszawa,Polska,Sztokholm,Szwecja,ryanair,661.14,PLN,1.000000,price,,,WMI-ARN,2026-08-20T11:32:54Z,2026-08-20T12:23:59Z
2026-08-23,,1488.45,WMI,ARN,2026-08-20,Warszawa,Polska,Sztokholm,Szwecja,ryanair,1488.45,PLN,1.000000,price,,,WMI-ARN,2026-08-20T11:32:54Z,2026-08-20T12:23:59Z
2026-08-24,,471.73,WMI,ARN,2026-08-20,Warszawa,Polska,Sztokholm,Szwecja,ryanair,471.73,PLN,1.000000,price,,,WMI-ARN,2026-08-20T11:32:54Z,2026-08-20T12:23:59Z
2026-08-25,,102.49,WMI,ARN,2026-08-20,Warszawa,Polska,Sztokholm,Szwecja,ryanair,102.49,PLN,1.000000,price,,,WMI-ARN,2026-08-20T11:32:54Z,2026-08-20T12:23:59Z
2026-08-27,,220.77,WMI,ARN,2026-08-20,Warszawa,Polska,Sztokholm,Szwecja,ryanair,220.77,PLN,1.000000,price,,,WMI-ARN,2026-08-20T11:32:54Z,2026-08-20T12:23:59Z
2026-08-29,,117.66,WMI,ARN,2026-08-20,Warszawa,Polska,Sztokholm,Szwecja,ryanair,117.66,PLN,1.000000,price,,,WMI-ARN,2026-08-20T11:32:54Z,2026-08-20T12:23:59Z
2026-08-30,,808.37,WMI,ARN,2026-08-20,Warszawa,Polska,Sztokholm,Szwecja,ryanair,808.37,PLN,1.000000,price,,,WMI-ARN,2026-08-20T11:32:54Z,2026-08-20T12:23:59Z
2026-08-31,,79.00,WMI,ARN,2026-08-20,Warszawa,Polska,Sztokholm,Szwecja,ryanair,79.0,PLN,1.000000,price,,,WMI-ARN,2026-08-20T11:32:54Z,2026-08-20T12:23:59Z
2026-08-20,,705.00,WMI,ATH,2026-08-20,Warszawa,Polska,Ateny,Grecja,ryanair,705.0,PLN,1.000000,price,,,WMI-ATH,2026-08-20T11:32:54Z,2026-08-20T12:23:59Z
2026-08-21,,514.26,WMI,ATH,2026-08-20,Warszawa,Polska,Ateny,Grecja,ryanair,514.26,PLN,1.000000,price,,,WMI-ATH,2026-08-20T11:32:54Z,2026-08-20T12:23:59Z
2026-08-23,,1007.03,WMI,ATH,2026-08-20,Warszawa,Polska,Ateny,Grecja,ryanair,1007.03,PLN,1.000000,price,,,WMI-ATH,2026-08-20T11:32:54Z,2026-08-20T12:23:59Z
2026-08-24,,618.03,WMI,ATH,2026-08-20,Warszawa,Polska,Ateny,Grecja,ryanair,618.03,PLN,1.000000,price,,,WMI-ATH,2026-08-20T11:32:54Z,2026-08-20T12:23:59Z
2026-08-26,,332.77,WMI,ATH,2026-08-20,Warszawa,Polska,Ateny,Grecja,ryanair,332.77,PLN,1.000000,price,,,WMI-ATH,2026-08-20T11:32:54Z,2026-08-20T12:23:59Z
2026-08-27,,302.51,WMI,ATH,2026-08-20,Warszawa,Polska,Ateny,Grecja,ryanair,302.51,PLN,1.000000,price,,,WMI-ATH,2026-08-20T11:32:54Z,2026-08-20T12:23:59Z
2026-08-28,,264.00,WMI,ATH,2026-08-20,Warszawa,Polska,Ateny,Grecja,ryanair,264.0,PLN,1.000000,price,,,WMI-ATH,2026-08-20T11:32:54Z,2026-08-20T12:23:59Z
2026-08-30,,302.00,WMI,ATH,2026-08-20,Warszawa,Polska,Ateny,Grecja,ryanair,302.0,PLN,1.000000,price,,,WMI-ATH,2026-08-20T11:32:54Z,2026-08-20T12:23:59Z
2026-08-31,,209.00,WMI,ATH,2026-08-20,Warszawa,Polska,Ateny,Grecja,wizzair,209.0,PLN,1.000000,price,BO,False,WMI-ATH,2026-08-20T11:32:53Z,2026-08-20T12:23:59Z
2026-08-20,,1449.80,WMI,BCN,2026-08-20,Warszawa,Polska,Barcelona,Hiszpania,ryanair,1449.8,PLN,1.000000,price,,,WMI-BCN,2026-08-20T11:32:54Z,2026-08-20T12:23:59Z
2026-08-21,,1547.05,WMI,BCN,2026-08-20,Warszawa,Polska,Barcelona,Hiszpania,ryanair,1547.05,PLN,1.000000,price,,,WMI-BCN,2026-08-20T11:32:54Z,2026-08-20T12:23:59Z
2026-08-23,,509.98,WMI,BCN,2026-08-20,Warszawa,Polska,Barcelona,Hiszpania,ryanair,509.98,PLN,1.000000,price,,,WMI-BCN,2026-08-20T11:32:54Z,2026-08-20T12:23:59Z
2026-08-24,,1705.61,WMI,BCN,2026-08-20,Warszawa,Polska,Barcelona,Hiszpania,ryanair,1705.61,PLN,1.000000,price,,,WMI-BCN,2026-08-20T11:32:54Z,2026-08-20T12:23:59Z
2026-08-25,,790.92,WMI,BCN,2026-08-20,Warszawa,Polska,Barcelona,Hiszpania,ryanair,790.92,PLN,1.000000,price,,,WMI-BCN,2026-08-20T11:32:54Z,2026-08-20T12:23:59Z
2026-08-26,,1119.41,WMI,BCN,2026-08-20,Warszawa,Polska,Barcelona,Hiszpania,ryanair,1119.41,PLN,1.000000,price,,,WMI-BCN,2026-08-20T11:32:54Z,2026-08-20T12:23:59Z
2026-08-27,,810.98,WMI,BCN,2026-08-20,Warszawa,Polska,Barcelona,Hiszpania,ryanair,810.98,PLN,1.000000,price,,,WMI-BCN,2026-08-20T11:32:54Z,2026-08-20T12:23:59Z
2026-08-28,,544.55,WMI,BCN,2026-08-20,Warszawa,Polska,Barcelona,Hiszpania,ryanair,544.55,PLN,1.000000,price,,,WMI-BCN,2026-08-20T11:32:54Z,2026-08-20T12:23:59Z
2026-08-30,,926.52,WMI,BCN,2026-08-20,Warszawa,Polska,Barcelona,Hiszpania,ryanair,926.52,PLN,1.000000,price,,,WMI-BCN,2026-08-20T11:32:54Z,2026-08-20T12:23:59Z
2026-08-31,,469.70,WMI,BCN,2026-08-20,Warszawa,Polska,Barcelona,Hiszpania,ryanair,469.7,PLN,1.000000,price,,,WMI-BCN,2026-08-20T11:32:54Z,2026-08-20T12:23:59Z
2026-08-29,,229.00,WMI,BDS,2026-08-20,Warszawa,Polska,Brindisi,Włochy,wizzair,229.0,PLN,1.000000,price,L,False,WMI-BDS,2026-08-20T11:32:53Z,2026-08-20T12:23:59Z
2026-08-30,,99.00,WMI,BGO,2026-08-20,Warszawa,Polska,Bergen,Norwegia,wizzair,99.0,PLN,1.000000,price,RS,False,WMI-BGO,2026-08-20T11:32:53Z,2026-08-20T12:23:59Z
2026-08-31,,99.00,WMI,BGO,2026-08-20,Warszawa,Polska,Bergen,Norwegia,wizzair,99.0,PLN,1.000000,price,RS,False,WMI-BGO,2026-08-20T11:32:53Z,2026-08-20T12:23:59Z
2026-08-20,,1364.91,WMI,BGY,2026-08-20,Warszawa,Polska,Mediolan,Włochy,ryanair,1364.91,PLN,1.000000,price,,,WMI-BGY,2026-08-20T11:32:54Z,2026-08-20T12:23:59Z
2026-08-21,,1364.91,WMI,BGY,2026-08-20,Warszawa,Polska,Mediolan,Włochy,ryanair,1364.91,PLN,1.000000,price,,,WMI-BGY,2026-08-20T11:32:54Z,2026-08-20T12:23:59Z
2026-08-22,,810.25,WMI,BGY,2026-08-20,Warszawa,Polska,Mediolan,Włochy,ryanair,810.25,PLN,1.000000,price,,,WMI-BGY,2026-08-20T11:32:54Z,2026-08-20T12:23:59Z
2026-08-23,,1359.36,WMI,BGY,2026-08-20,Warszawa,Polska,Mediolan,Włochy,ryanair,1359.36,PLN,1.000000,price,,,WMI-BGY,2026-08-20T11:32:54Z,2026-08-20T12:23:59Z
2026-08-24,,839.64,WMI,BGY,2026-08-20,Warszawa,Polska,Mediolan,Włochy,ryanair,839.64,PLN,1.000000,price,,,WMI-BGY,2026-08-20T11:32:54Z,2026-08-20T12:23:59Z
2026-08-25,,455.67,WMI,BGY,2026-08-20,Warszawa,Polska,Mediolan,Włochy,ryanair,455.67,PLN,1.000000,price,,,WMI-BGY,2026-08-20T11:32:54Z,2026-08-20T12:23:59Z
2026-08-26,,289.86,WMI,BGY,2026-08-20,Warszawa,Polska,Mediolan,Włochy,ryanair,289.86,PLN,1.000000,price,,,WMI-BGY,2026-08-20T11:32:54Z,2026-08-20T12:23:59Z
2026-08-27,,346.55,WMI,BGY,2026-08-20,Warszawa,Polska,Mediolan,Włochy,ryanair,346.55,PLN,1.000000,price,,,WMI-BGY,2026-08-20T11:32:54Z,2026-08-20T12:23:59Z
2026-08-28,,312.77,WMI,BGY,2026-08-20,Warszawa,Polska,Mediolan,Włochy,ryanair,312.77,PLN,1.000000,price,,,WMI-BGY,2026-08-20T11:32:54Z,2026-08-20T12:23:59Z
2026-08-29,,319.32,WMI,BGY,2026-08-20,Warszawa,Polska,Mediolan,Włochy,ryanair,319.32,PLN,1.000000,price,,,WMI-BGY,2026-08-20T11:32:54Z,2026-08-20T12:23:59Z
2026-08-30,,261.38,WMI,BGY,2026-08-20,Warszawa,Polska,Mediolan,Włochy,ryanair,261.38,PLN,1.000000,price,,,WMI-BGY,2026-08-20T11:32:54Z,2026-08-20T12:23:59Z
2026-08-31,,82.20,WMI,BGY,2026-08-20,Warszawa,Polska,Mediolan,Włochy,ryanair,82.2,PLN,1.000000,price,,,WMI-BGY,2026-08-20T11:32:54Z,2026-08-20T12:23:59Z
2026-08-21,,1507.40,WMI,BHX,2026-08-20,Warszawa,Polska,Birmingham,Wielka Brytania,ryanair,1507.4,PLN,1.000000,price,,,WMI-BHX,2026-08-20T11:32:54Z,2026-08-20T12:23:59Z
2026-08-22,,1389.15,WMI,BHX,2026-08-20,Warszawa,Polska,Birmingham,Wielka Brytania,ryanair,1389.15,PLN,1.000000,price,,,WMI-BHX,2026-08-20T11:32:54Z,2026-08-20T12:23:59Z
2026-08-25,,1572.93,WMI,BHX,2026-08-20,Warszawa,Polska,Birmingham,Wielka Brytania,ryanair,1572.93,PLN,1.000000,price,,,WMI-BHX,2026-08-20T11:32:54Z,2026-08-20T12:23:59Z
2026-08-28,,1238.94,WMI,BHX,2026-08-20,Warszawa,Polska,Birmingham,Wielka Brytania,ryanair,1238.94,PLN,1.000000,price,,,WMI-BHX,2026-08-20T11:32:54Z,2026-08-20T12:23:59Z
2026-08-29,,1238.94,WMI,BHX,2026-08-20,Warszawa,Polska,Birmingham,Wielka Brytania,ryanair,1238.94,PLN,1.000000,price,,,WMI-BHX,2026-08-20T11:32:54Z,2026-08-20T12:23:59Z
2026-08-21,,999.72,WMI,BLQ,2026-08-20,Warszawa,Polska,Bolonia,Włochy,ryanair,999.72,PLN,1.000000,price,,,WMI-BLQ,2026-08-20T11:32:54Z,2026-08-20T12:23:59Z
2026-08-23,,1259.78,WMI,BLQ,2026-08-20,Warszawa,Polska,Bolonia,Włochy,ryanair,1259.78,PLN,1.000000,price,,,WMI-BLQ,2026-08-20T11:32:54Z,2026-08-20T12:23:59Z
2026-08-25,,460.20,WMI,BLQ,2026-08-20,Warszawa,Polska,Bolonia,Włochy,ryanair,460.2,PLN,1.000000,price,,,WMI-BLQ,2026-08-20T11:32:54Z,2026-08-20T12:23:59Z
2026-08-27,,299.32,WMI,BLQ,2026-08-20,Warszawa,Polska,Bolonia,Włochy,ryanair,299.32,PLN,1.000000,price,,,WMI-BLQ,2026-08-20T11:32:54Z,2026-08-20T12:23:59Z
2026-08-28,,259.44,WMI,BLQ,2026-08-20,Warszawa,Polska,Bolonia,Włochy,ryanair,259.44,PLN,1.000000,price,,,WMI-BLQ,2026-08-20T11:32:54Z,2026-08-20T12:23:59Z
2026-08-30,,355.42,WMI,BLQ,2026-08-20,Warszawa,Polska,Bolonia,Włochy,ryanair,355.42,PLN,1.000000,price,,,WMI-BLQ,2026-08-20T11:32:54Z,2026-08-20T12:23:59Z
2026-08-21,,596.42,WMI,BOJ,2026-08-20,Warszawa,Polska,Burgas,Bułagria,ryanair,596.42,PLN,1.000000,price,,,WMI-BOJ,2026-08-20T11:32:54Z,2026-08-20T12:23:59Z
2026-08-24,,1398.51,WMI,BOJ,2026-08-20,Warszawa,Polska,Burgas,Bułagria,ryanair,1398.51,PLN,1.000000,price,,,WMI-BOJ,2026-08-20T11:32:54Z,2026-08-20T12:23:59Z
2026-08-26,,149.32,WMI,BOJ,2026-08-20,Warszawa,Polska,Burgas,Bułagria,ryanair,149.32,PLN,1.000000,price,,,WMI-BOJ,2026-08-20T11:32:54Z,2026-08-20T12:23:59Z
2026-08-28,,285.22,WMI,BOJ,2026-08-20,Warszawa,Polska,Burgas,Bułagria,ryanair,285.22,PLN,1.000000,price,,,WMI-BOJ,2026-08-20T11:32:54Z,2026-08-20T12:23:59Z
2026-08-31,,145.00,WMI,BOJ,2026-08-20,Warszawa,Polska,Burgas,Bułagria,ryanair,145.0,PLN,1.000000,price,,,WMI-BOJ,2026-08-20T11:32:54Z,2026-08-20T12:23:59Z
2026-08-22,,657.91,WMI,BRI,2026-08-20,Warszawa,Polska,Bari,Włochy,ryanair,657.91,PLN,1.000000,price,,,WMI-BRI,2026-08-20T11:32:54Z,2026-08-20T12:23:59Z
2026-08-23,,1214.49,WMI,BRI,2026-08-20,Warszawa,Polska,Bari,Włochy,ryanair,1214.49,PLN,1.000000,price,,,WMI-BRI,2026-08-20T11:32:54Z,2026-08-20T12:23:59Z
2026-08-25,,370.58,WMI,BRI,2026-08-20,Warszawa,Polska,Bari,Włochy,ryanair,370.58,PLN,1.000000,price,,,WMI-BRI,2026-08-20T11:32:54Z,2026-08-20T12:23:59Z
2026-08-26,,314.56,WMI,BRI,2026-08-20,Warszawa,Polska,Bari,Włochy,ryanair,314.56,PLN,1.000000,price,,,WMI-BRI,2026-08-20T11:32:54Z,2026-08-20T12:23:59Z
2026-08-27,,273.82,WMI,BRI,2026-08-20,Warszawa,Polska,Bari,Włochy,ryanair,273.82,PLN,1.000000,price,,,WMI-BRI,2026-08-20T11:32:54Z,2026-08-20T12:23:59Z
2026-08-28,,306.83,WMI,BRI,2026-08-20,Warszawa,Polska,Bari,Włochy,ryanair,306.83,PLN,1.000000,price,,,WMI-BRI,2026-08-20T11:32:54Z,2026-08-20T12:23:59Z
2026-08-29,,315.48,WMI,BRI,2026-08-20,Warszawa,Polska,Bari,Włochy,ryanair,315.48,PLN,1.000000,price,,,WMI-BRI,2026-08-20T11:32:54Z,2026-08-20T12:23:59Z
2026-08-30,,187.32,WMI,BRI,2026-08-20,Warszawa,Polska,Bari,Włochy,ryanair,187.32,PLN,1.000000,price,,,WMI-BRI,2026-08-20T11:32:54Z,2026-08-20T12:23:59Z
2026-08-30,,519.00,WMI,BSL,2026-08-20,Warszawa,Polska,Bazylea,Szwajcaria,wizzair,519.0,PLN,1.000000,price,I,False,WMI-BSL,2026-08-20T11:32:53Z,2026-08-20T12:23:59Z
2026-08-31,,299.00,WMI,BSL,2026-08-20,Warszawa,Polska,Bazylea,Szwajcaria,wizzair,299.0,PLN,1.000000,price,KL,False,WMI-BSL,2026-08-20T11:32:53Z,2026-08-20T12:23:59Z
2026-08-20,,491.01,WMI,BTS,2026-08-20,Warszawa,Polska,Bratysława,Słowacja,ryanair,491.01,PLN,1.000000,price,,,WMI-BTS,2026-08-20T11:32:54Z,2026-08-20T12:23:59Z
2026-08-21,,242.00,WMI,BTS,2026-08-20,Warszawa,Polska,Bratysława,Słowacja,ryanair,242.0,PLN,1.000000,price,,,WMI-BTS,2026-08-20T11:32:54Z,2026-08-20T12:23:59Z
2026-08-22,,183.86,WMI,BTS,2026-08-20,Warszawa,Polska,Bratysława,Słowacja,ryanair,183.86,PLN,1.000000,price,,,WMI-BTS,2026-08-20T11:32:54Z,2026-08-20T12:23:59Z
2026-08-23,,114.17,WMI,BTS,2026-08-20,Warszawa,Polska,Bratysława,Słowacja,ryanair,114.17,PLN,1.000000,price,,,WMI-BTS,2026-08-20T11:32:54Z,2026-08-20T12:23:59Z
2026-08-24,,168.52,WMI,BTS,2026-08-20,Warszawa,Polska,Bratysława,Słowacja,ryanair,168.52,PLN,1.000000,price,,,WMI-BTS,2026-08-20T11:32:54Z,2026-08-20T12:23:59Z
2026-08-25,,211.13,WMI,BTS,2026-08-20,Warszawa,Polska,Bratysława,Słowacja,ryanair,211.13,PLN,1.000000,price,,,WMI-BTS,2026-08-20T11:32:54Z,2026-08-20T12:23:59Z
2026-08-26,,81.01,WMI,BTS,2026-08-20,Warszawa,Polska,Bratysława,Słowacja,ryanair,81.01,PLN,1.000000,price,,,WMI-BTS,2026-08-20T11:32:54Z,2026-08-20T12:23:59Z
2026-08-27,,86.15,WMI,BTS,2026-08-20,Warszawa,Polska,Bratysława,Słowacja,ryanair,86.15,PLN,1.000000,price,,,WMI-BTS,2026-08-20T11:32:54Z,2026-08-20T12:23:59Z
2026-08-28,,131.39,WMI,BTS,2026-08-20,Warszawa,Polska,Bratysława,Słowacja,ryanair,131.39,PLN,1.000000,price,,,WMI-BTS,2026-08-20T11:32:54Z,2026-08-20T12:23:59Z
2026-08-29,,164.20,WMI,BTS,2026-08-20,Warszawa,Polska,Bratysława,Słowacja,ryanair,164.2,PLN,1.000000,price,,,WMI-BTS,2026-08-20T11:32:54Z,2026-08-20T12:23:59Z
2026-08-30,,81.01,WMI,BTS,2026-08-20,Warszawa,Polska,Bratysława,Słowacja,ryanair,81.01,PLN,1.000000,price,,,WMI-BTS,2026-08-20T11:32:54Z,2026-08-20T12:23:59Z
2026-08-31,,81.01,WMI,BTS,2026-08-20,Warszawa,Polska,Bratysława,Słowacja,ryanair,81.01,PLN,1.000000,price,,,WMI-BTS,2026-08-20T11:32:54Z,2026-08-20T12:23:59Z
2026-08-21,,578.83,WMI,BUD,2026-08-20,Warszawa,Polska,Budapeszt,Węgry,ryanair,578.83,PLN,1.000000,price,,,WMI-BUD,2026-08-20T11:32:54Z,2026-08-20T12:23:59Z
2026-08-24,,993.11,WMI,BUD,2026-08-20,Warszawa,Polska,Budapeszt,Węgry,ryanair,993.11,PLN,1.000000,price,,,WMI-BUD,2026-08-20T11:32:54Z,2026-08-20T12:23:59Z
2026-08-26,,285.90,WMI,BUD,2026-08-20,Warszawa,Polska,Budapeszt,Węgry,ryanair,285.9,PLN,1.000000,price,,,WMI-BUD,2026-08-20T11:32:54Z,2026-08-20T12:23:59Z
2026-08-28,,324.37,WMI,BUD,2026-08-20,Warszawa,Polska,Budapeszt,Węgry,ryanair,324.37,PLN,1.000000,price,,,WMI-BUD,2026-08-20T11:32:54Z,2026-08-20T12:23:59Z
2026-08-31,,81.18,WMI,BUD,2026-08-20,Warszawa,Polska,Budapeszt,Węgry,ryanair,81.18,PLN,1.000000,price,,,WMI-BUD,2026-08-20T11:32:54Z,2026-08-20T12:23:59Z
2026-08-22,,1175.60,WMI,BVA,2026-08-20,Warszawa,Polska,Paryż,Francja,ryanair,1175.6,PLN,1.000000,price,,,WMI-BVA,2026-08-20T11:32:54Z,2026-08-20T12:23:59Z
2026-08-24,,868.72,WMI,BVA,2026-08-20,Warszawa,Polska,Paryż,Francja,ryanair,868.72,PLN,1.000000,price,,,WMI-BVA,2026-08-20T11:32:54Z,2026-08-20T12:23:59Z
2026-08-25,,1007.03,WMI,BVA,2026-08-20,Warszawa,Polska,Paryż,Francja,ryanair,1007.03,PLN,1.000000,price,,,WMI-BVA,2026-08-20T11:32:54Z,2026-08-20T12:23:59Z
2026-08-27,,1306.02,WMI,BVA,2026-08-20,Warszawa,Polska,Paryż,Francja,ryanair,1306.02,PLN,1.000000,price,,,WMI-BVA,2026-08-20T11:32:54Z,2026-08-20T12:23:59Z
2026-08-29,,613.71,WMI,BVA,2026-08-20,Warszawa,Polska,Paryż,Francja,ryanair,613.71,PLN,1.000000,price,,,WMI-BVA,2026-08-20T11:32:54Z,2026-08-20T12:23:59Z
2026-08-31,,711.04,WMI,BVA,2026-08-20,Warszawa,Polska,Paryż,Francja,ryanair,711.04,PLN,1.000000,price,,,WMI-BVA,2026-08-20T11:32:54Z,2026-08-20T12:23:59Z
2026-08-23,,623.50,WMI,CFU,2026-08-20,Warszawa,Polska,Korfu,Grecja,ryanair,623.5,PLN,1.000000,price,,,WMI-CFU,2026-08-20T11:32:54Z,2026-08-20T12:23:59Z
2026-08-25,,304.06,WMI,CFU,2026-08-20,Warszawa,Polska,Korfu,Grecja,ryanair,304.06,PLN,1.000000,price,,,WMI-CFU,2026-08-20T11:32:54Z,2026-08-20T12:23:59Z
2026-08-26,,363.02,WMI,CFU,2026-08-20,Warszawa,Polska,Korfu,Grecja,ryanair,363.02,PLN,1.000000,price,,,WMI-CFU,2026-08-20T11:32:54Z,2026-08-20T12:23:59Z
2026-08-30,,284.39,WMI,CFU,2026-08-20,Warszawa,Polska,Korfu,Grecja,ryanair,284.39,PLN,1.000000,price,,,WMI-CFU,2026-08-20T11:32:54Z,2026-08-20T12:23:59Z
2026-08-23,,902.51,WMI,CHQ,2026-08-20,Warszawa,Polska,Chania,Grecja,ryanair,902.51,PLN,1.000000,price,,,WMI-CHQ,2026-08-20T11:32:54Z,2026-08-20T12:23:59Z
2026-08-24,,152.58,WMI,CHQ,2026-08-20,Warszawa,Polska,Chania,Grecja,ryanair,152.58,PLN,1.000000,price,,,WMI-CHQ,2026-08-20T11:32:54Z,2026-08-20T12:23:59Z
2026-08-26,,471.08,WMI,CHQ,2026-08-20,Warszawa,Polska,Chania,Grecja,ryanair,471.08,PLN,1.000000,price,,,WMI-CHQ,2026-08-20T11:32:54Z,2026-08-20T12:23:59Z
2026-08-30,,327.49,WMI,CHQ,2026-08-20,Warszawa,Polska,Chania,Grecja,ryanair,327.49,PLN,1.000000,price,,,WMI-CHQ,2026-08-20T11:32:54Z,2026-08-20T12:23:59Z
2026-08-31,,284.39,WMI,CHQ,2026-08-20,Warszawa,Polska,Chania,Grecja,ryanair,284.39,PLN,1.000000,price,,,WMI-CHQ,2026-08-20T11:32:54Z,2026-08-20T12:23:59Z
2026-08-21,,645.37,WMI,CIA,2026-08-20,Warszawa,Polska,Rzym,Włochy,ryanair,645.37,PLN,1.000000,price,,,WMI-CIA,2026-08-20T11:32:54Z,2026-08-20T12:23:59Z
2026-08-22,,1030.97,WMI,CIA,2026-08-20,Warszawa,Polska,Rzym,Włochy,ryanair,1030.97,PLN,1.000000,price,,,WMI-CIA,2026-08-20T11:32:54Z,2026-08-20T12:23:59Z
2026-08-23,,627.26,WMI,CIA,2026-08-20,Warszawa,Polska,Rzym,Włochy,ryanair,627.26,PLN,1.000000,price,,,WMI-CIA,2026-08-20T11:32:54Z,2026-08-20T12:23:59Z
2026-08-24,,520.72,WMI,CIA,2026-08-20,Warszawa,Polska,Rzym,Włochy,ryanair,520.72,PLN,1.000000,price,,,WMI-CIA,2026-08-20T11:32:54Z,2026-08-20T12:23:59Z
2026-08-25,,534.42,WMI,CIA,2026-08-20,Warszawa,Polska,Rzym,Włochy,ryanair,534.42,PLN,1.000000,price,,,WMI-CIA,2026-08-20T11:32:54Z,2026-08-20T12:23:59Z
2026-08-26,,306.72,WMI,CIA,2026-08-20,Warszawa,Polska,Rzym,Włochy,ryanair,306.72,PLN,1.000000,price,,,WMI-CIA,2026-08-20T11:32:54Z,2026-08-20T12:23:59Z
2026-08-27,,341.51,WMI,CIA,2026-08-20,Warszawa,Polska,Rzym,Włochy,ryanair,341.51,PLN,1.000000,price,,,WMI-CIA,2026-08-20T11:32:54Z,2026-08-20T12:23:59Z
2026-08-28,,276.32,WMI,CIA,2026-08-20,Warszawa,Polska,Rzym,Włochy,ryanair,276.32,PLN,1.000000,price,,,WMI-CIA,2026-08-20T11:32:54Z,2026-08-20T12:23:59Z
2026-08-29,,231.40,WMI,CIA,2026-08-20,Warszawa,Polska,Rzym,Włochy,ryanair,231.4,PLN,1.000000,price,,,WMI-CIA,2026-08-20T11:32:54Z,2026-08-20T12:23:59Z
2026-08-30,,306.40,WMI,CIA,2026-08-20,Warszawa,Polska,Rzym,Włochy,ryanair,306.4,PLN,1.000000,price,,,WMI-CIA,2026-08-20T11:32:54Z,2026-08-20T12:23:59Z
2026-08-31,,281.61,WMI,CIA,2026-08-20,Warszawa,Polska,Rzym,Włochy,ryanair,281.61,PLN,1.000000,price,,,WMI-CIA,2026-08-20T11:32:54Z,2026-08-20T12:23:59Z
2026-08-21,,455.67,WMI,CPH,2026-08-20,Warszawa,Polska,Kopenhaga,Dania,ryanair,455.67,PLN,1.000000,price,,,WMI-CPH,2026-08-20T11:32:54Z,2026-08-20T12:23:59Z
2026-08-23,,669.06,WMI,CPH,2026-08-20,Warszawa,Polska,Kopenhaga,Dania,ryanair,669.06,PLN,1.000000,price,,,WMI-CPH,2026-08-20T11:32:54Z,2026-08-20T12:23:59Z
2026-08-24,,410.49,WMI,CPH,2026-08-20,Warszawa,Polska,Kopenhaga,Dania,ryanair,410.49,PLN,1.000000,price,,,WMI-CPH,2026-08-20T11:32:54Z,2026-08-20T12:23:59Z
2026-08-26,,79.00,WMI,CPH,2026-08-20,Warszawa,Polska,Kopenhaga,Dania,ryanair,79.0,PLN,1.000000,price,,,WMI-CPH,2026-08-20T11:32:54Z,2026-08-20T12:23:59Z
2026-08-28,,79.00,WMI,CPH,2026-08-20,Warszawa,Polska,Kopenhaga,Dania,ryanair,79.0,PLN,1.000000,price,,,WMI-CPH,2026-08-20T11:32:54Z,2026-08-20T12:23:59Z
2026-08-30,,224.74,WMI,CPH,2026-08-20,Warszawa,Polska,Kopenhaga,Dania,ryanair,224.74,PLN,1.000000,price,,,WMI-CPH,2026-08-20T11:32:54Z,2026-08-20T12:23:59Z
2026-08-31,,79.00,WMI,CPH,2026-08-20,Warszawa,Polska,Kopenhaga,Dania,ryanair,79.0,PLN,1.000000,price,,,WMI-CPH,2026-08-20T11:32:54Z,2026-08-20T12:23:59Z
2026-08-22,,1460.96,WMI,CRL,2026-08-20,Warszawa,Polska,Charleroi,Belgia,ryanair,1460.96,PLN,1.000000,price,,,WMI-CRL,2026-08-20T11:32:54Z,2026-08-20T12:23:59Z
2026-08-23,,1115.08,WMI,CRL,2026-08-20,Warszawa,Polska,Charleroi,Belgia,ryanair,1115.08,PLN,1.000000,price,,,WMI-CRL,2026-08-20T11:32:54Z,2026-08-20T12:23:59Z
2026-08-26,,730.41,WMI,CRL,2026-08-20,Warszawa,Polska,Charleroi,Belgia,ryanair,730.41,PLN,1.000000,price,,,WMI-CRL,2026-08-20T11:32:54Z,2026-08-20T12:23:59Z
2026-08-27,,1334.18,WMI,CRL,2026-08-20,Warszawa,Polska,Charleroi,Belgia,ryanair,1334.18,PLN,1.000000,price,,,WMI-CRL,2026-08-20T11:32:54Z,2026-08-20T12:23:59Z
2026-08-29,,680.87,WMI,CRL,2026-08-20,Warszawa,Polska,Charleroi,Belgia,ryanair,680.87,PLN,1.000000,price,,,WMI-CRL,2026-08-20T11:32:54Z,2026-08-20T12:23:59Z
2026-08-30,,848.95,WMI,CRL,2026-08-20,Warszawa,Polska,Charleroi,Belgia,ryanair,848.95,PLN,1.000000,price,,,WMI-CRL,2026-08-20T11:32:54Z,2026-08-20T12:23:59Z
2026-08-21,,995.63,WMI,CTA,2026-08-20,Warszawa,Polska,Katania,Włochy,ryanair,995.63,PLN,1.000000,price,,,WMI-CTA,2026-08-20T11:32:54Z,2026-08-20T12:23:59Z
2026-08-23,,789.54,WMI,CTA,2026-08-20,Warszawa,Polska,Katania,Włochy,ryanair,789.54,PLN,1.000000,price,,,WMI-CTA,2026-08-20T11:32:54Z,2026-08-20T12:23:59Z
2026-08-24,,906.19,WMI,CTA,2026-08-20,Warszawa,Polska,Katania,Włochy,ryanair,906.19,PLN,1.000000,price,,,WMI-CTA,2026-08-20T11:32:54Z,2026-08-20T12:23:59Z
2026-08-25,,410.63,WMI,CTA,2026-08-20,Warszawa,Polska,Katania,Włochy,ryanair,410.63,PLN,1.000000,price,,,WMI-CTA,2026-08-20T11:32:54Z,2026-08-20T12:23:59Z
2026-08-27,,231.89,WMI,CTA,2026-08-20,Warszawa,Polska,Katania,Włochy,ryanair,231.89,PLN,1.000000,price,,,WMI-CTA,2026-08-20T11:32:54Z,2026-08-20T12:23:59Z
2026-08-28,,213.00,WMI,CTA,2026-08-20,Warszawa,Polska,Katania,Włochy,ryanair,213.0,PLN,1.000000,price,,,WMI-CTA,2026-08-20T11:32:54Z,2026-08-20T12:23:59Z
2026-08-30,,179.00,WMI,CTA,2026-08-20,Warszawa,Polska,Katania,Włochy,ryanair,179.0,PLN,1.000000,price,,,WMI-CTA,2026-08-20T11:32:54Z,2026-08-20T12:23:59Z
2026-08-31,,236.34,WMI,CTA,2026-08-20,Warszawa,Polska,Katania,Włochy,ryanair,236.34,PLN,1.000000,price,,,WMI-CTA,2026-08-20T11:32:54Z,2026-08-20T12:23:59Z
2026-08-26,,1875.63,WMI,DUB,2026-08-20,Warszawa,Polska,Dublin,Irlandia,ryanair,1875.63,PLN,1.000000,price,,,WMI-DUB,2026-08-20T11:32:54Z,2026-08-20T12:23:59Z
2026-08-27,,1875.63,WMI,DUB,2026-08-20,Warszawa,Polska,Dublin,Irlandia,ryanair,1875.63,PLN,1.000000,price,,,WMI-DUB,2026-08-20T11:32:54Z,2026-08-20T12:23:59Z
2026-08-28,,1711.11,WMI,DUB,2026-08-20,Warszawa,Polska,Dublin,Irlandia,ryanair,1711.11,PLN,1.000000,price,,,WMI-DUB,2026-08-20T11:32:54Z,2026-08-20T12:23:59Z
2026-08-29,,1190.11,WMI,DUB,2026-08-20,Warszawa,Polska,Dublin,Irlandia,ryanair,1190.11,PLN,1.000000,price,,,WMI-DUB,2026-08-20T11:32:54Z,2026-08-20T12:23:59Z
2026-08-30,,1064.97,WMI,DUB,2026-08-20,Warszawa,Polska,Dublin,Irlandia,ryanair,1064.97,PLN,1.000000,price,,,WMI-DUB,2026-08-20T11:32:54Z,2026-08-20T12:23:59Z
2026-08-31,,818.17,WMI,DUB,2026-08-20,Warszawa,Polska,Dublin,Irlandia,ryanair,818.17,PLN,1.000000,price,,,WMI-DUB,2026-08-20T11:32:54Z,2026-08-20T12:23:59Z
2026-08-23,,1549.57,WMI,EDI,2026-08-20,Warszawa,Polska,Edynburg,Szkocja,ryanair,1549.57,PLN,1.000000,price,,,WMI-EDI,2026-08-20T11:32:54Z,2026-08-20T12:23:59Z
2026-08-24,,1619.12,WMI,EDI,2026-08-20,Warszawa,Polska,Edynburg,Szkocja,ryanair,1619.12,PLN,1.000000,price,,,WMI-EDI,2026-08-20T11:32:54Z,2026-08-20T12:23:59Z
2026-08-26,,1523.53,WMI,EDI,2026-08-20,Warszawa,Polska,Edynburg,Szkocja,ryanair,1523.53,PLN,1.000000,price,,,WMI-EDI,2026-08-20T11:32:54Z,2026-08-20T12:23:59Z
2026-08-27,,676.19,WMI,EDI,2026-08-20,Warszawa,Polska,Edynburg,Szkocja,ryanair,676.19,PLN,1.000000,price,,,WMI-EDI,2026-08-20T11:32:54Z,2026-08-20T12:23:59Z
2026-08-30,,772.39,WMI,EDI,2026-08-20,Warszawa,Polska,Edynburg,Szkocja,ryanair,772.39,PLN,1.000000,price,,,WMI-EDI,2026-08-20T11:32:54Z,2026-08-20T12:23:59Z
2026-08-31,,479.50,WMI,EDI,2026-08-20,Warszawa,Polska,Edynburg,Szkocja,ryanair,479.5,PLN,1.000000,price,,,WMI-EDI,2026-08-20T11:32:54Z,2026-08-20T12:23:59Z
2026-08-24,,1634.68,WMI,EIN,2026-08-20,Warszawa,Polska,Eindhoven,Holandia,ryanair,1634.68,PLN,1.000000,price,,,WMI-EIN,2026-08-20T11:32:54Z,2026-08-20T12:23:59Z
2026-08-27,,797.23,WMI,EIN,2026-08-20,Warszawa,Polska,Eindhoven,Holandia,ryanair,797.23,PLN,1.000000,price,,,WMI-EIN,2026-08-20T11:32:54Z,2026-08-20T12:23:59Z
2026-08-31,,601.27,WMI,EIN,2026-08-20,Warszawa,Polska,Eindhoven,Holandia,ryanair,601.27,PLN,1.000000,price,,,WMI-EIN,2026-08-20T11:32:54Z,2026-08-20T12:23:59Z
2026-08-20,,1277.70,WMI,FAO,2026-08-20,Warszawa,Polska,Faro,Portugalia,ryanair,1277.7,PLN,1.000000,price,,,WMI-FAO,2026-08-20T11:32:54Z,2026-08-20T12:23:59Z
2026-08-23,,1762.11,WMI,FAO,2026-08-20,Warszawa,Polska,Faro,Portugalia,ryanair,1762.11,PLN,1.000000,price,,,WMI-FAO,2026-08-20T11:32:54Z,2026-08-20T12:23:59Z
2026-08-27,,253.42,WMI,FAO,2026-08-20,Warszawa,Polska,Faro,Portugalia,ryanair,253.42,PLN,1.000000,price,,,WMI-FAO,2026-08-20T11:32:54Z,2026-08-20T12:23:59Z
2026-08-30,,198.34,WMI,FAO,2026-08-20,Warszawa,Polska,Faro,Portugalia,ryanair,198.34,PLN,1.000000,price,,,WMI-FAO,2026-08-20T11:32:54Z,2026-08-20T12:23:59Z
2026-08-21,,1546.94,WMI,GLA,2026-08-20,Warszawa,Polska,Glasgow,Szkocja,ryanair,1546.94,PLN,1.000000,price,,,WMI-GLA,2026-08-20T11:32:54Z,2026-08-20T12:23:59Z
2026-08-23,,1391.49,WMI,GLA,2026-08-20,Warszawa,Polska,Glasgow,Szkocja,ryanair,1391.49,PLN,1.000000,price,,,WMI-GLA,2026-08-20T11:32:54Z,2026-08-20T12:23:59Z
2026-08-28,,1413.53,WMI,GLA,2026-08-20,Warszawa,Polska,Glasgow,Szkocja,ryanair,1413.53,PLN,1.000000,price,,,WMI-GLA,2026-08-20T11:32:54Z,2026-08-20T12:23:59Z
2026-08-30,,634.76,WMI,GLA,2026-08-20,Warszawa,Polska,Glasgow,Szkocja,ryanair,634.76,PLN,1.000000,price,,,WMI-GLA,2026-08-20T11:32:54Z,2026-08-20T12:23:59Z
2026-08-21,,696.68,WMI,HEL,2026-08-20,Warszawa,Polska,Helsinki,Finlandia,ryanair,696.68,PLN,1.000000,price,,,WMI-HEL,2026-08-20T11:32:54Z,2026-08-20T12:23:59Z
2026-08-23,,469.70,WMI,HEL,2026-08-20,Warszawa,Polska,Helsinki,Finlandia,ryanair,469.7,PLN,1.000000,price,,,WMI-HEL,2026-08-20T11:32:54Z,2026-08-20T12:23:59Z
2026-08-25,,254.22,WMI,HEL,2026-08-20,Warszawa,Polska,Helsinki,Finlandia,ryanair,254.22,PLN,1.000000,price,,,WMI-HEL,2026-08-20T11:32:54Z,2026-08-20T12:23:59Z
2026-08-26,,193.89,WMI,HEL,2026-08-20,Warszawa,Polska,Helsinki,Finlandia,ryanair,193.89,PLN,1.000000,price,,,WMI-HEL,2026-08-20T11:32:54Z,2026-08-20T12:23:59Z
2026-08-28,,113.41,WMI,HEL,2026-08-20,Warszawa,Polska,Helsinki,Finlandia,ryanair,113.41,PLN,1.000000,price,,,WMI-HEL,2026-08-20T11:32:54Z,2026-08-20T12:23:59Z
2026-08-30,,202.51,WMI,HEL,2026-08-20,Warszawa,Polska,Helsinki,Finlandia,ryanair,202.51,PLN,1.000000,price,,,WMI-HEL,2026-08-20T11:32:54Z,2026-08-20T12:23:59Z
2026-08-22,,1251.98,WMI,LIS,2026-08-20,Warszawa,Polska,Lizbona,Portugalia,ryanair,1251.98,PLN,1.000000,price,,,WMI-LIS,2026-08-20T11:32:54Z,2026-08-20T12:23:59Z
2026-08-25,,904.01,WMI,LIS,2026-08-20,Warszawa,Polska,Lizbona,Portugalia,ryanair,904.01,PLN,1.000000,price,,,WMI-LIS,2026-08-20T11:32:54Z,2026-08-20T12:23:59Z
2026-08-26,,1337.22,WMI,LIS,2026-08-20,Warszawa,Polska,Lizbona,Portugalia,ryanair,1337.22,PLN,1.000000,price,,,WMI-LIS,2026-08-20T11:32:54Z,2026-08-20T12:23:59Z
2026-08-29,,730.62,WMI,LIS,2026-08-20,Warszawa,Polska,Lizbona,Portugalia,ryanair,730.62,PLN,1.000000,price,,,WMI-LIS,2026-08-20T11:32:54Z,2026-08-20T12:23:59Z
2026-08-21,,1517.12,WMI,LPL,2026-08-20,Warszawa,Polska,Liverpool,Wielka Brytania,ryanair,1517.12,PLN,1.000000,price,,,WMI-LPL,2026-08-20T11:32:54Z,2026-08-20T12:23:59Z
2026-08-23,,1566.82,WMI,LPL,2026-08-20,Warszawa,Polska,Liverpool,Wielka Brytania,ryanair,1566.82,PLN,1.000000,price,,,WMI-LPL,2026-08-20T11:32:54Z,2026-08-20T12:23:59Z
2026-08-26,,1504.08,WMI,LPL,2026-08-20,Warszawa,Polska,Liverpool,Wielka Brytania,ryanair,1504.08,PLN,1.000000,price,,,WMI-LPL,2026-08-20T11:32:54Z,2026-08-20T12:23:59Z
2026-08-20,,739.05,WMI,MAD,2026-08-20,Warszawa,Polska,Madryt,Hiszpania,ryanair,739.05,PLN,1.000000,price,,,WMI-MAD,2026-08-20T11:32:54Z,2026-08-20T12:23:59Z
2026-08-22,,583.45,WMI,MAD,2026-08-20,Warszawa,Polska,Madryt,Hiszpania,ryanair,583.45,PLN,1.000000,price,,,WMI-MAD,2026-08-20T11:32:54Z,2026-08-20T12:23:59Z
2026-08-25,,648.29,WMI,MAD,2026-08-20,Warszawa,Polska,Madryt,Hiszpania,ryanair,648.29,PLN,1.000000,price,,,WMI-MAD,2026-08-20T11:32:54Z,2026-08-20T12:23:59Z
2026-08-26,,700.13,WMI,MAD,2026-08-20,Warszawa,Polska,Madryt,Hiszpania,ryanair,700.13,PLN,1.000000,price,,,WMI-MAD,2026-08-20T11:32:54Z,2026-08-20T12:23:59Z
2026-08-27,,605.06,WMI,MAD,2026-08-20,Warszawa,Polska,Madryt,Hiszpania,ryanair,605.06,PLN,1.000000,price,,,WMI-MAD,2026-08-20T11:32:54Z,2026-08-20T12:23:59Z
2026-08-29,,1321.61,WMI,MAD,2026-08-20,Warszawa,Polska,Madryt,Hiszpania,ryanair,1321.61,PLN,1.000000,price,,,WMI-MAD,2026-08-20T11:32:54Z,2026-08-20T12:23:59Z
2026-08-20,,775.50,WMI,MLA,2026-08-20,Warszawa,Polska,Valletta,Malta,ryanair,775.5,PLN,1.000000,price,,,WMI-MLA,2026-08-20T11:32:54Z,2026-08-20T12:23:59Z
2026-08-21,,829.82,WMI,MLA,2026-08-20,Warszawa,Polska,Valletta,Malta,ryanair,829.82,PLN,1.000000,price,,,WMI-MLA,2026-08-20T11:32:54Z,2026-08-20T12:23:59Z
2026-08-22,,643.96,WMI,MLA,2026-08-20,Warszawa,Polska,Valletta,Malta,ryanair,643.96,PLN,1.000000,price,,,WMI-MLA,2026-08-20T11:32:54Z,2026-08-20T12:23:59Z
2026-08-23,,730.41,WMI,MLA,2026-08-20,Warszawa,Polska,Valletta,Malta,ryanair,730.41,PLN,1.000000,price,,,WMI-MLA,2026-08-20T11:32:54Z,2026-08-20T12:23:59Z
2026-08-24,,695.83,WMI,MLA,2026-08-20,Warszawa,Polska,Valletta,Malta,ryanair,695.83,PLN,1.000000,price,,,WMI-MLA,2026-08-20T11:32:54Z,2026-08-20T12:23:59Z
2026-08-25,,484.04,WMI,MLA,2026-08-20,Warszawa,Polska,Valletta,Malta,ryanair,484.04,PLN,1.000000,price,,,WMI-MLA,2026-08-20T11:32:54Z,2026-08-20T12:23:59Z
2026-08-26,,262.84,WMI,MLA,2026-08-20,Warszawa,Polska,Valletta,Malta,ryanair,262.84,PLN,1.000000,price,,,WMI-MLA,2026-08-20T11:32:54Z,2026-08-20T12:23:59Z
2026-08-27,,456.60,WMI,MLA,2026-08-20,Warszawa,Polska,Valletta,Malta,ryanair,456.6,PLN,1.000000,price,,,WMI-MLA,2026-08-20T11:32:54Z,2026-08-20T12:23:59Z
2026-08-28,,310.25,WMI,MLA,2026-08-20,Warszawa,Polska,Valletta,Malta,ryanair,310.25,PLN,1.000000,price,,,WMI-MLA,2026-08-20T11:32:54Z,2026-08-20T12:23:59Z
2026-08-29,,119.56,WMI,MLA,2026-08-20,Warszawa,Polska,Valletta,Malta,ryanair,119.56,PLN,1.000000,price,,,WMI-MLA,2026-08-20T11:32:54Z,2026-08-20T12:23:59Z
2026-08-30,,293.01,WMI,MLA,2026-08-20,Warszawa,Polska,Valletta,Malta,ryanair,293.01,PLN,1.000000,price,,,WMI-MLA,2026-08-20T11:32:54Z,2026-08-20T12:23:59Z
2026-08-31,,249.00,WMI,MLA,2026-08-20,Warszawa,Polska,Valletta,Malta,wizzair,249.0,PLN,1.000000,price,LB,False,WMI-MLA,2026-08-20T11:32:53Z,2026-08-20T12:23:59Z
2026-08-20,,492.13,WMI,MMX,2026-08-20,Warszawa,Polska,Malmo,Szwecja,ryanair,492.13,PLN,1.000000,price,,,WMI-MMX,2026-08-20T11:32:54Z,2026-08-20T12:23:59Z
2026-08-24,,79.70,WMI,MMX,2026-08-20,Warszawa,Polska,Malmo,Szwecja,ryanair,79.7,PLN,1.000000,price,,,WMI-MMX,2026-08-20T11:32:54Z,2026-08-20T12:23:59Z
2026-08-27,,79.70,WMI,MMX,2026-08-20,Warszawa,Polska,Malmo,Szwecja,ryanair,79.7,PLN,1.000000,price,,,WMI-MMX,2026-08-20T11:32:54Z,2026-08-20T12:23:59Z
2026-08-31,,76.33,WMI,MMX,2026-08-20,Warszawa,Polska,Malmo,Szwecja,ryanair,76.33,PLN,1.000000,price,,,WMI-MMX,2026-08-20T11:32:54Z,2026-08-20T12:23:59Z
2026-08-21,,1233.95,WMI,MXP,2026-08-20,Warszawa,Polska,Mediolan,Włochy,ryanair,1233.95,PLN,1.000000,price,,,WMI-MXP,2026-08-20T11:32:54Z,2026-08-20T12:23:59Z
2026-08-22,,982.73,WMI,MXP,2026-08-20,Warszawa,Polska,Mediolan,Włochy,ryanair,982.73,PLN,1.000000,price,,,WMI-MXP,2026-08-20T11:32:54Z,2026-08-20T12:23:59Z
2026-08-23,,1219.26,WMI,MXP,2026-08-20,Warszawa,Polska,Mediolan,Włochy,ryanair,1219.26,PLN,1.000000,price,,,WMI-MXP,2026-08-20T11:32:54Z,2026-08-20T12:23:59Z
2026-08-24,,507.82,WMI,MXP,2026-08-20,Warszawa,Polska,Mediolan,Włochy,ryanair,507.82,PLN,1.000000,price,,,WMI-MXP,2026-08-20T11:32:54Z,2026-08-20T12:23:59Z
2026-08-25,,285.60,WMI,MXP,2026-08-20,Warszawa,Polska,Mediolan,Włochy,ryanair,285.6,PLN,1.000000,price,,,WMI-MXP,2026-08-20T11:32:54Z,2026-08-20T12:23:59Z
2026-08-26,,376.27,WMI,MXP,2026-08-20,Warszawa,Polska,Mediolan,Włochy,ryanair,376.27,PLN,1.000000,price,,,WMI-MXP,2026-08-20T11:32:54Z,2026-08-20T12:23:59Z
2026-08-27,,576.93,WMI,MXP,2026-08-20,Warszawa,Polska,Mediolan,Włochy,ryanair,576.93,PLN,1.000000,price,,,WMI-MXP,2026-08-20T11:32:54Z,2026-08-20T12:23:59Z
2026-08-28,,426.19,WMI,MXP,2026-08-20,Warszawa,Polska,Mediolan,Włochy,ryanair,426.19,PLN,1.000000,price,,,WMI-MXP,2026-08-20T11:32:54Z,2026-08-20T12:23:59Z
2026-08-29,,289.40,WMI,MXP,2026-08-20,Warszawa,Polska,Mediolan,Włochy,ryanair,289.4,PLN,1.000000,price,,,WMI-MXP,2026-08-20T11:32:54Z,2026-08-20T12:23:59Z
2026-08-30,,251.32,WMI,MXP,2026-08-20,Warszawa,Polska,Mediolan,Włochy,ryanair,251.32,PLN,1.000000,price,,,WMI-MXP,2026-08-20T11:32:54Z,2026-08-20T12:23:59Z
2026-08-31,,206.16,WMI,MXP,2026-08-20,Warszawa,Polska,Mediolan,Włochy,ryanair,206.16,PLN,1.000000,price,,,WMI-MXP,2026-08-20T11:32:54Z,2026-08-20T12:23:59Z
2026-08-22,,1325.89,WMI,NAP,2026-08-20,Warszawa,Polska,Neapol,Włochy,ryanair,1325.89,PLN,1.000000,price,,,WMI-NAP,2026-08-20T11:32:54Z,2026-08-20T12:23:59Z
2026-08-25,,478.20,WMI,NAP,2026-08-20,Warszawa,Polska,Neapol,Włochy,ryanair,478.2,PLN,1.000000,price,,,WMI-NAP,2026-08-20T11:32:54Z,2026-08-20T12:23:59Z
2026-08-26,,233.44,WMI,NAP,2026-08-20,Warszawa,Polska,Neapol,Włochy,ryanair,233.44,PLN,1.000000,price,,,WMI-NAP,2026-08-20T11:32:54Z,2026-08-20T12:23:59Z
2026-08-29,,644.87,WMI,NAP,2026-08-20,Warszawa,Polska,Neapol,Włochy,ryanair,644.87,PLN,1.000000,price,,,WMI-NAP,2026-08-20T11:32:54Z,2026-08-20T12:23:59Z
2026-08-23,,1617.14,WMI,OPO,2026-08-20,Warszawa,Polska,Porto,Portugalia,ryanair,1617.14,PLN,1.000000,price,,,WMI-OPO,2026-08-20T11:32:54Z,2026-08-20T12:23:59Z
2026-08-26,,1480.31,WMI,OPO,2026-08-20,Warszawa,Polska,Porto,Portugalia,ryanair,1480.31,PLN,1.000000,price,,,WMI-OPO,2026-08-20T11:32:54Z,2026-08-20T12:23:59Z
2026-08-30,,613.43,WMI,OPO,2026-08-20,Warszawa,Polska,Porto,Portugalia,ryanair,613.43,PLN,1.000000,price,,,WMI-OPO,2026-08-20T11:32:54Z,2026-08-20T12:23:59Z
2026-08-21,,1536.50,WMI,PFO,2026-08-20,Warszawa,Polska,Pafos,Cypr,ryanair,1536.5,PLN,1.000000,price,,,WMI-PFO,2026-08-20T11:32:54Z,2026-08-20T12:23:59Z
2026-08-22,,785.66,WMI,PFO,2026-08-20,Warszawa,Polska,Pafos,Cypr,ryanair,785.66,PLN,1.000000,price,,,WMI-PFO,2026-08-20T11:32:54Z,2026-08-20T12:23:59Z
2026-08-25,,624.91,WMI,PFO,2026-08-20,Warszawa,Polska,Pafos,Cypr,ryanair,624.91,PLN,1.000000,price,,,WMI-PFO,2026-08-20T11:32:54Z,2026-08-20T12:23:59Z
2026-08-28,,273.82,WMI,PFO,2026-08-20,Warszawa,Polska,Pafos,Cypr,ryanair,273.82,PLN,1.000000,price,,,WMI-PFO,2026-08-20T11:32:54Z,2026-08-20T12:23:59Z
2026-08-29,,273.82,WMI,PFO,2026-08-20,Warszawa,Polska,Pafos,Cypr,ryanair,273.82,PLN,1.000000,price,,,WMI-PFO,2026-08-20T11:32:54Z,2026-08-20T12:23:59Z
2026-08-20,,1401.99,WMI,PMI,2026-08-20,Warszawa,Polska,Majorka,Hiszpania,ryanair,1401.99,PLN,1.000000,price,,,WMI-PMI,2026-08-20T11:32:54Z,2026-08-20T12:23:59Z
2026-08-22,,1617.14,WMI,PMI,2026-08-20,Warszawa,Polska,Majorka,Hiszpania,ryanair,1617.14,PLN,1.000000,price,,,WMI-PMI,2026-08-20T11:32:54Z,2026-08-20T12:23:59Z
2026-08-23,,1429.74,WMI,PMI,2026-08-20,Warszawa,Polska,Majorka,Hiszpania,ryanair,1429.74,PLN,1.000000,price,,,WMI-PMI,2026-08-20T11:32:54Z,2026-08-20T12:23:59Z
2026-08-24,,518.63,WMI,PMI,2026-08-20,Warszawa,Polska,Majorka,Hiszpania,ryanair,518.63,PLN,1.000000,price,,,WMI-PMI,2026-08-20T11:32:54Z,2026-08-20T12:23:59Z
2026-08-26,,858.17,WMI,PMI,2026-08-20,Warszawa,Polska,Majorka,Hiszpania,ryanair,858.17,PLN,1.000000,price,,,WMI-PMI,2026-08-20T11:32:54Z,2026-08-20T12:23:59Z
2026-08-27,,160.13,WMI,PMI,2026-08-20,Warszawa,Polska,Majorka,Hiszpania,ryanair,160.13,PLN,1.000000,price,,,WMI-PMI,2026-08-20T11:32:54Z,2026-08-20T12:23:59Z
2026-08-29,,139.00,WMI,PMI,2026-08-20,Warszawa,Polska,Majorka,Hiszpania,ryanair,139.0,PLN,1.000000,price,,,WMI-PMI,2026-08-20T11:32:54Z,2026-08-20T12:23:59Z
2026-08-30,,285.00,WMI,PMI,2026-08-20,Warszawa,Polska,Majorka,Hiszpania,ryanair,285.0,PLN,1.000000,price,,,WMI-PMI,2026-08-20T11:32:54Z,2026-08-20T12:23:59Z
2026-08-31,,251.32,WMI,PMI,2026-08-20,Warszawa,Polska,Majorka,Hiszpania,ryanair,251.32,PLN,1.000000,price,,,WMI-PMI,2026-08-20T11:32:54Z,2026-08-20T12:23:59Z
2026-08-20,,650.00,WMI,PMO,2026-08-20,Warszawa,Polska,Palermo,Włochy,ryanair,650.0,PLN,1.000000,price,,,WMI-PMO,2026-08-20T11:32:54Z,2026-08-20T12:23:59Z
2026-08-21,,271.96,WMI,PMO,2026-08-20,Warszawa,Polska,Palermo,Włochy,ryanair,271.96,PLN,1.000000,price,,,WMI-PMO,2026-08-20T11:32:54Z,2026-08-20T12:23:59Z
2026-08-23,,446.00,WMI,PMO,2026-08-20,Warszawa,Polska,Palermo,Włochy,ryanair,446.0,PLN,1.000000,price,,,WMI-PMO,2026-08-20T11:32:54Z,2026-08-20T12:23:59Z
2026-08-25,,152.19,WMI,PMO,2026-08-20,Warszawa,Polska,Palermo,Włochy,ryanair,152.19,PLN,1.000000,price,,,WMI-PMO,2026-08-20T11:32:54Z,2026-08-20T12:23:59Z
2026-08-26,,114.33,WMI,PMO,2026-08-20,Warszawa,Polska,Palermo,Włochy,ryanair,114.33,PLN,1.000000,price,,,WMI-PMO,2026-08-20T11:32:54Z,2026-08-20T12:23:59Z
2026-08-27,,192.11,WMI,PMO,2026-08-20,Warszawa,Polska,Palermo,Włochy,ryanair,192.11,PLN,1.000000,price,,,WMI-PMO,2026-08-20T11:32:54Z,2026-08-20T12:23:59Z
2026-08-28,,239.15,WMI,PMO,2026-08-20,Warszawa,Polska,Palermo,Włochy,ryanair,239.15,PLN,1.000000,price,,,WMI-PMO,2026-08-20T11:32:54Z,2026-08-20T12:23:59Z
2026-08-29,,269.00,WMI,PMO,2026-08-20,Warszawa,Polska,Palermo,Włochy,wizzair,269.0,PLN,1.000000,price,L,False,WMI-PMO,2026-08-20T11:32:53Z,2026-08-20T12:23:59Z
2026-08-30,,220.71,WMI,PMO,2026-08-20,Warszawa,Polska,Palermo,Włochy,ryanair,220.71,PLN,1.000000,price,,,WMI-PMO,2026-08-20T11:32:54Z,2026-08-20T12:23:59Z
2026-08-21,,648.29,WMI,RHO,2026-08-20,Warszawa,Polska,Rodos,Grecja,ryanair,648.29,PLN,1.000000,price,,,WMI-RHO,2026-08-20T11:32:54Z,2026-08-20T12:23:59Z
2026-08-23,,752.02,WMI,RHO,2026-08-20,Warszawa,Polska,Rodos,Grecja,ryanair,752.02,PLN,1.000000,price,,,WMI-RHO,2026-08-20T11:32:54Z,2026-08-20T12:23:59Z
2026-08-24,,366.27,WMI,RHO,2026-08-20,Warszawa,Polska,Rodos,Grecja,ryanair,366.27,PLN,1.000000,price,,,WMI-RHO,2026-08-20T11:32:54Z,2026-08-20T12:23:59Z
2026-08-28,,488.37,WMI,RHO,2026-08-20,Warszawa,Polska,Rodos,Grecja,ryanair,488.37,PLN,1.000000,price,,,WMI-RHO,2026-08-20T11:32:54Z,2026-08-20T12:23:59Z
2026-08-30,,247.00,WMI,RHO,2026-08-20,Warszawa,Polska,Rodos,Grecja,ryanair,247.0,PLN,1.000000,price,,,WMI-RHO,2026-08-20T11:32:54Z,2026-08-20T12:23:59Z
2026-08-31,,271.46,WMI,RHO,2026-08-20,Warszawa,Polska,Rodos,Grecja,ryanair,271.46,PLN,1.000000,price,,,WMI-RHO,2026-08-20T11:32:54Z,2026-08-20T12:23:59Z
2026-08-30,,209.00,WMI,RMI,2026-08-20,Warszawa,Polska,Rimini,Włochy,wizzair,209.0,PLN,1.000000,price,BO,False,WMI-RMI,2026-08-20T11:32:53Z,2026-08-20T12:23:59Z
2026-08-31,,229.00,WMI,RMI,2026-08-20,Warszawa,Polska,Rimini,Włochy,wizzair,229.0,PLN,1.000000,price,B,False,WMI-RMI,2026-08-20T11:32:53Z,2026-08-20T12:23:59Z
2026-08-29,,299.00,WMI,RMO,2026-08-20,Warszawa,Polska,Kiszyniów,Mołdawia,wizzair,299.0,PLN,1.000000,price,KL,False,WMI-RMO,2026-08-20T11:32:53Z,2026-08-20T12:23:59Z
2026-08-22,,1472.85,WMI,SKG,2026-08-20,Warszawa,Polska,Saloniki,Grecja,ryanair,1472.85,PLN,1.000000,price,,,WMI-SKG,2026-08-20T11:32:54Z,2026-08-20T12:23:59Z
2026-08-25,,177.17,WMI,SKG,2026-08-20,Warszawa,Polska,Saloniki,Grecja,ryanair,177.17,PLN,1.000000,price,,,WMI-SKG,2026-08-20T11:32:54Z,2026-08-20T12:23:59Z
2026-08-27,,203.10,WMI,SKG,2026-08-20,Warszawa,Polska,Saloniki,Grecja,ryanair,203.1,PLN,1.000000,price,,,WMI-SKG,2026-08-20T11:32:54Z,2026-08-20T12:23:59Z
2026-08-29,,228.37,WMI,SKG,2026-08-20,Warszawa,Polska,Saloniki,Grecja,ryanair,228.37,PLN,1.000000,price,,,WMI-SKG,2026-08-20T11:32:54Z,2026-08-20T12:23:59Z
2026-08-22,,1809.28,WMI,SNN,2026-08-20,Warszawa,Polska,Shannon,Irlandia,ryanair,1809.28,PLN,1.000000,price,,,WMI-SNN,2026-08-20T11:32:54Z,2026-08-20T12:23:59Z
2026-08-24,,1833.31,WMI,SNN,2026-08-20,Warszawa,Polska,Shannon,Irlandia,ryanair,1833.31,PLN,1.000000,price,,,WMI-SNN,2026-08-20T11:32:54Z,2026-08-20T12:23:59Z
2026-08-25,,1813.60,WMI,SNN,2026-08-20,Warszawa,Polska,Shannon,Irlandia,ryanair,1813.6,PLN,1.000000,price,,,WMI-SNN,2026-08-20T11:32:54Z,2026-08-20T12:23:59Z
2026-08-28,,676.43,WMI,SNN,2026-08-20,Warszawa,Polska,Shannon,Irlandia,ryanair,676.43,PLN,1.000000,price,,,WMI-SNN,2026-08-20T11:32:54Z,2026-08-20T12:23:59Z
2026-08-29,,651.99,WMI,SNN,2026-08-20,Warszawa,Polska,Shannon,Irlandia,ryanair,651.99,PLN,1.000000,price,,,WMI-SNN,2026-08-20T11:32:54Z,2026-08-20T12:23:59Z
2026-08-31,,564.76,WMI,SNN,2026-08-20,Warszawa,Polska,Shannon,Irlandia,ryanair,564.76,PLN,1.000000,price,,,WMI-SNN,2026-08-20T11:32:54Z,2026-08-20T12:23:59Z
2026-08-20,,492.13,WMI,SOF,2026-08-20,Warszawa,Polska,Sofia,Bułagria,ryanair,492.13,PLN,1.000000,price,,,WMI-SOF,2026-08-20T11:32:54Z,2026-08-20T12:23:59Z
2026-08-21,,191.96,WMI,SOF,2026-08-20,Warszawa,Polska,Sofia,Bułagria,ryanair,191.96,PLN,1.000000,price,,,WMI-SOF,2026-08-20T11:32:54Z,2026-08-20T12:23:59Z
2026-08-22,,148.71,WMI,SOF,2026-08-20,Warszawa,Polska,Sofia,Bułagria,ryanair,148.71,PLN,1.000000,price,,,WMI-SOF,2026-08-20T11:32:54Z,2026-08-20T12:23:59Z
2026-08-23,,105.17,WMI,SOF,2026-08-20,Warszawa,Polska,Sofia,Bułagria,ryanair,105.17,PLN,1.000000,price,,,WMI-SOF,2026-08-20T11:32:54Z,2026-08-20T12:23:59Z
2026-08-24,,72.01,WMI,SOF,2026-08-20,Warszawa,Polska,Sofia,Bułagria,ryanair,72.01,PLN,1.000000,price,,,WMI-SOF,2026-08-20T11:32:54Z,2026-08-20T12:23:59Z
2026-08-25,,76.33,WMI,SOF,2026-08-20,Warszawa,Polska,Sofia,Bułagria,ryanair,76.33,PLN,1.000000,price,,,WMI-SOF,2026-08-20T11:32:54Z,2026-08-20T12:23:59Z
2026-08-27,,72.01,WMI,SOF,2026-08-20,Warszawa,Polska,Sofia,Bułagria,ryanair,72.01,PLN,1.000000,price,,,WMI-SOF,2026-08-20T11:32:54Z,2026-08-20T12:23:59Z
2026-08-28,,76.33,WMI,SOF,2026-08-20,Warszawa,Polska,Sofia,Bułagria,ryanair,76.33,PLN,1.000000,price,,,WMI-SOF,2026-08-20T11:32:54Z,2026-08-20T12:23:59Z
2026-08-29,,76.33,WMI,SOF,2026-08-20,Warszawa,Polska,Sofia,Bułagria,ryanair,76.33,PLN,1.000000,price,,,WMI-SOF,2026-08-20T11:32:54Z,2026-08-20T12:23:59Z
2026-08-30,,75.38,WMI,SOF,2026-08-20,Warszawa,Polska,Sofia,Bułagria,ryanair,75.38,PLN,1.000000,price,,,WMI-SOF,2026-08-20T11:32:54Z,2026-08-20T12:23:59Z
2026-08-31,,72.01,WMI,SOF,2026-08-20,Warszawa,Polska,Sofia,Bułagria,ryanair,72.01,PLN,1.000000,price,,,WMI-SOF,2026-08-20T11:32:54Z,2026-08-20T12:23:59Z
2026-08-21,,1443.42,WMI,STN,2026-08-20,Warszawa,Polska,Londyn,Wielka Brytania,ryanair,1443.42,PLN,1.000000,price,,,WMI-STN,2026-08-20T11:32:54Z,2026-08-20T12:23:59Z
2026-08-22,,1254.60,WMI,STN,2026-08-20,Warszawa,Polska,Londyn,Wielka Brytania,ryanair,1254.6,PLN,1.000000,price,,,WMI-STN,2026-08-20T11:32:54Z,2026-08-20T12:23:59Z
2026-08-23,,1481.07,WMI,STN,2026-08-20,Warszawa,Polska,Londyn,Wielka Brytania,ryanair,1481.07,PLN,1.000000,price,,,WMI-STN,2026-08-20T11:32:54Z,2026-08-20T12:23:59Z
2026-08-24,,1299.47,WMI,STN,2026-08-20,Warszawa,Polska,Londyn,Wielka Brytania,ryanair,1299.47,PLN,1.000000,price,,,WMI-STN,2026-08-20T11:32:54Z,2026-08-20T12:23:59Z
2026-08-25,,1180.25,WMI,STN,2026-08-20,Warszawa,Polska,Londyn,Wielka Brytania,ryanair,1180.25,PLN,1.000000,price,,,WMI-STN,2026-08-20T11:32:54Z,2026-08-20T12:23:59Z
2026-08-26,,953.32,WMI,STN,2026-08-20,Warszawa,Polska,Londyn,Wielka Brytania,ryanair,953.32,PLN,1.000000,price,,,WMI-STN,2026-08-20T11:32:54Z,2026-08-20T12:23:59Z
2026-08-27,,909.32,WMI,STN,2026-08-20,Warszawa,Polska,Londyn,Wielka Brytania,ryanair,909.32,PLN,1.000000,price,,,WMI-STN,2026-08-20T11:32:54Z,2026-08-20T12:23:59Z
2026-08-28,,1081.01,WMI,STN,2026-08-20,Warszawa,Polska,Londyn,Wielka Brytania,ryanair,1081.01,PLN,1.000000,price,,,WMI-STN,2026-08-20T11:32:54Z,2026-08-20T12:23:59Z
2026-08-29,,975.32,WMI,STN,2026-08-20,Warszawa,Polska,Londyn,Wielka Brytania,ryanair,975.32,PLN,1.000000,price,,,WMI-STN,2026-08-20T11:32:54Z,2026-08-20T12:23:59Z
2026-08-30,,953.32,WMI,STN,2026-08-20,Warszawa,Polska,Londyn,Wielka Brytania,ryanair,953.32,PLN,1.000000,price,,,WMI-STN,2026-08-20T11:32:54Z,2026-08-20T12:23:59Z
2026-08-31,,909.32,WMI,STN,2026-08-20,Warszawa,Polska,Londyn,Wielka Brytania,ryanair,909.32,PLN,1.000000,price,,,WMI-STN,2026-08-20T11:32:54Z,2026-08-20T12:23:59Z
2026-08-21,,303.23,WMI,SUF,2026-08-20,Warszawa,Polska,Lamezia,Włochy,ryanair,303.23,PLN,1.000000,price,,,WMI-SUF,2026-08-20T11:32:54Z,2026-08-20T12:23:59Z
2026-08-24,,233.74,WMI,SUF,2026-08-20,Warszawa,Polska,Lamezia,Włochy,ryanair,233.74,PLN,1.000000,price,,,WMI-SUF,2026-08-20T11:32:54Z,2026-08-20T12:23:59Z
2026-08-28,,272.79,WMI,SUF,2026-08-20,Warszawa,Polska,Lamezia,Włochy,ryanair,272.79,PLN,1.000000,price,,,WMI-SUF,2026-08-20T11:32:54Z,2026-08-20T12:23:59Z
2026-08-31,,238.03,WMI,SUF,2026-08-20,Warszawa,Polska,Lamezia,Włochy,ryanair,238.03,PLN,1.000000,price,,,WMI-SUF,2026-08-20T11:32:54Z,2026-08-20T12:23:59Z
2026-08-22,,1906.95,WMI,TFS,2026-08-20,Warszawa,Polska,Teneryfa,Hiszpania,ryanair,1906.95,PLN,1.000000,price,,,WMI-TFS,2026-08-20T11:32:54Z,2026-08-20T12:23:59Z
2026-08-24,,1251.12,WMI,TFS,2026-08-20,Warszawa,Polska,Teneryfa,Hiszpania,ryanair,1251.12,PLN,1.000000,price,,,WMI-TFS,2026-08-20T11:32:54Z,2026-08-20T12:23:59Z
2026-08-29,,1931.50,WMI,TFS,2026-08-20,Warszawa,Polska,Teneryfa,Hiszpania,ryanair,1931.5,PLN,1.000000,price,,,WMI-TFS,2026-08-20T11:32:54Z,2026-08-20T12:23:59Z
2026-08-31,,1082.40,WMI,TFS,2026-08-20,Warszawa,Polska,Teneryfa,Hiszpania,ryanair,1082.4,PLN,1.000000,price,,,WMI-TFS,2026-08-20T11:32:54Z,2026-08-20T12:23:59Z
2026-08-22,,404.00,WMI,TIA,2026-08-20,Warszawa,Polska,Tirana,Albania,ryanair,404.0,PLN,1.000000,price,,,WMI-TIA,2026-08-20T11:32:54Z,2026-08-20T12:23:59Z
2026-08-23,,259.47,WMI,TIA,2026-08-20,Warszawa,Polska,Tirana,Albania,ryanair,259.47,PLN,1.000000,price,,,WMI-TIA,2026-08-20T11:32:54Z,2026-08-20T12:23:59Z
2026-08-26,,132.47,WMI,TIA,2026-08-20,Warszawa,Polska,Tirana,Albania,ryanair,132.47,PLN,1.000000,price,,,WMI-TIA,2026-08-20T11:32:54Z,2026-08-20T12:23:59Z
2026-08-27,,194.40,WMI,TIA,2026-08-20,Warszawa,Polska,Tirana,Albania,ryanair,194.4,PLN,1.000000,price,,,WMI-TIA,2026-08-20T11:32:54Z,2026-08-20T12:23:59Z
2026-08-29,,276.32,WMI,TIA,2026-08-20,Warszawa,Polska,Tirana,Albania,ryanair,276.32,PLN,1.000000,price,,,WMI-TIA,2026-08-20T11:32:54Z,2026-08-20T12:23:59Z
2026-08-30,,238.00,WMI,TIA,2026-08-20,Warszawa,Polska,Tirana,Albania,ryanair,238.0,PLN,1.000000,price,,,WMI-TIA,2026-08-20T11:32:54Z,2026-08-20T12:23:59Z
2026-08-21,,1213.62,WMI,TSF,2026-08-20,Warszawa,Polska,Wenecja,Włochy,ryanair,1213.62,PLN,1.000000,price,,,WMI-TSF,2026-08-20T11:32:54Z,2026-08-20T12:23:59Z
2026-08-24,,1009.60,WMI,TSF,2026-08-20,Warszawa,Polska,Wenecja,Włochy,ryanair,1009.6,PLN,1.000000,price,,,WMI-TSF,2026-08-20T11:32:54Z,2026-08-20T12:23:59Z
2026-08-26,,357.96,WMI,TSF,2026-08-20,Warszawa,Polska,Wenecja,Włochy,ryanair,357.96,PLN,1.000000,price,,,WMI-TSF,2026-08-20T11:32:54Z,2026-08-20T12:23:59Z
2026-08-27,,350.83,WMI,TSF,2026-08-20,Warszawa,Polska,Wenecja,Włochy,ryanair,350.83,PLN,1.000000,price,,,WMI-TSF,2026-08-20T11:32:54Z,2026-08-20T12:23:59Z
2026-08-28,,396.05,WMI,TSF,2026-08-20,Warszawa,Polska,Wenecja,Włochy,ryanair,396.05,PLN,1.000000,price,,,WMI-TSF,2026-08-20T11:32:54Z,2026-08-20T12:23:59Z
2026-08-31,,246.40,WMI,TSF,2026-08-20,Warszawa,Polska,Wenecja,Włochy,ryanair,246.4,PLN,1.000000,price,,,WMI-TSF,2026-08-20T11:32:54Z,2026-08-20T12:23:59Z
2026-08-29,,159.00,WMI,VAR,2026-08-20,Warszawa,Polska,Warna,Bułagria,wizzair,159.0,PLN,1.000000,price,OP,False,WMI-VAR,2026-08-20T11:32:53Z,2026-08-20T12:23:59Z
2026-08-20,,724.67,WMI,VLC,2026-08-20,Warszawa,Polska,Valencia,Hiszpania,ryanair,724.67,PLN,1.000000,price,,,WMI-VLC,2026-08-20T11:32:54Z,2026-08-20T12:23:59Z
2026-08-22,,724.67,WMI,VLC,2026-08-20,Warszawa,Polska,Valencia,Hiszpania,ryanair,724.67,PLN,1.000000,price,,,WMI-VLC,2026-08-20T11:32:54Z,2026-08-20T12:23:59Z
2026-08-25,,601.30,WMI,VLC,2026-08-20,Warszawa,Polska,Valencia,Hiszpania,ryanair,601.3,PLN,1.000000,price,,,WMI-VLC,2026-08-20T11:32:54Z,2026-08-20T12:23:59Z
2026-08-27,,1693.89,WMI,VLC,2026-08-20,Warszawa,Polska,Valencia,Hiszpania,ryanair,1693.89,PLN,1.000000,price,,,WMI-VLC,2026-08-20T11:32:54Z,2026-08-20T12:23:59Z
2026-08-29,,936.57,WMI,VLC,2026-08-20,Warszawa,Polska,Valencia,Hiszpania,ryanair,936.57,PLN,1.000000,price,,,WMI-VLC,2026-08-20T11:32:54Z,2026-08-20T12:23:59Z
2026-08-23,,445.14,WMI,ZAD,2026-08-20,Warszawa,Polska,Zadar,Chorwacja,ryanair,445.14,PLN,1.000000,price,,,WMI-ZAD,2026-08-20T11:32:54Z,2026-08-20T12:23:59Z
2026-08-25,,267.93,WMI,ZAD,2026-08-20,Warszawa,Polska,Zadar,Chorwacja,ryanair,267.93,PLN,1.000000,price,,,WMI-ZAD,2026-08-20T11:32:54Z,2026-08-20T12:23:59Z
2026-08-27,,136.00,WMI,ZAD,2026-08-20,Warszawa,Polska,Zadar,Chorwacja,ryanair,136.0,PLN,1.000000,price,,,WMI-ZAD,2026-08-20T11:32:54Z,2026-08-20T12:23:59Z
2026-08-28,,254.97,WMI,ZAD,2026-08-20,Warszawa,Polska,Zadar,Chorwacja,ryanair,254.97,PLN,1.000000,price,,,WMI-ZAD,2026-08-20T11:32:54Z,2026-08-20T12:23:59Z
2026-08-30,,237.68,WMI,ZAD,2026-08-20,Warszawa,Polska,Zadar,Chorwacja,ryanair,237.68,PLN,1.000000,price,,,WMI-ZAD,2026-08-20T11:32:54Z,2026-08-20T12:23:59Z
2026-08-24,,494.56,WMI,ZTH,2026-08-20,Warszawa,Polska,Zakynthos,Grecja,ryanair,494.56,PLN,1.000000,price,,,WMI-ZTH,2026-08-20T11:32:54Z,2026-08-20T12:23:59Z
2026-08-31,,247.00,WMI,ZTH,2026-08-20,Warszawa,Polska,Zakynthos,Grecja,ryanair,247.0,PLN,1.000000,price,,,WMI-ZTH,2026-08-20T11:32:54Z,2026-08-20T12:23:59Z
2026-08-21,,542.97,WRO,AGA,2026-08-20,Wrocław,Polska,Agadir,Maroko,ryanair,542.97,PLN,1.000000,price,,,WRO-AGA,2026-08-20T11:32:54Z,2026-08-20T12:23:59Z
2026-08-24,,160.36,WRO,AGA,2026-08-20,Wrocław,Polska,Agadir,Maroko,ryanair,160.36,PLN,1.000000,price,,,WRO-AGA,2026-08-20T11:32:54Z,2026-08-20T12:23:59Z
2026-08-28,,540.23,WRO,AGA,2026-08-20,Wrocław,Polska,Agadir,Maroko,ryanair,540.23,PLN,1.000000,price,,,WRO-AGA,2026-08-20T11:32:54Z,2026-08-20T12:23:59Z
2026-08-31,,323.00,WRO,AGA,2026-08-20,Wrocław,Polska,Agadir,Maroko,ryanair,323.0,PLN,1.000000,price,,,WRO-AGA,2026-08-20T11:32:54Z,2026-08-20T12:23:59Z
2026-08-21,,790.36,WRO,AGP,2026-08-20,Wrocław,Polska,Malaga,Hiszpania,ryanair,790.36,PLN,1.000000,price,,,WRO-AGP,2026-08-20T11:32:54Z,2026-08-20T12:23:59Z
2026-08-22,,1169.92,WRO,AGP,2026-08-20,Wrocław,Polska,Malaga,Hiszpania,ryanair,1169.92,PLN,1.000000,price,,,WRO-AGP,2026-08-20T11:32:54Z,2026-08-20T12:23:59Z
2026-08-23,,723.59,WRO,AGP,2026-08-20,Wrocław,Polska,Malaga,Hiszpania,ryanair,723.59,PLN,1.000000,price,,,WRO-AGP,2026-08-20T11:32:54Z,2026-08-20T12:23:59Z
2026-08-24,,984.91,WRO,AGP,2026-08-20,Wrocław,Polska,Malaga,Hiszpania,ryanair,984.91,PLN,1.000000,price,,,WRO-AGP,2026-08-20T11:32:54Z,2026-08-20T12:23:59Z
2026-08-25,,498.88,WRO,AGP,2026-08-20,Wrocław,Polska,Malaga,Hiszpania,ryanair,498.88,PLN,1.000000,price,,,WRO-AGP,2026-08-20T11:32:54Z,2026-08-20T12:23:59Z
2026-08-26,,703.71,WRO,AGP,2026-08-20,Wrocław,Polska,Malaga,Hiszpania,ryanair,703.71,PLN,1.000000,price,,,WRO-AGP,2026-08-20T11:32:54Z,2026-08-20T12:23:59Z
2026-08-28,,662.38,WRO,AGP,2026-08-20,Wrocław,Polska,Malaga,Hiszpania,ryanair,662.38,PLN,1.000000,price,,,WRO-AGP,2026-08-20T11:32:54Z,2026-08-20T12:23:59Z
2026-08-29,,323.00,WRO,AGP,2026-08-20,Wrocław,Polska,Malaga,Hiszpania,ryanair,323.0,PLN,1.000000,price,,,WRO-AGP,2026-08-20T11:32:54Z,2026-08-20T12:23:59Z
2026-08-30,,359.00,WRO,AGP,2026-08-20,Wrocław,Polska,Malaga,Hiszpania,wizzair,359.0,PLN,1.000000,price,KL,False,WRO-AGP,2026-08-20T11:32:53Z,2026-08-20T12:23:59Z
2026-08-31,,289.32,WRO,AGP,2026-08-20,Wrocław,Polska,Malaga,Hiszpania,ryanair,289.32,PLN,1.000000,price,,,WRO-AGP,2026-08-20T11:32:54Z,2026-08-20T12:23:59Z
2026-08-21,,1451.57,WRO,ALC,2026-08-20,Wrocław,Polska,Alicante,Hiszpania,ryanair,1451.57,PLN,1.000000,price,,,WRO-ALC,2026-08-20T11:32:54Z,2026-08-20T12:23:59Z
2026-08-22,,1491.29,WRO,ALC,2026-08-20,Wrocław,Polska,Alicante,Hiszpania,ryanair,1491.29,PLN,1.000000,price,,,WRO-ALC,2026-08-20T11:32:54Z,2026-08-20T12:23:59Z
2026-08-23,,1732.75,WRO,ALC,2026-08-20,Wrocław,Polska,Alicante,Hiszpania,ryanair,1732.75,PLN,1.000000,price,,,WRO-ALC,2026-08-20T11:32:54Z,2026-08-20T12:23:59Z
2026-08-24,,1325.93,WRO,ALC,2026-08-20,Wrocław,Polska,Alicante,Hiszpania,ryanair,1325.93,PLN,1.000000,price,,,WRO-ALC,2026-08-20T11:32:54Z,2026-08-20T12:23:59Z
2026-08-25,,957.95,WRO,ALC,2026-08-20,Wrocław,Polska,Alicante,Hiszpania,ryanair,957.95,PLN,1.000000,price,,,WRO-ALC,2026-08-20T11:32:54Z,2026-08-20T12:23:59Z
2026-08-26,,704.45,WRO,ALC,2026-08-20,Wrocław,Polska,Alicante,Hiszpania,ryanair,704.45,PLN,1.000000,price,,,WRO-ALC,2026-08-20T11:32:54Z,2026-08-20T12:23:59Z
2026-08-27,,514.26,WRO,ALC,2026-08-20,Wrocław,Polska,Alicante,Hiszpania,ryanair,514.26,PLN,1.000000,price,,,WRO-ALC,2026-08-20T11:32:54Z,2026-08-20T12:23:59Z
2026-08-28,,468.49,WRO,ALC,2026-08-20,Wrocław,Polska,Alicante,Hiszpania,ryanair,468.49,PLN,1.000000,price,,,WRO-ALC,2026-08-20T11:32:54Z,2026-08-20T12:23:59Z
2026-08-29,,522.34,WRO,ALC,2026-08-20,Wrocław,Polska,Alicante,Hiszpania,ryanair,522.34,PLN,1.000000,price,,,WRO-ALC,2026-08-20T11:32:54Z,2026-08-20T12:23:59Z
2026-08-30,,429.90,WRO,ALC,2026-08-20,Wrocław,Polska,Alicante,Hiszpania,ryanair,429.9,PLN,1.000000,price,,,WRO-ALC,2026-08-20T11:32:54Z,2026-08-20T12:23:59Z
2026-08-31,,327.93,WRO,ALC,2026-08-20,Wrocław,Polska,Alicante,Hiszpania,ryanair,327.93,PLN,1.000000,price,,,WRO-ALC,2026-08-20T11:32:54Z,2026-08-20T12:23:59Z
2026-08-21,,276.32,WRO,ARN,2026-08-20,Wrocław,Polska,Sztokholm,Szwecja,ryanair,276.32,PLN,1.000000,price,,,WRO-ARN,2026-08-20T11:32:54Z,2026-08-20T12:23:59Z
2026-08-22,,491.27,WRO,ARN,2026-08-20,Wrocław,Polska,Sztokholm,Szwecja,ryanair,491.27,PLN,1.000000,price,,,WRO-ARN,2026-08-20T11:32:54Z,2026-08-20T12:23:59Z
2026-08-25,,271.46,WRO,ARN,2026-08-20,Wrocław,Polska,Sztokholm,Szwecja,ryanair,271.46,PLN,1.000000,price,,,WRO-ARN,2026-08-20T11:32:54Z,2026-08-20T12:23:59Z
2026-08-28,,124.94,WRO,ARN,2026-08-20,Wrocław,Polska,Sztokholm,Szwecja,ryanair,124.94,PLN,1.000000,price,,,WRO-ARN,2026-08-20T11:32:54Z,2026-08-20T12:23:59Z
2026-08-29,,99.08,WRO,ARN,2026-08-20,Wrocław,Polska,Sztokholm,Szwecja,ryanair,99.08,PLN,1.000000,price,,,WRO-ARN,2026-08-20T11:32:54Z,2026-08-20T12:23:59Z
2026-08-20,,672.58,WRO,ATH,2026-08-20,Wrocław,Polska,Ateny,Grecja,ryanair,672.58,PLN,1.000000,price,,,WRO-ATH,2026-08-20T11:32:54Z,2026-08-20T12:23:59Z
2026-08-23,,639.64,WRO,ATH,2026-08-20,Wrocław,Polska,Ateny,Grecja,ryanair,639.64,PLN,1.000000,price,,,WRO-ATH,2026-08-20T11:32:54Z,2026-08-20T12:23:59Z
2026-08-24,,318.87,WRO,ATH,2026-08-20,Wrocław,Polska,Ateny,Grecja,ryanair,318.87,PLN,1.000000,price,,,WRO-ATH,2026-08-20T11:32:54Z,2026-08-20T12:23:59Z
2026-08-25,,306.32,WRO,ATH,2026-08-20,Wrocław,Polska,Ateny,Grecja,ryanair,306.32,PLN,1.000000,price,,,WRO-ATH,2026-08-20T11:32:54Z,2026-08-20T12:23:59Z
2026-08-26,,518.62,WRO,ATH,2026-08-20,Wrocław,Polska,Ateny,Grecja,ryanair,518.62,PLN,1.000000,price,,,WRO-ATH,2026-08-20T11:32:54Z,2026-08-20T12:23:59Z
2026-08-27,,411.79,WRO,ATH,2026-08-20,Wrocław,Polska,Ateny,Grecja,ryanair,411.79,PLN,1.000000,price,,,WRO-ATH,2026-08-20T11:32:54Z,2026-08-20T12:23:59Z
2026-08-28,,393.28,WRO,ATH,2026-08-20,Wrocław,Polska,Ateny,Grecja,ryanair,393.28,PLN,1.000000,price,,,WRO-ATH,2026-08-20T11:32:54Z,2026-08-20T12:23:59Z
2026-08-30,,342.54,WRO,ATH,2026-08-20,Wrocław,Polska,Ateny,Grecja,ryanair,342.54,PLN,1.000000,price,,,WRO-ATH,2026-08-20T11:32:54Z,2026-08-20T12:23:59Z
2026-08-31,,301.63,WRO,ATH,2026-08-20,Wrocław,Polska,Ateny,Grecja,ryanair,301.63,PLN,1.000000,price,,,WRO-ATH,2026-08-20T11:32:54Z,2026-08-20T12:23:59Z
2026-08-29,,519.00,WRO,BCN,2026-08-20,Wrocław,Polska,Barcelona,Hiszpania,wizzair,519.0,PLN,1.000000,price,J,False,WRO-BCN,2026-08-20T11:32:53Z,2026-08-20T12:23:59Z
2026-08-30,,449.00,WRO,BCN,2026-08-20,Wrocław,Polska,Barcelona,Hiszpania,wizzair,449.0,PLN,1.000000,price,JK,False,WRO-BCN,2026-08-20T11:32:53Z,2026-08-20T12:23:59Z
2026-08-21,,424.92,WRO,BDS,2026-08-20,Wrocław,Polska,Brindisi,Włochy,ryanair,424.92,PLN,1.000000,price,,,WRO-BDS,2026-08-20T11:32:54Z,2026-08-20T12:23:59Z
2026-08-22,,255.46,WRO,BDS,2026-08-20,Wrocław,Polska,Brindisi,Włochy,ryanair,255.46,PLN,1.000000,price,,,WRO-BDS,2026-08-20T11:32:54Z,2026-08-20T12:23:59Z
2026-08-24,,314.32,WRO,BDS,2026-08-20,Wrocław,Polska,Brindisi,Włochy,ryanair,314.32,PLN,1.000000,price,,,WRO-BDS,2026-08-20T11:32:54Z,2026-08-20T12:23:59Z
2026-08-28,,159.35,WRO,BDS,2026-08-20,Wrocław,Polska,Brindisi,Włochy,ryanair,159.35,PLN,1.000000,price,,,WRO-BDS,2026-08-20T11:32:54Z,2026-08-20T12:23:59Z
2026-08-29,,332.47,WRO,BDS,2026-08-20,Wrocław,Polska,Brindisi,Włochy,ryanair,332.47,PLN,1.000000,price,,,WRO-BDS,2026-08-20T11:32:54Z,2026-08-20T12:23:59Z
2026-08-31,,276.32,WRO,BDS,2026-08-20,Wrocław,Polska,Brindisi,Włochy,ryanair,276.32,PLN,1.000000,price,,,WRO-BDS,2026-08-20T11:32:54Z,2026-08-20T12:23:59Z
2026-08-20,,618.03,WRO,BGY,2026-08-20,Wrocław,Polska,Mediolan,Włochy,ryanair,618.03,PLN,1.000000,price,,,WRO-BGY,2026-08-20T11:32:54Z,2026-08-20T12:23:59Z
2026-08-22,,531.59,WRO,BGY,2026-08-20,Wrocław,Polska,Mediolan,Włochy,ryanair,531.59,PLN,1.000000,price,,,WRO-BGY,2026-08-20T11:32:54Z,2026-08-20T12:23:59Z
2026-08-23,,1362.71,WRO,BGY,2026-08-20,Wrocław,Polska,Mediolan,Włochy,ryanair,1362.71,PLN,1.000000,price,,,WRO-BGY,2026-08-20T11:32:54Z,2026-08-20T12:23:59Z
2026-08-24,,717.44,WRO,BGY,2026-08-20,Wrocław,Polska,Mediolan,Włochy,ryanair,717.44,PLN,1.000000,price,,,WRO-BGY,2026-08-20T11:32:54Z,2026-08-20T12:23:59Z
2026-08-25,,316.12,WRO,BGY,2026-08-20,Wrocław,Polska,Mediolan,Włochy,ryanair,316.12,PLN,1.000000,price,,,WRO-BGY,2026-08-20T11:32:54Z,2026-08-20T12:23:59Z
2026-08-26,,319.80,WRO,BGY,2026-08-20,Wrocław,Polska,Mediolan,Włochy,ryanair,319.8,PLN,1.000000,price,,,WRO-BGY,2026-08-20T11:32:54Z,2026-08-20T12:23:59Z
2026-08-27,,251.08,WRO,BGY,2026-08-20,Wrocław,Polska,Mediolan,Włochy,ryanair,251.08,PLN,1.000000,price,,,WRO-BGY,2026-08-20T11:32:54Z,2026-08-20T12:23:59Z
2026-08-28,,472.98,WRO,BGY,2026-08-20,Wrocław,Polska,Mediolan,Włochy,ryanair,472.98,PLN,1.000000,price,,,WRO-BGY,2026-08-20T11:32:54Z,2026-08-20T12:23:59Z
2026-08-29,,245.24,WRO,BGY,2026-08-20,Wrocław,Polska,Mediolan,Włochy,ryanair,245.24,PLN,1.000000,price,,,WRO-BGY,2026-08-20T11:32:54Z,2026-08-20T12:23:59Z
2026-08-30,,463.52,WRO,BGY,2026-08-20,Wrocław,Polska,Mediolan,Włochy,ryanair,463.52,PLN,1.000000,price,,,WRO-BGY,2026-08-20T11:32:54Z,2026-08-20T12:23:59Z
2026-08-31,,429.30,WRO,BGY,2026-08-20,Wrocław,Polska,Mediolan,Włochy,ryanair,429.3,PLN,1.000000,price,,,WRO-BGY,2026-08-20T11:32:54Z,2026-08-20T12:23:59Z
2026-08-20,,656.93,WRO,BLQ,2026-08-20,Wrocław,Polska,Bolonia,Włochy,ryanair,656.93,PLN,1.000000,price,,,WRO-BLQ,2026-08-20T11:32:54Z,2026-08-20T12:23:59Z
2026-08-22,,1097.80,WRO,BLQ,2026-08-20,Wrocław,Polska,Bolonia,Włochy,ryanair,1097.8,PLN,1.000000,price,,,WRO-BLQ,2026-08-20T11:32:54Z,2026-08-20T12:23:59Z
2026-08-24,,463.66,WRO,BLQ,2026-08-20,Wrocław,Polska,Bolonia,Włochy,ryanair,463.66,PLN,1.000000,price,,,WRO-BLQ,2026-08-20T11:32:54Z,2026-08-20T12:23:59Z
2026-08-25,,314.56,WRO,BLQ,2026-08-20,Wrocław,Polska,Bolonia,Włochy,ryanair,314.56,PLN,1.000000,price,,,WRO-BLQ,2026-08-20T11:32:54Z,2026-08-20T12:23:59Z
2026-08-27,,159.88,WRO,BLQ,2026-08-20,Wrocław,Polska,Bolonia,Włochy,ryanair,159.88,PLN,1.000000,price,,,WRO-BLQ,2026-08-20T11:32:54Z,2026-08-20T12:23:59Z
2026-08-29,,336.11,WRO,BLQ,2026-08-20,Wrocław,Polska,Bolonia,Włochy,ryanair,336.11,PLN,1.000000,price,,,WRO-BLQ,2026-08-20T11:32:54Z,2026-08-20T12:23:59Z
2026-08-31,,198.78,WRO,BLQ,2026-08-20,Wrocław,Polska,Bolonia,Włochy,ryanair,198.78,PLN,1.000000,price,,,WRO-BLQ,2026-08-20T11:32:54Z,2026-08-20T12:23:59Z
2026-08-22,,1733.16,WRO,BOH,2026-08-20,Wrocław,Polska,Bournemouth,Wielka Brytania,ryanair,1733.16,PLN,1.000000,price,,,WRO-BOH,2026-08-20T11:32:54Z,2026-08-20T12:23:59Z
2026-08-26,,1249.74,WRO,BOH,2026-08-20,Wrocław,Polska,Bournemouth,Wielka Brytania,ryanair,1249.74,PLN,1.000000,price,,,WRO-BOH,2026-08-20T11:32:54Z,2026-08-20T12:23:59Z
2026-08-29,,1619.60,WRO,BOH,2026-08-20,Wrocław,Polska,Bournemouth,Wielka Brytania,ryanair,1619.6,PLN,1.000000,price,,,WRO-BOH,2026-08-20T11:32:54Z,2026-08-20T12:23:59Z
2026-08-30,,179.00,WRO,BRI,2026-08-20,Wrocław,Polska,Bari,Włochy,wizzair,179.0,PLN,1.000000,price,P,False,WRO-BRI,2026-08-20T11:32:53Z,2026-08-20T12:23:59Z
2026-08-31,,159.00,WRO,BRI,2026-08-20,Wrocław,Polska,Bari,Włochy,wizzair,159.0,PLN,1.000000,price,PR,False,WRO-BRI,2026-08-20T11:32:53Z,2026-08-20T12:23:59Z
2026-08-21,,1862.82,WRO,BRS,2026-08-20,Wrocław,Polska,Bristol,Wielka Brytania,ryanair,1862.82,PLN,1.000000,price,,,WRO-BRS,2026-08-20T11:32:54Z,2026-08-20T12:23:59Z
2026-08-23,,1560.27,WRO,BRS,2026-08-20,Wrocław,Polska,Bristol,Wielka Brytania,ryanair,1560.27,PLN,1.000000,price,,,WRO-BRS,2026-08-20T11:32:54Z,2026-08-20T12:23:59Z
2026-08-26,,1504.01,WRO,BRS,2026-08-20,Wrocław,Polska,Bristol,Wielka Brytania,ryanair,1504.01,PLN,1.000000,price,,,WRO-BRS,2026-08-20T11:32:54Z,2026-08-20T12:23:59Z
2026-08-27,,1551.26,WRO,BRS,2026-08-20,Wrocław,Polska,Bristol,Wielka Brytania,ryanair,1551.26,PLN,1.000000,price,,,WRO-BRS,2026-08-20T11:32:54Z,2026-08-20T12:23:59Z
2026-08-28,,1571.14,WRO,BRS,2026-08-20,Wrocław,Polska,Bristol,Wielka Brytania,ryanair,1571.14,PLN,1.000000,price,,,WRO-BRS,2026-08-20T11:32:54Z,2026-08-20T12:23:59Z
2026-08-30,,159.00,WRO,BSL,2026-08-20,Wrocław,Polska,Bazylea,Szwajcaria,wizzair,159.0,PLN,1.000000,price,OP,False,WRO-BSL,2026-08-20T11:32:53Z,2026-08-20T12:23:59Z
2026-08-31,,99.00,WRO,BSL,2026-08-20,Wrocław,Polska,Bazylea,Szwajcaria,wizzair,99.0,PLN,1.000000,price,RS,False,WRO-BSL,2026-08-20T11:32:53Z,2026-08-20T12:23:59Z
2026-08-31,,94.20,WRO,BUD,2026-08-20,Wrocław,Polska,Budapeszt,Węgry,wizzair,94.2,PLN,1.000000,price,P,False,WRO-BUD,2026-08-20T11:32:53Z,2026-08-20T12:23:59Z
2026-08-20,,860.07,WRO,BVA,2026-08-20,Wrocław,Polska,Paryż,Francja,ryanair,860.07,PLN,1.000000,price,,,WRO-BVA,2026-08-20T11:32:54Z,2026-08-20T12:23:59Z
2026-08-21,,1387.38,WRO,BVA,2026-08-20,Wrocław,Polska,Paryż,Francja,ryanair,1387.38,PLN,1.000000,price,,,WRO-BVA,2026-08-20T11:32:54Z,2026-08-20T12:23:59Z
2026-08-23,,1568.61,WRO,BVA,2026-08-20,Wrocław,Polska,Paryż,Francja,ryanair,1568.61,PLN,1.000000,price,,,WRO-BVA,2026-08-20T11:32:54Z,2026-08-20T12:23:59Z
2026-08-24,,1361.45,WRO,BVA,2026-08-20,Wrocław,Polska,Paryż,Francja,ryanair,1361.45,PLN,1.000000,price,,,WRO-BVA,2026-08-20T11:32:54Z,2026-08-20T12:23:59Z
2026-08-25,,1264.10,WRO,BVA,2026-08-20,Wrocław,Polska,Paryż,Francja,ryanair,1264.1,PLN,1.000000,price,,,WRO-BVA,2026-08-20T11:32:54Z,2026-08-20T12:23:59Z
2026-08-26,,868.72,WRO,BVA,2026-08-20,Wrocław,Polska,Paryż,Francja,ryanair,868.72,PLN,1.000000,price,,,WRO-BVA,2026-08-20T11:32:54Z,2026-08-20T12:23:59Z
2026-08-27,,519.76,WRO,BVA,2026-08-20,Wrocław,Polska,Paryż,Francja,ryanair,519.76,PLN,1.000000,price,,,WRO-BVA,2026-08-20T11:32:54Z,2026-08-20T12:23:59Z
2026-08-28,,513.93,WRO,BVA,2026-08-20,Wrocław,Polska,Paryż,Francja,ryanair,513.93,PLN,1.000000,price,,,WRO-BVA,2026-08-20T11:32:54Z,2026-08-20T12:23:59Z
2026-08-29,,657.88,WRO,BVA,2026-08-20,Wrocław,Polska,Paryż,Francja,ryanair,657.88,PLN,1.000000,price,,,WRO-BVA,2026-08-20T11:32:54Z,2026-08-20T12:23:59Z
2026-08-30,,535.91,WRO,BVA,2026-08-20,Wrocław,Polska,Paryż,Francja,ryanair,535.91,PLN,1.000000,price,,,WRO-BVA,2026-08-20T11:32:54Z,2026-08-20T12:23:59Z
2026-08-31,,405.06,WRO,BVA,2026-08-20,Wrocław,Polska,Paryż,Francja,ryanair,405.06,PLN,1.000000,price,,,WRO-BVA,2026-08-20T11:32:54Z,2026-08-20T12:23:59Z
2026-08-20,,475.40,WRO,CFU,2026-08-20,Wrocław,Polska,Korfu,Grecja,ryanair,475.4,PLN,1.000000,price,,,WRO-CFU,2026-08-20T11:32:54Z,2026-08-20T12:23:59Z
2026-08-22,,285.22,WRO,CFU,2026-08-20,Wrocław,Polska,Korfu,Grecja,ryanair,285.22,PLN,1.000000,price,,,WRO-CFU,2026-08-20T11:32:54Z,2026-08-20T12:23:59Z
2026-08-24,,192.90,WRO,CFU,2026-08-20,Wrocław,Polska,Korfu,Grecja,ryanair,192.9,PLN,1.000000,price,,,WRO-CFU,2026-08-20T11:32:54Z,2026-08-20T12:23:59Z
2026-08-27,,371.67,WRO,CFU,2026-08-20,Wrocław,Polska,Korfu,Grecja,ryanair,371.67,PLN,1.000000,price,,,WRO-CFU,2026-08-20T11:32:54Z,2026-08-20T12:23:59Z
2026-08-29,,293.32,WRO,CFU,2026-08-20,Wrocław,Polska,Korfu,Grecja,ryanair,293.32,PLN,1.000000,price,,,WRO-CFU,2026-08-20T11:32:54Z,2026-08-20T12:23:59Z
2026-08-31,,350.05,WRO,CFU,2026-08-20,Wrocław,Polska,Korfu,Grecja,ryanair,350.05,PLN,1.000000,price,,,WRO-CFU,2026-08-20T11:32:54Z,2026-08-20T12:23:59Z
2026-08-23,,449.47,WRO,CHQ,2026-08-20,Wrocław,Polska,Chania,Grecja,ryanair,449.47,PLN,1.000000,price,,,WRO-CHQ,2026-08-20T11:32:54Z,2026-08-20T12:23:59Z
2026-08-26,,345.17,WRO,CHQ,2026-08-20,Wrocław,Polska,Chania,Grecja,ryanair,345.17,PLN,1.000000,price,,,WRO-CHQ,2026-08-20T11:32:54Z,2026-08-20T12:23:59Z
2026-08-27,,247.00,WRO,CHQ,2026-08-20,Wrocław,Polska,Chania,Grecja,ryanair,247.0,PLN,1.000000,price,,,WRO-CHQ,2026-08-20T11:32:54Z,2026-08-20T12:23:59Z
2026-08-30,,384.63,WRO,CHQ,2026-08-20,Wrocław,Polska,Chania,Grecja,ryanair,384.63,PLN,1.000000,price,,,WRO-CHQ,2026-08-20T11:32:54Z,2026-08-20T12:23:59Z
2026-08-22,,916.26,WRO,CIA,2026-08-20,Wrocław,Polska,Rzym,Włochy,ryanair,916.26,PLN,1.000000,price,,,WRO-CIA,2026-08-20T11:32:54Z,2026-08-20T12:23:59Z
2026-08-23,,1517.05,WRO,CIA,2026-08-20,Wrocław,Polska,Rzym,Włochy,ryanair,1517.05,PLN,1.000000,price,,,WRO-CIA,2026-08-20T11:32:54Z,2026-08-20T12:23:59Z
2026-08-24,,773.63,WRO,CIA,2026-08-20,Wrocław,Polska,Rzym,Włochy,ryanair,773.63,PLN,1.000000,price,,,WRO-CIA,2026-08-20T11:32:54Z,2026-08-20T12:23:59Z
2026-08-25,,711.04,WRO,CIA,2026-08-20,Wrocław,Polska,Rzym,Włochy,ryanair,711.04,PLN,1.000000,price,,,WRO-CIA,2026-08-20T11:32:54Z,2026-08-20T12:23:59Z
2026-08-26,,315.48,WRO,CIA,2026-08-20,Wrocław,Polska,Rzym,Włochy,ryanair,315.48,PLN,1.000000,price,,,WRO-CIA,2026-08-20T11:32:54Z,2026-08-20T12:23:59Z
2026-08-27,,484.04,WRO,CIA,2026-08-20,Wrocław,Polska,Rzym,Włochy,ryanair,484.04,PLN,1.000000,price,,,WRO-CIA,2026-08-20T11:32:54Z,2026-08-20T12:23:59Z
2026-08-28,,427.85,WRO,CIA,2026-08-20,Wrocław,Polska,Rzym,Włochy,ryanair,427.85,PLN,1.000000,price,,,WRO-CIA,2026-08-20T11:32:54Z,2026-08-20T12:23:59Z
2026-08-29,,440.82,WRO,CIA,2026-08-20,Wrocław,Polska,Rzym,Włochy,ryanair,440.82,PLN,1.000000,price,,,WRO-CIA,2026-08-20T11:32:54Z,2026-08-20T12:23:59Z
2026-08-30,,217.32,WRO,CIA,2026-08-20,Wrocław,Polska,Rzym,Włochy,ryanair,217.32,PLN,1.000000,price,,,WRO-CIA,2026-08-20T11:32:54Z,2026-08-20T12:23:59Z
2026-08-31,,353.34,WRO,CIA,2026-08-20,Wrocław,Polska,Rzym,Włochy,ryanair,353.34,PLN,1.000000,price,,,WRO-CIA,2026-08-20T11:32:54Z,2026-08-20T12:23:59Z
2026-08-21,,1496.26,WRO,CRL,2026-08-20,Wrocław,Polska,Charleroi,Belgia,ryanair,1496.26,PLN,1.000000,price,,,WRO-CRL,2026-08-20T11:32:54Z,2026-08-20T12:23:59Z
2026-08-22,,1279.55,WRO,CRL,2026-08-20,Wrocław,Polska,Charleroi,Belgia,ryanair,1279.55,PLN,1.000000,price,,,WRO-CRL,2026-08-20T11:32:54Z,2026-08-20T12:23:59Z
2026-08-24,,1422.96,WRO,CRL,2026-08-20,Wrocław,Polska,Charleroi,Belgia,ryanair,1422.96,PLN,1.000000,price,,,WRO-CRL,2026-08-20T11:32:54Z,2026-08-20T12:23:59Z
2026-08-25,,969.62,WRO,CRL,2026-08-20,Wrocław,Polska,Charleroi,Belgia,ryanair,969.62,PLN,1.000000,price,,,WRO-CRL,2026-08-20T11:32:54Z,2026-08-20T12:23:59Z
2026-08-28,,452.46,WRO,CRL,2026-08-20,Wrocław,Polska,Charleroi,Belgia,ryanair,452.46,PLN,1.000000,price,,,WRO-CRL,2026-08-20T11:32:54Z,2026-08-20T12:23:59Z
2026-08-29,,388.95,WRO,CRL,2026-08-20,Wrocław,Polska,Charleroi,Belgia,ryanair,388.95,PLN,1.000000,price,,,WRO-CRL,2026-08-20T11:32:54Z,2026-08-20T12:23:59Z
2026-08-31,,465.39,WRO,CRL,2026-08-20,Wrocław,Polska,Charleroi,Belgia,ryanair,465.39,PLN,1.000000,price,,,WRO-CRL,2026-08-20T11:32:54Z,2026-08-20T12:23:59Z
2026-08-31,,159.00,WRO,CTA,2026-08-20,Wrocław,Polska,Katania,Włochy,wizzair,159.0,PLN,1.000000,price,OP,False,WRO-CTA,2026-08-20T11:32:53Z,2026-08-20T12:23:59Z
2026-08-21,,1432.87,WRO,DBV,2026-08-20,Wrocław,Polska,Dubrovnik,Chorwacja,ryanair,1432.87,PLN,1.000000,price,,,WRO-DBV,2026-08-20T11:32:54Z,2026-08-20T12:23:59Z
2026-08-22,,302.51,WRO,DBV,2026-08-20,Wrocław,Polska,Dubrovnik,Chorwacja,ryanair,302.51,PLN,1.000000,price,,,WRO-DBV,2026-08-20T11:32:54Z,2026-08-20T12:23:59Z
2026-08-24,,711.03,WRO,DBV,2026-08-20,Wrocław,Polska,Dubrovnik,Chorwacja,ryanair,711.03,PLN,1.000000,price,,,WRO-DBV,2026-08-20T11:32:54Z,2026-08-20T12:23:59Z
2026-08-27,,207.42,WRO,DBV,2026-08-20,Wrocław,Polska,Dubrovnik,Chorwacja,ryanair,207.42,PLN,1.000000,price,,,WRO-DBV,2026-08-20T11:32:54Z,2026-08-20T12:23:59Z
2026-08-28,,104.00,WRO,DBV,2026-08-20,Wrocław,Polska,Dubrovnik,Chorwacja,ryanair,104.0,PLN,1.000000,price,,,WRO-DBV,2026-08-20T11:32:54Z,2026-08-20T12:23:59Z
2026-08-29,,124.94,WRO,DBV,2026-08-20,Wrocław,Polska,Dubrovnik,Chorwacja,ryanair,124.94,PLN,1.000000,price,,,WRO-DBV,2026-08-20T11:32:54Z,2026-08-20T12:23:59Z
2026-08-31,,125.30,WRO,DBV,2026-08-20,Wrocław,Polska,Dubrovnik,Chorwacja,ryanair,125.3,PLN,1.000000,price,,,WRO-DBV,2026-08-20T11:32:54Z,2026-08-20T12:23:59Z
2026-08-29,,319.00,WRO,DTM,2026-08-20,Wrocław,Polska,Dortmund,Niemcy,wizzair,319.0,PLN,1.000000,price,K,False,WRO-DTM,2026-08-20T11:32:53Z,2026-08-20T12:23:59Z
2026-08-20,,1593.00,WRO,DUB,2026-08-20,Wrocław,Polska,Dublin,Irlandia,ryanair,1593.0,PLN,1.000000,price,,,WRO-DUB,2026-08-20T11:32:54Z,2026-08-20T12:23:59Z
2026-08-27,,1775.00,WRO,DUB,2026-08-20,Wrocław,Polska,Dublin,Irlandia,ryanair,1775.0,PLN,1.000000,price,,,WRO-DUB,2026-08-20T11:32:54Z,2026-08-20T12:23:59Z
2026-08-28,,852.32,WRO,DUB,2026-08-20,Wrocław,Polska,Dublin,Irlandia,ryanair,852.32,PLN,1.000000,price,,,WRO-DUB,2026-08-20T11:32:54Z,2026-08-20T12:23:59Z
2026-08-30,,960.41,WRO,DUB,2026-08-20,Wrocław,Polska,Dublin,Irlandia,ryanair,960.41,PLN,1.000000,price,,,WRO-DUB,2026-08-20T11:32:54Z,2026-08-20T12:23:59Z
2026-08-31,,868.83,WRO,DUB,2026-08-20,Wrocław,Polska,Dublin,Irlandia,ryanair,868.83,PLN,1.000000,price,,,WRO-DUB,2026-08-20T11:32:54Z,2026-08-20T12:23:59Z
2026-08-22,,1361.92,WRO,EDI,2026-08-20,Wrocław,Polska,Edynburg,Szkocja,ryanair,1361.92,PLN,1.000000,price,,,WRO-EDI,2026-08-20T11:32:54Z,2026-08-20T12:23:59Z
2026-08-23,,1325.61,WRO,EDI,2026-08-20,Wrocław,Polska,Edynburg,Szkocja,ryanair,1325.61,PLN,1.000000,price,,,WRO-EDI,2026-08-20T11:32:54Z,2026-08-20T12:23:59Z
2026-08-26,,1038.92,WRO,EDI,2026-08-20,Wrocław,Polska,Edynburg,Szkocja,ryanair,1038.92,PLN,1.000000,price,,,WRO-EDI,2026-08-20T11:32:54Z,2026-08-20T12:23:59Z
2026-08-27,,657.88,WRO,EDI,2026-08-20,Wrocław,Polska,Edynburg,Szkocja,ryanair,657.88,PLN,1.000000,price,,,WRO-EDI,2026-08-20T11:32:54Z,2026-08-20T12:23:59Z
2026-08-29,,477.62,WRO,EDI,2026-08-20,Wrocław,Polska,Edynburg,Szkocja,ryanair,477.62,PLN,1.000000,price,,,WRO-EDI,2026-08-20T11:32:54Z,2026-08-20T12:23:59Z
2026-08-30,,539.40,WRO,EDI,2026-08-20,Wrocław,Polska,Edynburg,Szkocja,ryanair,539.4,PLN,1.000000,price,,,WRO-EDI,2026-08-20T11:32:54Z,2026-08-20T12:23:59Z
2026-08-29,,609.00,WRO,EIN,2026-08-20,Wrocław,Polska,Eindhoven,Holandia,wizzair,609.0,PLN,1.000000,price,I,False,WRO-EIN,2026-08-20T11:32:53Z,2026-08-20T12:23:59Z
2026-08-30,,609.00,WRO,EIN,2026-08-20,Wrocław,Polska,Eindhoven,Holandia,wizzair,609.0,PLN,1.000000,price,I,False,WRO-EIN,2026-08-20T11:32:53Z,2026-08-20T12:23:59Z
2026-08-21,,1546.94,WRO,EMA,2026-08-20,Wrocław,Polska,East Midlands,Wielka Brytania,ryanair,1546.94,PLN,1.000000,price,,,WRO-EMA,2026-08-20T11:32:54Z,2026-08-20T12:23:59Z
2026-08-22,,1302.93,WRO,EMA,2026-08-20,Wrocław,Polska,East Midlands,Wielka Brytania,ryanair,1302.93,PLN,1.000000,price,,,WRO-EMA,2026-08-20T11:32:54Z,2026-08-20T12:23:59Z
2026-08-24,,1546.94,WRO,EMA,2026-08-20,Wrocław,Polska,East Midlands,Wielka Brytania,ryanair,1546.94,PLN,1.000000,price,,,WRO-EMA,2026-08-20T11:32:54Z,2026-08-20T12:23:59Z
2026-08-26,,1215.87,WRO,EMA,2026-08-20,Wrocław,Polska,East Midlands,Wielka Brytania,ryanair,1215.87,PLN,1.000000,price,,,WRO-EMA,2026-08-20T11:32:54Z,2026-08-20T12:23:59Z
2026-08-27,,1056.46,WRO,EMA,2026-08-20,Wrocław,Polska,East Midlands,Wielka Brytania,ryanair,1056.46,PLN,1.000000,price,,,WRO-EMA,2026-08-20T11:32:54Z,2026-08-20T12:23:59Z
2026-08-28,,1521.44,WRO,EMA,2026-08-20,Wrocław,Polska,East Midlands,Wielka Brytania,ryanair,1521.44,PLN,1.000000,price,,,WRO-EMA,2026-08-20T11:32:54Z,2026-08-20T12:23:59Z
2026-08-29,,1176.10,WRO,EMA,2026-08-20,Wrocław,Polska,East Midlands,Wielka Brytania,ryanair,1176.1,PLN,1.000000,price,,,WRO-EMA,2026-08-20T11:32:54Z,2026-08-20T12:23:59Z
2026-08-31,,1281.56,WRO,EMA,2026-08-20,Wrocław,Polska,East Midlands,Wielka Brytania,ryanair,1281.56,PLN,1.000000,price,,,WRO-EMA,2026-08-20T11:32:54Z,2026-08-20T12:23:59Z
2026-08-21,,723.54,WRO,GDN,2026-08-20,Wrocław,Polska,Gdańsk,Polska,ryanair,723.54,PLN,1.000000,price,,,WRO-GDN,2026-08-20T11:32:54Z,2026-08-20T12:23:59Z
2026-08-23,,250.65,WRO,GDN,2026-08-20,Wrocław,Polska,Gdańsk,Polska,ryanair,250.65,PLN,1.000000,price,,,WRO-GDN,2026-08-20T11:32:54Z,2026-08-20T12:23:59Z
2026-08-24,,159.41,WRO,GDN,2026-08-20,Wrocław,Polska,Gdańsk,Polska,ryanair,159.41,PLN,1.000000,price,,,WRO-GDN,2026-08-20T11:32:54Z,2026-08-20T12:23:59Z
2026-08-25,,133.55,WRO,GDN,2026-08-20,Wrocław,Polska,Gdańsk,Polska,ryanair,133.55,PLN,1.000000,price,,,WRO-GDN,2026-08-20T11:32:54Z,2026-08-20T12:23:59Z
2026-08-27,,203.10,WRO,GDN,2026-08-20,Wrocław,Polska,Gdańsk,Polska,ryanair,203.1,PLN,1.000000,price,,,WRO-GDN,2026-08-20T11:32:54Z,2026-08-20T12:23:59Z
2026-08-28,,272.26,WRO,GDN,2026-08-20,Wrocław,Polska,Gdańsk,Polska,ryanair,272.26,PLN,1.000000,price,,,WRO-GDN,2026-08-20T11:32:54Z,2026-08-20T12:23:59Z
2026-08-30,,226.95,WRO,GDN,2026-08-20,Wrocław,Polska,Gdańsk,Polska,ryanair,226.95,PLN,1.000000,price,,,WRO-GDN,2026-08-20T11:32:54Z,2026-08-20T12:23:59Z
2026-08-31,,107.70,WRO,GDN,2026-08-20,Wrocław,Polska,Gdańsk,Polska,ryanair,107.7,PLN,1.000000,price,,,WRO-GDN,2026-08-20T11:32:54Z,2026-08-20T12:23:59Z
2026-08-22,,1510.68,WRO,GLA,2026-08-20,Wrocław,Polska,Glasgow,Szkocja,ryanair,1510.68,PLN,1.000000,price,,,WRO-GLA,2026-08-20T11:32:54Z,2026-08-20T12:23:59Z
2026-08-26,,547.28,WRO,GLA,2026-08-20,Wrocław,Polska,Glasgow,Szkocja,ryanair,547.28,PLN,1.000000,price,,,WRO-GLA,2026-08-20T11:32:54Z,2026-08-20T12:23:59Z
2026-08-29,,726.09,WRO,GLA,2026-08-20,Wrocław,Polska,Glasgow,Szkocja,ryanair,726.09,PLN,1.000000,price,,,WRO-GLA,2026-08-20T11:32:54Z,2026-08-20T12:23:59Z
2026-08-21,,911.94,WRO,GRO,2026-08-20,Wrocław,Polska,Girona,Hiszpania,ryanair,911.94,PLN,1.000000,price,,,WRO-GRO,2026-08-20T11:32:54Z,2026-08-20T12:23:59Z
2026-08-22,,704.48,WRO,GRO,2026-08-20,Wrocław,Polska,Girona,Hiszpania,ryanair,704.48,PLN,1.000000,price,,,WRO-GRO,2026-08-20T11:32:54Z,2026-08-20T12:23:59Z
2026-08-23,,1361.34,WRO,GRO,2026-08-20,Wrocław,Polska,Girona,Hiszpania,ryanair,1361.34,PLN,1.000000,price,,,WRO-GRO,2026-08-20T11:32:54Z,2026-08-20T12:23:59Z
2026-08-24,,216.07,WRO,GRO,2026-08-20,Wrocław,Polska,Girona,Hiszpania,ryanair,216.07,PLN,1.000000,price,,,WRO-GRO,2026-08-20T11:32:54Z,2026-08-20T12:23:59Z
2026-08-25,,1082.62,WRO,GRO,2026-08-20,Wrocław,Polska,Girona,Hiszpania,ryanair,1082.62,PLN,1.000000,price,,,WRO-GRO,2026-08-20T11:32:54Z,2026-08-20T12:23:59Z
2026-08-26,,452.46,WRO,GRO,2026-08-20,Wrocław,Polska,Girona,Hiszpania,ryanair,452.46,PLN,1.000000,price,,,WRO-GRO,2026-08-20T11:32:54Z,2026-08-20T12:23:59Z
2026-08-28,,172.84,WRO,GRO,2026-08-20,Wrocław,Polska,Girona,Hiszpania,ryanair,172.84,PLN,1.000000,price,,,WRO-GRO,2026-08-20T11:32:54Z,2026-08-20T12:23:59Z
2026-08-29,,540.35,WRO,GRO,2026-08-20,Wrocław,Polska,Girona,Hiszpania,ryanair,540.35,PLN,1.000000,price,,,WRO-GRO,2026-08-20T11:32:54Z,2026-08-20T12:23:59Z
2026-08-30,,259.47,WRO,GRO,2026-08-20,Wrocław,Polska,Girona,Hiszpania,ryanair,259.47,PLN,1.000000,price,,,WRO-GRO,2026-08-20T11:32:54Z,2026-08-20T12:23:59Z
2026-08-31,,194.46,WRO,GRO,2026-08-20,Wrocław,Polska,Girona,Hiszpania,ryanair,194.46,PLN,1.000000,price,,,WRO-GRO,2026-08-20T11:32:54Z,2026-08-20T12:23:59Z
2026-08-29,,319.00,WRO,KEF,2026-08-20,Wrocław,Polska,Reykjavik,Islandia,wizzair,319.0,PLN,1.000000,price,O,False,WRO-KEF,2026-08-20T11:32:53Z,2026-08-20T12:23:59Z
2026-08-30,,519.00,WRO,KUT,2026-08-20,Wrocław,Polska,Kutaisi,Gruzja,wizzair,519.0,PLN,1.000000,price,J,False,WRO-KUT,2026-08-20T11:32:53Z,2026-08-20T12:23:59Z
2026-08-22,,1615.28,WRO,LBA,2026-08-20,Wrocław,Polska,Leeds,Wielka Brytania,ryanair,1615.28,PLN,1.000000,price,,,WRO-LBA,2026-08-20T11:32:54Z,2026-08-20T12:23:59Z
2026-08-25,,1331.19,WRO,LBA,2026-08-20,Wrocław,Polska,Leeds,Wielka Brytania,ryanair,1331.19,PLN,1.000000,price,,,WRO-LBA,2026-08-20T11:32:54Z,2026-08-20T12:23:59Z
2026-08-27,,1305.26,WRO,LBA,2026-08-20,Wrocław,Polska,Leeds,Wielka Brytania,ryanair,1305.26,PLN,1.000000,price,,,WRO-LBA,2026-08-20T11:32:54Z,2026-08-20T12:23:59Z
2026-08-29,,1458.63,WRO,LBA,2026-08-20,Wrocław,Polska,Leeds,Wielka Brytania,ryanair,1458.63,PLN,1.000000,price,,,WRO-LBA,2026-08-20T11:32:54Z,2026-08-20T12:23:59Z
2026-08-30,,409.00,WRO,LCA,2026-08-20,Wrocław,Polska,Larnaka,Cypr,wizzair,409.0,PLN,1.000000,price,J,False,WRO-LCA,2026-08-20T11:32:53Z,2026-08-20T12:23:59Z
2026-08-26,,463.37,WRO,LIS,2026-08-20,Wrocław,Polska,Lizbona,Portugalia,ryanair,463.37,PLN,1.000000,price,,,WRO-LIS,2026-08-20T11:32:54Z,2026-08-20T12:23:59Z
2026-08-30,,629.58,WRO,LIS,2026-08-20,Wrocław,Polska,Lizbona,Portugalia,ryanair,629.58,PLN,1.000000,price,,,WRO-LIS,2026-08-20T11:32:54Z,2026-08-20T12:23:59Z
2026-08-30,,1284.22,WRO,LPL,2026-08-20,Wrocław,Polska,Liverpool,Wielka Brytania,ryanair,1284.22,PLN,1.000000,price,,,WRO-LPL,2026-08-20T11:32:54Z,2026-08-20T12:23:59Z
2026-08-24,,1142.00,WRO,LTN,2026-08-20,Wrocław,Polska,Londyn,Wielka Brytania,ryanair,1142.0,PLN,1.000000,price,,,WRO-LTN,2026-08-20T11:32:54Z,2026-08-20T12:23:59Z
2026-08-25,,1353.02,WRO,LTN,2026-08-20,Wrocław,Polska,Londyn,Wielka Brytania,ryanair,1353.02,PLN,1.000000,price,,,WRO-LTN,2026-08-20T11:32:54Z,2026-08-20T12:23:59Z
2026-08-27,,971.56,WRO,LTN,2026-08-20,Wrocław,Polska,Londyn,Wielka Brytania,ryanair,971.56,PLN,1.000000,price,,,WRO-LTN,2026-08-20T11:32:54Z,2026-08-20T12:23:59Z
2026-08-29,,1232.50,WRO,LTN,2026-08-20,Wrocław,Polska,Londyn,Wielka Brytania,ryanair,1232.5,PLN,1.000000,price,,,WRO-LTN,2026-08-20T11:32:54Z,2026-08-20T12:23:59Z
2026-08-31,,1215.26,WRO,LTN,2026-08-20,Wrocław,Polska,Londyn,Wielka Brytania,ryanair,1215.26,PLN,1.000000,price,,,WRO-LTN,2026-08-20T11:32:54Z,2026-08-20T12:23:59Z
2026-08-31,,449.00,WRO,MAD,2026-08-20,Wrocław,Polska,Madryt,Hiszpania,wizzair,449.0,PLN,1.000000,price,IJ,False,WRO-MAD,2026-08-20T11:32:53Z,2026-08-20T12:23:59Z
2026-08-20,,1413.32,WRO,MAN,2026-08-20,Wrocław,Polska,Manchester,Wielka Brytania,ryanair,1413.32,PLN,1.000000,price,,,WRO-MAN,2026-08-20T11:32:54Z,2026-08-20T12:23:59Z
2026-08-24,,1568.61,WRO,MAN,2026-08-20,Wrocław,Polska,Manchester,Wielka Brytania,ryanair,1568.61,PLN,1.000000,price,,,WRO-MAN,2026-08-20T11:32:54Z,2026-08-20T12:23:59Z
2026-08-27,,1422.12,WRO,MAN,2026-08-20,Wrocław,Polska,Manchester,Wielka Brytania,ryanair,1422.12,PLN,1.000000,price,,,WRO-MAN,2026-08-20T11:32:54Z,2026-08-20T12:23:59Z
2026-08-30,,1017.02,WRO,MAN,2026-08-20,Wrocław,Polska,Manchester,Wielka Brytania,ryanair,1017.02,PLN,1.000000,price,,,WRO-MAN,2026-08-20T11:32:54Z,2026-08-20T12:23:59Z
2026-08-31,,781.36,WRO,MAN,2026-08-20,Wrocław,Polska,Manchester,Wielka Brytania,ryanair,781.36,PLN,1.000000,price,,,WRO-MAN,2026-08-20T11:32:54Z,2026-08-20T12:23:59Z
2026-08-21,,1169.92,WRO,MLA,2026-08-20,Wrocław,Polska,Valletta,Malta,ryanair,1169.92,PLN,1.000000,price,,,WRO-MLA,2026-08-20T11:32:54Z,2026-08-20T12:23:59Z
2026-08-22,,963.64,WRO,MLA,2026-08-20,Wrocław,Polska,Valletta,Malta,ryanair,963.64,PLN,1.000000,price,,,WRO-MLA,2026-08-20T11:32:54Z,2026-08-20T12:23:59Z
2026-08-24,,790.36,WRO,MLA,2026-08-20,Wrocław,Polska,Valletta,Malta,ryanair,790.36,PLN,1.000000,price,,,WRO-MLA,2026-08-20T11:32:54Z,2026-08-20T12:23:59Z
2026-08-25,,399.69,WRO,MLA,2026-08-20,Wrocław,Polska,Valletta,Malta,ryanair,399.69,PLN,1.000000,price,,,WRO-MLA,2026-08-20T11:32:54Z,2026-08-20T12:23:59Z
2026-08-26,,145.00,WRO,MLA,2026-08-20,Wrocław,Polska,Valletta,Malta,ryanair,145.0,PLN,1.000000,price,,,WRO-MLA,2026-08-20T11:32:54Z,2026-08-20T12:23:59Z
2026-08-27,,191.53,WRO,MLA,2026-08-20,Wrocław,Polska,Valletta,Malta,ryanair,191.53,PLN,1.000000,price,,,WRO-MLA,2026-08-20T11:32:54Z,2026-08-20T12:23:59Z
2026-08-28,,217.32,WRO,MLA,2026-08-20,Wrocław,Polska,Valletta,Malta,ryanair,217.32,PLN,1.000000,price,,,WRO-MLA,2026-08-20T11:32:54Z,2026-08-20T12:23:59Z
2026-08-29,,240.86,WRO,MLA,2026-08-20,Wrocław,Polska,Valletta,Malta,ryanair,240.86,PLN,1.000000,price,,,WRO-MLA,2026-08-20T11:32:54Z,2026-08-20T12:23:59Z
2026-08-30,,145.00,WRO,MLA,2026-08-20,Wrocław,Polska,Valletta,Malta,ryanair,145.0,PLN,1.000000,price,,,WRO-MLA,2026-08-20T11:32:54Z,2026-08-20T12:23:59Z
2026-08-31,,140.25,WRO,MLA,2026-08-20,Wrocław,Polska,Valletta,Malta,ryanair,140.25,PLN,1.000000,price,,,WRO-MLA,2026-08-20T11:32:54Z,2026-08-20T12:23:59Z
2026-08-22,,442.00,WRO,MRS,2026-08-20,Wrocław,Polska,Marsylia,Francja,ryanair,442.0,PLN,1.000000,price,,,WRO-MRS,2026-08-20T11:32:54Z,2026-08-20T12:23:59Z
2026-08-25,,505.49,WRO,MRS,2026-08-20,Wrocław,Polska,Marsylia,Francja,ryanair,505.49,PLN,1.000000,price,,,WRO-MRS,2026-08-20T11:32:54Z,2026-08-20T12:23:59Z
2026-08-29,,455.67,WRO,MRS,2026-08-20,Wrocław,Polska,Marsylia,Francja,ryanair,455.67,PLN,1.000000,price,,,WRO-MRS,2026-08-20T11:32:54Z,2026-08-20T12:23:59Z
2026-08-23,,873.04,WRO,NAP,2026-08-20,Wrocław,Polska,Neapol,Włochy,ryanair,873.04,PLN,1.000000,price,,,WRO-NAP,2026-08-20T11:32:54Z,2026-08-20T12:23:59Z
2026-08-26,,504.18,WRO,NAP,2026-08-20,Wrocław,Polska,Neapol,Włochy,ryanair,504.18,PLN,1.000000,price,,,WRO-NAP,2026-08-20T11:32:54Z,2026-08-20T12:23:59Z
2026-08-30,,340.42,WRO,NAP,2026-08-20,Wrocław,Polska,Neapol,Włochy,ryanair,340.42,PLN,1.000000,price,,,WRO-NAP,2026-08-20T11:32:54Z,2026-08-20T12:23:59Z
2026-08-29,,229.00,WRO,NCE,2026-08-20,Wrocław,Polska,Nicea,Francja,wizzair,229.0,PLN,1.000000,price,O,False,WRO-NCE,2026-08-20T11:32:53Z,2026-08-20T12:23:59Z
2026-08-22,,950.84,WRO,NCL,2026-08-20,Wrocław,Polska,Newcastle,Wielka Brytania,ryanair,950.84,PLN,1.000000,price,,,WRO-NCL,2026-08-20T11:32:54Z,2026-08-20T12:23:59Z
2026-08-25,,1465.18,WRO,NCL,2026-08-20,Wrocław,Polska,Newcastle,Wielka Brytania,ryanair,1465.18,PLN,1.000000,price,,,WRO-NCL,2026-08-20T11:32:54Z,2026-08-20T12:23:59Z
2026-08-29,,1413.53,WRO,NCL,2026-08-20,Wrocław,Polska,Newcastle,Wielka Brytania,ryanair,1413.53,PLN,1.000000,price,,,WRO-NCL,2026-08-20T11:32:54Z,2026-08-20T12:23:59Z
2026-08-30,,159.00,WRO,OHD,2026-08-20,Wrocław,Polska,Ochryda,Macedonia Północna,wizzair,159.0,PLN,1.000000,price,PR,False,WRO-OHD,2026-08-20T11:32:53Z,2026-08-20T12:23:59Z
2026-08-22,,864.82,WRO,OPO,2026-08-20,Wrocław,Polska,Porto,Portugalia,ryanair,864.82,PLN,1.000000,price,,,WRO-OPO,2026-08-20T11:32:54Z,2026-08-20T12:23:59Z
2026-08-26,,618.17,WRO,OPO,2026-08-20,Wrocław,Polska,Porto,Portugalia,ryanair,618.17,PLN,1.000000,price,,,WRO-OPO,2026-08-20T11:32:54Z,2026-08-20T12:23:59Z
2026-08-29,,660.29,WRO,OPO,2026-08-20,Wrocław,Polska,Porto,Portugalia,ryanair,660.29,PLN,1.000000,price,,,WRO-OPO,2026-08-20T11:32:54Z,2026-08-20T12:23:59Z
2026-08-23,,1710.28,WRO,PFO,2026-08-20,Wrocław,Polska,Pafos,Cypr,ryanair,1710.28,PLN,1.000000,price,,,WRO-PFO,2026-08-20T11:32:54Z,2026-08-20T12:23:59Z
2026-08-25,,767.24,WRO,PFO,2026-08-20,Wrocław,Polska,Pafos,Cypr,ryanair,767.24,PLN,1.000000,price,,,WRO-PFO,2026-08-20T11:32:54Z,2026-08-20T12:23:59Z
2026-08-27,,442.87,WRO,PFO,2026-08-20,Wrocław,Polska,Pafos,Cypr,ryanair,442.87,PLN,1.000000,price,,,WRO-PFO,2026-08-20T11:32:54Z,2026-08-20T12:23:59Z
2026-08-30,,292.53,WRO,PFO,2026-08-20,Wrocław,Polska,Pafos,Cypr,ryanair,292.53,PLN,1.000000,price,,,WRO-PFO,2026-08-20T11:32:54Z,2026-08-20T12:23:59Z
2026-08-20,,1125.36,WRO,PMI,2026-08-20,Wrocław,Polska,Majorka,Hiszpania,ryanair,1125.36,PLN,1.000000,price,,,WRO-PMI,2026-08-20T11:32:54Z,2026-08-20T12:23:59Z
2026-08-22,,1430.53,WRO,PMI,2026-08-20,Wrocław,Polska,Majorka,Hiszpania,ryanair,1430.53,PLN,1.000000,price,,,WRO-PMI,2026-08-20T11:32:54Z,2026-08-20T12:23:59Z
2026-08-24,,468.49,WRO,PMI,2026-08-20,Wrocław,Polska,Majorka,Hiszpania,ryanair,468.49,PLN,1.000000,price,,,WRO-PMI,2026-08-20T11:32:54Z,2026-08-20T12:23:59Z
2026-08-25,,159.40,WRO,PMI,2026-08-20,Wrocław,Polska,Majorka,Hiszpania,ryanair,159.4,PLN,1.000000,price,,,WRO-PMI,2026-08-20T11:32:54Z,2026-08-20T12:23:59Z
2026-08-26,,256.43,WRO,PMI,2026-08-20,Wrocław,Polska,Majorka,Hiszpania,ryanair,256.43,PLN,1.000000,price,,,WRO-PMI,2026-08-20T11:32:54Z,2026-08-20T12:23:59Z
2026-08-27,,152.49,WRO,PMI,2026-08-20,Wrocław,Polska,Majorka,Hiszpania,ryanair,152.49,PLN,1.000000,price,,,WRO-PMI,2026-08-20T11:32:54Z,2026-08-20T12:23:59Z
2026-08-29,,252.11,WRO,PMI,2026-08-20,Wrocław,Polska,Majorka,Hiszpania,ryanair,252.11,PLN,1.000000,price,,,WRO-PMI,2026-08-20T11:32:54Z,2026-08-20T12:23:59Z
2026-08-31,,142.48,WRO,PMI,2026-08-20,Wrocław,Polska,Majorka,Hiszpania,ryanair,142.48,PLN,1.000000,price,,,WRO-PMI,2026-08-20T11:32:54Z,2026-08-20T12:23:59Z
2026-08-21,,767.24,WRO,PMO,2026-08-20,Wrocław,Polska,Palermo,Włochy,ryanair,767.24,PLN,1.000000,price,,,WRO-PMO,2026-08-20T11:32:54Z,2026-08-20T12:23:59Z
2026-08-22,,401.92,WRO,PMO,2026-08-20,Wrocław,Polska,Palermo,Włochy,ryanair,401.92,PLN,1.000000,price,,,WRO-PMO,2026-08-20T11:32:54Z,2026-08-20T12:23:59Z
2026-08-23,,1144.03,WRO,PMO,2026-08-20,Wrocław,Polska,Palermo,Włochy,ryanair,1144.03,PLN,1.000000,price,,,WRO-PMO,2026-08-20T11:32:54Z,2026-08-20T12:23:59Z
2026-08-24,,713.12,WRO,PMO,2026-08-20,Wrocław,Polska,Palermo,Włochy,ryanair,713.12,PLN,1.000000,price,,,WRO-PMO,2026-08-20T11:32:54Z,2026-08-20T12:23:59Z
2026-08-25,,553.20,WRO,PMO,2026-08-20,Wrocław,Polska,Palermo,Włochy,ryanair,553.2,PLN,1.000000,price,,,WRO-PMO,2026-08-20T11:32:54Z,2026-08-20T12:23:59Z
2026-08-26,,414.89,WRO,PMO,2026-08-20,Wrocław,Polska,Palermo,Włochy,ryanair,414.89,PLN,1.000000,price,,,WRO-PMO,2026-08-20T11:32:54Z,2026-08-20T12:23:59Z
2026-08-28,,314.56,WRO,PMO,2026-08-20,Wrocław,Polska,Palermo,Włochy,ryanair,314.56,PLN,1.000000,price,,,WRO-PMO,2026-08-20T11:32:54Z,2026-08-20T12:23:59Z
2026-08-29,,186.92,WRO,PMO,2026-08-20,Wrocław,Polska,Palermo,Włochy,ryanair,186.92,PLN,1.000000,price,,,WRO-PMO,2026-08-20T11:32:54Z,2026-08-20T12:23:59Z
2026-08-30,,155.08,WRO,PMO,2026-08-20,Wrocław,Polska,Palermo,Włochy,ryanair,155.08,PLN,1.000000,price,,,WRO-PMO,2026-08-20T11:32:54Z,2026-08-20T12:23:59Z
2026-08-31,,289.54,WRO,PMO,2026-08-20,Wrocław,Polska,Palermo,Włochy,ryanair,289.54,PLN,1.000000,price,,,WRO-PMO,2026-08-20T11:32:54Z,2026-08-20T12:23:59Z
2026-08-22,,1007.33,WRO,PSA,2026-08-20,Wrocław,Polska,Piza,Włochy,ryanair,1007.33,PLN,1.000000,price,,,WRO-PSA,2026-08-20T11:32:54Z,2026-08-20T12:23:59Z
2026-08-23,,1454.31,WRO,PSA,2026-08-20,Wrocław,Polska,Piza,Włochy,ryanair,1454.31,PLN,1.000000,price,,,WRO-PSA,2026-08-20T11:32:54Z,2026-08-20T12:23:59Z
2026-08-26,,348.29,WRO,PSA,2026-08-20,Wrocław,Polska,Piza,Włochy,ryanair,348.29,PLN,1.000000,price,,,WRO-PSA,2026-08-20T11:32:54Z,2026-08-20T12:23:59Z
2026-08-29,,237.19,WRO,PSA,2026-08-20,Wrocław,Polska,Piza,Włochy,ryanair,237.19,PLN,1.000000,price,,,WRO-PSA,2026-08-20T11:32:54Z,2026-08-20T12:23:59Z
2026-08-30,,259.78,WRO,PSA,2026-08-20,Wrocław,Polska,Piza,Włochy,ryanair,259.78,PLN,1.000000,price,,,WRO-PSA,2026-08-20T11:32:54Z,2026-08-20T12:23:59Z
2026-08-23,,631.00,WRO,PSR,2026-08-20,Wrocław,Polska,Pescara,Włochy,ryanair,631.0,PLN,1.000000,price,,,WRO-PSR,2026-08-20T11:32:54Z,2026-08-20T12:23:59Z
2026-08-28,,238.78,WRO,PSR,2026-08-20,Wrocław,Polska,Pescara,Włochy,ryanair,238.78,PLN,1.000000,price,,,WRO-PSR,2026-08-20T11:32:54Z,2026-08-20T12:23:59Z
2026-08-30,,136.32,WRO,PSR,2026-08-20,Wrocław,Polska,Pescara,Włochy,ryanair,136.32,PLN,1.000000,price,,,WRO-PSR,2026-08-20T11:32:54Z,2026-08-20T12:23:59Z
2026-08-23,,566.98,WRO,RJK,2026-08-20,Wrocław,Polska,Rijeka,Chorwacja,ryanair,566.98,PLN,1.000000,price,,,WRO-RJK,2026-08-20T11:32:54Z,2026-08-20T12:23:59Z
2026-08-26,,104.00,WRO,RJK,2026-08-20,Wrocław,Polska,Rijeka,Chorwacja,ryanair,104.0,PLN,1.000000,price,,,WRO-RJK,2026-08-20T11:32:54Z,2026-08-20T12:23:59Z
2026-08-27,,104.00,WRO,RJK,2026-08-20,Wrocław,Polska,Rijeka,Chorwacja,ryanair,104.0,PLN,1.000000,price,,,WRO-RJK,2026-08-20T11:32:54Z,2026-08-20T12:23:59Z
2026-08-30,,145.00,WRO,RJK,2026-08-20,Wrocław,Polska,Rijeka,Chorwacja,ryanair,145.0,PLN,1.000000,price,,,WRO-RJK,2026-08-20T11:32:54Z,2026-08-20T12:23:59Z
2026-08-23,,864.40,WRO,RMI,2026-08-20,Wrocław,Polska,Rimini,Włochy,ryanair,864.4,PLN,1.000000,price,,,WRO-RMI,2026-08-20T11:32:54Z,2026-08-20T12:23:59Z
2026-08-27,,596.42,WRO,RMI,2026-08-20,Wrocław,Polska,Rimini,Włochy,ryanair,596.42,PLN,1.000000,price,,,WRO-RMI,2026-08-20T11:32:54Z,2026-08-20T12:23:59Z
2026-08-30,,497.01,WRO,RMI,2026-08-20,Wrocław,Polska,Rimini,Włochy,ryanair,497.01,PLN,1.000000,price,,,WRO-RMI,2026-08-20T11:32:54Z,2026-08-20T12:23:59Z
2026-08-30,,269.00,WRO,RMO,2026-08-20,Wrocław,Polska,Kiszyniów,Mołdawia,wizzair,269.0,PLN,1.000000,price,K,False,WRO-RMO,2026-08-20T11:32:53Z,2026-08-20T12:23:59Z
2026-08-20,,1862.82,WRO,SNN,2026-08-20,Wrocław,Polska,Shannon,Irlandia,ryanair,1862.82,PLN,1.000000,price,,,WRO-SNN,2026-08-20T11:32:54Z,2026-08-20T12:23:59Z
2026-08-24,,1862.82,WRO,SNN,2026-08-20,Wrocław,Polska,Shannon,Irlandia,ryanair,1862.82,PLN,1.000000,price,,,WRO-SNN,2026-08-20T11:32:54Z,2026-08-20T12:23:59Z
2026-08-25,,1789.26,WRO,SNN,2026-08-20,Wrocław,Polska,Shannon,Irlandia,ryanair,1789.26,PLN,1.000000,price,,,WRO-SNN,2026-08-20T11:32:54Z,2026-08-20T12:23:59Z
2026-08-27,,1480.31,WRO,SNN,2026-08-20,Wrocław,Polska,Shannon,Irlandia,ryanair,1480.31,PLN,1.000000,price,,,WRO-SNN,2026-08-20T11:32:54Z,2026-08-20T12:23:59Z
2026-08-30,,1013.04,WRO,SNN,2026-08-20,Wrocław,Polska,Shannon,Irlandia,ryanair,1013.04,PLN,1.000000,price,,,WRO-SNN,2026-08-20T11:32:54Z,2026-08-20T12:23:59Z
2026-08-31,,518.62,WRO,SNN,2026-08-20,Wrocław,Polska,Shannon,Irlandia,ryanair,518.62,PLN,1.000000,price,,,WRO-SNN,2026-08-20T11:32:54Z,2026-08-20T12:23:59Z
2026-08-22,,183.11,WRO,SOF,2026-08-20,Wrocław,Polska,Sofia,Bułagria,ryanair,183.11,PLN,1.000000,price,,,WRO-SOF,2026-08-20T11:32:54Z,2026-08-20T12:23:59Z
2026-08-25,,194.46,WRO,SOF,2026-08-20,Wrocław,Polska,Sofia,Bułagria,ryanair,194.46,PLN,1.000000,price,,,WRO-SOF,2026-08-20T11:32:54Z,2026-08-20T12:23:59Z
2026-08-29,,73.43,WRO,SOF,2026-08-20,Wrocław,Polska,Sofia,Bułagria,ryanair,73.43,PLN,1.000000,price,,,WRO-SOF,2026-08-20T11:32:54Z,2026-08-20T12:23:59Z
2026-08-31,,359.00,WRO,SPU,2026-08-20,Wrocław,Polska,Split,Chorwacja,wizzair,359.0,PLN,1.000000,price,KL,False,WRO-SPU,2026-08-20T11:32:53Z,2026-08-20T12:23:59Z
2026-08-20,,1517.12,WRO,STN,2026-08-20,Wrocław,Polska,Londyn,Wielka Brytania,ryanair,1517.12,PLN,1.000000,price,,,WRO-STN,2026-08-20T11:32:54Z,2026-08-20T12:23:59Z
2026-08-21,,1487.29,WRO,STN,2026-08-20,Wrocław,Polska,Londyn,Wielka Brytania,ryanair,1487.29,PLN,1.000000,price,,,WRO-STN,2026-08-20T11:32:54Z,2026-08-20T12:23:59Z
2026-08-22,,1546.94,WRO,STN,2026-08-20,Wrocław,Polska,Londyn,Wielka Brytania,ryanair,1546.94,PLN,1.000000,price,,,WRO-STN,2026-08-20T11:32:54Z,2026-08-20T12:23:59Z
2026-08-23,,1566.82,WRO,STN,2026-08-20,Wrocław,Polska,Londyn,Wielka Brytania,ryanair,1566.82,PLN,1.000000,price,,,WRO-STN,2026-08-20T11:32:54Z,2026-08-20T12:23:59Z
2026-08-24,,1302.93,WRO,STN,2026-08-20,Wrocław,Polska,Londyn,Wielka Brytania,ryanair,1302.93,PLN,1.000000,price,,,WRO-STN,2026-08-20T11:32:54Z,2026-08-20T12:23:59Z
2026-08-25,,1056.46,WRO,STN,2026-08-20,Wrocław,Polska,Londyn,Wielka Brytania,ryanair,1056.46,PLN,1.000000,price,,,WRO-STN,2026-08-20T11:32:54Z,2026-08-20T12:23:59Z
2026-08-26,,1056.46,WRO,STN,2026-08-20,Wrocław,Polska,Londyn,Wielka Brytania,ryanair,1056.46,PLN,1.000000,price,,,WRO-STN,2026-08-20T11:32:54Z,2026-08-20T12:23:59Z
2026-08-27,,955.01,WRO,STN,2026-08-20,Wrocław,Polska,Londyn,Wielka Brytania,ryanair,955.01,PLN,1.000000,price,,,WRO-STN,2026-08-20T11:32:54Z,2026-08-20T12:23:59Z
2026-08-28,,955.01,WRO,STN,2026-08-20,Wrocław,Polska,Londyn,Wielka Brytania,ryanair,955.01,PLN,1.000000,price,,,WRO-STN,2026-08-20T11:32:54Z,2026-08-20T12:23:59Z
2026-08-29,,955.01,WRO,STN,2026-08-20,Wrocław,Polska,Londyn,Wielka Brytania,ryanair,955.01,PLN,1.000000,price,,,WRO-STN,2026-08-20T11:32:54Z,2026-08-20T12:23:59Z
2026-08-30,,980.64,WRO,STN,2026-08-20,Wrocław,Polska,Londyn,Wielka Brytania,ryanair,980.64,PLN,1.000000,price,,,WRO-STN,2026-08-20T11:32:54Z,2026-08-20T12:23:59Z
2026-08-31,,1183.02,WRO,STN,2026-08-20,Wrocław,Polska,Londyn,Wielka Brytania,ryanair,1183.02,PLN,1.000000,price,,,WRO-STN,2026-08-20T11:32:54Z,2026-08-20T12:23:59Z
2026-08-21,,462.43,WRO,SUF,2026-08-20,Wrocław,Polska,Lamezia,Włochy,ryanair,462.43,PLN,1.000000,price,,,WRO-SUF,2026-08-20T11:32:54Z,2026-08-20T12:23:59Z
2026-08-24,,254.22,WRO,SUF,2026-08-20,Wrocław,Polska,Lamezia,Włochy,ryanair,254.22,PLN,1.000000,price,,,WRO-SUF,2026-08-20T11:32:54Z,2026-08-20T12:23:59Z
2026-08-28,,353.34,WRO,SUF,2026-08-20,Wrocław,Polska,Lamezia,Włochy,ryanair,353.34,PLN,1.000000,price,,,WRO-SUF,2026-08-20T11:32:54Z,2026-08-20T12:23:59Z
2026-08-31,,259.16,WRO,SUF,2026-08-20,Wrocław,Polska,Lamezia,Włochy,ryanair,259.16,PLN,1.000000,price,,,WRO-SUF,2026-08-20T11:32:54Z,2026-08-20T12:23:59Z
2026-08-23,,223.34,WRO,SVQ,2026-08-20,Wrocław,Polska,Sewilla,Hiszpania,ryanair,223.34,PLN,1.000000,price,,,WRO-SVQ,2026-08-20T11:32:54Z,2026-08-20T12:23:59Z
2026-08-27,,384.37,WRO,SVQ,2026-08-20,Wrocław,Polska,Sewilla,Hiszpania,ryanair,384.37,PLN,1.000000,price,,,WRO-SVQ,2026-08-20T11:32:54Z,2026-08-20T12:23:59Z
2026-08-30,,410.95,WRO,SVQ,2026-08-20,Wrocław,Polska,Sewilla,Hiszpania,ryanair,410.95,PLN,1.000000,price,,,WRO-SVQ,2026-08-20T11:32:54Z,2026-08-20T12:23:59Z
2026-08-20,,432.18,WRO,TGD,2026-08-20,Wrocław,Polska,Podgorica,Czarnogóra,ryanair,432.18,PLN,1.000000,price,,,WRO-TGD,2026-08-20T11:32:54Z,2026-08-20T12:23:59Z
2026-08-22,,328.44,WRO,TGD,2026-08-20,Wrocław,Polska,Podgorica,Czarnogóra,ryanair,328.44,PLN,1.000000,price,,,WRO-TGD,2026-08-20T11:32:54Z,2026-08-20T12:23:59Z
2026-08-23,,345.73,WRO,TGD,2026-08-20,Wrocław,Polska,Podgorica,Czarnogóra,ryanair,345.73,PLN,1.000000,price,,,WRO-TGD,2026-08-20T11:32:54Z,2026-08-20T12:23:59Z
2026-08-25,,220.39,WRO,TGD,2026-08-20,Wrocław,Polska,Podgorica,Czarnogóra,ryanair,220.39,PLN,1.000000,price,,,WRO-TGD,2026-08-20T11:32:54Z,2026-08-20T12:23:59Z
2026-08-27,,155.56,WRO,TGD,2026-08-20,Wrocław,Polska,Podgorica,Czarnogóra,ryanair,155.56,PLN,1.000000,price,,,WRO-TGD,2026-08-20T11:32:54Z,2026-08-20T12:23:59Z
2026-08-29,,104.00,WRO,TGD,2026-08-20,Wrocław,Polska,Podgorica,Czarnogóra,ryanair,104.0,PLN,1.000000,price,,,WRO-TGD,2026-08-20T11:32:54Z,2026-08-20T12:23:59Z
2026-08-30,,109.00,WRO,TGD,2026-08-20,Wrocław,Polska,Podgorica,Czarnogóra,wizzair,109.0,PLN,1.000000,price,R,False,WRO-TGD,2026-08-20T11:32:53Z,2026-08-20T12:23:59Z
2026-08-21,,298.11,WRO,TIA,2026-08-20,Wrocław,Polska,Tirana,Albania,ryanair,298.11,PLN,1.000000,price,,,WRO-TIA,2026-08-20T11:32:54Z,2026-08-20T12:23:59Z
2026-08-22,,220.71,WRO,TIA,2026-08-20,Wrocław,Polska,Tirana,Albania,ryanair,220.71,PLN,1.000000,price,,,WRO-TIA,2026-08-20T11:32:54Z,2026-08-20T12:23:59Z
2026-08-24,,113.38,WRO,TIA,2026-08-20,Wrocław,Polska,Tirana,Albania,ryanair,113.38,PLN,1.000000,price,,,WRO-TIA,2026-08-20T11:32:54Z,2026-08-20T12:23:59Z
2026-08-28,,256.15,WRO,TIA,2026-08-20,Wrocław,Polska,Tirana,Albania,ryanair,256.15,PLN,1.000000,price,,,WRO-TIA,2026-08-20T11:32:54Z,2026-08-20T12:23:59Z
2026-08-29,,292.74,WRO,TIA,2026-08-20,Wrocław,Polska,Tirana,Albania,ryanair,292.74,PLN,1.000000,price,,,WRO-TIA,2026-08-20T11:32:54Z,2026-08-20T12:23:59Z
2026-08-31,,119.00,WRO,TIA,2026-08-20,Wrocław,Polska,Tirana,Albania,ryanair,119.0,PLN,1.000000,price,,,WRO-TIA,2026-08-20T11:32:54Z,2026-08-20T12:23:59Z
2026-08-21,,406.27,WRO,TRF,2026-08-20,Wrocław,Polska,Oslo,Norwegia,ryanair,406.27,PLN,1.000000,price,,,WRO-TRF,2026-08-20T11:32:54Z,2026-08-20T12:23:59Z
2026-08-23,,1383.60,WRO,TRF,2026-08-20,Wrocław,Polska,Oslo,Norwegia,ryanair,1383.6,PLN,1.000000,price,,,WRO-TRF,2026-08-20T11:32:54Z,2026-08-20T12:23:59Z
2026-08-27,,176.65,WRO,TRF,2026-08-20,Wrocław,Polska,Oslo,Norwegia,ryanair,176.65,PLN,1.000000,price,,,WRO-TRF,2026-08-20T11:32:54Z,2026-08-20T12:23:59Z
2026-08-28,,71.70,WRO,TRF,2026-08-20,Wrocław,Polska,Oslo,Norwegia,ryanair,71.7,PLN,1.000000,price,,,WRO-TRF,2026-08-20T11:32:54Z,2026-08-20T12:23:59Z
2026-08-30,,124.94,WRO,TRF,2026-08-20,Wrocław,Polska,Oslo,Norwegia,ryanair,124.94,PLN,1.000000,price,,,WRO-TRF,2026-08-20T11:32:54Z,2026-08-20T12:23:59Z
2026-08-21,,948.98,WRO,TSF,2026-08-20,Wrocław,Polska,Wenecja,Włochy,ryanair,948.98,PLN,1.000000,price,,,WRO-TSF,2026-08-20T11:32:54Z,2026-08-20T12:23:59Z
2026-08-23,,544.55,WRO,TSF,2026-08-20,Wrocław,Polska,Wenecja,Włochy,ryanair,544.55,PLN,1.000000,price,,,WRO-TSF,2026-08-20T11:32:54Z,2026-08-20T12:23:59Z
2026-08-26,,305.94,WRO,TSF,2026-08-20,Wrocław,Polska,Wenecja,Włochy,ryanair,305.94,PLN,1.000000,price,,,WRO-TSF,2026-08-20T11:32:54Z,2026-08-20T12:23:59Z
2026-08-28,,284.39,WRO,TSF,2026-08-20,Wrocław,Polska,Wenecja,Włochy,ryanair,284.39,PLN,1.000000,price,,,WRO-TSF,2026-08-20T11:32:54Z,2026-08-20T12:23:59Z
2026-08-30,,166.33,WRO,TSF,2026-08-20,Wrocław,Polska,Wenecja,Włochy,ryanair,166.33,PLN,1.000000,price,,,WRO-TSF,2026-08-20T11:32:54Z,2026-08-20T12:23:59Z
2026-08-30,,129.00,WRO,VAR,2026-08-20,Wrocław,Polska,Warna,Bułagria,wizzair,129.0,PLN,1.000000,price,PR,False,WRO-VAR,2026-08-20T11:32:53Z,2026-08-20T12:23:59Z
2026-08-31,,139.00,WRO,VAR,2026-08-20,Wrocław,Polska,Warna,Bułagria,wizzair,139.0,PLN,1.000000,price,P,False,WRO-VAR,2026-08-20T11:32:53Z,2026-08-20T12:23:59Z
2026-08-21,,656.93,WRO,VLC,2026-08-20,Wrocław,Polska,Valencia,Hiszpania,ryanair,656.93,PLN,1.000000,price,,,WRO-VLC,2026-08-20T11:32:54Z,2026-08-20T12:23:59Z
2026-08-24,,327.49,WRO,VLC,2026-08-20,Wrocław,Polska,Valencia,Hiszpania,ryanair,327.49,PLN,1.000000,price,,,WRO-VLC,2026-08-20T11:32:54Z,2026-08-20T12:23:59Z
2026-08-26,,561.84,WRO,VLC,2026-08-20,Wrocław,Polska,Valencia,Hiszpania,ryanair,561.84,PLN,1.000000,price,,,WRO-VLC,2026-08-20T11:32:54Z,2026-08-20T12:23:59Z
2026-08-27,,340.42,WRO,VLC,2026-08-20,Wrocław,Polska,Valencia,Hiszpania,ryanair,340.42,PLN,1.000000,price,,,WRO-VLC,2026-08-20T11:32:54Z,2026-08-20T12:23:59Z
2026-08-28,,430.92,WRO,VLC,2026-08-20,Wrocław,Polska,Valencia,Hiszpania,ryanair,430.92,PLN,1.000000,price,,,WRO-VLC,2026-08-20T11:32:54Z,2026-08-20T12:23:59Z
2026-08-31,,367.34,WRO,VLC,2026-08-20,Wrocław,Polska,Valencia,Hiszpania,ryanair,367.34,PLN,1.000000,price,,,WRO-VLC,2026-08-20T11:32:54Z,2026-08-20T12:23:59Z
2026-08-20,,1048.73,WRO,ZAD,2026-08-20,Wrocław,Polska,Zadar,Chorwacja,ryanair,1048.73,PLN,1.000000,price,,,WRO-ZAD,2026-08-20T11:32:54Z,2026-08-20T12:23:59Z
2026-08-21,,1066.46,WRO,ZAD,2026-08-20,Wrocław,Polska,Zadar,Chorwacja,ryanair,1066.46,PLN,1.000000,price,,,WRO-ZAD,2026-08-20T11:32:54Z,2026-08-20T12:23:59Z
2026-08-22,,1454.31,WRO,ZAD,2026-08-20,Wrocław,Polska,Zadar,Chorwacja,ryanair,1454.31,PLN,1.000000,price,,,WRO-ZAD,2026-08-20T11:32:54Z,2026-08-20T12:23:59Z
2026-08-24,,565.86,WRO,ZAD,2026-08-20,Wrocław,Polska,Zadar,Chorwacja,ryanair,565.86,PLN,1.000000,price,,,WRO-ZAD,2026-08-20T11:32:54Z,2026-08-20T12:23:59Z
2026-08-25,,104.00,WRO,ZAD,2026-08-20,Wrocław,Polska,Zadar,Chorwacja,ryanair,104.0,PLN,1.000000,price,,,WRO-ZAD,2026-08-20T11:32:54Z,2026-08-20T12:23:59Z
2026-08-26,,104.00,WRO,ZAD,2026-08-20,Wrocław,Polska,Zadar,Chorwacja,ryanair,104.0,PLN,1.000000,price,,,WRO-ZAD,2026-08-20T11:32:54Z,2026-08-20T12:23:59Z
2026-08-27,,149.32,WRO,ZAD,2026-08-20,Wrocław,Polska,Zadar,Chorwacja,ryanair,149.32,PLN,1.000000,price,,,WRO-ZAD,2026-08-20T11:32:54Z,2026-08-20T12:23:59Z
2026-08-28,,104.00,WRO,ZAD,2026-08-20,Wrocław,Polska,Zadar,Chorwacja,ryanair,104.0,PLN,1.000000,price,,,WRO-ZAD,2026-08-20T11:32:54Z,2026-08-20T12:23:59Z
2026-08-29,,204.00,WRO,ZAD,2026-08-20,Wrocław,Polska,Zadar,Chorwacja,ryanair,204.0,PLN,1.000000,price,,,WRO-ZAD,2026-08-20T11:32:54Z,2026-08-20T12:23:59Z
2026-08-30,,113.94,WRO,ZAD,2026-08-20,Wrocław,Polska,Zadar,Chorwacja,ryanair,113.94,PLN,1.000000,price,,,WRO-ZAD,2026-08-20T11:32:54Z,2026-08-20T12:23:59Z
2026-08-31,,145.00,WRO,ZAD,2026-08-20,Wrocław,Polska,Zadar,Chorwacja,ryanair,145.0,PLN,1.000000,price,,,WRO-ZAD,2026-08-20T11:32:54Z,2026-08-20T12:23:59Z
2026-08-21,,661.25,ZAD,GDN,2026-08-20,Zadar,Chorwacja,Gdańsk,Polska,ryanair,661.25,PLN,1.000000,price,,,ZAD-GDN,2026-08-20T11:32:54Z,2026-08-20T12:23:59Z
2026-08-24,,522.94,ZAD,GDN,2026-08-20,Zadar,Chorwacja,Gdańsk,Polska,ryanair,522.94,PLN,1.000000,price,,,ZAD-GDN,2026-08-20T11:32:54Z,2026-08-20T12:23:59Z
2026-08-26,,289.54,ZAD,GDN,2026-08-20,Zadar,Chorwacja,Gdańsk,Polska,ryanair,289.54,PLN,1.000000,price,,,ZAD-GDN,2026-08-20T11:32:54Z,2026-08-20T12:23:59Z
2026-08-27,,174.32,ZAD,GDN,2026-08-20,Zadar,Chorwacja,Gdańsk,Polska,ryanair,174.32,PLN,1.000000,price,,,ZAD-GDN,2026-08-20T11:32:54Z,2026-08-20T12:23:59Z
2026-08-28,,432.18,ZAD,GDN,2026-08-20,Zadar,Chorwacja,Gdańsk,Polska,ryanair,432.18,PLN,1.000000,price,,,ZAD-GDN,2026-08-20T11:32:54Z,2026-08-20T12:23:59Z
2026-08-31,,738.21,ZAD,GDN,2026-08-20,Zadar,Chorwacja,Gdańsk,Polska,ryanair,738.21,PLN,1.000000,price,,,ZAD-GDN,2026-08-20T11:32:54Z,2026-08-20T12:23:59Z
2026-08-20,,927.63,ZAD,KRK,2026-08-20,Zadar,Chorwacja,Kraków,Polska,ryanair,927.63,PLN,1.000000,price,,,ZAD-KRK,2026-08-20T11:32:54Z,2026-08-20T12:23:59Z
2026-08-21,,728.28,ZAD,KRK,2026-08-20,Zadar,Chorwacja,Kraków,Polska,ryanair,728.28,PLN,1.000000,price,,,ZAD-KRK,2026-08-20T11:32:54Z,2026-08-20T12:23:59Z
2026-08-22,,752.02,ZAD,KRK,2026-08-20,Zadar,Chorwacja,Kraków,Polska,ryanair,752.02,PLN,1.000000,price,,,ZAD-KRK,2026-08-20T11:32:54Z,2026-08-20T12:23:59Z
2026-08-23,,734.73,ZAD,KRK,2026-08-20,Zadar,Chorwacja,Kraków,Polska,ryanair,734.73,PLN,1.000000,price,,,ZAD-KRK,2026-08-20T11:32:54Z,2026-08-20T12:23:59Z
2026-08-24,,579.35,ZAD,KRK,2026-08-20,Zadar,Chorwacja,Kraków,Polska,ryanair,579.35,PLN,1.000000,price,,,ZAD-KRK,2026-08-20T11:32:54Z,2026-08-20T12:23:59Z
2026-08-25,,333.86,ZAD,KRK,2026-08-20,Zadar,Chorwacja,Kraków,Polska,ryanair,333.86,PLN,1.000000,price,,,ZAD-KRK,2026-08-20T11:32:54Z,2026-08-20T12:23:59Z
2026-08-26,,354.38,ZAD,KRK,2026-08-20,Zadar,Chorwacja,Kraków,Polska,ryanair,354.38,PLN,1.000000,price,,,ZAD-KRK,2026-08-20T11:32:54Z,2026-08-20T12:23:59Z
2026-08-27,,805.85,ZAD,KRK,2026-08-20,Zadar,Chorwacja,Kraków,Polska,ryanair,805.85,PLN,1.000000,price,,,ZAD-KRK,2026-08-20T11:32:54Z,2026-08-20T12:23:59Z
2026-08-28,,561.84,ZAD,KRK,2026-08-20,Zadar,Chorwacja,Kraków,Polska,ryanair,561.84,PLN,1.000000,price,,,ZAD-KRK,2026-08-20T11:32:54Z,2026-08-20T12:23:59Z
2026-08-29,,557.57,ZAD,KRK,2026-08-20,Zadar,Chorwacja,Kraków,Polska,ryanair,557.57,PLN,1.000000,price,,,ZAD-KRK,2026-08-20T11:32:54Z,2026-08-20T12:23:59Z
2026-08-30,,635.32,ZAD,KRK,2026-08-20,Zadar,Chorwacja,Kraków,Polska,ryanair,635.32,PLN,1.000000,price,,,ZAD-KRK,2026-08-20T11:32:54Z,2026-08-20T12:23:59Z
2026-08-31,,667.94,ZAD,KRK,2026-08-20,Zadar,Chorwacja,Kraków,Polska,ryanair,667.94,PLN,1.000000,price,,,ZAD-KRK,2026-08-20T11:32:54Z,2026-08-20T12:23:59Z
2026-08-20,,1048.30,ZAD,KTW,2026-08-20,Zadar,Chorwacja,Katowice,Polska,ryanair,1048.3,PLN,1.000000,price,,,ZAD-KTW,2026-08-20T11:32:54Z,2026-08-20T12:23:59Z
2026-08-23,,1444.75,ZAD,KTW,2026-08-20,Zadar,Chorwacja,Katowice,Polska,ryanair,1444.75,PLN,1.000000,price,,,ZAD-KTW,2026-08-20T11:32:54Z,2026-08-20T12:23:59Z
2026-08-25,,255.32,ZAD,KTW,2026-08-20,Zadar,Chorwacja,Katowice,Polska,ryanair,255.32,PLN,1.000000,price,,,ZAD-KTW,2026-08-20T11:32:54Z,2026-08-20T12:23:59Z
2026-08-27,,650.88,ZAD,KTW,2026-08-20,Zadar,Chorwacja,Katowice,Polska,ryanair,650.88,PLN,1.000000,price,,,ZAD-KTW,2026-08-20T11:32:54Z,2026-08-20T12:23:59Z
2026-08-30,,601.26,ZAD,KTW,2026-08-20,Zadar,Chorwacja,Katowice,Polska,ryanair,601.26,PLN,1.000000,price,,,ZAD-KTW,2026-08-20T11:32:54Z,2026-08-20T12:23:59Z
2026-08-20,,499.87,ZAD,POZ,2026-08-20,Zadar,Chorwacja,Poznań,Polska,ryanair,499.87,PLN,1.000000,price,,,ZAD-POZ,2026-08-20T11:32:54Z,2026-08-20T12:23:59Z
2026-08-21,,488.37,ZAD,POZ,2026-08-20,Zadar,Chorwacja,Poznań,Polska,ryanair,488.37,PLN,1.000000,price,,,ZAD-POZ,2026-08-20T11:32:54Z,2026-08-20T12:23:59Z
2026-08-22,,1119.03,ZAD,POZ,2026-08-20,Zadar,Chorwacja,Poznań,Polska,ryanair,1119.03,PLN,1.000000,price,,,ZAD-POZ,2026-08-20T11:32:54Z,2026-08-20T12:23:59Z
2026-08-23,,1497.02,ZAD,POZ,2026-08-20,Zadar,Chorwacja,Poznań,Polska,ryanair,1497.02,PLN,1.000000,price,,,ZAD-POZ,2026-08-20T11:32:54Z,2026-08-20T12:23:59Z
2026-08-25,,274.38,ZAD,POZ,2026-08-20,Zadar,Chorwacja,Poznań,Polska,ryanair,274.38,PLN,1.000000,price,,,ZAD-POZ,2026-08-20T11:32:54Z,2026-08-20T12:23:59Z
2026-08-26,,499.87,ZAD,POZ,2026-08-20,Zadar,Chorwacja,Poznań,Polska,ryanair,499.87,PLN,1.000000,price,,,ZAD-POZ,2026-08-20T11:32:54Z,2026-08-20T12:23:59Z
2026-08-27,,551.59,ZAD,POZ,2026-08-20,Zadar,Chorwacja,Poznań,Polska,ryanair,551.59,PLN,1.000000,price,,,ZAD-POZ,2026-08-20T11:32:54Z,2026-08-20T12:23:59Z
2026-08-28,,387.82,ZAD,POZ,2026-08-20,Zadar,Chorwacja,Poznań,Polska,ryanair,387.82,PLN,1.000000,price,,,ZAD-POZ,2026-08-20T11:32:54Z,2026-08-20T12:23:59Z
2026-08-29,,607.61,ZAD,POZ,2026-08-20,Zadar,Chorwacja,Poznań,Polska,ryanair,607.61,PLN,1.000000,price,,,ZAD-POZ,2026-08-20T11:32:54Z,2026-08-20T12:23:59Z
2026-08-30,,639.64,ZAD,POZ,2026-08-20,Zadar,Chorwacja,Poznań,Polska,ryanair,639.64,PLN,1.000000,price,,,ZAD-POZ,2026-08-20T11:32:54Z,2026-08-20T12:23:59Z
2026-08-31,,814.47,ZAD,POZ,2026-08-20,Zadar,Chorwacja,Poznań,Polska,ryanair,814.47,PLN,1.000000,price,,,ZAD-POZ,2026-08-20T11:32:54Z,2026-08-20T12:23:59Z
2026-08-29,,583.16,ZAD,WAW,2026-08-20,Zadar,Chorwacja,Warszawa,Polska,wizzair,134.99,EUR,4.320028,price,I,False,ZAD-WAW,2026-08-20T11:32:53Z,2026-08-20T12:23:59Z
2026-08-30,,583.16,ZAD,WAW,2026-08-20,Zadar,Chorwacja,Warszawa,Polska,wizzair,134.99,EUR,4.320028,price,I,False,ZAD-WAW,2026-08-20T11:32:53Z,2026-08-20T12:23:59Z
2026-08-21,,665.58,ZAD,WMI,2026-08-20,Zadar,Chorwacja,Warszawa,Polska,ryanair,665.58,PLN,1.000000,price,,,ZAD-WMI,2026-08-20T11:32:54Z,2026-08-20T12:23:59Z
2026-08-23,,315.48,ZAD,WMI,2026-08-20,Zadar,Chorwacja,Warszawa,Polska,ryanair,315.48,PLN,1.000000,price,,,ZAD-WMI,2026-08-20T11:32:54Z,2026-08-20T12:23:59Z
2026-08-25,,600.74,ZAD,WMI,2026-08-20,Zadar,Chorwacja,Warszawa,Polska,ryanair,600.74,PLN,1.000000,price,,,ZAD-WMI,2026-08-20T11:32:54Z,2026-08-20T12:23:59Z
2026-08-27,,442.00,ZAD,WMI,2026-08-20,Zadar,Chorwacja,Warszawa,Polska,ryanair,442.0,PLN,1.000000,price,,,ZAD-WMI,2026-08-20T11:32:54Z,2026-08-20T12:23:59Z
2026-08-28,,356.03,ZAD,WMI,2026-08-20,Zadar,Chorwacja,Warszawa,Polska,ryanair,356.03,PLN,1.000000,price,,,ZAD-WMI,2026-08-20T11:32:54Z,2026-08-20T12:23:59Z
2026-08-30,,587.78,ZAD,WMI,2026-08-20,Zadar,Chorwacja,Warszawa,Polska,ryanair,587.78,PLN,1.000000,price,,,ZAD-WMI,2026-08-20T11:32:54Z,2026-08-20T12:23:59Z
2026-08-20,,689.03,ZAD,WRO,2026-08-20,Zadar,Chorwacja,Wrocław,Polska,ryanair,689.03,PLN,1.000000,price,,,ZAD-WRO,2026-08-20T11:32:54Z,2026-08-20T12:23:59Z
2026-08-21,,565.86,ZAD,WRO,2026-08-20,Zadar,Chorwacja,Wrocław,Polska,ryanair,565.86,PLN,1.000000,price,,,ZAD-WRO,2026-08-20T11:32:54Z,2026-08-20T12:23:59Z
2026-08-22,,708.52,ZAD,WRO,2026-08-20,Zadar,Chorwacja,Wrocław,Polska,ryanair,708.52,PLN,1.000000,price,,,ZAD-WRO,2026-08-20T11:32:54Z,2026-08-20T12:23:59Z
2026-08-23,,1642.09,ZAD,WRO,2026-08-20,Zadar,Chorwacja,Wrocław,Polska,ryanair,1642.09,PLN,1.000000,price,,,ZAD-WRO,2026-08-20T11:32:54Z,2026-08-20T12:23:59Z
2026-08-24,,689.03,ZAD,WRO,2026-08-20,Zadar,Chorwacja,Wrocław,Polska,ryanair,689.03,PLN,1.000000,price,,,ZAD-WRO,2026-08-20T11:32:54Z,2026-08-20T12:23:59Z
2026-08-25,,314.32,ZAD,WRO,2026-08-20,Zadar,Chorwacja,Wrocław,Polska,ryanair,314.32,PLN,1.000000,price,,,ZAD-WRO,2026-08-20T11:32:54Z,2026-08-20T12:23:59Z
2026-08-26,,485.81,ZAD,WRO,2026-08-20,Zadar,Chorwacja,Wrocław,Polska,ryanair,485.81,PLN,1.000000,price,,,ZAD-WRO,2026-08-20T11:32:54Z,2026-08-20T12:23:59Z
2026-08-27,,1349.38,ZAD,WRO,2026-08-20,Zadar,Chorwacja,Wrocław,Polska,ryanair,1349.38,PLN,1.000000,price,,,ZAD-WRO,2026-08-20T11:32:54Z,2026-08-20T12:23:59Z
2026-08-28,,469.69,ZAD,WRO,2026-08-20,Zadar,Chorwacja,Wrocław,Polska,ryanair,469.69,PLN,1.000000,price,,,ZAD-WRO,2026-08-20T11:32:54Z,2026-08-20T12:23:59Z
2026-08-29,,708.52,ZAD,WRO,2026-08-20,Zadar,Chorwacja,Wrocław,Polska,ryanair,708.52,PLN,1.000000,price,,,ZAD-WRO,2026-08-20T11:32:54Z,2026-08-20T12:23:59Z
2026-08-30,,1621.18,ZAD,WRO,2026-08-20,Zadar,Chorwacja,Wrocław,Polska,ryanair,1621.18,PLN,1.000000,price,,,ZAD-WRO,2026-08-20T11:32:54Z,2026-08-20T12:23:59Z
2026-08-31,,747.51,ZAD,WRO,2026-08-20,Zadar,Chorwacja,Wrocław,Polska,ryanair,747.51,PLN,1.000000,price,,,ZAD-WRO,2026-08-20T11:32:54Z,2026-08-20T12:23:59Z
2026-08-30,,863.96,ZTH,WAW,2026-08-20,Zakynthos,Grecja,Warszawa,Polska,wizzair,199.99,EUR,4.320028,price,HI,False,ZTH-WAW,2026-08-20T11:32:53Z,2026-08-20T12:23:59Z
2026-08-24,,1125.66,ZTH,WMI,2026-08-20,Zakynthos,Grecja,Warszawa,Polska,ryanair,1125.66,PLN,1.000000,price,,,ZTH-WMI,2026-08-20T11:32:54Z,2026-08-20T12:23:59Z
2026-08-31,,674.62,ZTH,WMI,2026-08-20,Zakynthos,Grecja,Warszawa,Polska,ryanair,674.62,PLN,1.000000,price,,,ZTH-WMI,2026-08-20T11:32:54Z,2026-08-20T12:23:59Z
