departure,return,price,departure_airport,arrival_airport,date_of_export,DepartureCity,DepartureCountry,ArrivalCity,ArrivalCountry,price_type,class_of_service,has_mac_flight,currency,route,scraped_at_utc
2026-05-01,,,WAW,AGP,2026-05-01,Warszawa,Polska,Malaga,Hiszpania,unavailable,,,,WAW-AGP,2026-05-01T09:40:43Z
2026-05-02,,1140.29,WAW,AGP,2026-05-01,Warszawa,Polska,Malaga,Hiszpania,price,,,PLN,WAW-AGP,2026-05-01T09:40:43Z
2026-05-03,,1140.29,WAW,AGP,2026-05-01,Warszawa,Polska,Malaga,Hiszpania,price,,,PLN,WAW-AGP,2026-05-01T09:40:43Z
2026-05-04,,662.0,WAW,AGP,2026-05-01,Warszawa,Polska,Malaga,Hiszpania,price,,,PLN,WAW-AGP,2026-05-01T09:40:43Z
2026-05-05,,540.77,WAW,AGP,2026-05-01,Warszawa,Polska,Malaga,Hiszpania,price,,,PLN,WAW-AGP,2026-05-01T09:40:43Z
2026-05-06,,,WAW,AGP,2026-05-01,Warszawa,Polska,Malaga,Hiszpania,unavailable,,,,WAW-AGP,2026-05-01T09:40:43Z
2026-05-07,,315.08,WAW,AGP,2026-05-01,Warszawa,Polska,Malaga,Hiszpania,price,,,PLN,WAW-AGP,2026-05-01T09:40:43Z
2026-05-08,,,WAW,AGP,2026-05-01,Warszawa,Polska,Malaga,Hiszpania,unavailable,,,,WAW-AGP,2026-05-01T09:40:43Z
2026-05-09,,221.99,WAW,AGP,2026-05-01,Warszawa,Polska,Malaga,Hiszpania,price,,,PLN,WAW-AGP,2026-05-01T09:40:43Z
2026-05-10,,430.06,WAW,AGP,2026-05-01,Warszawa,Polska,Malaga,Hiszpania,price,,,PLN,WAW-AGP,2026-05-01T09:40:43Z
2026-05-11,,442.83,WAW,AGP,2026-05-01,Warszawa,Polska,Malaga,Hiszpania,price,,,PLN,WAW-AGP,2026-05-01T09:40:43Z
2026-05-12,,188.67,WAW,AGP,2026-05-01,Warszawa,Polska,Malaga,Hiszpania,price,,,PLN,WAW-AGP,2026-05-01T09:40:43Z
2026-05-13,,,WAW,AGP,2026-05-01,Warszawa,Polska,Malaga,Hiszpania,unavailable,,,,WAW-AGP,2026-05-01T09:40:43Z
2026-05-14,,221.99,WAW,AGP,2026-05-01,Warszawa,Polska,Malaga,Hiszpania,price,,,PLN,WAW-AGP,2026-05-01T09:40:43Z
2026-05-15,,,WAW,AGP,2026-05-01,Warszawa,Polska,Malaga,Hiszpania,unavailable,,,,WAW-AGP,2026-05-01T09:40:43Z
2026-05-16,,164.64,WAW,AGP,2026-05-01,Warszawa,Polska,Malaga,Hiszpania,price,,,PLN,WAW-AGP,2026-05-01T09:40:43Z
2026-05-17,,170.29,WAW,AGP,2026-05-01,Warszawa,Polska,Malaga,Hiszpania,price,,,PLN,WAW-AGP,2026-05-01T09:40:43Z
2026-05-18,,221.99,WAW,AGP,2026-05-01,Warszawa,Polska,Malaga,Hiszpania,price,,,PLN,WAW-AGP,2026-05-01T09:40:43Z
2026-05-19,,174.55,WAW,AGP,2026-05-01,Warszawa,Polska,Malaga,Hiszpania,price,,,PLN,WAW-AGP,2026-05-01T09:40:43Z
2026-05-20,,,WAW,AGP,2026-05-01,Warszawa,Polska,Malaga,Hiszpania,unavailable,,,,WAW-AGP,2026-05-01T09:40:43Z
2026-05-21,,459.86,WAW,AGP,2026-05-01,Warszawa,Polska,Malaga,Hiszpania,price,,,PLN,WAW-AGP,2026-05-01T09:40:43Z
2026-05-22,,,WAW,AGP,2026-05-01,Warszawa,Polska,Malaga,Hiszpania,unavailable,,,,WAW-AGP,2026-05-01T09:40:43Z
2026-05-23,,257.33,WAW,AGP,2026-05-01,Warszawa,Polska,Malaga,Hiszpania,price,,,PLN,WAW-AGP,2026-05-01T09:40:43Z
2026-05-24,,323.6,WAW,AGP,2026-05-01,Warszawa,Polska,Malaga,Hiszpania,price,,,PLN,WAW-AGP,2026-05-01T09:40:43Z
2026-05-25,,263.98,WAW,AGP,2026-05-01,Warszawa,Polska,Malaga,Hiszpania,price,,,PLN,WAW-AGP,2026-05-01T09:40:43Z
2026-05-26,,553.55,WAW,AGP,2026-05-01,Warszawa,Polska,Malaga,Hiszpania,price,,,PLN,WAW-AGP,2026-05-01T09:40:43Z
2026-05-27,,,WAW,AGP,2026-05-01,Warszawa,Polska,Malaga,Hiszpania,unavailable,,,,WAW-AGP,2026-05-01T09:40:43Z
2026-05-28,,329.55,WAW,AGP,2026-05-01,Warszawa,Polska,Malaga,Hiszpania,price,,,PLN,WAW-AGP,2026-05-01T09:40:43Z
2026-05-29,,,WAW,AGP,2026-05-01,Warszawa,Polska,Malaga,Hiszpania,unavailable,,,,WAW-AGP,2026-05-01T09:40:43Z
2026-05-30,,293.94,WAW,AGP,2026-05-01,Warszawa,Polska,Malaga,Hiszpania,price,,,PLN,WAW-AGP,2026-05-01T09:40:43Z
2026-05-31,,425.8,WAW,AGP,2026-05-01,Warszawa,Polska,Malaga,Hiszpania,price,,,PLN,WAW-AGP,2026-05-01T09:40:43Z
2026-06-01,,374.7,WAW,AGP,2026-05-01,Warszawa,Polska,Malaga,Hiszpania,price,,,PLN,WAW-AGP,2026-05-01T09:40:43Z
2026-06-02,,387.47,WAW,AGP,2026-05-01,Warszawa,Polska,Malaga,Hiszpania,price,,,PLN,WAW-AGP,2026-05-01T09:40:43Z
2026-06-03,,,WAW,AGP,2026-05-01,Warszawa,Polska,Malaga,Hiszpania,unavailable,,,,WAW-AGP,2026-05-01T09:40:43Z
2026-06-04,,595.1,WAW,AGP,2026-05-01,Warszawa,Polska,Malaga,Hiszpania,price,,,PLN,WAW-AGP,2026-05-01T09:40:43Z
2026-06-05,,,WAW,AGP,2026-05-01,Warszawa,Polska,Malaga,Hiszpania,unavailable,,,,WAW-AGP,2026-05-01T09:40:43Z
2026-06-06,,221.99,WAW,AGP,2026-05-01,Warszawa,Polska,Malaga,Hiszpania,price,,,PLN,WAW-AGP,2026-05-01T09:40:43Z
2026-06-07,,251.2,WAW,AGP,2026-05-01,Warszawa,Polska,Malaga,Hiszpania,price,,,PLN,WAW-AGP,2026-05-01T09:40:43Z
2026-06-08,,366.18,WAW,AGP,2026-05-01,Warszawa,Polska,Malaga,Hiszpania,price,,,PLN,WAW-AGP,2026-05-01T09:40:43Z
2026-06-09,,796.28,WAW,AGP,2026-05-01,Warszawa,Polska,Malaga,Hiszpania,price,,,PLN,WAW-AGP,2026-05-01T09:40:43Z
2026-06-10,,,WAW,AGP,2026-05-01,Warszawa,Polska,Malaga,Hiszpania,unavailable,,,,WAW-AGP,2026-05-01T09:40:43Z
2026-06-11,,302.3,WAW,AGP,2026-05-01,Warszawa,Polska,Malaga,Hiszpania,price,,,PLN,WAW-AGP,2026-05-01T09:40:43Z
2026-06-12,,,WAW,AGP,2026-05-01,Warszawa,Polska,Malaga,Hiszpania,unavailable,,,,WAW-AGP,2026-05-01T09:40:43Z
2026-06-13,,188.67,WAW,AGP,2026-05-01,Warszawa,Polska,Malaga,Hiszpania,price,,,PLN,WAW-AGP,2026-05-01T09:40:43Z
2026-06-14,,251.2,WAW,AGP,2026-05-01,Warszawa,Polska,Malaga,Hiszpania,price,,,PLN,WAW-AGP,2026-05-01T09:40:43Z
2026-06-15,,281.01,WAW,AGP,2026-05-01,Warszawa,Polska,Malaga,Hiszpania,price,,,PLN,WAW-AGP,2026-05-01T09:40:43Z
2026-06-16,,338.4,WAW,AGP,2026-05-01,Warszawa,Polska,Malaga,Hiszpania,price,,,PLN,WAW-AGP,2026-05-01T09:40:43Z
2026-06-17,,,WAW,AGP,2026-05-01,Warszawa,Polska,Malaga,Hiszpania,unavailable,,,,WAW-AGP,2026-05-01T09:40:43Z
2026-06-18,,315.08,WAW,AGP,2026-05-01,Warszawa,Polska,Malaga,Hiszpania,price,,,PLN,WAW-AGP,2026-05-01T09:40:43Z
2026-06-19,,,WAW,AGP,2026-05-01,Warszawa,Polska,Malaga,Hiszpania,unavailable,,,,WAW-AGP,2026-05-01T09:40:43Z
2026-06-20,,188.67,WAW,AGP,2026-05-01,Warszawa,Polska,Malaga,Hiszpania,price,,,PLN,WAW-AGP,2026-05-01T09:40:43Z
2026-06-21,,353.4,WAW,AGP,2026-05-01,Warszawa,Polska,Malaga,Hiszpania,price,,,PLN,WAW-AGP,2026-05-01T09:40:43Z
2026-06-22,,330.83,WAW,AGP,2026-05-01,Warszawa,Polska,Malaga,Hiszpania,price,,,PLN,WAW-AGP,2026-05-01T09:40:43Z
2026-06-23,,246.94,WAW,AGP,2026-05-01,Warszawa,Polska,Malaga,Hiszpania,price,,,PLN,WAW-AGP,2026-05-01T09:40:43Z
2026-06-24,,,WAW,AGP,2026-05-01,Warszawa,Polska,Malaga,Hiszpania,unavailable,,,,WAW-AGP,2026-05-01T09:40:43Z
2026-06-25,,310.82,WAW,AGP,2026-05-01,Warszawa,Polska,Malaga,Hiszpania,price,,,PLN,WAW-AGP,2026-05-01T09:40:43Z
2026-06-26,,,WAW,AGP,2026-05-01,Warszawa,Polska,Malaga,Hiszpania,unavailable,,,,WAW-AGP,2026-05-01T09:40:43Z
2026-06-27,,257.33,WAW,AGP,2026-05-01,Warszawa,Polska,Malaga,Hiszpania,price,,,PLN,WAW-AGP,2026-05-01T09:40:43Z
2026-06-28,,293.94,WAW,AGP,2026-05-01,Warszawa,Polska,Malaga,Hiszpania,price,,,PLN,WAW-AGP,2026-05-01T09:40:43Z
2026-06-29,,470.56,WAW,AGP,2026-05-01,Warszawa,Polska,Malaga,Hiszpania,price,,,PLN,WAW-AGP,2026-05-01T09:40:43Z
2026-06-30,,468.38,WAW,AGP,2026-05-01,Warszawa,Polska,Malaga,Hiszpania,price,,,PLN,WAW-AGP,2026-05-01T09:40:43Z
2026-07-01,,,WAW,AGP,2026-05-01,Warszawa,Polska,Malaga,Hiszpania,unavailable,,,,WAW-AGP,2026-05-01T09:40:43Z
2026-07-02,,481.16,WAW,AGP,2026-05-01,Warszawa,Polska,Malaga,Hiszpania,price,,,PLN,WAW-AGP,2026-05-01T09:40:43Z
2026-07-03,,,WAW,AGP,2026-05-01,Warszawa,Polska,Malaga,Hiszpania,unavailable,,,,WAW-AGP,2026-05-01T09:40:43Z
2026-07-04,,239.19,WAW,AGP,2026-05-01,Warszawa,Polska,Malaga,Hiszpania,price,,,PLN,WAW-AGP,2026-05-01T09:40:43Z
2026-07-05,,442.83,WAW,AGP,2026-05-01,Warszawa,Polska,Malaga,Hiszpania,price,,,PLN,WAW-AGP,2026-05-01T09:40:43Z
2026-07-06,,373.83,WAW,AGP,2026-05-01,Warszawa,Polska,Malaga,Hiszpania,price,,,PLN,WAW-AGP,2026-05-01T09:40:43Z
2026-07-07,,370.44,WAW,AGP,2026-05-01,Warszawa,Polska,Malaga,Hiszpania,price,,,PLN,WAW-AGP,2026-05-01T09:40:43Z
2026-07-08,,,WAW,AGP,2026-05-01,Warszawa,Polska,Malaga,Hiszpania,unavailable,,,,WAW-AGP,2026-05-01T09:40:43Z
2026-07-09,,378.96,WAW,AGP,2026-05-01,Warszawa,Polska,Malaga,Hiszpania,price,,,PLN,WAW-AGP,2026-05-01T09:40:43Z
2026-07-10,,,WAW,AGP,2026-05-01,Warszawa,Polska,Malaga,Hiszpania,unavailable,,,,WAW-AGP,2026-05-01T09:40:43Z
2026-07-11,,196.34,WAW,AGP,2026-05-01,Warszawa,Polska,Malaga,Hiszpania,price,,,PLN,WAW-AGP,2026-05-01T09:40:43Z
2026-07-12,,486.61,WAW,AGP,2026-05-01,Warszawa,Polska,Malaga,Hiszpania,price,,,PLN,WAW-AGP,2026-05-01T09:40:43Z
2026-07-13,,323.6,WAW,AGP,2026-05-01,Warszawa,Polska,Malaga,Hiszpania,price,,,PLN,WAW-AGP,2026-05-01T09:40:43Z
2026-07-14,,421.54,WAW,AGP,2026-05-01,Warszawa,Polska,Malaga,Hiszpania,price,,,PLN,WAW-AGP,2026-05-01T09:40:43Z
2026-07-15,,,WAW,AGP,2026-05-01,Warszawa,Polska,Malaga,Hiszpania,unavailable,,,,WAW-AGP,2026-05-01T09:40:43Z
2026-07-16,,646.24,WAW,AGP,2026-05-01,Warszawa,Polska,Malaga,Hiszpania,price,,,PLN,WAW-AGP,2026-05-01T09:40:43Z
2026-07-17,,,WAW,AGP,2026-05-01,Warszawa,Polska,Malaga,Hiszpania,unavailable,,,,WAW-AGP,2026-05-01T09:40:43Z
2026-07-18,,282.66,WAW,AGP,2026-05-01,Warszawa,Polska,Malaga,Hiszpania,price,,,PLN,WAW-AGP,2026-05-01T09:40:43Z
2026-07-19,,451.35,WAW,AGP,2026-05-01,Warszawa,Polska,Malaga,Hiszpania,price,,,PLN,WAW-AGP,2026-05-01T09:40:43Z
2026-07-20,,502.45,WAW,AGP,2026-05-01,Warszawa,Polska,Malaga,Hiszpania,price,,,PLN,WAW-AGP,2026-05-01T09:40:43Z
2026-07-21,,489.67,WAW,AGP,2026-05-01,Warszawa,Polska,Malaga,Hiszpania,price,,,PLN,WAW-AGP,2026-05-01T09:40:43Z
2026-07-22,,,WAW,AGP,2026-05-01,Warszawa,Polska,Malaga,Hiszpania,unavailable,,,,WAW-AGP,2026-05-01T09:40:43Z
2026-07-23,,328.31,WAW,AGP,2026-05-01,Warszawa,Polska,Malaga,Hiszpania,price,,,PLN,WAW-AGP,2026-05-01T09:40:43Z
2026-07-24,,,WAW,AGP,2026-05-01,Warszawa,Polska,Malaga,Hiszpania,unavailable,,,,WAW-AGP,2026-05-01T09:40:43Z
2026-07-25,,171.11,WAW,AGP,2026-05-01,Warszawa,Polska,Malaga,Hiszpania,price,,,PLN,WAW-AGP,2026-05-01T09:40:43Z
2026-07-26,,361.92,WAW,AGP,2026-05-01,Warszawa,Polska,Malaga,Hiszpania,price,,,PLN,WAW-AGP,2026-05-01T09:40:43Z
2026-07-27,,332.11,WAW,AGP,2026-05-01,Warszawa,Polska,Malaga,Hiszpania,price,,,PLN,WAW-AGP,2026-05-01T09:40:43Z
2026-07-28,,391.73,WAW,AGP,2026-05-01,Warszawa,Polska,Malaga,Hiszpania,price,,,PLN,WAW-AGP,2026-05-01T09:40:43Z
2026-07-29,,,WAW,AGP,2026-05-01,Warszawa,Polska,Malaga,Hiszpania,unavailable,,,,WAW-AGP,2026-05-01T09:40:43Z
2026-07-30,,336.37,WAW,AGP,2026-05-01,Warszawa,Polska,Malaga,Hiszpania,price,,,PLN,WAW-AGP,2026-05-01T09:40:43Z
2026-07-31,,,WAW,AGP,2026-05-01,Warszawa,Polska,Malaga,Hiszpania,unavailable,,,,WAW-AGP,2026-05-01T09:40:43Z
2026-08-01,,171.11,WAW,AGP,2026-05-01,Warszawa,Polska,Malaga,Hiszpania,price,,,PLN,WAW-AGP,2026-05-01T09:40:43Z
2026-08-02,,361.92,WAW,AGP,2026-05-01,Warszawa,Polska,Malaga,Hiszpania,price,,,PLN,WAW-AGP,2026-05-01T09:40:43Z
2026-08-03,,425.8,WAW,AGP,2026-05-01,Warszawa,Polska,Malaga,Hiszpania,price,,,PLN,WAW-AGP,2026-05-01T09:40:43Z
2026-08-04,,306.56,WAW,AGP,2026-05-01,Warszawa,Polska,Malaga,Hiszpania,price,,,PLN,WAW-AGP,2026-05-01T09:40:43Z
2026-08-05,,,WAW,AGP,2026-05-01,Warszawa,Polska,Malaga,Hiszpania,unavailable,,,,WAW-AGP,2026-05-01T09:40:43Z
2026-08-06,,298.05,WAW,AGP,2026-05-01,Warszawa,Polska,Malaga,Hiszpania,price,,,PLN,WAW-AGP,2026-05-01T09:40:43Z
2026-08-07,,,WAW,AGP,2026-05-01,Warszawa,Polska,Malaga,Hiszpania,unavailable,,,,WAW-AGP,2026-05-01T09:40:43Z
2026-08-08,,204.0,WAW,AGP,2026-05-01,Warszawa,Polska,Malaga,Hiszpania,price,,,PLN,WAW-AGP,2026-05-01T09:40:43Z
2026-08-09,,300.42,WAW,AGP,2026-05-01,Warszawa,Polska,Malaga,Hiszpania,price,,,PLN,WAW-AGP,2026-05-01T09:40:43Z
2026-08-10,,357.66,WAW,AGP,2026-05-01,Warszawa,Polska,Malaga,Hiszpania,price,,,PLN,WAW-AGP,2026-05-01T09:40:43Z
2026-08-11,,478.83,WAW,AGP,2026-05-01,Warszawa,Polska,Malaga,Hiszpania,price,,,PLN,WAW-AGP,2026-05-01T09:40:43Z
2026-08-12,,,WAW,AGP,2026-05-01,Warszawa,Polska,Malaga,Hiszpania,unavailable,,,,WAW-AGP,2026-05-01T09:40:43Z
2026-08-13,,418.42,WAW,AGP,2026-05-01,Warszawa,Polska,Malaga,Hiszpania,price,,,PLN,WAW-AGP,2026-05-01T09:40:43Z
2026-08-14,,,WAW,AGP,2026-05-01,Warszawa,Polska,Malaga,Hiszpania,unavailable,,,,WAW-AGP,2026-05-01T09:40:43Z
2026-08-15,,305.35,WAW,AGP,2026-05-01,Warszawa,Polska,Malaga,Hiszpania,price,,,PLN,WAW-AGP,2026-05-01T09:40:43Z
2026-08-16,,374.7,WAW,AGP,2026-05-01,Warszawa,Polska,Malaga,Hiszpania,price,,,PLN,WAW-AGP,2026-05-01T09:40:43Z
2026-08-17,,668.53,WAW,AGP,2026-05-01,Warszawa,Polska,Malaga,Hiszpania,price,,,PLN,WAW-AGP,2026-05-01T09:40:43Z
2026-08-18,,374.7,WAW,AGP,2026-05-01,Warszawa,Polska,Malaga,Hiszpania,price,,,PLN,WAW-AGP,2026-05-01T09:40:43Z
2026-08-19,,,WAW,AGP,2026-05-01,Warszawa,Polska,Malaga,Hiszpania,unavailable,,,,WAW-AGP,2026-05-01T09:40:43Z
2026-08-20,,306.56,WAW,AGP,2026-05-01,Warszawa,Polska,Malaga,Hiszpania,price,,,PLN,WAW-AGP,2026-05-01T09:40:43Z
2026-08-21,,,WAW,AGP,2026-05-01,Warszawa,Polska,Malaga,Hiszpania,unavailable,,,,WAW-AGP,2026-05-01T09:40:43Z
2026-08-22,,267.46,WAW,AGP,2026-05-01,Warszawa,Polska,Malaga,Hiszpania,price,,,PLN,WAW-AGP,2026-05-01T09:40:43Z
2026-08-23,,357.66,WAW,AGP,2026-05-01,Warszawa,Polska,Malaga,Hiszpania,price,,,PLN,WAW-AGP,2026-05-01T09:40:43Z
2026-08-24,,357.66,WAW,AGP,2026-05-01,Warszawa,Polska,Malaga,Hiszpania,price,,,PLN,WAW-AGP,2026-05-01T09:40:43Z
2026-08-25,,285.27,WAW,AGP,2026-05-01,Warszawa,Polska,Malaga,Hiszpania,price,,,PLN,WAW-AGP,2026-05-01T09:40:43Z
2026-08-26,,,WAW,AGP,2026-05-01,Warszawa,Polska,Malaga,Hiszpania,unavailable,,,,WAW-AGP,2026-05-01T09:40:43Z
2026-08-27,,327.85,WAW,AGP,2026-05-01,Warszawa,Polska,Malaga,Hiszpania,price,,,PLN,WAW-AGP,2026-05-01T09:40:43Z
2026-08-28,,,WAW,AGP,2026-05-01,Warszawa,Polska,Malaga,Hiszpania,unavailable,,,,WAW-AGP,2026-05-01T09:40:43Z
2026-08-29,,204.0,WAW,AGP,2026-05-01,Warszawa,Polska,Malaga,Hiszpania,price,,,PLN,WAW-AGP,2026-05-01T09:40:43Z
2026-08-30,,306.56,WAW,AGP,2026-05-01,Warszawa,Polska,Malaga,Hiszpania,price,,,PLN,WAW-AGP,2026-05-01T09:40:43Z
2026-08-31,,379.53,WAW,AGP,2026-05-01,Warszawa,Polska,Malaga,Hiszpania,price,,,PLN,WAW-AGP,2026-05-01T09:40:43Z
2026-05-01,,,AGP,WAW,2026-05-01,Malaga,Hiszpania,Warszawa,Polska,unavailable,,,,AGP-WAW,2026-05-01T09:40:43Z
2026-05-02,,786.0,AGP,WAW,2026-05-01,Malaga,Hiszpania,Warszawa,Polska,price,,,PLN,AGP-WAW,2026-05-01T09:40:43Z
2026-05-03,,911.26,AGP,WAW,2026-05-01,Malaga,Hiszpania,Warszawa,Polska,price,,,PLN,AGP-WAW,2026-05-01T09:40:43Z
2026-05-04,,834.76,AGP,WAW,2026-05-01,Malaga,Hiszpania,Warszawa,Polska,price,,,PLN,AGP-WAW,2026-05-01T09:40:43Z
2026-05-05,,1549.94,AGP,WAW,2026-05-01,Malaga,Hiszpania,Warszawa,Polska,price,,,PLN,AGP-WAW,2026-05-01T09:40:43Z
2026-05-06,,,AGP,WAW,2026-05-01,Malaga,Hiszpania,Warszawa,Polska,unavailable,,,,AGP-WAW,2026-05-01T09:40:43Z
2026-05-07,,380.68,AGP,WAW,2026-05-01,Malaga,Hiszpania,Warszawa,Polska,price,,,PLN,AGP-WAW,2026-05-01T09:40:43Z
2026-05-08,,,AGP,WAW,2026-05-01,Malaga,Hiszpania,Warszawa,Polska,unavailable,,,,AGP-WAW,2026-05-01T09:40:43Z
2026-05-09,,1501.46,AGP,WAW,2026-05-01,Malaga,Hiszpania,Warszawa,Polska,price,,,PLN,AGP-WAW,2026-05-01T09:40:43Z
2026-05-10,,449.0,AGP,WAW,2026-05-01,Malaga,Hiszpania,Warszawa,Polska,price,,,PLN,AGP-WAW,2026-05-01T09:40:43Z
2026-05-11,,281.01,AGP,WAW,2026-05-01,Malaga,Hiszpania,Warszawa,Polska,price,,,PLN,AGP-WAW,2026-05-01T09:40:43Z
2026-05-12,,323.6,AGP,WAW,2026-05-01,Malaga,Hiszpania,Warszawa,Polska,price,,,PLN,AGP-WAW,2026-05-01T09:40:43Z
2026-05-13,,,AGP,WAW,2026-05-01,Malaga,Hiszpania,Warszawa,Polska,unavailable,,,,AGP-WAW,2026-05-01T09:40:43Z
2026-05-14,,225.65,AGP,WAW,2026-05-01,Malaga,Hiszpania,Warszawa,Polska,price,,,PLN,AGP-WAW,2026-05-01T09:40:43Z
2026-05-15,,,AGP,WAW,2026-05-01,Malaga,Hiszpania,Warszawa,Polska,unavailable,,,,AGP-WAW,2026-05-01T09:40:43Z
2026-05-16,,551.0,AGP,WAW,2026-05-01,Malaga,Hiszpania,Warszawa,Polska,price,,,PLN,AGP-WAW,2026-05-01T09:40:43Z
2026-05-17,,468.06,AGP,WAW,2026-05-01,Malaga,Hiszpania,Warszawa,Polska,price,,,PLN,AGP-WAW,2026-05-01T09:40:43Z
2026-05-18,,293.79,AGP,WAW,2026-05-01,Malaga,Hiszpania,Warszawa,Polska,price,,,PLN,AGP-WAW,2026-05-01T09:40:43Z
2026-05-19,,221.99,AGP,WAW,2026-05-01,Malaga,Hiszpania,Warszawa,Polska,price,,,PLN,AGP-WAW,2026-05-01T09:40:43Z
2026-05-20,,,AGP,WAW,2026-05-01,Malaga,Hiszpania,Warszawa,Polska,unavailable,,,,AGP-WAW,2026-05-01T09:40:43Z
2026-05-21,,221.99,AGP,WAW,2026-05-01,Malaga,Hiszpania,Warszawa,Polska,price,,,PLN,AGP-WAW,2026-05-01T09:40:43Z
2026-05-22,,,AGP,WAW,2026-05-01,Malaga,Hiszpania,Warszawa,Polska,unavailable,,,,AGP-WAW,2026-05-01T09:40:43Z
2026-05-23,,381.29,AGP,WAW,2026-05-01,Malaga,Hiszpania,Warszawa,Polska,price,,,PLN,AGP-WAW,2026-05-01T09:40:43Z
2026-05-24,,293.94,AGP,WAW,2026-05-01,Malaga,Hiszpania,Warszawa,Polska,price,,,PLN,AGP-WAW,2026-05-01T09:40:43Z
2026-05-25,,306.56,AGP,WAW,2026-05-01,Malaga,Hiszpania,Warszawa,Polska,price,,,PLN,AGP-WAW,2026-05-01T09:40:43Z
2026-05-26,,174.55,AGP,WAW,2026-05-01,Malaga,Hiszpania,Warszawa,Polska,price,,,PLN,AGP-WAW,2026-05-01T09:40:43Z
2026-05-27,,,AGP,WAW,2026-05-01,Malaga,Hiszpania,Warszawa,Polska,unavailable,,,,AGP-WAW,2026-05-01T09:40:43Z
2026-05-28,,170.29,AGP,WAW,2026-05-01,Malaga,Hiszpania,Warszawa,Polska,price,,,PLN,AGP-WAW,2026-05-01T09:40:43Z
2026-05-29,,,AGP,WAW,2026-05-01,Malaga,Hiszpania,Warszawa,Polska,unavailable,,,,AGP-WAW,2026-05-01T09:40:43Z
2026-05-30,,293.94,AGP,WAW,2026-05-01,Malaga,Hiszpania,Warszawa,Polska,price,,,PLN,AGP-WAW,2026-05-01T09:40:43Z
2026-05-31,,319.34,AGP,WAW,2026-05-01,Malaga,Hiszpania,Warszawa,Polska,price,,,PLN,AGP-WAW,2026-05-01T09:40:43Z
2026-06-01,,370.44,AGP,WAW,2026-05-01,Malaga,Hiszpania,Warszawa,Polska,price,,,PLN,AGP-WAW,2026-05-01T09:40:43Z
2026-06-02,,144.74,AGP,WAW,2026-05-01,Malaga,Hiszpania,Warszawa,Polska,price,,,PLN,AGP-WAW,2026-05-01T09:40:43Z
2026-06-03,,,AGP,WAW,2026-05-01,Malaga,Hiszpania,Warszawa,Polska,unavailable,,,,AGP-WAW,2026-05-01T09:40:43Z
2026-06-04,,166.04,AGP,WAW,2026-05-01,Malaga,Hiszpania,Warszawa,Polska,price,,,PLN,AGP-WAW,2026-05-01T09:40:43Z
2026-06-05,,,AGP,WAW,2026-05-01,Malaga,Hiszpania,Warszawa,Polska,unavailable,,,,AGP-WAW,2026-05-01T09:40:43Z
2026-06-06,,782.94,AGP,WAW,2026-05-01,Malaga,Hiszpania,Warszawa,Polska,price,,,PLN,AGP-WAW,2026-05-01T09:40:43Z
2026-06-07,,970.87,AGP,WAW,2026-05-01,Malaga,Hiszpania,Warszawa,Polska,price,,,PLN,AGP-WAW,2026-05-01T09:40:43Z
2026-06-08,,608.91,AGP,WAW,2026-05-01,Malaga,Hiszpania,Warszawa,Polska,price,,,PLN,AGP-WAW,2026-05-01T09:40:43Z
2026-06-09,,310.82,AGP,WAW,2026-05-01,Malaga,Hiszpania,Warszawa,Polska,price,,,PLN,AGP-WAW,2026-05-01T09:40:43Z
2026-06-10,,,AGP,WAW,2026-05-01,Malaga,Hiszpania,Warszawa,Polska,unavailable,,,,AGP-WAW,2026-05-01T09:40:43Z
2026-06-11,,221.99,AGP,WAW,2026-05-01,Malaga,Hiszpania,Warszawa,Polska,price,,,PLN,AGP-WAW,2026-05-01T09:40:43Z
2026-06-12,,,AGP,WAW,2026-05-01,Malaga,Hiszpania,Warszawa,Polska,unavailable,,,,AGP-WAW,2026-05-01T09:40:43Z
2026-06-13,,652.39,AGP,WAW,2026-05-01,Malaga,Hiszpania,Warszawa,Polska,price,,,PLN,AGP-WAW,2026-05-01T09:40:43Z
2026-06-14,,395.99,AGP,WAW,2026-05-01,Malaga,Hiszpania,Warszawa,Polska,price,,,PLN,AGP-WAW,2026-05-01T09:40:43Z
2026-06-15,,238.43,AGP,WAW,2026-05-01,Malaga,Hiszpania,Warszawa,Polska,price,,,PLN,AGP-WAW,2026-05-01T09:40:43Z
2026-06-16,,183.07,AGP,WAW,2026-05-01,Malaga,Hiszpania,Warszawa,Polska,price,,,PLN,AGP-WAW,2026-05-01T09:40:43Z
2026-06-17,,,AGP,WAW,2026-05-01,Malaga,Hiszpania,Warszawa,Polska,unavailable,,,,AGP-WAW,2026-05-01T09:40:43Z
2026-06-18,,229.91,AGP,WAW,2026-05-01,Malaga,Hiszpania,Warszawa,Polska,price,,,PLN,AGP-WAW,2026-05-01T09:40:43Z
2026-06-19,,,AGP,WAW,2026-05-01,Malaga,Hiszpania,Warszawa,Polska,unavailable,,,,AGP-WAW,2026-05-01T09:40:43Z
2026-06-20,,415.87,AGP,WAW,2026-05-01,Malaga,Hiszpania,Warszawa,Polska,price,,,PLN,AGP-WAW,2026-05-01T09:40:43Z
2026-06-21,,329.55,AGP,WAW,2026-05-01,Malaga,Hiszpania,Warszawa,Polska,price,,,PLN,AGP-WAW,2026-05-01T09:40:43Z
2026-06-22,,293.79,AGP,WAW,2026-05-01,Malaga,Hiszpania,Warszawa,Polska,price,,,PLN,AGP-WAW,2026-05-01T09:40:43Z
2026-06-23,,238.43,AGP,WAW,2026-05-01,Malaga,Hiszpania,Warszawa,Polska,price,,,PLN,AGP-WAW,2026-05-01T09:40:43Z
2026-06-24,,,AGP,WAW,2026-05-01,Malaga,Hiszpania,Warszawa,Polska,unavailable,,,,AGP-WAW,2026-05-01T09:40:43Z
2026-06-25,,329.55,AGP,WAW,2026-05-01,Malaga,Hiszpania,Warszawa,Polska,price,,,PLN,AGP-WAW,2026-05-01T09:40:43Z
2026-06-26,,,AGP,WAW,2026-05-01,Malaga,Hiszpania,Warszawa,Polska,unavailable,,,,AGP-WAW,2026-05-01T09:40:43Z
2026-06-27,,551.0,AGP,WAW,2026-05-01,Malaga,Hiszpania,Warszawa,Polska,price,,,PLN,AGP-WAW,2026-05-01T09:40:43Z
2026-06-28,,432.08,AGP,WAW,2026-05-01,Malaga,Hiszpania,Warszawa,Polska,price,,,PLN,AGP-WAW,2026-05-01T09:40:43Z
2026-06-29,,332.11,AGP,WAW,2026-05-01,Malaga,Hiszpania,Warszawa,Polska,price,,,PLN,AGP-WAW,2026-05-01T09:40:43Z
2026-06-30,,242.69,AGP,WAW,2026-05-01,Malaga,Hiszpania,Warszawa,Polska,price,,,PLN,AGP-WAW,2026-05-01T09:40:43Z
2026-07-01,,,AGP,WAW,2026-05-01,Malaga,Hiszpania,Warszawa,Polska,unavailable,,,,AGP-WAW,2026-05-01T09:40:43Z
2026-07-02,,333.34,AGP,WAW,2026-05-01,Malaga,Hiszpania,Warszawa,Polska,price,,,PLN,AGP-WAW,2026-05-01T09:40:43Z
2026-07-03,,,AGP,WAW,2026-05-01,Malaga,Hiszpania,Warszawa,Polska,unavailable,,,,AGP-WAW,2026-05-01T09:40:43Z
2026-07-04,,383.5,AGP,WAW,2026-05-01,Malaga,Hiszpania,Warszawa,Polska,price,,,PLN,AGP-WAW,2026-05-01T09:40:43Z
2026-07-05,,528.0,AGP,WAW,2026-05-01,Malaga,Hiszpania,Warszawa,Polska,price,,,PLN,AGP-WAW,2026-05-01T09:40:43Z
2026-07-06,,599.29,AGP,WAW,2026-05-01,Malaga,Hiszpania,Warszawa,Polska,price,,,PLN,AGP-WAW,2026-05-01T09:40:43Z
2026-07-07,,370.44,AGP,WAW,2026-05-01,Malaga,Hiszpania,Warszawa,Polska,price,,,PLN,AGP-WAW,2026-05-01T09:40:43Z
2026-07-08,,,AGP,WAW,2026-05-01,Malaga,Hiszpania,Warszawa,Polska,unavailable,,,,AGP-WAW,2026-05-01T09:40:43Z
2026-07-09,,547.18,AGP,WAW,2026-05-01,Malaga,Hiszpania,Warszawa,Polska,price,,,PLN,AGP-WAW,2026-05-01T09:40:43Z
2026-07-10,,,AGP,WAW,2026-05-01,Malaga,Hiszpania,Warszawa,Polska,unavailable,,,,AGP-WAW,2026-05-01T09:40:43Z
2026-07-11,,570.33,AGP,WAW,2026-05-01,Malaga,Hiszpania,Warszawa,Polska,price,,,PLN,AGP-WAW,2026-05-01T09:40:43Z
2026-07-12,,506.71,AGP,WAW,2026-05-01,Malaga,Hiszpania,Warszawa,Polska,price,,,PLN,AGP-WAW,2026-05-01T09:40:43Z
2026-07-13,,598.93,AGP,WAW,2026-05-01,Malaga,Hiszpania,Warszawa,Polska,price,,,PLN,AGP-WAW,2026-05-01T09:40:43Z
2026-07-14,,408.25,AGP,WAW,2026-05-01,Malaga,Hiszpania,Warszawa,Polska,price,,,PLN,AGP-WAW,2026-05-01T09:40:43Z
2026-07-15,,,AGP,WAW,2026-05-01,Malaga,Hiszpania,Warszawa,Polska,unavailable,,,,AGP-WAW,2026-05-01T09:40:43Z
2026-07-16,,489.67,AGP,WAW,2026-05-01,Malaga,Hiszpania,Warszawa,Polska,price,,,PLN,AGP-WAW,2026-05-01T09:40:43Z
2026-07-17,,,AGP,WAW,2026-05-01,Malaga,Hiszpania,Warszawa,Polska,unavailable,,,,AGP-WAW,2026-05-01T09:40:43Z
2026-07-18,,521.29,AGP,WAW,2026-05-01,Malaga,Hiszpania,Warszawa,Polska,price,,,PLN,AGP-WAW,2026-05-01T09:40:43Z
2026-07-19,,455.61,AGP,WAW,2026-05-01,Malaga,Hiszpania,Warszawa,Polska,price,,,PLN,AGP-WAW,2026-05-01T09:40:43Z
2026-07-20,,349.15,AGP,WAW,2026-05-01,Malaga,Hiszpania,Warszawa,Polska,price,,,PLN,AGP-WAW,2026-05-01T09:40:43Z
2026-07-21,,404.51,AGP,WAW,2026-05-01,Malaga,Hiszpania,Warszawa,Polska,price,,,PLN,AGP-WAW,2026-05-01T09:40:43Z
2026-07-22,,,AGP,WAW,2026-05-01,Malaga,Hiszpania,Warszawa,Polska,unavailable,,,,AGP-WAW,2026-05-01T09:40:43Z
2026-07-23,,527.04,AGP,WAW,2026-05-01,Malaga,Hiszpania,Warszawa,Polska,price,,,PLN,AGP-WAW,2026-05-01T09:40:43Z
2026-07-24,,,AGP,WAW,2026-05-01,Malaga,Hiszpania,Warszawa,Polska,unavailable,,,,AGP-WAW,2026-05-01T09:40:43Z
2026-07-25,,521.29,AGP,WAW,2026-05-01,Malaga,Hiszpania,Warszawa,Polska,price,,,PLN,AGP-WAW,2026-05-01T09:40:43Z
2026-07-26,,370.44,AGP,WAW,2026-05-01,Malaga,Hiszpania,Warszawa,Polska,price,,,PLN,AGP-WAW,2026-05-01T09:40:43Z
2026-07-27,,408.76,AGP,WAW,2026-05-01,Malaga,Hiszpania,Warszawa,Polska,price,,,PLN,AGP-WAW,2026-05-01T09:40:43Z
2026-07-28,,322.47,AGP,WAW,2026-05-01,Malaga,Hiszpania,Warszawa,Polska,price,,,PLN,AGP-WAW,2026-05-01T09:40:43Z
2026-07-29,,,AGP,WAW,2026-05-01,Malaga,Hiszpania,Warszawa,Polska,unavailable,,,,AGP-WAW,2026-05-01T09:40:43Z
2026-07-30,,430.06,AGP,WAW,2026-05-01,Malaga,Hiszpania,Warszawa,Polska,price,,,PLN,AGP-WAW,2026-05-01T09:40:43Z
2026-07-31,,,AGP,WAW,2026-05-01,Malaga,Hiszpania,Warszawa,Polska,unavailable,,,,AGP-WAW,2026-05-01T09:40:43Z
2026-08-01,,644.86,AGP,WAW,2026-05-01,Malaga,Hiszpania,Warszawa,Polska,price,,,PLN,AGP-WAW,2026-05-01T09:40:43Z
2026-08-02,,472.64,AGP,WAW,2026-05-01,Malaga,Hiszpania,Warszawa,Polska,price,,,PLN,AGP-WAW,2026-05-01T09:40:43Z
2026-08-03,,438.57,AGP,WAW,2026-05-01,Malaga,Hiszpania,Warszawa,Polska,price,,,PLN,AGP-WAW,2026-05-01T09:40:43Z
2026-08-04,,387.47,AGP,WAW,2026-05-01,Malaga,Hiszpania,Warszawa,Polska,price,,,PLN,AGP-WAW,2026-05-01T09:40:43Z
2026-08-05,,,AGP,WAW,2026-05-01,Malaga,Hiszpania,Warszawa,Polska,unavailable,,,,AGP-WAW,2026-05-01T09:40:43Z
2026-08-06,,349.15,AGP,WAW,2026-05-01,Malaga,Hiszpania,Warszawa,Polska,price,,,PLN,AGP-WAW,2026-05-01T09:40:43Z
2026-08-07,,,AGP,WAW,2026-05-01,Malaga,Hiszpania,Warszawa,Polska,unavailable,,,,AGP-WAW,2026-05-01T09:40:43Z
2026-08-08,,489.67,AGP,WAW,2026-05-01,Malaga,Hiszpania,Warszawa,Polska,price,,,PLN,AGP-WAW,2026-05-01T09:40:43Z
2026-08-09,,570.33,AGP,WAW,2026-05-01,Malaga,Hiszpania,Warszawa,Polska,price,,,PLN,AGP-WAW,2026-05-01T09:40:43Z
2026-08-10,,468.06,AGP,WAW,2026-05-01,Malaga,Hiszpania,Warszawa,Polska,price,,,PLN,AGP-WAW,2026-05-01T09:40:43Z
2026-08-11,,378.96,AGP,WAW,2026-05-01,Malaga,Hiszpania,Warszawa,Polska,price,,,PLN,AGP-WAW,2026-05-01T09:40:43Z
2026-08-12,,,AGP,WAW,2026-05-01,Malaga,Hiszpania,Warszawa,Polska,unavailable,,,,AGP-WAW,2026-05-01T09:40:43Z
2026-08-13,,404.51,AGP,WAW,2026-05-01,Malaga,Hiszpania,Warszawa,Polska,price,,,PLN,AGP-WAW,2026-05-01T09:40:43Z
2026-08-14,,,AGP,WAW,2026-05-01,Malaga,Hiszpania,Warszawa,Polska,unavailable,,,,AGP-WAW,2026-05-01T09:40:43Z
2026-08-15,,538.95,AGP,WAW,2026-05-01,Malaga,Hiszpania,Warszawa,Polska,price,,,PLN,AGP-WAW,2026-05-01T09:40:43Z
2026-08-16,,395.99,AGP,WAW,2026-05-01,Malaga,Hiszpania,Warszawa,Polska,price,,,PLN,AGP-WAW,2026-05-01T09:40:43Z
2026-08-17,,408.25,AGP,WAW,2026-05-01,Malaga,Hiszpania,Warszawa,Polska,price,,,PLN,AGP-WAW,2026-05-01T09:40:43Z
2026-08-18,,310.82,AGP,WAW,2026-05-01,Malaga,Hiszpania,Warszawa,Polska,price,,,PLN,AGP-WAW,2026-05-01T09:40:43Z
2026-08-19,,,AGP,WAW,2026-05-01,Malaga,Hiszpania,Warszawa,Polska,unavailable,,,,AGP-WAW,2026-05-01T09:40:43Z
2026-08-20,,576.76,AGP,WAW,2026-05-01,Malaga,Hiszpania,Warszawa,Polska,price,,,PLN,AGP-WAW,2026-05-01T09:40:43Z
2026-08-21,,,AGP,WAW,2026-05-01,Malaga,Hiszpania,Warszawa,Polska,unavailable,,,,AGP-WAW,2026-05-01T09:40:43Z
2026-08-22,,470.68,AGP,WAW,2026-05-01,Malaga,Hiszpania,Warszawa,Polska,price,,,PLN,AGP-WAW,2026-05-01T09:40:43Z
2026-08-23,,421.54,AGP,WAW,2026-05-01,Malaga,Hiszpania,Warszawa,Polska,price,,,PLN,AGP-WAW,2026-05-01T09:40:43Z
2026-08-24,,361.92,AGP,WAW,2026-05-01,Malaga,Hiszpania,Warszawa,Polska,price,,,PLN,AGP-WAW,2026-05-01T09:40:43Z
2026-08-25,,373.83,AGP,WAW,2026-05-01,Malaga,Hiszpania,Warszawa,Polska,price,,,PLN,AGP-WAW,2026-05-01T09:40:43Z
2026-08-26,,,AGP,WAW,2026-05-01,Malaga,Hiszpania,Warszawa,Polska,unavailable,,,,AGP-WAW,2026-05-01T09:40:43Z
2026-08-27,,527.04,AGP,WAW,2026-05-01,Malaga,Hiszpania,Warszawa,Polska,price,,,PLN,AGP-WAW,2026-05-01T09:40:43Z
2026-08-28,,,AGP,WAW,2026-05-01,Malaga,Hiszpania,Warszawa,Polska,unavailable,,,,AGP-WAW,2026-05-01T09:40:43Z
2026-08-29,,637.28,AGP,WAW,2026-05-01,Malaga,Hiszpania,Warszawa,Polska,price,,,PLN,AGP-WAW,2026-05-01T09:40:43Z
2026-08-30,,391.73,AGP,WAW,2026-05-01,Malaga,Hiszpania,Warszawa,Polska,price,,,PLN,AGP-WAW,2026-05-01T09:40:43Z
2026-08-31,,374.7,AGP,WAW,2026-05-01,Malaga,Hiszpania,Warszawa,Polska,price,,,PLN,AGP-WAW,2026-05-01T09:40:43Z
2026-05-01,,,WAW,ALC,2026-05-01,Warszawa,Polska,Alicante,Hiszpania,unavailable,,,,WAW-ALC,2026-05-01T09:40:43Z
2026-05-02,,1383.94,WAW,ALC,2026-05-01,Warszawa,Polska,Alicante,Hiszpania,price,,,PLN,WAW-ALC,2026-05-01T09:40:43Z
2026-05-03,,,WAW,ALC,2026-05-01,Warszawa,Polska,Alicante,Hiszpania,unavailable,,,,WAW-ALC,2026-05-01T09:40:43Z
2026-05-04,,1319.08,WAW,ALC,2026-05-01,Warszawa,Polska,Alicante,Hiszpania,price,,,PLN,WAW-ALC,2026-05-01T09:40:43Z
2026-05-05,,1351.44,WAW,ALC,2026-05-01,Warszawa,Polska,Alicante,Hiszpania,price,,,PLN,WAW-ALC,2026-05-01T09:40:43Z
2026-05-06,,353.4,WAW,ALC,2026-05-01,Warszawa,Polska,Alicante,Hiszpania,price,,,PLN,WAW-ALC,2026-05-01T09:40:43Z
2026-05-07,,656.39,WAW,ALC,2026-05-01,Warszawa,Polska,Alicante,Hiszpania,price,,,PLN,WAW-ALC,2026-05-01T09:40:43Z
2026-05-08,,907.0,WAW,ALC,2026-05-01,Warszawa,Polska,Alicante,Hiszpania,price,,,PLN,WAW-ALC,2026-05-01T09:40:43Z
2026-05-09,,351.0,WAW,ALC,2026-05-01,Warszawa,Polska,Alicante,Hiszpania,price,,,PLN,WAW-ALC,2026-05-01T09:40:43Z
2026-05-10,,510.97,WAW,ALC,2026-05-01,Warszawa,Polska,Alicante,Hiszpania,price,,,PLN,WAW-ALC,2026-05-01T09:40:43Z
2026-05-11,,332.11,WAW,ALC,2026-05-01,Warszawa,Polska,Alicante,Hiszpania,price,,,PLN,WAW-ALC,2026-05-01T09:40:43Z
2026-05-12,,227.0,WAW,ALC,2026-05-01,Warszawa,Polska,Alicante,Hiszpania,price,,,PLN,WAW-ALC,2026-05-01T09:40:43Z
2026-05-13,,357.66,WAW,ALC,2026-05-01,Warszawa,Polska,Alicante,Hiszpania,price,,,PLN,WAW-ALC,2026-05-01T09:40:43Z
2026-05-14,,284.38,WAW,ALC,2026-05-01,Warszawa,Polska,Alicante,Hiszpania,price,,,PLN,WAW-ALC,2026-05-01T09:40:43Z
2026-05-15,,238.43,WAW,ALC,2026-05-01,Warszawa,Polska,Alicante,Hiszpania,price,,,PLN,WAW-ALC,2026-05-01T09:40:43Z
2026-05-16,,164.64,WAW,ALC,2026-05-01,Warszawa,Polska,Alicante,Hiszpania,price,,,PLN,WAW-ALC,2026-05-01T09:40:43Z
2026-05-17,,302.3,WAW,ALC,2026-05-01,Warszawa,Polska,Alicante,Hiszpania,price,,,PLN,WAW-ALC,2026-05-01T09:40:43Z
2026-05-18,,188.67,WAW,ALC,2026-05-01,Warszawa,Polska,Alicante,Hiszpania,price,,,PLN,WAW-ALC,2026-05-01T09:40:43Z
2026-05-19,,212.88,WAW,ALC,2026-05-01,Warszawa,Polska,Alicante,Hiszpania,price,,,PLN,WAW-ALC,2026-05-01T09:40:43Z
2026-05-20,,417.28,WAW,ALC,2026-05-01,Warszawa,Polska,Alicante,Hiszpania,price,,,PLN,WAW-ALC,2026-05-01T09:40:43Z
2026-05-21,,257.33,WAW,ALC,2026-05-01,Warszawa,Polska,Alicante,Hiszpania,price,,,PLN,WAW-ALC,2026-05-01T09:40:43Z
2026-05-22,,393.0,WAW,ALC,2026-05-01,Warszawa,Polska,Alicante,Hiszpania,price,,,PLN,WAW-ALC,2026-05-01T09:40:43Z
2026-05-23,,293.94,WAW,ALC,2026-05-01,Warszawa,Polska,Alicante,Hiszpania,price,,,PLN,WAW-ALC,2026-05-01T09:40:43Z
2026-05-24,,281.01,WAW,ALC,2026-05-01,Warszawa,Polska,Alicante,Hiszpania,price,,,PLN,WAW-ALC,2026-05-01T09:40:43Z
2026-05-25,,259.72,WAW,ALC,2026-05-01,Warszawa,Polska,Alicante,Hiszpania,price,,,PLN,WAW-ALC,2026-05-01T09:40:43Z
2026-05-26,,259.72,WAW,ALC,2026-05-01,Warszawa,Polska,Alicante,Hiszpania,price,,,PLN,WAW-ALC,2026-05-01T09:40:43Z
2026-05-27,,225.65,WAW,ALC,2026-05-01,Warszawa,Polska,Alicante,Hiszpania,price,,,PLN,WAW-ALC,2026-05-01T09:40:43Z
2026-05-28,,293.94,WAW,ALC,2026-05-01,Warszawa,Polska,Alicante,Hiszpania,price,,,PLN,WAW-ALC,2026-05-01T09:40:43Z
2026-05-29,,449.0,WAW,ALC,2026-05-01,Warszawa,Polska,Alicante,Hiszpania,price,,,PLN,WAW-ALC,2026-05-01T09:40:43Z
2026-05-30,,417.28,WAW,ALC,2026-05-01,Warszawa,Polska,Alicante,Hiszpania,price,,,PLN,WAW-ALC,2026-05-01T09:40:43Z
2026-05-31,,404.51,WAW,ALC,2026-05-01,Warszawa,Polska,Alicante,Hiszpania,price,,,PLN,WAW-ALC,2026-05-01T09:40:43Z
2026-06-01,,315.08,WAW,ALC,2026-05-01,Warszawa,Polska,Alicante,Hiszpania,price,,,PLN,WAW-ALC,2026-05-01T09:40:43Z
2026-06-02,,423.49,WAW,ALC,2026-05-01,Warszawa,Polska,Alicante,Hiszpania,price,,,PLN,WAW-ALC,2026-05-01T09:40:43Z
2026-06-03,,740.92,WAW,ALC,2026-05-01,Warszawa,Polska,Alicante,Hiszpania,price,,,PLN,WAW-ALC,2026-05-01T09:40:43Z
2026-06-04,,221.99,WAW,ALC,2026-05-01,Warszawa,Polska,Alicante,Hiszpania,price,,,PLN,WAW-ALC,2026-05-01T09:40:43Z
2026-06-05,,257.33,WAW,ALC,2026-05-01,Warszawa,Polska,Alicante,Hiszpania,price,,,PLN,WAW-ALC,2026-05-01T09:40:43Z
2026-06-06,,221.99,WAW,ALC,2026-05-01,Warszawa,Polska,Alicante,Hiszpania,price,,,PLN,WAW-ALC,2026-05-01T09:40:43Z
2026-06-07,,315.08,WAW,ALC,2026-05-01,Warszawa,Polska,Alicante,Hiszpania,price,,,PLN,WAW-ALC,2026-05-01T09:40:43Z
2026-06-08,,351.0,WAW,ALC,2026-05-01,Warszawa,Polska,Alicante,Hiszpania,price,,,PLN,WAW-ALC,2026-05-01T09:40:43Z
2026-06-09,,246.94,WAW,ALC,2026-05-01,Warszawa,Polska,Alicante,Hiszpania,price,,,PLN,WAW-ALC,2026-05-01T09:40:43Z
2026-06-10,,259.72,WAW,ALC,2026-05-01,Warszawa,Polska,Alicante,Hiszpania,price,,,PLN,WAW-ALC,2026-05-01T09:40:43Z
2026-06-11,,265.0,WAW,ALC,2026-05-01,Warszawa,Polska,Alicante,Hiszpania,price,,,PLN,WAW-ALC,2026-05-01T09:40:43Z
2026-06-12,,340.63,WAW,ALC,2026-05-01,Warszawa,Polska,Alicante,Hiszpania,price,,,PLN,WAW-ALC,2026-05-01T09:40:43Z
2026-06-13,,188.67,WAW,ALC,2026-05-01,Warszawa,Polska,Alicante,Hiszpania,price,,,PLN,WAW-ALC,2026-05-01T09:40:43Z
2026-06-14,,257.33,WAW,ALC,2026-05-01,Warszawa,Polska,Alicante,Hiszpania,price,,,PLN,WAW-ALC,2026-05-01T09:40:43Z
2026-06-15,,263.98,WAW,ALC,2026-05-01,Warszawa,Polska,Alicante,Hiszpania,price,,,PLN,WAW-ALC,2026-05-01T09:40:43Z
2026-06-16,,361.92,WAW,ALC,2026-05-01,Warszawa,Polska,Alicante,Hiszpania,price,,,PLN,WAW-ALC,2026-05-01T09:40:43Z
2026-06-17,,265.0,WAW,ALC,2026-05-01,Warszawa,Polska,Alicante,Hiszpania,price,,,PLN,WAW-ALC,2026-05-01T09:40:43Z
2026-06-18,,221.99,WAW,ALC,2026-05-01,Warszawa,Polska,Alicante,Hiszpania,price,,,PLN,WAW-ALC,2026-05-01T09:40:43Z
2026-06-19,,302.3,WAW,ALC,2026-05-01,Warszawa,Polska,Alicante,Hiszpania,price,,,PLN,WAW-ALC,2026-05-01T09:40:43Z
2026-06-20,,265.0,WAW,ALC,2026-05-01,Warszawa,Polska,Alicante,Hiszpania,price,,,PLN,WAW-ALC,2026-05-01T09:40:43Z
2026-06-21,,302.3,WAW,ALC,2026-05-01,Warszawa,Polska,Alicante,Hiszpania,price,,,PLN,WAW-ALC,2026-05-01T09:40:43Z
2026-06-22,,268.24,WAW,ALC,2026-05-01,Warszawa,Polska,Alicante,Hiszpania,price,,,PLN,WAW-ALC,2026-05-01T09:40:43Z
2026-06-23,,281.01,WAW,ALC,2026-05-01,Warszawa,Polska,Alicante,Hiszpania,price,,,PLN,WAW-ALC,2026-05-01T09:40:43Z
2026-06-24,,308.0,WAW,ALC,2026-05-01,Warszawa,Polska,Alicante,Hiszpania,price,,,PLN,WAW-ALC,2026-05-01T09:40:43Z
2026-06-25,,308.0,WAW,ALC,2026-05-01,Warszawa,Polska,Alicante,Hiszpania,price,,,PLN,WAW-ALC,2026-05-01T09:40:43Z
2026-06-26,,400.25,WAW,ALC,2026-05-01,Warszawa,Polska,Alicante,Hiszpania,price,,,PLN,WAW-ALC,2026-05-01T09:40:43Z
2026-06-27,,293.94,WAW,ALC,2026-05-01,Warszawa,Polska,Alicante,Hiszpania,price,,,PLN,WAW-ALC,2026-05-01T09:40:43Z
2026-06-28,,470.56,WAW,ALC,2026-05-01,Warszawa,Polska,Alicante,Hiszpania,price,,,PLN,WAW-ALC,2026-05-01T09:40:43Z
2026-06-29,,470.56,WAW,ALC,2026-05-01,Warszawa,Polska,Alicante,Hiszpania,price,,,PLN,WAW-ALC,2026-05-01T09:40:43Z
2026-06-30,,470.56,WAW,ALC,2026-05-01,Warszawa,Polska,Alicante,Hiszpania,price,,,PLN,WAW-ALC,2026-05-01T09:40:43Z
2026-07-01,,430.06,WAW,ALC,2026-05-01,Warszawa,Polska,Alicante,Hiszpania,price,,,PLN,WAW-ALC,2026-05-01T09:40:43Z
2026-07-02,,323.2,WAW,ALC,2026-05-01,Warszawa,Polska,Alicante,Hiszpania,price,,,PLN,WAW-ALC,2026-05-01T09:40:43Z
2026-07-03,,361.92,WAW,ALC,2026-05-01,Warszawa,Polska,Alicante,Hiszpania,price,,,PLN,WAW-ALC,2026-05-01T09:40:43Z
2026-07-04,,373.83,WAW,ALC,2026-05-01,Warszawa,Polska,Alicante,Hiszpania,price,,,PLN,WAW-ALC,2026-05-01T09:40:43Z
2026-07-05,,663.72,WAW,ALC,2026-05-01,Warszawa,Polska,Alicante,Hiszpania,price,,,PLN,WAW-ALC,2026-05-01T09:40:43Z
2026-07-06,,646.24,WAW,ALC,2026-05-01,Warszawa,Polska,Alicante,Hiszpania,price,,,PLN,WAW-ALC,2026-05-01T09:40:43Z
2026-07-07,,332.11,WAW,ALC,2026-05-01,Warszawa,Polska,Alicante,Hiszpania,price,,,PLN,WAW-ALC,2026-05-01T09:40:43Z
2026-07-08,,449.0,WAW,ALC,2026-05-01,Warszawa,Polska,Alicante,Hiszpania,price,,,PLN,WAW-ALC,2026-05-01T09:40:43Z
2026-07-09,,368.12,WAW,ALC,2026-05-01,Warszawa,Polska,Alicante,Hiszpania,price,,,PLN,WAW-ALC,2026-05-01T09:40:43Z
2026-07-10,,282.66,WAW,ALC,2026-05-01,Warszawa,Polska,Alicante,Hiszpania,price,,,PLN,WAW-ALC,2026-05-01T09:40:43Z
2026-07-11,,207.84,WAW,ALC,2026-05-01,Warszawa,Polska,Alicante,Hiszpania,price,,,PLN,WAW-ALC,2026-05-01T09:40:43Z
2026-07-12,,451.35,WAW,ALC,2026-05-01,Warszawa,Polska,Alicante,Hiszpania,price,,,PLN,WAW-ALC,2026-05-01T09:40:43Z
2026-07-13,,327.85,WAW,ALC,2026-05-01,Warszawa,Polska,Alicante,Hiszpania,price,,,PLN,WAW-ALC,2026-05-01T09:40:43Z
2026-07-14,,455.61,WAW,ALC,2026-05-01,Warszawa,Polska,Alicante,Hiszpania,price,,,PLN,WAW-ALC,2026-05-01T09:40:43Z
2026-07-15,,532.79,WAW,ALC,2026-05-01,Warszawa,Polska,Alicante,Hiszpania,price,,,PLN,WAW-ALC,2026-05-01T09:40:43Z
2026-07-16,,322.47,WAW,ALC,2026-05-01,Warszawa,Polska,Alicante,Hiszpania,price,,,PLN,WAW-ALC,2026-05-01T09:40:43Z
2026-07-17,,315.08,WAW,ALC,2026-05-01,Warszawa,Polska,Alicante,Hiszpania,price,,,PLN,WAW-ALC,2026-05-01T09:40:43Z
2026-07-18,,239.19,WAW,ALC,2026-05-01,Warszawa,Polska,Alicante,Hiszpania,price,,,PLN,WAW-ALC,2026-05-01T09:40:43Z
2026-07-19,,425.32,WAW,ALC,2026-05-01,Warszawa,Polska,Alicante,Hiszpania,price,,,PLN,WAW-ALC,2026-05-01T09:40:43Z
2026-07-20,,592.86,WAW,ALC,2026-05-01,Warszawa,Polska,Alicante,Hiszpania,price,,,PLN,WAW-ALC,2026-05-01T09:40:43Z
2026-07-21,,592.86,WAW,ALC,2026-05-01,Warszawa,Polska,Alicante,Hiszpania,price,,,PLN,WAW-ALC,2026-05-01T09:40:43Z
2026-07-22,,277.6,WAW,ALC,2026-05-01,Warszawa,Polska,Alicante,Hiszpania,price,,,PLN,WAW-ALC,2026-05-01T09:40:43Z
2026-07-23,,196.34,WAW,ALC,2026-05-01,Warszawa,Polska,Alicante,Hiszpania,price,,,PLN,WAW-ALC,2026-05-01T09:40:43Z
2026-07-24,,246.94,WAW,ALC,2026-05-01,Warszawa,Polska,Alicante,Hiszpania,price,,,PLN,WAW-ALC,2026-05-01T09:40:43Z
2026-07-25,,177.62,WAW,ALC,2026-05-01,Warszawa,Polska,Alicante,Hiszpania,price,,,PLN,WAW-ALC,2026-05-01T09:40:43Z
2026-07-26,,481.53,WAW,ALC,2026-05-01,Warszawa,Polska,Alicante,Hiszpania,price,,,PLN,WAW-ALC,2026-05-01T09:40:43Z
2026-07-27,,298.05,WAW,ALC,2026-05-01,Warszawa,Polska,Alicante,Hiszpania,price,,,PLN,WAW-ALC,2026-05-01T09:40:43Z
2026-07-28,,338.4,WAW,ALC,2026-05-01,Warszawa,Polska,Alicante,Hiszpania,price,,,PLN,WAW-ALC,2026-05-01T09:40:43Z
2026-07-29,,242.69,WAW,ALC,2026-05-01,Warszawa,Polska,Alicante,Hiszpania,price,,,PLN,WAW-ALC,2026-05-01T09:40:43Z
2026-07-30,,196.34,WAW,ALC,2026-05-01,Warszawa,Polska,Alicante,Hiszpania,price,,,PLN,WAW-ALC,2026-05-01T09:40:43Z
2026-07-31,,387.47,WAW,ALC,2026-05-01,Warszawa,Polska,Alicante,Hiszpania,price,,,PLN,WAW-ALC,2026-05-01T09:40:43Z
2026-08-01,,267.46,WAW,ALC,2026-05-01,Warszawa,Polska,Alicante,Hiszpania,price,,,PLN,WAW-ALC,2026-05-01T09:40:43Z
2026-08-02,,353.4,WAW,ALC,2026-05-01,Warszawa,Polska,Alicante,Hiszpania,price,,,PLN,WAW-ALC,2026-05-01T09:40:43Z
2026-08-03,,550.32,WAW,ALC,2026-05-01,Warszawa,Polska,Alicante,Hiszpania,price,,,PLN,WAW-ALC,2026-05-01T09:40:43Z
2026-08-04,,527.04,WAW,ALC,2026-05-01,Warszawa,Polska,Alicante,Hiszpania,price,,,PLN,WAW-ALC,2026-05-01T09:40:43Z
2026-08-05,,289.53,WAW,ALC,2026-05-01,Warszawa,Polska,Alicante,Hiszpania,price,,,PLN,WAW-ALC,2026-05-01T09:40:43Z
2026-08-06,,239.19,WAW,ALC,2026-05-01,Warszawa,Polska,Alicante,Hiszpania,price,,,PLN,WAW-ALC,2026-05-01T09:40:43Z
2026-08-07,,310.82,WAW,ALC,2026-05-01,Warszawa,Polska,Alicante,Hiszpania,price,,,PLN,WAW-ALC,2026-05-01T09:40:43Z
2026-08-08,,282.66,WAW,ALC,2026-05-01,Warszawa,Polska,Alicante,Hiszpania,price,,,PLN,WAW-ALC,2026-05-01T09:40:43Z
2026-08-09,,451.35,WAW,ALC,2026-05-01,Warszawa,Polska,Alicante,Hiszpania,price,,,PLN,WAW-ALC,2026-05-01T09:40:43Z
2026-08-10,,425.32,WAW,ALC,2026-05-01,Warszawa,Polska,Alicante,Hiszpania,price,,,PLN,WAW-ALC,2026-05-01T09:40:43Z
2026-08-11,,366.18,WAW,ALC,2026-05-01,Warszawa,Polska,Alicante,Hiszpania,price,,,PLN,WAW-ALC,2026-05-01T09:40:43Z
2026-08-12,,276.75,WAW,ALC,2026-05-01,Warszawa,Polska,Alicante,Hiszpania,price,,,PLN,WAW-ALC,2026-05-01T09:40:43Z
2026-08-13,,418.42,WAW,ALC,2026-05-01,Warszawa,Polska,Alicante,Hiszpania,price,,,PLN,WAW-ALC,2026-05-01T09:40:43Z
2026-08-14,,328.31,WAW,ALC,2026-05-01,Warszawa,Polska,Alicante,Hiszpania,price,,,PLN,WAW-ALC,2026-05-01T09:40:43Z
2026-08-15,,239.19,WAW,ALC,2026-05-01,Warszawa,Polska,Alicante,Hiszpania,price,,,PLN,WAW-ALC,2026-05-01T09:40:43Z
2026-08-16,,302.3,WAW,ALC,2026-05-01,Warszawa,Polska,Alicante,Hiszpania,price,,,PLN,WAW-ALC,2026-05-01T09:40:43Z
2026-08-17,,289.53,WAW,ALC,2026-05-01,Warszawa,Polska,Alicante,Hiszpania,price,,,PLN,WAW-ALC,2026-05-01T09:40:43Z
2026-08-18,,302.3,WAW,ALC,2026-05-01,Warszawa,Polska,Alicante,Hiszpania,price,,,PLN,WAW-ALC,2026-05-01T09:40:43Z
2026-08-19,,259.72,WAW,ALC,2026-05-01,Warszawa,Polska,Alicante,Hiszpania,price,,,PLN,WAW-ALC,2026-05-01T09:40:43Z
2026-08-20,,243.5,WAW,ALC,2026-05-01,Warszawa,Polska,Alicante,Hiszpania,price,,,PLN,WAW-ALC,2026-05-01T09:40:43Z
2026-08-21,,272.5,WAW,ALC,2026-05-01,Warszawa,Polska,Alicante,Hiszpania,price,,,PLN,WAW-ALC,2026-05-01T09:40:43Z
2026-08-22,,243.5,WAW,ALC,2026-05-01,Warszawa,Polska,Alicante,Hiszpania,price,,,PLN,WAW-ALC,2026-05-01T09:40:43Z
2026-08-23,,423.49,WAW,ALC,2026-05-01,Warszawa,Polska,Alicante,Hiszpania,price,,,PLN,WAW-ALC,2026-05-01T09:40:43Z
2026-08-24,,289.53,WAW,ALC,2026-05-01,Warszawa,Polska,Alicante,Hiszpania,price,,,PLN,WAW-ALC,2026-05-01T09:40:43Z
2026-08-25,,272.5,WAW,ALC,2026-05-01,Warszawa,Polska,Alicante,Hiszpania,price,,,PLN,WAW-ALC,2026-05-01T09:40:43Z
2026-08-26,,263.98,WAW,ALC,2026-05-01,Warszawa,Polska,Alicante,Hiszpania,price,,,PLN,WAW-ALC,2026-05-01T09:40:43Z
2026-08-27,,239.19,WAW,ALC,2026-05-01,Warszawa,Polska,Alicante,Hiszpania,price,,,PLN,WAW-ALC,2026-05-01T09:40:43Z
2026-08-28,,258.57,WAW,ALC,2026-05-01,Warszawa,Polska,Alicante,Hiszpania,price,,,PLN,WAW-ALC,2026-05-01T09:40:43Z
2026-08-29,,243.5,WAW,ALC,2026-05-01,Warszawa,Polska,Alicante,Hiszpania,price,,,PLN,WAW-ALC,2026-05-01T09:40:43Z
2026-08-30,,293.79,WAW,ALC,2026-05-01,Warszawa,Polska,Alicante,Hiszpania,price,,,PLN,WAW-ALC,2026-05-01T09:40:43Z
2026-08-31,,285.27,WAW,ALC,2026-05-01,Warszawa,Polska,Alicante,Hiszpania,price,,,PLN,WAW-ALC,2026-05-01T09:40:43Z
2026-05-01,,1282.26,ALC,WAW,2026-05-01,Alicante,Hiszpania,Warszawa,Polska,price,,,PLN,ALC-WAW,2026-05-01T09:40:43Z
2026-05-02,,607.0,ALC,WAW,2026-05-01,Alicante,Hiszpania,Warszawa,Polska,price,,,PLN,ALC-WAW,2026-05-01T09:40:43Z
2026-05-03,,,ALC,WAW,2026-05-01,Alicante,Hiszpania,Warszawa,Polska,unavailable,,,,ALC-WAW,2026-05-01T09:40:43Z
2026-05-04,,1124.18,ALC,WAW,2026-05-01,Alicante,Hiszpania,Warszawa,Polska,price,,,PLN,ALC-WAW,2026-05-01T09:40:43Z
2026-05-05,,645.07,ALC,WAW,2026-05-01,Alicante,Hiszpania,Warszawa,Polska,price,,,PLN,ALC-WAW,2026-05-01T09:40:43Z
2026-05-06,,726.0,ALC,WAW,2026-05-01,Alicante,Hiszpania,Warszawa,Polska,price,,,PLN,ALC-WAW,2026-05-01T09:40:43Z
2026-05-07,,355.0,ALC,WAW,2026-05-01,Alicante,Hiszpania,Warszawa,Polska,price,,,PLN,ALC-WAW,2026-05-01T09:40:43Z
2026-05-08,,310.82,ALC,WAW,2026-05-01,Alicante,Hiszpania,Warszawa,Polska,price,,,PLN,ALC-WAW,2026-05-01T09:40:43Z
2026-05-09,,221.99,ALC,WAW,2026-05-01,Alicante,Hiszpania,Warszawa,Polska,price,,,PLN,ALC-WAW,2026-05-01T09:40:43Z
2026-05-10,,489.67,ALC,WAW,2026-05-01,Alicante,Hiszpania,Warszawa,Polska,price,,,PLN,ALC-WAW,2026-05-01T09:40:43Z
2026-05-11,,551.0,ALC,WAW,2026-05-01,Alicante,Hiszpania,Warszawa,Polska,price,,,PLN,ALC-WAW,2026-05-01T09:40:43Z
2026-05-12,,370.44,ALC,WAW,2026-05-01,Alicante,Hiszpania,Warszawa,Polska,price,,,PLN,ALC-WAW,2026-05-01T09:40:43Z
2026-05-13,,562.07,ALC,WAW,2026-05-01,Alicante,Hiszpania,Warszawa,Polska,price,,,PLN,ALC-WAW,2026-05-01T09:40:43Z
2026-05-14,,293.94,ALC,WAW,2026-05-01,Alicante,Hiszpania,Warszawa,Polska,price,,,PLN,ALC-WAW,2026-05-01T09:40:43Z
2026-05-15,,221.99,ALC,WAW,2026-05-01,Alicante,Hiszpania,Warszawa,Polska,price,,,PLN,ALC-WAW,2026-05-01T09:40:43Z
2026-05-16,,221.99,ALC,WAW,2026-05-01,Alicante,Hiszpania,Warszawa,Polska,price,,,PLN,ALC-WAW,2026-05-01T09:40:43Z
2026-05-17,,370.44,ALC,WAW,2026-05-01,Alicante,Hiszpania,Warszawa,Polska,price,,,PLN,ALC-WAW,2026-05-01T09:40:43Z
2026-05-18,,506.71,ALC,WAW,2026-05-01,Alicante,Hiszpania,Warszawa,Polska,price,,,PLN,ALC-WAW,2026-05-01T09:40:43Z
2026-05-19,,310.82,ALC,WAW,2026-05-01,Alicante,Hiszpania,Warszawa,Polska,price,,,PLN,ALC-WAW,2026-05-01T09:40:43Z
2026-05-20,,336.37,ALC,WAW,2026-05-01,Alicante,Hiszpania,Warszawa,Polska,price,,,PLN,ALC-WAW,2026-05-01T09:40:43Z
2026-05-21,,556.82,ALC,WAW,2026-05-01,Alicante,Hiszpania,Warszawa,Polska,price,,,PLN,ALC-WAW,2026-05-01T09:40:43Z
2026-05-22,,302.3,ALC,WAW,2026-05-01,Alicante,Hiszpania,Warszawa,Polska,price,,,PLN,ALC-WAW,2026-05-01T09:40:43Z
2026-05-23,,238.43,ALC,WAW,2026-05-01,Alicante,Hiszpania,Warszawa,Polska,price,,,PLN,ALC-WAW,2026-05-01T09:40:43Z
2026-05-24,,366.18,ALC,WAW,2026-05-01,Alicante,Hiszpania,Warszawa,Polska,price,,,PLN,ALC-WAW,2026-05-01T09:40:43Z
2026-05-25,,329.55,ALC,WAW,2026-05-01,Alicante,Hiszpania,Warszawa,Polska,price,,,PLN,ALC-WAW,2026-05-01T09:40:43Z
2026-05-26,,293.94,ALC,WAW,2026-05-01,Alicante,Hiszpania,Warszawa,Polska,price,,,PLN,ALC-WAW,2026-05-01T09:40:43Z
2026-05-27,,234.17,ALC,WAW,2026-05-01,Alicante,Hiszpania,Warszawa,Polska,price,,,PLN,ALC-WAW,2026-05-01T09:40:43Z
2026-05-28,,257.33,ALC,WAW,2026-05-01,Alicante,Hiszpania,Warszawa,Polska,price,,,PLN,ALC-WAW,2026-05-01T09:40:43Z
2026-05-29,,319.34,ALC,WAW,2026-05-01,Alicante,Hiszpania,Warszawa,Polska,price,,,PLN,ALC-WAW,2026-05-01T09:40:43Z
2026-05-30,,217.14,ALC,WAW,2026-05-01,Alicante,Hiszpania,Warszawa,Polska,price,,,PLN,ALC-WAW,2026-05-01T09:40:43Z
2026-05-31,,306.56,ALC,WAW,2026-05-01,Alicante,Hiszpania,Warszawa,Polska,price,,,PLN,ALC-WAW,2026-05-01T09:40:43Z
2026-06-01,,417.28,ALC,WAW,2026-05-01,Alicante,Hiszpania,Warszawa,Polska,price,,,PLN,ALC-WAW,2026-05-01T09:40:43Z
2026-06-02,,225.65,ALC,WAW,2026-05-01,Alicante,Hiszpania,Warszawa,Polska,price,,,PLN,ALC-WAW,2026-05-01T09:40:43Z
2026-06-03,,263.98,ALC,WAW,2026-05-01,Alicante,Hiszpania,Warszawa,Polska,price,,,PLN,ALC-WAW,2026-05-01T09:40:43Z
2026-06-04,,376.68,ALC,WAW,2026-05-01,Alicante,Hiszpania,Warszawa,Polska,price,,,PLN,ALC-WAW,2026-05-01T09:40:43Z
2026-06-05,,395.99,ALC,WAW,2026-05-01,Alicante,Hiszpania,Warszawa,Polska,price,,,PLN,ALC-WAW,2026-05-01T09:40:43Z
2026-06-06,,349.15,ALC,WAW,2026-05-01,Alicante,Hiszpania,Warszawa,Polska,price,,,PLN,ALC-WAW,2026-05-01T09:40:43Z
2026-06-07,,650.58,ALC,WAW,2026-05-01,Alicante,Hiszpania,Warszawa,Polska,price,,,PLN,ALC-WAW,2026-05-01T09:40:43Z
2026-06-08,,786.0,ALC,WAW,2026-05-01,Alicante,Hiszpania,Warszawa,Polska,price,,,PLN,ALC-WAW,2026-05-01T09:40:43Z
2026-06-09,,327.85,ALC,WAW,2026-05-01,Alicante,Hiszpania,Warszawa,Polska,price,,,PLN,ALC-WAW,2026-05-01T09:40:43Z
2026-06-10,,308.0,ALC,WAW,2026-05-01,Alicante,Hiszpania,Warszawa,Polska,price,,,PLN,ALC-WAW,2026-05-01T09:40:43Z
2026-06-11,,265.0,ALC,WAW,2026-05-01,Alicante,Hiszpania,Warszawa,Polska,price,,,PLN,ALC-WAW,2026-05-01T09:40:43Z
2026-06-12,,225.65,ALC,WAW,2026-05-01,Alicante,Hiszpania,Warszawa,Polska,price,,,PLN,ALC-WAW,2026-05-01T09:40:43Z
2026-06-13,,221.99,ALC,WAW,2026-05-01,Alicante,Hiszpania,Warszawa,Polska,price,,,PLN,ALC-WAW,2026-05-01T09:40:43Z
2026-06-14,,302.3,ALC,WAW,2026-05-01,Alicante,Hiszpania,Warszawa,Polska,price,,,PLN,ALC-WAW,2026-05-01T09:40:43Z
2026-06-15,,387.47,ALC,WAW,2026-05-01,Alicante,Hiszpania,Warszawa,Polska,price,,,PLN,ALC-WAW,2026-05-01T09:40:43Z
2026-06-16,,242.69,ALC,WAW,2026-05-01,Alicante,Hiszpania,Warszawa,Polska,price,,,PLN,ALC-WAW,2026-05-01T09:40:43Z
2026-06-17,,263.98,ALC,WAW,2026-05-01,Alicante,Hiszpania,Warszawa,Polska,price,,,PLN,ALC-WAW,2026-05-01T09:40:43Z
2026-06-18,,265.0,ALC,WAW,2026-05-01,Alicante,Hiszpania,Warszawa,Polska,price,,,PLN,ALC-WAW,2026-05-01T09:40:43Z
2026-06-19,,327.85,ALC,WAW,2026-05-01,Alicante,Hiszpania,Warszawa,Polska,price,,,PLN,ALC-WAW,2026-05-01T09:40:43Z
2026-06-20,,242.69,ALC,WAW,2026-05-01,Alicante,Hiszpania,Warszawa,Polska,price,,,PLN,ALC-WAW,2026-05-01T09:40:43Z
2026-06-21,,308.0,ALC,WAW,2026-05-01,Alicante,Hiszpania,Warszawa,Polska,price,,,PLN,ALC-WAW,2026-05-01T09:40:43Z
2026-06-22,,421.54,ALC,WAW,2026-05-01,Alicante,Hiszpania,Warszawa,Polska,price,,,PLN,ALC-WAW,2026-05-01T09:40:43Z
2026-06-23,,257.33,ALC,WAW,2026-05-01,Alicante,Hiszpania,Warszawa,Polska,price,,,PLN,ALC-WAW,2026-05-01T09:40:43Z
2026-06-24,,284.38,ALC,WAW,2026-05-01,Alicante,Hiszpania,Warszawa,Polska,price,,,PLN,ALC-WAW,2026-05-01T09:40:43Z
2026-06-25,,290.81,ALC,WAW,2026-05-01,Alicante,Hiszpania,Warszawa,Polska,price,,,PLN,ALC-WAW,2026-05-01T09:40:43Z
2026-06-26,,281.01,ALC,WAW,2026-05-01,Alicante,Hiszpania,Warszawa,Polska,price,,,PLN,ALC-WAW,2026-05-01T09:40:43Z
2026-06-27,,268.24,ALC,WAW,2026-05-01,Alicante,Hiszpania,Warszawa,Polska,price,,,PLN,ALC-WAW,2026-05-01T09:40:43Z
2026-06-28,,285.27,ALC,WAW,2026-05-01,Alicante,Hiszpania,Warszawa,Polska,price,,,PLN,ALC-WAW,2026-05-01T09:40:43Z
2026-06-29,,425.8,ALC,WAW,2026-05-01,Alicante,Hiszpania,Warszawa,Polska,price,,,PLN,ALC-WAW,2026-05-01T09:40:43Z
2026-06-30,,366.18,ALC,WAW,2026-05-01,Alicante,Hiszpania,Warszawa,Polska,price,,,PLN,ALC-WAW,2026-05-01T09:40:43Z
2026-07-01,,366.18,ALC,WAW,2026-05-01,Alicante,Hiszpania,Warszawa,Polska,price,,,PLN,ALC-WAW,2026-05-01T09:40:43Z
2026-07-02,,385.24,ALC,WAW,2026-05-01,Alicante,Hiszpania,Warszawa,Polska,price,,,PLN,ALC-WAW,2026-05-01T09:40:43Z
2026-07-03,,538.95,ALC,WAW,2026-05-01,Alicante,Hiszpania,Warszawa,Polska,price,,,PLN,ALC-WAW,2026-05-01T09:40:43Z
2026-07-04,,357.66,ALC,WAW,2026-05-01,Alicante,Hiszpania,Warszawa,Polska,price,,,PLN,ALC-WAW,2026-05-01T09:40:43Z
2026-07-05,,434.31,ALC,WAW,2026-05-01,Alicante,Hiszpania,Warszawa,Polska,price,,,PLN,ALC-WAW,2026-05-01T09:40:43Z
2026-07-06,,515.22,ALC,WAW,2026-05-01,Alicante,Hiszpania,Warszawa,Polska,price,,,PLN,ALC-WAW,2026-05-01T09:40:43Z
2026-07-07,,447.09,ALC,WAW,2026-05-01,Alicante,Hiszpania,Warszawa,Polska,price,,,PLN,ALC-WAW,2026-05-01T09:40:43Z
2026-07-08,,587.62,ALC,WAW,2026-05-01,Alicante,Hiszpania,Warszawa,Polska,price,,,PLN,ALC-WAW,2026-05-01T09:40:43Z
2026-07-09,,538.95,ALC,WAW,2026-05-01,Alicante,Hiszpania,Warszawa,Polska,price,,,PLN,ALC-WAW,2026-05-01T09:40:43Z
2026-07-10,,599.29,ALC,WAW,2026-05-01,Alicante,Hiszpania,Warszawa,Polska,price,,,PLN,ALC-WAW,2026-05-01T09:40:43Z
2026-07-11,,502.45,ALC,WAW,2026-05-01,Alicante,Hiszpania,Warszawa,Polska,price,,,PLN,ALC-WAW,2026-05-01T09:40:43Z
2026-07-12,,617.43,ALC,WAW,2026-05-01,Alicante,Hiszpania,Warszawa,Polska,price,,,PLN,ALC-WAW,2026-05-01T09:40:43Z
2026-07-13,,702.96,ALC,WAW,2026-05-01,Alicante,Hiszpania,Warszawa,Polska,price,,,PLN,ALC-WAW,2026-05-01T09:40:43Z
2026-07-14,,634.46,ALC,WAW,2026-05-01,Alicante,Hiszpania,Warszawa,Polska,price,,,PLN,ALC-WAW,2026-05-01T09:40:43Z
2026-07-15,,493.23,ALC,WAW,2026-05-01,Alicante,Hiszpania,Warszawa,Polska,price,,,PLN,ALC-WAW,2026-05-01T09:40:43Z
2026-07-16,,629.7,ALC,WAW,2026-05-01,Alicante,Hiszpania,Warszawa,Polska,price,,,PLN,ALC-WAW,2026-05-01T09:40:43Z
2026-07-17,,538.58,ALC,WAW,2026-05-01,Alicante,Hiszpania,Warszawa,Polska,price,,,PLN,ALC-WAW,2026-05-01T09:40:43Z
2026-07-18,,583.36,ALC,WAW,2026-05-01,Alicante,Hiszpania,Warszawa,Polska,price,,,PLN,ALC-WAW,2026-05-01T09:40:43Z
2026-07-19,,531.37,ALC,WAW,2026-05-01,Alicante,Hiszpania,Warszawa,Polska,price,,,PLN,ALC-WAW,2026-05-01T09:40:43Z
2026-07-20,,476.9,ALC,WAW,2026-05-01,Alicante,Hiszpania,Warszawa,Polska,price,,,PLN,ALC-WAW,2026-05-01T09:40:43Z
2026-07-21,,418.42,ALC,WAW,2026-05-01,Alicante,Hiszpania,Warszawa,Polska,price,,,PLN,ALC-WAW,2026-05-01T09:40:43Z
2026-07-22,,536.52,ALC,WAW,2026-05-01,Alicante,Hiszpania,Warszawa,Polska,price,,,PLN,ALC-WAW,2026-05-01T09:40:43Z
2026-07-23,,470.68,ALC,WAW,2026-05-01,Alicante,Hiszpania,Warszawa,Polska,price,,,PLN,ALC-WAW,2026-05-01T09:40:43Z
2026-07-24,,521.29,ALC,WAW,2026-05-01,Alicante,Hiszpania,Warszawa,Polska,price,,,PLN,ALC-WAW,2026-05-01T09:40:43Z
2026-07-25,,368.12,ALC,WAW,2026-05-01,Alicante,Hiszpania,Warszawa,Polska,price,,,PLN,ALC-WAW,2026-05-01T09:40:43Z
2026-07-26,,464.12,ALC,WAW,2026-05-01,Alicante,Hiszpania,Warszawa,Polska,price,,,PLN,ALC-WAW,2026-05-01T09:40:43Z
2026-07-27,,442.83,ALC,WAW,2026-05-01,Alicante,Hiszpania,Warszawa,Polska,price,,,PLN,ALC-WAW,2026-05-01T09:40:43Z
2026-07-28,,523.74,ALC,WAW,2026-05-01,Alicante,Hiszpania,Warszawa,Polska,price,,,PLN,ALC-WAW,2026-05-01T09:40:43Z
2026-07-29,,472.64,ALC,WAW,2026-05-01,Alicante,Hiszpania,Warszawa,Polska,price,,,PLN,ALC-WAW,2026-05-01T09:40:43Z
2026-07-30,,468.06,ALC,WAW,2026-05-01,Alicante,Hiszpania,Warszawa,Polska,price,,,PLN,ALC-WAW,2026-05-01T09:40:43Z
2026-07-31,,660.01,ALC,WAW,2026-05-01,Alicante,Hiszpania,Warszawa,Polska,price,,,PLN,ALC-WAW,2026-05-01T09:40:43Z
2026-08-01,,498.19,ALC,WAW,2026-05-01,Alicante,Hiszpania,Warszawa,Polska,price,,,PLN,ALC-WAW,2026-05-01T09:40:43Z
2026-08-02,,609.41,ALC,WAW,2026-05-01,Alicante,Hiszpania,Warszawa,Polska,price,,,PLN,ALC-WAW,2026-05-01T09:40:43Z
2026-08-03,,476.9,ALC,WAW,2026-05-01,Alicante,Hiszpania,Warszawa,Polska,price,,,PLN,ALC-WAW,2026-05-01T09:40:43Z
2026-08-04,,481.16,ALC,WAW,2026-05-01,Alicante,Hiszpania,Warszawa,Polska,price,,,PLN,ALC-WAW,2026-05-01T09:40:43Z
2026-08-05,,557.81,ALC,WAW,2026-05-01,Alicante,Hiszpania,Warszawa,Polska,price,,,PLN,ALC-WAW,2026-05-01T09:40:43Z
2026-08-06,,438.87,ALC,WAW,2026-05-01,Alicante,Hiszpania,Warszawa,Polska,price,,,PLN,ALC-WAW,2026-05-01T09:40:43Z
2026-08-07,,519.48,ALC,WAW,2026-05-01,Alicante,Hiszpania,Warszawa,Polska,price,,,PLN,ALC-WAW,2026-05-01T09:40:43Z
2026-08-08,,417.28,ALC,WAW,2026-05-01,Alicante,Hiszpania,Warszawa,Polska,price,,,PLN,ALC-WAW,2026-05-01T09:40:43Z
2026-08-09,,489.67,ALC,WAW,2026-05-01,Alicante,Hiszpania,Warszawa,Polska,price,,,PLN,ALC-WAW,2026-05-01T09:40:43Z
2026-08-10,,498.19,ALC,WAW,2026-05-01,Alicante,Hiszpania,Warszawa,Polska,price,,,PLN,ALC-WAW,2026-05-01T09:40:43Z
2026-08-11,,493.93,ALC,WAW,2026-05-01,Alicante,Hiszpania,Warszawa,Polska,price,,,PLN,ALC-WAW,2026-05-01T09:40:43Z
2026-08-12,,506.71,ALC,WAW,2026-05-01,Alicante,Hiszpania,Warszawa,Polska,price,,,PLN,ALC-WAW,2026-05-01T09:40:43Z
2026-08-13,,762.63,ALC,WAW,2026-05-01,Alicante,Hiszpania,Warszawa,Polska,price,,,PLN,ALC-WAW,2026-05-01T09:40:43Z
2026-08-14,,829.35,ALC,WAW,2026-05-01,Alicante,Hiszpania,Warszawa,Polska,price,,,PLN,ALC-WAW,2026-05-01T09:40:43Z
2026-08-15,,591.88,ALC,WAW,2026-05-01,Alicante,Hiszpania,Warszawa,Polska,price,,,PLN,ALC-WAW,2026-05-01T09:40:43Z
2026-08-16,,765.73,ALC,WAW,2026-05-01,Alicante,Hiszpania,Warszawa,Polska,price,,,PLN,ALC-WAW,2026-05-01T09:40:43Z
2026-08-17,,834.6,ALC,WAW,2026-05-01,Alicante,Hiszpania,Warszawa,Polska,price,,,PLN,ALC-WAW,2026-05-01T09:40:43Z
2026-08-18,,695.68,ALC,WAW,2026-05-01,Alicante,Hiszpania,Warszawa,Polska,price,,,PLN,ALC-WAW,2026-05-01T09:40:43Z
2026-08-19,,711.11,ALC,WAW,2026-05-01,Alicante,Hiszpania,Warszawa,Polska,price,,,PLN,ALC-WAW,2026-05-01T09:40:43Z
2026-08-20,,752.49,ALC,WAW,2026-05-01,Alicante,Hiszpania,Warszawa,Polska,price,,,PLN,ALC-WAW,2026-05-01T09:40:43Z
2026-08-21,,464.12,ALC,WAW,2026-05-01,Alicante,Hiszpania,Warszawa,Polska,price,,,PLN,ALC-WAW,2026-05-01T09:40:43Z
2026-08-22,,417.28,ALC,WAW,2026-05-01,Alicante,Hiszpania,Warszawa,Polska,price,,,PLN,ALC-WAW,2026-05-01T09:40:43Z
2026-08-23,,489.67,ALC,WAW,2026-05-01,Alicante,Hiszpania,Warszawa,Polska,price,,,PLN,ALC-WAW,2026-05-01T09:40:43Z
2026-08-24,,502.45,ALC,WAW,2026-05-01,Alicante,Hiszpania,Warszawa,Polska,price,,,PLN,ALC-WAW,2026-05-01T09:40:43Z
2026-08-25,,464.12,ALC,WAW,2026-05-01,Alicante,Hiszpania,Warszawa,Polska,price,,,PLN,ALC-WAW,2026-05-01T09:40:43Z
2026-08-26,,583.19,ALC,WAW,2026-05-01,Alicante,Hiszpania,Warszawa,Polska,price,,,PLN,ALC-WAW,2026-05-01T09:40:43Z
2026-08-27,,425.32,ALC,WAW,2026-05-01,Alicante,Hiszpania,Warszawa,Polska,price,,,PLN,ALC-WAW,2026-05-01T09:40:43Z
2026-08-28,,489.67,ALC,WAW,2026-05-01,Alicante,Hiszpania,Warszawa,Polska,price,,,PLN,ALC-WAW,2026-05-01T09:40:43Z
2026-08-29,,476.9,ALC,WAW,2026-05-01,Alicante,Hiszpania,Warszawa,Polska,price,,,PLN,ALC-WAW,2026-05-01T09:40:43Z
2026-08-30,,553.55,ALC,WAW,2026-05-01,Alicante,Hiszpania,Warszawa,Polska,price,,,PLN,ALC-WAW,2026-05-01T09:40:43Z
2026-08-31,,672.78,ALC,WAW,2026-05-01,Alicante,Hiszpania,Warszawa,Polska,price,,,PLN,ALC-WAW,2026-05-01T09:40:43Z
2026-05-01,,,WAW,CRL,2026-05-01,Warszawa,Polska,Charleroi,Belgia,unavailable,,,,WAW-CRL,2026-05-01T09:40:43Z
2026-05-02,,,WAW,CRL,2026-05-01,Warszawa,Polska,Charleroi,Belgia,unavailable,,,,WAW-CRL,2026-05-01T09:40:43Z
2026-05-03,,681.3,WAW,CRL,2026-05-01,Warszawa,Polska,Charleroi,Belgia,price,,,PLN,WAW-CRL,2026-05-01T09:40:43Z
2026-05-04,,752.0,WAW,CRL,2026-05-01,Warszawa,Polska,Charleroi,Belgia,price,,,PLN,WAW-CRL,2026-05-01T09:40:43Z
2026-05-05,,,WAW,CRL,2026-05-01,Warszawa,Polska,Charleroi,Belgia,unavailable,,,,WAW-CRL,2026-05-01T09:40:43Z
2026-05-06,,,WAW,CRL,2026-05-01,Warszawa,Polska,Charleroi,Belgia,unavailable,,,,WAW-CRL,2026-05-01T09:40:43Z
2026-05-07,,,WAW,CRL,2026-05-01,Warszawa,Polska,Charleroi,Belgia,unavailable,,,,WAW-CRL,2026-05-01T09:40:43Z
2026-05-08,,401.63,WAW,CRL,2026-05-01,Warszawa,Polska,Charleroi,Belgia,price,,,PLN,WAW-CRL,2026-05-01T09:40:43Z
2026-05-09,,,WAW,CRL,2026-05-01,Warszawa,Polska,Charleroi,Belgia,unavailable,,,,WAW-CRL,2026-05-01T09:40:43Z
2026-05-10,,408.76,WAW,CRL,2026-05-01,Warszawa,Polska,Charleroi,Belgia,price,,,PLN,WAW-CRL,2026-05-01T09:40:43Z
2026-05-11,,332.11,WAW,CRL,2026-05-01,Warszawa,Polska,Charleroi,Belgia,price,,,PLN,WAW-CRL,2026-05-01T09:40:43Z
2026-05-12,,,WAW,CRL,2026-05-01,Warszawa,Polska,Charleroi,Belgia,unavailable,,,,WAW-CRL,2026-05-01T09:40:43Z
2026-05-13,,,WAW,CRL,2026-05-01,Warszawa,Polska,Charleroi,Belgia,unavailable,,,,WAW-CRL,2026-05-01T09:40:43Z
2026-05-14,,,WAW,CRL,2026-05-01,Warszawa,Polska,Charleroi,Belgia,unavailable,,,,WAW-CRL,2026-05-01T09:40:43Z
2026-05-15,,333.0,WAW,CRL,2026-05-01,Warszawa,Polska,Charleroi,Belgia,price,,,PLN,WAW-CRL,2026-05-01T09:40:43Z
2026-05-16,,,WAW,CRL,2026-05-01,Warszawa,Polska,Charleroi,Belgia,unavailable,,,,WAW-CRL,2026-05-01T09:40:43Z
2026-05-17,,745.18,WAW,CRL,2026-05-01,Warszawa,Polska,Charleroi,Belgia,price,,,PLN,WAW-CRL,2026-05-01T09:40:43Z
2026-05-18,,362.7,WAW,CRL,2026-05-01,Warszawa,Polska,Charleroi,Belgia,price,,,PLN,WAW-CRL,2026-05-01T09:40:43Z
2026-05-19,,,WAW,CRL,2026-05-01,Warszawa,Polska,Charleroi,Belgia,unavailable,,,,WAW-CRL,2026-05-01T09:40:43Z
2026-05-20,,,WAW,CRL,2026-05-01,Warszawa,Polska,Charleroi,Belgia,unavailable,,,,WAW-CRL,2026-05-01T09:40:43Z
2026-05-21,,,WAW,CRL,2026-05-01,Warszawa,Polska,Charleroi,Belgia,unavailable,,,,WAW-CRL,2026-05-01T09:40:43Z
2026-05-22,,376.0,WAW,CRL,2026-05-01,Warszawa,Polska,Charleroi,Belgia,price,,,PLN,WAW-CRL,2026-05-01T09:40:43Z
2026-05-23,,,WAW,CRL,2026-05-01,Warszawa,Polska,Charleroi,Belgia,unavailable,,,,WAW-CRL,2026-05-01T09:40:43Z
2026-05-24,,208.99,WAW,CRL,2026-05-01,Warszawa,Polska,Charleroi,Belgia,price,,,PLN,WAW-CRL,2026-05-01T09:40:43Z
2026-05-25,,464.12,WAW,CRL,2026-05-01,Warszawa,Polska,Charleroi,Belgia,price,,,PLN,WAW-CRL,2026-05-01T09:40:43Z
2026-05-26,,,WAW,CRL,2026-05-01,Warszawa,Polska,Charleroi,Belgia,unavailable,,,,WAW-CRL,2026-05-01T09:40:43Z
2026-05-27,,,WAW,CRL,2026-05-01,Warszawa,Polska,Charleroi,Belgia,unavailable,,,,WAW-CRL,2026-05-01T09:40:43Z
2026-05-28,,,WAW,CRL,2026-05-01,Warszawa,Polska,Charleroi,Belgia,unavailable,,,,WAW-CRL,2026-05-01T09:40:43Z
2026-05-29,,212.88,WAW,CRL,2026-05-01,Warszawa,Polska,Charleroi,Belgia,price,,,PLN,WAW-CRL,2026-05-01T09:40:43Z
2026-05-30,,,WAW,CRL,2026-05-01,Warszawa,Polska,Charleroi,Belgia,unavailable,,,,WAW-CRL,2026-05-01T09:40:43Z
2026-05-31,,218.0,WAW,CRL,2026-05-01,Warszawa,Polska,Charleroi,Belgia,price,,,PLN,WAW-CRL,2026-05-01T09:40:43Z
2026-06-01,,169.11,WAW,CRL,2026-05-01,Warszawa,Polska,Charleroi,Belgia,price,,,PLN,WAW-CRL,2026-05-01T09:40:43Z
2026-06-02,,,WAW,CRL,2026-05-01,Warszawa,Polska,Charleroi,Belgia,unavailable,,,,WAW-CRL,2026-05-01T09:40:43Z
2026-06-03,,,WAW,CRL,2026-05-01,Warszawa,Polska,Charleroi,Belgia,unavailable,,,,WAW-CRL,2026-05-01T09:40:43Z
2026-06-04,,,WAW,CRL,2026-05-01,Warszawa,Polska,Charleroi,Belgia,unavailable,,,,WAW-CRL,2026-05-01T09:40:43Z
2026-06-05,,170.29,WAW,CRL,2026-05-01,Warszawa,Polska,Charleroi,Belgia,price,,,PLN,WAW-CRL,2026-05-01T09:40:43Z
2026-06-06,,,WAW,CRL,2026-05-01,Warszawa,Polska,Charleroi,Belgia,unavailable,,,,WAW-CRL,2026-05-01T09:40:43Z
2026-06-07,,208.62,WAW,CRL,2026-05-01,Warszawa,Polska,Charleroi,Belgia,price,,,PLN,WAW-CRL,2026-05-01T09:40:43Z
2026-06-08,,104.0,WAW,CRL,2026-05-01,Warszawa,Polska,Charleroi,Belgia,price,,,PLN,WAW-CRL,2026-05-01T09:40:43Z
2026-06-09,,,WAW,CRL,2026-05-01,Warszawa,Polska,Charleroi,Belgia,unavailable,,,,WAW-CRL,2026-05-01T09:40:43Z
2026-06-10,,,WAW,CRL,2026-05-01,Warszawa,Polska,Charleroi,Belgia,unavailable,,,,WAW-CRL,2026-05-01T09:40:43Z
2026-06-11,,,WAW,CRL,2026-05-01,Warszawa,Polska,Charleroi,Belgia,unavailable,,,,WAW-CRL,2026-05-01T09:40:43Z
2026-06-12,,123.45,WAW,CRL,2026-05-01,Warszawa,Polska,Charleroi,Belgia,price,,,PLN,WAW-CRL,2026-05-01T09:40:43Z
2026-06-13,,,WAW,CRL,2026-05-01,Warszawa,Polska,Charleroi,Belgia,unavailable,,,,WAW-CRL,2026-05-01T09:40:43Z
2026-06-14,,195.84,WAW,CRL,2026-05-01,Warszawa,Polska,Charleroi,Belgia,price,,,PLN,WAW-CRL,2026-05-01T09:40:43Z
2026-06-15,,102.16,WAW,CRL,2026-05-01,Warszawa,Polska,Charleroi,Belgia,price,,,PLN,WAW-CRL,2026-05-01T09:40:43Z
2026-06-16,,,WAW,CRL,2026-05-01,Warszawa,Polska,Charleroi,Belgia,unavailable,,,,WAW-CRL,2026-05-01T09:40:43Z
2026-06-17,,,WAW,CRL,2026-05-01,Warszawa,Polska,Charleroi,Belgia,unavailable,,,,WAW-CRL,2026-05-01T09:40:43Z
2026-06-18,,,WAW,CRL,2026-05-01,Warszawa,Polska,Charleroi,Belgia,unavailable,,,,WAW-CRL,2026-05-01T09:40:43Z
2026-06-19,,113.28,WAW,CRL,2026-05-01,Warszawa,Polska,Charleroi,Belgia,price,,,PLN,WAW-CRL,2026-05-01T09:40:43Z
2026-06-20,,,WAW,CRL,2026-05-01,Warszawa,Polska,Charleroi,Belgia,unavailable,,,,WAW-CRL,2026-05-01T09:40:43Z
2026-06-21,,123.45,WAW,CRL,2026-05-01,Warszawa,Polska,Charleroi,Belgia,price,,,PLN,WAW-CRL,2026-05-01T09:40:43Z
2026-06-22,,113.75,WAW,CRL,2026-05-01,Warszawa,Polska,Charleroi,Belgia,price,,,PLN,WAW-CRL,2026-05-01T09:40:43Z
2026-06-23,,,WAW,CRL,2026-05-01,Warszawa,Polska,Charleroi,Belgia,unavailable,,,,WAW-CRL,2026-05-01T09:40:43Z
2026-06-24,,,WAW,CRL,2026-05-01,Warszawa,Polska,Charleroi,Belgia,unavailable,,,,WAW-CRL,2026-05-01T09:40:43Z
2026-06-25,,,WAW,CRL,2026-05-01,Warszawa,Polska,Charleroi,Belgia,unavailable,,,,WAW-CRL,2026-05-01T09:40:43Z
2026-06-26,,131.97,WAW,CRL,2026-05-01,Warszawa,Polska,Charleroi,Belgia,price,,,PLN,WAW-CRL,2026-05-01T09:40:43Z
2026-06-27,,,WAW,CRL,2026-05-01,Warszawa,Polska,Charleroi,Belgia,unavailable,,,,WAW-CRL,2026-05-01T09:40:43Z
2026-06-28,,165.11,WAW,CRL,2026-05-01,Warszawa,Polska,Charleroi,Belgia,price,,,PLN,WAW-CRL,2026-05-01T09:40:43Z
2026-06-29,,370.44,WAW,CRL,2026-05-01,Warszawa,Polska,Charleroi,Belgia,price,,,PLN,WAW-CRL,2026-05-01T09:40:43Z
2026-06-30,,,WAW,CRL,2026-05-01,Warszawa,Polska,Charleroi,Belgia,unavailable,,,,WAW-CRL,2026-05-01T09:40:43Z
2026-07-01,,,WAW,CRL,2026-05-01,Warszawa,Polska,Charleroi,Belgia,unavailable,,,,WAW-CRL,2026-05-01T09:40:43Z
2026-07-02,,,WAW,CRL,2026-05-01,Warszawa,Polska,Charleroi,Belgia,unavailable,,,,WAW-CRL,2026-05-01T09:40:43Z
2026-07-03,,107.79,WAW,CRL,2026-05-01,Warszawa,Polska,Charleroi,Belgia,price,,,PLN,WAW-CRL,2026-05-01T09:40:43Z
2026-07-04,,,WAW,CRL,2026-05-01,Warszawa,Polska,Charleroi,Belgia,unavailable,,,,WAW-CRL,2026-05-01T09:40:43Z
2026-07-05,,131.97,WAW,CRL,2026-05-01,Warszawa,Polska,Charleroi,Belgia,price,,,PLN,WAW-CRL,2026-05-01T09:40:43Z
2026-07-06,,104.0,WAW,CRL,2026-05-01,Warszawa,Polska,Charleroi,Belgia,price,,,PLN,WAW-CRL,2026-05-01T09:40:43Z
2026-07-07,,,WAW,CRL,2026-05-01,Warszawa,Polska,Charleroi,Belgia,unavailable,,,,WAW-CRL,2026-05-01T09:40:43Z
2026-07-08,,,WAW,CRL,2026-05-01,Warszawa,Polska,Charleroi,Belgia,unavailable,,,,WAW-CRL,2026-05-01T09:40:43Z
2026-07-09,,,WAW,CRL,2026-05-01,Warszawa,Polska,Charleroi,Belgia,unavailable,,,,WAW-CRL,2026-05-01T09:40:43Z
2026-07-10,,97.9,WAW,CRL,2026-05-01,Warszawa,Polska,Charleroi,Belgia,price,,,PLN,WAW-CRL,2026-05-01T09:40:43Z
2026-07-11,,,WAW,CRL,2026-05-01,Warszawa,Polska,Charleroi,Belgia,unavailable,,,,WAW-CRL,2026-05-01T09:40:43Z
2026-07-12,,153.26,WAW,CRL,2026-05-01,Warszawa,Polska,Charleroi,Belgia,price,,,PLN,WAW-CRL,2026-05-01T09:40:43Z
2026-07-13,,127.71,WAW,CRL,2026-05-01,Warszawa,Polska,Charleroi,Belgia,price,,,PLN,WAW-CRL,2026-05-01T09:40:43Z
2026-07-14,,,WAW,CRL,2026-05-01,Warszawa,Polska,Charleroi,Belgia,unavailable,,,,WAW-CRL,2026-05-01T09:40:43Z
2026-07-15,,,WAW,CRL,2026-05-01,Warszawa,Polska,Charleroi,Belgia,unavailable,,,,WAW-CRL,2026-05-01T09:40:43Z
2026-07-16,,,WAW,CRL,2026-05-01,Warszawa,Polska,Charleroi,Belgia,unavailable,,,,WAW-CRL,2026-05-01T09:40:43Z
2026-07-17,,179.02,WAW,CRL,2026-05-01,Warszawa,Polska,Charleroi,Belgia,price,,,PLN,WAW-CRL,2026-05-01T09:40:43Z
2026-07-18,,,WAW,CRL,2026-05-01,Warszawa,Polska,Charleroi,Belgia,unavailable,,,,WAW-CRL,2026-05-01T09:40:43Z
2026-07-19,,174.55,WAW,CRL,2026-05-01,Warszawa,Polska,Charleroi,Belgia,price,,,PLN,WAW-CRL,2026-05-01T09:40:43Z
2026-07-20,,208.34,WAW,CRL,2026-05-01,Warszawa,Polska,Charleroi,Belgia,price,,,PLN,WAW-CRL,2026-05-01T09:40:43Z
2026-07-21,,,WAW,CRL,2026-05-01,Warszawa,Polska,Charleroi,Belgia,unavailable,,,,WAW-CRL,2026-05-01T09:40:43Z
2026-07-22,,,WAW,CRL,2026-05-01,Warszawa,Polska,Charleroi,Belgia,unavailable,,,,WAW-CRL,2026-05-01T09:40:43Z
2026-07-23,,,WAW,CRL,2026-05-01,Warszawa,Polska,Charleroi,Belgia,unavailable,,,,WAW-CRL,2026-05-01T09:40:43Z
2026-07-24,,140.48,WAW,CRL,2026-05-01,Warszawa,Polska,Charleroi,Belgia,price,,,PLN,WAW-CRL,2026-05-01T09:40:43Z
2026-07-25,,,WAW,CRL,2026-05-01,Warszawa,Polska,Charleroi,Belgia,unavailable,,,,WAW-CRL,2026-05-01T09:40:43Z
2026-07-26,,129.55,WAW,CRL,2026-05-01,Warszawa,Polska,Charleroi,Belgia,price,,,PLN,WAW-CRL,2026-05-01T09:40:43Z
2026-07-27,,104.0,WAW,CRL,2026-05-01,Warszawa,Polska,Charleroi,Belgia,price,,,PLN,WAW-CRL,2026-05-01T09:40:43Z
2026-07-28,,,WAW,CRL,2026-05-01,Warszawa,Polska,Charleroi,Belgia,unavailable,,,,WAW-CRL,2026-05-01T09:40:43Z
2026-07-29,,,WAW,CRL,2026-05-01,Warszawa,Polska,Charleroi,Belgia,unavailable,,,,WAW-CRL,2026-05-01T09:40:43Z
2026-07-30,,,WAW,CRL,2026-05-01,Warszawa,Polska,Charleroi,Belgia,unavailable,,,,WAW-CRL,2026-05-01T09:40:43Z
2026-07-31,,141.65,WAW,CRL,2026-05-01,Warszawa,Polska,Charleroi,Belgia,price,,,PLN,WAW-CRL,2026-05-01T09:40:43Z
2026-08-01,,,WAW,CRL,2026-05-01,Warszawa,Polska,Charleroi,Belgia,unavailable,,,,WAW-CRL,2026-05-01T09:40:43Z
2026-08-02,,289.53,WAW,CRL,2026-05-01,Warszawa,Polska,Charleroi,Belgia,price,,,PLN,WAW-CRL,2026-05-01T09:40:43Z
2026-08-03,,187.33,WAW,CRL,2026-05-01,Warszawa,Polska,Charleroi,Belgia,price,,,PLN,WAW-CRL,2026-05-01T09:40:43Z
2026-08-04,,,WAW,CRL,2026-05-01,Warszawa,Polska,Charleroi,Belgia,unavailable,,,,WAW-CRL,2026-05-01T09:40:43Z
2026-08-05,,,WAW,CRL,2026-05-01,Warszawa,Polska,Charleroi,Belgia,unavailable,,,,WAW-CRL,2026-05-01T09:40:43Z
2026-08-06,,,WAW,CRL,2026-05-01,Warszawa,Polska,Charleroi,Belgia,unavailable,,,,WAW-CRL,2026-05-01T09:40:43Z
2026-08-07,,277.5,WAW,CRL,2026-05-01,Warszawa,Polska,Charleroi,Belgia,price,,,PLN,WAW-CRL,2026-05-01T09:40:43Z
2026-08-08,,,WAW,CRL,2026-05-01,Warszawa,Polska,Charleroi,Belgia,unavailable,,,,WAW-CRL,2026-05-01T09:40:43Z
2026-08-09,,263.98,WAW,CRL,2026-05-01,Warszawa,Polska,Charleroi,Belgia,price,,,PLN,WAW-CRL,2026-05-01T09:40:43Z
2026-08-10,,225.37,WAW,CRL,2026-05-01,Warszawa,Polska,Charleroi,Belgia,price,,,PLN,WAW-CRL,2026-05-01T09:40:43Z
2026-08-11,,,WAW,CRL,2026-05-01,Warszawa,Polska,Charleroi,Belgia,unavailable,,,,WAW-CRL,2026-05-01T09:40:43Z
2026-08-12,,,WAW,CRL,2026-05-01,Warszawa,Polska,Charleroi,Belgia,unavailable,,,,WAW-CRL,2026-05-01T09:40:43Z
2026-08-13,,,WAW,CRL,2026-05-01,Warszawa,Polska,Charleroi,Belgia,unavailable,,,,WAW-CRL,2026-05-01T09:40:43Z
2026-08-14,,200.1,WAW,CRL,2026-05-01,Warszawa,Polska,Charleroi,Belgia,price,,,PLN,WAW-CRL,2026-05-01T09:40:43Z
2026-08-15,,,WAW,CRL,2026-05-01,Warszawa,Polska,Charleroi,Belgia,unavailable,,,,WAW-CRL,2026-05-01T09:40:43Z
2026-08-16,,310.82,WAW,CRL,2026-05-01,Warszawa,Polska,Charleroi,Belgia,price,,,PLN,WAW-CRL,2026-05-01T09:40:43Z
2026-08-17,,302.3,WAW,CRL,2026-05-01,Warszawa,Polska,Charleroi,Belgia,price,,,PLN,WAW-CRL,2026-05-01T09:40:43Z
2026-08-18,,,WAW,CRL,2026-05-01,Warszawa,Polska,Charleroi,Belgia,unavailable,,,,WAW-CRL,2026-05-01T09:40:43Z
2026-08-19,,,WAW,CRL,2026-05-01,Warszawa,Polska,Charleroi,Belgia,unavailable,,,,WAW-CRL,2026-05-01T09:40:43Z
2026-08-20,,,WAW,CRL,2026-05-01,Warszawa,Polska,Charleroi,Belgia,unavailable,,,,WAW-CRL,2026-05-01T09:40:43Z
2026-08-21,,263.98,WAW,CRL,2026-05-01,Warszawa,Polska,Charleroi,Belgia,price,,,PLN,WAW-CRL,2026-05-01T09:40:43Z
2026-08-22,,,WAW,CRL,2026-05-01,Warszawa,Polska,Charleroi,Belgia,unavailable,,,,WAW-CRL,2026-05-01T09:40:43Z
2026-08-23,,232.95,WAW,CRL,2026-05-01,Warszawa,Polska,Charleroi,Belgia,price,,,PLN,WAW-CRL,2026-05-01T09:40:43Z
2026-08-24,,161.41,WAW,CRL,2026-05-01,Warszawa,Polska,Charleroi,Belgia,price,,,PLN,WAW-CRL,2026-05-01T09:40:43Z
2026-08-25,,,WAW,CRL,2026-05-01,Warszawa,Polska,Charleroi,Belgia,unavailable,,,,WAW-CRL,2026-05-01T09:40:43Z
2026-08-26,,,WAW,CRL,2026-05-01,Warszawa,Polska,Charleroi,Belgia,unavailable,,,,WAW-CRL,2026-05-01T09:40:43Z
2026-08-27,,,WAW,CRL,2026-05-01,Warszawa,Polska,Charleroi,Belgia,unavailable,,,,WAW-CRL,2026-05-01T09:40:43Z
2026-08-28,,145.4,WAW,CRL,2026-05-01,Warszawa,Polska,Charleroi,Belgia,price,,,PLN,WAW-CRL,2026-05-01T09:40:43Z
2026-08-29,,,WAW,CRL,2026-05-01,Warszawa,Polska,Charleroi,Belgia,unavailable,,,,WAW-CRL,2026-05-01T09:40:43Z
2026-08-30,,285.27,WAW,CRL,2026-05-01,Warszawa,Polska,Charleroi,Belgia,price,,,PLN,WAW-CRL,2026-05-01T09:40:43Z
2026-08-31,,122.02,WAW,CRL,2026-05-01,Warszawa,Polska,Charleroi,Belgia,price,,,PLN,WAW-CRL,2026-05-01T09:40:43Z
2026-05-01,,601.5,CRL,WAW,2026-05-01,Charleroi,Belgia,Warszawa,Polska,price,,,PLN,CRL-WAW,2026-05-01T09:40:43Z
2026-05-02,,,CRL,WAW,2026-05-01,Charleroi,Belgia,Warszawa,Polska,unavailable,,,,CRL-WAW,2026-05-01T09:40:43Z
2026-05-03,,545.03,CRL,WAW,2026-05-01,Charleroi,Belgia,Warszawa,Polska,price,,,PLN,CRL-WAW,2026-05-01T09:40:43Z
2026-05-04,,344.89,CRL,WAW,2026-05-01,Charleroi,Belgia,Warszawa,Polska,price,,,PLN,CRL-WAW,2026-05-01T09:40:43Z
2026-05-05,,,CRL,WAW,2026-05-01,Charleroi,Belgia,Warszawa,Polska,unavailable,,,,CRL-WAW,2026-05-01T09:40:43Z
2026-05-06,,,CRL,WAW,2026-05-01,Charleroi,Belgia,Warszawa,Polska,unavailable,,,,CRL-WAW,2026-05-01T09:40:43Z
2026-05-07,,,CRL,WAW,2026-05-01,Charleroi,Belgia,Warszawa,Polska,unavailable,,,,CRL-WAW,2026-05-01T09:40:43Z
2026-05-08,,628.0,CRL,WAW,2026-05-01,Charleroi,Belgia,Warszawa,Polska,price,,,PLN,CRL-WAW,2026-05-01T09:40:43Z
2026-05-09,,,CRL,WAW,2026-05-01,Charleroi,Belgia,Warszawa,Polska,unavailable,,,,CRL-WAW,2026-05-01T09:40:43Z
2026-05-10,,327.85,CRL,WAW,2026-05-01,Charleroi,Belgia,Warszawa,Polska,price,,,PLN,CRL-WAW,2026-05-01T09:40:43Z
2026-05-11,,319.96,CRL,WAW,2026-05-01,Charleroi,Belgia,Warszawa,Polska,price,,,PLN,CRL-WAW,2026-05-01T09:40:43Z
2026-05-12,,,CRL,WAW,2026-05-01,Charleroi,Belgia,Warszawa,Polska,unavailable,,,,CRL-WAW,2026-05-01T09:40:43Z
2026-05-13,,,CRL,WAW,2026-05-01,Charleroi,Belgia,Warszawa,Polska,unavailable,,,,CRL-WAW,2026-05-01T09:40:43Z
2026-05-14,,,CRL,WAW,2026-05-01,Charleroi,Belgia,Warszawa,Polska,unavailable,,,,CRL-WAW,2026-05-01T09:40:43Z
2026-05-15,,302.3,CRL,WAW,2026-05-01,Charleroi,Belgia,Warszawa,Polska,price,,,PLN,CRL-WAW,2026-05-01T09:40:43Z
2026-05-16,,,CRL,WAW,2026-05-01,Charleroi,Belgia,Warszawa,Polska,unavailable,,,,CRL-WAW,2026-05-01T09:40:43Z
2026-05-17,,241.6,CRL,WAW,2026-05-01,Charleroi,Belgia,Warszawa,Polska,price,,,PLN,CRL-WAW,2026-05-01T09:40:43Z
2026-05-18,,136.23,CRL,WAW,2026-05-01,Charleroi,Belgia,Warszawa,Polska,price,,,PLN,CRL-WAW,2026-05-01T09:40:43Z
2026-05-19,,,CRL,WAW,2026-05-01,Charleroi,Belgia,Warszawa,Polska,unavailable,,,,CRL-WAW,2026-05-01T09:40:43Z
2026-05-20,,,CRL,WAW,2026-05-01,Charleroi,Belgia,Warszawa,Polska,unavailable,,,,CRL-WAW,2026-05-01T09:40:43Z
2026-05-21,,,CRL,WAW,2026-05-01,Charleroi,Belgia,Warszawa,Polska,unavailable,,,,CRL-WAW,2026-05-01T09:40:43Z
2026-05-22,,332.11,CRL,WAW,2026-05-01,Charleroi,Belgia,Warszawa,Polska,price,,,PLN,CRL-WAW,2026-05-01T09:40:43Z
2026-05-23,,,CRL,WAW,2026-05-01,Charleroi,Belgia,Warszawa,Polska,unavailable,,,,CRL-WAW,2026-05-01T09:40:43Z
2026-05-24,,106.42,CRL,WAW,2026-05-01,Charleroi,Belgia,Warszawa,Polska,price,,,PLN,CRL-WAW,2026-05-01T09:40:43Z
2026-05-25,,93.64,CRL,WAW,2026-05-01,Charleroi,Belgia,Warszawa,Polska,price,,,PLN,CRL-WAW,2026-05-01T09:40:43Z
2026-05-26,,,CRL,WAW,2026-05-01,Charleroi,Belgia,Warszawa,Polska,unavailable,,,,CRL-WAW,2026-05-01T09:40:43Z
2026-05-27,,,CRL,WAW,2026-05-01,Charleroi,Belgia,Warszawa,Polska,unavailable,,,,CRL-WAW,2026-05-01T09:40:43Z
2026-05-28,,,CRL,WAW,2026-05-01,Charleroi,Belgia,Warszawa,Polska,unavailable,,,,CRL-WAW,2026-05-01T09:40:43Z
2026-05-29,,187.33,CRL,WAW,2026-05-01,Charleroi,Belgia,Warszawa,Polska,price,,,PLN,CRL-WAW,2026-05-01T09:40:43Z
2026-05-30,,,CRL,WAW,2026-05-01,Charleroi,Belgia,Warszawa,Polska,unavailable,,,,CRL-WAW,2026-05-01T09:40:43Z
2026-05-31,,89.38,CRL,WAW,2026-05-01,Charleroi,Belgia,Warszawa,Polska,price,,,PLN,CRL-WAW,2026-05-01T09:40:43Z
2026-06-01,,68.09,CRL,WAW,2026-05-01,Charleroi,Belgia,Warszawa,Polska,price,,,PLN,CRL-WAW,2026-05-01T09:40:43Z
2026-06-02,,,CRL,WAW,2026-05-01,Charleroi,Belgia,Warszawa,Polska,unavailable,,,,CRL-WAW,2026-05-01T09:40:43Z
2026-06-03,,,CRL,WAW,2026-05-01,Charleroi,Belgia,Warszawa,Polska,unavailable,,,,CRL-WAW,2026-05-01T09:40:43Z
2026-06-04,,,CRL,WAW,2026-05-01,Charleroi,Belgia,Warszawa,Polska,unavailable,,,,CRL-WAW,2026-05-01T09:40:43Z
2026-06-05,,153.26,CRL,WAW,2026-05-01,Charleroi,Belgia,Warszawa,Polska,price,,,PLN,CRL-WAW,2026-05-01T09:40:43Z
2026-06-06,,,CRL,WAW,2026-05-01,Charleroi,Belgia,Warszawa,Polska,unavailable,,,,CRL-WAW,2026-05-01T09:40:43Z
2026-06-07,,273.21,CRL,WAW,2026-05-01,Charleroi,Belgia,Warszawa,Polska,price,,,PLN,CRL-WAW,2026-05-01T09:40:43Z
2026-06-08,,208.62,CRL,WAW,2026-05-01,Charleroi,Belgia,Warszawa,Polska,price,,,PLN,CRL-WAW,2026-05-01T09:40:43Z
2026-06-09,,,CRL,WAW,2026-05-01,Charleroi,Belgia,Warszawa,Polska,unavailable,,,,CRL-WAW,2026-05-01T09:40:43Z
2026-06-10,,,CRL,WAW,2026-05-01,Charleroi,Belgia,Warszawa,Polska,unavailable,,,,CRL-WAW,2026-05-01T09:40:43Z
2026-06-11,,,CRL,WAW,2026-05-01,Charleroi,Belgia,Warszawa,Polska,unavailable,,,,CRL-WAW,2026-05-01T09:40:43Z
2026-06-12,,136.23,CRL,WAW,2026-05-01,Charleroi,Belgia,Warszawa,Polska,price,,,PLN,CRL-WAW,2026-05-01T09:40:43Z
2026-06-13,,,CRL,WAW,2026-05-01,Charleroi,Belgia,Warszawa,Polska,unavailable,,,,CRL-WAW,2026-05-01T09:40:43Z
2026-06-14,,104.0,CRL,WAW,2026-05-01,Charleroi,Belgia,Warszawa,Polska,price,,,PLN,CRL-WAW,2026-05-01T09:40:43Z
2026-06-15,,68.09,CRL,WAW,2026-05-01,Charleroi,Belgia,Warszawa,Polska,price,,,PLN,CRL-WAW,2026-05-01T09:40:43Z
2026-06-16,,,CRL,WAW,2026-05-01,Charleroi,Belgia,Warszawa,Polska,unavailable,,,,CRL-WAW,2026-05-01T09:40:43Z
2026-06-17,,,CRL,WAW,2026-05-01,Charleroi,Belgia,Warszawa,Polska,unavailable,,,,CRL-WAW,2026-05-01T09:40:43Z
2026-06-18,,,CRL,WAW,2026-05-01,Charleroi,Belgia,Warszawa,Polska,unavailable,,,,CRL-WAW,2026-05-01T09:40:43Z
2026-06-19,,104.0,CRL,WAW,2026-05-01,Charleroi,Belgia,Warszawa,Polska,price,,,PLN,CRL-WAW,2026-05-01T09:40:43Z
2026-06-20,,,CRL,WAW,2026-05-01,Charleroi,Belgia,Warszawa,Polska,unavailable,,,,CRL-WAW,2026-05-01T09:40:43Z
2026-06-21,,144.74,CRL,WAW,2026-05-01,Charleroi,Belgia,Warszawa,Polska,price,,,PLN,CRL-WAW,2026-05-01T09:40:43Z
2026-06-22,,102.16,CRL,WAW,2026-05-01,Charleroi,Belgia,Warszawa,Polska,price,,,PLN,CRL-WAW,2026-05-01T09:40:43Z
2026-06-23,,,CRL,WAW,2026-05-01,Charleroi,Belgia,Warszawa,Polska,unavailable,,,,CRL-WAW,2026-05-01T09:40:43Z
2026-06-24,,,CRL,WAW,2026-05-01,Charleroi,Belgia,Warszawa,Polska,unavailable,,,,CRL-WAW,2026-05-01T09:40:43Z
2026-06-25,,,CRL,WAW,2026-05-01,Charleroi,Belgia,Warszawa,Polska,unavailable,,,,CRL-WAW,2026-05-01T09:40:43Z
2026-06-26,,174.55,CRL,WAW,2026-05-01,Charleroi,Belgia,Warszawa,Polska,price,,,PLN,CRL-WAW,2026-05-01T09:40:43Z
2026-06-27,,,CRL,WAW,2026-05-01,Charleroi,Belgia,Warszawa,Polska,unavailable,,,,CRL-WAW,2026-05-01T09:40:43Z
2026-06-28,,183.07,CRL,WAW,2026-05-01,Charleroi,Belgia,Warszawa,Polska,price,,,PLN,CRL-WAW,2026-05-01T09:40:43Z
2026-06-29,,161.78,CRL,WAW,2026-05-01,Charleroi,Belgia,Warszawa,Polska,price,,,PLN,CRL-WAW,2026-05-01T09:40:43Z
2026-06-30,,,CRL,WAW,2026-05-01,Charleroi,Belgia,Warszawa,Polska,unavailable,,,,CRL-WAW,2026-05-01T09:40:43Z
2026-07-01,,,CRL,WAW,2026-05-01,Charleroi,Belgia,Warszawa,Polska,unavailable,,,,CRL-WAW,2026-05-01T09:40:43Z
2026-07-02,,,CRL,WAW,2026-05-01,Charleroi,Belgia,Warszawa,Polska,unavailable,,,,CRL-WAW,2026-05-01T09:40:43Z
2026-07-03,,873.75,CRL,WAW,2026-05-01,Charleroi,Belgia,Warszawa,Polska,price,,,PLN,CRL-WAW,2026-05-01T09:40:43Z
2026-07-04,,,CRL,WAW,2026-05-01,Charleroi,Belgia,Warszawa,Polska,unavailable,,,,CRL-WAW,2026-05-01T09:40:43Z
2026-07-05,,378.96,CRL,WAW,2026-05-01,Charleroi,Belgia,Warszawa,Polska,price,,,PLN,CRL-WAW,2026-05-01T09:40:43Z
2026-07-06,,315.08,CRL,WAW,2026-05-01,Charleroi,Belgia,Warszawa,Polska,price,,,PLN,CRL-WAW,2026-05-01T09:40:43Z
2026-07-07,,,CRL,WAW,2026-05-01,Charleroi,Belgia,Warszawa,Polska,unavailable,,,,CRL-WAW,2026-05-01T09:40:43Z
2026-07-08,,,CRL,WAW,2026-05-01,Charleroi,Belgia,Warszawa,Polska,unavailable,,,,CRL-WAW,2026-05-01T09:40:43Z
2026-07-09,,,CRL,WAW,2026-05-01,Charleroi,Belgia,Warszawa,Polska,unavailable,,,,CRL-WAW,2026-05-01T09:40:43Z
2026-07-10,,301.11,CRL,WAW,2026-05-01,Charleroi,Belgia,Warszawa,Polska,price,,,PLN,CRL-WAW,2026-05-01T09:40:43Z
2026-07-11,,,CRL,WAW,2026-05-01,Charleroi,Belgia,Warszawa,Polska,unavailable,,,,CRL-WAW,2026-05-01T09:40:43Z
2026-07-12,,309.5,CRL,WAW,2026-05-01,Charleroi,Belgia,Warszawa,Polska,price,,,PLN,CRL-WAW,2026-05-01T09:40:43Z
2026-07-13,,332.11,CRL,WAW,2026-05-01,Charleroi,Belgia,Warszawa,Polska,price,,,PLN,CRL-WAW,2026-05-01T09:40:43Z
2026-07-14,,,CRL,WAW,2026-05-01,Charleroi,Belgia,Warszawa,Polska,unavailable,,,,CRL-WAW,2026-05-01T09:40:43Z
2026-07-15,,,CRL,WAW,2026-05-01,Charleroi,Belgia,Warszawa,Polska,unavailable,,,,CRL-WAW,2026-05-01T09:40:43Z
2026-07-16,,,CRL,WAW,2026-05-01,Charleroi,Belgia,Warszawa,Polska,unavailable,,,,CRL-WAW,2026-05-01T09:40:43Z
2026-07-17,,273.75,CRL,WAW,2026-05-01,Charleroi,Belgia,Warszawa,Polska,price,,,PLN,CRL-WAW,2026-05-01T09:40:43Z
2026-07-18,,,CRL,WAW,2026-05-01,Charleroi,Belgia,Warszawa,Polska,unavailable,,,,CRL-WAW,2026-05-01T09:40:43Z
2026-07-19,,283.59,CRL,WAW,2026-05-01,Charleroi,Belgia,Warszawa,Polska,price,,,PLN,CRL-WAW,2026-05-01T09:40:43Z
2026-07-20,,442.83,CRL,WAW,2026-05-01,Charleroi,Belgia,Warszawa,Polska,price,,,PLN,CRL-WAW,2026-05-01T09:40:43Z
2026-07-21,,,CRL,WAW,2026-05-01,Charleroi,Belgia,Warszawa,Polska,unavailable,,,,CRL-WAW,2026-05-01T09:40:43Z
2026-07-22,,,CRL,WAW,2026-05-01,Charleroi,Belgia,Warszawa,Polska,unavailable,,,,CRL-WAW,2026-05-01T09:40:43Z
2026-07-23,,,CRL,WAW,2026-05-01,Charleroi,Belgia,Warszawa,Polska,unavailable,,,,CRL-WAW,2026-05-01T09:40:43Z
2026-07-24,,285.27,CRL,WAW,2026-05-01,Charleroi,Belgia,Warszawa,Polska,price,,,PLN,CRL-WAW,2026-05-01T09:40:43Z
2026-07-25,,,CRL,WAW,2026-05-01,Charleroi,Belgia,Warszawa,Polska,unavailable,,,,CRL-WAW,2026-05-01T09:40:43Z
2026-07-26,,232.95,CRL,WAW,2026-05-01,Charleroi,Belgia,Warszawa,Polska,price,,,PLN,CRL-WAW,2026-05-01T09:40:43Z
2026-07-27,,225.37,CRL,WAW,2026-05-01,Charleroi,Belgia,Warszawa,Polska,price,,,PLN,CRL-WAW,2026-05-01T09:40:43Z
2026-07-28,,,CRL,WAW,2026-05-01,Charleroi,Belgia,Warszawa,Polska,unavailable,,,,CRL-WAW,2026-05-01T09:40:43Z
2026-07-29,,,CRL,WAW,2026-05-01,Charleroi,Belgia,Warszawa,Polska,unavailable,,,,CRL-WAW,2026-05-01T09:40:43Z
2026-07-30,,,CRL,WAW,2026-05-01,Charleroi,Belgia,Warszawa,Polska,unavailable,,,,CRL-WAW,2026-05-01T09:40:43Z
2026-07-31,,225.65,CRL,WAW,2026-05-01,Charleroi,Belgia,Warszawa,Polska,price,,,PLN,CRL-WAW,2026-05-01T09:40:43Z
2026-08-01,,,CRL,WAW,2026-05-01,Charleroi,Belgia,Warszawa,Polska,unavailable,,,,CRL-WAW,2026-05-01T09:40:43Z
2026-08-02,,178.81,CRL,WAW,2026-05-01,Charleroi,Belgia,Warszawa,Polska,price,,,PLN,CRL-WAW,2026-05-01T09:40:43Z
2026-08-03,,212.88,CRL,WAW,2026-05-01,Charleroi,Belgia,Warszawa,Polska,price,,,PLN,CRL-WAW,2026-05-01T09:40:43Z
2026-08-04,,,CRL,WAW,2026-05-01,Charleroi,Belgia,Warszawa,Polska,unavailable,,,,CRL-WAW,2026-05-01T09:40:43Z
2026-08-05,,,CRL,WAW,2026-05-01,Charleroi,Belgia,Warszawa,Polska,unavailable,,,,CRL-WAW,2026-05-01T09:40:43Z
2026-08-06,,,CRL,WAW,2026-05-01,Charleroi,Belgia,Warszawa,Polska,unavailable,,,,CRL-WAW,2026-05-01T09:40:43Z
2026-08-07,,166.04,CRL,WAW,2026-05-01,Charleroi,Belgia,Warszawa,Polska,price,,,PLN,CRL-WAW,2026-05-01T09:40:43Z
2026-08-08,,,CRL,WAW,2026-05-01,Charleroi,Belgia,Warszawa,Polska,unavailable,,,,CRL-WAW,2026-05-01T09:40:43Z
2026-08-09,,153.26,CRL,WAW,2026-05-01,Charleroi,Belgia,Warszawa,Polska,price,,,PLN,CRL-WAW,2026-05-01T09:40:43Z
2026-08-10,,153.26,CRL,WAW,2026-05-01,Charleroi,Belgia,Warszawa,Polska,price,,,PLN,CRL-WAW,2026-05-01T09:40:43Z
2026-08-11,,,CRL,WAW,2026-05-01,Charleroi,Belgia,Warszawa,Polska,unavailable,,,,CRL-WAW,2026-05-01T09:40:43Z
2026-08-12,,,CRL,WAW,2026-05-01,Charleroi,Belgia,Warszawa,Polska,unavailable,,,,CRL-WAW,2026-05-01T09:40:43Z
2026-08-13,,,CRL,WAW,2026-05-01,Charleroi,Belgia,Warszawa,Polska,unavailable,,,,CRL-WAW,2026-05-01T09:40:43Z
2026-08-14,,116.99,CRL,WAW,2026-05-01,Charleroi,Belgia,Warszawa,Polska,price,,,PLN,CRL-WAW,2026-05-01T09:40:43Z
2026-08-15,,,CRL,WAW,2026-05-01,Charleroi,Belgia,Warszawa,Polska,unavailable,,,,CRL-WAW,2026-05-01T09:40:43Z
2026-08-16,,139.18,CRL,WAW,2026-05-01,Charleroi,Belgia,Warszawa,Polska,price,,,PLN,CRL-WAW,2026-05-01T09:40:43Z
2026-08-17,,119.19,CRL,WAW,2026-05-01,Charleroi,Belgia,Warszawa,Polska,price,,,PLN,CRL-WAW,2026-05-01T09:40:43Z
2026-08-18,,,CRL,WAW,2026-05-01,Charleroi,Belgia,Warszawa,Polska,unavailable,,,,CRL-WAW,2026-05-01T09:40:43Z
2026-08-19,,,CRL,WAW,2026-05-01,Charleroi,Belgia,Warszawa,Polska,unavailable,,,,CRL-WAW,2026-05-01T09:40:43Z
2026-08-20,,,CRL,WAW,2026-05-01,Charleroi,Belgia,Warszawa,Polska,unavailable,,,,CRL-WAW,2026-05-01T09:40:43Z
2026-08-21,,136.23,CRL,WAW,2026-05-01,Charleroi,Belgia,Warszawa,Polska,price,,,PLN,CRL-WAW,2026-05-01T09:40:43Z
2026-08-22,,,CRL,WAW,2026-05-01,Charleroi,Belgia,Warszawa,Polska,unavailable,,,,CRL-WAW,2026-05-01T09:40:43Z
2026-08-23,,93.64,CRL,WAW,2026-05-01,Charleroi,Belgia,Warszawa,Polska,price,,,PLN,CRL-WAW,2026-05-01T09:40:43Z
2026-08-24,,112.99,CRL,WAW,2026-05-01,Charleroi,Belgia,Warszawa,Polska,price,,,PLN,CRL-WAW,2026-05-01T09:40:43Z
2026-08-25,,,CRL,WAW,2026-05-01,Charleroi,Belgia,Warszawa,Polska,unavailable,,,,CRL-WAW,2026-05-01T09:40:43Z
2026-08-26,,,CRL,WAW,2026-05-01,Charleroi,Belgia,Warszawa,Polska,unavailable,,,,CRL-WAW,2026-05-01T09:40:43Z
2026-08-27,,,CRL,WAW,2026-05-01,Charleroi,Belgia,Warszawa,Polska,unavailable,,,,CRL-WAW,2026-05-01T09:40:43Z
2026-08-28,,144.74,CRL,WAW,2026-05-01,Charleroi,Belgia,Warszawa,Polska,price,,,PLN,CRL-WAW,2026-05-01T09:40:43Z
2026-08-29,,,CRL,WAW,2026-05-01,Charleroi,Belgia,Warszawa,Polska,unavailable,,,,CRL-WAW,2026-05-01T09:40:43Z
2026-08-30,,127.71,CRL,WAW,2026-05-01,Charleroi,Belgia,Warszawa,Polska,price,,,PLN,CRL-WAW,2026-05-01T09:40:43Z
2026-08-31,,112.99,CRL,WAW,2026-05-01,Charleroi,Belgia,Warszawa,Polska,price,,,PLN,CRL-WAW,2026-05-01T09:40:43Z
2026-05-01,,,WAW,LBA,2026-05-01,Warszawa,Polska,Leeds,Wielka Brytania,unavailable,,,,WAW-LBA,2026-05-01T09:40:43Z
2026-05-02,,173.06,WAW,LBA,2026-05-01,Warszawa,Polska,Leeds,Wielka Brytania,price,,,PLN,WAW-LBA,2026-05-01T09:40:43Z
2026-05-03,,,WAW,LBA,2026-05-01,Warszawa,Polska,Leeds,Wielka Brytania,unavailable,,,,WAW-LBA,2026-05-01T09:40:43Z
2026-05-04,,1183.79,WAW,LBA,2026-05-01,Warszawa,Polska,Leeds,Wielka Brytania,price,,,PLN,WAW-LBA,2026-05-01T09:40:43Z
2026-05-05,,,WAW,LBA,2026-05-01,Warszawa,Polska,Leeds,Wielka Brytania,unavailable,,,,WAW-LBA,2026-05-01T09:40:43Z
2026-05-06,,,WAW,LBA,2026-05-01,Warszawa,Polska,Leeds,Wielka Brytania,unavailable,,,,WAW-LBA,2026-05-01T09:40:43Z
2026-05-07,,79.0,WAW,LBA,2026-05-01,Warszawa,Polska,Leeds,Wielka Brytania,price,,,PLN,WAW-LBA,2026-05-01T09:40:43Z
2026-05-08,,,WAW,LBA,2026-05-01,Warszawa,Polska,Leeds,Wielka Brytania,unavailable,,,,WAW-LBA,2026-05-01T09:40:43Z
2026-05-09,,95.0,WAW,LBA,2026-05-01,Warszawa,Polska,Leeds,Wielka Brytania,price,,,PLN,WAW-LBA,2026-05-01T09:40:43Z
2026-05-10,,,WAW,LBA,2026-05-01,Warszawa,Polska,Leeds,Wielka Brytania,unavailable,,,,WAW-LBA,2026-05-01T09:40:43Z
2026-05-11,,238.43,WAW,LBA,2026-05-01,Warszawa,Polska,Leeds,Wielka Brytania,price,,,PLN,WAW-LBA,2026-05-01T09:40:43Z
2026-05-12,,,WAW,LBA,2026-05-01,Warszawa,Polska,Leeds,Wielka Brytania,unavailable,,,,WAW-LBA,2026-05-01T09:40:43Z
2026-05-13,,,WAW,LBA,2026-05-01,Warszawa,Polska,Leeds,Wielka Brytania,unavailable,,,,WAW-LBA,2026-05-01T09:40:43Z
2026-05-14,,95.0,WAW,LBA,2026-05-01,Warszawa,Polska,Leeds,Wielka Brytania,price,,,PLN,WAW-LBA,2026-05-01T09:40:43Z
2026-05-15,,,WAW,LBA,2026-05-01,Warszawa,Polska,Leeds,Wielka Brytania,unavailable,,,,WAW-LBA,2026-05-01T09:40:43Z
2026-05-16,,95.0,WAW,LBA,2026-05-01,Warszawa,Polska,Leeds,Wielka Brytania,price,,,PLN,WAW-LBA,2026-05-01T09:40:43Z
2026-05-17,,,WAW,LBA,2026-05-01,Warszawa,Polska,Leeds,Wielka Brytania,unavailable,,,,WAW-LBA,2026-05-01T09:40:43Z
2026-05-18,,276.75,WAW,LBA,2026-05-01,Warszawa,Polska,Leeds,Wielka Brytania,price,,,PLN,WAW-LBA,2026-05-01T09:40:43Z
2026-05-19,,,WAW,LBA,2026-05-01,Warszawa,Polska,Leeds,Wielka Brytania,unavailable,,,,WAW-LBA,2026-05-01T09:40:43Z
2026-05-20,,,WAW,LBA,2026-05-01,Warszawa,Polska,Leeds,Wielka Brytania,unavailable,,,,WAW-LBA,2026-05-01T09:40:43Z
2026-05-21,,63.83,WAW,LBA,2026-05-01,Warszawa,Polska,Leeds,Wielka Brytania,price,,,PLN,WAW-LBA,2026-05-01T09:40:43Z
2026-05-22,,,WAW,LBA,2026-05-01,Warszawa,Polska,Leeds,Wielka Brytania,unavailable,,,,WAW-LBA,2026-05-01T09:40:43Z
2026-05-23,,85.13,WAW,LBA,2026-05-01,Warszawa,Polska,Leeds,Wielka Brytania,price,,,PLN,WAW-LBA,2026-05-01T09:40:43Z
2026-05-24,,,WAW,LBA,2026-05-01,Warszawa,Polska,Leeds,Wielka Brytania,unavailable,,,,WAW-LBA,2026-05-01T09:40:43Z
2026-05-25,,166.04,WAW,LBA,2026-05-01,Warszawa,Polska,Leeds,Wielka Brytania,price,,,PLN,WAW-LBA,2026-05-01T09:40:43Z
2026-05-26,,,WAW,LBA,2026-05-01,Warszawa,Polska,Leeds,Wielka Brytania,unavailable,,,,WAW-LBA,2026-05-01T09:40:43Z
2026-05-27,,,WAW,LBA,2026-05-01,Warszawa,Polska,Leeds,Wielka Brytania,unavailable,,,,WAW-LBA,2026-05-01T09:40:43Z
2026-05-28,,174.55,WAW,LBA,2026-05-01,Warszawa,Polska,Leeds,Wielka Brytania,price,,,PLN,WAW-LBA,2026-05-01T09:40:43Z
2026-05-29,,,WAW,LBA,2026-05-01,Warszawa,Polska,Leeds,Wielka Brytania,unavailable,,,,WAW-LBA,2026-05-01T09:40:43Z
2026-05-30,,421.54,WAW,LBA,2026-05-01,Warszawa,Polska,Leeds,Wielka Brytania,price,,,PLN,WAW-LBA,2026-05-01T09:40:43Z
2026-05-31,,,WAW,LBA,2026-05-01,Warszawa,Polska,Leeds,Wielka Brytania,unavailable,,,,WAW-LBA,2026-05-01T09:40:43Z
2026-06-01,,112.93,WAW,LBA,2026-05-01,Warszawa,Polska,Leeds,Wielka Brytania,price,,,PLN,WAW-LBA,2026-05-01T09:40:43Z
2026-06-02,,,WAW,LBA,2026-05-01,Warszawa,Polska,Leeds,Wielka Brytania,unavailable,,,,WAW-LBA,2026-05-01T09:40:43Z
2026-06-03,,,WAW,LBA,2026-05-01,Warszawa,Polska,Leeds,Wielka Brytania,unavailable,,,,WAW-LBA,2026-05-01T09:40:43Z
2026-06-04,,170.29,WAW,LBA,2026-05-01,Warszawa,Polska,Leeds,Wielka Brytania,price,,,PLN,WAW-LBA,2026-05-01T09:40:43Z
2026-06-05,,,WAW,LBA,2026-05-01,Warszawa,Polska,Leeds,Wielka Brytania,unavailable,,,,WAW-LBA,2026-05-01T09:40:43Z
2026-06-06,,205.93,WAW,LBA,2026-05-01,Warszawa,Polska,Leeds,Wielka Brytania,price,,,PLN,WAW-LBA,2026-05-01T09:40:43Z
2026-06-07,,,WAW,LBA,2026-05-01,Warszawa,Polska,Leeds,Wielka Brytania,unavailable,,,,WAW-LBA,2026-05-01T09:40:43Z
2026-06-08,,217.14,WAW,LBA,2026-05-01,Warszawa,Polska,Leeds,Wielka Brytania,price,,,PLN,WAW-LBA,2026-05-01T09:40:43Z
2026-06-09,,,WAW,LBA,2026-05-01,Warszawa,Polska,Leeds,Wielka Brytania,unavailable,,,,WAW-LBA,2026-05-01T09:40:43Z
2026-06-10,,,WAW,LBA,2026-05-01,Warszawa,Polska,Leeds,Wielka Brytania,unavailable,,,,WAW-LBA,2026-05-01T09:40:43Z
2026-06-11,,106.42,WAW,LBA,2026-05-01,Warszawa,Polska,Leeds,Wielka Brytania,price,,,PLN,WAW-LBA,2026-05-01T09:40:43Z
2026-06-12,,,WAW,LBA,2026-05-01,Warszawa,Polska,Leeds,Wielka Brytania,unavailable,,,,WAW-LBA,2026-05-01T09:40:43Z
2026-06-13,,80.87,WAW,LBA,2026-05-01,Warszawa,Polska,Leeds,Wielka Brytania,price,,,PLN,WAW-LBA,2026-05-01T09:40:43Z
2026-06-14,,,WAW,LBA,2026-05-01,Warszawa,Polska,Leeds,Wielka Brytania,unavailable,,,,WAW-LBA,2026-05-01T09:40:43Z
2026-06-15,,149.0,WAW,LBA,2026-05-01,Warszawa,Polska,Leeds,Wielka Brytania,price,,,PLN,WAW-LBA,2026-05-01T09:40:43Z
2026-06-16,,,WAW,LBA,2026-05-01,Warszawa,Polska,Leeds,Wielka Brytania,unavailable,,,,WAW-LBA,2026-05-01T09:40:43Z
2026-06-17,,,WAW,LBA,2026-05-01,Warszawa,Polska,Leeds,Wielka Brytania,unavailable,,,,WAW-LBA,2026-05-01T09:40:43Z
2026-06-18,,76.61,WAW,LBA,2026-05-01,Warszawa,Polska,Leeds,Wielka Brytania,price,,,PLN,WAW-LBA,2026-05-01T09:40:43Z
2026-06-19,,,WAW,LBA,2026-05-01,Warszawa,Polska,Leeds,Wielka Brytania,unavailable,,,,WAW-LBA,2026-05-01T09:40:43Z
2026-06-20,,114.93,WAW,LBA,2026-05-01,Warszawa,Polska,Leeds,Wielka Brytania,price,,,PLN,WAW-LBA,2026-05-01T09:40:43Z
2026-06-21,,,WAW,LBA,2026-05-01,Warszawa,Polska,Leeds,Wielka Brytania,unavailable,,,,WAW-LBA,2026-05-01T09:40:43Z
2026-06-22,,79.0,WAW,LBA,2026-05-01,Warszawa,Polska,Leeds,Wielka Brytania,price,,,PLN,WAW-LBA,2026-05-01T09:40:43Z
2026-06-23,,,WAW,LBA,2026-05-01,Warszawa,Polska,Leeds,Wielka Brytania,unavailable,,,,WAW-LBA,2026-05-01T09:40:43Z
2026-06-24,,,WAW,LBA,2026-05-01,Warszawa,Polska,Leeds,Wielka Brytania,unavailable,,,,WAW-LBA,2026-05-01T09:40:43Z
2026-06-25,,79.0,WAW,LBA,2026-05-01,Warszawa,Polska,Leeds,Wielka Brytania,price,,,PLN,WAW-LBA,2026-05-01T09:40:43Z
2026-06-26,,,WAW,LBA,2026-05-01,Warszawa,Polska,Leeds,Wielka Brytania,unavailable,,,,WAW-LBA,2026-05-01T09:40:43Z
2026-06-27,,143.75,WAW,LBA,2026-05-01,Warszawa,Polska,Leeds,Wielka Brytania,price,,,PLN,WAW-LBA,2026-05-01T09:40:43Z
2026-06-28,,,WAW,LBA,2026-05-01,Warszawa,Polska,Leeds,Wielka Brytania,unavailable,,,,WAW-LBA,2026-05-01T09:40:43Z
2026-06-29,,166.04,WAW,LBA,2026-05-01,Warszawa,Polska,Leeds,Wielka Brytania,price,,,PLN,WAW-LBA,2026-05-01T09:40:43Z
2026-06-30,,,WAW,LBA,2026-05-01,Warszawa,Polska,Leeds,Wielka Brytania,unavailable,,,,WAW-LBA,2026-05-01T09:40:43Z
2026-07-01,,,WAW,LBA,2026-05-01,Warszawa,Polska,Leeds,Wielka Brytania,unavailable,,,,WAW-LBA,2026-05-01T09:40:43Z
2026-07-02,,136.23,WAW,LBA,2026-05-01,Warszawa,Polska,Leeds,Wielka Brytania,price,,,PLN,WAW-LBA,2026-05-01T09:40:43Z
2026-07-03,,,WAW,LBA,2026-05-01,Warszawa,Polska,Leeds,Wielka Brytania,unavailable,,,,WAW-LBA,2026-05-01T09:40:43Z
2026-07-04,,80.87,WAW,LBA,2026-05-01,Warszawa,Polska,Leeds,Wielka Brytania,price,,,PLN,WAW-LBA,2026-05-01T09:40:43Z
2026-07-05,,,WAW,LBA,2026-05-01,Warszawa,Polska,Leeds,Wielka Brytania,unavailable,,,,WAW-LBA,2026-05-01T09:40:43Z
2026-07-06,,110.68,WAW,LBA,2026-05-01,Warszawa,Polska,Leeds,Wielka Brytania,price,,,PLN,WAW-LBA,2026-05-01T09:40:43Z
2026-07-07,,,WAW,LBA,2026-05-01,Warszawa,Polska,Leeds,Wielka Brytania,unavailable,,,,WAW-LBA,2026-05-01T09:40:43Z
2026-07-08,,,WAW,LBA,2026-05-01,Warszawa,Polska,Leeds,Wielka Brytania,unavailable,,,,WAW-LBA,2026-05-01T09:40:43Z
2026-07-09,,95.0,WAW,LBA,2026-05-01,Warszawa,Polska,Leeds,Wielka Brytania,price,,,PLN,WAW-LBA,2026-05-01T09:40:43Z
2026-07-10,,,WAW,LBA,2026-05-01,Warszawa,Polska,Leeds,Wielka Brytania,unavailable,,,,WAW-LBA,2026-05-01T09:40:43Z
2026-07-11,,93.64,WAW,LBA,2026-05-01,Warszawa,Polska,Leeds,Wielka Brytania,price,,,PLN,WAW-LBA,2026-05-01T09:40:43Z
2026-07-12,,,WAW,LBA,2026-05-01,Warszawa,Polska,Leeds,Wielka Brytania,unavailable,,,,WAW-LBA,2026-05-01T09:40:43Z
2026-07-13,,187.33,WAW,LBA,2026-05-01,Warszawa,Polska,Leeds,Wielka Brytania,price,,,PLN,WAW-LBA,2026-05-01T09:40:43Z
2026-07-14,,,WAW,LBA,2026-05-01,Warszawa,Polska,Leeds,Wielka Brytania,unavailable,,,,WAW-LBA,2026-05-01T09:40:43Z
2026-07-15,,,WAW,LBA,2026-05-01,Warszawa,Polska,Leeds,Wielka Brytania,unavailable,,,,WAW-LBA,2026-05-01T09:40:43Z
2026-07-16,,85.13,WAW,LBA,2026-05-01,Warszawa,Polska,Leeds,Wielka Brytania,price,,,PLN,WAW-LBA,2026-05-01T09:40:43Z
2026-07-17,,,WAW,LBA,2026-05-01,Warszawa,Polska,Leeds,Wielka Brytania,unavailable,,,,WAW-LBA,2026-05-01T09:40:43Z
2026-07-18,,149.2,WAW,LBA,2026-05-01,Warszawa,Polska,Leeds,Wielka Brytania,price,,,PLN,WAW-LBA,2026-05-01T09:40:43Z
2026-07-19,,,WAW,LBA,2026-05-01,Warszawa,Polska,Leeds,Wielka Brytania,unavailable,,,,WAW-LBA,2026-05-01T09:40:43Z
2026-07-20,,459.86,WAW,LBA,2026-05-01,Warszawa,Polska,Leeds,Wielka Brytania,price,,,PLN,WAW-LBA,2026-05-01T09:40:43Z
2026-07-21,,,WAW,LBA,2026-05-01,Warszawa,Polska,Leeds,Wielka Brytania,unavailable,,,,WAW-LBA,2026-05-01T09:40:43Z
2026-07-22,,,WAW,LBA,2026-05-01,Warszawa,Polska,Leeds,Wielka Brytania,unavailable,,,,WAW-LBA,2026-05-01T09:40:43Z
2026-07-23,,134.76,WAW,LBA,2026-05-01,Warszawa,Polska,Leeds,Wielka Brytania,price,,,PLN,WAW-LBA,2026-05-01T09:40:43Z
2026-07-24,,,WAW,LBA,2026-05-01,Warszawa,Polska,Leeds,Wielka Brytania,unavailable,,,,WAW-LBA,2026-05-01T09:40:43Z
2026-07-25,,183.07,WAW,LBA,2026-05-01,Warszawa,Polska,Leeds,Wielka Brytania,price,,,PLN,WAW-LBA,2026-05-01T09:40:43Z
2026-07-26,,,WAW,LBA,2026-05-01,Warszawa,Polska,Leeds,Wielka Brytania,unavailable,,,,WAW-LBA,2026-05-01T09:40:43Z
2026-07-27,,185.84,WAW,LBA,2026-05-01,Warszawa,Polska,Leeds,Wielka Brytania,price,,,PLN,WAW-LBA,2026-05-01T09:40:43Z
2026-07-28,,,WAW,LBA,2026-05-01,Warszawa,Polska,Leeds,Wielka Brytania,unavailable,,,,WAW-LBA,2026-05-01T09:40:43Z
2026-07-29,,,WAW,LBA,2026-05-01,Warszawa,Polska,Leeds,Wielka Brytania,unavailable,,,,WAW-LBA,2026-05-01T09:40:43Z
2026-07-30,,212.75,WAW,LBA,2026-05-01,Warszawa,Polska,Leeds,Wielka Brytania,price,,,PLN,WAW-LBA,2026-05-01T09:40:43Z
2026-07-31,,,WAW,LBA,2026-05-01,Warszawa,Polska,Leeds,Wielka Brytania,unavailable,,,,WAW-LBA,2026-05-01T09:40:43Z
2026-08-01,,246.94,WAW,LBA,2026-05-01,Warszawa,Polska,Leeds,Wielka Brytania,price,,,PLN,WAW-LBA,2026-05-01T09:40:43Z
2026-08-02,,,WAW,LBA,2026-05-01,Warszawa,Polska,Leeds,Wielka Brytania,unavailable,,,,WAW-LBA,2026-05-01T09:40:43Z
2026-08-03,,246.94,WAW,LBA,2026-05-01,Warszawa,Polska,Leeds,Wielka Brytania,price,,,PLN,WAW-LBA,2026-05-01T09:40:43Z
2026-08-04,,,WAW,LBA,2026-05-01,Warszawa,Polska,Leeds,Wielka Brytania,unavailable,,,,WAW-LBA,2026-05-01T09:40:43Z
2026-08-05,,,WAW,LBA,2026-05-01,Warszawa,Polska,Leeds,Wielka Brytania,unavailable,,,,WAW-LBA,2026-05-01T09:40:43Z
2026-08-06,,405.03,WAW,LBA,2026-05-01,Warszawa,Polska,Leeds,Wielka Brytania,price,,,PLN,WAW-LBA,2026-05-01T09:40:43Z
2026-08-07,,,WAW,LBA,2026-05-01,Warszawa,Polska,Leeds,Wielka Brytania,unavailable,,,,WAW-LBA,2026-05-01T09:40:43Z
2026-08-08,,404.51,WAW,LBA,2026-05-01,Warszawa,Polska,Leeds,Wielka Brytania,price,,,PLN,WAW-LBA,2026-05-01T09:40:43Z
2026-08-09,,,WAW,LBA,2026-05-01,Warszawa,Polska,Leeds,Wielka Brytania,unavailable,,,,WAW-LBA,2026-05-01T09:40:43Z
2026-08-10,,344.89,WAW,LBA,2026-05-01,Warszawa,Polska,Leeds,Wielka Brytania,price,,,PLN,WAW-LBA,2026-05-01T09:40:43Z
2026-08-11,,,WAW,LBA,2026-05-01,Warszawa,Polska,Leeds,Wielka Brytania,unavailable,,,,WAW-LBA,2026-05-01T09:40:43Z
2026-08-12,,,WAW,LBA,2026-05-01,Warszawa,Polska,Leeds,Wielka Brytania,unavailable,,,,WAW-LBA,2026-05-01T09:40:43Z
2026-08-13,,323.6,WAW,LBA,2026-05-01,Warszawa,Polska,Leeds,Wielka Brytania,price,,,PLN,WAW-LBA,2026-05-01T09:40:43Z
2026-08-14,,,WAW,LBA,2026-05-01,Warszawa,Polska,Leeds,Wielka Brytania,unavailable,,,,WAW-LBA,2026-05-01T09:40:43Z
2026-08-15,,519.48,WAW,LBA,2026-05-01,Warszawa,Polska,Leeds,Wielka Brytania,price,,,PLN,WAW-LBA,2026-05-01T09:40:43Z
2026-08-16,,,WAW,LBA,2026-05-01,Warszawa,Polska,Leeds,Wielka Brytania,unavailable,,,,WAW-LBA,2026-05-01T09:40:43Z
2026-08-17,,557.81,WAW,LBA,2026-05-01,Warszawa,Polska,Leeds,Wielka Brytania,price,,,PLN,WAW-LBA,2026-05-01T09:40:43Z
2026-08-18,,,WAW,LBA,2026-05-01,Warszawa,Polska,Leeds,Wielka Brytania,unavailable,,,,WAW-LBA,2026-05-01T09:40:43Z
2026-08-19,,,WAW,LBA,2026-05-01,Warszawa,Polska,Leeds,Wielka Brytania,unavailable,,,,WAW-LBA,2026-05-01T09:40:43Z
2026-08-20,,447.09,WAW,LBA,2026-05-01,Warszawa,Polska,Leeds,Wielka Brytania,price,,,PLN,WAW-LBA,2026-05-01T09:40:43Z
2026-08-21,,,WAW,LBA,2026-05-01,Warszawa,Polska,Leeds,Wielka Brytania,unavailable,,,,WAW-LBA,2026-05-01T09:40:43Z
2026-08-22,,621.68,WAW,LBA,2026-05-01,Warszawa,Polska,Leeds,Wielka Brytania,price,,,PLN,WAW-LBA,2026-05-01T09:40:43Z
2026-08-23,,,WAW,LBA,2026-05-01,Warszawa,Polska,Leeds,Wielka Brytania,unavailable,,,,WAW-LBA,2026-05-01T09:40:43Z
2026-08-24,,681.3,WAW,LBA,2026-05-01,Warszawa,Polska,Leeds,Wielka Brytania,price,,,PLN,WAW-LBA,2026-05-01T09:40:43Z
2026-08-25,,,WAW,LBA,2026-05-01,Warszawa,Polska,Leeds,Wielka Brytania,unavailable,,,,WAW-LBA,2026-05-01T09:40:43Z
2026-08-26,,,WAW,LBA,2026-05-01,Warszawa,Polska,Leeds,Wielka Brytania,unavailable,,,,WAW-LBA,2026-05-01T09:40:43Z
2026-08-27,,536.52,WAW,LBA,2026-05-01,Warszawa,Polska,Leeds,Wielka Brytania,price,,,PLN,WAW-LBA,2026-05-01T09:40:43Z
2026-08-28,,,WAW,LBA,2026-05-01,Warszawa,Polska,Leeds,Wielka Brytania,unavailable,,,,WAW-LBA,2026-05-01T09:40:43Z
2026-08-29,,655.75,WAW,LBA,2026-05-01,Warszawa,Polska,Leeds,Wielka Brytania,price,,,PLN,WAW-LBA,2026-05-01T09:40:43Z
2026-08-30,,,WAW,LBA,2026-05-01,Warszawa,Polska,Leeds,Wielka Brytania,unavailable,,,,WAW-LBA,2026-05-01T09:40:43Z
2026-08-31,,787.76,WAW,LBA,2026-05-01,Warszawa,Polska,Leeds,Wielka Brytania,price,,,PLN,WAW-LBA,2026-05-01T09:40:43Z
2026-05-01,,,LBA,WAW,2026-05-01,Leeds,Wielka Brytania,Warszawa,Polska,unavailable,,,,LBA-WAW,2026-05-01T09:40:43Z
2026-05-02,,189.24,LBA,WAW,2026-05-01,Leeds,Wielka Brytania,Warszawa,Polska,price,,,PLN,LBA-WAW,2026-05-01T09:40:43Z
2026-05-03,,,LBA,WAW,2026-05-01,Leeds,Wielka Brytania,Warszawa,Polska,unavailable,,,,LBA-WAW,2026-05-01T09:40:43Z
2026-05-04,,79.0,LBA,WAW,2026-05-01,Leeds,Wielka Brytania,Warszawa,Polska,price,,,PLN,LBA-WAW,2026-05-01T09:40:43Z
2026-05-05,,,LBA,WAW,2026-05-01,Leeds,Wielka Brytania,Warszawa,Polska,unavailable,,,,LBA-WAW,2026-05-01T09:40:43Z
2026-05-06,,,LBA,WAW,2026-05-01,Leeds,Wielka Brytania,Warszawa,Polska,unavailable,,,,LBA-WAW,2026-05-01T09:40:43Z
2026-05-07,,79.0,LBA,WAW,2026-05-01,Leeds,Wielka Brytania,Warszawa,Polska,price,,,PLN,LBA-WAW,2026-05-01T09:40:43Z
2026-05-08,,,LBA,WAW,2026-05-01,Leeds,Wielka Brytania,Warszawa,Polska,unavailable,,,,LBA-WAW,2026-05-01T09:40:43Z
2026-05-09,,152.3,LBA,WAW,2026-05-01,Leeds,Wielka Brytania,Warszawa,Polska,price,,,PLN,LBA-WAW,2026-05-01T09:40:43Z
2026-05-10,,,LBA,WAW,2026-05-01,Leeds,Wielka Brytania,Warszawa,Polska,unavailable,,,,LBA-WAW,2026-05-01T09:40:43Z
2026-05-11,,122.81,LBA,WAW,2026-05-01,Leeds,Wielka Brytania,Warszawa,Polska,price,,,PLN,LBA-WAW,2026-05-01T09:40:43Z
2026-05-12,,,LBA,WAW,2026-05-01,Leeds,Wielka Brytania,Warszawa,Polska,unavailable,,,,LBA-WAW,2026-05-01T09:40:43Z
2026-05-13,,,LBA,WAW,2026-05-01,Leeds,Wielka Brytania,Warszawa,Polska,unavailable,,,,LBA-WAW,2026-05-01T09:40:43Z
2026-05-14,,127.73,LBA,WAW,2026-05-01,Leeds,Wielka Brytania,Warszawa,Polska,price,,,PLN,LBA-WAW,2026-05-01T09:40:43Z
2026-05-15,,,LBA,WAW,2026-05-01,Leeds,Wielka Brytania,Warszawa,Polska,unavailable,,,,LBA-WAW,2026-05-01T09:40:43Z
2026-05-16,,157.21,LBA,WAW,2026-05-01,Leeds,Wielka Brytania,Warszawa,Polska,price,,,PLN,LBA-WAW,2026-05-01T09:40:43Z
2026-05-17,,,LBA,WAW,2026-05-01,Leeds,Wielka Brytania,Warszawa,Polska,unavailable,,,,LBA-WAW,2026-05-01T09:40:43Z
2026-05-18,,142.47,LBA,WAW,2026-05-01,Leeds,Wielka Brytania,Warszawa,Polska,price,,,PLN,LBA-WAW,2026-05-01T09:40:43Z
2026-05-19,,,LBA,WAW,2026-05-01,Leeds,Wielka Brytania,Warszawa,Polska,unavailable,,,,LBA-WAW,2026-05-01T09:40:43Z
2026-05-20,,,LBA,WAW,2026-05-01,Leeds,Wielka Brytania,Warszawa,Polska,unavailable,,,,LBA-WAW,2026-05-01T09:40:43Z
2026-05-21,,289.91,LBA,WAW,2026-05-01,Leeds,Wielka Brytania,Warszawa,Polska,price,,,PLN,LBA-WAW,2026-05-01T09:40:43Z
2026-05-22,,,LBA,WAW,2026-05-01,Leeds,Wielka Brytania,Warszawa,Polska,unavailable,,,,LBA-WAW,2026-05-01T09:40:43Z
2026-05-23,,422.6,LBA,WAW,2026-05-01,Leeds,Wielka Brytania,Warszawa,Polska,price,,,PLN,LBA-WAW,2026-05-01T09:40:43Z
2026-05-24,,,LBA,WAW,2026-05-01,Leeds,Wielka Brytania,Warszawa,Polska,unavailable,,,,LBA-WAW,2026-05-01T09:40:43Z
2026-05-25,,260.42,LBA,WAW,2026-05-01,Leeds,Wielka Brytania,Warszawa,Polska,price,,,PLN,LBA-WAW,2026-05-01T09:40:43Z
2026-05-26,,,LBA,WAW,2026-05-01,Leeds,Wielka Brytania,Warszawa,Polska,unavailable,,,,LBA-WAW,2026-05-01T09:40:43Z
2026-05-27,,,LBA,WAW,2026-05-01,Leeds,Wielka Brytania,Warszawa,Polska,unavailable,,,,LBA-WAW,2026-05-01T09:40:43Z
2026-05-28,,95.0,LBA,WAW,2026-05-01,Leeds,Wielka Brytania,Warszawa,Polska,price,,,PLN,LBA-WAW,2026-05-01T09:40:43Z
2026-05-29,,,LBA,WAW,2026-05-01,Leeds,Wielka Brytania,Warszawa,Polska,unavailable,,,,LBA-WAW,2026-05-01T09:40:43Z
2026-05-30,,95.0,LBA,WAW,2026-05-01,Leeds,Wielka Brytania,Warszawa,Polska,price,,,PLN,LBA-WAW,2026-05-01T09:40:43Z
2026-05-31,,,LBA,WAW,2026-05-01,Leeds,Wielka Brytania,Warszawa,Polska,unavailable,,,,LBA-WAW,2026-05-01T09:40:43Z
2026-06-01,,137.56,LBA,WAW,2026-05-01,Leeds,Wielka Brytania,Warszawa,Polska,price,,,PLN,LBA-WAW,2026-05-01T09:40:43Z
2026-06-02,,,LBA,WAW,2026-05-01,Leeds,Wielka Brytania,Warszawa,Polska,unavailable,,,,LBA-WAW,2026-05-01T09:40:43Z
2026-06-03,,,LBA,WAW,2026-05-01,Leeds,Wielka Brytania,Warszawa,Polska,unavailable,,,,LBA-WAW,2026-05-01T09:40:43Z
2026-06-04,,79.0,LBA,WAW,2026-05-01,Leeds,Wielka Brytania,Warszawa,Polska,price,,,PLN,LBA-WAW,2026-05-01T09:40:43Z
2026-06-05,,,LBA,WAW,2026-05-01,Leeds,Wielka Brytania,Warszawa,Polska,unavailable,,,,LBA-WAW,2026-05-01T09:40:43Z
2026-06-06,,98.24,LBA,WAW,2026-05-01,Leeds,Wielka Brytania,Warszawa,Polska,price,,,PLN,LBA-WAW,2026-05-01T09:40:43Z
2026-06-07,,,LBA,WAW,2026-05-01,Leeds,Wielka Brytania,Warszawa,Polska,unavailable,,,,LBA-WAW,2026-05-01T09:40:43Z
2026-06-08,,112.93,LBA,WAW,2026-05-01,Leeds,Wielka Brytania,Warszawa,Polska,price,,,PLN,LBA-WAW,2026-05-01T09:40:43Z
2026-06-09,,,LBA,WAW,2026-05-01,Leeds,Wielka Brytania,Warszawa,Polska,unavailable,,,,LBA-WAW,2026-05-01T09:40:43Z
2026-06-10,,,LBA,WAW,2026-05-01,Leeds,Wielka Brytania,Warszawa,Polska,unavailable,,,,LBA-WAW,2026-05-01T09:40:43Z
2026-06-11,,79.0,LBA,WAW,2026-05-01,Leeds,Wielka Brytania,Warszawa,Polska,price,,,PLN,LBA-WAW,2026-05-01T09:40:43Z
2026-06-12,,,LBA,WAW,2026-05-01,Leeds,Wielka Brytania,Warszawa,Polska,unavailable,,,,LBA-WAW,2026-05-01T09:40:43Z
2026-06-13,,152.3,LBA,WAW,2026-05-01,Leeds,Wielka Brytania,Warszawa,Polska,price,,,PLN,LBA-WAW,2026-05-01T09:40:43Z
2026-06-14,,,LBA,WAW,2026-05-01,Leeds,Wielka Brytania,Warszawa,Polska,unavailable,,,,LBA-WAW,2026-05-01T09:40:43Z
2026-06-15,,79.0,LBA,WAW,2026-05-01,Leeds,Wielka Brytania,Warszawa,Polska,price,,,PLN,LBA-WAW,2026-05-01T09:40:43Z
2026-06-16,,,LBA,WAW,2026-05-01,Leeds,Wielka Brytania,Warszawa,Polska,unavailable,,,,LBA-WAW,2026-05-01T09:40:43Z
2026-06-17,,,LBA,WAW,2026-05-01,Leeds,Wielka Brytania,Warszawa,Polska,unavailable,,,,LBA-WAW,2026-05-01T09:40:43Z
2026-06-18,,191.62,LBA,WAW,2026-05-01,Leeds,Wielka Brytania,Warszawa,Polska,price,,,PLN,LBA-WAW,2026-05-01T09:40:43Z
2026-06-19,,,LBA,WAW,2026-05-01,Leeds,Wielka Brytania,Warszawa,Polska,unavailable,,,,LBA-WAW,2026-05-01T09:40:43Z
2026-06-20,,157.21,LBA,WAW,2026-05-01,Leeds,Wielka Brytania,Warszawa,Polska,price,,,PLN,LBA-WAW,2026-05-01T09:40:43Z
2026-06-21,,,LBA,WAW,2026-05-01,Leeds,Wielka Brytania,Warszawa,Polska,unavailable,,,,LBA-WAW,2026-05-01T09:40:43Z
2026-06-22,,176.87,LBA,WAW,2026-05-01,Leeds,Wielka Brytania,Warszawa,Polska,price,,,PLN,LBA-WAW,2026-05-01T09:40:43Z
2026-06-23,,,LBA,WAW,2026-05-01,Leeds,Wielka Brytania,Warszawa,Polska,unavailable,,,,LBA-WAW,2026-05-01T09:40:43Z
2026-06-24,,,LBA,WAW,2026-05-01,Leeds,Wielka Brytania,Warszawa,Polska,unavailable,,,,LBA-WAW,2026-05-01T09:40:43Z
2026-06-25,,186.7,LBA,WAW,2026-05-01,Leeds,Wielka Brytania,Warszawa,Polska,price,,,PLN,LBA-WAW,2026-05-01T09:40:43Z
2026-06-26,,,LBA,WAW,2026-05-01,Leeds,Wielka Brytania,Warszawa,Polska,unavailable,,,,LBA-WAW,2026-05-01T09:40:43Z
2026-06-27,,196.53,LBA,WAW,2026-05-01,Leeds,Wielka Brytania,Warszawa,Polska,price,,,PLN,LBA-WAW,2026-05-01T09:40:43Z
2026-06-28,,,LBA,WAW,2026-05-01,Leeds,Wielka Brytania,Warszawa,Polska,unavailable,,,,LBA-WAW,2026-05-01T09:40:43Z
2026-06-29,,143.75,LBA,WAW,2026-05-01,Leeds,Wielka Brytania,Warszawa,Polska,price,,,PLN,LBA-WAW,2026-05-01T09:40:43Z
2026-06-30,,,LBA,WAW,2026-05-01,Leeds,Wielka Brytania,Warszawa,Polska,unavailable,,,,LBA-WAW,2026-05-01T09:40:43Z
2026-07-01,,,LBA,WAW,2026-05-01,Leeds,Wielka Brytania,Warszawa,Polska,unavailable,,,,LBA-WAW,2026-05-01T09:40:43Z
2026-07-02,,319.39,LBA,WAW,2026-05-01,Leeds,Wielka Brytania,Warszawa,Polska,price,,,PLN,LBA-WAW,2026-05-01T09:40:43Z
2026-07-03,,,LBA,WAW,2026-05-01,Leeds,Wielka Brytania,Warszawa,Polska,unavailable,,,,LBA-WAW,2026-05-01T09:40:43Z
2026-07-04,,260.42,LBA,WAW,2026-05-01,Leeds,Wielka Brytania,Warszawa,Polska,price,,,PLN,LBA-WAW,2026-05-01T09:40:43Z
2026-07-05,,,LBA,WAW,2026-05-01,Leeds,Wielka Brytania,Warszawa,Polska,unavailable,,,,LBA-WAW,2026-05-01T09:40:43Z
2026-07-06,,290.18,LBA,WAW,2026-05-01,Leeds,Wielka Brytania,Warszawa,Polska,price,,,PLN,LBA-WAW,2026-05-01T09:40:43Z
2026-07-07,,,LBA,WAW,2026-05-01,Leeds,Wielka Brytania,Warszawa,Polska,unavailable,,,,LBA-WAW,2026-05-01T09:40:43Z
2026-07-08,,,LBA,WAW,2026-05-01,Leeds,Wielka Brytania,Warszawa,Polska,unavailable,,,,LBA-WAW,2026-05-01T09:40:43Z
2026-07-09,,426.64,LBA,WAW,2026-05-01,Leeds,Wielka Brytania,Warszawa,Polska,price,,,PLN,LBA-WAW,2026-05-01T09:40:43Z
2026-07-10,,,LBA,WAW,2026-05-01,Leeds,Wielka Brytania,Warszawa,Polska,unavailable,,,,LBA-WAW,2026-05-01T09:40:43Z
2026-07-11,,417.68,LBA,WAW,2026-05-01,Leeds,Wielka Brytania,Warszawa,Polska,price,,,PLN,LBA-WAW,2026-05-01T09:40:43Z
2026-07-12,,,LBA,WAW,2026-05-01,Leeds,Wielka Brytania,Warszawa,Polska,unavailable,,,,LBA-WAW,2026-05-01T09:40:43Z
2026-07-13,,439.42,LBA,WAW,2026-05-01,Leeds,Wielka Brytania,Warszawa,Polska,price,,,PLN,LBA-WAW,2026-05-01T09:40:43Z
2026-07-14,,,LBA,WAW,2026-05-01,Leeds,Wielka Brytania,Warszawa,Polska,unavailable,,,,LBA-WAW,2026-05-01T09:40:43Z
2026-07-15,,,LBA,WAW,2026-05-01,Leeds,Wielka Brytania,Warszawa,Polska,unavailable,,,,LBA-WAW,2026-05-01T09:40:43Z
2026-07-16,,658.49,LBA,WAW,2026-05-01,Leeds,Wielka Brytania,Warszawa,Polska,price,,,PLN,LBA-WAW,2026-05-01T09:40:43Z
2026-07-17,,,LBA,WAW,2026-05-01,Leeds,Wielka Brytania,Warszawa,Polska,unavailable,,,,LBA-WAW,2026-05-01T09:40:43Z
2026-07-18,,918.96,LBA,WAW,2026-05-01,Leeds,Wielka Brytania,Warszawa,Polska,price,,,PLN,LBA-WAW,2026-05-01T09:40:43Z
2026-07-19,,,LBA,WAW,2026-05-01,Leeds,Wielka Brytania,Warszawa,Polska,unavailable,,,,LBA-WAW,2026-05-01T09:40:43Z
2026-07-20,,694.92,LBA,WAW,2026-05-01,Leeds,Wielka Brytania,Warszawa,Polska,price,,,PLN,LBA-WAW,2026-05-01T09:40:43Z
2026-07-21,,,LBA,WAW,2026-05-01,Leeds,Wielka Brytania,Warszawa,Polska,unavailable,,,,LBA-WAW,2026-05-01T09:40:43Z
2026-07-22,,,LBA,WAW,2026-05-01,Leeds,Wielka Brytania,Warszawa,Polska,unavailable,,,,LBA-WAW,2026-05-01T09:40:43Z
2026-07-23,,722.38,LBA,WAW,2026-05-01,Leeds,Wielka Brytania,Warszawa,Polska,price,,,PLN,LBA-WAW,2026-05-01T09:40:43Z
2026-07-24,,,LBA,WAW,2026-05-01,Leeds,Wielka Brytania,Warszawa,Polska,unavailable,,,,LBA-WAW,2026-05-01T09:40:43Z
2026-07-25,,668.32,LBA,WAW,2026-05-01,Leeds,Wielka Brytania,Warszawa,Polska,price,,,PLN,LBA-WAW,2026-05-01T09:40:43Z
2026-07-26,,,LBA,WAW,2026-05-01,Leeds,Wielka Brytania,Warszawa,Polska,unavailable,,,,LBA-WAW,2026-05-01T09:40:43Z
2026-07-27,,624.02,LBA,WAW,2026-05-01,Leeds,Wielka Brytania,Warszawa,Polska,price,,,PLN,LBA-WAW,2026-05-01T09:40:43Z
2026-07-28,,,LBA,WAW,2026-05-01,Leeds,Wielka Brytania,Warszawa,Polska,unavailable,,,,LBA-WAW,2026-05-01T09:40:43Z
2026-07-29,,,LBA,WAW,2026-05-01,Leeds,Wielka Brytania,Warszawa,Polska,unavailable,,,,LBA-WAW,2026-05-01T09:40:43Z
2026-07-30,,650.21,LBA,WAW,2026-05-01,Leeds,Wielka Brytania,Warszawa,Polska,price,,,PLN,LBA-WAW,2026-05-01T09:40:43Z
2026-07-31,,,LBA,WAW,2026-05-01,Leeds,Wielka Brytania,Warszawa,Polska,unavailable,,,,LBA-WAW,2026-05-01T09:40:43Z
2026-08-01,,599.52,LBA,WAW,2026-05-01,Leeds,Wielka Brytania,Warszawa,Polska,price,,,PLN,LBA-WAW,2026-05-01T09:40:43Z
2026-08-02,,,LBA,WAW,2026-05-01,Leeds,Wielka Brytania,Warszawa,Polska,unavailable,,,,LBA-WAW,2026-05-01T09:40:43Z
2026-08-03,,501.23,LBA,WAW,2026-05-01,Leeds,Wielka Brytania,Warszawa,Polska,price,,,PLN,LBA-WAW,2026-05-01T09:40:43Z
2026-08-04,,,LBA,WAW,2026-05-01,Leeds,Wielka Brytania,Warszawa,Polska,unavailable,,,,LBA-WAW,2026-05-01T09:40:43Z
2026-08-05,,,LBA,WAW,2026-05-01,Leeds,Wielka Brytania,Warszawa,Polska,unavailable,,,,LBA-WAW,2026-05-01T09:40:43Z
2026-08-06,,388.2,LBA,WAW,2026-05-01,Leeds,Wielka Brytania,Warszawa,Polska,price,,,PLN,LBA-WAW,2026-05-01T09:40:43Z
2026-08-07,,,LBA,WAW,2026-05-01,Leeds,Wielka Brytania,Warszawa,Polska,unavailable,,,,LBA-WAW,2026-05-01T09:40:43Z
2026-08-08,,373.45,LBA,WAW,2026-05-01,Leeds,Wielka Brytania,Warszawa,Polska,price,,,PLN,LBA-WAW,2026-05-01T09:40:43Z
2026-08-09,,,LBA,WAW,2026-05-01,Leeds,Wielka Brytania,Warszawa,Polska,unavailable,,,,LBA-WAW,2026-05-01T09:40:43Z
2026-08-10,,353.79,LBA,WAW,2026-05-01,Leeds,Wielka Brytania,Warszawa,Polska,price,,,PLN,LBA-WAW,2026-05-01T09:40:43Z
2026-08-11,,,LBA,WAW,2026-05-01,Leeds,Wielka Brytania,Warszawa,Polska,unavailable,,,,LBA-WAW,2026-05-01T09:40:43Z
2026-08-12,,,LBA,WAW,2026-05-01,Leeds,Wielka Brytania,Warszawa,Polska,unavailable,,,,LBA-WAW,2026-05-01T09:40:43Z
2026-08-13,,309.56,LBA,WAW,2026-05-01,Leeds,Wielka Brytania,Warszawa,Polska,price,,,PLN,LBA-WAW,2026-05-01T09:40:43Z
2026-08-14,,,LBA,WAW,2026-05-01,Leeds,Wielka Brytania,Warszawa,Polska,unavailable,,,,LBA-WAW,2026-05-01T09:40:43Z
2026-08-15,,358.71,LBA,WAW,2026-05-01,Leeds,Wielka Brytania,Warszawa,Polska,price,,,PLN,LBA-WAW,2026-05-01T09:40:43Z
2026-08-16,,,LBA,WAW,2026-05-01,Leeds,Wielka Brytania,Warszawa,Polska,unavailable,,,,LBA-WAW,2026-05-01T09:40:43Z
2026-08-17,,249.73,LBA,WAW,2026-05-01,Leeds,Wielka Brytania,Warszawa,Polska,price,,,PLN,LBA-WAW,2026-05-01T09:40:43Z
2026-08-18,,,LBA,WAW,2026-05-01,Leeds,Wielka Brytania,Warszawa,Polska,unavailable,,,,LBA-WAW,2026-05-01T09:40:43Z
2026-08-19,,,LBA,WAW,2026-05-01,Leeds,Wielka Brytania,Warszawa,Polska,unavailable,,,,LBA-WAW,2026-05-01T09:40:43Z
2026-08-20,,196.53,LBA,WAW,2026-05-01,Leeds,Wielka Brytania,Warszawa,Polska,price,,,PLN,LBA-WAW,2026-05-01T09:40:43Z
2026-08-21,,,LBA,WAW,2026-05-01,Leeds,Wielka Brytania,Warszawa,Polska,unavailable,,,,LBA-WAW,2026-05-01T09:40:43Z
2026-08-22,,132.64,LBA,WAW,2026-05-01,Leeds,Wielka Brytania,Warszawa,Polska,price,,,PLN,LBA-WAW,2026-05-01T09:40:43Z
2026-08-23,,,LBA,WAW,2026-05-01,Leeds,Wielka Brytania,Warszawa,Polska,unavailable,,,,LBA-WAW,2026-05-01T09:40:43Z
2026-08-24,,112.98,LBA,WAW,2026-05-01,Leeds,Wielka Brytania,Warszawa,Polska,price,,,PLN,LBA-WAW,2026-05-01T09:40:43Z
2026-08-25,,,LBA,WAW,2026-05-01,Leeds,Wielka Brytania,Warszawa,Polska,unavailable,,,,LBA-WAW,2026-05-01T09:40:43Z
2026-08-26,,,LBA,WAW,2026-05-01,Leeds,Wielka Brytania,Warszawa,Polska,unavailable,,,,LBA-WAW,2026-05-01T09:40:43Z
2026-08-27,,127.73,LBA,WAW,2026-05-01,Leeds,Wielka Brytania,Warszawa,Polska,price,,,PLN,LBA-WAW,2026-05-01T09:40:43Z
2026-08-28,,,LBA,WAW,2026-05-01,Leeds,Wielka Brytania,Warszawa,Polska,unavailable,,,,LBA-WAW,2026-05-01T09:40:43Z
2026-08-29,,212.75,LBA,WAW,2026-05-01,Leeds,Wielka Brytania,Warszawa,Polska,price,,,PLN,LBA-WAW,2026-05-01T09:40:43Z
2026-08-30,,,LBA,WAW,2026-05-01,Leeds,Wielka Brytania,Warszawa,Polska,unavailable,,,,LBA-WAW,2026-05-01T09:40:43Z
2026-08-31,,127.73,LBA,WAW,2026-05-01,Leeds,Wielka Brytania,Warszawa,Polska,price,,,PLN,LBA-WAW,2026-05-01T09:40:43Z
2026-05-01,,568.0,WAW,MAN,2026-05-01,Warszawa,Polska,Manchester,Wielka Brytania,price,,,PLN,WAW-MAN,2026-05-01T09:40:43Z
2026-05-02,,,WAW,MAN,2026-05-01,Warszawa,Polska,Manchester,Wielka Brytania,unavailable,,,,WAW-MAN,2026-05-01T09:40:43Z
2026-05-03,,129.3,WAW,MAN,2026-05-01,Warszawa,Polska,Manchester,Wielka Brytania,price,,,PLN,WAW-MAN,2026-05-01T09:40:43Z
2026-05-04,,251.2,WAW,MAN,2026-05-01,Warszawa,Polska,Manchester,Wielka Brytania,price,,,PLN,WAW-MAN,2026-05-01T09:40:43Z
2026-05-05,,,WAW,MAN,2026-05-01,Warszawa,Polska,Manchester,Wielka Brytania,unavailable,,,,WAW-MAN,2026-05-01T09:40:43Z
2026-05-06,,,WAW,MAN,2026-05-01,Warszawa,Polska,Manchester,Wielka Brytania,unavailable,,,,WAW-MAN,2026-05-01T09:40:43Z
2026-05-07,,,WAW,MAN,2026-05-01,Warszawa,Polska,Manchester,Wielka Brytania,unavailable,,,,WAW-MAN,2026-05-01T09:40:43Z
2026-05-08,,617.43,WAW,MAN,2026-05-01,Warszawa,Polska,Manchester,Wielka Brytania,price,,,PLN,WAW-MAN,2026-05-01T09:40:43Z
2026-05-09,,,WAW,MAN,2026-05-01,Warszawa,Polska,Manchester,Wielka Brytania,unavailable,,,,WAW-MAN,2026-05-01T09:40:43Z
2026-05-10,,504.96,WAW,MAN,2026-05-01,Warszawa,Polska,Manchester,Wielka Brytania,price,,,PLN,WAW-MAN,2026-05-01T09:40:43Z
2026-05-11,,242.69,WAW,MAN,2026-05-01,Warszawa,Polska,Manchester,Wielka Brytania,price,,,PLN,WAW-MAN,2026-05-01T09:40:43Z
2026-05-12,,,WAW,MAN,2026-05-01,Warszawa,Polska,Manchester,Wielka Brytania,unavailable,,,,WAW-MAN,2026-05-01T09:40:43Z
2026-05-13,,,WAW,MAN,2026-05-01,Warszawa,Polska,Manchester,Wielka Brytania,unavailable,,,,WAW-MAN,2026-05-01T09:40:43Z
2026-05-14,,,WAW,MAN,2026-05-01,Warszawa,Polska,Manchester,Wielka Brytania,unavailable,,,,WAW-MAN,2026-05-01T09:40:43Z
2026-05-15,,140.48,WAW,MAN,2026-05-01,Warszawa,Polska,Manchester,Wielka Brytania,price,,,PLN,WAW-MAN,2026-05-01T09:40:43Z
2026-05-16,,,WAW,MAN,2026-05-01,Warszawa,Polska,Manchester,Wielka Brytania,unavailable,,,,WAW-MAN,2026-05-01T09:40:43Z
2026-05-17,,129.3,WAW,MAN,2026-05-01,Warszawa,Polska,Manchester,Wielka Brytania,price,,,PLN,WAW-MAN,2026-05-01T09:40:43Z
2026-05-18,,129.3,WAW,MAN,2026-05-01,Warszawa,Polska,Manchester,Wielka Brytania,price,,,PLN,WAW-MAN,2026-05-01T09:40:43Z
2026-05-19,,,WAW,MAN,2026-05-01,Warszawa,Polska,Manchester,Wielka Brytania,unavailable,,,,WAW-MAN,2026-05-01T09:40:43Z
2026-05-20,,,WAW,MAN,2026-05-01,Warszawa,Polska,Manchester,Wielka Brytania,unavailable,,,,WAW-MAN,2026-05-01T09:40:43Z
2026-05-21,,,WAW,MAN,2026-05-01,Warszawa,Polska,Manchester,Wielka Brytania,unavailable,,,,WAW-MAN,2026-05-01T09:40:43Z
2026-05-22,,127.71,WAW,MAN,2026-05-01,Warszawa,Polska,Manchester,Wielka Brytania,price,,,PLN,WAW-MAN,2026-05-01T09:40:43Z
2026-05-23,,,WAW,MAN,2026-05-01,Warszawa,Polska,Manchester,Wielka Brytania,unavailable,,,,WAW-MAN,2026-05-01T09:40:43Z
2026-05-24,,129.3,WAW,MAN,2026-05-01,Warszawa,Polska,Manchester,Wielka Brytania,price,,,PLN,WAW-MAN,2026-05-01T09:40:43Z
2026-05-25,,214.0,WAW,MAN,2026-05-01,Warszawa,Polska,Manchester,Wielka Brytania,price,,,PLN,WAW-MAN,2026-05-01T09:40:43Z
2026-05-26,,,WAW,MAN,2026-05-01,Warszawa,Polska,Manchester,Wielka Brytania,unavailable,,,,WAW-MAN,2026-05-01T09:40:43Z
2026-05-27,,,WAW,MAN,2026-05-01,Warszawa,Polska,Manchester,Wielka Brytania,unavailable,,,,WAW-MAN,2026-05-01T09:40:43Z
2026-05-28,,,WAW,MAN,2026-05-01,Warszawa,Polska,Manchester,Wielka Brytania,unavailable,,,,WAW-MAN,2026-05-01T09:40:43Z
2026-05-29,,252.0,WAW,MAN,2026-05-01,Warszawa,Polska,Manchester,Wielka Brytania,price,,,PLN,WAW-MAN,2026-05-01T09:40:43Z
2026-05-30,,,WAW,MAN,2026-05-01,Warszawa,Polska,Manchester,Wielka Brytania,unavailable,,,,WAW-MAN,2026-05-01T09:40:43Z
2026-05-31,,631.65,WAW,MAN,2026-05-01,Warszawa,Polska,Manchester,Wielka Brytania,price,,,PLN,WAW-MAN,2026-05-01T09:40:43Z
2026-06-01,,408.76,WAW,MAN,2026-05-01,Warszawa,Polska,Manchester,Wielka Brytania,price,,,PLN,WAW-MAN,2026-05-01T09:40:43Z
2026-06-02,,,WAW,MAN,2026-05-01,Warszawa,Polska,Manchester,Wielka Brytania,unavailable,,,,WAW-MAN,2026-05-01T09:40:43Z
2026-06-03,,,WAW,MAN,2026-05-01,Warszawa,Polska,Manchester,Wielka Brytania,unavailable,,,,WAW-MAN,2026-05-01T09:40:43Z
2026-06-04,,,WAW,MAN,2026-05-01,Warszawa,Polska,Manchester,Wielka Brytania,unavailable,,,,WAW-MAN,2026-05-01T09:40:43Z
2026-06-05,,204.36,WAW,MAN,2026-05-01,Warszawa,Polska,Manchester,Wielka Brytania,price,,,PLN,WAW-MAN,2026-05-01T09:40:43Z
2026-06-06,,,WAW,MAN,2026-05-01,Warszawa,Polska,Manchester,Wielka Brytania,unavailable,,,,WAW-MAN,2026-05-01T09:40:43Z
2026-06-07,,208.99,WAW,MAN,2026-05-01,Warszawa,Polska,Manchester,Wielka Brytania,price,,,PLN,WAW-MAN,2026-05-01T09:40:43Z
2026-06-08,,136.23,WAW,MAN,2026-05-01,Warszawa,Polska,Manchester,Wielka Brytania,price,,,PLN,WAW-MAN,2026-05-01T09:40:43Z
2026-06-09,,,WAW,MAN,2026-05-01,Warszawa,Polska,Manchester,Wielka Brytania,unavailable,,,,WAW-MAN,2026-05-01T09:40:43Z
2026-06-10,,,WAW,MAN,2026-05-01,Warszawa,Polska,Manchester,Wielka Brytania,unavailable,,,,WAW-MAN,2026-05-01T09:40:43Z
2026-06-11,,,WAW,MAN,2026-05-01,Warszawa,Polska,Manchester,Wielka Brytania,unavailable,,,,WAW-MAN,2026-05-01T09:40:43Z
2026-06-12,,161.78,WAW,MAN,2026-05-01,Warszawa,Polska,Manchester,Wielka Brytania,price,,,PLN,WAW-MAN,2026-05-01T09:40:43Z
2026-06-13,,,WAW,MAN,2026-05-01,Warszawa,Polska,Manchester,Wielka Brytania,unavailable,,,,WAW-MAN,2026-05-01T09:40:43Z
2026-06-14,,208.99,WAW,MAN,2026-05-01,Warszawa,Polska,Manchester,Wielka Brytania,price,,,PLN,WAW-MAN,2026-05-01T09:40:43Z
2026-06-15,,191.59,WAW,MAN,2026-05-01,Warszawa,Polska,Manchester,Wielka Brytania,price,,,PLN,WAW-MAN,2026-05-01T09:40:43Z
2026-06-16,,,WAW,MAN,2026-05-01,Warszawa,Polska,Manchester,Wielka Brytania,unavailable,,,,WAW-MAN,2026-05-01T09:40:43Z
2026-06-17,,,WAW,MAN,2026-05-01,Warszawa,Polska,Manchester,Wielka Brytania,unavailable,,,,WAW-MAN,2026-05-01T09:40:43Z
2026-06-18,,,WAW,MAN,2026-05-01,Warszawa,Polska,Manchester,Wielka Brytania,unavailable,,,,WAW-MAN,2026-05-01T09:40:43Z
2026-06-19,,108.99,WAW,MAN,2026-05-01,Warszawa,Polska,Manchester,Wielka Brytania,price,,,PLN,WAW-MAN,2026-05-01T09:40:43Z
2026-06-20,,,WAW,MAN,2026-05-01,Warszawa,Polska,Manchester,Wielka Brytania,unavailable,,,,WAW-MAN,2026-05-01T09:40:43Z
2026-06-21,,214.0,WAW,MAN,2026-05-01,Warszawa,Polska,Manchester,Wielka Brytania,price,,,PLN,WAW-MAN,2026-05-01T09:40:43Z
2026-06-22,,161.78,WAW,MAN,2026-05-01,Warszawa,Polska,Manchester,Wielka Brytania,price,,,PLN,WAW-MAN,2026-05-01T09:40:43Z
2026-06-23,,,WAW,MAN,2026-05-01,Warszawa,Polska,Manchester,Wielka Brytania,unavailable,,,,WAW-MAN,2026-05-01T09:40:43Z
2026-06-24,,,WAW,MAN,2026-05-01,Warszawa,Polska,Manchester,Wielka Brytania,unavailable,,,,WAW-MAN,2026-05-01T09:40:43Z
2026-06-25,,,WAW,MAN,2026-05-01,Warszawa,Polska,Manchester,Wielka Brytania,unavailable,,,,WAW-MAN,2026-05-01T09:40:43Z
2026-06-26,,150.78,WAW,MAN,2026-05-01,Warszawa,Polska,Manchester,Wielka Brytania,price,,,PLN,WAW-MAN,2026-05-01T09:40:43Z
2026-06-27,,,WAW,MAN,2026-05-01,Warszawa,Polska,Manchester,Wielka Brytania,unavailable,,,,WAW-MAN,2026-05-01T09:40:43Z
2026-06-28,,252.0,WAW,MAN,2026-05-01,Warszawa,Polska,Manchester,Wielka Brytania,price,,,PLN,WAW-MAN,2026-05-01T09:40:43Z
2026-06-29,,183.07,WAW,MAN,2026-05-01,Warszawa,Polska,Manchester,Wielka Brytania,price,,,PLN,WAW-MAN,2026-05-01T09:40:43Z
2026-06-30,,,WAW,MAN,2026-05-01,Warszawa,Polska,Manchester,Wielka Brytania,unavailable,,,,WAW-MAN,2026-05-01T09:40:43Z
2026-07-01,,,WAW,MAN,2026-05-01,Warszawa,Polska,Manchester,Wielka Brytania,unavailable,,,,WAW-MAN,2026-05-01T09:40:43Z
2026-07-02,,,WAW,MAN,2026-05-01,Warszawa,Polska,Manchester,Wielka Brytania,unavailable,,,,WAW-MAN,2026-05-01T09:40:43Z
2026-07-03,,80.87,WAW,MAN,2026-05-01,Warszawa,Polska,Manchester,Wielka Brytania,price,,,PLN,WAW-MAN,2026-05-01T09:40:43Z
2026-07-04,,,WAW,MAN,2026-05-01,Warszawa,Polska,Manchester,Wielka Brytania,unavailable,,,,WAW-MAN,2026-05-01T09:40:43Z
2026-07-05,,191.26,WAW,MAN,2026-05-01,Warszawa,Polska,Manchester,Wielka Brytania,price,,,PLN,WAW-MAN,2026-05-01T09:40:43Z
2026-07-06,,144.74,WAW,MAN,2026-05-01,Warszawa,Polska,Manchester,Wielka Brytania,price,,,PLN,WAW-MAN,2026-05-01T09:40:43Z
2026-07-07,,,WAW,MAN,2026-05-01,Warszawa,Polska,Manchester,Wielka Brytania,unavailable,,,,WAW-MAN,2026-05-01T09:40:43Z
2026-07-08,,,WAW,MAN,2026-05-01,Warszawa,Polska,Manchester,Wielka Brytania,unavailable,,,,WAW-MAN,2026-05-01T09:40:43Z
2026-07-09,,,WAW,MAN,2026-05-01,Warszawa,Polska,Manchester,Wielka Brytania,unavailable,,,,WAW-MAN,2026-05-01T09:40:43Z
2026-07-10,,200.76,WAW,MAN,2026-05-01,Warszawa,Polska,Manchester,Wielka Brytania,price,,,PLN,WAW-MAN,2026-05-01T09:40:43Z
2026-07-11,,,WAW,MAN,2026-05-01,Warszawa,Polska,Manchester,Wielka Brytania,unavailable,,,,WAW-MAN,2026-05-01T09:40:43Z
2026-07-12,,164.07,WAW,MAN,2026-05-01,Warszawa,Polska,Manchester,Wielka Brytania,price,,,PLN,WAW-MAN,2026-05-01T09:40:43Z
2026-07-13,,149.0,WAW,MAN,2026-05-01,Warszawa,Polska,Manchester,Wielka Brytania,price,,,PLN,WAW-MAN,2026-05-01T09:40:43Z
2026-07-14,,,WAW,MAN,2026-05-01,Warszawa,Polska,Manchester,Wielka Brytania,unavailable,,,,WAW-MAN,2026-05-01T09:40:43Z
2026-07-15,,,WAW,MAN,2026-05-01,Warszawa,Polska,Manchester,Wielka Brytania,unavailable,,,,WAW-MAN,2026-05-01T09:40:43Z
2026-07-16,,,WAW,MAN,2026-05-01,Warszawa,Polska,Manchester,Wielka Brytania,unavailable,,,,WAW-MAN,2026-05-01T09:40:43Z
2026-07-17,,136.23,WAW,MAN,2026-05-01,Warszawa,Polska,Manchester,Wielka Brytania,price,,,PLN,WAW-MAN,2026-05-01T09:40:43Z
2026-07-18,,,WAW,MAN,2026-05-01,Warszawa,Polska,Manchester,Wielka Brytania,unavailable,,,,WAW-MAN,2026-05-01T09:40:43Z
2026-07-19,,367.01,WAW,MAN,2026-05-01,Warszawa,Polska,Manchester,Wielka Brytania,price,,,PLN,WAW-MAN,2026-05-01T09:40:43Z
2026-07-20,,677.04,WAW,MAN,2026-05-01,Warszawa,Polska,Manchester,Wielka Brytania,price,,,PLN,WAW-MAN,2026-05-01T09:40:43Z
2026-07-21,,,WAW,MAN,2026-05-01,Warszawa,Polska,Manchester,Wielka Brytania,unavailable,,,,WAW-MAN,2026-05-01T09:40:43Z
2026-07-22,,,WAW,MAN,2026-05-01,Warszawa,Polska,Manchester,Wielka Brytania,unavailable,,,,WAW-MAN,2026-05-01T09:40:43Z
2026-07-23,,,WAW,MAN,2026-05-01,Warszawa,Polska,Manchester,Wielka Brytania,unavailable,,,,WAW-MAN,2026-05-01T09:40:43Z
2026-07-24,,136.23,WAW,MAN,2026-05-01,Warszawa,Polska,Manchester,Wielka Brytania,price,,,PLN,WAW-MAN,2026-05-01T09:40:43Z
2026-07-25,,,WAW,MAN,2026-05-01,Warszawa,Polska,Manchester,Wielka Brytania,unavailable,,,,WAW-MAN,2026-05-01T09:40:43Z
2026-07-26,,157.43,WAW,MAN,2026-05-01,Warszawa,Polska,Manchester,Wielka Brytania,price,,,PLN,WAW-MAN,2026-05-01T09:40:43Z
2026-07-27,,195.84,WAW,MAN,2026-05-01,Warszawa,Polska,Manchester,Wielka Brytania,price,,,PLN,WAW-MAN,2026-05-01T09:40:43Z
2026-07-28,,,WAW,MAN,2026-05-01,Warszawa,Polska,Manchester,Wielka Brytania,unavailable,,,,WAW-MAN,2026-05-01T09:40:43Z
2026-07-29,,,WAW,MAN,2026-05-01,Warszawa,Polska,Manchester,Wielka Brytania,unavailable,,,,WAW-MAN,2026-05-01T09:40:43Z
2026-07-30,,,WAW,MAN,2026-05-01,Warszawa,Polska,Manchester,Wielka Brytania,unavailable,,,,WAW-MAN,2026-05-01T09:40:43Z
2026-07-31,,375.56,WAW,MAN,2026-05-01,Warszawa,Polska,Manchester,Wielka Brytania,price,,,PLN,WAW-MAN,2026-05-01T09:40:43Z
2026-08-01,,,WAW,MAN,2026-05-01,Warszawa,Polska,Manchester,Wielka Brytania,unavailable,,,,WAW-MAN,2026-05-01T09:40:43Z
2026-08-02,,261.36,WAW,MAN,2026-05-01,Warszawa,Polska,Manchester,Wielka Brytania,price,,,PLN,WAW-MAN,2026-05-01T09:40:43Z
2026-08-03,,315.08,WAW,MAN,2026-05-01,Warszawa,Polska,Manchester,Wielka Brytania,price,,,PLN,WAW-MAN,2026-05-01T09:40:43Z
2026-08-04,,,WAW,MAN,2026-05-01,Warszawa,Polska,Manchester,Wielka Brytania,unavailable,,,,WAW-MAN,2026-05-01T09:40:43Z
2026-08-05,,,WAW,MAN,2026-05-01,Warszawa,Polska,Manchester,Wielka Brytania,unavailable,,,,WAW-MAN,2026-05-01T09:40:43Z
2026-08-06,,,WAW,MAN,2026-05-01,Warszawa,Polska,Manchester,Wielka Brytania,unavailable,,,,WAW-MAN,2026-05-01T09:40:43Z
2026-08-07,,447.61,WAW,MAN,2026-05-01,Warszawa,Polska,Manchester,Wielka Brytania,price,,,PLN,WAW-MAN,2026-05-01T09:40:43Z
2026-08-08,,,WAW,MAN,2026-05-01,Warszawa,Polska,Manchester,Wielka Brytania,unavailable,,,,WAW-MAN,2026-05-01T09:40:43Z
2026-08-09,,444.53,WAW,MAN,2026-05-01,Warszawa,Polska,Manchester,Wielka Brytania,price,,,PLN,WAW-MAN,2026-05-01T09:40:43Z
2026-08-10,,281.01,WAW,MAN,2026-05-01,Warszawa,Polska,Manchester,Wielka Brytania,price,,,PLN,WAW-MAN,2026-05-01T09:40:43Z
2026-08-11,,,WAW,MAN,2026-05-01,Warszawa,Polska,Manchester,Wielka Brytania,unavailable,,,,WAW-MAN,2026-05-01T09:40:43Z
2026-08-12,,,WAW,MAN,2026-05-01,Warszawa,Polska,Manchester,Wielka Brytania,unavailable,,,,WAW-MAN,2026-05-01T09:40:43Z
2026-08-13,,,WAW,MAN,2026-05-01,Warszawa,Polska,Manchester,Wielka Brytania,unavailable,,,,WAW-MAN,2026-05-01T09:40:43Z
2026-08-14,,378.96,WAW,MAN,2026-05-01,Warszawa,Polska,Manchester,Wielka Brytania,price,,,PLN,WAW-MAN,2026-05-01T09:40:43Z
2026-08-15,,,WAW,MAN,2026-05-01,Warszawa,Polska,Manchester,Wielka Brytania,unavailable,,,,WAW-MAN,2026-05-01T09:40:43Z
2026-08-16,,781.85,WAW,MAN,2026-05-01,Warszawa,Polska,Manchester,Wielka Brytania,price,,,PLN,WAW-MAN,2026-05-01T09:40:43Z
2026-08-17,,540.77,WAW,MAN,2026-05-01,Warszawa,Polska,Manchester,Wielka Brytania,price,,,PLN,WAW-MAN,2026-05-01T09:40:43Z
2026-08-18,,,WAW,MAN,2026-05-01,Warszawa,Polska,Manchester,Wielka Brytania,unavailable,,,,WAW-MAN,2026-05-01T09:40:43Z
2026-08-19,,,WAW,MAN,2026-05-01,Warszawa,Polska,Manchester,Wielka Brytania,unavailable,,,,WAW-MAN,2026-05-01T09:40:43Z
2026-08-20,,,WAW,MAN,2026-05-01,Warszawa,Polska,Manchester,Wielka Brytania,unavailable,,,,WAW-MAN,2026-05-01T09:40:43Z
2026-08-21,,562.07,WAW,MAN,2026-05-01,Warszawa,Polska,Manchester,Wielka Brytania,price,,,PLN,WAW-MAN,2026-05-01T09:40:43Z
2026-08-22,,,WAW,MAN,2026-05-01,Warszawa,Polska,Manchester,Wielka Brytania,unavailable,,,,WAW-MAN,2026-05-01T09:40:43Z
2026-08-23,,584.95,WAW,MAN,2026-05-01,Warszawa,Polska,Manchester,Wielka Brytania,price,,,PLN,WAW-MAN,2026-05-01T09:40:43Z
2026-08-24,,638.72,WAW,MAN,2026-05-01,Warszawa,Polska,Manchester,Wielka Brytania,price,,,PLN,WAW-MAN,2026-05-01T09:40:43Z
2026-08-25,,,WAW,MAN,2026-05-01,Warszawa,Polska,Manchester,Wielka Brytania,unavailable,,,,WAW-MAN,2026-05-01T09:40:43Z
2026-08-26,,,WAW,MAN,2026-05-01,Warszawa,Polska,Manchester,Wielka Brytania,unavailable,,,,WAW-MAN,2026-05-01T09:40:43Z
2026-08-27,,,WAW,MAN,2026-05-01,Warszawa,Polska,Manchester,Wielka Brytania,unavailable,,,,WAW-MAN,2026-05-01T09:40:43Z
2026-08-28,,570.58,WAW,MAN,2026-05-01,Warszawa,Polska,Manchester,Wielka Brytania,price,,,PLN,WAW-MAN,2026-05-01T09:40:43Z
2026-08-29,,,WAW,MAN,2026-05-01,Warszawa,Polska,Manchester,Wielka Brytania,unavailable,,,,WAW-MAN,2026-05-01T09:40:43Z
2026-08-30,,908.92,WAW,MAN,2026-05-01,Warszawa,Polska,Manchester,Wielka Brytania,price,,,PLN,WAW-MAN,2026-05-01T09:40:43Z
2026-08-31,,740.92,WAW,MAN,2026-05-01,Warszawa,Polska,Manchester,Wielka Brytania,price,,,PLN,WAW-MAN,2026-05-01T09:40:43Z
2026-05-01,,1277.98,MAN,WAW,2026-05-01,Manchester,Wielka Brytania,Warszawa,Polska,price,,,PLN,MAN-WAW,2026-05-01T09:40:43Z
2026-05-02,,,MAN,WAW,2026-05-01,Manchester,Wielka Brytania,Warszawa,Polska,unavailable,,,,MAN-WAW,2026-05-01T09:40:43Z
2026-05-03,,624.0,MAN,WAW,2026-05-01,Manchester,Wielka Brytania,Warszawa,Polska,price,,,PLN,MAN-WAW,2026-05-01T09:40:43Z
2026-05-04,,,MAN,WAW,2026-05-01,Manchester,Wielka Brytania,Warszawa,Polska,unavailable,,,,MAN-WAW,2026-05-01T09:40:43Z
2026-05-05,,,MAN,WAW,2026-05-01,Manchester,Wielka Brytania,Warszawa,Polska,unavailable,,,,MAN-WAW,2026-05-01T09:40:43Z
2026-05-06,,,MAN,WAW,2026-05-01,Manchester,Wielka Brytania,Warszawa,Polska,unavailable,,,,MAN-WAW,2026-05-01T09:40:43Z
2026-05-07,,,MAN,WAW,2026-05-01,Manchester,Wielka Brytania,Warszawa,Polska,unavailable,,,,MAN-WAW,2026-05-01T09:40:43Z
2026-05-08,,447.17,MAN,WAW,2026-05-01,Manchester,Wielka Brytania,Warszawa,Polska,price,,,PLN,MAN-WAW,2026-05-01T09:40:43Z
2026-05-09,,,MAN,WAW,2026-05-01,Manchester,Wielka Brytania,Warszawa,Polska,unavailable,,,,MAN-WAW,2026-05-01T09:40:43Z
2026-05-10,,313.23,MAN,WAW,2026-05-01,Manchester,Wielka Brytania,Warszawa,Polska,price,,,PLN,MAN-WAW,2026-05-01T09:40:43Z
2026-05-11,,108.99,MAN,WAW,2026-05-01,Manchester,Wielka Brytania,Warszawa,Polska,price,,,PLN,MAN-WAW,2026-05-01T09:40:43Z
2026-05-12,,,MAN,WAW,2026-05-01,Manchester,Wielka Brytania,Warszawa,Polska,unavailable,,,,MAN-WAW,2026-05-01T09:40:43Z
2026-05-13,,,MAN,WAW,2026-05-01,Manchester,Wielka Brytania,Warszawa,Polska,unavailable,,,,MAN-WAW,2026-05-01T09:40:43Z
2026-05-14,,,MAN,WAW,2026-05-01,Manchester,Wielka Brytania,Warszawa,Polska,unavailable,,,,MAN-WAW,2026-05-01T09:40:43Z
2026-05-15,,363.62,MAN,WAW,2026-05-01,Manchester,Wielka Brytania,Warszawa,Polska,price,,,PLN,MAN-WAW,2026-05-01T09:40:43Z
2026-05-16,,,MAN,WAW,2026-05-01,Manchester,Wielka Brytania,Warszawa,Polska,unavailable,,,,MAN-WAW,2026-05-01T09:40:43Z
2026-05-17,,106.04,MAN,WAW,2026-05-01,Manchester,Wielka Brytania,Warszawa,Polska,price,,,PLN,MAN-WAW,2026-05-01T09:40:43Z
2026-05-18,,137.56,MAN,WAW,2026-05-01,Manchester,Wielka Brytania,Warszawa,Polska,price,,,PLN,MAN-WAW,2026-05-01T09:40:43Z
2026-05-19,,,MAN,WAW,2026-05-01,Manchester,Wielka Brytania,Warszawa,Polska,unavailable,,,,MAN-WAW,2026-05-01T09:40:43Z
2026-05-20,,,MAN,WAW,2026-05-01,Manchester,Wielka Brytania,Warszawa,Polska,unavailable,,,,MAN-WAW,2026-05-01T09:40:43Z
2026-05-21,,,MAN,WAW,2026-05-01,Manchester,Wielka Brytania,Warszawa,Polska,unavailable,,,,MAN-WAW,2026-05-01T09:40:43Z
2026-05-22,,727.29,MAN,WAW,2026-05-01,Manchester,Wielka Brytania,Warszawa,Polska,price,,,PLN,MAN-WAW,2026-05-01T09:40:43Z
2026-05-23,,,MAN,WAW,2026-05-01,Manchester,Wielka Brytania,Warszawa,Polska,unavailable,,,,MAN-WAW,2026-05-01T09:40:43Z
2026-05-24,,252.0,MAN,WAW,2026-05-01,Manchester,Wielka Brytania,Warszawa,Polska,price,,,PLN,MAN-WAW,2026-05-01T09:40:43Z
2026-05-25,,251.09,MAN,WAW,2026-05-01,Manchester,Wielka Brytania,Warszawa,Polska,price,,,PLN,MAN-WAW,2026-05-01T09:40:43Z
2026-05-26,,,MAN,WAW,2026-05-01,Manchester,Wielka Brytania,Warszawa,Polska,unavailable,,,,MAN-WAW,2026-05-01T09:40:43Z
2026-05-27,,,MAN,WAW,2026-05-01,Manchester,Wielka Brytania,Warszawa,Polska,unavailable,,,,MAN-WAW,2026-05-01T09:40:43Z
2026-05-28,,,MAN,WAW,2026-05-01,Manchester,Wielka Brytania,Warszawa,Polska,unavailable,,,,MAN-WAW,2026-05-01T09:40:43Z
2026-05-29,,250.59,MAN,WAW,2026-05-01,Manchester,Wielka Brytania,Warszawa,Polska,price,,,PLN,MAN-WAW,2026-05-01T09:40:43Z
2026-05-30,,,MAN,WAW,2026-05-01,Manchester,Wielka Brytania,Warszawa,Polska,unavailable,,,,MAN-WAW,2026-05-01T09:40:43Z
2026-05-31,,133.3,MAN,WAW,2026-05-01,Manchester,Wielka Brytania,Warszawa,Polska,price,,,PLN,MAN-WAW,2026-05-01T09:40:43Z
2026-06-01,,103.16,MAN,WAW,2026-05-01,Manchester,Wielka Brytania,Warszawa,Polska,price,,,PLN,MAN-WAW,2026-05-01T09:40:43Z
2026-06-02,,,MAN,WAW,2026-05-01,Manchester,Wielka Brytania,Warszawa,Polska,unavailable,,,,MAN-WAW,2026-05-01T09:40:43Z
2026-06-03,,,MAN,WAW,2026-05-01,Manchester,Wielka Brytania,Warszawa,Polska,unavailable,,,,MAN-WAW,2026-05-01T09:40:43Z
2026-06-04,,,MAN,WAW,2026-05-01,Manchester,Wielka Brytania,Warszawa,Polska,unavailable,,,,MAN-WAW,2026-05-01T09:40:43Z
2026-06-05,,315.96,MAN,WAW,2026-05-01,Manchester,Wielka Brytania,Warszawa,Polska,price,,,PLN,MAN-WAW,2026-05-01T09:40:43Z
2026-06-06,,,MAN,WAW,2026-05-01,Manchester,Wielka Brytania,Warszawa,Polska,unavailable,,,,MAN-WAW,2026-05-01T09:40:43Z
2026-06-07,,208.99,MAN,WAW,2026-05-01,Manchester,Wielka Brytania,Warszawa,Polska,price,,,PLN,MAN-WAW,2026-05-01T09:40:43Z
2026-06-08,,152.3,MAN,WAW,2026-05-01,Manchester,Wielka Brytania,Warszawa,Polska,price,,,PLN,MAN-WAW,2026-05-01T09:40:43Z
2026-06-09,,,MAN,WAW,2026-05-01,Manchester,Wielka Brytania,Warszawa,Polska,unavailable,,,,MAN-WAW,2026-05-01T09:40:43Z
2026-06-10,,,MAN,WAW,2026-05-01,Manchester,Wielka Brytania,Warszawa,Polska,unavailable,,,,MAN-WAW,2026-05-01T09:40:43Z
2026-06-11,,,MAN,WAW,2026-05-01,Manchester,Wielka Brytania,Warszawa,Polska,unavailable,,,,MAN-WAW,2026-05-01T09:40:43Z
2026-06-12,,397.18,MAN,WAW,2026-05-01,Manchester,Wielka Brytania,Warszawa,Polska,price,,,PLN,MAN-WAW,2026-05-01T09:40:43Z
2026-06-13,,,MAN,WAW,2026-05-01,Manchester,Wielka Brytania,Warszawa,Polska,unavailable,,,,MAN-WAW,2026-05-01T09:40:43Z
2026-06-14,,129.3,MAN,WAW,2026-05-01,Manchester,Wielka Brytania,Warszawa,Polska,price,,,PLN,MAN-WAW,2026-05-01T09:40:43Z
2026-06-15,,122.81,MAN,WAW,2026-05-01,Manchester,Wielka Brytania,Warszawa,Polska,price,,,PLN,MAN-WAW,2026-05-01T09:40:43Z
2026-06-16,,,MAN,WAW,2026-05-01,Manchester,Wielka Brytania,Warszawa,Polska,unavailable,,,,MAN-WAW,2026-05-01T09:40:43Z
2026-06-17,,,MAN,WAW,2026-05-01,Manchester,Wielka Brytania,Warszawa,Polska,unavailable,,,,MAN-WAW,2026-05-01T09:40:43Z
2026-06-18,,,MAN,WAW,2026-05-01,Manchester,Wielka Brytania,Warszawa,Polska,unavailable,,,,MAN-WAW,2026-05-01T09:40:43Z
2026-06-19,,450.17,MAN,WAW,2026-05-01,Manchester,Wielka Brytania,Warszawa,Polska,price,,,PLN,MAN-WAW,2026-05-01T09:40:43Z
2026-06-20,,,MAN,WAW,2026-05-01,Manchester,Wielka Brytania,Warszawa,Polska,unavailable,,,,MAN-WAW,2026-05-01T09:40:43Z
2026-06-21,,108.99,MAN,WAW,2026-05-01,Manchester,Wielka Brytania,Warszawa,Polska,price,,,PLN,MAN-WAW,2026-05-01T09:40:43Z
2026-06-22,,181.79,MAN,WAW,2026-05-01,Manchester,Wielka Brytania,Warszawa,Polska,price,,,PLN,MAN-WAW,2026-05-01T09:40:43Z
2026-06-23,,,MAN,WAW,2026-05-01,Manchester,Wielka Brytania,Warszawa,Polska,unavailable,,,,MAN-WAW,2026-05-01T09:40:43Z
2026-06-24,,,MAN,WAW,2026-05-01,Manchester,Wielka Brytania,Warszawa,Polska,unavailable,,,,MAN-WAW,2026-05-01T09:40:43Z
2026-06-25,,,MAN,WAW,2026-05-01,Manchester,Wielka Brytania,Warszawa,Polska,unavailable,,,,MAN-WAW,2026-05-01T09:40:43Z
2026-06-26,,284.99,MAN,WAW,2026-05-01,Manchester,Wielka Brytania,Warszawa,Polska,price,,,PLN,MAN-WAW,2026-05-01T09:40:43Z
2026-06-27,,,MAN,WAW,2026-05-01,Manchester,Wielka Brytania,Warszawa,Polska,unavailable,,,,MAN-WAW,2026-05-01T09:40:43Z
2026-06-28,,176.1,MAN,WAW,2026-05-01,Manchester,Wielka Brytania,Warszawa,Polska,price,,,PLN,MAN-WAW,2026-05-01T09:40:43Z
2026-06-29,,427.51,MAN,WAW,2026-05-01,Manchester,Wielka Brytania,Warszawa,Polska,price,,,PLN,MAN-WAW,2026-05-01T09:40:43Z
2026-06-30,,,MAN,WAW,2026-05-01,Manchester,Wielka Brytania,Warszawa,Polska,unavailable,,,,MAN-WAW,2026-05-01T09:40:43Z
2026-07-01,,,MAN,WAW,2026-05-01,Manchester,Wielka Brytania,Warszawa,Polska,unavailable,,,,MAN-WAW,2026-05-01T09:40:43Z
2026-07-02,,,MAN,WAW,2026-05-01,Manchester,Wielka Brytania,Warszawa,Polska,unavailable,,,,MAN-WAW,2026-05-01T09:40:43Z
2026-07-03,,474.84,MAN,WAW,2026-05-01,Manchester,Wielka Brytania,Warszawa,Polska,price,,,PLN,MAN-WAW,2026-05-01T09:40:43Z
2026-07-04,,,MAN,WAW,2026-05-01,Manchester,Wielka Brytania,Warszawa,Polska,unavailable,,,,MAN-WAW,2026-05-01T09:40:43Z
2026-07-05,,295.53,MAN,WAW,2026-05-01,Manchester,Wielka Brytania,Warszawa,Polska,price,,,PLN,MAN-WAW,2026-05-01T09:40:43Z
2026-07-06,,270.25,MAN,WAW,2026-05-01,Manchester,Wielka Brytania,Warszawa,Polska,price,,,PLN,MAN-WAW,2026-05-01T09:40:43Z
2026-07-07,,,MAN,WAW,2026-05-01,Manchester,Wielka Brytania,Warszawa,Polska,unavailable,,,,MAN-WAW,2026-05-01T09:40:43Z
2026-07-08,,,MAN,WAW,2026-05-01,Manchester,Wielka Brytania,Warszawa,Polska,unavailable,,,,MAN-WAW,2026-05-01T09:40:43Z
2026-07-09,,,MAN,WAW,2026-05-01,Manchester,Wielka Brytania,Warszawa,Polska,unavailable,,,,MAN-WAW,2026-05-01T09:40:43Z
2026-07-10,,555.29,MAN,WAW,2026-05-01,Manchester,Wielka Brytania,Warszawa,Polska,price,,,PLN,MAN-WAW,2026-05-01T09:40:43Z
2026-07-11,,,MAN,WAW,2026-05-01,Manchester,Wielka Brytania,Warszawa,Polska,unavailable,,,,MAN-WAW,2026-05-01T09:40:43Z
2026-07-12,,598.4,MAN,WAW,2026-05-01,Manchester,Wielka Brytania,Warszawa,Polska,price,,,PLN,MAN-WAW,2026-05-01T09:40:43Z
2026-07-13,,459.1,MAN,WAW,2026-05-01,Manchester,Wielka Brytania,Warszawa,Polska,price,,,PLN,MAN-WAW,2026-05-01T09:40:43Z
2026-07-14,,,MAN,WAW,2026-05-01,Manchester,Wielka Brytania,Warszawa,Polska,unavailable,,,,MAN-WAW,2026-05-01T09:40:43Z
2026-07-15,,,MAN,WAW,2026-05-01,Manchester,Wielka Brytania,Warszawa,Polska,unavailable,,,,MAN-WAW,2026-05-01T09:40:43Z
2026-07-16,,,MAN,WAW,2026-05-01,Manchester,Wielka Brytania,Warszawa,Polska,unavailable,,,,MAN-WAW,2026-05-01T09:40:43Z
2026-07-17,,982.85,MAN,WAW,2026-05-01,Manchester,Wielka Brytania,Warszawa,Polska,price,,,PLN,MAN-WAW,2026-05-01T09:40:43Z
2026-07-18,,,MAN,WAW,2026-05-01,Manchester,Wielka Brytania,Warszawa,Polska,unavailable,,,,MAN-WAW,2026-05-01T09:40:43Z
2026-07-19,,534.74,MAN,WAW,2026-05-01,Manchester,Wielka Brytania,Warszawa,Polska,price,,,PLN,MAN-WAW,2026-05-01T09:40:43Z
2026-07-20,,589.69,MAN,WAW,2026-05-01,Manchester,Wielka Brytania,Warszawa,Polska,price,,,PLN,MAN-WAW,2026-05-01T09:40:43Z
2026-07-21,,,MAN,WAW,2026-05-01,Manchester,Wielka Brytania,Warszawa,Polska,unavailable,,,,MAN-WAW,2026-05-01T09:40:43Z
2026-07-22,,,MAN,WAW,2026-05-01,Manchester,Wielka Brytania,Warszawa,Polska,unavailable,,,,MAN-WAW,2026-05-01T09:40:43Z
2026-07-23,,,MAN,WAW,2026-05-01,Manchester,Wielka Brytania,Warszawa,Polska,unavailable,,,,MAN-WAW,2026-05-01T09:40:43Z
2026-07-24,,609.35,MAN,WAW,2026-05-01,Manchester,Wielka Brytania,Warszawa,Polska,price,,,PLN,MAN-WAW,2026-05-01T09:40:43Z
2026-07-25,,,MAN,WAW,2026-05-01,Manchester,Wielka Brytania,Warszawa,Polska,unavailable,,,,MAN-WAW,2026-05-01T09:40:43Z
2026-07-26,,670.03,MAN,WAW,2026-05-01,Manchester,Wielka Brytania,Warszawa,Polska,price,,,PLN,MAN-WAW,2026-05-01T09:40:43Z
2026-07-27,,599.52,MAN,WAW,2026-05-01,Manchester,Wielka Brytania,Warszawa,Polska,price,,,PLN,MAN-WAW,2026-05-01T09:40:43Z
2026-07-28,,,MAN,WAW,2026-05-01,Manchester,Wielka Brytania,Warszawa,Polska,unavailable,,,,MAN-WAW,2026-05-01T09:40:43Z
2026-07-29,,,MAN,WAW,2026-05-01,Manchester,Wielka Brytania,Warszawa,Polska,unavailable,,,,MAN-WAW,2026-05-01T09:40:43Z
2026-07-30,,,MAN,WAW,2026-05-01,Manchester,Wielka Brytania,Warszawa,Polska,unavailable,,,,MAN-WAW,2026-05-01T09:40:43Z
2026-07-31,,570.03,MAN,WAW,2026-05-01,Manchester,Wielka Brytania,Warszawa,Polska,price,,,PLN,MAN-WAW,2026-05-01T09:40:43Z
2026-08-01,,,MAN,WAW,2026-05-01,Manchester,Wielka Brytania,Warszawa,Polska,unavailable,,,,MAN-WAW,2026-05-01T09:40:43Z
2026-08-02,,584.95,MAN,WAW,2026-05-01,Manchester,Wielka Brytania,Warszawa,Polska,price,,,PLN,MAN-WAW,2026-05-01T09:40:43Z
2026-08-03,,540.54,MAN,WAW,2026-05-01,Manchester,Wielka Brytania,Warszawa,Polska,price,,,PLN,MAN-WAW,2026-05-01T09:40:43Z
2026-08-04,,,MAN,WAW,2026-05-01,Manchester,Wielka Brytania,Warszawa,Polska,unavailable,,,,MAN-WAW,2026-05-01T09:40:43Z
2026-08-05,,,MAN,WAW,2026-05-01,Manchester,Wielka Brytania,Warszawa,Polska,unavailable,,,,MAN-WAW,2026-05-01T09:40:43Z
2026-08-06,,,MAN,WAW,2026-05-01,Manchester,Wielka Brytania,Warszawa,Polska,unavailable,,,,MAN-WAW,2026-05-01T09:40:43Z
2026-08-07,,471.74,MAN,WAW,2026-05-01,Manchester,Wielka Brytania,Warszawa,Polska,price,,,PLN,MAN-WAW,2026-05-01T09:40:43Z
2026-08-08,,,MAN,WAW,2026-05-01,Manchester,Wielka Brytania,Warszawa,Polska,unavailable,,,,MAN-WAW,2026-05-01T09:40:43Z
2026-08-09,,340.02,MAN,WAW,2026-05-01,Manchester,Wielka Brytania,Warszawa,Polska,price,,,PLN,MAN-WAW,2026-05-01T09:40:43Z
2026-08-10,,339.05,MAN,WAW,2026-05-01,Manchester,Wielka Brytania,Warszawa,Polska,price,,,PLN,MAN-WAW,2026-05-01T09:40:43Z
2026-08-11,,,MAN,WAW,2026-05-01,Manchester,Wielka Brytania,Warszawa,Polska,unavailable,,,,MAN-WAW,2026-05-01T09:40:43Z
2026-08-12,,,MAN,WAW,2026-05-01,Manchester,Wielka Brytania,Warszawa,Polska,unavailable,,,,MAN-WAW,2026-05-01T09:40:43Z
2026-08-13,,,MAN,WAW,2026-05-01,Manchester,Wielka Brytania,Warszawa,Polska,unavailable,,,,MAN-WAW,2026-05-01T09:40:43Z
2026-08-14,,407.85,MAN,WAW,2026-05-01,Manchester,Wielka Brytania,Warszawa,Polska,price,,,PLN,MAN-WAW,2026-05-01T09:40:43Z
2026-08-15,,,MAN,WAW,2026-05-01,Manchester,Wielka Brytania,Warszawa,Polska,unavailable,,,,MAN-WAW,2026-05-01T09:40:43Z
2026-08-16,,236.97,MAN,WAW,2026-05-01,Manchester,Wielka Brytania,Warszawa,Polska,price,,,PLN,MAN-WAW,2026-05-01T09:40:43Z
2026-08-17,,171.96,MAN,WAW,2026-05-01,Manchester,Wielka Brytania,Warszawa,Polska,price,,,PLN,MAN-WAW,2026-05-01T09:40:43Z
2026-08-18,,,MAN,WAW,2026-05-01,Manchester,Wielka Brytania,Warszawa,Polska,unavailable,,,,MAN-WAW,2026-05-01T09:40:43Z
2026-08-19,,,MAN,WAW,2026-05-01,Manchester,Wielka Brytania,Warszawa,Polska,unavailable,,,,MAN-WAW,2026-05-01T09:40:43Z
2026-08-20,,,MAN,WAW,2026-05-01,Manchester,Wielka Brytania,Warszawa,Polska,unavailable,,,,MAN-WAW,2026-05-01T09:40:43Z
2026-08-21,,230.93,MAN,WAW,2026-05-01,Manchester,Wielka Brytania,Warszawa,Polska,price,,,PLN,MAN-WAW,2026-05-01T09:40:43Z
2026-08-22,,,MAN,WAW,2026-05-01,Manchester,Wielka Brytania,Warszawa,Polska,unavailable,,,,MAN-WAW,2026-05-01T09:40:43Z
2026-08-23,,217.59,MAN,WAW,2026-05-01,Manchester,Wielka Brytania,Warszawa,Polska,price,,,PLN,MAN-WAW,2026-05-01T09:40:43Z
2026-08-24,,147.39,MAN,WAW,2026-05-01,Manchester,Wielka Brytania,Warszawa,Polska,price,,,PLN,MAN-WAW,2026-05-01T09:40:43Z
2026-08-25,,,MAN,WAW,2026-05-01,Manchester,Wielka Brytania,Warszawa,Polska,unavailable,,,,MAN-WAW,2026-05-01T09:40:43Z
2026-08-26,,,MAN,WAW,2026-05-01,Manchester,Wielka Brytania,Warszawa,Polska,unavailable,,,,MAN-WAW,2026-05-01T09:40:43Z
2026-08-27,,,MAN,WAW,2026-05-01,Manchester,Wielka Brytania,Warszawa,Polska,unavailable,,,,MAN-WAW,2026-05-01T09:40:43Z
2026-08-28,,280.08,MAN,WAW,2026-05-01,Manchester,Wielka Brytania,Warszawa,Polska,price,,,PLN,MAN-WAW,2026-05-01T09:40:43Z
2026-08-29,,,MAN,WAW,2026-05-01,Manchester,Wielka Brytania,Warszawa,Polska,unavailable,,,,MAN-WAW,2026-05-01T09:40:43Z
2026-08-30,,112.99,MAN,WAW,2026-05-01,Manchester,Wielka Brytania,Warszawa,Polska,price,,,PLN,MAN-WAW,2026-05-01T09:40:43Z
2026-08-31,,141.65,MAN,WAW,2026-05-01,Manchester,Wielka Brytania,Warszawa,Polska,price,,,PLN,MAN-WAW,2026-05-01T09:40:43Z
2026-05-01,,,WAW,OPO,2026-05-01,Warszawa,Polska,Porto,Portugalia,unavailable,,,,WAW-OPO,2026-05-01T09:40:43Z
2026-05-02,,,WAW,OPO,2026-05-01,Warszawa,Polska,Porto,Portugalia,unavailable,,,,WAW-OPO,2026-05-01T09:40:43Z
2026-05-03,,873.1,WAW,OPO,2026-05-01,Warszawa,Polska,Porto,Portugalia,price,,,PLN,WAW-OPO,2026-05-01T09:40:43Z
2026-05-04,,,WAW,OPO,2026-05-01,Warszawa,Polska,Porto,Portugalia,unavailable,,,,WAW-OPO,2026-05-01T09:40:43Z
2026-05-05,,,WAW,OPO,2026-05-01,Warszawa,Polska,Porto,Portugalia,unavailable,,,,WAW-OPO,2026-05-01T09:40:43Z
2026-05-06,,,WAW,OPO,2026-05-01,Warszawa,Polska,Porto,Portugalia,unavailable,,,,WAW-OPO,2026-05-01T09:40:43Z
2026-05-07,,418.9,WAW,OPO,2026-05-01,Warszawa,Polska,Porto,Portugalia,price,,,PLN,WAW-OPO,2026-05-01T09:40:43Z
2026-05-08,,,WAW,OPO,2026-05-01,Warszawa,Polska,Porto,Portugalia,unavailable,,,,WAW-OPO,2026-05-01T09:40:43Z
2026-05-09,,,WAW,OPO,2026-05-01,Warszawa,Polska,Porto,Portugalia,unavailable,,,,WAW-OPO,2026-05-01T09:40:43Z
2026-05-10,,258.06,WAW,OPO,2026-05-01,Warszawa,Polska,Porto,Portugalia,price,,,PLN,WAW-OPO,2026-05-01T09:40:43Z
2026-05-11,,,WAW,OPO,2026-05-01,Warszawa,Polska,Porto,Portugalia,unavailable,,,,WAW-OPO,2026-05-01T09:40:43Z
2026-05-12,,,WAW,OPO,2026-05-01,Warszawa,Polska,Porto,Portugalia,unavailable,,,,WAW-OPO,2026-05-01T09:40:43Z
2026-05-13,,,WAW,OPO,2026-05-01,Warszawa,Polska,Porto,Portugalia,unavailable,,,,WAW-OPO,2026-05-01T09:40:43Z
2026-05-14,,474.64,WAW,OPO,2026-05-01,Warszawa,Polska,Porto,Portugalia,price,,,PLN,WAW-OPO,2026-05-01T09:40:43Z
2026-05-15,,,WAW,OPO,2026-05-01,Warszawa,Polska,Porto,Portugalia,unavailable,,,,WAW-OPO,2026-05-01T09:40:43Z
2026-05-16,,,WAW,OPO,2026-05-01,Warszawa,Polska,Porto,Portugalia,unavailable,,,,WAW-OPO,2026-05-01T09:40:43Z
2026-05-17,,474.64,WAW,OPO,2026-05-01,Warszawa,Polska,Porto,Portugalia,price,,,PLN,WAW-OPO,2026-05-01T09:40:43Z
2026-05-18,,,WAW,OPO,2026-05-01,Warszawa,Polska,Porto,Portugalia,unavailable,,,,WAW-OPO,2026-05-01T09:40:43Z
2026-05-19,,,WAW,OPO,2026-05-01,Warszawa,Polska,Porto,Portugalia,unavailable,,,,WAW-OPO,2026-05-01T09:40:43Z
2026-05-20,,,WAW,OPO,2026-05-01,Warszawa,Polska,Porto,Portugalia,unavailable,,,,WAW-OPO,2026-05-01T09:40:43Z
2026-05-21,,559.61,WAW,OPO,2026-05-01,Warszawa,Polska,Porto,Portugalia,price,,,PLN,WAW-OPO,2026-05-01T09:40:43Z
2026-05-22,,,WAW,OPO,2026-05-01,Warszawa,Polska,Porto,Portugalia,unavailable,,,,WAW-OPO,2026-05-01T09:40:43Z
2026-05-23,,,WAW,OPO,2026-05-01,Warszawa,Polska,Porto,Portugalia,unavailable,,,,WAW-OPO,2026-05-01T09:40:43Z
2026-05-24,,331.55,WAW,OPO,2026-05-01,Warszawa,Polska,Porto,Portugalia,price,,,PLN,WAW-OPO,2026-05-01T09:40:43Z
2026-05-25,,,WAW,OPO,2026-05-01,Warszawa,Polska,Porto,Portugalia,unavailable,,,,WAW-OPO,2026-05-01T09:40:43Z
2026-05-26,,,WAW,OPO,2026-05-01,Warszawa,Polska,Porto,Portugalia,unavailable,,,,WAW-OPO,2026-05-01T09:40:43Z
2026-05-27,,,WAW,OPO,2026-05-01,Warszawa,Polska,Porto,Portugalia,unavailable,,,,WAW-OPO,2026-05-01T09:40:43Z
2026-05-28,,331.55,WAW,OPO,2026-05-01,Warszawa,Polska,Porto,Portugalia,price,,,PLN,WAW-OPO,2026-05-01T09:40:43Z
2026-05-29,,,WAW,OPO,2026-05-01,Warszawa,Polska,Porto,Portugalia,unavailable,,,,WAW-OPO,2026-05-01T09:40:43Z
2026-05-30,,,WAW,OPO,2026-05-01,Warszawa,Polska,Porto,Portugalia,unavailable,,,,WAW-OPO,2026-05-01T09:40:43Z
2026-05-31,,513.12,WAW,OPO,2026-05-01,Warszawa,Polska,Porto,Portugalia,price,,,PLN,WAW-OPO,2026-05-01T09:40:43Z
2026-06-01,,,WAW,OPO,2026-05-01,Warszawa,Polska,Porto,Portugalia,unavailable,,,,WAW-OPO,2026-05-01T09:40:43Z
2026-06-02,,,WAW,OPO,2026-05-01,Warszawa,Polska,Porto,Portugalia,unavailable,,,,WAW-OPO,2026-05-01T09:40:43Z
2026-06-03,,,WAW,OPO,2026-05-01,Warszawa,Polska,Porto,Portugalia,unavailable,,,,WAW-OPO,2026-05-01T09:40:43Z
2026-06-04,,441.48,WAW,OPO,2026-05-01,Warszawa,Polska,Porto,Portugalia,price,,,PLN,WAW-OPO,2026-05-01T09:40:43Z
2026-06-05,,,WAW,OPO,2026-05-01,Warszawa,Polska,Porto,Portugalia,unavailable,,,,WAW-OPO,2026-05-01T09:40:43Z
2026-06-06,,,WAW,OPO,2026-05-01,Warszawa,Polska,Porto,Portugalia,unavailable,,,,WAW-OPO,2026-05-01T09:40:43Z
2026-06-07,,329.0,WAW,OPO,2026-05-01,Warszawa,Polska,Porto,Portugalia,price,,,PLN,WAW-OPO,2026-05-01T09:40:43Z
2026-06-08,,,WAW,OPO,2026-05-01,Warszawa,Polska,Porto,Portugalia,unavailable,,,,WAW-OPO,2026-05-01T09:40:43Z
2026-06-09,,,WAW,OPO,2026-05-01,Warszawa,Polska,Porto,Portugalia,unavailable,,,,WAW-OPO,2026-05-01T09:40:43Z
2026-06-10,,,WAW,OPO,2026-05-01,Warszawa,Polska,Porto,Portugalia,unavailable,,,,WAW-OPO,2026-05-01T09:40:43Z
2026-06-11,,300.39,WAW,OPO,2026-05-01,Warszawa,Polska,Porto,Portugalia,price,,,PLN,WAW-OPO,2026-05-01T09:40:43Z
2026-06-12,,,WAW,OPO,2026-05-01,Warszawa,Polska,Porto,Portugalia,unavailable,,,,WAW-OPO,2026-05-01T09:40:43Z
2026-06-13,,,WAW,OPO,2026-05-01,Warszawa,Polska,Porto,Portugalia,unavailable,,,,WAW-OPO,2026-05-01T09:40:43Z
2026-06-14,,600.0,WAW,OPO,2026-05-01,Warszawa,Polska,Porto,Portugalia,price,,,PLN,WAW-OPO,2026-05-01T09:40:43Z
2026-06-15,,,WAW,OPO,2026-05-01,Warszawa,Polska,Porto,Portugalia,unavailable,,,,WAW-OPO,2026-05-01T09:40:43Z
2026-06-16,,,WAW,OPO,2026-05-01,Warszawa,Polska,Porto,Portugalia,unavailable,,,,WAW-OPO,2026-05-01T09:40:43Z
2026-06-17,,,WAW,OPO,2026-05-01,Warszawa,Polska,Porto,Portugalia,unavailable,,,,WAW-OPO,2026-05-01T09:40:43Z
2026-06-18,,372.16,WAW,OPO,2026-05-01,Warszawa,Polska,Porto,Portugalia,price,,,PLN,WAW-OPO,2026-05-01T09:40:43Z
2026-06-19,,,WAW,OPO,2026-05-01,Warszawa,Polska,Porto,Portugalia,unavailable,,,,WAW-OPO,2026-05-01T09:40:43Z
2026-06-20,,,WAW,OPO,2026-05-01,Warszawa,Polska,Porto,Portugalia,unavailable,,,,WAW-OPO,2026-05-01T09:40:43Z
2026-06-21,,474.64,WAW,OPO,2026-05-01,Warszawa,Polska,Porto,Portugalia,price,,,PLN,WAW-OPO,2026-05-01T09:40:43Z
2026-06-22,,,WAW,OPO,2026-05-01,Warszawa,Polska,Porto,Portugalia,unavailable,,,,WAW-OPO,2026-05-01T09:40:43Z
2026-06-23,,,WAW,OPO,2026-05-01,Warszawa,Polska,Porto,Portugalia,unavailable,,,,WAW-OPO,2026-05-01T09:40:43Z
2026-06-24,,,WAW,OPO,2026-05-01,Warszawa,Polska,Porto,Portugalia,unavailable,,,,WAW-OPO,2026-05-01T09:40:43Z
2026-06-25,,474.64,WAW,OPO,2026-05-01,Warszawa,Polska,Porto,Portugalia,price,,,PLN,WAW-OPO,2026-05-01T09:40:43Z
2026-06-26,,,WAW,OPO,2026-05-01,Warszawa,Polska,Porto,Portugalia,unavailable,,,,WAW-OPO,2026-05-01T09:40:43Z
2026-06-27,,,WAW,OPO,2026-05-01,Warszawa,Polska,Porto,Portugalia,unavailable,,,,WAW-OPO,2026-05-01T09:40:43Z
2026-06-28,,662.32,WAW,OPO,2026-05-01,Warszawa,Polska,Porto,Portugalia,price,,,PLN,WAW-OPO,2026-05-01T09:40:43Z
2026-06-29,,,WAW,OPO,2026-05-01,Warszawa,Polska,Porto,Portugalia,unavailable,,,,WAW-OPO,2026-05-01T09:40:43Z
2026-06-30,,,WAW,OPO,2026-05-01,Warszawa,Polska,Porto,Portugalia,unavailable,,,,WAW-OPO,2026-05-01T09:40:43Z
2026-07-01,,,WAW,OPO,2026-05-01,Warszawa,Polska,Porto,Portugalia,unavailable,,,,WAW-OPO,2026-05-01T09:40:43Z
2026-07-02,,502.32,WAW,OPO,2026-05-01,Warszawa,Polska,Porto,Portugalia,price,,,PLN,WAW-OPO,2026-05-01T09:40:43Z
2026-07-03,,,WAW,OPO,2026-05-01,Warszawa,Polska,Porto,Portugalia,unavailable,,,,WAW-OPO,2026-05-01T09:40:43Z
2026-07-04,,,WAW,OPO,2026-05-01,Warszawa,Polska,Porto,Portugalia,unavailable,,,,WAW-OPO,2026-05-01T09:40:43Z
2026-07-05,,342.03,WAW,OPO,2026-05-01,Warszawa,Polska,Porto,Portugalia,price,,,PLN,WAW-OPO,2026-05-01T09:40:43Z
2026-07-06,,,WAW,OPO,2026-05-01,Warszawa,Polska,Porto,Portugalia,unavailable,,,,WAW-OPO,2026-05-01T09:40:43Z
2026-07-07,,,WAW,OPO,2026-05-01,Warszawa,Polska,Porto,Portugalia,unavailable,,,,WAW-OPO,2026-05-01T09:40:43Z
2026-07-08,,,WAW,OPO,2026-05-01,Warszawa,Polska,Porto,Portugalia,unavailable,,,,WAW-OPO,2026-05-01T09:40:43Z
2026-07-09,,554.64,WAW,OPO,2026-05-01,Warszawa,Polska,Porto,Portugalia,price,,,PLN,WAW-OPO,2026-05-01T09:40:43Z
2026-07-10,,,WAW,OPO,2026-05-01,Warszawa,Polska,Porto,Portugalia,unavailable,,,,WAW-OPO,2026-05-01T09:40:43Z
2026-07-11,,,WAW,OPO,2026-05-01,Warszawa,Polska,Porto,Portugalia,unavailable,,,,WAW-OPO,2026-05-01T09:40:43Z
2026-07-12,,588.61,WAW,OPO,2026-05-01,Warszawa,Polska,Porto,Portugalia,price,,,PLN,WAW-OPO,2026-05-01T09:40:43Z
2026-07-13,,,WAW,OPO,2026-05-01,Warszawa,Polska,Porto,Portugalia,unavailable,,,,WAW-OPO,2026-05-01T09:40:43Z
2026-07-14,,,WAW,OPO,2026-05-01,Warszawa,Polska,Porto,Portugalia,unavailable,,,,WAW-OPO,2026-05-01T09:40:43Z
2026-07-15,,,WAW,OPO,2026-05-01,Warszawa,Polska,Porto,Portugalia,unavailable,,,,WAW-OPO,2026-05-01T09:40:43Z
2026-07-16,,567.42,WAW,OPO,2026-05-01,Warszawa,Polska,Porto,Portugalia,price,,,PLN,WAW-OPO,2026-05-01T09:40:43Z
2026-07-17,,,WAW,OPO,2026-05-01,Warszawa,Polska,Porto,Portugalia,unavailable,,,,WAW-OPO,2026-05-01T09:40:43Z
2026-07-18,,,WAW,OPO,2026-05-01,Warszawa,Polska,Porto,Portugalia,unavailable,,,,WAW-OPO,2026-05-01T09:40:43Z
2026-07-19,,335.22,WAW,OPO,2026-05-01,Warszawa,Polska,Porto,Portugalia,price,,,PLN,WAW-OPO,2026-05-01T09:40:43Z
2026-07-20,,,WAW,OPO,2026-05-01,Warszawa,Polska,Porto,Portugalia,unavailable,,,,WAW-OPO,2026-05-01T09:40:43Z
2026-07-21,,,WAW,OPO,2026-05-01,Warszawa,Polska,Porto,Portugalia,unavailable,,,,WAW-OPO,2026-05-01T09:40:43Z
2026-07-22,,,WAW,OPO,2026-05-01,Warszawa,Polska,Porto,Portugalia,unavailable,,,,WAW-OPO,2026-05-01T09:40:43Z
2026-07-23,,349.44,WAW,OPO,2026-05-01,Warszawa,Polska,Porto,Portugalia,price,,,PLN,WAW-OPO,2026-05-01T09:40:43Z
2026-07-24,,,WAW,OPO,2026-05-01,Warszawa,Polska,Porto,Portugalia,unavailable,,,,WAW-OPO,2026-05-01T09:40:43Z
2026-07-25,,,WAW,OPO,2026-05-01,Warszawa,Polska,Porto,Portugalia,unavailable,,,,WAW-OPO,2026-05-01T09:40:43Z
2026-07-26,,538.67,WAW,OPO,2026-05-01,Warszawa,Polska,Porto,Portugalia,price,,,PLN,WAW-OPO,2026-05-01T09:40:43Z
2026-07-27,,,WAW,OPO,2026-05-01,Warszawa,Polska,Porto,Portugalia,unavailable,,,,WAW-OPO,2026-05-01T09:40:43Z
2026-07-28,,,WAW,OPO,2026-05-01,Warszawa,Polska,Porto,Portugalia,unavailable,,,,WAW-OPO,2026-05-01T09:40:43Z
2026-07-29,,,WAW,OPO,2026-05-01,Warszawa,Polska,Porto,Portugalia,unavailable,,,,WAW-OPO,2026-05-01T09:40:43Z
2026-07-30,,543.29,WAW,OPO,2026-05-01,Warszawa,Polska,Porto,Portugalia,price,,,PLN,WAW-OPO,2026-05-01T09:40:43Z
2026-07-31,,,WAW,OPO,2026-05-01,Warszawa,Polska,Porto,Portugalia,unavailable,,,,WAW-OPO,2026-05-01T09:40:43Z
2026-08-01,,,WAW,OPO,2026-05-01,Warszawa,Polska,Porto,Portugalia,unavailable,,,,WAW-OPO,2026-05-01T09:40:43Z
2026-08-02,,502.32,WAW,OPO,2026-05-01,Warszawa,Polska,Porto,Portugalia,price,,,PLN,WAW-OPO,2026-05-01T09:40:43Z
2026-08-03,,,WAW,OPO,2026-05-01,Warszawa,Polska,Porto,Portugalia,unavailable,,,,WAW-OPO,2026-05-01T09:40:43Z
2026-08-04,,,WAW,OPO,2026-05-01,Warszawa,Polska,Porto,Portugalia,unavailable,,,,WAW-OPO,2026-05-01T09:40:43Z
2026-08-05,,,WAW,OPO,2026-05-01,Warszawa,Polska,Porto,Portugalia,unavailable,,,,WAW-OPO,2026-05-01T09:40:43Z
2026-08-06,,545.06,WAW,OPO,2026-05-01,Warszawa,Polska,Porto,Portugalia,price,,,PLN,WAW-OPO,2026-05-01T09:40:43Z
2026-08-07,,,WAW,OPO,2026-05-01,Warszawa,Polska,Porto,Portugalia,unavailable,,,,WAW-OPO,2026-05-01T09:40:43Z
2026-08-08,,,WAW,OPO,2026-05-01,Warszawa,Polska,Porto,Portugalia,unavailable,,,,WAW-OPO,2026-05-01T09:40:43Z
2026-08-09,,525.9,WAW,OPO,2026-05-01,Warszawa,Polska,Porto,Portugalia,price,,,PLN,WAW-OPO,2026-05-01T09:40:43Z
2026-08-10,,,WAW,OPO,2026-05-01,Warszawa,Polska,Porto,Portugalia,unavailable,,,,WAW-OPO,2026-05-01T09:40:43Z
2026-08-11,,,WAW,OPO,2026-05-01,Warszawa,Polska,Porto,Portugalia,unavailable,,,,WAW-OPO,2026-05-01T09:40:43Z
2026-08-12,,,WAW,OPO,2026-05-01,Warszawa,Polska,Porto,Portugalia,unavailable,,,,WAW-OPO,2026-05-01T09:40:43Z
2026-08-13,,525.9,WAW,OPO,2026-05-01,Warszawa,Polska,Porto,Portugalia,price,,,PLN,WAW-OPO,2026-05-01T09:40:43Z
2026-08-14,,,WAW,OPO,2026-05-01,Warszawa,Polska,Porto,Portugalia,unavailable,,,,WAW-OPO,2026-05-01T09:40:43Z
2026-08-15,,,WAW,OPO,2026-05-01,Warszawa,Polska,Porto,Portugalia,unavailable,,,,WAW-OPO,2026-05-01T09:40:43Z
2026-08-16,,521.7,WAW,OPO,2026-05-01,Warszawa,Polska,Porto,Portugalia,price,,,PLN,WAW-OPO,2026-05-01T09:40:43Z
2026-08-17,,,WAW,OPO,2026-05-01,Warszawa,Polska,Porto,Portugalia,unavailable,,,,WAW-OPO,2026-05-01T09:40:43Z
2026-08-18,,,WAW,OPO,2026-05-01,Warszawa,Polska,Porto,Portugalia,unavailable,,,,WAW-OPO,2026-05-01T09:40:43Z
2026-08-19,,,WAW,OPO,2026-05-01,Warszawa,Polska,Porto,Portugalia,unavailable,,,,WAW-OPO,2026-05-01T09:40:43Z
2026-08-20,,525.9,WAW,OPO,2026-05-01,Warszawa,Polska,Porto,Portugalia,price,,,PLN,WAW-OPO,2026-05-01T09:40:43Z
2026-08-21,,,WAW,OPO,2026-05-01,Warszawa,Polska,Porto,Portugalia,unavailable,,,,WAW-OPO,2026-05-01T09:40:43Z
2026-08-22,,,WAW,OPO,2026-05-01,Warszawa,Polska,Porto,Portugalia,unavailable,,,,WAW-OPO,2026-05-01T09:40:43Z
2026-08-23,,485.71,WAW,OPO,2026-05-01,Warszawa,Polska,Porto,Portugalia,price,,,PLN,WAW-OPO,2026-05-01T09:40:43Z
2026-08-24,,,WAW,OPO,2026-05-01,Warszawa,Polska,Porto,Portugalia,unavailable,,,,WAW-OPO,2026-05-01T09:40:43Z
2026-08-25,,,WAW,OPO,2026-05-01,Warszawa,Polska,Porto,Portugalia,unavailable,,,,WAW-OPO,2026-05-01T09:40:43Z
2026-08-26,,,WAW,OPO,2026-05-01,Warszawa,Polska,Porto,Portugalia,unavailable,,,,WAW-OPO,2026-05-01T09:40:43Z
2026-08-27,,347.73,WAW,OPO,2026-05-01,Warszawa,Polska,Porto,Portugalia,price,,,PLN,WAW-OPO,2026-05-01T09:40:43Z
2026-08-28,,,WAW,OPO,2026-05-01,Warszawa,Polska,Porto,Portugalia,unavailable,,,,WAW-OPO,2026-05-01T09:40:43Z
2026-08-29,,,WAW,OPO,2026-05-01,Warszawa,Polska,Porto,Portugalia,unavailable,,,,WAW-OPO,2026-05-01T09:40:43Z
2026-08-30,,381.53,WAW,OPO,2026-05-01,Warszawa,Polska,Porto,Portugalia,price,,,PLN,WAW-OPO,2026-05-01T09:40:43Z
2026-08-31,,,WAW,OPO,2026-05-01,Warszawa,Polska,Porto,Portugalia,unavailable,,,,WAW-OPO,2026-05-01T09:40:43Z
2026-05-01,,,OPO,WAW,2026-05-01,Porto,Portugalia,Warszawa,Polska,unavailable,,,,OPO-WAW,2026-05-01T09:40:43Z
2026-05-02,,,OPO,WAW,2026-05-01,Porto,Portugalia,Warszawa,Polska,unavailable,,,,OPO-WAW,2026-05-01T09:40:43Z
2026-05-03,,1477.5,OPO,WAW,2026-05-01,Porto,Portugalia,Warszawa,Polska,price,,,PLN,OPO-WAW,2026-05-01T09:40:43Z
2026-05-04,,,OPO,WAW,2026-05-01,Porto,Portugalia,Warszawa,Polska,unavailable,,,,OPO-WAW,2026-05-01T09:40:43Z
2026-05-05,,,OPO,WAW,2026-05-01,Porto,Portugalia,Warszawa,Polska,unavailable,,,,OPO-WAW,2026-05-01T09:40:43Z
2026-05-06,,,OPO,WAW,2026-05-01,Porto,Portugalia,Warszawa,Polska,unavailable,,,,OPO-WAW,2026-05-01T09:40:43Z
2026-05-07,,632.0,OPO,WAW,2026-05-01,Porto,Portugalia,Warszawa,Polska,price,,,PLN,OPO-WAW,2026-05-01T09:40:43Z
2026-05-08,,,OPO,WAW,2026-05-01,Porto,Portugalia,Warszawa,Polska,unavailable,,,,OPO-WAW,2026-05-01T09:40:43Z
2026-05-09,,,OPO,WAW,2026-05-01,Porto,Portugalia,Warszawa,Polska,unavailable,,,,OPO-WAW,2026-05-01T09:40:43Z
2026-05-10,,666.32,OPO,WAW,2026-05-01,Porto,Portugalia,Warszawa,Polska,price,,,PLN,OPO-WAW,2026-05-01T09:40:43Z
2026-05-11,,,OPO,WAW,2026-05-01,Porto,Portugalia,Warszawa,Polska,unavailable,,,,OPO-WAW,2026-05-01T09:40:43Z
2026-05-12,,,OPO,WAW,2026-05-01,Porto,Portugalia,Warszawa,Polska,unavailable,,,,OPO-WAW,2026-05-01T09:40:43Z
2026-05-13,,,OPO,WAW,2026-05-01,Porto,Portugalia,Warszawa,Polska,unavailable,,,,OPO-WAW,2026-05-01T09:40:43Z
2026-05-14,,372.16,OPO,WAW,2026-05-01,Porto,Portugalia,Warszawa,Polska,price,,,PLN,OPO-WAW,2026-05-01T09:40:43Z
2026-05-15,,,OPO,WAW,2026-05-01,Porto,Portugalia,Warszawa,Polska,unavailable,,,,OPO-WAW,2026-05-01T09:40:43Z
2026-05-16,,,OPO,WAW,2026-05-01,Porto,Portugalia,Warszawa,Polska,unavailable,,,,OPO-WAW,2026-05-01T09:40:43Z
2026-05-17,,474.64,OPO,WAW,2026-05-01,Porto,Portugalia,Warszawa,Polska,price,,,PLN,OPO-WAW,2026-05-01T09:40:43Z
2026-05-18,,,OPO,WAW,2026-05-01,Porto,Portugalia,Warszawa,Polska,unavailable,,,,OPO-WAW,2026-05-01T09:40:43Z
2026-05-19,,,OPO,WAW,2026-05-01,Porto,Portugalia,Warszawa,Polska,unavailable,,,,OPO-WAW,2026-05-01T09:40:43Z
2026-05-20,,,OPO,WAW,2026-05-01,Porto,Portugalia,Warszawa,Polska,unavailable,,,,OPO-WAW,2026-05-01T09:40:43Z
2026-05-21,,530.0,OPO,WAW,2026-05-01,Porto,Portugalia,Warszawa,Polska,price,,,PLN,OPO-WAW,2026-05-01T09:40:43Z
2026-05-22,,,OPO,WAW,2026-05-01,Porto,Portugalia,Warszawa,Polska,unavailable,,,,OPO-WAW,2026-05-01T09:40:43Z
2026-05-23,,,OPO,WAW,2026-05-01,Porto,Portugalia,Warszawa,Polska,unavailable,,,,OPO-WAW,2026-05-01T09:40:43Z
2026-05-24,,1187.0,OPO,WAW,2026-05-01,Porto,Portugalia,Warszawa,Polska,price,,,PLN,OPO-WAW,2026-05-01T09:40:43Z
2026-05-25,,,OPO,WAW,2026-05-01,Porto,Portugalia,Warszawa,Polska,unavailable,,,,OPO-WAW,2026-05-01T09:40:43Z
2026-05-26,,,OPO,WAW,2026-05-01,Porto,Portugalia,Warszawa,Polska,unavailable,,,,OPO-WAW,2026-05-01T09:40:43Z
2026-05-27,,,OPO,WAW,2026-05-01,Porto,Portugalia,Warszawa,Polska,unavailable,,,,OPO-WAW,2026-05-01T09:40:43Z
2026-05-28,,513.12,OPO,WAW,2026-05-01,Porto,Portugalia,Warszawa,Polska,price,,,PLN,OPO-WAW,2026-05-01T09:40:43Z
2026-05-29,,,OPO,WAW,2026-05-01,Porto,Portugalia,Warszawa,Polska,unavailable,,,,OPO-WAW,2026-05-01T09:40:43Z
2026-05-30,,,OPO,WAW,2026-05-01,Porto,Portugalia,Warszawa,Polska,unavailable,,,,OPO-WAW,2026-05-01T09:40:43Z
2026-05-31,,662.32,OPO,WAW,2026-05-01,Porto,Portugalia,Warszawa,Polska,price,,,PLN,OPO-WAW,2026-05-01T09:40:43Z
2026-06-01,,,OPO,WAW,2026-05-01,Porto,Portugalia,Warszawa,Polska,unavailable,,,,OPO-WAW,2026-05-01T09:40:43Z
2026-06-02,,,OPO,WAW,2026-05-01,Porto,Portugalia,Warszawa,Polska,unavailable,,,,OPO-WAW,2026-05-01T09:40:43Z
2026-06-03,,,OPO,WAW,2026-05-01,Porto,Portugalia,Warszawa,Polska,unavailable,,,,OPO-WAW,2026-05-01T09:40:43Z
2026-06-04,,559.61,OPO,WAW,2026-05-01,Porto,Portugalia,Warszawa,Polska,price,,,PLN,OPO-WAW,2026-05-01T09:40:43Z
2026-06-05,,,OPO,WAW,2026-05-01,Porto,Portugalia,Warszawa,Polska,unavailable,,,,OPO-WAW,2026-05-01T09:40:43Z
2026-06-06,,,OPO,WAW,2026-05-01,Porto,Portugalia,Warszawa,Polska,unavailable,,,,OPO-WAW,2026-05-01T09:40:43Z
2026-06-07,,666.32,OPO,WAW,2026-05-01,Porto,Portugalia,Warszawa,Polska,price,,,PLN,OPO-WAW,2026-05-01T09:40:43Z
2026-06-08,,,OPO,WAW,2026-05-01,Porto,Portugalia,Warszawa,Polska,unavailable,,,,OPO-WAW,2026-05-01T09:40:43Z
2026-06-09,,,OPO,WAW,2026-05-01,Porto,Portugalia,Warszawa,Polska,unavailable,,,,OPO-WAW,2026-05-01T09:40:43Z
2026-06-10,,,OPO,WAW,2026-05-01,Porto,Portugalia,Warszawa,Polska,unavailable,,,,OPO-WAW,2026-05-01T09:40:43Z
2026-06-11,,286.0,OPO,WAW,2026-05-01,Porto,Portugalia,Warszawa,Polska,price,,,PLN,OPO-WAW,2026-05-01T09:40:43Z
2026-06-12,,,OPO,WAW,2026-05-01,Porto,Portugalia,Warszawa,Polska,unavailable,,,,OPO-WAW,2026-05-01T09:40:43Z
2026-06-13,,,OPO,WAW,2026-05-01,Porto,Portugalia,Warszawa,Polska,unavailable,,,,OPO-WAW,2026-05-01T09:40:43Z
2026-06-14,,556.57,OPO,WAW,2026-05-01,Porto,Portugalia,Warszawa,Polska,price,,,PLN,OPO-WAW,2026-05-01T09:40:43Z
2026-06-15,,,OPO,WAW,2026-05-01,Porto,Portugalia,Warszawa,Polska,unavailable,,,,OPO-WAW,2026-05-01T09:40:43Z
2026-06-16,,,OPO,WAW,2026-05-01,Porto,Portugalia,Warszawa,Polska,unavailable,,,,OPO-WAW,2026-05-01T09:40:43Z
2026-06-17,,,OPO,WAW,2026-05-01,Porto,Portugalia,Warszawa,Polska,unavailable,,,,OPO-WAW,2026-05-01T09:40:43Z
2026-06-18,,290.93,OPO,WAW,2026-05-01,Porto,Portugalia,Warszawa,Polska,price,,,PLN,OPO-WAW,2026-05-01T09:40:43Z
2026-06-19,,,OPO,WAW,2026-05-01,Porto,Portugalia,Warszawa,Polska,unavailable,,,,OPO-WAW,2026-05-01T09:40:43Z
2026-06-20,,,OPO,WAW,2026-05-01,Porto,Portugalia,Warszawa,Polska,unavailable,,,,OPO-WAW,2026-05-01T09:40:43Z
2026-06-21,,559.61,OPO,WAW,2026-05-01,Porto,Portugalia,Warszawa,Polska,price,,,PLN,OPO-WAW,2026-05-01T09:40:43Z
2026-06-22,,,OPO,WAW,2026-05-01,Porto,Portugalia,Warszawa,Polska,unavailable,,,,OPO-WAW,2026-05-01T09:40:43Z
2026-06-23,,,OPO,WAW,2026-05-01,Porto,Portugalia,Warszawa,Polska,unavailable,,,,OPO-WAW,2026-05-01T09:40:43Z
2026-06-24,,,OPO,WAW,2026-05-01,Porto,Portugalia,Warszawa,Polska,unavailable,,,,OPO-WAW,2026-05-01T09:40:43Z
2026-06-25,,513.12,OPO,WAW,2026-05-01,Porto,Portugalia,Warszawa,Polska,price,,,PLN,OPO-WAW,2026-05-01T09:40:43Z
2026-06-26,,,OPO,WAW,2026-05-01,Porto,Portugalia,Warszawa,Polska,unavailable,,,,OPO-WAW,2026-05-01T09:40:43Z
2026-06-27,,,OPO,WAW,2026-05-01,Porto,Portugalia,Warszawa,Polska,unavailable,,,,OPO-WAW,2026-05-01T09:40:43Z
2026-06-28,,340.33,OPO,WAW,2026-05-01,Porto,Portugalia,Warszawa,Polska,price,,,PLN,OPO-WAW,2026-05-01T09:40:43Z
2026-06-29,,,OPO,WAW,2026-05-01,Porto,Portugalia,Warszawa,Polska,unavailable,,,,OPO-WAW,2026-05-01T09:40:43Z
2026-06-30,,,OPO,WAW,2026-05-01,Porto,Portugalia,Warszawa,Polska,unavailable,,,,OPO-WAW,2026-05-01T09:40:43Z
2026-07-01,,,OPO,WAW,2026-05-01,Porto,Portugalia,Warszawa,Polska,unavailable,,,,OPO-WAW,2026-05-01T09:40:43Z
2026-07-02,,482.31,OPO,WAW,2026-05-01,Porto,Portugalia,Warszawa,Polska,price,,,PLN,OPO-WAW,2026-05-01T09:40:43Z
2026-07-03,,,OPO,WAW,2026-05-01,Porto,Portugalia,Warszawa,Polska,unavailable,,,,OPO-WAW,2026-05-01T09:40:43Z
2026-07-04,,,OPO,WAW,2026-05-01,Porto,Portugalia,Warszawa,Polska,unavailable,,,,OPO-WAW,2026-05-01T09:40:43Z
2026-07-05,,699.79,OPO,WAW,2026-05-01,Porto,Portugalia,Warszawa,Polska,price,,,PLN,OPO-WAW,2026-05-01T09:40:43Z
2026-07-06,,,OPO,WAW,2026-05-01,Porto,Portugalia,Warszawa,Polska,unavailable,,,,OPO-WAW,2026-05-01T09:40:43Z
2026-07-07,,,OPO,WAW,2026-05-01,Porto,Portugalia,Warszawa,Polska,unavailable,,,,OPO-WAW,2026-05-01T09:40:43Z
2026-07-08,,,OPO,WAW,2026-05-01,Porto,Portugalia,Warszawa,Polska,unavailable,,,,OPO-WAW,2026-05-01T09:40:43Z
2026-07-09,,452.16,OPO,WAW,2026-05-01,Porto,Portugalia,Warszawa,Polska,price,,,PLN,OPO-WAW,2026-05-01T09:40:43Z
2026-07-10,,,OPO,WAW,2026-05-01,Porto,Portugalia,Warszawa,Polska,unavailable,,,,OPO-WAW,2026-05-01T09:40:43Z
2026-07-11,,,OPO,WAW,2026-05-01,Porto,Portugalia,Warszawa,Polska,unavailable,,,,OPO-WAW,2026-05-01T09:40:43Z
2026-07-12,,786.02,OPO,WAW,2026-05-01,Porto,Portugalia,Warszawa,Polska,price,,,PLN,OPO-WAW,2026-05-01T09:40:43Z
2026-07-13,,,OPO,WAW,2026-05-01,Porto,Portugalia,Warszawa,Polska,unavailable,,,,OPO-WAW,2026-05-01T09:40:43Z
2026-07-14,,,OPO,WAW,2026-05-01,Porto,Portugalia,Warszawa,Polska,unavailable,,,,OPO-WAW,2026-05-01T09:40:43Z
2026-07-15,,,OPO,WAW,2026-05-01,Porto,Portugalia,Warszawa,Polska,unavailable,,,,OPO-WAW,2026-05-01T09:40:43Z
2026-07-16,,556.57,OPO,WAW,2026-05-01,Porto,Portugalia,Warszawa,Polska,price,,,PLN,OPO-WAW,2026-05-01T09:40:43Z
2026-07-17,,,OPO,WAW,2026-05-01,Porto,Portugalia,Warszawa,Polska,unavailable,,,,OPO-WAW,2026-05-01T09:40:43Z
2026-07-18,,,OPO,WAW,2026-05-01,Porto,Portugalia,Warszawa,Polska,unavailable,,,,OPO-WAW,2026-05-01T09:40:43Z
2026-07-19,,718.62,OPO,WAW,2026-05-01,Porto,Portugalia,Warszawa,Polska,price,,,PLN,OPO-WAW,2026-05-01T09:40:43Z
2026-07-20,,,OPO,WAW,2026-05-01,Porto,Portugalia,Warszawa,Polska,unavailable,,,,OPO-WAW,2026-05-01T09:40:43Z
2026-07-21,,,OPO,WAW,2026-05-01,Porto,Portugalia,Warszawa,Polska,unavailable,,,,OPO-WAW,2026-05-01T09:40:43Z
2026-07-22,,,OPO,WAW,2026-05-01,Porto,Portugalia,Warszawa,Polska,unavailable,,,,OPO-WAW,2026-05-01T09:40:43Z
2026-07-23,,445.48,OPO,WAW,2026-05-01,Porto,Portugalia,Warszawa,Polska,price,,,PLN,OPO-WAW,2026-05-01T09:40:43Z
2026-07-24,,,OPO,WAW,2026-05-01,Porto,Portugalia,Warszawa,Polska,unavailable,,,,OPO-WAW,2026-05-01T09:40:43Z
2026-07-25,,,OPO,WAW,2026-05-01,Porto,Portugalia,Warszawa,Polska,unavailable,,,,OPO-WAW,2026-05-01T09:40:43Z
2026-07-26,,602.55,OPO,WAW,2026-05-01,Porto,Portugalia,Warszawa,Polska,price,,,PLN,OPO-WAW,2026-05-01T09:40:43Z
2026-07-27,,,OPO,WAW,2026-05-01,Porto,Portugalia,Warszawa,Polska,unavailable,,,,OPO-WAW,2026-05-01T09:40:43Z
2026-07-28,,,OPO,WAW,2026-05-01,Porto,Portugalia,Warszawa,Polska,unavailable,,,,OPO-WAW,2026-05-01T09:40:43Z
2026-07-29,,,OPO,WAW,2026-05-01,Porto,Portugalia,Warszawa,Polska,unavailable,,,,OPO-WAW,2026-05-01T09:40:43Z
2026-07-30,,649.37,OPO,WAW,2026-05-01,Porto,Portugalia,Warszawa,Polska,price,,,PLN,OPO-WAW,2026-05-01T09:40:43Z
2026-07-31,,,OPO,WAW,2026-05-01,Porto,Portugalia,Warszawa,Polska,unavailable,,,,OPO-WAW,2026-05-01T09:40:43Z
2026-08-01,,,OPO,WAW,2026-05-01,Porto,Portugalia,Warszawa,Polska,unavailable,,,,OPO-WAW,2026-05-01T09:40:43Z
2026-08-02,,597.48,OPO,WAW,2026-05-01,Porto,Portugalia,Warszawa,Polska,price,,,PLN,OPO-WAW,2026-05-01T09:40:43Z
2026-08-03,,,OPO,WAW,2026-05-01,Porto,Portugalia,Warszawa,Polska,unavailable,,,,OPO-WAW,2026-05-01T09:40:43Z
2026-08-04,,,OPO,WAW,2026-05-01,Porto,Portugalia,Warszawa,Polska,unavailable,,,,OPO-WAW,2026-05-01T09:40:43Z
2026-08-05,,,OPO,WAW,2026-05-01,Porto,Portugalia,Warszawa,Polska,unavailable,,,,OPO-WAW,2026-05-01T09:40:43Z
2026-08-06,,547.71,OPO,WAW,2026-05-01,Porto,Portugalia,Warszawa,Polska,price,,,PLN,OPO-WAW,2026-05-01T09:40:43Z
2026-08-07,,,OPO,WAW,2026-05-01,Porto,Portugalia,Warszawa,Polska,unavailable,,,,OPO-WAW,2026-05-01T09:40:43Z
2026-08-08,,,OPO,WAW,2026-05-01,Porto,Portugalia,Warszawa,Polska,unavailable,,,,OPO-WAW,2026-05-01T09:40:43Z
2026-08-09,,675.48,OPO,WAW,2026-05-01,Porto,Portugalia,Warszawa,Polska,price,,,PLN,OPO-WAW,2026-05-01T09:40:43Z
2026-08-10,,,OPO,WAW,2026-05-01,Porto,Portugalia,Warszawa,Polska,unavailable,,,,OPO-WAW,2026-05-01T09:40:43Z
2026-08-11,,,OPO,WAW,2026-05-01,Porto,Portugalia,Warszawa,Polska,unavailable,,,,OPO-WAW,2026-05-01T09:40:43Z
2026-08-12,,,OPO,WAW,2026-05-01,Porto,Portugalia,Warszawa,Polska,unavailable,,,,OPO-WAW,2026-05-01T09:40:43Z
2026-08-13,,723.25,OPO,WAW,2026-05-01,Porto,Portugalia,Warszawa,Polska,price,,,PLN,OPO-WAW,2026-05-01T09:40:43Z
2026-08-14,,,OPO,WAW,2026-05-01,Porto,Portugalia,Warszawa,Polska,unavailable,,,,OPO-WAW,2026-05-01T09:40:43Z
2026-08-15,,,OPO,WAW,2026-05-01,Porto,Portugalia,Warszawa,Polska,unavailable,,,,OPO-WAW,2026-05-01T09:40:43Z
2026-08-16,,666.75,OPO,WAW,2026-05-01,Porto,Portugalia,Warszawa,Polska,price,,,PLN,OPO-WAW,2026-05-01T09:40:43Z
2026-08-17,,,OPO,WAW,2026-05-01,Porto,Portugalia,Warszawa,Polska,unavailable,,,,OPO-WAW,2026-05-01T09:40:43Z
2026-08-18,,,OPO,WAW,2026-05-01,Porto,Portugalia,Warszawa,Polska,unavailable,,,,OPO-WAW,2026-05-01T09:40:43Z
2026-08-19,,,OPO,WAW,2026-05-01,Porto,Portugalia,Warszawa,Polska,unavailable,,,,OPO-WAW,2026-05-01T09:40:43Z
2026-08-20,,588.61,OPO,WAW,2026-05-01,Porto,Portugalia,Warszawa,Polska,price,,,PLN,OPO-WAW,2026-05-01T09:40:43Z
2026-08-21,,,OPO,WAW,2026-05-01,Porto,Portugalia,Warszawa,Polska,unavailable,,,,OPO-WAW,2026-05-01T09:40:43Z
2026-08-22,,,OPO,WAW,2026-05-01,Porto,Portugalia,Warszawa,Polska,unavailable,,,,OPO-WAW,2026-05-01T09:40:43Z
2026-08-23,,741.95,OPO,WAW,2026-05-01,Porto,Portugalia,Warszawa,Polska,price,,,PLN,OPO-WAW,2026-05-01T09:40:43Z
2026-08-24,,,OPO,WAW,2026-05-01,Porto,Portugalia,Warszawa,Polska,unavailable,,,,OPO-WAW,2026-05-01T09:40:43Z
2026-08-25,,,OPO,WAW,2026-05-01,Porto,Portugalia,Warszawa,Polska,unavailable,,,,OPO-WAW,2026-05-01T09:40:43Z
2026-08-26,,,OPO,WAW,2026-05-01,Porto,Portugalia,Warszawa,Polska,unavailable,,,,OPO-WAW,2026-05-01T09:40:43Z
2026-08-27,,510.62,OPO,WAW,2026-05-01,Porto,Portugalia,Warszawa,Polska,price,,,PLN,OPO-WAW,2026-05-01T09:40:43Z
2026-08-28,,,OPO,WAW,2026-05-01,Porto,Portugalia,Warszawa,Polska,unavailable,,,,OPO-WAW,2026-05-01T09:40:43Z
2026-08-29,,,OPO,WAW,2026-05-01,Porto,Portugalia,Warszawa,Polska,unavailable,,,,OPO-WAW,2026-05-01T09:40:43Z
2026-08-30,,699.79,OPO,WAW,2026-05-01,Porto,Portugalia,Warszawa,Polska,price,,,PLN,OPO-WAW,2026-05-01T09:40:43Z
2026-08-31,,,OPO,WAW,2026-05-01,Porto,Portugalia,Warszawa,Polska,unavailable,,,,OPO-WAW,2026-05-01T09:40:43Z
2026-05-01,,662.0,WAW,PFO,2026-05-01,Warszawa,Polska,Pafos,Cypr,price,,,PLN,WAW-PFO,2026-05-01T09:40:43Z
2026-05-02,,,WAW,PFO,2026-05-01,Warszawa,Polska,Pafos,Cypr,unavailable,,,,WAW-PFO,2026-05-01T09:40:43Z
2026-05-03,,1347.44,WAW,PFO,2026-05-01,Warszawa,Polska,Pafos,Cypr,price,,,PLN,WAW-PFO,2026-05-01T09:40:43Z
2026-05-04,,,WAW,PFO,2026-05-01,Warszawa,Polska,Pafos,Cypr,unavailable,,,,WAW-PFO,2026-05-01T09:40:43Z
2026-05-05,,,WAW,PFO,2026-05-01,Warszawa,Polska,Pafos,Cypr,unavailable,,,,WAW-PFO,2026-05-01T09:40:43Z
2026-05-06,,,WAW,PFO,2026-05-01,Warszawa,Polska,Pafos,Cypr,unavailable,,,,WAW-PFO,2026-05-01T09:40:43Z
2026-05-07,,,WAW,PFO,2026-05-01,Warszawa,Polska,Pafos,Cypr,unavailable,,,,WAW-PFO,2026-05-01T09:40:43Z
2026-05-08,,139.0,WAW,PFO,2026-05-01,Warszawa,Polska,Pafos,Cypr,price,,,PLN,WAW-PFO,2026-05-01T09:40:43Z
2026-05-09,,,WAW,PFO,2026-05-01,Warszawa,Polska,Pafos,Cypr,unavailable,,,,WAW-PFO,2026-05-01T09:40:43Z
2026-05-10,,162.42,WAW,PFO,2026-05-01,Warszawa,Polska,Pafos,Cypr,price,,,PLN,WAW-PFO,2026-05-01T09:40:43Z
2026-05-11,,,WAW,PFO,2026-05-01,Warszawa,Polska,Pafos,Cypr,unavailable,,,,WAW-PFO,2026-05-01T09:40:43Z
2026-05-12,,,WAW,PFO,2026-05-01,Warszawa,Polska,Pafos,Cypr,unavailable,,,,WAW-PFO,2026-05-01T09:40:43Z
2026-05-13,,,WAW,PFO,2026-05-01,Warszawa,Polska,Pafos,Cypr,unavailable,,,,WAW-PFO,2026-05-01T09:40:43Z
2026-05-14,,,WAW,PFO,2026-05-01,Warszawa,Polska,Pafos,Cypr,unavailable,,,,WAW-PFO,2026-05-01T09:40:43Z
2026-05-15,,139.0,WAW,PFO,2026-05-01,Warszawa,Polska,Pafos,Cypr,price,,,PLN,WAW-PFO,2026-05-01T09:40:43Z
2026-05-16,,,WAW,PFO,2026-05-01,Warszawa,Polska,Pafos,Cypr,unavailable,,,,WAW-PFO,2026-05-01T09:40:43Z
2026-05-17,,139.0,WAW,PFO,2026-05-01,Warszawa,Polska,Pafos,Cypr,price,,,PLN,WAW-PFO,2026-05-01T09:40:43Z
2026-05-18,,,WAW,PFO,2026-05-01,Warszawa,Polska,Pafos,Cypr,unavailable,,,,WAW-PFO,2026-05-01T09:40:43Z
2026-05-19,,,WAW,PFO,2026-05-01,Warszawa,Polska,Pafos,Cypr,unavailable,,,,WAW-PFO,2026-05-01T09:40:43Z
2026-05-20,,,WAW,PFO,2026-05-01,Warszawa,Polska,Pafos,Cypr,unavailable,,,,WAW-PFO,2026-05-01T09:40:43Z
2026-05-21,,,WAW,PFO,2026-05-01,Warszawa,Polska,Pafos,Cypr,unavailable,,,,WAW-PFO,2026-05-01T09:40:43Z
2026-05-22,,139.0,WAW,PFO,2026-05-01,Warszawa,Polska,Pafos,Cypr,price,,,PLN,WAW-PFO,2026-05-01T09:40:43Z
2026-05-23,,,WAW,PFO,2026-05-01,Warszawa,Polska,Pafos,Cypr,unavailable,,,,WAW-PFO,2026-05-01T09:40:43Z
2026-05-24,,139.32,WAW,PFO,2026-05-01,Warszawa,Polska,Pafos,Cypr,price,,,PLN,WAW-PFO,2026-05-01T09:40:43Z
2026-05-25,,,WAW,PFO,2026-05-01,Warszawa,Polska,Pafos,Cypr,unavailable,,,,WAW-PFO,2026-05-01T09:40:43Z
2026-05-26,,,WAW,PFO,2026-05-01,Warszawa,Polska,Pafos,Cypr,unavailable,,,,WAW-PFO,2026-05-01T09:40:43Z
2026-05-27,,,WAW,PFO,2026-05-01,Warszawa,Polska,Pafos,Cypr,unavailable,,,,WAW-PFO,2026-05-01T09:40:43Z
2026-05-28,,,WAW,PFO,2026-05-01,Warszawa,Polska,Pafos,Cypr,unavailable,,,,WAW-PFO,2026-05-01T09:40:43Z
2026-05-29,,139.0,WAW,PFO,2026-05-01,Warszawa,Polska,Pafos,Cypr,price,,,PLN,WAW-PFO,2026-05-01T09:40:43Z
2026-05-30,,,WAW,PFO,2026-05-01,Warszawa,Polska,Pafos,Cypr,unavailable,,,,WAW-PFO,2026-05-01T09:40:43Z
2026-05-31,,164.64,WAW,PFO,2026-05-01,Warszawa,Polska,Pafos,Cypr,price,,,PLN,WAW-PFO,2026-05-01T09:40:43Z
2026-06-01,,,WAW,PFO,2026-05-01,Warszawa,Polska,Pafos,Cypr,unavailable,,,,WAW-PFO,2026-05-01T09:40:43Z
2026-06-02,,,WAW,PFO,2026-05-01,Warszawa,Polska,Pafos,Cypr,unavailable,,,,WAW-PFO,2026-05-01T09:40:43Z
2026-06-03,,,WAW,PFO,2026-05-01,Warszawa,Polska,Pafos,Cypr,unavailable,,,,WAW-PFO,2026-05-01T09:40:43Z
2026-06-04,,,WAW,PFO,2026-05-01,Warszawa,Polska,Pafos,Cypr,unavailable,,,,WAW-PFO,2026-05-01T09:40:43Z
2026-06-05,,154.92,WAW,PFO,2026-05-01,Warszawa,Polska,Pafos,Cypr,price,,,PLN,WAW-PFO,2026-05-01T09:40:43Z
2026-06-06,,,WAW,PFO,2026-05-01,Warszawa,Polska,Pafos,Cypr,unavailable,,,,WAW-PFO,2026-05-01T09:40:43Z
2026-06-07,,145.0,WAW,PFO,2026-05-01,Warszawa,Polska,Pafos,Cypr,price,,,PLN,WAW-PFO,2026-05-01T09:40:43Z
2026-06-08,,,WAW,PFO,2026-05-01,Warszawa,Polska,Pafos,Cypr,unavailable,,,,WAW-PFO,2026-05-01T09:40:43Z
2026-06-09,,,WAW,PFO,2026-05-01,Warszawa,Polska,Pafos,Cypr,unavailable,,,,WAW-PFO,2026-05-01T09:40:43Z
2026-06-10,,,WAW,PFO,2026-05-01,Warszawa,Polska,Pafos,Cypr,unavailable,,,,WAW-PFO,2026-05-01T09:40:43Z
2026-06-11,,,WAW,PFO,2026-05-01,Warszawa,Polska,Pafos,Cypr,unavailable,,,,WAW-PFO,2026-05-01T09:40:43Z
2026-06-12,,165.44,WAW,PFO,2026-05-01,Warszawa,Polska,Pafos,Cypr,price,,,PLN,WAW-PFO,2026-05-01T09:40:43Z
2026-06-13,,,WAW,PFO,2026-05-01,Warszawa,Polska,Pafos,Cypr,unavailable,,,,WAW-PFO,2026-05-01T09:40:43Z
2026-06-14,,188.67,WAW,PFO,2026-05-01,Warszawa,Polska,Pafos,Cypr,price,,,PLN,WAW-PFO,2026-05-01T09:40:43Z
2026-06-15,,,WAW,PFO,2026-05-01,Warszawa,Polska,Pafos,Cypr,unavailable,,,,WAW-PFO,2026-05-01T09:40:43Z
2026-06-16,,,WAW,PFO,2026-05-01,Warszawa,Polska,Pafos,Cypr,unavailable,,,,WAW-PFO,2026-05-01T09:40:43Z
2026-06-17,,,WAW,PFO,2026-05-01,Warszawa,Polska,Pafos,Cypr,unavailable,,,,WAW-PFO,2026-05-01T09:40:43Z
2026-06-18,,,WAW,PFO,2026-05-01,Warszawa,Polska,Pafos,Cypr,unavailable,,,,WAW-PFO,2026-05-01T09:40:43Z
2026-06-19,,164.16,WAW,PFO,2026-05-01,Warszawa,Polska,Pafos,Cypr,price,,,PLN,WAW-PFO,2026-05-01T09:40:43Z
2026-06-20,,,WAW,PFO,2026-05-01,Warszawa,Polska,Pafos,Cypr,unavailable,,,,WAW-PFO,2026-05-01T09:40:43Z
2026-06-21,,164.64,WAW,PFO,2026-05-01,Warszawa,Polska,Pafos,Cypr,price,,,PLN,WAW-PFO,2026-05-01T09:40:43Z
2026-06-22,,,WAW,PFO,2026-05-01,Warszawa,Polska,Pafos,Cypr,unavailable,,,,WAW-PFO,2026-05-01T09:40:43Z
2026-06-23,,,WAW,PFO,2026-05-01,Warszawa,Polska,Pafos,Cypr,unavailable,,,,WAW-PFO,2026-05-01T09:40:43Z
2026-06-24,,,WAW,PFO,2026-05-01,Warszawa,Polska,Pafos,Cypr,unavailable,,,,WAW-PFO,2026-05-01T09:40:43Z
2026-06-25,,,WAW,PFO,2026-05-01,Warszawa,Polska,Pafos,Cypr,unavailable,,,,WAW-PFO,2026-05-01T09:40:43Z
2026-06-26,,188.67,WAW,PFO,2026-05-01,Warszawa,Polska,Pafos,Cypr,price,,,PLN,WAW-PFO,2026-05-01T09:40:43Z
2026-06-27,,,WAW,PFO,2026-05-01,Warszawa,Polska,Pafos,Cypr,unavailable,,,,WAW-PFO,2026-05-01T09:40:43Z
2026-06-28,,188.67,WAW,PFO,2026-05-01,Warszawa,Polska,Pafos,Cypr,price,,,PLN,WAW-PFO,2026-05-01T09:40:43Z
2026-06-29,,,WAW,PFO,2026-05-01,Warszawa,Polska,Pafos,Cypr,unavailable,,,,WAW-PFO,2026-05-01T09:40:43Z
2026-06-30,,,WAW,PFO,2026-05-01,Warszawa,Polska,Pafos,Cypr,unavailable,,,,WAW-PFO,2026-05-01T09:40:43Z
2026-07-01,,,WAW,PFO,2026-05-01,Warszawa,Polska,Pafos,Cypr,unavailable,,,,WAW-PFO,2026-05-01T09:40:43Z
2026-07-02,,,WAW,PFO,2026-05-01,Warszawa,Polska,Pafos,Cypr,unavailable,,,,WAW-PFO,2026-05-01T09:40:43Z
2026-07-03,,144.86,WAW,PFO,2026-05-01,Warszawa,Polska,Pafos,Cypr,price,,,PLN,WAW-PFO,2026-05-01T09:40:43Z
2026-07-04,,,WAW,PFO,2026-05-01,Warszawa,Polska,Pafos,Cypr,unavailable,,,,WAW-PFO,2026-05-01T09:40:43Z
2026-07-05,,177.62,WAW,PFO,2026-05-01,Warszawa,Polska,Pafos,Cypr,price,,,PLN,WAW-PFO,2026-05-01T09:40:43Z
2026-07-06,,,WAW,PFO,2026-05-01,Warszawa,Polska,Pafos,Cypr,unavailable,,,,WAW-PFO,2026-05-01T09:40:43Z
2026-07-07,,,WAW,PFO,2026-05-01,Warszawa,Polska,Pafos,Cypr,unavailable,,,,WAW-PFO,2026-05-01T09:40:43Z
2026-07-08,,,WAW,PFO,2026-05-01,Warszawa,Polska,Pafos,Cypr,unavailable,,,,WAW-PFO,2026-05-01T09:40:43Z
2026-07-09,,,WAW,PFO,2026-05-01,Warszawa,Polska,Pafos,Cypr,unavailable,,,,WAW-PFO,2026-05-01T09:40:43Z
2026-07-10,,145.0,WAW,PFO,2026-05-01,Warszawa,Polska,Pafos,Cypr,price,,,PLN,WAW-PFO,2026-05-01T09:40:43Z
2026-07-11,,,WAW,PFO,2026-05-01,Warszawa,Polska,Pafos,Cypr,unavailable,,,,WAW-PFO,2026-05-01T09:40:43Z
2026-07-12,,207.84,WAW,PFO,2026-05-01,Warszawa,Polska,Pafos,Cypr,price,,,PLN,WAW-PFO,2026-05-01T09:40:43Z
2026-07-13,,,WAW,PFO,2026-05-01,Warszawa,Polska,Pafos,Cypr,unavailable,,,,WAW-PFO,2026-05-01T09:40:43Z
2026-07-14,,,WAW,PFO,2026-05-01,Warszawa,Polska,Pafos,Cypr,unavailable,,,,WAW-PFO,2026-05-01T09:40:43Z
2026-07-15,,,WAW,PFO,2026-05-01,Warszawa,Polska,Pafos,Cypr,unavailable,,,,WAW-PFO,2026-05-01T09:40:43Z
2026-07-16,,,WAW,PFO,2026-05-01,Warszawa,Polska,Pafos,Cypr,unavailable,,,,WAW-PFO,2026-05-01T09:40:43Z
2026-07-17,,239.19,WAW,PFO,2026-05-01,Warszawa,Polska,Pafos,Cypr,price,,,PLN,WAW-PFO,2026-05-01T09:40:43Z
2026-07-18,,,WAW,PFO,2026-05-01,Warszawa,Polska,Pafos,Cypr,unavailable,,,,WAW-PFO,2026-05-01T09:40:43Z
2026-07-19,,481.53,WAW,PFO,2026-05-01,Warszawa,Polska,Pafos,Cypr,price,,,PLN,WAW-PFO,2026-05-01T09:40:43Z
2026-07-20,,,WAW,PFO,2026-05-01,Warszawa,Polska,Pafos,Cypr,unavailable,,,,WAW-PFO,2026-05-01T09:40:43Z
2026-07-21,,,WAW,PFO,2026-05-01,Warszawa,Polska,Pafos,Cypr,unavailable,,,,WAW-PFO,2026-05-01T09:40:43Z
2026-07-22,,,WAW,PFO,2026-05-01,Warszawa,Polska,Pafos,Cypr,unavailable,,,,WAW-PFO,2026-05-01T09:40:43Z
2026-07-23,,,WAW,PFO,2026-05-01,Warszawa,Polska,Pafos,Cypr,unavailable,,,,WAW-PFO,2026-05-01T09:40:43Z
2026-07-24,,145.0,WAW,PFO,2026-05-01,Warszawa,Polska,Pafos,Cypr,price,,,PLN,WAW-PFO,2026-05-01T09:40:43Z
2026-07-25,,,WAW,PFO,2026-05-01,Warszawa,Polska,Pafos,Cypr,unavailable,,,,WAW-PFO,2026-05-01T09:40:43Z
2026-07-26,,171.11,WAW,PFO,2026-05-01,Warszawa,Polska,Pafos,Cypr,price,,,PLN,WAW-PFO,2026-05-01T09:40:43Z
2026-07-27,,,WAW,PFO,2026-05-01,Warszawa,Polska,Pafos,Cypr,unavailable,,,,WAW-PFO,2026-05-01T09:40:43Z
2026-07-28,,,WAW,PFO,2026-05-01,Warszawa,Polska,Pafos,Cypr,unavailable,,,,WAW-PFO,2026-05-01T09:40:43Z
2026-07-29,,,WAW,PFO,2026-05-01,Warszawa,Polska,Pafos,Cypr,unavailable,,,,WAW-PFO,2026-05-01T09:40:43Z
2026-07-30,,,WAW,PFO,2026-05-01,Warszawa,Polska,Pafos,Cypr,unavailable,,,,WAW-PFO,2026-05-01T09:40:43Z
2026-07-31,,145.0,WAW,PFO,2026-05-01,Warszawa,Polska,Pafos,Cypr,price,,,PLN,WAW-PFO,2026-05-01T09:40:43Z
2026-08-01,,,WAW,PFO,2026-05-01,Warszawa,Polska,Pafos,Cypr,unavailable,,,,WAW-PFO,2026-05-01T09:40:43Z
2026-08-02,,207.84,WAW,PFO,2026-05-01,Warszawa,Polska,Pafos,Cypr,price,,,PLN,WAW-PFO,2026-05-01T09:40:43Z
2026-08-03,,,WAW,PFO,2026-05-01,Warszawa,Polska,Pafos,Cypr,unavailable,,,,WAW-PFO,2026-05-01T09:40:43Z
2026-08-04,,,WAW,PFO,2026-05-01,Warszawa,Polska,Pafos,Cypr,unavailable,,,,WAW-PFO,2026-05-01T09:40:43Z
2026-08-05,,,WAW,PFO,2026-05-01,Warszawa,Polska,Pafos,Cypr,unavailable,,,,WAW-PFO,2026-05-01T09:40:43Z
2026-08-06,,,WAW,PFO,2026-05-01,Warszawa,Polska,Pafos,Cypr,unavailable,,,,WAW-PFO,2026-05-01T09:40:43Z
2026-08-07,,171.11,WAW,PFO,2026-05-01,Warszawa,Polska,Pafos,Cypr,price,,,PLN,WAW-PFO,2026-05-01T09:40:43Z
2026-08-08,,,WAW,PFO,2026-05-01,Warszawa,Polska,Pafos,Cypr,unavailable,,,,WAW-PFO,2026-05-01T09:40:43Z
2026-08-09,,243.5,WAW,PFO,2026-05-01,Warszawa,Polska,Pafos,Cypr,price,,,PLN,WAW-PFO,2026-05-01T09:40:43Z
2026-08-10,,,WAW,PFO,2026-05-01,Warszawa,Polska,Pafos,Cypr,unavailable,,,,WAW-PFO,2026-05-01T09:40:43Z
2026-08-11,,,WAW,PFO,2026-05-01,Warszawa,Polska,Pafos,Cypr,unavailable,,,,WAW-PFO,2026-05-01T09:40:43Z
2026-08-12,,,WAW,PFO,2026-05-01,Warszawa,Polska,Pafos,Cypr,unavailable,,,,WAW-PFO,2026-05-01T09:40:43Z
2026-08-13,,,WAW,PFO,2026-05-01,Warszawa,Polska,Pafos,Cypr,unavailable,,,,WAW-PFO,2026-05-01T09:40:43Z
2026-08-14,,305.35,WAW,PFO,2026-05-01,Warszawa,Polska,Pafos,Cypr,price,,,PLN,WAW-PFO,2026-05-01T09:40:43Z
2026-08-15,,,WAW,PFO,2026-05-01,Warszawa,Polska,Pafos,Cypr,unavailable,,,,WAW-PFO,2026-05-01T09:40:43Z
2026-08-16,,258.57,WAW,PFO,2026-05-01,Warszawa,Polska,Pafos,Cypr,price,,,PLN,WAW-PFO,2026-05-01T09:40:43Z
2026-08-17,,,WAW,PFO,2026-05-01,Warszawa,Polska,Pafos,Cypr,unavailable,,,,WAW-PFO,2026-05-01T09:40:43Z
2026-08-18,,,WAW,PFO,2026-05-01,Warszawa,Polska,Pafos,Cypr,unavailable,,,,WAW-PFO,2026-05-01T09:40:43Z
2026-08-19,,,WAW,PFO,2026-05-01,Warszawa,Polska,Pafos,Cypr,unavailable,,,,WAW-PFO,2026-05-01T09:40:43Z
2026-08-20,,,WAW,PFO,2026-05-01,Warszawa,Polska,Pafos,Cypr,unavailable,,,,WAW-PFO,2026-05-01T09:40:43Z
2026-08-21,,267.46,WAW,PFO,2026-05-01,Warszawa,Polska,Pafos,Cypr,price,,,PLN,WAW-PFO,2026-05-01T09:40:43Z
2026-08-22,,,WAW,PFO,2026-05-01,Warszawa,Polska,Pafos,Cypr,unavailable,,,,WAW-PFO,2026-05-01T09:40:43Z
2026-08-23,,207.84,WAW,PFO,2026-05-01,Warszawa,Polska,Pafos,Cypr,price,,,PLN,WAW-PFO,2026-05-01T09:40:43Z
2026-08-24,,,WAW,PFO,2026-05-01,Warszawa,Polska,Pafos,Cypr,unavailable,,,,WAW-PFO,2026-05-01T09:40:43Z
2026-08-25,,,WAW,PFO,2026-05-01,Warszawa,Polska,Pafos,Cypr,unavailable,,,,WAW-PFO,2026-05-01T09:40:43Z
2026-08-26,,,WAW,PFO,2026-05-01,Warszawa,Polska,Pafos,Cypr,unavailable,,,,WAW-PFO,2026-05-01T09:40:43Z
2026-08-27,,,WAW,PFO,2026-05-01,Warszawa,Polska,Pafos,Cypr,unavailable,,,,WAW-PFO,2026-05-01T09:40:43Z
2026-08-28,,171.11,WAW,PFO,2026-05-01,Warszawa,Polska,Pafos,Cypr,price,,,PLN,WAW-PFO,2026-05-01T09:40:43Z
2026-08-29,,,WAW,PFO,2026-05-01,Warszawa,Polska,Pafos,Cypr,unavailable,,,,WAW-PFO,2026-05-01T09:40:43Z
2026-08-30,,177.62,WAW,PFO,2026-05-01,Warszawa,Polska,Pafos,Cypr,price,,,PLN,WAW-PFO,2026-05-01T09:40:43Z
2026-08-31,,,WAW,PFO,2026-05-01,Warszawa,Polska,Pafos,Cypr,unavailable,,,,WAW-PFO,2026-05-01T09:40:43Z
2026-05-01,,556.82,PFO,WAW,2026-05-01,Pafos,Cypr,Warszawa,Polska,price,,,PLN,PFO-WAW,2026-05-01T09:40:43Z
2026-05-02,,,PFO,WAW,2026-05-01,Pafos,Cypr,Warszawa,Polska,unavailable,,,,PFO-WAW,2026-05-01T09:40:43Z
2026-05-03,,551.0,PFO,WAW,2026-05-01,Pafos,Cypr,Warszawa,Polska,price,,,PLN,PFO-WAW,2026-05-01T09:40:43Z
2026-05-04,,,PFO,WAW,2026-05-01,Pafos,Cypr,Warszawa,Polska,unavailable,,,,PFO-WAW,2026-05-01T09:40:43Z
2026-05-05,,,PFO,WAW,2026-05-01,Pafos,Cypr,Warszawa,Polska,unavailable,,,,PFO-WAW,2026-05-01T09:40:43Z
2026-05-06,,,PFO,WAW,2026-05-01,Pafos,Cypr,Warszawa,Polska,unavailable,,,,PFO-WAW,2026-05-01T09:40:43Z
2026-05-07,,,PFO,WAW,2026-05-01,Pafos,Cypr,Warszawa,Polska,unavailable,,,,PFO-WAW,2026-05-01T09:40:43Z
2026-05-08,,139.0,PFO,WAW,2026-05-01,Pafos,Cypr,Warszawa,Polska,price,,,PLN,PFO-WAW,2026-05-01T09:40:43Z
2026-05-09,,,PFO,WAW,2026-05-01,Pafos,Cypr,Warszawa,Polska,unavailable,,,,PFO-WAW,2026-05-01T09:40:43Z
2026-05-10,,293.94,PFO,WAW,2026-05-01,Pafos,Cypr,Warszawa,Polska,price,,,PLN,PFO-WAW,2026-05-01T09:40:43Z
2026-05-11,,,PFO,WAW,2026-05-01,Pafos,Cypr,Warszawa,Polska,unavailable,,,,PFO-WAW,2026-05-01T09:40:43Z
2026-05-12,,,PFO,WAW,2026-05-01,Pafos,Cypr,Warszawa,Polska,unavailable,,,,PFO-WAW,2026-05-01T09:40:43Z
2026-05-13,,,PFO,WAW,2026-05-01,Pafos,Cypr,Warszawa,Polska,unavailable,,,,PFO-WAW,2026-05-01T09:40:43Z
2026-05-14,,,PFO,WAW,2026-05-01,Pafos,Cypr,Warszawa,Polska,unavailable,,,,PFO-WAW,2026-05-01T09:40:43Z
2026-05-15,,164.64,PFO,WAW,2026-05-01,Pafos,Cypr,Warszawa,Polska,price,,,PLN,PFO-WAW,2026-05-01T09:40:43Z
2026-05-16,,,PFO,WAW,2026-05-01,Pafos,Cypr,Warszawa,Polska,unavailable,,,,PFO-WAW,2026-05-01T09:40:43Z
2026-05-17,,257.33,PFO,WAW,2026-05-01,Pafos,Cypr,Warszawa,Polska,price,,,PLN,PFO-WAW,2026-05-01T09:40:43Z
2026-05-18,,,PFO,WAW,2026-05-01,Pafos,Cypr,Warszawa,Polska,unavailable,,,,PFO-WAW,2026-05-01T09:40:43Z
2026-05-19,,,PFO,WAW,2026-05-01,Pafos,Cypr,Warszawa,Polska,unavailable,,,,PFO-WAW,2026-05-01T09:40:43Z
2026-05-20,,,PFO,WAW,2026-05-01,Pafos,Cypr,Warszawa,Polska,unavailable,,,,PFO-WAW,2026-05-01T09:40:43Z
2026-05-21,,,PFO,WAW,2026-05-01,Pafos,Cypr,Warszawa,Polska,unavailable,,,,PFO-WAW,2026-05-01T09:40:43Z
2026-05-22,,139.0,PFO,WAW,2026-05-01,Pafos,Cypr,Warszawa,Polska,price,,,PLN,PFO-WAW,2026-05-01T09:40:43Z
2026-05-23,,,PFO,WAW,2026-05-01,Pafos,Cypr,Warszawa,Polska,unavailable,,,,PFO-WAW,2026-05-01T09:40:43Z
2026-05-24,,293.94,PFO,WAW,2026-05-01,Pafos,Cypr,Warszawa,Polska,price,,,PLN,PFO-WAW,2026-05-01T09:40:43Z
2026-05-25,,,PFO,WAW,2026-05-01,Pafos,Cypr,Warszawa,Polska,unavailable,,,,PFO-WAW,2026-05-01T09:40:43Z
2026-05-26,,,PFO,WAW,2026-05-01,Pafos,Cypr,Warszawa,Polska,unavailable,,,,PFO-WAW,2026-05-01T09:40:43Z
2026-05-27,,,PFO,WAW,2026-05-01,Pafos,Cypr,Warszawa,Polska,unavailable,,,,PFO-WAW,2026-05-01T09:40:43Z
2026-05-28,,,PFO,WAW,2026-05-01,Pafos,Cypr,Warszawa,Polska,unavailable,,,,PFO-WAW,2026-05-01T09:40:43Z
2026-05-29,,176.47,PFO,WAW,2026-05-01,Pafos,Cypr,Warszawa,Polska,price,,,PLN,PFO-WAW,2026-05-01T09:40:43Z
2026-05-30,,,PFO,WAW,2026-05-01,Pafos,Cypr,Warszawa,Polska,unavailable,,,,PFO-WAW,2026-05-01T09:40:43Z
2026-05-31,,293.94,PFO,WAW,2026-05-01,Pafos,Cypr,Warszawa,Polska,price,,,PLN,PFO-WAW,2026-05-01T09:40:43Z
2026-06-01,,,PFO,WAW,2026-05-01,Pafos,Cypr,Warszawa,Polska,unavailable,,,,PFO-WAW,2026-05-01T09:40:43Z
2026-06-02,,,PFO,WAW,2026-05-01,Pafos,Cypr,Warszawa,Polska,unavailable,,,,PFO-WAW,2026-05-01T09:40:43Z
2026-06-03,,,PFO,WAW,2026-05-01,Pafos,Cypr,Warszawa,Polska,unavailable,,,,PFO-WAW,2026-05-01T09:40:43Z
2026-06-04,,,PFO,WAW,2026-05-01,Pafos,Cypr,Warszawa,Polska,unavailable,,,,PFO-WAW,2026-05-01T09:40:43Z
2026-06-05,,188.67,PFO,WAW,2026-05-01,Pafos,Cypr,Warszawa,Polska,price,,,PLN,PFO-WAW,2026-05-01T09:40:43Z
2026-06-06,,,PFO,WAW,2026-05-01,Pafos,Cypr,Warszawa,Polska,unavailable,,,,PFO-WAW,2026-05-01T09:40:43Z
2026-06-07,,393.0,PFO,WAW,2026-05-01,Pafos,Cypr,Warszawa,Polska,price,,,PLN,PFO-WAW,2026-05-01T09:40:43Z
2026-06-08,,,PFO,WAW,2026-05-01,Pafos,Cypr,Warszawa,Polska,unavailable,,,,PFO-WAW,2026-05-01T09:40:43Z
2026-06-09,,,PFO,WAW,2026-05-01,Pafos,Cypr,Warszawa,Polska,unavailable,,,,PFO-WAW,2026-05-01T09:40:43Z
2026-06-10,,,PFO,WAW,2026-05-01,Pafos,Cypr,Warszawa,Polska,unavailable,,,,PFO-WAW,2026-05-01T09:40:43Z
2026-06-11,,,PFO,WAW,2026-05-01,Pafos,Cypr,Warszawa,Polska,unavailable,,,,PFO-WAW,2026-05-01T09:40:43Z
2026-06-12,,139.32,PFO,WAW,2026-05-01,Pafos,Cypr,Warszawa,Polska,price,,,PLN,PFO-WAW,2026-05-01T09:40:43Z
2026-06-13,,,PFO,WAW,2026-05-01,Pafos,Cypr,Warszawa,Polska,unavailable,,,,PFO-WAW,2026-05-01T09:40:43Z
2026-06-14,,308.0,PFO,WAW,2026-05-01,Pafos,Cypr,Warszawa,Polska,price,,,PLN,PFO-WAW,2026-05-01T09:40:43Z
2026-06-15,,,PFO,WAW,2026-05-01,Pafos,Cypr,Warszawa,Polska,unavailable,,,,PFO-WAW,2026-05-01T09:40:43Z
2026-06-16,,,PFO,WAW,2026-05-01,Pafos,Cypr,Warszawa,Polska,unavailable,,,,PFO-WAW,2026-05-01T09:40:43Z
2026-06-17,,,PFO,WAW,2026-05-01,Pafos,Cypr,Warszawa,Polska,unavailable,,,,PFO-WAW,2026-05-01T09:40:43Z
2026-06-18,,,PFO,WAW,2026-05-01,Pafos,Cypr,Warszawa,Polska,unavailable,,,,PFO-WAW,2026-05-01T09:40:43Z
2026-06-19,,145.0,PFO,WAW,2026-05-01,Pafos,Cypr,Warszawa,Polska,price,,,PLN,PFO-WAW,2026-05-01T09:40:43Z
2026-06-20,,,PFO,WAW,2026-05-01,Pafos,Cypr,Warszawa,Polska,unavailable,,,,PFO-WAW,2026-05-01T09:40:43Z
2026-06-21,,265.0,PFO,WAW,2026-05-01,Pafos,Cypr,Warszawa,Polska,price,,,PLN,PFO-WAW,2026-05-01T09:40:43Z
2026-06-22,,,PFO,WAW,2026-05-01,Pafos,Cypr,Warszawa,Polska,unavailable,,,,PFO-WAW,2026-05-01T09:40:43Z
2026-06-23,,,PFO,WAW,2026-05-01,Pafos,Cypr,Warszawa,Polska,unavailable,,,,PFO-WAW,2026-05-01T09:40:43Z
2026-06-24,,,PFO,WAW,2026-05-01,Pafos,Cypr,Warszawa,Polska,unavailable,,,,PFO-WAW,2026-05-01T09:40:43Z
2026-06-25,,,PFO,WAW,2026-05-01,Pafos,Cypr,Warszawa,Polska,unavailable,,,,PFO-WAW,2026-05-01T09:40:43Z
2026-06-26,,164.64,PFO,WAW,2026-05-01,Pafos,Cypr,Warszawa,Polska,price,,,PLN,PFO-WAW,2026-05-01T09:40:43Z
2026-06-27,,,PFO,WAW,2026-05-01,Pafos,Cypr,Warszawa,Polska,unavailable,,,,PFO-WAW,2026-05-01T09:40:43Z
2026-06-28,,188.67,PFO,WAW,2026-05-01,Pafos,Cypr,Warszawa,Polska,price,,,PLN,PFO-WAW,2026-05-01T09:40:43Z
2026-06-29,,,PFO,WAW,2026-05-01,Pafos,Cypr,Warszawa,Polska,unavailable,,,,PFO-WAW,2026-05-01T09:40:43Z
2026-06-30,,,PFO,WAW,2026-05-01,Pafos,Cypr,Warszawa,Polska,unavailable,,,,PFO-WAW,2026-05-01T09:40:43Z
2026-07-01,,,PFO,WAW,2026-05-01,Pafos,Cypr,Warszawa,Polska,unavailable,,,,PFO-WAW,2026-05-01T09:40:43Z
2026-07-02,,,PFO,WAW,2026-05-01,Pafos,Cypr,Warszawa,Polska,unavailable,,,,PFO-WAW,2026-05-01T09:40:43Z
2026-07-03,,290.29,PFO,WAW,2026-05-01,Pafos,Cypr,Warszawa,Polska,price,,,PLN,PFO-WAW,2026-05-01T09:40:43Z
2026-07-04,,,PFO,WAW,2026-05-01,Pafos,Cypr,Warszawa,Polska,unavailable,,,,PFO-WAW,2026-05-01T09:40:43Z
2026-07-05,,290.29,PFO,WAW,2026-05-01,Pafos,Cypr,Warszawa,Polska,price,,,PLN,PFO-WAW,2026-05-01T09:40:43Z
2026-07-06,,,PFO,WAW,2026-05-01,Pafos,Cypr,Warszawa,Polska,unavailable,,,,PFO-WAW,2026-05-01T09:40:43Z
2026-07-07,,,PFO,WAW,2026-05-01,Pafos,Cypr,Warszawa,Polska,unavailable,,,,PFO-WAW,2026-05-01T09:40:43Z
2026-07-08,,,PFO,WAW,2026-05-01,Pafos,Cypr,Warszawa,Polska,unavailable,,,,PFO-WAW,2026-05-01T09:40:43Z
2026-07-09,,,PFO,WAW,2026-05-01,Pafos,Cypr,Warszawa,Polska,unavailable,,,,PFO-WAW,2026-05-01T09:40:43Z
2026-07-10,,323.2,PFO,WAW,2026-05-01,Pafos,Cypr,Warszawa,Polska,price,,,PLN,PFO-WAW,2026-05-01T09:40:43Z
2026-07-11,,,PFO,WAW,2026-05-01,Pafos,Cypr,Warszawa,Polska,unavailable,,,,PFO-WAW,2026-05-01T09:40:43Z
2026-07-12,,418.42,PFO,WAW,2026-05-01,Pafos,Cypr,Warszawa,Polska,price,,,PLN,PFO-WAW,2026-05-01T09:40:43Z
2026-07-13,,,PFO,WAW,2026-05-01,Pafos,Cypr,Warszawa,Polska,unavailable,,,,PFO-WAW,2026-05-01T09:40:43Z
2026-07-14,,,PFO,WAW,2026-05-01,Pafos,Cypr,Warszawa,Polska,unavailable,,,,PFO-WAW,2026-05-01T09:40:43Z
2026-07-15,,,PFO,WAW,2026-05-01,Pafos,Cypr,Warszawa,Polska,unavailable,,,,PFO-WAW,2026-05-01T09:40:43Z
2026-07-16,,,PFO,WAW,2026-05-01,Pafos,Cypr,Warszawa,Polska,unavailable,,,,PFO-WAW,2026-05-01T09:40:43Z
2026-07-17,,527.04,PFO,WAW,2026-05-01,Pafos,Cypr,Warszawa,Polska,price,,,PLN,PFO-WAW,2026-05-01T09:40:43Z
2026-07-18,,,PFO,WAW,2026-05-01,Pafos,Cypr,Warszawa,Polska,unavailable,,,,PFO-WAW,2026-05-01T09:40:43Z
2026-07-19,,300.42,PFO,WAW,2026-05-01,Pafos,Cypr,Warszawa,Polska,price,,,PLN,PFO-WAW,2026-05-01T09:40:43Z
2026-07-20,,,PFO,WAW,2026-05-01,Pafos,Cypr,Warszawa,Polska,unavailable,,,,PFO-WAW,2026-05-01T09:40:43Z
2026-07-21,,,PFO,WAW,2026-05-01,Pafos,Cypr,Warszawa,Polska,unavailable,,,,PFO-WAW,2026-05-01T09:40:43Z
2026-07-22,,,PFO,WAW,2026-05-01,Pafos,Cypr,Warszawa,Polska,unavailable,,,,PFO-WAW,2026-05-01T09:40:43Z
2026-07-23,,,PFO,WAW,2026-05-01,Pafos,Cypr,Warszawa,Polska,unavailable,,,,PFO-WAW,2026-05-01T09:40:43Z
2026-07-24,,286.5,PFO,WAW,2026-05-01,Pafos,Cypr,Warszawa,Polska,price,,,PLN,PFO-WAW,2026-05-01T09:40:43Z
2026-07-25,,,PFO,WAW,2026-05-01,Pafos,Cypr,Warszawa,Polska,unavailable,,,,PFO-WAW,2026-05-01T09:40:43Z
2026-07-26,,277.9,PFO,WAW,2026-05-01,Pafos,Cypr,Warszawa,Polska,price,,,PLN,PFO-WAW,2026-05-01T09:40:43Z
2026-07-27,,,PFO,WAW,2026-05-01,Pafos,Cypr,Warszawa,Polska,unavailable,,,,PFO-WAW,2026-05-01T09:40:43Z
2026-07-28,,,PFO,WAW,2026-05-01,Pafos,Cypr,Warszawa,Polska,unavailable,,,,PFO-WAW,2026-05-01T09:40:43Z
2026-07-29,,,PFO,WAW,2026-05-01,Pafos,Cypr,Warszawa,Polska,unavailable,,,,PFO-WAW,2026-05-01T09:40:43Z
2026-07-30,,,PFO,WAW,2026-05-01,Pafos,Cypr,Warszawa,Polska,unavailable,,,,PFO-WAW,2026-05-01T09:40:43Z
2026-07-31,,249.97,PFO,WAW,2026-05-01,Pafos,Cypr,Warszawa,Polska,price,,,PLN,PFO-WAW,2026-05-01T09:40:43Z
2026-08-01,,,PFO,WAW,2026-05-01,Pafos,Cypr,Warszawa,Polska,unavailable,,,,PFO-WAW,2026-05-01T09:40:43Z
2026-08-02,,373.83,PFO,WAW,2026-05-01,Pafos,Cypr,Warszawa,Polska,price,,,PLN,PFO-WAW,2026-05-01T09:40:43Z
2026-08-03,,,PFO,WAW,2026-05-01,Pafos,Cypr,Warszawa,Polska,unavailable,,,,PFO-WAW,2026-05-01T09:40:43Z
2026-08-04,,,PFO,WAW,2026-05-01,Pafos,Cypr,Warszawa,Polska,unavailable,,,,PFO-WAW,2026-05-01T09:40:43Z
2026-08-05,,,PFO,WAW,2026-05-01,Pafos,Cypr,Warszawa,Polska,unavailable,,,,PFO-WAW,2026-05-01T09:40:43Z
2026-08-06,,,PFO,WAW,2026-05-01,Pafos,Cypr,Warszawa,Polska,unavailable,,,,PFO-WAW,2026-05-01T09:40:43Z
2026-08-07,,230.59,PFO,WAW,2026-05-01,Pafos,Cypr,Warszawa,Polska,price,,,PLN,PFO-WAW,2026-05-01T09:40:43Z
2026-08-08,,,PFO,WAW,2026-05-01,Pafos,Cypr,Warszawa,Polska,unavailable,,,,PFO-WAW,2026-05-01T09:40:43Z
2026-08-09,,379.53,PFO,WAW,2026-05-01,Pafos,Cypr,Warszawa,Polska,price,,,PLN,PFO-WAW,2026-05-01T09:40:43Z
2026-08-10,,,PFO,WAW,2026-05-01,Pafos,Cypr,Warszawa,Polska,unavailable,,,,PFO-WAW,2026-05-01T09:40:43Z
2026-08-11,,,PFO,WAW,2026-05-01,Pafos,Cypr,Warszawa,Polska,unavailable,,,,PFO-WAW,2026-05-01T09:40:43Z
2026-08-12,,,PFO,WAW,2026-05-01,Pafos,Cypr,Warszawa,Polska,unavailable,,,,PFO-WAW,2026-05-01T09:40:43Z
2026-08-13,,,PFO,WAW,2026-05-01,Pafos,Cypr,Warszawa,Polska,unavailable,,,,PFO-WAW,2026-05-01T09:40:43Z
2026-08-14,,305.35,PFO,WAW,2026-05-01,Pafos,Cypr,Warszawa,Polska,price,,,PLN,PFO-WAW,2026-05-01T09:40:43Z
2026-08-15,,,PFO,WAW,2026-05-01,Pafos,Cypr,Warszawa,Polska,unavailable,,,,PFO-WAW,2026-05-01T09:40:43Z
2026-08-16,,379.53,PFO,WAW,2026-05-01,Pafos,Cypr,Warszawa,Polska,price,,,PLN,PFO-WAW,2026-05-01T09:40:43Z
2026-08-17,,,PFO,WAW,2026-05-01,Pafos,Cypr,Warszawa,Polska,unavailable,,,,PFO-WAW,2026-05-01T09:40:43Z
2026-08-18,,,PFO,WAW,2026-05-01,Pafos,Cypr,Warszawa,Polska,unavailable,,,,PFO-WAW,2026-05-01T09:40:43Z
2026-08-19,,,PFO,WAW,2026-05-01,Pafos,Cypr,Warszawa,Polska,unavailable,,,,PFO-WAW,2026-05-01T09:40:43Z
2026-08-20,,,PFO,WAW,2026-05-01,Pafos,Cypr,Warszawa,Polska,unavailable,,,,PFO-WAW,2026-05-01T09:40:43Z
2026-08-21,,322.47,PFO,WAW,2026-05-01,Pafos,Cypr,Warszawa,Polska,price,,,PLN,PFO-WAW,2026-05-01T09:40:43Z
2026-08-22,,,PFO,WAW,2026-05-01,Pafos,Cypr,Warszawa,Polska,unavailable,,,,PFO-WAW,2026-05-01T09:40:43Z
2026-08-23,,277.9,PFO,WAW,2026-05-01,Pafos,Cypr,Warszawa,Polska,price,,,PLN,PFO-WAW,2026-05-01T09:40:43Z
2026-08-24,,,PFO,WAW,2026-05-01,Pafos,Cypr,Warszawa,Polska,unavailable,,,,PFO-WAW,2026-05-01T09:40:43Z
2026-08-25,,,PFO,WAW,2026-05-01,Pafos,Cypr,Warszawa,Polska,unavailable,,,,PFO-WAW,2026-05-01T09:40:43Z
2026-08-26,,,PFO,WAW,2026-05-01,Pafos,Cypr,Warszawa,Polska,unavailable,,,,PFO-WAW,2026-05-01T09:40:43Z
2026-08-27,,,PFO,WAW,2026-05-01,Pafos,Cypr,Warszawa,Polska,unavailable,,,,PFO-WAW,2026-05-01T09:40:43Z
2026-08-28,,150.39,PFO,WAW,2026-05-01,Pafos,Cypr,Warszawa,Polska,price,,,PLN,PFO-WAW,2026-05-01T09:40:43Z
2026-08-29,,,PFO,WAW,2026-05-01,Pafos,Cypr,Warszawa,Polska,unavailable,,,,PFO-WAW,2026-05-01T09:40:43Z
2026-08-30,,300.42,PFO,WAW,2026-05-01,Pafos,Cypr,Warszawa,Polska,price,,,PLN,PFO-WAW,2026-05-01T09:40:43Z
2026-08-31,,,PFO,WAW,2026-05-01,Pafos,Cypr,Warszawa,Polska,unavailable,,,,PFO-WAW,2026-05-01T09:40:43Z
2026-05-01,,,WAW,PMI,2026-05-01,Warszawa,Polska,Majorka,Hiszpania,unavailable,,,,WAW-PMI,2026-05-01T09:40:43Z
2026-05-02,,753.69,WAW,PMI,2026-05-01,Warszawa,Polska,Majorka,Hiszpania,price,,,PLN,WAW-PMI,2026-05-01T09:40:43Z
2026-05-03,,,WAW,PMI,2026-05-01,Warszawa,Polska,Majorka,Hiszpania,unavailable,,,,WAW-PMI,2026-05-01T09:40:43Z
2026-05-04,,,WAW,PMI,2026-05-01,Warszawa,Polska,Majorka,Hiszpania,unavailable,,,,WAW-PMI,2026-05-01T09:40:43Z
2026-05-05,,357.66,WAW,PMI,2026-05-01,Warszawa,Polska,Majorka,Hiszpania,price,,,PLN,WAW-PMI,2026-05-01T09:40:43Z
2026-05-06,,,WAW,PMI,2026-05-01,Warszawa,Polska,Majorka,Hiszpania,unavailable,,,,WAW-PMI,2026-05-01T09:40:43Z
2026-05-07,,319.34,WAW,PMI,2026-05-01,Warszawa,Polska,Majorka,Hiszpania,price,,,PLN,WAW-PMI,2026-05-01T09:40:43Z
2026-05-08,,333.55,WAW,PMI,2026-05-01,Warszawa,Polska,Majorka,Hiszpania,price,,,PLN,WAW-PMI,2026-05-01T09:40:43Z
2026-05-09,,779.24,WAW,PMI,2026-05-01,Warszawa,Polska,Majorka,Hiszpania,price,,,PLN,WAW-PMI,2026-05-01T09:40:43Z
2026-05-10,,164.64,WAW,PMI,2026-05-01,Warszawa,Polska,Majorka,Hiszpania,price,,,PLN,WAW-PMI,2026-05-01T09:40:43Z
2026-05-11,,,WAW,PMI,2026-05-01,Warszawa,Polska,Majorka,Hiszpania,unavailable,,,,WAW-PMI,2026-05-01T09:40:43Z
2026-05-12,,146.02,WAW,PMI,2026-05-01,Warszawa,Polska,Majorka,Hiszpania,price,,,PLN,WAW-PMI,2026-05-01T09:40:43Z
2026-05-13,,,WAW,PMI,2026-05-01,Warszawa,Polska,Majorka,Hiszpania,unavailable,,,,WAW-PMI,2026-05-01T09:40:43Z
2026-05-14,,188.67,WAW,PMI,2026-05-01,Warszawa,Polska,Majorka,Hiszpania,price,,,PLN,WAW-PMI,2026-05-01T09:40:43Z
2026-05-15,,351.0,WAW,PMI,2026-05-01,Warszawa,Polska,Majorka,Hiszpania,price,,,PLN,WAW-PMI,2026-05-01T09:40:43Z
2026-05-16,,510.97,WAW,PMI,2026-05-01,Warszawa,Polska,Majorka,Hiszpania,price,,,PLN,WAW-PMI,2026-05-01T09:40:43Z
2026-05-17,,188.67,WAW,PMI,2026-05-01,Warszawa,Polska,Majorka,Hiszpania,price,,,PLN,WAW-PMI,2026-05-01T09:40:43Z
2026-05-18,,,WAW,PMI,2026-05-01,Warszawa,Polska,Majorka,Hiszpania,unavailable,,,,WAW-PMI,2026-05-01T09:40:43Z
2026-05-19,,212.88,WAW,PMI,2026-05-01,Warszawa,Polska,Majorka,Hiszpania,price,,,PLN,WAW-PMI,2026-05-01T09:40:43Z
2026-05-20,,,WAW,PMI,2026-05-01,Warszawa,Polska,Majorka,Hiszpania,unavailable,,,,WAW-PMI,2026-05-01T09:40:43Z
2026-05-21,,257.33,WAW,PMI,2026-05-01,Warszawa,Polska,Majorka,Hiszpania,price,,,PLN,WAW-PMI,2026-05-01T09:40:43Z
2026-05-22,,438.57,WAW,PMI,2026-05-01,Warszawa,Polska,Majorka,Hiszpania,price,,,PLN,WAW-PMI,2026-05-01T09:40:43Z
2026-05-23,,329.55,WAW,PMI,2026-05-01,Warszawa,Polska,Majorka,Hiszpania,price,,,PLN,WAW-PMI,2026-05-01T09:40:43Z
2026-05-24,,257.33,WAW,PMI,2026-05-01,Warszawa,Polska,Majorka,Hiszpania,price,,,PLN,WAW-PMI,2026-05-01T09:40:43Z
2026-05-25,,,WAW,PMI,2026-05-01,Warszawa,Polska,Majorka,Hiszpania,unavailable,,,,WAW-PMI,2026-05-01T09:40:43Z
2026-05-26,,188.67,WAW,PMI,2026-05-01,Warszawa,Polska,Majorka,Hiszpania,price,,,PLN,WAW-PMI,2026-05-01T09:40:43Z
2026-05-27,,,WAW,PMI,2026-05-01,Warszawa,Polska,Majorka,Hiszpania,unavailable,,,,WAW-PMI,2026-05-01T09:40:43Z
2026-05-28,,183.07,WAW,PMI,2026-05-01,Warszawa,Polska,Majorka,Hiszpania,price,,,PLN,WAW-PMI,2026-05-01T09:40:43Z
2026-05-29,,340.63,WAW,PMI,2026-05-01,Warszawa,Polska,Majorka,Hiszpania,price,,,PLN,WAW-PMI,2026-05-01T09:40:43Z
2026-05-30,,473.4,WAW,PMI,2026-05-01,Warszawa,Polska,Majorka,Hiszpania,price,,,PLN,WAW-PMI,2026-05-01T09:40:43Z
2026-05-31,,188.67,WAW,PMI,2026-05-01,Warszawa,Polska,Majorka,Hiszpania,price,,,PLN,WAW-PMI,2026-05-01T09:40:43Z
2026-06-01,,,WAW,PMI,2026-05-01,Warszawa,Polska,Majorka,Hiszpania,unavailable,,,,WAW-PMI,2026-05-01T09:40:43Z
2026-06-02,,310.82,WAW,PMI,2026-05-01,Warszawa,Polska,Majorka,Hiszpania,price,,,PLN,WAW-PMI,2026-05-01T09:40:43Z
2026-06-03,,,WAW,PMI,2026-05-01,Warszawa,Polska,Majorka,Hiszpania,unavailable,,,,WAW-PMI,2026-05-01T09:40:43Z
2026-06-04,,351.0,WAW,PMI,2026-05-01,Warszawa,Polska,Majorka,Hiszpania,price,,,PLN,WAW-PMI,2026-05-01T09:40:43Z
2026-06-05,,381.29,WAW,PMI,2026-05-01,Warszawa,Polska,Majorka,Hiszpania,price,,,PLN,WAW-PMI,2026-05-01T09:40:43Z
2026-06-06,,432.08,WAW,PMI,2026-05-01,Warszawa,Polska,Majorka,Hiszpania,price,,,PLN,WAW-PMI,2026-05-01T09:40:43Z
2026-06-07,,188.67,WAW,PMI,2026-05-01,Warszawa,Polska,Majorka,Hiszpania,price,,,PLN,WAW-PMI,2026-05-01T09:40:43Z
2026-06-08,,,WAW,PMI,2026-05-01,Warszawa,Polska,Majorka,Hiszpania,unavailable,,,,WAW-PMI,2026-05-01T09:40:43Z
2026-06-09,,139.32,WAW,PMI,2026-05-01,Warszawa,Polska,Majorka,Hiszpania,price,,,PLN,WAW-PMI,2026-05-01T09:40:43Z
2026-06-10,,,WAW,PMI,2026-05-01,Warszawa,Polska,Majorka,Hiszpania,unavailable,,,,WAW-PMI,2026-05-01T09:40:43Z
2026-06-11,,149.0,WAW,PMI,2026-05-01,Warszawa,Polska,Majorka,Hiszpania,price,,,PLN,WAW-PMI,2026-05-01T09:40:43Z
2026-06-12,,432.08,WAW,PMI,2026-05-01,Warszawa,Polska,Majorka,Hiszpania,price,,,PLN,WAW-PMI,2026-05-01T09:40:43Z
2026-06-13,,430.06,WAW,PMI,2026-05-01,Warszawa,Polska,Majorka,Hiszpania,price,,,PLN,WAW-PMI,2026-05-01T09:40:43Z
2026-06-14,,164.64,WAW,PMI,2026-05-01,Warszawa,Polska,Majorka,Hiszpania,price,,,PLN,WAW-PMI,2026-05-01T09:40:43Z
2026-06-15,,,WAW,PMI,2026-05-01,Warszawa,Polska,Majorka,Hiszpania,unavailable,,,,WAW-PMI,2026-05-01T09:40:43Z
2026-06-16,,139.32,WAW,PMI,2026-05-01,Warszawa,Polska,Majorka,Hiszpania,price,,,PLN,WAW-PMI,2026-05-01T09:40:43Z
2026-06-17,,,WAW,PMI,2026-05-01,Warszawa,Polska,Majorka,Hiszpania,unavailable,,,,WAW-PMI,2026-05-01T09:40:43Z
2026-06-18,,200.1,WAW,PMI,2026-05-01,Warszawa,Polska,Majorka,Hiszpania,price,,,PLN,WAW-PMI,2026-05-01T09:40:43Z
2026-06-19,,353.4,WAW,PMI,2026-05-01,Warszawa,Polska,Majorka,Hiszpania,price,,,PLN,WAW-PMI,2026-05-01T09:40:43Z
2026-06-20,,782.94,WAW,PMI,2026-05-01,Warszawa,Polska,Majorka,Hiszpania,price,,,PLN,WAW-PMI,2026-05-01T09:40:43Z
2026-06-21,,139.32,WAW,PMI,2026-05-01,Warszawa,Polska,Majorka,Hiszpania,price,,,PLN,WAW-PMI,2026-05-01T09:40:43Z
2026-06-22,,,WAW,PMI,2026-05-01,Warszawa,Polska,Majorka,Hiszpania,unavailable,,,,WAW-PMI,2026-05-01T09:40:43Z
2026-06-23,,140.48,WAW,PMI,2026-05-01,Warszawa,Polska,Majorka,Hiszpania,price,,,PLN,WAW-PMI,2026-05-01T09:40:43Z
2026-06-24,,,WAW,PMI,2026-05-01,Warszawa,Polska,Majorka,Hiszpania,unavailable,,,,WAW-PMI,2026-05-01T09:40:43Z
2026-06-25,,284.38,WAW,PMI,2026-05-01,Warszawa,Polska,Majorka,Hiszpania,price,,,PLN,WAW-PMI,2026-05-01T09:40:43Z
2026-06-26,,285.27,WAW,PMI,2026-05-01,Warszawa,Polska,Majorka,Hiszpania,price,,,PLN,WAW-PMI,2026-05-01T09:40:43Z
2026-06-27,,800.54,WAW,PMI,2026-05-01,Warszawa,Polska,Majorka,Hiszpania,price,,,PLN,WAW-PMI,2026-05-01T09:40:43Z
2026-06-28,,308.0,WAW,PMI,2026-05-01,Warszawa,Polska,Majorka,Hiszpania,price,,,PLN,WAW-PMI,2026-05-01T09:40:43Z
2026-06-29,,,WAW,PMI,2026-05-01,Warszawa,Polska,Majorka,Hiszpania,unavailable,,,,WAW-PMI,2026-05-01T09:40:43Z
2026-06-30,,221.99,WAW,PMI,2026-05-01,Warszawa,Polska,Majorka,Hiszpania,price,,,PLN,WAW-PMI,2026-05-01T09:40:43Z
2026-07-01,,,WAW,PMI,2026-05-01,Warszawa,Polska,Majorka,Hiszpania,unavailable,,,,WAW-PMI,2026-05-01T09:40:43Z
2026-07-02,,319.34,WAW,PMI,2026-05-01,Warszawa,Polska,Majorka,Hiszpania,price,,,PLN,WAW-PMI,2026-05-01T09:40:43Z
2026-07-03,,430.06,WAW,PMI,2026-05-01,Warszawa,Polska,Majorka,Hiszpania,price,,,PLN,WAW-PMI,2026-05-01T09:40:43Z
2026-07-04,,591.88,WAW,PMI,2026-05-01,Warszawa,Polska,Majorka,Hiszpania,price,,,PLN,WAW-PMI,2026-05-01T09:40:43Z
2026-07-05,,144.86,WAW,PMI,2026-05-01,Warszawa,Polska,Majorka,Hiszpania,price,,,PLN,WAW-PMI,2026-05-01T09:40:43Z
2026-07-06,,,WAW,PMI,2026-05-01,Warszawa,Polska,Majorka,Hiszpania,unavailable,,,,WAW-PMI,2026-05-01T09:40:43Z
2026-07-07,,154.58,WAW,PMI,2026-05-01,Warszawa,Polska,Majorka,Hiszpania,price,,,PLN,WAW-PMI,2026-05-01T09:40:43Z
2026-07-08,,,WAW,PMI,2026-05-01,Warszawa,Polska,Majorka,Hiszpania,unavailable,,,,WAW-PMI,2026-05-01T09:40:43Z
2026-07-09,,204.0,WAW,PMI,2026-05-01,Warszawa,Polska,Majorka,Hiszpania,price,,,PLN,WAW-PMI,2026-05-01T09:40:43Z
2026-07-10,,476.9,WAW,PMI,2026-05-01,Warszawa,Polska,Majorka,Hiszpania,price,,,PLN,WAW-PMI,2026-05-01T09:40:43Z
2026-07-11,,395.99,WAW,PMI,2026-05-01,Warszawa,Polska,Majorka,Hiszpania,price,,,PLN,WAW-PMI,2026-05-01T09:40:43Z
2026-07-12,,144.86,WAW,PMI,2026-05-01,Warszawa,Polska,Majorka,Hiszpania,price,,,PLN,WAW-PMI,2026-05-01T09:40:43Z
2026-07-13,,,WAW,PMI,2026-05-01,Warszawa,Polska,Majorka,Hiszpania,unavailable,,,,WAW-PMI,2026-05-01T09:40:43Z
2026-07-14,,242.69,WAW,PMI,2026-05-01,Warszawa,Polska,Majorka,Hiszpania,price,,,PLN,WAW-PMI,2026-05-01T09:40:43Z
2026-07-15,,,WAW,PMI,2026-05-01,Warszawa,Polska,Majorka,Hiszpania,unavailable,,,,WAW-PMI,2026-05-01T09:40:43Z
2026-07-16,,272.5,WAW,PMI,2026-05-01,Warszawa,Polska,Majorka,Hiszpania,price,,,PLN,WAW-PMI,2026-05-01T09:40:43Z
2026-07-17,,374.7,WAW,PMI,2026-05-01,Warszawa,Polska,Majorka,Hiszpania,price,,,PLN,WAW-PMI,2026-05-01T09:40:43Z
2026-07-18,,421.54,WAW,PMI,2026-05-01,Warszawa,Polska,Majorka,Hiszpania,price,,,PLN,WAW-PMI,2026-05-01T09:40:43Z
2026-07-19,,177.62,WAW,PMI,2026-05-01,Warszawa,Polska,Majorka,Hiszpania,price,,,PLN,WAW-PMI,2026-05-01T09:40:43Z
2026-07-20,,,WAW,PMI,2026-05-01,Warszawa,Polska,Majorka,Hiszpania,unavailable,,,,WAW-PMI,2026-05-01T09:40:43Z
2026-07-21,,258.57,WAW,PMI,2026-05-01,Warszawa,Polska,Majorka,Hiszpania,price,,,PLN,WAW-PMI,2026-05-01T09:40:43Z
2026-07-22,,,WAW,PMI,2026-05-01,Warszawa,Polska,Majorka,Hiszpania,unavailable,,,,WAW-PMI,2026-05-01T09:40:43Z
2026-07-23,,246.94,WAW,PMI,2026-05-01,Warszawa,Polska,Majorka,Hiszpania,price,,,PLN,WAW-PMI,2026-05-01T09:40:43Z
2026-07-24,,276.75,WAW,PMI,2026-05-01,Warszawa,Polska,Majorka,Hiszpania,price,,,PLN,WAW-PMI,2026-05-01T09:40:43Z
2026-07-25,,338.4,WAW,PMI,2026-05-01,Warszawa,Polska,Majorka,Hiszpania,price,,,PLN,WAW-PMI,2026-05-01T09:40:43Z
2026-07-26,,145.0,WAW,PMI,2026-05-01,Warszawa,Polska,Majorka,Hiszpania,price,,,PLN,WAW-PMI,2026-05-01T09:40:43Z
2026-07-27,,,WAW,PMI,2026-05-01,Warszawa,Polska,Majorka,Hiszpania,unavailable,,,,WAW-PMI,2026-05-01T09:40:43Z
2026-07-28,,145.0,WAW,PMI,2026-05-01,Warszawa,Polska,Majorka,Hiszpania,price,,,PLN,WAW-PMI,2026-05-01T09:40:43Z
2026-07-29,,,WAW,PMI,2026-05-01,Warszawa,Polska,Majorka,Hiszpania,unavailable,,,,WAW-PMI,2026-05-01T09:40:43Z
2026-07-30,,251.2,WAW,PMI,2026-05-01,Warszawa,Polska,Majorka,Hiszpania,price,,,PLN,WAW-PMI,2026-05-01T09:40:43Z
2026-07-31,,415.15,WAW,PMI,2026-05-01,Warszawa,Polska,Majorka,Hiszpania,price,,,PLN,WAW-PMI,2026-05-01T09:40:43Z
2026-08-01,,464.12,WAW,PMI,2026-05-01,Warszawa,Polska,Majorka,Hiszpania,price,,,PLN,WAW-PMI,2026-05-01T09:40:43Z
2026-08-02,,196.34,WAW,PMI,2026-05-01,Warszawa,Polska,Majorka,Hiszpania,price,,,PLN,WAW-PMI,2026-05-01T09:40:43Z
2026-08-03,,,WAW,PMI,2026-05-01,Warszawa,Polska,Majorka,Hiszpania,unavailable,,,,WAW-PMI,2026-05-01T09:40:43Z
2026-08-04,,195.84,WAW,PMI,2026-05-01,Warszawa,Polska,Majorka,Hiszpania,price,,,PLN,WAW-PMI,2026-05-01T09:40:43Z
2026-08-05,,,WAW,PMI,2026-05-01,Warszawa,Polska,Majorka,Hiszpania,unavailable,,,,WAW-PMI,2026-05-01T09:40:43Z
2026-08-06,,191.59,WAW,PMI,2026-05-01,Warszawa,Polska,Majorka,Hiszpania,price,,,PLN,WAW-PMI,2026-05-01T09:40:43Z
2026-08-07,,464.12,WAW,PMI,2026-05-01,Warszawa,Polska,Majorka,Hiszpania,price,,,PLN,WAW-PMI,2026-05-01T09:40:43Z
2026-08-08,,600.39,WAW,PMI,2026-05-01,Warszawa,Polska,Majorka,Hiszpania,price,,,PLN,WAW-PMI,2026-05-01T09:40:43Z
2026-08-09,,196.34,WAW,PMI,2026-05-01,Warszawa,Polska,Majorka,Hiszpania,price,,,PLN,WAW-PMI,2026-05-01T09:40:43Z
2026-08-10,,,WAW,PMI,2026-05-01,Warszawa,Polska,Majorka,Hiszpania,unavailable,,,,WAW-PMI,2026-05-01T09:40:43Z
2026-08-11,,400.25,WAW,PMI,2026-05-01,Warszawa,Polska,Majorka,Hiszpania,price,,,PLN,WAW-PMI,2026-05-01T09:40:43Z
2026-08-12,,,WAW,PMI,2026-05-01,Warszawa,Polska,Majorka,Hiszpania,unavailable,,,,WAW-PMI,2026-05-01T09:40:43Z
2026-08-13,,310.82,WAW,PMI,2026-05-01,Warszawa,Polska,Majorka,Hiszpania,price,,,PLN,WAW-PMI,2026-05-01T09:40:43Z
2026-08-14,,327.85,WAW,PMI,2026-05-01,Warszawa,Polska,Majorka,Hiszpania,price,,,PLN,WAW-PMI,2026-05-01T09:40:43Z
2026-08-15,,327.85,WAW,PMI,2026-05-01,Warszawa,Polska,Majorka,Hiszpania,price,,,PLN,WAW-PMI,2026-05-01T09:40:43Z
2026-08-16,,196.34,WAW,PMI,2026-05-01,Warszawa,Polska,Majorka,Hiszpania,price,,,PLN,WAW-PMI,2026-05-01T09:40:43Z
2026-08-17,,,WAW,PMI,2026-05-01,Warszawa,Polska,Majorka,Hiszpania,unavailable,,,,WAW-PMI,2026-05-01T09:40:43Z
2026-08-18,,171.11,WAW,PMI,2026-05-01,Warszawa,Polska,Majorka,Hiszpania,price,,,PLN,WAW-PMI,2026-05-01T09:40:43Z
2026-08-19,,,WAW,PMI,2026-05-01,Warszawa,Polska,Majorka,Hiszpania,unavailable,,,,WAW-PMI,2026-05-01T09:40:43Z
2026-08-20,,196.34,WAW,PMI,2026-05-01,Warszawa,Polska,Majorka,Hiszpania,price,,,PLN,WAW-PMI,2026-05-01T09:40:43Z
2026-08-21,,285.27,WAW,PMI,2026-05-01,Warszawa,Polska,Majorka,Hiszpania,price,,,PLN,WAW-PMI,2026-05-01T09:40:43Z
2026-08-22,,315.08,WAW,PMI,2026-05-01,Warszawa,Polska,Majorka,Hiszpania,price,,,PLN,WAW-PMI,2026-05-01T09:40:43Z
2026-08-23,,308.0,WAW,PMI,2026-05-01,Warszawa,Polska,Majorka,Hiszpania,price,,,PLN,WAW-PMI,2026-05-01T09:40:43Z
2026-08-24,,,WAW,PMI,2026-05-01,Warszawa,Polska,Majorka,Hiszpania,unavailable,,,,WAW-PMI,2026-05-01T09:40:43Z
2026-08-25,,195.84,WAW,PMI,2026-05-01,Warszawa,Polska,Majorka,Hiszpania,price,,,PLN,WAW-PMI,2026-05-01T09:40:43Z
2026-08-26,,,WAW,PMI,2026-05-01,Warszawa,Polska,Majorka,Hiszpania,unavailable,,,,WAW-PMI,2026-05-01T09:40:43Z
2026-08-27,,171.11,WAW,PMI,2026-05-01,Warszawa,Polska,Majorka,Hiszpania,price,,,PLN,WAW-PMI,2026-05-01T09:40:43Z
2026-08-28,,286.5,WAW,PMI,2026-05-01,Warszawa,Polska,Majorka,Hiszpania,price,,,PLN,WAW-PMI,2026-05-01T09:40:43Z
2026-08-29,,319.34,WAW,PMI,2026-05-01,Warszawa,Polska,Majorka,Hiszpania,price,,,PLN,WAW-PMI,2026-05-01T09:40:43Z
2026-08-30,,305.35,WAW,PMI,2026-05-01,Warszawa,Polska,Majorka,Hiszpania,price,,,PLN,WAW-PMI,2026-05-01T09:40:43Z
2026-08-31,,,WAW,PMI,2026-05-01,Warszawa,Polska,Majorka,Hiszpania,unavailable,,,,WAW-PMI,2026-05-01T09:40:43Z
2026-05-01,,,PMI,WAW,2026-05-01,Majorka,Hiszpania,Warszawa,Polska,unavailable,,,,PMI-WAW,2026-05-01T09:40:43Z
2026-05-02,,532.26,PMI,WAW,2026-05-01,Majorka,Hiszpania,Warszawa,Polska,price,,,PLN,PMI-WAW,2026-05-01T09:40:43Z
2026-05-03,,786.0,PMI,WAW,2026-05-01,Majorka,Hiszpania,Warszawa,Polska,price,,,PLN,PMI-WAW,2026-05-01T09:40:43Z
2026-05-04,,,PMI,WAW,2026-05-01,Majorka,Hiszpania,Warszawa,Polska,unavailable,,,,PMI-WAW,2026-05-01T09:40:43Z
2026-05-05,,387.47,PMI,WAW,2026-05-01,Majorka,Hiszpania,Warszawa,Polska,price,,,PLN,PMI-WAW,2026-05-01T09:40:43Z
2026-05-06,,,PMI,WAW,2026-05-01,Majorka,Hiszpania,Warszawa,Polska,unavailable,,,,PMI-WAW,2026-05-01T09:40:43Z
2026-05-07,,281.01,PMI,WAW,2026-05-01,Majorka,Hiszpania,Warszawa,Polska,price,,,PLN,PMI-WAW,2026-05-01T09:40:43Z
2026-05-08,,229.91,PMI,WAW,2026-05-01,Majorka,Hiszpania,Warszawa,Polska,price,,,PLN,PMI-WAW,2026-05-01T09:40:43Z
2026-05-09,,195.84,PMI,WAW,2026-05-01,Majorka,Hiszpania,Warszawa,Polska,price,,,PLN,PMI-WAW,2026-05-01T09:40:43Z
2026-05-10,,329.55,PMI,WAW,2026-05-01,Majorka,Hiszpania,Warszawa,Polska,price,,,PLN,PMI-WAW,2026-05-01T09:40:43Z
2026-05-11,,,PMI,WAW,2026-05-01,Majorka,Hiszpania,Warszawa,Polska,unavailable,,,,PMI-WAW,2026-05-01T09:40:43Z
2026-05-12,,664.27,PMI,WAW,2026-05-01,Majorka,Hiszpania,Warszawa,Polska,price,,,PLN,PMI-WAW,2026-05-01T09:40:43Z
2026-05-13,,,PMI,WAW,2026-05-01,Majorka,Hiszpania,Warszawa,Polska,unavailable,,,,PMI-WAW,2026-05-01T09:40:43Z
2026-05-14,,336.11,PMI,WAW,2026-05-01,Majorka,Hiszpania,Warszawa,Polska,price,,,PLN,PMI-WAW,2026-05-01T09:40:43Z
2026-05-15,,370.44,PMI,WAW,2026-05-01,Majorka,Hiszpania,Warszawa,Polska,price,,,PLN,PMI-WAW,2026-05-01T09:40:43Z
2026-05-16,,357.66,PMI,WAW,2026-05-01,Majorka,Hiszpania,Warszawa,Polska,price,,,PLN,PMI-WAW,2026-05-01T09:40:43Z
2026-05-17,,470.56,PMI,WAW,2026-05-01,Majorka,Hiszpania,Warszawa,Polska,price,,,PLN,PMI-WAW,2026-05-01T09:40:43Z
2026-05-18,,,PMI,WAW,2026-05-01,Majorka,Hiszpania,Warszawa,Polska,unavailable,,,,PMI-WAW,2026-05-01T09:40:43Z
2026-05-19,,319.34,PMI,WAW,2026-05-01,Majorka,Hiszpania,Warszawa,Polska,price,,,PLN,PMI-WAW,2026-05-01T09:40:43Z
2026-05-20,,,PMI,WAW,2026-05-01,Majorka,Hiszpania,Warszawa,Polska,unavailable,,,,PMI-WAW,2026-05-01T09:40:43Z
2026-05-21,,366.18,PMI,WAW,2026-05-01,Majorka,Hiszpania,Warszawa,Polska,price,,,PLN,PMI-WAW,2026-05-01T09:40:43Z
2026-05-22,,257.33,PMI,WAW,2026-05-01,Majorka,Hiszpania,Warszawa,Polska,price,,,PLN,PMI-WAW,2026-05-01T09:40:43Z
2026-05-23,,229.91,PMI,WAW,2026-05-01,Majorka,Hiszpania,Warszawa,Polska,price,,,PLN,PMI-WAW,2026-05-01T09:40:43Z
2026-05-24,,329.55,PMI,WAW,2026-05-01,Majorka,Hiszpania,Warszawa,Polska,price,,,PLN,PMI-WAW,2026-05-01T09:40:43Z
2026-05-25,,,PMI,WAW,2026-05-01,Majorka,Hiszpania,Warszawa,Polska,unavailable,,,,PMI-WAW,2026-05-01T09:40:43Z
2026-05-26,,263.98,PMI,WAW,2026-05-01,Majorka,Hiszpania,Warszawa,Polska,price,,,PLN,PMI-WAW,2026-05-01T09:40:43Z
2026-05-27,,,PMI,WAW,2026-05-01,Majorka,Hiszpania,Warszawa,Polska,unavailable,,,,PMI-WAW,2026-05-01T09:40:43Z
2026-05-28,,257.33,PMI,WAW,2026-05-01,Majorka,Hiszpania,Warszawa,Polska,price,,,PLN,PMI-WAW,2026-05-01T09:40:43Z
2026-05-29,,123.45,PMI,WAW,2026-05-01,Majorka,Hiszpania,Warszawa,Polska,price,,,PLN,PMI-WAW,2026-05-01T09:40:43Z
2026-05-30,,166.04,PMI,WAW,2026-05-01,Majorka,Hiszpania,Warszawa,Polska,price,,,PLN,PMI-WAW,2026-05-01T09:40:43Z
2026-05-31,,834.76,PMI,WAW,2026-05-01,Majorka,Hiszpania,Warszawa,Polska,price,,,PLN,PMI-WAW,2026-05-01T09:40:43Z
2026-06-01,,,PMI,WAW,2026-05-01,Majorka,Hiszpania,Warszawa,Polska,unavailable,,,,PMI-WAW,2026-05-01T09:40:43Z
2026-06-02,,319.34,PMI,WAW,2026-05-01,Majorka,Hiszpania,Warszawa,Polska,price,,,PLN,PMI-WAW,2026-05-01T09:40:43Z
2026-06-03,,,PMI,WAW,2026-05-01,Majorka,Hiszpania,Warszawa,Polska,unavailable,,,,PMI-WAW,2026-05-01T09:40:43Z
2026-06-04,,332.11,PMI,WAW,2026-05-01,Majorka,Hiszpania,Warszawa,Polska,price,,,PLN,PMI-WAW,2026-05-01T09:40:43Z
2026-06-05,,319.34,PMI,WAW,2026-05-01,Majorka,Hiszpania,Warszawa,Polska,price,,,PLN,PMI-WAW,2026-05-01T09:40:43Z
2026-06-06,,438.57,PMI,WAW,2026-05-01,Majorka,Hiszpania,Warszawa,Polska,price,,,PLN,PMI-WAW,2026-05-01T09:40:43Z
2026-06-07,,1585.81,PMI,WAW,2026-05-01,Majorka,Hiszpania,Warszawa,Polska,price,,,PLN,PMI-WAW,2026-05-01T09:40:43Z
2026-06-08,,,PMI,WAW,2026-05-01,Majorka,Hiszpania,Warszawa,Polska,unavailable,,,,PMI-WAW,2026-05-01T09:40:43Z
2026-06-09,,366.51,PMI,WAW,2026-05-01,Majorka,Hiszpania,Warszawa,Polska,price,,,PLN,PMI-WAW,2026-05-01T09:40:43Z
2026-06-10,,,PMI,WAW,2026-05-01,Majorka,Hiszpania,Warszawa,Polska,unavailable,,,,PMI-WAW,2026-05-01T09:40:43Z
2026-06-11,,265.0,PMI,WAW,2026-05-01,Majorka,Hiszpania,Warszawa,Polska,price,,,PLN,PMI-WAW,2026-05-01T09:40:43Z
2026-06-12,,225.65,PMI,WAW,2026-05-01,Majorka,Hiszpania,Warszawa,Polska,price,,,PLN,PMI-WAW,2026-05-01T09:40:43Z
2026-06-13,,263.98,PMI,WAW,2026-05-01,Majorka,Hiszpania,Warszawa,Polska,price,,,PLN,PMI-WAW,2026-05-01T09:40:43Z
2026-06-14,,329.55,PMI,WAW,2026-05-01,Majorka,Hiszpania,Warszawa,Polska,price,,,PLN,PMI-WAW,2026-05-01T09:40:43Z
2026-06-15,,,PMI,WAW,2026-05-01,Majorka,Hiszpania,Warszawa,Polska,unavailable,,,,PMI-WAW,2026-05-01T09:40:43Z
2026-06-16,,393.0,PMI,WAW,2026-05-01,Majorka,Hiszpania,Warszawa,Polska,price,,,PLN,PMI-WAW,2026-05-01T09:40:43Z
2026-06-17,,,PMI,WAW,2026-05-01,Majorka,Hiszpania,Warszawa,Polska,unavailable,,,,PMI-WAW,2026-05-01T09:40:43Z
2026-06-18,,284.38,PMI,WAW,2026-05-01,Majorka,Hiszpania,Warszawa,Polska,price,,,PLN,PMI-WAW,2026-05-01T09:40:43Z
2026-06-19,,281.01,PMI,WAW,2026-05-01,Majorka,Hiszpania,Warszawa,Polska,price,,,PLN,PMI-WAW,2026-05-01T09:40:43Z
2026-06-20,,166.04,PMI,WAW,2026-05-01,Majorka,Hiszpania,Warszawa,Polska,price,,,PLN,PMI-WAW,2026-05-01T09:40:43Z
2026-06-21,,607.0,PMI,WAW,2026-05-01,Majorka,Hiszpania,Warszawa,Polska,price,,,PLN,PMI-WAW,2026-05-01T09:40:43Z
2026-06-22,,,PMI,WAW,2026-05-01,Majorka,Hiszpania,Warszawa,Polska,unavailable,,,,PMI-WAW,2026-05-01T09:40:43Z
2026-06-23,,221.99,PMI,WAW,2026-05-01,Majorka,Hiszpania,Warszawa,Polska,price,,,PLN,PMI-WAW,2026-05-01T09:40:43Z
2026-06-24,,,PMI,WAW,2026-05-01,Majorka,Hiszpania,Warszawa,Polska,unavailable,,,,PMI-WAW,2026-05-01T09:40:43Z
2026-06-25,,361.92,PMI,WAW,2026-05-01,Majorka,Hiszpania,Warszawa,Polska,price,,,PLN,PMI-WAW,2026-05-01T09:40:43Z
2026-06-26,,238.43,PMI,WAW,2026-05-01,Majorka,Hiszpania,Warszawa,Polska,price,,,PLN,PMI-WAW,2026-05-01T09:40:43Z
2026-06-27,,238.43,PMI,WAW,2026-05-01,Majorka,Hiszpania,Warszawa,Polska,price,,,PLN,PMI-WAW,2026-05-01T09:40:43Z
2026-06-28,,551.0,PMI,WAW,2026-05-01,Majorka,Hiszpania,Warszawa,Polska,price,,,PLN,PMI-WAW,2026-05-01T09:40:43Z
2026-06-29,,,PMI,WAW,2026-05-01,Majorka,Hiszpania,Warszawa,Polska,unavailable,,,,PMI-WAW,2026-05-01T09:40:43Z
2026-06-30,,510.97,PMI,WAW,2026-05-01,Majorka,Hiszpania,Warszawa,Polska,price,,,PLN,PMI-WAW,2026-05-01T09:40:43Z
2026-07-01,,,PMI,WAW,2026-05-01,Majorka,Hiszpania,Warszawa,Polska,unavailable,,,,PMI-WAW,2026-05-01T09:40:43Z
2026-07-02,,438.57,PMI,WAW,2026-05-01,Majorka,Hiszpania,Warszawa,Polska,price,,,PLN,PMI-WAW,2026-05-01T09:40:43Z
2026-07-03,,349.15,PMI,WAW,2026-05-01,Majorka,Hiszpania,Warszawa,Polska,price,,,PLN,PMI-WAW,2026-05-01T09:40:43Z
2026-07-04,,393.84,PMI,WAW,2026-05-01,Majorka,Hiszpania,Warszawa,Polska,price,,,PLN,PMI-WAW,2026-05-01T09:40:43Z
2026-07-05,,438.87,PMI,WAW,2026-05-01,Majorka,Hiszpania,Warszawa,Polska,price,,,PLN,PMI-WAW,2026-05-01T09:40:43Z
2026-07-06,,,PMI,WAW,2026-05-01,Majorka,Hiszpania,Warszawa,Polska,unavailable,,,,PMI-WAW,2026-05-01T09:40:43Z
2026-07-07,,570.33,PMI,WAW,2026-05-01,Majorka,Hiszpania,Warszawa,Polska,price,,,PLN,PMI-WAW,2026-05-01T09:40:43Z
2026-07-08,,,PMI,WAW,2026-05-01,Majorka,Hiszpania,Warszawa,Polska,unavailable,,,,PMI-WAW,2026-05-01T09:40:43Z
2026-07-09,,430.06,PMI,WAW,2026-05-01,Majorka,Hiszpania,Warszawa,Polska,price,,,PLN,PMI-WAW,2026-05-01T09:40:43Z
2026-07-10,,333.34,PMI,WAW,2026-05-01,Majorka,Hiszpania,Warszawa,Polska,price,,,PLN,PMI-WAW,2026-05-01T09:40:43Z
2026-07-11,,408.25,PMI,WAW,2026-05-01,Majorka,Hiszpania,Warszawa,Polska,price,,,PLN,PMI-WAW,2026-05-01T09:40:43Z
2026-07-12,,481.53,PMI,WAW,2026-05-01,Majorka,Hiszpania,Warszawa,Polska,price,,,PLN,PMI-WAW,2026-05-01T09:40:43Z
2026-07-13,,,PMI,WAW,2026-05-01,Majorka,Hiszpania,Warszawa,Polska,unavailable,,,,PMI-WAW,2026-05-01T09:40:43Z
2026-07-14,,599.29,PMI,WAW,2026-05-01,Majorka,Hiszpania,Warszawa,Polska,price,,,PLN,PMI-WAW,2026-05-01T09:40:43Z
2026-07-15,,,PMI,WAW,2026-05-01,Majorka,Hiszpania,Warszawa,Polska,unavailable,,,,PMI-WAW,2026-05-01T09:40:43Z
2026-07-16,,651.49,PMI,WAW,2026-05-01,Majorka,Hiszpania,Warszawa,Polska,price,,,PLN,PMI-WAW,2026-05-01T09:40:43Z
2026-07-17,,391.73,PMI,WAW,2026-05-01,Majorka,Hiszpania,Warszawa,Polska,price,,,PLN,PMI-WAW,2026-05-01T09:40:43Z
2026-07-18,,323.6,PMI,WAW,2026-05-01,Majorka,Hiszpania,Warszawa,Polska,price,,,PLN,PMI-WAW,2026-05-01T09:40:43Z
2026-07-19,,476.08,PMI,WAW,2026-05-01,Majorka,Hiszpania,Warszawa,Polska,price,,,PLN,PMI-WAW,2026-05-01T09:40:43Z
2026-07-20,,,PMI,WAW,2026-05-01,Majorka,Hiszpania,Warszawa,Polska,unavailable,,,,PMI-WAW,2026-05-01T09:40:43Z
2026-07-21,,300.42,PMI,WAW,2026-05-01,Majorka,Hiszpania,Warszawa,Polska,price,,,PLN,PMI-WAW,2026-05-01T09:40:43Z
2026-07-22,,,PMI,WAW,2026-05-01,Majorka,Hiszpania,Warszawa,Polska,unavailable,,,,PMI-WAW,2026-05-01T09:40:43Z
2026-07-23,,361.92,PMI,WAW,2026-05-01,Majorka,Hiszpania,Warszawa,Polska,price,,,PLN,PMI-WAW,2026-05-01T09:40:43Z
2026-07-24,,225.65,PMI,WAW,2026-05-01,Majorka,Hiszpania,Warszawa,Polska,price,,,PLN,PMI-WAW,2026-05-01T09:40:43Z
2026-07-25,,234.17,PMI,WAW,2026-05-01,Majorka,Hiszpania,Warszawa,Polska,price,,,PLN,PMI-WAW,2026-05-01T09:40:43Z
2026-07-26,,418.42,PMI,WAW,2026-05-01,Majorka,Hiszpania,Warszawa,Polska,price,,,PLN,PMI-WAW,2026-05-01T09:40:43Z
2026-07-27,,,PMI,WAW,2026-05-01,Majorka,Hiszpania,Warszawa,Polska,unavailable,,,,PMI-WAW,2026-05-01T09:40:43Z
2026-07-28,,413.31,PMI,WAW,2026-05-01,Majorka,Hiszpania,Warszawa,Polska,price,,,PLN,PMI-WAW,2026-05-01T09:40:43Z
2026-07-29,,,PMI,WAW,2026-05-01,Majorka,Hiszpania,Warszawa,Polska,unavailable,,,,PMI-WAW,2026-05-01T09:40:43Z
2026-07-30,,421.54,PMI,WAW,2026-05-01,Majorka,Hiszpania,Warszawa,Polska,price,,,PLN,PMI-WAW,2026-05-01T09:40:43Z
2026-07-31,,263.98,PMI,WAW,2026-05-01,Majorka,Hiszpania,Warszawa,Polska,price,,,PLN,PMI-WAW,2026-05-01T09:40:43Z
2026-08-01,,316.81,PMI,WAW,2026-05-01,Majorka,Hiszpania,Warszawa,Polska,price,,,PLN,PMI-WAW,2026-05-01T09:40:43Z
2026-08-02,,460.86,PMI,WAW,2026-05-01,Majorka,Hiszpania,Warszawa,Polska,price,,,PLN,PMI-WAW,2026-05-01T09:40:43Z
2026-08-03,,,PMI,WAW,2026-05-01,Majorka,Hiszpania,Warszawa,Polska,unavailable,,,,PMI-WAW,2026-05-01T09:40:43Z
2026-08-04,,400.25,PMI,WAW,2026-05-01,Majorka,Hiszpania,Warszawa,Polska,price,,,PLN,PMI-WAW,2026-05-01T09:40:43Z
2026-08-05,,,PMI,WAW,2026-05-01,Majorka,Hiszpania,Warszawa,Polska,unavailable,,,,PMI-WAW,2026-05-01T09:40:43Z
2026-08-06,,310.82,PMI,WAW,2026-05-01,Majorka,Hiszpania,Warszawa,Polska,price,,,PLN,PMI-WAW,2026-05-01T09:40:43Z
2026-08-07,,246.94,PMI,WAW,2026-05-01,Majorka,Hiszpania,Warszawa,Polska,price,,,PLN,PMI-WAW,2026-05-01T09:40:43Z
2026-08-08,,285.27,PMI,WAW,2026-05-01,Majorka,Hiszpania,Warszawa,Polska,price,,,PLN,PMI-WAW,2026-05-01T09:40:43Z
2026-08-09,,277.6,PMI,WAW,2026-05-01,Majorka,Hiszpania,Warszawa,Polska,price,,,PLN,PMI-WAW,2026-05-01T09:40:43Z
2026-08-10,,,PMI,WAW,2026-05-01,Majorka,Hiszpania,Warszawa,Polska,unavailable,,,,PMI-WAW,2026-05-01T09:40:43Z
2026-08-11,,434.31,PMI,WAW,2026-05-01,Majorka,Hiszpania,Warszawa,Polska,price,,,PLN,PMI-WAW,2026-05-01T09:40:43Z
2026-08-12,,,PMI,WAW,2026-05-01,Majorka,Hiszpania,Warszawa,Polska,unavailable,,,,PMI-WAW,2026-05-01T09:40:43Z
2026-08-13,,608.91,PMI,WAW,2026-05-01,Majorka,Hiszpania,Warszawa,Polska,price,,,PLN,PMI-WAW,2026-05-01T09:40:43Z
2026-08-14,,655.75,PMI,WAW,2026-05-01,Majorka,Hiszpania,Warszawa,Polska,price,,,PLN,PMI-WAW,2026-05-01T09:40:43Z
2026-08-15,,425.32,PMI,WAW,2026-05-01,Majorka,Hiszpania,Warszawa,Polska,price,,,PLN,PMI-WAW,2026-05-01T09:40:43Z
2026-08-16,,702.96,PMI,WAW,2026-05-01,Majorka,Hiszpania,Warszawa,Polska,price,,,PLN,PMI-WAW,2026-05-01T09:40:43Z
2026-08-17,,,PMI,WAW,2026-05-01,Majorka,Hiszpania,Warszawa,Polska,unavailable,,,,PMI-WAW,2026-05-01T09:40:43Z
2026-08-18,,383.21,PMI,WAW,2026-05-01,Majorka,Hiszpania,Warszawa,Polska,price,,,PLN,PMI-WAW,2026-05-01T09:40:43Z
2026-08-19,,,PMI,WAW,2026-05-01,Majorka,Hiszpania,Warszawa,Polska,unavailable,,,,PMI-WAW,2026-05-01T09:40:43Z
2026-08-20,,310.82,PMI,WAW,2026-05-01,Majorka,Hiszpania,Warszawa,Polska,price,,,PLN,PMI-WAW,2026-05-01T09:40:43Z
2026-08-21,,239.19,PMI,WAW,2026-05-01,Majorka,Hiszpania,Warszawa,Polska,price,,,PLN,PMI-WAW,2026-05-01T09:40:43Z
2026-08-22,,246.94,PMI,WAW,2026-05-01,Majorka,Hiszpania,Warszawa,Polska,price,,,PLN,PMI-WAW,2026-05-01T09:40:43Z
2026-08-23,,470.68,PMI,WAW,2026-05-01,Majorka,Hiszpania,Warszawa,Polska,price,,,PLN,PMI-WAW,2026-05-01T09:40:43Z
2026-08-24,,,PMI,WAW,2026-05-01,Majorka,Hiszpania,Warszawa,Polska,unavailable,,,,PMI-WAW,2026-05-01T09:40:43Z
2026-08-25,,249.97,PMI,WAW,2026-05-01,Majorka,Hiszpania,Warszawa,Polska,price,,,PLN,PMI-WAW,2026-05-01T09:40:43Z
2026-08-26,,,PMI,WAW,2026-05-01,Majorka,Hiszpania,Warszawa,Polska,unavailable,,,,PMI-WAW,2026-05-01T09:40:43Z
2026-08-27,,258.57,PMI,WAW,2026-05-01,Majorka,Hiszpania,Warszawa,Polska,price,,,PLN,PMI-WAW,2026-05-01T09:40:43Z
2026-08-28,,213.59,PMI,WAW,2026-05-01,Majorka,Hiszpania,Warszawa,Polska,price,,,PLN,PMI-WAW,2026-05-01T09:40:43Z
2026-08-29,,302.3,PMI,WAW,2026-05-01,Majorka,Hiszpania,Warszawa,Polska,price,,,PLN,PMI-WAW,2026-05-01T09:40:43Z
2026-08-30,,383.5,PMI,WAW,2026-05-01,Majorka,Hiszpania,Warszawa,Polska,price,,,PLN,PMI-WAW,2026-05-01T09:40:43Z
2026-08-31,,,PMI,WAW,2026-05-01,Majorka,Hiszpania,Warszawa,Polska,unavailable,,,,PMI-WAW,2026-05-01T09:40:43Z
2026-05-01,,,WAW,PSA,2026-05-01,Warszawa,Polska,Piza,Włochy,unavailable,,,,WAW-PSA,2026-05-01T09:40:43Z
2026-05-02,,,WAW,PSA,2026-05-01,Warszawa,Polska,Piza,Włochy,unavailable,,,,WAW-PSA,2026-05-01T09:40:43Z
2026-05-03,,306.56,WAW,PSA,2026-05-01,Warszawa,Polska,Piza,Włochy,price,,,PLN,WAW-PSA,2026-05-01T09:40:43Z
2026-05-04,,,WAW,PSA,2026-05-01,Warszawa,Polska,Piza,Włochy,unavailable,,,,WAW-PSA,2026-05-01T09:40:43Z
2026-05-05,,137.0,WAW,PSA,2026-05-01,Warszawa,Polska,Piza,Włochy,price,,,PLN,WAW-PSA,2026-05-01T09:40:43Z
2026-05-06,,,WAW,PSA,2026-05-01,Warszawa,Polska,Piza,Włochy,unavailable,,,,WAW-PSA,2026-05-01T09:40:43Z
2026-05-07,,102.16,WAW,PSA,2026-05-01,Warszawa,Polska,Piza,Włochy,price,,,PLN,WAW-PSA,2026-05-01T09:40:43Z
2026-05-08,,,WAW,PSA,2026-05-01,Warszawa,Polska,Piza,Włochy,unavailable,,,,WAW-PSA,2026-05-01T09:40:43Z
2026-05-09,,,WAW,PSA,2026-05-01,Warszawa,Polska,Piza,Włochy,unavailable,,,,WAW-PSA,2026-05-01T09:40:43Z
2026-05-10,,195.84,WAW,PSA,2026-05-01,Warszawa,Polska,Piza,Włochy,price,,,PLN,WAW-PSA,2026-05-01T09:40:43Z
2026-05-11,,,WAW,PSA,2026-05-01,Warszawa,Polska,Piza,Włochy,unavailable,,,,WAW-PSA,2026-05-01T09:40:43Z
2026-05-12,,108.26,WAW,PSA,2026-05-01,Warszawa,Polska,Piza,Włochy,price,,,PLN,WAW-PSA,2026-05-01T09:40:43Z
2026-05-13,,,WAW,PSA,2026-05-01,Warszawa,Polska,Piza,Włochy,unavailable,,,,WAW-PSA,2026-05-01T09:40:43Z
2026-05-14,,63.83,WAW,PSA,2026-05-01,Warszawa,Polska,Piza,Włochy,price,,,PLN,WAW-PSA,2026-05-01T09:40:43Z
2026-05-15,,,WAW,PSA,2026-05-01,Warszawa,Polska,Piza,Włochy,unavailable,,,,WAW-PSA,2026-05-01T09:40:43Z
2026-05-16,,,WAW,PSA,2026-05-01,Warszawa,Polska,Piza,Włochy,unavailable,,,,WAW-PSA,2026-05-01T09:40:43Z
2026-05-17,,170.29,WAW,PSA,2026-05-01,Warszawa,Polska,Piza,Włochy,price,,,PLN,WAW-PSA,2026-05-01T09:40:43Z
2026-05-18,,,WAW,PSA,2026-05-01,Warszawa,Polska,Piza,Włochy,unavailable,,,,WAW-PSA,2026-05-01T09:40:43Z
2026-05-19,,105.32,WAW,PSA,2026-05-01,Warszawa,Polska,Piza,Włochy,price,,,PLN,WAW-PSA,2026-05-01T09:40:43Z
2026-05-20,,,WAW,PSA,2026-05-01,Warszawa,Polska,Piza,Włochy,unavailable,,,,WAW-PSA,2026-05-01T09:40:43Z
2026-05-21,,114.93,WAW,PSA,2026-05-01,Warszawa,Polska,Piza,Włochy,price,,,PLN,WAW-PSA,2026-05-01T09:40:43Z
2026-05-22,,,WAW,PSA,2026-05-01,Warszawa,Polska,Piza,Włochy,unavailable,,,,WAW-PSA,2026-05-01T09:40:43Z
2026-05-23,,,WAW,PSA,2026-05-01,Warszawa,Polska,Piza,Włochy,unavailable,,,,WAW-PSA,2026-05-01T09:40:43Z
2026-05-24,,221.39,WAW,PSA,2026-05-01,Warszawa,Polska,Piza,Włochy,price,,,PLN,WAW-PSA,2026-05-01T09:40:43Z
2026-05-25,,,WAW,PSA,2026-05-01,Warszawa,Polska,Piza,Włochy,unavailable,,,,WAW-PSA,2026-05-01T09:40:43Z
2026-05-26,,92.26,WAW,PSA,2026-05-01,Warszawa,Polska,Piza,Włochy,price,,,PLN,WAW-PSA,2026-05-01T09:40:43Z
2026-05-27,,,WAW,PSA,2026-05-01,Warszawa,Polska,Piza,Włochy,unavailable,,,,WAW-PSA,2026-05-01T09:40:43Z
2026-05-28,,158.0,WAW,PSA,2026-05-01,Warszawa,Polska,Piza,Włochy,price,,,PLN,WAW-PSA,2026-05-01T09:40:43Z
2026-05-29,,,WAW,PSA,2026-05-01,Warszawa,Polska,Piza,Włochy,unavailable,,,,WAW-PSA,2026-05-01T09:40:43Z
2026-05-30,,,WAW,PSA,2026-05-01,Warszawa,Polska,Piza,Włochy,unavailable,,,,WAW-PSA,2026-05-01T09:40:43Z
2026-05-31,,176.27,WAW,PSA,2026-05-01,Warszawa,Polska,Piza,Włochy,price,,,PLN,WAW-PSA,2026-05-01T09:40:43Z
2026-06-01,,,WAW,PSA,2026-05-01,Warszawa,Polska,Piza,Włochy,unavailable,,,,WAW-PSA,2026-05-01T09:40:43Z
2026-06-02,,406.7,WAW,PSA,2026-05-01,Warszawa,Polska,Piza,Włochy,price,,,PLN,WAW-PSA,2026-05-01T09:40:43Z
2026-06-03,,,WAW,PSA,2026-05-01,Warszawa,Polska,Piza,Włochy,unavailable,,,,WAW-PSA,2026-05-01T09:40:43Z
2026-06-04,,285.27,WAW,PSA,2026-05-01,Warszawa,Polska,Piza,Włochy,price,,,PLN,WAW-PSA,2026-05-01T09:40:43Z
2026-06-05,,,WAW,PSA,2026-05-01,Warszawa,Polska,Piza,Włochy,unavailable,,,,WAW-PSA,2026-05-01T09:40:43Z
2026-06-06,,,WAW,PSA,2026-05-01,Warszawa,Polska,Piza,Włochy,unavailable,,,,WAW-PSA,2026-05-01T09:40:43Z
2026-06-07,,217.14,WAW,PSA,2026-05-01,Warszawa,Polska,Piza,Włochy,price,,,PLN,WAW-PSA,2026-05-01T09:40:43Z
2026-06-08,,,WAW,PSA,2026-05-01,Warszawa,Polska,Piza,Włochy,unavailable,,,,WAW-PSA,2026-05-01T09:40:43Z
2026-06-09,,104.0,WAW,PSA,2026-05-01,Warszawa,Polska,Piza,Włochy,price,,,PLN,WAW-PSA,2026-05-01T09:40:43Z
2026-06-10,,,WAW,PSA,2026-05-01,Warszawa,Polska,Piza,Włochy,unavailable,,,,WAW-PSA,2026-05-01T09:40:43Z
2026-06-11,,144.74,WAW,PSA,2026-05-01,Warszawa,Polska,Piza,Włochy,price,,,PLN,WAW-PSA,2026-05-01T09:40:43Z
2026-06-12,,,WAW,PSA,2026-05-01,Warszawa,Polska,Piza,Włochy,unavailable,,,,WAW-PSA,2026-05-01T09:40:43Z
2026-06-13,,,WAW,PSA,2026-05-01,Warszawa,Polska,Piza,Włochy,unavailable,,,,WAW-PSA,2026-05-01T09:40:43Z
2026-06-14,,207.59,WAW,PSA,2026-05-01,Warszawa,Polska,Piza,Włochy,price,,,PLN,WAW-PSA,2026-05-01T09:40:43Z
2026-06-15,,,WAW,PSA,2026-05-01,Warszawa,Polska,Piza,Włochy,unavailable,,,,WAW-PSA,2026-05-01T09:40:43Z
2026-06-16,,136.23,WAW,PSA,2026-05-01,Warszawa,Polska,Piza,Włochy,price,,,PLN,WAW-PSA,2026-05-01T09:40:43Z
2026-06-17,,,WAW,PSA,2026-05-01,Warszawa,Polska,Piza,Włochy,unavailable,,,,WAW-PSA,2026-05-01T09:40:43Z
2026-06-18,,106.42,WAW,PSA,2026-05-01,Warszawa,Polska,Piza,Włochy,price,,,PLN,WAW-PSA,2026-05-01T09:40:43Z
2026-06-19,,,WAW,PSA,2026-05-01,Warszawa,Polska,Piza,Włochy,unavailable,,,,WAW-PSA,2026-05-01T09:40:43Z
2026-06-20,,,WAW,PSA,2026-05-01,Warszawa,Polska,Piza,Włochy,unavailable,,,,WAW-PSA,2026-05-01T09:40:43Z
2026-06-21,,315.08,WAW,PSA,2026-05-01,Warszawa,Polska,Piza,Włochy,price,,,PLN,WAW-PSA,2026-05-01T09:40:43Z
2026-06-22,,,WAW,PSA,2026-05-01,Warszawa,Polska,Piza,Włochy,unavailable,,,,WAW-PSA,2026-05-01T09:40:43Z
2026-06-23,,114.93,WAW,PSA,2026-05-01,Warszawa,Polska,Piza,Włochy,price,,,PLN,WAW-PSA,2026-05-01T09:40:43Z
2026-06-24,,,WAW,PSA,2026-05-01,Warszawa,Polska,Piza,Włochy,unavailable,,,,WAW-PSA,2026-05-01T09:40:43Z
2026-06-25,,136.23,WAW,PSA,2026-05-01,Warszawa,Polska,Piza,Włochy,price,,,PLN,WAW-PSA,2026-05-01T09:40:43Z
2026-06-26,,,WAW,PSA,2026-05-01,Warszawa,Polska,Piza,Włochy,unavailable,,,,WAW-PSA,2026-05-01T09:40:43Z
2026-06-27,,,WAW,PSA,2026-05-01,Warszawa,Polska,Piza,Włochy,unavailable,,,,WAW-PSA,2026-05-01T09:40:43Z
2026-06-28,,468.38,WAW,PSA,2026-05-01,Warszawa,Polska,Piza,Włochy,price,,,PLN,WAW-PSA,2026-05-01T09:40:43Z
2026-06-29,,,WAW,PSA,2026-05-01,Warszawa,Polska,Piza,Włochy,unavailable,,,,WAW-PSA,2026-05-01T09:40:43Z
2026-06-30,,246.94,WAW,PSA,2026-05-01,Warszawa,Polska,Piza,Włochy,price,,,PLN,WAW-PSA,2026-05-01T09:40:43Z
2026-07-01,,,WAW,PSA,2026-05-01,Warszawa,Polska,Piza,Włochy,unavailable,,,,WAW-PSA,2026-05-01T09:40:43Z
2026-07-02,,266.44,WAW,PSA,2026-05-01,Warszawa,Polska,Piza,Włochy,price,,,PLN,WAW-PSA,2026-05-01T09:40:43Z
2026-07-03,,,WAW,PSA,2026-05-01,Warszawa,Polska,Piza,Włochy,unavailable,,,,WAW-PSA,2026-05-01T09:40:43Z
2026-07-04,,,WAW,PSA,2026-05-01,Warszawa,Polska,Piza,Włochy,unavailable,,,,WAW-PSA,2026-05-01T09:40:43Z
2026-07-05,,332.11,WAW,PSA,2026-05-01,Warszawa,Polska,Piza,Włochy,price,,,PLN,WAW-PSA,2026-05-01T09:40:43Z
2026-07-06,,,WAW,PSA,2026-05-01,Warszawa,Polska,Piza,Włochy,unavailable,,,,WAW-PSA,2026-05-01T09:40:43Z
2026-07-07,,229.91,WAW,PSA,2026-05-01,Warszawa,Polska,Piza,Włochy,price,,,PLN,WAW-PSA,2026-05-01T09:40:43Z
2026-07-08,,,WAW,PSA,2026-05-01,Warszawa,Polska,Piza,Włochy,unavailable,,,,WAW-PSA,2026-05-01T09:40:43Z
2026-07-09,,136.23,WAW,PSA,2026-05-01,Warszawa,Polska,Piza,Włochy,price,,,PLN,WAW-PSA,2026-05-01T09:40:43Z
2026-07-10,,,WAW,PSA,2026-05-01,Warszawa,Polska,Piza,Włochy,unavailable,,,,WAW-PSA,2026-05-01T09:40:43Z
2026-07-11,,,WAW,PSA,2026-05-01,Warszawa,Polska,Piza,Włochy,unavailable,,,,WAW-PSA,2026-05-01T09:40:43Z
2026-07-12,,285.27,WAW,PSA,2026-05-01,Warszawa,Polska,Piza,Włochy,price,,,PLN,WAW-PSA,2026-05-01T09:40:43Z
2026-07-13,,,WAW,PSA,2026-05-01,Warszawa,Polska,Piza,Włochy,unavailable,,,,WAW-PSA,2026-05-01T09:40:43Z
2026-07-14,,195.84,WAW,PSA,2026-05-01,Warszawa,Polska,Piza,Włochy,price,,,PLN,WAW-PSA,2026-05-01T09:40:43Z
2026-07-15,,,WAW,PSA,2026-05-01,Warszawa,Polska,Piza,Włochy,unavailable,,,,WAW-PSA,2026-05-01T09:40:43Z
2026-07-16,,161.78,WAW,PSA,2026-05-01,Warszawa,Polska,Piza,Włochy,price,,,PLN,WAW-PSA,2026-05-01T09:40:43Z
2026-07-17,,,WAW,PSA,2026-05-01,Warszawa,Polska,Piza,Włochy,unavailable,,,,WAW-PSA,2026-05-01T09:40:43Z
2026-07-18,,,WAW,PSA,2026-05-01,Warszawa,Polska,Piza,Włochy,unavailable,,,,WAW-PSA,2026-05-01T09:40:43Z
2026-07-19,,340.63,WAW,PSA,2026-05-01,Warszawa,Polska,Piza,Włochy,price,,,PLN,WAW-PSA,2026-05-01T09:40:43Z
2026-07-20,,,WAW,PSA,2026-05-01,Warszawa,Polska,Piza,Włochy,unavailable,,,,WAW-PSA,2026-05-01T09:40:43Z
2026-07-21,,174.55,WAW,PSA,2026-05-01,Warszawa,Polska,Piza,Włochy,price,,,PLN,WAW-PSA,2026-05-01T09:40:43Z
2026-07-22,,,WAW,PSA,2026-05-01,Warszawa,Polska,Piza,Włochy,unavailable,,,,WAW-PSA,2026-05-01T09:40:43Z
2026-07-23,,238.91,WAW,PSA,2026-05-01,Warszawa,Polska,Piza,Włochy,price,,,PLN,WAW-PSA,2026-05-01T09:40:43Z
2026-07-24,,,WAW,PSA,2026-05-01,Warszawa,Polska,Piza,Włochy,unavailable,,,,WAW-PSA,2026-05-01T09:40:43Z
2026-07-25,,,WAW,PSA,2026-05-01,Warszawa,Polska,Piza,Włochy,unavailable,,,,WAW-PSA,2026-05-01T09:40:43Z
2026-07-26,,234.17,WAW,PSA,2026-05-01,Warszawa,Polska,Piza,Włochy,price,,,PLN,WAW-PSA,2026-05-01T09:40:43Z
2026-07-27,,,WAW,PSA,2026-05-01,Warszawa,Polska,Piza,Włochy,unavailable,,,,WAW-PSA,2026-05-01T09:40:43Z
2026-07-28,,153.26,WAW,PSA,2026-05-01,Warszawa,Polska,Piza,Włochy,price,,,PLN,WAW-PSA,2026-05-01T09:40:43Z
2026-07-29,,,WAW,PSA,2026-05-01,Warszawa,Polska,Piza,Włochy,unavailable,,,,WAW-PSA,2026-05-01T09:40:43Z
2026-07-30,,127.71,WAW,PSA,2026-05-01,Warszawa,Polska,Piza,Włochy,price,,,PLN,WAW-PSA,2026-05-01T09:40:43Z
2026-07-31,,,WAW,PSA,2026-05-01,Warszawa,Polska,Piza,Włochy,unavailable,,,,WAW-PSA,2026-05-01T09:40:43Z
2026-08-01,,,WAW,PSA,2026-05-01,Warszawa,Polska,Piza,Włochy,unavailable,,,,WAW-PSA,2026-05-01T09:40:43Z
2026-08-02,,594.19,WAW,PSA,2026-05-01,Warszawa,Polska,Piza,Włochy,price,,,PLN,WAW-PSA,2026-05-01T09:40:43Z
2026-08-03,,,WAW,PSA,2026-05-01,Warszawa,Polska,Piza,Włochy,unavailable,,,,WAW-PSA,2026-05-01T09:40:43Z
2026-08-04,,144.74,WAW,PSA,2026-05-01,Warszawa,Polska,Piza,Włochy,price,,,PLN,WAW-PSA,2026-05-01T09:40:43Z
2026-08-05,,,WAW,PSA,2026-05-01,Warszawa,Polska,Piza,Włochy,unavailable,,,,WAW-PSA,2026-05-01T09:40:43Z
2026-08-06,,230.52,WAW,PSA,2026-05-01,Warszawa,Polska,Piza,Włochy,price,,,PLN,WAW-PSA,2026-05-01T09:40:43Z
2026-08-07,,,WAW,PSA,2026-05-01,Warszawa,Polska,Piza,Włochy,unavailable,,,,WAW-PSA,2026-05-01T09:40:43Z
2026-08-08,,,WAW,PSA,2026-05-01,Warszawa,Polska,Piza,Włochy,unavailable,,,,WAW-PSA,2026-05-01T09:40:43Z
2026-08-09,,410.28,WAW,PSA,2026-05-01,Warszawa,Polska,Piza,Włochy,price,,,PLN,WAW-PSA,2026-05-01T09:40:43Z
2026-08-10,,,WAW,PSA,2026-05-01,Warszawa,Polska,Piza,Włochy,unavailable,,,,WAW-PSA,2026-05-01T09:40:43Z
2026-08-11,,161.78,WAW,PSA,2026-05-01,Warszawa,Polska,Piza,Włochy,price,,,PLN,WAW-PSA,2026-05-01T09:40:43Z
2026-08-12,,,WAW,PSA,2026-05-01,Warszawa,Polska,Piza,Włochy,unavailable,,,,WAW-PSA,2026-05-01T09:40:43Z
2026-08-13,,157.52,WAW,PSA,2026-05-01,Warszawa,Polska,Piza,Włochy,price,,,PLN,WAW-PSA,2026-05-01T09:40:43Z
2026-08-14,,,WAW,PSA,2026-05-01,Warszawa,Polska,Piza,Włochy,unavailable,,,,WAW-PSA,2026-05-01T09:40:43Z
2026-08-15,,,WAW,PSA,2026-05-01,Warszawa,Polska,Piza,Włochy,unavailable,,,,WAW-PSA,2026-05-01T09:40:43Z
2026-08-16,,572.96,WAW,PSA,2026-05-01,Warszawa,Polska,Piza,Włochy,price,,,PLN,WAW-PSA,2026-05-01T09:40:43Z
2026-08-17,,,WAW,PSA,2026-05-01,Warszawa,Polska,Piza,Włochy,unavailable,,,,WAW-PSA,2026-05-01T09:40:43Z
2026-08-18,,212.88,WAW,PSA,2026-05-01,Warszawa,Polska,Piza,Włochy,price,,,PLN,WAW-PSA,2026-05-01T09:40:43Z
2026-08-19,,,WAW,PSA,2026-05-01,Warszawa,Polska,Piza,Włochy,unavailable,,,,WAW-PSA,2026-05-01T09:40:43Z
2026-08-20,,312.85,WAW,PSA,2026-05-01,Warszawa,Polska,Piza,Włochy,price,,,PLN,WAW-PSA,2026-05-01T09:40:43Z
2026-08-21,,,WAW,PSA,2026-05-01,Warszawa,Polska,Piza,Włochy,unavailable,,,,WAW-PSA,2026-05-01T09:40:43Z
2026-08-22,,,WAW,PSA,2026-05-01,Warszawa,Polska,Piza,Włochy,unavailable,,,,WAW-PSA,2026-05-01T09:40:43Z
2026-08-23,,289.53,WAW,PSA,2026-05-01,Warszawa,Polska,Piza,Włochy,price,,,PLN,WAW-PSA,2026-05-01T09:40:43Z
2026-08-24,,,WAW,PSA,2026-05-01,Warszawa,Polska,Piza,Włochy,unavailable,,,,WAW-PSA,2026-05-01T09:40:43Z
2026-08-25,,356.51,WAW,PSA,2026-05-01,Warszawa,Polska,Piza,Włochy,price,,,PLN,WAW-PSA,2026-05-01T09:40:43Z
2026-08-26,,,WAW,PSA,2026-05-01,Warszawa,Polska,Piza,Włochy,unavailable,,,,WAW-PSA,2026-05-01T09:40:43Z
2026-08-27,,195.84,WAW,PSA,2026-05-01,Warszawa,Polska,Piza,Włochy,price,,,PLN,WAW-PSA,2026-05-01T09:40:43Z
2026-08-28,,,WAW,PSA,2026-05-01,Warszawa,Polska,Piza,Włochy,unavailable,,,,WAW-PSA,2026-05-01T09:40:43Z
2026-08-29,,,WAW,PSA,2026-05-01,Warszawa,Polska,Piza,Włochy,unavailable,,,,WAW-PSA,2026-05-01T09:40:43Z
2026-08-30,,440.2,WAW,PSA,2026-05-01,Warszawa,Polska,Piza,Włochy,price,,,PLN,WAW-PSA,2026-05-01T09:40:43Z
2026-08-31,,,WAW,PSA,2026-05-01,Warszawa,Polska,Piza,Włochy,unavailable,,,,WAW-PSA,2026-05-01T09:40:43Z
2026-05-01,,,PSA,WAW,2026-05-01,Piza,Włochy,Warszawa,Polska,unavailable,,,,PSA-WAW,2026-05-01T09:40:43Z
2026-05-02,,,PSA,WAW,2026-05-01,Piza,Włochy,Warszawa,Polska,unavailable,,,,PSA-WAW,2026-05-01T09:40:43Z
2026-05-03,,591.88,PSA,WAW,2026-05-01,Piza,Włochy,Warszawa,Polska,price,,,PLN,PSA-WAW,2026-05-01T09:40:43Z
2026-05-04,,,PSA,WAW,2026-05-01,Piza,Włochy,Warszawa,Polska,unavailable,,,,PSA-WAW,2026-05-01T09:40:43Z
2026-05-05,,474.0,PSA,WAW,2026-05-01,Piza,Włochy,Warszawa,Polska,price,,,PLN,PSA-WAW,2026-05-01T09:40:43Z
2026-05-06,,,PSA,WAW,2026-05-01,Piza,Włochy,Warszawa,Polska,unavailable,,,,PSA-WAW,2026-05-01T09:40:43Z
2026-05-07,,106.42,PSA,WAW,2026-05-01,Piza,Włochy,Warszawa,Polska,price,,,PLN,PSA-WAW,2026-05-01T09:40:43Z
2026-05-08,,,PSA,WAW,2026-05-01,Piza,Włochy,Warszawa,Polska,unavailable,,,,PSA-WAW,2026-05-01T09:40:43Z
2026-05-09,,,PSA,WAW,2026-05-01,Piza,Włochy,Warszawa,Polska,unavailable,,,,PSA-WAW,2026-05-01T09:40:43Z
2026-05-10,,187.33,PSA,WAW,2026-05-01,Piza,Włochy,Warszawa,Polska,price,,,PLN,PSA-WAW,2026-05-01T09:40:43Z
2026-05-11,,,PSA,WAW,2026-05-01,Piza,Włochy,Warszawa,Polska,unavailable,,,,PSA-WAW,2026-05-01T09:40:43Z
2026-05-12,,218.0,PSA,WAW,2026-05-01,Piza,Włochy,Warszawa,Polska,price,,,PLN,PSA-WAW,2026-05-01T09:40:43Z
2026-05-13,,,PSA,WAW,2026-05-01,Piza,Włochy,Warszawa,Polska,unavailable,,,,PSA-WAW,2026-05-01T09:40:43Z
2026-05-14,,183.07,PSA,WAW,2026-05-01,Piza,Włochy,Warszawa,Polska,price,,,PLN,PSA-WAW,2026-05-01T09:40:43Z
2026-05-15,,,PSA,WAW,2026-05-01,Piza,Włochy,Warszawa,Polska,unavailable,,,,PSA-WAW,2026-05-01T09:40:43Z
2026-05-16,,,PSA,WAW,2026-05-01,Piza,Włochy,Warszawa,Polska,unavailable,,,,PSA-WAW,2026-05-01T09:40:43Z
2026-05-17,,353.4,PSA,WAW,2026-05-01,Piza,Włochy,Warszawa,Polska,price,,,PLN,PSA-WAW,2026-05-01T09:40:43Z
2026-05-18,,,PSA,WAW,2026-05-01,Piza,Włochy,Warszawa,Polska,unavailable,,,,PSA-WAW,2026-05-01T09:40:43Z
2026-05-19,,225.65,PSA,WAW,2026-05-01,Piza,Włochy,Warszawa,Polska,price,,,PLN,PSA-WAW,2026-05-01T09:40:43Z
2026-05-20,,,PSA,WAW,2026-05-01,Piza,Włochy,Warszawa,Polska,unavailable,,,,PSA-WAW,2026-05-01T09:40:43Z
2026-05-21,,191.3,PSA,WAW,2026-05-01,Piza,Włochy,Warszawa,Polska,price,,,PLN,PSA-WAW,2026-05-01T09:40:43Z
2026-05-22,,,PSA,WAW,2026-05-01,Piza,Włochy,Warszawa,Polska,unavailable,,,,PSA-WAW,2026-05-01T09:40:43Z
2026-05-23,,,PSA,WAW,2026-05-01,Piza,Włochy,Warszawa,Polska,unavailable,,,,PSA-WAW,2026-05-01T09:40:43Z
2026-05-24,,125.64,PSA,WAW,2026-05-01,Piza,Włochy,Warszawa,Polska,price,,,PLN,PSA-WAW,2026-05-01T09:40:43Z
2026-05-25,,,PSA,WAW,2026-05-01,Piza,Włochy,Warszawa,Polska,unavailable,,,,PSA-WAW,2026-05-01T09:40:43Z
2026-05-26,,166.04,PSA,WAW,2026-05-01,Piza,Włochy,Warszawa,Polska,price,,,PLN,PSA-WAW,2026-05-01T09:40:43Z
2026-05-27,,,PSA,WAW,2026-05-01,Piza,Włochy,Warszawa,Polska,unavailable,,,,PSA-WAW,2026-05-01T09:40:43Z
2026-05-28,,174.55,PSA,WAW,2026-05-01,Piza,Włochy,Warszawa,Polska,price,,,PLN,PSA-WAW,2026-05-01T09:40:43Z
2026-05-29,,,PSA,WAW,2026-05-01,Piza,Włochy,Warszawa,Polska,unavailable,,,,PSA-WAW,2026-05-01T09:40:43Z
2026-05-30,,,PSA,WAW,2026-05-01,Piza,Włochy,Warszawa,Polska,unavailable,,,,PSA-WAW,2026-05-01T09:40:43Z
2026-05-31,,187.33,PSA,WAW,2026-05-01,Piza,Włochy,Warszawa,Polska,price,,,PLN,PSA-WAW,2026-05-01T09:40:43Z
2026-06-01,,,PSA,WAW,2026-05-01,Piza,Włochy,Warszawa,Polska,unavailable,,,,PSA-WAW,2026-05-01T09:40:43Z
2026-06-02,,195.84,PSA,WAW,2026-05-01,Piza,Włochy,Warszawa,Polska,price,,,PLN,PSA-WAW,2026-05-01T09:40:43Z
2026-06-03,,,PSA,WAW,2026-05-01,Piza,Włochy,Warszawa,Polska,unavailable,,,,PSA-WAW,2026-05-01T09:40:43Z
2026-06-04,,195.84,PSA,WAW,2026-05-01,Piza,Włochy,Warszawa,Polska,price,,,PLN,PSA-WAW,2026-05-01T09:40:43Z
2026-06-05,,,PSA,WAW,2026-05-01,Piza,Włochy,Warszawa,Polska,unavailable,,,,PSA-WAW,2026-05-01T09:40:43Z
2026-06-06,,,PSA,WAW,2026-05-01,Piza,Włochy,Warszawa,Polska,unavailable,,,,PSA-WAW,2026-05-01T09:40:43Z
2026-06-07,,550.6,PSA,WAW,2026-05-01,Piza,Włochy,Warszawa,Polska,price,,,PLN,PSA-WAW,2026-05-01T09:40:43Z
2026-06-08,,,PSA,WAW,2026-05-01,Piza,Włochy,Warszawa,Polska,unavailable,,,,PSA-WAW,2026-05-01T09:40:43Z
2026-06-09,,251.2,PSA,WAW,2026-05-01,Piza,Włochy,Warszawa,Polska,price,,,PLN,PSA-WAW,2026-05-01T09:40:43Z
2026-06-10,,,PSA,WAW,2026-05-01,Piza,Włochy,Warszawa,Polska,unavailable,,,,PSA-WAW,2026-05-01T09:40:43Z
2026-06-11,,111.0,PSA,WAW,2026-05-01,Piza,Włochy,Warszawa,Polska,price,,,PLN,PSA-WAW,2026-05-01T09:40:43Z
2026-06-12,,,PSA,WAW,2026-05-01,Piza,Włochy,Warszawa,Polska,unavailable,,,,PSA-WAW,2026-05-01T09:40:43Z
2026-06-13,,,PSA,WAW,2026-05-01,Piza,Włochy,Warszawa,Polska,unavailable,,,,PSA-WAW,2026-05-01T09:40:43Z
2026-06-14,,187.33,PSA,WAW,2026-05-01,Piza,Włochy,Warszawa,Polska,price,,,PLN,PSA-WAW,2026-05-01T09:40:43Z
2026-06-15,,,PSA,WAW,2026-05-01,Piza,Włochy,Warszawa,Polska,unavailable,,,,PSA-WAW,2026-05-01T09:40:43Z
2026-06-16,,217.14,PSA,WAW,2026-05-01,Piza,Włochy,Warszawa,Polska,price,,,PLN,PSA-WAW,2026-05-01T09:40:43Z
2026-06-17,,,PSA,WAW,2026-05-01,Piza,Włochy,Warszawa,Polska,unavailable,,,,PSA-WAW,2026-05-01T09:40:43Z
2026-06-18,,153.26,PSA,WAW,2026-05-01,Piza,Włochy,Warszawa,Polska,price,,,PLN,PSA-WAW,2026-05-01T09:40:43Z
2026-06-19,,,PSA,WAW,2026-05-01,Piza,Włochy,Warszawa,Polska,unavailable,,,,PSA-WAW,2026-05-01T09:40:43Z
2026-06-20,,,PSA,WAW,2026-05-01,Piza,Włochy,Warszawa,Polska,unavailable,,,,PSA-WAW,2026-05-01T09:40:43Z
2026-06-21,,183.07,PSA,WAW,2026-05-01,Piza,Włochy,Warszawa,Polska,price,,,PLN,PSA-WAW,2026-05-01T09:40:43Z
2026-06-22,,,PSA,WAW,2026-05-01,Piza,Włochy,Warszawa,Polska,unavailable,,,,PSA-WAW,2026-05-01T09:40:43Z
2026-06-23,,133.0,PSA,WAW,2026-05-01,Piza,Włochy,Warszawa,Polska,price,,,PLN,PSA-WAW,2026-05-01T09:40:43Z
2026-06-24,,,PSA,WAW,2026-05-01,Piza,Włochy,Warszawa,Polska,unavailable,,,,PSA-WAW,2026-05-01T09:40:43Z
2026-06-25,,92.26,PSA,WAW,2026-05-01,Piza,Włochy,Warszawa,Polska,price,,,PLN,PSA-WAW,2026-05-01T09:40:43Z
2026-06-26,,,PSA,WAW,2026-05-01,Piza,Włochy,Warszawa,Polska,unavailable,,,,PSA-WAW,2026-05-01T09:40:43Z
2026-06-27,,,PSA,WAW,2026-05-01,Piza,Włochy,Warszawa,Polska,unavailable,,,,PSA-WAW,2026-05-01T09:40:43Z
2026-06-28,,109.15,PSA,WAW,2026-05-01,Piza,Włochy,Warszawa,Polska,price,,,PLN,PSA-WAW,2026-05-01T09:40:43Z
2026-06-29,,,PSA,WAW,2026-05-01,Piza,Włochy,Warszawa,Polska,unavailable,,,,PSA-WAW,2026-05-01T09:40:43Z
2026-06-30,,242.69,PSA,WAW,2026-05-01,Piza,Włochy,Warszawa,Polska,price,,,PLN,PSA-WAW,2026-05-01T09:40:43Z
2026-07-01,,,PSA,WAW,2026-05-01,Piza,Włochy,Warszawa,Polska,unavailable,,,,PSA-WAW,2026-05-01T09:40:43Z
2026-07-02,,317.19,PSA,WAW,2026-05-01,Piza,Włochy,Warszawa,Polska,price,,,PLN,PSA-WAW,2026-05-01T09:40:43Z
2026-07-03,,,PSA,WAW,2026-05-01,Piza,Włochy,Warszawa,Polska,unavailable,,,,PSA-WAW,2026-05-01T09:40:43Z
2026-07-04,,,PSA,WAW,2026-05-01,Piza,Włochy,Warszawa,Polska,unavailable,,,,PSA-WAW,2026-05-01T09:40:43Z
2026-07-05,,242.69,PSA,WAW,2026-05-01,Piza,Włochy,Warszawa,Polska,price,,,PLN,PSA-WAW,2026-05-01T09:40:43Z
2026-07-06,,,PSA,WAW,2026-05-01,Piza,Włochy,Warszawa,Polska,unavailable,,,,PSA-WAW,2026-05-01T09:40:43Z
2026-07-07,,293.79,PSA,WAW,2026-05-01,Piza,Włochy,Warszawa,Polska,price,,,PLN,PSA-WAW,2026-05-01T09:40:43Z
2026-07-08,,,PSA,WAW,2026-05-01,Piza,Włochy,Warszawa,Polska,unavailable,,,,PSA-WAW,2026-05-01T09:40:43Z
2026-07-09,,440.2,PSA,WAW,2026-05-01,Piza,Włochy,Warszawa,Polska,price,,,PLN,PSA-WAW,2026-05-01T09:40:43Z
2026-07-10,,,PSA,WAW,2026-05-01,Piza,Włochy,Warszawa,Polska,unavailable,,,,PSA-WAW,2026-05-01T09:40:43Z
2026-07-11,,,PSA,WAW,2026-05-01,Piza,Włochy,Warszawa,Polska,unavailable,,,,PSA-WAW,2026-05-01T09:40:43Z
2026-07-12,,405.25,PSA,WAW,2026-05-01,Piza,Włochy,Warszawa,Polska,price,,,PLN,PSA-WAW,2026-05-01T09:40:43Z
2026-07-13,,,PSA,WAW,2026-05-01,Piza,Włochy,Warszawa,Polska,unavailable,,,,PSA-WAW,2026-05-01T09:40:43Z
2026-07-14,,421.54,PSA,WAW,2026-05-01,Piza,Włochy,Warszawa,Polska,price,,,PLN,PSA-WAW,2026-05-01T09:40:43Z
2026-07-15,,,PSA,WAW,2026-05-01,Piza,Włochy,Warszawa,Polska,unavailable,,,,PSA-WAW,2026-05-01T09:40:43Z
2026-07-16,,349.15,PSA,WAW,2026-05-01,Piza,Włochy,Warszawa,Polska,price,,,PLN,PSA-WAW,2026-05-01T09:40:43Z
2026-07-17,,,PSA,WAW,2026-05-01,Piza,Włochy,Warszawa,Polska,unavailable,,,,PSA-WAW,2026-05-01T09:40:43Z
2026-07-18,,,PSA,WAW,2026-05-01,Piza,Włochy,Warszawa,Polska,unavailable,,,,PSA-WAW,2026-05-01T09:40:43Z
2026-07-19,,312.43,PSA,WAW,2026-05-01,Piza,Włochy,Warszawa,Polska,price,,,PLN,PSA-WAW,2026-05-01T09:40:43Z
2026-07-20,,,PSA,WAW,2026-05-01,Piza,Włochy,Warszawa,Polska,unavailable,,,,PSA-WAW,2026-05-01T09:40:43Z
2026-07-21,,332.11,PSA,WAW,2026-05-01,Piza,Włochy,Warszawa,Polska,price,,,PLN,PSA-WAW,2026-05-01T09:40:43Z
2026-07-22,,,PSA,WAW,2026-05-01,Piza,Włochy,Warszawa,Polska,unavailable,,,,PSA-WAW,2026-05-01T09:40:43Z
2026-07-23,,227.94,PSA,WAW,2026-05-01,Piza,Włochy,Warszawa,Polska,price,,,PLN,PSA-WAW,2026-05-01T09:40:43Z
2026-07-24,,,PSA,WAW,2026-05-01,Piza,Włochy,Warszawa,Polska,unavailable,,,,PSA-WAW,2026-05-01T09:40:43Z
2026-07-25,,,PSA,WAW,2026-05-01,Piza,Włochy,Warszawa,Polska,unavailable,,,,PSA-WAW,2026-05-01T09:40:43Z
2026-07-26,,340.63,PSA,WAW,2026-05-01,Piza,Włochy,Warszawa,Polska,price,,,PLN,PSA-WAW,2026-05-01T09:40:43Z
2026-07-27,,,PSA,WAW,2026-05-01,Piza,Włochy,Warszawa,Polska,unavailable,,,,PSA-WAW,2026-05-01T09:40:43Z
2026-07-28,,412.27,PSA,WAW,2026-05-01,Piza,Włochy,Warszawa,Polska,price,,,PLN,PSA-WAW,2026-05-01T09:40:43Z
2026-07-29,,,PSA,WAW,2026-05-01,Piza,Włochy,Warszawa,Polska,unavailable,,,,PSA-WAW,2026-05-01T09:40:43Z
2026-07-30,,554.3,PSA,WAW,2026-05-01,Piza,Włochy,Warszawa,Polska,price,,,PLN,PSA-WAW,2026-05-01T09:40:43Z
2026-07-31,,,PSA,WAW,2026-05-01,Piza,Włochy,Warszawa,Polska,unavailable,,,,PSA-WAW,2026-05-01T09:40:43Z
2026-08-01,,,PSA,WAW,2026-05-01,Piza,Włochy,Warszawa,Polska,unavailable,,,,PSA-WAW,2026-05-01T09:40:43Z
2026-08-02,,319.34,PSA,WAW,2026-05-01,Piza,Włochy,Warszawa,Polska,price,,,PLN,PSA-WAW,2026-05-01T09:40:43Z
2026-08-03,,,PSA,WAW,2026-05-01,Piza,Włochy,Warszawa,Polska,unavailable,,,,PSA-WAW,2026-05-01T09:40:43Z
2026-08-04,,457.37,PSA,WAW,2026-05-01,Piza,Włochy,Warszawa,Polska,price,,,PLN,PSA-WAW,2026-05-01T09:40:43Z
2026-08-05,,,PSA,WAW,2026-05-01,Piza,Włochy,Warszawa,Polska,unavailable,,,,PSA-WAW,2026-05-01T09:40:43Z
2026-08-06,,620.34,PSA,WAW,2026-05-01,Piza,Włochy,Warszawa,Polska,price,,,PLN,PSA-WAW,2026-05-01T09:40:43Z
2026-08-07,,,PSA,WAW,2026-05-01,Piza,Włochy,Warszawa,Polska,unavailable,,,,PSA-WAW,2026-05-01T09:40:43Z
2026-08-08,,,PSA,WAW,2026-05-01,Piza,Włochy,Warszawa,Polska,unavailable,,,,PSA-WAW,2026-05-01T09:40:43Z
2026-08-09,,344.89,PSA,WAW,2026-05-01,Piza,Włochy,Warszawa,Polska,price,,,PLN,PSA-WAW,2026-05-01T09:40:43Z
2026-08-10,,,PSA,WAW,2026-05-01,Piza,Włochy,Warszawa,Polska,unavailable,,,,PSA-WAW,2026-05-01T09:40:43Z
2026-08-11,,319.34,PSA,WAW,2026-05-01,Piza,Włochy,Warszawa,Polska,price,,,PLN,PSA-WAW,2026-05-01T09:40:43Z
2026-08-12,,,PSA,WAW,2026-05-01,Piza,Włochy,Warszawa,Polska,unavailable,,,,PSA-WAW,2026-05-01T09:40:43Z
2026-08-13,,285.27,PSA,WAW,2026-05-01,Piza,Włochy,Warszawa,Polska,price,,,PLN,PSA-WAW,2026-05-01T09:40:43Z
2026-08-14,,,PSA,WAW,2026-05-01,Piza,Włochy,Warszawa,Polska,unavailable,,,,PSA-WAW,2026-05-01T09:40:43Z
2026-08-15,,,PSA,WAW,2026-05-01,Piza,Włochy,Warszawa,Polska,unavailable,,,,PSA-WAW,2026-05-01T09:40:43Z
2026-08-16,,351.82,PSA,WAW,2026-05-01,Piza,Włochy,Warszawa,Polska,price,,,PLN,PSA-WAW,2026-05-01T09:40:43Z
2026-08-17,,,PSA,WAW,2026-05-01,Piza,Włochy,Warszawa,Polska,unavailable,,,,PSA-WAW,2026-05-01T09:40:43Z
2026-08-18,,465.97,PSA,WAW,2026-05-01,Piza,Włochy,Warszawa,Polska,price,,,PLN,PSA-WAW,2026-05-01T09:40:43Z
2026-08-19,,,PSA,WAW,2026-05-01,Piza,Włochy,Warszawa,Polska,unavailable,,,,PSA-WAW,2026-05-01T09:40:43Z
2026-08-20,,560.88,PSA,WAW,2026-05-01,Piza,Włochy,Warszawa,Polska,price,,,PLN,PSA-WAW,2026-05-01T09:40:43Z
2026-08-21,,,PSA,WAW,2026-05-01,Piza,Włochy,Warszawa,Polska,unavailable,,,,PSA-WAW,2026-05-01T09:40:43Z
2026-08-22,,,PSA,WAW,2026-05-01,Piza,Włochy,Warszawa,Polska,unavailable,,,,PSA-WAW,2026-05-01T09:40:43Z
2026-08-23,,324.23,PSA,WAW,2026-05-01,Piza,Włochy,Warszawa,Polska,price,,,PLN,PSA-WAW,2026-05-01T09:40:43Z
2026-08-24,,,PSA,WAW,2026-05-01,Piza,Włochy,Warszawa,Polska,unavailable,,,,PSA-WAW,2026-05-01T09:40:43Z
2026-08-25,,238.43,PSA,WAW,2026-05-01,Piza,Włochy,Warszawa,Polska,price,,,PLN,PSA-WAW,2026-05-01T09:40:43Z
2026-08-26,,,PSA,WAW,2026-05-01,Piza,Włochy,Warszawa,Polska,unavailable,,,,PSA-WAW,2026-05-01T09:40:43Z
2026-08-27,,200.1,PSA,WAW,2026-05-01,Piza,Włochy,Warszawa,Polska,price,,,PLN,PSA-WAW,2026-05-01T09:40:43Z
2026-08-28,,,PSA,WAW,2026-05-01,Piza,Włochy,Warszawa,Polska,unavailable,,,,PSA-WAW,2026-05-01T09:40:43Z
2026-08-29,,,PSA,WAW,2026-05-01,Piza,Włochy,Warszawa,Polska,unavailable,,,,PSA-WAW,2026-05-01T09:40:43Z
2026-08-30,,351.82,PSA,WAW,2026-05-01,Piza,Włochy,Warszawa,Polska,price,,,PLN,PSA-WAW,2026-05-01T09:40:43Z
2026-08-31,,,PSA,WAW,2026-05-01,Piza,Włochy,Warszawa,Polska,unavailable,,,,PSA-WAW,2026-05-01T09:40:43Z
2026-05-01,,,WAW,SVQ,2026-05-01,Warszawa,Polska,Sewilla,Hiszpania,unavailable,,,,WAW-SVQ,2026-05-01T09:40:43Z
2026-05-02,,,WAW,SVQ,2026-05-01,Warszawa,Polska,Sewilla,Hiszpania,unavailable,,,,WAW-SVQ,2026-05-01T09:40:43Z
2026-05-03,,,WAW,SVQ,2026-05-01,Warszawa,Polska,Sewilla,Hiszpania,unavailable,,,,WAW-SVQ,2026-05-01T09:40:43Z
2026-05-04,,,WAW,SVQ,2026-05-01,Warszawa,Polska,Sewilla,Hiszpania,unavailable,,,,WAW-SVQ,2026-05-01T09:40:43Z
2026-05-05,,,WAW,SVQ,2026-05-01,Warszawa,Polska,Sewilla,Hiszpania,unavailable,,,,WAW-SVQ,2026-05-01T09:40:43Z
2026-05-06,,715.37,WAW,SVQ,2026-05-01,Warszawa,Polska,Sewilla,Hiszpania,price,,,PLN,WAW-SVQ,2026-05-01T09:40:43Z
2026-05-07,,,WAW,SVQ,2026-05-01,Warszawa,Polska,Sewilla,Hiszpania,unavailable,,,,WAW-SVQ,2026-05-01T09:40:43Z
2026-05-08,,,WAW,SVQ,2026-05-01,Warszawa,Polska,Sewilla,Hiszpania,unavailable,,,,WAW-SVQ,2026-05-01T09:40:43Z
2026-05-09,,172.51,WAW,SVQ,2026-05-01,Warszawa,Polska,Sewilla,Hiszpania,price,,,PLN,WAW-SVQ,2026-05-01T09:40:43Z
2026-05-10,,,WAW,SVQ,2026-05-01,Warszawa,Polska,Sewilla,Hiszpania,unavailable,,,,WAW-SVQ,2026-05-01T09:40:43Z
2026-05-11,,,WAW,SVQ,2026-05-01,Warszawa,Polska,Sewilla,Hiszpania,unavailable,,,,WAW-SVQ,2026-05-01T09:40:43Z
2026-05-12,,,WAW,SVQ,2026-05-01,Warszawa,Polska,Sewilla,Hiszpania,unavailable,,,,WAW-SVQ,2026-05-01T09:40:43Z
2026-05-13,,117.93,WAW,SVQ,2026-05-01,Warszawa,Polska,Sewilla,Hiszpania,price,,,PLN,WAW-SVQ,2026-05-01T09:40:43Z
2026-05-14,,,WAW,SVQ,2026-05-01,Warszawa,Polska,Sewilla,Hiszpania,unavailable,,,,WAW-SVQ,2026-05-01T09:40:43Z
2026-05-15,,,WAW,SVQ,2026-05-01,Warszawa,Polska,Sewilla,Hiszpania,unavailable,,,,WAW-SVQ,2026-05-01T09:40:43Z
2026-05-16,,149.0,WAW,SVQ,2026-05-01,Warszawa,Polska,Sewilla,Hiszpania,price,,,PLN,WAW-SVQ,2026-05-01T09:40:43Z
2026-05-17,,,WAW,SVQ,2026-05-01,Warszawa,Polska,Sewilla,Hiszpania,unavailable,,,,WAW-SVQ,2026-05-01T09:40:43Z
2026-05-18,,,WAW,SVQ,2026-05-01,Warszawa,Polska,Sewilla,Hiszpania,unavailable,,,,WAW-SVQ,2026-05-01T09:40:43Z
2026-05-19,,,WAW,SVQ,2026-05-01,Warszawa,Polska,Sewilla,Hiszpania,unavailable,,,,WAW-SVQ,2026-05-01T09:40:43Z
2026-05-20,,144.74,WAW,SVQ,2026-05-01,Warszawa,Polska,Sewilla,Hiszpania,price,,,PLN,WAW-SVQ,2026-05-01T09:40:43Z
2026-05-21,,,WAW,SVQ,2026-05-01,Warszawa,Polska,Sewilla,Hiszpania,unavailable,,,,WAW-SVQ,2026-05-01T09:40:43Z
2026-05-22,,,WAW,SVQ,2026-05-01,Warszawa,Polska,Sewilla,Hiszpania,unavailable,,,,WAW-SVQ,2026-05-01T09:40:43Z
2026-05-23,,406.12,WAW,SVQ,2026-05-01,Warszawa,Polska,Sewilla,Hiszpania,price,,,PLN,WAW-SVQ,2026-05-01T09:40:43Z
2026-05-24,,,WAW,SVQ,2026-05-01,Warszawa,Polska,Sewilla,Hiszpania,unavailable,,,,WAW-SVQ,2026-05-01T09:40:43Z
2026-05-25,,,WAW,SVQ,2026-05-01,Warszawa,Polska,Sewilla,Hiszpania,unavailable,,,,WAW-SVQ,2026-05-01T09:40:43Z
2026-05-26,,,WAW,SVQ,2026-05-01,Warszawa,Polska,Sewilla,Hiszpania,unavailable,,,,WAW-SVQ,2026-05-01T09:40:43Z
2026-05-27,,97.9,WAW,SVQ,2026-05-01,Warszawa,Polska,Sewilla,Hiszpania,price,,,PLN,WAW-SVQ,2026-05-01T09:40:43Z
2026-05-28,,,WAW,SVQ,2026-05-01,Warszawa,Polska,Sewilla,Hiszpania,unavailable,,,,WAW-SVQ,2026-05-01T09:40:43Z
2026-05-29,,,WAW,SVQ,2026-05-01,Warszawa,Polska,Sewilla,Hiszpania,unavailable,,,,WAW-SVQ,2026-05-01T09:40:43Z
2026-05-30,,324.9,WAW,SVQ,2026-05-01,Warszawa,Polska,Sewilla,Hiszpania,price,,,PLN,WAW-SVQ,2026-05-01T09:40:43Z
2026-05-31,,,WAW,SVQ,2026-05-01,Warszawa,Polska,Sewilla,Hiszpania,unavailable,,,,WAW-SVQ,2026-05-01T09:40:43Z
2026-06-01,,,WAW,SVQ,2026-05-01,Warszawa,Polska,Sewilla,Hiszpania,unavailable,,,,WAW-SVQ,2026-05-01T09:40:43Z
2026-06-02,,,WAW,SVQ,2026-05-01,Warszawa,Polska,Sewilla,Hiszpania,unavailable,,,,WAW-SVQ,2026-05-01T09:40:43Z
2026-06-03,,191.59,WAW,SVQ,2026-05-01,Warszawa,Polska,Sewilla,Hiszpania,price,,,PLN,WAW-SVQ,2026-05-01T09:40:43Z
2026-06-04,,,WAW,SVQ,2026-05-01,Warszawa,Polska,Sewilla,Hiszpania,unavailable,,,,WAW-SVQ,2026-05-01T09:40:43Z
2026-06-05,,,WAW,SVQ,2026-05-01,Warszawa,Polska,Sewilla,Hiszpania,unavailable,,,,WAW-SVQ,2026-05-01T09:40:43Z
2026-06-06,,157.52,WAW,SVQ,2026-05-01,Warszawa,Polska,Sewilla,Hiszpania,price,,,PLN,WAW-SVQ,2026-05-01T09:40:43Z
2026-06-07,,,WAW,SVQ,2026-05-01,Warszawa,Polska,Sewilla,Hiszpania,unavailable,,,,WAW-SVQ,2026-05-01T09:40:43Z
2026-06-08,,,WAW,SVQ,2026-05-01,Warszawa,Polska,Sewilla,Hiszpania,unavailable,,,,WAW-SVQ,2026-05-01T09:40:43Z
2026-06-09,,,WAW,SVQ,2026-05-01,Warszawa,Polska,Sewilla,Hiszpania,unavailable,,,,WAW-SVQ,2026-05-01T09:40:43Z
2026-06-10,,174.55,WAW,SVQ,2026-05-01,Warszawa,Polska,Sewilla,Hiszpania,price,,,PLN,WAW-SVQ,2026-05-01T09:40:43Z
2026-06-11,,,WAW,SVQ,2026-05-01,Warszawa,Polska,Sewilla,Hiszpania,unavailable,,,,WAW-SVQ,2026-05-01T09:40:43Z
2026-06-12,,,WAW,SVQ,2026-05-01,Warszawa,Polska,Sewilla,Hiszpania,unavailable,,,,WAW-SVQ,2026-05-01T09:40:43Z
2026-06-13,,208.62,WAW,SVQ,2026-05-01,Warszawa,Polska,Sewilla,Hiszpania,price,,,PLN,WAW-SVQ,2026-05-01T09:40:43Z
2026-06-14,,,WAW,SVQ,2026-05-01,Warszawa,Polska,Sewilla,Hiszpania,unavailable,,,,WAW-SVQ,2026-05-01T09:40:43Z
2026-06-15,,,WAW,SVQ,2026-05-01,Warszawa,Polska,Sewilla,Hiszpania,unavailable,,,,WAW-SVQ,2026-05-01T09:40:43Z
2026-06-16,,,WAW,SVQ,2026-05-01,Warszawa,Polska,Sewilla,Hiszpania,unavailable,,,,WAW-SVQ,2026-05-01T09:40:43Z
2026-06-17,,140.48,WAW,SVQ,2026-05-01,Warszawa,Polska,Sewilla,Hiszpania,price,,,PLN,WAW-SVQ,2026-05-01T09:40:43Z
2026-06-18,,,WAW,SVQ,2026-05-01,Warszawa,Polska,Sewilla,Hiszpania,unavailable,,,,WAW-SVQ,2026-05-01T09:40:43Z
2026-06-19,,,WAW,SVQ,2026-05-01,Warszawa,Polska,Sewilla,Hiszpania,unavailable,,,,WAW-SVQ,2026-05-01T09:40:43Z
2026-06-20,,229.91,WAW,SVQ,2026-05-01,Warszawa,Polska,Sewilla,Hiszpania,price,,,PLN,WAW-SVQ,2026-05-01T09:40:43Z
2026-06-21,,,WAW,SVQ,2026-05-01,Warszawa,Polska,Sewilla,Hiszpania,unavailable,,,,WAW-SVQ,2026-05-01T09:40:43Z
2026-06-22,,,WAW,SVQ,2026-05-01,Warszawa,Polska,Sewilla,Hiszpania,unavailable,,,,WAW-SVQ,2026-05-01T09:40:43Z
2026-06-23,,,WAW,SVQ,2026-05-01,Warszawa,Polska,Sewilla,Hiszpania,unavailable,,,,WAW-SVQ,2026-05-01T09:40:43Z
2026-06-24,,144.74,WAW,SVQ,2026-05-01,Warszawa,Polska,Sewilla,Hiszpania,price,,,PLN,WAW-SVQ,2026-05-01T09:40:43Z
2026-06-25,,,WAW,SVQ,2026-05-01,Warszawa,Polska,Sewilla,Hiszpania,unavailable,,,,WAW-SVQ,2026-05-01T09:40:43Z
2026-06-26,,,WAW,SVQ,2026-05-01,Warszawa,Polska,Sewilla,Hiszpania,unavailable,,,,WAW-SVQ,2026-05-01T09:40:43Z
2026-06-27,,135.26,WAW,SVQ,2026-05-01,Warszawa,Polska,Sewilla,Hiszpania,price,,,PLN,WAW-SVQ,2026-05-01T09:40:43Z
2026-06-28,,,WAW,SVQ,2026-05-01,Warszawa,Polska,Sewilla,Hiszpania,unavailable,,,,WAW-SVQ,2026-05-01T09:40:43Z
2026-06-29,,,WAW,SVQ,2026-05-01,Warszawa,Polska,Sewilla,Hiszpania,unavailable,,,,WAW-SVQ,2026-05-01T09:40:43Z
2026-06-30,,,WAW,SVQ,2026-05-01,Warszawa,Polska,Sewilla,Hiszpania,unavailable,,,,WAW-SVQ,2026-05-01T09:40:43Z
2026-07-01,,289.53,WAW,SVQ,2026-05-01,Warszawa,Polska,Sewilla,Hiszpania,price,,,PLN,WAW-SVQ,2026-05-01T09:40:43Z
2026-07-02,,,WAW,SVQ,2026-05-01,Warszawa,Polska,Sewilla,Hiszpania,unavailable,,,,WAW-SVQ,2026-05-01T09:40:43Z
2026-07-03,,,WAW,SVQ,2026-05-01,Warszawa,Polska,Sewilla,Hiszpania,unavailable,,,,WAW-SVQ,2026-05-01T09:40:43Z
2026-07-04,,399.32,WAW,SVQ,2026-05-01,Warszawa,Polska,Sewilla,Hiszpania,price,,,PLN,WAW-SVQ,2026-05-01T09:40:43Z
2026-07-05,,,WAW,SVQ,2026-05-01,Warszawa,Polska,Sewilla,Hiszpania,unavailable,,,,WAW-SVQ,2026-05-01T09:40:43Z
2026-07-06,,,WAW,SVQ,2026-05-01,Warszawa,Polska,Sewilla,Hiszpania,unavailable,,,,WAW-SVQ,2026-05-01T09:40:43Z
2026-07-07,,,WAW,SVQ,2026-05-01,Warszawa,Polska,Sewilla,Hiszpania,unavailable,,,,WAW-SVQ,2026-05-01T09:40:43Z
2026-07-08,,266.73,WAW,SVQ,2026-05-01,Warszawa,Polska,Sewilla,Hiszpania,price,,,PLN,WAW-SVQ,2026-05-01T09:40:43Z
2026-07-09,,,WAW,SVQ,2026-05-01,Warszawa,Polska,Sewilla,Hiszpania,unavailable,,,,WAW-SVQ,2026-05-01T09:40:43Z
2026-07-10,,,WAW,SVQ,2026-05-01,Warszawa,Polska,Sewilla,Hiszpania,unavailable,,,,WAW-SVQ,2026-05-01T09:40:43Z
2026-07-11,,251.2,WAW,SVQ,2026-05-01,Warszawa,Polska,Sewilla,Hiszpania,price,,,PLN,WAW-SVQ,2026-05-01T09:40:43Z
2026-07-12,,,WAW,SVQ,2026-05-01,Warszawa,Polska,Sewilla,Hiszpania,unavailable,,,,WAW-SVQ,2026-05-01T09:40:43Z
2026-07-13,,,WAW,SVQ,2026-05-01,Warszawa,Polska,Sewilla,Hiszpania,unavailable,,,,WAW-SVQ,2026-05-01T09:40:43Z
2026-07-14,,,WAW,SVQ,2026-05-01,Warszawa,Polska,Sewilla,Hiszpania,unavailable,,,,WAW-SVQ,2026-05-01T09:40:43Z
2026-07-15,,293.79,WAW,SVQ,2026-05-01,Warszawa,Polska,Sewilla,Hiszpania,price,,,PLN,WAW-SVQ,2026-05-01T09:40:43Z
2026-07-16,,,WAW,SVQ,2026-05-01,Warszawa,Polska,Sewilla,Hiszpania,unavailable,,,,WAW-SVQ,2026-05-01T09:40:43Z
2026-07-17,,,WAW,SVQ,2026-05-01,Warszawa,Polska,Sewilla,Hiszpania,unavailable,,,,WAW-SVQ,2026-05-01T09:40:43Z
2026-07-18,,272.5,WAW,SVQ,2026-05-01,Warszawa,Polska,Sewilla,Hiszpania,price,,,PLN,WAW-SVQ,2026-05-01T09:40:43Z
2026-07-19,,,WAW,SVQ,2026-05-01,Warszawa,Polska,Sewilla,Hiszpania,unavailable,,,,WAW-SVQ,2026-05-01T09:40:43Z
2026-07-20,,,WAW,SVQ,2026-05-01,Warszawa,Polska,Sewilla,Hiszpania,unavailable,,,,WAW-SVQ,2026-05-01T09:40:43Z
2026-07-21,,,WAW,SVQ,2026-05-01,Warszawa,Polska,Sewilla,Hiszpania,unavailable,,,,WAW-SVQ,2026-05-01T09:40:43Z
2026-07-22,,221.39,WAW,SVQ,2026-05-01,Warszawa,Polska,Sewilla,Hiszpania,price,,,PLN,WAW-SVQ,2026-05-01T09:40:43Z
2026-07-23,,,WAW,SVQ,2026-05-01,Warszawa,Polska,Sewilla,Hiszpania,unavailable,,,,WAW-SVQ,2026-05-01T09:40:43Z
2026-07-24,,,WAW,SVQ,2026-05-01,Warszawa,Polska,Sewilla,Hiszpania,unavailable,,,,WAW-SVQ,2026-05-01T09:40:43Z
2026-07-25,,281.01,WAW,SVQ,2026-05-01,Warszawa,Polska,Sewilla,Hiszpania,price,,,PLN,WAW-SVQ,2026-05-01T09:40:43Z
2026-07-26,,,WAW,SVQ,2026-05-01,Warszawa,Polska,Sewilla,Hiszpania,unavailable,,,,WAW-SVQ,2026-05-01T09:40:43Z
2026-07-27,,,WAW,SVQ,2026-05-01,Warszawa,Polska,Sewilla,Hiszpania,unavailable,,,,WAW-SVQ,2026-05-01T09:40:43Z
2026-07-28,,,WAW,SVQ,2026-05-01,Warszawa,Polska,Sewilla,Hiszpania,unavailable,,,,WAW-SVQ,2026-05-01T09:40:43Z
2026-07-29,,300.89,WAW,SVQ,2026-05-01,Warszawa,Polska,Sewilla,Hiszpania,price,,,PLN,WAW-SVQ,2026-05-01T09:40:43Z
2026-07-30,,,WAW,SVQ,2026-05-01,Warszawa,Polska,Sewilla,Hiszpania,unavailable,,,,WAW-SVQ,2026-05-01T09:40:43Z
2026-07-31,,,WAW,SVQ,2026-05-01,Warszawa,Polska,Sewilla,Hiszpania,unavailable,,,,WAW-SVQ,2026-05-01T09:40:43Z
2026-08-01,,300.89,WAW,SVQ,2026-05-01,Warszawa,Polska,Sewilla,Hiszpania,price,,,PLN,WAW-SVQ,2026-05-01T09:40:43Z
2026-08-02,,,WAW,SVQ,2026-05-01,Warszawa,Polska,Sewilla,Hiszpania,unavailable,,,,WAW-SVQ,2026-05-01T09:40:43Z
2026-08-03,,,WAW,SVQ,2026-05-01,Warszawa,Polska,Sewilla,Hiszpania,unavailable,,,,WAW-SVQ,2026-05-01T09:40:43Z
2026-08-04,,,WAW,SVQ,2026-05-01,Warszawa,Polska,Sewilla,Hiszpania,unavailable,,,,WAW-SVQ,2026-05-01T09:40:43Z
2026-08-05,,263.98,WAW,SVQ,2026-05-01,Warszawa,Polska,Sewilla,Hiszpania,price,,,PLN,WAW-SVQ,2026-05-01T09:40:43Z
2026-08-06,,,WAW,SVQ,2026-05-01,Warszawa,Polska,Sewilla,Hiszpania,unavailable,,,,WAW-SVQ,2026-05-01T09:40:43Z
2026-08-07,,,WAW,SVQ,2026-05-01,Warszawa,Polska,Sewilla,Hiszpania,unavailable,,,,WAW-SVQ,2026-05-01T09:40:43Z
2026-08-08,,258.64,WAW,SVQ,2026-05-01,Warszawa,Polska,Sewilla,Hiszpania,price,,,PLN,WAW-SVQ,2026-05-01T09:40:43Z
2026-08-09,,,WAW,SVQ,2026-05-01,Warszawa,Polska,Sewilla,Hiszpania,unavailable,,,,WAW-SVQ,2026-05-01T09:40:43Z
2026-08-10,,,WAW,SVQ,2026-05-01,Warszawa,Polska,Sewilla,Hiszpania,unavailable,,,,WAW-SVQ,2026-05-01T09:40:43Z
2026-08-11,,,WAW,SVQ,2026-05-01,Warszawa,Polska,Sewilla,Hiszpania,unavailable,,,,WAW-SVQ,2026-05-01T09:40:43Z
2026-08-12,,349.15,WAW,SVQ,2026-05-01,Warszawa,Polska,Sewilla,Hiszpania,price,,,PLN,WAW-SVQ,2026-05-01T09:40:43Z
2026-08-13,,,WAW,SVQ,2026-05-01,Warszawa,Polska,Sewilla,Hiszpania,unavailable,,,,WAW-SVQ,2026-05-01T09:40:43Z
2026-08-14,,,WAW,SVQ,2026-05-01,Warszawa,Polska,Sewilla,Hiszpania,unavailable,,,,WAW-SVQ,2026-05-01T09:40:43Z
2026-08-15,,518.18,WAW,SVQ,2026-05-01,Warszawa,Polska,Sewilla,Hiszpania,price,,,PLN,WAW-SVQ,2026-05-01T09:40:43Z
2026-08-16,,,WAW,SVQ,2026-05-01,Warszawa,Polska,Sewilla,Hiszpania,unavailable,,,,WAW-SVQ,2026-05-01T09:40:43Z
2026-08-17,,,WAW,SVQ,2026-05-01,Warszawa,Polska,Sewilla,Hiszpania,unavailable,,,,WAW-SVQ,2026-05-01T09:40:43Z
2026-08-18,,,WAW,SVQ,2026-05-01,Warszawa,Polska,Sewilla,Hiszpania,unavailable,,,,WAW-SVQ,2026-05-01T09:40:43Z
2026-08-19,,242.69,WAW,SVQ,2026-05-01,Warszawa,Polska,Sewilla,Hiszpania,price,,,PLN,WAW-SVQ,2026-05-01T09:40:43Z
2026-08-20,,,WAW,SVQ,2026-05-01,Warszawa,Polska,Sewilla,Hiszpania,unavailable,,,,WAW-SVQ,2026-05-01T09:40:43Z
2026-08-21,,,WAW,SVQ,2026-05-01,Warszawa,Polska,Sewilla,Hiszpania,unavailable,,,,WAW-SVQ,2026-05-01T09:40:43Z
2026-08-22,,407.62,WAW,SVQ,2026-05-01,Warszawa,Polska,Sewilla,Hiszpania,price,,,PLN,WAW-SVQ,2026-05-01T09:40:43Z
2026-08-23,,,WAW,SVQ,2026-05-01,Warszawa,Polska,Sewilla,Hiszpania,unavailable,,,,WAW-SVQ,2026-05-01T09:40:43Z
2026-08-24,,,WAW,SVQ,2026-05-01,Warszawa,Polska,Sewilla,Hiszpania,unavailable,,,,WAW-SVQ,2026-05-01T09:40:43Z
2026-08-25,,,WAW,SVQ,2026-05-01,Warszawa,Polska,Sewilla,Hiszpania,unavailable,,,,WAW-SVQ,2026-05-01T09:40:43Z
2026-08-26,,289.53,WAW,SVQ,2026-05-01,Warszawa,Polska,Sewilla,Hiszpania,price,,,PLN,WAW-SVQ,2026-05-01T09:40:43Z
2026-08-27,,,WAW,SVQ,2026-05-01,Warszawa,Polska,Sewilla,Hiszpania,unavailable,,,,WAW-SVQ,2026-05-01T09:40:43Z
2026-08-28,,,WAW,SVQ,2026-05-01,Warszawa,Polska,Sewilla,Hiszpania,unavailable,,,,WAW-SVQ,2026-05-01T09:40:43Z
2026-08-29,,293.79,WAW,SVQ,2026-05-01,Warszawa,Polska,Sewilla,Hiszpania,price,,,PLN,WAW-SVQ,2026-05-01T09:40:43Z
2026-08-30,,,WAW,SVQ,2026-05-01,Warszawa,Polska,Sewilla,Hiszpania,unavailable,,,,WAW-SVQ,2026-05-01T09:40:43Z
2026-08-31,,,WAW,SVQ,2026-05-01,Warszawa,Polska,Sewilla,Hiszpania,unavailable,,,,WAW-SVQ,2026-05-01T09:40:43Z
2026-05-01,,,SVQ,WAW,2026-05-01,Sewilla,Hiszpania,Warszawa,Polska,unavailable,,,,SVQ-WAW,2026-05-01T09:40:43Z
2026-05-02,,941.06,SVQ,WAW,2026-05-01,Sewilla,Hiszpania,Warszawa,Polska,price,,,PLN,SVQ-WAW,2026-05-01T09:40:43Z
2026-05-03,,,SVQ,WAW,2026-05-01,Sewilla,Hiszpania,Warszawa,Polska,unavailable,,,,SVQ-WAW,2026-05-01T09:40:43Z
2026-05-04,,,SVQ,WAW,2026-05-01,Sewilla,Hiszpania,Warszawa,Polska,unavailable,,,,SVQ-WAW,2026-05-01T09:40:43Z
2026-05-05,,,SVQ,WAW,2026-05-01,Sewilla,Hiszpania,Warszawa,Polska,unavailable,,,,SVQ-WAW,2026-05-01T09:40:43Z
2026-05-06,,121.93,SVQ,WAW,2026-05-01,Sewilla,Hiszpania,Warszawa,Polska,price,,,PLN,SVQ-WAW,2026-05-01T09:40:43Z
2026-05-07,,,SVQ,WAW,2026-05-01,Sewilla,Hiszpania,Warszawa,Polska,unavailable,,,,SVQ-WAW,2026-05-01T09:40:43Z
2026-05-08,,,SVQ,WAW,2026-05-01,Sewilla,Hiszpania,Warszawa,Polska,unavailable,,,,SVQ-WAW,2026-05-01T09:40:43Z
2026-05-09,,329.0,SVQ,WAW,2026-05-01,Sewilla,Hiszpania,Warszawa,Polska,price,,,PLN,SVQ-WAW,2026-05-01T09:40:43Z
2026-05-10,,,SVQ,WAW,2026-05-01,Sewilla,Hiszpania,Warszawa,Polska,unavailable,,,,SVQ-WAW,2026-05-01T09:40:43Z
2026-05-11,,,SVQ,WAW,2026-05-01,Sewilla,Hiszpania,Warszawa,Polska,unavailable,,,,SVQ-WAW,2026-05-01T09:40:43Z
2026-05-12,,,SVQ,WAW,2026-05-01,Sewilla,Hiszpania,Warszawa,Polska,unavailable,,,,SVQ-WAW,2026-05-01T09:40:43Z
2026-05-13,,268.24,SVQ,WAW,2026-05-01,Sewilla,Hiszpania,Warszawa,Polska,price,,,PLN,SVQ-WAW,2026-05-01T09:40:43Z
2026-05-14,,,SVQ,WAW,2026-05-01,Sewilla,Hiszpania,Warszawa,Polska,unavailable,,,,SVQ-WAW,2026-05-01T09:40:43Z
2026-05-15,,,SVQ,WAW,2026-05-01,Sewilla,Hiszpania,Warszawa,Polska,unavailable,,,,SVQ-WAW,2026-05-01T09:40:43Z
2026-05-16,,263.98,SVQ,WAW,2026-05-01,Sewilla,Hiszpania,Warszawa,Polska,price,,,PLN,SVQ-WAW,2026-05-01T09:40:43Z
2026-05-17,,,SVQ,WAW,2026-05-01,Sewilla,Hiszpania,Warszawa,Polska,unavailable,,,,SVQ-WAW,2026-05-01T09:40:43Z
2026-05-18,,,SVQ,WAW,2026-05-01,Sewilla,Hiszpania,Warszawa,Polska,unavailable,,,,SVQ-WAW,2026-05-01T09:40:43Z
2026-05-19,,,SVQ,WAW,2026-05-01,Sewilla,Hiszpania,Warszawa,Polska,unavailable,,,,SVQ-WAW,2026-05-01T09:40:43Z
2026-05-20,,229.91,SVQ,WAW,2026-05-01,Sewilla,Hiszpania,Warszawa,Polska,price,,,PLN,SVQ-WAW,2026-05-01T09:40:43Z
2026-05-21,,,SVQ,WAW,2026-05-01,Sewilla,Hiszpania,Warszawa,Polska,unavailable,,,,SVQ-WAW,2026-05-01T09:40:43Z
2026-05-22,,,SVQ,WAW,2026-05-01,Sewilla,Hiszpania,Warszawa,Polska,unavailable,,,,SVQ-WAW,2026-05-01T09:40:43Z
2026-05-23,,259.72,SVQ,WAW,2026-05-01,Sewilla,Hiszpania,Warszawa,Polska,price,,,PLN,SVQ-WAW,2026-05-01T09:40:43Z
2026-05-24,,,SVQ,WAW,2026-05-01,Sewilla,Hiszpania,Warszawa,Polska,unavailable,,,,SVQ-WAW,2026-05-01T09:40:43Z
2026-05-25,,,SVQ,WAW,2026-05-01,Sewilla,Hiszpania,Warszawa,Polska,unavailable,,,,SVQ-WAW,2026-05-01T09:40:43Z
2026-05-26,,,SVQ,WAW,2026-05-01,Sewilla,Hiszpania,Warszawa,Polska,unavailable,,,,SVQ-WAW,2026-05-01T09:40:43Z
2026-05-27,,178.81,SVQ,WAW,2026-05-01,Sewilla,Hiszpania,Warszawa,Polska,price,,,PLN,SVQ-WAW,2026-05-01T09:40:43Z
2026-05-28,,,SVQ,WAW,2026-05-01,Sewilla,Hiszpania,Warszawa,Polska,unavailable,,,,SVQ-WAW,2026-05-01T09:40:43Z
2026-05-29,,,SVQ,WAW,2026-05-01,Sewilla,Hiszpania,Warszawa,Polska,unavailable,,,,SVQ-WAW,2026-05-01T09:40:43Z
2026-05-30,,242.69,SVQ,WAW,2026-05-01,Sewilla,Hiszpania,Warszawa,Polska,price,,,PLN,SVQ-WAW,2026-05-01T09:40:43Z
2026-05-31,,,SVQ,WAW,2026-05-01,Sewilla,Hiszpania,Warszawa,Polska,unavailable,,,,SVQ-WAW,2026-05-01T09:40:43Z
2026-06-01,,,SVQ,WAW,2026-05-01,Sewilla,Hiszpania,Warszawa,Polska,unavailable,,,,SVQ-WAW,2026-05-01T09:40:43Z
2026-06-02,,,SVQ,WAW,2026-05-01,Sewilla,Hiszpania,Warszawa,Polska,unavailable,,,,SVQ-WAW,2026-05-01T09:40:43Z
2026-06-03,,195.84,SVQ,WAW,2026-05-01,Sewilla,Hiszpania,Warszawa,Polska,price,,,PLN,SVQ-WAW,2026-05-01T09:40:43Z
2026-06-04,,,SVQ,WAW,2026-05-01,Sewilla,Hiszpania,Warszawa,Polska,unavailable,,,,SVQ-WAW,2026-05-01T09:40:43Z
2026-06-05,,,SVQ,WAW,2026-05-01,Sewilla,Hiszpania,Warszawa,Polska,unavailable,,,,SVQ-WAW,2026-05-01T09:40:43Z
2026-06-06,,672.78,SVQ,WAW,2026-05-01,Sewilla,Hiszpania,Warszawa,Polska,price,,,PLN,SVQ-WAW,2026-05-01T09:40:43Z
2026-06-07,,,SVQ,WAW,2026-05-01,Sewilla,Hiszpania,Warszawa,Polska,unavailable,,,,SVQ-WAW,2026-05-01T09:40:43Z
2026-06-08,,,SVQ,WAW,2026-05-01,Sewilla,Hiszpania,Warszawa,Polska,unavailable,,,,SVQ-WAW,2026-05-01T09:40:43Z
2026-06-09,,,SVQ,WAW,2026-05-01,Sewilla,Hiszpania,Warszawa,Polska,unavailable,,,,SVQ-WAW,2026-05-01T09:40:43Z
2026-06-10,,156.75,SVQ,WAW,2026-05-01,Sewilla,Hiszpania,Warszawa,Polska,price,,,PLN,SVQ-WAW,2026-05-01T09:40:43Z
2026-06-11,,,SVQ,WAW,2026-05-01,Sewilla,Hiszpania,Warszawa,Polska,unavailable,,,,SVQ-WAW,2026-05-01T09:40:43Z
2026-06-12,,,SVQ,WAW,2026-05-01,Sewilla,Hiszpania,Warszawa,Polska,unavailable,,,,SVQ-WAW,2026-05-01T09:40:43Z
2026-06-13,,470.0,SVQ,WAW,2026-05-01,Sewilla,Hiszpania,Warszawa,Polska,price,,,PLN,SVQ-WAW,2026-05-01T09:40:43Z
2026-06-14,,,SVQ,WAW,2026-05-01,Sewilla,Hiszpania,Warszawa,Polska,unavailable,,,,SVQ-WAW,2026-05-01T09:40:43Z
2026-06-15,,,SVQ,WAW,2026-05-01,Sewilla,Hiszpania,Warszawa,Polska,unavailable,,,,SVQ-WAW,2026-05-01T09:40:43Z
2026-06-16,,,SVQ,WAW,2026-05-01,Sewilla,Hiszpania,Warszawa,Polska,unavailable,,,,SVQ-WAW,2026-05-01T09:40:43Z
2026-06-17,,214.0,SVQ,WAW,2026-05-01,Sewilla,Hiszpania,Warszawa,Polska,price,,,PLN,SVQ-WAW,2026-05-01T09:40:43Z
2026-06-18,,,SVQ,WAW,2026-05-01,Sewilla,Hiszpania,Warszawa,Polska,unavailable,,,,SVQ-WAW,2026-05-01T09:40:43Z
2026-06-19,,,SVQ,WAW,2026-05-01,Sewilla,Hiszpania,Warszawa,Polska,unavailable,,,,SVQ-WAW,2026-05-01T09:40:43Z
2026-06-20,,344.89,SVQ,WAW,2026-05-01,Sewilla,Hiszpania,Warszawa,Polska,price,,,PLN,SVQ-WAW,2026-05-01T09:40:43Z
2026-06-21,,,SVQ,WAW,2026-05-01,Sewilla,Hiszpania,Warszawa,Polska,unavailable,,,,SVQ-WAW,2026-05-01T09:40:43Z
2026-06-22,,,SVQ,WAW,2026-05-01,Sewilla,Hiszpania,Warszawa,Polska,unavailable,,,,SVQ-WAW,2026-05-01T09:40:43Z
2026-06-23,,,SVQ,WAW,2026-05-01,Sewilla,Hiszpania,Warszawa,Polska,unavailable,,,,SVQ-WAW,2026-05-01T09:40:43Z
2026-06-24,,242.69,SVQ,WAW,2026-05-01,Sewilla,Hiszpania,Warszawa,Polska,price,,,PLN,SVQ-WAW,2026-05-01T09:40:43Z
2026-06-25,,,SVQ,WAW,2026-05-01,Sewilla,Hiszpania,Warszawa,Polska,unavailable,,,,SVQ-WAW,2026-05-01T09:40:43Z
2026-06-26,,,SVQ,WAW,2026-05-01,Sewilla,Hiszpania,Warszawa,Polska,unavailable,,,,SVQ-WAW,2026-05-01T09:40:43Z
2026-06-27,,376.0,SVQ,WAW,2026-05-01,Sewilla,Hiszpania,Warszawa,Polska,price,,,PLN,SVQ-WAW,2026-05-01T09:40:43Z
2026-06-28,,,SVQ,WAW,2026-05-01,Sewilla,Hiszpania,Warszawa,Polska,unavailable,,,,SVQ-WAW,2026-05-01T09:40:43Z
2026-06-29,,,SVQ,WAW,2026-05-01,Sewilla,Hiszpania,Warszawa,Polska,unavailable,,,,SVQ-WAW,2026-05-01T09:40:43Z
2026-06-30,,,SVQ,WAW,2026-05-01,Sewilla,Hiszpania,Warszawa,Polska,unavailable,,,,SVQ-WAW,2026-05-01T09:40:43Z
2026-07-01,,399.32,SVQ,WAW,2026-05-01,Sewilla,Hiszpania,Warszawa,Polska,price,,,PLN,SVQ-WAW,2026-05-01T09:40:43Z
2026-07-02,,,SVQ,WAW,2026-05-01,Sewilla,Hiszpania,Warszawa,Polska,unavailable,,,,SVQ-WAW,2026-05-01T09:40:43Z
2026-07-03,,,SVQ,WAW,2026-05-01,Sewilla,Hiszpania,Warszawa,Polska,unavailable,,,,SVQ-WAW,2026-05-01T09:40:43Z
2026-07-04,,400.25,SVQ,WAW,2026-05-01,Sewilla,Hiszpania,Warszawa,Polska,price,,,PLN,SVQ-WAW,2026-05-01T09:40:43Z
2026-07-05,,,SVQ,WAW,2026-05-01,Sewilla,Hiszpania,Warszawa,Polska,unavailable,,,,SVQ-WAW,2026-05-01T09:40:43Z
2026-07-06,,,SVQ,WAW,2026-05-01,Sewilla,Hiszpania,Warszawa,Polska,unavailable,,,,SVQ-WAW,2026-05-01T09:40:43Z
2026-07-07,,,SVQ,WAW,2026-05-01,Sewilla,Hiszpania,Warszawa,Polska,unavailable,,,,SVQ-WAW,2026-05-01T09:40:43Z
2026-07-08,,795.39,SVQ,WAW,2026-05-01,Sewilla,Hiszpania,Warszawa,Polska,price,,,PLN,SVQ-WAW,2026-05-01T09:40:43Z
2026-07-09,,,SVQ,WAW,2026-05-01,Sewilla,Hiszpania,Warszawa,Polska,unavailable,,,,SVQ-WAW,2026-05-01T09:40:43Z
2026-07-10,,,SVQ,WAW,2026-05-01,Sewilla,Hiszpania,Warszawa,Polska,unavailable,,,,SVQ-WAW,2026-05-01T09:40:43Z
2026-07-11,,753.69,SVQ,WAW,2026-05-01,Sewilla,Hiszpania,Warszawa,Polska,price,,,PLN,SVQ-WAW,2026-05-01T09:40:43Z
2026-07-12,,,SVQ,WAW,2026-05-01,Sewilla,Hiszpania,Warszawa,Polska,unavailable,,,,SVQ-WAW,2026-05-01T09:40:43Z
2026-07-13,,,SVQ,WAW,2026-05-01,Sewilla,Hiszpania,Warszawa,Polska,unavailable,,,,SVQ-WAW,2026-05-01T09:40:43Z
2026-07-14,,,SVQ,WAW,2026-05-01,Sewilla,Hiszpania,Warszawa,Polska,unavailable,,,,SVQ-WAW,2026-05-01T09:40:43Z
2026-07-15,,672.71,SVQ,WAW,2026-05-01,Sewilla,Hiszpania,Warszawa,Polska,price,,,PLN,SVQ-WAW,2026-05-01T09:40:43Z
2026-07-16,,,SVQ,WAW,2026-05-01,Sewilla,Hiszpania,Warszawa,Polska,unavailable,,,,SVQ-WAW,2026-05-01T09:40:43Z
2026-07-17,,,SVQ,WAW,2026-05-01,Sewilla,Hiszpania,Warszawa,Polska,unavailable,,,,SVQ-WAW,2026-05-01T09:40:43Z
2026-07-18,,617.82,SVQ,WAW,2026-05-01,Sewilla,Hiszpania,Warszawa,Polska,price,,,PLN,SVQ-WAW,2026-05-01T09:40:43Z
2026-07-19,,,SVQ,WAW,2026-05-01,Sewilla,Hiszpania,Warszawa,Polska,unavailable,,,,SVQ-WAW,2026-05-01T09:40:43Z
2026-07-20,,,SVQ,WAW,2026-05-01,Sewilla,Hiszpania,Warszawa,Polska,unavailable,,,,SVQ-WAW,2026-05-01T09:40:43Z
2026-07-21,,,SVQ,WAW,2026-05-01,Sewilla,Hiszpania,Warszawa,Polska,unavailable,,,,SVQ-WAW,2026-05-01T09:40:43Z
2026-07-22,,361.92,SVQ,WAW,2026-05-01,Sewilla,Hiszpania,Warszawa,Polska,price,,,PLN,SVQ-WAW,2026-05-01T09:40:43Z
2026-07-23,,,SVQ,WAW,2026-05-01,Sewilla,Hiszpania,Warszawa,Polska,unavailable,,,,SVQ-WAW,2026-05-01T09:40:43Z
2026-07-24,,,SVQ,WAW,2026-05-01,Sewilla,Hiszpania,Warszawa,Polska,unavailable,,,,SVQ-WAW,2026-05-01T09:40:43Z
2026-07-25,,307.18,SVQ,WAW,2026-05-01,Sewilla,Hiszpania,Warszawa,Polska,price,,,PLN,SVQ-WAW,2026-05-01T09:40:43Z
2026-07-26,,,SVQ,WAW,2026-05-01,Sewilla,Hiszpania,Warszawa,Polska,unavailable,,,,SVQ-WAW,2026-05-01T09:40:43Z
2026-07-27,,,SVQ,WAW,2026-05-01,Sewilla,Hiszpania,Warszawa,Polska,unavailable,,,,SVQ-WAW,2026-05-01T09:40:43Z
2026-07-28,,,SVQ,WAW,2026-05-01,Sewilla,Hiszpania,Warszawa,Polska,unavailable,,,,SVQ-WAW,2026-05-01T09:40:43Z
2026-07-29,,198.03,SVQ,WAW,2026-05-01,Sewilla,Hiszpania,Warszawa,Polska,price,,,PLN,SVQ-WAW,2026-05-01T09:40:43Z
2026-07-30,,,SVQ,WAW,2026-05-01,Sewilla,Hiszpania,Warszawa,Polska,unavailable,,,,SVQ-WAW,2026-05-01T09:40:43Z
2026-07-31,,,SVQ,WAW,2026-05-01,Sewilla,Hiszpania,Warszawa,Polska,unavailable,,,,SVQ-WAW,2026-05-01T09:40:43Z
2026-08-01,,630.2,SVQ,WAW,2026-05-01,Sewilla,Hiszpania,Warszawa,Polska,price,,,PLN,SVQ-WAW,2026-05-01T09:40:43Z
2026-08-02,,,SVQ,WAW,2026-05-01,Sewilla,Hiszpania,Warszawa,Polska,unavailable,,,,SVQ-WAW,2026-05-01T09:40:43Z
2026-08-03,,,SVQ,WAW,2026-05-01,Sewilla,Hiszpania,Warszawa,Polska,unavailable,,,,SVQ-WAW,2026-05-01T09:40:43Z
2026-08-04,,,SVQ,WAW,2026-05-01,Sewilla,Hiszpania,Warszawa,Polska,unavailable,,,,SVQ-WAW,2026-05-01T09:40:43Z
2026-08-05,,430.06,SVQ,WAW,2026-05-01,Sewilla,Hiszpania,Warszawa,Polska,price,,,PLN,SVQ-WAW,2026-05-01T09:40:43Z
2026-08-06,,,SVQ,WAW,2026-05-01,Sewilla,Hiszpania,Warszawa,Polska,unavailable,,,,SVQ-WAW,2026-05-01T09:40:43Z
2026-08-07,,,SVQ,WAW,2026-05-01,Sewilla,Hiszpania,Warszawa,Polska,unavailable,,,,SVQ-WAW,2026-05-01T09:40:43Z
2026-08-08,,626.72,SVQ,WAW,2026-05-01,Sewilla,Hiszpania,Warszawa,Polska,price,,,PLN,SVQ-WAW,2026-05-01T09:40:43Z
2026-08-09,,,SVQ,WAW,2026-05-01,Sewilla,Hiszpania,Warszawa,Polska,unavailable,,,,SVQ-WAW,2026-05-01T09:40:43Z
2026-08-10,,,SVQ,WAW,2026-05-01,Sewilla,Hiszpania,Warszawa,Polska,unavailable,,,,SVQ-WAW,2026-05-01T09:40:43Z
2026-08-11,,,SVQ,WAW,2026-05-01,Sewilla,Hiszpania,Warszawa,Polska,unavailable,,,,SVQ-WAW,2026-05-01T09:40:43Z
2026-08-12,,480.8,SVQ,WAW,2026-05-01,Sewilla,Hiszpania,Warszawa,Polska,price,,,PLN,SVQ-WAW,2026-05-01T09:40:43Z
2026-08-13,,,SVQ,WAW,2026-05-01,Sewilla,Hiszpania,Warszawa,Polska,unavailable,,,,SVQ-WAW,2026-05-01T09:40:43Z
2026-08-14,,,SVQ,WAW,2026-05-01,Sewilla,Hiszpania,Warszawa,Polska,unavailable,,,,SVQ-WAW,2026-05-01T09:40:43Z
2026-08-15,,856.29,SVQ,WAW,2026-05-01,Sewilla,Hiszpania,Warszawa,Polska,price,,,PLN,SVQ-WAW,2026-05-01T09:40:43Z
2026-08-16,,,SVQ,WAW,2026-05-01,Sewilla,Hiszpania,Warszawa,Polska,unavailable,,,,SVQ-WAW,2026-05-01T09:40:43Z
2026-08-17,,,SVQ,WAW,2026-05-01,Sewilla,Hiszpania,Warszawa,Polska,unavailable,,,,SVQ-WAW,2026-05-01T09:40:43Z
2026-08-18,,,SVQ,WAW,2026-05-01,Sewilla,Hiszpania,Warszawa,Polska,unavailable,,,,SVQ-WAW,2026-05-01T09:40:43Z
2026-08-19,,431.67,SVQ,WAW,2026-05-01,Sewilla,Hiszpania,Warszawa,Polska,price,,,PLN,SVQ-WAW,2026-05-01T09:40:43Z
2026-08-20,,,SVQ,WAW,2026-05-01,Sewilla,Hiszpania,Warszawa,Polska,unavailable,,,,SVQ-WAW,2026-05-01T09:40:43Z
2026-08-21,,,SVQ,WAW,2026-05-01,Sewilla,Hiszpania,Warszawa,Polska,unavailable,,,,SVQ-WAW,2026-05-01T09:40:43Z
2026-08-22,,430.06,SVQ,WAW,2026-05-01,Sewilla,Hiszpania,Warszawa,Polska,price,,,PLN,SVQ-WAW,2026-05-01T09:40:43Z
2026-08-23,,,SVQ,WAW,2026-05-01,Sewilla,Hiszpania,Warszawa,Polska,unavailable,,,,SVQ-WAW,2026-05-01T09:40:43Z
2026-08-24,,,SVQ,WAW,2026-05-01,Sewilla,Hiszpania,Warszawa,Polska,unavailable,,,,SVQ-WAW,2026-05-01T09:40:43Z
2026-08-25,,,SVQ,WAW,2026-05-01,Sewilla,Hiszpania,Warszawa,Polska,unavailable,,,,SVQ-WAW,2026-05-01T09:40:43Z
2026-08-26,,357.66,SVQ,WAW,2026-05-01,Sewilla,Hiszpania,Warszawa,Polska,price,,,PLN,SVQ-WAW,2026-05-01T09:40:43Z
2026-08-27,,,SVQ,WAW,2026-05-01,Sewilla,Hiszpania,Warszawa,Polska,unavailable,,,,SVQ-WAW,2026-05-01T09:40:43Z
2026-08-28,,,SVQ,WAW,2026-05-01,Sewilla,Hiszpania,Warszawa,Polska,unavailable,,,,SVQ-WAW,2026-05-01T09:40:43Z
2026-08-29,,351.48,SVQ,WAW,2026-05-01,Sewilla,Hiszpania,Warszawa,Polska,price,,,PLN,SVQ-WAW,2026-05-01T09:40:43Z
2026-08-30,,,SVQ,WAW,2026-05-01,Sewilla,Hiszpania,Warszawa,Polska,unavailable,,,,SVQ-WAW,2026-05-01T09:40:43Z
2026-08-31,,,SVQ,WAW,2026-05-01,Sewilla,Hiszpania,Warszawa,Polska,unavailable,,,,SVQ-WAW,2026-05-01T09:40:43Z
